program,addr,name,size,seed_basis,common,annotated,type,basis,evidence,also_in,out_file
bank0,0EA2,FUN_CODE_0ea2,42,auto,yes,no,,,,,bank0/0EA2.c
bank0,163C,FUN_CODE_163c,6,auto,yes,no,,,,,bank0/163C.c
bank0,1648,FUN_CODE_1648,6,auto,yes,no,,,,,bank0/1648.c
bank0,164E,FUN_CODE_164e,6,auto,yes,no,,,,,bank0/164E.c
bank0,1654,FUN_CODE_1654,6,auto,yes,no,,,,,bank0/1654.c
bank0,1660,FUN_CODE_1660,6,auto,yes,no,,,,,bank0/1660.c
bank0,1666,FUN_CODE_1666,6,auto,yes,no,,,,,bank0/1666.c
bank0,166C,FUN_CODE_166c,6,auto,yes,no,,,,,bank0/166C.c
bank0,1672,FUN_CODE_1672,6,auto,yes,no,,,,,bank0/1672.c
bank0,1803,FUN_CODE_1803,7,call-target,yes,no,,,,,bank0/1803.c
bank0,18AC,FUN_CODE_18ac,6,auto,yes,no,,,,,bank0/18AC.c
bank0,18B2,FUN_CODE_18b2,6,auto,yes,no,,,,,bank0/18B2.c
bank0,18B8,FUN_CODE_18b8,6,auto,yes,no,,,,,bank0/18B8.c
bank0,18BE,FUN_CODE_18be,6,auto,yes,no,,,,,bank0/18BE.c
bank0,18C4,FUN_CODE_18c4,6,auto,yes,no,,,,,bank0/18C4.c
bank0,1906,FUN_CODE_1906,6,auto,yes,no,,,,,bank0/1906.c
bank0,1936,FUN_CODE_1936,6,auto,yes,no,,,,,bank0/1936.c
bank0,1948,FUN_CODE_1948,6,auto,yes,no,,,,,bank0/1948.c
bank0,194E,FUN_CODE_194e,6,auto,yes,no,,,,,bank0/194E.c
bank0,1954,FUN_CODE_1954,6,auto,yes,no,,,,,bank0/1954.c
bank0,1978,FUN_CODE_1978,6,auto,yes,no,,,,,bank0/1978.c
bank0,197E,FUN_CODE_197e,6,auto,yes,no,,,,,bank0/197E.c
bank0,2A6C,FUN_CODE_2a6c,15,call-target,yes,no,,,,,bank0/2A6C.c
bank0,2BD5,FUN_CODE_2bd5,222,call-target,yes,no,,,,,bank0/2BD5.c
bank0,397D,FUN_CODE_397d,6,auto,yes,no,,,,,bank0/397D.c
bank0,3A60,FUN_CODE_3a60,108,call-target,yes,no,,,,,bank0/3A60.c
bank0,3AD6,FUN_CODE_3ad6,26,auto,yes,no,,,,,bank0/3AD6.c
bank0,445E,FUN_CODE_445e,188,auto,yes,no,,,,,bank0/445E.c
bank0,4777,FUN_CODE_4777,26,auto,yes,no,,,,,bank0/4777.c
bank0,4B1F,FUN_CODE_4b1f,3,call-target,yes,no,,,,,bank0/4B1F.c
bank0,530E,FUN_CODE_530e,32,auto,yes,no,,,,,bank0/530E.c
bank0,5349,FUN_CODE_5349,27,auto,yes,no,,,,,bank0/5349.c
bank0,537F,FUN_CODE_537f,48,auto,yes,no,,,,,bank0/537F.c
bank0,53AF,FUN_CODE_53af,110,auto,yes,no,,,,,bank0/53AF.c
bank0,541D,FUN_CODE_541d,51,auto,yes,no,,,,,bank0/541D.c
bank0,549B,FUN_CODE_549b,39,auto,yes,no,,,,,bank0/549B.c
bank0,54C2,FUN_CODE_54c2,27,auto,yes,no,,,,,bank0/54C2.c
bank0,703D,FUN_CODE_703d,12,auto,yes,no,,,,,bank0/703D.c
bank0,7049,FUN_CODE_7049,18,auto,yes,no,,,,,bank0/7049.c
bank0,705B,FUN_CODE_705b,34,auto,yes,no,,,,,bank0/705B.c
bank0,708F,FUN_CODE_708f,85,auto,yes,no,,,,,bank0/708F.c
bank0,724B,FUN_CODE_724b,54,auto,yes,no,,,,,bank0/724B.c
bank0,8000,FUN_CODE_8000,22,call-target,no,no,,,,,bank0/8000.c
bank0,8016,FUN_CODE_8016,7,call-target,no,no,,,,,bank0/8016.c
bank0,801D,FUN_CODE_801d,2,call-target,no,no,,,,,bank0/801D.c
bank0,801F,FUN_CODE_801f,1,call-target,no,no,,,,,bank0/801F.c
bank0,8020,FUN_CODE_8020,6,call-target,no,no,,,,,bank0/8020.c
bank0,8026,FUN_CODE_8026,11,call-target,no,no,,,,,bank0/8026.c
bank0,8038,FUN_CODE_8038,2,call-target,no,no,,,,,bank0/8038.c
bank0,8044,FUN_CODE_8044,2,call-target,no,no,,,,,bank0/8044.c
bank0,8048,FUN_CODE_8048,12,call-target,no,no,,,,,bank0/8048.c
bank0,8054,index_case_00,21,annotation,no,yes,writer,hand-decoded,ec/annotations/bank-call-audit.md,,bank0/8054.c
bank0,805B,index_table_default,3,call-target,no,yes,,,,,bank0/805B.c
bank0,806C,FUN_CODE_806c,40,call-target,no,no,,,,,bank0/806C.c
bank0,8094,index_case_01,67,annotation,no,yes,writer,hand-decoded,ec/annotations/bank-call-audit.md,,bank0/8094.c
bank0,80D7,index_case_02,67,call-target,no,yes,writer,hand-decoded,ec/annotations/bank-call-audit.md,,bank0/80D7.c
bank0,811A,index_case_03,67,annotation,no,yes,writer,hand-decoded,ec/annotations/bank-call-audit.md,,bank0/811A.c
bank0,815D,index_case_04,64,annotation,no,yes,writer,hand-decoded,ec/annotations/bank-call-audit.md,,bank0/815D.c
bank0,819D,index_case_05,66,annotation,no,yes,writer,hand-decoded,ec/annotations/bank-call-audit.md,,bank0/819D.c
bank0,81DF,index_case_06,64,annotation,no,yes,writer,hand-decoded,ec/annotations/bank-call-audit.md,,bank0/81DF.c
bank0,821F,index_case_epilogue,18,annotation,no,yes,state,hand-decoded,ec/annotations/bank-call-audit.md,,bank0/821F.c
bank0,8274,index_table_default,32,annotation,no,yes,dispatch,hand-decoded,ec/annotations/bank-call-audit.md,,bank0/8274.c
bank0,8294,FUN_CODE_8294,260,call-target,no,no,,,,,bank0/8294.c
bank0,8398,FUN_CODE_8398,1,call-target,no,no,,,,,bank0/8398.c
bank0,8399,FUN_CODE_8399,61,call-target,no,no,,,,,bank0/8399.c
bank0,83D6,FUN_CODE_83d6,41,call-target,no,no,,,,,bank0/83D6.c
bank0,83FF,FUN_CODE_83ff,157,call-target,no,no,,,,,bank0/83FF.c
bank0,849C,FUN_CODE_849c,1,call-target,no,no,,,,,bank0/849C.c
bank0,8648,FUN_CODE_8648,11,call-target,no,no,,,,,bank0/8648.c
bank0,8653,seed_fan_table_base,165,annotation,no,yes,init,hand-decoded,ec/annotations/manual-fan-ctrl-0751.md,,bank0/8653.c
bank0,8749,FUN_CODE_8749,324,call-target,no,no,,,,,bank0/8749.c
bank0,888D,fan_table_mailbox_handler,164,annotation,no,yes,dispatch,hand-decoded,ec/annotations/manual-fan-ctrl-0751.md,,bank0/888D.c
bank0,8931,FUN_CODE_8931,474,call-target,no,no,,,,,bank0/8931.c
bank0,8939,FUN_CODE_8939,5,call-target,no,no,,,,,bank0/8939.c
bank0,893E,FUN_CODE_893e,4,call-target,no,no,,,,,bank0/893E.c
bank0,8B14,FUN_CODE_8b14,306,call-target,no,no,,,,,bank0/8B14.c
bank0,8C46,FUN_CODE_8c46,410,call-target,no,no,,,,,bank0/8C46.c
bank0,8DE0,FUN_CODE_8de0,291,call-target,no,no,,,,,bank0/8DE0.c
bank0,8F03,FUN_CODE_8f03,6,call-target,no,no,,,,,bank0/8F03.c
bank0,8F09,FUN_CODE_8f09,5,call-target,no,no,,,,,bank0/8F09.c
bank0,8F0E,FUN_CODE_8f0e,1,call-target,no,no,,,,,bank0/8F0E.c
bank0,8F0F,FUN_CODE_8f0f,17,call-target,no,no,,,,,bank0/8F0F.c
bank0,8F20,FUN_CODE_8f20,187,call-target,no,no,,,,,bank0/8F20.c
bank0,8FDB,FUN_CODE_8fdb,61,call-target,no,no,,,,,bank0/8FDB.c
bank0,9000,thunk_FUN_CODE_703d,3,call-target,no,no,,,,,bank0/9000.c
bank0,9006,FUN_CODE_9006,1,call-target,no,no,,,,,bank0/9006.c
bank0,9007,FUN_CODE_9007,6,call-target,no,no,,,,,bank0/9007.c
bank0,900D,FUN_CODE_900d,8,call-target,no,no,,,,,bank0/900D.c
bank0,9015,FUN_CODE_9015,1,call-target,no,no,,,,,bank0/9015.c
bank0,9016,FUN_CODE_9016,2,call-target,no,no,,,,,bank0/9016.c
bank0,9018,FUN_CODE_9018,4,call-target,no,no,,,,,bank0/9018.c
bank0,901C,FUN_CODE_901c,4,call-target,no,no,,,,,bank0/901C.c
bank0,902A,FUN_CODE_902a,7,call-target,no,no,,,,,bank0/902A.c
bank0,9040,FUN_CODE_9040,1,call-target,no,no,,,,,bank0/9040.c
bank0,9041,FUN_CODE_9041,8,call-target,no,no,,,,,bank0/9041.c
bank0,9049,FUN_CODE_9049,82,call-target,no,no,,,,,bank0/9049.c
bank0,909B,FUN_CODE_909b,99,call-target,no,no,,,,,bank0/909B.c
bank0,90FE,FUN_CODE_90fe,105,call-target,no,no,,,,,bank0/90FE.c
bank0,9167,FUN_CODE_9167,45,call-target,no,no,,,,,bank0/9167.c
bank0,91C5,FUN_CODE_91c5,88,call-target,no,no,,,,,bank0/91C5.c
bank0,924B,FUN_CODE_924b,1,call-target,no,no,,,,,bank0/924B.c
bank0,924C,FUN_CODE_924c,43,call-target,no,no,,,,,bank0/924C.c
bank0,9277,FUN_CODE_9277,99,call-target,no,no,,,,,bank0/9277.c
bank0,9334,FUN_CODE_9334,225,call-target,no,no,,,,,bank0/9334.c
bank0,93FE,FUN_CODE_93fe,1,call-target,no,no,,,,,bank0/93FE.c
bank0,93FF,FUN_CODE_93ff,119,call-target,no,no,,,,,bank0/93FF.c
bank0,948D,FUN_CODE_948d,34,call-target,no,no,,,,,bank0/948D.c
bank0,94AF,FUN_CODE_94af,16,auto,no,no,,,,,bank0/94AF.c
bank0,94C0,FUN_CODE_94c0,16,call-target,no,no,,,,,bank0/94C0.c
bank0,94D0,FUN_CODE_94d0,269,call-target,no,no,,,,,bank0/94D0.c
bank0,95DD,FUN_CODE_95dd,208,call-target,no,no,,,,,bank0/95DD.c
bank0,96AD,FUN_CODE_96ad,590,call-target,no,no,,,,,bank0/96AD.c
bank0,98FB,FUN_CODE_98fb,7,call-target,no,no,,,,,bank0/98FB.c
bank0,9902,FUN_CODE_9902,21,call-target,no,no,,,,,bank0/9902.c
bank0,9917,FUN_CODE_9917,144,call-target,no,no,,,,,bank0/9917.c
bank0,99A7,FUN_CODE_99a7,70,call-target,no,no,,,,,bank0/99A7.c
bank0,99ED,FUN_CODE_99ed,19,call-target,no,no,,,,,bank0/99ED.c
bank0,9A00,FUN_CODE_9a00,13,call-target,no,no,,,,,bank0/9A00.c
bank0,9A0D,FUN_CODE_9a0d,1,call-target,no,no,,,,,bank0/9A0D.c
bank0,9A0E,FUN_CODE_9a0e,109,call-target,no,no,,,,,bank0/9A0E.c
bank0,9A7B,FUN_CODE_9a7b,11,call-target,no,no,,,,,bank0/9A7B.c
bank0,9A86,FUN_CODE_9a86,10,call-target,no,no,,,,,bank0/9A86.c
bank0,9A90,FUN_CODE_9a90,12,call-target,no,no,,,,,bank0/9A90.c
bank0,9A9C,FUN_CODE_9a9c,17,call-target,no,no,,,,,bank0/9A9C.c
bank0,9AAD,FUN_CODE_9aad,336,call-target,no,no,,,,,bank0/9AAD.c
bank0,9BFD,FUN_CODE_9bfd,3,call-target,no,no,,,,,bank0/9BFD.c
bank0,9C00,FUN_CODE_9c00,29,call-target,no,no,,,,,bank0/9C00.c
bank0,9C1D,FUN_CODE_9c1d,7,call-target,no,no,,,,,bank0/9C1D.c
bank0,9C24,FUN_CODE_9c24,35,call-target,no,no,,,,,bank0/9C24.c
bank0,9C47,FUN_CODE_9c47,1,call-target,no,no,,,,,bank0/9C47.c
bank0,9CA6,FUN_CODE_9ca6,244,call-target,no,no,,,,,bank0/9CA6.c
bank0,9D9A,FUN_CODE_9d9a,1,call-target,no,no,,,,,bank0/9D9A.c
bank0,9D9B,FUN_CODE_9d9b,627,call-target,no,no,,,,,bank0/9D9B.c
bank0,A00E,FUN_CODE_a00e,299,call-target,no,no,,,,,bank0/A00E.c
bank0,A139,FUN_CODE_a139,97,call-target,no,no,,,,,bank0/A139.c
bank0,A169,FUN_CODE_a169,9,call-target,no,no,,,,,bank0/A169.c
bank0,A172,FUN_CODE_a172,5,call-target,no,no,,,,,bank0/A172.c
bank0,A1A8,FUN_CODE_a1a8,32,call-target,no,no,,,,,bank0/A1A8.c
bank0,A1C8,FUN_CODE_a1c8,280,call-target,no,no,,,,,bank0/A1C8.c
bank0,A2E0,FUN_CODE_a2e0,50,call-target,no,no,,,,,bank0/A2E0.c
bank0,A312,FUN_CODE_a312,98,call-target,no,no,,,,,bank0/A312.c
bank0,A374,FUN_CODE_a374,19,call-target,no,no,,,,,bank0/A374.c
bank0,A3C3,FUN_CODE_a3c3,19,call-target,no,no,,,,,bank0/A3C3.c
bank0,A3E0,FUN_CODE_a3e0,23,call-target,no,no,,,,,bank0/A3E0.c
bank0,A425,FUN_CODE_a425,1,call-target,no,no,,,,,bank0/A425.c
bank0,A426,FUN_CODE_a426,176,call-target,no,no,,,,,bank0/A426.c
bank0,A4D6,FUN_CODE_a4d6,12,call-target,no,no,,,,,bank0/A4D6.c
bank0,A663,FUN_CODE_a663,35,call-target,no,no,,,,,bank0/A663.c
bank0,A678,thunk_FUN_CODE_a426,3,call-target,no,no,,,,,bank0/A678.c
bank0,A6C6,FUN_CODE_a6c6,21,call-target,no,no,,,,,bank0/A6C6.c
bank0,A716,FUN_CODE_a716,4,call-target,no,no,,,,,bank0/A716.c
bank0,A71A,FUN_CODE_a71a,10,auto,no,no,,,,,bank0/A71A.c
bank0,A725,FUN_CODE_a725,5,call-target,no,no,,,,,bank0/A725.c
bank0,A72A,FUN_CODE_a72a,17,call-target,no,no,,,,,bank0/A72A.c
bank0,A73B,FUN_CODE_a73b,4,call-target,no,no,,,,,bank0/A73B.c
bank0,A73F,FUN_CODE_a73f,8,call-target,no,no,,,,,bank0/A73F.c
bank0,A747,FUN_CODE_a747,129,call-target,no,no,,,,,bank0/A747.c
bank0,A7C8,FUN_CODE_a7c8,124,call-target,no,no,,,,,bank0/A7C8.c
bank0,A844,FUN_CODE_a844,191,call-target,no,no,,,,,bank0/A844.c
bank0,A96B,FUN_CODE_a96b,16,call-target,no,no,,,,,bank0/A96B.c
bank0,A97B,FUN_CODE_a97b,137,call-target,no,no,,,,,bank0/A97B.c
bank0,AA90,FUN_CODE_aa90,54,call-target,no,no,,,,,bank0/AA90.c
bank0,AAC6,FUN_CODE_aac6,167,call-target,no,no,,,,,bank0/AAC6.c
bank0,AB6D,FUN_CODE_ab6d,1,call-target,no,no,,,,,bank0/AB6D.c
bank0,AB6E,FUN_CODE_ab6e,48,call-target,no,no,,,,,bank0/AB6E.c
bank0,AB9E,FUN_CODE_ab9e,106,call-target,no,no,,,,,bank0/AB9E.c
bank0,AC08,FUN_CODE_ac08,66,call-target,no,no,,,,,bank0/AC08.c
bank0,AC4A,FUN_CODE_ac4a,63,call-target,no,no,,,,,bank0/AC4A.c
bank0,ACB4,FUN_CODE_acb4,238,call-target,no,no,,,,,bank0/ACB4.c
bank0,ADA3,FUN_CODE_ada3,11,call-target,no,no,,,,,bank0/ADA3.c
bank0,ADAE,FUN_CODE_adae,191,call-target,no,no,,,,,bank0/ADAE.c
bank0,AE6D,FUN_CODE_ae6d,12,call-target,no,no,,,,,bank0/AE6D.c
bank0,AE79,FUN_CODE_ae79,14,call-target,no,no,,,,,bank0/AE79.c
bank0,AE87,FUN_CODE_ae87,57,call-target,no,no,,,,,bank0/AE87.c
bank0,AEC0,FUN_CODE_aec0,103,call-target,no,no,,,,,bank0/AEC0.c
bank0,AF27,FUN_CODE_af27,63,call-target,no,no,,,,,bank0/AF27.c
bank0,AF66,FUN_CODE_af66,12,call-target,no,no,,,,,bank0/AF66.c
bank0,AF72,FUN_CODE_af72,11,call-target,no,no,,,,,bank0/AF72.c
bank0,AF7D,FUN_CODE_af7d,13,call-target,no,no,,,,,bank0/AF7D.c
bank0,AF8A,FUN_CODE_af8a,68,call-target,no,no,,,,,bank0/AF8A.c
bank0,AFCE,FUN_CODE_afce,36,call-target,no,no,,,,,bank0/AFCE.c
bank0,AFF2,FUN_CODE_aff2,22,call-target,no,no,,,,,bank0/AFF2.c
bank0,B008,FUN_CODE_b008,10,call-target,no,no,,,,,bank0/B008.c
bank0,B012,FUN_CODE_b012,10,call-target,no,no,,,,,bank0/B012.c
bank0,B01C,FUN_CODE_b01c,10,call-target,no,no,,,,,bank0/B01C.c
bank0,B026,FUN_CODE_b026,9,call-target,no,no,,,,,bank0/B026.c
bank0,B02F,FUN_CODE_b02f,9,call-target,no,no,,,,,bank0/B02F.c
bank0,B038,FUN_CODE_b038,10,call-target,no,no,,,,,bank0/B038.c
bank0,B053,FUN_CODE_b053,18,call-target,no,no,,,,,bank0/B053.c
bank0,B065,FUN_CODE_b065,119,call-target,no,no,,,,,bank0/B065.c
bank0,B0DC,FUN_CODE_b0dc,54,call-target,no,no,,,,,bank0/B0DC.c
bank0,B112,check_0xB112,13,annotation,no,yes,gate,hand-decoded,ec/annotations/charge-target-derating.md,,bank0/B112.c
bank0,B12C,manual_ctrl_profile_gate,44,annotation,no,yes,gate,hand-decoded,ec/annotations/charge-profile-flow.md,,bank0/B12C.c
bank0,B158,charge_target_update,152,annotation,no,yes,charge-target,hand-decoded,ec/annotations/charge-target-derating.md,,bank0/B158.c
bank0,B1F0,charge_stress_update,366,annotation,no,yes,charge-target,hand-decoded,ec/annotations/charge-target-derating.md,,bank0/B1F0.c
bank0,B35E,FUN_CODE_b35e,47,call-target,no,no,,,,,bank0/B35E.c
bank0,B38D,FUN_CODE_b38d,1,call-target,no,no,,,,,bank0/B38D.c
bank0,B38E,FUN_CODE_b38e,86,call-target,no,no,,,,,bank0/B38E.c
bank0,B3E4,FUN_CODE_b3e4,11,call-target,no,no,,,,,bank0/B3E4.c
bank0,B3F0,FUN_CODE_b3f0,28,call-target,no,no,,,,,bank0/B3F0.c
bank0,B40C,FUN_CODE_b40c,85,call-target,no,no,,,,,bank0/B40C.c
bank0,B461,FUN_CODE_b461,11,call-target,no,no,,,,,bank0/B461.c
bank0,B46C,FUN_CODE_b46c,60,call-target,no,no,,,,,bank0/B46C.c
bank0,B4A8,FUN_CODE_b4a8,266,call-target,no,no,,,,,bank0/B4A8.c
bank0,B5B2,FUN_CODE_b5b2,26,call-target,no,no,,,,,bank0/B5B2.c
bank0,B5CC,FUN_CODE_b5cc,6,call-target,no,no,,,,,bank0/B5CC.c
bank0,B5D2,FUN_CODE_b5d2,1,call-target,no,no,,,,,bank0/B5D2.c
bank0,B5D3,FUN_CODE_b5d3,323,call-target,no,no,,,,,bank0/B5D3.c
bank0,B716,FUN_CODE_b716,26,call-target,no,no,,,,,bank0/B716.c
bank0,B730,FUN_CODE_b730,6,call-target,no,no,,,,,bank0/B730.c
bank0,B736,FUN_CODE_b736,1,call-target,no,no,,,,,bank0/B736.c
bank0,B737,FUN_CODE_b737,247,call-target,no,no,,,,,bank0/B737.c
bank0,B82E,FUN_CODE_b82e,13,call-target,no,no,,,,,bank0/B82E.c
bank0,B83B,FUN_CODE_b83b,78,call-target,no,no,,,,,bank0/B83B.c
bank0,B889,FUN_CODE_b889,55,call-target,no,no,,,,,bank0/B889.c
bank0,B8C0,FUN_CODE_b8c0,13,call-target,no,no,,,,,bank0/B8C0.c
bank0,B8CD,FUN_CODE_b8cd,13,call-target,no,no,,,,,bank0/B8CD.c
bank0,B8DA,FUN_CODE_b8da,13,call-target,no,no,,,,,bank0/B8DA.c
bank0,B8E7,FUN_CODE_b8e7,13,call-target,no,no,,,,,bank0/B8E7.c
bank0,B8F4,FUN_CODE_b8f4,13,call-target,no,no,,,,,bank0/B8F4.c
bank0,B901,FUN_CODE_b901,13,call-target,no,no,,,,,bank0/B901.c
bank0,B90E,FUN_CODE_b90e,13,call-target,no,no,,,,,bank0/B90E.c
bank0,B91B,FUN_CODE_b91b,13,call-target,no,no,,,,,bank0/B91B.c
bank0,B928,FUN_CODE_b928,13,call-target,no,no,,,,,bank0/B928.c
bank0,B935,FUN_CODE_b935,4,call-target,no,no,,,,,bank0/B935.c
bank0,B939,FUN_CODE_b939,1,call-target,no,no,,,,,bank0/B939.c
bank0,B93A,FUN_CODE_b93a,3,call-target,no,no,,,,,bank0/B93A.c
bank0,B93D,FUN_CODE_b93d,10,call-target,no,no,,,,,bank0/B93D.c
bank0,B947,FUN_CODE_b947,14,call-target,no,no,,,,,bank0/B947.c
bank0,B955,FUN_CODE_b955,3,call-target,no,no,,,,,bank0/B955.c
bank0,B958,FUN_CODE_b958,13,call-target,no,no,,,,,bank0/B958.c
bank0,B965,FUN_CODE_b965,30,call-target,no,no,,,,,bank0/B965.c
bank0,B983,FUN_CODE_b983,1,call-target,no,no,,,,,bank0/B983.c
bank0,B984,FUN_CODE_b984,3,call-target,no,no,,,,,bank0/B984.c
bank0,B987,FUN_CODE_b987,2,call-target,no,no,,,,,bank0/B987.c
bank0,B989,FUN_CODE_b989,7,call-target,no,no,,,,,bank0/B989.c
bank0,B990,FUN_CODE_b990,4,call-target,no,no,,,,,bank0/B990.c
bank0,B994,FUN_CODE_b994,1,call-target,no,no,,,,,bank0/B994.c
bank0,B995,FUN_CODE_b995,15,call-target,no,no,,,,,bank0/B995.c
bank0,B9A4,FUN_CODE_b9a4,10,call-target,no,no,,,,,bank0/B9A4.c
bank0,B9AE,FUN_CODE_b9ae,24,call-target,no,no,,,,,bank0/B9AE.c
bank0,B9C6,FUN_CODE_b9c6,18,call-target,no,no,,,,,bank0/B9C6.c
bank0,B9D8,FUN_CODE_b9d8,7,call-target,no,no,,,,,bank0/B9D8.c
bank0,B9DF,FUN_CODE_b9df,11,call-target,no,no,,,,,bank0/B9DF.c
bank0,B9EA,FUN_CODE_b9ea,4,call-target,no,no,,,,,bank0/B9EA.c
bank0,B9EE,FUN_CODE_b9ee,7,call-target,no,no,,,,,bank0/B9EE.c
bank0,B9F5,FUN_CODE_b9f5,32,call-target,no,no,,,,,bank0/B9F5.c
bank0,BA15,FUN_CODE_ba15,1,call-target,no,no,,,,,bank0/BA15.c
bank0,BA16,FUN_CODE_ba16,6,call-target,no,no,,,,,bank0/BA16.c
bank0,BA1C,FUN_CODE_ba1c,7,call-target,no,no,,,,,bank0/BA1C.c
bank0,BA23,FUN_CODE_ba23,7,call-target,no,no,,,,,bank0/BA23.c
bank0,BA2A,FUN_CODE_ba2a,12,call-target,no,no,,,,,bank0/BA2A.c
bank0,BA36,FUN_CODE_ba36,7,call-target,no,no,,,,,bank0/BA36.c
bank0,BA3D,FUN_CODE_ba3d,1,call-target,no,no,,,,,bank0/BA3D.c
bank0,BA3E,FUN_CODE_ba3e,8,call-target,no,no,,,,,bank0/BA3E.c
bank0,BA46,FUN_CODE_ba46,9,call-target,no,no,,,,,bank0/BA46.c
bank0,BA4F,FUN_CODE_ba4f,32,call-target,no,no,,,,,bank0/BA4F.c
bank0,BA6F,FUN_CODE_ba6f,5,call-target,no,no,,,,,bank0/BA6F.c
bank0,BA74,FUN_CODE_ba74,3,call-target,no,no,,,,,bank0/BA74.c
bank0,BA77,FUN_CODE_ba77,10,call-target,no,no,,,,,bank0/BA77.c
bank0,BA81,FUN_CODE_ba81,45,call-target,no,no,,,,,bank0/BA81.c
bank0,BAAE,FUN_CODE_baae,17,call-target,no,no,,,,,bank0/BAAE.c
bank0,BABF,FUN_CODE_babf,20,call-target,no,no,,,,,bank0/BABF.c
bank0,BAD3,FUN_CODE_bad3,1,call-target,no,no,,,,,bank0/BAD3.c
bank0,BAD4,FUN_CODE_bad4,7,call-target,no,no,,,,,bank0/BAD4.c
bank0,BADB,FUN_CODE_badb,3,call-target,no,no,,,,,bank0/BADB.c
bank0,BADE,FUN_CODE_bade,7,call-target,no,no,,,,,bank0/BADE.c
bank0,BAE5,batt_temp_dK,2,annotation,no,yes,reader,hand-decoded,ec/annotations/charge-target-derating.md,,bank0/BAE5.c
bank0,BAE7,FUN_CODE_bae7,13,call-target,no,no,,,,,bank0/BAE7.c
bank0,BAF4,FUN_CODE_baf4,9,call-target,no,no,,,,,bank0/BAF4.c
bank0,BAFD,FUN_CODE_bafd,11,call-target,no,no,,,,,bank0/BAFD.c
bank0,BB08,FUN_CODE_bb08,9,call-target,no,no,,,,,bank0/BB08.c
bank0,BB11,FUN_CODE_bb11,17,call-target,no,no,,,,,bank0/BB11.c
bank0,BB22,FUN_CODE_bb22,2,call-target,no,no,,,,,bank0/BB22.c
bank0,BB24,FUN_CODE_bb24,4,call-target,no,no,,,,,bank0/BB24.c
bank0,BB28,FUN_CODE_bb28,9,call-target,no,no,,,,,bank0/BB28.c
bank0,BB31,FUN_CODE_bb31,8,call-target,no,no,,,,,bank0/BB31.c
bank0,BB39,FUN_CODE_bb39,7,call-target,no,no,,,,,bank0/BB39.c
bank0,BB40,fan_mode_get,7,annotation,no,yes,reader,hand-decoded,ec/annotations/manual-fan-ctrl-0751.md,,bank0/BB40.c
bank0,BB47,FUN_CODE_bb47,3,call-target,no,no,,,,,bank0/BB47.c
bank0,BB4A,FUN_CODE_bb4a,3,call-target,no,no,,,,,bank0/BB4A.c
bank0,BB4D,FUN_CODE_bb4d,8,call-target,no,no,,,,,bank0/BB4D.c
bank0,BB55,FUN_CODE_bb55,1,call-target,no,no,,,,,bank0/BB55.c
bank0,BB56,FUN_CODE_bb56,8,call-target,no,no,,,,,bank0/BB56.c
bank0,BB5E,FUN_CODE_bb5e,2,call-target,no,no,,,,,bank0/BB5E.c
bank0,BB60,FUN_CODE_bb60,10,call-target,no,no,,,,,bank0/BB60.c
bank0,BB6A,FUN_CODE_bb6a,14,call-target,no,no,,,,,bank0/BB6A.c
bank0,BB78,FUN_CODE_bb78,8,call-target,no,no,,,,,bank0/BB78.c
bank0,BB80,FUN_CODE_bb80,1,call-target,no,no,,,,,bank0/BB80.c
bank0,BB81,FUN_CODE_bb81,7,call-target,no,no,,,,,bank0/BB81.c
bank0,BB88,FUN_CODE_bb88,8,call-target,no,no,,,,,bank0/BB88.c
bank0,BB90,store_be16_a,9,annotation,no,yes,writer,hand-decoded,ec/annotations/charge-target-derating.md,,bank0/BB90.c
bank0,BB99,FUN_CODE_bb99,1,call-target,no,no,,,,,bank0/BB99.c
bank0,BB9A,FUN_CODE_bb9a,10,call-target,no,no,,,,,bank0/BB9A.c
bank0,BBA4,FUN_CODE_bba4,7,call-target,no,no,,,,,bank0/BBA4.c
bank0,BBAB,FUN_CODE_bbab,8,call-target,no,no,,,,,bank0/BBAB.c
bank0,BBB3,FUN_CODE_bbb3,10,call-target,no,no,,,,,bank0/BBB3.c
bank0,BBBD,FUN_CODE_bbbd,10,call-target,no,no,,,,,bank0/BBBD.c
bank0,BBC7,FUN_CODE_bbc7,22,call-target,no,no,,,,,bank0/BBC7.c
bank0,BBDD,FUN_CODE_bbdd,1,call-target,no,no,,,,,bank0/BBDD.c
bank0,BBDE,FUN_CODE_bbde,8,call-target,no,no,,,,,bank0/BBDE.c
bank0,BBE6,FUN_CODE_bbe6,3,call-target,no,no,,,,,bank0/BBE6.c
bank0,BBE9,FUN_CODE_bbe9,1,call-target,no,no,,,,,bank0/BBE9.c
bank0,BBEA,FUN_CODE_bbea,8,call-target,no,no,,,,,bank0/BBEA.c
bank0,BBF2,FUN_CODE_bbf2,12,call-target,no,no,,,,,bank0/BBF2.c
bank0,BBFE,FUN_CODE_bbfe,8,call-target,no,no,,,,,bank0/BBFE.c
bank0,BC06,FUN_CODE_bc06,8,call-target,no,no,,,,,bank0/BC06.c
bank0,BC0E,FUN_CODE_bc0e,6,call-target,no,no,,,,,bank0/BC0E.c
bank0,BC14,FUN_CODE_bc14,18,call-target,no,no,,,,,bank0/BC14.c
bank0,BC26,FUN_CODE_bc26,17,call-target,no,no,,,,,bank0/BC26.c
bank0,BC37,FUN_CODE_bc37,8,call-target,no,no,,,,,bank0/BC37.c
bank0,BC3F,FUN_CODE_bc3f,16,call-target,no,no,,,,,bank0/BC3F.c
bank0,BC4F,fan_table_base_offset_helper,16,annotation,no,yes,math,inferred,ec/annotations/manual-fan-ctrl-0751.md,,bank0/BC4F.c
bank0,BC5F,FUN_CODE_bc5f,8,call-target,no,no,,,,,bank0/BC5F.c
bank0,BC67,FUN_CODE_bc67,10,call-target,no,no,,,,,bank0/BC67.c
bank0,BC71,FUN_CODE_bc71,10,call-target,no,no,,,,,bank0/BC71.c
bank0,BC7B,FUN_CODE_bc7b,3,call-target,no,no,,,,,bank0/BC7B.c
bank0,BC7E,FUN_CODE_bc7e,7,call-target,no,no,,,,,bank0/BC7E.c
bank0,BC85,FUN_CODE_bc85,8,call-target,no,no,,,,,bank0/BC85.c
bank0,BC8D,cfg_cell_count_selector,8,annotation,no,yes,reader,hand-decoded,ec/annotations/charge-target-derating.md,,bank0/BC8D.c
bank0,BC95,FUN_CODE_bc95,10,call-target,no,no,,,,,bank0/BC95.c
bank0,BC9F,FUN_CODE_bc9f,10,call-target,no,no,,,,,bank0/BC9F.c
bank0,BCA9,FUN_CODE_bca9,8,call-target,no,no,,,,,bank0/BCA9.c
bank0,BCB1,FUN_CODE_bcb1,5,call-target,no,no,,,,,bank0/BCB1.c
bank0,BCB6,FUN_CODE_bcb6,7,call-target,no,no,,,,,bank0/BCB6.c
bank0,BCBD,FUN_CODE_bcbd,14,call-target,no,no,,,,,bank0/BCBD.c
bank0,BCCB,FUN_CODE_bccb,15,call-target,no,no,,,,,bank0/BCCB.c
bank0,BCDA,FUN_CODE_bcda,15,call-target,no,no,,,,,bank0/BCDA.c
bank0,BCE9,FUN_CODE_bce9,5,call-target,no,no,,,,,bank0/BCE9.c
bank0,BCEE,FUN_CODE_bcee,7,call-target,no,no,,,,,bank0/BCEE.c
bank0,BCF5,stress_headroom,14,annotation,no,yes,math,hand-decoded,ec/annotations/charge-target-derating.md,,bank0/BCF5.c
bank0,BD03,FUN_CODE_bd03,15,call-target,no,no,,,,,bank0/BD03.c
bank0,BD12,FUN_CODE_bd12,14,call-target,no,no,,,,,bank0/BD12.c
bank0,BD20,FUN_CODE_bd20,9,call-target,no,no,,,,,bank0/BD20.c
bank0,BD29,FUN_CODE_bd29,4,call-target,no,no,,,,,bank0/BD29.c
bank0,BD2D,FUN_CODE_bd2d,7,call-target,no,no,,,,,bank0/BD2D.c
bank0,BD34,FUN_CODE_bd34,9,call-target,no,no,,,,,bank0/BD34.c
bank0,BD3D,FUN_CODE_bd3d,9,call-target,no,no,,,,,bank0/BD3D.c
bank0,BD46,FUN_CODE_bd46,14,call-target,no,no,,,,,bank0/BD46.c
bank0,BD54,store_be16_b,9,annotation,no,yes,writer,hand-decoded,ec/annotations/charge-target-derating.md,,bank0/BD54.c
bank0,BD5D,FUN_CODE_bd5d,14,call-target,no,no,,,,,bank0/BD5D.c
bank0,BD6B,FUN_CODE_bd6b,14,call-target,no,no,,,,,bank0/BD6B.c
bank0,BD79,FUN_CODE_bd79,6,call-target,no,no,,,,,bank0/BD79.c
bank0,BD7F,FUN_CODE_bd7f,12,call-target,no,no,,,,,bank0/BD7F.c
bank0,BD8B,tier_250_eligible,13,annotation,no,yes,math,hand-decoded,ec/annotations/charge-target-derating.md,,bank0/BD8B.c
bank0,BD98,tier_200_eligible,13,annotation,no,yes,math,hand-decoded,ec/annotations/charge-target-derating.md,,bank0/BD98.c
bank0,BDA5,FUN_CODE_bda5,1,call-target,no,no,,,,,bank0/BDA5.c
bank0,BDA6,FUN_CODE_bda6,8,call-target,no,no,,,,,bank0/BDA6.c
bank0,BDAE,FUN_CODE_bdae,12,call-target,no,no,,,,,bank0/BDAE.c
bank0,BDBA,FUN_CODE_bdba,12,call-target,no,no,,,,,bank0/BDBA.c
bank0,BDC6,FUN_CODE_bdc6,12,call-target,no,no,,,,,bank0/BDC6.c
bank0,BDD2,FUN_CODE_bdd2,8,call-target,no,no,,,,,bank0/BDD2.c
bank0,BDDA,FUN_CODE_bdda,12,call-target,no,no,,,,,bank0/BDDA.c
bank0,BDE6,FUN_CODE_bde6,12,call-target,no,no,,,,,bank0/BDE6.c
bank0,BDF2,FUN_CODE_bdf2,8,call-target,no,no,,,,,bank0/BDF2.c
bank0,BDFA,FUN_CODE_bdfa,8,call-target,no,no,,,,,bank0/BDFA.c
bank0,BE02,FUN_CODE_be02,11,call-target,no,no,,,,,bank0/BE02.c
bank0,BE0D,FUN_CODE_be0d,8,call-target,no,no,,,,,bank0/BE0D.c
bank0,BE15,FUN_CODE_be15,12,call-target,no,no,,,,,bank0/BE15.c
bank0,BE21,FUN_CODE_be21,9,call-target,no,no,,,,,bank0/BE21.c
bank0,BE2A,FUN_CODE_be2a,8,call-target,no,no,,,,,bank0/BE2A.c
bank0,BE32,FUN_CODE_be32,8,call-target,no,no,,,,,bank0/BE32.c
bank0,BE3A,FUN_CODE_be3a,8,call-target,no,no,,,,,bank0/BE3A.c
bank0,BE42,FUN_CODE_be42,8,call-target,no,no,,,,,bank0/BE42.c
bank0,BE4A,FUN_CODE_be4a,8,call-target,no,no,,,,,bank0/BE4A.c
bank0,BE52,FUN_CODE_be52,11,call-target,no,no,,,,,bank0/BE52.c
bank0,BE5D,FUN_CODE_be5d,11,call-target,no,no,,,,,bank0/BE5D.c
bank0,BE68,FUN_CODE_be68,11,call-target,no,no,,,,,bank0/BE68.c
bank0,BE73,FUN_CODE_be73,11,call-target,no,no,,,,,bank0/BE73.c
bank0,BE7E,FUN_CODE_be7e,10,call-target,no,no,,,,,bank0/BE7E.c
bank0,BE88,FUN_CODE_be88,10,call-target,no,no,,,,,bank0/BE88.c
bank0,BE92,FUN_CODE_be92,10,call-target,no,no,,,,,bank0/BE92.c
bank0,BE9C,FUN_CODE_be9c,7,call-target,no,no,,,,,bank0/BE9C.c
bank0,BEA3,FUN_CODE_bea3,7,call-target,no,no,,,,,bank0/BEA3.c
bank0,BEAA,FUN_CODE_beaa,10,call-target,no,no,,,,,bank0/BEAA.c
bank0,BEB4,FUN_CODE_beb4,10,call-target,no,no,,,,,bank0/BEB4.c
bank0,BEBE,FUN_CODE_bebe,10,call-target,no,no,,,,,bank0/BEBE.c
bank0,BEC8,FUN_CODE_bec8,10,call-target,no,no,,,,,bank0/BEC8.c
bank0,BED2,FUN_CODE_bed2,10,call-target,no,no,,,,,bank0/BED2.c
bank0,BEDC,FUN_CODE_bedc,10,call-target,no,no,,,,,bank0/BEDC.c
bank0,BEE6,FUN_CODE_bee6,10,call-target,no,no,,,,,bank0/BEE6.c
bank0,BEF0,FUN_CODE_bef0,7,call-target,no,no,,,,,bank0/BEF0.c
bank0,BEF7,FUN_CODE_bef7,7,call-target,no,no,,,,,bank0/BEF7.c
bank0,BEFE,FUN_CODE_befe,10,call-target,no,no,,,,,bank0/BEFE.c
bank0,BF08,FUN_CODE_bf08,10,call-target,no,no,,,,,bank0/BF08.c
bank0,BF12,FUN_CODE_bf12,10,call-target,no,no,,,,,bank0/BF12.c
bank0,BFDE,FUN_CODE_bfde,56,call-target,no,no,,,,,bank0/BFDE.c
bank0,C016,FUN_CODE_c016,6,call-target,no,no,,,,,bank0/C016.c
bank0,C01C,FUN_CODE_c01c,10,call-target,no,no,,,,,bank0/C01C.c
bank0,C030,FUN_CODE_c030,12,call-target,no,no,,,,,bank0/C030.c
bank0,C03C,FUN_CODE_c03c,28,call-target,no,no,,,,,bank0/C03C.c
bank0,C058,FUN_CODE_c058,14,call-target,no,no,,,,,bank0/C058.c
bank0,C066,FUN_CODE_c066,8,call-target,no,no,,,,,bank0/C066.c
bank0,C06E,FUN_CODE_c06e,8,call-target,no,no,,,,,bank0/C06E.c
bank0,C076,FUN_CODE_c076,8,call-target,no,no,,,,,bank0/C076.c
bank0,C07E,FUN_CODE_c07e,8,call-target,no,no,,,,,bank0/C07E.c
bank0,C086,FUN_CODE_c086,16,call-target,no,no,,,,,bank0/C086.c
bank0,C096,FUN_CODE_c096,6,call-target,no,no,,,,,bank0/C096.c
bank0,C09C,FUN_CODE_c09c,6,call-target,no,no,,,,,bank0/C09C.c
bank0,C0A2,FUN_CODE_c0a2,11,call-target,no,no,,,,,bank0/C0A2.c
bank0,C0AD,FUN_CODE_c0ad,11,call-target,no,no,,,,,bank0/C0AD.c
bank0,C0B8,FUN_CODE_c0b8,17,call-target,no,no,,,,,bank0/C0B8.c
bank0,C0C9,FUN_CODE_c0c9,17,call-target,no,no,,,,,bank0/C0C9.c
bank0,C0DA,FUN_CODE_c0da,13,call-target,no,no,,,,,bank0/C0DA.c
bank0,C0E7,FUN_CODE_c0e7,13,call-target,no,no,,,,,bank0/C0E7.c
bank0,C124,FUN_CODE_c124,8,call-target,no,no,,,,,bank0/C124.c
bank0,C12C,FUN_CODE_c12c,8,call-target,no,no,,,,,bank0/C12C.c
bank0,C154,FUN_CODE_c154,8,call-target,no,no,,,,,bank0/C154.c
bank0,C15C,FUN_CODE_c15c,8,call-target,no,no,,,,,bank0/C15C.c
bank0,C174,FUN_CODE_c174,8,call-target,no,no,,,,,bank0/C174.c
bank0,C191,FUN_CODE_c191,8,call-target,no,no,,,,,bank0/C191.c
bank0,C199,FUN_CODE_c199,8,call-target,no,no,,,,,bank0/C199.c
bank0,C1B1,FUN_CODE_c1b1,13,call-target,no,no,,,,,bank0/C1B1.c
bank0,C1BE,FUN_CODE_c1be,13,call-target,no,no,,,,,bank0/C1BE.c
bank0,C1CB,FUN_CODE_c1cb,13,call-target,no,no,,,,,bank0/C1CB.c
bank0,C1E7,FUN_CODE_c1e7,13,call-target,no,no,,,,,bank0/C1E7.c
bank0,C201,FUN_CODE_c201,8,call-target,no,no,,,,,bank0/C201.c
bank0,C209,FUN_CODE_c209,8,call-target,no,no,,,,,bank0/C209.c
bank0,C224,FUN_CODE_c224,13,call-target,no,no,,,,,bank0/C224.c
bank0,C241,FUN_CODE_c241,8,call-target,no,no,,,,,bank0/C241.c
bank0,C249,FUN_CODE_c249,8,call-target,no,no,,,,,bank0/C249.c
bank0,C251,FUN_CODE_c251,13,call-target,no,no,,,,,bank0/C251.c
bank0,C25E,FUN_CODE_c25e,8,call-target,no,no,,,,,bank0/C25E.c
bank0,C266,FUN_CODE_c266,8,call-target,no,no,,,,,bank0/C266.c
bank0,C26E,FUN_CODE_c26e,23,call-target,no,no,,,,,bank0/C26E.c
bank0,C295,FUN_CODE_c295,13,call-target,no,no,,,,,bank0/C295.c
bank0,C2A2,FUN_CODE_c2a2,8,call-target,no,no,,,,,bank0/C2A2.c
bank0,C2AA,FUN_CODE_c2aa,8,call-target,no,no,,,,,bank0/C2AA.c
bank0,C2BA,FUN_CODE_c2ba,8,call-target,no,no,,,,,bank0/C2BA.c
bank0,C2CF,FUN_CODE_c2cf,8,call-target,no,no,,,,,bank0/C2CF.c
bank0,C2F7,FUN_CODE_c2f7,8,call-target,no,no,,,,,bank0/C2F7.c
bank0,C2FF,FUN_CODE_c2ff,8,call-target,no,no,,,,,bank0/C2FF.c
bank0,C307,FUN_CODE_c307,8,call-target,no,no,,,,,bank0/C307.c
bank0,C30F,FUN_CODE_c30f,8,call-target,no,no,,,,,bank0/C30F.c
bank0,C317,FUN_CODE_c317,8,call-target,no,no,,,,,bank0/C317.c
bank0,C31F,FUN_CODE_c31f,13,call-target,no,no,,,,,bank0/C31F.c
bank0,C333,FUN_CODE_c333,1,call-target,no,no,,,,,bank0/C333.c
bank0,C349,FUN_CODE_c349,13,call-target,no,no,,,,,bank0/C349.c
bank0,C356,FUN_CODE_c356,13,call-target,no,no,,,,,bank0/C356.c
bank0,C363,FUN_CODE_c363,7,call-target,no,no,,,,,bank0/C363.c
bank0,C36A,FUN_CODE_c36a,7,call-target,no,no,,,,,bank0/C36A.c
bank0,C371,FUN_CODE_c371,8,call-target,no,no,,,,,bank0/C371.c
bank0,C389,FUN_CODE_c389,8,call-target,no,no,,,,,bank0/C389.c
bank0,C39E,FUN_CODE_c39e,8,call-target,no,no,,,,,bank0/C39E.c
bank0,C3A6,FUN_CODE_c3a6,8,call-target,no,no,,,,,bank0/C3A6.c
bank0,C3AE,FUN_CODE_c3ae,50,call-target,no,no,,,,,bank0/C3AE.c
bank0,C412,FUN_CODE_c412,13,call-target,no,no,,,,,bank0/C412.c
bank0,C43F,FUN_CODE_c43f,14,call-target,no,no,,,,,bank0/C43F.c
bank0,C44D,FUN_CODE_c44d,14,call-target,no,no,,,,,bank0/C44D.c
bank0,C468,FUN_CODE_c468,8,call-target,no,no,,,,,bank0/C468.c
bank0,C470,FUN_CODE_c470,8,call-target,no,no,,,,,bank0/C470.c
bank0,C478,FUN_CODE_c478,23,call-target,no,no,,,,,bank0/C478.c
bank0,C48F,FUN_CODE_c48f,8,call-target,no,no,,,,,bank0/C48F.c
bank0,C497,FUN_CODE_c497,8,call-target,no,no,,,,,bank0/C497.c
bank0,C49F,FUN_CODE_c49f,8,call-target,no,no,,,,,bank0/C49F.c
bank0,C4A7,FUN_CODE_c4a7,8,call-target,no,no,,,,,bank0/C4A7.c
bank0,C4AF,FUN_CODE_c4af,8,call-target,no,no,,,,,bank0/C4AF.c
bank0,C4C9,FUN_CODE_c4c9,8,call-target,no,no,,,,,bank0/C4C9.c
bank0,C4D1,FUN_CODE_c4d1,8,call-target,no,no,,,,,bank0/C4D1.c
bank0,C4D9,FUN_CODE_c4d9,13,call-target,no,no,,,,,bank0/C4D9.c
bank0,C4F0,FUN_CODE_c4f0,8,call-target,no,no,,,,,bank0/C4F0.c
bank0,C4F8,FUN_CODE_c4f8,7,call-target,no,no,,,,,bank0/C4F8.c
bank0,C55F,FUN_CODE_c55f,94,call-target,no,no,,,,,bank0/C55F.c
bank0,C5BD,FUN_CODE_c5bd,94,call-target,no,no,,,,,bank0/C5BD.c
bank0,C8C5,FUN_CODE_c8c5,93,call-target,no,no,,,,,bank0/C8C5.c
bank0,C9FF,FUN_CODE_c9ff,30,call-target,no,no,,,,,bank0/C9FF.c
bank0,CA1D,FUN_CODE_ca1d,1,call-target,no,no,,,,,bank0/CA1D.c
bank0,CA1E,FUN_CODE_ca1e,15,call-target,no,no,,,,,bank0/CA1E.c
bank0,CA2D,FUN_CODE_ca2d,12,call-target,no,no,,,,,bank0/CA2D.c
bank0,CA39,FUN_CODE_ca39,3,call-target,no,no,,,,,bank0/CA39.c
bank0,CA3C,FUN_CODE_ca3c,8,call-target,no,no,,,,,bank0/CA3C.c
bank0,CA44,FUN_CODE_ca44,8,call-target,no,no,,,,,bank0/CA44.c
bank0,CA4C,FUN_CODE_ca4c,7,call-target,no,no,,,,,bank0/CA4C.c
bank0,CA53,FUN_CODE_ca53,49,call-target,no,no,,,,,bank0/CA53.c
bank0,CC3D,FUN_CODE_cc3d,20,call-target,no,no,,,,,bank0/CC3D.c
bank0,CC51,FUN_CODE_cc51,19,call-target,no,no,,,,,bank0/CC51.c
bank0,CCFC,FUN_CODE_ccfc,138,call-target,no,no,,,,,bank0/CCFC.c
bank0,CDC3,FUN_CODE_cdc3,33,call-target,no,no,,,,,bank0/CDC3.c
bank0,CDE4,FUN_CODE_cde4,83,call-target,no,no,,,,,bank0/CDE4.c
bank0,CE37,FUN_CODE_ce37,103,call-target,no,no,,,,,bank0/CE37.c
bank0,CE9E,FUN_CODE_ce9e,4,call-target,no,no,,,,,bank0/CE9E.c
bank0,CEA2,FUN_CODE_cea2,71,call-target,no,no,,,,,bank0/CEA2.c
bank0,CEE9,FUN_CODE_cee9,95,call-target,no,no,,,,,bank0/CEE9.c
bank0,CF48,FUN_CODE_cf48,78,call-target,no,no,,,,,bank0/CF48.c
bank0,CF96,FUN_CODE_cf96,19,call-target,no,no,,,,,bank0/CF96.c
bank0,CFB4,thunk_FUN_CODE_18b2,3,call-target,no,no,,,,,bank0/CFB4.c
bank0,CFB7,thunk_FUN_CODE_18b8,3,call-target,no,no,,,,,bank0/CFB7.c
bank0,CFBA,thunk_FUN_CODE_18be,3,call-target,no,no,,,,,bank0/CFBA.c
bank0,CFBD,FUN_CODE_cfbd,6,call-target,no,no,,,,,bank0/CFBD.c
bank0,CFC6,FUN_CODE_cfc6,48,call-target,no,no,,,,,bank0/CFC6.c
bank0,CFF6,FUN_CODE_cff6,15,call-target,no,no,,,,,bank0/CFF6.c
bank0,D005,FUN_CODE_d005,21,call-target,no,no,,,,,bank0/D005.c
bank0,D01A,FUN_CODE_d01a,15,call-target,no,no,,,,,bank0/D01A.c
bank0,D029,FUN_CODE_d029,15,call-target,no,no,,,,,bank0/D029.c
bank0,D038,FUN_CODE_d038,9,call-target,no,no,,,,,bank0/D038.c
bank0,D041,FUN_CODE_d041,4,call-target,no,no,,,,,bank0/D041.c
bank0,D045,FUN_CODE_d045,14,call-target,no,no,,,,,bank0/D045.c
bank0,D053,FUN_CODE_d053,10,call-target,no,no,,,,,bank0/D053.c
bank0,D05D,FUN_CODE_d05d,8,call-target,no,no,,,,,bank0/D05D.c
bank0,D065,FUN_CODE_d065,19,call-target,no,no,,,,,bank0/D065.c
bank0,D078,FUN_CODE_d078,12,call-target,no,no,,,,,bank0/D078.c
bank0,D084,FUN_CODE_d084,7,call-target,no,no,,,,,bank0/D084.c
bank0,D091,FUN_CODE_d091,263,call-target,no,no,,,,,bank0/D091.c
bank0,D236,FUN_CODE_d236,24,auto,no,no,,,,,bank0/D236.c
bank0,D27A,FUN_CODE_d27a,7,call-target,no,no,,,,,bank0/D27A.c
bank0,D281,FUN_CODE_d281,3,call-target,no,no,,,,,bank0/D281.c
bank0,D284,FUN_CODE_d284,5,call-target,no,no,,,,,bank0/D284.c
bank0,D289,FUN_CODE_d289,5,auto,no,no,,,,,bank0/D289.c
bank0,D28E,FUN_CODE_d28e,48,call-target,no,no,,,,,bank0/D28E.c
bank0,D2BE,FUN_CODE_d2be,1,call-target,no,no,,,,,bank0/D2BE.c
bank0,D2BF,FUN_CODE_d2bf,3,call-target,no,no,,,,,bank0/D2BF.c
bank0,D2C2,FUN_CODE_d2c2,9,call-target,no,no,,,,,bank0/D2C2.c
bank0,D2CB,FUN_CODE_d2cb,7,call-target,no,no,,,,,bank0/D2CB.c
bank0,D2D2,FUN_CODE_d2d2,8,call-target,no,no,,,,,bank0/D2D2.c
bank0,D2DA,FUN_CODE_d2da,21,call-target,no,no,,,,,bank0/D2DA.c
bank0,D2EF,FUN_CODE_d2ef,21,call-target,no,no,,,,,bank0/D2EF.c
bank0,D304,FUN_CODE_d304,21,call-target,no,no,,,,,bank0/D304.c
bank0,D319,FUN_CODE_d319,7,call-target,no,no,,,,,bank0/D319.c
bank0,D320,FUN_CODE_d320,56,call-target,no,no,,,,,bank0/D320.c
bank0,D358,FUN_CODE_d358,49,call-target,no,no,,,,,bank0/D358.c
bank0,D389,FUN_CODE_d389,63,call-target,no,no,,,,,bank0/D389.c
bank0,D3C8,FUN_CODE_d3c8,33,call-target,no,no,,,,,bank0/D3C8.c
bank0,D433,FUN_CODE_d433,1,call-target,no,no,,,,,bank0/D433.c
bank0,D434,FUN_CODE_d434,64,call-target,no,no,,,,,bank0/D434.c
bank0,D4D4,thunk_FUN_CODE_1906,3,auto,no,no,,,,,bank0/D4D4.c
bank0,D567,FUN_CODE_d567,20,call-target,no,no,,,,,bank0/D567.c
bank0,D57B,FUN_CODE_d57b,19,call-target,no,no,,,,,bank0/D57B.c
bank0,D58E,FUN_CODE_d58e,24,call-target,no,no,,,,,bank0/D58E.c
bank0,D5A6,FUN_CODE_d5a6,46,call-target,no,no,,,,,bank0/D5A6.c
bank0,D5D4,FUN_CODE_d5d4,7,call-target,no,no,,,,,bank0/D5D4.c
bank0,D5DB,FUN_CODE_d5db,152,call-target,no,no,,,,,bank0/D5DB.c
bank0,D673,FUN_CODE_d673,76,auto,no,no,,,,,bank0/D673.c
bank0,D6C0,FUN_CODE_d6c0,9,auto,no,no,,,,,bank0/D6C0.c
bank0,D6C9,FUN_CODE_d6c9,11,call-target,no,no,,,,,bank0/D6C9.c
bank0,D6D4,FUN_CODE_d6d4,11,call-target,no,no,,,,,bank0/D6D4.c
bank0,D6DF,FUN_CODE_d6df,11,call-target,no,no,,,,,bank0/D6DF.c
bank0,D6EA,FUN_CODE_d6ea,5,call-target,no,no,,,,,bank0/D6EA.c
bank0,D6EF,FUN_CODE_d6ef,5,auto,no,no,,,,,bank0/D6EF.c
bank0,D6F4,FUN_CODE_d6f4,46,call-target,no,no,,,,,bank0/D6F4.c
bank0,D722,FUN_CODE_d722,9,call-target,no,no,,,,,bank0/D722.c
bank0,D72B,FUN_CODE_d72b,18,call-target,no,no,,,,,bank0/D72B.c
bank0,D73D,FUN_CODE_d73d,18,call-target,no,no,,,,,bank0/D73D.c
bank0,D74F,FUN_CODE_d74f,8,call-target,no,no,,,,,bank0/D74F.c
bank0,D757,FUN_CODE_d757,282,call-target,no,no,,,,,bank0/D757.c
bank0,D872,FUN_CODE_d872,23,call-target,no,no,,,,,bank0/D872.c
bank0,D889,FUN_CODE_d889,11,call-target,no,no,,,,,bank0/D889.c
bank0,D894,FUN_CODE_d894,11,call-target,no,no,,,,,bank0/D894.c
bank0,D927,FUN_CODE_d927,31,call-target,no,no,,,,,bank0/D927.c
bank0,D946,FUN_CODE_d946,38,call-target,no,no,,,,,bank0/D946.c
bank0,D991,FUN_CODE_d991,65,call-target,no,no,,,,,bank0/D991.c
bank0,D9D2,FUN_CODE_d9d2,9,call-target,no,no,,,,,bank0/D9D2.c
bank0,D9DB,FUN_CODE_d9db,1,call-target,no,no,,,,,bank0/D9DB.c
bank0,D9DC,FUN_CODE_d9dc,31,call-target,no,no,,,,,bank0/D9DC.c
bank0,D9FE,FUN_CODE_d9fe,203,call-target,no,no,,,,,bank0/D9FE.c
bank0,DB3E,FUN_CODE_db3e,25,call-target,no,no,,,,,bank0/DB3E.c
bank0,DB57,FUN_CODE_db57,22,call-target,no,no,,,,,bank0/DB57.c
bank0,DB6D,FUN_CODE_db6d,15,call-target,no,no,,,,,bank0/DB6D.c
bank0,DB7C,FUN_CODE_db7c,14,call-target,no,no,,,,,bank0/DB7C.c
bank0,DB8A,FUN_CODE_db8a,12,call-target,no,no,,,,,bank0/DB8A.c
bank0,DB96,FUN_CODE_db96,76,call-target,no,no,,,,,bank0/DB96.c
bank0,DBE2,FUN_CODE_dbe2,53,call-target,no,no,,,,,bank0/DBE2.c
bank0,DC17,FUN_CODE_dc17,73,call-target,no,no,,,,,bank0/DC17.c
bank0,DC60,FUN_CODE_dc60,23,call-target,no,no,,,,,bank0/DC60.c
bank0,DC77,FUN_CODE_dc77,22,call-target,no,no,,,,,bank0/DC77.c
bank0,DC8D,FUN_CODE_dc8d,7,call-target,no,no,,,,,bank0/DC8D.c
bank0,DC94,FUN_CODE_dc94,5,call-target,no,no,,,,,bank0/DC94.c
bank0,DC99,FUN_CODE_dc99,5,call-target,no,no,,,,,bank0/DC99.c
bank0,DC9E,FUN_CODE_dc9e,17,call-target,no,no,,,,,bank0/DC9E.c
bank0,DCAF,thunk_FUN_CODE_1948,3,call-target,no,no,,,,,bank0/DCAF.c
bank0,DCB2,FUN_CODE_dcb2,8,call-target,no,no,,,,,bank0/DCB2.c
bank0,DCBA,FUN_CODE_dcba,17,call-target,no,no,,,,,bank0/DCBA.c
bank0,DCCB,FUN_CODE_dccb,5,call-target,no,no,,,,,bank0/DCCB.c
bank0,DCD0,FUN_CODE_dcd0,5,call-target,no,no,,,,,bank0/DCD0.c
bank0,DCD5,FUN_CODE_dcd5,8,call-target,no,no,,,,,bank0/DCD5.c
bank0,DCDD,FUN_CODE_dcdd,8,call-target,no,no,,,,,bank0/DCDD.c
bank0,DCE5,FUN_CODE_dce5,8,call-target,no,no,,,,,bank0/DCE5.c
bank0,DCED,FUN_CODE_dced,8,call-target,no,no,,,,,bank0/DCED.c
bank0,DCF5,FUN_CODE_dcf5,5,call-target,no,no,,,,,bank0/DCF5.c
bank0,DCFA,FUN_CODE_dcfa,17,call-target,no,no,,,,,bank0/DCFA.c
bank0,DD10,FUN_CODE_dd10,17,call-target,no,no,,,,,bank0/DD10.c
bank0,DD21,thunk_FUN_CODE_194e,3,call-target,no,no,,,,,bank0/DD21.c
bank0,DD24,FUN_CODE_dd24,8,call-target,no,no,,,,,bank0/DD24.c
bank0,DD2C,FUN_CODE_dd2c,17,call-target,no,no,,,,,bank0/DD2C.c
bank0,DD3D,FUN_CODE_dd3d,13,call-target,no,no,,,,,bank0/DD3D.c
bank0,DD4A,FUN_CODE_dd4a,18,call-target,no,no,,,,,bank0/DD4A.c
bank0,DD5C,FUN_CODE_dd5c,9,call-target,no,no,,,,,bank0/DD5C.c
bank0,DE4D,FUN_CODE_de4d,9,call-target,no,no,,,,,bank0/DE4D.c
bank0,DE56,FUN_CODE_de56,15,call-target,no,no,,,,,bank0/DE56.c
bank0,DE65,FUN_CODE_de65,30,call-target,no,no,,,,,bank0/DE65.c
bank0,DE83,FUN_CODE_de83,155,call-target,no,no,,,,,bank0/DE83.c
bank0,DF1E,FUN_CODE_df1e,23,call-target,no,no,,,,,bank0/DF1E.c
bank0,DF35,FUN_CODE_df35,23,call-target,no,no,,,,,bank0/DF35.c
bank0,DF78,FUN_CODE_df78,40,call-target,no,no,,,,,bank0/DF78.c
bank0,DFA0,FUN_CODE_dfa0,63,call-target,no,no,,,,,bank0/DFA0.c
bank0,DFDF,FUN_CODE_dfdf,29,call-target,no,no,,,,,bank0/DFDF.c
bank0,E010,FUN_CODE_e010,4,call-target,no,no,,,,,bank0/E010.c
bank0,E014,FUN_CODE_e014,12,call-target,no,no,,,,,bank0/E014.c
bank0,E020,FUN_CODE_e020,4,call-target,no,no,,,,,bank0/E020.c
bank0,E024,FUN_CODE_e024,9,call-target,no,no,,,,,bank0/E024.c
bank0,E02D,FUN_CODE_e02d,6,call-target,no,no,,,,,bank0/E02D.c
bank0,E033,FUN_CODE_e033,12,call-target,no,no,,,,,bank0/E033.c
bank0,E03F,FUN_CODE_e03f,17,call-target,no,no,,,,,bank0/E03F.c
bank0,E054,FUN_CODE_e054,2,call-target,no,no,,,,,bank0/E054.c
bank0,E064,FUN_CODE_e064,7,call-target,no,no,,,,,bank0/E064.c
bank0,E06F,FUN_CODE_e06f,6,call-target,no,no,,,,,bank0/E06F.c
bank0,E090,FUN_CODE_e090,9,call-target,no,no,,,,,bank0/E090.c
bank0,E0C3,FUN_CODE_e0c3,12,call-target,no,no,,,,,bank0/E0C3.c
bank0,E0D3,FUN_CODE_e0d3,8,call-target,no,no,,,,,bank0/E0D3.c
bank0,E0FE,FUN_CODE_e0fe,75,call-target,no,no,,,,,bank0/E0FE.c
bank0,E149,FUN_CODE_e149,24,call-target,no,no,,,,,bank0/E149.c
bank0,E161,FUN_CODE_e161,13,call-target,no,no,,,,,bank0/E161.c
bank0,E256,FUN_CODE_e256,205,call-target,no,no,,,,,bank0/E256.c
bank0,E376,FUN_CODE_e376,5,call-target,no,no,,,,,bank0/E376.c
bank0,E37B,FUN_CODE_e37b,14,call-target,no,no,,,,,bank0/E37B.c
bank0,E389,FUN_CODE_e389,59,call-target,no,no,,,,,bank0/E389.c
bank0,E3C4,FUN_CODE_e3c4,5,call-target,no,no,,,,,bank0/E3C4.c
bank0,E3C9,FUN_CODE_e3c9,7,call-target,no,no,,,,,bank0/E3C9.c
bank0,E3D0,FUN_CODE_e3d0,131,call-target,no,no,,,,,bank0/E3D0.c
bank0,E453,FUN_CODE_e453,102,call-target,no,no,,,,,bank0/E453.c
bank0,E4B9,FUN_CODE_e4b9,54,call-target,no,no,,,,,bank0/E4B9.c
bank0,E4F0,thunk_FUN_CODE_f0a3,3,call-target,no,no,,,,,bank0/E4F0.c
bank0,E4FE,FUN_CODE_e4fe,32,call-target,no,no,,,,,bank0/E4FE.c
bank0,E51E,FUN_CODE_e51e,33,call-target,no,no,,,,,bank0/E51E.c
bank0,E567,FUN_CODE_e567,42,call-target,no,no,,,,,bank0/E567.c
bank0,E570,FUN_CODE_e570,65,call-target,no,no,,,,,bank0/E570.c
bank0,E5B1,FUN_CODE_e5b1,13,call-target,no,no,,,,,bank0/E5B1.c
bank0,E5BE,FUN_CODE_e5be,53,call-target,no,no,,,,,bank0/E5BE.c
bank0,E5F3,FUN_CODE_e5f3,49,call-target,no,no,,,,,bank0/E5F3.c
bank0,E624,FUN_CODE_e624,38,call-target,no,no,,,,,bank0/E624.c
bank0,E64A,FUN_CODE_e64a,38,call-target,no,no,,,,,bank0/E64A.c
bank0,E670,FUN_CODE_e670,65,call-target,no,no,,,,,bank0/E670.c
bank0,E6B1,FUN_CODE_e6b1,67,call-target,no,no,,,,,bank0/E6B1.c
bank0,E6F4,FUN_CODE_e6f4,46,call-target,no,no,,,,,bank0/E6F4.c
bank0,E722,FUN_CODE_e722,150,auto,no,no,,,,,bank0/E722.c
bank0,E7B8,FUN_CODE_e7b8,3,call-target,no,no,,,,,bank0/E7B8.c
bank0,E7BB,FUN_CODE_e7bb,12,auto,no,no,,,,,bank0/E7BB.c
bank0,E7C7,FUN_CODE_e7c7,3,call-target,no,no,,,,,bank0/E7C7.c
bank0,E7CA,FUN_CODE_e7ca,88,call-target,no,no,,,,,bank0/E7CA.c
bank0,E822,FUN_CODE_e822,113,auto,no,no,,,,,bank0/E822.c
bank0,E893,FUN_CODE_e893,3,call-target,no,no,,,,,bank0/E893.c
bank0,E896,FUN_CODE_e896,46,call-target,no,no,,,,,bank0/E896.c
bank0,E8C4,FUN_CODE_e8c4,35,call-target,no,no,,,,,bank0/E8C4.c
bank0,E8EC,FUN_CODE_e8ec,113,auto,no,no,,,,,bank0/E8EC.c
bank0,E9DE,FUN_CODE_e9de,73,call-target,no,no,,,,,bank0/E9DE.c
bank0,EA94,FUN_CODE_ea94,25,call-target,no,no,,,,,bank0/EA94.c
bank0,EAAD,FUN_CODE_eaad,25,call-target,no,no,,,,,bank0/EAAD.c
bank0,EAC6,FUN_CODE_eac6,11,call-target,no,no,,,,,bank0/EAC6.c
bank0,EAD1,FUN_CODE_ead1,9,call-target,no,no,,,,,bank0/EAD1.c
bank0,EADA,FUN_CODE_eada,251,call-target,no,no,,,,,bank0/EADA.c
bank0,EBD5,FUN_CODE_ebd5,17,call-target,no,no,,,,,bank0/EBD5.c
bank0,EC59,FUN_CODE_ec59,85,call-target,no,no,,,,,bank0/EC59.c
bank0,ED47,FUN_CODE_ed47,11,call-target,no,no,,,,,bank0/ED47.c
bank0,ED52,FUN_CODE_ed52,28,call-target,no,no,,,,,bank0/ED52.c
bank0,ED6E,FUN_CODE_ed6e,6,call-target,no,no,,,,,bank0/ED6E.c
bank0,ED74,FUN_CODE_ed74,39,call-target,no,no,,,,,bank0/ED74.c
bank0,ED9B,FUN_CODE_ed9b,7,call-target,no,no,,,,,bank0/ED9B.c
bank0,EDA4,FUN_CODE_eda4,2,call-target,no,no,,,,,bank0/EDA4.c
bank0,EDA6,FUN_CODE_eda6,7,call-target,no,no,,,,,bank0/EDA6.c
bank0,EDBC,FUN_CODE_edbc,28,call-target,no,no,,,,,bank0/EDBC.c
bank0,EDD8,FUN_CODE_edd8,55,call-target,no,no,,,,,bank0/EDD8.c
bank0,EE0F,FUN_CODE_ee0f,64,call-target,no,no,,,,,bank0/EE0F.c
bank0,EE4F,FUN_CODE_ee4f,71,call-target,no,no,,,,,bank0/EE4F.c
bank0,EE96,FUN_CODE_ee96,64,call-target,no,no,,,,,bank0/EE96.c
bank0,EED6,FUN_CODE_eed6,62,call-target,no,no,,,,,bank0/EED6.c
bank0,EF12,thunk_FUN_CODE_e822,2,call-target,no,no,,,,,bank0/EF12.c
bank0,EF17,FUN_CODE_ef17,17,call-target,no,no,,,,,bank0/EF17.c
bank0,EF60,FUN_CODE_ef60,16,call-target,no,no,,,,,bank0/EF60.c
bank0,EF70,FUN_CODE_ef70,17,call-target,no,no,,,,,bank0/EF70.c
bank0,EFDC,FUN_CODE_efdc,20,call-target,no,no,,,,,bank0/EFDC.c
bank0,EFF0,FUN_CODE_eff0,17,call-target,no,no,,,,,bank0/EFF0.c
bank0,F002,FUN_CODE_f002,29,call-target,no,no,,,,,bank0/F002.c
bank0,F012,FUN_CODE_f012,16,call-target,no,no,,,,,bank0/F012.c
bank0,F022,FUN_CODE_f022,73,call-target,no,no,,,,,bank0/F022.c
bank0,F06B,FUN_CODE_f06b,12,call-target,no,no,,,,,bank0/F06B.c
bank0,F077,FUN_CODE_f077,1,call-target,no,no,,,,,bank0/F077.c
bank0,F078,FUN_CODE_f078,1,call-target,no,no,,,,,bank0/F078.c
bank0,F079,FUN_CODE_f079,5,call-target,no,no,,,,,bank0/F079.c
bank0,F07E,FUN_CODE_f07e,1,call-target,no,no,,,,,bank0/F07E.c
bank0,F07F,FUN_CODE_f07f,1,call-target,no,no,,,,,bank0/F07F.c
bank0,F080,FUN_CODE_f080,1,call-target,no,no,,,,,bank0/F080.c
bank0,F081,FUN_CODE_f081,2,call-target,no,no,,,,,bank0/F081.c
bank0,F083,FUN_CODE_f083,6,call-target,no,no,,,,,bank0/F083.c
bank0,F089,FUN_CODE_f089,2,call-target,no,no,,,,,bank0/F089.c
bank0,F08B,FUN_CODE_f08b,5,call-target,no,no,,,,,bank0/F08B.c
bank0,F090,FUN_CODE_f090,5,call-target,no,no,,,,,bank0/F090.c
bank0,F095,FUN_CODE_f095,10,call-target,no,no,,,,,bank0/F095.c
bank0,F09F,FUN_CODE_f09f,2,call-target,no,no,,,,,bank0/F09F.c
bank0,F0A1,FUN_CODE_f0a1,1,call-target,no,no,,,,,bank0/F0A1.c
bank0,F0A3,FUN_CODE_f0a3,14,call-target,no,no,,,,,bank0/F0A3.c
bank0,F0B1,FUN_CODE_f0b1,2,call-target,no,no,,,,,bank0/F0B1.c
bank0,F0B3,FUN_CODE_f0b3,17,call-target,no,no,,,,,bank0/F0B3.c
bank0,F0C4,FUN_CODE_f0c4,4,call-target,no,no,,,,,bank0/F0C4.c
bank0,F0C8,FUN_CODE_f0c8,2,call-target,no,no,,,,,bank0/F0C8.c
bank0,F0CA,FUN_CODE_f0ca,18,call-target,no,no,,,,,bank0/F0CA.c
bank0,F0DC,FUN_CODE_f0dc,4,call-target,no,no,,,,,bank0/F0DC.c
bank0,F0E0,FUN_CODE_f0e0,4,call-target,no,no,,,,,bank0/F0E0.c
bank0,F0E4,FUN_CODE_f0e4,9,call-target,no,no,,,,,bank0/F0E4.c
bank0,F0ED,FUN_CODE_f0ed,2,call-target,no,no,,,,,bank0/F0ED.c
bank0,F0EF,FUN_CODE_f0ef,4,call-target,no,no,,,,,bank0/F0EF.c
bank0,F0F3,FUN_CODE_f0f3,11,call-target,no,no,,,,,bank0/F0F3.c
bank0,F0FE,FUN_CODE_f0fe,9,call-target,no,no,,,,,bank0/F0FE.c
bank0,F107,FUN_CODE_f107,1,call-target,no,no,,,,,bank0/F107.c
bank0,F108,FUN_CODE_f108,7,call-target,no,no,,,,,bank0/F108.c
bank0,F10F,FUN_CODE_f10f,7,call-target,no,no,,,,,bank0/F10F.c
bank0,F116,FUN_CODE_f116,2,call-target,no,no,,,,,bank0/F116.c
bank0,F118,FUN_CODE_f118,9,call-target,no,no,,,,,bank0/F118.c
bank0,F121,FUN_CODE_f121,7,call-target,no,no,,,,,bank0/F121.c
bank0,F128,FUN_CODE_f128,7,call-target,no,no,,,,,bank0/F128.c
bank0,F12F,FUN_CODE_f12f,9,call-target,no,no,,,,,bank0/F12F.c
bank0,F138,FUN_CODE_f138,9,call-target,no,no,,,,,bank0/F138.c
bank0,F141,FUN_CODE_f141,16,call-target,no,no,,,,,bank0/F141.c
bank0,F151,FUN_CODE_f151,8,call-target,no,no,,,,,bank0/F151.c
bank0,F159,FUN_CODE_f159,8,call-target,no,no,,,,,bank0/F159.c
bank0,F161,FUN_CODE_f161,4,call-target,no,no,,,,,bank0/F161.c
bank0,F165,FUN_CODE_f165,8,call-target,no,no,,,,,bank0/F165.c
bank0,F16D,FUN_CODE_f16d,10,call-target,no,no,,,,,bank0/F16D.c
bank0,F177,FUN_CODE_f177,7,call-target,no,no,,,,,bank0/F177.c
bank0,F17E,FUN_CODE_f17e,11,call-target,no,no,,,,,bank0/F17E.c
bank0,F189,FUN_CODE_f189,7,call-target,no,no,,,,,bank0/F189.c
bank0,F1E9,FUN_CODE_f1e9,56,call-target,no,no,,,,,bank0/F1E9.c
bank0,F221,FUN_CODE_f221,24,call-target,no,no,,,,,bank0/F221.c
bank0,F239,FUN_CODE_f239,37,call-target,no,no,,,,,bank0/F239.c
bank0,F424,FUN_CODE_f424,7,call-target,no,no,,,,,bank0/F424.c
bank0,F42B,FUN_CODE_f42b,5,call-target,no,no,,,,,bank0/F42B.c
bank0,F430,FUN_CODE_f430,1,call-target,no,no,,,,,bank0/F430.c
bank0,F431,FUN_CODE_f431,30,call-target,no,no,,,,,bank0/F431.c
bank0,F44F,FUN_CODE_f44f,24,call-target,no,no,,,,,bank0/F44F.c
bank0,F467,FUN_CODE_f467,30,call-target,no,no,,,,,bank0/F467.c
bank0,F485,FUN_CODE_f485,14,call-target,no,no,,,,,bank0/F485.c
bank0,F493,FUN_CODE_f493,2,call-target,no,no,,,,,bank0/F493.c
bank0,F495,FUN_CODE_f495,3,call-target,no,no,,,,,bank0/F495.c
bank0,F498,FUN_CODE_f498,1,call-target,no,no,,,,,bank0/F498.c
bank0,F499,FUN_CODE_f499,11,call-target,no,no,,,,,bank0/F499.c
bank0,F4A4,FUN_CODE_f4a4,7,call-target,no,no,,,,,bank0/F4A4.c
bank0,F4AB,FUN_CODE_f4ab,8,call-target,no,no,,,,,bank0/F4AB.c
bank0,F4B3,FUN_CODE_f4b3,14,call-target,no,no,,,,,bank0/F4B3.c
bank0,F4C1,FUN_CODE_f4c1,13,call-target,no,no,,,,,bank0/F4C1.c
bank0,F566,FUN_CODE_f566,17,call-target,no,no,,,,,bank0/F566.c
bank0,F583,FUN_CODE_f583,17,call-target,no,no,,,,,bank0/F583.c
bank0,FAE8,FUN_CODE_fae8,17,call-target,no,no,,,,,bank0/FAE8.c
bank0,FE0F,FUN_CODE_fe0f,220,call-target,no,no,,,,,bank0/FE0F.c
bank0,FF17,FUN_CODE_ff17,17,auto,no,no,,,,,bank0/FF17.c
bank0,FF90,FUN_CODE_ff90,17,call-target,no,no,,,,,bank0/FF90.c
bank1,1738,FUN_CODE_1738,6,auto,yes,no,,,,,bank1/1738.c
bank1,1762,FUN_CODE_1762,6,auto,yes,no,,,,,bank1/1762.c
bank1,1768,FUN_CODE_1768,6,auto,yes,no,,,,,bank1/1768.c
bank1,17FE,FUN_CODE_17fe,1,auto,yes,no,,,,,bank1/17FE.c
bank1,1803,FUN_CODE_1803,1,call-target,yes,no,,,,,bank1/1803.c
bank1,1804,FUN_CODE_1804,6,auto,yes,no,,,,,bank1/1804.c
bank1,1984,FUN_CODE_1984,6,auto,yes,no,,,,,bank1/1984.c
bank1,198A,FUN_CODE_198a,6,auto,yes,no,,,,,bank1/198A.c
bank1,1990,FUN_CODE_1990,6,auto,yes,no,,,,,bank1/1990.c
bank1,1996,FUN_CODE_1996,6,auto,yes,no,,,,,bank1/1996.c
bank1,199C,FUN_CODE_199c,6,auto,yes,no,,,,,bank1/199C.c
bank1,19A2,FUN_CODE_19a2,6,auto,yes,no,,,,,bank1/19A2.c
bank1,19A8,FUN_CODE_19a8,6,auto,yes,no,,,,,bank1/19A8.c
bank1,19AE,FUN_CODE_19ae,6,auto,yes,no,,,,,bank1/19AE.c
bank1,19B4,FUN_CODE_19b4,6,auto,yes,no,,,,,bank1/19B4.c
bank1,19BA,FUN_CODE_19ba,6,auto,yes,no,,,,,bank1/19BA.c
bank1,19C0,FUN_CODE_19c0,6,auto,yes,no,,,,,bank1/19C0.c
bank1,19C6,FUN_CODE_19c6,6,auto,yes,no,,,,,bank1/19C6.c
bank1,19D2,FUN_CODE_19d2,6,auto,yes,no,,,,,bank1/19D2.c
bank1,19DE,FUN_CODE_19de,6,auto,yes,no,,,,,bank1/19DE.c
bank1,19E4,FUN_CODE_19e4,6,auto,yes,no,,,,,bank1/19E4.c
bank1,19EA,FUN_CODE_19ea,6,auto,yes,no,,,,,bank1/19EA.c
bank1,19F0,FUN_CODE_19f0,6,auto,yes,no,,,,,bank1/19F0.c
bank1,19F6,FUN_CODE_19f6,6,auto,yes,no,,,,,bank1/19F6.c
bank1,19FC,FUN_CODE_19fc,6,auto,yes,no,,,,,bank1/19FC.c
bank1,1A02,FUN_CODE_1a02,6,auto,yes,no,,,,,bank1/1A02.c
bank1,1A08,FUN_CODE_1a08,6,auto,yes,no,,,,,bank1/1A08.c
bank1,1A0E,FUN_CODE_1a0e,6,auto,yes,no,,,,,bank1/1A0E.c
bank1,1A14,FUN_CODE_1a14,6,auto,yes,no,,,,,bank1/1A14.c
bank1,1A1A,FUN_CODE_1a1a,6,auto,yes,no,,,,,bank1/1A1A.c
bank1,1A20,FUN_CODE_1a20,6,auto,yes,no,,,,,bank1/1A20.c
bank1,1A26,FUN_CODE_1a26,6,auto,yes,no,,,,,bank1/1A26.c
bank1,1A2C,FUN_CODE_1a2c,6,auto,yes,no,,,,,bank1/1A2C.c
bank1,1A32,FUN_CODE_1a32,6,auto,yes,no,,,,,bank1/1A32.c
bank1,1A38,FUN_CODE_1a38,6,auto,yes,no,,,,,bank1/1A38.c
bank1,1A3E,FUN_CODE_1a3e,6,auto,yes,no,,,,,bank1/1A3E.c
bank1,1A44,FUN_CODE_1a44,6,auto,yes,no,,,,,bank1/1A44.c
bank1,1A4A,FUN_CODE_1a4a,6,auto,yes,no,,,,,bank1/1A4A.c
bank1,1A50,FUN_CODE_1a50,6,auto,yes,no,,,,,bank1/1A50.c
bank1,1A56,FUN_CODE_1a56,6,auto,yes,no,,,,,bank1/1A56.c
bank1,1A5C,FUN_CODE_1a5c,6,auto,yes,no,,,,,bank1/1A5C.c
bank1,1A62,FUN_CODE_1a62,6,auto,yes,no,,,,,bank1/1A62.c
bank1,1A68,FUN_CODE_1a68,6,auto,yes,no,,,,,bank1/1A68.c
bank1,1A6E,FUN_CODE_1a6e,6,auto,yes,no,,,,,bank1/1A6E.c
bank1,1A74,FUN_CODE_1a74,6,auto,yes,no,,,,,bank1/1A74.c
bank1,1A7A,FUN_CODE_1a7a,6,auto,yes,no,,,,,bank1/1A7A.c
bank1,1A80,FUN_CODE_1a80,6,auto,yes,no,,,,,bank1/1A80.c
bank1,1A86,FUN_CODE_1a86,6,auto,yes,no,,,,,bank1/1A86.c
bank1,1A8C,FUN_CODE_1a8c,6,auto,yes,no,,,,,bank1/1A8C.c
bank1,1A92,FUN_CODE_1a92,6,auto,yes,no,,,,,bank1/1A92.c
bank1,1A98,FUN_CODE_1a98,6,auto,yes,no,,,,,bank1/1A98.c
bank1,1A9E,FUN_CODE_1a9e,6,auto,yes,no,,,,,bank1/1A9E.c
bank1,1AA4,FUN_CODE_1aa4,6,auto,yes,no,,,,,bank1/1AA4.c
bank1,1AAA,FUN_CODE_1aaa,6,auto,yes,no,,,,,bank1/1AAA.c
bank1,1AB0,FUN_CODE_1ab0,6,auto,yes,no,,,,,bank1/1AB0.c
bank1,1AB6,FUN_CODE_1ab6,6,auto,yes,no,,,,,bank1/1AB6.c
bank1,1ABC,FUN_CODE_1abc,6,auto,yes,no,,,,,bank1/1ABC.c
bank1,2A6C,FUN_CODE_2a6c,4,call-target,yes,no,,,,,bank1/2A6C.c
bank1,2A70,FUN_CODE_2a70,11,auto,yes,no,,,,,bank1/2A70.c
bank1,2BD5,FUN_CODE_2bd5,155,call-target,yes,no,,,,,bank1/2BD5.c
bank1,2C70,FUN_CODE_2c70,67,auto,yes,no,,,,,bank1/2C70.c
bank1,3A60,FUN_CODE_3a60,107,call-target,yes,no,,,,,bank1/3A60.c
bank1,4874,FUN_CODE_4874,42,call-target,yes,no,,,,,bank1/4874.c
bank1,4A26,FUN_CODE_4a26,26,call-target,yes,no,,,,,bank1/4A26.c
bank1,703F,thunk_FUN_CODE_e322,3,call-target,yes,no,,,,,bank1/703F.c
bank1,8000,FUN_CODE_8000,1,call-target,no,no,,,,,bank1/8000.c
bank1,8001,FUN_CODE_8001,3,call-target,no,no,,,,,bank1/8001.c
bank1,8004,FUN_CODE_8004,1,call-target,no,no,,,,,bank1/8004.c
bank1,8005,FUN_CODE_8005,2,call-target,no,no,,,,,bank1/8005.c
bank1,8007,FUN_CODE_8007,1,call-target,no,no,,,,,bank1/8007.c
bank1,8008,FUN_CODE_8008,1,call-target,no,no,,,,,bank1/8008.c
bank1,8009,FUN_CODE_8009,3,call-target,no,no,,,,,bank1/8009.c
bank1,800C,FUN_CODE_800c,1,call-target,no,no,,,,,bank1/800C.c
bank1,800D,FUN_CODE_800d,2,call-target,no,no,,,,,bank1/800D.c
bank1,800F,FUN_CODE_800f,1,call-target,no,no,,,,,bank1/800F.c
bank1,8010,FUN_CODE_8010,1,call-target,no,no,,,,,bank1/8010.c
bank1,8011,FUN_CODE_8011,3,call-target,no,no,,,,,bank1/8011.c
bank1,8014,FUN_CODE_8014,3,call-target,no,no,,,,,bank1/8014.c
bank1,8017,FUN_CODE_8017,1,call-target,no,no,,,,,bank1/8017.c
bank1,8018,FUN_CODE_8018,1,call-target,no,no,,,,,bank1/8018.c
bank1,8019,FUN_CODE_8019,3,call-target,no,no,,,,,bank1/8019.c
bank1,801C,FUN_CODE_801c,1,call-target,no,no,,,,,bank1/801C.c
bank1,801D,FUN_CODE_801d,2,call-target,no,no,,,,,bank1/801D.c
bank1,801F,FUN_CODE_801f,1,call-target,no,no,,,,,bank1/801F.c
bank1,8020,FUN_CODE_8020,1,call-target,no,no,,,,,bank1/8020.c
bank1,8021,FUN_CODE_8021,3,call-target,no,no,,,,,bank1/8021.c
bank1,8024,FUN_CODE_8024,1,call-target,no,no,,,,,bank1/8024.c
bank1,8025,FUN_CODE_8025,2,call-target,no,no,,,,,bank1/8025.c
bank1,8027,FUN_CODE_8027,1,call-target,no,no,,,,,bank1/8027.c
bank1,8028,FUN_CODE_8028,4,call-target,no,no,,,,,bank1/8028.c
bank1,802C,FUN_CODE_802c,1,call-target,no,no,,,,,bank1/802C.c
bank1,802D,FUN_CODE_802d,2,call-target,no,no,,,,,bank1/802D.c
bank1,802F,FUN_CODE_802f,1,call-target,no,no,,,,,bank1/802F.c
bank1,8030,FUN_CODE_8030,1,call-target,no,no,,,,,bank1/8030.c
bank1,8031,FUN_CODE_8031,4,call-target,no,no,,,,,bank1/8031.c
bank1,8035,FUN_CODE_8035,2,call-target,no,no,,,,,bank1/8035.c
bank1,8037,FUN_CODE_8037,5,call-target,no,no,,,,,bank1/8037.c
bank1,803C,FUN_CODE_803c,12,call-target,no,no,,,,,bank1/803C.c
bank1,8048,FUN_CODE_8048,5,call-target,no,no,,,,,bank1/8048.c
bank1,804D,FUN_CODE_804d,19,call-target,no,no,,,,,bank1/804D.c
bank1,8060,FUN_CODE_8060,2,call-target,no,no,,,,,bank1/8060.c
bank1,8062,FUN_CODE_8062,10,call-target,no,no,,,,,bank1/8062.c
bank1,806C,FUN_CODE_806c,18,call-target,no,no,,,,,bank1/806C.c
bank1,807E,FUN_CODE_807e,24,call-target,no,no,,,,,bank1/807E.c
bank1,8096,FUN_CODE_8096,20,call-target,no,no,,,,,bank1/8096.c
bank1,80AA,FUN_CODE_80aa,44,call-target,no,no,,,,,bank1/80AA.c
bank1,80D6,FUN_CODE_80d6,25,call-target,no,no,,,,,bank1/80D6.c
bank1,80EF,FUN_CODE_80ef,155,call-target,no,no,,,,,bank1/80EF.c
bank1,8202,FUN_CODE_8202,13,call-target,no,no,,,,,bank1/8202.c
bank1,820F,FUN_CODE_820f,16,call-target,no,no,,,,,bank1/820F.c
bank1,8300,FUN_CODE_8300,62,auto,no,no,,,,,bank1/8300.c
bank1,8418,FUN_CODE_8418,59,call-target,no,no,,,,,bank1/8418.c
bank1,84E5,FUN_CODE_84e5,7,call-target,no,no,,,,,bank1/84E5.c
bank1,8500,FUN_CODE_8500,4,call-target,no,no,,,,,bank1/8500.c
bank1,8504,FUN_CODE_8504,74,call-target,no,no,,,,,bank1/8504.c
bank1,8597,FUN_CODE_8597,3,call-target,no,no,,,,,bank1/8597.c
bank1,859B,FUN_CODE_859b,19,call-target,no,no,,,,,bank1/859B.c
bank1,85AE,FUN_CODE_85ae,19,call-target,no,no,,,,,bank1/85AE.c
bank1,85C1,FUN_CODE_85c1,40,call-target,no,no,,,,,bank1/85C1.c
bank1,85E9,FUN_CODE_85e9,7,call-target,no,no,,,,,bank1/85E9.c
bank1,85F0,FUN_CODE_85f0,4,call-target,no,no,,,,,bank1/85F0.c
bank1,86C4,FUN_CODE_86c4,30,call-target,no,no,,,,,bank1/86C4.c
bank1,87CA,FUN_CODE_87ca,15,call-target,no,no,,,,,bank1/87CA.c
bank1,87DD,FUN_CODE_87dd,28,call-target,no,no,,,,,bank1/87DD.c
bank1,8801,FUN_CODE_8801,1,call-target,no,no,,,,,bank1/8801.c
bank1,8802,FUN_CODE_8802,2,call-target,no,no,,,,,bank1/8802.c
bank1,881B,FUN_CODE_881b,25,call-target,no,no,,,,,bank1/881B.c
bank1,8834,FUN_CODE_8834,16,call-target,no,no,,,,,bank1/8834.c
bank1,8844,FUN_CODE_8844,16,call-target,no,no,,,,,bank1/8844.c
bank1,8854,FUN_CODE_8854,7,call-target,no,no,,,,,bank1/8854.c
bank1,885B,FUN_CODE_885b,8,call-target,no,no,,,,,bank1/885B.c
bank1,8863,FUN_CODE_8863,23,call-target,no,no,,,,,bank1/8863.c
bank1,887A,FUN_CODE_887a,12,call-target,no,no,,,,,bank1/887A.c
bank1,8886,FUN_CODE_8886,6,call-target,no,no,,,,,bank1/8886.c
bank1,888C,FUN_CODE_888c,6,call-target,no,no,,,,,bank1/888C.c
bank1,8892,FUN_CODE_8892,6,call-target,no,no,,,,,bank1/8892.c
bank1,8898,FUN_CODE_8898,6,call-target,no,no,,,,,bank1/8898.c
bank1,889E,FUN_CODE_889e,6,call-target,no,no,,,,,bank1/889E.c
bank1,88A4,FUN_CODE_88a4,8,call-target,no,no,,,,,bank1/88A4.c
bank1,88F0,FUN_CODE_88f0,17,call-target,no,no,,,,,bank1/88F0.c
bank1,8901,FUN_CODE_8901,1,call-target,no,no,,,,,bank1/8901.c
bank1,8902,FUN_CODE_8902,19,call-target,no,no,,,,,bank1/8902.c
bank1,8915,FUN_CODE_8915,64,call-target,no,no,,,,,bank1/8915.c
bank1,8955,FUN_CODE_8955,21,call-target,no,no,,,,,bank1/8955.c
bank1,896A,FUN_CODE_896a,17,call-target,no,no,,,,,bank1/896A.c
bank1,897B,FUN_CODE_897b,46,call-target,no,no,,,,,bank1/897B.c
bank1,89A9,FUN_CODE_89a9,12,call-target,no,no,,,,,bank1/89A9.c
bank1,89B5,FUN_CODE_89b5,50,call-target,no,no,,,,,bank1/89B5.c
bank1,89E7,FUN_CODE_89e7,13,call-target,no,no,,,,,bank1/89E7.c
bank1,89F4,FUN_CODE_89f4,15,call-target,no,no,,,,,bank1/89F4.c
bank1,8A03,FUN_CODE_8a03,1,call-target,no,no,,,,,bank1/8A03.c
bank1,8A6C,FUN_CODE_8a6c,20,call-target,no,no,,,,,bank1/8A6C.c
bank1,8A80,caseD_0,3,auto,no,yes,,,,,bank1/8A80.c
bank1,8A98,FUN_CODE_8a98,15,call-target,no,no,,,,,bank1/8A98.c
bank1,8AA7,FUN_CODE_8aa7,20,call-target,no,no,,,,,bank1/8AA7.c
bank1,8ABB,FUN_CODE_8abb,42,call-target,no,no,,,,,bank1/8ABB.c
bank1,8AE5,FUN_CODE_8ae5,28,call-target,no,no,,,,,bank1/8AE5.c
bank1,8B01,FUN_CODE_8b01,3,call-target,no,no,,,,,bank1/8B01.c
bank1,8B04,FUN_CODE_8b04,128,call-target,no,no,,,,,bank1/8B04.c
bank1,8B31,FUN_CODE_8b31,2,call-target,no,no,,,,,bank1/8B31.c
bank1,8B33,FUN_CODE_8b33,2,call-target,no,no,,,,,bank1/8B33.c
bank1,8B8F,FUN_CODE_8b8f,35,call-target,no,no,,,,,bank1/8B8F.c
bank1,8BB2,FUN_CODE_8bb2,31,call-target,no,no,,,,,bank1/8BB2.c
bank1,8BD1,FUN_CODE_8bd1,266,call-target,no,no,,,,,bank1/8BD1.c
bank1,8CDB,FUN_CODE_8cdb,2,call-target,no,no,,,,,bank1/8CDB.c
bank1,8CDD,FUN_CODE_8cdd,6,call-target,no,no,,,,,bank1/8CDD.c
bank1,8CE3,FUN_CODE_8ce3,9,call-target,no,no,,,,,bank1/8CE3.c
bank1,8CEC,FUN_CODE_8cec,57,call-target,no,no,,,,,bank1/8CEC.c
bank1,8D25,FUN_CODE_8d25,61,call-target,no,no,,,,,bank1/8D25.c
bank1,8D62,FUN_CODE_8d62,18,call-target,no,no,,,,,bank1/8D62.c
bank1,8D74,FUN_CODE_8d74,15,call-target,no,no,,,,,bank1/8D74.c
bank1,8D83,FUN_CODE_8d83,57,call-target,no,no,,,,,bank1/8D83.c
bank1,8DBC,FUN_CODE_8dbc,40,call-target,no,no,,,,,bank1/8DBC.c
bank1,8DE4,FUN_CODE_8de4,156,call-target,no,no,,,,,bank1/8DE4.c
bank1,8E3B,FUN_CODE_8e3b,17,call-target,no,no,,,,,bank1/8E3B.c
bank1,8E91,FUN_CODE_8e91,59,auto,no,no,,,,,bank1/8E91.c
bank1,8ECC,FUN_CODE_8ecc,107,call-target,no,no,,,,,bank1/8ECC.c
bank1,8F37,FUN_CODE_8f37,29,call-target,no,no,,,,,bank1/8F37.c
bank1,8F54,FUN_CODE_8f54,23,call-target,no,no,,,,,bank1/8F54.c
bank1,8F6B,FUN_CODE_8f6b,151,call-target,no,no,,,,,bank1/8F6B.c
bank1,9000,FUN_CODE_9000,1,call-target,no,no,,,,,bank1/9000.c
bank1,9001,FUN_CODE_9001,1,call-target,no,no,,,,,bank1/9001.c
bank1,9004,FUN_CODE_9004,3,call-target,no,no,,,,,bank1/9004.c
bank1,9007,FUN_CODE_9007,1,call-target,no,no,,,,,bank1/9007.c
bank1,9008,FUN_CODE_9008,121,call-target,no,no,,,,,bank1/9008.c
bank1,9081,FUN_CODE_9081,47,call-target,no,no,,,,,bank1/9081.c
bank1,90B0,thunk_FUN_CODE_90b8,2,call-target,no,no,,,,,bank1/90B0.c
bank1,90B8,FUN_CODE_90b8,192,auto,no,no,,,,,bank1/90B8.c
bank1,9178,FUN_CODE_9178,10,call-target,no,no,,,,,bank1/9178.c
bank1,9182,FUN_CODE_9182,17,call-target,no,no,,,,,bank1/9182.c
bank1,9193,FUN_CODE_9193,6,call-target,no,no,,,,,bank1/9193.c
bank1,9199,FUN_CODE_9199,49,call-target,no,no,,,,,bank1/9199.c
bank1,91D0,caseD_0,3,auto,no,yes,,,,,bank1/91D0.c
bank1,91E8,FUN_CODE_91e8,18,call-target,no,no,,,,,bank1/91E8.c
bank1,91FA,FUN_CODE_91fa,8,call-target,no,no,,,,,bank1/91FA.c
bank1,9202,FUN_CODE_9202,93,call-target,no,no,,,,,bank1/9202.c
bank1,92BF,FUN_CODE_92bf,29,call-target,no,no,,,,,bank1/92BF.c
bank1,92DC,FUN_CODE_92dc,27,call-target,no,no,,,,,bank1/92DC.c
bank1,92F7,FUN_CODE_92f7,93,call-target,no,no,,,,,bank1/92F7.c
bank1,9354,FUN_CODE_9354,31,call-target,no,no,,,,,bank1/9354.c
bank1,9373,FUN_CODE_9373,19,call-target,no,no,,,,,bank1/9373.c
bank1,9416,FUN_CODE_9416,138,call-target,no,no,,,,,bank1/9416.c
bank1,94A8,FUN_CODE_94a8,82,call-target,no,no,,,,,bank1/94A8.c
bank1,94FA,FUN_CODE_94fa,180,call-target,no,no,,,,,bank1/94FA.c
bank1,95AE,FUN_CODE_95ae,9,call-target,no,no,,,,,bank1/95AE.c
bank1,95B7,FUN_CODE_95b7,46,call-target,no,no,,,,,bank1/95B7.c
bank1,95E5,FUN_CODE_95e5,129,call-target,no,no,,,,,bank1/95E5.c
bank1,966C,FUN_CODE_966c,199,call-target,no,no,,,,,bank1/966C.c
bank1,9733,FUN_CODE_9733,59,call-target,no,no,,,,,bank1/9733.c
bank1,976E,FUN_CODE_976e,168,call-target,no,no,,,,,bank1/976E.c
bank1,9816,FUN_CODE_9816,1,call-target,no,no,,,,,bank1/9816.c
bank1,9817,FUN_CODE_9817,156,call-target,no,no,,,,,bank1/9817.c
bank1,98B3,FUN_CODE_98b3,1,call-target,no,no,,,,,bank1/98B3.c
bank1,98B4,caseD_0,3,auto,no,yes,,,,,bank1/98B4.c
bank1,98CC,FUN_CODE_98cc,25,call-target,no,no,,,,,bank1/98CC.c
bank1,98E5,thunk_FUN_CODE_98fe,2,call-target,no,no,,,,,bank1/98E5.c
bank1,98FE,FUN_CODE_98fe,7,call-target,no,no,,,,,bank1/98FE.c
bank1,9967,thunk_FUN_CODE_98fe,2,call-target,no,no,,,,,bank1/9967.c
bank1,99B0,FUN_CODE_99b0,7,call-target,no,no,,,,,bank1/99B0.c
bank1,99B7,caseD_0,3,auto,no,yes,,,,,bank1/99B7.c
bank1,99CF,FUN_CODE_99cf,17,call-target,no,no,,,,,bank1/99CF.c
bank1,99E0,FUN_CODE_99e0,13,call-target,no,no,,,,,bank1/99E0.c
bank1,99ED,FUN_CODE_99ed,7,call-target,no,no,,,,,bank1/99ED.c
bank1,99F4,FUN_CODE_99f4,13,call-target,no,no,,,,,bank1/99F4.c
bank1,9A01,FUN_CODE_9a01,13,call-target,no,no,,,,,bank1/9A01.c
bank1,9A0E,FUN_CODE_9a0e,13,call-target,no,no,,,,,bank1/9A0E.c
bank1,9A1B,FUN_CODE_9a1b,19,call-target,no,no,,,,,bank1/9A1B.c
bank1,9A2E,FUN_CODE_9a2e,13,call-target,no,no,,,,,bank1/9A2E.c
bank1,9A3B,FUN_CODE_9a3b,6,call-target,no,no,,,,,bank1/9A3B.c
bank1,9A41,FUN_CODE_9a41,55,call-target,no,no,,,,,bank1/9A41.c
bank1,9A78,FUN_CODE_9a78,45,call-target,no,no,,,,,bank1/9A78.c
bank1,9AD2,caseD_0,3,auto,no,yes,,,,,bank1/9AD2.c
bank1,9AEA,FUN_CODE_9aea,25,call-target,no,no,,,,,bank1/9AEA.c
bank1,9B03,FUN_CODE_9b03,50,call-target,no,no,,,,,bank1/9B03.c
bank1,9B35,FUN_CODE_9b35,7,call-target,no,no,,,,,bank1/9B35.c
bank1,9B3C,FUN_CODE_9b3c,170,auto,no,no,,,,,bank1/9B3C.c
bank1,9BE6,FUN_CODE_9be6,18,call-target,no,no,,,,,bank1/9BE6.c
bank1,9BF8,FUN_CODE_9bf8,22,call-target,no,no,,,,,bank1/9BF8.c
bank1,9C0E,FUN_CODE_9c0e,69,call-target,no,no,,,,,bank1/9C0E.c
bank1,9C53,FUN_CODE_9c53,109,call-target,no,no,,,,,bank1/9C53.c
bank1,9CC0,FUN_CODE_9cc0,24,call-target,no,no,,,,,bank1/9CC0.c
bank1,9CD8,FUN_CODE_9cd8,16,call-target,no,no,,,,,bank1/9CD8.c
bank1,9CE8,FUN_CODE_9ce8,90,call-target,no,no,,,,,bank1/9CE8.c
bank1,9D45,FUN_CODE_9d45,7,call-target,no,no,,,,,bank1/9D45.c
bank1,9D4C,FUN_CODE_9d4c,7,call-target,no,no,,,,,bank1/9D4C.c
bank1,9D53,FUN_CODE_9d53,187,call-target,no,no,,,,,bank1/9D53.c
bank1,9E0E,caseD_0,3,auto,no,yes,,,,,bank1/9E0E.c
bank1,9E26,FUN_CODE_9e26,17,call-target,no,no,,,,,bank1/9E26.c
bank1,9E37,FUN_CODE_9e37,13,call-target,no,no,,,,,bank1/9E37.c
bank1,9E44,FUN_CODE_9e44,7,call-target,no,no,,,,,bank1/9E44.c
bank1,9E4B,FUN_CODE_9e4b,13,call-target,no,no,,,,,bank1/9E4B.c
bank1,9E58,FUN_CODE_9e58,13,call-target,no,no,,,,,bank1/9E58.c
bank1,9E65,FUN_CODE_9e65,13,call-target,no,no,,,,,bank1/9E65.c
bank1,9E72,FUN_CODE_9e72,19,call-target,no,no,,,,,bank1/9E72.c
bank1,9E85,FUN_CODE_9e85,13,call-target,no,no,,,,,bank1/9E85.c
bank1,9E92,FUN_CODE_9e92,15,call-target,no,no,,,,,bank1/9E92.c
bank1,9EA1,FUN_CODE_9ea1,51,call-target,no,no,,,,,bank1/9EA1.c
bank1,9ED4,FUN_CODE_9ed4,34,call-target,no,no,,,,,bank1/9ED4.c
bank1,9EF6,FUN_CODE_9ef6,10,call-target,no,no,,,,,bank1/9EF6.c
bank1,9F00,FUN_CODE_9f00,1,call-target,no,no,,,,,bank1/9F00.c
bank1,9F04,FUN_CODE_9f04,174,call-target,no,no,,,,,bank1/9F04.c
bank1,9FC1,FUN_CODE_9fc1,9,call-target,no,no,,,,,bank1/9FC1.c
bank1,9FCA,FUN_CODE_9fca,1,call-target,no,no,,,,,bank1/9FCA.c
bank1,9FCB,FUN_CODE_9fcb,37,call-target,no,no,,,,,bank1/9FCB.c
bank1,9FF0,FUN_CODE_9ff0,57,call-target,no,no,,,,,bank1/9FF0.c
bank1,A029,FUN_CODE_a029,43,call-target,no,no,,,,,bank1/A029.c
bank1,A054,FUN_CODE_a054,16,call-target,no,no,,,,,bank1/A054.c
bank1,A064,FUN_CODE_a064,104,call-target,no,no,,,,,bank1/A064.c
bank1,A0CC,FUN_CODE_a0cc,96,call-target,no,no,,,,,bank1/A0CC.c
bank1,A12C,FUN_CODE_a12c,1,call-target,no,no,,,,,bank1/A12C.c
bank1,A12D,FUN_CODE_a12d,145,call-target,no,no,,,,,bank1/A12D.c
bank1,A1BE,FUN_CODE_a1be,1,call-target,no,no,,,,,bank1/A1BE.c
bank1,A1BF,FUN_CODE_a1bf,54,call-target,no,no,,,,,bank1/A1BF.c
bank1,A1F5,FUN_CODE_a1f5,1,call-target,no,no,,,,,bank1/A1F5.c
bank1,A1F6,FUN_CODE_a1f6,27,call-target,no,no,,,,,bank1/A1F6.c
bank1,A211,FUN_CODE_a211,61,call-target,no,no,,,,,bank1/A211.c
bank1,A24E,FUN_CODE_a24e,164,call-target,no,no,,,,,bank1/A24E.c
bank1,A2DA,FUN_CODE_a2da,1,call-target,no,no,,,,,bank1/A2DA.c
bank1,A2F3,FUN_CODE_a2f3,40,call-target,no,no,,,,,bank1/A2F3.c
bank1,A31B,caseD_6,17,call-target,no,yes,,,,,bank1/A31B.c
bank1,A32C,FUN_CODE_a32c,17,call-target,no,no,,,,,bank1/A32C.c
bank1,A33D,FUN_CODE_a33d,17,call-target,no,no,,,,,bank1/A33D.c
bank1,A34E,FUN_CODE_a34e,17,call-target,no,no,,,,,bank1/A34E.c
bank1,A35F,FUN_CODE_a35f,17,call-target,no,no,,,,,bank1/A35F.c
bank1,A370,FUN_CODE_a370,16,call-target,no,no,,,,,bank1/A370.c
bank1,A380,FUN_CODE_a380,7,call-target,no,no,,,,,bank1/A380.c
bank1,A388,FUN_CODE_a388,1,call-target,no,no,,,,,bank1/A388.c
bank1,A389,FUN_CODE_a389,41,call-target,no,no,,,,,bank1/A389.c
bank1,A3B2,FUN_CODE_a3b2,69,call-target,no,no,,,,,bank1/A3B2.c
bank1,A3F7,FUN_CODE_a3f7,68,call-target,no,no,,,,,bank1/A3F7.c
bank1,A43B,FUN_CODE_a43b,17,call-target,no,no,,,,,bank1/A43B.c
bank1,A44C,FUN_CODE_a44c,6,auto,no,no,,,,,bank1/A44C.c
bank1,A452,FUN_CODE_a452,36,call-target,no,no,,,,,bank1/A452.c
bank1,A476,FUN_CODE_a476,89,call-target,no,no,,,,,bank1/A476.c
bank1,A4CF,FUN_CODE_a4cf,46,call-target,no,no,,,,,bank1/A4CF.c
bank1,A4FD,FUN_CODE_a4fd,4,call-target,no,no,,,,,bank1/A4FD.c
bank1,A501,FUN_CODE_a501,28,call-target,no,no,,,,,bank1/A501.c
bank1,A530,FUN_CODE_a530,37,call-target,no,no,,,,,bank1/A530.c
bank1,A55C,FUN_CODE_a55c,11,call-target,no,no,,,,,bank1/A55C.c
bank1,A567,FUN_CODE_a567,23,call-target,no,no,,,,,bank1/A567.c
bank1,A57E,FUN_CODE_a57e,33,call-target,no,no,,,,,bank1/A57E.c
bank1,A5A7,FUN_CODE_a5a7,55,call-target,no,no,,,,,bank1/A5A7.c
bank1,A5E6,FUN_CODE_a5e6,58,call-target,no,no,,,,,bank1/A5E6.c
bank1,A6C5,FUN_CODE_a6c5,16,call-target,no,no,,,,,bank1/A6C5.c
bank1,A750,FUN_CODE_a750,136,call-target,no,no,,,,,bank1/A750.c
bank1,A7D8,FUN_CODE_a7d8,31,call-target,no,no,,,,,bank1/A7D8.c
bank1,A7F7,FUN_CODE_a7f7,31,call-target,no,no,,,,,bank1/A7F7.c
bank1,A816,FUN_CODE_a816,31,call-target,no,no,,,,,bank1/A816.c
bank1,A835,FUN_CODE_a835,7,call-target,no,no,,,,,bank1/A835.c
bank1,A841,FUN_CODE_a841,50,call-target,no,no,,,,,bank1/A841.c
bank1,A873,FUN_CODE_a873,26,call-target,no,no,,,,,bank1/A873.c
bank1,A88D,FUN_CODE_a88d,26,call-target,no,no,,,,,bank1/A88D.c
bank1,A8A7,FUN_CODE_a8a7,30,call-target,no,no,,,,,bank1/A8A7.c
bank1,A8C5,FUN_CODE_a8c5,21,call-target,no,no,,,,,bank1/A8C5.c
bank1,A8DA,FUN_CODE_a8da,5,call-target,no,no,,,,,bank1/A8DA.c
bank1,A8DF,FUN_CODE_a8df,5,call-target,no,no,,,,,bank1/A8DF.c
bank1,A8E4,FUN_CODE_a8e4,5,call-target,no,no,,,,,bank1/A8E4.c
bank1,A8E9,FUN_CODE_a8e9,7,auto,no,no,,,,,bank1/A8E9.c
bank1,A8F0,FUN_CODE_a8f0,38,call-target,no,no,,,,,bank1/A8F0.c
bank1,A916,FUN_CODE_a916,157,call-target,no,no,,,,,bank1/A916.c
bank1,A9B3,FUN_CODE_a9b3,1,call-target,no,no,,,,,bank1/A9B3.c
bank1,A9B4,FUN_CODE_a9b4,124,call-target,no,no,,,,,bank1/A9B4.c
bank1,AA39,FUN_CODE_aa39,105,call-target,no,no,,,,,bank1/AA39.c
bank1,AAA2,FUN_CODE_aaa2,23,call-target,no,no,,,,,bank1/AAA2.c
bank1,AAB9,FUN_CODE_aab9,64,call-target,no,no,,,,,bank1/AAB9.c
bank1,AAF9,FUN_CODE_aaf9,48,call-target,no,no,,,,,bank1/AAF9.c
bank1,AB29,FUN_CODE_ab29,59,call-target,no,no,,,,,bank1/AB29.c
bank1,AB64,FUN_CODE_ab64,13,call-target,no,no,,,,,bank1/AB64.c
bank1,AB71,FUN_CODE_ab71,4,call-target,no,no,,,,,bank1/AB71.c
bank1,AB75,FUN_CODE_ab75,10,call-target,no,no,,,,,bank1/AB75.c
bank1,AB7F,FUN_CODE_ab7f,7,call-target,no,no,,,,,bank1/AB7F.c
bank1,AB86,FUN_CODE_ab86,7,call-target,no,no,,,,,bank1/AB86.c
bank1,AB8D,FUN_CODE_ab8d,7,call-target,no,no,,,,,bank1/AB8D.c
bank1,AB94,FUN_CODE_ab94,7,call-target,no,no,,,,,bank1/AB94.c
bank1,AB9B,FUN_CODE_ab9b,13,call-target,no,no,,,,,bank1/AB9B.c
bank1,ABA8,FUN_CODE_aba8,16,call-target,no,no,,,,,bank1/ABA8.c
bank1,ABB8,FUN_CODE_abb8,22,call-target,no,no,,,,,bank1/ABB8.c
bank1,ABCE,FUN_CODE_abce,10,call-target,no,no,,,,,bank1/ABCE.c
bank1,ABD8,FUN_CODE_abd8,10,call-target,no,no,,,,,bank1/ABD8.c
bank1,ABE2,FUN_CODE_abe2,7,call-target,no,no,,,,,bank1/ABE2.c
bank1,ABE9,FUN_CODE_abe9,1,call-target,no,no,,,,,bank1/ABE9.c
bank1,ABEA,FUN_CODE_abea,4,call-target,no,no,,,,,bank1/ABEA.c
bank1,ABEE,FUN_CODE_abee,13,call-target,no,no,,,,,bank1/ABEE.c
bank1,ABFB,FUN_CODE_abfb,4,call-target,no,no,,,,,bank1/ABFB.c
bank1,ABFF,FUN_CODE_abff,13,call-target,no,no,,,,,bank1/ABFF.c
bank1,AC0C,FUN_CODE_ac0c,1,call-target,no,no,,,,,bank1/AC0C.c
bank1,AC0D,FUN_CODE_ac0d,4,call-target,no,no,,,,,bank1/AC0D.c
bank1,AC11,FUN_CODE_ac11,31,call-target,no,no,,,,,bank1/AC11.c
bank1,AC36,FUN_CODE_ac36,26,call-target,no,no,,,,,bank1/AC36.c
bank1,AC6D,FUN_CODE_ac6d,22,call-target,no,no,,,,,bank1/AC6D.c
bank1,AC83,FUN_CODE_ac83,1,call-target,no,no,,,,,bank1/AC83.c
bank1,AC84,FUN_CODE_ac84,204,call-target,no,no,,,,,bank1/AC84.c
bank1,AD50,caseD_0,3,auto,no,yes,,,,,bank1/AD50.c
bank1,AD68,FUN_CODE_ad68,15,call-target,no,no,,,,,bank1/AD68.c
bank1,AD77,thunk_FUN_CODE_b56c,3,call-target,no,no,,,,,bank1/AD77.c
bank1,AD7A,thunk_FUN_CODE_adfd,3,call-target,no,no,,,,,bank1/AD7A.c
bank1,AD7D,thunk_FUN_CODE_af06,3,call-target,no,no,,,,,bank1/AD7D.c
bank1,AD80,thunk_FUN_CODE_ad8b,2,call-target,no,no,,,,,bank1/AD80.c
bank1,AD82,thunk_FUN_CODE_b2d5,3,call-target,no,no,,,,,bank1/AD82.c
bank1,AD85,thunk_FUN_CODE_b33b,3,call-target,no,no,,,,,bank1/AD85.c
bank1,AD88,thunk_FUN_CODE_c245,3,call-target,no,no,,,,,bank1/AD88.c
bank1,AD8B,FUN_CODE_ad8b,87,auto,no,no,,,,,bank1/AD8B.c
bank1,ADFD,FUN_CODE_adfd,25,call-target,no,no,,,,,bank1/ADFD.c
bank1,AE16,FUN_CODE_ae16,21,call-target,no,no,,,,,bank1/AE16.c
bank1,AE2B,FUN_CODE_ae2b,16,call-target,no,no,,,,,bank1/AE2B.c
bank1,AE42,FUN_CODE_ae42,36,call-target,no,no,,,,,bank1/AE42.c
bank1,AE5F,FUN_CODE_ae5f,16,call-target,no,no,,,,,bank1/AE5F.c
bank1,AE6F,FUN_CODE_ae6f,9,call-target,no,no,,,,,bank1/AE6F.c
bank1,AE78,FUN_CODE_ae78,26,call-target,no,no,,,,,bank1/AE78.c
bank1,AE92,FUN_CODE_ae92,16,call-target,no,no,,,,,bank1/AE92.c
bank1,AEA2,FUN_CODE_aea2,28,call-target,no,no,,,,,bank1/AEA2.c
bank1,AEBC,FUN_CODE_aebc,29,call-target,no,no,,,,,bank1/AEBC.c
bank1,AED9,FUN_CODE_aed9,7,call-target,no,no,,,,,bank1/AED9.c
bank1,AEE2,FUN_CODE_aee2,17,call-target,no,no,,,,,bank1/AEE2.c
bank1,AEF3,FUN_CODE_aef3,19,call-target,no,no,,,,,bank1/AEF3.c
bank1,AF06,FUN_CODE_af06,50,call-target,no,no,,,,,bank1/AF06.c
bank1,AF32,FUN_CODE_af32,25,call-target,no,no,,,,,bank1/AF32.c
bank1,B0D1,FUN_CODE_b0d1,226,call-target,no,no,,,,,bank1/B0D1.c
bank1,B1B3,FUN_CODE_b1b3,79,call-target,no,no,,,,,bank1/B1B3.c
bank1,B202,FUN_CODE_b202,18,call-target,no,no,,,,,bank1/B202.c
bank1,B214,FUN_CODE_b214,16,call-target,no,no,,,,,bank1/B214.c
bank1,B224,FUN_CODE_b224,124,auto,no,no,,,,,bank1/B224.c
bank1,B2A0,FUN_CODE_b2a0,53,call-target,no,no,,,,,bank1/B2A0.c
bank1,B2D5,FUN_CODE_b2d5,76,call-target,no,no,,,,,bank1/B2D5.c
bank1,B321,FUN_CODE_b321,26,call-target,no,no,,,,,bank1/B321.c
bank1,B33B,FUN_CODE_b33b,204,call-target,no,no,,,,,bank1/B33B.c
bank1,B407,thunk_FUN_CODE_b40e,2,call-target,no,no,,,,,bank1/B407.c
bank1,B409,FUN_CODE_b409,5,auto,no,no,,,,,bank1/B409.c
bank1,B40E,FUN_CODE_b40e,7,auto,no,no,,,,,bank1/B40E.c
bank1,B415,FUN_CODE_b415,7,call-target,no,no,,,,,bank1/B415.c
bank1,B41C,FUN_CODE_b41c,31,call-target,no,no,,,,,bank1/B41C.c
bank1,B43B,FUN_CODE_b43b,211,call-target,no,no,,,,,bank1/B43B.c
bank1,B50E,FUN_CODE_b50e,94,call-target,no,no,,,,,bank1/B50E.c
bank1,B56C,FUN_CODE_b56c,67,call-target,no,no,,,,,bank1/B56C.c
bank1,B5AF,FUN_CODE_b5af,163,call-target,no,no,,,,,bank1/B5AF.c
bank1,B652,FUN_CODE_b652,20,auto,no,no,,,,,bank1/B652.c
bank1,B666,FUN_CODE_b666,19,call-target,no,no,,,,,bank1/B666.c
bank1,B679,FUN_CODE_b679,19,call-target,no,no,,,,,bank1/B679.c
bank1,B68C,FUN_CODE_b68c,28,call-target,no,no,,,,,bank1/B68C.c
bank1,B6A8,FUN_CODE_b6a8,33,call-target,no,no,,,,,bank1/B6A8.c
bank1,B6C9,FUN_CODE_b6c9,21,call-target,no,no,,,,,bank1/B6C9.c
bank1,B6DE,FUN_CODE_b6de,52,call-target,no,no,,,,,bank1/B6DE.c
bank1,B728,FUN_CODE_b728,51,call-target,no,no,,,,,bank1/B728.c
bank1,B784,FUN_CODE_b784,134,call-target,no,no,,,,,bank1/B784.c
bank1,B80A,FUN_CODE_b80a,55,call-target,no,no,,,,,bank1/B80A.c
bank1,B841,FUN_CODE_b841,75,call-target,no,no,,,,,bank1/B841.c
bank1,B88C,FUN_CODE_b88c,85,call-target,no,no,,,,,bank1/B88C.c
bank1,B8E1,FUN_CODE_b8e1,58,call-target,no,no,,,,,bank1/B8E1.c
bank1,B91B,FUN_CODE_b91b,28,call-target,no,no,,,,,bank1/B91B.c
bank1,B937,FUN_CODE_b937,43,call-target,no,no,,,,,bank1/B937.c
bank1,B962,FUN_CODE_b962,43,call-target,no,no,,,,,bank1/B962.c
bank1,B98D,FUN_CODE_b98d,195,call-target,no,no,,,,,bank1/B98D.c
bank1,BA43,FUN_CODE_ba43,111,call-target,no,no,,,,,bank1/BA43.c
bank1,BABF,FUN_CODE_babf,126,call-target,no,no,,,,,bank1/BABF.c
bank1,BB3D,FUN_CODE_bb3d,3,call-target,no,no,,,,,bank1/BB3D.c
bank1,BBA4,FUN_CODE_bba4,97,call-target,no,no,,,,,bank1/BBA4.c
bank1,BC05,FUN_CODE_bc05,165,call-target,no,no,,,,,bank1/BC05.c
bank1,BCAA,FUN_CODE_bcaa,9,call-target,no,no,,,,,bank1/BCAA.c
bank1,BCB3,FUN_CODE_bcb3,93,call-target,no,no,,,,,bank1/BCB3.c
bank1,BD10,FUN_CODE_bd10,9,call-target,no,no,,,,,bank1/BD10.c
bank1,BD20,FUN_CODE_bd20,37,call-target,no,no,,,,,bank1/BD20.c
bank1,BD45,FUN_CODE_bd45,170,call-target,no,no,,,,,bank1/BD45.c
bank1,BDEF,FUN_CODE_bdef,19,call-target,no,no,,,,,bank1/BDEF.c
bank1,BE02,FUN_CODE_be02,14,call-target,no,no,,,,,bank1/BE02.c
bank1,BE10,FUN_CODE_be10,129,call-target,no,no,,,,,bank1/BE10.c
bank1,BE91,FUN_CODE_be91,125,call-target,no,no,,,,,bank1/BE91.c
bank1,BF0E,FUN_CODE_bf0e,44,call-target,no,no,,,,,bank1/BF0E.c
bank1,BF3A,FUN_CODE_bf3a,126,call-target,no,no,,,,,bank1/BF3A.c
bank1,BF93,thunk_FUN_CODE_bd20,3,call-target,no,no,,,,,bank1/BF93.c
bank1,BFBB,FUN_CODE_bfbb,102,call-target,no,no,,,,,bank1/BFBB.c
bank1,BFD9,FUN_CODE_bfd9,17,call-target,no,no,,,,,bank1/BFD9.c
bank1,C032,FUN_CODE_c032,118,call-target,no,no,,,,,bank1/C032.c
bank1,C0A8,FUN_CODE_c0a8,116,call-target,no,no,,,,,bank1/C0A8.c
bank1,C11C,FUN_CODE_c11c,190,call-target,no,no,,,,,bank1/C11C.c
bank1,C245,FUN_CODE_c245,34,call-target,no,no,,,,,bank1/C245.c
bank1,C267,FUN_CODE_c267,16,call-target,no,no,,,,,bank1/C267.c
bank1,C277,FUN_CODE_c277,57,auto,no,no,,,,,bank1/C277.c
bank1,C2B0,FUN_CODE_c2b0,49,auto,no,no,,,,,bank1/C2B0.c
bank1,C2E1,FUN_CODE_c2e1,60,call-target,no,no,,,,,bank1/C2E1.c
bank1,C31D,FUN_CODE_c31d,1,call-target,no,no,,,,,bank1/C31D.c
bank1,C31E,FUN_CODE_c31e,3,call-target,no,no,,,,,bank1/C31E.c
bank1,C322,FUN_CODE_c322,3,call-target,no,no,,,,,bank1/C322.c
bank1,C352,FUN_CODE_c352,64,call-target,no,no,,,,,bank1/C352.c
bank1,C392,FUN_CODE_c392,21,call-target,no,no,,,,,bank1/C392.c
bank1,C3A0,FUN_CODE_c3a0,38,call-target,no,no,,,,,bank1/C3A0.c
bank1,C3CD,FUN_CODE_c3cd,104,call-target,no,no,,,,,bank1/C3CD.c
bank1,C41D,FUN_CODE_c41d,6,call-target,no,no,,,,,bank1/C41D.c
bank1,C43B,FUN_CODE_c43b,33,auto,no,no,,,,,bank1/C43B.c
bank1,C45C,FUN_CODE_c45c,33,call-target,no,no,,,,,bank1/C45C.c
bank1,C4AF,FUN_CODE_c4af,35,call-target,no,no,,,,,bank1/C4AF.c
bank1,C4D2,FUN_CODE_c4d2,30,call-target,no,no,,,,,bank1/C4D2.c
bank1,C4F0,FUN_CODE_c4f0,81,call-target,no,no,,,,,bank1/C4F0.c
bank1,C541,FUN_CODE_c541,11,call-target,no,no,,,,,bank1/C541.c
bank1,C54C,FUN_CODE_c54c,83,call-target,no,no,,,,,bank1/C54C.c
bank1,C59F,FUN_CODE_c59f,116,call-target,no,no,,,,,bank1/C59F.c
bank1,C613,FUN_CODE_c613,1,call-target,no,no,,,,,bank1/C613.c
bank1,C614,FUN_CODE_c614,36,call-target,no,no,,,,,bank1/C614.c
bank1,C638,FUN_CODE_c638,15,auto,no,no,,,,,bank1/C638.c
bank1,C647,FUN_CODE_c647,18,auto,no,no,,,,,bank1/C647.c
bank1,C659,FUN_CODE_c659,87,auto,no,no,,,,,bank1/C659.c
bank1,C6B0,FUN_CODE_c6b0,8,call-target,no,no,,,,,bank1/C6B0.c
bank1,C6B8,FUN_CODE_c6b8,35,call-target,no,no,,,,,bank1/C6B8.c
bank1,C6DB,FUN_CODE_c6db,7,call-target,no,no,,,,,bank1/C6DB.c
bank1,C700,FUN_CODE_c700,71,call-target,no,no,,,,,bank1/C700.c
bank1,C747,FUN_CODE_c747,10,call-target,no,no,,,,,bank1/C747.c
bank1,C751,FUN_CODE_c751,39,call-target,no,no,,,,,bank1/C751.c
bank1,C778,FUN_CODE_c778,41,call-target,no,no,,,,,bank1/C778.c
bank1,C7A7,FUN_CODE_c7a7,21,call-target,no,no,,,,,bank1/C7A7.c
bank1,C7ED,FUN_CODE_c7ed,9,call-target,no,no,,,,,bank1/C7ED.c
bank1,C80E,FUN_CODE_c80e,58,call-target,no,no,,,,,bank1/C80E.c
bank1,C830,FUN_CODE_c830,49,call-target,no,no,,,,,bank1/C830.c
bank1,C861,FUN_CODE_c861,35,call-target,no,no,,,,,bank1/C861.c
bank1,C884,FUN_CODE_c884,55,call-target,no,no,,,,,bank1/C884.c
bank1,C8BB,caseD_0,3,auto,no,yes,,,,,bank1/C8BB.c
bank1,C8C7,FUN_CODE_c8c7,28,call-target,no,no,,,,,bank1/C8C7.c
bank1,C8E3,FUN_CODE_c8e3,7,call-target,no,no,,,,,bank1/C8E3.c
bank1,C8EA,FUN_CODE_c8ea,10,call-target,no,no,,,,,bank1/C8EA.c
bank1,C8F4,thunk_FUN_CODE_c924,2,call-target,no,no,,,,,bank1/C8F4.c
bank1,C8F6,FUN_CODE_c8f6,22,call-target,no,no,,,,,bank1/C8F6.c
bank1,C90C,caseD_0,3,auto,no,yes,,,,,bank1/C90C.c
bank1,C924,FUN_CODE_c924,13,call-target,no,no,,,,,bank1/C924.c
bank1,C931,FUN_CODE_c931,72,call-target,no,no,,,,,bank1/C931.c
bank1,C979,FUN_CODE_c979,69,call-target,no,no,,,,,bank1/C979.c
bank1,C9BE,FUN_CODE_c9be,68,call-target,no,no,,,,,bank1/C9BE.c
bank1,CA02,FUN_CODE_ca02,20,call-target,no,no,,,,,bank1/CA02.c
bank1,CA16,FUN_CODE_ca16,7,call-target,no,no,,,,,bank1/CA16.c
bank1,CA1D,FUN_CODE_ca1d,33,call-target,no,no,,,,,bank1/CA1D.c
bank1,CA3E,FUN_CODE_ca3e,93,call-target,no,no,,,,,bank1/CA3E.c
bank1,CAB8,FUN_CODE_cab8,80,call-target,no,no,,,,,bank1/CAB8.c
bank1,CB08,FUN_CODE_cb08,22,call-target,no,no,,,,,bank1/CB08.c
bank1,CB1E,FUN_CODE_cb1e,1,call-target,no,no,,,,,bank1/CB1E.c
bank1,CB1F,FUN_CODE_cb1f,97,call-target,no,no,,,,,bank1/CB1F.c
bank1,CB80,FUN_CODE_cb80,43,call-target,no,no,,,,,bank1/CB80.c
bank1,CBAB,FUN_CODE_cbab,55,call-target,no,no,,,,,bank1/CBAB.c
bank1,CBE8,FUN_CODE_cbe8,11,call-target,no,no,,,,,bank1/CBE8.c
bank1,CBF3,FUN_CODE_cbf3,58,call-target,no,no,,,,,bank1/CBF3.c
bank1,CC2D,FUN_CODE_cc2d,88,call-target,no,no,,,,,bank1/CC2D.c
bank1,CC95,FUN_CODE_cc95,235,call-target,no,no,,,,,bank1/CC95.c
bank1,CD80,FUN_CODE_cd80,51,call-target,no,no,,,,,bank1/CD80.c
bank1,CDCB,FUN_CODE_cdcb,39,call-target,no,no,,,,,bank1/CDCB.c
bank1,CDDA,FUN_CODE_cdda,83,call-target,no,no,,,,,bank1/CDDA.c
bank1,CE2D,FUN_CODE_ce2d,75,call-target,no,no,,,,,bank1/CE2D.c
bank1,CE78,FUN_CODE_ce78,49,call-target,no,no,,,,,bank1/CE78.c
bank1,CEA9,FUN_CODE_cea9,49,call-target,no,no,,,,,bank1/CEA9.c
bank1,CEDA,FUN_CODE_ceda,49,call-target,no,no,,,,,bank1/CEDA.c
bank1,CF0B,FUN_CODE_cf0b,49,call-target,no,no,,,,,bank1/CF0B.c
bank1,CF3C,FUN_CODE_cf3c,49,call-target,no,no,,,,,bank1/CF3C.c
bank1,CF6D,FUN_CODE_cf6d,68,call-target,no,no,,,,,bank1/CF6D.c
bank1,CFB1,FUN_CODE_cfb1,79,call-target,no,no,,,,,bank1/CFB1.c
bank1,D000,caseD_0,3,auto,no,yes,,,,,bank1/D000.c
bank1,D003,caseD_1,3,call-target,no,yes,,,,,bank1/D003.c
bank1,D018,FUN_CODE_d018,31,call-target,no,no,,,,,bank1/D018.c
bank1,D037,default,17,call-target,no,yes,,,,,bank1/D037.c
bank1,D04C,FUN_CODE_d04c,4,call-target,no,no,,,,,bank1/D04C.c
bank1,D050,FUN_CODE_d050,4,call-target,no,no,,,,,bank1/D050.c
bank1,D054,FUN_CODE_d054,4,call-target,no,no,,,,,bank1/D054.c
bank1,D058,FUN_CODE_d058,4,call-target,no,no,,,,,bank1/D058.c
bank1,D05C,FUN_CODE_d05c,4,call-target,no,no,,,,,bank1/D05C.c
bank1,D060,FUN_CODE_d060,4,call-target,no,no,,,,,bank1/D060.c
bank1,D064,FUN_CODE_d064,4,call-target,no,no,,,,,bank1/D064.c
bank1,D068,FUN_CODE_d068,55,auto,no,no,,,,,bank1/D068.c
bank1,D09F,FUN_CODE_d09f,7,auto,no,no,,,,,bank1/D09F.c
bank1,D0A6,FUN_CODE_d0a6,30,call-target,no,no,,,,,bank1/D0A6.c
bank1,D0C4,FUN_CODE_d0c4,179,call-target,no,no,,,,,bank1/D0C4.c
bank1,D16F,FUN_CODE_d16f,7,call-target,no,no,,,,,bank1/D16F.c
bank1,D17E,FUN_CODE_d17e,58,call-target,no,no,,,,,bank1/D17E.c
bank1,D1B8,FUN_CODE_d1b8,4,call-target,no,no,,,,,bank1/D1B8.c
bank1,D1BC,FUN_CODE_d1bc,43,call-target,no,no,,,,,bank1/D1BC.c
bank1,D1E7,FUN_CODE_d1e7,38,call-target,no,no,,,,,bank1/D1E7.c
bank1,D20D,caseD_0,3,auto,no,yes,,,,,bank1/D20D.c
bank1,D219,FUN_CODE_d219,21,call-target,no,no,,,,,bank1/D219.c
bank1,D22E,FUN_CODE_d22e,7,call-target,no,no,,,,,bank1/D22E.c
bank1,D235,FUN_CODE_d235,1,call-target,no,no,,,,,bank1/D235.c
bank1,D236,FUN_CODE_d236,9,auto,no,no,,,,,bank1/D236.c
bank1,D23F,FUN_CODE_d23f,7,call-target,no,no,,,,,bank1/D23F.c
bank1,D246,FUN_CODE_d246,46,call-target,no,no,,,,,bank1/D246.c
bank1,D274,FUN_CODE_d274,47,call-target,no,no,,,,,bank1/D274.c
bank1,D2A3,FUN_CODE_d2a3,127,call-target,no,no,,,,,bank1/D2A3.c
bank1,D322,FUN_CODE_d322,10,call-target,no,no,,,,,bank1/D322.c
bank1,D32C,FUN_CODE_d32c,31,call-target,no,no,,,,,bank1/D32C.c
bank1,D34B,FUN_CODE_d34b,52,call-target,no,no,,,,,bank1/D34B.c
bank1,D37F,FUN_CODE_d37f,243,call-target,no,no,,,,,bank1/D37F.c
bank1,D472,FUN_CODE_d472,82,call-target,no,no,,,,,bank1/D472.c
bank1,D4D3,FUN_CODE_d4d3,81,call-target,no,no,,,,,bank1/D4D3.c
bank1,D524,FUN_CODE_d524,144,call-target,no,no,,,,,bank1/D524.c
bank1,D5B4,FUN_CODE_d5b4,45,call-target,no,no,,,,,bank1/D5B4.c
bank1,D5E1,FUN_CODE_d5e1,33,call-target,no,no,,,,,bank1/D5E1.c
bank1,D602,FUN_CODE_d602,23,call-target,no,no,,,,,bank1/D602.c
bank1,D61A,FUN_CODE_d61a,171,auto,no,no,,,,,bank1/D61A.c
bank1,D6C6,FUN_CODE_d6c6,17,call-target,no,no,,,,,bank1/D6C6.c
bank1,D6D7,FUN_CODE_d6d7,10,auto,no,no,,,,,bank1/D6D7.c
bank1,D6E1,FUN_CODE_d6e1,13,call-target,no,no,,,,,bank1/D6E1.c
bank1,D6EE,FUN_CODE_d6ee,262,call-target,no,no,,,,,bank1/D6EE.c
bank1,D7F4,FUN_CODE_d7f4,168,call-target,no,no,,,,,bank1/D7F4.c
bank1,D89C,FUN_CODE_d89c,29,call-target,no,no,,,,,bank1/D89C.c
bank1,D8B9,FUN_CODE_d8b9,3,call-target,no,no,,,,,bank1/D8B9.c
bank1,D8BC,FUN_CODE_d8bc,61,call-target,no,no,,,,,bank1/D8BC.c
bank1,D8F9,FUN_CODE_d8f9,75,call-target,no,no,,,,,bank1/D8F9.c
bank1,D946,FUN_CODE_d946,359,call-target,no,no,,,,,bank1/D946.c
bank1,DAAD,FUN_CODE_daad,31,call-target,no,no,,,,,bank1/DAAD.c
bank1,DACC,FUN_CODE_dacc,63,call-target,no,no,,,,,bank1/DACC.c
bank1,DB0B,FUN_CODE_db0b,322,call-target,no,no,,,,,bank1/DB0B.c
bank1,DC50,FUN_CODE_dc50,2,call-target,no,no,,,,,bank1/DC50.c
bank1,DC52,FUN_CODE_dc52,106,call-target,no,no,,,,,bank1/DC52.c
bank1,DE3C,FUN_CODE_de3c,98,call-target,no,no,,,,,bank1/DE3C.c
bank1,DE9E,FUN_CODE_de9e,7,call-target,no,no,,,,,bank1/DE9E.c
bank1,DEA5,FUN_CODE_dea5,31,call-target,no,no,,,,,bank1/DEA5.c
bank1,DEC4,FUN_CODE_dec4,36,call-target,no,no,,,,,bank1/DEC4.c
bank1,DEE8,FUN_CODE_dee8,9,call-target,no,no,,,,,bank1/DEE8.c
bank1,DEF1,FUN_CODE_def1,415,call-target,no,no,,,,,bank1/DEF1.c
bank1,E090,FUN_CODE_e090,62,call-target,no,no,,,,,bank1/E090.c
bank1,E0CE,FUN_CODE_e0ce,50,call-target,no,no,,,,,bank1/E0CE.c
bank1,E100,FUN_CODE_e100,215,call-target,no,no,,,,,bank1/E100.c
bank1,E1D7,FUN_CODE_e1d7,96,auto,no,no,,,,,bank1/E1D7.c
bank1,E237,FUN_CODE_e237,70,call-target,no,no,,,,,bank1/E237.c
bank1,E27D,FUN_CODE_e27d,35,call-target,no,no,,,,,bank1/E27D.c
bank1,E2A0,FUN_CODE_e2a0,35,call-target,no,no,,,,,bank1/E2A0.c
bank1,E2C3,FUN_CODE_e2c3,16,call-target,no,no,,,,,bank1/E2C3.c
bank1,E2D3,FUN_CODE_e2d3,195,call-target,no,no,,,,,bank1/E2D3.c
bank1,E322,FUN_CODE_e322,16,auto,no,no,,,,,bank1/E322.c
bank1,E332,FUN_CODE_e332,12,auto,no,no,,,,,bank1/E332.c
bank1,E3B5,FUN_CODE_e3b5,120,call-target,no,no,,,,,bank1/E3B5.c
bank1,E490,FUN_CODE_e490,89,call-target,no,no,,,,,bank1/E490.c
bank1,E4E9,FUN_CODE_e4e9,16,call-target,no,no,,,,,bank1/E4E9.c
bank1,E4F9,FUN_CODE_e4f9,8,call-target,no,no,,,,,bank1/E4F9.c
bank1,E501,FUN_CODE_e501,78,call-target,no,no,,,,,bank1/E501.c
bank1,E54F,FUN_CODE_e54f,32,call-target,no,no,,,,,bank1/E54F.c
bank1,E57E,FUN_CODE_e57e,2,call-target,no,no,,,,,bank1/E57E.c
bank1,E582,FUN_CODE_e582,37,call-target,no,no,,,,,bank1/E582.c
bank1,E5A7,FUN_CODE_e5a7,47,call-target,no,no,,,,,bank1/E5A7.c
bank1,E5D6,FUN_CODE_e5d6,128,call-target,no,no,,,,,bank1/E5D6.c
bank1,E656,FUN_CODE_e656,117,call-target,no,no,,,,,bank1/E656.c
bank1,E6CB,FUN_CODE_e6cb,17,call-target,no,no,,,,,bank1/E6CB.c
bank1,E722,FUN_CODE_e722,5,auto,no,no,,,,,bank1/E722.c
bank1,E768,FUN_CODE_e768,1,call-target,no,no,,,,,bank1/E768.c
bank1,E769,FUN_CODE_e769,24,call-target,no,no,,,,,bank1/E769.c
bank1,E781,FUN_CODE_e781,48,call-target,no,no,,,,,bank1/E781.c
bank1,E8A4,FUN_CODE_e8a4,137,call-target,no,no,,,,,bank1/E8A4.c
bank1,E924,FUN_CODE_e924,13,call-target,no,no,,,,,bank1/E924.c
bank1,E931,FUN_CODE_e931,1,call-target,no,no,,,,,bank1/E931.c
bank1,E954,FUN_CODE_e954,49,call-target,no,no,,,,,bank1/E954.c
bank1,E9CE,FUN_CODE_e9ce,166,auto,no,no,,,,,bank1/E9CE.c
bank1,EAC3,FUN_CODE_eac3,164,call-target,no,no,,,,,bank1/EAC3.c
bank1,ED02,FUN_CODE_ed02,55,call-target,no,no,,,,,bank1/ED02.c
bank1,ED3A,FUN_CODE_ed3a,352,auto,no,no,,,,,bank1/ED3A.c
bank1,EF26,FUN_CODE_ef26,12,auto,no,no,,,,,bank1/EF26.c
bank1,EF32,FUN_CODE_ef32,138,call-target,no,no,,,,,bank1/EF32.c
bank1,EFBC,FUN_CODE_efbc,1,call-target,no,no,,,,,bank1/EFBC.c
bank1,EFBD,FUN_CODE_efbd,29,call-target,no,no,,,,,bank1/EFBD.c
bank1,EFDA,FUN_CODE_efda,14,call-target,no,no,,,,,bank1/EFDA.c
bank1,F012,thunk_FUN_CODE_f040,3,call-target,no,no,,,,,bank1/F012.c
bank1,F018,FUN_CODE_f018,10,call-target,no,no,,,,,bank1/F018.c
bank1,F022,FUN_CODE_f022,10,call-target,no,no,,,,,bank1/F022.c
bank1,F02C,FUN_CODE_f02c,3,call-target,no,no,,,,,bank1/F02C.c
bank1,F030,FUN_CODE_f030,3,call-target,no,no,,,,,bank1/F030.c
bank1,F036,FUN_CODE_f036,10,call-target,no,no,,,,,bank1/F036.c
bank1,F040,FUN_CODE_f040,1,call-target,no,no,,,,,bank1/F040.c
bank1,F054,FUN_CODE_f054,5,call-target,no,no,,,,,bank1/F054.c
bank1,F074,FUN_CODE_f074,3,call-target,no,no,,,,,bank1/F074.c
bank1,F07D,thunk_FUN_CODE_f127,3,call-target,no,no,,,,,bank1/F07D.c
bank1,F080,FUN_CODE_f080,3,call-target,no,no,,,,,bank1/F080.c
bank1,F08C,FUN_CODE_f08c,3,call-target,no,no,,,,,bank1/F08C.c
bank1,F090,FUN_CODE_f090,5,call-target,no,no,,,,,bank1/F090.c
bank1,F0E4,FUN_CODE_f0e4,5,call-target,no,no,,,,,bank1/F0E4.c
bank1,F0EE,FUN_CODE_f0ee,4,call-target,no,no,,,,,bank1/F0EE.c
bank1,F101,FUN_CODE_f101,1,call-target,no,no,,,,,bank1/F101.c
bank1,F102,thunk_FUN_CODE_f154,2,call-target,no,no,,,,,bank1/F102.c
bank1,F104,thunk_FUN_CODE_f160,2,call-target,no,no,,,,,bank1/F104.c
bank1,F106,thunk_FUN_CODE_f18a,3,call-target,no,no,,,,,bank1/F106.c
bank1,F109,thunk_FUN_CODE_f198,3,call-target,no,no,,,,,bank1/F109.c
bank1,F10C,FUN_CODE_f10c,1,call-target,no,no,,,,,bank1/F10C.c
bank1,F10D,thunk_FUN_CODE_f219,3,call-target,no,no,,,,,bank1/F10D.c
bank1,F110,thunk_FUN_CODE_f246,3,call-target,no,no,,,,,bank1/F110.c
bank1,F113,thunk_FUN_CODE_f275,3,call-target,no,no,,,,,bank1/F113.c
bank1,F116,thunk_FUN_CODE_f290,3,call-target,no,no,,,,,bank1/F116.c
bank1,F119,thunk_FUN_CODE_f2ad,3,call-target,no,no,,,,,bank1/F119.c
bank1,F11C,thunk_FUN_CODE_f2ca,3,call-target,no,no,,,,,bank1/F11C.c
bank1,F11F,thunk_FUN_CODE_f2f3,3,call-target,no,no,,,,,bank1/F11F.c
bank1,F122,FUN_CODE_f122,1,call-target,no,no,,,,,bank1/F122.c
bank1,F123,thunk_FUN_CODE_f198,3,call-target,no,no,,,,,bank1/F123.c
bank1,F126,FUN_CODE_f126,1,call-target,no,no,,,,,bank1/F126.c
bank1,F127,FUN_CODE_f127,1,call-target,no,no,,,,,bank1/F127.c
bank1,F128,FUN_CODE_f128,1,call-target,no,no,,,,,bank1/F128.c
bank1,F129,FUN_CODE_f129,19,call-target,no,no,,,,,bank1/F129.c
bank1,F13C,FUN_CODE_f13c,1,call-target,no,no,,,,,bank1/F13C.c
bank1,F13D,FUN_CODE_f13d,1,call-target,no,no,,,,,bank1/F13D.c
bank1,F13E,FUN_CODE_f13e,1,call-target,no,no,,,,,bank1/F13E.c
bank1,F153,FUN_CODE_f153,1,call-target,no,no,,,,,bank1/F153.c
bank1,F154,FUN_CODE_f154,12,auto,no,no,,,,,bank1/F154.c
bank1,F160,FUN_CODE_f160,34,auto,no,no,,,,,bank1/F160.c
bank1,F18A,FUN_CODE_f18a,12,call-target,no,no,,,,,bank1/F18A.c
bank1,F196,thunk_FUN_CODE_f198,2,call-target,no,no,,,,,bank1/F196.c
bank1,F198,FUN_CODE_f198,96,call-target,no,no,,,,,bank1/F198.c
bank1,F1F8,FUN_CODE_f1f8,33,call-target,no,no,,,,,bank1/F1F8.c
bank1,F219,FUN_CODE_f219,42,call-target,no,no,,,,,bank1/F219.c
bank1,F246,FUN_CODE_f246,47,call-target,no,no,,,,,bank1/F246.c
bank1,F275,FUN_CODE_f275,27,call-target,no,no,,,,,bank1/F275.c
bank1,F290,FUN_CODE_f290,29,call-target,no,no,,,,,bank1/F290.c
bank1,F2AD,FUN_CODE_f2ad,29,call-target,no,no,,,,,bank1/F2AD.c
bank1,F2CA,FUN_CODE_f2ca,41,call-target,no,no,,,,,bank1/F2CA.c
bank1,F2F3,FUN_CODE_f2f3,44,call-target,no,no,,,,,bank1/F2F3.c
bank1,F3B8,FUN_CODE_f3b8,17,call-target,no,no,,,,,bank1/F3B8.c
bank1,F3C9,FUN_CODE_f3c9,14,call-target,no,no,,,,,bank1/F3C9.c
bank1,F3D7,FUN_CODE_f3d7,63,call-target,no,no,,,,,bank1/F3D7.c
bank1,F416,FUN_CODE_f416,32,call-target,no,no,,,,,bank1/F416.c
bank1,F436,FUN_CODE_f436,37,call-target,no,no,,,,,bank1/F436.c
bank1,F512,FUN_CODE_f512,17,auto,no,no,,,,,bank1/F512.c
bank1,F70D,FUN_CODE_f70d,17,auto,no,no,,,,,bank1/F70D.c
bank1,F727,FUN_CODE_f727,17,auto,no,no,,,,,bank1/F727.c
bank1,F73E,FUN_CODE_f73e,17,auto,no,no,,,,,bank1/F73E.c
bank1,F902,FUN_CODE_f902,17,call-target,no,no,,,,,bank1/F902.c
bank1,FF17,FUN_CODE_ff17,17,auto,no,no,,,,,bank1/FF17.c
bank1,FF63,FUN_CODE_ff63,17,call-target,no,no,,,,,bank1/FF63.c
common,0000,thunk_FUN_CODE_0070,2,vector,yes,no,,,,bank1,common/0000.c
common,0003,thunk_FUN_CODE_052f,3,vector,yes,no,,,,bank1,common/0003.c
common,0007,thunk_FUN_CODE_1150,3,vector,yes,no,,,,bank1,common/0007.c
common,000B,thunk_FUN_CODE_0530,3,vector,yes,no,,,,bank1,common/000B.c
common,000E,thunk_FUN_CODE_1156,3,vector,yes,no,,,,bank1,common/000E.c
common,0012,FUN_CODE_0012,1,vector,yes,no,,,,bank1,common/0012.c
common,0013,thunk_FUN_CODE_0556,3,vector,yes,no,,,,bank1,common/0013.c
common,0016,thunk_FUN_CODE_115c,3,vector,yes,no,,,,bank1,common/0016.c
common,0019,FUN_CODE_0019,1,call-target,yes,no,,,,bank1,common/0019.c
common,001A,FUN_CODE_001a,1,vector,yes,no,,,,bank1,common/001A.c
common,001B,thunk_FUN_CODE_05b6,3,vector,yes,no,,,,bank1,common/001B.c
common,001E,thunk_FUN_CODE_1162,3,vector,yes,no,,,,bank1,common/001E.c
common,0022,FUN_CODE_0022,1,vector,yes,no,,,,bank1,common/0022.c
common,0023,thunk_FUN_CODE_05e6,3,vector,yes,no,,,,bank1,common/0023.c
common,0026,thunk_FUN_CODE_1168,3,vector,yes,no,,,,bank1,common/0026.c
common,002A,FUN_CODE_002a,1,vector,yes,no,,,,bank1,common/002A.c
common,002B,thunk_FUN_CODE_05e7,3,vector,yes,no,,,,bank1,common/002B.c
common,002E,FUN_CODE_002e,7,call-target,yes,no,,,,bank1,common/002E.c
common,0046,FUN_CODE_0046,29,call-target,yes,no,,,,bank1,common/0046.c
common,0064,FUN_CODE_0064,5,call-target,yes,no,,,,bank1,common/0064.c
common,0070,FUN_CODE_0070,86,vector-target,yes,no,,,,bank1,common/0070.c
common,00CF,FUN_CODE_00cf,18,call-target,yes,no,,,,bank1,common/00CF.c
common,00E1,FUN_CODE_00e1,3,call-target,yes,no,,,,bank1,common/00E1.c
common,00E4,FUN_CODE_00e4,48,call-target,yes,no,,,,bank1,common/00E4.c
common,011C,FUN_CODE_011c,10,call-target,yes,no,,,,bank1,common/011C.c
common,012F,FUN_CODE_012f,92,call-target,yes,no,,,,bank1,common/012F.c
common,018C,FUN_CODE_018c,87,call-target,yes,no,,,,bank1,common/018C.c
common,01EC,thunk_FUN_CODE_11e6,3,call-target,yes,no,,,,bank1,common/01EC.c
common,0200,FUN_CODE_0200,19,call-target,yes,no,,,,bank1,common/0200.c
common,0213,FUN_CODE_0213,136,call-target,yes,no,,,,bank1,common/0213.c
common,029B,FUN_CODE_029b,98,call-target,yes,no,,,,bank1,common/029B.c
common,031C,thunk_FUN_CODE_d236,3,call-target,yes,no,,,,bank1,common/031C.c
common,0402,FUN_CODE_0402,5,call-target,yes,no,,,,bank1,common/0402.c
common,0408,FUN_CODE_0408,29,call-target,yes,no,,,,bank1,common/0408.c
common,0444,FUN_CODE_0444,5,call-target,yes,no,,,,bank1,common/0444.c
common,0485,thunk_FUN_CODE_149e,3,call-target,yes,no,,,,bank1,common/0485.c
common,04C8,FUN_CODE_04c8,3,call-target,yes,no,,,,bank1,common/04C8.c
common,0504,FUN_CODE_0504,7,call-target,yes,no,,,,bank1,common/0504.c
common,0512,thunk_FUN_CODE_052f,2,call-target,yes,no,,,,bank1,common/0512.c
common,051D,FUN_CODE_051d,1,call-target,yes,no,,,,bank1,common/051D.c
common,052F,FUN_CODE_052f,1,vector-target,yes,no,,,,bank1,common/052F.c
common,0530,FUN_CODE_0530,38,vector-target,yes,no,,,,bank1,common/0530.c
common,0556,FUN_CODE_0556,96,vector-target,yes,no,,,,bank1,common/0556.c
common,05B6,FUN_CODE_05b6,48,vector-target,yes,no,,,,bank1,common/05B6.c
common,05E6,FUN_CODE_05e6,1,vector-target,yes,no,,,,bank1,common/05E6.c
common,05E7,FUN_CODE_05e7,1,vector-target,yes,no,,,,bank1,common/05E7.c
common,05E8,FUN_CODE_05e8,7,call-target,yes,no,,,,bank1,common/05E8.c
common,05EF,FUN_CODE_05ef,3,call-target,yes,no,,,,bank1,common/05EF.c
common,05F2,FUN_CODE_05f2,8,call-target,yes,no,,,,bank1,common/05F2.c
common,05FA,FUN_CODE_05fa,15,call-target,yes,no,,,,bank1,common/05FA.c
common,0609,FUN_CODE_0609,51,call-target,yes,no,,,,bank1,common/0609.c
common,063C,FUN_CODE_063c,26,call-target,yes,no,,,,bank1,common/063C.c
common,0690,FUN_CODE_0690,2,call-target,yes,no,,,,bank1,common/0690.c
common,0703,FUN_CODE_0703,15,call-target,yes,no,,,,bank1,common/0703.c
common,0712,FUN_CODE_0712,1,call-target,yes,no,,,,bank1,common/0712.c
common,0713,FUN_CODE_0713,12,call-target,yes,no,,,,bank1,common/0713.c
common,07B6,FUN_CODE_07b6,11,call-target,yes,no,,,,bank1,common/07B6.c
common,07C1,FUN_CODE_07c1,15,call-target,yes,no,,,,bank1,common/07C1.c
common,07D0,FUN_CODE_07d0,6,call-target,yes,no,,,,bank1,common/07D0.c
common,07D6,FUN_CODE_07d6,17,call-target,yes,no,,,,bank1,common/07D6.c
common,07E7,FUN_CODE_07e7,9,call-target,yes,no,,,,bank1,common/07E7.c
common,07F0,FUN_CODE_07f0,8,call-target,yes,no,,,,bank1,common/07F0.c
common,07F8,FUN_CODE_07f8,14,call-target,yes,no,,,,bank1,common/07F8.c
common,0806,FUN_CODE_0806,83,call-target,yes,no,,,,bank1,common/0806.c
common,0859,FUN_CODE_0859,9,call-target,yes,no,,,,bank1,common/0859.c
common,0862,FUN_CODE_0862,9,call-target,yes,no,,,,bank1,common/0862.c
common,086B,FUN_CODE_086b,12,call-target,yes,no,,,,bank1,common/086B.c
common,0877,FUN_CODE_0877,12,call-target,yes,no,,,,bank1,common/0877.c
common,0883,FUN_CODE_0883,1,call-target,yes,no,,,,bank1,common/0883.c
common,0884,FUN_CODE_0884,4,call-target,yes,no,,,,bank1,common/0884.c
common,0896,FUN_CODE_0896,10,call-target,yes,no,,,,bank1,common/0896.c
common,08A0,FUN_CODE_08a0,16,call-target,yes,no,,,,bank1,common/08A0.c
common,08B0,FUN_CODE_08b0,29,call-target,yes,no,,,,bank1,common/08B0.c
common,08CD,FUN_CODE_08cd,1,call-target,yes,no,,,,bank1,common/08CD.c
common,08CE,FUN_CODE_08ce,1,call-target,yes,no,,,,bank1,common/08CE.c
common,08CF,FUN_CODE_08cf,1,call-target,yes,no,,,,bank1,common/08CF.c
common,08D0,FUN_CODE_08d0,16,call-target,yes,no,,,,bank1,common/08D0.c
common,08E0,FUN_CODE_08e0,34,call-target,yes,no,,,,bank1,common/08E0.c
common,0902,FUN_CODE_0902,31,call-target,yes,no,,,,bank1,common/0902.c
common,0921,FUN_CODE_0921,22,call-target,yes,no,,,,bank1,common/0921.c
common,0937,FUN_CODE_0937,25,call-target,yes,no,,,,bank1,common/0937.c
common,0950,FUN_CODE_0950,41,call-target,yes,no,,,,bank1,common/0950.c
common,0979,FUN_CODE_0979,41,call-target,yes,no,,,,bank1,common/0979.c
common,09A2,FUN_CODE_09a2,26,call-target,yes,no,,,,bank1,common/09A2.c
common,09E9,FUN_CODE_09e9,27,call-target,yes,no,,,,bank1,common/09E9.c
common,0A04,FUN_CODE_0a04,14,call-target,yes,no,,,,bank1,common/0A04.c
common,0A12,FUN_CODE_0a12,39,call-target,yes,no,,,,bank1,common/0A12.c
common,0A39,FUN_CODE_0a39,33,call-target,yes,no,,,,bank1,common/0A39.c
common,0A5A,FUN_CODE_0a5a,26,call-target,yes,no,,,,bank1,common/0A5A.c
common,0A74,FUN_CODE_0a74,11,call-target,yes,no,,,,bank1,common/0A74.c
common,0A7F,FUN_CODE_0a7f,89,call-target,yes,no,,,,bank1,common/0A7F.c
common,0AD8,FUN_CODE_0ad8,4,call-target,yes,no,,,,bank1,common/0AD8.c
common,0ADC,FUN_CODE_0adc,73,call-target,yes,no,,,,bank1,common/0ADC.c
common,0B25,FUN_CODE_0b25,58,call-target,yes,no,,,,bank1,common/0B25.c
common,0B5F,FUN_CODE_0b5f,105,call-target,yes,no,,,,bank1,common/0B5F.c
common,0BC8,FUN_CODE_0bc8,19,call-target,yes,no,,,,bank1,common/0BC8.c
common,0BDB,FUN_CODE_0bdb,18,call-target,yes,no,,,,bank1,common/0BDB.c
common,0C6D,FUN_CODE_0c6d,13,call-target,yes,no,,,,bank1,common/0C6D.c
common,0C7A,FUN_CODE_0c7a,12,call-target,yes,no,,,,bank1,common/0C7A.c
common,0C86,FUN_CODE_0c86,195,call-target,yes,no,,,,bank1,common/0C86.c
common,0D49,FUN_CODE_0d49,1,call-target,yes,no,,,,bank1,common/0D49.c
common,0D4A,FUN_CODE_0d4a,46,call-target,yes,no,,,,bank1,common/0D4A.c
common,0D78,thunk_FUN_CODE_2819,3,call-target,yes,no,,,,bank1,common/0D78.c
common,0D7B,FUN_CODE_0d7b,110,call-target,yes,no,,,,bank1,common/0D7B.c
common,0DF7,thunk_FUN_CODE_0e4c,2,call-target,yes,no,,,,bank1,common/0DF7.c
common,0E04,thunk_FUN_CODE_0e4c,3,auto,yes,no,,,,bank1,common/0E04.c
common,0E1E,FUN_CODE_0e1e,16,call-target,yes,no,,,,bank1,common/0E1E.c
common,0E2E,FUN_CODE_0e2e,6,call-target,yes,no,,,,bank1,common/0E2E.c
common,0E34,thunk_FUN_CODE_153a,3,call-target,yes,no,,,,bank1,common/0E34.c
common,0E37,thunk_FUN_CODE_1540,3,call-target,yes,no,,,,bank1,common/0E37.c
common,0E3A,thunk_FUN_CODE_1546,3,call-target,yes,no,,,,bank1,common/0E3A.c
common,0E3D,thunk_FUN_CODE_154c,3,call-target,yes,no,,,,bank1,common/0E3D.c
common,0E40,thunk_FUN_CODE_1552,3,call-target,yes,no,,,,bank1,common/0E40.c
common,0E43,thunk_FUN_CODE_1558,3,call-target,yes,no,,,,bank1,common/0E43.c
common,0E46,thunk_FUN_CODE_155e,3,call-target,yes,no,,,,bank1,common/0E46.c
common,0E49,thunk_FUN_CODE_1564,3,call-target,yes,no,,,,bank1,common/0E49.c
common,0E4C,FUN_CODE_0e4c,3,call-target,yes,no,,,,bank1,common/0E4C.c
common,0E4F,FUN_CODE_0e4f,3,call-target,yes,no,,,,bank1,common/0E4F.c
common,0E52,thunk_FUN_CODE_1576,3,call-target,yes,no,,,,bank1,common/0E52.c
common,0E55,thunk_FUN_CODE_157c,3,call-target,yes,no,,,,bank1,common/0E55.c
common,0E58,thunk_FUN_CODE_1582,3,call-target,yes,no,,,,bank1,common/0E58.c
common,0E5B,thunk_FUN_CODE_1588,3,call-target,yes,no,,,,bank1,common/0E5B.c
common,0E5E,FUN_CODE_0e5e,9,call-target,yes,no,,,,bank1,common/0E5E.c
common,0E72,FUN_CODE_0e72,11,call-target,yes,no,,,,bank1,common/0E72.c
common,0E7D,FUN_CODE_0e7d,7,call-target,yes,no,,,,bank1,common/0E7D.c
common,0E84,FUN_CODE_0e84,30,call-target,yes,no,,,,bank1,common/0E84.c
common,0ECC,FUN_CODE_0ecc,27,call-target,yes,no,,,,bank1,common/0ECC.c
common,0EE8,FUN_CODE_0ee8,11,call-target,yes,no,,,,bank1,common/0EE8.c
common,0EF3,FUN_CODE_0ef3,31,call-target,yes,no,,,,bank1,common/0EF3.c
common,0F12,FUN_CODE_0f12,56,call-target,yes,no,,,,bank1,common/0F12.c
common,0F4A,FUN_CODE_0f4a,14,call-target,yes,no,,,,bank1,common/0F4A.c
common,0F58,FUN_CODE_0f58,29,call-target,yes,no,,,,bank1,common/0F58.c
common,0F75,FUN_CODE_0f75,49,call-target,yes,no,,,,bank1,common/0F75.c
common,0FA6,FUN_CODE_0fa6,64,call-target,yes,no,,,,bank1,common/0FA6.c
common,0FE6,FUN_CODE_0fe6,27,call-target,yes,no,,,,bank1,common/0FE6.c
common,1002,FUN_CODE_1002,16,call-target,yes,no,,,,bank1,common/1002.c
common,1012,FUN_CODE_1012,2,call-target,yes,no,,,,bank1,common/1012.c
common,1017,FUN_CODE_1017,20,call-target,yes,no,,,,bank1,common/1017.c
common,1042,FUN_CODE_1042,4,call-target,yes,no,,,,bank1,common/1042.c
common,1048,FUN_CODE_1048,4,call-target,yes,no,,,,bank1,common/1048.c
common,1059,FUN_CODE_1059,140,call-target,yes,no,,,,bank1,common/1059.c
common,10E5,FUN_CODE_10e5,11,call-target,yes,no,,,,bank1,common/10E5.c
common,10F0,FUN_CODE_10f0,1,call-target,yes,no,,,,bank1,common/10F0.c
common,10F1,FUN_CODE_10f1,9,call-target,yes,no,,,,bank1,common/10F1.c
common,10FA,thunk_FUN_CODE_0a74,3,call-target,yes,no,,,,bank1,common/10FA.c
common,10FF,FUN_CODE_10ff,1,call-target,yes,no,,,,bank1,common/10FF.c
common,1100,bl51_bank_select_0,10,annotation,yes,yes,gate,hand-decoded,ec/annotations/bank-call-audit.md,bank1,common/1100.c
common,110A,FUN_CODE_110a,10,call-target,yes,no,,,,bank1,common/110A.c
common,1114,bl51_bank_select_1,20,annotation,yes,yes,gate,hand-decoded,ec/annotations/bank-call-audit.md,bank1,common/1114.c
common,1128,bl51_bank_select_2,20,annotation,yes,yes,gate,hand-decoded,ec/annotations/bank-call-audit.md,bank1,common/1128.c
common,113C,bl51_bank_select_3,20,annotation,yes,yes,gate,hand-decoded,ec/annotations/bank-call-audit.md,bank1,common/113C.c
common,1150,FUN_CODE_1150,6,vector-target,yes,no,,,,bank1,common/1150.c
common,1156,FUN_CODE_1156,6,vector-target,yes,no,,,,bank1,common/1156.c
common,115C,FUN_CODE_115c,6,vector-target,yes,no,,,,bank1,common/115C.c
common,1162,FUN_CODE_1162,6,vector-target,yes,no,,,,bank1,common/1162.c
common,1168,FUN_CODE_1168,6,vector-target,yes,no,,,,bank1,common/1168.c
common,116E,FUN_CODE_116e,6,call-target,yes,no,,,,bank1,common/116E.c
common,1174,FUN_CODE_1174,6,call-target,yes,no,,,,bank1,common/1174.c
common,117A,FUN_CODE_117a,6,call-target,yes,no,,,,bank1,common/117A.c
common,1180,FUN_CODE_1180,6,call-target,yes,no,,,,bank1,common/1180.c
common,1186,FUN_CODE_1186,6,call-target,yes,no,,,,bank1,common/1186.c
common,118C,FUN_CODE_118c,6,call-target,yes,no,,,,bank1,common/118C.c
common,1192,FUN_CODE_1192,6,call-target,yes,no,,,,bank1,common/1192.c
common,1198,FUN_CODE_1198,6,call-target,yes,no,,,,bank1,common/1198.c
common,119E,FUN_CODE_119e,6,call-target,yes,no,,,,bank1,common/119E.c
common,11A4,FUN_CODE_11a4,6,call-target,yes,no,,,,bank1,common/11A4.c
common,11AA,FUN_CODE_11aa,6,call-target,yes,no,,,,bank1,common/11AA.c
common,11B0,FUN_CODE_11b0,6,call-target,yes,no,,,,bank1,common/11B0.c
common,11B6,FUN_CODE_11b6,6,call-target,yes,no,,,,bank1,common/11B6.c
common,11BC,FUN_CODE_11bc,6,call-target,yes,no,,,,bank1,common/11BC.c
common,11C2,FUN_CODE_11c2,6,call-target,yes,no,,,,bank1,common/11C2.c
common,11C8,FUN_CODE_11c8,6,call-target,yes,no,,,,bank1,common/11C8.c
common,11CE,FUN_CODE_11ce,6,call-target,yes,no,,,,bank1,common/11CE.c
common,11D4,FUN_CODE_11d4,6,call-target,yes,no,,,,bank1,common/11D4.c
common,11DA,FUN_CODE_11da,6,call-target,yes,no,,,,bank1,common/11DA.c
common,11E0,FUN_CODE_11e0,6,call-target,yes,no,,,,bank1,common/11E0.c
common,11E6,FUN_CODE_11e6,6,call-target,yes,no,,,,bank1,common/11E6.c
common,11EC,FUN_CODE_11ec,6,call-target,yes,no,,,,bank1,common/11EC.c
common,11F2,FUN_CODE_11f2,6,call-target,yes,no,,,,bank1,common/11F2.c
common,11F8,FUN_CODE_11f8,6,call-target,yes,no,,,,bank1,common/11F8.c
common,11FE,FUN_CODE_11fe,6,call-target,yes,no,,,,bank1,common/11FE.c
common,1204,FUN_CODE_1204,3,call-target,yes,no,,,,bank1,common/1204.c
common,1207,bl51_bank_select_0,3,call-target,yes,yes,,,,bank1,common/1207.c
common,120A,FUN_CODE_120a,6,call-target,yes,no,,,,bank1,common/120A.c
common,1210,FUN_CODE_1210,6,call-target,yes,no,,,,bank1,common/1210.c
common,1216,FUN_CODE_1216,6,call-target,yes,no,,,,bank1,common/1216.c
common,121C,FUN_CODE_121c,6,call-target,yes,no,,,,bank1,common/121C.c
common,1222,FUN_CODE_1222,6,call-target,yes,no,,,,bank1,common/1222.c
common,1228,FUN_CODE_1228,6,call-target,yes,no,,,,bank1,common/1228.c
common,122E,FUN_CODE_122e,6,call-target,yes,no,,,,bank1,common/122E.c
common,1234,FUN_CODE_1234,6,call-target,yes,no,,,,bank1,common/1234.c
common,123A,FUN_CODE_123a,6,call-target,yes,no,,,,bank1,common/123A.c
common,1240,FUN_CODE_1240,6,call-target,yes,no,,,,bank1,common/1240.c
common,1246,FUN_CODE_1246,6,call-target,yes,no,,,,bank1,common/1246.c
common,124C,FUN_CODE_124c,6,call-target,yes,no,,,,bank1,common/124C.c
common,1252,FUN_CODE_1252,6,call-target,yes,no,,,,bank1,common/1252.c
common,1258,FUN_CODE_1258,6,call-target,yes,no,,,,bank1,common/1258.c
common,125E,FUN_CODE_125e,6,call-target,yes,no,,,,bank1,common/125E.c
common,1264,FUN_CODE_1264,6,call-target,yes,no,,,,bank1,common/1264.c
common,126A,FUN_CODE_126a,6,call-target,yes,no,,,,bank1,common/126A.c
common,1270,FUN_CODE_1270,6,call-target,yes,no,,,,bank1,common/1270.c
common,1276,FUN_CODE_1276,6,call-target,yes,no,,,,bank1,common/1276.c
common,127C,FUN_CODE_127c,6,call-target,yes,no,,,,bank1,common/127C.c
common,1282,FUN_CODE_1282,6,call-target,yes,no,,,,bank1,common/1282.c
common,1288,FUN_CODE_1288,6,call-target,yes,no,,,,bank1,common/1288.c
common,128E,FUN_CODE_128e,6,call-target,yes,no,,,,bank1,common/128E.c
common,1294,FUN_CODE_1294,6,call-target,yes,no,,,,bank1,common/1294.c
common,129A,FUN_CODE_129a,6,call-target,yes,no,,,,bank1,common/129A.c
common,12A0,FUN_CODE_12a0,6,call-target,yes,no,,,,bank1,common/12A0.c
common,12A6,FUN_CODE_12a6,6,call-target,yes,no,,,,bank1,common/12A6.c
common,12AC,FUN_CODE_12ac,6,call-target,yes,no,,,,bank1,common/12AC.c
common,12B2,FUN_CODE_12b2,6,call-target,yes,no,,,,bank1,common/12B2.c
common,12B8,FUN_CODE_12b8,6,call-target,yes,no,,,,bank1,common/12B8.c
common,12BE,FUN_CODE_12be,6,call-target,yes,no,,,,bank1,common/12BE.c
common,12C4,FUN_CODE_12c4,6,call-target,yes,no,,,,bank1,common/12C4.c
common,12CA,FUN_CODE_12ca,6,call-target,yes,no,,,,bank1,common/12CA.c
common,12D0,FUN_CODE_12d0,6,call-target,yes,no,,,,bank1,common/12D0.c
common,12D6,FUN_CODE_12d6,6,call-target,yes,no,,,,bank1,common/12D6.c
common,12DC,FUN_CODE_12dc,6,call-target,yes,no,,,,bank1,common/12DC.c
common,12E2,FUN_CODE_12e2,6,call-target,yes,no,,,,bank1,common/12E2.c
common,12E8,FUN_CODE_12e8,6,call-target,yes,no,,,,bank1,common/12E8.c
common,12EE,FUN_CODE_12ee,6,call-target,yes,no,,,,bank1,common/12EE.c
common,12F4,FUN_CODE_12f4,6,call-target,yes,no,,,,bank1,common/12F4.c
common,12FA,FUN_CODE_12fa,6,call-target,yes,no,,,,bank1,common/12FA.c
common,1300,FUN_CODE_1300,6,call-target,yes,no,,,,bank1,common/1300.c
common,1306,FUN_CODE_1306,6,call-target,yes,no,,,,bank1,common/1306.c
common,130C,FUN_CODE_130c,6,call-target,yes,no,,,,bank1,common/130C.c
common,1312,FUN_CODE_1312,6,call-target,yes,no,,,,bank1,common/1312.c
common,1318,FUN_CODE_1318,6,call-target,yes,no,,,,bank1,common/1318.c
common,131E,FUN_CODE_131e,6,call-target,yes,no,,,,bank1,common/131E.c
common,1324,FUN_CODE_1324,6,call-target,yes,no,,,,bank1,common/1324.c
common,132A,FUN_CODE_132a,6,call-target,yes,no,,,,bank1,common/132A.c
common,1330,FUN_CODE_1330,6,call-target,yes,no,,,,bank1,common/1330.c
common,1336,FUN_CODE_1336,6,call-target,yes,no,,,,bank1,common/1336.c
common,133C,FUN_CODE_133c,6,call-target,yes,no,,,,bank1,common/133C.c
common,1342,FUN_CODE_1342,6,call-target,yes,no,,,,bank1,common/1342.c
common,1348,FUN_CODE_1348,6,call-target,yes,no,,,,bank1,common/1348.c
common,134E,FUN_CODE_134e,6,call-target,yes,no,,,,bank1,common/134E.c
common,1354,FUN_CODE_1354,6,call-target,yes,no,,,,bank1,common/1354.c
common,135A,FUN_CODE_135a,6,call-target,yes,no,,,,bank1,common/135A.c
common,1360,FUN_CODE_1360,6,call-target,yes,no,,,,bank1,common/1360.c
common,1366,FUN_CODE_1366,6,call-target,yes,no,,,,bank1,common/1366.c
common,136C,FUN_CODE_136c,6,call-target,yes,no,,,,bank1,common/136C.c
common,1372,FUN_CODE_1372,6,call-target,yes,no,,,,bank1,common/1372.c
common,1378,FUN_CODE_1378,6,call-target,yes,no,,,,bank1,common/1378.c
common,137E,FUN_CODE_137e,6,call-target,yes,no,,,,bank1,common/137E.c
common,1384,FUN_CODE_1384,6,call-target,yes,no,,,,bank1,common/1384.c
common,138A,FUN_CODE_138a,6,call-target,yes,no,,,,bank1,common/138A.c
common,1390,FUN_CODE_1390,6,call-target,yes,no,,,,bank1,common/1390.c
common,1396,FUN_CODE_1396,6,call-target,yes,no,,,,bank1,common/1396.c
common,139C,FUN_CODE_139c,6,call-target,yes,no,,,,bank1,common/139C.c
common,13A2,FUN_CODE_13a2,6,call-target,yes,no,,,,bank1,common/13A2.c
common,13A8,FUN_CODE_13a8,6,call-target,yes,no,,,,bank1,common/13A8.c
common,13AE,FUN_CODE_13ae,6,call-target,yes,no,,,,bank1,common/13AE.c
common,13B4,FUN_CODE_13b4,6,call-target,yes,no,,,,bank1,common/13B4.c
common,13BA,FUN_CODE_13ba,6,call-target,yes,no,,,,bank1,common/13BA.c
common,13C0,FUN_CODE_13c0,6,call-target,yes,no,,,,bank1,common/13C0.c
common,13C6,FUN_CODE_13c6,6,call-target,yes,no,,,,bank1,common/13C6.c
common,13CC,FUN_CODE_13cc,6,call-target,yes,no,,,,bank1,common/13CC.c
common,13D2,FUN_CODE_13d2,6,call-target,yes,no,,,,bank1,common/13D2.c
common,13D8,FUN_CODE_13d8,6,call-target,yes,no,,,,bank1,common/13D8.c
common,13DE,FUN_CODE_13de,6,call-target,yes,no,,,,bank1,common/13DE.c
common,13E4,FUN_CODE_13e4,6,call-target,yes,no,,,,bank1,common/13E4.c
common,13EA,FUN_CODE_13ea,6,call-target,yes,no,,,,bank1,common/13EA.c
common,13F0,FUN_CODE_13f0,6,call-target,yes,no,,,,bank1,common/13F0.c
common,13F6,FUN_CODE_13f6,6,call-target,yes,no,,,,bank1,common/13F6.c
common,13FC,FUN_CODE_13fc,6,call-target,yes,no,,,,bank1,common/13FC.c
common,1402,FUN_CODE_1402,6,call-target,yes,no,,,,bank1,common/1402.c
common,1408,FUN_CODE_1408,6,call-target,yes,no,,,,bank1,common/1408.c
common,140E,FUN_CODE_140e,6,call-target,yes,no,,,,bank1,common/140E.c
common,1414,FUN_CODE_1414,6,call-target,yes,no,,,,bank1,common/1414.c
common,141A,FUN_CODE_141a,6,call-target,yes,no,,,,bank1,common/141A.c
common,1420,FUN_CODE_1420,6,call-target,yes,no,,,,bank1,common/1420.c
common,1426,FUN_CODE_1426,6,call-target,yes,no,,,,bank1,common/1426.c
common,142C,FUN_CODE_142c,6,call-target,yes,no,,,,bank1,common/142C.c
common,1432,FUN_CODE_1432,6,call-target,yes,no,,,,bank1,common/1432.c
common,1438,FUN_CODE_1438,6,call-target,yes,no,,,,bank1,common/1438.c
common,143E,FUN_CODE_143e,6,call-target,yes,no,,,,bank1,common/143E.c
common,1444,FUN_CODE_1444,6,call-target,yes,no,,,,bank1,common/1444.c
common,144A,FUN_CODE_144a,6,call-target,yes,no,,,,bank1,common/144A.c
common,1450,FUN_CODE_1450,6,call-target,yes,no,,,,bank1,common/1450.c
common,1456,FUN_CODE_1456,6,call-target,yes,no,,,,bank1,common/1456.c
common,145C,FUN_CODE_145c,6,call-target,yes,no,,,,bank1,common/145C.c
common,1462,FUN_CODE_1462,6,call-target,yes,no,,,,bank1,common/1462.c
common,1468,FUN_CODE_1468,6,call-target,yes,no,,,,bank1,common/1468.c
common,146E,FUN_CODE_146e,6,call-target,yes,no,,,,bank1,common/146E.c
common,1474,FUN_CODE_1474,6,call-target,yes,no,,,,bank1,common/1474.c
common,147A,FUN_CODE_147a,6,call-target,yes,no,,,,bank1,common/147A.c
common,1480,FUN_CODE_1480,6,call-target,yes,no,,,,bank1,common/1480.c
common,1486,FUN_CODE_1486,6,call-target,yes,no,,,,bank1,common/1486.c
common,148C,FUN_CODE_148c,6,call-target,yes,no,,,,bank1,common/148C.c
common,1492,FUN_CODE_1492,6,call-target,yes,no,,,,bank1,common/1492.c
common,1498,FUN_CODE_1498,6,call-target,yes,no,,,,bank1,common/1498.c
common,149E,FUN_CODE_149e,6,call-target,yes,no,,,,bank1,common/149E.c
common,14A4,FUN_CODE_14a4,6,call-target,yes,no,,,,bank1,common/14A4.c
common,14AA,FUN_CODE_14aa,6,call-target,yes,no,,,,bank1,common/14AA.c
common,14B0,FUN_CODE_14b0,6,call-target,yes,no,,,,bank1,common/14B0.c
common,14B6,FUN_CODE_14b6,6,call-target,yes,no,,,,bank1,common/14B6.c
common,14BC,FUN_CODE_14bc,6,call-target,yes,no,,,,bank1,common/14BC.c
common,14C2,FUN_CODE_14c2,6,call-target,yes,no,,,,bank1,common/14C2.c
common,14C8,FUN_CODE_14c8,6,call-target,yes,no,,,,bank1,common/14C8.c
common,14CE,FUN_CODE_14ce,6,call-target,yes,no,,,,bank1,common/14CE.c
common,14D4,FUN_CODE_14d4,6,call-target,yes,no,,,,bank1,common/14D4.c
common,14DA,FUN_CODE_14da,6,call-target,yes,no,,,,bank1,common/14DA.c
common,14E0,FUN_CODE_14e0,6,call-target,yes,no,,,,bank1,common/14E0.c
common,14E6,FUN_CODE_14e6,6,call-target,yes,no,,,,bank1,common/14E6.c
common,14EC,FUN_CODE_14ec,6,call-target,yes,no,,,,bank1,common/14EC.c
common,14F2,FUN_CODE_14f2,6,call-target,yes,no,,,,bank1,common/14F2.c
common,14F8,FUN_CODE_14f8,6,call-target,yes,no,,,,bank1,common/14F8.c
common,14FE,FUN_CODE_14fe,6,call-target,yes,no,,,,bank1,common/14FE.c
common,1504,FUN_CODE_1504,6,call-target,yes,no,,,,bank1,common/1504.c
common,150A,FUN_CODE_150a,6,call-target,yes,no,,,,bank1,common/150A.c
common,1510,FUN_CODE_1510,6,call-target,yes,no,,,,bank1,common/1510.c
common,1516,FUN_CODE_1516,6,call-target,yes,no,,,,bank1,common/1516.c
common,151C,FUN_CODE_151c,6,call-target,yes,no,,,,bank1,common/151C.c
common,1522,FUN_CODE_1522,6,call-target,yes,no,,,,bank1,common/1522.c
common,1528,FUN_CODE_1528,6,call-target,yes,no,,,,bank1,common/1528.c
common,152E,FUN_CODE_152e,6,call-target,yes,no,,,,bank1,common/152E.c
common,1534,FUN_CODE_1534,6,call-target,yes,no,,,,bank1,common/1534.c
common,153A,FUN_CODE_153a,6,call-target,yes,no,,,,bank1,common/153A.c
common,1540,FUN_CODE_1540,6,call-target,yes,no,,,,bank1,common/1540.c
common,1546,FUN_CODE_1546,6,call-target,yes,no,,,,bank1,common/1546.c
common,154C,FUN_CODE_154c,6,call-target,yes,no,,,,bank1,common/154C.c
common,1552,FUN_CODE_1552,6,call-target,yes,no,,,,bank1,common/1552.c
common,1558,FUN_CODE_1558,6,call-target,yes,no,,,,bank1,common/1558.c
common,155E,FUN_CODE_155e,6,call-target,yes,no,,,,bank1,common/155E.c
common,1564,FUN_CODE_1564,6,call-target,yes,no,,,,bank1,common/1564.c
common,156B,FUN_CODE_156b,5,call-target,yes,no,,,,bank1,common/156B.c
common,1570,FUN_CODE_1570,6,call-target,yes,no,,,,bank1,common/1570.c
common,1576,FUN_CODE_1576,6,call-target,yes,no,,,,bank1,common/1576.c
common,157C,FUN_CODE_157c,6,call-target,yes,no,,,,bank1,common/157C.c
common,1582,FUN_CODE_1582,6,call-target,yes,no,,,,bank1,common/1582.c
common,1588,FUN_CODE_1588,6,call-target,yes,no,,,,bank1,common/1588.c
common,158E,FUN_CODE_158e,6,call-target,yes,no,,,,bank1,common/158E.c
common,1594,FUN_CODE_1594,6,call-target,yes,no,,,,bank1,common/1594.c
common,159A,FUN_CODE_159a,6,call-target,yes,no,,,,bank1,common/159A.c
common,15A0,FUN_CODE_15a0,6,call-target,yes,no,,,,bank1,common/15A0.c
common,15A6,FUN_CODE_15a6,6,call-target,yes,no,,,,bank1,common/15A6.c
common,15AC,FUN_CODE_15ac,6,call-target,yes,no,,,,bank1,common/15AC.c
common,15B2,FUN_CODE_15b2,6,call-target,yes,no,,,,bank1,common/15B2.c
common,15B8,trampoline_bank0_c881,6,annotation,yes,yes,dispatch,hand-decoded,ec/annotations/bank-call-audit.md,bank1,common/15B8.c
common,15BE,FUN_CODE_15be,6,call-target,yes,no,,,,bank1,common/15BE.c
common,15C4,FUN_CODE_15c4,6,call-target,yes,no,,,,bank1,common/15C4.c
common,15CA,FUN_CODE_15ca,6,call-target,yes,no,,,,bank1,common/15CA.c
common,15D0,FUN_CODE_15d0,6,call-target,yes,no,,,,bank1,common/15D0.c
common,15D6,FUN_CODE_15d6,6,call-target,yes,no,,,,bank1,common/15D6.c
common,15DC,FUN_CODE_15dc,6,call-target,yes,no,,,,bank1,common/15DC.c
common,15E2,FUN_CODE_15e2,6,call-target,yes,no,,,,bank1,common/15E2.c
common,15E8,FUN_CODE_15e8,6,call-target,yes,no,,,,bank1,common/15E8.c
common,15EE,FUN_CODE_15ee,6,call-target,yes,no,,,,bank1,common/15EE.c
common,15F4,FUN_CODE_15f4,6,call-target,yes,no,,,,bank1,common/15F4.c
common,15FA,FUN_CODE_15fa,6,call-target,yes,no,,,,bank1,common/15FA.c
common,1602,FUN_CODE_1602,2,call-target,yes,no,,,,bank1,common/1602.c
common,1606,FUN_CODE_1606,6,call-target,yes,no,,,,bank1,common/1606.c
common,160C,FUN_CODE_160c,6,call-target,yes,no,,,,bank1,common/160C.c
common,1612,FUN_CODE_1612,6,call-target,yes,no,,,,bank1,common/1612.c
common,1618,FUN_CODE_1618,6,call-target,yes,no,,,,bank1,common/1618.c
common,161E,FUN_CODE_161e,6,call-target,yes,no,,,,bank1,common/161E.c
common,1624,FUN_CODE_1624,6,call-target,yes,no,,,,bank1,common/1624.c
common,1630,FUN_CODE_1630,6,call-target,yes,no,,,,bank1,common/1630.c
common,1636,FUN_CODE_1636,6,call-target,yes,no,,,,bank1,common/1636.c
common,16D2,FUN_CODE_16d2,6,call-target,yes,no,,,,bank1,common/16D2.c
common,1706,FUN_CODE_1706,8,call-target,yes,no,,,,bank1,common/1706.c
common,1800,FUN_CODE_1800,1,call-target,yes,no,,,,bank1,common/1800.c
common,1AC2,FUN_CODE_1ac2,226,call-target,yes,no,,,,bank1,common/1AC2.c
common,1BA4,FUN_CODE_1ba4,79,call-target,yes,no,,,,bank1,common/1BA4.c
common,1BF3,FUN_CODE_1bf3,13,call-target,yes,no,,,,bank1,common/1BF3.c
common,1C00,FUN_CODE_1c00,20,call-target,yes,no,,,,bank1,common/1C00.c
common,1C14,FUN_CODE_1c14,133,call-target,yes,no,,,,bank1,common/1C14.c
common,1C3E,FUN_CODE_1c3e,56,call-target,yes,no,,,,bank1,common/1C3E.c
common,1CD1,FUN_CODE_1cd1,1,call-target,yes,no,,,,bank1,common/1CD1.c
common,1CD2,FUN_CODE_1cd2,78,call-target,yes,no,,,,bank1,common/1CD2.c
common,1D20,FUN_CODE_1d20,250,call-target,yes,no,,,,bank1,common/1D20.c
common,1E1A,FUN_CODE_1e1a,22,call-target,yes,no,,,,bank1,common/1E1A.c
common,1E30,FUN_CODE_1e30,62,call-target,yes,no,,,,bank1,common/1E30.c
common,1E6E,FUN_CODE_1e6e,17,call-target,yes,no,,,,bank1,common/1E6E.c
common,1E7F,FUN_CODE_1e7f,262,call-target,yes,no,,,,bank1,common/1E7F.c
common,2002,FUN_CODE_2002,64,call-target,yes,no,,,,bank1,common/2002.c
common,21DC,FUN_CODE_21dc,3,call-target,yes,no,,,,bank1,common/21DC.c
common,21DF,FUN_CODE_21df,3,call-target,yes,no,,,,bank1,common/21DF.c
common,21E2,FUN_CODE_21e2,9,call-target,yes,no,,,,bank1,common/21E2.c
common,21EB,FUN_CODE_21eb,31,call-target,yes,no,,,,bank1,common/21EB.c
common,220A,FUN_CODE_220a,7,call-target,yes,no,,,,bank1,common/220A.c
common,2211,FUN_CODE_2211,14,call-target,yes,no,,,,bank1,common/2211.c
common,221F,FUN_CODE_221f,7,call-target,yes,no,,,,bank1,common/221F.c
common,2226,FUN_CODE_2226,8,call-target,yes,no,,,,bank1,common/2226.c
common,222E,FUN_CODE_222e,10,call-target,yes,no,,,,bank1,common/222E.c
common,2238,FUN_CODE_2238,7,call-target,yes,no,,,,bank1,common/2238.c
common,223F,FUN_CODE_223f,112,call-target,yes,no,,,,bank1,common/223F.c
common,2275,FUN_CODE_2275,27,call-target,yes,no,,,,bank1,common/2275.c
common,2290,FUN_CODE_2290,37,call-target,yes,no,,,,bank1,common/2290.c
common,22EF,FUN_CODE_22ef,218,call-target,yes,no,,,,bank1,common/22EF.c
common,23C9,FUN_CODE_23c9,43,call-target,yes,no,,,,bank1,common/23C9.c
common,23F4,FUN_CODE_23f4,80,call-target,yes,no,,,,bank1,common/23F4.c
common,2444,FUN_CODE_2444,141,call-target,yes,no,,,,bank1,common/2444.c
common,24D1,FUN_CODE_24d1,45,call-target,yes,no,,,,bank1,common/24D1.c
common,24FE,FUN_CODE_24fe,53,call-target,yes,no,,,,bank1,common/24FE.c
common,2533,FUN_CODE_2533,88,call-target,yes,no,,,,bank1,common/2533.c
common,258B,FUN_CODE_258b,167,call-target,yes,no,,,,bank1,common/258B.c
common,2632,FUN_CODE_2632,153,call-target,yes,no,,,,bank1,common/2632.c
common,26CB,FUN_CODE_26cb,79,call-target,yes,no,,,,bank1,common/26CB.c
common,271A,FUN_CODE_271a,125,call-target,yes,no,,,,bank1,common/271A.c
common,2797,FUN_CODE_2797,20,call-target,yes,no,,,,bank1,common/2797.c
common,27AB,FUN_CODE_27ab,56,call-target,yes,no,,,,bank1,common/27AB.c
common,27E3,FUN_CODE_27e3,31,call-target,yes,no,,,,bank1,common/27E3.c
common,2802,FUN_CODE_2802,16,call-target,yes,no,,,,bank1,common/2802.c
common,2812,FUN_CODE_2812,7,call-target,yes,no,,,,bank1,common/2812.c
common,2819,FUN_CODE_2819,7,call-target,yes,no,,,,bank1,common/2819.c
common,2820,FUN_CODE_2820,45,call-target,yes,no,,,,bank1,common/2820.c
common,2890,FUN_CODE_2890,6,call-target,yes,no,,,,bank1,common/2890.c
common,2896,FUN_CODE_2896,43,call-target,yes,no,,,,bank1,common/2896.c
common,28C1,FUN_CODE_28c1,16,call-target,yes,no,,,,bank1,common/28C1.c
common,28D1,FUN_CODE_28d1,76,call-target,yes,no,,,,bank1,common/28D1.c
common,291D,FUN_CODE_291d,66,call-target,yes,no,,,,bank1,common/291D.c
common,295F,FUN_CODE_295f,40,call-target,yes,no,,,,bank1,common/295F.c
common,2987,FUN_CODE_2987,9,call-target,yes,no,,,,bank1,common/2987.c
common,2990,FUN_CODE_2990,63,call-target,yes,no,,,,bank1,common/2990.c
common,29CF,FUN_CODE_29cf,49,call-target,yes,no,,,,bank1,common/29CF.c
common,2A24,FUN_CODE_2a24,3,call-target,yes,no,,,,bank1,common/2A24.c
common,2A27,FUN_CODE_2a27,1,call-target,yes,no,,,,bank1,common/2A27.c
common,2A28,FUN_CODE_2a28,13,call-target,yes,no,,,,bank1,common/2A28.c
common,2A35,FUN_CODE_2a35,3,call-target,yes,no,,,,bank1,common/2A35.c
common,2A38,FUN_CODE_2a38,10,call-target,yes,no,,,,bank1,common/2A38.c
common,2A42,FUN_CODE_2a42,6,call-target,yes,no,,,,bank1,common/2A42.c
common,2A48,FUN_CODE_2a48,7,call-target,yes,no,,,,bank1,common/2A48.c
common,2A4F,FUN_CODE_2a4f,5,call-target,yes,no,,,,bank1,common/2A4F.c
common,2A54,FUN_CODE_2a54,7,call-target,yes,no,,,,bank1,common/2A54.c
common,2A5B,FUN_CODE_2a5b,17,call-target,yes,no,,,,bank1,common/2A5B.c
common,2A7B,FUN_CODE_2a7b,2,call-target,yes,no,,,,bank1,common/2A7B.c
common,2A7D,FUN_CODE_2a7d,7,call-target,yes,no,,,,bank1,common/2A7D.c
common,2A84,FUN_CODE_2a84,3,call-target,yes,no,,,,bank1,common/2A84.c
common,2A87,FUN_CODE_2a87,8,call-target,yes,no,,,,bank1,common/2A87.c
common,2A8F,FUN_CODE_2a8f,3,call-target,yes,no,,,,bank1,common/2A8F.c
common,2A92,FUN_CODE_2a92,7,call-target,yes,no,,,,bank1,common/2A92.c
common,2A99,FUN_CODE_2a99,1,call-target,yes,no,,,,bank1,common/2A99.c
common,2A9A,FUN_CODE_2a9a,8,call-target,yes,no,,,,bank1,common/2A9A.c
common,2AA2,FUN_CODE_2aa2,3,call-target,yes,no,,,,bank1,common/2AA2.c
common,2AA5,FUN_CODE_2aa5,7,call-target,yes,no,,,,bank1,common/2AA5.c
common,2AAC,FUN_CODE_2aac,13,call-target,yes,no,,,,bank1,common/2AAC.c
common,2AB9,FUN_CODE_2ab9,8,call-target,yes,no,,,,bank1,common/2AB9.c
common,2AC1,FUN_CODE_2ac1,12,call-target,yes,no,,,,bank1,common/2AC1.c
common,2ACD,FUN_CODE_2acd,155,call-target,yes,no,,,,bank1,common/2ACD.c
common,2B68,FUN_CODE_2b68,4,call-target,yes,no,,,,bank1,common/2B68.c
common,2B6C,FUN_CODE_2b6c,85,call-target,yes,no,,,,bank1,common/2B6C.c
common,2BC1,FUN_CODE_2bc1,10,call-target,yes,no,,,,bank1,common/2BC1.c
common,2BCB,FUN_CODE_2bcb,10,call-target,yes,no,,,,bank1,common/2BCB.c
common,2CB3,FUN_CODE_2cb3,1,call-target,yes,no,,,,bank1,common/2CB3.c
common,2CB4,FUN_CODE_2cb4,198,call-target,yes,no,,,,bank1,common/2CB4.c
common,2D7A,FUN_CODE_2d7a,11,call-target,yes,no,,,,bank1,common/2D7A.c
common,2D85,FUN_CODE_2d85,10,call-target,yes,no,,,,bank1,common/2D85.c
common,2D8F,FUN_CODE_2d8f,84,call-target,yes,no,,,,bank1,common/2D8F.c
common,2DE3,FUN_CODE_2de3,17,call-target,yes,no,,,,bank1,common/2DE3.c
common,2DF4,FUN_CODE_2df4,13,call-target,yes,no,,,,bank1,common/2DF4.c
common,2E02,FUN_CODE_2e02,5,call-target,yes,no,,,,bank1,common/2E02.c
common,2E9C,FUN_CODE_2e9c,129,call-target,yes,no,,,,bank1,common/2E9C.c
common,2F1D,FUN_CODE_2f1d,104,call-target,yes,no,,,,bank1,common/2F1D.c
common,2F85,FUN_CODE_2f85,189,call-target,yes,no,,,,bank1,common/2F85.c
common,3042,FUN_CODE_3042,87,call-target,yes,no,,,,bank1,common/3042.c
common,3099,FUN_CODE_3099,13,call-target,yes,no,,,,bank1,common/3099.c
common,30A6,FUN_CODE_30a6,15,call-target,yes,no,,,,bank1,common/30A6.c
common,30B5,FUN_CODE_30b5,42,call-target,yes,no,,,,bank1,common/30B5.c
common,30DF,FUN_CODE_30df,28,call-target,yes,no,,,,bank1,common/30DF.c
common,30FB,FUN_CODE_30fb,34,call-target,yes,no,,,,bank1,common/30FB.c
common,311D,FUN_CODE_311d,271,call-target,yes,no,,,,bank1,common/311D.c
common,322C,FUN_CODE_322c,13,call-target,yes,no,,,,bank1,common/322C.c
common,3239,FUN_CODE_3239,9,call-target,yes,no,,,,bank1,common/3239.c
common,3242,FUN_CODE_3242,18,call-target,yes,no,,,,bank1,common/3242.c
common,3254,FUN_CODE_3254,1,call-target,yes,no,,,,bank1,common/3254.c
common,3255,FUN_CODE_3255,10,call-target,yes,no,,,,bank1,common/3255.c
common,3336,FUN_CODE_3336,28,call-target,yes,no,,,,bank1,common/3336.c
common,3352,FUN_CODE_3352,1,call-target,yes,no,,,,bank1,common/3352.c
common,3353,FUN_CODE_3353,63,call-target,yes,no,,,,bank1,common/3353.c
common,3402,FUN_CODE_3402,54,call-target,yes,no,,,,bank1,common/3402.c
common,3451,FUN_CODE_3451,8,call-target,yes,no,,,,bank1,common/3451.c
common,3459,FUN_CODE_3459,109,call-target,yes,no,,,,bank1,common/3459.c
common,34C6,FUN_CODE_34c6,143,call-target,yes,no,,,,bank1,common/34C6.c
common,3555,FUN_CODE_3555,9,call-target,yes,no,,,,bank1,common/3555.c
common,355E,FUN_CODE_355e,1,call-target,yes,no,,,,bank1,common/355E.c
common,3578,thunk_FUN_CODE_3459,3,call-target,yes,no,,,,bank1,common/3578.c
common,35F6,FUN_CODE_35f6,12,call-target,yes,no,,,,bank1,common/35F6.c
common,3602,FUN_CODE_3602,7,call-target,yes,no,,,,bank1,common/3602.c
common,3609,FUN_CODE_3609,84,call-target,yes,no,,,,bank1,common/3609.c
common,365D,FUN_CODE_365d,28,call-target,yes,no,,,,bank1,common/365D.c
common,3679,FUN_CODE_3679,54,call-target,yes,no,,,,bank1,common/3679.c
common,36AF,FUN_CODE_36af,54,call-target,yes,no,,,,bank1,common/36AF.c
common,36E5,FUN_CODE_36e5,121,call-target,yes,no,,,,bank1,common/36E5.c
common,375E,FUN_CODE_375e,18,call-target,yes,no,,,,bank1,common/375E.c
common,3770,FUN_CODE_3770,41,call-target,yes,no,,,,bank1,common/3770.c
common,3799,FUN_CODE_3799,72,call-target,yes,no,,,,bank1,common/3799.c
common,37E1,FUN_CODE_37e1,84,call-target,yes,no,,,,bank1,common/37E1.c
common,3835,FUN_CODE_3835,5,call-target,yes,no,,,,bank1,common/3835.c
common,383A,FUN_CODE_383a,3,annotation,yes,no,,,,bank1,common/383A.c
common,383D,FUN_CODE_383d,50,call-target,yes,no,,,,bank1,common/383D.c
common,386F,FUN_CODE_386f,9,call-target,yes,no,,,,bank1,common/386F.c
common,3878,FUN_CODE_3878,19,call-target,yes,no,,,,bank1,common/3878.c
common,388B,FUN_CODE_388b,9,call-target,yes,no,,,,bank1,common/388B.c
common,3894,FUN_CODE_3894,7,call-target,yes,no,,,,bank1,common/3894.c
common,38F0,FUN_CODE_38f0,80,auto,yes,no,,,,bank1,common/38F0.c
common,3983,FUN_CODE_3983,5,call-target,yes,no,,,,bank1,common/3983.c
common,3A02,thunk_FUN_CODE_38f0,2,call-target,yes,no,,,,bank1,common/3A02.c
common,3A0D,FUN_CODE_3a0d,83,call-target,yes,no,,,,bank1,common/3A0D.c
common,3ACC,FUN_CODE_3acc,5,call-target,yes,no,,,,bank1,common/3ACC.c
common,3AD1,FUN_CODE_3ad1,5,call-target,yes,no,,,,bank1,common/3AD1.c
common,3B1D,FUN_CODE_3b1d,3,call-target,yes,no,,,,bank1,common/3B1D.c
common,3B20,FUN_CODE_3b20,2,call-target,yes,no,,,,bank1,common/3B20.c
common,3B22,FUN_CODE_3b22,16,call-target,yes,no,,,,bank1,common/3B22.c
common,3B32,FUN_CODE_3b32,10,call-target,yes,no,,,,bank1,common/3B32.c
common,3B3C,FUN_CODE_3b3c,2,call-target,yes,no,,,,bank1,common/3B3C.c
common,3B3E,FUN_CODE_3b3e,16,call-target,yes,no,,,,bank1,common/3B3E.c
common,3B4E,FUN_CODE_3b4e,3,call-target,yes,no,,,,bank1,common/3B4E.c
common,3B51,FUN_CODE_3b51,15,call-target,yes,no,,,,bank1,common/3B51.c
common,3B60,FUN_CODE_3b60,16,call-target,yes,no,,,,bank1,common/3B60.c
common,3B70,FUN_CODE_3b70,9,call-target,yes,no,,,,bank1,common/3B70.c
common,3B79,FUN_CODE_3b79,2,call-target,yes,no,,,,bank1,common/3B79.c
common,3B7B,FUN_CODE_3b7b,5,call-target,yes,no,,,,bank1,common/3B7B.c
common,3B80,FUN_CODE_3b80,2,call-target,yes,no,,,,bank1,common/3B80.c
common,3B82,FUN_CODE_3b82,1,call-target,yes,no,,,,bank1,common/3B82.c
common,3B83,FUN_CODE_3b83,7,call-target,yes,no,,,,bank1,common/3B83.c
common,3B8A,FUN_CODE_3b8a,36,call-target,yes,no,,,,bank1,common/3B8A.c
common,3BAE,FUN_CODE_3bae,9,call-target,yes,no,,,,bank1,common/3BAE.c
common,3BB7,FUN_CODE_3bb7,8,call-target,yes,no,,,,bank1,common/3BB7.c
common,3BBF,FUN_CODE_3bbf,2,call-target,yes,no,,,,bank1,common/3BBF.c
common,3BC1,FUN_CODE_3bc1,8,call-target,yes,no,,,,bank1,common/3BC1.c
common,3BC9,FUN_CODE_3bc9,7,call-target,yes,no,,,,bank1,common/3BC9.c
common,3BD0,FUN_CODE_3bd0,13,call-target,yes,no,,,,bank1,common/3BD0.c
common,3BDD,FUN_CODE_3bdd,7,call-target,yes,no,,,,bank1,common/3BDD.c
common,3BE4,FUN_CODE_3be4,3,call-target,yes,no,,,,bank1,common/3BE4.c
common,3BE7,FUN_CODE_3be7,8,call-target,yes,no,,,,bank1,common/3BE7.c
common,3BEF,FUN_CODE_3bef,17,call-target,yes,no,,,,bank1,common/3BEF.c
common,3C00,FUN_CODE_3c00,3,call-target,yes,no,,,,bank1,common/3C00.c
common,3C03,FUN_CODE_3c03,7,call-target,yes,no,,,,bank1,common/3C03.c
common,3C0A,FUN_CODE_3c0a,14,call-target,yes,no,,,,bank1,common/3C0A.c
common,3C18,FUN_CODE_3c18,9,call-target,yes,no,,,,bank1,common/3C18.c
common,3C21,FUN_CODE_3c21,14,call-target,yes,no,,,,bank1,common/3C21.c
common,3C2F,FUN_CODE_3c2f,9,call-target,yes,no,,,,bank1,common/3C2F.c
common,3C38,FUN_CODE_3c38,7,call-target,yes,no,,,,bank1,common/3C38.c
common,3C3F,FUN_CODE_3c3f,7,call-target,yes,no,,,,bank1,common/3C3F.c
common,3C46,FUN_CODE_3c46,7,call-target,yes,no,,,,bank1,common/3C46.c
common,3C4D,FUN_CODE_3c4d,7,call-target,yes,no,,,,bank1,common/3C4D.c
common,3C54,FUN_CODE_3c54,7,call-target,yes,no,,,,bank1,common/3C54.c
common,3C5B,FUN_CODE_3c5b,7,call-target,yes,no,,,,bank1,common/3C5B.c
common,3C62,FUN_CODE_3c62,11,call-target,yes,no,,,,bank1,common/3C62.c
common,3C6D,FUN_CODE_3c6d,108,call-target,yes,no,,,,bank1,common/3C6D.c
common,3CD9,FUN_CODE_3cd9,5,call-target,yes,no,,,,bank1,common/3CD9.c
common,3CDE,FUN_CODE_3cde,8,call-target,yes,no,,,,bank1,common/3CDE.c
common,3CE6,FUN_CODE_3ce6,8,call-target,yes,no,,,,bank1,common/3CE6.c
common,3CEE,FUN_CODE_3cee,8,call-target,yes,no,,,,bank1,common/3CEE.c
common,3CF6,FUN_CODE_3cf6,8,call-target,yes,no,,,,bank1,common/3CF6.c
common,3CFE,FUN_CODE_3cfe,5,call-target,yes,no,,,,bank1,common/3CFE.c
common,3D03,FUN_CODE_3d03,5,call-target,yes,no,,,,bank1,common/3D03.c
common,3D08,FUN_CODE_3d08,5,call-target,yes,no,,,,bank1,common/3D08.c
common,3D0D,FUN_CODE_3d0d,5,call-target,yes,no,,,,bank1,common/3D0D.c
common,3D12,FUN_CODE_3d12,5,call-target,yes,no,,,,bank1,common/3D12.c
common,3D17,FUN_CODE_3d17,5,call-target,yes,no,,,,bank1,common/3D17.c
common,3D1C,FUN_CODE_3d1c,5,call-target,yes,no,,,,bank1,common/3D1C.c
common,3D21,FUN_CODE_3d21,5,call-target,yes,no,,,,bank1,common/3D21.c
common,3D26,FUN_CODE_3d26,5,call-target,yes,no,,,,bank1,common/3D26.c
common,3D2B,FUN_CODE_3d2b,20,call-target,yes,no,,,,bank1,common/3D2B.c
common,3D3F,FUN_CODE_3d3f,8,call-target,yes,no,,,,bank1,common/3D3F.c
common,3D47,FUN_CODE_3d47,34,call-target,yes,no,,,,bank1,common/3D47.c
common,3D69,FUN_CODE_3d69,3,call-target,yes,no,,,,bank1,common/3D69.c
common,3D6C,FUN_CODE_3d6c,3,call-target,yes,no,,,,bank1,common/3D6C.c
common,3D6F,FUN_CODE_3d6f,7,call-target,yes,no,,,,bank1,common/3D6F.c
common,3D76,FUN_CODE_3d76,28,call-target,yes,no,,,,bank1,common/3D76.c
common,3D92,FUN_CODE_3d92,5,call-target,yes,no,,,,bank1,common/3D92.c
common,3D97,FUN_CODE_3d97,17,call-target,yes,no,,,,bank1,common/3D97.c
common,3DA8,FUN_CODE_3da8,23,call-target,yes,no,,,,bank1,common/3DA8.c
common,3DBF,FUN_CODE_3dbf,1,call-target,yes,no,,,,bank1,common/3DBF.c
common,3DC0,FUN_CODE_3dc0,5,call-target,yes,no,,,,bank1,common/3DC0.c
common,3DC5,FUN_CODE_3dc5,6,call-target,yes,no,,,,bank1,common/3DC5.c
common,3DCB,FUN_CODE_3dcb,3,call-target,yes,no,,,,bank1,common/3DCB.c
common,3DCE,FUN_CODE_3dce,46,call-target,yes,no,,,,bank1,common/3DCE.c
common,3DFC,FUN_CODE_3dfc,47,call-target,yes,no,,,,bank1,common/3DFC.c
common,3E2B,FUN_CODE_3e2b,8,call-target,yes,no,,,,bank1,common/3E2B.c
common,3E33,FUN_CODE_3e33,5,call-target,yes,no,,,,bank1,common/3E33.c
common,3E38,FUN_CODE_3e38,41,call-target,yes,no,,,,bank1,common/3E38.c
common,3E61,FUN_CODE_3e61,29,call-target,yes,no,,,,bank1,common/3E61.c
common,3E7E,FUN_CODE_3e7e,7,call-target,yes,no,,,,bank1,common/3E7E.c
common,3E85,FUN_CODE_3e85,7,call-target,yes,no,,,,bank1,common/3E85.c
common,3E8C,FUN_CODE_3e8c,7,call-target,yes,no,,,,bank1,common/3E8C.c
common,3E93,FUN_CODE_3e93,7,call-target,yes,no,,,,bank1,common/3E93.c
common,3E9A,FUN_CODE_3e9a,43,call-target,yes,no,,,,bank1,common/3E9A.c
common,3EC5,FUN_CODE_3ec5,29,call-target,yes,no,,,,bank1,common/3EC5.c
common,3EE2,FUN_CODE_3ee2,29,call-target,yes,no,,,,bank1,common/3EE2.c
common,3EFF,FUN_CODE_3eff,32,call-target,yes,no,,,,bank1,common/3EFF.c
common,3F1F,FUN_CODE_3f1f,50,call-target,yes,no,,,,bank1,common/3F1F.c
common,3F51,FUN_CODE_3f51,12,call-target,yes,no,,,,bank1,common/3F51.c
common,3F5D,FUN_CODE_3f5d,5,call-target,yes,no,,,,bank1,common/3F5D.c
common,3F62,FUN_CODE_3f62,6,call-target,yes,no,,,,bank1,common/3F62.c
common,3F68,FUN_CODE_3f68,53,call-target,yes,no,,,,bank1,common/3F68.c
common,3F9D,FUN_CODE_3f9d,7,call-target,yes,no,,,,bank1,common/3F9D.c
common,3FA4,FUN_CODE_3fa4,3,call-target,yes,no,,,,bank1,common/3FA4.c
common,3FA7,FUN_CODE_3fa7,96,call-target,yes,no,,,,bank1,common/3FA7.c
common,4002,FUN_CODE_4002,15,call-target,yes,no,,,,bank1,common/4002.c
common,4016,FUN_CODE_4016,74,call-target,yes,no,,,,bank1,common/4016.c
common,4060,FUN_CODE_4060,4,call-target,yes,no,,,,bank1,common/4060.c
common,4064,FUN_CODE_4064,52,call-target,yes,no,,,,bank1,common/4064.c
common,412E,FUN_CODE_412e,106,call-target,yes,no,,,,bank1,common/412E.c
common,4198,FUN_CODE_4198,7,call-target,yes,no,,,,bank1,common/4198.c
common,41EA,FUN_CODE_41ea,3,call-target,yes,no,,,,bank1,common/41EA.c
common,41ED,FUN_CODE_41ed,12,call-target,yes,no,,,,bank1,common/41ED.c
common,4202,FUN_CODE_4202,12,call-target,yes,no,,,,bank1,common/4202.c
common,4228,thunk_FUN_CODE_3e8c,3,auto,yes,no,,,,bank1,common/4228.c
common,424A,FUN_CODE_424a,103,call-target,yes,no,,,,bank1,common/424A.c
common,434C,FUN_CODE_434c,12,call-target,yes,no,,,,bank1,common/434C.c
common,4358,FUN_CODE_4358,9,call-target,yes,no,,,,bank1,common/4358.c
common,4361,FUN_CODE_4361,7,call-target,yes,no,,,,bank1,common/4361.c
common,4368,FUN_CODE_4368,7,call-target,yes,no,,,,bank1,common/4368.c
common,436F,FUN_CODE_436f,7,call-target,yes,no,,,,bank1,common/436F.c
common,4376,FUN_CODE_4376,8,call-target,yes,no,,,,bank1,common/4376.c
common,437E,FUN_CODE_437e,11,call-target,yes,no,,,,bank1,common/437E.c
common,4389,FUN_CODE_4389,7,call-target,yes,no,,,,bank1,common/4389.c
common,4390,FUN_CODE_4390,7,call-target,yes,no,,,,bank1,common/4390.c
common,4397,FUN_CODE_4397,14,call-target,yes,no,,,,bank1,common/4397.c
common,43A5,FUN_CODE_43a5,180,call-target,yes,no,,,,bank1,common/43A5.c
common,445D,FUN_CODE_445d,1,call-target,yes,no,,,,bank1,common/445D.c
common,451A,FUN_CODE_451a,212,call-target,yes,no,,,,bank1,common/451A.c
common,4602,FUN_CODE_4602,31,call-target,yes,no,,,,bank1,common/4602.c
common,4643,FUN_CODE_4643,35,auto,yes,no,,,,bank1,common/4643.c
common,4666,FUN_CODE_4666,137,call-target,yes,no,,,,bank1,common/4666.c
common,46F9,FUN_CODE_46f9,44,call-target,yes,no,,,,bank1,common/46F9.c
common,4725,FUN_CODE_4725,55,call-target,yes,no,,,,bank1,common/4725.c
common,4825,FUN_CODE_4825,62,call-target,yes,no,,,,bank1,common/4825.c
common,48A6,FUN_CODE_48a6,11,call-target,yes,no,,,,bank1,common/48A6.c
common,48B1,FUN_CODE_48b1,40,call-target,yes,no,,,,bank1,common/48B1.c
common,4921,FUN_CODE_4921,12,call-target,yes,no,,,,bank1,common/4921.c
common,492D,FUN_CODE_492d,6,call-target,yes,no,,,,bank1,common/492D.c
common,493B,FUN_CODE_493b,5,call-target,yes,no,,,,bank1,common/493B.c
common,4940,FUN_CODE_4940,7,call-target,yes,no,,,,bank1,common/4940.c
common,4947,FUN_CODE_4947,7,call-target,yes,no,,,,bank1,common/4947.c
common,4A40,FUN_CODE_4a40,1,call-target,yes,no,,,,bank1,common/4A40.c
common,4A41,FUN_CODE_4a41,1,call-target,yes,no,,,,bank1,common/4A41.c
common,4A42,FUN_CODE_4a42,11,call-target,yes,no,,,,bank1,common/4A42.c
common,4A4D,FUN_CODE_4a4d,13,call-target,yes,no,,,,bank1,common/4A4D.c
common,4A5A,FUN_CODE_4a5a,4,call-target,yes,no,,,,bank1,common/4A5A.c
common,4A5E,FUN_CODE_4a5e,11,call-target,yes,no,,,,bank1,common/4A5E.c
common,4A69,FUN_CODE_4a69,13,call-target,yes,no,,,,bank1,common/4A69.c
common,4A76,FUN_CODE_4a76,1,call-target,yes,no,,,,bank1,common/4A76.c
common,4A77,FUN_CODE_4a77,12,call-target,yes,no,,,,bank1,common/4A77.c
common,4A83,FUN_CODE_4a83,12,call-target,yes,no,,,,bank1,common/4A83.c
common,4A8F,FUN_CODE_4a8f,13,call-target,yes,no,,,,bank1,common/4A8F.c
common,4A9C,FUN_CODE_4a9c,10,call-target,yes,no,,,,bank1,common/4A9C.c
common,4AA6,FUN_CODE_4aa6,1,call-target,yes,no,,,,bank1,common/4AA6.c
common,4AA7,FUN_CODE_4aa7,12,call-target,yes,no,,,,bank1,common/4AA7.c
common,4AB3,FUN_CODE_4ab3,5,call-target,yes,no,,,,bank1,common/4AB3.c
common,4AB8,FUN_CODE_4ab8,12,call-target,yes,no,,,,bank1,common/4AB8.c
common,4AC4,FUN_CODE_4ac4,13,call-target,yes,no,,,,bank1,common/4AC4.c
common,4AD1,FUN_CODE_4ad1,2,call-target,yes,no,,,,bank1,common/4AD1.c
common,4AD3,FUN_CODE_4ad3,12,call-target,yes,no,,,,bank1,common/4AD3.c
common,4ADF,FUN_CODE_4adf,1,call-target,yes,no,,,,bank1,common/4ADF.c
common,4AE0,FUN_CODE_4ae0,12,call-target,yes,no,,,,bank1,common/4AE0.c
common,4AEC,FUN_CODE_4aec,3,call-target,yes,no,,,,bank1,common/4AEC.c
common,4AEF,FUN_CODE_4aef,12,call-target,yes,no,,,,bank1,common/4AEF.c
common,4AFB,FUN_CODE_4afb,7,call-target,yes,no,,,,bank1,common/4AFB.c
common,4B02,FUN_CODE_4b02,1,call-target,yes,no,,,,bank1,common/4B02.c
common,4B03,FUN_CODE_4b03,12,call-target,yes,no,,,,bank1,common/4B03.c
common,4B0F,FUN_CODE_4b0f,16,call-target,yes,no,,,,bank1,common/4B0F.c
common,4B22,FUN_CODE_4b22,7,call-target,yes,no,,,,bank1,common/4B22.c
common,4B29,FUN_CODE_4b29,14,call-target,yes,no,,,,bank1,common/4B29.c
common,4B37,FUN_CODE_4b37,13,call-target,yes,no,,,,bank1,common/4B37.c
common,4B44,FUN_CODE_4b44,8,call-target,yes,no,,,,bank1,common/4B44.c
common,4B4C,FUN_CODE_4b4c,11,call-target,yes,no,,,,bank1,common/4B4C.c
common,4B57,FUN_CODE_4b57,11,call-target,yes,no,,,,bank1,common/4B57.c
common,4B62,FUN_CODE_4b62,10,call-target,yes,no,,,,bank1,common/4B62.c
common,4B77,FUN_CODE_4b77,57,call-target,yes,no,,,,bank1,common/4B77.c
common,4BB0,FUN_CODE_4bb0,82,call-target,yes,no,,,,bank1,common/4BB0.c
common,4C02,FUN_CODE_4c02,91,call-target,yes,no,,,,bank1,common/4C02.c
common,4C5D,FUN_CODE_4c5d,155,call-target,yes,no,,,,bank1,common/4C5D.c
common,4CF8,FUN_CODE_4cf8,158,call-target,yes,no,,,,bank1,common/4CF8.c
common,4D96,FUN_CODE_4d96,150,call-target,yes,no,,,,bank1,common/4D96.c
common,4E2C,FUN_CODE_4e2c,161,call-target,yes,no,,,,bank1,common/4E2C.c
common,4ECD,FUN_CODE_4ecd,113,call-target,yes,no,,,,bank1,common/4ECD.c
common,4F3E,FUN_CODE_4f3e,175,call-target,yes,no,,,,bank1,common/4F3E.c
common,4FED,FUN_CODE_4fed,241,call-target,yes,no,,,,bank1,common/4FED.c
common,50DE,FUN_CODE_50de,234,call-target,yes,no,,,,bank1,common/50DE.c
common,51C8,FUN_CODE_51c8,58,call-target,yes,no,,,,bank1,common/51C8.c
common,5202,FUN_CODE_5202,120,call-target,yes,no,,,,bank1,common/5202.c
common,527A,FUN_CODE_527a,148,call-target,yes,no,,,,bank1,common/527A.c
common,557E,FUN_CODE_557e,1,call-target,yes,no,,,,bank1,common/557E.c
common,557F,FUN_CODE_557f,24,call-target,yes,no,,,,bank1,common/557F.c
common,5597,FUN_CODE_5597,17,call-target,yes,no,,,,bank1,common/5597.c
common,57C2,FUN_CODE_57c2,23,call-target,yes,no,,,,bank1,common/57C2.c
common,5802,FUN_CODE_5802,105,call-target,yes,no,,,,bank1,common/5802.c
common,5882,FUN_CODE_5882,92,call-target,yes,no,,,,bank1,common/5882.c
common,5A02,FUN_CODE_5a02,49,call-target,yes,no,,,,bank1,common/5A02.c
common,5A43,FUN_CODE_5a43,18,auto,yes,no,,,,bank1,common/5A43.c
common,5A55,FUN_CODE_5a55,5,auto,yes,no,,,,bank1,common/5A55.c
common,5A5A,FUN_CODE_5a5a,9,call-target,yes,no,,,,bank1,common/5A5A.c
common,5A66,FUN_CODE_5a66,177,call-target,yes,no,,,,bank1,common/5A66.c
common,5AC2,FUN_CODE_5ac2,8,call-target,yes,no,,,,bank1,common/5AC2.c
common,5B82,FUN_CODE_5b82,94,call-target,yes,no,,,,bank1,common/5B82.c
common,5CFE,FUN_CODE_5cfe,186,call-target,yes,no,,,,bank1,common/5CFE.c
common,5DC2,FUN_CODE_5dc2,70,call-target,yes,no,,,,bank1,common/5DC2.c
common,5E02,FUN_CODE_5e02,73,call-target,yes,no,,,,bank1,common/5E02.c
common,5E82,FUN_CODE_5e82,334,call-target,yes,no,,,,bank1,common/5E82.c
common,60C2,FUN_CODE_60c2,9,call-target,yes,no,,,,bank1,common/60C2.c
common,6100,FUN_CODE_6100,2,call-target,yes,no,,,,bank1,common/6100.c
common,6116,FUN_CODE_6116,8,auto,yes,no,,,,bank1,common/6116.c
common,6209,FUN_CODE_6209,3,call-target,yes,no,,,,bank1,common/6209.c
common,6243,FUN_CODE_6243,38,auto,yes,no,,,,bank1,common/6243.c
common,6402,FUN_CODE_6402,17,call-target,yes,no,,,,bank1,common/6402.c
common,65A6,FUN_CODE_65a6,20,auto,yes,no,,,,bank1,common/65A6.c
common,65BC,FUN_CODE_65bc,7,auto,yes,no,,,,bank1,common/65BC.c
common,6602,FUN_CODE_6602,15,call-target,yes,no,,,,bank1,common/6602.c
common,6811,FUN_CODE_6811,3,auto,yes,no,,,,bank1,common/6811.c
common,6817,FUN_CODE_6817,10,auto,yes,no,,,,bank1,common/6817.c
common,6A02,FUN_CODE_6a02,251,call-target,yes,no,,,,bank1,common/6A02.c
common,6B94,thunk_FUN_CODE_0703,3,auto,yes,no,,,,bank1,common/6B94.c
common,6BAE,FUN_CODE_6bae,81,auto,yes,no,,,,bank1,common/6BAE.c
common,6BFF,FUN_CODE_6bff,9,auto,yes,no,,,,bank1,common/6BFF.c
common,6C70,FUN_CODE_6c70,6,auto,yes,no,,,,bank1,common/6C70.c
common,6C97,FUN_CODE_6c97,7,auto,yes,no,,,,bank1,common/6C97.c
common,6D46,FUN_CODE_6d46,127,auto,yes,no,,,,bank1,common/6D46.c
common,6DB1,FUN_CODE_6db1,6,auto,yes,no,,,,bank1,common/6DB1.c
common,6E04,FUN_CODE_6e04,10,auto,yes,no,,,,bank1,common/6E04.c
common,6F8D,FUN_CODE_6f8d,3,auto,yes,no,,,,bank1,common/6F8D.c
common,6FD6,FUN_CODE_6fd6,7,auto,yes,no,,,,bank1,common/6FD6.c
common,7000,FUN_CODE_7000,2,call-target,yes,no,,,,bank1,common/7000.c
common,7002,FUN_CODE_7002,1,call-target,yes,no,,,,bank1,common/7002.c
common,7003,FUN_CODE_7003,7,call-target,yes,no,,,,bank1,common/7003.c
common,700A,FUN_CODE_700a,17,call-target,yes,no,,,,bank1,common/700A.c
common,701B,FUN_CODE_701b,21,call-target,yes,no,,,,bank1,common/701B.c
common,7030,FUN_CODE_7030,9,call-target,yes,no,,,,bank1,common/7030.c
common,703A,thunk_FUN_CODE_e722,3,call-target,yes,no,,,,bank1,common/703A.c
common,707D,mul16,18,annotation,yes,yes,math,hand-decoded,ec/annotations/charge-target-derating.md,bank1,common/707D.c
common,70E4,be16_add,22,annotation,yes,yes,math,hand-decoded,ec/annotations/charge-target-derating.md,bank1,common/70E4.c
common,70FA,limit_65000_minus_x,22,annotation,yes,yes,math,hand-decoded,ec/annotations/charge-target-derating.md,bank1,common/70FA.c
common,7110,FUN_CODE_7110,12,call-target,yes,no,,,,bank1,common/7110.c
common,711C,FUN_CODE_711c,9,call-target,yes,no,,,,bank1,common/711C.c
common,7125,FUN_CODE_7125,23,call-target,yes,no,,,,bank1,common/7125.c
common,713C,FUN_CODE_713c,9,call-target,yes,no,,,,bank1,common/713C.c
common,7145,FUN_CODE_7145,12,call-target,yes,no,,,,bank1,common/7145.c
common,7151,switch_case_dispatch,38,annotation,yes,yes,dispatch,hand-decoded,ec/annotations/bank-call-audit.md,bank1,common/7151.c
common,7177,FUN_CODE_7177,4,call-target,yes,no,,,,bank1,common/7177.c
common,717B,FUN_CODE_717b,2,call-target,yes,no,,,,bank1,common/717B.c
common,71B9,FUN_CODE_71b9,182,call-target,yes,no,,,,bank1,common/71B9.c
common,7202,FUN_CODE_7202,22,call-target,yes,no,,,,bank1,common/7202.c
common,7281,FUN_CODE_7281,14,call-target,yes,no,,,,bank1,common/7281.c
common,7401,FUN_CODE_7401,3,call-target,yes,no,,,,bank1,common/7401.c
common,7404,FUN_CODE_7404,1,call-target,yes,no,,,,bank1,common/7404.c
common,7405,FUN_CODE_7405,3,call-target,yes,no,,,,bank1,common/7405.c
common,7408,FUN_CODE_7408,8,call-target,yes,no,,,,bank1,common/7408.c
common,7410,FUN_CODE_7410,5,call-target,yes,no,,,,bank1,common/7410.c
common,741C,FUN_CODE_741c,17,call-target,yes,no,,,,bank1,common/741C.c
common,7602,FUN_CODE_7602,17,call-target,yes,no,,,,bank1,common/7602.c
common,7848,FUN_CODE_7848,17,call-target,yes,no,,,,bank1,common/7848.c
common,7883,FUN_CODE_7883,17,call-target,yes,no,,,,bank1,common/7883.c
common,7BFF,FUN_CODE_7bff,3,call-target,yes,no,,,,bank1,common/7BFF.c
common,7C02,FUN_CODE_7c02,17,call-target,yes,no,,,,bank1,common/7C02.c
common,7DF2,FUN_CODE_7df2,15,call-target,yes,no,,,,bank1,common/7DF2.c
common,7E01,FUN_CODE_7e01,17,call-target,yes,no,,,,bank1,common/7E01.c
common,7F01,FUN_CODE_7f01,1,call-target,yes,no,,,,bank1,common/7F01.c
common,7F02,FUN_CODE_7f02,16,call-target,yes,no,,,,bank1,common/7F02.c
common,7FF1,FUN_CODE_7ff1,14,call-target,yes,no,,,,bank1,common/7FF1.c
common,7FFF,FUN_CODE_7fff,1,call-target,yes,no,,,,bank1,common/7FFF.c
pd,0000,c_startup_idata_clear,3,vector,yes,yes,,,,,pd/0000.c
pd,0003,thunk_FUN_CODE_0056,3,vector,yes,no,,,,,pd/0003.c
pd,000B,thunk_FUN_CODE_0094,3,vector,yes,no,,,,,pd/000B.c
pd,0012,FUN_CODE_0012,1,vector,yes,no,,,,,pd/0012.c
pd,0013,thunk_FUN_CODE_00b2,3,vector,yes,no,,,,,pd/0013.c
pd,001B,thunk_FUN_CODE_00f0,3,vector,yes,no,,,,,pd/001B.c
pd,0023,thunk_FUN_CODE_010e,3,vector,yes,no,,,,,pd/0023.c
pd,0050,FUN_CODE_0050,6,auto,yes,no,,,,,pd/0050.c
pd,0056,FUN_CODE_0056,62,vector-target,yes,no,,,,,pd/0056.c
pd,0094,FUN_CODE_0094,30,vector-target,yes,no,,,,,pd/0094.c
pd,00B2,FUN_CODE_00b2,62,vector-target,yes,no,,,,,pd/00B2.c
pd,00F0,FUN_CODE_00f0,30,vector-target,yes,no,,,,,pd/00F0.c
pd,010E,FUN_CODE_010e,62,vector-target,yes,no,,,,,pd/010E.c
pd,0180,FUN_CODE_0180,149,auto,yes,no,,,,,pd/0180.c
pd,0500,c_startup_idata_clear,158,annotation,yes,yes,init,hand-decoded,ec/annotations/lightbar-bat-flow.md,,pd/0500.c
pd,05A6,FUN_CODE_05a6,262,auto,yes,no,,,,,pd/05A6.c
pd,06B1,FUN_CODE_06b1,52,auto,yes,no,,,,,pd/06B1.c
pd,06EA,FUN_CODE_06ea,55,auto,yes,no,,,,,pd/06EA.c
pd,0721,FUN_CODE_0721,23,auto,yes,no,,,,,pd/0721.c
pd,0738,FUN_CODE_0738,30,auto,yes,no,,,,,pd/0738.c
pd,0756,FUN_CODE_0756,7,auto,yes,no,,,,,pd/0756.c
pd,075D,FUN_CODE_075d,3,auto,yes,no,,,,,pd/075D.c
pd,0760,FUN_CODE_0760,11,auto,yes,no,,,,,pd/0760.c
pd,0B85,FUN_CODE_0b85,45,auto,yes,no,,,,,pd/0B85.c
pd,0BAB,FUN_CODE_0bab,25,auto,yes,no,,,,,pd/0BAB.c
pd,0BC4,FUN_CODE_0bc4,45,auto,yes,no,,,,,pd/0BC4.c
pd,0BF1,FUN_CODE_0bf1,34,auto,yes,no,,,,,pd/0BF1.c
pd,0C13,FUN_CODE_0c13,51,auto,yes,no,,,,,pd/0C13.c
pd,0C46,FUN_CODE_0c46,18,auto,yes,no,,,,,pd/0C46.c
pd,0C58,FUN_CODE_0c58,34,auto,yes,no,,,,,pd/0C58.c
pd,0C7A,FUN_CODE_0c7a,18,call-target,yes,no,,,,,pd/0C7A.c
pd,0C8C,FUN_CODE_0c8c,85,auto,yes,no,,,,,pd/0C8C.c
pd,0CF7,FUN_CODE_0cf7,22,auto,yes,no,,,,,pd/0CF7.c
pd,0D0D,FUN_CODE_0d0d,43,auto,yes,no,,,,,pd/0D0D.c
pd,0D38,FUN_CODE_0d38,56,auto,yes,no,,,,,pd/0D38.c
pd,0D70,FUN_CODE_0d70,31,auto,yes,no,,,,,pd/0D70.c
pd,0D8F,FUN_CODE_0d8f,45,auto,yes,no,,,,,pd/0D8F.c
pd,0DBC,FUN_CODE_0dbc,13,auto,yes,no,,,,,pd/0DBC.c
pd,0DC9,FUN_CODE_0dc9,79,auto,yes,no,,,,,pd/0DC9.c
pd,0E54,FUN_CODE_0e54,206,auto,yes,no,,,,,pd/0E54.c
pd,0EE6,FUN_CODE_0ee6,13,auto,yes,no,,,,,pd/0EE6.c
pd,0EF3,FUN_CODE_0ef3,13,call-target,yes,no,,,,,pd/0EF3.c
pd,0F00,FUN_CODE_0f00,14,auto,yes,no,,,,,pd/0F00.c
pd,0F0E,sub_or_cmp_r0_r7,17,annotation,yes,yes,gate,hand-decoded,ec/annotations/pd-0x38-consumers.md,,pd/0F0E.c
pd,0F1F,FUN_CODE_0f1f,19,auto,yes,no,,,,,pd/0F1F.c
pd,0F32,FUN_CODE_0f32,19,auto,yes,no,,,,,pd/0F32.c
pd,0F45,FUN_CODE_0f45,32,auto,yes,no,,,,,pd/0F45.c
pd,0FAF,read4xdata_to_r4_r7,12,annotation,yes,yes,reader,hand-decoded,ec/annotations/pd-0x38-consumers.md,,pd/0FAF.c
pd,0FBB,FUN_CODE_0fbb,16,auto,yes,no,,,,,pd/0FBB.c
pd,0FCB,load_xdata_to_r0_r1_r2_or_r3,12,annotation,yes,yes,reader,inferred,ec/annotations/lightbar-bat-flow.md; ec/annotations/pd-0x38-consumers.md,,pd/0FCB.c
pd,1013,FUN_CODE_1013,46,auto,yes,no,,,,,pd/1013.c
pd,1041,write4xdata_from_r4_r7,12,annotation,yes,yes,writer,hand-decoded,ec/annotations/lightbar-bat-flow.md; ec/annotations/pd-0x38-consumers.md,,pd/1041.c
pd,104D,write4_inline_args,23,annotation,yes,yes,unresolved,hand-decoded,ec/annotations/lightbar-bat-flow.md; ec/annotations/pd-0x38-consumers.md,,pd/104D.c
pd,1064,movc_byte_to_xdata,26,annotation,yes,yes,writer,hand-decoded,ec/annotations/pd-0x38-consumers.md,,pd/1064.c
pd,10BC,add_full_product_to_dptr,12,annotation,yes,yes,math,hand-decoded,ec/annotations/ec-0x07d0-sites.md; ec/annotations/lightbar-bat-flow.md; ec/annotations/pd-0x38-consumers.md,,pd/10BC.c
pd,10C8,FUN_CODE_10c8,9,auto,yes,no,,,,,pd/10C8.c
pd,10E8,store_3byte_r3r2r1,9,annotation,yes,yes,writer,hand-decoded,ec/annotations/lightbar-bat-flow.md,,pd/10E8.c
pd,10F1,FUN_CODE_10f1,12,call-target,yes,no,,,,,pd/10F1.c
pd,10FD,FUN_CODE_10fd,32,auto,yes,no,,,,,pd/10FD.c
pd,119C,dispatch_code_table,38,annotation,yes,yes,dispatch,hand-decoded,ec/annotations/pd-0x38-consumers.md,,pd/119C.c
pd,11C2,FUN_CODE_11c2,45,call-target,yes,no,,,,,pd/11C2.c
pd,1229,FUN_CODE_1229,4,call-target,yes,no,,,,,pd/1229.c
pd,122D,FUN_CODE_122d,2,auto,yes,no,,,,,pd/122D.c
pd,122F,FUN_CODE_122f,36,auto,yes,no,,,,,pd/122F.c
pd,1253,FUN_CODE_1253,13,auto,yes,no,,,,,pd/1253.c
pd,128D,FUN_CODE_128d,44,auto,yes,no,,,,,pd/128D.c
pd,12B9,FUN_CODE_12b9,12,auto,yes,no,,,,,pd/12B9.c
pd,12C5,FUN_CODE_12c5,12,auto,yes,no,,,,,pd/12C5.c
pd,131B,FUN_CODE_131b,9,auto,yes,no,,,,,pd/131B.c
pd,132D,FUN_CODE_132d,9,auto,yes,no,,,,,pd/132D.c
pd,133F,FUN_CODE_133f,52,auto,yes,no,,,,,pd/133F.c
pd,1820,FUN_CODE_1820,28,auto,yes,no,,,,,pd/1820.c
pd,1E4B,FUN_CODE_1e4b,17,auto,yes,no,,,,,pd/1E4B.c
pd,1E9D,FUN_CODE_1e9d,10,auto,yes,no,,,,,pd/1E9D.c
pd,1EFE,FUN_CODE_1efe,54,auto,yes,no,,,,,pd/1EFE.c
pd,2726,FUN_CODE_2726,7,auto,yes,no,,,,,pd/2726.c
pd,347B,read_byte_to_r3_stride_60_alt,11,annotation,yes,yes,reader,inferred,ec/annotations/ec-0x07d0-sites.md,,pd/347B.c
pd,3494,FUN_CODE_3494,3,auto,yes,no,,,,,pd/3494.c
pd,3497,add_full_product_to_dptr,3,auto,yes,yes,,,,,pd/3497.c
pd,349B,FUN_CODE_349b,7,auto,yes,no,,,,,pd/349B.c
pd,34A5,read_byte_to_r7_base_0420,11,annotation,yes,yes,reader,inferred,ec/annotations/ec-0x07d0-sites.md,,pd/34A5.c
pd,34C9,FUN_CODE_34c9,3,auto,yes,no,,,,,pd/34C9.c
pd,34CC,FUN_CODE_34cc,2,auto,yes,no,,,,,pd/34CC.c
pd,34CE,FUN_CODE_34ce,1,auto,yes,no,,,,,pd/34CE.c
pd,34CF,FUN_CODE_34cf,7,auto,yes,no,,,,,pd/34CF.c
pd,34D6,index_stride_5e_from_07d6,3,annotation,yes,yes,math,hand-decoded,ec/annotations/ec-0x07d0-sites.md,,pd/34D6.c
pd,34D9,FUN_CODE_34d9,1,auto,yes,no,,,,,pd/34D9.c
pd,34DA,FUN_CODE_34da,16,auto,yes,no,,,,,pd/34DA.c
pd,34ED,FUN_CODE_34ed,2,auto,yes,no,,,,,pd/34ED.c
pd,34EF,FUN_CODE_34ef,3,auto,yes,no,,,,,pd/34EF.c
pd,34F2,FUN_CODE_34f2,6,auto,yes,no,,,,,pd/34F2.c
pd,34FB,read_byte_to_r7_base_0408,5,annotation,yes,yes,reader,inferred,ec/annotations/ec-0x07d0-sites.md,,pd/34FB.c
pd,3500,FUN_CODE_3500,6,auto,yes,no,,,,,pd/3500.c
pd,3506,FUN_CODE_3506,3,auto,yes,no,,,,,pd/3506.c
pd,3509,FUN_CODE_3509,2,auto,yes,no,,,,,pd/3509.c
pd,350B,FUN_CODE_350b,14,auto,yes,no,,,,,pd/350B.c
pd,352C,FUN_CODE_352c,6,auto,yes,no,,,,,pd/352C.c
pd,353E,FUN_CODE_353e,6,auto,yes,no,,,,,pd/353E.c
pd,3544,FUN_CODE_3544,11,auto,yes,no,,,,,pd/3544.c
pd,354F,FUN_CODE_354f,11,auto,yes,no,,,,,pd/354F.c
pd,3565,FUN_CODE_3565,11,auto,yes,no,,,,,pd/3565.c
pd,357E,read_byte_to_r3_stride_60,9,annotation,yes,yes,reader,inferred,ec/annotations/ec-0x07d0-sites.md,,pd/357E.c
pd,35AC,FUN_CODE_35ac,11,auto,yes,no,,,,,pd/35AC.c
pd,35DA,store_2byte_r6r7_then_0x10c8,14,annotation,yes,yes,writer,hand-decoded,ec/annotations/lightbar-bat-flow.md,,pd/35DA.c
pd,35E8,FUN_CODE_35e8,11,auto,yes,no,,,,,pd/35E8.c
pd,35FF,FUN_CODE_35ff,5,auto,yes,no,,,,,pd/35FF.c
pd,3604,FUN_CODE_3604,14,auto,yes,no,,,,,pd/3604.c
pd,3621,FUN_CODE_3621,6,auto,yes,no,,,,,pd/3621.c
pd,3627,FUN_CODE_3627,3,auto,yes,no,,,,,pd/3627.c
pd,362A,FUN_CODE_362a,8,auto,yes,no,,,,,pd/362A.c
pd,3632,FUN_CODE_3632,3,auto,yes,no,,,,,pd/3632.c
pd,3635,FUN_CODE_3635,6,auto,yes,no,,,,,pd/3635.c
pd,363E,FUN_CODE_363e,7,auto,yes,no,,,,,pd/363E.c
pd,364A,FUN_CODE_364a,11,auto,yes,no,,,,,pd/364A.c
pd,3655,FUN_CODE_3655,7,auto,yes,no,,,,,pd/3655.c
pd,365C,FUN_CODE_365c,16,auto,yes,no,,,,,pd/365C.c
pd,366E,FUN_CODE_366e,7,auto,yes,no,,,,,pd/366E.c
pd,3689,FUN_CODE_3689,14,auto,yes,no,,,,,pd/3689.c
pd,36B9,FUN_CODE_36b9,9,auto,yes,no,,,,,pd/36B9.c
pd,36C2,FUN_CODE_36c2,9,auto,yes,no,,,,,pd/36C2.c
pd,36CB,FUN_CODE_36cb,14,auto,yes,no,,,,,pd/36CB.c
pd,36E6,FUN_CODE_36e6,3,auto,yes,no,,,,,pd/36E6.c
pd,36E9,FUN_CODE_36e9,9,auto,yes,no,,,,,pd/36E9.c
pd,36F2,FUN_CODE_36f2,17,auto,yes,no,,,,,pd/36F2.c
pd,3706,FUN_CODE_3706,7,auto,yes,no,,,,,pd/3706.c
pd,3720,FUN_CODE_3720,7,auto,yes,no,,,,,pd/3720.c
pd,373C,FUN_CODE_373c,20,auto,yes,no,,,,,pd/373C.c
pd,3750,FUN_CODE_3750,9,auto,yes,no,,,,,pd/3750.c
pd,3760,FUN_CODE_3760,11,auto,yes,no,,,,,pd/3760.c
pd,3777,FUN_CODE_3777,18,auto,yes,no,,,,,pd/3777.c
pd,37A7,FUN_CODE_37a7,7,auto,yes,no,,,,,pd/37A7.c
pd,37AE,store_r7_at_dptr,8,annotation,yes,yes,writer,hand-decoded,ec/annotations/ec-0x07d0-sites.md,,pd/37AE.c
pd,37DE,FUN_CODE_37de,15,auto,yes,no,,,,,pd/37DE.c
pd,37ED,FUN_CODE_37ed,8,auto,yes,no,,,,,pd/37ED.c
pd,383A,unresolved_0x383A,7,annotation,yes,yes,forwarder,hand-decoded,ec/annotations/lightbar-bat-flow.md,,pd/383A.c
pd,384E,FUN_CODE_384e,7,auto,yes,no,,,,,pd/384E.c
pd,3872,FUN_CODE_3872,9,auto,yes,no,,,,,pd/3872.c
pd,3883,FUN_CODE_3883,7,auto,yes,no,,,,,pd/3883.c
pd,38CA,FUN_CODE_38ca,9,auto,yes,no,,,,,pd/38CA.c
pd,38D3,FUN_CODE_38d3,7,auto,yes,no,,,,,pd/38D3.c
pd,393D,FUN_CODE_393d,9,auto,yes,no,,,,,pd/393D.c
pd,396B,FUN_CODE_396b,9,auto,yes,no,,,,,pd/396B.c
pd,3974,FUN_CODE_3974,3,auto,yes,no,,,,,pd/3974.c
pd,3977,FUN_CODE_3977,7,auto,yes,no,,,,,pd/3977.c
pd,39AC,read_byte_to_r7_set_r3_1,7,annotation,yes,yes,reader,hand-decoded,ec/annotations/ec-0x07d0-sites.md,,pd/39AC.c
pd,39DE,FUN_CODE_39de,8,auto,yes,no,,,,,pd/39DE.c
pd,39E6,FUN_CODE_39e6,1,auto,yes,no,,,,,pd/39E6.c
pd,39E7,FUN_CODE_39e7,7,auto,yes,no,,,,,pd/39E7.c
pd,39F9,FUN_CODE_39f9,7,auto,yes,no,,,,,pd/39F9.c
pd,3A0E,FUN_CODE_3a0e,7,auto,yes,no,,,,,pd/3A0E.c
pd,3A33,FUN_CODE_3a33,7,auto,yes,no,,,,,pd/3A33.c
pd,3FEA,FUN_CODE_3fea,11,auto,yes,no,,,,,pd/3FEA.c
pd,4402,FUN_CODE_4402,143,auto,yes,no,,,,,pd/4402.c
pd,4800,FUN_CODE_4800,12,auto,yes,no,,,,,pd/4800.c
pd,4C20,FUN_CODE_4c20,7,auto,yes,no,,,,,pd/4C20.c
pd,4C27,dispatch_entry,37,annotation,yes,yes,dispatch,hand-decoded,ec/annotations/pd-0x38-consumers.md,,pd/4C27.c
pd,4D6F,dispatch_case_06,249,annotation,yes,yes,dispatch,hand-decoded,ec/annotations/pd-0x38-consumers.md,,pd/4D6F.c
pd,4E84,dispatch_case_09,34,annotation,yes,yes,dispatch,hand-decoded,ec/annotations/pd-0x38-consumers.md,,pd/4E84.c
pd,567C,FUN_CODE_567c,14,auto,yes,no,,,,,pd/567C.c
pd,56CB,FUN_CODE_56cb,17,auto,yes,no,,,,,pd/56CB.c
pd,56ED,FUN_CODE_56ed,4,auto,yes,no,,,,,pd/56ED.c
pd,56F1,FUN_CODE_56f1,14,auto,yes,no,,,,,pd/56F1.c
pd,578E,index_stride_77_addr_r1,13,annotation,yes,yes,math,hand-decoded,ec/annotations/ec-0x07d0-sites.md,,pd/578E.c
pd,584A,FUN_CODE_584a,18,auto,yes,no,,,,,pd/584A.c
pd,5874,FUN_CODE_5874,16,auto,yes,no,,,,,pd/5874.c
pd,58AB,FUN_CODE_58ab,14,auto,yes,no,,,,,pd/58AB.c
pd,58B9,FUN_CODE_58b9,15,auto,yes,no,,,,,pd/58B9.c
pd,5950,index_stride_77_r7,10,annotation,yes,yes,math,hand-decoded,ec/annotations/ec-0x07d0-sites.md,,pd/5950.c
pd,6673,FUN_CODE_6673,567,auto,yes,no,,,,,pd/6673.c
pd,68CE,FUN_CODE_68ce,20,auto,yes,no,,,,,pd/68CE.c
pd,6F96,FUN_CODE_6f96,6,auto,yes,no,,,,,pd/6F96.c
pd,6FAD,FUN_CODE_6fad,2,auto,yes,no,,,,,pd/6FAD.c
pd,6FAF,FUN_CODE_6faf,15,auto,yes,no,,,,,pd/6FAF.c
pd,6FC5,FUN_CODE_6fc5,15,auto,yes,no,,,,,pd/6FC5.c
pd,6FD4,FUN_CODE_6fd4,1,auto,yes,no,,,,,pd/6FD4.c
pd,6FD5,FUN_CODE_6fd5,9,auto,yes,no,,,,,pd/6FD5.c
pd,700D,FUN_CODE_700d,7,auto,yes,no,,,,,pd/700D.c
pd,7014,FUN_CODE_7014,6,auto,yes,no,,,,,pd/7014.c
pd,7021,FUN_CODE_7021,23,auto,yes,no,,,,,pd/7021.c
pd,7045,FUN_CODE_7045,6,auto,yes,no,,,,,pd/7045.c
pd,7059,thunk_FUN_CODE_122f,3,auto,yes,no,,,,,pd/7059.c
pd,705C,FUN_CODE_705c,7,auto,yes,no,,,,,pd/705C.c
pd,7063,FUN_CODE_7063,6,auto,yes,no,,,,,pd/7063.c
pd,7069,FUN_CODE_7069,2,auto,yes,no,,,,,pd/7069.c
pd,706B,FUN_CODE_706b,14,auto,yes,no,,,,,pd/706B.c
pd,7091,FUN_CODE_7091,4,auto,yes,no,,,,,pd/7091.c
pd,7095,FUN_CODE_7095,14,auto,yes,no,,,,,pd/7095.c
pd,70A3,FUN_CODE_70a3,1,auto,yes,no,,,,,pd/70A3.c
pd,70A4,FUN_CODE_70a4,14,auto,yes,no,,,,,pd/70A4.c
pd,70BA,FUN_CODE_70ba,1,auto,yes,no,,,,,pd/70BA.c
pd,70BB,FUN_CODE_70bb,12,auto,yes,no,,,,,pd/70BB.c
pd,70C7,FUN_CODE_70c7,1,auto,yes,no,,,,,pd/70C7.c
pd,70C8,FUN_CODE_70c8,15,auto,yes,no,,,,,pd/70C8.c
pd,70D7,FUN_CODE_70d7,16,auto,yes,no,,,,,pd/70D7.c
pd,70E7,FUN_CODE_70e7,17,auto,yes,no,,,,,pd/70E7.c
pd,70F8,FUN_CODE_70f8,16,auto,yes,no,,,,,pd/70F8.c
pd,7108,FUN_CODE_7108,9,auto,yes,no,,,,,pd/7108.c
pd,7121,FUN_CODE_7121,16,auto,yes,no,,,,,pd/7121.c
pd,7140,FUN_CODE_7140,15,auto,yes,no,,,,,pd/7140.c
pd,714F,FUN_CODE_714f,15,auto,yes,no,,,,,pd/714F.c
pd,715E,FUN_CODE_715e,14,auto,yes,no,,,,,pd/715E.c
pd,716C,FUN_CODE_716c,14,auto,yes,no,,,,,pd/716C.c
pd,717C,FUN_CODE_717c,6,auto,yes,no,,,,,pd/717C.c
pd,7182,FUN_CODE_7182,11,auto,yes,no,,,,,pd/7182.c
pd,718D,FUN_CODE_718d,7,auto,yes,no,,,,,pd/718D.c
pd,7392,FUN_CODE_7392,141,auto,yes,no,,,,,pd/7392.c
pd,7580,FUN_CODE_7580,464,auto,yes,no,,,,,pd/7580.c
pd,7753,FUN_CODE_7753,9,auto,yes,no,,,,,pd/7753.c
pd,775C,FUN_CODE_775c,10,auto,yes,no,,,,,pd/775C.c
pd,7B14,FUN_CODE_7b14,460,auto,yes,no,,,,,pd/7B14.c
pd,7CE0,FUN_CODE_7ce0,433,auto,yes,no,,,,,pd/7CE0.c
pd,7E91,FUN_CODE_7e91,16,auto,yes,no,,,,,pd/7E91.c
pd,805E,FUN_CODE_805e,314,auto,no,no,,,,,pd/805E.c
pd,8210,FUN_CODE_8210,11,auto,no,no,,,,,pd/8210.c
pd,821B,FUN_CODE_821b,64,auto,no,no,,,,,pd/821B.c
pd,8576,FUN_CODE_8576,280,auto,no,no,,,,,pd/8576.c
pd,8716,FUN_CODE_8716,10,auto,no,no,,,,,pd/8716.c
pd,8814,FUN_CODE_8814,4,auto,no,no,,,,,pd/8814.c
pd,88BE,FUN_CODE_88be,190,auto,no,no,,,,,pd/88BE.c
pd,8A4A,FUN_CODE_8a4a,374,auto,no,no,,,,,pd/8A4A.c
pd,8BC0,FUN_CODE_8bc0,8,auto,no,no,,,,,pd/8BC0.c
pd,8D41,FUN_CODE_8d41,357,auto,no,no,,,,,pd/8D41.c
pd,8EA6,FUN_CODE_8ea6,13,auto,no,no,,,,,pd/8EA6.c
pd,9021,FUN_CODE_9021,2,auto,no,no,,,,,pd/9021.c
pd,9023,FUN_CODE_9023,1,auto,no,no,,,,,pd/9023.c
pd,9024,FUN_CODE_9024,2,auto,no,no,,,,,pd/9024.c
pd,9026,FUN_CODE_9026,2,auto,no,no,,,,,pd/9026.c
pd,9028,FUN_CODE_9028,9,auto,no,no,,,,,pd/9028.c
pd,9066,FUN_CODE_9066,7,auto,no,no,,,,,pd/9066.c
pd,906D,FUN_CODE_906d,9,auto,no,no,,,,,pd/906D.c
pd,9076,FUN_CODE_9076,2,auto,no,no,,,,,pd/9076.c
pd,9078,FUN_CODE_9078,6,auto,no,no,,,,,pd/9078.c
pd,907E,FUN_CODE_907e,9,auto,no,no,,,,,pd/907E.c
pd,9087,FUN_CODE_9087,19,auto,no,no,,,,,pd/9087.c
pd,909A,FUN_CODE_909a,23,auto,no,no,,,,,pd/909A.c
pd,90B1,FUN_CODE_90b1,2,auto,no,no,,,,,pd/90B1.c
pd,90B3,FUN_CODE_90b3,6,auto,no,no,,,,,pd/90B3.c
pd,90C0,FUN_CODE_90c0,11,auto,no,no,,,,,pd/90C0.c
pd,90CF,FUN_CODE_90cf,7,auto,no,no,,,,,pd/90CF.c
pd,90D6,FUN_CODE_90d6,18,auto,no,no,,,,,pd/90D6.c
pd,90E8,FUN_CODE_90e8,11,auto,no,no,,,,,pd/90E8.c
pd,90F3,FUN_CODE_90f3,3,auto,no,no,,,,,pd/90F3.c
pd,90F6,FUN_CODE_90f6,6,auto,no,no,,,,,pd/90F6.c
pd,90FC,FUN_CODE_90fc,3,auto,no,no,,,,,pd/90FC.c
pd,90FF,FUN_CODE_90ff,7,auto,no,no,,,,,pd/90FF.c
pd,9106,FUN_CODE_9106,15,auto,no,no,,,,,pd/9106.c
pd,9115,FUN_CODE_9115,7,auto,no,no,,,,,pd/9115.c
pd,911C,FUN_CODE_911c,7,auto,no,no,,,,,pd/911C.c
pd,9123,FUN_CODE_9123,12,auto,no,no,,,,,pd/9123.c
pd,912F,FUN_CODE_912f,12,auto,no,no,,,,,pd/912F.c
pd,9147,FUN_CODE_9147,12,auto,no,no,,,,,pd/9147.c
pd,915E,FUN_CODE_915e,1,auto,no,no,,,,,pd/915E.c
pd,915F,FUN_CODE_915f,7,auto,no,no,,,,,pd/915F.c
pd,9166,FUN_CODE_9166,7,auto,no,no,,,,,pd/9166.c
pd,9177,FUN_CODE_9177,9,auto,no,no,,,,,pd/9177.c
pd,96E8,FUN_CODE_96e8,3,auto,no,no,,,,,pd/96E8.c
pd,96EB,FUN_CODE_96eb,2,auto,no,no,,,,,pd/96EB.c
pd,96ED,FUN_CODE_96ed,14,auto,no,no,,,,,pd/96ED.c
pd,96FB,FUN_CODE_96fb,3,auto,no,no,,,,,pd/96FB.c
pd,96FE,FUN_CODE_96fe,1,auto,no,no,,,,,pd/96FE.c
pd,96FF,FUN_CODE_96ff,14,auto,no,no,,,,,pd/96FF.c
pd,970D,FUN_CODE_970d,14,auto,no,no,,,,,pd/970D.c
pd,971B,FUN_CODE_971b,1,auto,no,no,,,,,pd/971B.c
pd,971C,FUN_CODE_971c,15,auto,no,no,,,,,pd/971C.c
pd,972B,FUN_CODE_972b,3,auto,no,no,,,,,pd/972B.c
pd,972E,FUN_CODE_972e,14,auto,no,no,,,,,pd/972E.c
pd,973C,FUN_CODE_973c,4,auto,no,no,,,,,pd/973C.c
pd,9740,FUN_CODE_9740,16,auto,no,no,,,,,pd/9740.c
pd,9750,FUN_CODE_9750,1,auto,no,no,,,,,pd/9750.c
pd,9751,FUN_CODE_9751,14,auto,no,no,,,,,pd/9751.c
pd,975F,FUN_CODE_975f,5,auto,no,no,,,,,pd/975F.c
pd,9764,FUN_CODE_9764,4,auto,no,no,,,,,pd/9764.c
pd,9768,FUN_CODE_9768,10,auto,no,no,,,,,pd/9768.c
pd,9772,FUN_CODE_9772,4,auto,no,no,,,,,pd/9772.c
pd,9776,FUN_CODE_9776,14,auto,no,no,,,,,pd/9776.c
pd,9784,FUN_CODE_9784,14,auto,no,no,,,,,pd/9784.c
pd,9792,FUN_CODE_9792,1,auto,no,no,,,,,pd/9792.c
pd,9793,FUN_CODE_9793,6,auto,no,no,,,,,pd/9793.c
pd,9799,FUN_CODE_9799,1,auto,no,no,,,,,pd/9799.c
pd,979A,FUN_CODE_979a,15,auto,no,no,,,,,pd/979A.c
pd,97A9,FUN_CODE_97a9,15,auto,no,no,,,,,pd/97A9.c
pd,97B8,FUN_CODE_97b8,1,auto,no,no,,,,,pd/97B8.c
pd,97B9,FUN_CODE_97b9,14,auto,no,no,,,,,pd/97B9.c
pd,97C7,FUN_CODE_97c7,4,auto,no,no,,,,,pd/97C7.c
pd,97CB,FUN_CODE_97cb,10,auto,no,no,,,,,pd/97CB.c
pd,97D5,FUN_CODE_97d5,16,auto,no,no,,,,,pd/97D5.c
pd,97E5,FUN_CODE_97e5,3,auto,no,no,,,,,pd/97E5.c
pd,97E8,FUN_CODE_97e8,7,auto,no,no,,,,,pd/97E8.c
pd,97EF,FUN_CODE_97ef,4,auto,no,no,,,,,pd/97EF.c
pd,97F3,FUN_CODE_97f3,8,auto,no,no,,,,,pd/97F3.c
pd,97FB,FUN_CODE_97fb,15,auto,no,no,,,,,pd/97FB.c
pd,982F,FUN_CODE_982f,11,auto,no,no,,,,,pd/982F.c
pd,9849,FUN_CODE_9849,4,auto,no,no,,,,,pd/9849.c
pd,984D,FUN_CODE_984d,3,auto,no,no,,,,,pd/984D.c
pd,9850,FUN_CODE_9850,6,auto,no,no,,,,,pd/9850.c
pd,985D,FUN_CODE_985d,19,auto,no,no,,,,,pd/985D.c
pd,987F,FUN_CODE_987f,4,auto,no,no,,,,,pd/987F.c
pd,9883,FUN_CODE_9883,2,auto,no,no,,,,,pd/9883.c
pd,9885,FUN_CODE_9885,3,auto,no,no,,,,,pd/9885.c
pd,9888,FUN_CODE_9888,7,auto,no,no,,,,,pd/9888.c
pd,98A1,FUN_CODE_98a1,3,auto,no,no,,,,,pd/98A1.c
pd,98A4,FUN_CODE_98a4,1,auto,no,no,,,,,pd/98A4.c
pd,98A5,FUN_CODE_98a5,8,auto,no,no,,,,,pd/98A5.c
pd,98AD,FUN_CODE_98ad,4,auto,no,no,,,,,pd/98AD.c
pd,98B1,FUN_CODE_98b1,13,auto,no,no,,,,,pd/98B1.c
pd,98BE,FUN_CODE_98be,3,auto,no,no,,,,,pd/98BE.c
pd,98C1,FUN_CODE_98c1,9,auto,no,no,,,,,pd/98C1.c
pd,98DF,FUN_CODE_98df,1,auto,no,no,,,,,pd/98DF.c
pd,98E0,FUN_CODE_98e0,8,auto,no,no,,,,,pd/98E0.c
pd,9909,FUN_CODE_9909,7,auto,no,no,,,,,pd/9909.c
pd,991A,FUN_CODE_991a,6,auto,no,no,,,,,pd/991A.c
pd,9920,FUN_CODE_9920,6,auto,no,no,,,,,pd/9920.c
pd,9926,FUN_CODE_9926,8,auto,no,no,,,,,pd/9926.c
pd,9936,FUN_CODE_9936,10,auto,no,no,,,,,pd/9936.c
pd,9958,FUN_CODE_9958,7,auto,no,no,,,,,pd/9958.c
pd,995F,FUN_CODE_995f,6,auto,no,no,,,,,pd/995F.c
pd,9965,FUN_CODE_9965,10,auto,no,no,,,,,pd/9965.c
pd,996F,FUN_CODE_996f,6,auto,no,no,,,,,pd/996F.c
pd,9975,FUN_CODE_9975,9,auto,no,no,,,,,pd/9975.c
pd,9987,FUN_CODE_9987,1,auto,no,no,,,,,pd/9987.c
pd,9988,FUN_CODE_9988,3,auto,no,no,,,,,pd/9988.c
pd,998B,add_full_product_to_dptr,3,auto,no,yes,,,,,pd/998B.c
pd,998F,FUN_CODE_998f,7,auto,no,no,,,,,pd/998F.c
pd,99C9,FUN_CODE_99c9,11,auto,no,no,,,,,pd/99C9.c
pd,99D4,FUN_CODE_99d4,14,auto,no,no,,,,,pd/99D4.c
pd,9A1B,FUN_CODE_9a1b,7,call-target,no,no,,,,,pd/9A1B.c
pd,9A90,FUN_CODE_9a90,1,call-target,no,no,,,,,pd/9A90.c
pd,9A91,FUN_CODE_9a91,7,auto,no,no,,,,,pd/9A91.c
pd,9ACD,FUN_CODE_9acd,6,auto,no,no,,,,,pd/9ACD.c
pd,9ADD,FUN_CODE_9add,7,auto,no,no,,,,,pd/9ADD.c
pd,9C18,FUN_CODE_9c18,3,auto,no,no,,,,,pd/9C18.c
pd,9C1B,add_full_product_to_dptr,3,auto,no,yes,,,,,pd/9C1B.c
pd,9C45,FUN_CODE_9c45,8,auto,no,no,,,,,pd/9C45.c
pd,9C4D,add_full_product_to_dptr,3,auto,no,yes,,,,,pd/9C4D.c
pd,9CC2,load_1byte_to_r6,7,annotation,no,yes,reader,hand-decoded,ec/annotations/lightbar-bat-flow.md,,pd/9CC2.c
pd,9CFB,FUN_CODE_9cfb,9,auto,no,no,,,,,pd/9CFB.c
pd,9D39,FUN_CODE_9d39,7,auto,no,no,,,,,pd/9D39.c
pd,A000,FUN_CODE_a000,230,auto,no,no,,,,,pd/A000.c
pd,A0E6,FUN_CODE_a0e6,298,auto,no,no,,,,,pd/A0E6.c
pd,A339,FUN_CODE_a339,94,auto,no,no,,,,,pd/A339.c
pd,A571,FUN_CODE_a571,64,auto,no,no,,,,,pd/A571.c
pd,A5B3,FUN_CODE_a5b3,197,auto,no,no,,,,,pd/A5B3.c
pd,A678,FUN_CODE_a678,9,call-target,no,no,,,,,pd/A678.c
pd,A681,FUN_CODE_a681,3,auto,no,no,,,,,pd/A681.c
pd,A742,FUN_CODE_a742,14,auto,no,no,,,,,pd/A742.c
pd,A75D,FUN_CODE_a75d,20,auto,no,no,,,,,pd/A75D.c
pd,A890,FUN_CODE_a890,13,auto,no,no,,,,,pd/A890.c
pd,A8AE,FUN_CODE_a8ae,275,auto,no,no,,,,,pd/A8AE.c
pd,ABBF,FUN_CODE_abbf,248,auto,no,no,,,,,pd/ABBF.c
pd,ACB7,FUN_CODE_acb7,8,auto,no,no,,,,,pd/ACB7.c
pd,ACBF,FUN_CODE_acbf,1,auto,no,no,,,,,pd/ACBF.c
pd,ACC0,FUN_CODE_acc0,14,auto,no,no,,,,,pd/ACC0.c
pd,ACCE,FUN_CODE_acce,3,auto,no,no,,,,,pd/ACCE.c
pd,ACD1,FUN_CODE_acd1,2,auto,no,no,,,,,pd/ACD1.c
pd,ACD3,FUN_CODE_acd3,14,auto,no,no,,,,,pd/ACD3.c
pd,ACE1,FUN_CODE_ace1,3,auto,no,no,,,,,pd/ACE1.c
pd,ACE4,FUN_CODE_ace4,2,auto,no,no,,,,,pd/ACE4.c
pd,ACE6,FUN_CODE_ace6,14,auto,no,no,,,,,pd/ACE6.c
pd,ACF4,FUN_CODE_acf4,2,auto,no,no,,,,,pd/ACF4.c
pd,ACF6,FUN_CODE_acf6,11,auto,no,no,,,,,pd/ACF6.c
pd,AD01,FUN_CODE_ad01,8,auto,no,no,,,,,pd/AD01.c
pd,AD09,FUN_CODE_ad09,7,auto,no,no,,,,,pd/AD09.c
pd,AD10,FUN_CODE_ad10,14,auto,no,no,,,,,pd/AD10.c
pd,AD1E,FUN_CODE_ad1e,5,auto,no,no,,,,,pd/AD1E.c
pd,AD23,FUN_CODE_ad23,1,auto,no,no,,,,,pd/AD23.c
pd,AD24,FUN_CODE_ad24,6,auto,no,no,,,,,pd/AD24.c
pd,AD2A,FUN_CODE_ad2a,4,auto,no,no,,,,,pd/AD2A.c
pd,AD2E,FUN_CODE_ad2e,14,auto,no,no,,,,,pd/AD2E.c
pd,AD3C,FUN_CODE_ad3c,3,auto,no,no,,,,,pd/AD3C.c
pd,AD3F,FUN_CODE_ad3f,14,auto,no,no,,,,,pd/AD3F.c
pd,AD4D,FUN_CODE_ad4d,11,auto,no,no,,,,,pd/AD4D.c
pd,AD58,FUN_CODE_ad58,8,auto,no,no,,,,,pd/AD58.c
pd,AD67,FUN_CODE_ad67,14,auto,no,no,,,,,pd/AD67.c
pd,AD75,FUN_CODE_ad75,14,auto,no,no,,,,,pd/AD75.c
pd,AD83,FUN_CODE_ad83,9,auto,no,no,,,,,pd/AD83.c
pd,AD8C,FUN_CODE_ad8c,8,auto,no,no,,,,,pd/AD8C.c
pd,AD94,FUN_CODE_ad94,8,auto,no,no,,,,,pd/AD94.c
pd,AD9C,FUN_CODE_ad9c,8,auto,no,no,,,,,pd/AD9C.c
pd,ADA4,FUN_CODE_ada4,7,auto,no,no,,,,,pd/ADA4.c
pd,ADAB,FUN_CODE_adab,66,auto,no,no,,,,,pd/ADAB.c
pd,AE9C,FUN_CODE_ae9c,88,auto,no,no,,,,,pd/AE9C.c
pd,B074,FUN_CODE_b074,11,auto,no,no,,,,,pd/B074.c
pd,B154,FUN_CODE_b154,2,auto,no,no,,,,,pd/B154.c
pd,B156,FUN_CODE_b156,3,auto,no,no,,,,,pd/B156.c
pd,B159,store_first_handoff_helper,7,annotation,no,yes,writer,hand-decoded,ec/annotations/ec-0x07d0-sites.md,,pd/B159.c
pd,B172,FUN_CODE_b172,4,auto,no,no,,,,,pd/B172.c
pd,B176,FUN_CODE_b176,7,auto,no,no,,,,,pd/B176.c
pd,B17D,FUN_CODE_b17d,16,auto,no,no,,,,,pd/B17D.c
pd,B19F,FUN_CODE_b19f,8,auto,no,no,,,,,pd/B19F.c
pd,B1E3,FUN_CODE_b1e3,15,auto,no,no,,,,,pd/B1E3.c
pd,B1F2,unresolved_0xB1F2,8,annotation,no,yes,forwarder,hand-decoded,ec/annotations/lightbar-bat-flow.md,,pd/B1F2.c
pd,B217,FUN_CODE_b217,7,auto,no,no,,,,,pd/B217.c
pd,B21E,FUN_CODE_b21e,11,auto,no,no,,,,,pd/B21E.c
pd,B24C,load_r3_r0_jmp_0f0e,1,annotation,no,yes,dispatch,hand-decoded,ec/annotations/pd-0x38-consumers.md,,pd/B24C.c
pd,B24D,FUN_CODE_b24d,7,auto,no,no,,,,,pd/B24D.c
pd,B263,add_ab_then_r7_page,3,annotation,no,yes,math,hand-decoded,ec/annotations/pd-0x38-consumers.md,,pd/B263.c
pd,B28A,mul38_of_xdata_0832,9,annotation,no,yes,math,hand-decoded,ec/annotations/pd-0x38-consumers.md,,pd/B28A.c
pd,B2A6,FUN_CODE_b2a6,1,auto,no,no,,,,,pd/B2A6.c
pd,B2A7,FUN_CODE_b2a7,7,auto,no,no,,,,,pd/B2A7.c
pd,B2AE,mul38_ptr_0946,4,annotation,no,yes,math,hand-decoded,ec/annotations/pd-0x38-consumers.md,,pd/B2AE.c
pd,B2B2,add_a_ptr_0946,10,annotation,no,yes,math,hand-decoded,ec/annotations/pd-0x38-consumers.md,,pd/B2B2.c
pd,B2CD,FUN_CODE_b2cd,6,auto,no,no,,,,,pd/B2CD.c
pd,B2D3,mul38_ptr_0976,14,annotation,no,yes,math,hand-decoded,ec/annotations/pd-0x38-consumers.md,,pd/B2D3.c
pd,B2E1,FUN_CODE_b2e1,8,auto,no,no,,,,,pd/B2E1.c
pd,B2E9,FUN_CODE_b2e9,8,auto,no,no,,,,,pd/B2E9.c
pd,B2F7,FUN_CODE_b2f7,7,auto,no,no,,,,,pd/B2F7.c
pd,B2FE,FUN_CODE_b2fe,10,auto,no,no,,,,,pd/B2FE.c
pd,B311,FUN_CODE_b311,220,auto,no,no,,,,,pd/B311.c
pd,B3ED,FUN_CODE_b3ed,11,auto,no,no,,,,,pd/B3ED.c
pd,B73F,FUN_CODE_b73f,76,auto,no,no,,,,,pd/B73F.c
pd,B80E,FUN_CODE_b80e,9,auto,no,no,,,,,pd/B80E.c
pd,B8DB,FUN_CODE_b8db,198,auto,no,no,,,,,pd/B8DB.c
pd,B9A1,FUN_CODE_b9a1,198,auto,no,no,,,,,pd/B9A1.c
pd,BA67,FUN_CODE_ba67,195,auto,no,no,,,,,pd/BA67.c
pd,BBE7,FUN_CODE_bbe7,186,auto,no,no,,,,,pd/BBE7.c
pd,BECB,FUN_CODE_becb,34,auto,no,no,,,,,pd/BECB.c
pd,C0AF,FUN_CODE_c0af,16,auto,no,no,,,,,pd/C0AF.c
pd,C0EF,FUN_CODE_c0ef,178,auto,no,no,,,,,pd/C0EF.c
pd,C1B3,FUN_CODE_c1b3,34,auto,no,no,,,,,pd/C1B3.c
pd,C1D6,FUN_CODE_c1d6,7,auto,no,no,,,,,pd/C1D6.c
pd,C1DD,FUN_CODE_c1dd,6,auto,no,no,,,,,pd/C1DD.c
pd,C1EF,FUN_CODE_c1ef,1,auto,no,no,,,,,pd/C1EF.c
pd,C1F0,FUN_CODE_c1f0,6,auto,no,no,,,,,pd/C1F0.c
pd,C20C,FUN_CODE_c20c,17,auto,no,no,,,,,pd/C20C.c
pd,C23A,FUN_CODE_c23a,13,auto,no,no,,,,,pd/C23A.c
pd,C24E,FUN_CODE_c24e,172,auto,no,no,,,,,pd/C24E.c
pd,C2FA,FUN_CODE_c2fa,158,auto,no,no,,,,,pd/C2FA.c
pd,C398,FUN_CODE_c398,13,auto,no,no,,,,,pd/C398.c
pd,C62B,FUN_CODE_c62b,153,auto,no,no,,,,,pd/C62B.c
pd,C755,FUN_CODE_c755,124,auto,no,no,,,,,pd/C755.c
pd,C808,FUN_CODE_c808,15,auto,no,no,,,,,pd/C808.c
pd,C873,FUN_CODE_c873,132,auto,no,no,,,,,pd/C873.c
pd,C901,FUN_CODE_c901,82,auto,no,no,,,,,pd/C901.c
pd,CB2A,FUN_CODE_cb2a,39,auto,no,no,,,,,pd/CB2A.c
pd,CBB0,FUN_CODE_cbb0,134,auto,no,no,,,,,pd/CBB0.c
pd,CC36,FUN_CODE_cc36,6,auto,no,no,,,,,pd/CC36.c
pd,CCB7,FUN_CODE_ccb7,30,auto,no,no,,,,,pd/CCB7.c
pd,CDB7,FUN_CODE_cdb7,127,auto,no,no,,,,,pd/CDB7.c
pd,CFA0,FUN_CODE_cfa0,115,auto,no,no,,,,,pd/CFA0.c
pd,D013,FUN_CODE_d013,114,auto,no,no,,,,,pd/D013.c
pd,D085,FUN_CODE_d085,54,auto,no,no,,,,,pd/D085.c
pd,D0F0,FUN_CODE_d0f0,107,auto,no,no,,,,,pd/D0F0.c
pd,D435,FUN_CODE_d435,64,auto,no,no,,,,,pd/D435.c
pd,D6E0,FUN_CODE_d6e0,2,auto,no,no,,,,,pd/D6E0.c
pd,D72E,FUN_CODE_d72e,90,auto,no,no,,,,,pd/D72E.c
pd,D78A,FUN_CODE_d78a,90,auto,no,no,,,,,pd/D78A.c
pd,D83D,FUN_CODE_d83d,89,auto,no,no,,,,,pd/D83D.c
pd,D8EE,FUN_CODE_d8ee,87,auto,no,no,,,,,pd/D8EE.c
pd,DA44,FUN_CODE_da44,82,auto,no,no,,,,,pd/DA44.c
pd,DB89,FUN_CODE_db89,6,auto,no,no,,,,,pd/DB89.c
pd,DBD9,FUN_CODE_dbd9,80,auto,no,no,,,,,pd/DBD9.c
pd,DC29,FUN_CODE_dc29,6,auto,no,no,,,,,pd/DC29.c
pd,DCC7,FUN_CODE_dcc7,20,auto,no,no,,,,,pd/DCC7.c
pd,DF6A,FUN_CODE_df6a,72,auto,no,no,,,,,pd/DF6A.c
pd,DFB2,FUN_CODE_dfb2,72,auto,no,no,,,,,pd/DFB2.c
pd,DFFA,FUN_CODE_dffa,71,auto,no,no,,,,,pd/DFFA.c
pd,E15A,FUN_CODE_e15a,67,auto,no,no,,,,,pd/E15A.c
pd,E1E0,FUN_CODE_e1e0,66,auto,no,no,,,,,pd/E1E0.c
pd,E2E4,FUN_CODE_e2e4,28,auto,no,no,,,,,pd/E2E4.c
pd,E323,FUN_CODE_e323,6,auto,no,no,,,,,pd/E323.c
pd,E458,FUN_CODE_e458,61,auto,no,no,,,,,pd/E458.c
pd,E4D0,FUN_CODE_e4d0,6,auto,no,no,,,,,pd/E4D0.c
pd,E543,FUN_CODE_e543,56,auto,no,no,,,,,pd/E543.c
pd,E5B3,FUN_CODE_e5b3,56,auto,no,no,,,,,pd/E5B3.c
pd,E6C0,FUN_CODE_e6c0,51,auto,no,no,,,,,pd/E6C0.c
pd,E757,FUN_CODE_e757,49,auto,no,no,,,,,pd/E757.c
pd,E877,FUN_CODE_e877,47,auto,no,no,,,,,pd/E877.c
pd,E8D4,FUN_CODE_e8d4,46,auto,no,no,,,,,pd/E8D4.c
pd,E902,FUN_CODE_e902,46,auto,no,no,,,,,pd/E902.c
pd,E930,FUN_CODE_e930,46,auto,no,no,,,,,pd/E930.c
pd,E9E3,FUN_CODE_e9e3,6,auto,no,no,,,,,pd/E9E3.c
pd,EA67,FUN_CODE_ea67,44,auto,no,no,,,,,pd/EA67.c
pd,EBBB,FUN_CODE_ebbb,41,auto,no,no,,,,,pd/EBBB.c
pd,EBE4,FUN_CODE_ebe4,41,auto,no,no,,,,,pd/EBE4.c
pd,EC36,FUN_CODE_ec36,40,auto,no,no,,,,,pd/EC36.c
pd,EC5E,FUN_CODE_ec5e,40,auto,no,no,,,,,pd/EC5E.c
pd,ED46,FUN_CODE_ed46,6,auto,no,no,,,,,pd/ED46.c
pd,ED90,FUN_CODE_ed90,37,auto,no,no,,,,,pd/ED90.c
pd,EDB5,FUN_CODE_edb5,22,auto,no,no,,,,,pd/EDB5.c
pd,EE68,FUN_CODE_ee68,35,auto,no,no,,,,,pd/EE68.c
pd,EE8B,FUN_CODE_ee8b,35,auto,no,no,,,,,pd/EE8B.c
pd,EEAE,FUN_CODE_eeae,35,auto,no,no,,,,,pd/EEAE.c
pd,EED1,FUN_CODE_eed1,35,auto,no,no,,,,,pd/EED1.c
pd,EF59,FUN_CODE_ef59,32,auto,no,no,,,,,pd/EF59.c
pd,EF79,FUN_CODE_ef79,32,auto,no,no,,,,,pd/EF79.c
pd,EFB9,FUN_CODE_efb9,31,auto,no,no,,,,,pd/EFB9.c
pd,F035,FUN_CODE_f035,31,auto,no,no,,,,,pd/F035.c
pd,F109,FUN_CODE_f109,29,call-target,no,no,,,,,pd/F109.c
pd,F126,FUN_CODE_f126,29,call-target,no,no,,,,,pd/F126.c
pd,F1B0,FUN_CODE_f1b0,26,auto,no,no,,,,,pd/F1B0.c
pd,F22E,FUN_CODE_f22e,14,auto,no,no,,,,,pd/F22E.c
pd,F247,FUN_CODE_f247,25,auto,no,no,,,,,pd/F247.c
pd,F28D,FUN_CODE_f28d,22,auto,no,no,,,,,pd/F28D.c
pd,F2FB,FUN_CODE_f2fb,22,auto,no,no,,,,,pd/F2FB.c
pd,F351,FUN_CODE_f351,21,auto,no,no,,,,,pd/F351.c
pd,F3CC,FUN_CODE_f3cc,20,auto,no,no,,,,,pd/F3CC.c
pd,F3E0,FUN_CODE_f3e0,2,auto,no,no,,,,,pd/F3E0.c
pd,F3E2,FUN_CODE_f3e2,9,auto,no,no,,,,,pd/F3E2.c
pd,F3EB,FUN_CODE_f3eb,9,auto,no,no,,,,,pd/F3EB.c
pd,F407,FUN_CODE_f407,19,auto,no,no,,,,,pd/F407.c
pd,F440,FUN_CODE_f440,19,auto,no,no,,,,,pd/F440.c
pd,F477,FUN_CODE_f477,18,auto,no,no,,,,,pd/F477.c
pd,F4AB,FUN_CODE_f4ab,17,call-target,no,no,,,,,pd/F4AB.c
pd,F4CD,FUN_CODE_f4cd,17,auto,no,no,,,,,pd/F4CD.c
pd,F4EE,FUN_CODE_f4ee,16,auto,no,no,,,,,pd/F4EE.c
pd,F50E,FUN_CODE_f50e,16,auto,no,no,,,,,pd/F50E.c
pd,F55C,FUN_CODE_f55c,15,auto,no,no,,,,,pd/F55C.c
pd,F56B,FUN_CODE_f56b,15,auto,no,no,,,,,pd/F56B.c
pd,F598,FUN_CODE_f598,15,auto,no,no,,,,,pd/F598.c
pd,F5C3,FUN_CODE_f5c3,14,auto,no,no,,,,,pd/F5C3.c
pd,F5D1,FUN_CODE_f5d1,14,auto,no,no,,,,,pd/F5D1.c
pd,F604,FUN_CODE_f604,12,auto,no,no,,,,,pd/F604.c
pd,F610,FUN_CODE_f610,12,auto,no,no,,,,,pd/F610.c
pd,F61C,FUN_CODE_f61c,24,auto,no,no,,,,,pd/F61C.c
pd,F63F,FUN_CODE_f63f,11,auto,no,no,,,,,pd/F63F.c
pd,F654,FUN_CODE_f654,10,auto,no,no,,,,,pd/F654.c
pd,F65E,FUN_CODE_f65e,10,auto,no,no,,,,,pd/F65E.c
pd,F668,FUN_CODE_f668,10,auto,no,no,,,,,pd/F668.c
pd,F672,FUN_CODE_f672,10,auto,no,no,,,,,pd/F672.c
pd,F6F3,FUN_CODE_f6f3,8,auto,no,no,,,,,pd/F6F3.c
pd,F6FB,FUN_CODE_f6fb,8,auto,no,no,,,,,pd/F6FB.c
pd,F723,FUN_CODE_f723,8,auto,no,no,,,,,pd/F723.c
pd,F739,call_returns_with_dptr_loaded,7,annotation,no,yes,helper,hand-decoded,ec/annotations/ec-0x07d0-sites.md,,pd/F739.c
pd,F755,FUN_CODE_f755,7,auto,no,no,,,,,pd/F755.c
pd,F75C,FUN_CODE_f75c,7,auto,no,no,,,,,pd/F75C.c
pd,F763,FUN_CODE_f763,6,auto,no,no,,,,,pd/F763.c
pd,F775,FUN_CODE_f775,6,auto,no,no,,,,,pd/F775.c
pd,F781,FUN_CODE_f781,5,auto,no,no,,,,,pd/F781.c
pd,F786,FUN_CODE_f786,5,auto,no,no,,,,,pd/F786.c
pd,F79C,thunk_FUN_CODE_d085,3,auto,no,no,,,,,pd/F79C.c
pd,F79F,thunk_FUN_CODE_4402,3,auto,no,no,,,,,pd/F79F.c
pd,F7B2,FUN_CODE_f7b2,1,auto,no,no,,,,,pd/F7B2.c
pd,F7B3,FUN_CODE_f7b3,1,auto,no,no,,,,,pd/F7B3.c
pd,F7B4,FUN_CODE_f7b4,1,auto,no,no,,,,,pd/F7B4.c
pd,F7B7,FUN_CODE_f7b7,1,auto,no,no,,,,,pd/F7B7.c
