program,addr,name,size,seed_basis,annotated,type,basis,evidence,out_file
ACPIDriver,140001000,FUN_140001000,198,auto,no,,,,
ACPIDriver,1400010D0,FUN_1400010d0,37,auto,no,,,,
ACPIDriver,1400010F8,FUN_1400010f8,353,auto,no,,,,
ACPIDriver,14000125C,FUN_14000125c,214,auto,no,,,,
ACPIDriver,140001334,FUN_140001334,248,auto,no,,,,
ACPIDriver,14000142C,FUN_14000142c,218,auto,no,,,,
ACPIDriver,140001508,FUN_140001508,227,auto,no,,,,
ACPIDriver,1400015EC,FUN_1400015ec,248,auto,no,,,,
ACPIDriver,1400016E4,FUN_1400016e4,248,auto,no,,,,
ACPIDriver,1400017DC,FUN_1400017dc,248,auto,no,,,,
ACPIDriver,1400018D4,FUN_1400018d4,248,auto,no,,,,
ACPIDriver,1400019CC,FUN_1400019cc,248,auto,no,,,,
ACPIDriver,140001AC4,FUN_140001ac4,964,auto,no,,,,
ACPIDriver,140001E88,FUN_140001e88,202,auto,no,,,,
ACPIDriver,140001F54,FUN_140001f54,227,auto,no,,,,
ACPIDriver,140002038,FUN_140002038,223,auto,no,,,,
ACPIDriver,140002118,FUN_140002118,265,auto,no,,,,
ACPIDriver,140002224,FUN_140002224,227,auto,no,,,,
ACPIDriver,140002308,FUN_140002308,241,auto,no,,,,
ACPIDriver,1400023FC,FUN_1400023fc,265,auto,no,,,,
ACPIDriver,140002508,FUN_140002508,265,auto,no,,,,
ACPIDriver,140002614,FUN_140002614,305,auto,no,,,,
ACPIDriver,140002748,FUN_140002748,305,auto,no,,,,
ACPIDriver,14000287C,FUN_14000287c,877,auto,no,,,,
ACPIDriver,140002C00,__security_check_cookie,30,auto,yes,,,,
ACPIDriver,140002C20,FUN_140002c20,8,auto,no,,,,
ACPIDriver,140002C28,memcpy_s,139,auto,yes,,,,
ACPIDriver,140002CB4,DbgPrint,6,auto,yes,,,,
ACPIDriver,140002CBC,__GSHandlerCheck,29,auto,yes,,,,
ACPIDriver,140002CDC,__GSHandlerCheckCommon,95,auto,yes,,,,
ACPIDriver,140002D40,_guard_check_icall,3,auto,yes,,,,
ACPIDriver,140002D50,FxStubDriverUnloadCommon,47,auto,yes,,,,
ACPIDriver,140002D80,entry,43,auto,no,,,,
ACPIDriver,140002DAC,FxDriverEntryWorker,339,auto,yes,,,,
ACPIDriver,140002F00,FUN_140002f00,14,auto,no,,,,
ACPIDriver,140002F10,FxStubDriverUnload,44,auto,yes,,,,
ACPIDriver,140002F40,FxStubInitTypes,180,auto,yes,,,,
ACPIDriver,140002FF8,FxStubBindClasses,462,auto,yes,,,,
ACPIDriver,1400031C8,FxStubUnbindClasses,123,auto,yes,,,,
ACPIDriver,140003250,WdfVersionBind,6,auto,yes,,,,
ACPIDriver,140003256,WdfVersionUnbind,6,auto,yes,,,,
ACPIDriver,140003260,WdfVersionBindClass,6,auto,yes,,,,
ACPIDriver,140003270,WdfVersionUnbindClass,6,auto,yes,,,,
ACPIDriver,140003290,_guard_dispatch_icall,2,auto,yes,,,,
ACPIDriver,1400032C0,memset,209,auto,yes,,,,
ACPIDriver,1400033C0,FUN_1400033c0,537,auto,no,,,,
ACPIDriver,140007000,FUN_140007000,296,auto,no,,,,
ACPIDriver,140007130,FUN_140007130,829,auto,no,,,,
ACPIDriver,140007470,FUN_140007470,713,auto,no,,,,
ACPIDriver,140007740,FUN_140007740,96,auto,no,,,,
ACPIDriver,1400077A0,FUN_1400077a0,84,auto,no,,,,
ACPIDriver,1400077F4,FUN_1400077f4,198,auto,no,,,,
ACPIDriver,1400078C0,FUN_1400078c0,3,auto,no,,,,
ACPIDriver,140008000,FUN_140008000,96,auto,no,,,,
ACPIDriver,140008060,FUN_140008060,46,auto,no,,,,
ACPIDriverDll,180001000,FUN_180001000,78,auto,no,,,,
ACPIDriverDll,180001068,FUN_180001068,28,auto,no,,,,
ACPIDriverDll,180001084,FUN_180001084,28,auto,no,,,,
ACPIDriverDll,1800010C4,FUN_1800010c4,72,auto,no,,,,
ACPIDriverDll,18000110C,FUN_18000110c,72,auto,no,,,,
ACPIDriverDll,180001154,FUN_180001154,28,auto,no,,,,
ACPIDriverDll,180001170,FUN_180001170,37,auto,no,,,,
ACPIDriverDll,180001198,FUN_180001198,39,auto,no,,,,
ACPIDriverDll,1800011C0,FUN_1800011c0,34,auto,no,,,,
ACPIDriverDll,1800011E4,FUN_1800011e4,36,auto,no,,,,
ACPIDriverDll,180001208,FUN_180001208,28,auto,no,,,,
ACPIDriverDll,180001224,FUN_180001224,28,auto,no,,,,
ACPIDriverDll,180001270,FUN_180001270,32,auto,no,,,,
ACPIDriverDll,18000129C,FUN_18000129c,110,auto,no,,,,
ACPIDriverDll,180001318,FUN_180001318,37,auto,no,,,,
ACPIDriverDll,18000134C,FUN_18000134c,37,auto,no,,,,
ACPIDriverDll,180001374,FUN_180001374,37,auto,no,,,,
ACPIDriverDll,18000139C,FUN_18000139c,32,auto,no,,,,
ACPIDriverDll,1800013BC,FUN_1800013bc,37,auto,no,,,,
ACPIDriverDll,1800013E4,FUN_1800013e4,37,auto,no,,,,
ACPIDriverDll,18000140C,FUN_18000140c,37,auto,no,,,,
ACPIDriverDll,180001434,FUN_180001434,37,auto,no,,,,
ACPIDriverDll,18000145C,FUN_18000145c,37,auto,no,,,,
ACPIDriverDll,180001484,FUN_180001484,32,auto,no,,,,
ACPIDriverDll,1800014BC,FUN_1800014bc,28,auto,no,,,,
ACPIDriverDll,1800014D8,FUN_1800014d8,28,auto,no,,,,
ACPIDriverDll,1800014F4,FUN_1800014f4,28,auto,no,,,,
ACPIDriverDll,180001510,FUN_180001510,28,auto,no,,,,
ACPIDriverDll,18000152C,FUN_18000152c,28,auto,no,,,,
ACPIDriverDll,180001548,FUN_180001548,28,auto,no,,,,
ACPIDriverDll,180001564,FUN_180001564,28,auto,no,,,,
ACPIDriverDll,180001580,FUN_180001580,28,auto,no,,,,
ACPIDriverDll,18000159C,FUN_18000159c,28,auto,no,,,,
ACPIDriverDll,1800015B8,FUN_1800015b8,28,auto,no,,,,
ACPIDriverDll,1800015D4,FUN_1800015d4,28,auto,no,,,,
ACPIDriverDll,1800015FC,FUN_1800015fc,37,auto,no,,,,
ACPIDriverDll,180001624,FUN_180001624,67,auto,no,,,,
ACPIDriverDll,180001668,FUN_180001668,37,auto,no,,,,
ACPIDriverDll,180001690,FUN_180001690,37,auto,no,,,,
ACPIDriverDll,1800016B8,FUN_1800016b8,37,auto,no,,,,
ACPIDriverDll,1800016E0,FUN_1800016e0,37,auto,no,,,,
ACPIDriverDll,180001708,FUN_180001708,37,auto,no,,,,
ACPIDriverDll,180001730,FUN_180001730,37,auto,no,,,,
ACPIDriverDll,180001770,FUN_180001770,28,auto,no,,,,
ACPIDriverDll,180001798,FUN_180001798,67,auto,no,,,,
ACPIDriverDll,1800017DC,FUN_1800017dc,32,auto,no,,,,
ACPIDriverDll,180001820,FUN_180001820,28,auto,no,,,,
ACPIDriverDll,18000183C,FUN_18000183c,32,auto,no,,,,
ACPIDriverDll,18000185C,FUN_18000185c,37,auto,no,,,,
ACPIDriverDll,18000189C,FUN_18000189c,28,auto,no,,,,
ACPIDriverDll,1800018B8,FUN_1800018b8,28,auto,no,,,,
ACPIDriverDll,1800018D4,FUN_1800018d4,28,auto,no,,,,
ACPIDriverDll,1800018F0,FUN_1800018f0,28,auto,no,,,,
ACPIDriverDll,18000190C,FUN_18000190c,28,auto,no,,,,
ACPIDriverDll,180001928,FUN_180001928,67,auto,no,,,,
ACPIDriverDll,180001984,FUN_180001984,67,auto,no,,,,
ACPIDriverDll,1800019D4,FUN_1800019d4,28,auto,no,,,,
ACPIDriverDll,180001A08,FUN_180001a08,48,auto,no,,,,
ACPIDriverDll,180001A38,FUN_180001a38,28,auto,no,,,,
ACPIDriverDll,180001A60,FUN_180001a60,67,auto,no,,,,
ACPIDriverDll,180001AC8,FUN_180001ac8,67,auto,no,,,,
ACPIDriverDll,180001B48,FUN_180001b48,32,auto,no,,,,
ACPIDriverDll,180001B68,FUN_180001b68,67,auto,no,,,,
ACPIDriverDll,180001BAC,FUN_180001bac,28,auto,no,,,,
ACPIDriverDll,180001BC8,FUN_180001bc8,110,auto,no,,,,
ACPIDriverDll,180001C5C,FUN_180001c5c,67,auto,no,,,,
ACPIDriverDll,180001CB8,FUN_180001cb8,110,auto,no,,,,
ACPIDriverDll,180001D34,FUN_180001d34,28,auto,no,,,,
ACPIDriverDll,180001D50,FUN_180001d50,28,auto,no,,,,
ACPIDriverDll,180001D6C,FUN_180001d6c,28,auto,no,,,,
ACPIDriverDll,180001D88,FUN_180001d88,28,auto,no,,,,
ACPIDriverDll,180001DA4,FUN_180001da4,28,auto,no,,,,
ACPIDriverDll,180001DC0,FUN_180001dc0,28,auto,no,,,,
ACPIDriverDll,180001DE8,FUN_180001de8,67,auto,no,,,,
ACPIDriverDll,180001E50,FUN_180001e50,37,auto,no,,,,
ACPIDriverDll,180001E84,FUN_180001e84,28,auto,no,,,,
ACPIDriverDll,180001EA0,FUN_180001ea0,28,auto,no,,,,
ACPIDriverDll,180001EBC,FUN_180001ebc,28,auto,no,,,,
ACPIDriverDll,180001ED8,FUN_180001ed8,28,auto,no,,,,
ACPIDriverDll,180001EF4,FUN_180001ef4,28,auto,no,,,,
ACPIDriverDll,180001F10,FUN_180001f10,67,auto,no,,,,
ACPIDriverDll,180001F54,FUN_180001f54,67,auto,no,,,,
ACPIDriverDll,180001FB0,FUN_180001fb0,28,auto,no,,,,
ACPIDriverDll,180001FF0,FUN_180001ff0,28,auto,no,,,,
ACPIDriverDll,180002030,FUN_180002030,67,auto,no,,,,
ACPIDriverDll,18000208C,FUN_18000208c,67,auto,no,,,,
ACPIDriverDll,1800020E8,FUN_1800020e8,28,auto,no,,,,
ACPIDriverDll,180002110,FUN_180002110,110,auto,no,,,,
ACPIDriverDll,18000218C,FUN_18000218c,28,auto,no,,,,
ACPIDriverDll,1800021CC,FUN_1800021cc,28,auto,no,,,,
ACPIDriverDll,1800021E8,FUN_1800021e8,67,auto,no,,,,
ACPIDriverDll,18000225C,FUN_18000225c,28,auto,no,,,,
ACPIDriverDll,1800022B4,FUN_1800022b4,67,auto,no,,,,
ACPIDriverDll,1800022F8,FUN_1800022f8,37,auto,no,,,,
ACPIDriverDll,180002344,FUN_180002344,32,auto,no,,,,
ACPIDriverDll,180002370,InitializeCriticalSectionEx,7,auto,yes,,,,
ACPIDriverDll,180002380,FUN_180002380,158,auto,no,,,,
ACPIDriverDll,180002420,_guard_check_icall,3,auto,yes,,,,
ACPIDriverDll,180002430,FUN_180002430,8,auto,no,,,,
ACPIDriverDll,180002440,FUN_180002440,78,auto,no,,,,
ACPIDriverDll,180002490,FUN_180002490,485,auto,no,,,,
ACPIDriverDll,180002680,FUN_180002680,92,auto,no,,,,
ACPIDriverDll,1800026E0,~CDialogEx,56,auto,yes,,,,
ACPIDriverDll,180002720,FUN_180002720,6,auto,no,,,,
ACPIDriverDll,180002730,FUN_180002730,3,auto,no,,,,
ACPIDriverDll,180002740,FUN_180002740,10,auto,no,,,,
ACPIDriverDll,180002750,FUN_180002750,10,auto,no,,,,
ACPIDriverDll,180002760,FUN_180002760,10,auto,no,,,,
ACPIDriverDll,180002770,FUN_180002770,10,auto,no,,,,
ACPIDriverDll,180002780,FUN_180002780,10,auto,no,,,,
ACPIDriverDll,180002790,FUN_180002790,10,auto,no,,,,
ACPIDriverDll,1800027A0,FUN_1800027a0,88,auto,no,,,,
ACPIDriverDll,180002800,FUN_180002800,78,auto,no,,,,
ACPIDriverDll,180002850,FUN_180002850,54,auto,no,,,,
ACPIDriverDll,180002890,FUN_180002890,33,auto,no,,,,
ACPIDriverDll,1800028C0,FUN_1800028c0,136,auto,no,,,,
ACPIDriverDll,180002950,FUN_180002950,221,auto,no,,,,
ACPIDriverDll,180002A30,FUN_180002a30,14,auto,no,,,,
ACPIDriverDll,180002A40,FUN_180002a40,68,auto,no,,,,
ACPIDriverDll,180002A90,FUN_180002a90,83,auto,no,,,,
ACPIDriverDll,180002AF0,FUN_180002af0,8,auto,no,,,,
ACPIDriverDll,180002B00,FUN_180002b00,22,auto,no,,,,
ACPIDriverDll,180002B20,FUN_180002b20,230,auto,no,,,,
ACPIDriverDll,180002C10,FUN_180002c10,220,auto,no,,,,
ACPIDriverDll,180002CF0,FUN_180002cf0,4,auto,no,,,,
ACPIDriverDll,180002D00,~CGdiObject,75,auto,yes,,,,
ACPIDriverDll,180002D50,FUN_180002d50,15,auto,no,,,,
ACPIDriverDll,180002D60,thunk_FUN_1800047d4,5,auto,no,,,,
ACPIDriverDll,180002D70,FUN_180002d70,115,auto,no,,,,
ACPIDriverDll,180002DF0,FUN_180002df0,8,auto,no,,,,
ACPIDriverDll,180002E00,FUN_180002e00,151,auto,no,,,,
ACPIDriverDll,180002EA0,DoDataExchange,86,auto,yes,,,,
ACPIDriverDll,180002F00,FUN_180002f00,8,auto,no,,,,
ACPIDriverDll,180002F10,FUN_180002f10,298,auto,no,,,,
ACPIDriverDll,180003040,FUN_180003040,211,auto,no,,,,
ACPIDriverDll,180003120,FUN_180003120,283,auto,no,,,,
ACPIDriverDll,180003240,FUN_180003240,8,auto,no,,,,
ACPIDriverDll,180003250,ReadCMOS,221,auto,yes,,,,
ACPIDriverDll,180003330,WriteCMOS,218,auto,yes,,,,
ACPIDriverDll,180003410,ReadEC,221,auto,yes,,,,
ACPIDriverDll,1800034F0,WriteEC,218,auto,yes,,,,
ACPIDriverDll,1800035D0,ReadMEMB,221,auto,yes,,,,
ACPIDriverDll,1800036B0,WriteMEMB,218,auto,yes,,,,
ACPIDriverDll,180003790,ReadPCI,221,auto,yes,,,,
ACPIDriverDll,180003870,WritePCI,218,auto,yes,,,,
ACPIDriverDll,180003950,ReadIO,221,auto,yes,,,,
ACPIDriverDll,180003A30,WriteIO,218,auto,yes,,,,
ACPIDriverDll,180003B10,ReadIndexIO,221,auto,yes,,,,
ACPIDriverDll,180003BF0,WriteIndexIO,225,auto,yes,,,,
ACPIDriverDll,180003CE0,TempRead1,220,auto,yes,,,,
ACPIDriverDll,180003DC0,TempRead2,220,auto,yes,,,,
ACPIDriverDll,180003EA0,TempRead3,220,auto,yes,,,,
ACPIDriverDll,180003F80,TempWrite1,225,auto,yes,,,,
ACPIDriverDll,180004070,TempWrite2,225,auto,yes,,,,
ACPIDriverDll,180004160,TempWrite3,204,auto,yes,,,,
ACPIDriverDll,180004230,SMAPCTable,204,auto,yes,,,,
ACPIDriverDll,180004300,FUN_180004300,8,auto,no,,,,
ACPIDriverDll,180004310,FUN_180004310,140,auto,no,,,,
ACPIDriverDll,1800043A0,FUN_1800043a0,337,auto,no,,,,
ACPIDriverDll,180004500,FUN_180004500,359,auto,no,,,,
ACPIDriverDll,180004670,FUN_180004670,78,auto,no,,,,
ACPIDriverDll,1800046C0,FUN_1800046c0,13,auto,no,,,,
ACPIDriverDll,1800046D0,FUN_1800046d0,16,auto,no,,,,
ACPIDriverDll,1800046E0,FUN_1800046e0,157,auto,no,,,,
ACPIDriverDll,180004780,FUN_180004780,9,auto,no,,,,
ACPIDriverDll,18000478C,FUN_18000478c,70,auto,no,,,,
ACPIDriverDll,1800047D4,FUN_1800047d4,5,auto,no,,,,
ACPIDriverDll,1800047DC,thunk_FUN_18000478c,5,auto,no,,,,
ACPIDriverDll,1800047E4,FUN_1800047e4,15,auto,no,,,,
ACPIDriverDll,1800047F4,FUN_1800047f4,148,auto,no,,,,
ACPIDriverDll,18000488C,FUN_18000488c,166,auto,no,,,,
ACPIDriverDll,180004938,FUN_180004938,142,auto,no,,,,
ACPIDriverDll,1800049C8,FUN_1800049c8,159,auto,no,,,,
ACPIDriverDll,180004A68,FUN_180004a68,497,auto,no,,,,
ACPIDriverDll,180004C5C,FUN_180004c5c,10,auto,no,,,,
ACPIDriverDll,180004C68,FUN_180004c68,522,auto,no,,,,
ACPIDriverDll,180004E78,FUN_180004e78,131,auto,no,,,,
ACPIDriverDll,180004EFC,FUN_180004efc,210,auto,no,,,,
ACPIDriverDll,180004FD0,FUN_180004fd0,59,auto,no,,,,
ACPIDriverDll,18000500C,`scalar_deleting_destructor',66,auto,yes,,,,
ACPIDriverDll,180005050,FUN_180005050,63,auto,no,,,,
ACPIDriverDll,180005090,FUN_180005090,304,auto,no,,,,
ACPIDriverDll,1800051C0,FUN_1800051c0,54,auto,no,,,,
ACPIDriverDll,1800051F8,FUN_1800051f8,232,auto,no,,,,
ACPIDriverDll,1800052E4,FUN_1800052e4,109,auto,no,,,,
ACPIDriverDll,180005354,FUN_180005354,129,auto,no,,,,
ACPIDriverDll,1800053D8,CreateObject,49,auto,yes,,,,
ACPIDriverDll,18000540C,DevModeChange,242,auto,yes,,,,
ACPIDriverDll,180005500,FUN_180005500,124,auto,no,,,,
ACPIDriverDll,180005580,FUN_180005580,135,auto,no,,,,
ACPIDriverDll,180005608,FUN_180005608,217,auto,no,,,,
ACPIDriverDll,1800056E4,FUN_1800056e4,8,auto,no,,,,
ACPIDriverDll,1800056EC,FUN_1800056ec,8,auto,no,,,,
ACPIDriverDll,1800056F4,FUN_1800056f4,149,auto,no,,,,
ACPIDriverDll,18000578C,FUN_18000578c,109,auto,no,,,,
ACPIDriverDll,1800057FC,FUN_1800057fc,234,auto,no,,,,
ACPIDriverDll,1800058E8,LoadAppLangResourceDLL,156,auto,yes,,,,
ACPIDriverDll,180005984,thunk_FUN_180006630,5,auto,no,,,,
ACPIDriverDll,18000598C,FUN_18000598c,206,auto,no,,,,
ACPIDriverDll,180005A5C,FUN_180005a5c,202,auto,no,,,,
ACPIDriverDll,180005B28,FUN_180005b28,1104,auto,no,,,,
ACPIDriverDll,180005F80,RegisterWithRestartManager,64,auto,yes,,,,
ACPIDriverDll,180005FC0,FUN_180005fc0,109,auto,no,,,,
ACPIDriverDll,180006030,FUN_180006030,172,auto,no,,,,
ACPIDriverDll,1800060DC,Run,45,auto,yes,,,,
ACPIDriverDll,18000610C,FUN_18000610c,85,auto,no,,,,
ACPIDriverDll,180006164,FUN_180006164,264,auto,no,,,,
ACPIDriverDll,180006270,FUN_180006270,149,auto,no,,,,
ACPIDriverDll,180006308,FUN_180006308,149,auto,no,,,,
ACPIDriverDll,1800063A0,FUN_1800063a0,374,auto,no,,,,
ACPIDriverDll,18000651C,FUN_18000651c,270,auto,no,,,,
ACPIDriverDll,180006630,FUN_180006630,250,auto,no,,,,
ACPIDriverDll,18000672C,FUN_18000672c,179,auto,no,,,,
ACPIDriverDll,1800067E0,FUN_1800067e0,142,auto,no,,,,
ACPIDriverDll,180006870,FUN_180006870,460,auto,no,,,,
ACPIDriverDll,180006A3C,_snwprintf_s,90,auto,yes,,,,
ACPIDriverDll,180006A98,FUN_180006a98,200,auto,no,,,,
ACPIDriverDll,180006B64,FUN_180006b64,133,auto,no,,,,
ACPIDriverDll,180006BF0,FUN_180006bf0,34,auto,no,,,,
ACPIDriverDll,180006C14,FUN_180006c14,92,auto,no,,,,
ACPIDriverDll,180006C70,`scalar_deleting_destructor',89,auto,yes,,,,
ACPIDriverDll,180006CCC,FUN_180006ccc,66,auto,no,,,,
ACPIDriverDll,180006D10,`scalar_deleting_destructor',45,auto,yes,,,,
ACPIDriverDll,180006D40,FUN_180006d40,43,auto,no,,,,
ACPIDriverDll,180006D6C,FUN_180006d6c,65,auto,no,,,,
ACPIDriverDll,180006DB0,FUN_180006db0,65,auto,no,,,,
ACPIDriverDll,180006DF4,FUN_180006df4,61,auto,no,,,,
ACPIDriverDll,180006E34,FUN_180006e34,388,auto,no,,,,
ACPIDriverDll,180006FBC,CreateContainer,58,auto,yes,,,,
ACPIDriverDll,180006FF8,FUN_180006ff8,1072,auto,no,,,,
ACPIDriverDll,18000742C,CreateDlgControls,581,auto,yes,,,,
ACPIDriverDll,180007674,FUN_180007674,230,auto,no,,,,
ACPIDriverDll,18000775C,FUN_18000775c,49,auto,no,,,,
ACPIDriverDll,180007790,FUN_180007790,34,auto,no,,,,
ACPIDriverDll,1800077B4,FUN_1800077b4,93,auto,no,,,,
ACPIDriverDll,180007814,FUN_180007814,128,auto,no,,,,
ACPIDriverDll,180007898,CreateSite,58,auto,yes,,,,
ACPIDriverDll,1800078D4,FUN_1800078d4,50,auto,no,,,,
ACPIDriverDll,180007908,FUN_180007908,5,auto,no,,,,
ACPIDriverDll,180007910,FUN_180007910,32,auto,no,,,,
ACPIDriverDll,180007934,FUN_180007934,141,auto,no,,,,
ACPIDriverDll,1800079C4,FUN_1800079c4,25,auto,no,,,,
ACPIDriverDll,1800079E0,PostCreateDialog,71,auto,yes,,,,
ACPIDriverDll,180007A28,FUN_180007a28,394,auto,no,,,,
ACPIDriverDll,180007BB4,FUN_180007bb4,67,auto,no,,,,
ACPIDriverDll,180007BF8,RemoveAll,49,auto,yes,,,,
ACPIDriverDll,180007C2C,Serialize,146,auto,yes,,,,
ACPIDriverDll,180007CC0,FUN_180007cc0,552,auto,no,,,,
ACPIDriverDll,180007EEC,FUN_180007eec,173,auto,no,,,,
ACPIDriverDll,180007F9C,FUN_180007f9c,110,auto,no,,,,
ACPIDriverDll,18000800C,FUN_18000800c,38,auto,no,,,,
ACPIDriverDll,180008034,memcpy_s,135,auto,yes,,,,
ACPIDriverDll,1800080BC,FUN_1800080bc,69,auto,no,,,,
ACPIDriverDll,180008104,FUN_180008104,70,auto,no,,,,
ACPIDriverDll,18000814C,FUN_18000814c,66,auto,no,,,,
ACPIDriverDll,180008190,FUN_180008190,42,auto,no,,,,
ACPIDriverDll,1800081BC,BrowseForFolder,312,auto,yes,,,,
ACPIDriverDll,1800082F4,FUN_1800082f4,193,auto,no,,,,
ACPIDriverDll,1800083B8,FUN_1800083b8,145,auto,no,,,,
ACPIDriverDll,18000844C,FUN_18000844c,76,auto,no,,,,
ACPIDriverDll,18000849C,FUN_18000849c,41,auto,no,,,,
ACPIDriverDll,1800084C8,FUN_1800084c8,33,auto,no,,,,
ACPIDriverDll,1800084EC,FUN_1800084ec,190,auto,no,,,,
ACPIDriverDll,1800085AC,FUN_1800085ac,188,auto,no,,,,
ACPIDriverDll,18000866C,CMFCBaseVisualManager,123,auto,yes,,,,
ACPIDriverDll,1800086E8,CMFCVisualManager,343,auto,yes,,,,
ACPIDriverDll,180008840,FUN_180008840,34,auto,no,,,,
ACPIDriverDll,180008864,FUN_180008864,15,auto,no,,,,
ACPIDriverDll,180008874,FUN_180008874,33,auto,no,,,,
ACPIDriverDll,180008898,FUN_180008898,15,auto,no,,,,
ACPIDriverDll,1800088A8,FUN_1800088a8,15,auto,no,,,,
ACPIDriverDll,1800088B8,`scalar_deleting_destructor',89,auto,yes,,,,
ACPIDriverDll,180008914,`scalar_deleting_destructor',76,auto,yes,,,,
ACPIDriverDll,180008960,FUN_180008960,66,auto,no,,,,
ACPIDriverDll,1800089A4,FUN_1800089a4,76,auto,no,,,,
ACPIDriverDll,1800089F0,FUN_1800089f0,76,auto,no,,,,
ACPIDriverDll,180008A3C,AdjustFrames,78,auto,yes,,,,
ACPIDriverDll,180008A8C,FUN_180008a8c,108,auto,no,,,,
ACPIDriverDll,180008AFC,CleanUpThemes,312,auto,yes,,,,
ACPIDriverDll,180008C34,CreateObject,51,auto,yes,,,,
ACPIDriverDll,180008C68,FUN_180008c68,494,auto,no,,,,
ACPIDriverDll,180008E58,DrawCheckBox,216,auto,yes,,,,
ACPIDriverDll,180008F30,DrawComboBorder,124,auto,yes,,,,
ACPIDriverDll,180008FAC,DrawComboDropButton,102,auto,yes,,,,
ACPIDriverDll,180009014,FUN_180009014,242,auto,no,,,,
ACPIDriverDll,180009108,DrawRadioButton,145,auto,yes,,,,
ACPIDriverDll,18000919C,FUN_18000919c,493,auto,no,,,,
ACPIDriverDll,18000938C,FUN_18000938c,301,auto,no,,,,
ACPIDriverDll,1800094BC,FUN_1800094bc,452,auto,no,,,,
ACPIDriverDll,180009680,GetRibbonStatusBarTextColor,46,auto,yes,,,,
ACPIDriverDll,1800096B0,FUN_1800096b0,11,auto,no,,,,
ACPIDriverDll,1800096BC,GetCaptionBarTextColor,71,auto,yes,,,,
ACPIDriverDll,180009704,FUN_180009704,4,auto,no,,,,
ACPIDriverDll,180009708,FUN_180009708,47,auto,no,,,,
ACPIDriverDll,180009738,GetHighlightedMenuItemTextColor,94,auto,yes,,,,
ACPIDriverDll,180009798,FUN_180009798,25,auto,no,,,,
ACPIDriverDll,1800097B4,FUN_1800097b4,6,auto,no,,,,
ACPIDriverDll,1800097BC,GetMenuItemTextColor,176,auto,yes,,,,
ACPIDriverDll,18000986C,FUN_18000986c,7,auto,no,,,,
ACPIDriverDll,180009874,FUN_180009874,6,auto,no,,,,
ACPIDriverDll,18000987C,GetPropertyGridGroupColor,93,auto,yes,,,,
ACPIDriverDll,1800098DC,FUN_1800098dc,93,auto,no,,,,
ACPIDriverDll,18000993C,GetRibbonEditBackgroundColor,96,auto,yes,,,,
ACPIDriverDll,18000999C,FUN_18000999c,170,auto,no,,,,
ACPIDriverDll,180009A48,FUN_180009a48,25,auto,no,,,,
ACPIDriverDll,180009A64,FUN_180009a64,247,auto,no,,,,
ACPIDriverDll,180009B5C,FUN_180009b5c,8,auto,no,,,,
ACPIDriverDll,180009B64,FUN_180009b64,25,auto,no,,,,
ACPIDriverDll,180009B80,GetSmartDockingBaseGuideColors,105,auto,yes,,,,
ACPIDriverDll,180009BEC,FUN_180009bec,46,auto,no,,,,
ACPIDriverDll,180009C1C,FUN_180009c1c,681,auto,no,,,,
ACPIDriverDll,180009EC8,FUN_180009ec8,114,auto,no,,,,
ACPIDriverDll,180009F3C,FUN_180009f3c,812,auto,no,,,,
ACPIDriverDll,18000A268,GetToolTipInfo,48,auto,yes,,,,
ACPIDriverDll,18000A298,FUN_18000a298,374,auto,no,,,,
ACPIDriverDll,18000A410,GetToolbarDisabledTextColor,46,auto,yes,,,,
ACPIDriverDll,18000A440,FUN_18000a440,46,auto,no,,,,
ACPIDriverDll,18000A470,FUN_18000a470,88,auto,no,,,,
ACPIDriverDll,18000A4C8,FUN_18000a4c8,93,auto,no,,,,
ACPIDriverDll,18000A528,FUN_18000a528,7,auto,no,,,,
ACPIDriverDll,18000A530,FUN_18000a530,117,auto,no,,,,
ACPIDriverDll,18000A5A8,FUN_18000a5a8,117,auto,no,,,,
ACPIDriverDll,18000A620,FUN_18000a620,278,auto,no,,,,
ACPIDriverDll,18000A738,FUN_18000a738,311,auto,no,,,,
ACPIDriverDll,18000A870,OnDrawBrowseButton,250,auto,yes,,,,
ACPIDriverDll,18000A96C,OnDrawButtonBorder,217,auto,yes,,,,
ACPIDriverDll,18000AA48,FUN_18000aa48,132,auto,no,,,,
ACPIDriverDll,18000AACC,OnDrawCaptionBarBorder,243,auto,yes,,,,
ACPIDriverDll,18000ABC0,OnDrawCaptionBarButtonBorder,151,auto,yes,,,,
ACPIDriverDll,18000AC58,FUN_18000ac58,200,auto,no,,,,
ACPIDriverDll,18000AD20,FUN_18000ad20,477,auto,no,,,,
ACPIDriverDll,18000AF00,FUN_18000af00,81,auto,no,,,,
ACPIDriverDll,18000AF54,OnDrawCheckBoxEx,703,auto,yes,,,,
ACPIDriverDll,18000B214,OnDrawComboBorder,213,auto,yes,,,,
ACPIDriverDll,18000B2EC,FUN_18000b2ec,514,auto,no,,,,
ACPIDriverDll,18000B4F0,OnDrawControlBorder,311,auto,yes,,,,
ACPIDriverDll,18000B628,FUN_18000b628,525,auto,no,,,,
ACPIDriverDll,18000B838,OnDrawEditBorder,45,auto,yes,,,,
ACPIDriverDll,18000B868,OnDrawExpandingBox,294,auto,yes,,,,
ACPIDriverDll,18000B990,FUN_18000b990,223,auto,no,,,,
ACPIDriverDll,18000BA70,FUN_18000ba70,247,auto,no,,,,
ACPIDriverDll,18000BB68,OnDrawHeaderCtrlSortArrow,50,auto,yes,,,,
ACPIDriverDll,18000BB9C,OnDrawMenuArrowOnCustomizeList,230,auto,yes,,,,
ACPIDriverDll,18000BC84,FUN_18000bc84,154,auto,no,,,,
ACPIDriverDll,18000BD20,OnDrawMenuCheck,70,auto,yes,,,,
ACPIDriverDll,18000BD68,OnDrawMenuItemButton,155,auto,yes,,,,
ACPIDriverDll,18000BE04,OnDrawMenuLabel,230,auto,yes,,,,
ACPIDriverDll,18000BEEC,FUN_18000beec,76,auto,no,,,,
ACPIDriverDll,18000BF38,OnDrawMenuScrollButton,240,auto,yes,,,,
ACPIDriverDll,18000C028,OnDrawMenuShadow,150,auto,yes,,,,
ACPIDriverDll,18000C0C0,OnDrawMenuSystemButton,123,auto,yes,,,,
ACPIDriverDll,18000C13C,FUN_18000c13c,545,auto,no,,,,
ACPIDriverDll,18000C360,FUN_18000c360,134,auto,no,,,,
ACPIDriverDll,18000C3E8,OnDrawOutlookPageButtonBorder,309,auto,yes,,,,
ACPIDriverDll,18000C520,FUN_18000c520,631,auto,no,,,,
ACPIDriverDll,18000C798,OnDrawPaneCaption,263,auto,yes,,,,
ACPIDriverDll,18000C8A0,FUN_18000c8a0,381,auto,no,,,,
ACPIDriverDll,18000CA20,FUN_18000ca20,154,auto,no,,,,
ACPIDriverDll,18000CABC,FUN_18000cabc,296,auto,no,,,,
ACPIDriverDll,18000CBE4,OnDrawPopupWindowCaption,164,auto,yes,,,,
ACPIDriverDll,18000CC88,OnDrawPropertySheetListItem,154,auto,yes,,,,
ACPIDriverDll,18000CD24,FUN_18000cd24,409,auto,no,,,,
ACPIDriverDll,18000CEC0,FUN_18000cec0,849,auto,no,,,,
ACPIDriverDll,18000D214,FUN_18000d214,842,auto,no,,,,
ACPIDriverDll,18000D560,FUN_18000d560,230,auto,no,,,,
ACPIDriverDll,18000D648,FUN_18000d648,452,auto,no,,,,
ACPIDriverDll,18000D810,FUN_18000d810,187,auto,no,,,,
ACPIDriverDll,18000D8CC,FUN_18000d8cc,402,auto,no,,,,
ACPIDriverDll,18000DA60,FUN_18000da60,1196,auto,no,,,,
ACPIDriverDll,18000DF10,OnDrawRibbonCheckBoxOnList,138,auto,yes,,,,
ACPIDriverDll,18000DF9C,FUN_18000df9c,633,auto,no,,,,
ACPIDriverDll,18000E218,FUN_18000e218,125,auto,no,,,,
ACPIDriverDll,18000E298,FUN_18000e298,204,auto,no,,,,
ACPIDriverDll,18000E364,OnDrawRibbonDefaultPaneButtonIndicator,291,auto,yes,,,,
ACPIDriverDll,18000E488,FUN_18000e488,79,auto,no,,,,
ACPIDriverDll,18000E4D8,FUN_18000e4d8,81,auto,no,,,,
ACPIDriverDll,18000E52C,FUN_18000e52c,512,auto,no,,,,
ACPIDriverDll,18000E72C,FUN_18000e72c,263,auto,no,,,,
ACPIDriverDll,18000E834,FUN_18000e834,17,auto,no,,,,
ACPIDriverDll,18000E848,FUN_18000e848,148,auto,no,,,,
ACPIDriverDll,18000E8DC,FUN_18000e8dc,134,auto,no,,,,
ACPIDriverDll,18000E964,FUN_18000e964,397,auto,no,,,,
ACPIDriverDll,18000EAF4,FUN_18000eaf4,442,auto,no,,,,
ACPIDriverDll,18000ECB0,OnDrawRibbonProgressBar,329,auto,yes,,,,
ACPIDriverDll,18000EDFC,OnDrawRibbonQuickAccessToolBarSeparator,181,auto,yes,,,,
ACPIDriverDll,18000EEB4,OnDrawRibbonRecentFilesFrame,183,auto,yes,,,,
ACPIDriverDll,18000EF6C,OnDrawRibbonSliderChannel,199,auto,yes,,,,
ACPIDriverDll,18000F034,FUN_18000f034,449,auto,no,,,,
ACPIDriverDll,18000F1F8,FUN_18000f1f8,464,auto,no,,,,
ACPIDriverDll,18000F3C8,FUN_18000f3c8,352,auto,no,,,,
ACPIDriverDll,18000F528,FUN_18000f528,200,auto,no,,,,
ACPIDriverDll,18000F5F4,OnDrawScrollButtons,316,auto,yes,,,,
ACPIDriverDll,18000F730,FUN_18000f730,323,auto,no,,,,
ACPIDriverDll,18000F874,OnDrawShowAllMenuItems,47,auto,yes,,,,
ACPIDriverDll,18000F8A4,FUN_18000f8a4,740,auto,no,,,,
ACPIDriverDll,18000FB88,FUN_18000fb88,150,auto,no,,,,
ACPIDriverDll,18000FC20,OnDrawSplitterBox,82,auto,yes,,,,
ACPIDriverDll,18000FC74,OnDrawStatusBarPaneBorder,215,auto,yes,,,,
ACPIDriverDll,18000FD4C,FUN_18000fd4c,678,auto,no,,,,
ACPIDriverDll,18000FFF4,FUN_18000fff4,351,auto,no,,,,
ACPIDriverDll,180010154,FUN_180010154,5348,auto,no,,,,
ACPIDriverDll,180011640,OnDrawTabCloseButton,240,auto,yes,,,,
ACPIDriverDll,180011730,FUN_180011730,978,auto,no,,,,
ACPIDriverDll,180011B04,FUN_180011b04,156,auto,no,,,,
ACPIDriverDll,180011BA0,OnDrawTabsButtonBorder,190,auto,yes,,,,
ACPIDriverDll,180011C60,FUN_180011c60,988,auto,no,,,,
ACPIDriverDll,180012040,FUN_180012040,259,auto,no,,,,
ACPIDriverDll,180012144,FUN_180012144,1148,auto,no,,,,
ACPIDriverDll,1800125C4,FUN_1800125c4,225,auto,no,,,,
ACPIDriverDll,1800126A8,FUN_1800126a8,201,auto,no,,,,
ACPIDriverDll,180012774,OnDrawToolBoxFrame,78,auto,yes,,,,
ACPIDriverDll,1800127C4,FUN_1800127c4,246,auto,no,,,,
ACPIDriverDll,1800128BC,FUN_1800128bc,78,auto,no,,,,
ACPIDriverDll,18001290C,FUN_18001290c,99,auto,no,,,,
ACPIDriverDll,180012970,FUN_180012970,532,auto,no,,,,
ACPIDriverDll,180012B84,OnFillButtonInterior,339,auto,yes,,,,
ACPIDriverDll,180012CD8,OnFillCaptionBarButton,179,auto,yes,,,,
ACPIDriverDll,180012D8C,OnFillCommandsListBackground,369,auto,yes,,,,
ACPIDriverDll,180012F00,FUN_180012f00,126,auto,no,,,,
ACPIDriverDll,180012F80,FUN_180012f80,50,auto,no,,,,
ACPIDriverDll,180012FB4,FUN_180012fb4,298,auto,no,,,,
ACPIDriverDll,1800130E0,OnFillOutlookBarCaption,113,auto,yes,,,,
ACPIDriverDll,180013154,OnFillOutlookPageButton,122,auto,yes,,,,
ACPIDriverDll,1800131D0,FUN_1800131d0,796,auto,no,,,,
ACPIDriverDll,1800134EC,OnFillRibbonEdit,383,auto,yes,,,,
ACPIDriverDll,18001366C,FUN_18001366c,17,auto,no,,,,
ACPIDriverDll,180013680,FUN_180013680,78,auto,no,,,,
ACPIDriverDll,1800136D0,FUN_1800136d0,78,auto,no,,,,
ACPIDriverDll,180013720,FUN_180013720,76,auto,no,,,,
ACPIDriverDll,18001376C,FUN_18001376c,266,auto,no,,,,
ACPIDriverDll,180013878,FUN_180013878,78,auto,no,,,,
ACPIDriverDll,1800138C8,OnFillToolTip,192,auto,yes,,,,
ACPIDriverDll,180013988,FUN_180013988,78,auto,no,,,,
ACPIDriverDll,1800139D8,OnHighlightRarelyUsedMenuItems,157,auto,yes,,,,
ACPIDriverDll,180013A78,FUN_180013a78,559,auto,no,,,,
ACPIDriverDll,180013CA8,FUN_180013ca8,264,auto,no,,,,
ACPIDriverDll,180013DB4,FUN_180013db4,209,auto,no,,,,
ACPIDriverDll,180013E88,RibbonCategoryColorToRGB,278,auto,yes,,,,
ACPIDriverDll,180013FA0,FUN_180013fa0,173,auto,no,,,,
ACPIDriverDll,180014050,FUN_180014050,1289,auto,no,,,,
ACPIDriverDll,18001455C,FUN_18001455c,194,auto,no,,,,
ACPIDriverDll,180014620,FUN_180014620,262,auto,no,,,,
ACPIDriverDll,180014728,FUN_180014728,218,auto,no,,,,
ACPIDriverDll,180014804,LoadLibraryW,7,auto,yes,,,,
ACPIDriverDll,18001480C,CMFCVisualManagerWindows,203,auto,yes,,,,
ACPIDriverDll,1800148D8,FUN_1800148d8,217,auto,no,,,,
ACPIDriverDll,1800149B4,FUN_1800149b4,219,auto,no,,,,
ACPIDriverDll,180014A90,`scalar_deleting_destructor',76,auto,yes,,,,
ACPIDriverDll,180014ADC,FUN_180014adc,13,auto,no,,,,
ACPIDriverDll,180014AEC,FUN_180014aec,184,auto,no,,,,
ACPIDriverDll,180014BA8,CreateObject,51,auto,yes,,,,
ACPIDriverDll,180014BDC,FUN_180014bdc,63,auto,no,,,,
ACPIDriverDll,180014C1C,FUN_180014c1c,63,auto,no,,,,
ACPIDriverDll,180014C5C,FUN_180014c5c,47,auto,no,,,,
ACPIDriverDll,180014C8C,FUN_180014c8c,27,auto,no,,,,
ACPIDriverDll,180014CA8,FUN_180014ca8,27,auto,no,,,,
ACPIDriverDll,180014CC4,GetHighlightedMenuItemTextColor,104,auto,yes,,,,
ACPIDriverDll,180014D2C,FUN_180014d2c,6,auto,no,,,,
ACPIDriverDll,180014D34,FUN_180014d34,12,auto,no,,,,
ACPIDriverDll,180014D40,FUN_180014d40,8,auto,no,,,,
ACPIDriverDll,180014D48,GetToolbarButtonTextColor,96,auto,yes,,,,
ACPIDriverDll,180014DA8,FUN_180014da8,7,auto,no,,,,
ACPIDriverDll,180014DB0,FUN_180014db0,30,auto,no,,,,
ACPIDriverDll,180014DD0,FUN_180014dd0,25,auto,no,,,,
ACPIDriverDll,180014DEC,FUN_180014dec,7,auto,no,,,,
ACPIDriverDll,180014DF4,FUN_180014df4,10,auto,no,,,,
ACPIDriverDll,180014E00,FUN_180014e00,1019,auto,no,,,,
ACPIDriverDll,1800151FC,OnDrawBrowseButton,202,auto,yes,,,,
ACPIDriverDll,1800152C8,OnDrawButtonBorder,219,auto,yes,,,,
ACPIDriverDll,1800153A4,OnDrawButtonSeparator,146,auto,yes,,,,
ACPIDriverDll,180015438,FUN_180015438,524,auto,no,,,,
ACPIDriverDll,180015648,OnDrawCaptionButtonIcon,122,auto,yes,,,,
ACPIDriverDll,1800156C4,FUN_1800156c4,186,auto,no,,,,
ACPIDriverDll,180015780,FUN_180015780,171,auto,no,,,,
ACPIDriverDll,18001582C,OnDrawComboDropButton,160,auto,yes,,,,
ACPIDriverDll,1800158CC,OnDrawControlBorder,305,auto,yes,,,,
ACPIDriverDll,180015A00,FUN_180015a00,137,auto,no,,,,
ACPIDriverDll,180015A8C,OnDrawExpandingBox,95,auto,yes,,,,
ACPIDriverDll,180015AEC,FUN_180015aec,251,auto,no,,,,
ACPIDriverDll,180015BE8,OnDrawHeaderCtrlBorder,90,auto,yes,,,,
ACPIDriverDll,180015C44,FUN_180015c44,291,auto,no,,,,
ACPIDriverDll,180015D68,FUN_180015d68,216,auto,no,,,,
ACPIDriverDll,180015E40,FUN_180015e40,185,auto,no,,,,
ACPIDriverDll,180015EFC,FUN_180015efc,251,auto,no,,,,
ACPIDriverDll,180015FF8,OnDrawOutlookPageButtonBorder,29,auto,yes,,,,
ACPIDriverDll,180016018,thunk_FUN_18000c520,5,auto,no,,,,
ACPIDriverDll,180016020,FUN_180016020,403,auto,no,,,,
ACPIDriverDll,1800161B4,OnDrawPopupWindowButtonBorder,296,auto,yes,,,,
ACPIDriverDll,1800162DC,FUN_1800162dc,425,auto,no,,,,
ACPIDriverDll,180016488,OnDrawSpinButtons,416,auto,yes,,,,
ACPIDriverDll,180016628,OnDrawStatusBarPaneBorder,105,auto,yes,,,,
ACPIDriverDll,180016694,FUN_180016694,244,auto,no,,,,
ACPIDriverDll,180016788,OnDrawStatusBarSizeBox,79,auto,yes,,,,
ACPIDriverDll,1800167D8,FUN_1800167d8,563,auto,no,,,,
ACPIDriverDll,180016A0C,FUN_180016a0c,154,auto,no,,,,
ACPIDriverDll,180016AA8,OnDrawTabsButtonBorder,276,auto,yes,,,,
ACPIDriverDll,180016BBC,FUN_180016bbc,1104,auto,no,,,,
ACPIDriverDll,180017010,OnDrawTasksGroupAreaBorder,193,auto,yes,,,,
ACPIDriverDll,1800170D4,FUN_1800170d4,940,auto,no,,,,
ACPIDriverDll,180017484,FUN_180017484,29,auto,no,,,,
ACPIDriverDll,1800174A4,FUN_1800174a4,219,auto,no,,,,
ACPIDriverDll,180017580,FUN_180017580,438,auto,no,,,,
ACPIDriverDll,180017738,FUN_180017738,457,auto,no,,,,
ACPIDriverDll,180017904,FUN_180017904,169,auto,no,,,,
ACPIDriverDll,1800179B0,FUN_1800179b0,570,auto,no,,,,
ACPIDriverDll,180017BEC,FUN_180017bec,382,auto,no,,,,
ACPIDriverDll,180017D6C,OnFillCommandsListBackground,293,auto,yes,,,,
ACPIDriverDll,180017E94,FUN_180017e94,122,auto,no,,,,
ACPIDriverDll,180017F10,OnFillMiniFrameCaption,83,auto,yes,,,,
ACPIDriverDll,180017F64,OnFillOutlookPageButton,196,auto,yes,,,,
ACPIDriverDll,180018028,OnFillTasksGroupInterior,117,auto,yes,,,,
ACPIDriverDll,1800180A0,OnFillTasksPaneBackground,76,auto,yes,,,,
ACPIDriverDll,1800180EC,FUN_1800180ec,183,auto,no,,,,
ACPIDriverDll,1800181A4,FUN_1800181a4,187,auto,no,,,,
ACPIDriverDll,180018260,FUN_180018260,775,auto,no,,,,
ACPIDriverDll,180018568,FUN_180018568,37,auto,no,,,,
ACPIDriverDll,180018590,FUN_180018590,425,auto,no,,,,
ACPIDriverDll,18001873C,FID_conflict:GetITaskbarList3,125,auto,yes,,,,
ACPIDriverDll,1800187BC,FUN_1800187bc,460,auto,no,,,,
ACPIDriverDll,18001898C,FUN_18001898c,161,auto,no,,,,
ACPIDriverDll,180018A30,FUN_180018a30,545,auto,no,,,,
ACPIDriverDll,180018C54,GetSectionKey,201,auto,yes,,,,
ACPIDriverDll,180018D20,FUN_180018d20,24,auto,no,,,,
ACPIDriverDll,180018D38,FUN_180018d38,314,auto,no,,,,
ACPIDriverDll,180018E74,FUN_180018e74,187,auto,no,,,,
ACPIDriverDll,180018F30,ReleaseTaskBarRefs,86,auto,yes,,,,
ACPIDriverDll,180018F88,SetRegistryKey,85,auto,yes,,,,
ACPIDriverDll,180018FE0,FUN_180018fe0,311,auto,no,,,,
ACPIDriverDll,180019118,WriteProfileInt,190,auto,yes,,,,
ACPIDriverDll,1800191D8,FUN_1800191d8,241,auto,no,,,,
ACPIDriverDll,1800192CC,FID_conflict:_sprintf_p,82,auto,yes,,,,
ACPIDriverDll,180019320,CDialog,123,auto,yes,,,,
ACPIDriverDll,18001939C,CDialog,96,auto,yes,,,,
ACPIDriverDll,1800193FC,~CDialog,54,auto,yes,,,,
ACPIDriverDll,180019454,`scalar_deleting_destructor',66,auto,yes,,,,
ACPIDriverDll,180019498,FUN_180019498,77,auto,no,,,,
ACPIDriverDll,1800194E8,FUN_1800194e8,160,auto,no,,,,
ACPIDriverDll,180019588,FUN_180019588,229,auto,no,,,,
ACPIDriverDll,180019670,Create,156,auto,yes,,,,
ACPIDriverDll,18001970C,CreateDlg,147,auto,yes,,,,
ACPIDriverDll,1800197A0,FUN_1800197a0,631,auto,no,,,,
ACPIDriverDll,180019A34,CreateIndirect,71,auto,yes,,,,
ACPIDriverDll,180019A7C,FUN_180019a7c,102,auto,no,,,,
ACPIDriverDll,180019AE4,FUN_180019ae4,8,auto,no,,,,
ACPIDriverDll,180019AEC,FUN_180019aec,20,auto,no,,,,
ACPIDriverDll,180019B00,FUN_180019b00,117,auto,no,,,,
ACPIDriverDll,180019B78,FUN_180019b78,608,auto,no,,,,
ACPIDriverDll,180019E04,FUN_180019e04,77,auto,no,,,,
ACPIDriverDll,180019E54,FUN_180019e54,8,auto,no,,,,
ACPIDriverDll,180019E5C,FUN_180019e5c,8,auto,no,,,,
ACPIDriverDll,180019E64,FUN_180019e64,8,auto,no,,,,
ACPIDriverDll,180019E6C,FUN_180019e6c,215,auto,no,,,,
ACPIDriverDll,180019F44,FUN_180019f44,10,auto,no,,,,
ACPIDriverDll,180019F50,FUN_180019f50,222,auto,no,,,,
ACPIDriverDll,18001A030,FUN_18001a030,87,auto,no,,,,
ACPIDriverDll,18001A088,FUN_18001a088,110,auto,no,,,,
ACPIDriverDll,18001A10C,FUN_18001a10c,140,auto,no,,,,
ACPIDriverDll,18001A198,FUN_18001a198,42,auto,no,,,,
ACPIDriverDll,18001A1C4,OnPaint,114,auto,yes,,,,
ACPIDriverDll,18001A238,FUN_18001a238,84,auto,no,,,,
ACPIDriverDll,18001A28C,FUN_18001a28c,38,auto,no,,,,
ACPIDriverDll,18001A2B4,PostModal,95,auto,yes,,,,
ACPIDriverDll,18001A314,PreModal,92,auto,yes,,,,
ACPIDriverDll,18001A370,PreTranslateMessage,206,auto,yes,,,,
ACPIDriverDll,18001A440,FUN_18001a440,13,auto,no,,,,
ACPIDriverDll,18001A450,FUN_18001a450,209,auto,no,,,,
ACPIDriverDll,18001A524,~CButton,47,auto,yes,,,,
ACPIDriverDll,18001A554,FID_conflict:~CComboBox,47,auto,yes,,,,
ACPIDriverDll,18001A584,~CEdit,47,auto,yes,,,,
ACPIDriverDll,18001A5B4,FID_conflict:~CEdit,47,auto,yes,,,,
ACPIDriverDll,18001A5E4,~CMenu,34,auto,yes,,,,
ACPIDriverDll,18001A608,~CScrollBar,47,auto,yes,,,,
ACPIDriverDll,18001A638,~CStatic,47,auto,yes,,,,
ACPIDriverDll,18001A668,FID_conflict:`scalar_deleting_destructor',66,auto,yes,,,,
ACPIDriverDll,18001A6AC,FID_conflict:`scalar_deleting_destructor',66,auto,yes,,,,
ACPIDriverDll,18001A6F0,FID_conflict:`scalar_deleting_destructor',66,auto,yes,,,,
ACPIDriverDll,18001A734,`scalar_deleting_destructor',89,auto,yes,,,,
ACPIDriverDll,18001A790,FID_conflict:`scalar_deleting_destructor',66,auto,yes,,,,
ACPIDriverDll,18001A7D4,FID_conflict:`scalar_deleting_destructor',66,auto,yes,,,,
ACPIDriverDll,18001A818,thunk_FUN_1800230e0,5,auto,no,,,,
ACPIDriverDll,18001A820,FUN_18001a820,74,auto,no,,,,
ACPIDriverDll,18001A86C,FUN_18001a86c,66,auto,no,,,,
ACPIDriverDll,18001A8B0,FUN_18001a8b0,66,auto,no,,,,
ACPIDriverDll,18001A8F4,FUN_18001a8f4,66,auto,no,,,,
ACPIDriverDll,18001A938,FUN_18001a938,66,auto,no,,,,
ACPIDriverDll,18001A97C,FUN_18001a97c,74,auto,no,,,,
ACPIDriverDll,18001A9C8,FUN_18001a9c8,105,auto,no,,,,
ACPIDriverDll,18001AA34,FUN_18001aa34,150,auto,no,,,,
ACPIDriverDll,18001AACC,FUN_18001aacc,8,auto,no,,,,
ACPIDriverDll,18001AAD4,FUN_18001aad4,8,auto,no,,,,
ACPIDriverDll,18001AADC,FUN_18001aadc,8,auto,no,,,,
ACPIDriverDll,18001AAE4,FUN_18001aae4,8,auto,no,,,,
ACPIDriverDll,18001AAEC,FUN_18001aaec,8,auto,no,,,,
ACPIDriverDll,18001AAF4,FUN_18001aaf4,8,auto,no,,,,
ACPIDriverDll,18001AAFC,FUN_18001aafc,150,auto,no,,,,
ACPIDriverDll,18001AB94,FUN_18001ab94,47,auto,no,,,,
ACPIDriverDll,18001ABC4,FUN_18001abc4,120,auto,no,,,,
ACPIDriverDll,18001AC3C,FUN_18001ac3c,197,auto,no,,,,
ACPIDriverDll,18001AD04,FUN_18001ad04,194,auto,no,,,,
ACPIDriverDll,18001ADC8,FUN_18001adc8,85,auto,no,,,,
ACPIDriverDll,18001AE20,FUN_18001ae20,117,auto,no,,,,
ACPIDriverDll,18001AE98,ShowAppMessageBox,5,auto,yes,,,,
ACPIDriverDll,18001AEA0,FUN_18001aea0,7,auto,no,,,,
ACPIDriverDll,18001AEA8,FUN_18001aea8,266,auto,no,,,,
ACPIDriverDll,18001AFB4,ShowAppMessageBox,399,auto,yes,,,,
ACPIDriverDll,18001B144,FUN_18001b144,37,auto,no,,,,
ACPIDriverDll,18001B16C,`scalar_deleting_destructor',55,auto,yes,,,,
ACPIDriverDll,18001B1A4,FUN_18001b1a4,638,auto,no,,,,
ACPIDriverDll,18001B424,FUN_18001b424,73,auto,no,,,,
ACPIDriverDll,18001B470,AfxUnmergeMenus,239,auto,yes,,,,
ACPIDriverDll,18001B560,FUN_18001b560,142,auto,no,,,,
ACPIDriverDll,18001B5F0,FUN_18001b5f0,158,auto,no,,,,
ACPIDriverDll,18001B690,FUN_18001b690,8,auto,no,,,,
ACPIDriverDll,18001B698,Process,91,auto,yes,,,,
ACPIDriverDll,18001B6F4,FUN_18001b6f4,188,auto,no,,,,
ACPIDriverDll,18001B7B0,FUN_18001b7b0,928,auto,no,,,,
ACPIDriverDll,18001BB54,FUN_18001bb54,63,auto,no,,,,
ACPIDriverDll,18001BB94,_AfxOleCopyFormatEtc,64,auto,yes,,,,
ACPIDriverDll,18001BBD4,FUN_18001bbd4,68,auto,no,,,,
ACPIDriverDll,18001BC18,FUN_18001bc18,7,auto,no,,,,
ACPIDriverDll,18001BC20,FUN_18001bc20,11,auto,no,,,,
ACPIDriverDll,18001BC2C,FUN_18001bc2c,55,auto,no,,,,
ACPIDriverDll,18001BC64,FUN_18001bc64,33,auto,no,,,,
ACPIDriverDll,18001BC88,FUN_18001bc88,33,auto,no,,,,
ACPIDriverDll,18001BCAC,FUN_18001bcac,33,auto,no,,,,
ACPIDriverDll,18001BCD0,FUN_18001bcd0,49,auto,no,,,,
ACPIDriverDll,18001BD04,FUN_18001bd04,33,auto,no,,,,
ACPIDriverDll,18001BD28,FUN_18001bd28,22,auto,no,,,,
ACPIDriverDll,18001BD40,FUN_18001bd40,140,auto,no,,,,
ACPIDriverDll,18001BDD0,FUN_18001bdd0,8,auto,no,,,,
ACPIDriverDll,18001BDD8,FUN_18001bdd8,8,auto,no,,,,
ACPIDriverDll,18001BDE0,FUN_18001bde0,8,auto,no,,,,
ACPIDriverDll,18001BDE8,FUN_18001bde8,8,auto,no,,,,
ACPIDriverDll,18001BDF0,InitString,53,auto,yes,,,,
ACPIDriverDll,18001BE28,FUN_18001be28,136,auto,no,,,,
ACPIDriverDll,18001BEB0,FUN_18001beb0,548,auto,no,,,,
ACPIDriverDll,18001C0D8,"operator<<<wchar_t,StrTraitMFC<wchar_t,ATL::ChTraitsCRT<wchar_t>_>_>",66,auto,yes,,,,
ACPIDriverDll,18001C11C,FUN_18001c11c,110,auto,no,,,,
ACPIDriverDll,18001C18C,thunk_FUN_18001c194,5,auto,no,,,,
ACPIDriverDll,18001C194,FUN_18001c194,118,auto,no,,,,
ACPIDriverDll,18001C20C,FUN_18001c20c,252,auto,no,,,,
ACPIDriverDll,18001C30C,FUN_18001c30c,23,auto,no,,,,
ACPIDriverDll,18001C324,AfxA2WHelper,65,auto,yes,,,,
ACPIDriverDll,18001C368,FUN_18001c368,8,auto,no,,,,
ACPIDriverDll,18001C370,FUN_18001c370,75,auto,no,,,,
ACPIDriverDll,18001C3BC,FUN_18001c3bc,41,auto,no,,,,
ACPIDriverDll,18001C3E8,FUN_18001c3e8,4,auto,no,,,,
ACPIDriverDll,18001C3EC,FUN_18001c3ec,8,auto,no,,,,
ACPIDriverDll,18001C3F4,FUN_18001c3f4,8,auto,no,,,,
ACPIDriverDll,18001C3FC,FUN_18001c3fc,9,auto,no,,,,
ACPIDriverDll,18001C408,FUN_18001c408,56,auto,no,,,,
ACPIDriverDll,18001C440,FUN_18001c440,74,auto,no,,,,
ACPIDriverDll,18001C48C,FUN_18001c48c,98,auto,no,,,,
ACPIDriverDll,18001C4F0,CDC,27,auto,yes,,,,
ACPIDriverDll,18001C50C,FUN_18001c50c,93,auto,no,,,,
ACPIDriverDll,18001C56C,FUN_18001c56c,86,auto,no,,,,
ACPIDriverDll,18001C5C4,FUN_18001c5c4,98,auto,no,,,,
ACPIDriverDll,18001C628,FUN_18001c628,15,auto,no,,,,
ACPIDriverDll,18001C638,~CClientDC,61,auto,yes,,,,
ACPIDriverDll,18001C678,~CDC,51,auto,yes,,,,
ACPIDriverDll,18001C6AC,~CPaintDC,65,auto,yes,,,,
ACPIDriverDll,18001C6F0,~CWindowDC,61,auto,yes,,,,
ACPIDriverDll,18001C730,FUN_18001c730,76,auto,no,,,,
ACPIDriverDll,18001C77C,FID_conflict:`scalar_deleting_destructor',66,auto,yes,,,,
ACPIDriverDll,18001C7C0,`scalar_deleting_destructor',66,auto,yes,,,,
ACPIDriverDll,18001C804,`scalar_deleting_destructor',66,auto,yes,,,,
ACPIDriverDll,18001C848,FID_conflict:`scalar_deleting_destructor',66,auto,yes,,,,
ACPIDriverDll,18001C88C,AfxGetDitheredBitmap,1111,auto,yes,,,,
ACPIDriverDll,18001CCE4,AfxGetGrayBitmap,941,auto,yes,,,,
ACPIDriverDll,18001D094,FUN_18001d094,33,auto,no,,,,
ACPIDriverDll,18001D0B8,FUN_18001d0b8,33,auto,no,,,,
ACPIDriverDll,18001D0DC,FUN_18001d0dc,79,auto,no,,,,
ACPIDriverDll,18001D12C,Attach,59,auto,yes,,,,
ACPIDriverDll,18001D168,ClientToScreen,86,auto,yes,,,,
ACPIDriverDll,18001D1F8,CreateObject,57,auto,yes,,,,
ACPIDriverDll,18001D234,FUN_18001d234,44,auto,no,,,,
ACPIDriverDll,18001D260,DPtoLP,129,auto,yes,,,,
ACPIDriverDll,18001D2E4,DeleteDC,37,auto,yes,,,,
ACPIDriverDll,18001D30C,DeleteObject,37,auto,yes,,,,
ACPIDriverDll,18001D344,FUN_18001d344,82,auto,no,,,,
ACPIDriverDll,18001D398,FUN_18001d398,66,auto,no,,,,
ACPIDriverDll,18001D3DC,FUN_18001d3dc,11,auto,no,,,,
ACPIDriverDll,18001D3E8,FUN_18001d3e8,11,auto,no,,,,
ACPIDriverDll,18001D3F4,FUN_18001d3f4,11,auto,no,,,,
ACPIDriverDll,18001D400,FUN_18001d400,98,auto,no,,,,
ACPIDriverDll,18001D464,FUN_18001d464,11,auto,no,,,,
ACPIDriverDll,18001D470,FUN_18001d470,35,auto,no,,,,
ACPIDriverDll,18001D494,FromHandle,35,auto,yes,,,,
ACPIDriverDll,18001D4B8,FUN_18001d4b8,11,auto,no,,,,
ACPIDriverDll,18001D4C4,FUN_18001d4c4,11,auto,no,,,,
ACPIDriverDll,18001D4D0,FUN_18001d4d0,8,auto,no,,,,
ACPIDriverDll,18001D4D8,FUN_18001d4d8,8,auto,no,,,,
ACPIDriverDll,18001D4E0,FUN_18001d4e0,8,auto,no,,,,
ACPIDriverDll,18001D4E8,FUN_18001d4e8,8,auto,no,,,,
ACPIDriverDll,18001D4F0,FUN_18001d4f0,8,auto,no,,,,
ACPIDriverDll,18001D4F8,FUN_18001d4f8,8,auto,no,,,,
ACPIDriverDll,18001D500,FUN_18001d500,8,auto,no,,,,
ACPIDriverDll,18001D508,FUN_18001d508,8,auto,no,,,,
ACPIDriverDll,18001D510,FUN_18001d510,8,auto,no,,,,
ACPIDriverDll,18001D518,FUN_18001d518,8,auto,no,,,,
ACPIDriverDll,18001D520,FUN_18001d520,8,auto,no,,,,
ACPIDriverDll,18001D528,FUN_18001d528,8,auto,no,,,,
ACPIDriverDll,18001D530,FUN_18001d530,8,auto,no,,,,
ACPIDriverDll,18001D538,FUN_18001d538,25,auto,no,,,,
ACPIDriverDll,18001D554,FUN_18001d554,98,auto,no,,,,
ACPIDriverDll,18001D5B8,LPtoDP,129,auto,yes,,,,
ACPIDriverDll,18001D63C,LineTo,78,auto,yes,,,,
ACPIDriverDll,18001D68C,FUN_18001d68c,114,auto,no,,,,
ACPIDriverDll,18001D700,FUN_18001d700,114,auto,no,,,,
ACPIDriverDll,18001D774,FUN_18001d774,114,auto,no,,,,
ACPIDriverDll,18001D7E8,FUN_18001d7e8,11,auto,no,,,,
ACPIDriverDll,18001D7F4,FUN_18001d7f4,11,auto,no,,,,
ACPIDriverDll,18001D800,FUN_18001d800,6,auto,no,,,,
ACPIDriverDll,18001D808,FUN_18001d808,6,auto,no,,,,
ACPIDriverDll,18001D810,FUN_18001d810,85,auto,no,,,,
ACPIDriverDll,18001D868,FUN_18001d868,75,auto,no,,,,
ACPIDriverDll,18001D8B4,FUN_18001d8b4,149,auto,no,,,,
ACPIDriverDll,18001D94C,FUN_18001d94c,149,auto,no,,,,
ACPIDriverDll,18001D9E4,ScreenToClient,86,auto,yes,,,,
ACPIDriverDll,18001DA3C,FUN_18001da3c,101,auto,no,,,,
ACPIDriverDll,18001DAA4,FUN_18001daa4,117,auto,no,,,,
ACPIDriverDll,18001DB1C,SelectGdiObject,22,auto,yes,,,,
ACPIDriverDll,18001DB34,FUN_18001db34,102,auto,no,,,,
ACPIDriverDll,18001DB9C,FUN_18001db9c,108,auto,no,,,,
ACPIDriverDll,18001DC08,SelectPalette,40,auto,yes,,,,
ACPIDriverDll,18001DC30,FUN_18001dc30,85,auto,no,,,,
ACPIDriverDll,18001DC88,FUN_18001dc88,5,auto,no,,,,
ACPIDriverDll,18001DC90,FUN_18001dc90,66,auto,no,,,,
ACPIDriverDll,18001DCD4,FUN_18001dcd4,65,auto,no,,,,
ACPIDriverDll,18001DD18,FUN_18001dd18,11,auto,no,,,,
ACPIDriverDll,18001DD24,FUN_18001dd24,65,auto,no,,,,
ACPIDriverDll,18001DD68,FUN_18001dd68,5,auto,no,,,,
ACPIDriverDll,18001DD70,FUN_18001dd70,65,auto,no,,,,
ACPIDriverDll,18001DDB4,FUN_18001ddb4,65,auto,no,,,,
ACPIDriverDll,18001DDF8,FUN_18001ddf8,80,auto,no,,,,
ACPIDriverDll,18001DE48,FUN_18001de48,66,auto,no,,,,
ACPIDriverDll,18001DE8C,FUN_18001de8c,114,auto,no,,,,
ACPIDriverDll,18001DF00,FUN_18001df00,114,auto,no,,,,
ACPIDriverDll,18001DF74,FUN_18001df74,114,auto,no,,,,
ACPIDriverDll,18001DFE8,FUN_18001dfe8,114,auto,no,,,,
ACPIDriverDll,18001E05C,FID_conflict:TabbedTextOutA,100,auto,yes,,,,
ACPIDriverDll,18001E0C0,FUN_18001e0c0,11,auto,no,,,,
ACPIDriverDll,18001E0CC,FUN_18001e0cc,168,auto,no,,,,
ACPIDriverDll,18001E174,FUN_18001e174,168,auto,no,,,,
ACPIDriverDll,18001E21C,CDialogImpl,18,auto,yes,,,,
ACPIDriverDll,18001E230,FUN_18001e230,11,auto,no,,,,
ACPIDriverDll,18001E23C,FUN_18001e23c,43,auto,no,,,,
ACPIDriverDll,18001E268,DialogMouseHookProc,226,auto,yes,,,,
ACPIDriverDll,18001E34C,OnActivate,127,auto,yes,,,,
ACPIDriverDll,18001E3CC,OnCommand,109,auto,yes,,,,
ACPIDriverDll,18001E43C,OnDestroy,66,auto,yes,,,,
ACPIDriverDll,18001E480,FUN_18001e480,52,auto,no,,,,
ACPIDriverDll,18001E4B4,FUN_18001e4b4,552,auto,no,,,,
ACPIDriverDll,18001E6DC,FUN_18001e6dc,505,auto,no,,,,
ACPIDriverDll,18001E8D8,FUN_18001e8d8,173,auto,no,,,,
ACPIDriverDll,18001E988,FUN_18001e988,110,auto,no,,,,
ACPIDriverDll,18001E9F8,CCmdTarget,56,auto,yes,,,,
ACPIDriverDll,18001EA30,CCmdUI,43,auto,yes,,,,
ACPIDriverDll,18001EA5C,FUN_18001ea5c,52,auto,no,,,,
ACPIDriverDll,18001EA90,FUN_18001ea90,39,auto,no,,,,
ACPIDriverDll,18001EAB8,FUN_18001eab8,199,auto,no,,,,
ACPIDriverDll,18001EB80,FUN_18001eb80,192,auto,no,,,,
ACPIDriverDll,18001EC44,FUN_18001ec44,37,auto,no,,,,
ACPIDriverDll,18001EC6C,FUN_18001ec6c,8,auto,no,,,,
ACPIDriverDll,18001EC74,FUN_18001ec74,8,auto,no,,,,
ACPIDriverDll,18001EC7C,FUN_18001ec7c,8,auto,no,,,,
ACPIDriverDll,18001EC84,FUN_18001ec84,8,auto,no,,,,
ACPIDriverDll,18001EC8C,FUN_18001ec8c,8,auto,no,,,,
ACPIDriverDll,18001EC94,FUN_18001ec94,8,auto,no,,,,
ACPIDriverDll,18001EC9C,FUN_18001ec9c,8,auto,no,,,,
ACPIDriverDll,18001ECA4,FUN_18001eca4,6,auto,no,,,,
ACPIDriverDll,18001ECAC,FUN_18001ecac,413,auto,no,,,,
ACPIDriverDll,18001EE4C,FUN_18001ee4c,85,auto,no,,,,
ACPIDriverDll,18001EEA4,FUN_18001eea4,146,auto,no,,,,
ACPIDriverDll,18001EF38,FUN_18001ef38,126,auto,no,,,,
ACPIDriverDll,18001EFB8,FUN_18001efb8,114,auto,no,,,,
ACPIDriverDll,18001F02C,FUN_18001f02c,454,auto,no,,,,
ACPIDriverDll,18001F1F4,FUN_18001f1f4,343,auto,no,,,,
ACPIDriverDll,18001F34C,CWinThread,66,auto,yes,,,,
ACPIDriverDll,18001F390,~CWinThread,74,auto,yes,,,,
ACPIDriverDll,18001F3DC,`scalar_deleting_destructor',66,auto,yes,,,,
ACPIDriverDll,18001F420,FUN_18001f420,18,auto,no,,,,
ACPIDriverDll,18001F434,FUN_18001f434,18,auto,no,,,,
ACPIDriverDll,18001F448,AfxInternalIsIdleMessage,118,auto,yes,,,,
ACPIDriverDll,18001F4C0,FUN_18001f4c0,177,auto,no,,,,
ACPIDriverDll,18001F574,AfxInternalProcessWndProcException,43,auto,yes,,,,
ACPIDriverDll,18001F5A0,AfxInternalPumpMessage,98,auto,yes,,,,
ACPIDriverDll,18001F604,FUN_18001f604,61,auto,no,,,,
ACPIDriverDll,18001F644,FUN_18001f644,61,auto,no,,,,
ACPIDriverDll,18001F684,FUN_18001f684,76,auto,no,,,,
ACPIDriverDll,18001F6D0,FUN_18001f6d0,48,auto,no,,,,
ACPIDriverDll,18001F700,CommonConstruct,83,auto,yes,,,,
ACPIDriverDll,18001F754,FUN_18001f754,33,auto,no,,,,
ACPIDriverDll,18001F778,FUN_18001f778,173,auto,no,,,,
ACPIDriverDll,18001F828,FUN_18001f828,17,auto,no,,,,
ACPIDriverDll,18001F83C,FUN_18001f83c,41,auto,no,,,,
ACPIDriverDll,18001F868,FUN_18001f868,8,auto,no,,,,
ACPIDriverDll,18001F870,FUN_18001f870,8,auto,no,,,,
ACPIDriverDll,18001F878,FUN_18001f878,407,auto,no,,,,
ACPIDriverDll,18001FA10,FUN_18001fa10,8,auto,no,,,,
ACPIDriverDll,18001FA18,FUN_18001fa18,434,auto,no,,,,
ACPIDriverDll,18001FBCC,FUN_18001fbcc,11,auto,no,,,,
ACPIDriverDll,18001FBD8,AfxInternalPumpMessage,5,auto,yes,,,,
ACPIDriverDll,18001FBE0,FUN_18001fbe0,218,auto,no,,,,
ACPIDriverDll,18001FCBC,FUN_18001fcbc,541,auto,no,,,,
ACPIDriverDll,18001FEEC,FUN_18001feec,144,auto,no,,,,
ACPIDriverDll,18001FF7C,FUN_18001ff7c,634,auto,no,,,,
ACPIDriverDll,1800201F8,FUN_1800201f8,54,auto,no,,,,
ACPIDriverDll,180020230,FUN_180020230,34,auto,no,,,,
ACPIDriverDll,180020254,FUN_180020254,138,auto,no,,,,
ACPIDriverDll,1800202E0,HideApplication,82,auto,yes,,,,
ACPIDriverDll,180020350,FUN_180020350,29,auto,no,,,,
ACPIDriverDll,180020370,FUN_180020370,182,auto,no,,,,
ACPIDriverDll,180020428,FUN_180020428,69,auto,no,,,,
ACPIDriverDll,180020470,FUN_180020470,39,auto,no,,,,
ACPIDriverDll,180020498,FUN_180020498,39,auto,no,,,,
ACPIDriverDll,1800204C0,FUN_1800204c0,32,auto,no,,,,
ACPIDriverDll,1800204E0,CDialogEx,142,auto,yes,,,,
ACPIDriverDll,180020570,`scalar_deleting_destructor',103,auto,yes,,,,
ACPIDriverDll,1800205D8,FUN_1800205d8,8,auto,no,,,,
ACPIDriverDll,1800205E0,FUN_1800205e0,8,auto,no,,,,
ACPIDriverDll,1800205E8,OnActivate,60,auto,yes,,,,
ACPIDriverDll,180020624,OnCommand,77,auto,yes,,,,
ACPIDriverDll,180020674,FUN_180020674,370,auto,no,,,,
ACPIDriverDll,1800207E8,OnDestroy,69,auto,yes,,,,
ACPIDriverDll,180020830,FUN_180020830,522,auto,no,,,,
ACPIDriverDll,180020A3C,FUN_180020a3c,67,auto,no,,,,
ACPIDriverDll,180020A80,FUN_180020a80,97,auto,no,,,,
ACPIDriverDll,180020AE4,FUN_180020ae4,97,auto,no,,,,
ACPIDriverDll,180020B48,PreTranslateMessage,61,auto,yes,,,,
ACPIDriverDll,180020B88,FUN_180020b88,12,auto,no,,,,
ACPIDriverDll,180020B94,AccessibilityCreateInstance<ATL::CAccessibleProxy>,144,auto,yes,,,,
ACPIDriverDll,180020C34,FUN_180020c34,40,auto,no,,,,
ACPIDriverDll,180020C5C,CWnd,200,auto,yes,,,,
ACPIDriverDll,180020D24,CWnd,35,auto,yes,,,,
ACPIDriverDll,180020D48,FUN_180020d48,40,auto,no,,,,
ACPIDriverDll,180020D70,~CInternalGlobalLock,46,auto,yes,,,,
ACPIDriverDll,180020DA0,FUN_180020da0,75,auto,no,,,,
ACPIDriverDll,180020DEC,FUN_180020dec,249,auto,no,,,,
ACPIDriverDll,180020EE8,FUN_180020ee8,34,auto,no,,,,
ACPIDriverDll,180020F0C,FUN_180020f0c,123,auto,no,,,,
ACPIDriverDll,180020F88,FUN_180020f88,66,auto,no,,,,
ACPIDriverDll,180020FCC,`scalar_deleting_destructor',66,auto,yes,,,,
ACPIDriverDll,180021010,FUN_180021010,85,auto,no,,,,
ACPIDriverDll,180021068,FUN_180021068,9,auto,no,,,,
ACPIDriverDll,180021074,FUN_180021074,9,auto,no,,,,
ACPIDriverDll,180021080,FUN_180021080,9,auto,no,,,,
ACPIDriverDll,18002108C,FUN_18002108c,62,auto,no,,,,
ACPIDriverDll,1800210CC,FUN_1800210cc,62,auto,no,,,,
ACPIDriverDll,18002110C,FUN_18002110c,426,auto,no,,,,
ACPIDriverDll,1800212DC,AfxEndDeferRegisterClass,958,auto,yes,,,,
ACPIDriverDll,18002169C,AfxFindMessageEntry,44,auto,yes,,,,
ACPIDriverDll,1800216C8,FUN_1800216c8,125,auto,no,,,,
ACPIDriverDll,180021748,FUN_180021748,116,auto,no,,,,
ACPIDriverDll,1800217C0,FUN_1800217c0,216,auto,no,,,,
ACPIDriverDll,18002189C,FUN_18002189c,66,auto,no,,,,
ACPIDriverDll,1800218E0,AfxRegisterClass,184,auto,yes,,,,
ACPIDriverDll,180021998,FUN_180021998,424,auto,no,,,,
ACPIDriverDll,180021B44,FUN_180021b44,258,auto,no,,,,
ACPIDriverDll,180021C48,FUN_180021c48,96,auto,no,,,,
ACPIDriverDll,180021CAC,AfxWndProc,124,auto,yes,,,,
ACPIDriverDll,180021D28,AtlIAccessibleGetIDsOfNamesHelper,164,auto,yes,,,,
ACPIDriverDll,180021DCC,FUN_180021dcc,1929,auto,no,,,,
ACPIDriverDll,1800225A4,FUN_1800225a4,278,auto,no,,,,
ACPIDriverDll,1800226BC,FUN_1800226bc,262,auto,no,,,,
ACPIDriverDll,1800227C4,Attach,94,auto,yes,,,,
ACPIDriverDll,180022824,CalcWindowRect,90,auto,yes,,,,
ACPIDriverDll,180022880,FUN_180022880,131,auto,no,,,,
ACPIDriverDll,180022904,FUN_180022904,625,auto,no,,,,
ACPIDriverDll,180022B78,Construct,39,auto,yes,,,,
ACPIDriverDll,180022BA0,FUN_180022ba0,6,auto,no,,,,
ACPIDriverDll,180022BA8,FUN_180022ba8,10,auto,no,,,,
ACPIDriverDll,180022BB4,FUN_180022bb4,197,auto,no,,,,
ACPIDriverDll,180022C7C,FUN_180022c7c,272,auto,no,,,,
ACPIDriverDll,180022D8C,FUN_180022d8c,28,auto,no,,,,
ACPIDriverDll,180022DAC,FUN_180022dac,28,auto,no,,,,
ACPIDriverDll,180022DCC,FUN_180022dcc,201,auto,no,,,,
ACPIDriverDll,180022E98,FUN_180022e98,363,auto,no,,,,
ACPIDriverDll,180023004,FUN_180023004,34,auto,no,,,,
ACPIDriverDll,180023028,CreateObject,49,auto,yes,,,,
ACPIDriverDll,18002305C,FUN_18002305c,132,auto,no,,,,
ACPIDriverDll,1800230E0,FUN_1800230e0,86,auto,no,,,,
ACPIDriverDll,180023138,FUN_180023138,152,auto,no,,,,
ACPIDriverDll,1800231D4,FUN_1800231d4,74,auto,no,,,,
ACPIDriverDll,180023220,DoD2DPaint,546,auto,yes,,,,
ACPIDriverDll,180023444,FUN_180023444,11,auto,no,,,,
ACPIDriverDll,180023450,FUN_180023450,125,auto,no,,,,
ACPIDriverDll,1800234D0,FUN_1800234d0,109,auto,no,,,,
ACPIDriverDll,180023540,EndModalLoop,52,auto,yes,,,,
ACPIDriverDll,180023574,EnsureStdObj,46,auto,yes,,,,
ACPIDriverDll,1800235A4,ExecuteDlgInit,165,auto,yes,,,,
ACPIDriverDll,18002364C,FromHandle,65,auto,yes,,,,
ACPIDriverDll,180023690,FUN_180023690,44,auto,no,,,,
ACPIDriverDll,1800236BC,FUN_1800236bc,8,auto,no,,,,
ACPIDriverDll,1800236C4,FUN_1800236c4,99,auto,no,,,,
ACPIDriverDll,180023728,GetDescendantWindow,170,auto,yes,,,,
ACPIDriverDll,1800237D4,FUN_1800237d4,235,auto,no,,,,
ACPIDriverDll,1800238C0,FUN_1800238c0,21,auto,no,,,,
ACPIDriverDll,1800238D8,GetHWND,72,auto,yes,,,,
ACPIDriverDll,180023920,FUN_180023920,62,auto,no,,,,
ACPIDriverDll,180023960,GetIDsOfNames,38,auto,yes,,,,
ACPIDriverDll,180023988,FUN_180023988,8,auto,no,,,,
ACPIDriverDll,180023990,FUN_180023990,26,auto,no,,,,
ACPIDriverDll,1800239AC,FUN_1800239ac,8,auto,no,,,,
ACPIDriverDll,1800239B4,FUN_1800239b4,84,auto,no,,,,
ACPIDriverDll,180023A08,GetParentOwner,83,auto,yes,,,,
ACPIDriverDll,180023A5C,FUN_180023a5c,8,auto,no,,,,
ACPIDriverDll,180023A64,FUN_180023a64,35,auto,no,,,,
ACPIDriverDll,180023A88,FUN_180023a88,111,auto,no,,,,
ACPIDriverDll,180023AF8,GetScrollLimit,121,auto,yes,,,,
ACPIDriverDll,180023B74,FUN_180023b74,70,auto,no,,,,
ACPIDriverDll,180023BBC,FUN_180023bbc,102,auto,no,,,,
ACPIDriverDll,180023C24,FUN_180023c24,8,auto,no,,,,
ACPIDriverDll,180023C2C,FUN_180023c2c,91,auto,no,,,,
ACPIDriverDll,180023C88,GetTopLevelParent,62,auto,yes,,,,
ACPIDriverDll,180023CC8,FUN_180023cc8,38,auto,no,,,,
ACPIDriverDll,180023CF0,FUN_180023cf0,29,auto,no,,,,
ACPIDriverDll,180023D10,FUN_180023d10,20,auto,no,,,,
ACPIDriverDll,180023D24,FUN_180023d24,17,auto,no,,,,
ACPIDriverDll,180023D38,FUN_180023d38,174,auto,no,,,,
ACPIDriverDll,180023DE8,GrayCtlColor,177,auto,yes,,,,
ACPIDriverDll,180023E9C,HandleFloatingSysCommand,265,auto,yes,,,,
ACPIDriverDll,180023FA8,FUN_180023fa8,161,auto,no,,,,
ACPIDriverDll,18002404C,FUN_18002404c,400,auto,no,,,,
ACPIDriverDll,1800241DC,FUN_1800241dc,109,auto,no,,,,
ACPIDriverDll,18002424C,Invoke,170,auto,yes,,,,
ACPIDriverDll,1800242F8,FUN_1800242f8,95,auto,no,,,,
ACPIDriverDll,180024358,FUN_180024358,52,auto,no,,,,
ACPIDriverDll,18002438C,LoadDynamicLayoutResource,243,auto,yes,,,,
ACPIDriverDll,180024480,FID_conflict:MessageBoxA,90,auto,yes,,,,
ACPIDriverDll,1800244DC,ModifyStyle,30,auto,yes,,,,
ACPIDriverDll,1800244FC,ModifyStyleEx,30,auto,yes,,,,
ACPIDriverDll,18002451C,OnActivateTopLevel,55,auto,yes,,,,
ACPIDriverDll,180024554,FUN_180024554,54,auto,no,,,,
ACPIDriverDll,18002458C,OnChildNotify,93,auto,yes,,,,
ACPIDriverDll,1800245EC,FUN_1800245ec,234,auto,no,,,,
ACPIDriverDll,1800246D8,OnCompareItem,47,auto,yes,,,,
ACPIDriverDll,180024708,OnCtlColor,47,auto,yes,,,,
ACPIDriverDll,180024738,FUN_180024738,38,auto,no,,,,
ACPIDriverDll,180024760,FUN_180024760,171,auto,no,,,,
ACPIDriverDll,18002480C,OnDevModeChange,107,auto,yes,,,,
ACPIDriverDll,180024878,FUN_180024878,122,auto,no,,,,
ACPIDriverDll,1800248F4,OnDragList,50,auto,yes,,,,
ACPIDriverDll,180024928,FUN_180024928,34,auto,no,,,,
ACPIDriverDll,18002494C,FUN_18002494c,94,auto,no,,,,
ACPIDriverDll,1800249AC,OnEnterIdle,69,auto,yes,,,,
ACPIDriverDll,1800249F4,FUN_1800249f4,33,auto,no,,,,
ACPIDriverDll,180024A18,FUN_180024a18,778,auto,no,,,,
ACPIDriverDll,180024D24,FUN_180024d24,69,auto,no,,,,
ACPIDriverDll,180024D6C,FUN_180024d6c,42,auto,no,,,,
ACPIDriverDll,180024D98,FUN_180024d98,184,auto,no,,,,
ACPIDriverDll,180024E50,FUN_180024e50,201,auto,no,,,,
ACPIDriverDll,180024F1C,FUN_180024f1c,100,auto,no,,,,
ACPIDriverDll,180024F84,FUN_180024f84,422,auto,no,,,,
ACPIDriverDll,18002512C,FUN_18002512c,193,auto,no,,,,
ACPIDriverDll,1800251F0,FUN_1800251f0,135,auto,no,,,,
ACPIDriverDll,180025278,OnParentNotify,46,auto,yes,,,,
ACPIDriverDll,1800252A8,FUN_1800252a8,55,auto,no,,,,
ACPIDriverDll,1800252E0,FUN_1800252e0,70,auto,no,,,,
ACPIDriverDll,180025328,OnSysColorChange,99,auto,yes,,,,
ACPIDriverDll,18002538C,FUN_18002538c,76,auto,no,,,,
ACPIDriverDll,1800253D8,OnToolHitTest,149,auto,yes,,,,
ACPIDriverDll,180025470,FUN_180025470,181,auto,no,,,,
ACPIDriverDll,180025528,FUN_180025528,396,auto,no,,,,
ACPIDriverDll,1800256B8,FUN_1800256b8,3022,auto,no,,,,
ACPIDriverDll,180026400,FUN_180026400,80,auto,no,,,,
ACPIDriverDll,180026450,PreTranslateInput,36,auto,yes,,,,
ACPIDriverDll,180026474,FUN_180026474,55,auto,no,,,,
ACPIDriverDll,1800264AC,FUN_1800264ac,218,auto,no,,,,
ACPIDriverDll,180026588,FUN_180026588,18,auto,no,,,,
ACPIDriverDll,18002659C,FUN_18002659c,9,auto,no,,,,
ACPIDriverDll,1800265A8,FUN_1800265a8,9,auto,no,,,,
ACPIDriverDll,1800265B4,QueryInterface,92,auto,yes,,,,
ACPIDriverDll,180026610,QueryInterface,92,auto,yes,,,,
ACPIDriverDll,18002666C,FUN_18002666c,281,auto,no,,,,
ACPIDriverDll,180026788,FUN_180026788,231,auto,no,,,,
ACPIDriverDll,180026870,FUN_180026870,170,auto,no,,,,
ACPIDriverDll,18002691C,FUN_18002691c,49,auto,no,,,,
ACPIDriverDll,180026950,FUN_180026950,9,auto,no,,,,
ACPIDriverDll,18002695C,FUN_18002695c,9,auto,no,,,,
ACPIDriverDll,180026968,FUN_180026968,62,auto,no,,,,
ACPIDriverDll,1800269A8,FUN_1800269a8,62,auto,no,,,,
ACPIDriverDll,1800269E8,FUN_1800269e8,479,auto,no,,,,
ACPIDriverDll,180026BC8,ResizeDynamicLayout,51,auto,yes,,,,
ACPIDriverDll,180026BFC,FUN_180026bfc,416,auto,no,,,,
ACPIDriverDll,180026D9C,FUN_180026d9c,273,auto,no,,,,
ACPIDriverDll,180026EB0,FUN_180026eb0,104,auto,no,,,,
ACPIDriverDll,180026F1C,FUN_180026f1c,206,auto,no,,,,
ACPIDriverDll,180026FEC,FUN_180026fec,25,auto,no,,,,
ACPIDriverDll,180027008,FUN_180027008,7,auto,no,,,,
ACPIDriverDll,180027010,FUN_180027010,89,auto,no,,,,
ACPIDriverDll,18002706C,FUN_18002706c,116,auto,no,,,,
ACPIDriverDll,1800270E0,FUN_1800270e0,102,auto,no,,,,
ACPIDriverDll,180027148,FUN_180027148,118,auto,no,,,,
ACPIDriverDll,1800271C0,FUN_1800271c0,11,auto,no,,,,
ACPIDriverDll,1800271CC,FUN_1800271cc,17,auto,no,,,,
ACPIDriverDll,1800271E0,FUN_1800271e0,156,auto,no,,,,
ACPIDriverDll,18002727C,FUN_18002727c,112,auto,no,,,,
ACPIDriverDll,1800272EC,TrackPopupMenu,185,auto,yes,,,,
ACPIDriverDll,1800273A8,FUN_1800273a8,72,auto,no,,,,
ACPIDriverDll,1800273F0,FUN_1800273f0,136,auto,no,,,,
ACPIDriverDll,180027480,UpdateDialogControls,334,auto,yes,,,,
ACPIDriverDll,1800275D0,FUN_1800275d0,115,auto,no,,,,
ACPIDriverDll,180027644,FUN_180027644,131,auto,no,,,,
ACPIDriverDll,1800276C8,FUN_1800276c8,161,auto,no,,,,
ACPIDriverDll,18002776C,FUN_18002776c,122,auto,no,,,,
ACPIDriverDll,1800277E8,_AfxActivationWndProc,450,auto,yes,,,,
ACPIDriverDll,1800279B0,FUN_1800279b0,635,auto,no,,,,
ACPIDriverDll,180027C2C,FUN_180027c2c,156,auto,no,,,,
ACPIDriverDll,180027CCC,_AfxHandleActivate,168,auto,yes,,,,
ACPIDriverDll,180027D74,_AfxHandleSetCursor,125,auto,yes,,,,
ACPIDriverDll,180027DF4,_AfxModifyStyle,133,auto,yes,,,,
ACPIDriverDll,180027E7C,FUN_180027e7c,192,auto,no,,,,
ACPIDriverDll,180027F3C,_AfxPreInitDialog,47,auto,yes,,,,
ACPIDriverDll,180027F6C,_AfxRegisterWithIcon,82,auto,yes,,,,
ACPIDriverDll,180027FC0,FUN_180027fc0,65,auto,no,,,,
ACPIDriverDll,180028004,FUN_180028004,53,auto,no,,,,
ACPIDriverDll,18002803C,FUN_18002803c,110,auto,no,,,,
ACPIDriverDll,1800280AC,FUN_1800280ac,53,auto,no,,,,
ACPIDriverDll,1800280E4,FUN_1800280e4,29,auto,no,,,,
ACPIDriverDll,180028104,FUN_180028104,116,auto,no,,,,
ACPIDriverDll,180028178,FUN_180028178,124,auto,no,,,,
ACPIDriverDll,1800281F4,FUN_1800281f4,85,auto,no,,,,
ACPIDriverDll,18002824C,FUN_18002824c,172,auto,no,,,,
ACPIDriverDll,1800282F8,FUN_1800282f8,79,auto,no,,,,
ACPIDriverDll,180028348,FUN_180028348,55,auto,no,,,,
ACPIDriverDll,180028380,FUN_180028380,138,auto,no,,,,
ACPIDriverDll,18002840C,FUN_18002840c,67,auto,no,,,,
ACPIDriverDll,180028450,FUN_180028450,55,auto,no,,,,
ACPIDriverDll,180028488,FUN_180028488,122,auto,no,,,,
ACPIDriverDll,180028504,FUN_180028504,168,auto,no,,,,
ACPIDriverDll,1800285AC,FUN_1800285ac,74,auto,no,,,,
ACPIDriverDll,1800285F8,FUN_1800285f8,50,auto,no,,,,
ACPIDriverDll,18002862C,FUN_18002862c,124,auto,no,,,,
ACPIDriverDll,1800286A8,FUN_1800286a8,40,auto,no,,,,
ACPIDriverDll,1800286D0,FUN_1800286d0,18,auto,no,,,,
ACPIDriverDll,1800286E4,FUN_1800286e4,89,auto,no,,,,
ACPIDriverDll,180028740,FUN_180028740,77,auto,no,,,,
ACPIDriverDll,180028790,FUN_180028790,53,auto,no,,,,
ACPIDriverDll,1800287C8,FUN_1800287c8,124,auto,no,,,,
ACPIDriverDll,180028844,FUN_180028844,74,auto,no,,,,
ACPIDriverDll,180028890,FUN_180028890,50,auto,no,,,,
ACPIDriverDll,1800288C4,FUN_1800288c4,124,auto,no,,,,
ACPIDriverDll,180028940,FUN_180028940,43,auto,no,,,,
ACPIDriverDll,18002896C,FUN_18002896c,21,auto,no,,,,
ACPIDriverDll,180028984,FUN_180028984,89,auto,no,,,,
ACPIDriverDll,1800289E0,FUN_1800289e0,74,auto,no,,,,
ACPIDriverDll,180028A2C,FUN_180028a2c,50,auto,no,,,,
ACPIDriverDll,180028A60,FUN_180028a60,124,auto,no,,,,
ACPIDriverDll,180028ADC,FUN_180028adc,84,auto,no,,,,
ACPIDriverDll,180028B30,FUN_180028b30,55,auto,no,,,,
ACPIDriverDll,180028B68,FUN_180028b68,140,auto,no,,,,
ACPIDriverDll,180028BF4,FUN_180028bf4,77,auto,no,,,,
ACPIDriverDll,180028C44,FUN_180028c44,53,auto,no,,,,
ACPIDriverDll,180028C7C,FUN_180028c7c,124,auto,no,,,,
ACPIDriverDll,180028CF8,FUN_180028cf8,74,auto,no,,,,
ACPIDriverDll,180028D44,FUN_180028d44,50,auto,no,,,,
ACPIDriverDll,180028D78,FUN_180028d78,124,auto,no,,,,
ACPIDriverDll,180028DF4,FUN_180028df4,40,auto,no,,,,
ACPIDriverDll,180028E1C,FUN_180028e1c,18,auto,no,,,,
ACPIDriverDll,180028E30,FUN_180028e30,89,auto,no,,,,
ACPIDriverDll,180028E8C,FUN_180028e8c,74,auto,no,,,,
ACPIDriverDll,180028ED8,FUN_180028ed8,50,auto,no,,,,
ACPIDriverDll,180028F0C,FUN_180028f0c,124,auto,no,,,,
ACPIDriverDll,180028F88,FUN_180028f88,43,auto,no,,,,
ACPIDriverDll,180028FB4,FUN_180028fb4,21,auto,no,,,,
ACPIDriverDll,180028FCC,FUN_180028fcc,89,auto,no,,,,
ACPIDriverDll,180029028,FUN_180029028,74,auto,no,,,,
ACPIDriverDll,180029074,FUN_180029074,50,auto,no,,,,
ACPIDriverDll,1800290A8,FUN_1800290a8,124,auto,no,,,,
ACPIDriverDll,180029124,FUN_180029124,74,auto,no,,,,
ACPIDriverDll,180029170,FUN_180029170,50,auto,no,,,,
ACPIDriverDll,1800291A4,FUN_1800291a4,124,auto,no,,,,
ACPIDriverDll,180029220,FUN_180029220,20,auto,no,,,,
ACPIDriverDll,180029234,FUN_180029234,53,auto,no,,,,
ACPIDriverDll,18002926C,FUN_18002926c,124,auto,no,,,,
ACPIDriverDll,1800292E8,FUN_1800292e8,124,auto,no,,,,
ACPIDriverDll,180029364,FUN_180029364,296,auto,no,,,,
ACPIDriverDll,18002948C,FUN_18002948c,170,auto,no,,,,
ACPIDriverDll,180029538,FUN_180029538,198,auto,no,,,,
ACPIDriverDll,180029600,FUN_180029600,168,auto,no,,,,
ACPIDriverDll,1800296A8,FUN_1800296a8,185,auto,no,,,,
ACPIDriverDll,180029764,FUN_180029764,96,auto,no,,,,
ACPIDriverDll,1800297C4,FUN_1800297c4,103,auto,no,,,,
ACPIDriverDll,18002982C,FUN_18002982c,53,auto,no,,,,
ACPIDriverDll,180029864,FUN_180029864,43,auto,no,,,,
ACPIDriverDll,180029890,FUN_180029890,43,auto,no,,,,
ACPIDriverDll,1800298BC,FUN_1800298bc,70,auto,no,,,,
ACPIDriverDll,180029904,FUN_180029904,143,auto,no,,,,
ACPIDriverDll,180029994,FUN_180029994,21,auto,no,,,,
ACPIDriverDll,1800299AC,FUN_1800299ac,43,auto,no,,,,
ACPIDriverDll,1800299D8,FUN_1800299d8,62,auto,no,,,,
ACPIDriverDll,180029A18,FUN_180029a18,65,auto,no,,,,
ACPIDriverDll,180029A5C,FUN_180029a5c,46,auto,no,,,,
ACPIDriverDll,180029A8C,FUN_180029a8c,131,auto,no,,,,
ACPIDriverDll,180029B10,FUN_180029b10,120,auto,no,,,,
ACPIDriverDll,180029B8C,FID_conflict:GetPrevDlgGroupItem,99,auto,yes,,,,
ACPIDriverDll,180029BF0,FUN_180029bf0,445,auto,no,,,,
ACPIDriverDll,180029DB0,FUN_180029db0,32,auto,no,,,,
ACPIDriverDll,180029DD0,FUN_180029dd0,33,auto,no,,,,
ACPIDriverDll,180029DF4,FID_conflict:GetPrevDlgGroupItem,99,auto,yes,,,,
ACPIDriverDll,180029E58,GetProperty,48,auto,yes,,,,
ACPIDriverDll,180029E88,FUN_180029e88,44,auto,no,,,,
ACPIDriverDll,180029EB4,FUN_180029eb4,46,auto,no,,,,
ACPIDriverDll,180029EE4,FUN_180029ee4,5,auto,no,,,,
ACPIDriverDll,180029EEC,FUN_180029eec,273,auto,no,,,,
ACPIDriverDll,18002A004,FUN_18002a004,83,auto,no,,,,
ACPIDriverDll,18002A058,FUN_18002a058,79,auto,no,,,,
ACPIDriverDll,18002A0A8,FUN_18002a0a8,43,auto,no,,,,
ACPIDriverDll,18002A0D4,FUN_18002a0d4,53,auto,no,,,,
ACPIDriverDll,18002A10C,FUN_18002a10c,53,auto,no,,,,
ACPIDriverDll,18002A144,FUN_18002a144,209,auto,no,,,,
ACPIDriverDll,18002A218,FUN_18002a218,207,auto,no,,,,
ACPIDriverDll,18002A2EC,FUN_18002a2ec,69,auto,no,,,,
ACPIDriverDll,18002A334,FUN_18002a334,32,auto,no,,,,
ACPIDriverDll,18002A354,FUN_18002a354,32,auto,no,,,,
ACPIDriverDll,18002A374,FUN_18002a374,288,auto,no,,,,
ACPIDriverDll,18002A498,FUN_18002a498,49,auto,no,,,,
ACPIDriverDll,18002A4CC,FUN_18002a4cc,154,auto,no,,,,
ACPIDriverDll,18002A568,FUN_18002a568,99,auto,no,,,,
ACPIDriverDll,18002A5CC,FUN_18002a5cc,104,auto,no,,,,
ACPIDriverDll,18002A638,FUN_18002a638,43,auto,no,,,,
ACPIDriverDll,18002A664,FUN_18002a664,270,auto,no,,,,
ACPIDriverDll,18002A778,AFX_MODULE_THREAD_STATE,64,auto,yes,,,,
ACPIDriverDll,18002A7B8,FUN_18002a7b8,38,auto,no,,,,
ACPIDriverDll,18002A7E0,~CThreadLocalObject,5,auto,yes,,,,
ACPIDriverDll,18002A7E8,FUN_18002a7e8,149,auto,no,,,,
ACPIDriverDll,18002A880,FUN_18002a880,331,auto,no,,,,
ACPIDriverDll,18002A9CC,~_AFX_THREAD_STATE,69,auto,yes,,,,
ACPIDriverDll,18002AA14,FUN_18002aa14,66,auto,no,,,,
ACPIDriverDll,18002AA58,`scalar_deleting_destructor',66,auto,yes,,,,
ACPIDriverDll,18002AA9C,`scalar_deleting_destructor',66,auto,yes,,,,
ACPIDriverDll,18002AAE0,FUN_18002aae0,71,auto,no,,,,
ACPIDriverDll,18002AB28,FUN_18002ab28,43,auto,no,,,,
ACPIDriverDll,18002AB54,FUN_18002ab54,7,auto,no,,,,
ACPIDriverDll,18002AB5C,FUN_18002ab5c,38,auto,no,,,,
ACPIDriverDll,18002AB84,CreateObject,74,auto,yes,,,,
ACPIDriverDll,18002ABD0,FUN_18002abd0,82,auto,no,,,,
ACPIDriverDll,18002AC24,FUN_18002ac24,257,auto,no,,,,
ACPIDriverDll,18002AD28,FUN_18002ad28,387,auto,no,,,,
ACPIDriverDll,18002AEAC,FUN_18002aeac,301,auto,no,,,,
ACPIDriverDll,18002AFDC,CChevronOwnerDrawMenu,193,auto,yes,,,,
ACPIDriverDll,18002B0A0,~CChevronOwnerDrawMenu,63,auto,yes,,,,
ACPIDriverDll,18002B0E0,FUN_18002b0e0,15,auto,no,,,,
ACPIDriverDll,18002B0F0,`scalar_deleting_destructor',112,auto,yes,,,,
ACPIDriverDll,18002B160,FUN_18002b160,76,auto,no,,,,
ACPIDriverDll,18002B1AC,Attach,59,auto,yes,,,,
ACPIDriverDll,18002B200,FUN_18002b200,44,auto,no,,,,
ACPIDriverDll,18002B22C,DestroyMenu,37,auto,yes,,,,
ACPIDriverDll,18002B254,FUN_18002b254,66,auto,no,,,,
ACPIDriverDll,18002B298,FUN_18002b298,1620,auto,no,,,,
ACPIDriverDll,18002B8F0,FUN_18002b8f0,35,auto,no,,,,
ACPIDriverDll,18002B914,FUN_18002b914,44,auto,no,,,,
ACPIDriverDll,18002B940,FUN_18002b940,203,auto,no,,,,
ACPIDriverDll,18002BA0C,FUN_18002ba0c,8,auto,no,,,,
ACPIDriverDll,18002BA14,FUN_18002ba14,541,auto,no,,,,
ACPIDriverDll,18002BC34,FUN_18002bc34,168,auto,no,,,,
ACPIDriverDll,18002BCDC,FUN_18002bcdc,247,auto,no,,,,
ACPIDriverDll,18002BDD4,FUN_18002bdd4,18,auto,no,,,,
ACPIDriverDll,18002BDE8,FUN_18002bde8,194,auto,no,,,,
ACPIDriverDll,18002BEAC,FUN_18002beac,119,auto,no,,,,
ACPIDriverDll,18002BF24,FUN_18002bf24,612,auto,no,,,,
ACPIDriverDll,18002C188,FUN_18002c188,80,auto,no,,,,
ACPIDriverDll,18002C1D8,FUN_18002c1d8,221,auto,no,,,,
ACPIDriverDll,18002C2B8,FUN_18002c2b8,659,auto,no,,,,
ACPIDriverDll,18002C54C,FUN_18002c54c,333,auto,no,,,,
ACPIDriverDll,18002C69C,_AfxMapClientArea,146,auto,yes,,,,
ACPIDriverDll,18002C730,AfxClassInit,57,auto,yes,,,,
ACPIDriverDll,18002C76C,AfxDynamicDownCast,42,auto,yes,,,,
ACPIDriverDll,18002C798,FUN_18002c798,62,auto,no,,,,
ACPIDriverDll,18002C7DC,FUN_18002c7dc,8,auto,no,,,,
ACPIDriverDll,18002C7E4,FUN_18002c7e4,47,auto,no,,,,
ACPIDriverDll,18002C814,FUN_18002c814,52,auto,no,,,,
ACPIDriverDll,18002C84C,FUN_18002c84c,75,auto,no,,,,
ACPIDriverDll,18002C898,FUN_18002c898,67,auto,no,,,,
ACPIDriverDll,18002C8DC,~CThreadLocalObject,41,auto,yes,,,,
ACPIDriverDll,18002C908,FUN_18002c908,33,auto,no,,,,
ACPIDriverDll,18002C92C,FUN_18002c92c,20,auto,no,,,,
ACPIDriverDll,18002C940,`scalar_deleting_destructor',51,auto,yes,,,,
ACPIDriverDll,18002C974,FUN_18002c974,36,auto,no,,,,
ACPIDriverDll,18002C99C,FUN_18002c99c,404,auto,no,,,,
ACPIDriverDll,18002CB34,FUN_18002cb34,162,auto,no,,,,
ACPIDriverDll,18002CBD8,FUN_18002cbd8,87,auto,no,,,,
ACPIDriverDll,18002CC30,FUN_18002cc30,185,auto,no,,,,
ACPIDriverDll,18002CCEC,FUN_18002ccec,25,auto,no,,,,
ACPIDriverDll,18002CD08,GetThreadValue,115,auto,yes,,,,
ACPIDriverDll,18002CD7C,FUN_18002cd7c,96,auto,no,,,,
ACPIDriverDll,18002CDE0,FUN_18002cde0,361,auto,no,,,,
ACPIDriverDll,18002CF4C,FUN_18002cf4c,10,auto,no,,,,
ACPIDriverDll,18002CF58,`scalar_deleting_destructor',89,auto,yes,,,,
ACPIDriverDll,18002CFB4,FUN_18002cfb4,33,auto,no,,,,
ACPIDriverDll,18002CFD8,FUN_18002cfd8,103,auto,no,,,,
ACPIDriverDll,18002D040,FUN_18002d040,57,auto,no,,,,
ACPIDriverDll,18002D07C,FUN_18002d07c,188,auto,no,,,,
ACPIDriverDll,18002D13C,FUN_18002d13c,373,auto,no,,,,
ACPIDriverDll,18002D2B4,CreateObject,69,auto,yes,,,,
ACPIDriverDll,18002D2FC,FUN_18002d2fc,37,auto,no,,,,
ACPIDriverDll,18002D324,FUN_18002d324,299,auto,no,,,,
ACPIDriverDll,18002D450,FUN_18002d450,146,auto,no,,,,
ACPIDriverDll,18002D4E4,FUN_18002d4e4,162,auto,no,,,,
ACPIDriverDll,18002D588,FUN_18002d588,50,auto,no,,,,
ACPIDriverDll,18002D5BC,FUN_18002d5bc,84,auto,no,,,,
ACPIDriverDll,18002D610,FUN_18002d610,24,auto,no,,,,
ACPIDriverDll,18002D628,AfxOleGetUserCtrl,17,auto,yes,,,,
ACPIDriverDll,18002D63C,FUN_18002d63c,22,auto,no,,,,
ACPIDriverDll,18002D654,FUN_18002d654,189,auto,no,,,,
ACPIDriverDll,18002D714,FUN_18002d714,115,auto,no,,,,
ACPIDriverDll,18002D788,FUN_18002d788,124,auto,no,,,,
ACPIDriverDll,18002D804,FUN_18002d804,180,auto,no,,,,
ACPIDriverDll,18002D8B8,FUN_18002d8b8,113,auto,no,,,,
ACPIDriverDll,18002D92C,FUN_18002d92c,113,auto,no,,,,
ACPIDriverDll,18002D9A0,FUN_18002d9a0,133,auto,no,,,,
ACPIDriverDll,18002DA28,FUN_18002da28,304,auto,no,,,,
ACPIDriverDll,18002DB58,FUN_18002db58,177,auto,no,,,,
ACPIDriverDll,18002DC0C,FUN_18002dc0c,123,auto,no,,,,
ACPIDriverDll,18002DC88,FUN_18002dc88,123,auto,no,,,,
ACPIDriverDll,18002DD04,FUN_18002dd04,172,auto,no,,,,
ACPIDriverDll,18002DDB0,FUN_18002ddb0,155,auto,no,,,,
ACPIDriverDll,18002DE4C,FUN_18002de4c,170,auto,no,,,,
ACPIDriverDll,18002DEF8,FUN_18002def8,138,auto,no,,,,
ACPIDriverDll,18002DF84,FUN_18002df84,223,auto,no,,,,
ACPIDriverDll,18002E064,FUN_18002e064,474,auto,no,,,,
ACPIDriverDll,18002E240,FUN_18002e240,110,auto,no,,,,
ACPIDriverDll,18002E2B0,_AfxIsTaskDialogSupported,102,auto,yes,,,,
ACPIDriverDll,18002E318,FUN_18002e318,173,auto,no,,,,
ACPIDriverDll,18002E3C8,FUN_18002e3c8,138,auto,no,,,,
ACPIDriverDll,18002E454,FUN_18002e454,173,auto,no,,,,
ACPIDriverDll,18002E504,FUN_18002e504,171,auto,no,,,,
ACPIDriverDll,18002E5B0,FUN_18002e5b0,173,auto,no,,,,
ACPIDriverDll,18002E660,FUN_18002e660,214,auto,no,,,,
ACPIDriverDll,18002E738,GetTableIndexFromLocaleName,232,auto,yes,,,,
ACPIDriverDll,18002E820,AfxCancelModes,162,auto,yes,,,,
ACPIDriverDll,18002E8C4,FUN_18002e8c4,98,auto,no,,,,
ACPIDriverDll,18002E928,FUN_18002e928,43,auto,no,,,,
ACPIDriverDll,18002E954,AfxGlobalFree,65,auto,yes,,,,
ACPIDriverDll,18002E998,FUN_18002e998,188,auto,no,,,,
ACPIDriverDll,18002EA58,FUN_18002ea58,30,auto,no,,,,
ACPIDriverDll,18002EA78,FUN_18002ea78,193,auto,no,,,,
ACPIDriverDll,18002EB3C,_AfxChildWindowFromPoint,177,auto,yes,,,,
ACPIDriverDll,18002EBF0,FUN_18002ebf0,109,auto,no,,,,
ACPIDriverDll,18002EC60,FUN_18002ec60,156,auto,no,,,,
ACPIDriverDll,18002ECFC,_AfxTopChildWindowFromPoint,220,auto,yes,,,,
ACPIDriverDll,18002EDD8,FUN_18002edd8,62,auto,no,,,,
ACPIDriverDll,18002EE18,FUN_18002ee18,176,auto,no,,,,
ACPIDriverDll,18002EECC,FUN_18002eecc,154,auto,no,,,,
ACPIDriverDll,18002EF68,FUN_18002ef68,447,auto,no,,,,
ACPIDriverDll,18002F12C,FUN_18002f12c,34,auto,no,,,,
ACPIDriverDll,18002F150,FUN_18002f150,34,auto,no,,,,
ACPIDriverDll,18002F198,FUN_18002f198,34,auto,no,,,,
ACPIDriverDll,18002F1BC,FUN_18002f1bc,342,auto,no,,,,
ACPIDriverDll,18002F314,FUN_18002f314,99,auto,no,,,,
ACPIDriverDll,18002F378,FUN_18002f378,138,auto,no,,,,
ACPIDriverDll,18002F404,FUN_18002f404,138,auto,no,,,,
ACPIDriverDll,18002F490,FUN_18002f490,138,auto,no,,,,
ACPIDriverDll,18002F51C,`scalar_deleting_destructor',89,auto,yes,,,,
ACPIDriverDll,18002F578,`scalar_deleting_destructor',89,auto,yes,,,,
ACPIDriverDll,18002F5D4,`scalar_deleting_destructor',89,auto,yes,,,,
ACPIDriverDll,18002F630,`scalar_deleting_destructor',89,auto,yes,,,,
ACPIDriverDll,18002F68C,FUN_18002f68c,66,auto,no,,,,
ACPIDriverDll,18002F6D0,FUN_18002f6d0,68,auto,no,,,,
ACPIDriverDll,18002F714,FUN_18002f714,233,auto,no,,,,
ACPIDriverDll,18002F800,FUN_18002f800,937,auto,no,,,,
ACPIDriverDll,18002FBB0,FUN_18002fbb0,235,auto,no,,,,
ACPIDriverDll,18002FC9C,FUN_18002fc9c,522,auto,no,,,,
ACPIDriverDll,18002FEA8,FUN_18002fea8,342,auto,no,,,,
ACPIDriverDll,180030000,FUN_180030000,66,auto,no,,,,
ACPIDriverDll,180030044,FUN_180030044,156,auto,no,,,,
ACPIDriverDll,1800300E0,FUN_1800300e0,91,auto,no,,,,
ACPIDriverDll,18003013C,FUN_18003013c,90,auto,no,,,,
ACPIDriverDll,180030198,FreeAssoc,62,auto,yes,,,,
ACPIDriverDll,1800301D8,FUN_1800301d8,620,auto,no,,,,
ACPIDriverDll,180030448,GetAssocAt,152,auto,yes,,,,
ACPIDriverDll,1800304E0,GetAssocAt,117,auto,yes,,,,
ACPIDriverDll,180030558,FUN_180030558,7,auto,no,,,,
ACPIDriverDll,180030560,FUN_180030560,41,auto,no,,,,
ACPIDriverDll,18003058C,FUN_18003058c,311,auto,no,,,,
ACPIDriverDll,1800306C4,FUN_1800306c4,162,auto,no,,,,
ACPIDriverDll,180030768,FUN_180030768,129,auto,no,,,,
ACPIDriverDll,1800307EC,FUN_1800307ec,248,auto,no,,,,
ACPIDriverDll,1800308E8,FUN_1800308e8,41,auto,no,,,,
ACPIDriverDll,180030914,FUN_180030914,7,auto,no,,,,
ACPIDriverDll,18003091C,FUN_18003091c,7,auto,no,,,,
ACPIDriverDll,180030924,FUN_180030924,123,auto,no,,,,
ACPIDriverDll,1800309A0,FUN_1800309a0,246,auto,no,,,,
ACPIDriverDll,180030A98,FUN_180030a98,146,auto,no,,,,
ACPIDriverDll,180030B2C,Lookup,52,auto,yes,,,,
ACPIDriverDll,180030B60,Lookup,47,auto,yes,,,,
ACPIDriverDll,180030B90,Lookup,52,auto,yes,,,,
ACPIDriverDll,180030BC4,Lookup,45,auto,yes,,,,
ACPIDriverDll,180030BF4,FUN_180030bf4,237,auto,no,,,,
ACPIDriverDll,180030CE4,FUN_180030ce4,224,auto,no,,,,
ACPIDriverDll,180030DC8,FUN_180030dc8,185,auto,no,,,,
ACPIDriverDll,180030E84,FUN_180030e84,232,auto,no,,,,
ACPIDriverDll,180030F70,FUN_180030f70,140,auto,no,,,,
ACPIDriverDll,180030FFC,FUN_180030ffc,1402,auto,no,,,,
ACPIDriverDll,180031580,FUN_180031580,141,auto,no,,,,
ACPIDriverDll,180031610,FUN_180031610,593,auto,no,,,,
ACPIDriverDll,180031864,FUN_180031864,159,auto,no,,,,
ACPIDriverDll,180031904,FUN_180031904,158,auto,no,,,,
ACPIDriverDll,1800319A4,FUN_1800319a4,130,auto,no,,,,
ACPIDriverDll,180031A28,FUN_180031a28,365,auto,no,,,,
ACPIDriverDll,180031B98,RemoveKey,147,auto,yes,,,,
ACPIDriverDll,180031C2C,FUN_180031c2c,144,auto,no,,,,
ACPIDriverDll,180031CBC,FUN_180031cbc,144,auto,no,,,,
ACPIDriverDll,180031D4C,FUN_180031d4c,702,auto,no,,,,
ACPIDriverDll,18003200C,FUN_18003200c,1893,auto,no,,,,
ACPIDriverDll,180032778,FUN_180032778,497,auto,no,,,,
ACPIDriverDll,18003296C,Serialize,366,auto,yes,,,,
ACPIDriverDll,180032ADC,Serialize,310,auto,yes,,,,
ACPIDriverDll,180032C14,Serialize,433,auto,yes,,,,
ACPIDriverDll,180032DC8,Serialize,314,auto,yes,,,,
ACPIDriverDll,180032F04,FUN_180032f04,66,auto,no,,,,
ACPIDriverDll,180032F48,FUN_180032f48,12,auto,no,,,,
ACPIDriverDll,180032F54,FUN_180032f54,12,auto,no,,,,
ACPIDriverDll,180032F60,FUN_180032f60,7,auto,no,,,,
ACPIDriverDll,180032F68,FUN_180032f68,7,auto,no,,,,
ACPIDriverDll,180032F70,FUN_180032f70,394,auto,no,,,,
ACPIDriverDll,1800330FC,FUN_1800330fc,213,auto,no,,,,
ACPIDriverDll,1800331D4,FUN_1800331d4,156,auto,no,,,,
ACPIDriverDll,180033274,FUN_180033274,121,auto,no,,,,
ACPIDriverDll,1800332F0,FUN_1800332f0,83,auto,no,,,,
ACPIDriverDll,180033344,FUN_180033344,375,auto,no,,,,
ACPIDriverDll,1800334C0,FUN_1800334c0,8,auto,no,,,,
ACPIDriverDll,1800334C8,CMemFile,73,auto,yes,,,,
ACPIDriverDll,180033514,FUN_180033514,130,auto,no,,,,
ACPIDriverDll,180033598,~CMemFile,74,auto,yes,,,,
ACPIDriverDll,1800335E4,`scalar_deleting_destructor',66,auto,yes,,,,
ACPIDriverDll,180033628,FUN_180033628,17,auto,no,,,,
ACPIDriverDll,18003363C,FUN_18003363c,8,auto,no,,,,
ACPIDriverDll,180033644,FUN_180033644,71,auto,no,,,,
ACPIDriverDll,18003368C,FUN_18003368c,23,auto,no,,,,
ACPIDriverDll,1800336A4,FUN_1800336a4,9,auto,no,,,,
ACPIDriverDll,1800336B0,FUN_1800336b0,275,auto,no,,,,
ACPIDriverDll,1800337C4,FUN_1800337c4,5,auto,no,,,,
ACPIDriverDll,1800337CC,FUN_1800337cc,5,auto,no,,,,
ACPIDriverDll,1800337D4,FUN_1800337d4,8,auto,no,,,,
ACPIDriverDll,1800337DC,FUN_1800337dc,115,auto,no,,,,
ACPIDriverDll,180033850,FUN_180033850,29,auto,no,,,,
ACPIDriverDll,180033870,FUN_180033870,127,auto,no,,,,
ACPIDriverDll,1800338F0,FUN_1800338f0,11,auto,no,,,,
ACPIDriverDll,1800338FC,FUN_1800338fc,118,auto,no,,,,
ACPIDriverDll,180033974,FUN_180033974,59,auto,no,,,,
ACPIDriverDll,1800339B0,FUN_1800339b0,78,auto,no,,,,
ACPIDriverDll,180033A00,FUN_180033a00,167,auto,no,,,,
ACPIDriverDll,180033AA8,FUN_180033aa8,449,auto,no,,,,
ACPIDriverDll,180033C6C,FUN_180033c6c,95,auto,no,,,,
ACPIDriverDll,180033CCC,FUN_180033ccc,165,auto,no,,,,
ACPIDriverDll,180033D74,FUN_180033d74,529,auto,no,,,,
ACPIDriverDll,180033F8C,FUN_180033f8c,913,auto,no,,,,
ACPIDriverDll,18003432C,FUN_18003432c,25,auto,no,,,,
ACPIDriverDll,180034348,FUN_180034348,429,auto,no,,,,
ACPIDriverDll,1800344FC,FUN_1800344fc,224,auto,no,,,,
ACPIDriverDll,1800345DC,FUN_1800345dc,101,auto,no,,,,
ACPIDriverDll,180034644,FUN_180034644,287,auto,no,,,,
ACPIDriverDll,180034768,FUN_180034768,474,auto,no,,,,
ACPIDriverDll,180034948,FUN_180034948,249,auto,no,,,,
ACPIDriverDll,180034A44,FUN_180034a44,216,auto,no,,,,
ACPIDriverDll,180034B20,FUN_180034b20,357,auto,no,,,,
ACPIDriverDll,180034C88,FUN_180034c88,405,auto,no,,,,
ACPIDriverDll,180034E24,FUN_180034e24,52,auto,no,,,,
ACPIDriverDll,180034E5C,FreeDataChain,32,auto,yes,,,,
ACPIDriverDll,180034E7C,FUN_180034e7c,157,auto,no,,,,
ACPIDriverDll,180034F1C,FUN_180034f1c,773,auto,no,,,,
ACPIDriverDll,18003523C,FUN_18003523c,15,auto,no,,,,
ACPIDriverDll,18003524C,COleControlContainer,193,auto,yes,,,,
ACPIDriverDll,180035310,FUN_180035310,105,auto,no,,,,
ACPIDriverDll,18003537C,FUN_18003537c,336,auto,no,,,,
ACPIDriverDll,1800354D0,FUN_1800354d0,36,auto,no,,,,
ACPIDriverDll,1800354F4,FUN_1800354f4,66,auto,no,,,,
ACPIDriverDll,180035538,FUN_180035538,66,auto,no,,,,
ACPIDriverDll,18003557C,FUN_18003557c,66,auto,no,,,,
ACPIDriverDll,1800355C0,FUN_1800355c0,52,auto,no,,,,
ACPIDriverDll,1800355F4,FUN_1800355f4,16,auto,no,,,,
ACPIDriverDll,180035604,FUN_180035604,16,auto,no,,,,
ACPIDriverDll,180035614,AfxGetDlgItemStartFromHWND,69,auto,yes,,,,
ACPIDriverDll,18003565C,FUN_18003565c,160,auto,no,,,,
ACPIDriverDll,180035700,FUN_180035700,105,auto,no,,,,
ACPIDriverDll,18003576C,FUN_18003576c,93,auto,no,,,,
ACPIDriverDll,1800357CC,CreateControl,225,auto,yes,,,,
ACPIDriverDll,1800358B0,CreateControl,194,auto,yes,,,,
ACPIDriverDll,180035974,FUN_180035974,523,auto,no,,,,
ACPIDriverDll,180035BB0,FUN_180035bb0,429,auto,no,,,,
ACPIDriverDll,180035D60,FUN_180035d60,321,auto,no,,,,
ACPIDriverDll,180035EC8,FUN_180035ec8,402,auto,no,,,,
ACPIDriverDll,18003605C,FUN_18003605c,102,auto,no,,,,
ACPIDriverDll,1800360C4,FUN_1800360c4,73,auto,no,,,,
ACPIDriverDll,180036110,FUN_180036110,707,auto,no,,,,
ACPIDriverDll,180036418,FUN_180036418,8,auto,no,,,,
ACPIDriverDll,180036420,FUN_180036420,40,auto,no,,,,
ACPIDriverDll,180036448,FUN_180036448,111,auto,no,,,,
ACPIDriverDll,1800364B8,FUN_1800364b8,212,auto,no,,,,
ACPIDriverDll,18003658C,FUN_18003658c,62,auto,no,,,,
ACPIDriverDll,1800365CC,FUN_1800365cc,8,auto,no,,,,
ACPIDriverDll,1800365D4,FUN_1800365d4,8,auto,no,,,,
ACPIDriverDll,1800365DC,FUN_1800365dc,17,auto,no,,,,
ACPIDriverDll,1800365F0,FUN_1800365f0,13,auto,no,,,,
ACPIDriverDll,180036600,FUN_180036600,379,auto,no,,,,
ACPIDriverDll,18003677C,FUN_18003677c,281,auto,no,,,,
ACPIDriverDll,1800368A4,FUN_1800368a4,111,auto,no,,,,
ACPIDriverDll,180036914,FUN_180036914,9,auto,no,,,,
ACPIDriverDll,180036920,FUN_180036920,45,auto,no,,,,
ACPIDriverDll,180036950,FUN_180036950,291,auto,no,,,,
ACPIDriverDll,180036A74,FUN_180036a74,71,auto,no,,,,
ACPIDriverDll,180036ABC,FUN_180036abc,35,auto,no,,,,
ACPIDriverDll,180036AE0,FUN_180036ae0,12,auto,no,,,,
ACPIDriverDll,180036AEC,FUN_180036aec,12,auto,no,,,,
ACPIDriverDll,180036AF8,FUN_180036af8,12,auto,no,,,,
ACPIDriverDll,180036B04,FUN_180036b04,12,auto,no,,,,
ACPIDriverDll,180036B10,FUN_180036b10,135,auto,no,,,,
ACPIDriverDll,180036B98,FUN_180036b98,68,auto,no,,,,
ACPIDriverDll,180036BDC,FUN_180036bdc,108,auto,no,,,,
ACPIDriverDll,180036C48,FUN_180036c48,142,auto,no,,,,
ACPIDriverDll,180036CD8,FUN_180036cd8,47,auto,no,,,,
ACPIDriverDll,180036D08,FUN_180036d08,29,auto,no,,,,
ACPIDriverDll,180036D28,TransferInsertBefore,29,auto,yes,,,,
ACPIDriverDll,180036D48,FUN_180036d48,107,auto,no,,,,
ACPIDriverDll,180036DB4,FUN_180036db4,29,auto,no,,,,
ACPIDriverDll,180036DD4,CDataSourceControl,130,auto,yes,,,,
ACPIDriverDll,180036E58,FUN_180036e58,394,auto,no,,,,
ACPIDriverDll,180036FE4,FUN_180036fe4,962,auto,no,,,,
ACPIDriverDll,1800373A8,FUN_1800373a8,32,auto,no,,,,
ACPIDriverDll,1800373C8,FUN_1800373c8,692,auto,no,,,,
ACPIDriverDll,18003767C,Ordinal_9,7,auto,yes,,,,
ACPIDriverDll,180037684,FUN_180037684,52,auto,no,,,,
ACPIDriverDll,1800376B8,FUN_1800376b8,66,auto,no,,,,
ACPIDriverDll,1800376FC,AboutToDo,111,auto,yes,,,,
ACPIDriverDll,18003776C,FUN_18003776c,170,auto,no,,,,
ACPIDriverDll,180037818,FUN_180037818,16,auto,no,,,,
ACPIDriverDll,180037828,FUN_180037828,55,auto,no,,,,
ACPIDriverDll,180037860,FUN_180037860,16,auto,no,,,,
ACPIDriverDll,180037870,FUN_180037870,16,auto,no,,,,
ACPIDriverDll,180037880,FUN_180037880,16,auto,no,,,,
ACPIDriverDll,180037890,FUN_180037890,41,auto,no,,,,
ACPIDriverDll,1800378BC,FUN_1800378bc,200,auto,no,,,,
ACPIDriverDll,180037988,FUN_180037988,100,auto,no,,,,
ACPIDriverDll,1800379F0,FUN_1800379f0,168,auto,no,,,,
ACPIDriverDll,180037A9C,FUN_180037a9c,648,auto,no,,,,
ACPIDriverDll,180037D28,FUN_180037d28,1615,auto,no,,,,
ACPIDriverDll,180038378,FUN_180038378,181,auto,no,,,,
ACPIDriverDll,180038430,FUN_180038430,300,auto,no,,,,
ACPIDriverDll,18003855C,FUN_18003855c,146,auto,no,,,,
ACPIDriverDll,1800385F0,FUN_1800385f0,102,auto,no,,,,
ACPIDriverDll,180038658,FUN_180038658,552,auto,no,,,,
ACPIDriverDll,180038884,FUN_180038884,351,auto,no,,,,
ACPIDriverDll,1800389E4,FUN_1800389e4,38,auto,no,,,,
ACPIDriverDll,180038A0C,Cancelled,111,auto,yes,,,,
ACPIDriverDll,180038A7C,FUN_180038a7c,272,auto,no,,,,
ACPIDriverDll,180038B8C,FUN_180038b8c,182,auto,no,,,,
ACPIDriverDll,180038C44,FUN_180038c44,178,auto,no,,,,
ACPIDriverDll,180038CF8,CreateAccessor,119,auto,yes,,,,
ACPIDriverDll,180038D70,FUN_180038d70,126,auto,no,,,,
ACPIDriverDll,180038DF0,FUN_180038df0,223,auto,no,,,,
ACPIDriverDll,180038ED0,FUN_180038ed0,222,auto,no,,,,
ACPIDriverDll,180038FB0,FUN_180038fb0,1028,auto,no,,,,
ACPIDriverDll,1800393B8,FUN_1800393b8,1185,auto,no,,,,
ACPIDriverDll,18003985C,FUN_18003985c,6,auto,no,,,,
ACPIDriverDll,180039864,FUN_180039864,41,auto,no,,,,
ACPIDriverDll,180039890,FUN_180039890,177,auto,no,,,,
ACPIDriverDll,180039944,FUN_180039944,118,auto,no,,,,
ACPIDriverDll,1800399BC,FUN_1800399bc,175,auto,no,,,,
ACPIDriverDll,180039A6C,FUN_180039a6c,168,auto,no,,,,
ACPIDriverDll,180039B14,FUN_180039b14,97,auto,no,,,,
ACPIDriverDll,180039B78,EnableDSC,94,auto,yes,,,,
ACPIDriverDll,180039BD8,FUN_180039bd8,133,auto,no,,,,
ACPIDriverDll,180039C60,FailedToDo,111,auto,yes,,,,
ACPIDriverDll,180039CD0,FireEvent,255,auto,yes,,,,
ACPIDriverDll,180039DD0,FUN_180039dd0,251,auto,no,,,,
ACPIDriverDll,180039ECC,FUN_180039ecc,296,auto,no,,,,
ACPIDriverDll,180039FF4,FUN_180039ff4,108,auto,no,,,,
ACPIDriverDll,18003A064,FUN_18003a064,206,auto,no,,,,
ACPIDriverDll,18003A134,FUN_18003a134,137,auto,no,,,,
ACPIDriverDll,18003A1C0,FUN_18003a1c0,70,auto,no,,,,
ACPIDriverDll,18003A208,GetContainer,22,auto,yes,,,,
ACPIDriverDll,18003A220,FUN_18003a220,141,auto,no,,,,
ACPIDriverDll,18003A2B0,FUN_18003a2b0,105,auto,no,,,,
ACPIDriverDll,18003A31C,FUN_18003a31c,179,auto,no,,,,
ACPIDriverDll,18003A3D0,GetCursor,59,auto,yes,,,,
ACPIDriverDll,18003A40C,GetCursor,99,auto,yes,,,,
ACPIDriverDll,18003A470,FUN_18003a470,325,auto,no,,,,
ACPIDriverDll,18003A5B8,FUN_18003a5b8,133,auto,no,,,,
ACPIDriverDll,18003A640,FUN_18003a640,32,auto,no,,,,
ACPIDriverDll,18003A660,FUN_18003a660,4,auto,no,,,,
ACPIDriverDll,18003A664,FUN_18003a664,536,auto,no,,,,
ACPIDriverDll,18003A87C,FUN_18003a87c,115,auto,no,,,,
ACPIDriverDll,18003A8F4,FUN_18003a8f4,8,auto,no,,,,
ACPIDriverDll,18003A8FC,FUN_18003a8fc,1241,auto,no,,,,
ACPIDriverDll,18003ADD8,FUN_18003add8,5,auto,no,,,,
ACPIDriverDll,18003ADE0,FUN_18003ade0,50,auto,no,,,,
ACPIDriverDll,18003AE14,FUN_18003ae14,330,auto,no,,,,
ACPIDriverDll,18003AF60,FUN_18003af60,227,auto,no,,,,
ACPIDriverDll,18003B058,FUN_18003b058,38,auto,no,,,,
ACPIDriverDll,18003B080,GetWindowContext,186,auto,yes,,,,
ACPIDriverDll,18003B13C,FUN_18003b13c,59,auto,no,,,,
ACPIDriverDll,18003B178,FUN_18003b178,674,auto,no,,,,
ACPIDriverDll,18003B41C,FUN_18003b41c,190,auto,no,,,,
ACPIDriverDll,18003B4DC,FUN_18003b4dc,274,auto,no,,,,
ACPIDriverDll,18003B5F0,FUN_18003b5f0,118,auto,no,,,,
ACPIDriverDll,18003B668,Invoke,140,auto,yes,,,,
ACPIDriverDll,18003B6F4,FUN_18003b6f4,53,auto,no,,,,
ACPIDriverDll,18003B72C,FUN_18003b72c,179,auto,no,,,,
ACPIDriverDll,18003B7E0,FUN_18003b7e0,28,auto,no,,,,
ACPIDriverDll,18003B7FC,FUN_18003b7fc,224,auto,no,,,,
ACPIDriverDll,18003B8E0,FUN_18003b8e0,95,auto,no,,,,
ACPIDriverDll,18003B940,FUN_18003b940,242,auto,no,,,,
ACPIDriverDll,18003BA34,FUN_18003ba34,148,auto,no,,,,
ACPIDriverDll,18003BAC8,FUN_18003bac8,111,auto,no,,,,
ACPIDriverDll,18003BB38,FUN_18003bb38,217,auto,no,,,,
ACPIDriverDll,18003BC14,FUN_18003bc14,204,auto,no,,,,
ACPIDriverDll,18003BCE4,FUN_18003bce4,224,auto,no,,,,
ACPIDriverDll,18003BDC8,FUN_18003bdc8,178,auto,no,,,,
ACPIDriverDll,18003BE7C,FUN_18003be7c,434,auto,no,,,,
ACPIDriverDll,18003C030,FUN_18003c030,23,auto,no,,,,
ACPIDriverDll,18003C048,FUN_18003c048,132,auto,no,,,,
ACPIDriverDll,18003C0D0,FUN_18003c0d0,259,auto,no,,,,
ACPIDriverDll,18003C1D4,FUN_18003c1d4,138,auto,no,,,,
ACPIDriverDll,18003C260,FUN_18003c260,112,auto,no,,,,
ACPIDriverDll,18003C2D0,FUN_18003c2d0,14,auto,no,,,,
ACPIDriverDll,18003C2E0,FUN_18003c2e0,172,auto,no,,,,
ACPIDriverDll,18003C390,OnRequestEdit,143,auto,yes,,,,
ACPIDriverDll,18003C420,FUN_18003c420,417,auto,no,,,,
ACPIDriverDll,18003C5C4,FUN_18003c5c4,336,auto,no,,,,
ACPIDriverDll,18003C718,FUN_18003c718,48,auto,no,,,,
ACPIDriverDll,18003C74C,FUN_18003c74c,38,auto,no,,,,
ACPIDriverDll,18003C774,FUN_18003c774,12,auto,no,,,,
ACPIDriverDll,18003C780,QueryInterface,86,auto,yes,,,,
ACPIDriverDll,18003C7D8,FUN_18003c7d8,149,auto,no,,,,
ACPIDriverDll,18003C870,FUN_18003c870,118,auto,no,,,,
ACPIDriverDll,18003C8E8,FUN_18003c8e8,12,auto,no,,,,
ACPIDriverDll,18003C8F4,FUN_18003c8f4,12,auto,no,,,,
ACPIDriverDll,18003C900,FUN_18003c900,12,auto,no,,,,
ACPIDriverDll,18003C90C,FUN_18003c90c,118,auto,no,,,,
ACPIDriverDll,18003C984,FUN_18003c984,118,auto,no,,,,
ACPIDriverDll,18003C9FC,FUN_18003c9fc,719,auto,no,,,,
ACPIDriverDll,18003CCD0,FUN_18003ccd0,12,auto,no,,,,
ACPIDriverDll,18003CCDC,FUN_18003ccdc,55,auto,no,,,,
ACPIDriverDll,18003CD14,FUN_18003cd14,12,auto,no,,,,
ACPIDriverDll,18003CD20,FUN_18003cd20,12,auto,no,,,,
ACPIDriverDll,18003CD2C,FUN_18003cd2c,12,auto,no,,,,
ACPIDriverDll,18003CD38,FUN_18003cd38,215,auto,no,,,,
ACPIDriverDll,18003CE10,ReleaseDC,78,auto,yes,,,,
ACPIDriverDll,18003CE60,FUN_18003ce60,61,auto,no,,,,
ACPIDriverDll,18003CEA4,FUN_18003cea4,150,auto,no,,,,
ACPIDriverDll,18003CF3C,SetCapture,113,auto,yes,,,,
ACPIDriverDll,18003CFB0,FUN_18003cfb0,4,auto,no,,,,
ACPIDriverDll,18003CFB4,FUN_18003cfb4,24,auto,no,,,,
ACPIDriverDll,18003CFCC,FUN_18003cfcc,137,auto,no,,,,
ACPIDriverDll,18003D058,SetDateTime,152,auto,yes,,,,
ACPIDriverDll,18003D0F0,FUN_18003d0f0,151,auto,no,,,,
ACPIDriverDll,18003D188,FUN_18003d188,7,auto,no,,,,
ACPIDriverDll,18003D190,FUN_18003d190,232,auto,no,,,,
ACPIDriverDll,18003D27C,FUN_18003d27c,152,auto,no,,,,
ACPIDriverDll,18003D314,FUN_18003d314,138,auto,no,,,,
ACPIDriverDll,18003D3A0,SetFocus,94,auto,yes,,,,
ACPIDriverDll,18003D400,FUN_18003d400,41,auto,no,,,,
ACPIDriverDll,18003D42C,FUN_18003d42c,132,auto,no,,,,
ACPIDriverDll,18003D4B0,FUN_18003d4b0,281,auto,no,,,,
ACPIDriverDll,18003D5CC,FUN_18003d5cc,115,auto,no,,,,
ACPIDriverDll,18003D640,FUN_18003d640,53,auto,no,,,,
ACPIDriverDll,18003D678,FUN_18003d678,99,auto,no,,,,
ACPIDriverDll,18003D6DC,FUN_18003d6dc,200,auto,no,,,,
ACPIDriverDll,18003D7A4,FUN_18003d7a4,160,auto,no,,,,
ACPIDriverDll,18003D844,FUN_18003d844,2133,auto,no,,,,
ACPIDriverDll,18003E09C,FUN_18003e09c,311,auto,no,,,,
ACPIDriverDll,18003E1D4,FUN_18003e1d4,106,auto,no,,,,
ACPIDriverDll,18003E240,FUN_18003e240,517,auto,no,,,,
ACPIDriverDll,18003E448,FUN_18003e448,2765,auto,no,,,,
ACPIDriverDll,18003EF1C,FUN_18003ef1c,248,auto,no,,,,
ACPIDriverDll,18003F014,GetDefBtnCode,66,auto,yes,,,,
ACPIDriverDll,18003F058,FUN_18003f058,1477,auto,no,,,,
ACPIDriverDll,18003F630,FUN_18003f630,123,auto,no,,,,
ACPIDriverDll,18003F6AC,SetDefaultButton,123,auto,yes,,,,
ACPIDriverDll,18003F728,FUN_18003f728,165,auto,no,,,,
ACPIDriverDll,18003F7D0,FUN_18003f7d0,203,auto,no,,,,
ACPIDriverDll,18003F89C,_AfxCheckDefPushButton,296,auto,yes,,,,
ACPIDriverDll,18003F9C4,_AfxDlgSetFocus,76,auto,yes,,,,
ACPIDriverDll,18003FA10,FUN_18003fa10,135,auto,no,,,,
ACPIDriverDll,18003FA98,FUN_18003fa98,445,auto,no,,,,
ACPIDriverDll,18003FC58,FUN_18003fc58,94,auto,no,,,,
ACPIDriverDll,18003FCB8,_AfxGetChildControl,124,auto,yes,,,,
ACPIDriverDll,18003FD34,FUN_18003fd34,335,auto,no,,,,
ACPIDriverDll,18003FE84,_AfxNextControl,290,auto,yes,,,,
ACPIDriverDll,18003FFA8,_AfxOriginalDefButton,58,auto,yes,,,,
ACPIDriverDll,18003FFE4,_AfxRemoveDefaultButton,138,auto,yes,,,,
ACPIDriverDll,18004007C,FUN_18004007c,201,auto,no,,,,
ACPIDriverDll,180040148,Draw3dRect,179,auto,yes,,,,
ACPIDriverDll,1800401FC,Draw3dRect,53,auto,yes,,,,
ACPIDriverDll,180040234,FUN_180040234,887,auto,no,,,,
ACPIDriverDll,1800405AC,FillSolidRect,159,auto,yes,,,,
ACPIDriverDll,18004064C,FUN_18004064c,103,auto,no,,,,
ACPIDriverDll,1800406B4,GetHalftoneBrush,214,auto,yes,,,,
ACPIDriverDll,18004078C,FUN_18004078c,202,auto,no,,,,
ACPIDriverDll,180040858,AFX_GLOBAL_DATA,543,auto,yes,,,,
ACPIDriverDll,180040A78,CMemDC,459,auto,yes,,,,
ACPIDriverDll,180040C58,~AFX_GLOBAL_DATA,395,auto,yes,,,,
ACPIDriverDll,180040DE4,FUN_180040de4,329,auto,no,,,,
ACPIDriverDll,180040F30,FUN_180040f30,52,auto,no,,,,
ACPIDriverDll,180040F64,FUN_180040f64,131,auto,no,,,,
ACPIDriverDll,180040FE8,FUN_180040fe8,122,auto,no,,,,
ACPIDriverDll,180041064,CleanUp,162,auto,yes,,,,
ACPIDriverDll,180041108,FUN_180041108,292,auto,no,,,,
ACPIDriverDll,18004122C,FUN_18004122c,258,auto,no,,,,
ACPIDriverDll,180041334,FUN_180041334,314,auto,no,,,,
ACPIDriverDll,180041470,FUN_180041470,506,auto,no,,,,
ACPIDriverDll,18004166C,FUN_18004166c,104,auto,no,,,,
ACPIDriverDll,1800416D8,FUN_1800416d8,264,auto,no,,,,
ACPIDriverDll,1800417E0,FUN_1800417e0,47,auto,no,,,,
ACPIDriverDll,180041810,FID_conflict:GetITaskbarList,34,auto,yes,,,,
ACPIDriverDll,180041834,FUN_180041834,38,auto,no,,,,
ACPIDriverDll,18004185C,FUN_18004185c,140,auto,no,,,,
ACPIDriverDll,1800418E8,Initialize,215,auto,yes,,,,
ACPIDriverDll,1800419C0,IsDwmCompositionEnabled,58,auto,yes,,,,
ACPIDriverDll,1800419FC,OnSettingChange,266,auto,yes,,,,
ACPIDriverDll,180041B08,FUN_180041b08,308,auto,no,,,,
ACPIDriverDll,180041C40,FUN_180041c40,688,auto,no,,,,
ACPIDriverDll,180041EF4,FUN_180041ef4,8,auto,no,,,,
ACPIDriverDll,180041EFC,Resume,79,auto,yes,,,,
ACPIDriverDll,180041F4C,FUN_180041f4c,27,auto,no,,,,
ACPIDriverDll,180041F68,FUN_180041f68,258,auto,no,,,,
ACPIDriverDll,18004206C,FUN_18004206c,180,auto,no,,,,
ACPIDriverDll,180042124,FUN_180042124,1632,auto,no,,,,
ACPIDriverDll,180042788,FUN_180042788,1230,auto,no,,,,
ACPIDriverDll,180042C5C,FUN_180042c5c,265,auto,no,,,,
ACPIDriverDll,180042D68,FUN_180042d68,22,auto,no,,,,
ACPIDriverDll,180042D80,FUN_180042d80,11,auto,no,,,,
ACPIDriverDll,180042D8C,FUN_180042d8c,43,auto,no,,,,
ACPIDriverDll,180042DB8,AdjustRectToWorkArea,335,auto,yes,,,,
ACPIDriverDll,180042F08,FUN_180042f08,951,auto,no,,,,
ACPIDriverDll,1800432C0,FUN_1800432c0,92,auto,no,,,,
ACPIDriverDll,18004331C,FUN_18004331c,180,auto,no,,,,
ACPIDriverDll,1800433D0,FUN_1800433d0,814,auto,no,,,,
ACPIDriverDll,180043700,FlipRect,133,auto,yes,,,,
ACPIDriverDll,180043788,ForceAdjustLayout,340,auto,yes,,,,
ACPIDriverDll,1800438DC,FUN_1800438dc,406,auto,no,,,,
ACPIDriverDll,180043A74,FUN_180043a74,321,auto,no,,,,
ACPIDriverDll,180043BB8,GetSystemBorders,196,auto,yes,,,,
ACPIDriverDll,180043C7C,GetSystemBorders,103,auto,yes,,,,
ACPIDriverDll,180043CE4,GetWndIcon,268,auto,yes,,,,
ACPIDriverDll,180043DF0,FUN_180043df0,344,auto,no,,,,
ACPIDriverDll,180043F4C,FUN_180043f4c,230,auto,no,,,,
ACPIDriverDll,180044034,FUN_180044034,198,auto,no,,,,
ACPIDriverDll,1800440FC,FUN_1800440fc,230,auto,no,,,,
ACPIDriverDll,18004433C,FUN_18004433c,222,auto,no,,,,
ACPIDriverDll,1800444B4,FUN_1800444b4,200,auto,no,,,,
ACPIDriverDll,180044580,CImage,119,auto,yes,,,,
ACPIDriverDll,1800445F8,FUN_1800445f8,371,auto,no,,,,
ACPIDriverDll,18004476C,FUN_18004476c,360,auto,no,,,,
ACPIDriverDll,1800448D8,FUN_1800448d8,19,auto,no,,,,
ACPIDriverDll,1800448EC,FUN_1800448ec,34,auto,no,,,,
ACPIDriverDll,180044910,FUN_180044910,34,auto,no,,,,
ACPIDriverDll,180044934,~CMap<>,34,auto,yes,,,,
ACPIDriverDll,180044958,FUN_180044958,159,auto,no,,,,
ACPIDriverDll,1800449F8,FUN_1800449f8,33,auto,no,,,,
ACPIDriverDll,180044A1C,FUN_180044a1c,307,auto,no,,,,
ACPIDriverDll,180044B54,FUN_180044b54,15,auto,no,,,,
ACPIDriverDll,180044B64,FUN_180044b64,136,auto,no,,,,
ACPIDriverDll,180044BF0,`scalar_deleting_destructor',89,auto,yes,,,,
ACPIDriverDll,180044C4C,`scalar_deleting_destructor',89,auto,yes,,,,
ACPIDriverDll,180044CA8,`scalar_deleting_destructor',89,auto,yes,,,,
ACPIDriverDll,180044D04,FUN_180044d04,80,auto,no,,,,
ACPIDriverDll,180044D54,`scalar_deleting_destructor',89,auto,yes,,,,
ACPIDriverDll,180044DB0,FUN_180044db0,52,auto,no,,,,
ACPIDriverDll,180044DE4,FUN_180044de4,66,auto,no,,,,
ACPIDriverDll,180044E28,FUN_180044e28,62,auto,no,,,,
ACPIDriverDll,180044E68,FUN_180044e68,1262,auto,no,,,,
ACPIDriverDll,180045358,AddIcon,584,auto,yes,,,,
ACPIDriverDll,1800455A0,FUN_1800455a0,977,auto,no,,,,
ACPIDriverDll,180045974,FUN_180045974,63,auto,no,,,,
ACPIDriverDll,1800459B4,FUN_1800459b4,98,auto,no,,,,
ACPIDriverDll,180045A18,Clear,218,auto,yes,,,,
ACPIDriverDll,180045AF4,Clone,97,auto,yes,,,,
ACPIDriverDll,180045B58,CommonInit,61,auto,yes,,,,
ACPIDriverDll,180045B98,FUN_180045b98,790,auto,no,,,,
ACPIDriverDll,180045EB4,CopyTemp,94,auto,yes,,,,
ACPIDriverDll,180045F14,CopyTo,833,auto,yes,,,,
ACPIDriverDll,180046258,FUN_180046258,793,auto,no,,,,
ACPIDriverDll,180046574,CreateEx,287,auto,yes,,,,
ACPIDriverDll,180046694,FUN_180046694,883,auto,no,,,,
ACPIDriverDll,180046A08,CreateMask,413,auto,yes,,,,
ACPIDriverDll,180046BA8,CreateRegionFromImage,391,auto,yes,,,,
ACPIDriverDll,180046D30,FUN_180046d30,2439,auto,no,,,,
ACPIDriverDll,1800476B8,FUN_1800476b8,1056,auto,no,,,,
ACPIDriverDll,180047AD8,FUN_180047ad8,90,auto,no,,,,
ACPIDriverDll,180047B34,FUN_180047b34,7,auto,no,,,,
ACPIDriverDll,180047B3C,FUN_180047b3c,231,auto,no,,,,
ACPIDriverDll,180047C24,FUN_180047c24,345,auto,no,,,,
ACPIDriverDll,180047D80,FillDitheredRect,78,auto,yes,,,,
ACPIDriverDll,180047DD0,FUN_180047dd0,49,auto,no,,,,
ACPIDriverDll,180047E04,GetAssocAt,150,auto,yes,,,,
ACPIDriverDll,180047E9C,FUN_180047e9c,155,auto,no,,,,
ACPIDriverDll,180047F38,FUN_180047f38,141,auto,no,,,,
ACPIDriverDll,180047FC8,FUN_180047fc8,1032,auto,no,,,,
ACPIDriverDll,1800483D0,Init,125,auto,yes,,,,
ACPIDriverDll,180048450,FUN_180048450,258,auto,no,,,,
ACPIDriverDll,180048554,Load,135,auto,yes,,,,
ACPIDriverDll,1800485DC,FUN_1800485dc,8,auto,no,,,,
ACPIDriverDll,1800485E4,FUN_1800485e4,964,auto,no,,,,
ACPIDriverDll,1800489AC,FUN_1800489ac,181,auto,no,,,,
ACPIDriverDll,180048A64,FUN_180048a64,326,auto,no,,,,
ACPIDriverDll,180048BAC,FUN_180048bac,678,auto,no,,,,
ACPIDriverDll,180048E54,FUN_180048e54,24,auto,no,,,,
ACPIDriverDll,180048E6C,Lookup,45,auto,yes,,,,
ACPIDriverDll,180048E9C,MapBmpTo3dColors,605,auto,yes,,,,
ACPIDriverDll,1800490FC,FUN_1800490fc,222,auto,no,,,,
ACPIDriverDll,1800491DC,FUN_1800491dc,12,auto,no,,,,
ACPIDriverDll,1800491E8,FUN_1800491e8,246,auto,no,,,,
ACPIDriverDll,1800492E0,FUN_1800492e0,241,auto,no,,,,
ACPIDriverDll,1800493D4,Mirror,81,auto,yes,,,,
ACPIDriverDll,180049428,FUN_180049428,691,auto,no,,,,
ACPIDriverDll,1800496DC,FUN_1800496dc,747,auto,no,,,,
ACPIDriverDll,1800499C8,MirrorVert,81,auto,yes,,,,
ACPIDriverDll,180049A1C,FUN_180049a1c,173,auto,no,,,,
ACPIDriverDll,180049ACC,FUN_180049acc,788,auto,no,,,,
ACPIDriverDll,180049DE4,FUN_180049de4,269,auto,no,,,,
ACPIDriverDll,180049EF4,FUN_180049ef4,558,auto,no,,,,
ACPIDriverDll,18004A128,FUN_18004a128,141,auto,no,,,,
ACPIDriverDll,18004A1B8,RemoveAll,81,auto,yes,,,,
ACPIDriverDll,18004A20C,Serialize,145,auto,yes,,,,
ACPIDriverDll,18004A2A0,Serialize,233,auto,yes,,,,
ACPIDriverDll,18004A38C,FUN_18004a38c,68,auto,no,,,,
ACPIDriverDll,18004A3D0,FUN_18004a3d0,1766,auto,no,,,,
ACPIDriverDll,18004AAB8,TransparentBlt,974,auto,yes,,,,
ACPIDriverDll,18004AE88,FUN_18004ae88,24,auto,no,,,,
ACPIDriverDll,18004AEA0,FUN_18004aea0,243,auto,no,,,,
ACPIDriverDll,18004AF94,FUN_18004af94,69,auto,no,,,,
ACPIDriverDll,18004AFDC,UpdateImage,423,auto,yes,,,,
ACPIDriverDll,18004B184,_AtlVerifyStackAvailable,119,auto,yes,,,,
ACPIDriverDll,18004B208,FUN_18004b208,306,auto,no,,,,
ACPIDriverDll,18004B33C,FUN_18004b33c,302,auto,no,,,,
ACPIDriverDll,18004B46C,FUN_18004b46c,230,auto,no,,,,
ACPIDriverDll,18004B554,FUN_18004b554,218,auto,no,,,,
ACPIDriverDll,18004B630,CMFCToolBar,1000,auto,yes,,,,
ACPIDriverDll,18004BA18,~CMap<>,34,auto,yes,,,,
ACPIDriverDll,18004BA3C,FUN_18004ba3c,392,auto,no,,,,
ACPIDriverDll,18004BBC4,FUN_18004bbc4,35,auto,no,,,,
ACPIDriverDll,18004BBE8,FUN_18004bbe8,138,auto,no,,,,
ACPIDriverDll,18004BC74,`scalar_deleting_destructor',89,auto,yes,,,,
ACPIDriverDll,18004BCD0,FUN_18004bcd0,66,auto,no,,,,
ACPIDriverDll,18004BD14,FUN_18004bd14,108,auto,no,,,,
ACPIDriverDll,18004BD80,FUN_18004bd80,77,auto,no,,,,
ACPIDriverDll,18004BDD0,FUN_18004bdd0,122,auto,no,,,,
ACPIDriverDll,18004BE4C,FUN_18004be4c,169,auto,no,,,,
ACPIDriverDll,18004BEF8,FUN_18004bef8,50,auto,no,,,,
ACPIDriverDll,18004BF2C,FUN_18004bf2c,14,auto,no,,,,
ACPIDriverDll,18004BF3C,FUN_18004bf3c,242,auto,no,,,,
ACPIDriverDll,18004C030,FUN_18004c030,583,auto,no,,,,
ACPIDriverDll,18004C278,FUN_18004c278,1674,auto,no,,,,
ACPIDriverDll,18004C908,FUN_18004c908,1158,auto,no,,,,
ACPIDriverDll,18004CD90,FUN_18004cd90,66,auto,no,,,,
ACPIDriverDll,18004CDD4,CalcFixedLayout,42,auto,yes,,,,
ACPIDriverDll,18004CE00,FUN_18004ce00,62,auto,no,,,,
ACPIDriverDll,18004CE40,FUN_18004ce40,537,auto,no,,,,
ACPIDriverDll,18004D05C,FUN_18004d05c,384,auto,no,,,,
ACPIDriverDll,18004D1E0,FUN_18004d1e0,738,auto,no,,,,
ACPIDriverDll,18004D4C4,FUN_18004d4c4,10,auto,no,,,,
ACPIDriverDll,18004D4D0,FUN_18004d4d0,12,auto,no,,,,
ACPIDriverDll,18004D4DC,FUN_18004d4dc,74,auto,no,,,,
ACPIDriverDll,18004D528,FUN_18004d528,10,auto,no,,,,
ACPIDriverDll,18004D534,FUN_18004d534,12,auto,no,,,,
ACPIDriverDll,18004D540,FUN_18004d540,104,auto,no,,,,
ACPIDriverDll,18004D5A8,Clear,98,auto,yes,,,,
ACPIDriverDll,18004D60C,FUN_18004d60c,67,auto,no,,,,
ACPIDriverDll,18004D650,Create,52,auto,yes,,,,
ACPIDriverDll,18004D684,FUN_18004d684,414,auto,no,,,,
ACPIDriverDll,18004D824,FUN_18004d824,357,auto,no,,,,
ACPIDriverDll,18004D98C,CreateObject,49,auto,yes,,,,
ACPIDriverDll,18004D9C0,FUN_18004d9c0,138,auto,no,,,,
ACPIDriverDll,18004DA4C,FUN_18004da4c,2510,auto,no,,,,
ACPIDriverDll,18004E41C,FUN_18004e41c,7,auto,no,,,,
ACPIDriverDll,18004E424,FUN_18004e424,17,auto,no,,,,
ACPIDriverDll,18004E438,FUN_18004e438,12,auto,no,,,,
ACPIDriverDll,18004E444,FUN_18004e444,264,auto,no,,,,
ACPIDriverDll,18004E54C,FUN_18004e54c,535,auto,no,,,,
ACPIDriverDll,18004E764,FUN_18004e764,101,auto,no,,,,
ACPIDriverDll,18004E7CC,FUN_18004e7cc,150,auto,no,,,,
ACPIDriverDll,18004E864,FUN_18004e864,120,auto,no,,,,
ACPIDriverDll,18004E8E0,FUN_18004e8e0,449,auto,no,,,,
ACPIDriverDll,18004EAA4,FUN_18004eaa4,303,auto,no,,,,
ACPIDriverDll,18004EBD4,FUN_18004ebd4,7,auto,no,,,,
ACPIDriverDll,18004EBDC,FUN_18004ebdc,17,auto,no,,,,
ACPIDriverDll,18004EBF0,FUN_18004ebf0,7,auto,no,,,,
ACPIDriverDll,18004EBF8,FUN_18004ebf8,40,auto,no,,,,
ACPIDriverDll,18004EC20,FUN_18004ec20,950,auto,no,,,,
ACPIDriverDll,18004EFD8,FUN_18004efd8,241,auto,no,,,,
ACPIDriverDll,18004F0CC,FUN_18004f0cc,8,auto,no,,,,
ACPIDriverDll,18004F0D4,GetAnimationType,113,auto,yes,,,,
ACPIDriverDll,18004F148,GetAssocAt,158,auto,yes,,,,
ACPIDriverDll,18004F1E8,FUN_18004f1e8,43,auto,no,,,,
ACPIDriverDll,18004F214,FUN_18004f214,142,auto,no,,,,
ACPIDriverDll,18004F2A4,FUN_18004f2a4,22,auto,no,,,,
ACPIDriverDll,18004F2BC,FUN_18004f2bc,68,auto,no,,,,
ACPIDriverDll,18004F300,GetColumnWidth,52,auto,yes,,,,
ACPIDriverDll,18004F334,FUN_18004f334,165,auto,no,,,,
ACPIDriverDll,18004F3DC,FUN_18004f3dc,111,auto,no,,,,
ACPIDriverDll,18004F44C,FUN_18004f44c,7,auto,no,,,,
ACPIDriverDll,18004F454,FUN_18004f454,7,auto,no,,,,
ACPIDriverDll,18004F45C,FUN_18004f45c,149,auto,no,,,,
ACPIDriverDll,18004F4F4,FUN_18004f4f4,7,auto,no,,,,
ACPIDriverDll,18004F4FC,FUN_18004f4fc,7,auto,no,,,,
ACPIDriverDll,18004F504,FUN_18004f504,18,auto,no,,,,
ACPIDriverDll,18004F518,FUN_18004f518,57,auto,no,,,,
ACPIDriverDll,18004F554,FUN_18004f554,72,auto,no,,,,
ACPIDriverDll,18004F59C,FUN_18004f59c,103,auto,no,,,,
ACPIDriverDll,18004F604,FUN_18004f604,52,auto,no,,,,
ACPIDriverDll,18004F63C,FUN_18004f63c,26,auto,no,,,,
ACPIDriverDll,18004F658,FUN_18004f658,304,auto,no,,,,
ACPIDriverDll,18004F788,FUN_18004f788,8,auto,no,,,,
ACPIDriverDll,18004F790,FUN_18004f790,58,auto,no,,,,
ACPIDriverDll,18004F7CC,FUN_18004f7cc,150,auto,no,,,,
ACPIDriverDll,18004F864,FUN_18004f864,21,auto,no,,,,
ACPIDriverDll,18004F87C,FUN_18004f87c,7,auto,no,,,,
ACPIDriverDll,18004F884,FUN_18004f884,7,auto,no,,,,
ACPIDriverDll,18004F88C,FUN_18004f88c,271,auto,no,,,,
ACPIDriverDll,18004F99C,FUN_18004f99c,8,auto,no,,,,
ACPIDriverDll,18004F9A4,FUN_18004f9a4,124,auto,no,,,,
ACPIDriverDll,18004FA24,FUN_18004fa24,254,auto,no,,,,
ACPIDriverDll,18004FB24,FUN_18004fb24,165,auto,no,,,,
ACPIDriverDll,18004FBCC,FUN_18004fbcc,237,auto,no,,,,
ACPIDriverDll,18004FCBC,FUN_18004fcbc,159,auto,no,,,,
ACPIDriverDll,18004FD5C,FUN_18004fd5c,306,auto,no,,,,
ACPIDriverDll,18004FE90,FUN_18004fe90,77,auto,no,,,,
ACPIDriverDll,18004FEE0,FUN_18004fee0,188,auto,no,,,,
ACPIDriverDll,18004FF9C,FUN_18004ff9c,7,auto,no,,,,
ACPIDriverDll,18004FFA4,FUN_18004ffa4,7,auto,no,,,,
ACPIDriverDll,18004FFAC,FUN_18004ffac,30,auto,no,,,,
ACPIDriverDll,18004FFCC,FUN_18004ffcc,27,auto,no,,,,
ACPIDriverDll,18004FFE8,FUN_18004ffe8,7,auto,no,,,,
ACPIDriverDll,18004FFF0,FUN_18004fff0,7,auto,no,,,,
ACPIDriverDll,18004FFF8,FUN_18004fff8,7,auto,no,,,,
ACPIDriverDll,180050000,IsUserDefined,145,auto,yes,,,,
ACPIDriverDll,180050094,FUN_180050094,692,auto,no,,,,
ACPIDriverDll,180050348,FUN_180050348,78,auto,no,,,,
ACPIDriverDll,180050398,FUN_180050398,327,auto,no,,,,
ACPIDriverDll,1800504E0,FUN_1800504e0,183,auto,no,,,,
ACPIDriverDll,180050598,FUN_180050598,246,auto,no,,,,
ACPIDriverDll,180050690,FUN_180050690,947,auto,no,,,,
ACPIDriverDll,180050A64,FUN_180050a64,91,auto,no,,,,
ACPIDriverDll,180050AC0,FUN_180050ac0,781,auto,no,,,,
ACPIDriverDll,180050DD0,Lookup,47,auto,yes,,,,
ACPIDriverDll,180050E00,FUN_180050e00,181,auto,no,,,,
ACPIDriverDll,180050EB8,FUN_180050eb8,339,auto,no,,,,
ACPIDriverDll,18005100C,FUN_18005100c,140,auto,no,,,,
ACPIDriverDll,180051098,FUN_180051098,78,auto,no,,,,
ACPIDriverDll,1800510E8,OnAfterDock,149,auto,yes,,,,
ACPIDriverDll,180051180,FUN_180051180,112,auto,no,,,,
ACPIDriverDll,1800511F0,OnBeforeChangeParent,79,auto,yes,,,,
ACPIDriverDll,180051240,OnCalcSeparatorRect,135,auto,yes,,,,
ACPIDriverDll,1800512C8,FUN_1800512c8,356,auto,no,,,,
ACPIDriverDll,180051430,FUN_180051430,905,auto,no,,,,
ACPIDriverDll,1800517BC,FUN_1800517bc,140,auto,no,,,,
ACPIDriverDll,180051848,FUN_180051848,292,auto,no,,,,
ACPIDriverDll,18005196C,FUN_18005196c,810,auto,no,,,,
ACPIDriverDll,180051C98,FUN_180051c98,177,auto,no,,,,
ACPIDriverDll,180051D4C,FUN_180051d4c,604,auto,no,,,,
ACPIDriverDll,180051FA8,FUN_180051fa8,194,auto,no,,,,
ACPIDriverDll,18005206C,FUN_18005206c,147,auto,no,,,,
ACPIDriverDll,180052100,FUN_180052100,180,auto,no,,,,
ACPIDriverDll,1800521B8,FUN_1800521b8,52,auto,no,,,,
ACPIDriverDll,1800521EC,OnDragLeave,160,auto,yes,,,,
ACPIDriverDll,18005228C,FUN_18005228c,469,auto,no,,,,
ACPIDriverDll,180052464,FUN_180052464,684,auto,no,,,,
ACPIDriverDll,180052710,OnGetButton,101,auto,yes,,,,
ACPIDriverDll,180052780,FUN_180052780,115,auto,no,,,,
ACPIDriverDll,1800527F4,FUN_1800527f4,30,auto,no,,,,
ACPIDriverDll,180052814,FUN_180052814,67,auto,no,,,,
ACPIDriverDll,180052858,FUN_180052858,264,auto,no,,,,
ACPIDriverDll,180052960,FUN_180052960,93,auto,no,,,,
ACPIDriverDll,1800529C0,FUN_1800529c0,243,auto,no,,,,
ACPIDriverDll,180052AB4,FUN_180052ab4,2258,auto,no,,,,
ACPIDriverDll,180053388,FUN_180053388,1122,auto,no,,,,
ACPIDriverDll,1800537EC,FUN_1800537ec,456,auto,no,,,,
ACPIDriverDll,1800539B4,FUN_1800539b4,1377,auto,no,,,,
ACPIDriverDll,180053F34,FUN_180053f34,355,auto,no,,,,
ACPIDriverDll,180054098,FUN_180054098,368,auto,no,,,,
ACPIDriverDll,18005420C,OnRButtonDown,93,auto,yes,,,,
ACPIDriverDll,18005426C,FUN_18005426c,96,auto,no,,,,
ACPIDriverDll,1800542CC,FUN_1800542cc,397,auto,no,,,,
ACPIDriverDll,18005445C,FUN_18005445c,257,auto,no,,,,
ACPIDriverDll,180054560,OnSetFocus,167,auto,yes,,,,
ACPIDriverDll,180054608,FUN_180054608,114,auto,no,,,,
ACPIDriverDll,18005467C,OnShowWindow,113,auto,yes,,,,
ACPIDriverDll,1800546F0,FUN_1800546f0,309,auto,no,,,,
ACPIDriverDll,180054828,FUN_180054828,111,auto,no,,,,
ACPIDriverDll,180054898,FUN_180054898,1093,auto,no,,,,
ACPIDriverDll,180054CE0,FUN_180054ce0,279,auto,no,,,,
ACPIDriverDll,180054DF8,FUN_180054df8,63,auto,no,,,,
ACPIDriverDll,180054E38,FUN_180054e38,294,auto,no,,,,
ACPIDriverDll,180054F60,FUN_180054f60,335,auto,no,,,,
ACPIDriverDll,1800550B0,FUN_1800550b0,326,auto,no,,,,
ACPIDriverDll,1800551F8,FUN_1800551f8,259,auto,no,,,,
ACPIDriverDll,1800552FC,FUN_1800552fc,162,auto,no,,,,
ACPIDriverDll,1800553A0,FUN_1800553a0,159,auto,no,,,,
ACPIDriverDll,180055440,OnUpdateCmdUI,248,auto,yes,,,,
ACPIDriverDll,180055538,OnUpdateToolTips,51,auto,yes,,,,
ACPIDriverDll,18005556C,FUN_18005556c,250,auto,no,,,,
ACPIDriverDll,180055668,FUN_180055668,157,auto,no,,,,
ACPIDriverDll,180055708,FUN_180055708,77,auto,no,,,,
ACPIDriverDll,180055758,FUN_180055758,274,auto,no,,,,
ACPIDriverDll,18005586C,FUN_18005586c,340,auto,no,,,,
ACPIDriverDll,1800559C0,FUN_1800559c0,123,auto,no,,,,
ACPIDriverDll,180055A3C,FUN_180055a3c,224,auto,no,,,,
ACPIDriverDll,180055B20,FUN_180055b20,185,auto,no,,,,
ACPIDriverDll,180055BDC,FUN_180055bdc,272,auto,no,,,,
ACPIDriverDll,180055CF0,FUN_180055cf0,143,auto,no,,,,
ACPIDriverDll,180055D80,FUN_180055d80,464,auto,no,,,,
ACPIDriverDll,180055F50,FUN_180055f50,118,auto,no,,,,
ACPIDriverDll,180055FC8,FUN_180055fc8,347,auto,no,,,,
ACPIDriverDll,180056124,FUN_180056124,125,auto,no,,,,
ACPIDriverDll,1800561A4,RestoreFocus,173,auto,yes,,,,
ACPIDriverDll,180056254,FUN_180056254,450,auto,no,,,,
ACPIDriverDll,180056418,FUN_180056418,52,auto,no,,,,
ACPIDriverDll,18005644C,FUN_18005644c,52,auto,no,,,,
ACPIDriverDll,180056480,FUN_180056480,812,auto,no,,,,
ACPIDriverDll,1800567C8,FUN_1800567c8,105,auto,no,,,,
ACPIDriverDll,180056834,Serialize,236,auto,yes,,,,
ACPIDriverDll,180056920,FUN_180056920,1131,auto,no,,,,
ACPIDriverDll,180056D94,FUN_180056d94,136,auto,no,,,,
ACPIDriverDll,180056E1C,FUN_180056e1c,75,auto,no,,,,
ACPIDriverDll,180056E68,FUN_180056e68,1044,auto,no,,,,
ACPIDriverDll,180057280,FUN_180057280,144,auto,no,,,,
ACPIDriverDll,180057314,FUN_180057314,7,auto,no,,,,
ACPIDriverDll,18005731C,FUN_18005731c,464,auto,no,,,,
ACPIDriverDll,1800574F0,FUN_1800574f0,7,auto,no,,,,
ACPIDriverDll,1800574F8,FUN_1800574f8,160,auto,no,,,,
ACPIDriverDll,18005759C,FUN_18005759c,150,auto,no,,,,
ACPIDriverDll,180057634,FUN_180057634,719,auto,no,,,,
ACPIDriverDll,180057904,FUN_180057904,342,auto,no,,,,
ACPIDriverDll,180057A5C,FUN_180057a5c,164,auto,no,,,,
ACPIDriverDll,180057B00,FUN_180057b00,17,auto,no,,,,
ACPIDriverDll,180057B14,FUN_180057b14,7,auto,no,,,,
ACPIDriverDll,180057B1C,FUN_180057b1c,83,auto,no,,,,
ACPIDriverDll,180057B70,FUN_180057b70,7,auto,no,,,,
ACPIDriverDll,180057B78,FUN_180057b78,270,auto,no,,,,
ACPIDriverDll,180057C88,FUN_180057c88,554,auto,no,,,,
ACPIDriverDll,180057EB4,FUN_180057eb4,406,auto,no,,,,
ACPIDriverDll,180058050,FUN_180058050,134,auto,no,,,,
ACPIDriverDll,1800580D8,FUN_1800580d8,457,auto,no,,,,
ACPIDriverDll,1800582A4,FUN_1800582a4,166,auto,no,,,,
ACPIDriverDll,18005834C,FUN_18005834c,612,auto,no,,,,
ACPIDriverDll,1800585B4,FUN_1800585b4,825,auto,no,,,,
ACPIDriverDll,1800588F4,FUN_1800588f4,291,auto,no,,,,
ACPIDriverDll,180058A18,FUN_180058a18,382,auto,no,,,,
ACPIDriverDll,180058B98,FUN_180058b98,143,auto,no,,,,
ACPIDriverDll,180058C28,FUN_180058c28,253,auto,no,,,,
ACPIDriverDll,180058D28,UpdateImagesColor,194,auto,yes,,,,
ACPIDriverDll,180058DEC,FUN_180058dec,528,auto,no,,,,
ACPIDriverDll,180059000,FUN_180059000,786,auto,no,,,,
ACPIDriverDll,180059314,FUN_180059314,183,auto,no,,,,
ACPIDriverDll,1800593CC,FUN_1800593cc,203,auto,no,,,,
ACPIDriverDll,180059498,FUN_180059498,217,auto,no,,,,
ACPIDriverDll,180059574,FUN_180059574,129,auto,no,,,,
ACPIDriverDll,1800595F8,FUN_1800595f8,47,auto,no,,,,
ACPIDriverDll,180059628,CleanUp,99,auto,yes,,,,
ACPIDriverDll,18005968C,CreateCopy,58,auto,yes,,,,
ACPIDriverDll,1800596C8,Draw,250,auto,yes,,,,
ACPIDriverDll,1800597C4,FUN_1800597c4,179,auto,no,,,,
ACPIDriverDll,180059878,FUN_180059878,598,auto,no,,,,
ACPIDriverDll,180059AD0,FUN_180059ad0,510,auto,no,,,,
ACPIDriverDll,180059CD0,FUN_180059cd0,159,auto,no,,,,
ACPIDriverDll,180059D70,CPaneFrameWnd,340,auto,yes,,,,
ACPIDriverDll,180059EC4,FUN_180059ec4,34,auto,no,,,,
ACPIDriverDll,180059EE8,~CPaneFrameWnd,73,auto,yes,,,,
ACPIDriverDll,180059F34,operator>>,45,auto,yes,,,,
ACPIDriverDll,180059F64,FUN_180059f64,136,auto,no,,,,
ACPIDriverDll,180059FF0,`scalar_deleting_destructor',89,auto,yes,,,,
ACPIDriverDll,18005A04C,`scalar_deleting_destructor',89,auto,yes,,,,
ACPIDriverDll,18005A0A8,`scalar_deleting_destructor',66,auto,yes,,,,
ACPIDriverDll,18005A0EC,AddButton,191,auto,yes,,,,
ACPIDriverDll,18005A1AC,FUN_18005a1ac,467,auto,no,,,,
ACPIDriverDll,18005A380,FUN_18005a380,301,auto,no,,,,
ACPIDriverDll,18005A4B0,FUN_18005a4b0,85,auto,no,,,,
ACPIDriverDll,18005A508,FUN_18005a508,278,auto,no,,,,
ACPIDriverDll,18005A620,FUN_18005a620,126,auto,no,,,,
ACPIDriverDll,18005A6A0,FUN_18005a6a0,18,auto,no,,,,
ACPIDriverDll,18005A6B4,FUN_18005a6b4,181,auto,no,,,,
ACPIDriverDll,18005A76C,FUN_18005a76c,72,auto,no,,,,
ACPIDriverDll,18005A7B4,FUN_18005a7b4,67,auto,no,,,,
ACPIDriverDll,18005A7F8,FUN_18005a7f8,77,auto,no,,,,
ACPIDriverDll,18005A848,FUN_18005a848,97,auto,no,,,,
ACPIDriverDll,18005A8AC,Create,47,auto,yes,,,,
ACPIDriverDll,18005A8DC,FUN_18005a8dc,396,auto,no,,,,
ACPIDriverDll,18005AA68,CreateObject,49,auto,yes,,,,
ACPIDriverDll,18005AA9C,FUN_18005aa9c,777,auto,no,,,,
ACPIDriverDll,18005ADA8,FUN_18005ada8,190,auto,no,,,,
ACPIDriverDll,18005AE68,FUN_18005ae68,240,auto,no,,,,
ACPIDriverDll,18005AF58,FUN_18005af58,86,auto,no,,,,
ACPIDriverDll,18005AFB0,FUN_18005afb0,219,auto,no,,,,
ACPIDriverDll,18005B08C,FindFloatingPaneByID,69,auto,yes,,,,
ACPIDriverDll,18005B0D4,GetAssocAt,150,auto,yes,,,,
ACPIDriverDll,18005B16C,FUN_18005b16c,115,auto,no,,,,
ACPIDriverDll,18005B1E0,FUN_18005b1e0,7,auto,no,,,,
ACPIDriverDll,18005B1E8,FUN_18005b1e8,217,auto,no,,,,
ACPIDriverDll,18005B2C4,FUN_18005b2c4,201,auto,no,,,,
ACPIDriverDll,18005B390,FUN_18005b390,78,auto,no,,,,
ACPIDriverDll,18005B3E0,FUN_18005b3e0,63,auto,no,,,,
ACPIDriverDll,18005B420,FUN_18005b420,8,auto,no,,,,
ACPIDriverDll,18005B428,FUN_18005b428,150,auto,no,,,,
ACPIDriverDll,18005B4C0,FUN_18005b4c0,12,auto,no,,,,
ACPIDriverDll,18005B4CC,FUN_18005b4cc,31,auto,no,,,,
ACPIDriverDll,18005B4EC,FUN_18005b4ec,257,auto,no,,,,
ACPIDriverDll,18005B5F0,FUN_18005b5f0,8,auto,no,,,,
ACPIDriverDll,18005B5F8,FUN_18005b5f8,119,auto,no,,,,
ACPIDriverDll,18005B670,FUN_18005b670,163,auto,no,,,,
ACPIDriverDll,18005B714,GetVisiblePaneCount,65,auto,yes,,,,
ACPIDriverDll,18005B758,FUN_18005b758,1334,auto,no,,,,
ACPIDriverDll,18005BC90,IsCustModeAndNotFloatingToolbar,63,auto,yes,,,,
ACPIDriverDll,18005BCD0,IsRollDown,170,auto,yes,,,,
ACPIDriverDll,18005BD7C,IsRollUp,128,auto,yes,,,,
ACPIDriverDll,18005BDFC,KillDockingTimer,44,auto,yes,,,,
ACPIDriverDll,18005BE28,FUN_18005be28,72,auto,no,,,,
ACPIDriverDll,18005BE70,FUN_18005be70,98,auto,no,,,,
ACPIDriverDll,18005BED4,Lookup,47,auto,yes,,,,
ACPIDriverDll,18005BF04,FUN_18005bf04,17,auto,no,,,,
ACPIDriverDll,18005BF18,FUN_18005bf18,245,auto,no,,,,
ACPIDriverDll,18005C010,FUN_18005c010,175,auto,no,,,,
ACPIDriverDll,18005C0C0,FUN_18005c0c0,247,auto,no,,,,
ACPIDriverDll,18005C1B8,FUN_18005c1b8,456,auto,no,,,,
ACPIDriverDll,18005C380,FUN_18005c380,187,auto,no,,,,
ACPIDriverDll,18005C43C,FUN_18005c43c,201,auto,no,,,,
ACPIDriverDll,18005C508,FUN_18005c508,73,auto,no,,,,
ACPIDriverDll,18005C554,FUN_18005c554,373,auto,no,,,,
ACPIDriverDll,18005C6E0,FUN_18005c6e0,210,auto,no,,,,
ACPIDriverDll,18005C7B4,FUN_18005c7b4,364,auto,no,,,,
ACPIDriverDll,18005C920,OnCreate,75,auto,yes,,,,
ACPIDriverDll,18005C96C,FUN_18005c96c,217,auto,no,,,,
ACPIDriverDll,18005CA48,FUN_18005ca48,200,auto,no,,,,
ACPIDriverDll,18005CB10,FUN_18005cb10,434,auto,no,,,,
ACPIDriverDll,18005CCC4,FUN_18005ccc4,221,auto,no,,,,
ACPIDriverDll,18005CDA4,OnExitSizeMove,58,auto,yes,,,,
ACPIDriverDll,18005CDE0,OnFloatStatus,232,auto,yes,,,,
ACPIDriverDll,18005CEC8,FUN_18005cec8,127,auto,no,,,,
ACPIDriverDll,18005CF48,OnIdleUpdateCmdUI,182,auto,yes,,,,
ACPIDriverDll,18005D000,FUN_18005d000,85,auto,no,,,,
ACPIDriverDll,18005D058,FUN_18005d058,80,auto,no,,,,
ACPIDriverDll,18005D0A8,FUN_18005d0a8,281,auto,no,,,,
ACPIDriverDll,18005D1C4,FUN_18005d1c4,675,auto,no,,,,
ACPIDriverDll,18005D468,FUN_18005d468,227,auto,no,,,,
ACPIDriverDll,18005D54C,FUN_18005d54c,2661,auto,no,,,,
ACPIDriverDll,18005DFB4,FUN_18005dfb4,143,auto,no,,,,
ACPIDriverDll,18005E044,FUN_18005e044,27,auto,no,,,,
ACPIDriverDll,18005E060,OnNcActivate,148,auto,yes,,,,
ACPIDriverDll,18005E0F4,FUN_18005e0f4,126,auto,no,,,,
ACPIDriverDll,18005E174,FUN_18005e174,191,auto,no,,,,
ACPIDriverDll,18005E234,FUN_18005e234,54,auto,no,,,,
ACPIDriverDll,18005E280,FUN_18005e280,59,auto,no,,,,
ACPIDriverDll,18005E2BC,FUN_18005e2bc,1459,auto,no,,,,
ACPIDriverDll,18005E870,FUN_18005e870,280,auto,no,,,,
ACPIDriverDll,18005E98C,FUN_18005e98c,347,auto,no,,,,
ACPIDriverDll,18005EAE8,FUN_18005eae8,1302,auto,no,,,,
ACPIDriverDll,18005F004,OnSetCursor,134,auto,yes,,,,
ACPIDriverDll,18005F08C,FUN_18005f08c,246,auto,no,,,,
ACPIDriverDll,18005F184,FUN_18005f184,85,auto,no,,,,
ACPIDriverDll,18005F1DC,FUN_18005f1dc,39,auto,no,,,,
ACPIDriverDll,18005F204,FUN_18005f204,213,auto,no,,,,
ACPIDriverDll,18005F2DC,FUN_18005f2dc,665,auto,no,,,,
ACPIDriverDll,18005F578,FUN_18005f578,120,auto,no,,,,
ACPIDriverDll,18005F5F0,FUN_18005f5f0,291,auto,no,,,,
ACPIDriverDll,18005F714,OnUpdateToolTips,59,auto,yes,,,,
ACPIDriverDll,18005F750,FUN_18005f750,249,auto,no,,,,
ACPIDriverDll,18005F84C,FUN_18005f84c,170,auto,no,,,,
ACPIDriverDll,18005F8F8,FUN_18005f8f8,10,auto,no,,,,
ACPIDriverDll,18005F904,FUN_18005f904,160,auto,no,,,,
ACPIDriverDll,18005F9A4,FUN_18005f9a4,93,auto,no,,,,
ACPIDriverDll,18005FA04,RedrawAll,75,auto,yes,,,,
ACPIDriverDll,18005FA50,FUN_18005fa50,139,auto,no,,,,
ACPIDriverDll,18005FADC,FUN_18005fadc,92,auto,no,,,,
ACPIDriverDll,18005FB38,FUN_18005fb38,77,auto,no,,,,
ACPIDriverDll,18005FB88,RemoveKey,168,auto,yes,,,,
ACPIDriverDll,18005FC30,FUN_18005fc30,163,auto,no,,,,
ACPIDriverDll,18005FCD4,FUN_18005fcd4,189,auto,no,,,,
ACPIDriverDll,18005FD94,FUN_18005fd94,126,auto,no,,,,
ACPIDriverDll,18005FE14,SaveRecentFloatingState,143,auto,yes,,,,
ACPIDriverDll,18005FEA4,FUN_18005fea4,98,auto,no,,,,
ACPIDriverDll,18005FF08,Serialize,235,auto,yes,,,,
ACPIDriverDll,18005FFF4,FUN_18005fff4,1205,auto,no,,,,
ACPIDriverDll,1800604B8,FUN_1800604b8,259,auto,no,,,,
ACPIDriverDll,1800605BC,FUN_1800605bc,311,auto,no,,,,
ACPIDriverDll,1800606F4,FUN_1800606f4,995,auto,no,,,,
ACPIDriverDll,180060AD8,SetDockingTimer,67,auto,yes,,,,
ACPIDriverDll,180060B1C,FUN_180060b1c,361,auto,no,,,,
ACPIDriverDll,180060C88,FUN_180060c88,83,auto,no,,,,
ACPIDriverDll,180060CDC,FUN_180060cdc,233,auto,no,,,,
ACPIDriverDll,180060DC8,FUN_180060dc8,908,auto,no,,,,
ACPIDriverDll,180061158,StopCaptionButtonsTracking,129,auto,yes,,,,
ACPIDriverDll,1800611DC,FUN_1800611dc,329,auto,no,,,,
ACPIDriverDll,180061328,CDrawingManager,18,auto,yes,,,,
ACPIDriverDll,18006133C,FUN_18006133c,11,auto,no,,,,
ACPIDriverDll,180061348,FUN_180061348,55,auto,no,,,,
ACPIDriverDll,180061380,CreateBitmap_32,214,auto,yes,,,,
ACPIDriverDll,180061458,FUN_180061458,509,auto,no,,,,
ACPIDriverDll,180061658,DrawAlpha,164,auto,yes,,,,
ACPIDriverDll,1800616FC,FUN_1800616fc,3246,auto,no,,,,
ACPIDriverDll,1800623AC,FUN_1800623ac,2232,auto,no,,,,
ACPIDriverDll,180062C68,FUN_180062c68,825,auto,no,,,,
ACPIDriverDll,180062FA4,FUN_180062fa4,894,auto,no,,,,
ACPIDriverDll,180063324,FUN_180063324,1727,auto,no,,,,
ACPIDriverDll,1800639E8,Fill4ColorsGradient,218,auto,yes,,,,
ACPIDriverDll,180063AC4,FillAlpha,376,auto,yes,,,,
ACPIDriverDll,180063C3C,FUN_180063c3c,1053,auto,no,,,,
ACPIDriverDll,18006405C,FUN_18006405c,639,auto,no,,,,
ACPIDriverDll,1800642DC,FUN_1800642dc,953,auto,no,,,,
ACPIDriverDll,180064698,FUN_180064698,311,auto,no,,,,
ACPIDriverDll,1800647D0,FUN_1800647d0,301,auto,no,,,,
ACPIDriverDll,180064900,FUN_180064900,310,auto,no,,,,
ACPIDriverDll,180064A38,FUN_180064a38,1526,auto,no,,,,
ACPIDriverDll,180065030,FUN_180065030,125,auto,no,,,,
ACPIDriverDll,1800650B0,FUN_1800650b0,146,auto,no,,,,
ACPIDriverDll,180065144,FUN_180065144,920,auto,no,,,,
ACPIDriverDll,1800654E0,FUN_1800654e0,156,auto,no,,,,
ACPIDriverDll,18006557C,FUN_18006557c,180,auto,no,,,,
ACPIDriverDll,180065630,FUN_180065630,248,auto,no,,,,
ACPIDriverDll,180065728,FUN_180065728,669,auto,no,,,,
ACPIDriverDll,1800659C8,FUN_1800659c8,336,auto,no,,,,
ACPIDriverDll,180065B18,FUN_180065b18,280,auto,no,,,,
ACPIDriverDll,180065C30,FUN_180065c30,226,auto,no,,,,
ACPIDriverDll,180065D14,FUN_180065d14,382,auto,no,,,,
ACPIDriverDll,180065E94,FUN_180065e94,850,auto,no,,,,
ACPIDriverDll,1800661E8,FUN_1800661e8,207,auto,no,,,,
ACPIDriverDll,1800662BC,AFX_AUTOHIDE_DOCKSITE_SAVE_INFO,108,auto,yes,,,,
ACPIDriverDll,180066328,FUN_180066328,690,auto,no,,,,
ACPIDriverDll,1800665DC,CSmartDockingInfo,101,auto,yes,,,,
ACPIDriverDll,180066644,FUN_180066644,34,auto,no,,,,
ACPIDriverDll,180066668,FUN_180066668,34,auto,no,,,,
ACPIDriverDll,18006668C,FUN_18006668c,38,auto,no,,,,
ACPIDriverDll,1800666B4,FUN_1800666b4,308,auto,no,,,,
ACPIDriverDll,1800667E8,`scalar_deleting_destructor',89,auto,yes,,,,
ACPIDriverDll,180066844,`scalar_deleting_destructor',89,auto,yes,,,,
ACPIDriverDll,1800668A0,`scalar_deleting_destructor',89,auto,yes,,,,
ACPIDriverDll,1800668FC,`scalar_deleting_destructor',89,auto,yes,,,,
ACPIDriverDll,180066958,`scalar_deleting_destructor',66,auto,yes,,,,
ACPIDriverDll,18006699C,`scalar_deleting_destructor',45,auto,yes,,,,
ACPIDriverDll,1800669CC,FUN_1800669cc,42,auto,no,,,,
ACPIDriverDll,1800669F8,AddMiniFrame,67,auto,yes,,,,
ACPIDriverDll,180066A3C,FUN_180066a3c,246,auto,no,,,,
ACPIDriverDll,180066B34,FUN_180066b34,66,auto,no,,,,
ACPIDriverDll,180066B78,FUN_180066b78,63,auto,no,,,,
ACPIDriverDll,180066BB8,FUN_180066bb8,68,auto,no,,,,
ACPIDriverDll,180066BFC,AddTail,89,auto,yes,,,,
ACPIDriverDll,180066C58,FUN_180066c58,1578,auto,no,,,,
ACPIDriverDll,180067284,FUN_180067284,198,auto,no,,,,
ACPIDriverDll,18006734C,AdjustRectToClientArea,353,auto,yes,,,,
ACPIDriverDll,1800674B0,FUN_1800674b0,851,auto,no,,,,
ACPIDriverDll,180067804,FUN_180067804,405,auto,no,,,,
ACPIDriverDll,18006799C,FUN_18006799c,470,auto,no,,,,
ACPIDriverDll,180067B74,FUN_180067b74,165,auto,no,,,,
ACPIDriverDll,180067C1C,FUN_180067c1c,2012,auto,no,,,,
ACPIDriverDll,1800683FC,FUN_1800683fc,911,auto,no,,,,
ACPIDriverDll,18006878C,FUN_18006878c,583,auto,no,,,,
ACPIDriverDll,1800689D4,Copy,105,auto,yes,,,,
ACPIDriverDll,180068A40,FUN_180068a40,13,auto,no,,,,
ACPIDriverDll,180068A50,FUN_180068a50,573,auto,no,,,,
ACPIDriverDll,180068C90,FUN_180068c90,511,auto,no,,,,
ACPIDriverDll,180068E90,FUN_180068e90,68,auto,no,,,,
ACPIDriverDll,180068ED8,FUN_180068ed8,170,auto,no,,,,
ACPIDriverDll,180068F84,FindDockSiteByPane,118,auto,yes,,,,
ACPIDriverDll,180068FFC,FUN_180068ffc,484,auto,no,,,,
ACPIDriverDll,1800691E0,FUN_1800691e0,112,auto,no,,,,
ACPIDriverDll,180069254,FUN_180069254,205,auto,no,,,,
ACPIDriverDll,180069324,FUN_180069324,533,auto,no,,,,
ACPIDriverDll,18006953C,FUN_18006953c,135,auto,no,,,,
ACPIDriverDll,1800695C4,FUN_1800695c4,470,auto,no,,,,
ACPIDriverDll,18006979C,FUN_18006979c,123,auto,no,,,,
ACPIDriverDll,180069818,FUN_180069818,279,auto,no,,,,
ACPIDriverDll,180069930,FUN_180069930,986,auto,no,,,,
ACPIDriverDll,180069D1C,FUN_180069d1c,265,auto,no,,,,
ACPIDriverDll,180069E28,FUN_180069e28,166,auto,no,,,,
ACPIDriverDll,180069ED0,FUN_180069ed0,403,auto,no,,,,
ACPIDriverDll,18006A064,FUN_18006a064,8,auto,no,,,,
ACPIDriverDll,18006A06C,FUN_18006a06c,1110,auto,no,,,,
ACPIDriverDll,18006A4C4,FUN_18006a4c4,283,auto,no,,,,
ACPIDriverDll,18006A5E0,FUN_18006a5e0,205,auto,no,,,,
ACPIDriverDll,18006A6B0,FUN_18006a6b0,403,auto,no,,,,
ACPIDriverDll,18006A844,FUN_18006a844,365,auto,no,,,,
ACPIDriverDll,18006A9B4,FUN_18006a9b4,309,auto,no,,,,
ACPIDriverDll,18006AAEC,FUN_18006aaec,115,auto,no,,,,
ACPIDriverDll,18006AB60,FUN_18006ab60,97,auto,no,,,,
ACPIDriverDll,18006ABC4,RemoveHiddenMDITabbedBar,49,auto,yes,,,,
ACPIDriverDll,18006ABF8,RemoveMiniFrame,51,auto,yes,,,,
ACPIDriverDll,18006AC2C,FUN_18006ac2c,190,auto,no,,,,
ACPIDriverDll,18006ACEC,FUN_18006acec,246,auto,no,,,,
ACPIDriverDll,18006ADE4,FUN_18006ade4,893,auto,no,,,,
ACPIDriverDll,18006B170,FUN_18006b170,116,auto,no,,,,
ACPIDriverDll,18006B1E8,Serialize,146,auto,yes,,,,
ACPIDriverDll,18006B27C,Serialize,146,auto,yes,,,,
ACPIDriverDll,18006B310,Serialize,263,auto,yes,,,,
ACPIDriverDll,18006B418,FUN_18006b418,1180,auto,no,,,,
ACPIDriverDll,18006B8C4,FUN_18006b8c4,4328,auto,no,,,,
ACPIDriverDll,18006C9CC,FUN_18006c9cc,3315,auto,no,,,,
ACPIDriverDll,18006D6CC,FUN_18006d6cc,31,auto,no,,,,
ACPIDriverDll,18006D6EC,FUN_18006d6ec,419,auto,no,,,,
ACPIDriverDll,18006D890,FUN_18006d890,179,auto,no,,,,
ACPIDriverDll,18006D944,FUN_18006d944,529,auto,no,,,,
ACPIDriverDll,18006DB58,FUN_18006db58,36,auto,no,,,,
ACPIDriverDll,18006DB7C,FUN_18006db7c,66,auto,no,,,,
ACPIDriverDll,18006DBC0,`scalar_deleting_destructor',76,auto,yes,,,,
ACPIDriverDll,18006DC0C,FUN_18006dc0c,106,auto,no,,,,
ACPIDriverDll,18006DC78,FUN_18006dc78,10,auto,no,,,,
ACPIDriverDll,18006DC84,FUN_18006dc84,7,auto,no,,,,
ACPIDriverDll,18006DC8C,CreateObject,71,auto,yes,,,,
ACPIDriverDll,18006DCD4,FUN_18006dcd4,100,auto,no,,,,
ACPIDriverDll,18006DD38,FUN_18006dd38,36,auto,no,,,,
ACPIDriverDll,18006DD5C,FUN_18006dd5c,7,auto,no,,,,
ACPIDriverDll,18006DD64,FUN_18006dd64,125,auto,no,,,,
ACPIDriverDll,18006DDE4,FUN_18006dde4,7,auto,no,,,,
ACPIDriverDll,18006DDEC,FUN_18006ddec,8,auto,no,,,,
ACPIDriverDll,18006DDF4,FUN_18006ddf4,8,auto,no,,,,
ACPIDriverDll,18006DDFC,FUN_18006ddfc,182,auto,no,,,,
ACPIDriverDll,18006DEB4,FUN_18006deb4,32,auto,no,,,,
ACPIDriverDll,18006DED4,FUN_18006ded4,8,auto,no,,,,
ACPIDriverDll,18006DEDC,FUN_18006dedc,32,auto,no,,,,
ACPIDriverDll,18006DEFC,FUN_18006defc,7,auto,no,,,,
ACPIDriverDll,18006DF04,FUN_18006df04,7,auto,no,,,,
ACPIDriverDll,18006DF0C,FUN_18006df0c,34,auto,no,,,,
ACPIDriverDll,18006DF30,FUN_18006df30,7,auto,no,,,,
ACPIDriverDll,18006DF38,FUN_18006df38,32,auto,no,,,,
ACPIDriverDll,18006DF58,FUN_18006df58,41,auto,no,,,,
ACPIDriverDll,18006DF84,FUN_18006df84,34,auto,no,,,,
ACPIDriverDll,18006DFA8,FUN_18006dfa8,435,auto,no,,,,
ACPIDriverDll,18006E15C,OnDestroy,70,auto,yes,,,,
ACPIDriverDll,18006E1A4,FUN_18006e1a4,216,auto,no,,,,
ACPIDriverDll,18006E27C,FUN_18006e27c,370,auto,no,,,,
ACPIDriverDll,18006E3F0,Serialize,88,auto,yes,,,,
ACPIDriverDll,18006E448,FUN_18006e448,75,auto,no,,,,
ACPIDriverDll,18006E494,FUN_18006e494,364,auto,no,,,,
ACPIDriverDll,18006E604,FUN_18006e604,294,auto,no,,,,
ACPIDriverDll,18006E72C,CMFCBaseAccessibleObject,80,auto,yes,,,,
ACPIDriverDll,18006E77C,FUN_18006e77c,456,auto,no,,,,
ACPIDriverDll,18006E948,CMFCRibbonSeparator,50,auto,yes,,,,
ACPIDriverDll,18006E97C,FUN_18006e97c,264,auto,no,,,,
ACPIDriverDll,18006EA84,~CMFCBaseAccessibleObject,57,auto,yes,,,,
ACPIDriverDll,18006EAC0,FUN_18006eac0,303,auto,no,,,,
ACPIDriverDll,18006EBF0,`scalar_deleting_destructor',66,auto,yes,,,,
ACPIDriverDll,18006EC34,FUN_18006ec34,66,auto,no,,,,
ACPIDriverDll,18006EC78,FUN_18006ec78,66,auto,no,,,,
ACPIDriverDll,18006ECBC,FUN_18006ecbc,55,auto,no,,,,
ACPIDriverDll,18006ECF4,FUN_18006ecf4,193,auto,no,,,,
ACPIDriverDll,18006EDB8,FUN_18006edb8,480,auto,no,,,,
ACPIDriverDll,18006EF9C,FUN_18006ef9c,317,auto,no,,,,
ACPIDriverDll,18006F0DC,CanBeAddedToQuickAccessToolBar,84,auto,yes,,,,
ACPIDriverDll,18006F130,FUN_18006f130,88,auto,no,,,,
ACPIDriverDll,18006F188,FUN_18006f188,111,auto,no,,,,
ACPIDriverDll,18006F1F8,CopyFrom,284,auto,yes,,,,
ACPIDriverDll,18006F314,CopyFrom,44,auto,yes,,,,
ACPIDriverDll,18006F340,CreateObject,51,auto,yes,,,,
ACPIDriverDll,18006F374,FUN_18006f374,10,auto,no,,,,
ACPIDriverDll,18006F380,FUN_18006f380,14,auto,no,,,,
ACPIDriverDll,18006F390,FUN_18006f390,13,auto,no,,,,
ACPIDriverDll,18006F3A0,FUN_18006f3a0,14,auto,no,,,,
ACPIDriverDll,18006F3B0,FUN_18006f3b0,34,auto,no,,,,
ACPIDriverDll,18006F3D4,FUN_18006f3d4,41,auto,no,,,,
ACPIDriverDll,18006F400,FUN_18006f400,21,auto,no,,,,
ACPIDriverDll,18006F418,FUN_18006f418,39,auto,no,,,,
ACPIDriverDll,18006F440,FUN_18006f440,18,auto,no,,,,
ACPIDriverDll,18006F454,FUN_18006f454,35,auto,no,,,,
ACPIDriverDll,18006F478,FUN_18006f478,59,auto,no,,,,
ACPIDriverDll,18006F4B4,FUN_18006f4b4,39,auto,no,,,,
ACPIDriverDll,18006F4DC,FUN_18006f4dc,39,auto,no,,,,
ACPIDriverDll,18006F504,FUN_18006f504,140,auto,no,,,,
ACPIDriverDll,18006F590,FUN_18006f590,8,auto,no,,,,
ACPIDriverDll,18006F598,GetItemIDsList,71,auto,yes,,,,
ACPIDriverDll,18006F5E0,FUN_18006f5e0,13,auto,no,,,,
ACPIDriverDll,18006F5F0,FUN_18006f5f0,456,auto,no,,,,
ACPIDriverDll,18006F7BC,GetParentPanel,65,auto,yes,,,,
ACPIDriverDll,18006F800,FUN_18006f800,45,auto,no,,,,
ACPIDriverDll,18006F830,FUN_18006f830,39,auto,no,,,,
ACPIDriverDll,18006F858,FUN_18006f858,14,auto,no,,,,
ACPIDriverDll,18006F868,FUN_18006f868,8,auto,no,,,,
ACPIDriverDll,18006F870,FUN_18006f870,8,auto,no,,,,
ACPIDriverDll,18006F878,FUN_18006f878,8,auto,no,,,,
ACPIDriverDll,18006F880,FUN_18006f880,91,auto,no,,,,
ACPIDriverDll,18006F8DC,FUN_18006f8dc,595,auto,no,,,,
ACPIDriverDll,18006FB30,GetTopLevelRibbonBar,55,auto,yes,,,,
ACPIDriverDll,18006FB68,FUN_18006fb68,120,auto,no,,,,
ACPIDriverDll,18006FBE0,FUN_18006fbe0,91,auto,no,,,,
ACPIDriverDll,18006FC3C,GetVisibleElements,59,auto,yes,,,,
ACPIDriverDll,18006FC78,FUN_18006fc78,185,auto,no,,,,
ACPIDriverDll,18006FD34,FUN_18006fd34,7,auto,no,,,,
ACPIDriverDll,18006FD3C,FUN_18006fd3c,7,auto,no,,,,
ACPIDriverDll,18006FD44,FUN_18006fd44,7,auto,no,,,,
ACPIDriverDll,18006FD4C,FUN_18006fd4c,7,auto,no,,,,
ACPIDriverDll,18006FD54,FUN_18006fd54,7,auto,no,,,,
ACPIDriverDll,18006FD5C,FUN_18006fd5c,7,auto,no,,,,
ACPIDriverDll,18006FD64,FUN_18006fd64,34,auto,no,,,,
ACPIDriverDll,18006FD88,FUN_18006fd88,7,auto,no,,,,
ACPIDriverDll,18006FD90,FUN_18006fd90,13,auto,no,,,,
ACPIDriverDll,18006FDA0,FUN_18006fda0,462,auto,no,,,,
ACPIDriverDll,18006FF70,NotifyHighlightListItem,82,auto,yes,,,,
ACPIDriverDll,18006FFC4,FUN_18006ffc4,10,auto,no,,,,
ACPIDriverDll,18006FFD0,FUN_18006ffd0,28,auto,no,,,,
ACPIDriverDll,18006FFEC,FUN_18006ffec,38,auto,no,,,,
ACPIDriverDll,180070014,FUN_180070014,460,auto,no,,,,
ACPIDriverDll,1800701E0,FUN_1800701e0,155,auto,no,,,,
ACPIDriverDll,18007027C,FUN_18007027c,51,auto,no,,,,
ACPIDriverDll,1800702B0,FUN_1800702b0,311,auto,no,,,,
ACPIDriverDll,1800703E8,FUN_1800703e8,180,auto,no,,,,
ACPIDriverDll,18007049C,FUN_18007049c,348,auto,no,,,,
ACPIDriverDll,1800705F8,FUN_1800705f8,180,auto,no,,,,
ACPIDriverDll,1800706AC,OnShowPopupMenu,89,auto,yes,,,,
ACPIDriverDll,180070708,FUN_180070708,94,auto,no,,,,
ACPIDriverDll,180070768,FUN_180070768,88,auto,no,,,,
ACPIDriverDll,1800707C0,QueryInterface,86,auto,yes,,,,
ACPIDriverDll,180070818,FUN_180070818,116,auto,no,,,,
ACPIDriverDll,18007088C,FUN_18007088c,55,auto,no,,,,
ACPIDriverDll,1800708C4,FUN_1800708c4,907,auto,no,,,,
ACPIDriverDll,180070C50,FUN_180070c50,76,auto,no,,,,
ACPIDriverDll,180070CA0,FUN_180070ca0,154,auto,no,,,,
ACPIDriverDll,180070D3C,SetDescription,73,auto,yes,,,,
ACPIDriverDll,180070D88,FUN_180070d88,185,auto,no,,,,
ACPIDriverDll,180070E44,FUN_180070e44,7,auto,no,,,,
ACPIDriverDll,180070E4C,FUN_180070e4c,159,auto,no,,,,
ACPIDriverDll,180070EEC,SetKeys,148,auto,yes,,,,
ACPIDriverDll,180070F80,FUN_180070f80,37,auto,no,,,,
ACPIDriverDll,180070FA8,FUN_180070fa8,8,auto,no,,,,
ACPIDriverDll,180070FB0,FUN_180070fb0,8,auto,no,,,,
ACPIDriverDll,180070FB8,FUN_180070fb8,8,auto,no,,,,
ACPIDriverDll,180070FC0,FUN_180070fc0,364,auto,no,,,,
ACPIDriverDll,180071130,FUN_180071130,317,auto,no,,,,
ACPIDriverDll,180071270,FUN_180071270,7,auto,no,,,,
ACPIDriverDll,180071278,SetToolTipText,73,auto,yes,,,,
ACPIDriverDll,1800712C4,FUN_1800712c4,88,auto,no,,,,
ACPIDriverDll,18007131C,FUN_18007131c,349,auto,no,,,,
ACPIDriverDll,18007147C,FUN_18007147c,27,auto,no,,,,
ACPIDriverDll,180071498,FUN_180071498,102,auto,no,,,,
ACPIDriverDll,180071500,accHitTest,87,auto,yes,,,,
ACPIDriverDll,180071558,FUN_180071558,110,auto,no,,,,
ACPIDriverDll,1800715C8,FUN_1800715c8,305,auto,no,,,,
ACPIDriverDll,1800716FC,FUN_1800716fc,163,auto,no,,,,
ACPIDriverDll,1800717A0,FUN_1800717a0,278,auto,no,,,,
ACPIDriverDll,1800718B8,FUN_1800718b8,131,auto,no,,,,
ACPIDriverDll,18007193C,FUN_18007193c,116,auto,no,,,,
ACPIDriverDll,1800719B0,FUN_1800719b0,33,auto,no,,,,
ACPIDriverDll,1800719D4,FUN_1800719d4,118,auto,no,,,,
ACPIDriverDll,180071A4C,FUN_180071a4c,17,auto,no,,,,
ACPIDriverDll,180071A60,FUN_180071a60,81,auto,no,,,,
ACPIDriverDll,180071AB4,FUN_180071ab4,185,auto,no,,,,
ACPIDriverDll,180071B70,FUN_180071b70,118,auto,no,,,,
ACPIDriverDll,180071BE8,FUN_180071be8,179,auto,no,,,,
ACPIDriverDll,180071C9C,FUN_180071c9c,118,auto,no,,,,
ACPIDriverDll,180071D14,FUN_180071d14,16,auto,no,,,,
ACPIDriverDll,180071D24,FUN_180071d24,81,auto,no,,,,
ACPIDriverDll,180071D78,FUN_180071d78,105,auto,no,,,,
ACPIDriverDll,180071DE4,FUN_180071de4,118,auto,no,,,,
ACPIDriverDll,180071E5C,FUN_180071e5c,133,auto,no,,,,
ACPIDriverDll,180071EE4,FUN_180071ee4,179,auto,no,,,,
ACPIDriverDll,180071F98,FUN_180071f98,118,auto,no,,,,
ACPIDriverDll,180072010,FUN_180072010,173,auto,no,,,,
ACPIDriverDll,1800720C0,FUN_1800720c0,118,auto,no,,,,
ACPIDriverDll,180072138,FUN_180072138,18,auto,no,,,,
ACPIDriverDll,18007214C,get_accParent,81,auto,yes,,,,
ACPIDriverDll,1800721A0,FUN_1800721a0,81,auto,no,,,,
ACPIDriverDll,1800721F4,FUN_1800721f4,183,auto,no,,,,
ACPIDriverDll,1800722AC,FUN_1800722ac,118,auto,no,,,,
ACPIDriverDll,180072324,FUN_180072324,81,auto,no,,,,
ACPIDriverDll,180072378,FUN_180072378,176,auto,no,,,,
ACPIDriverDll,180072428,FUN_180072428,118,auto,no,,,,
ACPIDriverDll,1800724A0,FUN_1800724a0,179,auto,no,,,,
ACPIDriverDll,180072554,FUN_180072554,118,auto,no,,,,
ACPIDriverDll,1800725CC,FUN_1800725cc,118,auto,no,,,,
ACPIDriverDll,180072644,FUN_180072644,118,auto,no,,,,
ACPIDriverDll,1800726BC,CMFCRibbonButton,275,auto,yes,,,,
ACPIDriverDll,1800727D0,CMFCRibbonButton,176,auto,yes,,,,
ACPIDriverDll,180072880,FUN_180072880,36,auto,no,,,,
ACPIDriverDll,1800728A4,FUN_1800728a4,36,auto,no,,,,
ACPIDriverDll,1800728C8,FUN_1800728c8,159,auto,no,,,,
ACPIDriverDll,180072968,FUN_180072968,66,auto,no,,,,
ACPIDriverDll,1800729AC,FUN_1800729ac,66,auto,no,,,,
ACPIDriverDll,1800729F0,FUN_1800729f0,66,auto,no,,,,
ACPIDriverDll,180072A34,FUN_180072a34,158,auto,no,,,,
ACPIDriverDll,180072AD4,FUN_180072ad4,173,auto,no,,,,
ACPIDriverDll,180072B84,FUN_180072b84,52,auto,no,,,,
ACPIDriverDll,180072BB8,FUN_180072bb8,30,auto,no,,,,
ACPIDriverDll,180072BD8,FUN_180072bd8,119,auto,no,,,,
ACPIDriverDll,180072C50,CommonInit,216,auto,yes,,,,
ACPIDriverDll,180072D28,FUN_180072d28,593,auto,no,,,,
ACPIDriverDll,180072F7C,CreateObject,49,auto,yes,,,,
ACPIDriverDll,180072FB0,FUN_180072fb0,1883,auto,no,,,,
ACPIDriverDll,18007370C,FUN_18007370c,1038,auto,no,,,,
ACPIDriverDll,180073B1C,FUN_180073b1c,342,auto,no,,,,
ACPIDriverDll,180073C74,FUN_180073c74,856,auto,no,,,,
ACPIDriverDll,180073FD0,FUN_180073fd0,145,auto,no,,,,
ACPIDriverDll,180074064,FUN_180074064,143,auto,no,,,,
ACPIDriverDll,1800740F4,FUN_1800740f4,801,auto,no,,,,
ACPIDriverDll,180074418,FUN_180074418,143,auto,no,,,,
ACPIDriverDll,1800744A8,FUN_1800744a8,150,auto,no,,,,
ACPIDriverDll,180074540,FUN_180074540,70,auto,no,,,,
ACPIDriverDll,180074588,FUN_180074588,518,auto,no,,,,
ACPIDriverDll,180074790,FUN_180074790,419,auto,no,,,,
ACPIDriverDll,180074934,FUN_180074934,779,auto,no,,,,
ACPIDriverDll,180074C40,FUN_180074c40,807,auto,no,,,,
ACPIDriverDll,180074F68,FUN_180074f68,8,auto,no,,,,
ACPIDriverDll,180074F70,FUN_180074f70,7,auto,no,,,,
ACPIDriverDll,180074F78,FUN_180074f78,73,auto,no,,,,
ACPIDriverDll,180074FC4,FUN_180074fc4,55,auto,no,,,,
ACPIDriverDll,180074FFC,FUN_180074ffc,16,auto,no,,,,
ACPIDriverDll,18007500C,FUN_18007500c,26,auto,no,,,,
ACPIDriverDll,180075028,FUN_180075028,218,auto,no,,,,
ACPIDriverDll,180075104,FUN_180075104,7,auto,no,,,,
ACPIDriverDll,18007510C,FUN_18007510c,32,auto,no,,,,
ACPIDriverDll,18007512C,FUN_18007512c,49,auto,no,,,,
ACPIDriverDll,180075160,FUN_180075160,49,auto,no,,,,
ACPIDriverDll,180075194,FUN_180075194,71,auto,no,,,,
ACPIDriverDll,1800751DC,FUN_1800751dc,607,auto,no,,,,
ACPIDriverDll,18007543C,FUN_18007543c,794,auto,no,,,,
ACPIDriverDll,180075758,FUN_180075758,122,auto,no,,,,
ACPIDriverDll,1800757D4,FUN_1800757d4,3622,auto,no,,,,
ACPIDriverDll,1800765FC,FUN_1800765fc,113,auto,no,,,,
ACPIDriverDll,180076670,FUN_180076670,771,auto,no,,,,
ACPIDriverDll,180076974,FUN_180076974,113,auto,no,,,,
ACPIDriverDll,1800769E8,FUN_1800769e8,380,auto,no,,,,
ACPIDriverDll,180076B64,FUN_180076b64,176,auto,no,,,,
ACPIDriverDll,180076C14,FUN_180076c14,185,auto,no,,,,
ACPIDriverDll,180076CD0,FUN_180076cd0,202,auto,no,,,,
ACPIDriverDll,180076D9C,FUN_180076d9c,1166,auto,no,,,,
ACPIDriverDll,18007722C,FUN_18007722c,136,auto,no,,,,
ACPIDriverDll,1800772B8,FUN_1800772b8,140,auto,no,,,,
ACPIDriverDll,180077348,Serialize,88,auto,yes,,,,
ACPIDriverDll,1800773A0,FUN_1800773a0,231,auto,no,,,,
ACPIDriverDll,180077488,SetDescription,56,auto,yes,,,,
ACPIDriverDll,1800774C0,FUN_1800774c0,11,auto,no,,,,
ACPIDriverDll,1800774CC,FUN_1800774cc,182,auto,no,,,,
ACPIDriverDll,180077584,FUN_180077584,188,auto,no,,,,
ACPIDriverDll,180077644,FUN_180077644,135,auto,no,,,,
ACPIDriverDll,1800776CC,SetText,185,auto,yes,,,,
ACPIDriverDll,180077788,CMFCRibbonDefaultPanelButton,60,auto,yes,,,,
ACPIDriverDll,1800777C4,CMFCRibbonLaunchButton,41,auto,yes,,,,
ACPIDriverDll,1800777F0,FUN_1800777f0,374,auto,no,,,,
ACPIDriverDll,180077968,FUN_180077968,381,auto,no,,,,
ACPIDriverDll,180077AE8,~CMap<>,34,auto,yes,,,,
ACPIDriverDll,180077B0C,thunk_FUN_1800728c8,5,auto,no,,,,
ACPIDriverDll,180077B14,FUN_180077b14,224,auto,no,,,,
ACPIDriverDll,180077BF4,`scalar_deleting_destructor',89,auto,yes,,,,
ACPIDriverDll,180077C50,FUN_180077c50,66,auto,no,,,,
ACPIDriverDll,180077C94,FUN_180077c94,66,auto,no,,,,
ACPIDriverDll,180077CD8,`scalar_deleting_destructor',66,auto,yes,,,,
ACPIDriverDll,180077D1C,FUN_180077d1c,24,auto,no,,,,
ACPIDriverDll,180077D34,FUN_180077d34,23,auto,no,,,,
ACPIDriverDll,180077D4C,FUN_180077d4c,167,auto,no,,,,
ACPIDriverDll,180077DF4,FUN_180077df4,245,auto,no,,,,
ACPIDriverDll,180077EEC,FUN_180077eec,238,auto,no,,,,
ACPIDriverDll,180077FDC,FUN_180077fdc,153,auto,no,,,,
ACPIDriverDll,180078078,FUN_180078078,612,auto,no,,,,
ACPIDriverDll,1800782DC,FUN_1800782dc,105,auto,no,,,,
ACPIDriverDll,180078348,FUN_180078348,483,auto,no,,,,
ACPIDriverDll,18007852C,CreateObject,51,auto,yes,,,,
ACPIDriverDll,180078560,CreateObject,49,auto,yes,,,,
ACPIDriverDll,180078594,CreateObject,54,auto,yes,,,,
ACPIDriverDll,1800785CC,FUN_1800785cc,961,auto,no,,,,
ACPIDriverDll,180078990,FUN_180078990,752,auto,no,,,,
ACPIDriverDll,180078C80,FUN_180078c80,184,auto,no,,,,
ACPIDriverDll,180078D3C,GetCaptionSize,134,auto,yes,,,,
ACPIDriverDll,180078DC4,FUN_180078dc4,7,auto,no,,,,
ACPIDriverDll,180078DCC,FUN_180078dcc,164,auto,no,,,,
ACPIDriverDll,180078E74,FUN_180078e74,50,auto,no,,,,
ACPIDriverDll,180078EA8,FUN_180078ea8,206,auto,no,,,,
ACPIDriverDll,180078F78,FUN_180078f78,211,auto,no,,,,
ACPIDriverDll,18007904C,FUN_18007904c,413,auto,no,,,,
ACPIDriverDll,1800791EC,FUN_1800791ec,201,auto,no,,,,
ACPIDriverDll,1800792B8,GetGalleryRect,93,auto,yes,,,,
ACPIDriverDll,180079318,FUN_180079318,427,auto,no,,,,
ACPIDriverDll,1800794C4,FUN_1800794c4,8,auto,no,,,,
ACPIDriverDll,1800794CC,FUN_1800794cc,272,auto,no,,,,
ACPIDriverDll,1800795DC,FUN_1800795dc,77,auto,no,,,,
ACPIDriverDll,18007962C,FUN_18007962c,206,auto,no,,,,
ACPIDriverDll,1800796FC,FUN_1800796fc,360,auto,no,,,,
ACPIDriverDll,180079868,FUN_180079868,79,auto,no,,,,
ACPIDriverDll,1800798B8,FUN_1800798b8,719,auto,no,,,,
ACPIDriverDll,180079B8C,FUN_180079b8c,50,auto,no,,,,
ACPIDriverDll,180079BC0,FUN_180079bc0,8,auto,no,,,,
ACPIDriverDll,180079BC8,FUN_180079bc8,38,auto,no,,,,
ACPIDriverDll,180079BF0,FUN_180079bf0,119,auto,no,,,,
ACPIDriverDll,180079C68,FUN_180079c68,39,auto,no,,,,
ACPIDriverDll,180079C90,FUN_180079c90,8,auto,no,,,,
ACPIDriverDll,180079C98,FUN_180079c98,8,auto,no,,,,
ACPIDriverDll,180079CA0,FUN_180079ca0,8,auto,no,,,,
ACPIDriverDll,180079CA8,FUN_180079ca8,285,auto,no,,,,
ACPIDriverDll,180079DC8,FUN_180079dc8,184,auto,no,,,,
ACPIDriverDll,180079E84,FUN_180079e84,142,auto,no,,,,
ACPIDriverDll,180079F14,FUN_180079f14,733,auto,no,,,,
ACPIDriverDll,18007A1F4,FUN_18007a1f4,323,auto,no,,,,
ACPIDriverDll,18007A338,FUN_18007a338,164,auto,no,,,,
ACPIDriverDll,18007A3E0,FUN_18007a3e0,305,auto,no,,,,
ACPIDriverDll,18007A514,InsertSeparator,162,auto,yes,,,,
ACPIDriverDll,18007A5B8,IsCollapsed,70,auto,yes,,,,
ACPIDriverDll,18007A600,FUN_18007a600,191,auto,no,,,,
ACPIDriverDll,18007A6C0,FUN_18007a6c0,284,auto,no,,,,
ACPIDriverDll,18007A7DC,FUN_18007a7dc,292,auto,no,,,,
ACPIDriverDll,18007A900,FUN_18007a900,213,auto,no,,,,
ACPIDriverDll,18007A9D8,FUN_18007a9d8,182,auto,no,,,,
ACPIDriverDll,18007AA90,FUN_18007aa90,331,auto,no,,,,
ACPIDriverDll,18007ABDC,FUN_18007abdc,17,auto,no,,,,
ACPIDriverDll,18007ABF0,FUN_18007abf0,45,auto,no,,,,
ACPIDriverDll,18007AC20,FUN_18007ac20,57,auto,no,,,,
ACPIDriverDll,18007AC5C,FUN_18007ac5c,107,auto,no,,,,
ACPIDriverDll,18007ACC8,FUN_18007acc8,290,auto,no,,,,
ACPIDriverDll,18007ADEC,FUN_18007adec,1352,auto,no,,,,
ACPIDriverDll,18007B338,FUN_18007b338,138,auto,no,,,,
ACPIDriverDll,18007B3C4,FUN_18007b3c4,2817,auto,no,,,,
ACPIDriverDll,18007BEC8,FUN_18007bec8,39,auto,no,,,,
ACPIDriverDll,18007BEF0,FUN_18007bef0,176,auto,no,,,,
ACPIDriverDll,18007BFA4,FUN_18007bfa4,247,auto,no,,,,
ACPIDriverDll,18007C09C,FUN_18007c09c,192,auto,no,,,,
ACPIDriverDll,18007C160,FUN_18007c160,15,auto,no,,,,
ACPIDriverDll,18007C170,FUN_18007c170,182,auto,no,,,,
ACPIDriverDll,18007C228,FUN_18007c228,795,auto,no,,,,
ACPIDriverDll,18007C544,FUN_18007c544,134,auto,no,,,,
ACPIDriverDll,18007C5CC,FUN_18007c5cc,155,auto,no,,,,
ACPIDriverDll,18007C668,FUN_18007c668,3562,auto,no,,,,
ACPIDriverDll,18007D458,FUN_18007d458,5938,auto,no,,,,
ACPIDriverDll,18007EBA4,FUN_18007eba4,821,auto,no,,,,
ACPIDriverDll,18007EEDC,FUN_18007eedc,218,auto,no,,,,
ACPIDriverDll,18007EFB8,FUN_18007efb8,290,auto,no,,,,
ACPIDriverDll,18007F0DC,FUN_18007f0dc,34,auto,no,,,,
ACPIDriverDll,18007F100,SetACCData,186,auto,yes,,,,
ACPIDriverDll,18007F1BC,FUN_18007f1bc,250,auto,no,,,,
ACPIDriverDll,18007F2B8,FUN_18007f2b8,172,auto,no,,,,
ACPIDriverDll,18007F368,FUN_18007f368,490,auto,no,,,,
ACPIDriverDll,18007F554,FUN_18007f554,191,auto,no,,,,
ACPIDriverDll,18007F614,FUN_18007f614,421,auto,no,,,,
ACPIDriverDll,18007F7BC,FUN_18007f7bc,305,auto,no,,,,
ACPIDriverDll,18007F8F0,FUN_18007f8f0,409,auto,no,,,,
ACPIDriverDll,18007FA8C,get_accChildCount,98,auto,yes,,,,
ACPIDriverDll,18007FAF0,get_accParent,54,auto,yes,,,,
ACPIDriverDll,18007FB28,FUN_18007fb28,358,auto,no,,,,
ACPIDriverDll,18007FC90,FUN_18007fc90,48,auto,no,,,,
ACPIDriverDll,18007FCC0,CRibbonCategoryScroll,40,auto,yes,,,,
ACPIDriverDll,18007FCE8,FUN_18007fce8,36,auto,no,,,,
ACPIDriverDll,18007FD0C,FUN_18007fd0c,394,auto,no,,,,
ACPIDriverDll,18007FEA0,FUN_18007fea0,66,auto,no,,,,
ACPIDriverDll,18007FEE4,`scalar_deleting_destructor',66,auto,yes,,,,
ACPIDriverDll,18007FF28,FUN_18007ff28,66,auto,no,,,,
ACPIDriverDll,18007FF6C,FUN_18007ff6c,146,auto,no,,,,
ACPIDriverDll,180080000,FUN_180080000,744,auto,no,,,,
ACPIDriverDll,1800802E8,FUN_1800802e8,100,auto,no,,,,
ACPIDriverDll,180080350,FUN_180080350,593,auto,no,,,,
ACPIDriverDll,1800805A4,CopyFrom,56,auto,yes,,,,
ACPIDriverDll,1800805DC,FUN_1800805dc,44,auto,no,,,,
ACPIDriverDll,180080608,FUN_180080608,49,auto,no,,,,
ACPIDriverDll,18008063C,FUN_18008063c,584,auto,no,,,,
ACPIDriverDll,180080888,FUN_180080888,192,auto,no,,,,
ACPIDriverDll,18008094C,FUN_18008094c,142,auto,no,,,,
ACPIDriverDll,1800809DC,FUN_1800809dc,108,auto,no,,,,
ACPIDriverDll,180080A4C,FUN_180080a4c,208,auto,no,,,,
ACPIDriverDll,180080B20,FUN_180080b20,220,auto,no,,,,
ACPIDriverDll,180080C00,FUN_180080c00,123,auto,no,,,,
ACPIDriverDll,180080C7C,FUN_180080c7c,108,auto,no,,,,
ACPIDriverDll,180080CEC,FUN_180080cec,26,auto,no,,,,
ACPIDriverDll,180080D08,FUN_180080d08,321,auto,no,,,,
ACPIDriverDll,180080E4C,FUN_180080e4c,211,auto,no,,,,
ACPIDriverDll,180080F20,FUN_180080f20,221,auto,no,,,,
ACPIDriverDll,180081000,FUN_180081000,140,auto,no,,,,
ACPIDriverDll,180081090,FUN_180081090,41,auto,no,,,,
ACPIDriverDll,1800810BC,FUN_1800810bc,7,auto,no,,,,
ACPIDriverDll,1800810C4,FUN_1800810c4,147,auto,no,,,,
ACPIDriverDll,180081158,FUN_180081158,77,auto,no,,,,
ACPIDriverDll,1800811A8,FUN_1800811a8,50,auto,no,,,,
ACPIDriverDll,1800811DC,FUN_1800811dc,8,auto,no,,,,
ACPIDriverDll,1800811E4,FUN_1800811e4,8,auto,no,,,,
ACPIDriverDll,1800811EC,FUN_1800811ec,8,auto,no,,,,
ACPIDriverDll,1800811F4,FUN_1800811f4,165,auto,no,,,,
ACPIDriverDll,18008129C,FUN_18008129c,117,auto,no,,,,
ACPIDriverDll,180081314,FUN_180081314,249,auto,no,,,,
ACPIDriverDll,180081410,FUN_180081410,94,auto,no,,,,
ACPIDriverDll,180081470,FUN_180081470,59,auto,no,,,,
ACPIDriverDll,1800814AC,FUN_1800814ac,134,auto,no,,,,
ACPIDriverDll,180081534,FUN_180081534,182,auto,no,,,,
ACPIDriverDll,1800815EC,FUN_1800815ec,131,auto,no,,,,
ACPIDriverDll,180081670,FUN_180081670,72,auto,no,,,,
ACPIDriverDll,1800816B8,FUN_1800816b8,108,auto,no,,,,
ACPIDriverDll,180081728,FUN_180081728,17,auto,no,,,,
ACPIDriverDll,18008173C,FUN_18008173c,471,auto,no,,,,
ACPIDriverDll,180081914,FUN_180081914,392,auto,no,,,,
ACPIDriverDll,180081A9C,FUN_180081a9c,74,auto,no,,,,
ACPIDriverDll,180081AE8,FUN_180081ae8,445,auto,no,,,,
ACPIDriverDll,180081CA8,FUN_180081ca8,718,auto,no,,,,
ACPIDriverDll,180081F78,FUN_180081f78,136,auto,no,,,,
ACPIDriverDll,180082000,FUN_180082000,235,auto,no,,,,
ACPIDriverDll,1800820EC,FUN_1800820ec,142,auto,no,,,,
ACPIDriverDll,18008217C,FUN_18008217c,34,auto,no,,,,
ACPIDriverDll,1800821A0,FUN_1800821a0,83,auto,no,,,,
ACPIDriverDll,1800821F4,FUN_1800821f4,175,auto,no,,,,
ACPIDriverDll,1800822A4,FUN_1800822a4,166,auto,no,,,,
ACPIDriverDll,18008234C,FUN_18008234c,216,auto,no,,,,
ACPIDriverDll,180082428,FUN_180082428,312,auto,no,,,,
ACPIDriverDll,180082560,FUN_180082560,115,auto,no,,,,
ACPIDriverDll,1800825D4,FUN_1800825d4,148,auto,no,,,,
ACPIDriverDll,18008266C,FUN_18008266c,1140,auto,no,,,,
ACPIDriverDll,180082AE4,FUN_180082ae4,191,auto,no,,,,
ACPIDriverDll,180082BA4,Redraw,138,auto,yes,,,,
ACPIDriverDll,180082C30,FUN_180082c30,479,auto,no,,,,
ACPIDriverDll,180082E10,FUN_180082e10,101,auto,no,,,,
ACPIDriverDll,180082E78,SetACCData,138,auto,yes,,,,
ACPIDriverDll,180082F04,FUN_180082f04,390,auto,no,,,,
ACPIDriverDll,18008308C,FUN_18008308c,260,auto,no,,,,
ACPIDriverDll,180083194,FUN_180083194,322,auto,no,,,,
ACPIDriverDll,1800832D8,FUN_1800832d8,214,auto,no,,,,
ACPIDriverDll,1800833B0,FUN_1800833b0,188,auto,no,,,,
ACPIDriverDll,180083470,FUN_180083470,334,auto,no,,,,
ACPIDriverDll,1800835C0,FUN_1800835c0,312,auto,no,,,,
ACPIDriverDll,1800836FC,FUN_1800836fc,28,auto,no,,,,
ACPIDriverDll,180083718,FUN_180083718,272,auto,no,,,,
ACPIDriverDll,180083828,accLocation,212,auto,yes,,,,
ACPIDriverDll,1800838FC,FUN_1800838fc,264,auto,no,,,,
ACPIDriverDll,180083A08,FUN_180083a08,228,auto,no,,,,
ACPIDriverDll,180083AF0,FUN_180083af0,103,auto,no,,,,
ACPIDriverDll,180083B58,FUN_180083b58,22,auto,no,,,,
ACPIDriverDll,180083B70,FUN_180083b70,128,auto,no,,,,
ACPIDriverDll,180083BF4,get_accParent,72,auto,yes,,,,
ACPIDriverDll,180083C3C,get_accParent,95,auto,yes,,,,
ACPIDriverDll,180083C9C,FUN_180083c9c,494,auto,no,,,,
ACPIDriverDll,180083E8C,FUN_180083e8c,163,auto,no,,,,
ACPIDriverDll,180083F30,FUN_180083f30,174,auto,no,,,,
ACPIDriverDll,180083FE0,FUN_180083fe0,488,auto,no,,,,
ACPIDriverDll,1800841C8,UpdateTooltips,79,auto,yes,,,,
ACPIDriverDll,180084218,AUX_DATA,91,auto,yes,,,,
ACPIDriverDll,180084274,FUN_180084274,69,auto,no,,,,
ACPIDriverDll,1800842BC,UpdateSysColors,115,auto,yes,,,,
ACPIDriverDll,180084330,UpdateSysMetrics,146,auto,yes,,,,
ACPIDriverDll,1800843C4,CMFCControlBarImpl,18,auto,yes,,,,
ACPIDriverDll,1800843D8,FUN_1800843d8,11,auto,no,,,,
ACPIDriverDll,1800843E4,FUN_1800843e4,43,auto,no,,,,
ACPIDriverDll,180084410,FUN_180084410,210,auto,no,,,,
ACPIDriverDll,1800844E4,FUN_1800844e4,774,auto,no,,,,
ACPIDriverDll,1800847EC,GetBackgroundFromParent,79,auto,yes,,,,
ACPIDriverDll,18008483C,FUN_18008483c,308,auto,no,,,,
ACPIDriverDll,180084970,CPane,340,auto,yes,,,,
ACPIDriverDll,180084AC4,~CPane,73,auto,yes,,,,
ACPIDriverDll,180084B10,`scalar_deleting_destructor',66,auto,yes,,,,
ACPIDriverDll,180084B54,FUN_180084b54,347,auto,no,,,,
ACPIDriverDll,180084CB0,FUN_180084cb0,204,auto,no,,,,
ACPIDriverDll,180084D7C,FUN_180084d7c,274,auto,no,,,,
ACPIDriverDll,180084E90,FUN_180084e90,110,auto,no,,,,
ACPIDriverDll,180084F00,FUN_180084f00,109,auto,no,,,,
ACPIDriverDll,180084F70,FUN_180084f70,140,auto,no,,,,
ACPIDriverDll,180084FFC,Create,75,auto,yes,,,,
ACPIDriverDll,180085048,FUN_180085048,220,auto,no,,,,
ACPIDriverDll,180085124,FUN_180085124,594,auto,no,,,,
ACPIDriverDll,180085378,CreateObject,49,auto,yes,,,,
ACPIDriverDll,1800853AC,FUN_1800853ac,455,auto,no,,,,
ACPIDriverDll,180085574,FUN_180085574,132,auto,no,,,,
ACPIDriverDll,1800855F8,FUN_1800855f8,142,auto,no,,,,
ACPIDriverDll,180085688,FUN_180085688,193,auto,no,,,,
ACPIDriverDll,18008574C,FUN_18008574c,1409,auto,no,,,,
ACPIDriverDll,180085CD0,FUN_180085cd0,230,auto,no,,,,
ACPIDriverDll,180085DB8,FUN_180085db8,150,auto,no,,,,
ACPIDriverDll,180085E50,FUN_180085e50,8,auto,no,,,,
ACPIDriverDll,180085E58,FUN_180085e58,11,auto,no,,,,
ACPIDriverDll,180085E64,FUN_180085e64,26,auto,no,,,,
ACPIDriverDll,180085E80,FUN_180085e80,8,auto,no,,,,
ACPIDriverDll,180085E88,GetVirtualRect,54,auto,yes,,,,
ACPIDriverDll,180085EC0,FUN_180085ec0,636,auto,no,,,,
ACPIDriverDll,180086140,FUN_180086140,173,auto,no,,,,
ACPIDriverDll,1800861F0,IsTabbed,168,auto,yes,,,,
ACPIDriverDll,180086298,FUN_180086298,676,auto,no,,,,
ACPIDriverDll,180086540,FUN_180086540,302,auto,no,,,,
ACPIDriverDll,180086670,FUN_180086670,367,auto,no,,,,
ACPIDriverDll,1800867E0,OnAfterChangeParent,73,auto,yes,,,,
ACPIDriverDll,18008682C,FUN_18008682c,134,auto,no,,,,
ACPIDriverDll,1800868B4,FUN_1800868b4,43,auto,no,,,,
ACPIDriverDll,1800868E0,FUN_1800868e0,55,auto,no,,,,
ACPIDriverDll,180086918,FUN_180086918,146,auto,no,,,,
ACPIDriverDll,1800869AC,FUN_1800869ac,32,auto,no,,,,
ACPIDriverDll,1800869CC,FUN_1800869cc,146,auto,no,,,,
ACPIDriverDll,180086A60,FUN_180086a60,19,auto,no,,,,
ACPIDriverDll,180086A74,FUN_180086a74,200,auto,no,,,,
ACPIDriverDll,180086B40,FUN_180086b40,108,auto,no,,,,
ACPIDriverDll,180086BAC,FUN_180086bac,359,auto,no,,,,
ACPIDriverDll,180086D14,FUN_180086d14,600,auto,no,,,,
ACPIDriverDll,180086F6C,FUN_180086f6c,249,auto,no,,,,
ACPIDriverDll,180087068,FUN_180087068,89,auto,no,,,,
ACPIDriverDll,1800870C4,FUN_1800870c4,54,auto,no,,,,
ACPIDriverDll,1800870FC,FUN_1800870fc,124,auto,no,,,,
ACPIDriverDll,180087178,FUN_180087178,185,auto,no,,,,
ACPIDriverDll,180087234,FUN_180087234,2158,auto,no,,,,
ACPIDriverDll,180087AA8,FUN_180087aa8,100,auto,no,,,,
ACPIDriverDll,180087B0C,FUN_180087b0c,199,auto,no,,,,
ACPIDriverDll,180087BD4,FUN_180087bd4,123,auto,no,,,,
ACPIDriverDll,180087C50,FUN_180087c50,277,auto,no,,,,
ACPIDriverDll,180087D68,FUN_180087d68,764,auto,no,,,,
ACPIDriverDll,180088068,FUN_180088068,7,auto,no,,,,
ACPIDriverDll,180088070,FUN_180088070,31,auto,no,,,,
ACPIDriverDll,180088090,FUN_180088090,36,auto,no,,,,
ACPIDriverDll,1800880B4,FUN_1800880b4,214,auto,no,,,,
ACPIDriverDll,18008818C,FUN_18008818c,7,auto,no,,,,
ACPIDriverDll,180088194,FUN_180088194,66,auto,no,,,,
ACPIDriverDll,1800881D8,FUN_1800881d8,334,auto,no,,,,
ACPIDriverDll,180088328,FUN_180088328,85,auto,no,,,,
ACPIDriverDll,180088380,FUN_180088380,132,auto,no,,,,
ACPIDriverDll,180088404,FUN_180088404,143,auto,no,,,,
ACPIDriverDll,180088494,FUN_180088494,180,auto,no,,,,
ACPIDriverDll,180088548,CMFCBaseToolBar,33,auto,yes,,,,
ACPIDriverDll,18008856C,FUN_18008856c,15,auto,no,,,,
ACPIDriverDll,18008857C,`scalar_deleting_destructor',76,auto,yes,,,,
ACPIDriverDll,1800885C8,CreateObject,49,auto,yes,,,,
ACPIDriverDll,1800885FC,FUN_1800885fc,8,auto,no,,,,
ACPIDriverDll,180088604,FUN_180088604,8,auto,no,,,,
ACPIDriverDll,18008860C,OnAfterStretch,117,auto,yes,,,,
ACPIDriverDll,180088684,CMFCOutlookBarPane,307,auto,yes,,,,
ACPIDriverDll,1800887B8,~CMFCOutlookBarPane,68,auto,yes,,,,
ACPIDriverDll,1800887FC,FUN_1800887fc,66,auto,no,,,,
ACPIDriverDll,180088840,FUN_180088840,898,auto,no,,,,
ACPIDriverDll,180088BC4,CalcFixedLayout,91,auto,yes,,,,
ACPIDriverDll,180088C20,FUN_180088c20,13,auto,no,,,,
ACPIDriverDll,180088C30,FUN_180088c30,223,auto,no,,,,
ACPIDriverDll,180088D10,Create,39,auto,yes,,,,
ACPIDriverDll,180088D38,FUN_180088d38,78,auto,no,,,,
ACPIDriverDll,180088D88,CreateObject,49,auto,yes,,,,
ACPIDriverDll,180088DBC,FUN_180088dbc,954,auto,no,,,,
ACPIDriverDll,180089178,FUN_180089178,402,auto,no,,,,
ACPIDriverDll,18008930C,EnableContextMenuItems,206,auto,yes,,,,
ACPIDriverDll,1800893DC,FUN_1800893dc,12,auto,no,,,,
ACPIDriverDll,1800893E8,FUN_1800893e8,8,auto,no,,,,
ACPIDriverDll,1800893F0,FUN_1800893f0,8,auto,no,,,,
ACPIDriverDll,1800893F8,FUN_1800893f8,125,auto,no,,,,
ACPIDriverDll,180089478,FUN_180089478,240,auto,no,,,,
ACPIDriverDll,180089568,FUN_180089568,365,auto,no,,,,
ACPIDriverDll,1800896D8,FUN_1800896d8,292,auto,no,,,,
ACPIDriverDll,1800897FC,OnEraseWorkArea,269,auto,yes,,,,
ACPIDriverDll,18008990C,OnLButtonUp,63,auto,yes,,,,
ACPIDriverDll,18008994C,OnNcCalcSize,119,auto,yes,,,,
ACPIDriverDll,1800899D4,FUN_1800899d4,149,auto,no,,,,
ACPIDriverDll,180089A6C,OnSysColorChange,109,auto,yes,,,,
ACPIDriverDll,180089ADC,OnTimer,117,auto,yes,,,,
ACPIDriverDll,180089B54,PreTranslateMessage,468,auto,yes,,,,
ACPIDriverDll,180089D28,FUN_180089d28,84,auto,no,,,,
ACPIDriverDll,180089D7C,FUN_180089d7c,93,auto,no,,,,
ACPIDriverDll,180089DDC,FUN_180089ddc,151,auto,no,,,,
ACPIDriverDll,180089E74,FUN_180089e74,181,auto,no,,,,
ACPIDriverDll,180089F2C,ScrollPageUp,189,auto,yes,,,,
ACPIDriverDll,180089FEC,FUN_180089fec,172,auto,no,,,,
ACPIDriverDll,18008A098,FUN_18008a098,296,auto,no,,,,
ACPIDriverDll,18008A1C0,FUN_18008a1c0,224,auto,no,,,,
ACPIDriverDll,18008A2A4,CMFCOutlookBarPaneButton,68,auto,yes,,,,
ACPIDriverDll,18008A2E8,`scalar_deleting_destructor',76,auto,yes,,,,
ACPIDriverDll,18008A334,FUN_18008a334,15,auto,no,,,,
ACPIDriverDll,18008A344,CreateObject,49,auto,yes,,,,
ACPIDriverDll,18008A378,FUN_18008a378,71,auto,no,,,,
ACPIDriverDll,18008A3C0,FUN_18008a3c0,12,auto,no,,,,
ACPIDriverDll,18008A3CC,FUN_18008a3cc,8,auto,no,,,,
ACPIDriverDll,18008A3D4,FUN_18008a3d4,84,auto,no,,,,
ACPIDriverDll,18008A428,IsEditable,102,auto,yes,,,,
ACPIDriverDll,18008A490,FUN_18008a490,4,auto,no,,,,
ACPIDriverDll,18008A494,FUN_18008a494,117,auto,no,,,,
ACPIDriverDll,18008A50C,FUN_18008a50c,99,auto,no,,,,
ACPIDriverDll,18008A570,FUN_18008a570,531,auto,no,,,,
ACPIDriverDll,18008A784,FUN_18008a784,54,auto,no,,,,
ACPIDriverDll,18008A7BC,FUN_18008a7bc,1494,auto,no,,,,
ACPIDriverDll,18008AD94,FUN_18008ad94,4,auto,no,,,,
ACPIDriverDll,18008AD98,FUN_18008ad98,4,auto,no,,,,
ACPIDriverDll,18008AD9C,FUN_18008ad9c,212,auto,no,,,,
ACPIDriverDll,18008AE74,CMFCBaseTabCtrl,681,auto,yes,,,,
ACPIDriverDll,18008B120,FUN_18008b120,72,auto,no,,,,
ACPIDriverDll,18008B16C,FUN_18008b16c,381,auto,no,,,,
ACPIDriverDll,18008B2EC,FUN_18008b2ec,34,auto,no,,,,
ACPIDriverDll,18008B310,~CMap<>,34,auto,yes,,,,
ACPIDriverDll,18008B334,FUN_18008b334,188,auto,no,,,,
ACPIDriverDll,18008B3F0,FUN_18008b3f0,55,auto,no,,,,
ACPIDriverDll,18008B428,~COleDropTarget,5,auto,yes,,,,
ACPIDriverDll,18008B430,FUN_18008b430,138,auto,no,,,,
ACPIDriverDll,18008B4BC,`scalar_deleting_destructor',89,auto,yes,,,,
ACPIDriverDll,18008B518,`scalar_deleting_destructor',89,auto,yes,,,,
ACPIDriverDll,18008B574,`scalar_deleting_destructor',66,auto,yes,,,,
ACPIDriverDll,18008B5B8,`scalar_deleting_destructor',66,auto,yes,,,,
ACPIDriverDll,18008B5FC,FUN_18008b5fc,137,auto,no,,,,
ACPIDriverDll,18008B688,FUN_18008b688,7,auto,no,,,,
ACPIDriverDll,18008B690,FUN_18008b690,289,auto,no,,,,
ACPIDriverDll,18008B7B4,FUN_18008b7b4,162,auto,no,,,,
ACPIDriverDll,18008B858,FUN_18008b858,184,auto,no,,,,
ACPIDriverDll,18008B910,FUN_18008b910,1198,auto,no,,,,
ACPIDriverDll,18008BDC0,FUN_18008bdc0,310,auto,no,,,,
ACPIDriverDll,18008BEF8,FUN_18008bef8,77,auto,no,,,,
ACPIDriverDll,18008BF48,FUN_18008bf48,492,auto,no,,,,
ACPIDriverDll,18008C134,FUN_18008c134,1511,auto,no,,,,
ACPIDriverDll,18008C71C,FUN_18008c71c,146,auto,no,,,,
ACPIDriverDll,18008C7B0,FUN_18008c7b0,321,auto,no,,,,
ACPIDriverDll,18008C8F4,FUN_18008c8f4,69,auto,no,,,,
ACPIDriverDll,18008C93C,FUN_18008c93c,172,auto,no,,,,
ACPIDriverDll,18008C9E8,FUN_18008c9e8,152,auto,no,,,,
ACPIDriverDll,18008CA84,FUN_18008ca84,306,auto,no,,,,
ACPIDriverDll,18008CBB8,FireChangingActiveTab,153,auto,yes,,,,
ACPIDriverDll,18008CC54,FUN_18008cc54,57,auto,no,,,,
ACPIDriverDll,18008CC90,FUN_18008cc90,57,auto,no,,,,
ACPIDriverDll,18008CCCC,FUN_18008cccc,62,auto,no,,,,
ACPIDriverDll,18008CD0C,FUN_18008cd0c,22,auto,no,,,,
ACPIDriverDll,18008CD24,FUN_18008cd24,113,auto,no,,,,
ACPIDriverDll,18008CD98,FUN_18008cd98,38,auto,no,,,,
ACPIDriverDll,18008CDC0,FUN_18008cdc0,14,auto,no,,,,
ACPIDriverDll,18008CDD0,FUN_18008cdd0,84,auto,no,,,,
ACPIDriverDll,18008CE28,FUN_18008ce28,343,auto,no,,,,
ACPIDriverDll,18008CF80,FUN_18008cf80,8,auto,no,,,,
ACPIDriverDll,18008CF88,FUN_18008cf88,8,auto,no,,,,
ACPIDriverDll,18008CF90,FUN_18008cf90,119,auto,no,,,,
ACPIDriverDll,18008D008,FUN_18008d008,45,auto,no,,,,
ACPIDriverDll,18008D038,FUN_18008d038,84,auto,no,,,,
ACPIDriverDll,18008D090,FUN_18008d090,171,auto,no,,,,
ACPIDriverDll,18008D13C,FUN_18008d13c,134,auto,no,,,,
ACPIDriverDll,18008D1C4,FUN_18008d1c4,63,auto,no,,,,
ACPIDriverDll,18008D204,FUN_18008d204,62,auto,no,,,,
ACPIDriverDll,18008D244,FUN_18008d244,64,auto,no,,,,
ACPIDriverDll,18008D288,FUN_18008d288,64,auto,no,,,,
ACPIDriverDll,18008D2CC,FUN_18008d2cc,127,auto,no,,,,
ACPIDriverDll,18008D34C,FUN_18008d34c,14,auto,no,,,,
ACPIDriverDll,18008D35C,FUN_18008d35c,87,auto,no,,,,
ACPIDriverDll,18008D3B4,FUN_18008d3b4,64,auto,no,,,,
ACPIDriverDll,18008D3F8,FUN_18008d3f8,62,auto,no,,,,
ACPIDriverDll,18008D438,FUN_18008d438,113,auto,no,,,,
ACPIDriverDll,18008D4AC,FUN_18008d4ac,7,auto,no,,,,
ACPIDriverDll,18008D4B4,FUN_18008d4b4,7,auto,no,,,,
ACPIDriverDll,18008D4BC,FUN_18008d4bc,10,auto,no,,,,
ACPIDriverDll,18008D4C8,FUN_18008d4c8,81,auto,no,,,,
ACPIDriverDll,18008D51C,FUN_18008d51c,117,auto,no,,,,
ACPIDriverDll,18008D594,FUN_18008d594,46,auto,no,,,,
ACPIDriverDll,18008D5C4,InitAutoColors,451,auto,yes,,,,
ACPIDriverDll,18008D788,FUN_18008d788,217,auto,no,,,,
ACPIDriverDll,18008D864,FUN_18008d864,303,auto,no,,,,
ACPIDriverDll,18008D998,FUN_18008d998,686,auto,no,,,,
ACPIDriverDll,18008DC48,FUN_18008dc48,114,auto,no,,,,
ACPIDriverDll,18008DCBC,FUN_18008dcbc,79,auto,no,,,,
ACPIDriverDll,18008DD0C,FUN_18008dd0c,7,auto,no,,,,
ACPIDriverDll,18008DD14,FUN_18008dd14,7,auto,no,,,,
ACPIDriverDll,18008DD1C,FUN_18008dd1c,63,auto,no,,,,
ACPIDriverDll,18008DD5C,FUN_18008dd5c,63,auto,no,,,,
ACPIDriverDll,18008DD9C,FUN_18008dd9c,63,auto,no,,,,
ACPIDriverDll,18008DDDC,FUN_18008dddc,582,auto,no,,,,
ACPIDriverDll,18008E024,FUN_18008e024,177,auto,no,,,,
ACPIDriverDll,18008E0D8,FUN_18008e0d8,204,auto,no,,,,
ACPIDriverDll,18008E1A8,FUN_18008e1a8,213,auto,no,,,,
ACPIDriverDll,18008E280,OnCreate,83,auto,yes,,,,
ACPIDriverDll,18008E2D4,FUN_18008e2d4,38,auto,no,,,,
ACPIDriverDll,18008E2FC,FUN_18008e2fc,118,auto,no,,,,
ACPIDriverDll,18008E374,FUN_18008e374,39,auto,no,,,,
ACPIDriverDll,18008E39C,FUN_18008e39c,205,auto,no,,,,
ACPIDriverDll,18008E46C,FUN_18008e46c,124,auto,no,,,,
ACPIDriverDll,18008E4EC,FUN_18008e4ec,163,auto,no,,,,
ACPIDriverDll,18008E590,FUN_18008e590,510,auto,no,,,,
ACPIDriverDll,18008E790,FUN_18008e790,870,auto,no,,,,
ACPIDriverDll,18008EAF8,FUN_18008eaf8,811,auto,no,,,,
ACPIDriverDll,18008EE24,FUN_18008ee24,429,auto,no,,,,
ACPIDriverDll,18008EFD4,FUN_18008efd4,226,auto,no,,,,
ACPIDriverDll,18008F0B8,FUN_18008f0b8,220,auto,no,,,,
ACPIDriverDll,18008F198,FUN_18008f198,39,auto,no,,,,
ACPIDriverDll,18008F1C0,FUN_18008f1c0,30,auto,no,,,,
ACPIDriverDll,18008F1E0,FUN_18008f1e0,414,auto,no,,,,
ACPIDriverDll,18008F380,FUN_18008f380,104,auto,no,,,,
ACPIDriverDll,18008F3E8,FUN_18008f3e8,309,auto,no,,,,
ACPIDriverDll,18008F520,FUN_18008f520,140,auto,no,,,,
ACPIDriverDll,18008F5B0,FUN_18008f5b0,590,auto,no,,,,
ACPIDriverDll,18008F800,FUN_18008f800,292,auto,no,,,,
ACPIDriverDll,18008F928,FUN_18008f928,50,auto,no,,,,
ACPIDriverDll,18008F95C,Serialize,300,auto,yes,,,,
ACPIDriverDll,18008FA88,Serialize,234,auto,yes,,,,
ACPIDriverDll,18008FB74,FUN_18008fb74,1567,auto,no,,,,
ACPIDriverDll,1800901A8,SetACCData,160,auto,yes,,,,
ACPIDriverDll,180090248,FUN_180090248,94,auto,no,,,,
ACPIDriverDll,1800902A8,FUN_1800902a8,7,auto,no,,,,
ACPIDriverDll,1800902B0,FUN_1800902b0,284,auto,no,,,,
ACPIDriverDll,1800903D0,FUN_1800903d0,46,auto,no,,,,
ACPIDriverDll,180090400,FUN_180090400,372,auto,no,,,,
ACPIDriverDll,180090574,FUN_180090574,205,auto,no,,,,
ACPIDriverDll,180090644,FUN_180090644,81,auto,no,,,,
ACPIDriverDll,180090698,FUN_180090698,69,auto,no,,,,
ACPIDriverDll,1800906E0,FUN_1800906e0,103,auto,no,,,,
ACPIDriverDll,180090748,FUN_180090748,323,auto,no,,,,
ACPIDriverDll,18009088C,FUN_18009088c,101,auto,no,,,,
ACPIDriverDll,1800908F4,FUN_1800908f4,92,auto,no,,,,
ACPIDriverDll,180090954,FUN_180090954,475,auto,no,,,,
ACPIDriverDll,180090B30,FUN_180090b30,69,auto,no,,,,
ACPIDriverDll,180090B78,FUN_180090b78,127,auto,no,,,,
ACPIDriverDll,180090BF8,FUN_180090bf8,343,auto,no,,,,
ACPIDriverDll,180090D54,FUN_180090d54,413,auto,no,,,,
ACPIDriverDll,180090EF4,FUN_180090ef4,504,auto,no,,,,
ACPIDriverDll,1800910F0,FUN_1800910f0,111,auto,no,,,,
ACPIDriverDll,180091160,FUN_180091160,219,auto,no,,,,
ACPIDriverDll,18009123C,FUN_18009123c,236,auto,no,,,,
ACPIDriverDll,18009132C,FUN_18009132c,255,auto,no,,,,
ACPIDriverDll,18009142C,FUN_18009142c,302,auto,no,,,,
ACPIDriverDll,18009155C,FUN_18009155c,16,auto,no,,,,
ACPIDriverDll,18009156C,FUN_18009156c,154,auto,no,,,,
ACPIDriverDll,180091608,FUN_180091608,111,auto,no,,,,
ACPIDriverDll,180091678,FUN_180091678,241,auto,no,,,,
ACPIDriverDll,18009176C,FUN_18009176c,122,auto,no,,,,
ACPIDriverDll,1800917E8,FUN_1800917e8,121,auto,no,,,,
ACPIDriverDll,180091864,FUN_180091864,155,auto,no,,,,
ACPIDriverDll,180091904,CMFCPopupMenuBar,294,auto,yes,,,,
ACPIDriverDll,180091A2C,FUN_180091a2c,77,auto,no,,,,
ACPIDriverDll,180091A7C,`scalar_deleting_destructor',89,auto,yes,,,,
ACPIDriverDll,180091AD8,`scalar_deleting_destructor',66,auto,yes,,,,
ACPIDriverDll,180091B1C,FUN_180091b1c,143,auto,no,,,,
ACPIDriverDll,180091BAC,FUN_180091bac,878,auto,no,,,,
ACPIDriverDll,180091F20,FUN_180091f20,7,auto,no,,,,
ACPIDriverDll,180091F28,FUN_180091f28,890,auto,no,,,,
ACPIDriverDll,1800922A8,FUN_1800922a8,71,auto,no,,,,
ACPIDriverDll,1800922F0,FUN_1800922f0,292,auto,no,,,,
ACPIDriverDll,180092418,CreateObject,49,auto,yes,,,,
ACPIDriverDll,18009244C,DrawDragCursor,300,auto,yes,,,,
ACPIDriverDll,180092578,FUN_180092578,89,auto,no,,,,
ACPIDriverDll,1800925D4,EnableContextMenuItems,215,auto,yes,,,,
ACPIDriverDll,1800926AC,FUN_1800926ac,423,auto,no,,,,
ACPIDriverDll,180092858,FUN_180092858,317,auto,no,,,,
ACPIDriverDll,180092998,FUN_180092998,336,auto,no,,,,
ACPIDriverDll,180092AEC,GetCommandTarget,88,auto,yes,,,,
ACPIDriverDll,180092B44,FUN_180092b44,59,auto,no,,,,
ACPIDriverDll,180092B80,FUN_180092b80,161,auto,no,,,,
ACPIDriverDll,180092C24,FUN_180092c24,8,auto,no,,,,
ACPIDriverDll,180092C2C,FUN_180092c2c,8,auto,no,,,,
ACPIDriverDll,180092C34,FUN_180092c34,1700,auto,no,,,,
ACPIDriverDll,1800932DC,FUN_1800932dc,906,auto,no,,,,
ACPIDriverDll,180093668,FUN_180093668,52,auto,no,,,,
ACPIDriverDll,18009369C,OnCalcSeparatorRect,135,auto,yes,,,,
ACPIDriverDll,180093724,FUN_180093724,1031,auto,no,,,,
ACPIDriverDll,180093B2C,FUN_180093b2c,328,auto,no,,,,
ACPIDriverDll,180093C78,FUN_180093c78,237,auto,no,,,,
ACPIDriverDll,180093D68,FUN_180093d68,166,auto,no,,,,
ACPIDriverDll,180093E10,FUN_180093e10,366,auto,no,,,,
ACPIDriverDll,180093F80,FUN_180093f80,181,auto,no,,,,
ACPIDriverDll,180094038,FUN_180094038,1534,auto,no,,,,
ACPIDriverDll,180094638,FUN_180094638,147,auto,no,,,,
ACPIDriverDll,1800946CC,FUN_1800946cc,229,auto,no,,,,
ACPIDriverDll,1800947B4,FUN_1800947b4,295,auto,no,,,,
ACPIDriverDll,1800948DC,FUN_1800948dc,302,auto,no,,,,
ACPIDriverDll,180094A0C,FUN_180094a0c,358,auto,no,,,,
ACPIDriverDll,180094B74,FUN_180094b74,125,auto,no,,,,
ACPIDriverDll,180094BF4,FUN_180094bf4,594,auto,no,,,,
ACPIDriverDll,180094E48,FUN_180094e48,574,auto,no,,,,
ACPIDriverDll,180095088,FUN_180095088,139,auto,no,,,,
ACPIDriverDll,180095114,FUN_180095114,90,auto,no,,,,
ACPIDriverDll,180095170,FUN_180095170,138,auto,no,,,,
ACPIDriverDll,1800951FC,FUN_1800951fc,252,auto,no,,,,
ACPIDriverDll,1800952FC,FUN_1800952fc,122,auto,no,,,,
ACPIDriverDll,180095378,ShowCommandMessageString,81,auto,yes,,,,
ACPIDriverDll,1800953CC,FUN_1800953cc,144,auto,no,,,,
ACPIDriverDll,18009545C,FUN_18009545c,82,auto,no,,,,
ACPIDriverDll,1800954B0,FUN_1800954b0,82,auto,no,,,,
ACPIDriverDll,180095504,CMFCToolBarMenuButton,168,auto,yes,,,,
ACPIDriverDll,1800955AC,CMFCToolBarMenuButton,103,auto,yes,,,,
ACPIDriverDll,180095614,FUN_180095614,178,auto,no,,,,
ACPIDriverDll,1800956C8,`scalar_deleting_destructor',66,auto,yes,,,,
ACPIDriverDll,18009570C,FUN_18009570c,182,auto,no,,,,
ACPIDriverDll,1800957C4,FUN_1800957c4,333,auto,no,,,,
ACPIDriverDll,180095914,FUN_180095914,475,auto,no,,,,
ACPIDriverDll,180095AF0,FUN_180095af0,656,auto,no,,,,
ACPIDriverDll,180095D84,CreateObject,49,auto,yes,,,,
ACPIDriverDll,180095DB8,FUN_180095db8,49,auto,no,,,,
ACPIDriverDll,180095DEC,FUN_180095dec,266,auto,no,,,,
ACPIDriverDll,180095EF8,FUN_180095ef8,6013,auto,no,,,,
ACPIDriverDll,180097678,FUN_180097678,135,auto,no,,,,
ACPIDriverDll,180097700,FUN_180097700,8,auto,no,,,,
ACPIDriverDll,180097708,GetTextHorzOffsets,63,auto,yes,,,,
ACPIDriverDll,180097748,FUN_180097748,159,auto,no,,,,
ACPIDriverDll,1800977E8,Initialize,113,auto,yes,,,,
ACPIDriverDll,18009785C,FUN_18009785c,13,auto,no,,,,
ACPIDriverDll,18009786C,FUN_18009786c,12,auto,no,,,,
ACPIDriverDll,180097878,OnBeforeDrag,64,auto,yes,,,,
ACPIDriverDll,1800978B8,FUN_1800978b8,1052,auto,no,,,,
ACPIDriverDll,180097CD8,FUN_180097cd8,366,auto,no,,,,
ACPIDriverDll,180097E48,FUN_180097e48,231,auto,no,,,,
ACPIDriverDll,180097F30,FUN_180097f30,623,auto,no,,,,
ACPIDriverDll,1800981A0,FUN_1800981a0,17,auto,no,,,,
ACPIDriverDll,1800981B4,FUN_1800981b4,1304,auto,no,,,,
ACPIDriverDll,1800986CC,FUN_1800986cc,149,auto,no,,,,
ACPIDriverDll,180098764,FUN_180098764,780,auto,no,,,,
ACPIDriverDll,180098A74,FUN_180098a74,70,auto,no,,,,
ACPIDriverDll,180098ABC,FUN_180098abc,127,auto,no,,,,
ACPIDriverDll,180098B3C,FUN_180098b3c,619,auto,no,,,,
ACPIDriverDll,180098DB0,FUN_180098db0,191,auto,no,,,,
ACPIDriverDll,180098E70,SetRadio,129,auto,yes,,,,
ACPIDriverDll,180098EF4,SetTearOff,90,auto,yes,,,,
ACPIDriverDll,180098F50,FID_conflict:CMFCShowAllButton,33,auto,yes,,,,
ACPIDriverDll,180098F74,FUN_180098f74,15,auto,no,,,,
ACPIDriverDll,180098F84,`scalar_deleting_destructor',76,auto,yes,,,,
ACPIDriverDll,180098FD0,CreateObject,49,auto,yes,,,,
ACPIDriverDll,180099004,FUN_180099004,8,auto,no,,,,
ACPIDriverDll,18009900C,FUN_18009900c,96,auto,no,,,,
ACPIDriverDll,18009906C,FUN_18009906c,138,auto,no,,,,
ACPIDriverDll,1800990F8,FUN_1800990f8,296,auto,no,,,,
ACPIDriverDll,180099220,FUN_180099220,355,auto,no,,,,
ACPIDriverDll,180099388,FUN_180099388,702,auto,no,,,,
ACPIDriverDll,18009964C,FUN_18009964c,326,auto,no,,,,
ACPIDriverDll,180099794,FUN_180099794,66,auto,no,,,,
ACPIDriverDll,1800997D8,FUN_1800997d8,89,auto,no,,,,
ACPIDriverDll,180099834,FUN_180099834,119,auto,no,,,,
ACPIDriverDll,1800998AC,FUN_1800998ac,61,auto,no,,,,
ACPIDriverDll,1800998EC,FUN_1800998ec,213,auto,no,,,,
ACPIDriverDll,1800999C4,FUN_1800999c4,49,auto,no,,,,
ACPIDriverDll,1800999F8,FUN_1800999f8,169,auto,no,,,,
ACPIDriverDll,180099AA4,FUN_180099aa4,8,auto,no,,,,
ACPIDriverDll,180099AAC,FUN_180099aac,8,auto,no,,,,
ACPIDriverDll,180099AB4,FUN_180099ab4,367,auto,no,,,,
ACPIDriverDll,180099C24,FUN_180099c24,292,auto,no,,,,
ACPIDriverDll,180099D48,FUN_180099d48,34,auto,no,,,,
ACPIDriverDll,180099D6C,FUN_180099d6c,220,auto,no,,,,
ACPIDriverDll,180099E48,FUN_180099e48,108,auto,no,,,,
ACPIDriverDll,180099EB4,FUN_180099eb4,903,auto,no,,,,
ACPIDriverDll,18009A23C,FUN_18009a23c,330,auto,no,,,,
ACPIDriverDll,18009A388,FUN_18009a388,427,auto,no,,,,
ACPIDriverDll,18009A540,FUN_18009a540,206,auto,no,,,,
ACPIDriverDll,18009A610,FUN_18009a610,232,auto,no,,,,
ACPIDriverDll,18009A6F8,OnMouseLeave,152,auto,yes,,,,
ACPIDriverDll,18009A790,FUN_18009a790,316,auto,no,,,,
ACPIDriverDll,18009A8E4,FUN_18009a8e4,340,auto,no,,,,
ACPIDriverDll,18009AA38,FUN_18009aa38,512,auto,no,,,,
ACPIDriverDll,18009AC3C,FUN_18009ac3c,850,auto,no,,,,
ACPIDriverDll,18009AF90,FUN_18009af90,110,auto,no,,,,
ACPIDriverDll,18009B024,FUN_18009b024,55,auto,no,,,,
ACPIDriverDll,18009B05C,OnUpdateToolTips,252,auto,yes,,,,
ACPIDriverDll,18009B158,FUN_18009b158,141,auto,no,,,,
ACPIDriverDll,18009B1E8,FUN_18009b1e8,2050,auto,no,,,,
ACPIDriverDll,18009B9EC,UpdateTooltips,267,auto,yes,,,,
ACPIDriverDll,18009BAF8,CMFCAutoHideButton,63,auto,yes,,,,
ACPIDriverDll,18009BB38,`scalar_deleting_destructor',55,auto,yes,,,,
ACPIDriverDll,18009BB70,Create,90,auto,yes,,,,
ACPIDriverDll,18009BBCC,CreateObject,39,auto,yes,,,,
ACPIDriverDll,18009BBF4,FUN_18009bbf4,8,auto,no,,,,
ACPIDriverDll,18009BBFC,FUN_18009bbfc,592,auto,no,,,,
ACPIDriverDll,18009BE4C,FUN_18009be4c,438,auto,no,,,,
ACPIDriverDll,18009C004,FUN_18009c004,4,auto,no,,,,
ACPIDriverDll,18009C008,FUN_18009c008,4,auto,no,,,,
ACPIDriverDll,18009C00C,IsHorizontal,16,auto,yes,,,,
ACPIDriverDll,18009C01C,FUN_18009c01c,4,auto,no,,,,
ACPIDriverDll,18009C020,FUN_18009c020,1497,auto,no,,,,
ACPIDriverDll,18009C5FC,FUN_18009c5fc,113,auto,no,,,,
ACPIDriverDll,18009C670,FUN_18009c670,84,auto,no,,,,
ACPIDriverDll,18009C6C4,FUN_18009c6c4,110,auto,no,,,,
ACPIDriverDll,18009C734,FUN_18009c734,4,auto,no,,,,
ACPIDriverDll,18009C738,FUN_18009c738,34,auto,no,,,,
ACPIDriverDll,18009C75C,FUN_18009c75c,321,auto,no,,,,
ACPIDriverDll,18009C8A0,FUN_18009c8a0,296,auto,no,,,,
ACPIDriverDll,18009C9C8,`scalar_deleting_destructor',89,auto,yes,,,,
ACPIDriverDll,18009CA24,FUN_18009ca24,52,auto,no,,,,
ACPIDriverDll,18009CA58,FUN_18009ca58,609,auto,no,,,,
ACPIDriverDll,18009CCBC,AddFrame,72,auto,yes,,,,
ACPIDriverDll,18009CD04,FUN_18009cd04,12,auto,no,,,,
ACPIDriverDll,18009CD10,FUN_18009cd10,578,auto,no,,,,
ACPIDriverDll,18009CF54,FUN_18009cf54,102,auto,no,,,,
ACPIDriverDll,18009CFBC,FUN_18009cfbc,281,auto,no,,,,
ACPIDriverDll,18009D0D8,GetCaptionRect,342,auto,yes,,,,
ACPIDriverDll,18009D230,FUN_18009d230,125,auto,no,,,,
ACPIDriverDll,18009D2B0,GetShellAutohideBars,234,auto,yes,,,,
ACPIDriverDll,18009D39C,FUN_18009d39c,53,auto,no,,,,
ACPIDriverDll,18009D3D4,FUN_18009d3d4,332,auto,no,,,,
ACPIDriverDll,18009D524,IsHelpKey,90,auto,yes,,,,
ACPIDriverDll,18009D580,FUN_18009d580,28,auto,no,,,,
ACPIDriverDll,18009D59C,IsUserDefinedToolbar,42,auto,yes,,,,
ACPIDriverDll,18009D5C8,FUN_18009d5c8,118,auto,no,,,,
ACPIDriverDll,18009D640,FUN_18009d640,234,auto,no,,,,
ACPIDriverDll,18009D72C,FUN_18009d72c,1001,auto,no,,,,
ACPIDriverDll,18009DB18,FUN_18009db18,137,auto,no,,,,
ACPIDriverDll,18009DBA4,FUN_18009dba4,123,auto,no,,,,
ACPIDriverDll,18009DC20,FUN_18009dc20,736,auto,no,,,,
ACPIDriverDll,18009DF04,OnLButtonDown,56,auto,yes,,,,
ACPIDriverDll,18009DF3C,FUN_18009df3c,253,auto,no,,,,
ACPIDriverDll,18009E03C,FUN_18009e03c,214,auto,no,,,,
ACPIDriverDll,18009E114,FUN_18009e114,359,auto,no,,,,
ACPIDriverDll,18009E27C,FUN_18009e27c,101,auto,no,,,,
ACPIDriverDll,18009E2E4,FUN_18009e2e4,465,auto,no,,,,
ACPIDriverDll,18009E4B8,FUN_18009e4b8,605,auto,no,,,,
ACPIDriverDll,18009E718,FUN_18009e718,553,auto,no,,,,
ACPIDriverDll,18009E944,FUN_18009e944,78,auto,no,,,,
ACPIDriverDll,18009E994,FUN_18009e994,290,auto,no,,,,
ACPIDriverDll,18009EAB8,OnSetText,78,auto,yes,,,,
ACPIDriverDll,18009EB08,FUN_18009eb08,213,auto,no,,,,
ACPIDriverDll,18009EBE0,FUN_18009ebe0,512,auto,no,,,,
ACPIDriverDll,18009EDE0,FUN_18009ede0,208,auto,no,,,,
ACPIDriverDll,18009EEB0,FUN_18009eeb0,234,auto,no,,,,
ACPIDriverDll,18009EF9C,FUN_18009ef9c,802,auto,no,,,,
ACPIDriverDll,18009F2C0,FUN_18009f2c0,1690,auto,no,,,,
ACPIDriverDll,18009F95C,FUN_18009f95c,259,auto,no,,,,
ACPIDriverDll,18009FA60,FUN_18009fa60,260,auto,no,,,,
ACPIDriverDll,18009FB64,FUN_18009fb64,148,auto,no,,,,
ACPIDriverDll,18009FBF8,RemoveFrame,74,auto,yes,,,,
ACPIDriverDll,18009FC44,FUN_18009fc44,46,auto,no,,,,
ACPIDriverDll,18009FC74,FUN_18009fc74,437,auto,no,,,,
ACPIDriverDll,18009FE2C,FUN_18009fe2c,186,auto,no,,,,
ACPIDriverDll,18009FEE8,FUN_18009fee8,1093,auto,no,,,,
ACPIDriverDll,1800A0330,StopCaptionButtonsTracking,117,auto,yes,,,,
ACPIDriverDll,1800A03A8,FUN_1800a03a8,256,auto,no,,,,
ACPIDriverDll,1800A04A8,FUN_1800a04a8,575,auto,no,,,,
ACPIDriverDll,1800A06E8,CFrameWndEx,104,auto,yes,,,,
ACPIDriverDll,1800A0750,~CFrameWndEx,56,auto,yes,,,,
ACPIDriverDll,1800A0788,`scalar_deleting_destructor',66,auto,yes,,,,
ACPIDriverDll,1800A07CC,FUN_1800a07cc,83,auto,no,,,,
ACPIDriverDll,1800A0820,FUN_1800a0820,153,auto,no,,,,
ACPIDriverDll,1800A08BC,FUN_1800a08bc,278,auto,no,,,,
ACPIDriverDll,1800A09D4,FUN_1800a09d4,126,auto,no,,,,
ACPIDriverDll,1800A0A54,CreateObject,49,auto,yes,,,,
ACPIDriverDll,1800A0A88,FUN_1800a0a88,53,auto,no,,,,
ACPIDriverDll,1800A0AC0,FUN_1800a0ac0,12,auto,no,,,,
ACPIDriverDll,1800A0ACC,FUN_1800a0acc,125,auto,no,,,,
ACPIDriverDll,1800A0B4C,FUN_1800a0b4c,8,auto,no,,,,
ACPIDriverDll,1800A0B54,FUN_1800a0b54,27,auto,no,,,,
ACPIDriverDll,1800A0B70,FUN_1800a0b70,8,auto,no,,,,
ACPIDriverDll,1800A0B78,FUN_1800a0b78,7,auto,no,,,,
ACPIDriverDll,1800A0B80,FUN_1800a0b80,22,auto,no,,,,
ACPIDriverDll,1800A0B98,FUN_1800a0b98,12,auto,no,,,,
ACPIDriverDll,1800A0BA4,FUN_1800a0ba4,12,auto,no,,,,
ACPIDriverDll,1800A0BB0,LoadFrame,127,auto,yes,,,,
ACPIDriverDll,1800A0C30,FUN_1800a0c30,90,auto,no,,,,
ACPIDriverDll,1800A0C8C,OnActivate,73,auto,yes,,,,
ACPIDriverDll,1800A0CD8,FUN_1800a0cd8,62,auto,no,,,,
ACPIDriverDll,1800A0D18,FUN_1800a0d18,23,auto,no,,,,
ACPIDriverDll,1800A0D30,FUN_1800a0d30,116,auto,no,,,,
ACPIDriverDll,1800A0DA4,OnClosePopupMenu,168,auto,yes,,,,
ACPIDriverDll,1800A0E4C,OnCmdMsg,113,auto,yes,,,,
ACPIDriverDll,1800A0EC0,FUN_1800a0ec0,168,auto,no,,,,
ACPIDriverDll,1800A0F74,OnContextHelp,84,auto,yes,,,,
ACPIDriverDll,1800A0FC8,OnCreate,78,auto,yes,,,,
ACPIDriverDll,1800A1018,FUN_1800a1018,334,auto,no,,,,
ACPIDriverDll,1800A1168,FUN_1800a1168,19,auto,no,,,,
ACPIDriverDll,1800A117C,FUN_1800a117c,56,auto,no,,,,
ACPIDriverDll,1800A11B4,OnGetMinMaxInfo,60,auto,yes,,,,
ACPIDriverDll,1800A11F0,FUN_1800a11f0,34,auto,no,,,,
ACPIDriverDll,1800A1214,FUN_1800a1214,37,auto,no,,,,
ACPIDriverDll,1800A123C,FUN_1800a123c,37,auto,no,,,,
ACPIDriverDll,1800A1264,OnMenuChar,91,auto,yes,,,,
ACPIDriverDll,1800A12C0,FUN_1800a12c0,37,auto,no,,,,
ACPIDriverDll,1800A12E8,FUN_1800a12e8,21,auto,no,,,,
ACPIDriverDll,1800A1300,OnNcActivate,59,auto,yes,,,,
ACPIDriverDll,1800A133C,FUN_1800a133c,39,auto,no,,,,
ACPIDriverDll,1800A1364,FUN_1800a1364,46,auto,no,,,,
ACPIDriverDll,1800A1394,FUN_1800a1394,138,auto,no,,,,
ACPIDriverDll,1800A1420,FUN_1800a1420,39,auto,no,,,,
ACPIDriverDll,1800A1448,FUN_1800a1448,94,auto,no,,,,
ACPIDriverDll,1800A14A8,FUN_1800a14a8,81,auto,no,,,,
ACPIDriverDll,1800A14FC,FUN_1800a14fc,228,auto,no,,,,
ACPIDriverDll,1800A15E0,FUN_1800a15e0,62,auto,no,,,,
ACPIDriverDll,1800A1620,FUN_1800a1620,26,auto,no,,,,
ACPIDriverDll,1800A163C,FUN_1800a163c,72,auto,no,,,,
ACPIDriverDll,1800A1684,OnShowPopupMenu,85,auto,yes,,,,
ACPIDriverDll,1800A16DC,FUN_1800a16dc,407,auto,no,,,,
ACPIDriverDll,1800A1874,FUN_1800a1874,41,auto,no,,,,
ACPIDriverDll,1800A18A0,OnSysColorChange,48,auto,yes,,,,
ACPIDriverDll,1800A18D0,FUN_1800a18d0,33,auto,no,,,,
ACPIDriverDll,1800A18F4,FUN_1800a18f4,36,auto,no,,,,
ACPIDriverDll,1800A191C,FUN_1800a191c,215,auto,no,,,,
ACPIDriverDll,1800A19F4,FUN_1800a19f4,469,auto,no,,,,
ACPIDriverDll,1800A1BCC,FUN_1800a1bcc,99,auto,no,,,,
ACPIDriverDll,1800A1C30,FUN_1800a1c30,40,auto,no,,,,
ACPIDriverDll,1800A1C58,FUN_1800a1c58,50,auto,no,,,,
ACPIDriverDll,1800A1C8C,PreCreateWindow,87,auto,yes,,,,
ACPIDriverDll,1800A1CE4,FUN_1800a1ce4,1164,auto,no,,,,
ACPIDriverDll,1800A2170,FUN_1800a2170,508,auto,no,,,,
ACPIDriverDll,1800A236C,FUN_1800a236c,12,auto,no,,,,
ACPIDriverDll,1800A2378,FUN_1800a2378,48,auto,no,,,,
ACPIDriverDll,1800A23A8,FUN_1800a23a8,89,auto,no,,,,
ACPIDriverDll,1800A2404,FUN_1800a2404,22,auto,no,,,,
ACPIDriverDll,1800A241C,FUN_1800a241c,279,auto,no,,,,
ACPIDriverDll,1800A2534,thunk_FUN_1800d116c,5,auto,no,,,,
ACPIDriverDll,1800A253C,FUN_1800a253c,121,auto,no,,,,
ACPIDriverDll,1800A25B8,FUN_1800a25b8,66,auto,no,,,,
ACPIDriverDll,1800A25FC,FUN_1800a25fc,149,auto,no,,,,
ACPIDriverDll,1800A2694,FUN_1800a2694,153,auto,no,,,,
ACPIDriverDll,1800A2730,FUN_1800a2730,133,auto,no,,,,
ACPIDriverDll,1800A27B8,FUN_1800a27b8,126,auto,no,,,,
ACPIDriverDll,1800A2838,FUN_1800a2838,390,auto,no,,,,
ACPIDriverDll,1800A29C0,FUN_1800a29c0,178,auto,no,,,,
ACPIDriverDll,1800A2A74,FUN_1800a2a74,49,auto,no,,,,
ACPIDriverDll,1800A2AA8,FUN_1800a2aa8,12,auto,no,,,,
ACPIDriverDll,1800A2AB4,FUN_1800a2ab4,8,auto,no,,,,
ACPIDriverDll,1800A2ABC,FUN_1800a2abc,27,auto,no,,,,
ACPIDriverDll,1800A2AD8,GetRegisteredWithTaskBarMDIChildCount,101,auto,yes,,,,
ACPIDriverDll,1800A2B40,FUN_1800a2b40,8,auto,no,,,,
ACPIDriverDll,1800A2B48,GetWindowMenuPopup,40,auto,yes,,,,
ACPIDriverDll,1800A2B70,FUN_1800a2b70,22,auto,no,,,,
ACPIDriverDll,1800A2B88,FUN_1800a2b88,12,auto,no,,,,
ACPIDriverDll,1800A2B94,FUN_1800a2b94,12,auto,no,,,,
ACPIDriverDll,1800A2BA0,LoadFrame,151,auto,yes,,,,
ACPIDriverDll,1800A2C38,FUN_1800a2c38,19,auto,no,,,,
ACPIDriverDll,1800A2C4C,FUN_1800a2c4c,112,auto,no,,,,
ACPIDriverDll,1800A2CC0,OnActivate,73,auto,yes,,,,
ACPIDriverDll,1800A2D0C,FUN_1800a2d0c,62,auto,no,,,,
ACPIDriverDll,1800A2D4C,FUN_1800a2d4c,166,auto,no,,,,
ACPIDriverDll,1800A2DF4,FUN_1800a2df4,23,auto,no,,,,
ACPIDriverDll,1800A2E0C,FUN_1800a2e0c,167,auto,no,,,,
ACPIDriverDll,1800A2EB4,OnClosePopupMenu,168,auto,yes,,,,
ACPIDriverDll,1800A2F5C,OnCmdMsg,113,auto,yes,,,,
ACPIDriverDll,1800A2FD0,FUN_1800a2fd0,168,auto,no,,,,
ACPIDriverDll,1800A3084,OnContextHelp,84,auto,yes,,,,
ACPIDriverDll,1800A30D8,FUN_1800a30d8,634,auto,no,,,,
ACPIDriverDll,1800A3354,OnCreate,93,auto,yes,,,,
ACPIDriverDll,1800A33B4,OnCreateClient,57,auto,yes,,,,
ACPIDriverDll,1800A33F0,FUN_1800a33f0,335,auto,no,,,,
ACPIDriverDll,1800A3540,FUN_1800a3540,19,auto,no,,,,
ACPIDriverDll,1800A3554,FUN_1800a3554,56,auto,no,,,,
ACPIDriverDll,1800A358C,OnGetMinMaxInfo,60,auto,yes,,,,
ACPIDriverDll,1800A35C8,FUN_1800a35c8,34,auto,no,,,,
ACPIDriverDll,1800A35EC,FUN_1800a35ec,37,auto,no,,,,
ACPIDriverDll,1800A3614,FUN_1800a3614,37,auto,no,,,,
ACPIDriverDll,1800A363C,OnMenuChar,91,auto,yes,,,,
ACPIDriverDll,1800A3698,FUN_1800a3698,37,auto,no,,,,
ACPIDriverDll,1800A36C0,FUN_1800a36c0,21,auto,no,,,,
ACPIDriverDll,1800A36D8,OnNcActivate,59,auto,yes,,,,
ACPIDriverDll,1800A3714,FUN_1800a3714,39,auto,no,,,,
ACPIDriverDll,1800A373C,FUN_1800a373c,46,auto,no,,,,
ACPIDriverDll,1800A376C,FUN_1800a376c,34,auto,no,,,,
ACPIDriverDll,1800A3790,FUN_1800a3790,39,auto,no,,,,
ACPIDriverDll,1800A37B8,FUN_1800a37b8,105,auto,no,,,,
ACPIDriverDll,1800A3824,FUN_1800a3824,229,auto,no,,,,
ACPIDriverDll,1800A390C,FUN_1800a390c,219,auto,no,,,,
ACPIDriverDll,1800A39E8,FUN_1800a39e8,62,auto,no,,,,
ACPIDriverDll,1800A3A28,FUN_1800a3a28,26,auto,no,,,,
ACPIDriverDll,1800A3A44,FUN_1800a3a44,452,auto,no,,,,
ACPIDriverDll,1800A3C0C,FUN_1800a3c0c,72,auto,no,,,,
ACPIDriverDll,1800A3C54,FUN_1800a3c54,475,auto,no,,,,
ACPIDriverDll,1800A3E30,OnSysColorChange,48,auto,yes,,,,
ACPIDriverDll,1800A3E60,FUN_1800a3e60,33,auto,no,,,,
ACPIDriverDll,1800A3E84,FUN_1800a3e84,26,auto,no,,,,
ACPIDriverDll,1800A3EA0,FUN_1800a3ea0,215,auto,no,,,,
ACPIDriverDll,1800A3F78,FUN_1800a3f78,93,auto,no,,,,
ACPIDriverDll,1800A3FD8,OnWindowNew,142,auto,yes,,,,
ACPIDriverDll,1800A4068,OnWindowPosChanged,175,auto,yes,,,,
ACPIDriverDll,1800A4118,FUN_1800a4118,50,auto,no,,,,
ACPIDriverDll,1800A414C,PreCreateWindow,63,auto,yes,,,,
ACPIDriverDll,1800A418C,FUN_1800a418c,1107,auto,no,,,,
ACPIDriverDll,1800A45E0,FUN_1800a45e0,580,auto,no,,,,
ACPIDriverDll,1800A4824,FUN_1800a4824,12,auto,no,,,,
ACPIDriverDll,1800A4830,FUN_1800a4830,19,auto,no,,,,
ACPIDriverDll,1800A4844,FUN_1800a4844,779,auto,no,,,,
ACPIDriverDll,1800A4B50,FUN_1800a4b50,267,auto,no,,,,
ACPIDriverDll,1800A4C5C,FUN_1800a4c5c,22,auto,no,,,,
ACPIDriverDll,1800A4C74,FUN_1800a4c74,88,auto,no,,,,
ACPIDriverDll,1800A4CD0,FUN_1800a4cd0,114,auto,no,,,,
ACPIDriverDll,1800A4D44,FUN_1800a4d44,88,auto,no,,,,
ACPIDriverDll,1800A4D9C,FUN_1800a4d9c,82,auto,no,,,,
ACPIDriverDll,1800A4DF0,`scalar_deleting_destructor',66,auto,yes,,,,
ACPIDriverDll,1800A4E34,FUN_1800a4e34,66,auto,no,,,,
ACPIDriverDll,1800A4E78,FUN_1800a4e78,66,auto,no,,,,
ACPIDriverDll,1800A4EBC,FID_conflict:`scalar_deleting_destructor',66,auto,yes,,,,
ACPIDriverDll,1800A4F00,CommonInit,101,auto,yes,,,,
ACPIDriverDll,1800A4F68,FUN_1800a4f68,279,auto,no,,,,
ACPIDriverDll,1800A5080,FUN_1800a5080,213,auto,no,,,,
ACPIDriverDll,1800A5158,FUN_1800a5158,49,auto,no,,,,
ACPIDriverDll,1800A518C,FUN_1800a518c,325,auto,no,,,,
ACPIDriverDll,1800A52D4,FUN_1800a52d4,147,auto,no,,,,
ACPIDriverDll,1800A5368,FUN_1800a5368,75,auto,no,,,,
ACPIDriverDll,1800A53B4,FUN_1800a53b4,485,auto,no,,,,
ACPIDriverDll,1800A559C,FUN_1800a559c,8,auto,no,,,,
ACPIDriverDll,1800A55A4,FUN_1800a55a4,8,auto,no,,,,
ACPIDriverDll,1800A55AC,FUN_1800a55ac,7,auto,no,,,,
ACPIDriverDll,1800A55B4,FUN_1800a55b4,7,auto,no,,,,
ACPIDriverDll,1800A55BC,FUN_1800a55bc,8,auto,no,,,,
ACPIDriverDll,1800A55C4,FUN_1800a55c4,8,auto,no,,,,
ACPIDriverDll,1800A55CC,FUN_1800a55cc,7,auto,no,,,,
ACPIDriverDll,1800A55D4,FUN_1800a55d4,7,auto,no,,,,
ACPIDriverDll,1800A55DC,FUN_1800a55dc,24,auto,no,,,,
ACPIDriverDll,1800A55F4,FUN_1800a55f4,27,auto,no,,,,
ACPIDriverDll,1800A5610,FUN_1800a5610,189,auto,no,,,,
ACPIDriverDll,1800A56D0,FUN_1800a56d0,96,auto,no,,,,
ACPIDriverDll,1800A5730,FUN_1800a5730,328,auto,no,,,,
ACPIDriverDll,1800A587C,FUN_1800a587c,613,auto,no,,,,
ACPIDriverDll,1800A5AE4,OnDraw,152,auto,yes,,,,
ACPIDriverDll,1800A5B7C,FUN_1800a5b7c,494,auto,no,,,,
ACPIDriverDll,1800A5D6C,FUN_1800a5d6c,945,auto,no,,,,
ACPIDriverDll,1800A6120,OnEnable,76,auto,yes,,,,
ACPIDriverDll,1800A616C,FUN_1800a616c,98,auto,no,,,,
ACPIDriverDll,1800A61D0,FUN_1800a61d0,173,auto,no,,,,
ACPIDriverDll,1800A6280,FUN_1800a6280,206,auto,no,,,,
ACPIDriverDll,1800A6350,thunk_FUN_1800705f8,5,auto,no,,,,
ACPIDriverDll,1800A6358,FUN_1800a6358,131,auto,no,,,,
ACPIDriverDll,1800A63DC,FUN_1800a63dc,473,auto,no,,,,
ACPIDriverDll,1800A65B8,FUN_1800a65b8,166,auto,no,,,,
ACPIDriverDll,1800A6660,FUN_1800a6660,443,auto,no,,,,
ACPIDriverDll,1800A681C,FUN_1800a681c,111,auto,no,,,,
ACPIDriverDll,1800A688C,OnShow,90,auto,yes,,,,
ACPIDriverDll,1800A68E8,FUN_1800a68e8,78,auto,no,,,,
ACPIDriverDll,1800A6938,FUN_1800a6938,1418,auto,no,,,,
ACPIDriverDll,1800A6EC4,ProcessClipboardAccelerators,160,auto,yes,,,,
ACPIDriverDll,1800A6F64,FUN_1800a6f64,138,auto,no,,,,
ACPIDriverDll,1800A6FF0,FUN_1800a6ff0,927,auto,no,,,,
ACPIDriverDll,1800A7390,FUN_1800a7390,122,auto,no,,,,
ACPIDriverDll,1800A740C,FUN_1800a740c,420,auto,no,,,,
ACPIDriverDll,1800A75B4,CDockSite,89,auto,yes,,,,
ACPIDriverDll,1800A7610,FUN_1800a7610,139,auto,no,,,,
ACPIDriverDll,1800A769C,FUN_1800a769c,66,auto,no,,,,
ACPIDriverDll,1800A76E0,FUN_1800a76e0,242,auto,no,,,,
ACPIDriverDll,1800A77D4,FUN_1800a77d4,334,auto,no,,,,
ACPIDriverDll,1800A7924,FUN_1800a7924,62,auto,no,,,,
ACPIDriverDll,1800A7964,FUN_1800a7964,272,auto,no,,,,
ACPIDriverDll,1800A7A78,CalcWindowRect,5,auto,yes,,,,
ACPIDriverDll,1800A7A80,FUN_1800a7a80,52,auto,no,,,,
ACPIDriverDll,1800A7AB4,Create,45,auto,yes,,,,
ACPIDriverDll,1800A7AE4,FUN_1800a7ae4,489,auto,no,,,,
ACPIDriverDll,1800A7CD0,CreateObject,49,auto,yes,,,,
ACPIDriverDll,1800A7D04,FUN_1800a7d04,142,auto,no,,,,
ACPIDriverDll,1800A7D94,FUN_1800a7d94,1012,auto,no,,,,
ACPIDriverDll,1800A818C,FUN_1800a818c,440,auto,no,,,,
ACPIDriverDll,1800A8348,FUN_1800a8348,195,auto,no,,,,
ACPIDriverDll,1800A840C,FindPaneByID,126,auto,yes,,,,
ACPIDriverDll,1800A848C,FindRowByRect,56,auto,yes,,,,
ACPIDriverDll,1800A84C4,FUN_1800a84c4,63,auto,no,,,,
ACPIDriverDll,1800A8504,FUN_1800a8504,56,auto,no,,,,
ACPIDriverDll,1800A8540,FUN_1800a8540,8,auto,no,,,,
ACPIDriverDll,1800A8548,FUN_1800a8548,8,auto,no,,,,
ACPIDriverDll,1800A8550,FUN_1800a8550,86,auto,no,,,,
ACPIDriverDll,1800A85A8,FUN_1800a85a8,919,auto,no,,,,
ACPIDriverDll,1800A8940,FUN_1800a8940,116,auto,no,,,,
ACPIDriverDll,1800A89B4,OnDestroy,47,auto,yes,,,,
ACPIDriverDll,1800A89E4,FUN_1800a89e4,161,auto,no,,,,
ACPIDriverDll,1800A8A88,FUN_1800a8a88,78,auto,no,,,,
ACPIDriverDll,1800A8AD8,FUN_1800a8ad8,46,auto,no,,,,
ACPIDriverDll,1800A8B08,OnPaint,72,auto,yes,,,,
ACPIDriverDll,1800A8B50,FUN_1800a8b50,120,auto,no,,,,
ACPIDriverDll,1800A8BCC,FUN_1800a8bcc,153,auto,no,,,,
ACPIDriverDll,1800A8C68,FUN_1800a8c68,93,auto,no,,,,
ACPIDriverDll,1800A8CC8,FUN_1800a8cc8,64,auto,no,,,,
ACPIDriverDll,1800A8D0C,FUN_1800a8d0c,147,auto,no,,,,
ACPIDriverDll,1800A8DA0,FUN_1800a8da0,96,auto,no,,,,
ACPIDriverDll,1800A8E00,FUN_1800a8e00,177,auto,no,,,,
ACPIDriverDll,1800A8EB4,FUN_1800a8eb4,312,auto,no,,,,
ACPIDriverDll,1800A8FF0,FUN_1800a8ff0,235,auto,no,,,,
ACPIDriverDll,1800A90DC,FUN_1800a90dc,249,auto,no,,,,
ACPIDriverDll,1800A91D8,FUN_1800a91d8,95,auto,no,,,,
ACPIDriverDll,1800A9238,FUN_1800a9238,257,auto,no,,,,
ACPIDriverDll,1800A933C,FUN_1800a933c,115,auto,no,,,,
ACPIDriverDll,1800A93B0,FUN_1800a93b0,114,auto,no,,,,
ACPIDriverDll,1800A9424,FUN_1800a9424,311,auto,no,,,,
ACPIDriverDll,1800A955C,CMFCVisualManagerOfficeXP,407,auto,yes,,,,
ACPIDriverDll,1800A96F4,~CMFCVisualManagerOfficeXP,235,auto,yes,,,,
ACPIDriverDll,1800A97E0,`scalar_deleting_destructor',66,auto,yes,,,,
ACPIDriverDll,1800A9824,CreateGripperBrush,327,auto,yes,,,,
ACPIDriverDll,1800A996C,CreateObject,51,auto,yes,,,,
ACPIDriverDll,1800A99A0,FUN_1800a99a0,408,auto,no,,,,
ACPIDriverDll,1800A9B38,FUN_1800a9b38,46,auto,no,,,,
ACPIDriverDll,1800A9B68,GetHighlightedMenuItemTextColor,92,auto,yes,,,,
ACPIDriverDll,1800A9BC4,GetPropertyGridGroupColor,167,auto,yes,,,,
ACPIDriverDll,1800A9C6C,FUN_1800a9c6c,93,auto,no,,,,
ACPIDriverDll,1800A9CCC,FUN_1800a9ccc,213,auto,no,,,,
ACPIDriverDll,1800A9DA4,FUN_1800a9da4,8,auto,no,,,,
ACPIDriverDll,1800A9DAC,FUN_1800a9dac,18,auto,no,,,,
ACPIDriverDll,1800A9DC0,FUN_1800a9dc0,399,auto,no,,,,
ACPIDriverDll,1800A9F50,FUN_1800a9f50,46,auto,no,,,,
ACPIDriverDll,1800A9F80,FUN_1800a9f80,1084,auto,no,,,,
ACPIDriverDll,1800AA3C0,FUN_1800aa3c0,375,auto,no,,,,
ACPIDriverDll,1800AA538,FUN_1800aa538,682,auto,no,,,,
ACPIDriverDll,1800AA7E4,FUN_1800aa7e4,133,auto,no,,,,
ACPIDriverDll,1800AA86C,FUN_1800aa86c,217,auto,no,,,,
ACPIDriverDll,1800AA948,FUN_1800aa948,128,auto,no,,,,
ACPIDriverDll,1800AA9C8,FUN_1800aa9c8,467,auto,no,,,,
ACPIDriverDll,1800AAB9C,OnDrawCaptionButtonIcon,180,auto,yes,,,,
ACPIDriverDll,1800AAC50,OnDrawComboBorder,75,auto,yes,,,,
ACPIDriverDll,1800AAC9C,FUN_1800aac9c,552,auto,no,,,,
ACPIDriverDll,1800AAEC8,FUN_1800aaec8,95,auto,no,,,,
ACPIDriverDll,1800AAF28,FUN_1800aaf28,481,auto,no,,,,
ACPIDriverDll,1800AB10C,FUN_1800ab10c,312,auto,no,,,,
ACPIDriverDll,1800AB248,FUN_1800ab248,995,auto,no,,,,
ACPIDriverDll,1800AB62C,OnDrawMenuLabel,205,auto,yes,,,,
ACPIDriverDll,1800AB6FC,FUN_1800ab6fc,457,auto,no,,,,
ACPIDriverDll,1800AB8C8,FUN_1800ab8c8,353,auto,no,,,,
ACPIDriverDll,1800ABA2C,FUN_1800aba2c,707,auto,no,,,,
ACPIDriverDll,1800ABCF0,FUN_1800abcf0,261,auto,no,,,,
ACPIDriverDll,1800ABDF8,FUN_1800abdf8,567,auto,no,,,,
ACPIDriverDll,1800AC030,FUN_1800ac030,499,auto,no,,,,
ACPIDriverDll,1800AC224,FUN_1800ac224,450,auto,no,,,,
ACPIDriverDll,1800AC3E8,FUN_1800ac3e8,82,auto,no,,,,
ACPIDriverDll,1800AC43C,OnDrawPopupWindowButtonBorder,65,auto,yes,,,,
ACPIDriverDll,1800AC480,OnDrawPopupWindowCaption,81,auto,yes,,,,
ACPIDriverDll,1800AC4D4,FUN_1800ac4d4,171,auto,no,,,,
ACPIDriverDll,1800AC580,FUN_1800ac580,782,auto,no,,,,
ACPIDriverDll,1800AC890,FUN_1800ac890,355,auto,no,,,,
ACPIDriverDll,1800AC9F4,FUN_1800ac9f4,576,auto,no,,,,
ACPIDriverDll,1800ACC38,FUN_1800acc38,90,auto,no,,,,
ACPIDriverDll,1800ACC94,FUN_1800acc94,217,auto,no,,,,
ACPIDriverDll,1800ACD70,OnDrawRibbonRecentFilesFrame,161,auto,yes,,,,
ACPIDriverDll,1800ACE14,FUN_1800ace14,410,auto,no,,,,
ACPIDriverDll,1800ACFB0,OnDrawScrollButtons,237,auto,yes,,,,
ACPIDriverDll,1800AD0A0,FUN_1800ad0a0,574,auto,no,,,,
ACPIDriverDll,1800AD2E0,FUN_1800ad2e0,784,auto,no,,,,
ACPIDriverDll,1800AD5F0,FUN_1800ad5f0,146,auto,no,,,,
ACPIDriverDll,1800AD684,OnDrawSplitterBox,78,auto,yes,,,,
ACPIDriverDll,1800AD6D4,OnDrawStatusBarPaneBorder,145,auto,yes,,,,
ACPIDriverDll,1800AD768,FUN_1800ad768,1204,auto,no,,,,
ACPIDriverDll,1800ADC20,FUN_1800adc20,170,auto,no,,,,
ACPIDriverDll,1800ADCCC,FUN_1800adccc,259,auto,no,,,,
ACPIDriverDll,1800ADDD0,FUN_1800addd0,1069,auto,no,,,,
ACPIDriverDll,1800AE200,FUN_1800ae200,929,auto,no,,,,
ACPIDriverDll,1800AE5A4,FUN_1800ae5a4,587,auto,no,,,,
ACPIDriverDll,1800AE7F0,FUN_1800ae7f0,280,auto,no,,,,
ACPIDriverDll,1800AE908,FUN_1800ae908,164,auto,no,,,,
ACPIDriverDll,1800AE9AC,FUN_1800ae9ac,313,auto,no,,,,
ACPIDriverDll,1800AEAE8,FUN_1800aeae8,682,auto,no,,,,
ACPIDriverDll,1800AED94,FUN_1800aed94,399,auto,no,,,,
ACPIDriverDll,1800AEF24,FUN_1800aef24,310,auto,no,,,,
ACPIDriverDll,1800AF05C,FUN_1800af05c,393,auto,no,,,,
ACPIDriverDll,1800AF1E8,OnFillHighlightedArea,168,auto,yes,,,,
ACPIDriverDll,1800AF290,FUN_1800af290,346,auto,no,,,,
ACPIDriverDll,1800AF3EC,FUN_1800af3ec,44,auto,no,,,,
ACPIDriverDll,1800AF418,FUN_1800af418,1511,auto,no,,,,
ACPIDriverDll,1800AFA00,FUN_1800afa00,41,auto,no,,,,
ACPIDriverDll,1800AFA2C,FUN_1800afa2c,324,auto,no,,,,
ACPIDriverDll,1800AFB70,FUN_1800afb70,131,auto,no,,,,
ACPIDriverDll,1800AFBF4,FUN_1800afbf4,177,auto,no,,,,
ACPIDriverDll,1800AFCA8,FUN_1800afca8,78,auto,no,,,,
ACPIDriverDll,1800AFCF8,FUN_1800afcf8,109,auto,no,,,,
ACPIDriverDll,1800AFD68,FUN_1800afd68,2392,auto,no,,,,
ACPIDriverDll,1800B06C0,FUN_1800b06c0,190,auto,no,,,,
ACPIDriverDll,1800B0780,FUN_1800b0780,219,auto,no,,,,
ACPIDriverDll,1800B085C,FUN_1800b085c,72,auto,no,,,,
ACPIDriverDll,1800B08A4,FUN_1800b08a4,125,auto,no,,,,
ACPIDriverDll,1800B0924,FUN_1800b0924,123,auto,no,,,,
ACPIDriverDll,1800B09A0,`scalar_deleting_destructor',66,auto,yes,,,,
ACPIDriverDll,1800B09E4,FUN_1800b09e4,542,auto,no,,,,
ACPIDriverDll,1800B0C04,FUN_1800b0c04,577,auto,no,,,,
ACPIDriverDll,1800B0E48,FUN_1800b0e48,81,auto,no,,,,
ACPIDriverDll,1800B0E9C,FUN_1800b0e9c,587,auto,no,,,,
ACPIDriverDll,1800B10E8,FUN_1800b10e8,152,auto,no,,,,
ACPIDriverDll,1800B1180,CalcSysButtonSize,341,auto,yes,,,,
ACPIDriverDll,1800B12D8,FUN_1800b12d8,50,auto,no,,,,
ACPIDriverDll,1800B130C,FUN_1800b130c,12,auto,no,,,,
ACPIDriverDll,1800B1318,CreateEx,53,auto,yes,,,,
ACPIDriverDll,1800B1350,FUN_1800b1350,1260,auto,no,,,,
ACPIDriverDll,1800B1840,FUN_1800b1840,57,auto,no,,,,
ACPIDriverDll,1800B187C,FUN_1800b187c,49,auto,no,,,,
ACPIDriverDll,1800B18B0,FUN_1800b18b0,76,auto,no,,,,
ACPIDriverDll,1800B18FC,FUN_1800b18fc,242,auto,no,,,,
ACPIDriverDll,1800B19F0,FUN_1800b19f0,204,auto,no,,,,
ACPIDriverDll,1800B1AC0,FUN_1800b1ac0,20,auto,no,,,,
ACPIDriverDll,1800B1AD4,GetColumnWidth,58,auto,yes,,,,
ACPIDriverDll,1800B1B10,FUN_1800b1b10,214,auto,no,,,,
ACPIDriverDll,1800B1BE8,FUN_1800b1be8,69,auto,no,,,,
ACPIDriverDll,1800B1C30,FUN_1800b1c30,19,auto,no,,,,
ACPIDriverDll,1800B1C44,GetMenuFont,91,auto,yes,,,,
ACPIDriverDll,1800B1CA0,FUN_1800b1ca0,8,auto,no,,,,
ACPIDriverDll,1800B1CA8,FUN_1800b1ca8,41,auto,no,,,,
ACPIDriverDll,1800B1CD4,FUN_1800b1cd4,265,auto,no,,,,
ACPIDriverDll,1800B1DE0,FUN_1800b1de0,8,auto,no,,,,
ACPIDriverDll,1800B1DE8,FUN_1800b1de8,8,auto,no,,,,
ACPIDriverDll,1800B1DF0,FUN_1800b1df0,45,auto,no,,,,
ACPIDriverDll,1800B1E20,FUN_1800b1e20,156,auto,no,,,,
ACPIDriverDll,1800B1EBC,IsPureMenuButton,51,auto,yes,,,,
ACPIDriverDll,1800B1EF0,IsWindowVisible,91,auto,yes,,,,
ACPIDriverDll,1800B1F4C,FUN_1800b1f4c,1026,auto,no,,,,
ACPIDriverDll,1800B2350,FUN_1800b2350,147,auto,no,,,,
ACPIDriverDll,1800B23E4,FUN_1800b23e4,365,auto,no,,,,
ACPIDriverDll,1800B2554,FUN_1800b2554,372,auto,no,,,,
ACPIDriverDll,1800B26C8,FUN_1800b26c8,84,auto,no,,,,
ACPIDriverDll,1800B271C,OnSendCommand,146,auto,yes,,,,
ACPIDriverDll,1800B27B0,FUN_1800b27b0,184,auto,no,,,,
ACPIDriverDll,1800B286C,FUN_1800b286c,152,auto,no,,,,
ACPIDriverDll,1800B2904,OnSettingChange,54,auto,yes,,,,
ACPIDriverDll,1800B293C,FUN_1800b293c,185,auto,no,,,,
ACPIDriverDll,1800B29F8,FUN_1800b29f8,115,auto,no,,,,
ACPIDriverDll,1800B2A6C,FUN_1800b2a6c,545,auto,no,,,,
ACPIDriverDll,1800B2C90,FUN_1800b2c90,380,auto,no,,,,
ACPIDriverDll,1800B2E10,FUN_1800b2e10,607,auto,no,,,,
ACPIDriverDll,1800B3070,FUN_1800b3070,1175,auto,no,,,,
ACPIDriverDll,1800B350C,FUN_1800b350c,603,auto,no,,,,
ACPIDriverDll,1800B3768,FUN_1800b3768,60,auto,no,,,,
ACPIDriverDll,1800B37A4,FUN_1800b37a4,7,auto,no,,,,
ACPIDriverDll,1800B37AC,FUN_1800b37ac,884,auto,no,,,,
ACPIDriverDll,1800B3B20,FUN_1800b3b20,7,auto,no,,,,
ACPIDriverDll,1800B3B28,FUN_1800b3b28,7,auto,no,,,,
ACPIDriverDll,1800B3B30,FUN_1800b3b30,204,auto,no,,,,
ACPIDriverDll,1800B3BFC,CDockablePane,333,auto,yes,,,,
ACPIDriverDll,1800B3D4C,~CDockablePane,44,auto,yes,,,,
ACPIDriverDll,1800B3D78,operator>>,45,auto,yes,,,,
ACPIDriverDll,1800B3DA8,FUN_1800b3da8,66,auto,no,,,,
ACPIDriverDll,1800B3DEC,FID_conflict:`scalar_deleting_destructor',66,auto,yes,,,,
ACPIDriverDll,1800B3E30,FUN_1800b3e30,343,auto,no,,,,
ACPIDriverDll,1800B3F88,FUN_1800b3f88,1067,auto,no,,,,
ACPIDriverDll,1800B43B4,FUN_1800b43b4,273,auto,no,,,,
ACPIDriverDll,1800B44C8,CalcFixedLayout,91,auto,yes,,,,
ACPIDriverDll,1800B4524,FUN_1800b4524,486,auto,no,,,,
ACPIDriverDll,1800B470C,FUN_1800b470c,26,auto,no,,,,
ACPIDriverDll,1800B4728,FUN_1800b4728,196,auto,no,,,,
ACPIDriverDll,1800B47EC,FUN_1800b47ec,456,auto,no,,,,
ACPIDriverDll,1800B49B4,FUN_1800b49b4,562,auto,no,,,,
ACPIDriverDll,1800B4BE8,FUN_1800b4be8,201,auto,no,,,,
ACPIDriverDll,1800B4CB4,FUN_1800b4cb4,109,auto,no,,,,
ACPIDriverDll,1800B4D24,Create,95,auto,yes,,,,
ACPIDriverDll,1800B4D84,Create,144,auto,yes,,,,
ACPIDriverDll,1800B4E14,FUN_1800b4e14,284,auto,no,,,,
ACPIDriverDll,1800B4F30,FUN_1800b4f30,398,auto,no,,,,
ACPIDriverDll,1800B50C0,CreateObject,49,auto,yes,,,,
ACPIDriverDll,1800B50F4,FUN_1800b50f4,320,auto,no,,,,
ACPIDriverDll,1800B5234,FUN_1800b5234,919,auto,no,,,,
ACPIDriverDll,1800B55CC,FUN_1800b55cc,327,auto,no,,,,
ACPIDriverDll,1800B5714,FUN_1800b5714,457,auto,no,,,,
ACPIDriverDll,1800B58E0,FUN_1800b58e0,814,auto,no,,,,
ACPIDriverDll,1800B5C10,FUN_1800b5c10,369,auto,no,,,,
ACPIDriverDll,1800B5D84,FUN_1800b5d84,878,auto,no,,,,
ACPIDriverDll,1800B60FC,FUN_1800b60fc,28,auto,no,,,,
ACPIDriverDll,1800B6118,FUN_1800b6118,139,auto,no,,,,
ACPIDriverDll,1800B61A4,FUN_1800b61a4,12,auto,no,,,,
ACPIDriverDll,1800B61B0,FUN_1800b61b0,263,auto,no,,,,
ACPIDriverDll,1800B62B8,FUN_1800b62b8,140,auto,no,,,,
ACPIDriverDll,1800B6348,FUN_1800b6348,103,auto,no,,,,
ACPIDriverDll,1800B63B0,FUN_1800b63b0,35,auto,no,,,,
ACPIDriverDll,1800B63D4,FUN_1800b63d4,434,auto,no,,,,
ACPIDriverDll,1800B6588,FUN_1800b6588,8,auto,no,,,,
ACPIDriverDll,1800B6590,FUN_1800b6590,8,auto,no,,,,
ACPIDriverDll,1800B6598,FUN_1800b6598,33,auto,no,,,,
ACPIDriverDll,1800B65BC,FUN_1800b65bc,522,auto,no,,,,
ACPIDriverDll,1800B67C8,FUN_1800b67c8,233,auto,no,,,,
ACPIDriverDll,1800B68B4,FUN_1800b68b4,68,auto,no,,,,
ACPIDriverDll,1800B68F8,FUN_1800b68f8,51,auto,no,,,,
ACPIDriverDll,1800B692C,FUN_1800b692c,97,auto,no,,,,
ACPIDriverDll,1800B6990,thunk_FUN_180086298,5,auto,no,,,,
ACPIDriverDll,1800B6998,FUN_1800b6998,226,auto,no,,,,
ACPIDriverDll,1800B6A7C,FUN_1800b6a7c,59,auto,no,,,,
ACPIDriverDll,1800B6AB8,FUN_1800b6ab8,140,auto,no,,,,
ACPIDriverDll,1800B6B44,FUN_1800b6b44,176,auto,no,,,,
ACPIDriverDll,1800B6BF4,OnBeforeFloat,44,auto,yes,,,,
ACPIDriverDll,1800B6C20,FUN_1800b6c20,54,auto,no,,,,
ACPIDriverDll,1800B6C6C,FUN_1800b6c6c,88,auto,no,,,,
ACPIDriverDll,1800B6CC4,FUN_1800b6cc4,185,auto,no,,,,
ACPIDriverDll,1800B6D80,FUN_1800b6d80,235,auto,no,,,,
ACPIDriverDll,1800B6E6C,OnDrawDragRect,158,auto,yes,,,,
ACPIDriverDll,1800B6F0C,FUN_1800b6f0c,626,auto,no,,,,
ACPIDriverDll,1800B7180,FUN_1800b7180,301,auto,no,,,,
ACPIDriverDll,1800B72B0,FUN_1800b72b0,1259,auto,no,,,,
ACPIDriverDll,1800B77A0,FUN_1800b77a0,753,auto,no,,,,
ACPIDriverDll,1800B7A94,FUN_1800b7a94,945,auto,no,,,,
ACPIDriverDll,1800B7E48,FUN_1800b7e48,54,auto,no,,,,
ACPIDriverDll,1800B7E80,FUN_1800b7e80,43,auto,no,,,,
ACPIDriverDll,1800B7EAC,FUN_1800b7eac,50,auto,no,,,,
ACPIDriverDll,1800B7EE0,FUN_1800b7ee0,1102,auto,no,,,,
ACPIDriverDll,1800B8330,FUN_1800b8330,246,auto,no,,,,
ACPIDriverDll,1800B8428,FUN_1800b8428,198,auto,no,,,,
ACPIDriverDll,1800B84F0,FUN_1800b84f0,60,auto,no,,,,
ACPIDriverDll,1800B852C,FUN_1800b852c,72,auto,no,,,,
ACPIDriverDll,1800B8574,FUN_1800b8574,706,auto,no,,,,
ACPIDriverDll,1800B8838,FUN_1800b8838,60,auto,no,,,,
ACPIDriverDll,1800B8874,FUN_1800b8874,517,auto,no,,,,
ACPIDriverDll,1800B8A7C,FUN_1800b8a7c,350,auto,no,,,,
ACPIDriverDll,1800B8BDC,FUN_1800b8bdc,234,auto,no,,,,
ACPIDriverDll,1800B8CC8,OnUpdateCmdUI,148,auto,yes,,,,
ACPIDriverDll,1800B8D5C,OnUpdateToolTips,161,auto,yes,,,,
ACPIDriverDll,1800B8E00,FUN_1800b8e00,640,auto,no,,,,
ACPIDriverDll,1800B9080,FUN_1800b9080,145,auto,no,,,,
ACPIDriverDll,1800B9114,FUN_1800b9114,136,auto,no,,,,
ACPIDriverDll,1800B91A0,FUN_1800b91a0,189,auto,no,,,,
ACPIDriverDll,1800B9260,thunk_FUN_180087d68,5,auto,no,,,,
ACPIDriverDll,1800B9268,FUN_1800b9268,398,auto,no,,,,
ACPIDriverDll,1800B93FC,FUN_1800b93fc,792,auto,no,,,,
ACPIDriverDll,1800B9718,FUN_1800b9718,15,auto,no,,,,
ACPIDriverDll,1800B9728,SetCaptionButtons,217,auto,yes,,,,
ACPIDriverDll,1800B9804,FUN_1800b9804,75,auto,no,,,,
ACPIDriverDll,1800B9850,FUN_1800b9850,7,auto,no,,,,
ACPIDriverDll,1800B9858,FUN_1800b9858,844,auto,no,,,,
ACPIDriverDll,1800B9BA4,FUN_1800b9ba4,945,auto,no,,,,
ACPIDriverDll,1800B9F58,StopCaptionButtonsTracking,136,auto,yes,,,,
ACPIDriverDll,1800B9FE0,FUN_1800b9fe0,195,auto,no,,,,
ACPIDriverDll,1800BA0A4,FUN_1800ba0a4,220,auto,no,,,,
ACPIDriverDll,1800BA180,FUN_1800ba180,148,auto,no,,,,
ACPIDriverDll,1800BA214,FUN_1800ba214,250,auto,no,,,,
ACPIDriverDll,1800BA310,FUN_1800ba310,195,auto,no,,,,
ACPIDriverDll,1800BA3D4,FUN_1800ba3d4,295,auto,no,,,,
ACPIDriverDll,1800BA4FC,FUN_1800ba4fc,258,auto,no,,,,
ACPIDriverDll,1800BA600,FUN_1800ba600,198,auto,no,,,,
ACPIDriverDll,1800BA6C8,FUN_1800ba6c8,213,auto,no,,,,
ACPIDriverDll,1800BA7A0,FUN_1800ba7a0,575,auto,no,,,,
ACPIDriverDll,1800BA9E4,FUN_1800ba9e4,600,auto,no,,,,
ACPIDriverDll,1800BAC40,FUN_1800bac40,442,auto,no,,,,
ACPIDriverDll,1800BADFC,FUN_1800badfc,40,auto,no,,,,
ACPIDriverDll,1800BAE24,CMFCToolBarColorButton,207,auto,yes,,,,
ACPIDriverDll,1800BAEF4,FUN_1800baef4,177,auto,no,,,,
ACPIDriverDll,1800BAFA8,FUN_1800bafa8,34,auto,no,,,,
ACPIDriverDll,1800BAFCC,FUN_1800bafcc,15,auto,no,,,,
ACPIDriverDll,1800BAFDC,FUN_1800bafdc,223,auto,no,,,,
ACPIDriverDll,1800BB0BC,FUN_1800bb0bc,15,auto,no,,,,
ACPIDriverDll,1800BB0CC,FUN_1800bb0cc,136,auto,no,,,,
ACPIDriverDll,1800BB158,`scalar_deleting_destructor',89,auto,yes,,,,
ACPIDriverDll,1800BB1B4,`scalar_deleting_destructor',89,auto,yes,,,,
ACPIDriverDll,1800BB210,FID_conflict:`scalar_deleting_destructor',76,auto,yes,,,,
ACPIDriverDll,1800BB25C,`scalar_deleting_destructor',66,auto,yes,,,,
ACPIDriverDll,1800BB2A0,FUN_1800bb2a0,66,auto,no,,,,
ACPIDriverDll,1800BB2E4,FUN_1800bb2e4,76,auto,no,,,,
ACPIDriverDll,1800BB330,FUN_1800bb330,59,auto,no,,,,
ACPIDriverDll,1800BB36C,FUN_1800bb36c,969,auto,no,,,,
ACPIDriverDll,1800BB738,CalcSize,103,auto,yes,,,,
ACPIDriverDll,1800BB7A0,FUN_1800bb7a0,603,auto,no,,,,
ACPIDriverDll,1800BB9FC,Create,126,auto,yes,,,,
ACPIDriverDll,1800BBA7C,FUN_1800bba7c,485,auto,no,,,,
ACPIDriverDll,1800BBC64,FUN_1800bbc64,49,auto,no,,,,
ACPIDriverDll,1800BBC98,CreateObject,74,auto,yes,,,,
ACPIDriverDll,1800BBCE4,FUN_1800bbce4,291,auto,no,,,,
ACPIDriverDll,1800BBE08,DoPaint,75,auto,yes,,,,
ACPIDriverDll,1800BBE54,FUN_1800bbe54,141,auto,no,,,,
ACPIDriverDll,1800BBEE4,FUN_1800bbee4,212,auto,no,,,,
ACPIDriverDll,1800BBFB8,FUN_1800bbfb8,202,auto,no,,,,
ACPIDriverDll,1800BC084,FUN_1800bc084,8,auto,no,,,,
ACPIDriverDll,1800BC08C,FUN_1800bc08c,8,auto,no,,,,
ACPIDriverDll,1800BC094,FUN_1800bc094,8,auto,no,,,,
ACPIDriverDll,1800BC09C,FUN_1800bc09c,209,auto,no,,,,
ACPIDriverDll,1800BC170,Lookup,52,auto,yes,,,,
ACPIDriverDll,1800BC1A4,FUN_1800bc1a4,222,auto,no,,,,
ACPIDriverDll,1800BC284,FUN_1800bc284,117,auto,no,,,,
ACPIDriverDll,1800BC2FC,FUN_1800bc2fc,54,auto,no,,,,
ACPIDriverDll,1800BC334,FUN_1800bc334,184,auto,no,,,,
ACPIDriverDll,1800BC3EC,FUN_1800bc3ec,91,auto,no,,,,
ACPIDriverDll,1800BC448,FUN_1800bc448,1578,auto,no,,,,
ACPIDriverDll,1800BCA74,FUN_1800bca74,178,auto,no,,,,
ACPIDriverDll,1800BCB28,FUN_1800bcb28,32,auto,no,,,,
ACPIDriverDll,1800BCB48,FUN_1800bcb48,94,auto,no,,,,
ACPIDriverDll,1800BCBA8,FUN_1800bcba8,99,auto,no,,,,
ACPIDriverDll,1800BCC0C,FUN_1800bcc0c,287,auto,no,,,,
ACPIDriverDll,1800BCD2C,FUN_1800bcd2c,32,auto,no,,,,
ACPIDriverDll,1800BCD74,OnPaletteChanged,85,auto,yes,,,,
ACPIDriverDll,1800BCDCC,FUN_1800bcdcc,48,auto,no,,,,
ACPIDriverDll,1800BCDFC,FUN_1800bcdfc,1035,auto,no,,,,
ACPIDriverDll,1800BD208,FUN_1800bd208,294,auto,no,,,,
ACPIDriverDll,1800BD330,FUN_1800bd330,344,auto,no,,,,
ACPIDriverDll,1800BD48C,FUN_1800bd48c,328,auto,no,,,,
ACPIDriverDll,1800BD5D4,PreTranslateMessage,271,auto,yes,,,,
ACPIDriverDll,1800BD6E4,FUN_1800bd6e4,951,auto,no,,,,
ACPIDriverDll,1800BDAA0,FUN_1800bdaa0,212,auto,no,,,,
ACPIDriverDll,1800BDB78,Serialize,371,auto,yes,,,,
ACPIDriverDll,1800BDCEC,FUN_1800bdcec,1703,auto,no,,,,
ACPIDriverDll,1800BE3A8,FUN_1800be3a8,498,auto,no,,,,
ACPIDriverDll,1800BE59C,FUN_1800be59c,23,auto,no,,,,
ACPIDriverDll,1800BE5B4,FUN_1800be5b4,23,auto,no,,,,
ACPIDriverDll,1800BE5CC,ShowCommandMessageString,81,auto,yes,,,,
ACPIDriverDll,1800BE620,FUN_1800be620,73,auto,no,,,,
ACPIDriverDll,1800BE66C,CMFCRibbonPanelMenu,66,auto,yes,,,,
ACPIDriverDll,1800BE6B0,CMFCRibbonPanelMenu,115,auto,yes,,,,
ACPIDriverDll,1800BE724,FUN_1800be724,202,auto,no,,,,
ACPIDriverDll,1800BE7F0,CMFCRibbonPanelMenu,82,auto,yes,,,,
ACPIDriverDll,1800BE844,CMFCRibbonPanelMenuBar,185,auto,yes,,,,
ACPIDriverDll,1800BE900,CMFCRibbonPanelMenuBar,228,auto,yes,,,,
ACPIDriverDll,1800BE9E4,CMFCRibbonPanelMenuBar,272,auto,yes,,,,
ACPIDriverDll,1800BEAF4,FUN_1800beaf4,415,auto,no,,,,
ACPIDriverDll,1800BECA8,~CMFCRibbonPanelMenu,51,auto,yes,,,,
ACPIDriverDll,1800BECDC,FUN_1800becdc,467,auto,no,,,,
ACPIDriverDll,1800BEEB0,`scalar_deleting_destructor',52,auto,yes,,,,
ACPIDriverDll,1800BEEE4,`scalar_deleting_destructor',66,auto,yes,,,,
ACPIDriverDll,1800BEF28,`scalar_deleting_destructor',66,auto,yes,,,,
ACPIDriverDll,1800BEF6C,FUN_1800bef6c,342,auto,no,,,,
ACPIDriverDll,1800BF0C4,FUN_1800bf0c4,426,auto,no,,,,
ACPIDriverDll,1800BF270,FUN_1800bf270,1217,auto,no,,,,
ACPIDriverDll,1800BF738,FUN_1800bf738,71,auto,no,,,,
ACPIDriverDll,1800BF780,CommonInit,211,auto,yes,,,,
ACPIDriverDll,1800BF854,FUN_1800bf854,24,auto,no,,,,
ACPIDriverDll,1800BF86C,FUN_1800bf86c,58,auto,no,,,,
ACPIDriverDll,1800BF8A8,FUN_1800bf8a8,743,auto,no,,,,
ACPIDriverDll,1800BFB90,FUN_1800bfb90,215,auto,no,,,,
ACPIDriverDll,1800BFC68,FUN_1800bfc68,64,auto,no,,,,
ACPIDriverDll,1800BFCA8,FUN_1800bfca8,57,auto,no,,,,
ACPIDriverDll,1800BFCE4,FUN_1800bfce4,8,auto,no,,,,
ACPIDriverDll,1800BFCEC,FUN_1800bfcec,8,auto,no,,,,
ACPIDriverDll,1800BFCF4,FUN_1800bfcf4,8,auto,no,,,,
ACPIDriverDll,1800BFCFC,FUN_1800bfcfc,57,auto,no,,,,
ACPIDriverDll,1800BFD38,FUN_1800bfd38,8,auto,no,,,,
ACPIDriverDll,1800BFD40,FUN_1800bfd40,8,auto,no,,,,
ACPIDriverDll,1800BFD48,FUN_1800bfd48,34,auto,no,,,,
ACPIDriverDll,1800BFD6C,FUN_1800bfd6c,53,auto,no,,,,
ACPIDriverDll,1800BFDA4,FUN_1800bfda4,43,auto,no,,,,
ACPIDriverDll,1800BFDD0,FUN_1800bfdd0,41,auto,no,,,,
ACPIDriverDll,1800BFDFC,FUN_1800bfdfc,61,auto,no,,,,
ACPIDriverDll,1800BFE3C,FUN_1800bfe3c,24,auto,no,,,,
ACPIDriverDll,1800BFE54,FUN_1800bfe54,61,auto,no,,,,
ACPIDriverDll,1800BFE94,FUN_1800bfe94,28,auto,no,,,,
ACPIDriverDll,1800BFEB0,FUN_1800bfeb0,12,auto,no,,,,
ACPIDriverDll,1800BFEBC,FUN_1800bfebc,887,auto,no,,,,
ACPIDriverDll,1800C0234,FUN_1800c0234,332,auto,no,,,,
ACPIDriverDll,1800C0380,FUN_1800c0380,535,auto,no,,,,
ACPIDriverDll,1800C0598,FUN_1800c0598,371,auto,no,,,,
ACPIDriverDll,1800C070C,FUN_1800c070c,118,auto,no,,,,
ACPIDriverDll,1800C0784,FUN_1800c0784,40,auto,no,,,,
ACPIDriverDll,1800C07AC,FUN_1800c07ac,51,auto,no,,,,
ACPIDriverDll,1800C07E0,FUN_1800c07e0,278,auto,no,,,,
ACPIDriverDll,1800C08F8,FUN_1800c08f8,95,auto,no,,,,
ACPIDriverDll,1800C0958,FUN_1800c0958,131,auto,no,,,,
ACPIDriverDll,1800C09DC,FUN_1800c09dc,114,auto,no,,,,
ACPIDriverDll,1800C0A50,FUN_1800c0a50,292,auto,no,,,,
ACPIDriverDll,1800C0B74,FUN_1800c0b74,231,auto,no,,,,
ACPIDriverDll,1800C0C5C,FUN_1800c0c5c,226,auto,no,,,,
ACPIDriverDll,1800C0D40,FUN_1800c0d40,534,auto,no,,,,
ACPIDriverDll,1800C0F58,FUN_1800c0f58,337,auto,no,,,,
ACPIDriverDll,1800C10AC,FUN_1800c10ac,755,auto,no,,,,
ACPIDriverDll,1800C13A0,FUN_1800c13a0,130,auto,no,,,,
ACPIDriverDll,1800C1424,OnSize,122,auto,yes,,,,
ACPIDriverDll,1800C14A0,FUN_1800c14a0,838,auto,no,,,,
ACPIDriverDll,1800C17E8,FUN_1800c17e8,220,auto,no,,,,
ACPIDriverDll,1800C18C4,OnUpdateToolTips,191,auto,yes,,,,
ACPIDriverDll,1800C1984,FUN_1800c1984,437,auto,no,,,,
ACPIDriverDll,1800C1B3C,FUN_1800c1b3c,47,auto,no,,,,
ACPIDriverDll,1800C1B6C,FUN_1800c1b6c,206,auto,no,,,,
ACPIDriverDll,1800C1C3C,FUN_1800c1c3c,299,auto,no,,,,
ACPIDriverDll,1800C1D68,FUN_1800c1d68,76,auto,no,,,,
ACPIDriverDll,1800C1DB4,FUN_1800c1db4,126,auto,no,,,,
ACPIDriverDll,1800C1E34,FUN_1800c1e34,39,auto,no,,,,
ACPIDriverDll,1800C1E5C,ExternalDisconnect,52,auto,yes,,,,
ACPIDriverDll,1800C1E90,FUN_1800c1e90,30,auto,no,,,,
ACPIDriverDll,1800C1EB0,FUN_1800c1eb0,31,auto,no,,,,
ACPIDriverDll,1800C1ED0,FUN_1800c1ed0,223,auto,no,,,,
ACPIDriverDll,1800C1FB0,InternalQueryInterface,88,auto,yes,,,,
ACPIDriverDll,1800C2008,FUN_1800c2008,101,auto,no,,,,
ACPIDriverDll,1800C2070,FUN_1800c2070,157,auto,no,,,,
ACPIDriverDll,1800C2110,FUN_1800c2110,50,auto,no,,,,
ACPIDriverDll,1800C2144,FUN_1800c2144,44,auto,no,,,,
ACPIDriverDll,1800C2170,FUN_1800c2170,127,auto,no,,,,
ACPIDriverDll,1800C21F0,AfxRegisterMFCCtrlClasses,217,auto,yes,,,,
ACPIDriverDll,1800C22CC,FUN_1800c22cc,90,auto,no,,,,
ACPIDriverDll,1800C2328,FUN_1800c2328,237,auto,no,,,,
ACPIDriverDll,1800C2418,UTF8ToString,223,auto,yes,,,,
ACPIDriverDll,1800C24F8,FUN_1800c24f8,75,auto,no,,,,
ACPIDriverDll,1800C2544,FUN_1800c2544,23,auto,no,,,,
ACPIDriverDll,1800C255C,FUN_1800c255c,8,auto,no,,,,
ACPIDriverDll,1800C2564,FUN_1800c2564,154,auto,no,,,,
ACPIDriverDll,1800C2600,FUN_1800c2600,89,auto,no,,,,
ACPIDriverDll,1800C265C,FUN_1800c265c,270,auto,no,,,,
ACPIDriverDll,1800C276C,FUN_1800c276c,502,auto,no,,,,
ACPIDriverDll,1800C2964,SetSystemFont,257,auto,yes,,,,
ACPIDriverDll,1800C2A68,FUN_1800c2a68,147,auto,no,,,,
ACPIDriverDll,1800C2AFC,FUN_1800c2afc,9,auto,no,,,,
ACPIDriverDll,1800C2B08,CFixedStringT<>,135,auto,yes,,,,
ACPIDriverDll,1800C2B90,COleVariant,60,auto,yes,,,,
ACPIDriverDll,1800C2BCC,FUN_1800c2bcc,35,auto,no,,,,
ACPIDriverDll,1800C2BF0,FUN_1800c2bf0,100,auto,no,,,,
ACPIDriverDll,1800C2C54,FUN_1800c2c54,183,auto,no,,,,
ACPIDriverDll,1800C2D0C,FUN_1800c2d0c,90,auto,no,,,,
ACPIDriverDll,1800C2D68,FUN_1800c2d68,11,auto,no,,,,
ACPIDriverDll,1800C2D74,FUN_1800c2d74,36,auto,no,,,,
ACPIDriverDll,1800C2D98,FUN_1800c2d98,89,auto,no,,,,
ACPIDriverDll,1800C2DF4,FUN_1800c2df4,124,auto,no,,,,
ACPIDriverDll,1800C2E70,FUN_1800c2e70,43,auto,no,,,,
ACPIDriverDll,1800C2E9C,FUN_1800c2e9c,33,auto,no,,,,
ACPIDriverDll,1800C2EC0,FUN_1800c2ec0,11,auto,no,,,,
ACPIDriverDll,1800C2ECC,FUN_1800c2ecc,144,auto,no,,,,
ACPIDriverDll,1800C2F5C,FUN_1800c2f5c,50,auto,no,,,,
ACPIDriverDll,1800C2F90,FUN_1800c2f90,539,auto,no,,,,
ACPIDriverDll,1800C31B0,FUN_1800c31b0,73,auto,no,,,,
ACPIDriverDll,1800C31FC,FUN_1800c31fc,235,auto,no,,,,
ACPIDriverDll,1800C32E8,CMapPtrToPtr,55,auto,yes,,,,
ACPIDriverDll,1800C3320,~CMapPtrToPtr,34,auto,yes,,,,
ACPIDriverDll,1800C3344,FUN_1800c3344,113,auto,no,,,,
ACPIDriverDll,1800C33B8,`scalar_deleting_destructor',89,auto,yes,,,,
ACPIDriverDll,1800C3414,FUN_1800c3414,142,auto,no,,,,
ACPIDriverDll,1800C34A4,FUN_1800c34a4,224,auto,no,,,,
ACPIDriverDll,1800C3588,FUN_1800c3588,8,auto,no,,,,
ACPIDriverDll,1800C3590,FUN_1800c3590,125,auto,no,,,,
ACPIDriverDll,1800C3610,InitHashTable,123,auto,yes,,,,
ACPIDriverDll,1800C368C,FUN_1800c368c,47,auto,no,,,,
ACPIDriverDll,1800C36BC,NewAssoc,109,auto,yes,,,,
ACPIDriverDll,1800C372C,RemoveAll,58,auto,yes,,,,
ACPIDriverDll,1800C3768,FUN_1800c3768,157,auto,no,,,,
ACPIDriverDll,1800C3808,FUN_1800c3808,197,auto,no,,,,
ACPIDriverDll,1800C38D0,`scalar_deleting_destructor',104,auto,yes,,,,
ACPIDriverDll,1800C3938,FUN_1800c3938,17,auto,no,,,,
ACPIDriverDll,1800C394C,FUN_1800c394c,323,auto,no,,,,
ACPIDriverDll,1800C3A90,FUN_1800c3a90,156,auto,no,,,,
ACPIDriverDll,1800C3B2C,FUN_1800c3b2c,231,auto,no,,,,
ACPIDriverDll,1800C3C18,FUN_1800c3c18,136,auto,no,,,,
ACPIDriverDll,1800C3CA0,FUN_1800c3ca0,62,auto,no,,,,
ACPIDriverDll,1800C3CE0,FUN_1800c3ce0,40,auto,no,,,,
ACPIDriverDll,1800C3D08,FUN_1800c3d08,96,auto,no,,,,
ACPIDriverDll,1800C3D68,FUN_1800c3d68,97,auto,no,,,,
ACPIDriverDll,1800C3DCC,FUN_1800c3dcc,211,auto,no,,,,
ACPIDriverDll,1800C3EA0,CMFCPopupMenu,332,auto,yes,,,,
ACPIDriverDll,1800C3FEC,FUN_1800c3fec,366,auto,no,,,,
ACPIDriverDll,1800C415C,FUN_1800c415c,313,auto,no,,,,
ACPIDriverDll,1800C4298,`scalar_deleting_destructor',66,auto,yes,,,,
ACPIDriverDll,1800C42DC,`scalar_deleting_destructor',91,auto,yes,,,,
ACPIDriverDll,1800C4338,FUN_1800c4338,475,auto,no,,,,
ACPIDriverDll,1800C4514,FUN_1800c4514,868,auto,no,,,,
ACPIDriverDll,1800C4878,FUN_1800c4878,346,auto,no,,,,
ACPIDriverDll,1800C49D4,FUN_1800c49d4,213,auto,no,,,,
ACPIDriverDll,1800C4AAC,FUN_1800c4aac,88,auto,no,,,,
ACPIDriverDll,1800C4B08,FUN_1800c4b08,1111,auto,no,,,,
ACPIDriverDll,1800C4F60,FUN_1800c4f60,366,auto,no,,,,
ACPIDriverDll,1800C50D0,FUN_1800c50d0,49,auto,no,,,,
ACPIDriverDll,1800C5104,FUN_1800c5104,1091,auto,no,,,,
ACPIDriverDll,1800C554C,FUN_1800c554c,1616,auto,no,,,,
ACPIDriverDll,1800C5B9C,FUN_1800c5b9c,1280,auto,no,,,,
ACPIDriverDll,1800C609C,FUN_1800c609c,80,auto,no,,,,
ACPIDriverDll,1800C60EC,FUN_1800c60ec,35,auto,no,,,,
ACPIDriverDll,1800C6110,FindMenuWithConnectedFloaty,90,auto,yes,,,,
ACPIDriverDll,1800C616C,FUN_1800c616c,36,auto,no,,,,
ACPIDriverDll,1800C6190,FUN_1800c6190,8,auto,no,,,,
ACPIDriverDll,1800C6198,FUN_1800c6198,39,auto,no,,,,
ACPIDriverDll,1800C61C0,FUN_1800c61c0,31,auto,no,,,,
ACPIDriverDll,1800C61E0,FUN_1800c61e0,8,auto,no,,,,
ACPIDriverDll,1800C61E8,FUN_1800c61e8,8,auto,no,,,,
ACPIDriverDll,1800C61F0,FUN_1800c61f0,117,auto,no,,,,
ACPIDriverDll,1800C6268,FUN_1800c6268,107,auto,no,,,,
ACPIDriverDll,1800C62D4,FUN_1800c62d4,34,auto,no,,,,
ACPIDriverDll,1800C62F8,FUN_1800c62f8,8,auto,no,,,,
ACPIDriverDll,1800C6300,GetSafeActivePopupMenu,67,auto,yes,,,,
ACPIDriverDll,1800C6344,FUN_1800c6344,47,auto,no,,,,
ACPIDriverDll,1800C6374,FUN_1800c6374,13,auto,no,,,,
ACPIDriverDll,1800C6384,FUN_1800c6384,1710,auto,no,,,,
ACPIDriverDll,1800C6A3C,FUN_1800c6a3c,683,auto,no,,,,
ACPIDriverDll,1800C6CE8,FUN_1800c6ce8,71,auto,no,,,,
ACPIDriverDll,1800C6D30,FUN_1800c6d30,56,auto,no,,,,
ACPIDriverDll,1800C6D68,FUN_1800c6d68,184,auto,no,,,,
ACPIDriverDll,1800C6E20,FUN_1800c6e20,38,auto,no,,,,
ACPIDriverDll,1800C6E48,FUN_1800c6e48,166,auto,no,,,,
ACPIDriverDll,1800C6EF0,FUN_1800c6ef0,84,auto,no,,,,
ACPIDriverDll,1800C6F44,FUN_1800c6f44,135,auto,no,,,,
ACPIDriverDll,1800C6FCC,FUN_1800c6fcc,485,auto,no,,,,
ACPIDriverDll,1800C71B4,FUN_1800c71b4,968,auto,no,,,,
ACPIDriverDll,1800C757C,FUN_1800c757c,1146,auto,no,,,,
ACPIDriverDll,1800C79F8,OnLButtonDown,123,auto,yes,,,,
ACPIDriverDll,1800C7A74,FUN_1800c7a74,74,auto,no,,,,
ACPIDriverDll,1800C7AC0,FUN_1800c7ac0,314,auto,no,,,,
ACPIDriverDll,1800C7BFC,OnMouseWheel,142,auto,yes,,,,
ACPIDriverDll,1800C7C8C,FUN_1800c7c8c,263,auto,no,,,,
ACPIDriverDll,1800C7DB4,FUN_1800c7db4,154,auto,no,,,,
ACPIDriverDll,1800C7E50,FUN_1800c7e50,143,auto,no,,,,
ACPIDriverDll,1800C7EE0,OnSetCursor,271,auto,yes,,,,
ACPIDriverDll,1800C7FF0,OnShowWindow,41,auto,yes,,,,
ACPIDriverDll,1800C801C,FUN_1800c801c,294,auto,no,,,,
ACPIDriverDll,1800C8144,FUN_1800c8144,415,auto,no,,,,
ACPIDriverDll,1800C82E4,FUN_1800c82e4,830,auto,no,,,,
ACPIDriverDll,1800C8624,FUN_1800c8624,441,auto,no,,,,
ACPIDriverDll,1800C87E0,OnWindowPosChanged,92,auto,yes,,,,
ACPIDriverDll,1800C883C,FUN_1800c883c,53,auto,no,,,,
ACPIDriverDll,1800C8874,FUN_1800c8874,78,auto,no,,,,
ACPIDriverDll,1800C88C4,FUN_1800c88c4,249,auto,no,,,,
ACPIDriverDll,1800C89C0,FUN_1800c89c0,4153,auto,no,,,,
ACPIDriverDll,1800C99FC,FUN_1800c99fc,47,auto,no,,,,
ACPIDriverDll,1800C9A2C,FUN_1800c9a2c,54,auto,no,,,,
ACPIDriverDll,1800C9A64,FUN_1800c9a64,341,auto,no,,,,
ACPIDriverDll,1800C9BBC,FUN_1800c9bbc,179,auto,no,,,,
ACPIDriverDll,1800C9C70,FUN_1800c9c70,15,auto,no,,,,
ACPIDriverDll,1800C9C80,FUN_1800c9c80,44,auto,no,,,,
ACPIDriverDll,1800C9CAC,FUN_1800c9cac,693,auto,no,,,,
ACPIDriverDll,1800C9F64,FUN_1800c9f64,322,auto,no,,,,
ACPIDriverDll,1800CA0A8,FUN_1800ca0a8,983,auto,no,,,,
ACPIDriverDll,1800CA480,FUN_1800ca480,1110,auto,no,,,,
ACPIDriverDll,1800CA8D8,FUN_1800ca8d8,156,auto,no,,,,
ACPIDriverDll,1800CA974,UpdateAllShadows,86,auto,yes,,,,
ACPIDriverDll,1800CA9CC,FUN_1800ca9cc,363,auto,no,,,,
ACPIDriverDll,1800CAB38,FUN_1800cab38,1045,auto,no,,,,
ACPIDriverDll,1800CAF50,FUN_1800caf50,132,auto,no,,,,
ACPIDriverDll,1800CAFD4,FUN_1800cafd4,87,auto,no,,,,
ACPIDriverDll,1800CB02C,FUN_1800cb02c,282,auto,no,,,,
ACPIDriverDll,1800CB148,get_accParent,106,auto,yes,,,,
ACPIDriverDll,1800CB1B4,FUN_1800cb1b4,148,auto,no,,,,
ACPIDriverDll,1800CB248,FUN_1800cb248,148,auto,no,,,,
ACPIDriverDll,1800CB2DC,FUN_1800cb2dc,48,auto,no,,,,
ACPIDriverDll,1800CB30C,FUN_1800cb30c,150,auto,no,,,,
ACPIDriverDll,1800CB3A4,FUN_1800cb3a4,43,auto,no,,,,
ACPIDriverDll,1800CB3D0,FUN_1800cb3d0,136,auto,no,,,,
ACPIDriverDll,1800CB45C,FUN_1800cb45c,97,auto,no,,,,
ACPIDriverDll,1800CB4C0,FUN_1800cb4c0,86,auto,no,,,,
ACPIDriverDll,1800CB518,FUN_1800cb518,175,auto,no,,,,
ACPIDriverDll,1800CB5C8,FUN_1800cb5c8,139,auto,no,,,,
ACPIDriverDll,1800CB69C,FUN_1800cb69c,66,auto,no,,,,
ACPIDriverDll,1800CB6E0,FUN_1800cb6e0,121,auto,no,,,,
ACPIDriverDll,1800CB75C,Abort,44,auto,yes,,,,
ACPIDriverDll,1800CB788,FUN_1800cb788,8,auto,no,,,,
ACPIDriverDll,1800CB790,AfxGetFileTitle,145,auto,yes,,,,
ACPIDriverDll,1800CB824,FUN_1800cb824,210,auto,no,,,,
ACPIDriverDll,1800CB8FC,Close,90,auto,yes,,,,
ACPIDriverDll,1800CB958,FUN_1800cb958,248,auto,no,,,,
ACPIDriverDll,1800CBA50,FUN_1800cba50,209,auto,no,,,,
ACPIDriverDll,1800CBB24,Flush,55,auto,yes,,,,
ACPIDriverDll,1800CBB5C,GetLength,74,auto,yes,,,,
ACPIDriverDll,1800CBBA8,GetPosition,88,auto,yes,,,,
ACPIDriverDll,1800CBC00,FUN_1800cbc00,8,auto,no,,,,
ACPIDriverDll,1800CBC08,FUN_1800cbc08,70,auto,no,,,,
ACPIDriverDll,1800CBC50,FUN_1800cbc50,31,auto,no,,,,
ACPIDriverDll,1800CBC70,FUN_1800cbc70,577,auto,no,,,,
ACPIDriverDll,1800CBEB4,Read,73,auto,yes,,,,
ACPIDriverDll,1800CBF00,Seek,82,auto,yes,,,,
ACPIDriverDll,1800CBF54,FUN_1800cbf54,65,auto,no,,,,
ACPIDriverDll,1800CBF98,FUN_1800cbf98,70,auto,no,,,,
ACPIDriverDll,1800CBFE0,FUN_1800cbfe0,114,auto,no,,,,
ACPIDriverDll,1800CC054,AfxFillExceptionInfo,93,auto,yes,,,,
ACPIDriverDll,1800CC0B4,FUN_1800cc0b4,747,auto,no,,,,
ACPIDriverDll,1800CC3A8,FUN_1800cc3a8,194,auto,no,,,,
ACPIDriverDll,1800CC46C,FUN_1800cc46c,256,auto,no,,,,
ACPIDriverDll,1800CC56C,FUN_1800cc56c,212,auto,no,,,,
ACPIDriverDll,1800CC644,CMFCDynamicLayout,63,auto,yes,,,,
ACPIDriverDll,1800CC684,FUN_1800cc684,102,auto,no,,,,
ACPIDriverDll,1800CC6EC,FUN_1800cc6ec,34,auto,no,,,,
ACPIDriverDll,1800CC710,`scalar_deleting_destructor',89,auto,yes,,,,
ACPIDriverDll,1800CC76C,`scalar_deleting_destructor',89,auto,yes,,,,
ACPIDriverDll,1800CC7C8,FUN_1800cc7c8,66,auto,no,,,,
ACPIDriverDll,1800CC80C,FUN_1800cc80c,260,auto,no,,,,
ACPIDriverDll,1800CC910,FUN_1800cc910,69,auto,no,,,,
ACPIDriverDll,1800CC958,Adjust,231,auto,yes,,,,
ACPIDriverDll,1800CCA40,FUN_1800cca40,448,auto,no,,,,
ACPIDriverDll,1800CCC00,ApplyLayoutDataTo,296,auto,yes,,,,
ACPIDriverDll,1800CCD28,FUN_1800ccd28,329,auto,no,,,,
ACPIDriverDll,1800CCE74,FUN_1800cce74,25,auto,no,,,,
ACPIDriverDll,1800CCE90,FUN_1800cce90,26,auto,no,,,,
ACPIDriverDll,1800CCEAC,GetItemRect,124,auto,yes,,,,
ACPIDriverDll,1800CCF28,FUN_1800ccf28,8,auto,no,,,,
ACPIDriverDll,1800CCF30,FUN_1800ccf30,192,auto,no,,,,
ACPIDriverDll,1800CCFF0,FUN_1800ccff0,11,auto,no,,,,
ACPIDriverDll,1800CCFFC,FUN_1800ccffc,159,auto,no,,,,
ACPIDriverDll,1800CD09C,FUN_1800cd09c,356,auto,no,,,,
ACPIDriverDll,1800CD200,FUN_1800cd200,246,auto,no,,,,
ACPIDriverDll,1800CD2F8,FUN_1800cd2f8,86,auto,no,,,,
ACPIDriverDll,1800CD350,Serialize,155,auto,yes,,,,
ACPIDriverDll,1800CD3EC,FUN_1800cd3ec,10,auto,no,,,,
ACPIDriverDll,1800CD3F8,FUN_1800cd3f8,257,auto,no,,,,
ACPIDriverDll,1800CD4FC,FUN_1800cd4fc,216,auto,no,,,,
ACPIDriverDll,1800CD5D8,FUN_1800cd5d8,228,auto,no,,,,
ACPIDriverDll,1800CD6C0,FUN_1800cd6c0,205,auto,no,,,,
ACPIDriverDll,1800CD790,FUN_1800cd790,108,auto,no,,,,
ACPIDriverDll,1800CD7FC,FUN_1800cd7fc,66,auto,no,,,,
ACPIDriverDll,1800CD840,FUN_1800cd840,66,auto,no,,,,
ACPIDriverDll,1800CD884,FUN_1800cd884,411,auto,no,,,,
ACPIDriverDll,1800CDA24,AfxPropPageCallback,53,auto,yes,,,,
ACPIDriverDll,1800CDA5C,FUN_1800cda5c,111,auto,no,,,,
ACPIDriverDll,1800CDACC,FUN_1800cdacc,82,auto,no,,,,
ACPIDriverDll,1800CDB20,FUN_1800cdb20,455,auto,no,,,,
ACPIDriverDll,1800CDCEC,FUN_1800cdcec,74,auto,no,,,,
ACPIDriverDll,1800CDD38,FUN_1800cdd38,294,auto,no,,,,
ACPIDriverDll,1800CDE60,CommonConstruct,158,auto,yes,,,,
ACPIDriverDll,1800CDF00,ContinueModal,64,auto,yes,,,,
ACPIDriverDll,1800CDF40,FUN_1800cdf40,388,auto,no,,,,
ACPIDriverDll,1800CE0C8,FUN_1800ce0c8,564,auto,no,,,,
ACPIDriverDll,1800CE2FC,FUN_1800ce2fc,87,auto,no,,,,
ACPIDriverDll,1800CE354,FUN_1800ce354,94,auto,no,,,,
ACPIDriverDll,1800CE3B4,FUN_1800ce3b4,8,auto,no,,,,
ACPIDriverDll,1800CE3BC,FUN_1800ce3bc,8,auto,no,,,,
ACPIDriverDll,1800CE3C4,FUN_1800ce3c4,87,auto,no,,,,
ACPIDriverDll,1800CE41C,FUN_1800ce41c,123,auto,no,,,,
ACPIDriverDll,1800CE498,GetParentSheet,66,auto,yes,,,,
ACPIDriverDll,1800CE4DC,FUN_1800ce4dc,8,auto,no,,,,
ACPIDriverDll,1800CE4E4,FUN_1800ce4e4,8,auto,no,,,,
ACPIDriverDll,1800CE4EC,FUN_1800ce4ec,469,auto,no,,,,
ACPIDriverDll,1800CE6C4,FUN_1800ce6c4,81,auto,no,,,,
ACPIDriverDll,1800CE718,FUN_1800ce718,145,auto,no,,,,
ACPIDriverDll,1800CE7AC,FUN_1800ce7ac,30,auto,no,,,,
ACPIDriverDll,1800CE7CC,FUN_1800ce7cc,47,auto,no,,,,
ACPIDriverDll,1800CE7FC,OnCommand,151,auto,yes,,,,
ACPIDriverDll,1800CE894,OnCommandHelp,58,auto,yes,,,,
ACPIDriverDll,1800CE8D0,OnCtlColor,93,auto,yes,,,,
ACPIDriverDll,1800CE930,FUN_1800ce930,103,auto,no,,,,
ACPIDriverDll,1800CE998,FUN_1800ce998,72,auto,no,,,,
ACPIDriverDll,1800CE9E0,OnInitDialog,677,auto,yes,,,,
ACPIDriverDll,1800CEC88,OnKickIdle,58,auto,yes,,,,
ACPIDriverDll,1800CECC4,FUN_1800cecc4,28,auto,no,,,,
ACPIDriverDll,1800CECE0,OnNcCreate,84,auto,yes,,,,
ACPIDriverDll,1800CED34,FUN_1800ced34,489,auto,no,,,,
ACPIDriverDll,1800CEF20,FUN_1800cef20,17,auto,no,,,,
ACPIDriverDll,1800CEF34,FUN_1800cef34,244,auto,no,,,,
ACPIDriverDll,1800CF028,FUN_1800cf028,261,auto,no,,,,
ACPIDriverDll,1800CF16C,FUN_1800cf16c,112,auto,no,,,,
ACPIDriverDll,1800CF1DC,FUN_1800cf1dc,35,auto,no,,,,
ACPIDriverDll,1800CF200,FUN_1800cf200,228,auto,no,,,,
ACPIDriverDll,1800CF2E4,PreTranslateMessage,16,auto,yes,,,,
ACPIDriverDll,1800CF2F4,FUN_1800cf2f4,280,auto,no,,,,
ACPIDriverDll,1800CF40C,FUN_1800cf40c,41,auto,no,,,,
ACPIDriverDll,1800CF438,FUN_1800cf438,39,auto,no,,,,
ACPIDriverDll,1800CF460,SetTitle,139,auto,yes,,,,
ACPIDriverDll,1800CF4EC,FUN_1800cf4ec,375,auto,no,,,,
ACPIDriverDll,1800CF668,FUN_1800cf668,248,auto,no,,,,
ACPIDriverDll,1800CF760,FUN_1800cf760,198,auto,no,,,,
ACPIDriverDll,1800CF828,FUN_1800cf828,217,auto,no,,,,
ACPIDriverDll,1800CF904,FUN_1800cf904,194,auto,no,,,,
ACPIDriverDll,1800CF9C8,CPtrList,40,auto,yes,,,,
ACPIDriverDll,1800CF9F0,"FID_conflict:~CList<HINSTANCE__*___ptr64,HINSTANCE__*___ptr64>",34,auto,yes,,,,
ACPIDriverDll,1800CFA14,`scalar_deleting_destructor',89,auto,yes,,,,
ACPIDriverDll,1800CFA70,FUN_1800cfa70,65,auto,no,,,,
ACPIDriverDll,1800CFAB4,FUN_1800cfab4,65,auto,no,,,,
ACPIDriverDll,1800CFAF8,FUN_1800cfaf8,29,auto,no,,,,
ACPIDriverDll,1800CFB18,FUN_1800cfb18,42,auto,no,,,,
ACPIDriverDll,1800CFB44,FUN_1800cfb44,8,auto,no,,,,
ACPIDriverDll,1800CFB4C,InsertBefore,93,auto,yes,,,,
ACPIDriverDll,1800CFBAC,NewNode,136,auto,yes,,,,
ACPIDriverDll,1800CFC34,FUN_1800cfc34,74,auto,no,,,,
ACPIDriverDll,1800CFC80,FUN_1800cfc80,67,auto,no,,,,
ACPIDriverDll,1800CFCC4,CMFCControlContainer,70,auto,yes,,,,
ACPIDriverDll,1800CFD0C,~CMFCControlContainer,67,auto,yes,,,,
ACPIDriverDll,1800CFD50,`scalar_deleting_destructor',66,auto,yes,,,,
ACPIDriverDll,1800CFD94,FUN_1800cfd94,125,auto,no,,,,
ACPIDriverDll,1800CFE14,FUN_1800cfe14,111,auto,no,,,,
ACPIDriverDll,1800CFE84,FUN_1800cfe84,736,auto,no,,,,
ACPIDriverDll,1800D0164,FUN_1800d0164,124,auto,no,,,,
ACPIDriverDll,1800D01E4,GetControlData,82,auto,yes,,,,
ACPIDriverDll,1800D0238,FUN_1800d0238,89,auto,no,,,,
ACPIDriverDll,1800D0294,FUN_1800d0294,355,auto,no,,,,
ACPIDriverDll,1800D03FC,FUN_1800d03fc,182,auto,no,,,,
ACPIDriverDll,1800D04B4,DDX_CBIndex,105,auto,yes,,,,
ACPIDriverDll,1800D0520,FUN_1800d0520,299,auto,no,,,,
ACPIDriverDll,1800D064C,FUN_1800d064c,129,auto,no,,,,
ACPIDriverDll,1800D06D0,DDX_Text,46,auto,yes,,,,
ACPIDriverDll,1800D0700,DDX_Text,46,auto,yes,,,,
ACPIDriverDll,1800D0730,FUN_1800d0730,171,auto,no,,,,
ACPIDriverDll,1800D07DC,Fail,90,auto,yes,,,,
ACPIDriverDll,1800D0838,FUN_1800d0838,83,auto,no,,,,
ACPIDriverDll,1800D088C,FUN_1800d088c,322,auto,no,,,,
ACPIDriverDll,1800D09D4,FUN_1800d09d4,8,auto,no,,,,
ACPIDriverDll,1800D09DC,FID_conflict:_snscanf_s,78,auto,yes,,,,
ACPIDriverDll,1800D0A2C,FID_conflict:`scalar_deleting_destructor',66,auto,yes,,,,
ACPIDriverDll,1800D0A70,FUN_1800d0a70,32,auto,no,,,,
ACPIDriverDll,1800D0A90,FUN_1800d0a90,54,auto,no,,,,
ACPIDriverDll,1800D0AC8,FUN_1800d0ac8,31,auto,no,,,,
ACPIDriverDll,1800D0AE8,GetTabArea,84,auto,yes,,,,
ACPIDriverDll,1800D0B3C,FUN_1800d0b3c,77,auto,no,,,,
ACPIDriverDll,1800D0B8C,FUN_1800d0b8c,12,auto,no,,,,
ACPIDriverDll,1800D0B98,FUN_1800d0b98,7,auto,no,,,,
ACPIDriverDll,1800D0BA0,FUN_1800d0ba0,7,auto,no,,,,
ACPIDriverDll,1800D0BA8,FUN_1800d0ba8,7,auto,no,,,,
ACPIDriverDll,1800D0BB0,FUN_1800d0bb0,7,auto,no,,,,
ACPIDriverDll,1800D0BB8,FUN_1800d0bb8,7,auto,no,,,,
ACPIDriverDll,1800D0BC0,FUN_1800d0bc0,7,auto,no,,,,
ACPIDriverDll,1800D0BC8,CMFCPropertyPage,93,auto,yes,,,,
ACPIDriverDll,1800D0C28,~CMFCPropertyPage,44,auto,yes,,,,
ACPIDriverDll,1800D0C54,`scalar_deleting_destructor',66,auto,yes,,,,
ACPIDriverDll,1800D0C98,CreateObject,49,auto,yes,,,,
ACPIDriverDll,1800D0CCC,FUN_1800d0ccc,8,auto,no,,,,
ACPIDriverDll,1800D0CD4,FUN_1800d0cd4,8,auto,no,,,,
ACPIDriverDll,1800D0CDC,OnActivate,34,auto,yes,,,,
ACPIDriverDll,1800D0D00,FUN_1800d0d00,313,auto,no,,,,
ACPIDriverDll,1800D0E3C,FUN_1800d0e3c,271,auto,no,,,,
ACPIDriverDll,1800D0F4C,FUN_1800d0f4c,82,auto,no,,,,
ACPIDriverDll,1800D0FA0,PreTranslateMessage,61,auto,yes,,,,
ACPIDriverDll,1800D0FE0,FUN_1800d0fe0,351,auto,no,,,,
ACPIDriverDll,1800D1140,FUN_1800d1140,36,auto,no,,,,
ACPIDriverDll,1800D1164,thunk_FUN_18014e81c,5,auto,no,,,,
ACPIDriverDll,1800D116C,FUN_1800d116c,267,auto,no,,,,
ACPIDriverDll,1800D1280,FUN_1800d1280,35,auto,no,,,,
ACPIDriverDll,1800D12A4,FUN_1800d12a4,66,auto,no,,,,
ACPIDriverDll,1800D12E8,FUN_1800d12e8,66,auto,no,,,,
ACPIDriverDll,1800D132C,ActivateFrame,105,auto,yes,,,,
ACPIDriverDll,1800D1398,FUN_1800d1398,60,auto,no,,,,
ACPIDriverDll,1800D13D8,AfxIsDescendant,43,auto,yes,,,,
ACPIDriverDll,1800D1404,FUN_1800d1404,378,auto,no,,,,
ACPIDriverDll,1800D1584,BringToTop,43,auto,yes,,,,
ACPIDriverDll,1800D15B0,FUN_1800d15b0,325,auto,no,,,,
ACPIDriverDll,1800D16F8,FUN_1800d16f8,49,auto,no,,,,
ACPIDriverDll,1800D172C,FUN_1800d172c,219,auto,no,,,,
ACPIDriverDll,1800D1808,FUN_1800d1808,15,auto,no,,,,
ACPIDriverDll,1800D1818,FUN_1800d1818,418,auto,no,,,,
ACPIDriverDll,1800D19BC,FUN_1800d19bc,147,auto,no,,,,
ACPIDriverDll,1800D1A50,FUN_1800d1a50,152,auto,no,,,,
ACPIDriverDll,1800D1AEC,FUN_1800d1aec,21,auto,no,,,,
ACPIDriverDll,1800D1B04,FUN_1800d1b04,92,auto,no,,,,
ACPIDriverDll,1800D1B64,FUN_1800d1b64,72,auto,no,,,,
ACPIDriverDll,1800D1BAC,GetDockingFrame,32,auto,yes,,,,
ACPIDriverDll,1800D1BCC,FUN_1800d1bcc,196,auto,no,,,,
ACPIDriverDll,1800D1C90,FUN_1800d1c90,56,auto,no,,,,
ACPIDriverDll,1800D1CCC,FUN_1800d1ccc,7,auto,no,,,,
ACPIDriverDll,1800D1CD4,FUN_1800d1cd4,7,auto,no,,,,
ACPIDriverDll,1800D1CDC,GetMessageBar,20,auto,yes,,,,
ACPIDriverDll,1800D1CF0,FUN_1800d1cf0,8,auto,no,,,,
ACPIDriverDll,1800D1CF8,FUN_1800d1cf8,169,auto,no,,,,
ACPIDriverDll,1800D1DA4,FUN_1800d1da4,8,auto,no,,,,
ACPIDriverDll,1800D1DAC,FUN_1800d1dac,72,auto,no,,,,
ACPIDriverDll,1800D1DF4,LoadAccelTable,62,auto,yes,,,,
ACPIDriverDll,1800D1E34,FUN_1800d1e34,484,auto,no,,,,
ACPIDriverDll,1800D201C,FUN_1800d201c,174,auto,no,,,,
ACPIDriverDll,1800D20CC,FUN_1800d20cc,249,auto,no,,,,
ACPIDriverDll,1800D21C8,FUN_1800d21c8,367,auto,no,,,,
ACPIDriverDll,1800D2338,FUN_1800d2338,211,auto,no,,,,
ACPIDriverDll,1800D240C,OnBarCheck,75,auto,yes,,,,
ACPIDriverDll,1800D2458,FUN_1800d2458,2277,auto,no,,,,
ACPIDriverDll,1800D2D4C,FUN_1800d2d4c,535,auto,no,,,,
ACPIDriverDll,1800D2F64,FUN_1800d2f64,296,auto,no,,,,
ACPIDriverDll,1800D308C,FUN_1800d308c,168,auto,no,,,,
ACPIDriverDll,1800D3138,FUN_1800d3138,132,auto,no,,,,
ACPIDriverDll,1800D31BC,FUN_1800d31bc,26,auto,no,,,,
ACPIDriverDll,1800D31D8,FUN_1800d31d8,47,auto,no,,,,
ACPIDriverDll,1800D3208,FUN_1800d3208,134,auto,no,,,,
ACPIDriverDll,1800D3290,FUN_1800d3290,433,auto,no,,,,
ACPIDriverDll,1800D3460,OnDDEInitiate,265,auto,yes,,,,
ACPIDriverDll,1800D356C,OnDDETerminate,44,auto,yes,,,,
ACPIDriverDll,1800D3598,OnDestroy,129,auto,yes,,,,
ACPIDriverDll,1800D361C,FUN_1800d361c,185,auto,no,,,,
ACPIDriverDll,1800D36D8,FUN_1800d36d8,296,auto,no,,,,
ACPIDriverDll,1800D3800,FUN_1800d3800,154,auto,no,,,,
ACPIDriverDll,1800D389C,OnEnterIdle,71,auto,yes,,,,
ACPIDriverDll,1800D38FC,OnHScroll,52,auto,yes,,,,
ACPIDriverDll,1800D394C,FUN_1800d394c,178,auto,no,,,,
ACPIDriverDll,1800D3A00,FUN_1800d3a00,50,auto,no,,,,
ACPIDriverDll,1800D3A34,FUN_1800d3a34,559,auto,no,,,,
ACPIDriverDll,1800D3C64,FUN_1800d3c64,68,auto,no,,,,
ACPIDriverDll,1800D3CA8,FUN_1800d3ca8,507,auto,no,,,,
ACPIDriverDll,1800D3EA4,FUN_1800d3ea4,80,auto,no,,,,
ACPIDriverDll,1800D3EF4,FUN_1800d3ef4,63,auto,no,,,,
ACPIDriverDll,1800D3F58,FUN_1800d3f58,96,auto,no,,,,
ACPIDriverDll,1800D3FB8,FUN_1800d3fb8,65,auto,no,,,,
ACPIDriverDll,1800D3FFC,FUN_1800d3ffc,70,auto,no,,,,
ACPIDriverDll,1800D4060,FUN_1800d4060,320,auto,no,,,,
ACPIDriverDll,1800D41A4,FUN_1800d41a4,829,auto,no,,,,
ACPIDriverDll,1800D44E4,FUN_1800d44e4,59,auto,no,,,,
ACPIDriverDll,1800D4520,FUN_1800d4520,184,auto,no,,,,
ACPIDriverDll,1800D45DC,FUN_1800d45dc,518,auto,no,,,,
ACPIDriverDll,1800D47E8,FUN_1800d47e8,127,auto,no,,,,
ACPIDriverDll,1800D4868,FUN_1800d4868,88,auto,no,,,,
ACPIDriverDll,1800D48C4,FUN_1800d48c4,120,auto,no,,,,
ACPIDriverDll,1800D493C,FUN_1800d493c,113,auto,no,,,,
ACPIDriverDll,1800D49B0,FUN_1800d49b0,122,auto,no,,,,
ACPIDriverDll,1800D4A2C,OnVScroll,52,auto,yes,,,,
ACPIDriverDll,1800D4A60,FUN_1800d4a60,32,auto,no,,,,
ACPIDriverDll,1800D4A80,PreCreateWindow,69,auto,yes,,,,
ACPIDriverDll,1800D4AC8,FUN_1800d4ac8,507,auto,no,,,,
ACPIDriverDll,1800D4CC4,FUN_1800d4cc4,395,auto,no,,,,
ACPIDriverDll,1800D4E50,FUN_1800d4e50,46,auto,no,,,,
ACPIDriverDll,1800D4E80,FUN_1800d4e80,60,auto,no,,,,
ACPIDriverDll,1800D4EC0,FUN_1800d4ec0,158,auto,no,,,,
ACPIDriverDll,1800D4F60,FUN_1800d4f60,82,auto,no,,,,
ACPIDriverDll,1800D4FB4,FUN_1800d4fb4,140,auto,no,,,,
ACPIDriverDll,1800D5044,FUN_1800d5044,94,auto,no,,,,
ACPIDriverDll,1800D50A4,FUN_1800d50a4,379,auto,no,,,,
ACPIDriverDll,1800D5220,FUN_1800d5220,220,auto,no,,,,
ACPIDriverDll,1800D52FC,FUN_1800d52fc,470,auto,no,,,,
ACPIDriverDll,1800D54D4,CObList,40,auto,yes,,,,
ACPIDriverDll,1800D54FC,~CObList,34,auto,yes,,,,
ACPIDriverDll,1800D5520,`scalar_deleting_destructor',89,auto,yes,,,,
ACPIDriverDll,1800D557C,FUN_1800d557c,68,auto,no,,,,
ACPIDriverDll,1800D55C4,CreateObject,74,auto,yes,,,,
ACPIDriverDll,1800D5610,FUN_1800d5610,30,auto,no,,,,
ACPIDriverDll,1800D5630,FUN_1800d5630,8,auto,no,,,,
ACPIDriverDll,1800D5638,InsertAfter,88,auto,yes,,,,
ACPIDriverDll,1800D5690,RemoveTail,52,auto,yes,,,,
ACPIDriverDll,1800D56C4,Serialize,129,auto,yes,,,,
ACPIDriverDll,1800D5748,FUN_1800d5748,93,auto,no,,,,
ACPIDriverDll,1800D57A8,FUN_1800d57a8,381,auto,no,,,,
ACPIDriverDll,1800D592C,FUN_1800d592c,8,auto,no,,,,
ACPIDriverDll,1800D5934,FUN_1800d5934,738,auto,no,,,,
ACPIDriverDll,1800D5C18,FUN_1800d5c18,37,auto,no,,,,
ACPIDriverDll,1800D5C40,FUN_1800d5c40,109,auto,no,,,,
ACPIDriverDll,1800D5CB0,FUN_1800d5cb0,214,auto,no,,,,
ACPIDriverDll,1800D5D88,FUN_1800d5d88,197,auto,no,,,,
ACPIDriverDll,1800D5E50,FUN_1800d5e50,146,auto,no,,,,
ACPIDriverDll,1800D5EE4,FUN_1800d5ee4,273,auto,no,,,,
ACPIDriverDll,1800D5FF8,FUN_1800d5ff8,96,auto,no,,,,
ACPIDriverDll,1800D6058,FUN_1800d6058,273,auto,no,,,,
ACPIDriverDll,1800D616C,FUN_1800d616c,499,auto,no,,,,
ACPIDriverDll,1800D6364,FUN_1800d6364,411,auto,no,,,,
ACPIDriverDll,1800D6500,CStringList,40,auto,yes,,,,
ACPIDriverDll,1800D6528,FUN_1800d6528,34,auto,no,,,,
ACPIDriverDll,1800D654C,`scalar_deleting_destructor',89,auto,yes,,,,
ACPIDriverDll,1800D65A8,AddHead,89,auto,yes,,,,
ACPIDriverDll,1800D6604,AddTail,89,auto,yes,,,,
ACPIDriverDll,1800D6660,FUN_1800d6660,90,auto,no,,,,
ACPIDriverDll,1800D66BC,CreateObject,74,auto,yes,,,,
ACPIDriverDll,1800D6708,FUN_1800d6708,84,auto,no,,,,
ACPIDriverDll,1800D6760,FUN_1800d6760,105,auto,no,,,,
ACPIDriverDll,1800D67CC,FUN_1800d67cc,8,auto,no,,,,
ACPIDriverDll,1800D67D4,InsertBefore,117,auto,yes,,,,
ACPIDriverDll,1800D684C,FUN_1800d684c,109,auto,no,,,,
ACPIDriverDll,1800D68BC,FUN_1800d68bc,204,auto,no,,,,
ACPIDriverDll,1800D698C,FUN_1800d698c,117,auto,no,,,,
ACPIDriverDll,1800D6A04,FUN_1800d6a04,144,auto,no,,,,
ACPIDriverDll,1800D6A98,FUN_1800d6a98,227,auto,no,,,,
ACPIDriverDll,1800D6B7C,FUN_1800d6b7c,210,auto,no,,,,
ACPIDriverDll,1800D6C50,FUN_1800d6c50,450,auto,no,,,,
ACPIDriverDll,1800D6E14,FUN_1800d6e14,141,auto,no,,,,
ACPIDriverDll,1800D6EA4,FUN_1800d6ea4,393,auto,no,,,,
ACPIDriverDll,1800D7030,FUN_1800d7030,56,auto,no,,,,
ACPIDriverDll,1800D7068,FUN_1800d7068,66,auto,no,,,,
ACPIDriverDll,1800D70AC,FUN_1800d70ac,66,auto,no,,,,
ACPIDriverDll,1800D70F0,FUN_1800d70f0,184,auto,no,,,,
ACPIDriverDll,1800D71AC,FUN_1800d71ac,155,auto,no,,,,
ACPIDriverDll,1800D7248,FUN_1800d7248,341,auto,no,,,,
ACPIDriverDll,1800D73A0,FreeStruct,53,auto,yes,,,,
ACPIDriverDll,1800D73D8,FUN_1800d73d8,135,auto,no,,,,
ACPIDriverDll,1800D7460,FUN_1800d7460,6,auto,no,,,,
ACPIDriverDll,1800D7468,GetCommonButtonFlag,66,auto,yes,,,,
ACPIDriverDll,1800D74AC,GetCommonButtonId,65,auto,yes,,,,
ACPIDriverDll,1800D74F0,FUN_1800d74f0,8,auto,no,,,,
ACPIDriverDll,1800D74F8,_AfxIsTaskDialogSupported,5,auto,yes,,,,
ACPIDriverDll,1800D7500,FUN_1800d7500,267,auto,no,,,,
ACPIDriverDll,1800D7610,OnHyperlinkClick,43,auto,yes,,,,
ACPIDriverDll,1800D763C,Serialize,88,auto,yes,,,,
ACPIDriverDll,1800D7694,FUN_1800d7694,119,auto,no,,,,
ACPIDriverDll,1800D770C,FUN_1800d770c,1161,auto,no,,,,
ACPIDriverDll,1800D7B9C,ShowDialog,133,auto,yes,,,,
ACPIDriverDll,1800D7C24,FUN_1800d7c24,1008,auto,no,,,,
ACPIDriverDll,1800D801C,FUN_1800d801c,30,auto,no,,,,
ACPIDriverDll,1800D803C,FUN_1800d803c,208,auto,no,,,,
ACPIDriverDll,1800D8110,FUN_1800d8110,579,auto,no,,,,
ACPIDriverDll,1800D8358,FUN_1800d8358,283,auto,no,,,,
ACPIDriverDll,1800D8478,FUN_1800d8478,112,auto,no,,,,
ACPIDriverDll,1800D84E8,FUN_1800d84e8,148,auto,no,,,,
ACPIDriverDll,1800D857C,thunk_FUN_1800d8478,5,auto,no,,,,
ACPIDriverDll,1800D8584,FUN_1800d8584,28,auto,no,,,,
ACPIDriverDll,1800D85A0,FUN_1800d85a0,66,auto,no,,,,
ACPIDriverDll,1800D85E4,FUN_1800d85e4,66,auto,no,,,,
ACPIDriverDll,1800D8628,FUN_1800d8628,9,auto,no,,,,
ACPIDriverDll,1800D8634,FUN_1800d8634,1147,auto,no,,,,
ACPIDriverDll,1800D8AB0,FUN_1800d8ab0,100,auto,no,,,,
ACPIDriverDll,1800D8B18,FUN_1800d8b18,9,auto,no,,,,
ACPIDriverDll,1800D8B24,FUN_1800d8b24,12,auto,no,,,,
ACPIDriverDll,1800D8B30,FUN_1800d8b30,255,auto,no,,,,
ACPIDriverDll,1800D8C30,GetEntryCount,43,auto,yes,,,,
ACPIDriverDll,1800D8C5C,FUN_1800d8c5c,73,auto,no,,,,
ACPIDriverDll,1800D8CA8,GetIDispatch,38,auto,yes,,,,
ACPIDriverDll,1800D8CD0,FUN_1800d8cd0,376,auto,no,,,,
ACPIDriverDll,1800D8E48,FUN_1800d8e48,8,auto,no,,,,
ACPIDriverDll,1800D8E50,FUN_1800d8e50,130,auto,no,,,,
ACPIDriverDll,1800D8ED4,FUN_1800d8ed4,292,auto,no,,,,
ACPIDriverDll,1800D8FFC,FUN_1800d8ffc,108,auto,no,,,,
ACPIDriverDll,1800D9068,FUN_1800d9068,36,auto,no,,,,
ACPIDriverDll,1800D908C,FUN_1800d908c,1754,auto,no,,,,
ACPIDriverDll,1800D9794,MemberIDFromName,196,auto,yes,,,,
ACPIDriverDll,1800D9858,FUN_1800d9858,582,auto,no,,,,
ACPIDriverDll,1800D9AA0,FUN_1800d9aa0,850,auto,no,,,,
ACPIDriverDll,1800D9DF4,FUN_1800d9df4,9,auto,no,,,,
ACPIDriverDll,1800D9E00,FUN_1800d9e00,9,auto,no,,,,
ACPIDriverDll,1800D9E0C,Serialize,88,auto,yes,,,,
ACPIDriverDll,1800D9E64,FUN_1800d9e64,115,auto,no,,,,
ACPIDriverDll,1800D9ED8,FUN_1800d9ed8,708,auto,no,,,,
ACPIDriverDll,1800DA1A0,FUN_1800da1a0,455,auto,no,,,,
ACPIDriverDll,1800DA368,FUN_1800da368,15,auto,no,,,,
ACPIDriverDll,1800DA378,FUN_1800da378,32,auto,no,,,,
ACPIDriverDll,1800DA398,AttachDispatch,51,auto,yes,,,,
ACPIDriverDll,1800DA3CC,FUN_1800da3cc,103,auto,no,,,,
ACPIDriverDll,1800DA434,FUN_1800da434,1767,auto,no,,,,
ACPIDriverDll,1800DAB20,FUN_1800dab20,46,auto,no,,,,
ACPIDriverDll,1800DAB50,CEnumArray,114,auto,yes,,,,
ACPIDriverDll,1800DABC4,~CEnumArray,77,auto,yes,,,,
ACPIDriverDll,1800DAC14,`scalar_deleting_destructor',66,auto,yes,,,,
ACPIDriverDll,1800DAC58,FUN_1800dac58,9,auto,no,,,,
ACPIDriverDll,1800DAC64,FUN_1800dac64,144,auto,no,,,,
ACPIDriverDll,1800DACF8,FUN_1800dacf8,166,auto,no,,,,
ACPIDriverDll,1800DADA4,OnClone,82,auto,yes,,,,
ACPIDriverDll,1800DADF8,OnNext,64,auto,yes,,,,
ACPIDriverDll,1800DAE38,FUN_1800dae38,5,auto,no,,,,
ACPIDriverDll,1800DAE40,OnSkip,29,auto,yes,,,,
ACPIDriverDll,1800DAE60,FUN_1800dae60,9,auto,no,,,,
ACPIDriverDll,1800DAE6C,FUN_1800dae6c,9,auto,no,,,,
ACPIDriverDll,1800DAE78,FUN_1800dae78,61,auto,no,,,,
ACPIDriverDll,1800DAEB8,FUN_1800daeb8,121,auto,no,,,,
ACPIDriverDll,1800DAF38,OLE_DATA,209,auto,yes,,,,
ACPIDriverDll,1800DB00C,AfxOleInit,181,auto,yes,,,,
ACPIDriverDll,1800DB0C4,FUN_1800db0c4,120,auto,no,,,,
ACPIDriverDll,1800DB13C,AfxOleTermOrFreeLib,88,auto,yes,,,,
ACPIDriverDll,1800DB194,FUN_1800db194,18,auto,no,,,,
ACPIDriverDll,1800DB1A8,QueryInterface,114,auto,yes,,,,
ACPIDriverDll,1800DB21C,Read,45,auto,yes,,,,
ACPIDriverDll,1800DB250,FUN_1800db250,121,auto,no,,,,
ACPIDriverDll,1800DB2D0,Write,58,auto,yes,,,,
ACPIDriverDll,1800DB310,FUN_1800db310,500,auto,no,,,,
ACPIDriverDll,1800DB508,FUN_1800db508,217,auto,no,,,,
ACPIDriverDll,1800DB5E4,FUN_1800db5e4,185,auto,no,,,,
ACPIDriverDll,1800DB6A0,FUN_1800db6a0,506,auto,no,,,,
ACPIDriverDll,1800DB89C,FUN_1800db89c,167,auto,no,,,,
ACPIDriverDll,1800DB944,FUN_1800db944,289,auto,no,,,,
ACPIDriverDll,1800DBA68,FUN_1800dba68,356,auto,no,,,,
ACPIDriverDll,1800DBBD0,FUN_1800dbbd0,110,auto,no,,,,
ACPIDriverDll,1800DBC40,FUN_1800dbc40,48,auto,no,,,,
ACPIDriverDll,1800DBC70,FUN_1800dbc70,138,auto,no,,,,
ACPIDriverDll,1800DBCFC,`scalar_deleting_destructor',89,auto,yes,,,,
ACPIDriverDll,1800DBD58,FUN_1800dbd58,52,auto,no,,,,
ACPIDriverDll,1800DBD8C,GetAssocAt,160,auto,yes,,,,
ACPIDriverDll,1800DBE2C,FUN_1800dbe2c,254,auto,no,,,,
ACPIDriverDll,1800DBF30,Lookup,47,auto,yes,,,,
ACPIDriverDll,1800DBF60,FUN_1800dbf60,182,auto,no,,,,
ACPIDriverDll,1800DC018,RemoveKey,173,auto,yes,,,,
ACPIDriverDll,1800DC0C8,RemoveMenu,80,auto,yes,,,,
ACPIDriverDll,1800DC118,FUN_1800dc118,803,auto,no,,,,
ACPIDriverDll,1800DC454,Serialize,236,auto,yes,,,,
ACPIDriverDll,1800DC540,CCommandManager,239,auto,yes,,,,
ACPIDriverDll,1800DC630,FUN_1800dc630,129,auto,no,,,,
ACPIDriverDll,1800DC6B4,FUN_1800dc6b4,52,auto,no,,,,
ACPIDriverDll,1800DC6E8,ClearAllCmdImages,56,auto,yes,,,,
ACPIDriverDll,1800DC720,FUN_1800dc720,9,auto,no,,,,
ACPIDriverDll,1800DC72C,FUN_1800dc72c,161,auto,no,,,,
ACPIDriverDll,1800DC7D0,FUN_1800dc7d0,52,auto,no,,,,
ACPIDriverDll,1800DC804,FUN_1800dc804,8,auto,no,,,,
ACPIDriverDll,1800DC80C,RemoveKey,168,auto,yes,,,,
ACPIDriverDll,1800DC8B4,SetCmdImage,121,auto,yes,,,,
ACPIDriverDll,1800DC930,CMFCRibbonContextCategory,253,auto,yes,,,,
ACPIDriverDll,1800DCA78,CMFCVisualManagerBitmapCacheItem,44,auto,yes,,,,
ACPIDriverDll,1800DCAA4,FUN_1800dcaa4,2756,auto,no,,,,
ACPIDriverDll,1800DD568,FUN_1800dd568,36,auto,no,,,,
ACPIDriverDll,1800DD58C,FUN_1800dd58c,36,auto,no,,,,
ACPIDriverDll,1800DD5B0,~CMFCRibbonContextCategory,82,auto,yes,,,,
ACPIDriverDll,1800DD604,~CMFCVisualManagerBitmapCache,58,auto,yes,,,,
ACPIDriverDll,1800DD640,FUN_1800dd640,1734,auto,no,,,,
ACPIDriverDll,1800DDD08,FUN_1800ddd08,66,auto,no,,,,
ACPIDriverDll,1800DDD4C,FUN_1800ddd4c,66,auto,no,,,,
ACPIDriverDll,1800DDD90,`scalar_deleting_destructor',89,auto,yes,,,,
ACPIDriverDll,1800DDDEC,FUN_1800dddec,52,auto,no,,,,
ACPIDriverDll,1800DDE20,FUN_1800dde20,66,auto,no,,,,
ACPIDriverDll,1800DDE64,FUN_1800dde64,66,auto,no,,,,
ACPIDriverDll,1800DDEA8,FUN_1800ddea8,17,auto,no,,,,
ACPIDriverDll,1800DDEBC,AlwaysHighlight3DTabs,23,auto,yes,,,,
ACPIDriverDll,1800DDED4,Cache,157,auto,yes,,,,
ACPIDriverDll,1800DDF74,FUN_1800ddf74,588,auto,no,,,,
ACPIDriverDll,1800DE1C0,CacheY,41,auto,yes,,,,
ACPIDriverDll,1800DE1EC,CanDrawImage,121,auto,yes,,,,
ACPIDriverDll,1800DE268,CleanStyle,63,auto,yes,,,,
ACPIDriverDll,1800DE2A8,FUN_1800de2a8,111,auto,no,,,,
ACPIDriverDll,1800DE318,FUN_1800de318,2594,auto,no,,,,
ACPIDriverDll,1800DED3C,FUN_1800ded3c,140,auto,no,,,,
ACPIDriverDll,1800DEDCC,FUN_1800dedcc,49,auto,no,,,,
ACPIDriverDll,1800DEE00,Draw,112,auto,yes,,,,
ACPIDriverDll,1800DEE70,FUN_1800dee70,639,auto,no,,,,
ACPIDriverDll,1800DF0F0,FUN_1800df0f0,1457,auto,no,,,,
ACPIDriverDll,1800DF6A4,FUN_1800df6a4,949,auto,no,,,,
ACPIDriverDll,1800DFA5C,DrawSeparator,499,auto,yes,,,,
ACPIDriverDll,1800DFC50,FUN_1800dfc50,406,auto,no,,,,
ACPIDriverDll,1800DFDE8,FUN_1800dfde8,86,auto,no,,,,
ACPIDriverDll,1800DFE40,FUN_1800dfe40,44,auto,no,,,,
ACPIDriverDll,1800DFE70,GetCaptionBarTextColor,55,auto,yes,,,,
ACPIDriverDll,1800DFEA8,FUN_1800dfea8,7,auto,no,,,,
ACPIDriverDll,1800DFEB0,GetHighlightedMenuItemTextColor,55,auto,yes,,,,
ACPIDriverDll,1800DFEE8,GetMenuItemTextColor,99,auto,yes,,,,
ACPIDriverDll,1800DFF4C,FUN_1800dff4c,24,auto,no,,,,
ACPIDriverDll,1800DFF64,FUN_1800dff64,140,auto,no,,,,
ACPIDriverDll,1800DFFF0,GetRibbonEditBackgroundColor,120,auto,yes,,,,
ACPIDriverDll,1800E0068,FUN_1800e0068,228,auto,no,,,,
ACPIDriverDll,1800E014C,FUN_1800e014c,249,auto,no,,,,
ACPIDriverDll,1800E0248,FUN_1800e0248,17,auto,no,,,,
ACPIDriverDll,1800E025C,GetRibbonQuickAccessToolBarRightMargin,44,auto,yes,,,,
ACPIDriverDll,1800E0288,FUN_1800e0288,18,auto,no,,,,
ACPIDriverDll,1800E029C,GetRibbonStatusBarTextColor,55,auto,yes,,,,
ACPIDriverDll,1800E02D4,FUN_1800e02d4,8,auto,no,,,,
ACPIDriverDll,1800E02DC,GetShowAllMenuItemsHeight,90,auto,yes,,,,
ACPIDriverDll,1800E0338,GetSmartDockingTheme,105,auto,yes,,,,
ACPIDriverDll,1800E03A4,FUN_1800e03a4,106,auto,no,,,,
ACPIDriverDll,1800E0410,FUN_1800e0410,7,auto,no,,,,
ACPIDriverDll,1800E0418,FUN_1800e0418,330,auto,no,,,,
ACPIDriverDll,1800E0564,FUN_1800e0564,231,auto,no,,,,
ACPIDriverDll,1800E064C,FUN_1800e064c,199,auto,no,,,,
ACPIDriverDll,1800E0714,FUN_1800e0714,143,auto,no,,,,
ACPIDriverDll,1800E07A4,GetToolTipInfo,187,auto,yes,,,,
ACPIDriverDll,1800E0860,FUN_1800e0860,267,auto,no,,,,
ACPIDriverDll,1800E096C,FUN_1800e096c,7,auto,no,,,,
ACPIDriverDll,1800E0974,GetToolbarDisabledTextColor,43,auto,yes,,,,
ACPIDriverDll,1800E09A0,IsHighlightWholeMenuItem,19,auto,yes,,,,
ACPIDriverDll,1800E09B4,CanDrawImage,5,auto,yes,,,,
ACPIDriverDll,1800E09BC,IsOwnerDrawCaption,73,auto,yes,,,,
ACPIDriverDll,1800E0A08,IsOwnerDrawMenuCheck,16,auto,yes,,,,
ACPIDriverDll,1800E0A18,IsWindowActive,65,auto,yes,,,,
ACPIDriverDll,1800E0A5C,Lookup,45,auto,yes,,,,
ACPIDriverDll,1800E0A8C,FUN_1800e0a8c,133,auto,no,,,,
ACPIDriverDll,1800E0B14,FUN_1800e0b14,896,auto,no,,,,
ACPIDriverDll,1800E0E94,FUN_1800e0e94,434,auto,no,,,,
ACPIDriverDll,1800E1048,FUN_1800e1048,229,auto,no,,,,
ACPIDriverDll,1800E1130,OnDrawCaptionBarInfoArea,234,auto,yes,,,,
ACPIDriverDll,1800E121C,FUN_1800e121c,374,auto,no,,,,
ACPIDriverDll,1800E1394,OnDrawComboBorder,266,auto,yes,,,,
ACPIDriverDll,1800E14A0,FUN_1800e14a0,882,auto,no,,,,
ACPIDriverDll,1800E1814,OnDrawDefaultRibbonImage,199,auto,yes,,,,
ACPIDriverDll,1800E18DC,OnDrawEditBorder,229,auto,yes,,,,
ACPIDriverDll,1800E19C4,FUN_1800e19c4,554,auto,no,,,,
ACPIDriverDll,1800E1BF0,OnDrawHeaderCtrlBorder,505,auto,yes,,,,
ACPIDriverDll,1800E1DEC,FUN_1800e1dec,516,auto,no,,,,
ACPIDriverDll,1800E1FF0,FUN_1800e1ff0,366,auto,no,,,,
ACPIDriverDll,1800E2160,FUN_1800e2160,328,auto,no,,,,
ACPIDriverDll,1800E22A8,OnDrawMenuLabel,177,auto,yes,,,,
ACPIDriverDll,1800E235C,FUN_1800e235c,337,auto,no,,,,
ACPIDriverDll,1800E24B0,FUN_1800e24b0,226,auto,no,,,,
ACPIDriverDll,1800E2594,FUN_1800e2594,401,auto,no,,,,
ACPIDriverDll,1800E2728,FUN_1800e2728,608,auto,no,,,,
ACPIDriverDll,1800E298C,OnDrawOutlookBarSplitter,367,auto,yes,,,,
ACPIDriverDll,1800E2AFC,OnDrawOutlookPageButtonBorder,145,auto,yes,,,,
ACPIDriverDll,1800E2B90,FUN_1800e2b90,538,auto,no,,,,
ACPIDriverDll,1800E2DAC,OnDrawPopupWindowCaption,66,auto,yes,,,,
ACPIDriverDll,1800E2DF0,FUN_1800e2df0,196,auto,no,,,,
ACPIDriverDll,1800E2EB4,FUN_1800e2eb4,379,auto,no,,,,
ACPIDriverDll,1800E3030,FUN_1800e3030,367,auto,no,,,,
ACPIDriverDll,1800E31A0,FUN_1800e31a0,208,auto,no,,,,
ACPIDriverDll,1800E3270,FUN_1800e3270,2264,auto,no,,,,
ACPIDriverDll,1800E3B4C,FUN_1800e3b4c,307,auto,no,,,,
ACPIDriverDll,1800E3C80,FUN_1800e3c80,532,auto,no,,,,
ACPIDriverDll,1800E3E94,FUN_1800e3e94,287,auto,no,,,,
ACPIDriverDll,1800E3FB4,FUN_1800e3fb4,345,auto,no,,,,
ACPIDriverDll,1800E4110,FUN_1800e4110,679,auto,no,,,,
ACPIDriverDll,1800E43B8,FUN_1800e43b8,316,auto,no,,,,
ACPIDriverDll,1800E44F4,FUN_1800e44f4,536,auto,no,,,,
ACPIDriverDll,1800E470C,FUN_1800e470c,286,auto,no,,,,
ACPIDriverDll,1800E482C,OnDrawRibbonGalleryBorder,125,auto,yes,,,,
ACPIDriverDll,1800E48AC,FUN_1800e48ac,301,auto,no,,,,
ACPIDriverDll,1800E49DC,FUN_1800e49dc,351,auto,no,,,,
ACPIDriverDll,1800E4B3C,FUN_1800e4b3c,444,auto,no,,,,
ACPIDriverDll,1800E4CF8,OnDrawRibbonMainPanelButtonBorder,63,auto,yes,,,,
ACPIDriverDll,1800E4D38,FUN_1800e4d38,150,auto,no,,,,
ACPIDriverDll,1800E4DD0,FUN_1800e4dd0,125,auto,no,,,,
ACPIDriverDll,1800E4E50,FUN_1800e4e50,911,auto,no,,,,
ACPIDriverDll,1800E51E0,FUN_1800e51e0,356,auto,no,,,,
ACPIDriverDll,1800E5344,FUN_1800e5344,675,auto,no,,,,
ACPIDriverDll,1800E55E8,OnDrawRibbonRecentFilesFrame,166,auto,yes,,,,
ACPIDriverDll,1800E5690,OnDrawRibbonSliderChannel,200,auto,yes,,,,
ACPIDriverDll,1800E5758,FUN_1800e5758,214,auto,no,,,,
ACPIDriverDll,1800E5830,FUN_1800e5830,258,auto,no,,,,
ACPIDriverDll,1800E5934,FUN_1800e5934,355,auto,no,,,,
ACPIDriverDll,1800E5A98,OnDrawRibbonTabsFrame,98,auto,yes,,,,
ACPIDriverDll,1800E5AFC,FUN_1800e5afc,211,auto,no,,,,
ACPIDriverDll,1800E5BD0,FUN_1800e5bd0,851,auto,no,,,,
ACPIDriverDll,1800E5F24,FUN_1800e5f24,169,auto,no,,,,
ACPIDriverDll,1800E5FD0,OnDrawStatusBarPaneBorder,201,auto,yes,,,,
ACPIDriverDll,1800E609C,OnDrawStatusBarSizeBox,171,auto,yes,,,,
ACPIDriverDll,1800E6148,FUN_1800e6148,1131,auto,no,,,,
ACPIDriverDll,1800E65B4,OnDrawTabsButtonBorder,97,auto,yes,,,,
ACPIDriverDll,1800E6618,OnDrawTask,145,auto,yes,,,,
ACPIDriverDll,1800E66AC,FUN_1800e66ac,1436,auto,no,,,,
ACPIDriverDll,1800E6C48,FUN_1800e6c48,238,auto,no,,,,
ACPIDriverDll,1800E6D38,FUN_1800e6d38,109,auto,no,,,,
ACPIDriverDll,1800E6DA8,FUN_1800e6da8,414,auto,no,,,,
ACPIDriverDll,1800E6F48,FUN_1800e6f48,635,auto,no,,,,
ACPIDriverDll,1800E71C4,FUN_1800e71c4,466,auto,no,,,,
ACPIDriverDll,1800E7398,FUN_1800e7398,1293,auto,no,,,,
ACPIDriverDll,1800E78A8,FUN_1800e78a8,749,auto,no,,,,
ACPIDriverDll,1800E7B98,OnFillCaptionBarButton,171,auto,yes,,,,
ACPIDriverDll,1800E7C44,FUN_1800e7c44,381,auto,no,,,,
ACPIDriverDll,1800E7DC4,FUN_1800e7dc4,303,auto,no,,,,
ACPIDriverDll,1800E7EF4,OnFillOutlookBarCaption,67,auto,yes,,,,
ACPIDriverDll,1800E7F38,FUN_1800e7f38,434,auto,no,,,,
ACPIDriverDll,1800E80EC,OnFillPopupWindowBackground,165,auto,yes,,,,
ACPIDriverDll,1800E8194,FUN_1800e8194,3225,auto,no,,,,
ACPIDriverDll,1800E8E30,OnFillRibbonEdit,402,auto,yes,,,,
ACPIDriverDll,1800E8FC4,FUN_1800e8fc4,217,auto,no,,,,
ACPIDriverDll,1800E90A0,OnFillRibbonMenuFrame,101,auto,yes,,,,
ACPIDriverDll,1800E9108,FUN_1800e9108,236,auto,no,,,,
ACPIDriverDll,1800E91F4,FUN_1800e91f4,445,auto,no,,,,
ACPIDriverDll,1800E93B4,FUN_1800e93b4,152,auto,no,,,,
ACPIDriverDll,1800E944C,FUN_1800e944c,142,auto,no,,,,
ACPIDriverDll,1800E94DC,FUN_1800e94dc,322,auto,no,,,,
ACPIDriverDll,1800E9620,FUN_1800e9620,2749,auto,no,,,,
ACPIDriverDll,1800EA0E0,FUN_1800ea0e0,455,auto,no,,,,
ACPIDriverDll,1800EA2A8,FUN_1800ea2a8,37252,auto,no,,,,
ACPIDriverDll,1800F3430,Serialize,88,auto,yes,,,,
ACPIDriverDll,1800F3488,FUN_1800f3488,76,auto,no,,,,
ACPIDriverDll,1800F34D8,FUN_1800f34d8,80,auto,no,,,,
ACPIDriverDll,1800F3528,FUN_1800f3528,513,auto,no,,,,
ACPIDriverDll,1800F372C,FUN_1800f372c,174,auto,no,,,,
ACPIDriverDll,1800F37DC,COleIPFrameWndEx,116,auto,yes,,,,
ACPIDriverDll,1800F3850,FUN_1800f3850,56,auto,no,,,,
ACPIDriverDll,1800F3888,FID_conflict:`scalar_deleting_destructor',66,auto,yes,,,,
ACPIDriverDll,1800F38CC,FUN_1800f38cc,29,auto,no,,,,
ACPIDriverDll,1800F38EC,FUN_1800f38ec,108,auto,no,,,,
ACPIDriverDll,1800F3958,CreateObject,49,auto,yes,,,,
ACPIDriverDll,1800F398C,FUN_1800f398c,12,auto,no,,,,
ACPIDriverDll,1800F3998,FUN_1800f3998,8,auto,no,,,,
ACPIDriverDll,1800F39A0,FUN_1800f39a0,27,auto,no,,,,
ACPIDriverDll,1800F39BC,FUN_1800f39bc,8,auto,no,,,,
ACPIDriverDll,1800F39C4,FUN_1800f39c4,22,auto,no,,,,
ACPIDriverDll,1800F39DC,FUN_1800f39dc,12,auto,no,,,,
ACPIDriverDll,1800F39E8,FUN_1800f39e8,12,auto,no,,,,
ACPIDriverDll,1800F39F4,LoadFrame,85,auto,yes,,,,
ACPIDriverDll,1800F3A4C,OnActivate,195,auto,yes,,,,
ACPIDriverDll,1800F3B10,FUN_1800f3b10,34,auto,no,,,,
ACPIDriverDll,1800F3B34,FUN_1800f3b34,36,auto,no,,,,
ACPIDriverDll,1800F3B58,OnCmdMsg,113,auto,yes,,,,
ACPIDriverDll,1800F3BCC,FUN_1800f3bcc,168,auto,no,,,,
ACPIDriverDll,1800F3C74,OnContextHelp,84,auto,yes,,,,
ACPIDriverDll,1800F3CC8,FUN_1800f3cc8,182,auto,no,,,,
ACPIDriverDll,1800F3D80,FUN_1800f3d80,360,auto,no,,,,
ACPIDriverDll,1800F3EE8,OnIdleUpdateCmdUI,77,auto,yes,,,,
ACPIDriverDll,1800F3F38,OnMenuChar,91,auto,yes,,,,
ACPIDriverDll,1800F3F94,FUN_1800f3f94,21,auto,no,,,,
ACPIDriverDll,1800F3FAC,FUN_1800f3fac,94,auto,no,,,,
ACPIDriverDll,1800F400C,FUN_1800f400c,106,auto,no,,,,
ACPIDriverDll,1800F4078,FUN_1800f4078,26,auto,no,,,,
ACPIDriverDll,1800F4094,FUN_1800f4094,72,auto,no,,,,
ACPIDriverDll,1800F40DC,FUN_1800f40dc,33,auto,no,,,,
ACPIDriverDll,1800F4100,FUN_1800f4100,26,auto,no,,,,
ACPIDriverDll,1800F411C,FUN_1800f411c,99,auto,no,,,,
ACPIDriverDll,1800F4180,FUN_1800f4180,50,auto,no,,,,
ACPIDriverDll,1800F41B4,FUN_1800f41b4,19,auto,no,,,,
ACPIDriverDll,1800F41C8,FUN_1800f41c8,404,auto,no,,,,
ACPIDriverDll,1800F435C,FUN_1800f435c,228,auto,no,,,,
ACPIDriverDll,1800F4440,FUN_1800f4440,12,auto,no,,,,
ACPIDriverDll,1800F444C,FUN_1800f444c,89,auto,no,,,,
ACPIDriverDll,1800F44A8,FUN_1800f44a8,22,auto,no,,,,
ACPIDriverDll,1800F44C0,COleDocIPFrameWndEx,91,auto,yes,,,,
ACPIDriverDll,1800F451C,FUN_1800f451c,56,auto,no,,,,
ACPIDriverDll,1800F4554,FID_conflict:`scalar_deleting_destructor',66,auto,yes,,,,
ACPIDriverDll,1800F4598,CreateObject,49,auto,yes,,,,
ACPIDriverDll,1800F45CC,FUN_1800f45cc,8,auto,no,,,,
ACPIDriverDll,1800F45D4,FUN_1800f45d4,8,auto,no,,,,
ACPIDriverDll,1800F45DC,FUN_1800f45dc,22,auto,no,,,,
ACPIDriverDll,1800F45F4,OnActivate,184,auto,yes,,,,
ACPIDriverDll,1800F46AC,OnContextHelp,84,auto,yes,,,,
ACPIDriverDll,1800F4700,FUN_1800f4700,197,auto,no,,,,
ACPIDriverDll,1800F47C8,FUN_1800f47c8,22,auto,no,,,,
ACPIDriverDll,1800F47E0,CMDIChildWndEx,189,auto,yes,,,,
ACPIDriverDll,1800F48A0,CMDITabProxyWnd,41,auto,yes,,,,
ACPIDriverDll,1800F48CC,~CMDIChildWndEx,78,auto,yes,,,,
ACPIDriverDll,1800F491C,`scalar_deleting_destructor',66,auto,yes,,,,
ACPIDriverDll,1800F4960,FUN_1800f4960,76,auto,no,,,,
ACPIDriverDll,1800F49AC,ActivateFrame,205,auto,yes,,,,
ACPIDriverDll,1800F4A7C,FUN_1800f4a7c,182,auto,no,,,,
ACPIDriverDll,1800F4B34,FUN_1800f4b34,29,auto,no,,,,
ACPIDriverDll,1800F4B54,FUN_1800f4b54,171,auto,no,,,,
ACPIDriverDll,1800F4C00,FUN_1800f4c00,294,auto,no,,,,
ACPIDriverDll,1800F4D28,FUN_1800f4d28,52,auto,no,,,,
ACPIDriverDll,1800F4D5C,AlphaBlend,137,auto,yes,,,,
ACPIDriverDll,1800F4DE8,FUN_1800f4de8,204,auto,no,,,,
ACPIDriverDll,1800F4EB4,FUN_1800f4eb4,83,auto,no,,,,
ACPIDriverDll,1800F4F08,CreateObject,49,auto,yes,,,,
ACPIDriverDll,1800F4F3C,CreateObject,49,auto,yes,,,,
ACPIDriverDll,1800F4F70,FUN_1800f4f70,198,auto,no,,,,
ACPIDriverDll,1800F5038,Draw,210,auto,yes,,,,
ACPIDriverDll,1800F510C,FUN_1800f510c,1005,auto,no,,,,
ACPIDriverDll,1800F54FC,FUN_1800f54fc,34,auto,no,,,,
ACPIDriverDll,1800F5520,GetFrameIcon,53,auto,yes,,,,
ACPIDriverDll,1800F5558,FUN_1800f5558,110,auto,no,,,,
ACPIDriverDll,1800F55C8,FUN_1800f55c8,8,auto,no,,,,
ACPIDriverDll,1800F55D0,FUN_1800f55d0,8,auto,no,,,,
ACPIDriverDll,1800F55D8,FUN_1800f55d8,8,auto,no,,,,
ACPIDriverDll,1800F55E0,FUN_1800f55e0,8,auto,no,,,,
ACPIDriverDll,1800F55E8,GetTaskbarPreviewWnd,155,auto,yes,,,,
ACPIDriverDll,1800F5684,FUN_1800f5684,37,auto,no,,,,
ACPIDriverDll,1800F56AC,FUN_1800f56ac,12,auto,no,,,,
ACPIDriverDll,1800F56B8,FUN_1800f56b8,185,auto,no,,,,
ACPIDriverDll,1800F5774,IsMDIChildActive,106,auto,yes,,,,
ACPIDriverDll,1800F57E0,FUN_1800f57e0,12,auto,no,,,,
ACPIDriverDll,1800F57EC,IsRegisteredWithTaskbarTabs,26,auto,yes,,,,
ACPIDriverDll,1800F5808,FUN_1800f5808,36,auto,no,,,,
ACPIDriverDll,1800F582C,FUN_1800f582c,160,auto,no,,,,
ACPIDriverDll,1800F58CC,FUN_1800f58cc,37,auto,no,,,,
ACPIDriverDll,1800F58F4,FUN_1800f58f4,44,auto,no,,,,
ACPIDriverDll,1800F5920,FUN_1800f5920,37,auto,no,,,,
ACPIDriverDll,1800F5948,FUN_1800f5948,596,auto,no,,,,
ACPIDriverDll,1800F5B9C,FUN_1800f5b9c,589,auto,no,,,,
ACPIDriverDll,1800F5E30,FUN_1800f5e30,34,auto,no,,,,
ACPIDriverDll,1800F5E54,FUN_1800f5e54,37,auto,no,,,,
ACPIDriverDll,1800F5E7C,FUN_1800f5e7c,37,auto,no,,,,
ACPIDriverDll,1800F5EA4,FUN_1800f5ea4,495,auto,no,,,,
ACPIDriverDll,1800F6094,FUN_1800f6094,41,auto,no,,,,
ACPIDriverDll,1800F60C0,FUN_1800f60c0,37,auto,no,,,,
ACPIDriverDll,1800F60E8,FUN_1800f60e8,21,auto,no,,,,
ACPIDriverDll,1800F6100,FUN_1800f6100,200,auto,no,,,,
ACPIDriverDll,1800F61C8,FUN_1800f61c8,128,auto,no,,,,
ACPIDriverDll,1800F6248,FUN_1800f6248,46,auto,no,,,,
ACPIDriverDll,1800F6278,FUN_1800f6278,34,auto,no,,,,
ACPIDriverDll,1800F629C,FUN_1800f629c,105,auto,no,,,,
ACPIDriverDll,1800F6308,FUN_1800f6308,92,auto,no,,,,
ACPIDriverDll,1800F6364,FUN_1800f6364,141,auto,no,,,,
ACPIDriverDll,1800F63F4,FUN_1800f63f4,292,auto,no,,,,
ACPIDriverDll,1800F6518,FUN_1800f6518,136,auto,no,,,,
ACPIDriverDll,1800F65A0,FUN_1800f65a0,61,auto,no,,,,
ACPIDriverDll,1800F65E0,FUN_1800f65e0,196,auto,no,,,,
ACPIDriverDll,1800F66A4,FUN_1800f66a4,113,auto,no,,,,
ACPIDriverDll,1800F6718,FUN_1800f6718,492,auto,no,,,,
ACPIDriverDll,1800F6904,FUN_1800f6904,162,auto,no,,,,
ACPIDriverDll,1800F69A8,FUN_1800f69a8,1099,auto,no,,,,
ACPIDriverDll,1800F6DF4,FUN_1800f6df4,52,auto,no,,,,
ACPIDriverDll,1800F6E28,FUN_1800f6e28,154,auto,no,,,,
ACPIDriverDll,1800F6EC4,FUN_1800f6ec4,30,auto,no,,,,
ACPIDriverDll,1800F6EE4,FUN_1800f6ee4,79,auto,no,,,,
ACPIDriverDll,1800F6F34,OnTaskbarTabThumbnailStretch,262,auto,yes,,,,
ACPIDriverDll,1800F703C,FUN_1800f703c,432,auto,no,,,,
ACPIDriverDll,1800F71F0,OnWindowPosChanged,94,auto,yes,,,,
ACPIDriverDll,1800F7250,FUN_1800f7250,50,auto,no,,,,
ACPIDriverDll,1800F7284,PreCreateWindow,52,auto,yes,,,,
ACPIDriverDll,1800F72B8,PreTranslateMessage,146,auto,yes,,,,
ACPIDriverDll,1800F734C,FUN_1800f734c,666,auto,no,,,,
ACPIDriverDll,1800F75E8,FUN_1800f75e8,809,auto,no,,,,
ACPIDriverDll,1800F7914,FUN_1800f7914,12,auto,no,,,,
ACPIDriverDll,1800F7920,FUN_1800f7920,165,auto,no,,,,
ACPIDriverDll,1800F79C8,FUN_1800f79c8,175,auto,no,,,,
ACPIDriverDll,1800F7A78,FUN_1800f7a78,265,auto,no,,,,
ACPIDriverDll,1800F7B84,FUN_1800f7b84,611,auto,no,,,,
ACPIDriverDll,1800F7DE8,FUN_1800f7de8,297,auto,no,,,,
ACPIDriverDll,1800F7F14,FUN_1800f7f14,294,auto,no,,,,
ACPIDriverDll,1800F803C,UpdateTaskbarTabIcon,52,auto,yes,,,,
ACPIDriverDll,1800F8070,CImageList,19,auto,yes,,,,
ACPIDriverDll,1800F8084,FUN_1800f8084,47,auto,no,,,,
ACPIDriverDll,1800F80B4,~CImageList,75,auto,yes,,,,
ACPIDriverDll,1800F8100,FID_conflict:~CComboBox,47,auto,yes,,,,
ACPIDriverDll,1800F8130,FUN_1800f8130,47,auto,no,,,,
ACPIDriverDll,1800F8160,FID_conflict:~CSpinButtonCtrl,47,auto,yes,,,,
ACPIDriverDll,1800F8190,FID_conflict:~CSpinButtonCtrl,47,auto,yes,,,,
ACPIDriverDll,1800F81C0,FID_conflict:`scalar_deleting_destructor',66,auto,yes,,,,
ACPIDriverDll,1800F8204,`scalar_deleting_destructor',66,auto,yes,,,,
ACPIDriverDll,1800F8248,FID_conflict:`scalar_deleting_destructor',66,auto,yes,,,,
ACPIDriverDll,1800F828C,FID_conflict:`scalar_deleting_destructor',66,auto,yes,,,,
ACPIDriverDll,1800F82D0,Attach,70,auto,yes,,,,
ACPIDriverDll,1800F8330,FUN_1800f8330,125,auto,no,,,,
ACPIDriverDll,1800F83B0,Create,68,auto,yes,,,,
ACPIDriverDll,1800F83F4,Create,102,auto,yes,,,,
ACPIDriverDll,1800F845C,FUN_1800f845c,125,auto,no,,,,
ACPIDriverDll,1800F84DC,FUN_1800f84dc,102,auto,no,,,,
ACPIDriverDll,1800F8544,FUN_1800f8544,44,auto,no,,,,
ACPIDriverDll,1800F8570,DeleteImageList,35,auto,yes,,,,
ACPIDriverDll,1800F8594,FUN_1800f8594,66,auto,no,,,,
ACPIDriverDll,1800F85D8,FromHandle,35,auto,yes,,,,
ACPIDriverDll,1800F85FC,FUN_1800f85fc,44,auto,no,,,,
ACPIDriverDll,1800F8628,GetItemData,91,auto,yes,,,,
ACPIDriverDll,1800F8684,FUN_1800f8684,92,auto,no,,,,
ACPIDriverDll,1800F86E4,FUN_1800f86e4,28,auto,no,,,,
ACPIDriverDll,1800F8700,FUN_1800f8700,28,auto,no,,,,
ACPIDriverDll,1800F871C,FUN_1800f871c,269,auto,no,,,,
ACPIDriverDll,1800F882C,FUN_1800f882c,8,auto,no,,,,
ACPIDriverDll,1800F8834,FUN_1800f8834,8,auto,no,,,,
ACPIDriverDll,1800F883C,FUN_1800f883c,8,auto,no,,,,
ACPIDriverDll,1800F8844,FUN_1800f8844,8,auto,no,,,,
ACPIDriverDll,1800F884C,FUN_1800f884c,8,auto,no,,,,
ACPIDriverDll,1800F8854,FUN_1800f8854,8,auto,no,,,,
ACPIDriverDll,1800F885C,FUN_1800f885c,8,auto,no,,,,
ACPIDriverDll,1800F8864,FUN_1800f8864,8,auto,no,,,,
ACPIDriverDll,1800F886C,HitTest,82,auto,yes,,,,
ACPIDriverDll,1800F88C0,HitTest,54,auto,yes,,,,
ACPIDriverDll,1800F88F8,InsertColumn,105,auto,yes,,,,
ACPIDriverDll,1800F8964,InsertItem,102,auto,yes,,,,
ACPIDriverDll,1800F89CC,FUN_1800f89cc,47,auto,no,,,,
ACPIDriverDll,1800F89FC,FUN_1800f89fc,47,auto,no,,,,
ACPIDriverDll,1800F8A2C,OnDestroy,42,auto,yes,,,,
ACPIDriverDll,1800F8A58,OnNcDestroy,55,auto,yes,,,,
ACPIDriverDll,1800F8A90,RemoveImageList,82,auto,yes,,,,
ACPIDriverDll,1800F8AE4,RemoveImageList,82,auto,yes,,,,
ACPIDriverDll,1800F8B38,SetItem,78,auto,yes,,,,
ACPIDriverDll,1800F8B88,SetItem,120,auto,yes,,,,
ACPIDriverDll,1800F8C00,SetItemState,48,auto,yes,,,,
ACPIDriverDll,1800F8C30,SetItemText,48,auto,yes,,,,
ACPIDriverDll,1800F8C60,FUN_1800f8c60,168,auto,no,,,,
ACPIDriverDll,1800F8D08,FUN_1800f8d08,281,auto,no,,,,
ACPIDriverDll,1800F8E24,CPaneContainerManager,107,auto,yes,,,,
ACPIDriverDll,1800F8E90,FUN_1800f8e90,154,auto,no,,,,
ACPIDriverDll,1800F8F2C,FUN_1800f8f2c,66,auto,no,,,,
ACPIDriverDll,1800F8F70,AddPane,53,auto,yes,,,,
ACPIDriverDll,1800F8FA8,FUN_1800f8fa8,660,auto,no,,,,
ACPIDriverDll,1800F923C,FUN_1800f923c,1052,auto,no,,,,
ACPIDriverDll,1800F9658,FUN_1800f9658,623,auto,no,,,,
ACPIDriverDll,1800F98CC,FUN_1800f98cc,711,auto,no,,,,
ACPIDriverDll,1800F9B98,FUN_1800f9b98,319,auto,no,,,,
ACPIDriverDll,1800F9CD8,FUN_1800f9cd8,9,auto,no,,,,
ACPIDriverDll,1800F9CE4,FUN_1800f9ce4,454,auto,no,,,,
ACPIDriverDll,1800F9EAC,FUN_1800f9eac,212,auto,no,,,,
ACPIDriverDll,1800F9F84,FUN_1800f9f84,395,auto,no,,,,
ACPIDriverDll,1800FA110,FUN_1800fa110,88,auto,no,,,,
ACPIDriverDll,1800FA16C,FUN_1800fa16c,158,auto,no,,,,
ACPIDriverDll,1800FA20C,FUN_1800fa20c,299,auto,no,,,,
ACPIDriverDll,1800FA338,FUN_1800fa338,168,auto,no,,,,
ACPIDriverDll,1800FA3E4,CreateObject,49,auto,yes,,,,
ACPIDriverDll,1800FA418,FUN_1800fa418,288,auto,no,,,,
ACPIDriverDll,1800FA53C,FUN_1800fa53c,90,auto,no,,,,
ACPIDriverDll,1800FA598,FUN_1800fa598,90,auto,no,,,,
ACPIDriverDll,1800FA5F4,FUN_1800fa5f4,95,auto,no,,,,
ACPIDriverDll,1800FA654,FindPaneContainer,94,auto,yes,,,,
ACPIDriverDll,1800FA6C4,FUN_1800fa6c4,263,auto,no,,,,
ACPIDriverDll,1800FA7CC,FUN_1800fa7cc,8,auto,no,,,,
ACPIDriverDll,1800FA7D4,FUN_1800fa7d4,19,auto,no,,,,
ACPIDriverDll,1800FA7E8,FUN_1800fa7e8,88,auto,no,,,,
ACPIDriverDll,1800FA844,FUN_1800fa844,641,auto,no,,,,
ACPIDriverDll,1800FAAC8,FUN_1800faac8,38,auto,no,,,,
ACPIDriverDll,1800FAAF0,GetNodeCount,17,auto,yes,,,,
ACPIDriverDll,1800FAB04,FUN_1800fab04,8,auto,no,,,,
ACPIDriverDll,1800FAB0C,GetTotalRefCount,17,auto,yes,,,,
ACPIDriverDll,1800FAB20,FUN_1800fab20,88,auto,no,,,,
ACPIDriverDll,1800FAB7C,FUN_1800fab7c,21,auto,no,,,,
ACPIDriverDll,1800FAB94,FUN_1800fab94,135,auto,no,,,,
ACPIDriverDll,1800FAC1C,FUN_1800fac1c,127,auto,no,,,,
ACPIDriverDll,1800FAC9C,IsEmpty,10,auto,yes,,,,
ACPIDriverDll,1800FACA8,FUN_1800faca8,16,auto,no,,,,
ACPIDriverDll,1800FACB8,FUN_1800facb8,37,auto,no,,,,
ACPIDriverDll,1800FACE0,FUN_1800face0,467,auto,no,,,,
ACPIDriverDll,1800FAEB4,FUN_1800faeb4,48,auto,no,,,,
ACPIDriverDll,1800FAEE4,FUN_1800faee4,658,auto,no,,,,
ACPIDriverDll,1800FB178,FUN_1800fb178,177,auto,no,,,,
ACPIDriverDll,1800FB22C,RemoveNonValidPanes,23,auto,yes,,,,
ACPIDriverDll,1800FB244,RemovePaneDivider,107,auto,yes,,,,
ACPIDriverDll,1800FB2B0,FUN_1800fb2b0,417,auto,no,,,,
ACPIDriverDll,1800FB454,FUN_1800fb454,165,auto,no,,,,
ACPIDriverDll,1800FB4FC,FUN_1800fb4fc,81,auto,no,,,,
ACPIDriverDll,1800FB550,FUN_1800fb550,51,auto,no,,,,
ACPIDriverDll,1800FB584,FUN_1800fb584,1016,auto,no,,,,
ACPIDriverDll,1800FB984,FUN_1800fb984,61,auto,no,,,,
ACPIDriverDll,1800FB9C4,FUN_1800fb9c4,71,auto,no,,,,
ACPIDriverDll,1800FBA0C,CBasePane,205,auto,yes,,,,
ACPIDriverDll,1800FBADC,~CBasePane,44,auto,yes,,,,
ACPIDriverDll,1800FBB08,`scalar_deleting_destructor',66,auto,yes,,,,
ACPIDriverDll,1800FBB4C,FUN_1800fbb4c,282,auto,no,,,,
ACPIDriverDll,1800FBC68,FUN_1800fbc68,308,auto,no,,,,
ACPIDriverDll,1800FBD9C,FUN_1800fbd9c,132,auto,no,,,,
ACPIDriverDll,1800FBE20,FUN_1800fbe20,205,auto,no,,,,
ACPIDriverDll,1800FBEF0,FUN_1800fbef0,670,auto,no,,,,
ACPIDriverDll,1800FC190,FUN_1800fc190,199,auto,no,,,,
ACPIDriverDll,1800FC258,DockPaneUsingRTTI,284,auto,yes,,,,
ACPIDriverDll,1800FC374,FUN_1800fc374,12,auto,no,,,,
ACPIDriverDll,1800FC380,FUN_1800fc380,191,auto,no,,,,
ACPIDriverDll,1800FC440,FUN_1800fc440,18,auto,no,,,,
ACPIDriverDll,1800FC454,FUN_1800fc454,8,auto,no,,,,
ACPIDriverDll,1800FC45C,GetParentMiniFrame,100,auto,yes,,,,
ACPIDriverDll,1800FC4C0,FUN_1800fc4c0,179,auto,no,,,,
ACPIDriverDll,1800FC574,FUN_1800fc574,107,auto,no,,,,
ACPIDriverDll,1800FC5E0,FUN_1800fc5e0,8,auto,no,,,,
ACPIDriverDll,1800FC5E8,FUN_1800fc5e8,59,auto,no,,,,
ACPIDriverDll,1800FC624,FUN_1800fc624,399,auto,no,,,,
ACPIDriverDll,1800FC7B4,FUN_1800fc7b4,7,auto,no,,,,
ACPIDriverDll,1800FC7BC,FUN_1800fc7bc,319,auto,no,,,,
ACPIDriverDll,1800FC8FC,FUN_1800fc8fc,41,auto,no,,,,
ACPIDriverDll,1800FC928,FUN_1800fc928,197,auto,no,,,,
ACPIDriverDll,1800FC9F0,FUN_1800fc9f0,399,auto,no,,,,
ACPIDriverDll,1800FCB80,FUN_1800fcb80,264,auto,no,,,,
ACPIDriverDll,1800FCC88,FUN_1800fcc88,121,auto,no,,,,
ACPIDriverDll,1800FCD04,FUN_1800fcd04,101,auto,no,,,,
ACPIDriverDll,1800FCD6C,FUN_1800fcd6c,176,auto,no,,,,
ACPIDriverDll,1800FCE1C,FUN_1800fce1c,171,auto,no,,,,
ACPIDriverDll,1800FCEC8,FUN_1800fcec8,125,auto,no,,,,
ACPIDriverDll,1800FCF48,FUN_1800fcf48,105,auto,no,,,,
ACPIDriverDll,1800FCFB4,FUN_1800fcfb4,200,auto,no,,,,
ACPIDriverDll,1800FD07C,OnSettingChange,56,auto,yes,,,,
ACPIDriverDll,1800FD0B4,FUN_1800fd0b4,51,auto,no,,,,
ACPIDriverDll,1800FD0E8,FUN_1800fd0e8,375,auto,no,,,,
ACPIDriverDll,1800FD260,FUN_1800fd260,204,auto,no,,,,
ACPIDriverDll,1800FD330,FUN_1800fd330,419,auto,no,,,,
ACPIDriverDll,1800FD4D4,FUN_1800fd4d4,397,auto,no,,,,
ACPIDriverDll,1800FD664,FUN_1800fd664,333,auto,no,,,,
ACPIDriverDll,1800FD7B4,FUN_1800fd7b4,260,auto,no,,,,
ACPIDriverDll,1800FD8B8,FUN_1800fd8b8,608,auto,no,,,,
ACPIDriverDll,1800FDB18,FUN_1800fdb18,285,auto,no,,,,
ACPIDriverDll,1800FDC38,FUN_1800fdc38,104,auto,no,,,,
ACPIDriverDll,1800FDCA0,FUN_1800fdca0,255,auto,no,,,,
ACPIDriverDll,1800FDDA0,FUN_1800fdda0,67,auto,no,,,,
ACPIDriverDll,1800FDDE4,FUN_1800fdde4,34,auto,no,,,,
ACPIDriverDll,1800FDE08,FUN_1800fde08,111,auto,no,,,,
ACPIDriverDll,1800FDE78,FUN_1800fde78,243,auto,no,,,,
ACPIDriverDll,1800FDF70,FUN_1800fdf70,17,auto,no,,,,
ACPIDriverDll,1800FDF84,FUN_1800fdf84,129,auto,no,,,,
ACPIDriverDll,1800FE008,FUN_1800fe008,144,auto,no,,,,
ACPIDriverDll,1800FE09C,FUN_1800fe09c,241,auto,no,,,,
ACPIDriverDll,1800FE190,get_accParent,91,auto,yes,,,,
ACPIDriverDll,1800FE1EC,FUN_1800fe1ec,113,auto,no,,,,
ACPIDriverDll,1800FE260,FUN_1800fe260,142,auto,no,,,,
ACPIDriverDll,1800FE2F0,FUN_1800fe2f0,98,auto,no,,,,
ACPIDriverDll,1800FE354,CreateObject,49,auto,yes,,,,
ACPIDriverDll,1800FE388,CPaneDivider,90,auto,yes,,,,
ACPIDriverDll,1800FE3E4,`scalar_deleting_destructor',76,auto,yes,,,,
ACPIDriverDll,1800FE430,FUN_1800fe430,54,auto,no,,,,
ACPIDriverDll,1800FE468,FUN_1800fe468,74,auto,no,,,,
ACPIDriverDll,1800FE4B4,FUN_1800fe4b4,91,auto,no,,,,
ACPIDriverDll,1800FE510,FUN_1800fe510,194,auto,no,,,,
ACPIDriverDll,1800FE5D4,FUN_1800fe5d4,142,auto,no,,,,
ACPIDriverDll,1800FE664,FUN_1800fe664,162,auto,no,,,,
ACPIDriverDll,1800FE708,FUN_1800fe708,106,auto,no,,,,
ACPIDriverDll,1800FE774,Create,45,auto,yes,,,,
ACPIDriverDll,1800FE7A4,FUN_1800fe7a4,299,auto,no,,,,
ACPIDriverDll,1800FE8D0,FUN_1800fe8d0,432,auto,no,,,,
ACPIDriverDll,1800FEA84,FUN_1800fea84,35,auto,no,,,,
ACPIDriverDll,1800FEAA8,FUN_1800feaa8,32,auto,no,,,,
ACPIDriverDll,1800FEAC8,FUN_1800feac8,24,auto,no,,,,
ACPIDriverDll,1800FEAE0,FUN_1800feae0,35,auto,no,,,,
ACPIDriverDll,1800FEAF4,FUN_1800feaf4,32,auto,no,,,,
ACPIDriverDll,1800FEB14,FUN_1800feb14,8,auto,no,,,,
ACPIDriverDll,1800FEB1C,FUN_1800feb1c,8,auto,no,,,,
ACPIDriverDll,1800FEB24,FUN_1800feb24,29,auto,no,,,,
ACPIDriverDll,1800FEB44,FUN_1800feb44,82,auto,no,,,,
ACPIDriverDll,1800FEB98,FUN_1800feb98,8,auto,no,,,,
ACPIDriverDll,1800FEBA0,Init,138,auto,yes,,,,
ACPIDriverDll,1800FEC2C,FUN_1800fec2c,91,auto,no,,,,
ACPIDriverDll,1800FEC88,FUN_1800fec88,7,auto,no,,,,
ACPIDriverDll,1800FEC90,FUN_1800fec90,10,auto,no,,,,
ACPIDriverDll,1800FEC9C,FUN_1800fec9c,372,auto,no,,,,
ACPIDriverDll,1800FEE10,NotifyAboutRelease,81,auto,yes,,,,
ACPIDriverDll,1800FEE64,FUN_1800fee64,40,auto,no,,,,
ACPIDriverDll,1800FEE8C,OnCreate,244,auto,yes,,,,
ACPIDriverDll,1800FEF80,FUN_1800fef80,95,auto,no,,,,
ACPIDriverDll,1800FEFE0,FUN_1800fefe0,405,auto,no,,,,
ACPIDriverDll,1800FF178,FUN_1800ff178,81,auto,no,,,,
ACPIDriverDll,1800FF1CC,FUN_1800ff1cc,304,auto,no,,,,
ACPIDriverDll,1800FF2FC,FUN_1800ff2fc,122,auto,no,,,,
ACPIDriverDll,1800FF378,FUN_1800ff378,221,auto,no,,,,
ACPIDriverDll,1800FF458,OnPaint,170,auto,yes,,,,
ACPIDriverDll,1800FF504,OnSetCursor,127,auto,yes,,,,
ACPIDriverDll,1800FF584,FUN_1800ff584,199,auto,no,,,,
ACPIDriverDll,1800FF64C,FUN_1800ff64c,207,auto,no,,,,
ACPIDriverDll,1800FF71C,FUN_1800ff71c,118,auto,no,,,,
ACPIDriverDll,1800FF794,FUN_1800ff794,904,auto,no,,,,
ACPIDriverDll,1800FFB20,FUN_1800ffb20,1570,auto,no,,,,
ACPIDriverDll,180100154,thunk_FUN_18002a638,5,auto,no,,,,
ACPIDriverDll,18010015C,FUN_18010015c,303,auto,no,,,,
ACPIDriverDll,18010028C,FUN_18010028c,37,auto,no,,,,
ACPIDriverDll,1801002B4,FUN_1801002b4,102,auto,no,,,,
ACPIDriverDll,18010031C,CMultiPaneFrameWnd,74,auto,yes,,,,
ACPIDriverDll,180100368,~CMultiPaneFrameWnd,44,auto,yes,,,,
ACPIDriverDll,180100394,`scalar_deleting_destructor',66,auto,yes,,,,
ACPIDriverDll,1801003D8,FUN_1801003d8,130,auto,no,,,,
ACPIDriverDll,18010045C,FUN_18010045c,569,auto,no,,,,
ACPIDriverDll,180100698,FUN_180100698,113,auto,no,,,,
ACPIDriverDll,18010070C,FUN_18010070c,168,auto,no,,,,
ACPIDriverDll,1801007B4,FUN_1801007b4,24,auto,no,,,,
ACPIDriverDll,1801007CC,FUN_1801007cc,132,auto,no,,,,
ACPIDriverDll,180100850,FUN_180100850,136,auto,no,,,,
ACPIDriverDll,1801008D8,FUN_1801008d8,68,auto,no,,,,
ACPIDriverDll,18010091C,FUN_18010091c,171,auto,no,,,,
ACPIDriverDll,1801009FC,FUN_1801009fc,759,auto,no,,,,
ACPIDriverDll,180100CF4,FUN_180100cf4,417,auto,no,,,,
ACPIDriverDll,180100E98,FUN_180100e98,549,auto,no,,,,
ACPIDriverDll,1801010C0,FUN_1801010c0,56,auto,no,,,,
ACPIDriverDll,1801010F8,FUN_1801010f8,193,auto,no,,,,
ACPIDriverDll,1801011BC,FUN_1801011bc,24,auto,no,,,,
ACPIDriverDll,1801011D4,FUN_1801011d4,8,auto,no,,,,
ACPIDriverDll,1801011DC,FUN_1801011dc,72,auto,no,,,,
ACPIDriverDll,180101224,FUN_180101224,8,auto,no,,,,
ACPIDriverDll,18010122C,FUN_18010122c,24,auto,no,,,,
ACPIDriverDll,180101244,FUN_180101244,27,auto,no,,,,
ACPIDriverDll,180101260,FUN_180101260,118,auto,no,,,,
ACPIDriverDll,1801012D8,FUN_1801012d8,172,auto,no,,,,
ACPIDriverDll,180101384,FUN_180101384,60,auto,no,,,,
ACPIDriverDll,1801013C0,FUN_1801013c0,342,auto,no,,,,
ACPIDriverDll,180101518,FUN_180101518,100,auto,no,,,,
ACPIDriverDll,18010157C,OnIdleUpdateCmdUI,19,auto,yes,,,,
ACPIDriverDll,180101590,FUN_180101590,164,auto,no,,,,
ACPIDriverDll,18010164C,FUN_18010164c,320,auto,no,,,,
ACPIDriverDll,18010178C,FUN_18010178c,298,auto,no,,,,
ACPIDriverDll,1801018B8,FUN_1801018b8,152,auto,no,,,,
ACPIDriverDll,180101950,FUN_180101950,225,auto,no,,,,
ACPIDriverDll,180101A34,FUN_180101a34,68,auto,no,,,,
ACPIDriverDll,180101A78,FUN_180101a78,128,auto,no,,,,
ACPIDriverDll,180101AF8,FUN_180101af8,12,auto,no,,,,
ACPIDriverDll,180101B04,FUN_180101b04,344,auto,no,,,,
ACPIDriverDll,180101C5C,FUN_180101c5c,57,auto,no,,,,
ACPIDriverDll,180101C98,FUN_180101c98,155,auto,no,,,,
ACPIDriverDll,180101D34,FUN_180101d34,118,auto,no,,,,
ACPIDriverDll,180101DAC,FUN_180101dac,55,auto,no,,,,
ACPIDriverDll,180101DE4,FUN_180101de4,1960,auto,no,,,,
ACPIDriverDll,180102594,FUN_180102594,1678,auto,no,,,,
ACPIDriverDll,180102C24,FUN_180102c24,112,auto,no,,,,
ACPIDriverDll,180102C94,FUN_180102c94,95,auto,no,,,,
ACPIDriverDll,180102CF4,COleCntrFrameWndEx,60,auto,yes,,,,
ACPIDriverDll,180102D30,FUN_180102d30,433,auto,no,,,,
ACPIDriverDll,180102EE4,FUN_180102ee4,66,auto,no,,,,
ACPIDriverDll,180102F28,FUN_180102f28,29,auto,no,,,,
ACPIDriverDll,180102F48,FUN_180102f48,84,auto,no,,,,
ACPIDriverDll,180102F9C,thunk_FUN_180102f48,5,auto,no,,,,
ACPIDriverDll,180102FA4,FUN_180102fa4,48,auto,no,,,,
ACPIDriverDll,180102FD4,FUN_180102fd4,8,auto,no,,,,
ACPIDriverDll,180102FDC,FUN_180102fdc,8,auto,no,,,,
ACPIDriverDll,180102FE4,FUN_180102fe4,12,auto,no,,,,
ACPIDriverDll,180102FF0,FUN_180102ff0,12,auto,no,,,,
ACPIDriverDll,180102FFC,FUN_180102ffc,116,auto,no,,,,
ACPIDriverDll,180103074,FUN_180103074,21,auto,no,,,,
ACPIDriverDll,18010308C,FUN_18010308c,72,auto,no,,,,
ACPIDriverDll,1801030D4,FUN_1801030d4,57,auto,no,,,,
ACPIDriverDll,180103110,FUN_180103110,162,auto,no,,,,
ACPIDriverDll,1801031B4,FUN_1801031b4,50,auto,no,,,,
ACPIDriverDll,1801031E8,PreCreateWindow,52,auto,yes,,,,
ACPIDriverDll,18010321C,FUN_18010321c,223,auto,no,,,,
ACPIDriverDll,1801032FC,FUN_1801032fc,66,auto,no,,,,
ACPIDriverDll,180103340,FUN_180103340,19,auto,no,,,,
ACPIDriverDll,180103354,~CSyncObject,45,auto,yes,,,,
ACPIDriverDll,180103384,`scalar_deleting_destructor',66,auto,yes,,,,
ACPIDriverDll,1801033C8,FUN_1801033c8,8,auto,no,,,,
ACPIDriverDll,1801033D0,FUN_1801033d0,8,auto,no,,,,
ACPIDriverDll,1801033D8,FUN_1801033d8,32,auto,no,,,,
ACPIDriverDll,1801033F8,FUN_1801033f8,36,auto,no,,,,
ACPIDriverDll,18010341C,FUN_18010341c,66,auto,no,,,,
ACPIDriverDll,180103460,FUN_180103460,40,auto,no,,,,
ACPIDriverDll,18010348C,FUN_18010348c,259,auto,no,,,,
ACPIDriverDll,1801035A0,FUN_1801035a0,222,auto,no,,,,
ACPIDriverDll,180103680,FUN_180103680,409,auto,no,,,,
ACPIDriverDll,18010381C,FUN_18010381c,870,auto,no,,,,
ACPIDriverDll,180103B90,FUN_180103b90,513,auto,no,,,,
ACPIDriverDll,180103D9C,FUN_180103d9c,505,auto,no,,,,
ACPIDriverDll,180103F9C,FUN_180103f9c,481,auto,no,,,,
ACPIDriverDll,180104184,CEnumFormatEtc,55,auto,yes,,,,
ACPIDriverDll,1801041BC,COleDataSource,61,auto,yes,,,,
ACPIDriverDll,1801041FC,~CEnumFormatEtc,92,auto,yes,,,,
ACPIDriverDll,180104258,FUN_180104258,91,auto,no,,,,
ACPIDriverDll,1801042B4,`scalar_deleting_destructor',66,auto,yes,,,,
ACPIDriverDll,1801042F8,FUN_1801042f8,66,auto,no,,,,
ACPIDriverDll,18010433C,FUN_18010433c,183,auto,no,,,,
ACPIDriverDll,1801043F4,FUN_1801043f4,9,auto,no,,,,
ACPIDriverDll,180104400,CacheGlobalData,80,auto,yes,,,,
ACPIDriverDll,180104450,CreateObject,49,auto,yes,,,,
ACPIDriverDll,180104484,FUN_180104484,14,auto,no,,,,
ACPIDriverDll,180104494,FUN_180104494,6,auto,no,,,,
ACPIDriverDll,18010449C,FUN_18010449c,117,auto,no,,,,
ACPIDriverDll,180104514,FUN_180104514,10,auto,no,,,,
ACPIDriverDll,180104520,EnumFormatEtc,196,auto,yes,,,,
ACPIDriverDll,1801045EC,FUN_1801045ec,25,auto,no,,,,
ACPIDriverDll,180104608,FUN_180104608,248,auto,no,,,,
ACPIDriverDll,180104700,FUN_180104700,6,auto,no,,,,
ACPIDriverDll,180104708,FUN_180104708,93,auto,no,,,,
ACPIDriverDll,180104768,FUN_180104768,246,auto,no,,,,
ACPIDriverDll,180104864,FUN_180104864,234,auto,no,,,,
ACPIDriverDll,180104954,FUN_180104954,8,auto,no,,,,
ACPIDriverDll,18010495C,FUN_18010495c,8,auto,no,,,,
ACPIDriverDll,180104964,Lookup,219,auto,yes,,,,
ACPIDriverDll,180104A40,FUN_180104a40,57,auto,no,,,,
ACPIDriverDll,180104A7C,FUN_180104a7c,410,auto,no,,,,
ACPIDriverDll,180104C18,QueryGetData,48,auto,yes,,,,
ACPIDriverDll,180104C48,FUN_180104c48,9,auto,no,,,,
ACPIDriverDll,180104C54,FUN_180104c54,9,auto,no,,,,
ACPIDriverDll,180104C60,FUN_180104c60,196,auto,no,,,,
ACPIDriverDll,180104D28,COleDropSource,190,auto,yes,,,,
ACPIDriverDll,180104DE8,thunk_FUN_18001ea5c,5,auto,no,,,,
ACPIDriverDll,180104DF0,FUN_180104df0,66,auto,no,,,,
ACPIDriverDll,180104E34,FUN_180104e34,9,auto,no,,,,
ACPIDriverDll,180104E40,FUN_180104e40,379,auto,no,,,,
ACPIDriverDll,180104FBC,FUN_180104fbc,8,auto,no,,,,
ACPIDriverDll,180104FC4,GiveFeedback,13,auto,yes,,,,
ACPIDriverDll,180104FD4,FUN_180104fd4,76,auto,no,,,,
ACPIDriverDll,180105020,OnBeginDrag,335,auto,yes,,,,
ACPIDriverDll,180105170,QueryContinueDrag,42,auto,yes,,,,
ACPIDriverDll,18010519C,FUN_18010519c,21,auto,no,,,,
ACPIDriverDll,1801051B4,FUN_1801051b4,9,auto,no,,,,
ACPIDriverDll,1801051C0,FUN_1801051c0,9,auto,no,,,,
ACPIDriverDll,1801051CC,CToolTipCtrl,65,auto,yes,,,,
ACPIDriverDll,180105210,~CToolTipCtrl,60,auto,yes,,,,
ACPIDriverDll,18010524C,`scalar_deleting_destructor',66,auto,yes,,,,
ACPIDriverDll,180105290,AddTool,149,auto,yes,,,,
ACPIDriverDll,180105328,AddTool,132,auto,yes,,,,
ACPIDriverDll,1801053AC,Create,158,auto,yes,,,,
ACPIDriverDll,18010544C,FUN_18010544c,86,auto,no,,,,
ACPIDriverDll,1801054A4,DelTool,88,auto,yes,,,,
ACPIDriverDll,1801054FC,FUN_1801054fc,57,auto,no,,,,
ACPIDriverDll,180105538,FUN_180105538,11,auto,no,,,,
ACPIDriverDll,180105544,FUN_180105544,122,auto,no,,,,
ACPIDriverDll,1801055C0,FUN_1801055c0,1345,auto,no,,,,
ACPIDriverDll,180105B04,FUN_180105b04,8,auto,no,,,,
ACPIDriverDll,180105B0C,FUN_180105b0c,8,auto,no,,,,
ACPIDriverDll,180105B14,FUN_180105b14,326,auto,no,,,,
ACPIDriverDll,180105C60,GetToolInfo,61,auto,yes,,,,
ACPIDriverDll,180105CA0,FUN_180105ca0,249,auto,no,,,,
ACPIDriverDll,180105D9C,FUN_180105d9c,32,auto,no,,,,
ACPIDriverDll,180105DD4,OnWindowFromPoint,136,auto,yes,,,,
ACPIDriverDll,180105E5C,FUN_180105e5c,155,auto,no,,,,
ACPIDriverDll,180105EF8,FUN_180105ef8,171,auto,no,,,,
ACPIDriverDll,180105FA4,FUN_180105fa4,168,auto,no,,,,
ACPIDriverDll,18010604C,FUN_18010604c,254,auto,no,,,,
ACPIDriverDll,18010615C,FUN_18010615c,196,auto,no,,,,
ACPIDriverDll,180106224,FUN_180106224,205,auto,no,,,,
ACPIDriverDll,1801062F4,FUN_1801062f4,66,auto,no,,,,
ACPIDriverDll,180106338,FUN_180106338,748,auto,no,,,,
ACPIDriverDll,180106628,FUN_180106628,49,auto,no,,,,
ACPIDriverDll,18010665C,FUN_18010665c,79,auto,no,,,,
ACPIDriverDll,1801066AC,FUN_1801066ac,229,auto,no,,,,
ACPIDriverDll,180106794,FUN_180106794,8,auto,no,,,,
ACPIDriverDll,18010679C,FUN_18010679c,151,auto,no,,,,
ACPIDriverDll,180106834,FUN_180106834,216,auto,no,,,,
ACPIDriverDll,18010690C,FUN_18010690c,390,auto,no,,,,
ACPIDriverDll,180106A98,FUN_180106a98,114,auto,no,,,,
ACPIDriverDll,180106B0C,FUN_180106b0c,528,auto,no,,,,
ACPIDriverDll,180106D1C,CMFCToolBarDropTarget,38,auto,yes,,,,
ACPIDriverDll,180106D44,FUN_180106d44,15,auto,no,,,,
ACPIDriverDll,180106D54,`scalar_deleting_destructor',76,auto,yes,,,,
ACPIDriverDll,180106DA0,FUN_180106da0,8,auto,no,,,,
ACPIDriverDll,180106DA8,FUN_180106da8,118,auto,no,,,,
ACPIDriverDll,180106E20,FUN_180106e20,39,auto,no,,,,
ACPIDriverDll,180106E48,FUN_180106e48,118,auto,no,,,,
ACPIDriverDll,180106EC0,FUN_180106ec0,124,auto,no,,,,
ACPIDriverDll,180106F40,FUN_180106f40,9,auto,no,,,,
ACPIDriverDll,180106F4C,CMFCToolBarDropSource,64,auto,yes,,,,
ACPIDriverDll,180106F8C,~CMFCToolBarDropSource,83,auto,yes,,,,
ACPIDriverDll,180106FE0,`scalar_deleting_destructor',66,auto,yes,,,,
ACPIDriverDll,180107024,FUN_180107024,8,auto,no,,,,
ACPIDriverDll,18010702C,GiveFeedback,71,auto,yes,,,,
ACPIDriverDll,180107074,OnBeginDrag,144,auto,yes,,,,
ACPIDriverDll,180107104,QueryContinueDrag,75,auto,yes,,,,
ACPIDriverDll,180107150,FUN_180107150,380,auto,no,,,,
ACPIDriverDll,1801072D0,FUN_1801072d0,141,auto,no,,,,
ACPIDriverDll,180107360,FUN_180107360,110,auto,no,,,,
ACPIDriverDll,1801073D0,FUN_1801073d0,66,auto,no,,,,
ACPIDriverDll,180107414,FUN_180107414,12,auto,no,,,,
ACPIDriverDll,180107420,FUN_180107420,143,auto,no,,,,
ACPIDriverDll,1801074B0,FUN_1801074b0,337,auto,no,,,,
ACPIDriverDll,180107628,FUN_180107628,49,auto,no,,,,
ACPIDriverDll,18010765C,FUN_18010765c,322,auto,no,,,,
ACPIDriverDll,1801077A0,FUN_1801077a0,176,auto,no,,,,
ACPIDriverDll,180107850,GetAccCount,47,auto,yes,,,,
ACPIDriverDll,180107880,FUN_180107880,204,auto,no,,,,
ACPIDriverDll,180107950,FUN_180107950,8,auto,no,,,,
ACPIDriverDll,180107958,FUN_180107958,116,auto,no,,,,
ACPIDriverDll,1801079CC,FUN_1801079cc,185,auto,no,,,,
ACPIDriverDll,180107A88,FUN_180107a88,203,auto,no,,,,
ACPIDriverDll,180107B54,FUN_180107b54,674,auto,no,,,,
ACPIDriverDll,180107DF8,FUN_180107df8,81,auto,no,,,,
ACPIDriverDll,180107E4C,FUN_180107e4c,3484,auto,no,,,,
ACPIDriverDll,180108BE8,FUN_180108be8,1304,auto,no,,,,
ACPIDriverDll,180109100,FUN_180109100,242,auto,no,,,,
ACPIDriverDll,1801091F4,FUN_1801091f4,278,auto,no,,,,
ACPIDriverDll,180109310,FUN_180109310,417,auto,no,,,,
ACPIDriverDll,1801094B4,FUN_1801094b4,1287,auto,no,,,,
ACPIDriverDll,1801099CC,FUN_1801099cc,862,auto,no,,,,
ACPIDriverDll,180109D30,FUN_180109d30,223,auto,no,,,,
ACPIDriverDll,180109E10,FUN_180109e10,61,auto,no,,,,
ACPIDriverDll,180109E50,FUN_180109e50,48,auto,no,,,,
ACPIDriverDll,180109E80,FUN_180109e80,66,auto,no,,,,
ACPIDriverDll,180109EC4,FUN_180109ec4,173,auto,no,,,,
ACPIDriverDll,180109F74,FUN_180109f74,15,auto,no,,,,
ACPIDriverDll,180109F84,IsFrequentlyUsedCmd,86,auto,yes,,,,
ACPIDriverDll,180109FDC,Reset,28,auto,yes,,,,
ACPIDriverDll,180109FF8,FUN_180109ff8,167,auto,no,,,,
ACPIDriverDll,18010A0A0,FUN_18010a0a0,781,auto,no,,,,
ACPIDriverDll,18010A3B0,~CMFCImageEditorDialog,128,auto,yes,,,,
ACPIDriverDll,18010A430,FUN_18010a430,340,auto,no,,,,
ACPIDriverDll,18010A584,`scalar_deleting_destructor',66,auto,yes,,,,
ACPIDriverDll,18010A5C8,DoDataExchange,206,auto,yes,,,,
ACPIDriverDll,18010A698,EnableControls,404,auto,yes,,,,
ACPIDriverDll,18010A82C,FUN_18010a82c,8,auto,no,,,,
ACPIDriverDll,18010A834,FUN_18010a834,828,auto,no,,,,
ACPIDriverDll,18010AB74,OnDefaultImage,80,auto,yes,,,,
ACPIDriverDll,18010ABC4,FUN_18010abc4,1062,auto,no,,,,
ACPIDriverDll,18010B06C,FUN_18010b06c,950,auto,no,,,,
ACPIDriverDll,18010B428,FUN_18010b428,668,auto,no,,,,
ACPIDriverDll,18010B6C8,FUN_18010b6c8,452,auto,no,,,,
ACPIDriverDll,18010B8A4,OnUserImage,78,auto,yes,,,,
ACPIDriverDll,18010B8F4,FUN_18010b8f4,255,auto,no,,,,
ACPIDriverDll,18010B9F4,FUN_18010b9f4,1508,auto,no,,,,
ACPIDriverDll,18010BFE0,FUN_18010bfe0,34,auto,no,,,,
ACPIDriverDll,18010C004,FUN_18010c004,34,auto,no,,,,
ACPIDriverDll,18010C028,FUN_18010c028,662,auto,no,,,,
ACPIDriverDll,18010C2C0,`scalar_deleting_destructor',89,auto,yes,,,,
ACPIDriverDll,18010C31C,`scalar_deleting_destructor',89,auto,yes,,,,
ACPIDriverDll,18010C378,`scalar_deleting_destructor',66,auto,yes,,,,
ACPIDriverDll,18010C3BC,FUN_18010c3bc,1326,auto,no,,,,
ACPIDriverDll,18010C8F4,FUN_18010c8f4,1696,auto,no,,,,
ACPIDriverDll,18010CF9C,FUN_18010cf9c,201,auto,no,,,,
ACPIDriverDll,18010D068,Create,96,auto,yes,,,,
ACPIDriverDll,18010D0C8,FUN_18010d0c8,183,auto,no,,,,
ACPIDriverDll,18010D180,FUN_18010d180,333,auto,no,,,,
ACPIDriverDll,18010D2D0,FUN_18010d2d0,333,auto,no,,,,
ACPIDriverDll,18010D420,FUN_18010d420,101,auto,no,,,,
ACPIDriverDll,18010D488,FUN_18010d488,107,auto,no,,,,
ACPIDriverDll,18010D4F8,FUN_18010d4f8,8,auto,no,,,,
ACPIDriverDll,18010D500,FUN_18010d500,158,auto,no,,,,
ACPIDriverDll,18010D5A0,FUN_18010d5a0,8,auto,no,,,,
ACPIDriverDll,18010D5A8,FUN_18010d5a8,111,auto,no,,,,
ACPIDriverDll,18010D618,FUN_18010d618,185,auto,no,,,,
ACPIDriverDll,18010D6D4,OnCreate,66,auto,yes,,,,
ACPIDriverDll,18010D718,OnEditToolbarMenuImage,118,auto,yes,,,,
ACPIDriverDll,18010D790,OnHelpInfo,54,auto,yes,,,,
ACPIDriverDll,18010D7C8,FUN_18010d7c8,1024,auto,no,,,,
ACPIDriverDll,18010DBCC,FUN_18010dbcc,64,auto,no,,,,
ACPIDriverDll,18010DC0C,FUN_18010dc0c,642,auto,no,,,,
ACPIDriverDll,18010DE90,FUN_18010de90,293,auto,no,,,,
ACPIDriverDll,18010DFB8,FUN_18010dfb8,12,auto,no,,,,
ACPIDriverDll,18010DFC4,FUN_18010dfc4,99,auto,no,,,,
ACPIDriverDll,18010E028,FUN_18010e028,103,auto,no,,,,
ACPIDriverDll,18010E090,FUN_18010e090,66,auto,no,,,,
ACPIDriverDll,18010E0D4,Close,39,auto,yes,,,,
ACPIDriverDll,18010E0FC,FUN_18010e0fc,184,auto,no,,,,
ACPIDriverDll,18010E1B4,FUN_18010e1b4,125,auto,no,,,,
ACPIDriverDll,18010E234,FUN_18010e234,49,auto,no,,,,
ACPIDriverDll,18010E268,FUN_18010e268,157,auto,no,,,,
ACPIDriverDll,18010E308,FUN_18010e308,28,auto,no,,,,
ACPIDriverDll,18010E324,FUN_18010e324,8,auto,no,,,,
ACPIDriverDll,18010E32C,FUN_18010e32c,109,auto,no,,,,
ACPIDriverDll,18010E39C,FUN_18010e39c,166,auto,no,,,,
ACPIDriverDll,18010E444,Read,76,auto,yes,,,,
ACPIDriverDll,18010E490,FUN_18010e490,251,auto,no,,,,
ACPIDriverDll,18010E590,FUN_18010e590,274,auto,no,,,,
ACPIDriverDll,18010E6A4,FUN_18010e6a4,257,auto,no,,,,
ACPIDriverDll,18010E7AC,FUN_18010e7ac,270,auto,no,,,,
ACPIDriverDll,18010E8C0,FUN_18010e8c0,215,auto,no,,,,
ACPIDriverDll,18010E998,FUN_18010e998,268,auto,no,,,,
ACPIDriverDll,18010EAA4,Write,124,auto,yes,,,,
ACPIDriverDll,18010EB20,FUN_18010eb20,293,auto,no,,,,
ACPIDriverDll,18010EC50,FUN_18010ec50,275,auto,no,,,,
ACPIDriverDll,18010ED64,FUN_18010ed64,14,auto,no,,,,
ACPIDriverDll,18010ED74,Write,69,auto,yes,,,,
ACPIDriverDll,18010EDBC,Write,59,auto,yes,,,,
ACPIDriverDll,18010EDF8,FUN_18010edf8,14,auto,no,,,,
ACPIDriverDll,18010EE08,FUN_18010ee08,237,auto,no,,,,
ACPIDriverDll,18010EEF8,FUN_18010eef8,199,auto,no,,,,
ACPIDriverDll,18010EFC0,FUN_18010efc0,95,auto,no,,,,
ACPIDriverDll,18010F020,FUN_18010f020,66,auto,no,,,,
ACPIDriverDll,18010F064,CopyFrom,99,auto,yes,,,,
ACPIDriverDll,18010F0C8,FUN_18010f0c8,49,auto,no,,,,
ACPIDriverDll,18010F0FC,FUN_18010f0fc,3033,auto,no,,,,
ACPIDriverDll,18010FCE4,FUN_18010fce4,8,auto,no,,,,
ACPIDriverDll,18010FCEC,FUN_18010fcec,285,auto,no,,,,
ACPIDriverDll,18010FE0C,FUN_18010fe0c,333,auto,no,,,,
ACPIDriverDll,18010FF5C,FUN_18010ff5c,76,auto,no,,,,
ACPIDriverDll,18010FFA8,OnChangeParentWnd,128,auto,yes,,,,
ACPIDriverDll,180110028,FUN_180110028,645,auto,no,,,,
ACPIDriverDll,1801102B0,FUN_1801102b0,478,auto,no,,,,
ACPIDriverDll,180110494,FUN_180110494,181,auto,no,,,,
ACPIDriverDll,18011054C,AFXSoundThreadProc,159,auto,yes,,,,
ACPIDriverDll,1801105EC,FUN_1801105ec,123,auto,no,,,,
ACPIDriverDll,180110668,`scalar_deleting_destructor',80,auto,yes,,,,
ACPIDriverDll,1801106B8,FUN_1801106b8,463,auto,no,,,,
ACPIDriverDll,180110888,FUN_180110888,442,auto,no,,,,
ACPIDriverDll,180110A44,AdjustPaneToRowArea,236,auto,yes,,,,
ACPIDriverDll,180110B30,FUN_180110b30,567,auto,no,,,,
ACPIDriverDll,180110D68,FUN_180110d68,736,auto,no,,,,
ACPIDriverDll,18011104C,FUN_18011104c,502,auto,no,,,,
ACPIDriverDll,180111244,FUN_180111244,110,auto,no,,,,
ACPIDriverDll,1801112B4,FUN_1801112b4,330,auto,no,,,,
ACPIDriverDll,180111400,CalcLastPaneOffset,116,auto,yes,,,,
ACPIDriverDll,180111474,FUN_180111474,995,auto,no,,,,
ACPIDriverDll,18011185C,FUN_18011185c,304,auto,no,,,,
ACPIDriverDll,180111990,FUN_180111990,190,auto,no,,,,
ACPIDriverDll,180111A50,FUN_180111a50,165,auto,no,,,,
ACPIDriverDll,180111AF8,FUN_180111af8,145,auto,no,,,,
ACPIDriverDll,180111B8C,FUN_180111b8c,304,auto,no,,,,
ACPIDriverDll,180111CC0,FUN_180111cc0,254,auto,no,,,,
ACPIDriverDll,180111DC0,FUN_180111dc0,241,auto,no,,,,
ACPIDriverDll,180111EB4,FUN_180111eb4,196,auto,no,,,,
ACPIDriverDll,180111F7C,GetClientRect,80,auto,yes,,,,
ACPIDriverDll,180111FCC,FUN_180111fcc,144,auto,no,,,,
ACPIDriverDll,180112060,FUN_180112060,238,auto,no,,,,
ACPIDriverDll,180112150,FUN_180112150,182,auto,no,,,,
ACPIDriverDll,180112208,GetOutOfBoundsOffsetRect,166,auto,yes,,,,
ACPIDriverDll,1801122B0,FUN_1801122b0,8,auto,no,,,,
ACPIDriverDll,1801122B8,FUN_1801122b8,97,auto,no,,,,
ACPIDriverDll,18011231C,GetWindowRect,94,auto,yes,,,,
ACPIDriverDll,18011237C,FUN_18011237c,10,auto,no,,,,
ACPIDriverDll,180112388,FUN_180112388,372,auto,no,,,,
ACPIDriverDll,180112500,FUN_180112500,72,auto,no,,,,
ACPIDriverDll,18011254C,FUN_18011254c,101,auto,no,,,,
ACPIDriverDll,1801125B4,FUN_1801125b4,241,auto,no,,,,
ACPIDriverDll,1801126A8,FUN_1801126a8,221,auto,no,,,,
ACPIDriverDll,180112788,FUN_180112788,471,auto,no,,,,
ACPIDriverDll,180112960,FUN_180112960,198,auto,no,,,,
ACPIDriverDll,180112A28,FUN_180112a28,124,auto,no,,,,
ACPIDriverDll,180112AA4,FUN_180112aa4,488,auto,no,,,,
ACPIDriverDll,180112C90,FUN_180112c90,303,auto,no,,,,
ACPIDriverDll,180112DC0,FUN_180112dc0,64,auto,no,,,,
ACPIDriverDll,180112E04,FUN_180112e04,230,auto,no,,,,
ACPIDriverDll,180112EEC,ReplacePane,87,auto,yes,,,,
ACPIDriverDll,180112F44,FUN_180112f44,1430,auto,no,,,,
ACPIDriverDll,1801134DC,FUN_1801134dc,98,auto,no,,,,
ACPIDriverDll,180113540,FUN_180113540,473,auto,no,,,,
ACPIDriverDll,18011371C,FUN_18011371c,487,auto,no,,,,
ACPIDriverDll,180113904,FUN_180113904,480,auto,no,,,,
ACPIDriverDll,180113AE8,FUN_180113ae8,392,auto,no,,,,
ACPIDriverDll,180113C74,FUN_180113c74,28,auto,no,,,,
ACPIDriverDll,180113C90,FUN_180113c90,264,auto,no,,,,
ACPIDriverDll,180113D98,FUN_180113d98,199,auto,no,,,,
ACPIDriverDll,180113E60,FUN_180113e60,262,auto,no,,,,
ACPIDriverDll,180113F68,FUN_180113f68,87,auto,no,,,,
ACPIDriverDll,180113FC0,FUN_180113fc0,88,auto,no,,,,
ACPIDriverDll,180114018,FUN_180114018,66,auto,no,,,,
ACPIDriverDll,18011405C,Create,58,auto,yes,,,,
ACPIDriverDll,180114098,CreateEx,257,auto,yes,,,,
ACPIDriverDll,18011419C,FUN_18011419c,49,auto,no,,,,
ACPIDriverDll,1801141D0,FUN_1801141d0,8,auto,no,,,,
ACPIDriverDll,1801141D8,FUN_1801141d8,8,auto,no,,,,
ACPIDriverDll,1801141E0,FUN_1801141e0,138,auto,no,,,,
ACPIDriverDll,18011426C,OnNcActivate,60,auto,yes,,,,
ACPIDriverDll,1801142A8,FUN_1801142a8,366,auto,no,,,,
ACPIDriverDll,180114418,OnQueryCenterWnd,52,auto,yes,,,,
ACPIDriverDll,18011444C,OnSysCommand,158,auto,yes,,,,
ACPIDriverDll,1801144EC,FUN_1801144ec,59,auto,no,,,,
ACPIDriverDll,180114528,GetRegSectionPath,144,auto,yes,,,,
ACPIDriverDll,1801145BC,FUN_1801145bc,30,auto,no,,,,
ACPIDriverDll,1801145DC,FUN_1801145dc,30,auto,no,,,,
ACPIDriverDll,1801145FC,CMFCTabCtrl,638,auto,yes,,,,
ACPIDriverDll,18011487C,~CMFCButton,5,auto,yes,,,,
ACPIDriverDll,180114884,FUN_180114884,142,auto,no,,,,
ACPIDriverDll,180114914,`scalar_deleting_destructor',89,auto,yes,,,,
ACPIDriverDll,180114970,FID_conflict:`scalar_deleting_destructor',66,auto,yes,,,,
ACPIDriverDll,1801149B4,FUN_1801149b4,66,auto,no,,,,
ACPIDriverDll,1801149F8,FUN_1801149f8,161,auto,no,,,,
ACPIDriverDll,180114A9C,FUN_180114a9c,2929,auto,no,,,,
ACPIDriverDll,180115618,FUN_180115618,218,auto,no,,,,
ACPIDriverDll,1801156F4,FUN_1801156f4,321,auto,no,,,,
ACPIDriverDll,180115838,FUN_180115838,381,auto,no,,,,
ACPIDriverDll,1801159B8,CreateObject,49,auto,yes,,,,
ACPIDriverDll,1801159EC,FUN_1801159ec,235,auto,no,,,,
ACPIDriverDll,180115AD8,FUN_180115ad8,118,auto,no,,,,
ACPIDriverDll,180115B50,DrawResizeDragRect,187,auto,yes,,,,
ACPIDriverDll,180115C0C,FUN_180115c0c,66,auto,no,,,,
ACPIDriverDll,180115C50,FUN_180115c50,16,auto,no,,,,
ACPIDriverDll,180115C60,FUN_180115c60,313,auto,no,,,,
ACPIDriverDll,180115D9C,FUN_180115d9c,576,auto,no,,,,
ACPIDriverDll,180115FE0,FUN_180115fe0,160,auto,no,,,,
ACPIDriverDll,180116084,GetDocumentIcon,39,auto,yes,,,,
ACPIDriverDll,1801160AC,FUN_1801160ac,8,auto,no,,,,
ACPIDriverDll,1801160B4,FUN_1801160b4,8,auto,no,,,,
ACPIDriverDll,1801160BC,FUN_1801160bc,529,auto,no,,,,
ACPIDriverDll,1801162D0,FUN_1801162d0,94,auto,no,,,,
ACPIDriverDll,180116330,FUN_180116330,62,auto,no,,,,
ACPIDriverDll,180116370,FUN_180116370,62,auto,no,,,,
ACPIDriverDll,1801163B0,FUN_1801163b0,51,auto,no,,,,
ACPIDriverDll,1801163E4,FUN_1801163e4,14,auto,no,,,,
ACPIDriverDll,1801163F4,FUN_1801163f4,121,auto,no,,,,
ACPIDriverDll,180116470,FUN_180116470,83,auto,no,,,,
ACPIDriverDll,1801164C4,FUN_1801164c4,164,auto,no,,,,
ACPIDriverDll,180116568,FUN_180116568,971,auto,no,,,,
ACPIDriverDll,180116934,FUN_180116934,1617,auto,no,,,,
ACPIDriverDll,180116F8C,OnDestroy,79,auto,yes,,,,
ACPIDriverDll,180116FDC,FUN_180116fdc,25,auto,no,,,,
ACPIDriverDll,180116FF8,FUN_180116ff8,3407,auto,no,,,,
ACPIDriverDll,180117D50,FUN_180117d50,139,auto,no,,,,
ACPIDriverDll,180117DDC,FUN_180117ddc,169,auto,no,,,,
ACPIDriverDll,180117E88,FUN_180117e88,135,auto,no,,,,
ACPIDriverDll,180117F10,FUN_180117f10,400,auto,no,,,,
ACPIDriverDll,1801180A4,FUN_1801180a4,260,auto,no,,,,
ACPIDriverDll,1801181A8,FUN_1801181a8,533,auto,no,,,,
ACPIDriverDll,1801183C0,FUN_1801183c0,342,auto,no,,,,
ACPIDriverDll,180118518,FUN_180118518,966,auto,no,,,,
ACPIDriverDll,1801188E0,FUN_1801188e0,225,auto,no,,,,
ACPIDriverDll,1801189C4,FUN_1801189c4,226,auto,no,,,,
ACPIDriverDll,180118AA8,OnSetCursor,293,auto,yes,,,,
ACPIDriverDll,180118BD0,FUN_180118bd0,52,auto,no,,,,
ACPIDriverDll,180118C04,FUN_180118c04,77,auto,no,,,,
ACPIDriverDll,180118C54,FUN_180118c54,877,auto,no,,,,
ACPIDriverDll,180118FC4,FUN_180118fc4,316,auto,no,,,,
ACPIDriverDll,180119100,FUN_180119100,138,auto,no,,,,
ACPIDriverDll,18011918C,FUN_18011918c,328,auto,no,,,,
ACPIDriverDll,1801192D8,FUN_1801192d8,63,auto,no,,,,
ACPIDriverDll,180119318,FUN_180119318,63,auto,no,,,,
ACPIDriverDll,180119358,FUN_180119358,616,auto,no,,,,
ACPIDriverDll,1801195C0,FUN_1801195c0,1780,auto,no,,,,
ACPIDriverDll,180119CB8,FUN_180119cb8,391,auto,no,,,,
ACPIDriverDll,180119E40,FUN_180119e40,1517,auto,no,,,,
ACPIDriverDll,18011A430,FUN_18011a430,54,auto,no,,,,
ACPIDriverDll,18011A468,FUN_18011a468,7,auto,no,,,,
ACPIDriverDll,18011A470,thunk_FUN_180090400,5,auto,no,,,,
ACPIDriverDll,18011A478,thunk_FUN_180090574,5,auto,no,,,,
ACPIDriverDll,18011A480,FUN_18011a480,23,auto,no,,,,
ACPIDriverDll,18011A498,FUN_18011a498,321,auto,no,,,,
ACPIDriverDll,18011A5DC,FUN_18011a5dc,143,auto,no,,,,
ACPIDriverDll,18011A66C,FUN_18011a66c,288,auto,no,,,,
ACPIDriverDll,18011A78C,SwapTabs,58,auto,yes,,,,
ACPIDriverDll,18011A7C8,FUN_18011a7c8,281,auto,no,,,,
ACPIDriverDll,18011A8E4,FUN_18011a8e4,419,auto,no,,,,
ACPIDriverDll,18011AA88,CMFCToolBarSystemMenuButton,91,auto,yes,,,,
ACPIDriverDll,18011AAE4,CMFCToolBarSystemMenuButton,49,auto,yes,,,,
ACPIDriverDll,18011AB18,FUN_18011ab18,15,auto,no,,,,
ACPIDriverDll,18011AB28,FUN_18011ab28,76,auto,no,,,,
ACPIDriverDll,18011AB74,CopyFrom,60,auto,yes,,,,
ACPIDriverDll,18011ABB0,FUN_18011abb0,8,auto,no,,,,
ACPIDriverDll,18011ABB8,FUN_18011abb8,260,auto,no,,,,
ACPIDriverDll,18011ACC0,CreateObject,49,auto,yes,,,,
ACPIDriverDll,18011ACF4,FUN_18011acf4,8,auto,no,,,,
ACPIDriverDll,18011ACFC,OnAfterCreatePopupMenu,170,auto,yes,,,,
ACPIDriverDll,18011ADA8,OnCalculateSize,58,auto,yes,,,,
ACPIDriverDll,18011ADE4,FUN_18011ade4,134,auto,no,,,,
ACPIDriverDll,18011AE6C,FUN_18011ae6c,279,auto,no,,,,
ACPIDriverDll,18011AF84,OnDraw,241,auto,yes,,,,
ACPIDriverDll,18011B078,FUN_18011b078,187,auto,no,,,,
ACPIDriverDll,18011B134,FUN_18011b134,139,auto,no,,,,
ACPIDriverDll,18011B1C0,FUN_18011b1c0,151,auto,no,,,,
ACPIDriverDll,18011B258,FUN_18011b258,82,auto,no,,,,
ACPIDriverDll,18011B2AC,`scalar_deleting_destructor',66,auto,yes,,,,
ACPIDriverDll,18011B2F0,`scalar_deleting_destructor',76,auto,yes,,,,
ACPIDriverDll,18011B33C,FUN_18011b33c,66,auto,no,,,,
ACPIDriverDll,18011B380,CopyFrom,81,auto,yes,,,,
ACPIDriverDll,18011B3D4,FUN_18011b3d4,439,auto,no,,,,
ACPIDriverDll,18011B58C,FUN_18011b58c,49,auto,no,,,,
ACPIDriverDll,18011B5C0,CreateObject,79,auto,yes,,,,
ACPIDriverDll,18011B610,FUN_18011b610,49,auto,no,,,,
ACPIDriverDll,18011B644,FUN_18011b644,273,auto,no,,,,
ACPIDriverDll,18011B758,FUN_18011b758,637,auto,no,,,,
ACPIDriverDll,18011B9D8,FUN_18011b9d8,8,auto,no,,,,
ACPIDriverDll,18011B9E0,FUN_18011b9e0,8,auto,no,,,,
ACPIDriverDll,18011B9E8,FUN_18011b9e8,8,auto,no,,,,
ACPIDriverDll,18011B9F0,FUN_18011b9f0,8,auto,no,,,,
ACPIDriverDll,18011B9F8,FUN_18011b9f8,8,auto,no,,,,
ACPIDriverDll,18011BA00,FUN_18011ba00,21,auto,no,,,,
ACPIDriverDll,18011BA18,FUN_18011ba18,13,auto,no,,,,
ACPIDriverDll,18011BA28,FUN_18011ba28,13,auto,no,,,,
ACPIDriverDll,18011BA38,FUN_18011ba38,41,auto,no,,,,
ACPIDriverDll,18011BA64,FUN_18011ba64,332,auto,no,,,,
ACPIDriverDll,18011BBB0,OnCancelMode,85,auto,yes,,,,
ACPIDriverDll,18011BC08,FUN_18011bc08,37,auto,no,,,,
ACPIDriverDll,18011BC30,FUN_18011bc30,334,auto,no,,,,
ACPIDriverDll,18011BD80,FUN_18011bd80,169,auto,no,,,,
ACPIDriverDll,18011BE2C,FUN_18011be2c,577,auto,no,,,,
ACPIDriverDll,18011C070,OnCustomizeMenu,121,auto,yes,,,,
ACPIDriverDll,18011C0EC,OnDestroy,169,auto,yes,,,,
ACPIDriverDll,18011C198,FUN_18011c198,1482,auto,no,,,,
ACPIDriverDll,18011C764,FUN_18011c764,177,auto,no,,,,
ACPIDriverDll,18011C818,OnEraseBkgnd,126,auto,yes,,,,
ACPIDriverDll,18011C898,FUN_18011c898,202,auto,no,,,,
ACPIDriverDll,18011C964,FUN_18011c964,724,auto,no,,,,
ACPIDriverDll,18011CC3C,OnPaint,250,auto,yes,,,,
ACPIDriverDll,18011CD38,FUN_18011cd38,184,auto,no,,,,
ACPIDriverDll,18011CDF0,FUN_18011cdf0,121,auto,no,,,,
ACPIDriverDll,18011CE6C,FUN_18011ce6c,56,auto,no,,,,
ACPIDriverDll,18011CEA4,FUN_18011cea4,50,auto,no,,,,
ACPIDriverDll,18011CED8,FUN_18011ced8,563,auto,no,,,,
ACPIDriverDll,18011D10C,FUN_18011d10c,520,auto,no,,,,
ACPIDriverDll,18011D318,SetDefaultCommand,183,auto,yes,,,,
ACPIDriverDll,18011D3D0,FUN_18011d3d0,48,auto,no,,,,
ACPIDriverDll,18011D400,FUN_18011d400,50,auto,no,,,,
ACPIDriverDll,18011D434,FUN_18011d434,40,auto,no,,,,
ACPIDriverDll,18011D45C,FUN_18011d45c,15,auto,no,,,,
ACPIDriverDll,18011D46C,FUN_18011d46c,76,auto,no,,,,
ACPIDriverDll,18011D4B8,FUN_18011d4b8,44,auto,no,,,,
ACPIDriverDll,18011D4E4,CreateObject,49,auto,yes,,,,
ACPIDriverDll,18011D518,FUN_18011d518,8,auto,no,,,,
ACPIDriverDll,18011D520,OnCalculateSize,67,auto,yes,,,,
ACPIDriverDll,18011D564,FUN_18011d564,110,auto,no,,,,
ACPIDriverDll,18011D5D4,CMFCDragFrameImpl,166,auto,yes,,,,
ACPIDriverDll,18011D67C,FUN_18011d67c,88,auto,no,,,,
ACPIDriverDll,18011D6D4,FUN_18011d6d4,52,auto,no,,,,
ACPIDriverDll,18011D708,DrawDragFrame,241,auto,yes,,,,
ACPIDriverDll,18011D7FC,DrawFrameTab,739,auto,yes,,,,
ACPIDriverDll,18011DAE0,FUN_18011dae0,303,auto,no,,,,
ACPIDriverDll,18011DC10,FUN_18011dc10,8,auto,no,,,,
ACPIDriverDll,18011DC18,FUN_18011dc18,206,auto,no,,,,
ACPIDriverDll,18011DCE8,FUN_18011dce8,1387,auto,no,,,,
ACPIDriverDll,18011E254,FUN_18011e254,626,auto,no,,,,
ACPIDriverDll,18011E4C8,FUN_18011e4c8,231,auto,no,,,,
ACPIDriverDll,18011E5B0,FUN_18011e5b0,379,auto,no,,,,
ACPIDriverDll,18011E72C,ResetState,72,auto,yes,,,,
ACPIDriverDll,18011E774,CSmartDockingManager,88,auto,yes,,,,
ACPIDriverDll,18011E7CC,~CSmartDockingManager,48,auto,yes,,,,
ACPIDriverDll,18011E7FC,`scalar_deleting_destructor',66,auto,yes,,,,
ACPIDriverDll,18011E840,CauseCancelMode,39,auto,yes,,,,
ACPIDriverDll,18011E868,FUN_18011e868,327,auto,no,,,,
ACPIDriverDll,18011E9B0,FUN_18011e9b0,157,auto,no,,,,
ACPIDriverDll,18011EA50,HidePlace,24,auto,yes,,,,
ACPIDriverDll,18011EA68,FUN_18011ea68,298,auto,no,,,,
ACPIDriverDll,18011EB94,FUN_18011eb94,211,auto,no,,,,
ACPIDriverDll,18011EC68,FUN_18011ec68,220,auto,no,,,,
ACPIDriverDll,18011ED44,FUN_18011ed44,201,auto,no,,,,
ACPIDriverDll,18011EE10,FUN_18011ee10,220,auto,no,,,,
ACPIDriverDll,18011EEEC,ShowPlaceAt,53,auto,yes,,,,
ACPIDriverDll,18011EF24,FUN_18011ef24,173,auto,no,,,,
ACPIDriverDll,18011EFD4,FUN_18011efd4,330,auto,no,,,,
ACPIDriverDll,18011F120,FUN_18011f120,121,auto,no,,,,
ACPIDriverDll,18011F19C,CMFCCaptionButton,49,auto,yes,,,,
ACPIDriverDll,18011F1D0,CMFCCaptionButton,46,auto,yes,,,,
ACPIDriverDll,18011F200,CMFCCaptionButtonEx,83,auto,yes,,,,
ACPIDriverDll,18011F254,FUN_18011f254,11,auto,no,,,,
ACPIDriverDll,18011F260,`scalar_deleting_destructor',55,auto,yes,,,,
ACPIDriverDll,18011F298,`scalar_deleting_destructor',55,auto,yes,,,,
ACPIDriverDll,18011F2D0,FUN_18011f2d0,4,auto,no,,,,
ACPIDriverDll,18011F2D4,GetIconID,104,auto,yes,,,,
ACPIDriverDll,18011F33C,GetRect,90,auto,yes,,,,
ACPIDriverDll,18011F398,FUN_18011f398,12,auto,no,,,,
ACPIDriverDll,18011F3A4,FUN_18011f3a4,142,auto,no,,,,
ACPIDriverDll,18011F434,CMFCCaptionMenuButton,48,auto,yes,,,,
ACPIDriverDll,18011F464,CMFCCaptionMenuButton,48,auto,yes,,,,
ACPIDriverDll,18011F494,FUN_18011f494,76,auto,no,,,,
ACPIDriverDll,18011F4E0,FUN_18011f4e0,127,auto,no,,,,
ACPIDriverDll,18011F560,FUN_18011f560,365,auto,no,,,,
ACPIDriverDll,18011F6D0,CBaseTabbedPane,127,auto,yes,,,,
ACPIDriverDll,18011F750,~CBaseTabbedPane,44,auto,yes,,,,
ACPIDriverDll,18011F77C,`scalar_deleting_destructor',66,auto,yes,,,,
ACPIDriverDll,18011F7C0,FUN_18011f7c0,991,auto,no,,,,
ACPIDriverDll,18011FBA0,FUN_18011fba0,37,auto,no,,,,
ACPIDriverDll,18011FBC8,thunk_FUN_1800fbd9c,5,auto,no,,,,
ACPIDriverDll,18011FBD0,FUN_18011fbd0,597,auto,no,,,,
ACPIDriverDll,18011FE28,FUN_18011fe28,103,auto,no,,,,
ACPIDriverDll,18011FE90,FUN_18011fe90,880,auto,no,,,,
ACPIDriverDll,180120200,FUN_180120200,131,auto,no,,,,
ACPIDriverDll,180120284,FUN_180120284,168,auto,no,,,,
ACPIDriverDll,18012032C,FUN_18012032c,151,auto,no,,,,
ACPIDriverDll,1801203C4,FUN_1801203c4,156,auto,no,,,,
ACPIDriverDll,180120460,FUN_180120460,606,auto,no,,,,
ACPIDriverDll,1801206C0,FUN_1801206c0,35,auto,no,,,,
ACPIDriverDll,1801206E4,FUN_1801206e4,8,auto,no,,,,
ACPIDriverDll,1801206EC,FUN_1801206ec,116,auto,no,,,,
ACPIDriverDll,180120760,FUN_180120760,123,auto,no,,,,
ACPIDriverDll,1801207DC,FUN_1801207dc,207,auto,no,,,,
ACPIDriverDll,1801208AC,FUN_1801208ac,8,auto,no,,,,
ACPIDriverDll,1801208B4,FUN_1801208b4,189,auto,no,,,,
ACPIDriverDll,180120974,FUN_180120974,201,auto,no,,,,
ACPIDriverDll,180120A40,FUN_180120a40,323,auto,no,,,,
ACPIDriverDll,180120B84,FUN_180120b84,91,auto,no,,,,
ACPIDriverDll,180120BE0,FUN_180120be0,52,auto,no,,,,
ACPIDriverDll,180120C14,FUN_180120c14,163,auto,no,,,,
ACPIDriverDll,180120CB8,FUN_180120cb8,48,auto,no,,,,
ACPIDriverDll,180120CE8,FUN_180120ce8,314,auto,no,,,,
ACPIDriverDll,180120E24,FUN_180120e24,311,auto,no,,,,
ACPIDriverDll,180120F60,FUN_180120f60,192,auto,no,,,,
ACPIDriverDll,180121020,thunk_FUN_1800b9268,5,auto,no,,,,
ACPIDriverDll,180121028,FUN_180121028,34,auto,no,,,,
ACPIDriverDll,18012104C,FUN_18012104c,1166,auto,no,,,,
ACPIDriverDll,1801214DC,FUN_1801214dc,234,auto,no,,,,
ACPIDriverDll,1801215C8,FUN_1801215c8,145,auto,no,,,,
ACPIDriverDll,18012165C,CMFCAutoHideBar,99,auto,yes,,,,
ACPIDriverDll,1801216C0,~CMFCAutoHideBar,86,auto,yes,,,,
ACPIDriverDll,180121718,`scalar_deleting_destructor',66,auto,yes,,,,
ACPIDriverDll,18012175C,FUN_18012175c,318,auto,no,,,,
ACPIDriverDll,18012189C,FUN_18012189c,54,auto,no,,,,
ACPIDriverDll,1801218D4,FUN_1801218d4,251,auto,no,,,,
ACPIDriverDll,1801219D0,FUN_1801219d0,92,auto,no,,,,
ACPIDriverDll,180121A30,FUN_180121a30,102,auto,no,,,,
ACPIDriverDll,180121A98,CreateObject,49,auto,yes,,,,
ACPIDriverDll,180121ACC,FUN_180121acc,301,auto,no,,,,
ACPIDriverDll,180121BFC,FUN_180121bfc,34,auto,no,,,,
ACPIDriverDll,180121C20,FUN_180121c20,8,auto,no,,,,
ACPIDriverDll,180121C28,FUN_180121c28,8,auto,no,,,,
ACPIDriverDll,180121C30,FUN_180121c30,78,auto,no,,,,
ACPIDriverDll,180121C80,FUN_180121c80,25,auto,no,,,,
ACPIDriverDll,180121C9C,FUN_180121c9c,78,auto,no,,,,
ACPIDriverDll,180121CEC,FUN_180121cec,83,auto,no,,,,
ACPIDriverDll,180121D40,FUN_180121d40,335,auto,no,,,,
ACPIDriverDll,180121E90,FUN_180121e90,74,auto,no,,,,
ACPIDriverDll,180121EDC,OnTimer,179,auto,yes,,,,
ACPIDriverDll,180121F90,FUN_180121f90,321,auto,no,,,,
ACPIDriverDll,1801220D4,FUN_1801220d4,259,auto,no,,,,
ACPIDriverDll,1801221D8,FUN_1801221d8,68,auto,no,,,,
ACPIDriverDll,18012221C,FUN_18012221c,216,auto,no,,,,
ACPIDriverDll,1801222F8,FUN_1801222f8,74,auto,no,,,,
ACPIDriverDll,180122344,FUN_180122344,113,auto,no,,,,
ACPIDriverDll,1801223B8,CPaneContainer,259,auto,yes,,,,
ACPIDriverDll,1801224BC,FUN_1801224bc,96,auto,no,,,,
ACPIDriverDll,18012251C,FUN_18012251c,66,auto,no,,,,
ACPIDriverDll,180122560,FUN_180122560,87,auto,no,,,,
ACPIDriverDll,1801225B8,FUN_1801225b8,2133,auto,no,,,,
ACPIDriverDll,180122E10,FUN_180122e10,4,auto,no,,,,
ACPIDriverDll,180122E14,FUN_180122e14,241,auto,no,,,,
ACPIDriverDll,180122F08,FUN_180122f08,301,auto,no,,,,
ACPIDriverDll,180123038,FUN_180123038,283,auto,no,,,,
ACPIDriverDll,180123154,FUN_180123154,1199,auto,no,,,,
ACPIDriverDll,180123604,FUN_180123604,222,auto,no,,,,
ACPIDriverDll,1801236E4,FUN_1801236e4,153,auto,no,,,,
ACPIDriverDll,180123780,FUN_180123780,383,auto,no,,,,
ACPIDriverDll,180123900,FUN_180123900,654,auto,no,,,,
ACPIDriverDll,180123B90,FUN_180123b90,142,auto,no,,,,
ACPIDriverDll,180123C20,FindTabbedPane,123,auto,yes,,,,
ACPIDriverDll,180123C9C,FUN_180123c9c,384,auto,no,,,,
ACPIDriverDll,180123E20,FUN_180123e20,31,auto,no,,,,
ACPIDriverDll,180123E40,FUN_180123e40,540,auto,no,,,,
ACPIDriverDll,180124060,FUN_180124060,217,auto,no,,,,
ACPIDriverDll,18012413C,FUN_18012413c,217,auto,no,,,,
ACPIDriverDll,180124218,GetNodeCount,63,auto,yes,,,,
ACPIDriverDll,180124258,FUN_180124258,176,auto,no,,,,
ACPIDriverDll,180124308,FUN_180124308,8,auto,no,,,,
ACPIDriverDll,180124310,GetTotalReferenceCount,61,auto,yes,,,,
ACPIDriverDll,180124350,FUN_180124350,566,auto,no,,,,
ACPIDriverDll,180124588,IsEmpty,81,auto,yes,,,,
ACPIDriverDll,1801245DC,FUN_1801245dc,10,auto,no,,,,
ACPIDriverDll,1801245E8,IsLeftPartEmpty,105,auto,yes,,,,
ACPIDriverDll,180124654,FUN_180124654,33,auto,no,,,,
ACPIDriverDll,180124678,IsRightPartEmpty,105,auto,yes,,,,
ACPIDriverDll,1801246E4,IsVisible,109,auto,yes,,,,
ACPIDriverDll,180124754,FUN_180124754,362,auto,no,,,,
ACPIDriverDll,1801248C0,FUN_1801248c0,496,auto,no,,,,
ACPIDriverDll,180124AB0,FUN_180124ab0,717,auto,no,,,,
ACPIDriverDll,180124D80,FUN_180124d80,317,auto,no,,,,
ACPIDriverDll,180124EC0,Release,26,auto,yes,,,,
ACPIDriverDll,180124EDC,ReleaseEmptyPaneContainer,65,auto,yes,,,,
ACPIDriverDll,180124F20,RemoveNonValidPanes,106,auto,yes,,,,
ACPIDriverDll,180124F8C,FUN_180124f8c,99,auto,no,,,,
ACPIDriverDll,180124FF0,FUN_180124ff0,3054,auto,no,,,,
ACPIDriverDll,180125BE0,FUN_180125be0,226,auto,no,,,,
ACPIDriverDll,180125CC4,FUN_180125cc4,584,auto,no,,,,
ACPIDriverDll,180125F0C,FUN_180125f0c,279,auto,no,,,,
ACPIDriverDll,180126028,FUN_180126028,1579,auto,no,,,,
ACPIDriverDll,180126660,SetPane,15,auto,yes,,,,
ACPIDriverDll,180126670,FUN_180126670,25,auto,no,,,,
ACPIDriverDll,18012668C,SetPaneContainerManager,84,auto,yes,,,,
ACPIDriverDll,1801266E0,SetUpByID,105,auto,yes,,,,
ACPIDriverDll,18012674C,FUN_18012674c,128,auto,no,,,,
ACPIDriverDll,1801267CC,FUN_1801267cc,863,auto,no,,,,
ACPIDriverDll,180126B2C,CAutoHideDockSite,47,auto,yes,,,,
ACPIDriverDll,180126B5C,FUN_180126b5c,76,auto,no,,,,
ACPIDriverDll,180126BA8,FUN_180126ba8,15,auto,no,,,,
ACPIDriverDll,180126BB8,CreateObject,49,auto,yes,,,,
ACPIDriverDll,180126BEC,FUN_180126bec,430,auto,no,,,,
ACPIDriverDll,180126D9C,FUN_180126d9c,8,auto,no,,,,
ACPIDriverDll,180126DA4,FUN_180126da4,8,auto,no,,,,
ACPIDriverDll,180126DAC,FUN_180126dac,226,auto,no,,,,
ACPIDriverDll,180126E90,FUN_180126e90,147,auto,no,,,,
ACPIDriverDll,180126F24,FUN_180126f24,386,auto,no,,,,
ACPIDriverDll,1801270AC,FUN_1801270ac,128,auto,no,,,,
ACPIDriverDll,180127130,FUN_180127130,167,auto,no,,,,
ACPIDriverDll,1801271D8,`scalar_deleting_destructor',66,auto,yes,,,,
ACPIDriverDll,18012721C,FUN_18012721c,153,auto,no,,,,
ACPIDriverDll,1801272B8,FUN_1801272b8,21,auto,no,,,,
ACPIDriverDll,1801272D0,FUN_1801272d0,241,auto,no,,,,
ACPIDriverDll,1801273C4,FUN_1801273c4,49,auto,no,,,,
ACPIDriverDll,1801273F8,FUN_1801273f8,137,auto,no,,,,
ACPIDriverDll,180127484,FUN_180127484,353,auto,no,,,,
ACPIDriverDll,1801275E8,FUN_1801275e8,8,auto,no,,,,
ACPIDriverDll,1801275F0,FUN_1801275f0,18,auto,no,,,,
ACPIDriverDll,180127604,FUN_180127604,8,auto,no,,,,
ACPIDriverDll,18012760C,FUN_18012760c,141,auto,no,,,,
ACPIDriverDll,18012769C,FUN_18012769c,1373,auto,no,,,,
ACPIDriverDll,180127C0C,FUN_180127c0c,324,auto,no,,,,
ACPIDriverDll,180127D54,FUN_180127d54,1229,auto,no,,,,
ACPIDriverDll,18012822C,CMFCRibbonButtonsGroup,130,auto,yes,,,,
ACPIDriverDll,1801282B0,~CMFCRibbonButtonsGroup,99,auto,yes,,,,
ACPIDriverDll,180128314,FID_conflict:`scalar_deleting_destructor',66,auto,yes,,,,
ACPIDriverDll,180128358,FUN_180128358,78,auto,no,,,,
ACPIDriverDll,1801283A8,FUN_1801283a8,128,auto,no,,,,
ACPIDriverDll,18012842C,FUN_18012842c,155,auto,no,,,,
ACPIDriverDll,1801284C8,FUN_1801284c8,112,auto,no,,,,
ACPIDriverDll,18012853C,FUN_18012853c,264,auto,no,,,,
ACPIDriverDll,180128648,CreateObject,49,auto,yes,,,,
ACPIDriverDll,18012867C,FUN_18012867c,135,auto,no,,,,
ACPIDriverDll,180128704,FUN_180128704,135,auto,no,,,,
ACPIDriverDll,18012878C,FUN_18012878c,133,auto,no,,,,
ACPIDriverDll,180128814,FUN_180128814,135,auto,no,,,,
ACPIDriverDll,18012889C,FUN_18012889c,82,auto,no,,,,
ACPIDriverDll,1801288F0,FUN_1801288f0,119,auto,no,,,,
ACPIDriverDll,180128968,FUN_180128968,145,auto,no,,,,
ACPIDriverDll,1801289FC,FUN_1801289fc,112,auto,no,,,,
ACPIDriverDll,180128A70,FUN_180128a70,119,auto,no,,,,
ACPIDriverDll,180128AE8,FUN_180128ae8,119,auto,no,,,,
ACPIDriverDll,180128B60,FUN_180128b60,24,auto,no,,,,
ACPIDriverDll,180128B78,FUN_180128b78,128,auto,no,,,,
ACPIDriverDll,180128BFC,FUN_180128bfc,97,auto,no,,,,
ACPIDriverDll,180128C60,FUN_180128c60,119,auto,no,,,,
ACPIDriverDll,180128CD8,FUN_180128cd8,278,auto,no,,,,
ACPIDriverDll,180128DF0,FUN_180128df0,8,auto,no,,,,
ACPIDriverDll,180128DF8,FUN_180128df8,128,auto,no,,,,
ACPIDriverDll,180128E7C,FUN_180128e7c,147,auto,no,,,,
ACPIDriverDll,180128F10,FUN_180128f10,877,auto,no,,,,
ACPIDriverDll,180129280,FUN_180129280,445,auto,no,,,,
ACPIDriverDll,180129440,FUN_180129440,448,auto,no,,,,
ACPIDriverDll,180129600,FUN_180129600,126,auto,no,,,,
ACPIDriverDll,180129680,FUN_180129680,126,auto,no,,,,
ACPIDriverDll,180129700,FUN_180129700,148,auto,no,,,,
ACPIDriverDll,180129798,FUN_180129798,136,auto,no,,,,
ACPIDriverDll,180129824,FUN_180129824,245,auto,no,,,,
ACPIDriverDll,18012991C,FUN_18012991c,182,auto,no,,,,
ACPIDriverDll,1801299D4,FUN_1801299d4,133,auto,no,,,,
ACPIDriverDll,180129A5C,FUN_180129a5c,133,auto,no,,,,
ACPIDriverDll,180129AE4,FUN_180129ae4,135,auto,no,,,,
ACPIDriverDll,180129B6C,FUN_180129b6c,194,auto,no,,,,
ACPIDriverDll,180129C30,CMFCRibbonQuickAccessToolBar,146,auto,yes,,,,
ACPIDriverDll,180129CC4,FUN_180129cc4,36,auto,no,,,,
ACPIDriverDll,180129CE8,FUN_180129ce8,36,auto,no,,,,
ACPIDriverDll,180129D0C,~CMFCRibbonQuickAccessToolBar,65,auto,yes,,,,
ACPIDriverDll,180129D50,FUN_180129d50,66,auto,no,,,,
ACPIDriverDll,180129D94,FUN_180129d94,66,auto,no,,,,
ACPIDriverDll,180129DD8,FUN_180129dd8,136,auto,no,,,,
ACPIDriverDll,180129E60,`scalar_deleting_destructor',66,auto,yes,,,,
ACPIDriverDll,180129EA4,FUN_180129ea4,178,auto,no,,,,
ACPIDriverDll,180129F58,CopyFrom,64,auto,yes,,,,
ACPIDriverDll,180129F98,FUN_180129f98,49,auto,no,,,,
ACPIDriverDll,180129FCC,CreateObject,49,auto,yes,,,,
ACPIDriverDll,18012A000,FUN_18012a000,81,auto,no,,,,
ACPIDriverDll,18012A054,FUN_18012a054,264,auto,no,,,,
ACPIDriverDll,18012A15C,FUN_18012a15c,191,auto,no,,,,
ACPIDriverDll,18012A21C,FUN_18012a21c,182,auto,no,,,,
ACPIDriverDll,18012A2D4,FUN_18012a2d4,8,auto,no,,,,
ACPIDriverDll,18012A2DC,FUN_18012a2dc,8,auto,no,,,,
ACPIDriverDll,18012A2E4,FUN_18012a2e4,113,auto,no,,,,
ACPIDriverDll,18012A358,FUN_18012a358,372,auto,no,,,,
ACPIDriverDll,18012A4D0,FUN_18012a4d0,358,auto,no,,,,
ACPIDriverDll,18012A638,FUN_18012a638,43,auto,no,,,,
ACPIDriverDll,18012A664,FUN_18012a664,530,auto,no,,,,
ACPIDriverDll,18012A878,FUN_18012a878,227,auto,no,,,,
ACPIDriverDll,18012A95C,FUN_18012a95c,24,auto,no,,,,
ACPIDriverDll,18012A974,FUN_18012a974,284,auto,no,,,,
ACPIDriverDll,18012AA94,FUN_18012aa94,374,auto,no,,,,
ACPIDriverDll,18012AC0C,SetACCData,111,auto,yes,,,,
ACPIDriverDll,18012AC7C,FUN_18012ac7c,205,auto,no,,,,
ACPIDriverDll,18012AD4C,FUN_18012ad4c,368,auto,no,,,,
ACPIDriverDll,18012AEC0,FUN_18012aec0,272,auto,no,,,,
ACPIDriverDll,18012AFD0,FUN_18012afd0,478,auto,no,,,,
ACPIDriverDll,18012B1B0,FUN_18012b1b0,109,auto,no,,,,
ACPIDriverDll,18012B220,get_accParent,72,auto,yes,,,,
ACPIDriverDll,18012B268,CMFCRibbonCaptionButton,70,auto,yes,,,,
ACPIDriverDll,18012B2B0,CMFCRibbonCmdUI,38,auto,yes,,,,
ACPIDriverDll,18012B2D8,FUN_18012b2d8,36,auto,no,,,,
ACPIDriverDll,18012B2FC,FUN_18012b2fc,66,auto,no,,,,
ACPIDriverDll,18012B340,CreateObject,54,auto,yes,,,,
ACPIDriverDll,18012B378,FUN_18012b378,195,auto,no,,,,
ACPIDriverDll,18012B43C,FUN_18012b43c,553,auto,no,,,,
ACPIDriverDll,18012B668,FUN_18012b668,182,auto,no,,,,
ACPIDriverDll,18012B720,FUN_18012b720,233,auto,no,,,,
ACPIDriverDll,18012B80C,FUN_18012b80c,108,auto,no,,,,
ACPIDriverDll,18012B87C,FUN_18012b87c,128,auto,no,,,,
ACPIDriverDll,18012B900,FUN_18012b900,1431,auto,no,,,,
ACPIDriverDll,18012BE9C,FUN_18012be9c,45,auto,no,,,,
ACPIDriverDll,18012BECC,FUN_18012becc,58,auto,no,,,,
ACPIDriverDll,18012BF08,FUN_18012bf08,226,auto,no,,,,
ACPIDriverDll,18012BFEC,GetRegularSize,56,auto,yes,,,,
ACPIDriverDll,18012C024,FUN_18012c024,8,auto,no,,,,
ACPIDriverDll,18012C02C,GetVisibleContextCaptions,134,auto,yes,,,,
ACPIDriverDll,18012C0B4,FUN_18012c0b4,94,auto,no,,,,
ACPIDriverDll,18012C114,FUN_18012c114,337,auto,no,,,,
ACPIDriverDll,18012C268,FUN_18012c268,57,auto,no,,,,
ACPIDriverDll,18012C2A4,FUN_18012c2a4,694,auto,no,,,,
ACPIDriverDll,18012C55C,FUN_18012c55c,398,auto,no,,,,
ACPIDriverDll,18012C6EC,FUN_18012c6ec,127,auto,no,,,,
ACPIDriverDll,18012C76C,FUN_18012c76c,600,auto,no,,,,
ACPIDriverDll,18012C9C4,OnSysKeyDown,389,auto,yes,,,,
ACPIDriverDll,18012CB4C,OnSysKeyUp,173,auto,yes,,,,
ACPIDriverDll,18012CBFC,FUN_18012cbfc,47,auto,no,,,,
ACPIDriverDll,18012CC2C,FUN_18012cc2c,625,auto,no,,,,
ACPIDriverDll,18012CEA4,FUN_18012cea4,302,auto,no,,,,
ACPIDriverDll,18012CFD4,FUN_18012cfd4,139,auto,no,,,,
ACPIDriverDll,18012D060,FUN_18012d060,155,auto,no,,,,
ACPIDriverDll,18012D0FC,FUN_18012d0fc,1065,auto,no,,,,
ACPIDriverDll,18012D528,FUN_18012d528,698,auto,no,,,,
ACPIDriverDll,18012D7E4,FUN_18012d7e4,523,auto,no,,,,
ACPIDriverDll,18012D9F0,FUN_18012d9f0,35,auto,no,,,,
ACPIDriverDll,18012DA14,FUN_18012da14,154,auto,no,,,,
ACPIDriverDll,18012DAB0,FUN_18012dab0,63,auto,no,,,,
ACPIDriverDll,18012DAF0,FUN_18012daf0,429,auto,no,,,,
ACPIDriverDll,18012DCA0,FUN_18012dca0,581,auto,no,,,,
ACPIDriverDll,18012DEE8,ToggleMimimizeState,67,auto,yes,,,,
ACPIDriverDll,18012DF2C,CMFCRibbonKeyTip,93,auto,yes,,,,
ACPIDriverDll,18012DF8C,`scalar_deleting_destructor',76,auto,yes,,,,
ACPIDriverDll,18012DFD8,FUN_18012dfd8,8,auto,no,,,,
ACPIDriverDll,18012DFE0,Hide,56,auto,yes,,,,
ACPIDriverDll,18012E018,OnDestroy,54,auto,yes,,,,
ACPIDriverDll,18012E050,FUN_18012e050,326,auto,no,,,,
ACPIDriverDll,18012E198,FUN_18012e198,773,auto,no,,,,
ACPIDriverDll,18012E4A0,UpdateMenuShadow,70,auto,yes,,,,
ACPIDriverDll,18012E4E8,CMFCRibbonGallery,270,auto,yes,,,,
ACPIDriverDll,18012E5F8,CMFCRibbonGalleryIcon,106,auto,yes,,,,
ACPIDriverDll,18012E664,~CMFCRibbonGallery,112,auto,yes,,,,
ACPIDriverDll,18012E6D4,`scalar_deleting_destructor',66,auto,yes,,,,
ACPIDriverDll,18012E718,`scalar_deleting_destructor',66,auto,yes,,,,
ACPIDriverDll,18012E75C,AddGroup,92,auto,yes,,,,
ACPIDriverDll,18012E7B8,FUN_18012e7b8,12,auto,no,,,,
ACPIDriverDll,18012E7C4,FUN_18012e7c4,24,auto,no,,,,
ACPIDriverDll,18012E7DC,Clear,148,auto,yes,,,,
ACPIDriverDll,18012E870,FUN_18012e870,532,auto,no,,,,
ACPIDriverDll,18012EA88,CopyFrom,70,auto,yes,,,,
ACPIDriverDll,18012EAD0,FUN_18012ead0,620,auto,no,,,,
ACPIDriverDll,18012ED40,CreateObject,49,auto,yes,,,,
ACPIDriverDll,18012ED74,CreateObject,54,auto,yes,,,,
ACPIDriverDll,18012EDAC,GetCompactSize,81,auto,yes,,,,
ACPIDriverDll,18012EE00,FUN_18012ee00,47,auto,no,,,,
ACPIDriverDll,18012EE30,FUN_18012ee30,102,auto,no,,,,
ACPIDriverDll,18012EE98,FUN_18012ee98,185,auto,no,,,,
ACPIDriverDll,18012EF54,FUN_18012ef54,73,auto,no,,,,
ACPIDriverDll,18012EFA0,FUN_18012efa0,14,auto,no,,,,
ACPIDriverDll,18012EFB0,FUN_18012efb0,419,auto,no,,,,
ACPIDriverDll,18012F158,FUN_18012f158,433,auto,no,,,,
ACPIDriverDll,18012F30C,FUN_18012f30c,37,auto,no,,,,
ACPIDriverDll,18012F334,FUN_18012f334,206,auto,no,,,,
ACPIDriverDll,18012F404,FUN_18012f404,52,auto,no,,,,
ACPIDriverDll,18012F438,GetNotifyID,45,auto,yes,,,,
ACPIDriverDll,18012F468,FUN_18012f468,37,auto,no,,,,
ACPIDriverDll,18012F490,FUN_18012f490,119,auto,no,,,,
ACPIDriverDll,18012F508,FUN_18012f508,26,auto,no,,,,
ACPIDriverDll,18012F524,FUN_18012f524,486,auto,no,,,,
ACPIDriverDll,18012F70C,FUN_18012f70c,76,auto,no,,,,
ACPIDriverDll,18012F758,FUN_18012f758,8,auto,no,,,,
ACPIDriverDll,18012F760,FUN_18012f760,8,auto,no,,,,
ACPIDriverDll,18012F768,FUN_18012f768,47,auto,no,,,,
ACPIDriverDll,18012F798,FUN_18012f798,62,auto,no,,,,
ACPIDriverDll,18012F7D8,FUN_18012f7d8,12,auto,no,,,,
ACPIDriverDll,18012F7E4,FUN_18012f7e4,323,auto,no,,,,
ACPIDriverDll,18012F92C,FUN_18012f92c,18,auto,no,,,,
ACPIDriverDll,18012F940,FUN_18012f940,13,auto,no,,,,
ACPIDriverDll,18012F950,FUN_18012f950,56,auto,no,,,,
ACPIDriverDll,18012F988,FUN_18012f988,13,auto,no,,,,
ACPIDriverDll,18012F998,FUN_18012f998,37,auto,no,,,,
ACPIDriverDll,18012F9C0,FUN_18012f9c0,670,auto,no,,,,
ACPIDriverDll,18012FC60,FUN_18012fc60,53,auto,no,,,,
ACPIDriverDll,18012FC98,FUN_18012fc98,257,auto,no,,,,
ACPIDriverDll,18012FD9C,FUN_18012fd9c,416,auto,no,,,,
ACPIDriverDll,18012FF40,FUN_18012ff40,489,auto,no,,,,
ACPIDriverDll,18013012C,FUN_18013012c,545,auto,no,,,,
ACPIDriverDll,180130350,FUN_180130350,139,auto,no,,,,
ACPIDriverDll,1801303DC,FUN_1801303dc,95,auto,no,,,,
ACPIDriverDll,18013043C,FUN_18013043c,271,auto,no,,,,
ACPIDriverDll,18013054C,FUN_18013054c,10,auto,no,,,,
ACPIDriverDll,180130558,FUN_180130558,87,auto,no,,,,
ACPIDriverDll,1801305B0,FUN_1801305b0,12,auto,no,,,,
ACPIDriverDll,1801305BC,FUN_1801305bc,137,auto,no,,,,
ACPIDriverDll,180130648,FUN_180130648,760,auto,no,,,,
ACPIDriverDll,180130944,FUN_180130944,655,auto,no,,,,
ACPIDriverDll,180130BD4,FUN_180130bd4,191,auto,no,,,,
ACPIDriverDll,180130C94,FUN_180130c94,136,auto,no,,,,
ACPIDriverDll,180130D20,FUN_180130d20,241,auto,no,,,,
ACPIDriverDll,180130E14,FUN_180130e14,32,auto,no,,,,
ACPIDriverDll,180130E34,FUN_180130e34,546,auto,no,,,,
ACPIDriverDll,180131058,FUN_180131058,37,auto,no,,,,
ACPIDriverDll,180131080,SetNotifyParentID,55,auto,yes,,,,
ACPIDriverDll,1801310B8,FUN_1801310b8,133,auto,no,,,,
ACPIDriverDll,180131140,FUN_180131140,40,auto,no,,,,
ACPIDriverDll,180131168,FID_conflict:CMFCRibbonCheckBox,33,auto,yes,,,,
ACPIDriverDll,18013118C,FUN_18013118c,123,auto,no,,,,
ACPIDriverDll,180131208,FUN_180131208,76,auto,no,,,,
ACPIDriverDll,180131254,CreateObject,49,auto,yes,,,,
ACPIDriverDll,180131288,FUN_180131288,34,auto,no,,,,
ACPIDriverDll,1801312AC,FUN_1801312ac,152,auto,no,,,,
ACPIDriverDll,180131344,FUN_180131344,8,auto,no,,,,
ACPIDriverDll,18013134C,FUN_18013134c,416,auto,no,,,,
ACPIDriverDll,1801314EC,FUN_1801314ec,539,auto,no,,,,
ACPIDriverDll,180131708,SetACCData,45,auto,yes,,,,
ACPIDriverDll,180131738,FUN_180131738,228,auto,no,,,,
ACPIDriverDll,180131820,FUN_180131820,177,auto,no,,,,
ACPIDriverDll,1801318D4,FUN_1801318d4,66,auto,no,,,,
ACPIDriverDll,180131918,FUN_180131918,356,auto,no,,,,
ACPIDriverDll,180131A80,CopyFrom,116,auto,yes,,,,
ACPIDriverDll,180131AF4,FUN_180131af4,49,auto,no,,,,
ACPIDriverDll,180131B28,CreateObject,110,auto,yes,,,,
ACPIDriverDll,180131B98,FUN_180131b98,14,auto,no,,,,
ACPIDriverDll,180131BA8,FUN_180131ba8,8,auto,no,,,,
ACPIDriverDll,180131BB0,FUN_180131bb0,8,auto,no,,,,
ACPIDriverDll,180131BB8,FUN_180131bb8,299,auto,no,,,,
ACPIDriverDll,180131CE4,FUN_180131ce4,12,auto,no,,,,
ACPIDriverDll,180131CF0,FUN_180131cf0,65,auto,no,,,,
ACPIDriverDll,180131D34,FUN_180131d34,147,auto,no,,,,
ACPIDriverDll,180131DC8,FUN_180131dc8,340,auto,no,,,,
ACPIDriverDll,180131F20,FUN_180131f20,542,auto,no,,,,
ACPIDriverDll,180132140,FUN_180132140,338,auto,no,,,,
ACPIDriverDll,180132294,FUN_180132294,82,auto,no,,,,
ACPIDriverDll,1801322E8,FUN_1801322e8,66,auto,no,,,,
ACPIDriverDll,18013232C,CreateObject,51,auto,yes,,,,
ACPIDriverDll,180132360,GetFixedWidth,107,auto,yes,,,,
ACPIDriverDll,1801323CC,FUN_1801323cc,266,auto,no,,,,
ACPIDriverDll,1801324D8,FUN_1801324d8,370,auto,no,,,,
ACPIDriverDll,18013264C,FUN_18013264c,8,auto,no,,,,
ACPIDriverDll,180132654,FUN_180132654,8,auto,no,,,,
ACPIDriverDll,18013265C,OnCreate,151,auto,yes,,,,
ACPIDriverDll,1801326F4,FUN_1801326f4,264,auto,no,,,,
ACPIDriverDll,1801327FC,FUN_1801327fc,290,auto,no,,,,
ACPIDriverDll,180132920,FUN_180132920,381,auto,no,,,,
ACPIDriverDll,180132AA0,FUN_180132aa0,564,auto,no,,,,
ACPIDriverDll,180132CD8,OnDrawSeparator,59,auto,yes,,,,
ACPIDriverDll,180132D14,FUN_180132d14,140,auto,no,,,,
ACPIDriverDll,180132DA0,FUN_180132da0,257,auto,no,,,,
ACPIDriverDll,180132EA4,FUN_180132ea4,900,auto,no,,,,
ACPIDriverDll,180133228,OnPop,97,auto,yes,,,,
ACPIDriverDll,18013328C,FUN_18013328c,1159,auto,no,,,,
ACPIDriverDll,180133714,FUN_180133714,124,auto,no,,,,
ACPIDriverDll,180133790,FUN_180133790,8,auto,no,,,,
ACPIDriverDll,180133798,FUN_180133798,8,auto,no,,,,
ACPIDriverDll,1801337A0,SetParams,201,auto,yes,,,,
ACPIDriverDll,18013386C,CControlBar,144,auto,yes,,,,
ACPIDriverDll,1801338FC,FUN_1801338fc,154,auto,no,,,,
ACPIDriverDll,180133998,FUN_180133998,45,auto,no,,,,
ACPIDriverDll,1801339C8,FUN_1801339c8,207,auto,no,,,,
ACPIDriverDll,180133A98,FUN_180133a98,71,auto,no,,,,
ACPIDriverDll,180133AE0,FUN_180133ae0,74,auto,no,,,,
ACPIDriverDll,180133B2C,DrawBorders,783,auto,yes,,,,
ACPIDriverDll,180133E3C,FUN_180133e3c,116,auto,no,,,,
ACPIDriverDll,180133EB4,FUN_180133eb4,119,auto,no,,,,
ACPIDriverDll,180133F2C,FUN_180133f2c,188,auto,no,,,,
ACPIDriverDll,180133FEC,FUN_180133fec,571,auto,no,,,,
ACPIDriverDll,180134228,FUN_180134228,298,auto,no,,,,
ACPIDriverDll,18013435C,IsVisible,43,auto,yes,,,,
ACPIDriverDll,180134388,FUN_180134388,203,auto,no,,,,
ACPIDriverDll,180134454,OnCtlColor,139,auto,yes,,,,
ACPIDriverDll,1801344E0,FUN_1801344e0,145,auto,no,,,,
ACPIDriverDll,180134574,FUN_180134574,103,auto,no,,,,
ACPIDriverDll,1801345DC,FUN_1801345dc,276,auto,no,,,,
ACPIDriverDll,1801346FC,FUN_1801346fc,89,auto,no,,,,
ACPIDriverDll,180134758,FUN_180134758,109,auto,no,,,,
ACPIDriverDll,1801347C8,OnMouseActivate,47,auto,yes,,,,
ACPIDriverDll,1801347F8,FUN_1801347f8,136,auto,no,,,,
ACPIDriverDll,180134880,FUN_180134880,429,auto,no,,,,
ACPIDriverDll,180134A30,OnThemeChanged,97,auto,yes,,,,
ACPIDriverDll,180134A94,FUN_180134a94,501,auto,no,,,,
ACPIDriverDll,180134C8C,OnWindowPosChanging,373,auto,yes,,,,
ACPIDriverDll,180134E04,FUN_180134e04,36,auto,no,,,,
ACPIDriverDll,180134E28,FUN_180134e28,124,auto,no,,,,
ACPIDriverDll,180134EA4,FUN_180134ea4,662,auto,no,,,,
ACPIDriverDll,18013513C,FUN_18013513c,194,auto,no,,,,
ACPIDriverDll,180135200,ResetTimer,89,auto,yes,,,,
ACPIDriverDll,18013525C,FUN_18013525c,272,auto,no,,,,
ACPIDriverDll,18013536C,FUN_18013536c,325,auto,no,,,,
ACPIDriverDll,1801354B4,GetButtonInfo,97,auto,yes,,,,
ACPIDriverDll,180135518,FUN_180135518,46,auto,no,,,,
ACPIDriverDll,180135548,CRecentDockSiteInfo,86,auto,yes,,,,
ACPIDriverDll,1801355A0,CRecentPaneContainerInfo,85,auto,yes,,,,
ACPIDriverDll,1801355F8,FUN_1801355f8,45,auto,no,,,,
ACPIDriverDll,180135628,FUN_180135628,48,auto,no,,,,
ACPIDriverDll,180135658,operator=,121,auto,yes,,,,
ACPIDriverDll,1801356D4,operator=,99,auto,yes,,,,
ACPIDriverDll,180135738,FUN_180135738,66,auto,no,,,,
ACPIDriverDll,18013577C,FUN_18013577c,66,auto,no,,,,
ACPIDriverDll,1801357C0,FUN_1801357c0,60,auto,no,,,,
ACPIDriverDll,180135800,FUN_180135800,32,auto,no,,,,
ACPIDriverDll,180135820,FUN_180135820,15,auto,no,,,,
ACPIDriverDll,180135830,FUN_180135830,19,auto,no,,,,
ACPIDriverDll,180135844,FUN_180135844,19,auto,no,,,,
ACPIDriverDll,180135858,FUN_180135858,20,auto,no,,,,
ACPIDriverDll,18013586C,FUN_18013586c,20,auto,no,,,,
ACPIDriverDll,180135880,Init,75,auto,yes,,,,
ACPIDriverDll,1801358CC,Init,65,auto,yes,,,,
ACPIDriverDll,180135910,FUN_180135910,15,auto,no,,,,
ACPIDriverDll,180135920,FUN_180135920,62,auto,no,,,,
ACPIDriverDll,180135960,FUN_180135960,75,auto,no,,,,
ACPIDriverDll,1801359AC,SetInfo,135,auto,yes,,,,
ACPIDriverDll,180135A34,FUN_180135a34,388,auto,no,,,,
ACPIDriverDll,180135BB8,StoreDockInfo,242,auto,yes,,,,
ACPIDriverDll,180135CAC,CDockablePaneAdapter,89,auto,yes,,,,
ACPIDriverDll,180135D08,FUN_180135d08,15,auto,no,,,,
ACPIDriverDll,180135D18,`scalar_deleting_destructor',76,auto,yes,,,,
ACPIDriverDll,180135D64,CreateObject,49,auto,yes,,,,
ACPIDriverDll,180135D98,FUN_180135d98,8,auto,no,,,,
ACPIDriverDll,180135DA0,FUN_180135da0,8,auto,no,,,,
ACPIDriverDll,180135DA8,FUN_180135da8,8,auto,no,,,,
ACPIDriverDll,180135DB0,FUN_180135db0,518,auto,no,,,,
ACPIDriverDll,180135FB8,OnSize,86,auto,yes,,,,
ACPIDriverDll,180136010,FUN_180136010,502,auto,no,,,,
ACPIDriverDll,180136208,FUN_180136208,266,auto,no,,,,
ACPIDriverDll,180136314,FUN_180136314,144,auto,no,,,,
ACPIDriverDll,1801363A4,FUN_1801363a4,196,auto,no,,,,
ACPIDriverDll,18013646C,CMFCButton,354,auto,yes,,,,
ACPIDriverDll,1801365D0,~CMFCButton,141,auto,yes,,,,
ACPIDriverDll,180136660,FUN_180136660,154,auto,no,,,,
ACPIDriverDll,1801366FC,CheckNextPrevRadioButton,350,auto,yes,,,,
ACPIDriverDll,18013685C,CleanUp,123,auto,yes,,,,
ACPIDriverDll,1801368D8,FUN_1801368d8,150,auto,no,,,,
ACPIDriverDll,180136970,CreateObject,49,auto,yes,,,,
ACPIDriverDll,1801369A4,FUN_1801369a4,620,auto,no,,,,
ACPIDriverDll,180136C10,FUN_180136c10,316,auto,no,,,,
ACPIDriverDll,180136D50,FUN_180136d50,13,auto,no,,,,
ACPIDriverDll,180136D60,FUN_180136d60,6,auto,no,,,,
ACPIDriverDll,180136D68,FUN_180136d68,8,auto,no,,,,
ACPIDriverDll,180136D70,FUN_180136d70,8,auto,no,,,,
ACPIDriverDll,180136D78,FUN_180136d78,6,auto,no,,,,
ACPIDriverDll,180136D80,InitStyle,186,auto,yes,,,,
ACPIDriverDll,180136E3C,OnCancelMode,120,auto,yes,,,,
ACPIDriverDll,180136EB4,FUN_180136eb4,34,auto,no,,,,
ACPIDriverDll,180136ED8,FUN_180136ed8,1647,auto,no,,,,
ACPIDriverDll,18013754C,thunk_FUN_1801369a4,5,auto,no,,,,
ACPIDriverDll,180137554,OnDrawFocusRect,196,auto,yes,,,,
ACPIDriverDll,180137618,FUN_180137618,77,auto,no,,,,
ACPIDriverDll,180137668,FUN_180137668,94,auto,no,,,,
ACPIDriverDll,1801376C8,OnEnable,86,auto,yes,,,,
ACPIDriverDll,180137720,OnFillBackground,293,auto,yes,,,,
ACPIDriverDll,180137894,FUN_180137894,1400,auto,no,,,,
ACPIDriverDll,180137E14,OnKillFocus,96,auto,yes,,,,
ACPIDriverDll,180137E74,OnLButtonDblClk,86,auto,yes,,,,
ACPIDriverDll,180137ECC,FUN_180137ecc,227,auto,no,,,,
ACPIDriverDll,180137FB0,FUN_180137fb0,402,auto,no,,,,
ACPIDriverDll,180138144,FUN_180138144,448,auto,no,,,,
ACPIDriverDll,180138304,OnSetCheck,117,auto,yes,,,,
ACPIDriverDll,18013837C,OnSetCursor,164,auto,yes,,,,
ACPIDriverDll,180138420,OnSetFont,66,auto,yes,,,,
ACPIDriverDll,180138464,OnSetImage,85,auto,yes,,,,
ACPIDriverDll,1801384D0,OnTimer,128,auto,yes,,,,
ACPIDriverDll,180138550,FUN_180138550,229,auto,no,,,,
ACPIDriverDll,180138638,PreCreateWindow,57,auto,yes,,,,
ACPIDriverDll,180138674,PreSubclassWindow,56,auto,yes,,,,
ACPIDriverDll,1801386AC,FUN_1801386ac,395,auto,no,,,,
ACPIDriverDll,180138838,FUN_180138838,128,auto,no,,,,
ACPIDriverDll,1801388BC,FUN_1801388bc,7,auto,no,,,,
ACPIDriverDll,1801388C4,SetImage,22,auto,yes,,,,
ACPIDriverDll,1801388DC,SetImageInternal,139,auto,yes,,,,
ACPIDriverDll,180138968,SetImageInternal,569,auto,yes,,,,
ACPIDriverDll,180138BA4,FUN_180138ba4,774,auto,no,,,,
ACPIDriverDll,180138EAC,SetMouseCursorHand,65,auto,yes,,,,
ACPIDriverDll,180138EF0,FUN_180138ef0,106,auto,no,,,,
ACPIDriverDll,180138F5C,FUN_180138f5c,203,auto,no,,,,
ACPIDriverDll,180139028,FUN_180139028,750,auto,no,,,,
ACPIDriverDll,18013931C,UncheckRadioButtonsInGroup,319,auto,yes,,,,
ACPIDriverDll,18013945C,FUN_18013945c,108,auto,no,,,,
ACPIDriverDll,1801394C8,CPtrArray,32,auto,yes,,,,
ACPIDriverDll,1801394E8,FUN_1801394e8,19,auto,no,,,,
ACPIDriverDll,1801394FC,FUN_1801394fc,80,auto,no,,,,
ACPIDriverDll,18013954C,FUN_18013954c,8,auto,no,,,,
ACPIDriverDll,180139554,FUN_180139554,276,auto,no,,,,
ACPIDriverDll,18013966C,FUN_18013966c,152,auto,no,,,,
ACPIDriverDll,180139708,FUN_180139708,76,auto,no,,,,
ACPIDriverDll,180139758,FUN_180139758,365,auto,no,,,,
ACPIDriverDll,1801398C8,FUN_1801398c8,23,auto,no,,,,
ACPIDriverDll,1801398E0,Attach,51,auto,yes,,,,
ACPIDriverDll,180139914,FUN_180139914,9,auto,no,,,,
ACPIDriverDll,180139920,EnsureClipboardObject,59,auto,yes,,,,
ACPIDriverDll,18013995C,FUN_18013995c,141,auto,no,,,,
ACPIDriverDll,1801399EC,FUN_1801399ec,687,auto,no,,,,
ACPIDriverDll,180139CAC,FUN_180139cac,97,auto,no,,,,
ACPIDriverDll,180139D10,FUN_180139d10,59,auto,no,,,,
ACPIDriverDll,180139D4C,COleDropTarget,211,auto,yes,,,,
ACPIDriverDll,180139E20,FUN_180139e20,24,auto,no,,,,
ACPIDriverDll,180139E38,~COleDropTarget,104,auto,yes,,,,
ACPIDriverDll,180139EA8,`scalar_deleting_destructor',66,auto,yes,,,,
ACPIDriverDll,180139EEC,FUN_180139eec,9,auto,no,,,,
ACPIDriverDll,180139EF8,FUN_180139ef8,354,auto,no,,,,
ACPIDriverDll,18013A064,FUN_18013a064,158,auto,no,,,,
ACPIDriverDll,18013A104,FUN_18013a104,292,auto,no,,,,
ACPIDriverDll,18013A230,FUN_18013a230,444,auto,no,,,,
ACPIDriverDll,18013A3F4,FUN_18013a3f4,8,auto,no,,,,
ACPIDriverDll,18013A3FC,FUN_18013a3fc,89,auto,no,,,,
ACPIDriverDll,18013A458,FUN_18013a458,53,auto,no,,,,
ACPIDriverDll,18013A490,FUN_18013a490,89,auto,no,,,,
ACPIDriverDll,18013A4EC,FUN_18013a4ec,662,auto,no,,,,
ACPIDriverDll,18013A784,FUN_18013a784,89,auto,no,,,,
ACPIDriverDll,18013A7E0,FUN_18013a7e0,104,auto,no,,,,
ACPIDriverDll,18013A848,FUN_18013a848,9,auto,no,,,,
ACPIDriverDll,18013A854,Register,144,auto,yes,,,,
ACPIDriverDll,18013A8E4,FUN_18013a8e4,9,auto,no,,,,
ACPIDriverDll,18013A8F0,Revoke,82,auto,yes,,,,
ACPIDriverDll,18013A944,_AfxFilterDropEffect,44,auto,yes,,,,
ACPIDriverDll,18013A970,CMDIClientAreaWnd,351,auto,yes,,,,
ACPIDriverDll,18013AAD0,FUN_18013aad0,103,auto,no,,,,
ACPIDriverDll,18013AB38,FUN_18013ab38,34,auto,no,,,,
ACPIDriverDll,18013AB5C,~CMap<>,34,auto,yes,,,,
ACPIDriverDll,18013AB80,FUN_18013ab80,395,auto,no,,,,
ACPIDriverDll,18013AD0C,`scalar_deleting_destructor',89,auto,yes,,,,
ACPIDriverDll,18013AD68,`scalar_deleting_destructor',89,auto,yes,,,,
ACPIDriverDll,18013ADC4,FUN_18013adc4,66,auto,no,,,,
ACPIDriverDll,18013AE08,FUN_18013ae08,477,auto,no,,,,
ACPIDriverDll,18013AFE8,FUN_18013afe8,321,auto,no,,,,
ACPIDriverDll,18013B12C,FUN_18013b12c,1147,auto,no,,,,
ACPIDriverDll,18013B5A8,FUN_18013b5a8,728,auto,no,,,,
ACPIDriverDll,18013B884,FUN_18013b884,297,auto,no,,,,
ACPIDriverDll,18013B9B0,FUN_18013b9b0,399,auto,no,,,,
ACPIDriverDll,18013BB40,FUN_18013bb40,738,auto,no,,,,
ACPIDriverDll,18013BE24,DrawNewGroupRect,264,auto,yes,,,,
ACPIDriverDll,18013BF2C,FUN_18013bf2c,900,auto,no,,,,
ACPIDriverDll,18013C2B4,FUN_18013c2b4,327,auto,no,,,,
ACPIDriverDll,18013C3FC,FUN_18013c3fc,69,auto,no,,,,
ACPIDriverDll,18013C444,FindActiveTabWndByActiveChild,57,auto,yes,,,,
ACPIDriverDll,18013C480,FindNextRegisteredWithTaskbarMDIChild,145,auto,yes,,,,
ACPIDriverDll,18013C514,FUN_18013c514,148,auto,no,,,,
ACPIDriverDll,18013C5A8,FUN_18013c5a8,139,auto,no,,,,
ACPIDriverDll,18013C634,FUN_18013c634,232,auto,no,,,,
ACPIDriverDll,18013C71C,FUN_18013c71c,8,auto,no,,,,
ACPIDriverDll,18013C724,FUN_18013c724,151,auto,no,,,,
ACPIDriverDll,18013C7BC,FUN_18013c7bc,60,auto,no,,,,
ACPIDriverDll,18013C7F8,FUN_18013c7f8,8,auto,no,,,,
ACPIDriverDll,18013C800,IsKeepClientEdge,139,auto,yes,,,,
ACPIDriverDll,18013C88C,IsMemberOfMDITabGroup,49,auto,yes,,,,
ACPIDriverDll,18013C8C0,FUN_18013c8c0,668,auto,no,,,,
ACPIDriverDll,18013CB70,Lookup,47,auto,yes,,,,
ACPIDriverDll,18013CBA0,FUN_18013cba0,467,auto,no,,,,
ACPIDriverDll,18013CD74,FUN_18013cd74,232,auto,no,,,,
ACPIDriverDll,18013CE5C,OnCancelTabMove,40,auto,yes,,,,
ACPIDriverDll,18013CE84,OnDragComplete,372,auto,yes,,,,
ACPIDriverDll,18013CFF8,FUN_18013cff8,253,auto,no,,,,
ACPIDriverDll,18013D0F8,FUN_18013d0f8,227,auto,no,,,,
ACPIDriverDll,18013D1DC,FUN_18013d1dc,905,auto,no,,,,
ACPIDriverDll,18013D568,FUN_18013d568,477,auto,no,,,,
ACPIDriverDll,18013D748,FUN_18013d748,146,auto,no,,,,
ACPIDriverDll,18013D7DC,FUN_18013d7dc,150,auto,no,,,,
ACPIDriverDll,18013D874,FUN_18013d874,523,auto,no,,,,
ACPIDriverDll,18013DA80,OnStyleChanging,57,auto,yes,,,,
ACPIDriverDll,18013DABC,FUN_18013dabc,952,auto,no,,,,
ACPIDriverDll,18013DE74,FUN_18013de74,18,auto,no,,,,
ACPIDriverDll,18013DE88,FUN_18013de88,46,auto,no,,,,
ACPIDriverDll,18013DEB8,RemoveKey,170,auto,yes,,,,
ACPIDriverDll,18013DF64,FUN_18013df64,468,auto,no,,,,
ACPIDriverDll,18013E138,FUN_18013e138,522,auto,no,,,,
ACPIDriverDll,18013E348,Serialize,236,auto,yes,,,,
ACPIDriverDll,18013E434,FUN_18013e434,1866,auto,no,,,,
ACPIDriverDll,18013EB8C,FUN_18013eb8c,1226,auto,no,,,,
ACPIDriverDll,18013F068,FUN_18013f068,2453,auto,no,,,,
ACPIDriverDll,18013FA10,FUN_18013fa10,3773,auto,no,,,,
ACPIDriverDll,1801408EC,FUN_1801408ec,432,auto,no,,,,
ACPIDriverDll,180140A9C,FUN_180140a9c,163,auto,no,,,,
ACPIDriverDll,180140B40,FUN_180140b40,1584,auto,no,,,,
ACPIDriverDll,180141178,FUN_180141178,1602,auto,no,,,,
ACPIDriverDll,1801417C0,CUIntArray,32,auto,yes,,,,
ACPIDriverDll,1801417E0,FUN_1801417e0,19,auto,no,,,,
ACPIDriverDll,1801417F4,FUN_1801417f4,80,auto,no,,,,
ACPIDriverDll,180141844,FUN_180141844,8,auto,no,,,,
ACPIDriverDll,18014184C,FUN_18014184c,75,auto,no,,,,
ACPIDriverDll,180141898,FUN_180141898,365,auto,no,,,,
ACPIDriverDll,180141A08,FUN_180141a08,172,auto,no,,,,
ACPIDriverDll,180141AB8,FUN_180141ab8,105,auto,no,,,,
ACPIDriverDll,180141B24,FUN_180141b24,265,auto,no,,,,
ACPIDriverDll,180141C30,FUN_180141c30,382,auto,no,,,,
ACPIDriverDll,180141DB4,FUN_180141db4,94,auto,no,,,,
ACPIDriverDll,180141E14,FUN_180141e14,446,auto,no,,,,
ACPIDriverDll,180141FD8,CMFCCustomizeMenuButton,83,auto,yes,,,,
ACPIDriverDll,18014202C,FID_conflict:CMFCShowAllButton,33,auto,yes,,,,
ACPIDriverDll,180142050,FUN_180142050,15,auto,no,,,,
ACPIDriverDll,180142060,FUN_180142060,76,auto,no,,,,
ACPIDriverDll,1801420AC,CopyFrom,116,auto,yes,,,,
ACPIDriverDll,180142120,CreateObject,49,auto,yes,,,,
ACPIDriverDll,180142154,FUN_180142154,308,auto,no,,,,
ACPIDriverDll,180142288,FUN_180142288,8,auto,no,,,,
ACPIDriverDll,180142290,FUN_180142290,1122,auto,no,,,,
ACPIDriverDll,1801426F4,FUN_1801426f4,931,auto,no,,,,
ACPIDriverDll,180142A98,FUN_180142a98,869,auto,no,,,,
ACPIDriverDll,180142E00,SetItemIndex,115,auto,yes,,,,
ACPIDriverDll,180142E74,UpdateCustomizeButton,103,auto,yes,,,,
ACPIDriverDll,180142EDC,CMFCAcceleratorKey,18,auto,yes,,,,
ACPIDriverDll,180142EF0,FUN_180142ef0,11,auto,no,,,,
ACPIDriverDll,180142EFC,FUN_180142efc,55,auto,no,,,,
ACPIDriverDll,180142F34,FUN_180142f34,460,auto,no,,,,
ACPIDriverDll,180143104,FUN_180143104,187,auto,no,,,,
ACPIDriverDll,1801431C0,CStringArray,32,auto,yes,,,,
ACPIDriverDll,1801431E0,~CStringArray,99,auto,yes,,,,
ACPIDriverDll,180143244,`scalar_deleting_destructor',66,auto,yes,,,,
ACPIDriverDll,180143288,Copy,97,auto,yes,,,,
ACPIDriverDll,1801432EC,CreateObject,62,auto,yes,,,,
ACPIDriverDll,18014332C,FUN_18014332c,8,auto,no,,,,
ACPIDriverDll,180143334,FUN_180143334,184,auto,no,,,,
ACPIDriverDll,1801433F0,Serialize,149,auto,yes,,,,
ACPIDriverDll,180143488,FUN_180143488,113,auto,no,,,,
ACPIDriverDll,1801434FC,FUN_1801434fc,116,auto,no,,,,
ACPIDriverDll,180143574,FUN_180143574,381,auto,no,,,,
ACPIDriverDll,1801436F4,FUN_1801436f4,100,auto,no,,,,
ACPIDriverDll,18014375C,FUN_18014375c,90,auto,no,,,,
ACPIDriverDll,1801437B8,FUN_1801437b8,199,auto,no,,,,
ACPIDriverDll,180143880,FUN_180143880,66,auto,no,,,,
ACPIDriverDll,1801438C4,FUN_1801438c4,52,auto,no,,,,
ACPIDriverDll,1801438F8,OnGetMinMaxInfo,31,auto,yes,,,,
ACPIDriverDll,180143918,FUN_180143918,682,auto,no,,,,
ACPIDriverDll,180143BC4,CMDIChildWnd,48,auto,yes,,,,
ACPIDriverDll,180143BF4,FUN_180143bf4,41,auto,no,,,,
ACPIDriverDll,180143C20,FUN_180143c20,66,auto,no,,,,
ACPIDriverDll,180143C64,FUN_180143c64,66,auto,no,,,,
ACPIDriverDll,180143CA8,ActivateFrame,344,auto,yes,,,,
ACPIDriverDll,180143E00,FUN_180143e00,520,auto,no,,,,
ACPIDriverDll,18014400C,CreateClient,200,auto,yes,,,,
ACPIDriverDll,1801440D4,CreateObject,49,auto,yes,,,,
ACPIDriverDll,180144108,CreateObject,49,auto,yes,,,,
ACPIDriverDll,18014413C,FUN_18014413c,11,auto,no,,,,
ACPIDriverDll,180144148,FUN_180144148,37,auto,no,,,,
ACPIDriverDll,180144170,FUN_180144170,38,auto,no,,,,
ACPIDriverDll,180144198,FUN_180144198,203,auto,no,,,,
ACPIDriverDll,180144264,GetActiveFrame,29,auto,yes,,,,
ACPIDriverDll,180144284,GetMDIFrame,35,auto,yes,,,,
ACPIDriverDll,1801442A8,FUN_1801442a8,36,auto,no,,,,
ACPIDriverDll,1801442CC,FUN_1801442cc,8,auto,no,,,,
ACPIDriverDll,1801442D4,FUN_1801442d4,8,auto,no,,,,
ACPIDriverDll,1801442DC,FUN_1801442dc,8,auto,no,,,,
ACPIDriverDll,1801442E4,FUN_1801442e4,8,auto,no,,,,
ACPIDriverDll,1801442EC,FUN_1801442ec,87,auto,no,,,,
ACPIDriverDll,180144344,GetWindowMenuPopup,153,auto,yes,,,,
ACPIDriverDll,1801443E0,FUN_1801443e0,464,auto,no,,,,
ACPIDriverDll,1801445B4,LoadFrame,56,auto,yes,,,,
ACPIDriverDll,1801445EC,MDIGetActive,115,auto,yes,,,,
ACPIDriverDll,180144660,FUN_180144660,287,auto,no,,,,
ACPIDriverDll,180144780,FUN_180144780,163,auto,no,,,,
ACPIDriverDll,180144824,FUN_180144824,206,auto,no,,,,
ACPIDriverDll,1801448F4,FUN_1801448f4,12,auto,no,,,,
ACPIDriverDll,180144900,FUN_180144900,124,auto,no,,,,
ACPIDriverDll,18014497C,OnDestroy,29,auto,yes,,,,
ACPIDriverDll,18014499C,OnDestroy,85,auto,yes,,,,
ACPIDriverDll,1801449F4,FUN_1801449f4,48,auto,no,,,,
ACPIDriverDll,180144A24,FUN_180144a24,319,auto,no,,,,
ACPIDriverDll,180144B64,OnMDIWindowCmd,85,auto,yes,,,,
ACPIDriverDll,180144BBC,OnMenuChar,23,auto,yes,,,,
ACPIDriverDll,180144BD4,FUN_180144bd4,115,auto,no,,,,
ACPIDriverDll,180144C48,FUN_180144c48,82,auto,no,,,,
ACPIDriverDll,180144C9C,FUN_180144c9c,55,auto,no,,,,
ACPIDriverDll,180144CD4,FUN_180144cd4,35,auto,no,,,,
ACPIDriverDll,180144CF8,OnToolTipText,86,auto,yes,,,,
ACPIDriverDll,180144D50,FUN_180144d50,231,auto,no,,,,
ACPIDriverDll,180144E38,FUN_180144e38,110,auto,no,,,,
ACPIDriverDll,180144EA8,FUN_180144ea8,341,auto,no,,,,
ACPIDriverDll,180145004,FUN_180145004,402,auto,no,,,,
ACPIDriverDll,180145198,FUN_180145198,56,auto,no,,,,
ACPIDriverDll,1801451D0,FUN_1801451d0,159,auto,no,,,,
ACPIDriverDll,180145270,OnWindowPosChanging,188,auto,yes,,,,
ACPIDriverDll,18014532C,PreCreateWindow,5,auto,yes,,,,
ACPIDriverDll,180145334,PreCreateWindow,48,auto,yes,,,,
ACPIDriverDll,180145364,FUN_180145364,174,auto,no,,,,
ACPIDriverDll,180145414,FUN_180145414,254,auto,no,,,,
ACPIDriverDll,180145514,FUN_180145514,15,auto,no,,,,
ACPIDriverDll,180145524,FUN_180145524,17,auto,no,,,,
ACPIDriverDll,180145538,FUN_180145538,19,auto,no,,,,
ACPIDriverDll,18014554C,FUN_18014554c,321,auto,no,,,,
ACPIDriverDll,180145690,CPreviewViewEx,167,auto,yes,,,,
ACPIDriverDll,180145738,FUN_180145738,126,auto,no,,,,
ACPIDriverDll,1801457B8,`scalar_deleting_destructor',66,auto,yes,,,,
ACPIDriverDll,1801457FC,CreateObject,49,auto,yes,,,,
ACPIDriverDll,180145830,FUN_180145830,8,auto,no,,,,
ACPIDriverDll,180145838,FUN_180145838,8,auto,no,,,,
ACPIDriverDll,180145840,FUN_180145840,8,auto,no,,,,
ACPIDriverDll,180145848,FUN_180145848,8,auto,no,,,,
ACPIDriverDll,180145850,FUN_180145850,780,auto,no,,,,
ACPIDriverDll,180145B5C,OnDestroy,75,auto,yes,,,,
ACPIDriverDll,180145BA8,FUN_180145ba8,410,auto,no,,,,
ACPIDriverDll,180145D48,FUN_180145d48,147,auto,no,,,,
ACPIDriverDll,180145DDC,OnSize,27,auto,yes,,,,
ACPIDriverDll,180145DF8,thunk_FUN_180054898,5,auto,no,,,,
ACPIDriverDll,180145E00,FUN_180145e00,336,auto,no,,,,
ACPIDriverDll,180145F50,FUN_180145f50,404,auto,no,,,,
ACPIDriverDll,1801460E4,FUN_1801460e4,111,auto,no,,,,
ACPIDriverDll,180146154,GetInPlaceWindow,77,auto,yes,,,,
ACPIDriverDll,1801461A4,CView,38,auto,yes,,,,
ACPIDriverDll,1801461CC,FUN_1801461cc,35,auto,no,,,,
ACPIDriverDll,1801461F0,~CView,175,auto,yes,,,,
ACPIDriverDll,1801462B4,FUN_1801462b4,139,auto,no,,,,
ACPIDriverDll,180146340,FUN_180146340,149,auto,no,,,,
ACPIDriverDll,1801463E0,FUN_1801463e0,35,auto,no,,,,
ACPIDriverDll,180146404,FUN_180146404,256,auto,no,,,,
ACPIDriverDll,180146504,OnCreate,68,auto,yes,,,,
ACPIDriverDll,180146548,OnDestroy,71,auto,yes,,,,
ACPIDriverDll,180146590,FUN_180146590,6,auto,no,,,,
ACPIDriverDll,180146598,FUN_180146598,310,auto,no,,,,
ACPIDriverDll,1801466D0,FUN_1801466d0,33,auto,no,,,,
ACPIDriverDll,1801466F4,FUN_1801466f4,171,auto,no,,,,
ACPIDriverDll,1801467A0,FUN_1801467a0,61,auto,no,,,,
ACPIDriverDll,1801467E0,FUN_1801467e0,140,auto,no,,,,
ACPIDriverDll,18014686C,OnPrepareDC,45,auto,yes,,,,
ACPIDriverDll,18014689C,FUN_18014689c,17,auto,no,,,,
ACPIDriverDll,1801468B0,FUN_1801468b0,105,auto,no,,,,
ACPIDriverDll,18014691C,FUN_18014691c,45,auto,no,,,,
ACPIDriverDll,18014694C,FUN_18014694c,17,auto,no,,,,
ACPIDriverDll,180146960,FUN_180146960,98,auto,no,,,,
ACPIDriverDll,1801469C4,FUN_1801469c4,78,auto,no,,,,
ACPIDriverDll,180146A14,PreCreateWindow,69,auto,yes,,,,
ACPIDriverDll,180146A5C,CDocItem,38,auto,yes,,,,
ACPIDriverDll,180146A84,FUN_180146a84,76,auto,no,,,,
ACPIDriverDll,180146AD0,CreateObject,49,auto,yes,,,,
ACPIDriverDll,180146B04,FUN_180146b04,8,auto,no,,,,
ACPIDriverDll,180146B0C,FUN_180146b0c,51,auto,no,,,,
ACPIDriverDll,180146B40,~_AFX_RICHEDIT_STATE,77,auto,yes,,,,
ACPIDriverDll,180146B90,`scalar_deleting_destructor',66,auto,yes,,,,
ACPIDriverDll,180146BD4,FUN_180146bd4,88,auto,no,,,,
ACPIDriverDll,180146C30,FUN_180146c30,120,auto,no,,,,
ACPIDriverDll,180146CA8,CreateObject,69,auto,yes,,,,
ACPIDriverDll,180146CF0,FUN_180146cf0,41,auto,no,,,,
ACPIDriverDll,180146D1C,FUN_180146d1c,275,auto,no,,,,
ACPIDriverDll,180146E30,FUN_180146e30,242,auto,no,,,,
ACPIDriverDll,180146F24,CMFCToolBarComboBoxEdit,59,auto,yes,,,,
ACPIDriverDll,180146F60,FUN_180146f60,238,auto,no,,,,
ACPIDriverDll,180147050,`scalar_deleting_destructor',89,auto,yes,,,,
ACPIDriverDll,1801470AC,FUN_1801470ac,66,auto,no,,,,
ACPIDriverDll,1801470F0,`scalar_deleting_destructor',76,auto,yes,,,,
ACPIDriverDll,18014713C,FUN_18014713c,347,auto,no,,,,
ACPIDriverDll,180147298,FUN_180147298,554,auto,no,,,,
ACPIDriverDll,1801474C4,FUN_1801474c4,749,auto,no,,,,
ACPIDriverDll,1801477B4,FUN_1801477b4,11,auto,no,,,,
ACPIDriverDll,1801477C0,FUN_1801477c0,267,auto,no,,,,
ACPIDriverDll,1801478CC,FUN_1801478cc,173,auto,no,,,,
ACPIDriverDll,18014797C,FUN_18014797c,157,auto,no,,,,
ACPIDriverDll,180147A1C,FUN_180147a1c,49,auto,no,,,,
ACPIDriverDll,180147A50,FUN_180147a50,298,auto,no,,,,
ACPIDriverDll,180147B7C,FUN_180147b7c,96,auto,no,,,,
ACPIDriverDll,180147BE0,FUN_180147be0,8,auto,no,,,,
ACPIDriverDll,180147BE8,FUN_180147be8,101,auto,no,,,,
ACPIDriverDll,180147C50,FUN_180147c50,171,auto,no,,,,
ACPIDriverDll,180147CFC,FUN_180147cfc,8,auto,no,,,,
ACPIDriverDll,180147D04,FUN_180147d04,61,auto,no,,,,
ACPIDriverDll,180147D44,FUN_180147d44,8,auto,no,,,,
ACPIDriverDll,180147D4C,FUN_180147d4c,196,auto,no,,,,
ACPIDriverDll,180147E10,Initialize,105,auto,yes,,,,
ACPIDriverDll,180147E7C,InsertBefore,93,auto,yes,,,,
ACPIDriverDll,180147EDC,FUN_180147edc,1247,auto,no,,,,
ACPIDriverDll,1801483C0,FUN_1801483c0,93,auto,no,,,,
ACPIDriverDll,180148420,FUN_180148420,763,auto,no,,,,
ACPIDriverDll,18014873C,FUN_18014873c,1549,auto,no,,,,
ACPIDriverDll,180148D50,FUN_180148d50,149,auto,no,,,,
ACPIDriverDll,180148DE8,FUN_180148de8,271,auto,no,,,,
ACPIDriverDll,180148EF8,FUN_180148ef8,159,auto,no,,,,
ACPIDriverDll,180148F98,FUN_180148f98,1300,auto,no,,,,
ACPIDriverDll,1801494AC,FUN_1801494ac,370,auto,no,,,,
ACPIDriverDll,180149620,FUN_180149620,185,auto,no,,,,
ACPIDriverDll,1801496DC,FUN_1801496dc,95,auto,no,,,,
ACPIDriverDll,18014973C,OnMouseLeave,55,auto,yes,,,,
ACPIDriverDll,180149774,OnMouseMove,92,auto,yes,,,,
ACPIDriverDll,1801497D0,FUN_1801497d0,33,auto,no,,,,
ACPIDriverDll,1801497F4,FUN_1801497f4,681,auto,no,,,,
ACPIDriverDll,180149AA0,FUN_180149aa0,65,auto,no,,,,
ACPIDriverDll,180149AE4,FUN_180149ae4,151,auto,no,,,,
ACPIDriverDll,180149B7C,FUN_180149b7c,45,auto,no,,,,
ACPIDriverDll,180149BAC,FUN_180149bac,339,auto,no,,,,
ACPIDriverDll,180149D00,FUN_180149d00,921,auto,no,,,,
ACPIDriverDll,18014A09C,FUN_18014a09c,434,auto,no,,,,
ACPIDriverDll,18014A250,FUN_18014a250,1488,auto,no,,,,
ACPIDriverDll,18014A82C,FUN_18014a82c,208,auto,no,,,,
ACPIDriverDll,18014A8FC,SetHotEdit,142,auto,yes,,,,
ACPIDriverDll,18014A98C,FUN_18014a98c,184,auto,no,,,,
ACPIDriverDll,18014AA44,CMFCSpinButtonCtrl,55,auto,yes,,,,
ACPIDriverDll,18014AA7C,FUN_18014aa7c,15,auto,no,,,,
ACPIDriverDll,18014AA8C,FID_conflict:`scalar_deleting_destructor',76,auto,yes,,,,
ACPIDriverDll,18014AAD8,FUN_18014aad8,8,auto,no,,,,
ACPIDriverDll,18014AAE0,FUN_18014aae0,36,auto,no,,,,
ACPIDriverDll,18014AB04,FUN_18014ab04,396,auto,no,,,,
ACPIDriverDll,18014AC90,FUN_18014ac90,199,auto,no,,,,
ACPIDriverDll,18014AD70,OnMouseLeave,77,auto,yes,,,,
ACPIDriverDll,18014ADC0,FUN_18014adc0,351,auto,no,,,,
ACPIDriverDll,18014AF20,FUN_18014af20,163,auto,no,,,,
ACPIDriverDll,18014AFC4,CMFCTasksPaneFrameWnd,40,auto,yes,,,,
ACPIDriverDll,18014AFEC,`scalar_deleting_destructor',76,auto,yes,,,,
ACPIDriverDll,18014B038,AddButton,239,auto,yes,,,,
ACPIDriverDll,18014B128,FUN_18014b128,34,auto,no,,,,
ACPIDriverDll,18014B14C,CreateObject,49,auto,yes,,,,
ACPIDriverDll,18014B180,FUN_18014b180,8,auto,no,,,,
ACPIDriverDll,18014B188,FUN_18014b188,8,auto,no,,,,
ACPIDriverDll,18014B190,thunk_FUN_18005cb10,5,auto,no,,,,
ACPIDriverDll,18014B198,FUN_18014b198,158,auto,no,,,,
ACPIDriverDll,18014B238,FUN_18014b238,329,auto,no,,,,
ACPIDriverDll,18014B384,FUN_18014b384,300,auto,no,,,,
ACPIDriverDll,18014B4B4,FUN_18014b4b4,192,auto,no,,,,
ACPIDriverDll,18014B574,FUN_18014b574,23,auto,no,,,,
ACPIDriverDll,18014B58C,FUN_18014b58c,304,auto,no,,,,
ACPIDriverDll,18014B6BC,StopCaptionButtonsTracking,23,auto,yes,,,,
ACPIDriverDll,18014B6D4,FUN_18014b6d4,139,auto,no,,,,
ACPIDriverDll,18014B760,FUN_18014b760,59,auto,no,,,,
ACPIDriverDll,18014B79C,FUN_18014b79c,142,auto,no,,,,
ACPIDriverDll,18014B82C,FUN_18014b82c,66,auto,no,,,,
ACPIDriverDll,18014B870,FUN_18014b870,76,auto,no,,,,
ACPIDriverDll,18014B8BC,CopyFrom,87,auto,yes,,,,
ACPIDriverDll,18014B914,FUN_18014b914,160,auto,no,,,,
ACPIDriverDll,18014B9B4,FUN_18014b9b4,49,auto,no,,,,
ACPIDriverDll,18014B9E8,FUN_18014b9e8,112,auto,no,,,,
ACPIDriverDll,18014BA5C,FUN_18014ba5c,19,auto,no,,,,
ACPIDriverDll,18014BA70,GetInvalidateRect,128,auto,yes,,,,
ACPIDriverDll,18014BAF0,FUN_18014baf0,8,auto,no,,,,
ACPIDriverDll,18014BAF8,FUN_18014baf8,8,auto,no,,,,
ACPIDriverDll,18014BB00,HaveHotBorder,50,auto,yes,,,,
ACPIDriverDll,18014BB34,FUN_18014bb34,243,auto,no,,,,
ACPIDriverDll,18014BC28,FUN_18014bc28,408,auto,no,,,,
ACPIDriverDll,18014BDC0,FUN_18014bdc0,609,auto,no,,,,
ACPIDriverDll,18014C024,OnClick,50,auto,yes,,,,
ACPIDriverDll,18014C058,FUN_18014c058,271,auto,no,,,,
ACPIDriverDll,18014C168,FUN_18014c168,613,auto,no,,,,
ACPIDriverDll,18014C3D0,OnDrawOnCustomizeList,227,auto,yes,,,,
ACPIDriverDll,18014C4B4,FUN_18014c4b4,99,auto,no,,,,
ACPIDriverDll,18014C518,OnKillFocus,33,auto,yes,,,,
ACPIDriverDll,18014C53C,OnMouseLeave,55,auto,yes,,,,
ACPIDriverDll,18014C574,OnMouseMove,92,auto,yes,,,,
ACPIDriverDll,18014C5D0,FUN_18014c5d0,228,auto,no,,,,
ACPIDriverDll,18014C6B4,OnSetFocus,36,auto,yes,,,,
ACPIDriverDll,18014C6D8,FUN_18014c6d8,105,auto,no,,,,
ACPIDriverDll,18014C744,FUN_18014c744,26,auto,no,,,,
ACPIDriverDll,18014C760,FUN_18014c760,241,auto,no,,,,
ACPIDriverDll,18014C854,PreTranslateMessage,292,auto,yes,,,,
ACPIDriverDll,18014C978,FUN_18014c978,555,auto,no,,,,
ACPIDriverDll,18014CBA8,FUN_18014cba8,136,auto,no,,,,
ACPIDriverDll,18014CC30,FUN_18014cc30,122,auto,no,,,,
ACPIDriverDll,18014CCAC,SetHotEdit,139,auto,yes,,,,
ACPIDriverDll,18014CD38,FUN_18014cd38,111,auto,no,,,,
ACPIDriverDll,18014CDA8,FUN_18014cda8,658,auto,no,,,,
ACPIDriverDll,18014D040,FUN_18014d040,294,auto,no,,,,
ACPIDriverDll,18014D168,`scalar_deleting_destructor',66,auto,yes,,,,
ACPIDriverDll,18014D1AC,FUN_18014d1ac,105,auto,no,,,,
ACPIDriverDll,18014D218,CreateObject,54,auto,yes,,,,
ACPIDriverDll,18014D250,DoDataExchange,326,auto,yes,,,,
ACPIDriverDll,18014D398,FUN_18014d398,8,auto,no,,,,
ACPIDriverDll,18014D3A0,FUN_18014d3a0,8,auto,no,,,,
ACPIDriverDll,18014D3A8,FUN_18014d3a8,299,auto,no,,,,
ACPIDriverDll,18014D4D4,FUN_18014d4d4,2155,auto,no,,,,
ACPIDriverDll,18014DD50,FUN_18014dd50,874,auto,no,,,,
ACPIDriverDll,18014E0BC,FUN_18014e0bc,479,auto,no,,,,
ACPIDriverDll,18014E2A0,FUN_18014e2a0,428,auto,no,,,,
ACPIDriverDll,18014E450,FUN_18014e450,560,auto,no,,,,
ACPIDriverDll,18014E684,FUN_18014e684,143,auto,no,,,,
ACPIDriverDll,18014E714,FUN_18014e714,232,auto,no,,,,
ACPIDriverDll,18014E7FC,CObArray,32,auto,yes,,,,
ACPIDriverDll,18014E81C,FUN_18014e81c,19,auto,no,,,,
ACPIDriverDll,18014E830,FUN_18014e830,80,auto,no,,,,
ACPIDriverDll,18014E880,CreateObject,62,auto,yes,,,,
ACPIDriverDll,18014E8C0,FUN_18014e8c0,8,auto,no,,,,
ACPIDriverDll,18014E8C8,Serialize,161,auto,yes,,,,
ACPIDriverDll,18014E96C,FUN_18014e96c,134,auto,no,,,,
ACPIDriverDll,18014E9F4,FUN_18014e9f4,82,auto,no,,,,
ACPIDriverDll,18014EA48,FUN_18014ea48,66,auto,no,,,,
ACPIDriverDll,18014EA8C,FUN_18014ea8c,206,auto,no,,,,
ACPIDriverDll,18014EB5C,Deactivate,62,auto,yes,,,,
ACPIDriverDll,18014EB9C,FUN_18014eb9c,8,auto,no,,,,
ACPIDriverDll,18014EBA4,FUN_18014eba4,8,auto,no,,,,
ACPIDriverDll,18014EBAC,FUN_18014ebac,28,auto,no,,,,
ACPIDriverDll,18014EBC8,FUN_18014ebc8,742,auto,no,,,,
ACPIDriverDll,18014EEB0,OnSetFont,66,auto,yes,,,,
ACPIDriverDll,18014EEF4,FUN_18014eef4,199,auto,no,,,,
ACPIDriverDll,18014EFBC,FUN_18014efbc,910,auto,no,,,,
ACPIDriverDll,18014F34C,FUN_18014f34c,8,auto,no,,,,
ACPIDriverDll,18014F354,FUN_18014f354,8,auto,no,,,,
ACPIDriverDll,18014F35C,FUN_18014f35c,24,auto,no,,,,
ACPIDriverDll,18014F374,FUN_18014f374,37,auto,no,,,,
ACPIDriverDll,18014F39C,FUN_18014f39c,581,auto,no,,,,
ACPIDriverDll,18014F5E4,CColorDialog,176,auto,yes,,,,
ACPIDriverDll,18014F694,_AFX_COLOR_STATE,37,auto,yes,,,,
ACPIDriverDll,18014F6BC,`scalar_deleting_destructor',76,auto,yes,,,,
ACPIDriverDll,18014F708,`scalar_deleting_destructor',45,auto,yes,,,,
ACPIDriverDll,18014F738,CreateObject,39,auto,yes,,,,
ACPIDriverDll,18014F760,DoModal,71,auto,yes,,,,
ACPIDriverDll,18014F7A8,FUN_18014f7a8,8,auto,no,,,,
ACPIDriverDll,18014F7B0,FUN_18014f7b0,42,auto,no,,,,
ACPIDriverDll,18014F7DC,FUN_18014f7dc,198,auto,no,,,,
ACPIDriverDll,18014F8A4,CMFCColorDialog,218,auto,yes,,,,
ACPIDriverDll,18014F980,FUN_18014f980,33,auto,no,,,,
ACPIDriverDll,18014F9A4,FUN_18014f9a4,162,auto,no,,,,
ACPIDriverDll,18014FA48,`scalar_deleting_destructor',66,auto,yes,,,,
ACPIDriverDll,18014FA8C,FUN_18014fa8c,76,auto,no,,,,
ACPIDriverDll,18014FAD8,FUN_18014fad8,292,auto,no,,,,
ACPIDriverDll,18014FBFC,DoDataExchange,86,auto,yes,,,,
ACPIDriverDll,18014FC54,FUN_18014fc54,8,auto,no,,,,
ACPIDriverDll,18014FC5C,FUN_18014fc5c,8,auto,no,,,,
ACPIDriverDll,18014FC64,FUN_18014fc64,467,auto,no,,,,
ACPIDriverDll,18014FE38,FUN_18014fe38,86,auto,no,,,,
ACPIDriverDll,18014FE90,FUN_18014fe90,1181,auto,no,,,,
ACPIDriverDll,180150330,FUN_180150330,86,auto,no,,,,
ACPIDriverDll,180150388,FUN_180150388,113,auto,no,,,,
ACPIDriverDll,1801503FC,OnMouseMove,118,auto,yes,,,,
ACPIDriverDll,180150474,FUN_180150474,121,auto,no,,,,
ACPIDriverDll,1801504F0,FUN_1801504f0,45,auto,no,,,,
ACPIDriverDll,180150520,FUN_180150520,287,auto,no,,,,
ACPIDriverDll,180150640,FUN_180150640,351,auto,no,,,,
ACPIDriverDll,1801507A0,FUN_1801507a0,160,auto,no,,,,
ACPIDriverDll,180150844,FUN_180150844,154,auto,no,,,,
ACPIDriverDll,1801508E0,SetPageOne,99,auto,yes,,,,
ACPIDriverDll,180150944,FUN_180150944,12,auto,no,,,,
ACPIDriverDll,180150950,FUN_180150950,452,auto,no,,,,
ACPIDriverDll,180150B1C,FUN_180150b1c,36,auto,no,,,,
ACPIDriverDll,180150B40,FUN_180150b40,298,auto,no,,,,
ACPIDriverDll,180150C6C,FUN_180150c6c,66,auto,no,,,,
ACPIDriverDll,180150CB0,`scalar_deleting_destructor',66,auto,yes,,,,
ACPIDriverDll,180150CF4,CommonInit,171,auto,yes,,,,
ACPIDriverDll,180150DA0,FUN_180150da0,613,auto,no,,,,
ACPIDriverDll,180151008,FUN_180151008,83,auto,no,,,,
ACPIDriverDll,18015105C,FUN_18015105c,49,auto,no,,,,
ACPIDriverDll,180151090,CreateObject,110,auto,yes,,,,
ACPIDriverDll,180151100,FUN_180151100,606,auto,no,,,,
ACPIDriverDll,180151360,FUN_180151360,81,auto,no,,,,
ACPIDriverDll,1801513B4,FUN_1801513b4,268,auto,no,,,,
ACPIDriverDll,1801514C4,FUN_1801514c4,8,auto,no,,,,
ACPIDriverDll,1801514CC,FUN_1801514cc,8,auto,no,,,,
ACPIDriverDll,1801514D4,FUN_1801514d4,7,auto,no,,,,
ACPIDriverDll,1801514DC,NotifyHighlightListItem,46,auto,yes,,,,
ACPIDriverDll,18015150C,OnClickPaletteIcon,63,auto,yes,,,,
ACPIDriverDll,18015154C,FUN_18015154c,282,auto,no,,,,
ACPIDriverDll,180151668,FUN_180151668,827,auto,no,,,,
ACPIDriverDll,1801519A4,FUN_1801519a4,443,auto,no,,,,
ACPIDriverDll,180151B60,FUN_180151b60,739,auto,no,,,,
ACPIDriverDll,180151E44,FUN_180151e44,200,auto,no,,,,
ACPIDriverDll,180151F10,FUN_180151f10,351,auto,no,,,,
ACPIDriverDll,180152070,SetPalette,97,auto,yes,,,,
ACPIDriverDll,1801520D4,FUN_1801520d4,377,auto,no,,,,
ACPIDriverDll,180152250,FUN_180152250,302,auto,no,,,,
ACPIDriverDll,180152380,CMFCColorPopupMenu,236,auto,yes,,,,
ACPIDriverDll,18015246C,FUN_18015246c,200,auto,no,,,,
ACPIDriverDll,180152534,`scalar_deleting_destructor',89,auto,yes,,,,
ACPIDriverDll,180152590,FUN_180152590,66,auto,no,,,,
ACPIDriverDll,1801525D4,FUN_1801525d4,66,auto,no,,,,
ACPIDriverDll,180152618,FUN_180152618,341,auto,no,,,,
ACPIDriverDll,180152770,FUN_180152770,49,auto,no,,,,
ACPIDriverDll,1801527A4,FUN_1801527a4,361,auto,no,,,,
ACPIDriverDll,180152910,FUN_180152910,8,auto,no,,,,
ACPIDriverDll,180152918,OnChangeParentWnd,125,auto,yes,,,,
ACPIDriverDll,180152998,FUN_180152998,1057,auto,no,,,,
ACPIDriverDll,180152DBC,OnDrawOnCustomizeList,117,auto,yes,,,,
ACPIDriverDll,180152E34,FUN_180152e34,223,auto,no,,,,
ACPIDriverDll,180152F14,FUN_180152f14,1934,auto,no,,,,
ACPIDriverDll,1801536B8,FUN_1801536b8,319,auto,no,,,,
ACPIDriverDll,1801537FC,`scalar_deleting_destructor',89,auto,yes,,,,
ACPIDriverDll,180153858,CMFCRibbonMiniToolBar,118,auto,yes,,,,
ACPIDriverDll,1801538D0,~CMFCRibbonMiniToolBar,45,auto,yes,,,,
ACPIDriverDll,180153900,`scalar_deleting_destructor',66,auto,yes,,,,
ACPIDriverDll,180153944,CreateObject,49,auto,yes,,,,
ACPIDriverDll,180153978,FUN_180153978,8,auto,no,,,,
ACPIDriverDll,180153980,FUN_180153980,8,auto,no,,,,
ACPIDriverDll,180153988,OnCreate,107,auto,yes,,,,
ACPIDriverDll,1801539F4,OnTimer,134,auto,yes,,,,
ACPIDriverDll,180153A7C,FUN_180153a7c,444,auto,no,,,,
ACPIDriverDll,180153C38,CMFCShellListCtrl,83,auto,yes,,,,
ACPIDriverDll,180153C8C,operator=,108,auto,yes,,,,
ACPIDriverDll,180153CF8,`scalar_deleting_destructor',76,auto,yes,,,,
ACPIDriverDll,180153D44,FUN_180153d44,412,auto,no,,,,
ACPIDriverDll,180153EE0,FUN_180153ee0,189,auto,no,,,,
ACPIDriverDll,180153FA0,FUN_180153fa0,214,auto,no,,,,
ACPIDriverDll,180154078,FUN_180154078,601,auto,no,,,,
ACPIDriverDll,1801542D4,FUN_1801542d4,640,auto,no,,,,
ACPIDriverDll,180154554,FUN_180154554,145,auto,no,,,,
ACPIDriverDll,1801545E8,FUN_1801545e8,8,auto,no,,,,
ACPIDriverDll,1801545F0,FUN_1801545f0,8,auto,no,,,,
ACPIDriverDll,1801545F8,GetRelatedTree,47,auto,yes,,,,
ACPIDriverDll,180154628,FUN_180154628,8,auto,no,,,,
ACPIDriverDll,180154630,GetShellImageList,121,auto,yes,,,,
ACPIDriverDll,1801546AC,FUN_1801546ac,276,auto,no,,,,
ACPIDriverDll,1801547C0,FUN_1801547c0,173,auto,no,,,,
ACPIDriverDll,180154870,FUN_180154870,518,auto,no,,,,
ACPIDriverDll,180154A78,FUN_180154a78,1157,auto,no,,,,
ACPIDriverDll,180154F00,FUN_180154f00,44,auto,no,,,,
ACPIDriverDll,180154F2C,FUN_180154f2c,85,auto,no,,,,
ACPIDriverDll,180154F84,FUN_180154f84,108,auto,no,,,,
ACPIDriverDll,180154FF4,OnDestroy,48,auto,yes,,,,
ACPIDriverDll,180155024,FUN_180155024,134,auto,no,,,,
ACPIDriverDll,1801550AC,OnFormatFileSize,101,auto,yes,,,,
ACPIDriverDll,180155114,FUN_180155114,22,auto,no,,,,
ACPIDriverDll,18015512C,FUN_18015512c,22,auto,no,,,,
ACPIDriverDll,180155144,OnGetItemIcon,109,auto,yes,,,,
ACPIDriverDll,1801551B4,FUN_1801551b4,502,auto,no,,,,
ACPIDriverDll,1801553AC,FUN_1801553ac,336,auto,no,,,,
ACPIDriverDll,180155500,FUN_180155500,355,auto,no,,,,
ACPIDriverDll,180155664,PreSubclassWindow,40,auto,yes,,,,
ACPIDriverDll,18015568C,FUN_18015568c,19,auto,no,,,,
ACPIDriverDll,1801556A0,FUN_1801556a0,75,auto,no,,,,
ACPIDriverDll,1801556EC,FUN_1801556ec,67,auto,no,,,,
ACPIDriverDll,180155730,FUN_180155730,32,auto,no,,,,
ACPIDriverDll,180155750,FUN_180155750,80,auto,no,,,,
ACPIDriverDll,1801557A0,CreateObject,62,auto,yes,,,,
ACPIDriverDll,1801557E0,FUN_1801557e0,8,auto,no,,,,
ACPIDriverDll,1801557E8,FUN_1801557e8,205,auto,no,,,,
ACPIDriverDll,1801558B8,FUN_1801558b8,326,auto,no,,,,
ACPIDriverDll,180155A00,CFixedAllocNoSync,42,auto,yes,,,,
ACPIDriverDll,180155A2C,~CFixedAllocNoSync,24,auto,yes,,,,
ACPIDriverDll,180155A44,Alloc,87,auto,yes,,,,
ACPIDriverDll,180155A9C,FreeAll,34,auto,yes,,,,
ACPIDriverDll,180155AC0,CMFCControlRenderer,77,auto,yes,,,,
ACPIDriverDll,180155B10,FUN_180155b10,209,auto,no,,,,
ACPIDriverDll,180155BE4,FUN_180155be4,113,auto,no,,,,
ACPIDriverDll,180155C58,CMFCShadowRenderer,33,auto,yes,,,,
ACPIDriverDll,180155C7C,~CMFCControlRenderer,61,auto,yes,,,,
ACPIDriverDll,180155CBC,FUN_180155cbc,15,auto,no,,,,
ACPIDriverDll,180155CCC,FUN_180155ccc,95,auto,no,,,,
ACPIDriverDll,180155D2C,`scalar_deleting_destructor',66,auto,yes,,,,
ACPIDriverDll,180155D70,`scalar_deleting_destructor',76,auto,yes,,,,
ACPIDriverDll,180155DBC,CleanUp,175,auto,yes,,,,
ACPIDriverDll,180155E6C,CommonInit,81,auto,yes,,,,
ACPIDriverDll,180155EC0,FUN_180155ec0,599,auto,no,,,,
ACPIDriverDll,180156118,FUN_180156118,354,auto,no,,,,
ACPIDriverDll,18015627C,CreateObject,49,auto,yes,,,,
ACPIDriverDll,1801562B0,CreateObject,49,auto,yes,,,,
ACPIDriverDll,1801562E4,FUN_1801562e4,183,auto,no,,,,
ACPIDriverDll,18015639C,FUN_18015639c,218,auto,no,,,,
ACPIDriverDll,180156478,FUN_180156478,1412,auto,no,,,,
ACPIDriverDll,1801569FC,FUN_1801569fc,1130,auto,no,,,,
ACPIDriverDll,180156E68,FUN_180156e68,65,auto,no,,,,
ACPIDriverDll,180156EAC,FUN_180156eac,292,auto,no,,,,
ACPIDriverDll,180156FD0,FUN_180156fd0,14,auto,no,,,,
ACPIDriverDll,180156FE0,FUN_180156fe0,8,auto,no,,,,
ACPIDriverDll,180156FE8,FUN_180156fe8,8,auto,no,,,,
ACPIDriverDll,180156FF0,Mirror,45,auto,yes,,,,
ACPIDriverDll,180157020,FUN_180157020,28,auto,no,,,,
ACPIDriverDll,18015703C,FUN_18015703c,70,auto,no,,,,
ACPIDriverDll,180157084,FUN_180157084,370,auto,no,,,,
ACPIDriverDll,1801571F8,FUN_1801571f8,999,auto,no,,,,
ACPIDriverDll,1801575E8,FUN_1801575e8,199,auto,no,,,,
ACPIDriverDll,1801576B0,`scalar_deleting_destructor',66,auto,yes,,,,
ACPIDriverDll,1801576F4,FUN_1801576f4,55,auto,no,,,,
ACPIDriverDll,18015772C,FUN_18015772c,55,auto,no,,,,
ACPIDriverDll,180157764,FUN_180157764,1868,auto,no,,,,
ACPIDriverDll,180157EC0,FUN_180157ec0,407,auto,no,,,,
ACPIDriverDll,180158058,FUN_180158058,61,auto,no,,,,
ACPIDriverDll,180158098,FUN_180158098,8,auto,no,,,,
ACPIDriverDll,1801580A0,FUN_1801580a0,8,auto,no,,,,
ACPIDriverDll,1801580A8,FUN_1801580a8,873,auto,no,,,,
ACPIDriverDll,180158418,FUN_180158418,8,auto,no,,,,
ACPIDriverDll,180158420,FUN_180158420,78,auto,no,,,,
ACPIDriverDll,180158470,FUN_180158470,94,auto,no,,,,
ACPIDriverDll,1801584D0,FUN_1801584d0,78,auto,no,,,,
ACPIDriverDll,180158520,FUN_180158520,90,auto,no,,,,
ACPIDriverDll,18015857C,FUN_18015857c,64,auto,no,,,,
ACPIDriverDll,1801585BC,FUN_1801585bc,38,auto,no,,,,
ACPIDriverDll,1801585E4,FUN_1801585e4,36,auto,no,,,,
ACPIDriverDll,180158608,FUN_180158608,94,auto,no,,,,
ACPIDriverDll,180158668,FUN_180158668,295,auto,no,,,,
ACPIDriverDll,180158790,FUN_180158790,64,auto,no,,,,
ACPIDriverDll,1801587D0,FUN_1801587d0,241,auto,no,,,,
ACPIDriverDll,1801588C4,FUN_1801588c4,108,auto,no,,,,
ACPIDriverDll,180158930,FUN_180158930,96,auto,no,,,,
ACPIDriverDll,180158994,QueryInterface,86,auto,yes,,,,
ACPIDriverDll,1801589EC,FUN_1801589ec,55,auto,no,,,,
ACPIDriverDll,180158A24,FUN_180158a24,55,auto,no,,,,
ACPIDriverDll,180158A5C,FUN_180158a5c,1743,auto,no,,,,
ACPIDriverDll,180159130,FUN_180159130,198,auto,no,,,,
ACPIDriverDll,1801591F8,FUN_1801591f8,198,auto,no,,,,
ACPIDriverDll,1801592C0,`scalar_deleting_destructor',81,auto,yes,,,,
ACPIDriverDll,180159314,FUN_180159314,438,auto,no,,,,
ACPIDriverDll,1801594D0,CreateObject,54,auto,yes,,,,
ACPIDriverDll,180159518,FUN_180159518,219,auto,no,,,,
ACPIDriverDll,1801595F8,CMapWordToOb,55,auto,yes,,,,
ACPIDriverDll,180159630,~CMapWordToOb,34,auto,yes,,,,
ACPIDriverDll,180159654,FUN_180159654,113,auto,no,,,,
ACPIDriverDll,1801596C8,`scalar_deleting_destructor',89,auto,yes,,,,
ACPIDriverDll,180159724,CreateObject,77,auto,yes,,,,
ACPIDriverDll,180159774,FUN_180159774,142,auto,no,,,,
ACPIDriverDll,180159804,FUN_180159804,225,auto,no,,,,
ACPIDriverDll,1801598E8,FUN_1801598e8,8,auto,no,,,,
ACPIDriverDll,1801598F0,Lookup,47,auto,yes,,,,
ACPIDriverDll,180159920,NewAssoc,115,auto,yes,,,,
ACPIDriverDll,180159994,FUN_180159994,338,auto,no,,,,
ACPIDriverDll,180159AE8,FUN_180159ae8,338,auto,no,,,,
ACPIDriverDll,180159C3C,CMFCColorPopupMenu,209,auto,yes,,,,
ACPIDriverDll,180159D10,FUN_180159d10,231,auto,no,,,,
ACPIDriverDll,180159DF8,`scalar_deleting_destructor',66,auto,yes,,,,
ACPIDriverDll,180159E3C,FID_conflict:EnableAutomaticButton,106,auto,yes,,,,
ACPIDriverDll,180159EA8,FID_conflict:EnableAutomaticButton,106,auto,yes,,,,
ACPIDriverDll,180159F14,FUN_180159f14,8,auto,no,,,,
ACPIDriverDll,180159F1C,FUN_180159f1c,8,auto,no,,,,
ACPIDriverDll,180159F24,FUN_180159f24,57,auto,no,,,,
ACPIDriverDll,180159F60,FUN_180159f60,1051,auto,no,,,,
ACPIDriverDll,18015A37C,FUN_18015a37c,297,auto,no,,,,
ACPIDriverDll,18015A4A8,OnDrawFocusRect,114,auto,yes,,,,
ACPIDriverDll,18015A51C,OnFillBackground,116,auto,yes,,,,
ACPIDriverDll,18015A590,FUN_18015a590,443,auto,no,,,,
ACPIDriverDll,18015A770,FUN_18015a770,39,auto,no,,,,
ACPIDriverDll,18015A798,FUN_18015a798,93,auto,no,,,,
ACPIDriverDll,18015A7F8,FUN_18015a7f8,551,auto,no,,,,
ACPIDriverDll,18015AA20,OnSysColorChange,56,auto,yes,,,,
ACPIDriverDll,18015AA58,FUN_18015aa58,307,auto,no,,,,
ACPIDriverDll,18015AB8C,SetColor,52,auto,yes,,,,
ACPIDriverDll,18015ABC0,FUN_18015abc0,109,auto,no,,,,
ACPIDriverDll,18015AC30,UpdateColor,99,auto,yes,,,,
ACPIDriverDll,18015AC94,FUN_18015ac94,322,auto,no,,,,
ACPIDriverDll,18015ADDC,FUN_18015addc,177,auto,no,,,,
ACPIDriverDll,18015AE90,FUN_18015ae90,66,auto,no,,,,
ACPIDriverDll,18015AED4,FUN_18015aed4,98,auto,no,,,,
ACPIDriverDll,18015AF38,FUN_18015af38,231,auto,no,,,,
ACPIDriverDll,18015B020,FUN_18015b020,162,auto,no,,,,
ACPIDriverDll,18015B0C4,FUN_18015b0c4,8,auto,no,,,,
ACPIDriverDll,18015B0CC,FUN_18015b0cc,8,auto,no,,,,
ACPIDriverDll,18015B0D4,FUN_18015b0d4,203,auto,no,,,,
ACPIDriverDll,18015B1A0,FUN_18015b1a0,1429,auto,no,,,,
ACPIDriverDll,18015B73C,OnCancelMode,80,auto,yes,,,,
ACPIDriverDll,18015B78C,FUN_18015b78c,173,auto,no,,,,
ACPIDriverDll,18015B83C,FUN_18015b83c,687,auto,no,,,,
ACPIDriverDll,18015BAEC,FUN_18015baec,310,auto,no,,,,
ACPIDriverDll,18015BC24,FUN_18015bc24,389,auto,no,,,,
ACPIDriverDll,18015BDAC,FUN_18015bdac,121,auto,no,,,,
ACPIDriverDll,18015BE28,FUN_18015be28,130,auto,no,,,,
ACPIDriverDll,18015BEAC,FUN_18015beac,151,auto,no,,,,
ACPIDriverDll,18015BF44,OnNcCalcSize,50,auto,yes,,,,
ACPIDriverDll,18015BF78,OnNcHitTest,81,auto,yes,,,,
ACPIDriverDll,18015BFCC,FUN_18015bfcc,122,auto,no,,,,
ACPIDriverDll,18015C048,FUN_18015c048,435,auto,no,,,,
ACPIDriverDll,18015C1FC,FUN_18015c1fc,52,auto,no,,,,
ACPIDriverDll,18015C230,FUN_18015c230,71,auto,no,,,,
ACPIDriverDll,18015C278,SetInternalImage,373,auto,yes,,,,
ACPIDriverDll,18015C3F0,CMFCFontComboBox,66,auto,yes,,,,
ACPIDriverDll,18015C434,CMFCFontInfo,139,auto,yes,,,,
ACPIDriverDll,18015C4C0,~CMFCFontComboBox,44,auto,yes,,,,
ACPIDriverDll,18015C4EC,FUN_18015c4ec,100,auto,no,,,,
ACPIDriverDll,18015C550,`scalar_deleting_destructor',66,auto,yes,,,,
ACPIDriverDll,18015C594,FUN_18015c594,66,auto,no,,,,
ACPIDriverDll,18015C5D8,FUN_18015c5d8,181,auto,no,,,,
ACPIDriverDll,18015C690,FUN_18015c690,282,auto,no,,,,
ACPIDriverDll,18015C7AC,FUN_18015c7ac,894,auto,no,,,,
ACPIDriverDll,18015CB2C,FUN_18015cb2c,8,auto,no,,,,
ACPIDriverDll,18015CB34,Init,75,auto,yes,,,,
ACPIDriverDll,18015CB80,MeasureItem,176,auto,yes,,,,
ACPIDriverDll,18015CC30,OnCreate,39,auto,yes,,,,
ACPIDriverDll,18015CC58,FUN_18015cc58,27,auto,no,,,,
ACPIDriverDll,18015CC74,FUN_18015cc74,330,auto,no,,,,
ACPIDriverDll,18015CDC0,PreSubclassWindow,40,auto,yes,,,,
ACPIDriverDll,18015CDE8,FUN_18015cde8,329,auto,no,,,,
ACPIDriverDll,18015CF34,FUN_18015cf34,420,auto,no,,,,
ACPIDriverDll,18015D0DC,FUN_18015d0dc,224,auto,no,,,,
ACPIDriverDll,18015D1C0,FUN_18015d1c0,123,auto,no,,,,
ACPIDriverDll,18015D23C,`scalar_deleting_destructor',66,auto,yes,,,,
ACPIDriverDll,18015D280,FUN_18015d280,8,auto,no,,,,
ACPIDriverDll,18015D288,FUN_18015d288,8,auto,no,,,,
ACPIDriverDll,18015D290,FUN_18015d290,333,auto,no,,,,
ACPIDriverDll,18015D3E0,FUN_18015d3e0,505,auto,no,,,,
ACPIDriverDll,18015D5DC,OnDrawFocusRect,62,auto,yes,,,,
ACPIDriverDll,18015D61C,FUN_18015d61c,714,auto,no,,,,
ACPIDriverDll,18015D8EC,PreTranslateMessage,75,auto,yes,,,,
ACPIDriverDll,18015D938,FUN_18015d938,68,auto,no,,,,
ACPIDriverDll,18015D97C,FUN_18015d97c,62,auto,no,,,,
ACPIDriverDll,18015D9BC,FUN_18015d9bc,670,auto,no,,,,
ACPIDriverDll,18015DC60,FUN_18015dc60,518,auto,no,,,,
ACPIDriverDll,18015DE70,FUN_18015de70,253,auto,no,,,,
ACPIDriverDll,18015DF70,FUN_18015df70,218,auto,no,,,,
ACPIDriverDll,18015E04C,`scalar_deleting_destructor',66,auto,yes,,,,
ACPIDriverDll,18015E090,FUN_18015e090,249,auto,no,,,,
ACPIDriverDll,18015E18C,FUN_18015e18c,38,auto,no,,,,
ACPIDriverDll,18015E1B4,FUN_18015e1b4,350,auto,no,,,,
ACPIDriverDll,18015E314,FUN_18015e314,223,auto,no,,,,
ACPIDriverDll,18015E3F4,FUN_18015e3f4,572,auto,no,,,,
ACPIDriverDll,18015E634,FUN_18015e634,324,auto,no,,,,
ACPIDriverDll,18015E77C,FUN_18015e77c,8,auto,no,,,,
ACPIDriverDll,18015E784,FUN_18015e784,8,auto,no,,,,
ACPIDriverDll,18015E78C,FUN_18015e78c,167,auto,no,,,,
ACPIDriverDll,18015E834,OnChar,176,auto,yes,,,,
ACPIDriverDll,18015E8E4,FUN_18015e8e4,1633,auto,no,,,,
ACPIDriverDll,18015EF50,FUN_18015ef50,1580,auto,no,,,,
ACPIDriverDll,18015F584,FUN_18015f584,1580,auto,no,,,,
ACPIDriverDll,18015FBB4,FUN_18015fbb4,305,auto,no,,,,
ACPIDriverDll,18015FCE8,OnCreate,46,auto,yes,,,,
ACPIDriverDll,18015FD18,FUN_18015fd18,354,auto,no,,,,
ACPIDriverDll,18015FE7C,FUN_18015fe7c,276,auto,no,,,,
ACPIDriverDll,18015FF94,FUN_18015ff94,875,auto,no,,,,
ACPIDriverDll,180160314,FUN_180160314,1302,auto,no,,,,
ACPIDriverDll,18016082C,FUN_18016082c,275,auto,no,,,,
ACPIDriverDll,180160940,FUN_180160940,995,auto,no,,,,
ACPIDriverDll,180160D28,OnSetFocusR,109,auto,yes,,,,
ACPIDriverDll,180160D98,FUN_180160d98,244,auto,no,,,,
ACPIDriverDll,180160E8C,FUN_180160e8c,68,auto,no,,,,
ACPIDriverDll,180160ED0,FUN_180160ed0,1055,auto,no,,,,
ACPIDriverDll,1801612FC,CMFCMenuButton,78,auto,yes,,,,
ACPIDriverDll,18016134C,FUN_18016134c,15,auto,no,,,,
ACPIDriverDll,18016135C,`scalar_deleting_destructor',76,auto,yes,,,,
ACPIDriverDll,1801613A8,FUN_1801613a8,8,auto,no,,,,
ACPIDriverDll,1801613B0,FUN_1801613b0,8,auto,no,,,,
ACPIDriverDll,1801613B8,OnDraw,323,auto,yes,,,,
ACPIDriverDll,1801614FC,FUN_1801614fc,381,auto,no,,,,
ACPIDriverDll,1801616A8,OnKillFocus,93,auto,yes,,,,
ACPIDriverDll,180161708,OnLButtonDblClk,58,auto,yes,,,,
ACPIDriverDll,180161744,FUN_180161744,237,auto,no,,,,
ACPIDriverDll,180161834,FUN_180161834,96,auto,no,,,,
ACPIDriverDll,180161894,FUN_180161894,447,auto,no,,,,
ACPIDriverDll,180161A54,FUN_180161a54,75,auto,no,,,,
ACPIDriverDll,180161AA0,FUN_180161aa0,746,auto,no,,,,
ACPIDriverDll,180161D8C,FUN_180161d8c,34,auto,no,,,,
ACPIDriverDll,180161DB0,FUN_180161db0,273,auto,no,,,,
ACPIDriverDll,180161EC4,`scalar_deleting_destructor',89,auto,yes,,,,
ACPIDriverDll,180161F20,FUN_180161f20,66,auto,no,,,,
ACPIDriverDll,180161F64,FUN_180161f64,203,auto,no,,,,
ACPIDriverDll,180162030,FUN_180162030,832,auto,no,,,,
ACPIDriverDll,180162370,CalcEditMargin,345,auto,yes,,,,
ACPIDriverDll,1801624CC,CloseColorPopup,76,auto,yes,,,,
ACPIDriverDll,180162518,FUN_180162518,45,auto,no,,,,
ACPIDriverDll,180162548,FUN_180162548,206,auto,no,,,,
ACPIDriverDll,180162618,CreateBoldFont,192,auto,yes,,,,
ACPIDriverDll,1801626D8,FUN_1801626d8,155,auto,no,,,,
ACPIDriverDll,180162774,FUN_180162774,63,auto,no,,,,
ACPIDriverDll,1801627B4,FUN_1801627b4,287,auto,no,,,,
ACPIDriverDll,1801628D4,FUN_1801628d4,168,auto,no,,,,
ACPIDriverDll,18016297C,FUN_18016297c,354,auto,no,,,,
ACPIDriverDll,180162AE0,FUN_180162ae0,147,auto,no,,,,
ACPIDriverDll,180162B74,GetExpandedSubItems,91,auto,yes,,,,
ACPIDriverDll,180162BD0,FUN_180162bd0,8,auto,no,,,,
ACPIDriverDll,180162BD8,FUN_180162bd8,8,auto,no,,,,
ACPIDriverDll,180162BE0,FUN_180162be0,8,auto,no,,,,
ACPIDriverDll,180162BE8,FUN_180162be8,26,auto,no,,,,
ACPIDriverDll,180162C04,GetTotalItems,141,auto,yes,,,,
ACPIDriverDll,180162C94,FUN_180162c94,216,auto,no,,,,
ACPIDriverDll,180162D6C,FUN_180162d6c,197,auto,no,,,,
ACPIDriverDll,180162E34,FUN_180162e34,786,auto,no,,,,
ACPIDriverDll,180163148,FUN_180163148,110,auto,no,,,,
ACPIDriverDll,1801631B8,FUN_1801631b8,36,auto,no,,,,
ACPIDriverDll,1801631DC,FUN_1801631dc,147,auto,no,,,,
ACPIDriverDll,180163270,FUN_180163270,183,auto,no,,,,
ACPIDriverDll,180163328,FUN_180163328,100,auto,no,,,,
ACPIDriverDll,18016338C,FUN_18016338c,309,auto,no,,,,
ACPIDriverDll,1801634C4,FUN_1801634c4,37,auto,no,,,,
ACPIDriverDll,1801634EC,FUN_1801634ec,165,auto,no,,,,
ACPIDriverDll,180163594,FUN_180163594,50,auto,no,,,,
ACPIDriverDll,1801635C8,FUN_1801635c8,151,auto,no,,,,
ACPIDriverDll,180163660,FUN_180163660,146,auto,no,,,,
ACPIDriverDll,1801636F4,FUN_1801636f4,424,auto,no,,,,
ACPIDriverDll,18016389C,FUN_18016389c,418,auto,no,,,,
ACPIDriverDll,180163A40,FUN_180163a40,358,auto,no,,,,
ACPIDriverDll,180163BA8,FUN_180163ba8,1544,auto,no,,,,
ACPIDriverDll,1801641B0,FUN_1801641b0,196,auto,no,,,,
ACPIDriverDll,180164274,FUN_180164274,107,auto,no,,,,
ACPIDriverDll,1801642E8,FUN_1801642e8,30,auto,no,,,,
ACPIDriverDll,180164308,OnGetObject,98,auto,yes,,,,
ACPIDriverDll,18016436C,FUN_18016436c,27,auto,no,,,,
ACPIDriverDll,180164388,FUN_180164388,326,auto,no,,,,
ACPIDriverDll,1801644D0,FUN_1801644d0,77,auto,no,,,,
ACPIDriverDll,180164520,FUN_180164520,552,auto,no,,,,
ACPIDriverDll,18016474C,FUN_18016474c,1783,auto,no,,,,
ACPIDriverDll,180164E50,FUN_180164e50,140,auto,no,,,,
ACPIDriverDll,180164EDC,FUN_180164edc,513,auto,no,,,,
ACPIDriverDll,1801650E0,FUN_1801650e0,825,auto,no,,,,
ACPIDriverDll,18016541C,FUN_18016541c,523,auto,no,,,,
ACPIDriverDll,180165628,FUN_180165628,79,auto,no,,,,
ACPIDriverDll,180165678,FUN_180165678,128,auto,no,,,,
ACPIDriverDll,1801656F8,OnNcCalcSize,57,auto,yes,,,,
ACPIDriverDll,180165734,FUN_180165734,116,auto,no,,,,
ACPIDriverDll,1801657A8,FUN_1801657a8,415,auto,no,,,,
ACPIDriverDll,180165948,FUN_180165948,109,auto,no,,,,
ACPIDriverDll,1801659B8,FUN_1801659b8,113,auto,no,,,,
ACPIDriverDll,180165A2C,FUN_180165a2c,33,auto,no,,,,
ACPIDriverDll,180165A50,FUN_180165a50,108,auto,no,,,,
ACPIDriverDll,180165ABC,FUN_180165abc,452,auto,no,,,,
ACPIDriverDll,180165C80,FUN_180165c80,37,auto,no,,,,
ACPIDriverDll,180165CA8,FUN_180165ca8,338,auto,no,,,,
ACPIDriverDll,180165DFC,OnSetFocus,65,auto,yes,,,,
ACPIDriverDll,180165E40,FUN_180165e40,65,auto,no,,,,
ACPIDriverDll,180165E84,FUN_180165e84,88,auto,no,,,,
ACPIDriverDll,180165EF8,FUN_180165ef8,39,auto,no,,,,
ACPIDriverDll,180165F20,FUN_180165f20,48,auto,no,,,,
ACPIDriverDll,180165F50,FUN_180165f50,373,auto,no,,,,
ACPIDriverDll,1801660C8,FUN_1801660c8,51,auto,no,,,,
ACPIDriverDll,1801660FC,FUN_1801660fc,2253,auto,no,,,,
ACPIDriverDll,1801669CC,ProcessClipboardAccelerators,217,auto,yes,,,,
ACPIDriverDll,180166AA8,Redraw,182,auto,yes,,,,
ACPIDriverDll,180166B60,FUN_180166b60,223,auto,no,,,,
ACPIDriverDll,180166C40,FUN_180166c40,641,auto,no,,,,
ACPIDriverDll,180166EC4,FUN_180166ec4,111,auto,no,,,,
ACPIDriverDll,180166F34,FUN_180166f34,251,auto,no,,,,
ACPIDriverDll,180167030,FUN_180167030,618,auto,no,,,,
ACPIDriverDll,18016729C,FUN_18016729c,68,auto,no,,,,
ACPIDriverDll,1801672E0,FUN_1801672e0,65,auto,no,,,,
ACPIDriverDll,180167324,FUN_180167324,658,auto,no,,,,
ACPIDriverDll,1801675B8,FUN_1801675b8,323,auto,no,,,,
ACPIDriverDll,1801676FC,FUN_1801676fc,41,auto,no,,,,
ACPIDriverDll,180167728,FUN_180167728,243,auto,no,,,,
ACPIDriverDll,18016781C,FUN_18016781c,444,auto,no,,,,
ACPIDriverDll,1801679D8,FUN_1801679d8,1065,auto,no,,,,
ACPIDriverDll,180167E04,FUN_180167e04,183,auto,no,,,,
ACPIDriverDll,180167EBC,FUN_180167ebc,143,auto,no,,,,
ACPIDriverDll,180167F4C,accLocation,188,auto,yes,,,,
ACPIDriverDll,180168008,FUN_180168008,22,auto,no,,,,
ACPIDriverDll,180168020,FUN_180168020,6,auto,no,,,,
ACPIDriverDll,180168028,FUN_180168028,175,auto,no,,,,
ACPIDriverDll,1801680D8,FUN_1801680d8,450,auto,no,,,,
ACPIDriverDll,1801682A0,FUN_1801682a0,57,auto,no,,,,
ACPIDriverDll,1801682DC,FUN_1801682dc,149,auto,no,,,,
ACPIDriverDll,180168374,FUN_180168374,156,auto,no,,,,
ACPIDriverDll,180168414,CMFCShellTreeCtrl,68,auto,yes,,,,
ACPIDriverDll,180168458,FUN_180168458,34,auto,no,,,,
ACPIDriverDll,18016847C,`scalar_deleting_destructor',89,auto,yes,,,,
ACPIDriverDll,1801684D8,FID_conflict:`scalar_deleting_destructor',76,auto,yes,,,,
ACPIDriverDll,180168524,FUN_180168524,47,auto,no,,,,
ACPIDriverDll,180168554,FUN_180168554,650,auto,no,,,,
ACPIDriverDll,1801687E0,FUN_1801687e0,412,auto,no,,,,
ACPIDriverDll,180168980,FUN_180168980,8,auto,no,,,,
ACPIDriverDll,180168988,GetRelatedList,71,auto,yes,,,,
ACPIDriverDll,1801689D0,FUN_1801689d0,483,auto,no,,,,
ACPIDriverDll,180168BB8,FUN_180168bb8,8,auto,no,,,,
ACPIDriverDll,180168BC0,InitTree,181,auto,yes,,,,
ACPIDriverDll,180168C78,FUN_180168c78,250,auto,no,,,,
ACPIDriverDll,180168D8C,FUN_180168d8c,50,auto,no,,,,
ACPIDriverDll,180168DC0,FUN_180168dc0,104,auto,no,,,,
ACPIDriverDll,180168E2C,OnDestroy,40,auto,yes,,,,
ACPIDriverDll,180168E54,FUN_180168e54,117,auto,no,,,,
ACPIDriverDll,180168ECC,FUN_180168ecc,127,auto,no,,,,
ACPIDriverDll,180168F4C,FUN_180168f4c,336,auto,no,,,,
ACPIDriverDll,1801690A0,FUN_1801690a0,278,auto,no,,,,
ACPIDriverDll,1801691B8,FUN_1801691b8,77,auto,no,,,,
ACPIDriverDll,180169208,FUN_180169208,916,auto,no,,,,
ACPIDriverDll,1801695A0,PreSubclassWindow,40,auto,yes,,,,
ACPIDriverDll,1801695C8,Refresh,70,auto,yes,,,,
ACPIDriverDll,180169610,FUN_180169610,818,auto,no,,,,
ACPIDriverDll,180169944,FUN_180169944,67,auto,no,,,,
ACPIDriverDll,180169988,CVSListBox,104,auto,yes,,,,
ACPIDriverDll,1801699F0,FUN_1801699f0,355,auto,no,,,,
ACPIDriverDll,180169B54,CVSListBoxEditCtrl,48,auto,yes,,,,
ACPIDriverDll,180169B84,~CMap<>,34,auto,yes,,,,
ACPIDriverDll,180169BA8,FUN_180169ba8,84,auto,no,,,,
ACPIDriverDll,180169BFC,FUN_180169bfc,247,auto,no,,,,
ACPIDriverDll,180169CF4,`scalar_deleting_destructor',89,auto,yes,,,,
ACPIDriverDll,180169D50,`scalar_deleting_destructor',89,auto,yes,,,,
ACPIDriverDll,180169DAC,FUN_180169dac,66,auto,no,,,,
ACPIDriverDll,180169DF0,FUN_180169df0,66,auto,no,,,,
ACPIDriverDll,180169E34,FUN_180169e34,76,auto,no,,,,
ACPIDriverDll,180169E80,FUN_180169e80,762,auto,no,,,,
ACPIDriverDll,18016A17C,FUN_18016a17c,231,auto,no,,,,
ACPIDriverDll,18016A264,FUN_18016a264,650,auto,no,,,,
ACPIDriverDll,18016A4F0,FUN_18016a4f0,154,auto,no,,,,
ACPIDriverDll,18016A58C,FUN_18016a58c,369,auto,no,,,,
ACPIDriverDll,18016A700,FUN_18016a700,112,auto,no,,,,
ACPIDriverDll,18016A770,GetCount,50,auto,yes,,,,
ACPIDriverDll,18016A7A4,FUN_18016a7a4,31,auto,no,,,,
ACPIDriverDll,18016A7C4,FUN_18016a7c4,67,auto,no,,,,
ACPIDriverDll,18016A808,FUN_18016a808,19,auto,no,,,,
ACPIDriverDll,18016A81C,FUN_18016a81c,8,auto,no,,,,
ACPIDriverDll,18016A824,FUN_18016a824,8,auto,no,,,,
ACPIDriverDll,18016A82C,FUN_18016a82c,8,auto,no,,,,
ACPIDriverDll,18016A834,FUN_18016a834,8,auto,no,,,,
ACPIDriverDll,18016A83C,FUN_18016a83c,8,auto,no,,,,
ACPIDriverDll,18016A844,FUN_18016a844,8,auto,no,,,,
ACPIDriverDll,18016A84C,GetSelItem,54,auto,yes,,,,
ACPIDriverDll,18016A884,FUN_18016a884,61,auto,no,,,,
ACPIDriverDll,18016A8C4,FUN_18016a8c4,66,auto,no,,,,
ACPIDriverDll,18016A908,FUN_18016a908,612,auto,no,,,,
ACPIDriverDll,18016AB6C,FUN_18016ab6c,141,auto,no,,,,
ACPIDriverDll,18016ABFC,FUN_18016abfc,39,auto,no,,,,
ACPIDriverDll,18016AC24,OnCreateList,318,auto,yes,,,,
ACPIDriverDll,18016AD64,FUN_18016ad64,99,auto,no,,,,
ACPIDriverDll,18016ADC8,FUN_18016adc8,161,auto,no,,,,
ACPIDriverDll,18016AE6C,FUN_18016ae6c,245,auto,no,,,,
ACPIDriverDll,18016AF64,FUN_18016af64,103,auto,no,,,,
ACPIDriverDll,18016AFE4,FUN_18016afe4,74,auto,no,,,,
ACPIDriverDll,18016B030,FUN_18016b030,444,auto,no,,,,
ACPIDriverDll,18016B1F0,FUN_18016b1f0,61,auto,no,,,,
ACPIDriverDll,18016B230,FUN_18016b230,122,auto,no,,,,
ACPIDriverDll,18016B2AC,FUN_18016b2ac,246,auto,no,,,,
ACPIDriverDll,18016B3A4,FUN_18016b3a4,127,auto,no,,,,
ACPIDriverDll,18016B424,OnNcCalcSize,23,auto,yes,,,,
ACPIDriverDll,18016B43C,FUN_18016b43c,655,auto,no,,,,
ACPIDriverDll,18016B6D0,FUN_18016b6d0,46,auto,no,,,,
ACPIDriverDll,18016B700,OnSetFont,210,auto,yes,,,,
ACPIDriverDll,18016B7D4,FUN_18016b7d4,126,auto,no,,,,
ACPIDriverDll,18016B854,FUN_18016b854,27,auto,no,,,,
ACPIDriverDll,18016B870,OnSizeList,165,auto,yes,,,,
ACPIDriverDll,18016B92C,FUN_18016b92c,40,auto,no,,,,
ACPIDriverDll,18016B954,FUN_18016b954,562,auto,no,,,,
ACPIDriverDll,18016BB88,FUN_18016bb88,209,auto,no,,,,
ACPIDriverDll,18016BC5C,SelectItem,103,auto,yes,,,,
ACPIDriverDll,18016BCC4,SetItemData,68,auto,yes,,,,
ACPIDriverDll,18016BD08,SetItemText,44,auto,yes,,,,
ACPIDriverDll,18016BD34,FUN_18016bd34,911,auto,no,,,,
ACPIDriverDll,18016C0CC,CScrollView,111,auto,yes,,,,
ACPIDriverDll,18016C13C,_AFX_MOUSEANCHORWND,77,auto,yes,,,,
ACPIDriverDll,18016C18C,FUN_18016c18c,101,auto,no,,,,
ACPIDriverDll,18016C1F4,FUN_18016c1f4,66,auto,no,,,,
ACPIDriverDll,18016C238,`scalar_deleting_destructor',76,auto,yes,,,,
ACPIDriverDll,18016C284,FUN_18016c284,190,auto,no,,,,
ACPIDriverDll,18016C344,FUN_18016c344,234,auto,no,,,,
ACPIDriverDll,18016C430,FUN_18016c430,179,auto,no,,,,
ACPIDriverDll,18016C4E4,FUN_18016c4e4,465,auto,no,,,,
ACPIDriverDll,18016C6B8,FUN_18016c6b8,296,auto,no,,,,
ACPIDriverDll,18016C7E0,GetDeviceScrollPosition,67,auto,yes,,,,
ACPIDriverDll,18016C824,FUN_18016c824,8,auto,no,,,,
ACPIDriverDll,18016C82C,FUN_18016c82c,8,auto,no,,,,
ACPIDriverDll,18016C834,FUN_18016c834,8,auto,no,,,,
ACPIDriverDll,18016C83C,FUN_18016c83c,140,auto,no,,,,
ACPIDriverDll,18016C8C8,FUN_18016c8c8,248,auto,no,,,,
ACPIDriverDll,18016C9C0,GetTrueClientSize,173,auto,yes,,,,
ACPIDriverDll,18016CA70,FUN_18016ca70,75,auto,no,,,,
ACPIDriverDll,18016CABC,FUN_18016cabc,317,auto,no,,,,
ACPIDriverDll,18016CBFC,FUN_18016cbfc,135,auto,no,,,,
ACPIDriverDll,18016CC84,FUN_18016cc84,94,auto,no,,,,
ACPIDriverDll,18016CCE4,OnPaint,181,auto,yes,,,,
ACPIDriverDll,18016CD9C,FUN_18016cd9c,365,auto,no,,,,
ACPIDriverDll,18016CF0C,FUN_18016cf0c,499,auto,no,,,,
ACPIDriverDll,18016D100,FUN_18016d100,329,auto,no,,,,
ACPIDriverDll,18016D24C,FUN_18016d24c,356,auto,no,,,,
ACPIDriverDll,18016D3B0,OnSize,53,auto,yes,,,,
ACPIDriverDll,18016D3E8,FUN_18016d3e8,745,auto,no,,,,
ACPIDriverDll,18016D6D4,FUN_18016d6d4,141,auto,no,,,,
ACPIDriverDll,18016D764,FUN_18016d764,144,auto,no,,,,
ACPIDriverDll,18016D7F4,SetBitmap,57,auto,yes,,,,
ACPIDriverDll,18016D830,SetScaleToFitSize,221,auto,yes,,,,
ACPIDriverDll,18016D910,FUN_18016d910,456,auto,no,,,,
ACPIDriverDll,18016DAD8,UpdateBars,558,auto,yes,,,,
ACPIDriverDll,18016DD08,FUN_18016dd08,201,auto,no,,,,
ACPIDriverDll,18016DDD4,_AfxGetMouseScrollLines,65,auto,yes,,,,
ACPIDriverDll,18016DE18,CDockBar,199,auto,yes,,,,
ACPIDriverDll,18016DEE0,CMiniDockFrameWnd,71,auto,yes,,,,
ACPIDriverDll,18016DF28,~CDockBar,122,auto,yes,,,,
ACPIDriverDll,18016DFA4,`scalar_deleting_destructor',66,auto,yes,,,,
ACPIDriverDll,18016DFE8,`scalar_deleting_destructor',81,auto,yes,,,,
ACPIDriverDll,18016E03C,FUN_18016e03c,1480,auto,no,,,,
ACPIDriverDll,18016E608,FUN_18016e608,161,auto,no,,,,
ACPIDriverDll,18016E6AC,FUN_18016e6ac,536,auto,no,,,,
ACPIDriverDll,18016E8C8,CreateObject,49,auto,yes,,,,
ACPIDriverDll,18016E8FC,FUN_18016e8fc,54,auto,no,,,,
ACPIDriverDll,18016E934,FUN_18016e934,103,auto,no,,,,
ACPIDriverDll,18016E99C,FUN_18016e99c,8,auto,no,,,,
ACPIDriverDll,18016E9A4,FUN_18016e9a4,8,auto,no,,,,
ACPIDriverDll,18016E9AC,FUN_18016e9ac,8,auto,no,,,,
ACPIDriverDll,18016E9B4,FUN_18016e9b4,8,auto,no,,,,
ACPIDriverDll,18016E9CC,FUN_18016e9cc,282,auto,no,,,,
ACPIDriverDll,18016EAFC,FUN_18016eafc,141,auto,no,,,,
ACPIDriverDll,18016EB8C,FUN_18016eb8c,131,auto,no,,,,
ACPIDriverDll,18016EC10,FUN_18016ec10,263,auto,no,,,,
ACPIDriverDll,18016ED20,FUN_18016ed20,159,auto,no,,,,
ACPIDriverDll,18016EDC0,FUN_18016edc0,140,auto,no,,,,
ACPIDriverDll,18016EE4C,OnWindowPosChanging,54,auto,yes,,,,
ACPIDriverDll,18016EE84,RecalcLayout,106,auto,yes,,,,
ACPIDriverDll,18016EEF0,ShowAll,117,auto,yes,,,,
ACPIDriverDll,18016EF68,FUN_18016ef68,85,auto,no,,,,
ACPIDriverDll,18016EFC0,FUN_18016efc0,74,auto,no,,,,
ACPIDriverDll,18016F00C,FUN_18016f00c,454,auto,no,,,,
ACPIDriverDll,18016F1D4,FUN_18016f1d4,57,auto,no,,,,
ACPIDriverDll,18016F210,FUN_18016f210,107,auto,no,,,,
ACPIDriverDll,18016F27C,FUN_18016f27c,164,auto,no,,,,
ACPIDriverDll,18016F330,FUN_18016f330,51,auto,no,,,,
ACPIDriverDll,18016F364,FUN_18016f364,94,auto,no,,,,
ACPIDriverDll,18016F3C4,Revoke,42,auto,yes,,,,
ACPIDriverDll,18016F3F0,RevokeAll,52,auto,yes,,,,
ACPIDriverDll,18016F424,COleMessageFilter,83,auto,yes,,,,
ACPIDriverDll,18016F478,~COleMessageFilter,37,auto,yes,,,,
ACPIDriverDll,18016F4A0,`scalar_deleting_destructor',66,auto,yes,,,,
ACPIDriverDll,18016F4E4,FUN_18016f4e4,4,auto,no,,,,
ACPIDriverDll,18016F4E8,FUN_18016f4e8,13,auto,no,,,,
ACPIDriverDll,18016F4F8,FUN_18016f4f8,8,auto,no,,,,
ACPIDriverDll,18016F500,HandleInComingCall,98,auto,yes,,,,
ACPIDriverDll,18016F564,IsSignificantMessage,116,auto,yes,,,,
ACPIDriverDll,18016F5D8,FUN_18016f5d8,303,auto,no,,,,
ACPIDriverDll,18016F708,OnBusyDialog,103,auto,yes,,,,
ACPIDriverDll,18016F778,OnMessagePending,96,auto,yes,,,,
ACPIDriverDll,18016F7D8,OnNotRespondingDialog,104,auto,yes,,,,
ACPIDriverDll,18016F848,Register,43,auto,yes,,,,
ACPIDriverDll,18016F874,FUN_18016f874,136,auto,no,,,,
ACPIDriverDll,18016F8FC,Revoke,35,auto,yes,,,,
ACPIDriverDll,18016F920,FUN_18016f920,62,auto,no,,,,
ACPIDriverDll,18016F960,FUN_18016f960,139,auto,no,,,,
ACPIDriverDll,18016F9EC,DisconnectViews,55,auto,yes,,,,
ACPIDriverDll,18016FA24,FUN_18016fa24,88,auto,no,,,,
ACPIDriverDll,18016FA7C,CMFCVisualManagerOffice2003,253,auto,yes,,,,
ACPIDriverDll,18016FB7C,~CMFCVisualManagerOffice2003,130,auto,yes,,,,
ACPIDriverDll,18016FC00,`scalar_deleting_destructor',66,auto,yes,,,,
ACPIDriverDll,18016FC44,CreateObject,49,auto,yes,,,,
ACPIDriverDll,18016FC78,FUN_18016fc78,1061,auto,no,,,,
ACPIDriverDll,1801700A0,GetBaseThemeColor,80,auto,yes,,,,
ACPIDriverDll,1801700F0,GetPropertyGridGroupColor,5,auto,yes,,,,
ACPIDriverDll,1801700F8,thunk_FUN_1800098dc,5,auto,no,,,,
ACPIDriverDll,180170100,FUN_180170100,8,auto,no,,,,
ACPIDriverDll,180170108,GetShowAllMenuItemsHeight,17,auto,yes,,,,
ACPIDriverDll,18017011C,GetSmartDockingBaseGuideColors,201,auto,yes,,,,
ACPIDriverDll,1801701E8,FUN_1801701e8,172,auto,no,,,,
ACPIDriverDll,180170294,FUN_180170294,620,auto,no,,,,
ACPIDriverDll,180170500,GetToolTipInfo,307,auto,yes,,,,
ACPIDriverDll,180170634,FUN_180170634,33,auto,no,,,,
ACPIDriverDll,180170658,FUN_180170658,33,auto,no,,,,
ACPIDriverDll,18017067C,FUN_18017067c,1216,auto,no,,,,
ACPIDriverDll,180170B3C,FUN_180170b3c,424,auto,no,,,,
ACPIDriverDll,180170CE4,FUN_180170ce4,810,auto,no,,,,
ACPIDriverDll,180171010,FUN_180171010,356,auto,no,,,,
ACPIDriverDll,180171174,OnDrawButtonBorder,213,auto,yes,,,,
ACPIDriverDll,18017124C,FUN_18017124c,224,auto,no,,,,
ACPIDriverDll,18017132C,OnDrawComboBorder,297,auto,yes,,,,
ACPIDriverDll,180171458,FUN_180171458,717,auto,no,,,,
ACPIDriverDll,180171728,OnDrawMenuBorder,137,auto,yes,,,,
ACPIDriverDll,1801717B4,OnDrawOutlookBarSplitter,431,auto,yes,,,,
ACPIDriverDll,180171964,OnDrawOutlookPageButtonBorder,218,auto,yes,,,,
ACPIDriverDll,180171A40,OnDrawPaneBorder,166,auto,yes,,,,
ACPIDriverDll,180171AE8,FUN_180171ae8,371,auto,no,,,,
ACPIDriverDll,180171C5C,FUN_180171c5c,36,auto,no,,,,
ACPIDriverDll,180171C80,FUN_180171c80,461,auto,no,,,,
ACPIDriverDll,180171E50,FUN_180171e50,310,auto,no,,,,
ACPIDriverDll,180171F8C,FUN_180171f8c,363,auto,no,,,,
ACPIDriverDll,1801720F8,FUN_1801720f8,1534,auto,no,,,,
ACPIDriverDll,1801726F8,FUN_1801726f8,196,auto,no,,,,
ACPIDriverDll,1801727BC,FUN_1801727bc,395,auto,no,,,,
ACPIDriverDll,180172948,OnDrawRibbonSliderChannel,222,auto,yes,,,,
ACPIDriverDll,180172A28,OnDrawRibbonSliderThumb,269,auto,yes,,,,
ACPIDriverDll,180172B38,FUN_180172b38,666,auto,no,,,,
ACPIDriverDll,180172DD4,FUN_180172dd4,361,auto,no,,,,
ACPIDriverDll,180172F40,OnDrawScrollButtons,439,auto,yes,,,,
ACPIDriverDll,1801730F8,FUN_1801730f8,964,auto,no,,,,
ACPIDriverDll,1801734C0,FUN_1801734c0,373,auto,no,,,,
ACPIDriverDll,180173638,OnDrawStatusBarPaneBorder,137,auto,yes,,,,
ACPIDriverDll,1801736C4,FUN_1801736c4,2195,auto,no,,,,
ACPIDriverDll,180173F5C,OnDrawTabsButtonBorder,56,auto,yes,,,,
ACPIDriverDll,180173F94,FUN_180173f94,334,auto,no,,,,
ACPIDriverDll,1801740E4,FUN_1801740e4,149,auto,no,,,,
ACPIDriverDll,18017417C,FUN_18017417c,1427,auto,no,,,,
ACPIDriverDll,180174710,FUN_180174710,380,auto,no,,,,
ACPIDriverDll,18017488C,FUN_18017488c,433,auto,no,,,,
ACPIDriverDll,180174A40,FUN_180174a40,355,auto,no,,,,
ACPIDriverDll,180174BA4,FUN_180174ba4,695,auto,no,,,,
ACPIDriverDll,180174E5C,FUN_180174e5c,470,auto,no,,,,
ACPIDriverDll,180175034,OnFillAutoHideButtonBackground,329,auto,yes,,,,
ACPIDriverDll,180175180,FUN_180175180,2468,auto,no,,,,
ACPIDriverDll,180175B28,FUN_180175b28,496,auto,no,,,,
ACPIDriverDll,180175D18,FUN_180175d18,527,auto,no,,,,
ACPIDriverDll,180175F28,FUN_180175f28,29,auto,no,,,,
ACPIDriverDll,180175F48,FUN_180175f48,679,auto,no,,,,
ACPIDriverDll,1801761F0,OnFillOutlookBarCaption,305,auto,yes,,,,
ACPIDriverDll,180176324,OnFillOutlookPageButton,401,auto,yes,,,,
ACPIDriverDll,1801764B8,OnFillPopupWindowBackground,245,auto,yes,,,,
ACPIDriverDll,1801765B0,FUN_1801765b0,597,auto,no,,,,
ACPIDriverDll,180176808,OnFillTasksGroupInterior,283,auto,yes,,,,
ACPIDriverDll,180176924,OnFillTasksPaneBackground,245,auto,yes,,,,
ACPIDriverDll,180176A1C,FUN_180176a1c,193,auto,no,,,,
ACPIDriverDll,180176AE0,FUN_180176ae0,297,auto,no,,,,
ACPIDriverDll,180176C0C,FUN_180176c0c,3891,auto,no,,,,
ACPIDriverDll,180177B40,FUN_180177b40,110,auto,no,,,,
ACPIDriverDll,180177BB0,FUN_180177bb0,66,auto,no,,,,
ACPIDriverDll,180177BF4,FUN_180177bf4,66,auto,no,,,,
ACPIDriverDll,180177C38,FUN_180177c38,1161,auto,no,,,,
ACPIDriverDll,1801780C4,FUN_1801780c4,394,auto,no,,,,
ACPIDriverDll,180178250,FUN_180178250,1040,auto,no,,,,
ACPIDriverDll,180178668,FUN_180178668,220,auto,no,,,,
ACPIDriverDll,180178744,FUN_180178744,775,auto,no,,,,
ACPIDriverDll,180178A4C,FUN_180178a4c,1067,auto,no,,,,
ACPIDriverDll,180178E7C,FUN_180178e7c,614,auto,no,,,,
ACPIDriverDll,1801790E8,FUN_1801790e8,1544,auto,no,,,,
ACPIDriverDll,1801796FC,FUN_1801796fc,614,auto,no,,,,
ACPIDriverDll,180179968,FUN_180179968,588,auto,no,,,,
ACPIDriverDll,180179BB4,FUN_180179bb4,520,auto,no,,,,
ACPIDriverDll,180179DBC,FUN_180179dbc,1053,auto,no,,,,
ACPIDriverDll,18017A1DC,FUN_18017a1dc,216,auto,no,,,,
ACPIDriverDll,18017A2B8,FUN_18017a2b8,209,auto,no,,,,
ACPIDriverDll,18017A38C,FUN_18017a38c,177,auto,no,,,,
ACPIDriverDll,18017A440,FUN_18017a440,195,auto,no,,,,
ACPIDriverDll,18017A504,FUN_18017a504,177,auto,no,,,,
ACPIDriverDll,18017A5B8,FUN_18017a5b8,177,auto,no,,,,
ACPIDriverDll,18017A66C,FUN_18017a66c,214,auto,no,,,,
ACPIDriverDll,18017A744,FUN_18017a744,177,auto,no,,,,
ACPIDriverDll,18017A7F8,FUN_18017a7f8,177,auto,no,,,,
ACPIDriverDll,18017A8AC,FUN_18017a8ac,195,auto,no,,,,
ACPIDriverDll,18017A970,FUN_18017a970,177,auto,no,,,,
ACPIDriverDll,18017AA24,SetBuffer,70,auto,yes,,,,
ACPIDriverDll,18017AA6C,CMFCOutlookBarTabCtrl,354,auto,yes,,,,
ACPIDriverDll,18017ABD0,CMFCOutlookBarToolBar,127,auto,yes,,,,
ACPIDriverDll,18017AC50,COutlookOptionsDlg,167,auto,yes,,,,
ACPIDriverDll,18017ACF8,FUN_18017acf8,126,auto,no,,,,
ACPIDriverDll,18017AD78,FUN_18017ad78,54,auto,no,,,,
ACPIDriverDll,18017ADB0,thunk_FUN_18010efc0,5,auto,no,,,,
ACPIDriverDll,18017ADB8,~COutlookOptionsDlg,70,auto,yes,,,,
ACPIDriverDll,18017AE00,FUN_18017ae00,66,auto,no,,,,
ACPIDriverDll,18017AE44,FUN_18017ae44,105,auto,no,,,,
ACPIDriverDll,18017AEB0,`scalar_deleting_destructor',117,auto,yes,,,,
ACPIDriverDll,18017AF28,FUN_18017af28,723,auto,no,,,,
ACPIDriverDll,18017B1FC,FUN_18017b1fc,16,auto,no,,,,
ACPIDriverDll,18017B20C,FUN_18017b20c,12,auto,no,,,,
ACPIDriverDll,18017B218,FUN_18017b218,18,auto,no,,,,
ACPIDriverDll,18017B22C,FUN_18017b22c,88,auto,no,,,,
ACPIDriverDll,18017B284,CreateObject,49,auto,yes,,,,
ACPIDriverDll,18017B2B8,CreateObject,69,auto,yes,,,,
ACPIDriverDll,18017B300,FUN_18017b300,616,auto,no,,,,
ACPIDriverDll,18017B56C,DoDataExchange,106,auto,yes,,,,
ACPIDriverDll,18017B5D8,FUN_18017b5d8,1037,auto,no,,,,
ACPIDriverDll,18017B9E8,FUN_18017b9e8,7,auto,no,,,,
ACPIDriverDll,18017B9F0,FUN_18017b9f0,294,auto,no,,,,
ACPIDriverDll,18017BB18,FUN_18017bb18,149,auto,no,,,,
ACPIDriverDll,18017BBB0,FUN_18017bbb0,8,auto,no,,,,
ACPIDriverDll,18017BBB8,FUN_18017bbb8,8,auto,no,,,,
ACPIDriverDll,18017BBC0,FUN_18017bbc0,8,auto,no,,,,
ACPIDriverDll,18017BBC8,FUN_18017bbc8,8,auto,no,,,,
ACPIDriverDll,18017BBD0,FUN_18017bbd0,8,auto,no,,,,
ACPIDriverDll,18017BBD8,FUN_18017bbd8,8,auto,no,,,,
ACPIDriverDll,18017BBE0,FUN_18017bbe0,236,auto,no,,,,
ACPIDriverDll,18017BCD0,FUN_18017bcd0,14,auto,no,,,,
ACPIDriverDll,18017BCE0,IsMode2003,65,auto,yes,,,,
ACPIDriverDll,18017BD24,FUN_18017bd24,206,auto,no,,,,
ACPIDriverDll,18017BDF4,IsTabDetachable,49,auto,yes,,,,
ACPIDriverDll,18017BE28,FUN_18017be28,374,auto,no,,,,
ACPIDriverDll,18017BFA0,FUN_18017bfa0,42,auto,no,,,,
ACPIDriverDll,18017BFCC,FUN_18017bfcc,8,auto,no,,,,
ACPIDriverDll,18017BFD4,FUN_18017bfd4,213,auto,no,,,,
ACPIDriverDll,18017C0AC,FUN_18017c0ac,405,auto,no,,,,
ACPIDriverDll,18017C244,OnCustomizeMode,45,auto,yes,,,,
ACPIDriverDll,18017C274,OnDblclkList,104,auto,yes,,,,
ACPIDriverDll,18017C2DC,FUN_18017c2dc,172,auto,no,,,,
ACPIDriverDll,18017C388,FUN_18017c388,260,auto,no,,,,
ACPIDriverDll,18017C48C,FUN_18017c48c,89,auto,no,,,,
ACPIDriverDll,18017C4E8,FUN_18017c4e8,143,auto,no,,,,
ACPIDriverDll,18017C578,FUN_18017c578,511,auto,no,,,,
ACPIDriverDll,18017C778,FUN_18017c778,102,auto,no,,,,
ACPIDriverDll,18017C7E0,FUN_18017c7e0,73,auto,no,,,,
ACPIDriverDll,18017C82C,FUN_18017c82c,279,auto,no,,,,
ACPIDriverDll,18017C958,FUN_18017c958,326,auto,no,,,,
ACPIDriverDll,18017CAA0,FUN_18017caa0,1563,auto,no,,,,
ACPIDriverDll,18017D0C0,FUN_18017d0c0,622,auto,no,,,,
ACPIDriverDll,18017D334,OnSelchange,150,auto,yes,,,,
ACPIDriverDll,18017D3CC,FUN_18017d3cc,192,auto,no,,,,
ACPIDriverDll,18017D48C,FUN_18017d48c,188,auto,no,,,,
ACPIDriverDll,18017D548,FUN_18017d548,188,auto,no,,,,
ACPIDriverDll,18017D604,FUN_18017d604,54,auto,no,,,,
ACPIDriverDll,18017D63C,FUN_18017d63c,54,auto,no,,,,
ACPIDriverDll,18017D674,FUN_18017d674,154,auto,no,,,,
ACPIDriverDll,18017D710,FUN_18017d710,39,auto,no,,,,
ACPIDriverDll,18017D738,FUN_18017d738,67,auto,no,,,,
ACPIDriverDll,18017D77C,FUN_18017d77c,175,auto,no,,,,
ACPIDriverDll,18017D82C,FUN_18017d82c,88,auto,no,,,,
ACPIDriverDll,18017D884,FUN_18017d884,26,auto,no,,,,
ACPIDriverDll,18017D8A0,FUN_18017d8a0,1013,auto,no,,,,
ACPIDriverDll,18017DC98,FUN_18017dc98,1862,auto,no,,,,
ACPIDriverDll,18017E3E0,FUN_18017e3e0,2131,auto,no,,,,
ACPIDriverDll,18017EC3C,CMFCRibbonMainPanel,97,auto,yes,,,,
ACPIDriverDll,18017ECA0,`scalar_deleting_destructor',76,auto,yes,,,,
ACPIDriverDll,18017ECEC,FUN_18017ecec,106,auto,no,,,,
ACPIDriverDll,18017ED58,FUN_18017ed58,225,auto,no,,,,
ACPIDriverDll,18017EE3C,CreateObject,49,auto,yes,,,,
ACPIDriverDll,18017EE70,CreateObject,86,auto,yes,,,,
ACPIDriverDll,18017EEC8,FUN_18017eec8,697,auto,no,,,,
ACPIDriverDll,18017F184,FUN_18017f184,232,auto,no,,,,
ACPIDriverDll,18017F26C,FUN_18017f26c,817,auto,no,,,,
ACPIDriverDll,18017F5A4,GetPreferedMenuLocation,152,auto,yes,,,,
ACPIDriverDll,18017F63C,FUN_18017f63c,347,auto,no,,,,
ACPIDriverDll,18017F798,FUN_18017f798,8,auto,no,,,,
ACPIDriverDll,18017F7A0,FUN_18017f7a0,8,auto,no,,,,
ACPIDriverDll,18017F7A8,FUN_18017f7a8,195,auto,no,,,,
ACPIDriverDll,18017F86C,FUN_18017f86c,320,auto,no,,,,
ACPIDriverDll,18017F9B0,FUN_18017f9b0,145,auto,no,,,,
ACPIDriverDll,18017FA44,OnDrawMenuBorder,58,auto,yes,,,,
ACPIDriverDll,18017FA80,FUN_18017fa80,468,auto,no,,,,
ACPIDriverDll,18017FC58,FUN_18017fc58,170,auto,no,,,,
ACPIDriverDll,18017FD04,FUN_18017fd04,1534,auto,no,,,,
ACPIDriverDll,180180308,COleCntrFrameWnd,76,auto,yes,,,,
ACPIDriverDll,180180354,COleIPFrameWnd,212,auto,yes,,,,
ACPIDriverDll,180180428,~COleCntrFrameWnd,106,auto,yes,,,,
ACPIDriverDll,180180498,FUN_180180498,148,auto,no,,,,
ACPIDriverDll,18018053C,`scalar_deleting_destructor',66,auto,yes,,,,
ACPIDriverDll,180180580,FUN_180180580,66,auto,no,,,,
ACPIDriverDll,1801805C4,FUN_1801805c4,255,auto,no,,,,
ACPIDriverDll,1801806C4,CreateObject,49,auto,yes,,,,
ACPIDriverDll,1801806F8,FUN_1801806f8,150,auto,no,,,,
ACPIDriverDll,180180790,FUN_180180790,36,auto,no,,,,
ACPIDriverDll,1801807B4,FUN_1801807b4,8,auto,no,,,,
ACPIDriverDll,1801807BC,FUN_1801807bc,8,auto,no,,,,
ACPIDriverDll,1801807C4,LoadFrame,126,auto,yes,,,,
ACPIDriverDll,180180844,OnBarCheck,116,auto,yes,,,,
ACPIDriverDll,1801808B8,FUN_1801808b8,199,auto,no,,,,
ACPIDriverDll,180180980,OnCreate,82,auto,yes,,,,
ACPIDriverDll,1801809D4,FUN_1801809d4,17,auto,no,,,,
ACPIDriverDll,1801809E8,FUN_1801809e8,116,auto,no,,,,
ACPIDriverDll,180180A5C,FUN_180180a5c,106,auto,no,,,,
ACPIDriverDll,180180AC8,OnIdleUpdateCmdUI,49,auto,yes,,,,
ACPIDriverDll,180180AFC,FUN_180180afc,74,auto,no,,,,
ACPIDriverDll,180180B48,FUN_180180b48,52,auto,no,,,,
ACPIDriverDll,180180B7C,FUN_180180b7c,287,auto,no,,,,
ACPIDriverDll,180180C9C,FUN_180180c9c,302,auto,no,,,,
ACPIDriverDll,180180DCC,OnUpdateControlBarMenu,128,auto,yes,,,,
ACPIDriverDll,180180E4C,OnWindowPosChanging,79,auto,yes,,,,
ACPIDriverDll,180180E9C,FUN_180180e9c,183,auto,no,,,,
ACPIDriverDll,180180F54,FUN_180180f54,210,auto,no,,,,
ACPIDriverDll,180181028,FUN_180181028,508,auto,no,,,,
ACPIDriverDll,180181224,FUN_180181224,106,auto,no,,,,
ACPIDriverDll,180181290,COleDocIPFrameWnd,41,auto,yes,,,,
ACPIDriverDll,1801812BC,FUN_1801812bc,15,auto,no,,,,
ACPIDriverDll,1801812CC,FUN_1801812cc,76,auto,no,,,,
ACPIDriverDll,180181318,FUN_180181318,245,auto,no,,,,
ACPIDriverDll,180181410,CreateObject,49,auto,yes,,,,
ACPIDriverDll,180181444,FUN_180181444,8,auto,no,,,,
ACPIDriverDll,18018144C,FUN_18018144c,8,auto,no,,,,
ACPIDriverDll,180181454,FUN_180181454,518,auto,no,,,,
ACPIDriverDll,18018165C,FUN_18018165c,86,auto,no,,,,
ACPIDriverDll,1801816B4,FUN_1801816b4,378,auto,no,,,,
ACPIDriverDll,180181830,FUN_180181830,148,auto,no,,,,
ACPIDriverDll,1801818CC,FUN_1801818cc,66,auto,no,,,,
ACPIDriverDll,180181910,FUN_180181910,63,auto,no,,,,
ACPIDriverDll,180181950,FUN_180181950,27,auto,no,,,,
ACPIDriverDll,18018196C,FUN_18018196c,64,auto,no,,,,
ACPIDriverDll,1801819AC,CreateMemoryStream,81,auto,yes,,,,
ACPIDriverDll,180181A00,FUN_180181a00,10,auto,no,,,,
ACPIDriverDll,180181A0C,FUN_180181a0c,115,auto,no,,,,
ACPIDriverDll,180181A80,FUN_180181a80,39,auto,no,,,,
ACPIDriverDll,180181AA8,FUN_180181aa8,87,auto,no,,,,
ACPIDriverDll,180181B00,FUN_180181b00,53,auto,no,,,,
ACPIDriverDll,180181B38,FUN_180181b38,8,auto,no,,,,
ACPIDriverDll,180181B40,FUN_180181b40,38,auto,no,,,,
ACPIDriverDll,180181B68,FUN_180181b68,43,auto,no,,,,
ACPIDriverDll,180181B94,FUN_180181b94,38,auto,no,,,,
ACPIDriverDll,180181BBC,FUN_180181bbc,47,auto,no,,,,
ACPIDriverDll,180181BEC,FUN_180181bec,37,auto,no,,,,
ACPIDriverDll,180181C14,FUN_180181c14,43,auto,no,,,,
ACPIDriverDll,180181C40,FUN_180181c40,57,auto,no,,,,
ACPIDriverDll,180181C7C,_AfxFillOleFileException,109,auto,yes,,,,
ACPIDriverDll,180181CEC,FUN_180181cec,51,auto,no,,,,
ACPIDriverDll,180181D20,FUN_180181d20,69,auto,no,,,,
ACPIDriverDll,180181D68,CSharedFile,62,auto,yes,,,,
ACPIDriverDll,180181DA8,~CSharedFile,54,auto,yes,,,,
ACPIDriverDll,180181DE0,`scalar_deleting_destructor',66,auto,yes,,,,
ACPIDriverDll,180181E24,Alloc,48,auto,yes,,,,
ACPIDriverDll,180181E54,Detach,54,auto,yes,,,,
ACPIDriverDll,180181E8C,FUN_180181e8c,35,auto,no,,,,
ACPIDriverDll,180181EB0,FUN_180181eb0,8,auto,no,,,,
ACPIDriverDll,180181EB8,FUN_180181eb8,82,auto,no,,,,
ACPIDriverDll,180181F0C,FUN_180181f0c,75,auto,no,,,,
ACPIDriverDll,180181F58,FUN_180181f58,14,auto,no,,,,
ACPIDriverDll,180181F68,`scalar_deleting_destructor',55,auto,yes,,,,
ACPIDriverDll,180181FA0,CMapStringToPtr,55,auto,yes,,,,
ACPIDriverDll,180181FD8,~CMapStringToPtr,34,auto,yes,,,,
ACPIDriverDll,180181FFC,FID_conflict:operator[],163,auto,yes,,,,
ACPIDriverDll,1801820A0,`scalar_deleting_destructor',89,auto,yes,,,,
ACPIDriverDll,1801820FC,FUN_1801820fc,197,auto,no,,,,
ACPIDriverDll,1801821C4,FUN_1801821c4,8,auto,no,,,,
ACPIDriverDll,1801821CC,Lookup,47,auto,yes,,,,
ACPIDriverDll,1801821FC,FUN_1801821fc,47,auto,no,,,,
ACPIDriverDll,18018222C,FUN_18018222c,165,auto,no,,,,
ACPIDriverDll,1801822D4,FUN_1801822d4,163,auto,no,,,,
ACPIDriverDll,180182378,CMFCToolBarButtonsListButton,170,auto,yes,,,,
ACPIDriverDll,180182424,~CMFCToolBarButtonsListButton,56,auto,yes,,,,
ACPIDriverDll,18018245C,`scalar_deleting_destructor',66,auto,yes,,,,
ACPIDriverDll,1801824A0,FUN_1801824a0,113,auto,no,,,,
ACPIDriverDll,180182514,FUN_180182514,654,auto,no,,,,
ACPIDriverDll,1801827A4,FUN_1801827a4,8,auto,no,,,,
ACPIDriverDll,1801827AC,FUN_1801827ac,26,auto,no,,,,
ACPIDriverDll,1801827C8,FUN_1801827c8,185,auto,no,,,,
ACPIDriverDll,180182884,FUN_180182884,193,auto,no,,,,
ACPIDriverDll,180182948,FUN_180182948,41,auto,no,,,,
ACPIDriverDll,180182974,OnEraseBkgnd,189,auto,yes,,,,
ACPIDriverDll,180182A34,OnKeyDown,179,auto,yes,,,,
ACPIDriverDll,180182AE8,FUN_180182ae8,163,auto,no,,,,
ACPIDriverDll,180182B8C,FUN_180182b8c,27,auto,no,,,,
ACPIDriverDll,180182BA8,OnSysColorChange,53,auto,yes,,,,
ACPIDriverDll,180182BE0,FUN_180182be0,343,auto,no,,,,
ACPIDriverDll,180182D38,FUN_180182d38,665,auto,no,,,,
ACPIDriverDll,180182FD4,RedrawSelection,138,auto,yes,,,,
ACPIDriverDll,180183060,FUN_180183060,134,auto,no,,,,
ACPIDriverDll,1801830E8,FUN_1801830e8,500,auto,no,,,,
ACPIDriverDll,1801832E0,FUN_1801832e0,90,auto,no,,,,
ACPIDriverDll,18018333C,FUN_18018333c,41,auto,no,,,,
ACPIDriverDll,180183368,FUN_180183368,297,auto,no,,,,
ACPIDriverDll,180183494,~CMFCImagePaintArea,168,auto,yes,,,,
ACPIDriverDll,18018353C,`scalar_deleting_destructor',66,auto,yes,,,,
ACPIDriverDll,180183580,BitmapToClient,98,auto,yes,,,,
ACPIDriverDll,1801835E4,FUN_1801835e4,805,auto,no,,,,
ACPIDriverDll,18018390C,FUN_18018390c,480,auto,no,,,,
ACPIDriverDll,180183AEC,FUN_180183aec,323,auto,no,,,,
ACPIDriverDll,180183C30,FUN_180183c30,8,auto,no,,,,
ACPIDriverDll,180183C38,FUN_180183c38,40,auto,no,,,,
ACPIDriverDll,180183C60,FUN_180183c60,370,auto,no,,,,
ACPIDriverDll,180183DD4,FUN_180183dd4,1197,auto,no,,,,
ACPIDriverDll,180184284,FUN_180184284,1290,auto,no,,,,
ACPIDriverDll,180184790,OnSetCursor,271,auto,yes,,,,
ACPIDriverDll,1801848A0,PreSubclassWindow,214,auto,yes,,,,
ACPIDriverDll,180184978,FUN_180184978,346,auto,no,,,,
ACPIDriverDll,180184AD4,FUN_180184ad4,89,auto,no,,,,
ACPIDriverDll,180184B30,CMFCImageEditorDialog,336,auto,yes,,,,
ACPIDriverDll,180184C80,`scalar_deleting_destructor',66,auto,yes,,,,
ACPIDriverDll,180184CC4,Create16ColorsStdPalette,183,auto,yes,,,,
ACPIDriverDll,180184D7C,DoDataExchange,106,auto,yes,,,,
ACPIDriverDll,180184DE8,FUN_180184de8,8,auto,no,,,,
ACPIDriverDll,180184DF0,FUN_180184df0,22,auto,no,,,,
ACPIDriverDll,180184E08,OnColors,77,auto,yes,,,,
ACPIDriverDll,180184E58,FUN_180184e58,1329,auto,no,,,,
ACPIDriverDll,18018538C,FUN_18018538c,43,auto,no,,,,
ACPIDriverDll,1801853B8,OnPaint,397,auto,yes,,,,
ACPIDriverDll,180185548,OnPickColor,64,auto,yes,,,,
ACPIDriverDll,180185588,OnToolClear,324,auto,yes,,,,
ACPIDriverDll,1801856CC,OnToolCopy,749,auto,yes,,,,
ACPIDriverDll,1801859E0,FUN_1801859e0,718,auto,no,,,,
ACPIDriverDll,180185D30,FUN_180185d30,52,auto,no,,,,
ACPIDriverDll,180185DC4,FUN_180185dc4,297,auto,no,,,,
ACPIDriverDll,180185EF0,CMFCToolBarsListPropertyPage,240,auto,yes,,,,
ACPIDriverDll,180185FE0,FUN_180185fe0,85,auto,no,,,,
ACPIDriverDll,180186038,FUN_180186038,190,auto,no,,,,
ACPIDriverDll,1801860F8,~CMFCToolBarsListPropertyPage,104,auto,yes,,,,
ACPIDriverDll,180186160,FUN_180186160,66,auto,no,,,,
ACPIDriverDll,1801861A4,`scalar_deleting_destructor',66,auto,yes,,,,
ACPIDriverDll,1801861E8,FUN_1801861e8,49,auto,no,,,,
ACPIDriverDll,18018621C,CreateObject,51,auto,yes,,,,
ACPIDriverDll,180186250,DoDataExchange,86,auto,yes,,,,
ACPIDriverDll,1801862A8,DoDataExchange,166,auto,yes,,,,
ACPIDriverDll,180186350,FUN_180186350,8,auto,no,,,,
ACPIDriverDll,180186358,FUN_180186358,8,auto,no,,,,
ACPIDriverDll,180186360,FUN_180186360,8,auto,no,,,,
ACPIDriverDll,180186368,FUN_180186368,8,auto,no,,,,
ACPIDriverDll,180186370,FUN_180186370,163,auto,no,,,,
ACPIDriverDll,180186414,FUN_180186414,281,auto,no,,,,
ACPIDriverDll,180186530,FUN_180186530,189,auto,no,,,,
ACPIDriverDll,1801865F0,FUN_1801865f0,443,auto,no,,,,
ACPIDriverDll,1801867B0,FUN_1801867b0,121,auto,no,,,,
ACPIDriverDll,18018682C,FUN_18018682c,678,auto,no,,,,
ACPIDriverDll,180186AD8,FUN_180186ad8,411,auto,no,,,,
ACPIDriverDll,180186C74,FUN_180186c74,563,auto,no,,,,
ACPIDriverDll,180186EA8,FUN_180186ea8,433,auto,no,,,,
ACPIDriverDll,18018705C,FUN_18018705c,307,auto,no,,,,
ACPIDriverDll,180187194,FUN_180187194,936,auto,no,,,,
ACPIDriverDll,180187544,FUN_180187544,334,auto,no,,,,
ACPIDriverDll,180187694,FUN_180187694,82,auto,no,,,,
ACPIDriverDll,1801876E8,FUN_1801876e8,42,auto,no,,,,
ACPIDriverDll,180187714,FUN_180187714,62,auto,no,,,,
ACPIDriverDll,180187754,ShowToolBar,183,auto,yes,,,,
ACPIDriverDll,18018780C,FUN_18018780c,543,auto,no,,,,
ACPIDriverDll,180187A30,FUN_180187a30,307,auto,no,,,,
ACPIDriverDll,180187B64,thunk_FUN_180169ba8,5,auto,no,,,,
ACPIDriverDll,180187B6C,`scalar_deleting_destructor',66,auto,yes,,,,
ACPIDriverDll,180187BB0,FUN_180187bb0,66,auto,no,,,,
ACPIDriverDll,180187BF4,FUN_180187bf4,172,auto,no,,,,
ACPIDriverDll,180187CA4,DoDataExchange,226,auto,yes,,,,
ACPIDriverDll,180187D88,FUN_180187d88,137,auto,no,,,,
ACPIDriverDll,180187E14,FUN_180187e14,8,auto,no,,,,
ACPIDriverDll,180187E1C,FUN_180187e1c,205,auto,no,,,,
ACPIDriverDll,180187EEC,FUN_180187eec,39,auto,no,,,,
ACPIDriverDll,180187F14,FUN_180187f14,39,auto,no,,,,
ACPIDriverDll,180187F3C,FUN_180187f3c,144,auto,no,,,,
ACPIDriverDll,180187FCC,FUN_180187fcc,271,auto,no,,,,
ACPIDriverDll,1801880E0,FUN_1801880e0,66,auto,no,,,,
ACPIDriverDll,180188124,FUN_180188124,240,auto,no,,,,
ACPIDriverDll,180188214,FUN_180188214,466,auto,no,,,,
ACPIDriverDll,1801883E8,FUN_1801883e8,258,auto,no,,,,
ACPIDriverDll,1801884EC,FUN_1801884ec,66,auto,no,,,,
ACPIDriverDll,180188530,FUN_180188530,27,auto,no,,,,
ACPIDriverDll,18018854C,FUN_18018854c,305,auto,no,,,,
ACPIDriverDll,180188680,FUN_180188680,218,auto,no,,,,
ACPIDriverDll,18018875C,FUN_18018875c,261,auto,no,,,,
ACPIDriverDll,180188864,FUN_180188864,134,auto,no,,,,
ACPIDriverDll,1801888EC,FUN_1801888ec,66,auto,no,,,,
ACPIDriverDll,180188930,FUN_180188930,49,auto,no,,,,
ACPIDriverDll,180188964,DoDataExchange,106,auto,yes,,,,
ACPIDriverDll,1801889D0,EnableDblClkControls,103,auto,yes,,,,
ACPIDriverDll,180188A38,FUN_180188a38,8,auto,no,,,,
ACPIDriverDll,180188A40,FUN_180188a40,8,auto,no,,,,
ACPIDriverDll,180188A48,FUN_180188a48,1131,auto,no,,,,
ACPIDriverDll,180188EB8,FUN_180188eb8,314,auto,no,,,,
ACPIDriverDll,180188FF4,OnNoDblcliick,45,auto,yes,,,,
ACPIDriverDll,180189024,FUN_180189024,213,auto,no,,,,
ACPIDriverDll,1801890FC,OnUseDblcliick,88,auto,yes,,,,
ACPIDriverDll,180189154,FUN_180189154,252,auto,no,,,,
ACPIDriverDll,180189250,FUN_180189250,593,auto,no,,,,
ACPIDriverDll,1801894A4,FUN_1801894a4,299,auto,no,,,,
ACPIDriverDll,1801895D0,`scalar_deleting_destructor',66,auto,yes,,,,
ACPIDriverDll,180189614,FUN_180189614,226,auto,no,,,,
ACPIDriverDll,1801896F8,CreateObject,54,auto,yes,,,,
ACPIDriverDll,180189730,DoDataExchange,246,auto,yes,,,,
ACPIDriverDll,180189828,FUN_180189828,8,auto,no,,,,
ACPIDriverDll,180189830,FUN_180189830,8,auto,no,,,,
ACPIDriverDll,180189838,FUN_180189838,584,auto,no,,,,
ACPIDriverDll,180189A84,FUN_180189a84,877,auto,no,,,,
ACPIDriverDll,180189DF8,FUN_180189df8,517,auto,no,,,,
ACPIDriverDll,18018A000,FUN_18018a000,255,auto,no,,,,
ACPIDriverDll,18018A104,FUN_18018a104,816,auto,no,,,,
ACPIDriverDll,18018A43C,FUN_18018a43c,316,auto,no,,,,
ACPIDriverDll,18018A578,FUN_18018a578,113,auto,no,,,,
ACPIDriverDll,18018A5EC,FUN_18018a5ec,421,auto,no,,,,
ACPIDriverDll,18018A794,FUN_18018a794,411,auto,no,,,,
ACPIDriverDll,18018A930,FUN_18018a930,62,auto,no,,,,
ACPIDriverDll,18018A970,CMFCToolBarsOptionsPropertyPage,329,auto,yes,,,,
ACPIDriverDll,18018AABC,~CMFCToolBarsOptionsPropertyPage,116,auto,yes,,,,
ACPIDriverDll,18018AB30,`scalar_deleting_destructor',66,auto,yes,,,,
ACPIDriverDll,18018AB74,CreateObject,51,auto,yes,,,,
ACPIDriverDll,18018ABA8,DoDataExchange,266,auto,yes,,,,
ACPIDriverDll,18018ACB4,FUN_18018acb4,8,auto,no,,,,
ACPIDriverDll,18018ACBC,FUN_18018acbc,8,auto,no,,,,
ACPIDriverDll,18018ACC4,FUN_18018acc4,37,auto,no,,,,
ACPIDriverDll,18018ACEC,FUN_18018acec,320,auto,no,,,,
ACPIDriverDll,18018AE30,FUN_18018ae30,35,auto,no,,,,
ACPIDriverDll,18018AE54,OnResetUsageData,45,auto,yes,,,,
ACPIDriverDll,18018AE84,FUN_18018ae84,37,auto,no,,,,
ACPIDriverDll,18018AEAC,FUN_18018aeac,55,auto,no,,,,
ACPIDriverDll,18018AEE4,FUN_18018aee4,54,auto,no,,,,
ACPIDriverDll,18018AF1C,FUN_18018af1c,184,auto,no,,,,
ACPIDriverDll,18018AFD8,FUN_18018afd8,34,auto,no,,,,
ACPIDriverDll,18018AFFC,FUN_18018affc,105,auto,no,,,,
ACPIDriverDll,18018B068,`scalar_deleting_destructor',89,auto,yes,,,,
ACPIDriverDll,18018B0C4,FUN_18018b0c4,66,auto,no,,,,
ACPIDriverDll,18018B108,FUN_18018b108,49,auto,no,,,,
ACPIDriverDll,18018B13C,FUN_18018b13c,156,auto,no,,,,
ACPIDriverDll,18018B1DC,FUN_18018b1dc,8,auto,no,,,,
ACPIDriverDll,18018B1E4,GetViewDblClickCommand,31,auto,yes,,,,
ACPIDriverDll,18018B204,GetViewIconId,31,auto,yes,,,,
ACPIDriverDll,18018B224,FUN_18018b224,47,auto,no,,,,
ACPIDriverDll,18018B254,FUN_18018b254,196,auto,no,,,,
ACPIDriverDll,18018B31C,Lookup,45,auto,yes,,,,
ACPIDriverDll,18018B34C,Serialize,314,auto,yes,,,,
ACPIDriverDll,18018B488,FUN_18018b488,601,auto,no,,,,
ACPIDriverDll,18018B6E8,SetCommandForDblClk,41,auto,yes,,,,
ACPIDriverDll,18018B714,CControlBarInfo,127,auto,yes,,,,
ACPIDriverDll,18018B794,CDockState,209,auto,yes,,,,
ACPIDriverDll,18018B868,FUN_18018b868,152,auto,no,,,,
ACPIDriverDll,18018B904,FUN_18018b904,66,auto,no,,,,
ACPIDriverDll,18018B948,FUN_18018b948,138,auto,no,,,,
ACPIDriverDll,18018B9D4,CreateObject,49,auto,yes,,,,
ACPIDriverDll,18018BA08,FUN_18018ba08,8,auto,no,,,,
ACPIDriverDll,18018BA10,ScalePoint,107,auto,yes,,,,
ACPIDriverDll,18018BA7C,FUN_18018ba7c,222,auto,no,,,,
ACPIDriverDll,18018BB5C,FUN_18018bb5c,1722,auto,no,,,,
ACPIDriverDll,18018C22C,FUN_18018c22c,671,auto,no,,,,
ACPIDriverDll,18018C4D4,FUN_18018c4d4,44,auto,no,,,,
ACPIDriverDll,18018C500,CSmartDockingGroupGuide,94,auto,yes,,,,
ACPIDriverDll,18018C560,CSmartDockingGroupGuidesManager,142,auto,yes,,,,
ACPIDriverDll,18018C5F0,FUN_18018c5f0,195,auto,no,,,,
ACPIDriverDll,18018C6B4,CSmartDockingStandaloneGuide,134,auto,yes,,,,
ACPIDriverDll,18018C73C,CSmartDockingStandaloneGuideWnd,55,auto,yes,,,,
ACPIDriverDll,18018C774,~CSmartDockingGroupGuide,78,auto,yes,,,,
ACPIDriverDll,18018C7C4,~CSmartDockingGroupGuidesManager,164,auto,yes,,,,
ACPIDriverDll,18018C868,~CSmartDockingGroupGuidesWnd,68,auto,yes,,,,
ACPIDriverDll,18018C8AC,~CSmartDockingStandaloneGuide,107,auto,yes,,,,
ACPIDriverDll,18018C918,FUN_18018c918,15,auto,no,,,,
ACPIDriverDll,18018C928,`scalar_deleting_destructor',66,auto,yes,,,,
ACPIDriverDll,18018C96C,`scalar_deleting_destructor',66,auto,yes,,,,
ACPIDriverDll,18018C9B0,`scalar_deleting_destructor',116,auto,yes,,,,
ACPIDriverDll,18018CA24,`scalar_deleting_destructor',66,auto,yes,,,,
ACPIDriverDll,18018CA68,FUN_18018ca68,76,auto,no,,,,
ACPIDriverDll,18018CAB4,FUN_18018cab4,297,auto,no,,,,
ACPIDriverDll,18018CBE0,AdjustPos,199,auto,yes,,,,
ACPIDriverDll,18018CCA8,FUN_18018cca8,449,auto,no,,,,
ACPIDriverDll,18018CE6C,FUN_18018ce6c,822,auto,no,,,,
ACPIDriverDll,18018D1A4,FUN_18018d1a4,403,auto,no,,,,
ACPIDriverDll,18018D338,FUN_18018d338,228,auto,no,,,,
ACPIDriverDll,18018D41C,CreateObject,49,auto,yes,,,,
ACPIDriverDll,18018D450,CreateObject,49,auto,yes,,,,
ACPIDriverDll,18018D484,FUN_18018d484,151,auto,no,,,,
ACPIDriverDll,18018D51C,FUN_18018d51c,49,auto,no,,,,
ACPIDriverDll,18018D550,FUN_18018d550,12,auto,no,,,,
ACPIDriverDll,18018D55C,FUN_18018d55c,800,auto,no,,,,
ACPIDriverDll,18018D87C,FUN_18018d87c,662,auto,no,,,,
ACPIDriverDll,18018DB14,FUN_18018db14,32,auto,no,,,,
ACPIDriverDll,18018DB34,FUN_18018db34,8,auto,no,,,,
ACPIDriverDll,18018DB3C,FUN_18018db3c,8,auto,no,,,,
ACPIDriverDll,18018DB44,FUN_18018db44,8,auto,no,,,,
ACPIDriverDll,18018DB4C,FUN_18018db4c,8,auto,no,,,,
ACPIDriverDll,18018DB54,FUN_18018db54,59,auto,no,,,,
ACPIDriverDll,18018DB90,GetWindowRect,65,auto,yes,,,,
ACPIDriverDll,18018DBD4,Highlight,39,auto,yes,,,,
ACPIDriverDll,18018DBFC,FUN_18018dbfc,145,auto,no,,,,
ACPIDriverDll,18018DC90,Highlight,55,auto,yes,,,,
ACPIDriverDll,18018DCC8,FUN_18018dcc8,737,auto,no,,,,
ACPIDriverDll,18018DFAC,IsPtIn,76,auto,yes,,,,
ACPIDriverDll,18018DFF8,IsPtIn,240,auto,yes,,,,
ACPIDriverDll,18018E0E8,OnPaint,309,auto,yes,,,,
ACPIDriverDll,18018E220,OnPaint,270,auto,yes,,,,
ACPIDriverDll,18018E330,SetVisible,41,auto,yes,,,,
ACPIDriverDll,18018E35C,ShadeRect,244,auto,yes,,,,
ACPIDriverDll,18018E450,Show,56,auto,yes,,,,
ACPIDriverDll,18018E488,Show,56,auto,yes,,,,
ACPIDriverDll,18018E4C0,FUN_18018e4c0,66,auto,no,,,,
ACPIDriverDll,18018E504,Update,475,auto,yes,,,,
ACPIDriverDll,18018E6E0,FUN_18018e6e0,482,auto,no,,,,
ACPIDriverDll,18018E8C4,CSmartDockingHighlighterWnd,107,auto,yes,,,,
ACPIDriverDll,18018E930,FUN_18018e930,15,auto,no,,,,
ACPIDriverDll,18018E940,`scalar_deleting_destructor',76,auto,yes,,,,
ACPIDriverDll,18018E98C,FUN_18018e98c,259,auto,no,,,,
ACPIDriverDll,18018EA90,FUN_18018ea90,8,auto,no,,,,
ACPIDriverDll,18018EA98,Hide,108,auto,yes,,,,
ACPIDriverDll,18018EB04,FUN_18018eb04,416,auto,no,,,,
ACPIDriverDll,18018ECA4,ShowAt,187,auto,yes,,,,
ACPIDriverDll,18018ED60,FUN_18018ed60,449,auto,no,,,,
ACPIDriverDll,18018EF24,CMFCOutlookBarPaneAdapter,47,auto,yes,,,,
ACPIDriverDll,18018EF54,FUN_18018ef54,76,auto,no,,,,
ACPIDriverDll,18018EFA0,CreateObject,49,auto,yes,,,,
ACPIDriverDll,18018EFD4,FUN_18018efd4,8,auto,no,,,,
ACPIDriverDll,18018EFDC,FUN_18018efdc,8,auto,no,,,,
ACPIDriverDll,18018EFE4,FUN_18018efe4,46,auto,no,,,,
ACPIDriverDll,18018F014,FUN_18018f014,232,auto,no,,,,
ACPIDriverDll,18018F0FC,FUN_18018f0fc,218,auto,no,,,,
ACPIDriverDll,18018F1D8,`scalar_deleting_destructor',66,auto,yes,,,,
ACPIDriverDll,18018F21C,FUN_18018f21c,157,auto,no,,,,
ACPIDriverDll,18018F2BC,FUN_18018f2bc,107,auto,no,,,,
ACPIDriverDll,18018F328,FUN_18018f328,49,auto,no,,,,
ACPIDriverDll,18018F35C,FUN_18018f35c,448,auto,no,,,,
ACPIDriverDll,18018F51C,FUN_18018f51c,393,auto,no,,,,
ACPIDriverDll,18018F6A8,FUN_18018f6a8,8,auto,no,,,,
ACPIDriverDll,18018F6B0,FUN_18018f6b0,8,auto,no,,,,
ACPIDriverDll,18018F6B8,OnActivateView,139,auto,yes,,,,
ACPIDriverDll,18018F744,OnCreate,57,auto,yes,,,,
ACPIDriverDll,18018F780,FUN_18018f780,308,auto,no,,,,
ACPIDriverDll,18018F8B8,FUN_18018f8b8,1491,auto,no,,,,
ACPIDriverDll,18018FE8C,FUN_18018fe8c,222,auto,no,,,,
ACPIDriverDll,18018FF6C,FUN_18018ff6c,23,auto,no,,,,
ACPIDriverDll,18018FF84,FUN_18018ff84,86,auto,no,,,,
ACPIDriverDll,18018FFF0,OnNumPageChange,84,auto,yes,,,,
ACPIDriverDll,180190044,OnPrepareDC,45,auto,yes,,,,
ACPIDriverDll,180190088,FUN_180190088,364,auto,no,,,,
ACPIDriverDll,1801901F4,FUN_1801901f4,112,auto,no,,,,
ACPIDriverDll,180190268,FUN_180190268,163,auto,no,,,,
ACPIDriverDll,18019030C,OnSize,135,auto,yes,,,,
ACPIDriverDll,1801903D8,FUN_1801903d8,318,auto,no,,,,
ACPIDriverDll,180190590,OnVScroll,273,auto,yes,,,,
ACPIDriverDll,1801906A4,OnZoomIn,55,auto,yes,,,,
ACPIDriverDll,1801906DC,OnZoomOut,54,auto,yes,,,,
ACPIDriverDll,180190714,FUN_180190714,219,auto,no,,,,
ACPIDriverDll,1801907F0,FUN_1801907f0,177,auto,no,,,,
ACPIDriverDll,1801908A4,FUN_1801908a4,379,auto,no,,,,
ACPIDriverDll,180190A20,FUN_180190a20,204,auto,no,,,,
ACPIDriverDll,180190AEC,FUN_180190aec,116,auto,no,,,,
ACPIDriverDll,180190B64,FUN_180190b64,110,auto,no,,,,
ACPIDriverDll,180190BD4,`scalar_deleting_destructor',66,auto,yes,,,,
ACPIDriverDll,180190C18,FUN_180190c18,800,auto,no,,,,
ACPIDriverDll,180190F3C,FUN_180190f3c,152,auto,no,,,,
ACPIDriverDll,180190FD8,CTasksPaneHistoryButton,241,auto,yes,,,,
ACPIDriverDll,1801910CC,FUN_1801910cc,310,auto,no,,,,
ACPIDriverDll,180191204,thunk_FUN_18004ba3c,5,auto,no,,,,
ACPIDriverDll,18019122C,`scalar_deleting_destructor',66,auto,yes,,,,
ACPIDriverDll,180191270,FUN_180191270,126,auto,no,,,,
ACPIDriverDll,1801912F0,`scalar_deleting_destructor',66,auto,yes,,,,
ACPIDriverDll,180191334,FUN_180191334,81,auto,no,,,,
ACPIDriverDll,180191388,FUN_180191388,66,auto,no,,,,
ACPIDriverDll,1801913CC,FUN_1801913cc,125,auto,no,,,,
ACPIDriverDll,18019144C,AdjustLayout,71,auto,yes,,,,
ACPIDriverDll,180191494,FUN_180191494,433,auto,no,,,,
ACPIDriverDll,180191648,FUN_180191648,984,auto,no,,,,
ACPIDriverDll,180191A20,FUN_180191a20,367,auto,no,,,,
ACPIDriverDll,180191B90,CreateDefaultMiniframe,81,auto,yes,,,,
ACPIDriverDll,180191BE4,CreateFonts,326,auto,yes,,,,
ACPIDriverDll,180191D2C,FUN_180191d2c,228,auto,no,,,,
ACPIDriverDll,180191E14,FUN_180191e14,20,auto,no,,,,
ACPIDriverDll,180191E28,FUN_180191e28,2174,auto,no,,,,
ACPIDriverDll,1801926B0,FUN_1801926b0,49,auto,no,,,,
ACPIDriverDll,1801926E4,CreateObject,85,auto,yes,,,,
ACPIDriverDll,18019273C,CreateObject,106,auto,yes,,,,
ACPIDriverDll,1801927A8,CreateObject,98,auto,yes,,,,
ACPIDriverDll,18019280C,CreateObject,80,auto,yes,,,,
ACPIDriverDll,18019285C,CreatePopupMenu,62,auto,yes,,,,
ACPIDriverDll,18019289C,FUN_18019289c,289,auto,no,,,,
ACPIDriverDll,1801929C0,FUN_1801929c0,305,auto,no,,,,
ACPIDriverDll,180192AF4,FUN_180192af4,202,auto,no,,,,
ACPIDriverDll,180192BC0,FUN_180192bc0,116,auto,no,,,,
ACPIDriverDll,180192C34,FUN_180192c34,211,auto,no,,,,
ACPIDriverDll,180192D0C,FUN_180192d0c,8,auto,no,,,,
ACPIDriverDll,180192D14,FUN_180192d14,8,auto,no,,,,
ACPIDriverDll,180192D1C,FUN_180192d1c,156,auto,no,,,,
ACPIDriverDll,180192DBC,FUN_180192dbc,148,auto,no,,,,
ACPIDriverDll,180192E54,FUN_180192e54,8,auto,no,,,,
ACPIDriverDll,180192E5C,FUN_180192e5c,8,auto,no,,,,
ACPIDriverDll,180192E64,FUN_180192e64,8,auto,no,,,,
ACPIDriverDll,180192E6C,FUN_180192e6c,8,auto,no,,,,
ACPIDriverDll,180192E74,FUN_180192e74,8,auto,no,,,,
ACPIDriverDll,180192E7C,FUN_180192e7c,26,auto,no,,,,
ACPIDriverDll,180192E98,FUN_180192e98,57,auto,no,,,,
ACPIDriverDll,180192ED4,FUN_180192ed4,183,auto,no,,,,
ACPIDriverDll,180192F8C,FUN_180192f8c,698,auto,no,,,,
ACPIDriverDll,1801932B4,FUN_1801932b4,226,auto,no,,,,
ACPIDriverDll,180193398,FUN_180193398,271,auto,no,,,,
ACPIDriverDll,1801934A8,OnChangeParentWnd,54,auto,yes,,,,
ACPIDriverDll,1801934E0,FUN_1801934e0,70,auto,no,,,,
ACPIDriverDll,18019353C,FUN_18019353c,787,auto,no,,,,
ACPIDriverDll,180193858,FUN_180193858,92,auto,no,,,,
ACPIDriverDll,1801938B4,FUN_1801938b4,1153,auto,no,,,,
ACPIDriverDll,180193D3C,FUN_180193d3c,71,auto,no,,,,
ACPIDriverDll,180193DD0,FUN_180193dd0,30,auto,no,,,,
ACPIDriverDll,180193E04,FUN_180193e04,98,auto,no,,,,
ACPIDriverDll,180193E68,FUN_180193e68,297,auto,no,,,,
ACPIDriverDll,180193F94,FUN_180193f94,734,auto,no,,,,
ACPIDriverDll,180194274,FUN_180194274,1009,auto,no,,,,
ACPIDriverDll,180194668,FUN_180194668,174,auto,no,,,,
ACPIDriverDll,180194718,FUN_180194718,218,auto,no,,,,
ACPIDriverDll,1801947F4,FUN_1801947f4,168,auto,no,,,,
ACPIDriverDll,1801948A8,FUN_1801948a8,113,auto,no,,,,
ACPIDriverDll,18019491C,FUN_18019491c,36,auto,no,,,,
ACPIDriverDll,180194940,FUN_180194940,121,auto,no,,,,
ACPIDriverDll,1801949BC,FUN_1801949bc,46,auto,no,,,,
ACPIDriverDll,1801949EC,FUN_1801949ec,55,auto,no,,,,
ACPIDriverDll,180194A24,OnPressOtherButton,84,auto,yes,,,,
ACPIDriverDll,180194A78,FUN_180194a78,366,auto,no,,,,
ACPIDriverDll,180194BE8,FUN_180194be8,206,auto,no,,,,
ACPIDriverDll,180194CB8,FUN_180194cb8,67,auto,no,,,,
ACPIDriverDll,180194CFC,OnSetText,78,auto,yes,,,,
ACPIDriverDll,180194D4C,FUN_180194d4c,49,auto,no,,,,
ACPIDriverDll,180194D80,FUN_180194d80,70,auto,no,,,,
ACPIDriverDll,180194DC8,FUN_180194dc8,779,auto,no,,,,
ACPIDriverDll,1801950D4,FUN_1801950d4,23,auto,no,,,,
ACPIDriverDll,18019510C,FUN_18019510c,95,auto,no,,,,
ACPIDriverDll,18019516C,FUN_18019516c,299,auto,no,,,,
ACPIDriverDll,1801952C4,FUN_1801952c4,174,auto,no,,,,
ACPIDriverDll,180195374,FUN_180195374,225,auto,no,,,,
ACPIDriverDll,180195458,FUN_180195458,257,auto,no,,,,
ACPIDriverDll,18019555C,FUN_18019555c,156,auto,no,,,,
ACPIDriverDll,1801955F8,FUN_1801955f8,89,auto,no,,,,
ACPIDriverDll,180195654,FUN_180195654,2925,auto,no,,,,
ACPIDriverDll,1801961CC,FUN_1801961cc,186,auto,no,,,,
ACPIDriverDll,180196288,FUN_180196288,583,auto,no,,,,
ACPIDriverDll,1801964F0,FUN_1801964f0,1948,auto,no,,,,
ACPIDriverDll,180196CA4,SetACCData,69,auto,yes,,,,
ACPIDriverDll,180196CEC,FUN_180196cec,90,auto,no,,,,
ACPIDriverDll,180196D48,FUN_180196d48,91,auto,no,,,,
ACPIDriverDll,180196DA4,SetCaptionButtons,196,auto,yes,,,,
ACPIDriverDll,180196E68,FUN_180196e68,68,auto,no,,,,
ACPIDriverDll,180196EAC,FUN_180196eac,450,auto,no,,,,
ACPIDriverDll,180197070,FUN_180197070,365,auto,no,,,,
ACPIDriverDll,1801971E0,FUN_1801971e0,89,auto,no,,,,
ACPIDriverDll,18019723C,StopCaptionButtonsTracking,23,auto,yes,,,,
ACPIDriverDll,180197254,FUN_180197254,232,auto,no,,,,
ACPIDriverDll,180197340,FUN_180197340,70,auto,no,,,,
ACPIDriverDll,180197388,FUN_180197388,71,auto,no,,,,
ACPIDriverDll,1801973D0,FUN_1801973d0,290,auto,no,,,,
ACPIDriverDll,1801974F4,FUN_1801974f4,233,auto,no,,,,
ACPIDriverDll,1801975E0,FUN_1801975e0,87,auto,no,,,,
ACPIDriverDll,180197638,FUN_180197638,356,auto,no,,,,
ACPIDriverDll,18019779C,CMFCColorPickerCtrl,178,auto,yes,,,,
ACPIDriverDll,180197850,FUN_180197850,183,auto,no,,,,
ACPIDriverDll,180197908,`scalar_deleting_destructor',45,auto,yes,,,,
ACPIDriverDll,180197938,FUN_180197938,66,auto,no,,,,
ACPIDriverDll,18019797C,FUN_18019797c,91,auto,no,,,,
ACPIDriverDll,1801979D8,FUN_1801979d8,768,auto,no,,,,
ACPIDriverDll,180197CD8,FUN_180197cd8,735,auto,no,,,,
ACPIDriverDll,180197FB8,Draw,209,auto,yes,,,,
ACPIDriverDll,18019808C,DrawCursor,617,auto,yes,,,,
ACPIDriverDll,1801982F8,FUN_1801982f8,262,auto,no,,,,
ACPIDriverDll,180198400,FUN_180198400,1081,auto,no,,,,
ACPIDriverDll,18019883C,FUN_18019883c,215,auto,no,,,,
ACPIDriverDll,180198914,FUN_180198914,689,auto,no,,,,
ACPIDriverDll,180198BC8,DrawSelected,791,auto,yes,,,,
ACPIDriverDll,180198EE0,FUN_180198ee0,51,auto,no,,,,
ACPIDriverDll,180198F14,FUN_180198f14,236,auto,no,,,,
ACPIDriverDll,180199000,GetCursorRect,177,auto,yes,,,,
ACPIDriverDll,1801990B4,GetHLS,31,auto,yes,,,,
ACPIDriverDll,1801990D4,FUN_1801990d4,8,auto,no,,,,
ACPIDriverDll,1801990DC,FUN_1801990dc,123,auto,no,,,,
ACPIDriverDll,180199158,FUN_180199158,137,auto,no,,,,
ACPIDriverDll,1801991E4,NotifyParent,94,auto,yes,,,,
ACPIDriverDll,180199244,FUN_180199244,1030,auto,no,,,,
ACPIDriverDll,18019964C,FUN_18019964c,36,auto,no,,,,
ACPIDriverDll,180199670,OnLButtonDblClk,140,auto,yes,,,,
ACPIDriverDll,1801996FC,FUN_1801996fc,77,auto,no,,,,
ACPIDriverDll,18019974C,FUN_18019974c,47,auto,no,,,,
ACPIDriverDll,18019977C,FUN_18019977c,526,auto,no,,,,
ACPIDriverDll,18019998C,OnPaletteChanged,75,auto,yes,,,,
ACPIDriverDll,1801999D8,FUN_1801999d8,38,auto,no,,,,
ACPIDriverDll,180199A00,FUN_180199a00,36,auto,no,,,,
ACPIDriverDll,180199A24,OnSize,79,auto,yes,,,,
ACPIDriverDll,180199A74,FUN_180199a74,127,auto,no,,,,
ACPIDriverDll,180199AF4,FUN_180199af4,17,auto,no,,,,
ACPIDriverDll,180199B08,FUN_180199b08,38,auto,no,,,,
ACPIDriverDll,180199B30,FUN_180199b30,195,auto,no,,,,
ACPIDriverDll,180199BF4,SelectCellHexagon,29,auto,yes,,,,
ACPIDriverDll,180199C14,SetColor,77,auto,yes,,,,
ACPIDriverDll,180199C64,FUN_180199c64,156,auto,no,,,,
ACPIDriverDll,180199D00,SetLuminanceBarWidth,125,auto,yes,,,,
ACPIDriverDll,180199D80,FUN_180199d80,7,auto,no,,,,
ACPIDriverDll,180199D88,SetPalette,83,auto,yes,,,,
ACPIDriverDll,180199DDC,FUN_180199ddc,7,auto,no,,,,
ACPIDriverDll,180199DE4,CMFCStandardColorsPropertyPage,96,auto,yes,,,,
ACPIDriverDll,180199E44,`scalar_deleting_destructor',93,auto,yes,,,,
ACPIDriverDll,180199EA4,AdjustControlWidth,164,auto,yes,,,,
ACPIDriverDll,180199F48,CreateObject,49,auto,yes,,,,
ACPIDriverDll,180199F7C,FUN_180199f7c,66,auto,no,,,,
ACPIDriverDll,180199FC0,FUN_180199fc0,8,auto,no,,,,
ACPIDriverDll,180199FC8,FUN_180199fc8,8,auto,no,,,,
ACPIDriverDll,180199FE4,FUN_180199fe4,166,auto,no,,,,
ACPIDriverDll,18019A08C,OnHexColor,147,auto,yes,,,,
ACPIDriverDll,18019A120,OnInitDialog,196,auto,yes,,,,
ACPIDriverDll,18019A1E4,OnSize,67,auto,yes,,,,
ACPIDriverDll,18019A228,CMFCCustomColorsPropertyPage,123,auto,yes,,,,
ACPIDriverDll,18019A2A4,`scalar_deleting_destructor',93,auto,yes,,,,
ACPIDriverDll,18019A304,CreateObject,49,auto,yes,,,,
ACPIDriverDll,18019A338,DoDataExchange,186,auto,yes,,,,
ACPIDriverDll,18019A3F4,FUN_18019a3f4,8,auto,no,,,,
ACPIDriverDll,18019A3FC,FUN_18019a3fc,8,auto,no,,,,
ACPIDriverDll,18019A404,FUN_18019a404,334,auto,no,,,,
ACPIDriverDll,18019A554,FUN_18019a554,673,auto,no,,,,
ACPIDriverDll,18019A7F8,FUN_18019a7f8,252,auto,no,,,,
ACPIDriverDll,18019A8F4,FUN_18019a8f4,298,auto,no,,,,
ACPIDriverDll,18019AA20,FUN_18019aa20,615,auto,no,,,,
ACPIDriverDll,18019AC88,FUN_18019ac88,304,auto,no,,,,
ACPIDriverDll,18019ADB8,FUN_18019adb8,41,auto,no,,,,
ACPIDriverDll,18019ADE4,FUN_18019ade4,76,auto,no,,,,
ACPIDriverDll,18019AE30,FUN_18019ae30,8,auto,no,,,,
ACPIDriverDll,18019AE38,FUN_18019ae38,8,auto,no,,,,
ACPIDriverDll,18019AE40,OnInitDialog,60,auto,yes,,,,
ACPIDriverDll,18019AE7C,FUN_18019ae7c,94,auto,no,,,,
ACPIDriverDll,18019AEDC,FUN_18019aedc,27,auto,no,,,,
ACPIDriverDll,18019AEF8,FUN_18019aef8,50,auto,no,,,,
ACPIDriverDll,18019AF2C,PreTranslateMessage,74,auto,yes,,,,
ACPIDriverDll,18019AF78,FUN_18019af78,410,auto,no,,,,
ACPIDriverDll,18019B114,~CMFCColorPopupMenu,44,auto,yes,,,,
ACPIDriverDll,18019B140,FUN_18019b140,328,auto,no,,,,
ACPIDriverDll,18019B28C,FUN_18019b28c,8,auto,no,,,,
ACPIDriverDll,18019B294,FUN_18019b294,8,auto,no,,,,
ACPIDriverDll,18019B29C,FUN_18019b29c,322,auto,no,,,,
ACPIDriverDll,18019B3E0,CMFCListCtrl,98,auto,yes,,,,
ACPIDriverDll,18019B444,~CMFCListCtrl,44,auto,yes,,,,
ACPIDriverDll,18019B470,`scalar_deleting_destructor',66,auto,yes,,,,
ACPIDriverDll,18019B4B4,FUN_18019b4b4,61,auto,no,,,,
ACPIDriverDll,18019B4F4,FUN_18019b4f4,8,auto,no,,,,
ACPIDriverDll,18019B4FC,FUN_18019b4fc,8,auto,no,,,,
ACPIDriverDll,18019B504,FUN_18019b504,63,auto,no,,,,
ACPIDriverDll,18019B544,FUN_18019b544,43,auto,no,,,,
ACPIDriverDll,18019B570,FUN_18019b570,44,auto,no,,,,
ACPIDriverDll,18019B59C,FUN_18019b59c,208,auto,no,,,,
ACPIDriverDll,18019B670,FUN_18019b670,44,auto,no,,,,
ACPIDriverDll,18019B69C,FUN_18019b69c,345,auto,no,,,,
ACPIDriverDll,18019B7F8,FUN_18019b7f8,305,auto,no,,,,
ACPIDriverDll,18019B92C,FUN_18019b92c,91,auto,no,,,,
ACPIDriverDll,18019B988,FUN_18019b988,93,auto,no,,,,
ACPIDriverDll,18019B9E8,OnSysColorChange,49,auto,yes,,,,
ACPIDriverDll,18019BA1C,PreSubclassWindow,40,auto,yes,,,,
ACPIDriverDll,18019BA44,FUN_18019ba44,161,auto,no,,,,
ACPIDriverDll,18019BAE8,CMFCToolBarFontComboBox,66,auto,yes,,,,
ACPIDriverDll,18019BB2C,CMFCToolBarFontComboBox,150,auto,yes,,,,
ACPIDriverDll,18019BBC4,FUN_18019bbc4,40,auto,no,,,,
ACPIDriverDll,18019BBEC,~CMFCToolBarFontComboBox,66,auto,yes,,,,
ACPIDriverDll,18019BC30,`scalar_deleting_destructor',66,auto,yes,,,,
ACPIDriverDll,18019BC74,FUN_18019bc74,76,auto,no,,,,
ACPIDriverDll,18019BCC0,FUN_18019bcc0,553,auto,no,,,,
ACPIDriverDll,18019BEEC,FUN_18019beec,62,auto,no,,,,
ACPIDriverDll,18019BF2C,CopyFrom,68,auto,yes,,,,
ACPIDriverDll,18019BF70,FUN_18019bf70,169,auto,no,,,,
ACPIDriverDll,18019C01C,FUN_18019c01c,163,auto,no,,,,
ACPIDriverDll,18019C0C0,CreateObject,49,auto,yes,,,,
ACPIDriverDll,18019C0F4,CreateObject,49,auto,yes,,,,
ACPIDriverDll,18019C128,FUN_18019c128,195,auto,no,,,,
ACPIDriverDll,18019C1EC,FUN_18019c1ec,138,auto,no,,,,
ACPIDriverDll,18019C278,FUN_18019c278,105,auto,no,,,,
ACPIDriverDll,18019C2E4,FUN_18019c2e4,228,auto,no,,,,
ACPIDriverDll,18019C3CC,FUN_18019c3cc,8,auto,no,,,,
ACPIDriverDll,18019C3D4,FUN_18019c3d4,8,auto,no,,,,
ACPIDriverDll,18019C3DC,FUN_18019c3dc,311,auto,no,,,,
ACPIDriverDll,18019C514,FUN_18019c514,1033,auto,no,,,,
ACPIDriverDll,18019C928,FUN_18019c928,289,auto,no,,,,
ACPIDriverDll,18019CA4C,CMFCHeaderCtrl,136,auto,yes,,,,
ACPIDriverDll,18019CAD4,~CMFCDropDownListBox,64,auto,yes,,,,
ACPIDriverDll,18019CB14,`scalar_deleting_destructor',66,auto,yes,,,,
ACPIDriverDll,18019CB58,CommonInit,87,auto,yes,,,,
ACPIDriverDll,18019CBB0,GetColumnState,35,auto,yes,,,,
ACPIDriverDll,18019CBD4,FUN_18019cbd4,8,auto,no,,,,
ACPIDriverDll,18019CBDC,FUN_18019cbdc,8,auto,no,,,,
ACPIDriverDll,18019CBE4,OnCancelMode,57,auto,yes,,,,
ACPIDriverDll,18019CC20,OnCreate,39,auto,yes,,,,
ACPIDriverDll,18019CC48,FUN_18019cc48,989,auto,no,,,,
ACPIDriverDll,18019D028,FUN_18019d028,71,auto,no,,,,
ACPIDriverDll,18019D070,FUN_18019d070,131,auto,no,,,,
ACPIDriverDll,18019D110,OnMouseLeave,53,auto,yes,,,,
ACPIDriverDll,18019D148,FUN_18019d148,211,auto,no,,,,
ACPIDriverDll,18019D21C,FUN_18019d21c,832,auto,no,,,,
ACPIDriverDll,18019D55C,OnSetFont,66,auto,yes,,,,
ACPIDriverDll,18019D5A0,PreSubclassWindow,27,auto,yes,,,,
ACPIDriverDll,18019D5BC,FUN_18019d5bc,140,auto,no,,,,
ACPIDriverDll,18019D648,FUN_18019d648,135,auto,no,,,,
ACPIDriverDll,18019D6D0,COleBusyDialog,154,auto,yes,,,,
ACPIDriverDll,18019D76C,COleDialog,45,auto,yes,,,,
ACPIDriverDll,18019D79C,`scalar_deleting_destructor',76,auto,yes,,,,
ACPIDriverDll,18019D7E8,AfxOleHookProc,71,auto,yes,,,,
ACPIDriverDll,18019D830,FUN_18019d830,185,auto,no,,,,
ACPIDriverDll,18019D8EC,FUN_18019d8ec,8,auto,no,,,,
ACPIDriverDll,18019D8F4,_AFX_CHECKLIST_STATE,147,auto,yes,,,,
ACPIDriverDll,18019D988,FUN_18019d988,36,auto,no,,,,
ACPIDriverDll,18019D9AC,FUN_18019d9ac,34,auto,no,,,,
ACPIDriverDll,18019D9D0,FUN_18019d9d0,66,auto,no,,,,
ACPIDriverDll,18019DA14,`scalar_deleting_destructor',66,auto,yes,,,,
ACPIDriverDll,18019DA58,FUN_18019da58,276,auto,no,,,,
ACPIDriverDll,18019DB70,FUN_18019db70,368,auto,no,,,,
ACPIDriverDll,18019DCE4,FUN_18019dce4,23,auto,no,,,,
ACPIDriverDll,18019DCFC,CreateObject,49,auto,yes,,,,
ACPIDriverDll,18019DD30,FUN_18019dd30,639,auto,no,,,,
ACPIDriverDll,18019DFB4,FUN_18019dfb4,53,auto,no,,,,
ACPIDriverDll,18019DFEC,FUN_18019dfec,384,auto,no,,,,
ACPIDriverDll,18019E16C,FUN_18019e16c,8,auto,no,,,,
ACPIDriverDll,18019E17C,FUN_18019e17c,173,auto,no,,,,
ACPIDriverDll,18019E22C,FUN_18019e22c,57,auto,no,,,,
ACPIDriverDll,18019E268,OnChildNotify,94,auto,yes,,,,
ACPIDriverDll,18019E2C8,OnCreate,76,auto,yes,,,,
ACPIDriverDll,18019E314,FUN_18019e314,12,auto,no,,,,
ACPIDriverDll,18019E320,FUN_18019e320,510,auto,no,,,,
ACPIDriverDll,18019E520,FUN_18019e520,166,auto,no,,,,
ACPIDriverDll,18019E5C8,FUN_18019e5c8,165,auto,no,,,,
ACPIDriverDll,18019E670,FUN_18019e670,165,auto,no,,,,
ACPIDriverDll,18019E718,FUN_18019e718,51,auto,no,,,,
ACPIDriverDll,18019E74C,FUN_18019e74c,65,auto,no,,,,
ACPIDriverDll,18019E790,FUN_18019e790,166,auto,no,,,,
ACPIDriverDll,18019E838,FUN_18019e838,187,auto,no,,,,
ACPIDriverDll,18019E8F4,FUN_18019e8f4,185,auto,no,,,,
ACPIDriverDll,18019E9B0,FUN_18019e9b0,91,auto,no,,,,
ACPIDriverDll,18019EA0C,FUN_18019ea0c,79,auto,no,,,,
ACPIDriverDll,18019EA5C,FUN_18019ea5c,320,auto,no,,,,
ACPIDriverDll,18019EB9C,OnSetFont,65,auto,yes,,,,
ACPIDriverDll,18019EBE0,FUN_18019ebe0,125,auto,no,,,,
ACPIDriverDll,18019EC60,FUN_18019ec60,156,auto,no,,,,
ACPIDriverDll,18019ECFC,FUN_18019ecfc,475,auto,no,,,,
ACPIDriverDll,18019EED8,FUN_18019eed8,656,auto,no,,,,
ACPIDriverDll,18019F16C,FUN_18019f16c,421,auto,no,,,,
ACPIDriverDll,18019F314,FUN_18019f314,221,auto,no,,,,
ACPIDriverDll,18019F3F4,FUN_18019f3f4,223,auto,no,,,,
ACPIDriverDll,18019F4D4,FUN_18019f4d4,242,auto,no,,,,
ACPIDriverDll,18019F5C8,FUN_18019f5c8,327,auto,no,,,,
ACPIDriverDll,18019F710,FUN_18019f710,323,auto,no,,,,
ACPIDriverDll,18019F858,FUN_18019f858,138,auto,no,,,,
ACPIDriverDll,18019F8E4,FUN_18019f8e4,127,auto,no,,,,
ACPIDriverDll,18019F964,CMFCToolBarsListCheckBox,88,auto,yes,,,,
ACPIDriverDll,18019F9BC,~CMFCToolBarsListCheckBox,44,auto,yes,,,,
ACPIDriverDll,18019F9E8,`scalar_deleting_destructor',66,auto,yes,,,,
ACPIDriverDll,18019FA2C,FUN_18019fa2c,41,auto,no,,,,
ACPIDriverDll,18019FA58,FUN_18019fa58,8,auto,no,,,,
ACPIDriverDll,18019FA60,FUN_18019fa60,41,auto,no,,,,
ACPIDriverDll,18019FA8C,OnKeyDown,124,auto,yes,,,,
ACPIDriverDll,18019FB08,FUN_18019fb08,45,auto,no,,,,
ACPIDriverDll,18019FB38,OnLBDeleteString,75,auto,yes,,,,
ACPIDriverDll,18019FB84,FUN_18019fb84,45,auto,no,,,,
ACPIDriverDll,18019FBB4,FUN_18019fbb4,40,auto,no,,,,
ACPIDriverDll,18019FBDC,FUN_18019fbdc,164,auto,no,,,,
ACPIDriverDll,18019FC80,FUN_18019fc80,110,auto,no,,,,
ACPIDriverDll,18019FCF0,FUN_18019fcf0,184,auto,no,,,,
ACPIDriverDll,18019FDAC,CMFCToolBarsCommandsListBox,47,auto,yes,,,,
ACPIDriverDll,18019FDDC,FUN_18019fddc,15,auto,no,,,,
ACPIDriverDll,18019FDEC,`scalar_deleting_destructor',76,auto,yes,,,,
ACPIDriverDll,18019FE38,FUN_18019fe38,319,auto,no,,,,
ACPIDriverDll,18019FF78,FUN_18019ff78,8,auto,no,,,,
ACPIDriverDll,18019FF80,FUN_18019ff80,33,auto,no,,,,
ACPIDriverDll,18019FFA4,FUN_18019ffa4,121,auto,no,,,,
ACPIDriverDll,1801A0020,FUN_1801a0020,377,auto,no,,,,
ACPIDriverDll,1801A019C,PreSubclassWindow,64,auto,yes,,,,
ACPIDriverDll,1801A01DC,FUN_1801a01dc,176,auto,no,,,,
ACPIDriverDll,1801A0290,FUN_1801a0290,136,auto,no,,,,
ACPIDriverDll,1801A0318,FUN_1801a0318,66,auto,no,,,,
ACPIDriverDll,1801A035C,FUN_1801a035c,8,auto,no,,,,
ACPIDriverDll,1801A0364,FUN_1801a0364,171,auto,no,,,,
ACPIDriverDll,1801A0410,FUN_1801a0410,51,auto,no,,,,
ACPIDriverDll,1801A0444,CMFCAcceleratorKeyAssignCtrl,90,auto,yes,,,,
ACPIDriverDll,1801A04A0,~CMFCAcceleratorKeyAssignCtrl,44,auto,yes,,,,
ACPIDriverDll,1801A04CC,`scalar_deleting_destructor',66,auto,yes,,,,
ACPIDriverDll,1801A0510,FUN_1801a0510,8,auto,no,,,,
ACPIDriverDll,1801A0524,FUN_1801a0524,509,auto,no,,,,
ACPIDriverDll,1801A0724,ResetKey,62,auto,yes,,,,
ACPIDriverDll,1801A0764,FUN_1801a0764,137,auto,no,,,,
ACPIDriverDll,1801A07F0,ClipToPage,175,auto,yes,,,,
ACPIDriverDll,1801A08A0,FUN_1801a08a0,480,auto,no,,,,
ACPIDriverDll,1801A0A80,FUN_1801a0a80,328,auto,no,,,,
ACPIDriverDll,1801A0BC8,MirrorViewportOrg,155,auto,yes,,,,
ACPIDriverDll,1801A0C64,PrinterDPtoScreenDP,136,auto,yes,,,,
ACPIDriverDll,1801A0CEC,SetScaleRatio,47,auto,yes,,,,
ACPIDriverDll,1801A0D1C,FUN_1801a0d1c,9,auto,no,,,,
ACPIDriverDll,1801A0D28,FUN_1801a0d28,214,auto,no,,,,
ACPIDriverDll,1801A0E00,FUN_1801a0e00,112,auto,no,,,,
ACPIDriverDll,1801A0E74,FUN_1801a0e74,782,auto,no,,,,
ACPIDriverDll,1801A1184,CPrintDialog,57,auto,yes,,,,
ACPIDriverDll,1801A11C0,CPrintDialog,234,auto,yes,,,,
ACPIDriverDll,1801A12AC,FID_conflict:`scalar_deleting_destructor',76,auto,yes,,,,
ACPIDriverDll,1801A12F8,FUN_1801a12f8,140,auto,no,,,,
ACPIDriverDll,1801A1384,AttachOnSetup,98,auto,yes,,,,
ACPIDriverDll,1801A13E8,CreatePrinterDC,57,auto,yes,,,,
ACPIDriverDll,1801A1424,DoModal,75,auto,yes,,,,
ACPIDriverDll,1801A1470,FUN_1801a1470,24,auto,no,,,,
ACPIDriverDll,1801A1488,FUN_1801a1488,119,auto,no,,,,
ACPIDriverDll,1801A1500,FUN_1801a1500,118,auto,no,,,,
ACPIDriverDll,1801A1578,FUN_1801a1578,8,auto,no,,,,
ACPIDriverDll,1801A1580,FUN_1801a1580,119,auto,no,,,,
ACPIDriverDll,1801A15F8,FUN_1801a15f8,8,auto,no,,,,
ACPIDriverDll,1801A1600,FUN_1801a1600,90,auto,no,,,,
ACPIDriverDll,1801A165C,FUN_1801a165c,198,auto,no,,,,
ACPIDriverDll,1801A1740,__security_check_cookie,33,auto,yes,,,,
ACPIDriverDll,1801A1764,FUN_1801a1764,346,auto,no,,,,
ACPIDriverDll,1801A18C4,FUN_1801a18c4,40,auto,no,,,,
ACPIDriverDll,1801A18EC,_Init_thread_footer,96,auto,yes,,,,
ACPIDriverDll,1801A194C,_Init_thread_header,103,auto,yes,,,,
ACPIDriverDll,1801A19B4,_Init_thread_notify,80,auto,yes,,,,
ACPIDriverDll,1801A1A04,_Init_thread_wait,119,auto,yes,,,,
ACPIDriverDll,1801A1A7C,__scrt_acquire_startup_lock,57,auto,yes,,,,
ACPIDriverDll,1801A1AB8,__scrt_dllmain_after_initialize_c,52,auto,yes,,,,
ACPIDriverDll,1801A1AEC,FUN_1801a1aec,21,auto,no,,,,
ACPIDriverDll,1801A1B04,__scrt_dllmain_crt_thread_attach,40,auto,yes,,,,
ACPIDriverDll,1801A1B2C,__scrt_dllmain_crt_thread_detach,21,auto,yes,,,,
ACPIDriverDll,1801A1B44,__scrt_dllmain_exception_filter,96,auto,yes,,,,
ACPIDriverDll,1801A1BA4,__scrt_dllmain_uninitialize_c,48,auto,yes,,,,
ACPIDriverDll,1801A1BD4,FUN_1801a1bd4,20,auto,no,,,,
ACPIDriverDll,1801A1BE8,__scrt_initialize_crt,73,auto,yes,,,,
ACPIDriverDll,1801A1C34,FUN_1801a1c34,215,auto,no,,,,
ACPIDriverDll,1801A1D0C,__scrt_is_nonwritable_in_current_image,151,auto,yes,,,,
ACPIDriverDll,1801A1DA8,__scrt_release_startup_lock,36,auto,yes,,,,
ACPIDriverDll,1801A1DCC,__scrt_uninitialize_crt,43,auto,yes,,,,
ACPIDriverDll,1801A1DF8,_onexit,79,auto,yes,,,,
ACPIDriverDll,1801A1E48,atexit,23,auto,yes,,,,
ACPIDriverDll,1801A1E60,FUN_1801a1e60,43,auto,no,,,,
ACPIDriverDll,1801A1E8C,FUN_1801a1e8c,80,auto,no,,,,
ACPIDriverDll,1801A1EDC,FUN_1801a1edc,279,auto,no,,,,
ACPIDriverDll,1801A1FF8,FUN_1801a1ff8,140,auto,no,,,,
ACPIDriverDll,1801A2088,dllmain_dispatch,301,auto,yes,,,,
ACPIDriverDll,1801A21BC,entry,61,auto,no,,,,
ACPIDriverDll,1801A21FC,__GSHandlerCheck,29,auto,yes,,,,
ACPIDriverDll,1801A221C,__GSHandlerCheckCommon,91,auto,yes,,,,
ACPIDriverDll,1801A2278,__GSHandlerCheck_EH,127,auto,yes,,,,
ACPIDriverDll,1801A22F8,__GSHandlerCheck_SEH,133,auto,yes,,,,
ACPIDriverDll,1801A2390,_alloca_probe,81,auto,yes,,,,
ACPIDriverDll,1801A23E4,`eh_vector_destructor_iterator',107,auto,yes,,,,
ACPIDriverDll,1801A2450,__ArrayUnwind,97,auto,yes,,,,
ACPIDriverDll,1801A24B4,`eh_vector_constructor_iterator',112,auto,yes,,,,
ACPIDriverDll,1801A2524,__raise_securityfailure,52,auto,yes,,,,
ACPIDriverDll,1801A2558,__report_gsfailure,209,auto,yes,,,,
ACPIDriverDll,1801A262C,__report_rangecheckfailure,19,auto,yes,,,,
ACPIDriverDll,1801A2640,__report_securityfailure,155,auto,yes,,,,
ACPIDriverDll,1801A26DC,capture_current_context,109,auto,yes,,,,
ACPIDriverDll,1801A274C,capture_previous_context,113,auto,yes,,,,
ACPIDriverDll,1801A27C0,FUN_1801a27c0,8,auto,no,,,,
ACPIDriverDll,1801A27C8,__scrt_fastfail,330,auto,yes,,,,
ACPIDriverDll,1801A2914,__isa_available_init,441,auto,yes,,,,
ACPIDriverDll,1801A2AD0,__scrt_is_ucrt_dll_in_use,12,auto,yes,,,,
ACPIDriverDll,1801A2ADC,__security_init_cookie,172,auto,yes,,,,
ACPIDriverDll,1801A2B88,FUN_1801a2b88,14,auto,no,,,,
ACPIDriverDll,1801A2B98,FUN_1801a2b98,12,auto,no,,,,
ACPIDriverDll,1801A2BA4,FUN_1801a2ba4,27,auto,no,,,,
ACPIDriverDll,1801A2BC0,FUN_1801a2bc0,8,auto,no,,,,
ACPIDriverDll,1801A2BC8,FUN_1801a2bc8,60,auto,no,,,,
ACPIDriverDll,1801A2C04,FUN_1801a2c04,60,auto,no,,,,
ACPIDriverDll,1801A2C40,IsProcessorFeaturePresent,6,auto,yes,,,,
ACPIDriverDll,1801A2C46,UnpackDDElParam,6,auto,yes,,,,
ACPIDriverDll,1801A2C4C,ReuseDDElParam,6,auto,yes,,,,
ACPIDriverDll,1801A2C52,OpenPrinterW,6,auto,yes,,,,
ACPIDriverDll,1801A2C58,DocumentPropertiesW,6,auto,yes,,,,
ACPIDriverDll,1801A2C5E,ClosePrinter,6,auto,yes,,,,
ACPIDriverDll,1801A2C64,SHGetSpecialFolderLocation,6,auto,yes,,,,
ACPIDriverDll,1801A2C6C,CAtlBaseModule,165,auto,yes,,,,
ACPIDriverDll,1801A2D14,~CAtlBaseModule,52,auto,yes,,,,
ACPIDriverDll,1801A2D48,OleUIBusyW,6,auto,yes,,,,
ACPIDriverDll,1801A2D4E,GdiplusShutdown,6,auto,yes,,,,
ACPIDriverDll,1801A2D54,GdipAlloc,6,auto,yes,,,,
ACPIDriverDll,1801A2D5A,GdipFree,6,auto,yes,,,,
ACPIDriverDll,1801A2D60,GdiplusStartup,6,auto,yes,,,,
ACPIDriverDll,1801A2D66,GdipCloneImage,6,auto,yes,,,,
ACPIDriverDll,1801A2D6C,GdipDisposeImage,6,auto,yes,,,,
ACPIDriverDll,1801A2D72,GdipGetImageGraphicsContext,6,auto,yes,,,,
ACPIDriverDll,1801A2D78,GdipGetImageWidth,6,auto,yes,,,,
ACPIDriverDll,1801A2D7E,GdipGetImageHeight,6,auto,yes,,,,
ACPIDriverDll,1801A2D84,GdipGetImagePixelFormat,6,auto,yes,,,,
ACPIDriverDll,1801A2D8A,GdipGetImagePalette,6,auto,yes,,,,
ACPIDriverDll,1801A2D90,GdipGetImagePaletteSize,6,auto,yes,,,,
ACPIDriverDll,1801A2D96,GdipCreateBitmapFromStream,6,auto,yes,,,,
ACPIDriverDll,1801A2D9C,GdipCreateBitmapFromScan0,6,auto,yes,,,,
ACPIDriverDll,1801A2DA2,GdipBitmapLockBits,6,auto,yes,,,,
ACPIDriverDll,1801A2DA8,GdipBitmapUnlockBits,6,auto,yes,,,,
ACPIDriverDll,1801A2DAE,GdipDeleteGraphics,6,auto,yes,,,,
ACPIDriverDll,1801A2DB4,GdipDrawImageI,6,auto,yes,,,,
ACPIDriverDll,1801A2DBA,GdipCreateBitmapFromHBITMAP,6,auto,yes,,,,
ACPIDriverDll,1801A2DC0,GdipCreateFromHDC,6,auto,yes,,,,
ACPIDriverDll,1801A2DC6,GdipSetInterpolationMode,6,auto,yes,,,,
ACPIDriverDll,1801A2DCC,GdipDrawImageRectI,6,auto,yes,,,,
ACPIDriverDll,1801A2DD2,LresultFromObject,6,auto,yes,,,,
ACPIDriverDll,1801A2DD8,AccessibleObjectFromWindow,6,auto,yes,,,,
ACPIDriverDll,1801A2DDE,CreateStdAccessibleObject,6,auto,yes,,,,
ACPIDriverDll,1801A2DE4,ImmGetContext,6,auto,yes,,,,
ACPIDriverDll,1801A2DEA,ImmReleaseContext,6,auto,yes,,,,
ACPIDriverDll,1801A2DF0,ImmGetOpenStatus,6,auto,yes,,,,
ACPIDriverDll,1801A2DF8,_CallSETranslator<__FrameHandler3>,81,auto,yes,,,,
ACPIDriverDll,1801A2E4C,CatchTryBlock,86,auto,yes,,,,
ACPIDriverDll,1801A2EA4,ExecutionInCatch,42,auto,yes,,,,
ACPIDriverDll,1801A2ED0,FrameUnwindToEmptyState,100,auto,yes,,,,
ACPIDriverDll,1801A2F34,GetEstablisherFrame,201,auto,yes,,,,
ACPIDriverDll,1801A3000,FUN_1801a3000,344,auto,no,,,,
ACPIDriverDll,1801A315C,FUN_1801a315c,289,auto,no,,,,
ACPIDriverDll,1801A3280,_CreateFrameInfo,58,auto,yes,,,,
ACPIDriverDll,1801A32BC,FUN_1801a32bc,82,auto,no,,,,
ACPIDriverDll,1801A3310,_GetImageBase,18,auto,yes,,,,
ACPIDriverDll,1801A3324,_GetThrowImageBase,18,auto,yes,,,,
ACPIDriverDll,1801A3338,_SetImageBase,24,auto,yes,,,,
ACPIDriverDll,1801A3350,FUN_1801a3350,24,auto,no,,,,
ACPIDriverDll,1801A3368,__CxxFrameHandler3,125,auto,yes,,,,
ACPIDriverDll,1801A33E8,__DestructExceptionObject,107,auto,yes,,,,
ACPIDriverDll,1801A345C,FUN_1801a345c,3,auto,no,,,,
ACPIDriverDll,1801A3460,_IsExceptionObjectToBeDestroyed,47,auto,yes,,,,
ACPIDriverDll,1801A3490,__AdjustPointer,35,auto,yes,,,,
ACPIDriverDll,1801A34B4,FUN_1801a34b4,73,auto,no,,,,
ACPIDriverDll,1801A3500,Unwind@1801a3500,9,auto,yes,,,,
ACPIDriverDll,1801A3520,FUN_1801a3520,19,auto,no,,,,
ACPIDriverDll,1801A3540,FUN_1801a3540,929,auto,no,,,,
ACPIDriverDll,1801A3990,FUN_1801a3990,16,auto,no,,,,
ACPIDriverDll,1801A39B0,FUN_1801a39b0,319,auto,no,,,,
ACPIDriverDll,1801A3B40,FUN_1801a3b40,540,auto,no,,,,
ACPIDriverDll,1801A3D5C,__C_specific_handler,523,auto,yes,,,,
ACPIDriverDll,1801A3F68,FUN_1801a3f68,45,auto,no,,,,
ACPIDriverDll,1801A3F98,FUN_1801a3f98,191,auto,no,,,,
ACPIDriverDll,1801A4070,memcmp,198,auto,yes,,,,
ACPIDriverDll,1801A4138,FUN_1801a4138,145,auto,no,,,,
ACPIDriverDll,1801A41CC,FUN_1801a41cc,180,auto,no,,,,
ACPIDriverDll,1801A4280,__vcrt_initialize,50,auto,yes,,,,
ACPIDriverDll,1801A42B4,__vcrt_thread_attach,20,auto,yes,,,,
ACPIDriverDll,1801A42C8,__vcrt_thread_detach,18,auto,yes,,,,
ACPIDriverDll,1801A42DC,__vcrt_uninitialize,32,auto,yes,,,,
ACPIDriverDll,1801A42FC,FUN_1801a42fc,16,auto,no,,,,
ACPIDriverDll,1801A430C,__std_type_info_compare,39,auto,yes,,,,
ACPIDriverDll,1801A4334,FUN_1801a4334,42,auto,no,,,,
ACPIDriverDll,1801A4360,FUN_1801a4360,31,auto,no,,,,
ACPIDriverDll,1801A4380,__vcrt_freeptd,77,auto,yes,,,,
ACPIDriverDll,1801A43D0,FUN_1801a43d0,24,auto,no,,,,
ACPIDriverDll,1801A43EC,__vcrt_getptd_noexit,203,auto,yes,,,,
ACPIDriverDll,1801A44B8,__vcrt_initialize_ptd,81,auto,yes,,,,
ACPIDriverDll,1801A450C,__vcrt_uninitialize_ptd,34,auto,yes,,,,
ACPIDriverDll,1801A4530,GetCurrentState,39,auto,yes,,,,
ACPIDriverDll,1801A4558,GetUnwindTryBlock,41,auto,yes,,,,
ACPIDriverDll,1801A4584,SetState,12,auto,yes,,,,
ACPIDriverDll,1801A4590,SetUnwindTryBlock,59,auto,yes,,,,
ACPIDriverDll,1801A45CC,FUN_1801a45cc,8,auto,no,,,,
ACPIDriverDll,1801A45D4,FUN_1801a45d4,101,auto,no,,,,
ACPIDriverDll,1801A463C,BuildCatchObjectHelperInternal<>,502,auto,yes,,,,
ACPIDriverDll,1801A483C,BuildCatchObjectInternal<_s_HandlerType_const_>,186,auto,yes,,,,
ACPIDriverDll,1801A48FC,CatchIt<__FrameHandler3>,205,auto,yes,,,,
ACPIDriverDll,1801A49CC,FUN_1801a49cc,1119,auto,no,,,,
ACPIDriverDll,1801A4E30,FindHandlerForForeignException<__FrameHandler3>,557,auto,yes,,,,
ACPIDriverDll,1801A5060,TypeMatchHelper<_s_HandlerType_const_>,321,auto,yes,,,,
ACPIDriverDll,1801A51A4,__InternalCxxFrameHandler<__FrameHandler3>,581,auto,yes,,,,
ACPIDriverDll,1801A53EC,FUN_1801a53ec,63,auto,no,,,,
ACPIDriverDll,1801A542C,FUN_1801a542c,30,auto,no,,,,
ACPIDriverDll,1801A544C,exception,53,auto,yes,,,,
ACPIDriverDll,1801A5498,FUN_1801a5498,66,auto,no,,,,
ACPIDriverDll,1801A54DC,CxxCallCatchBlock,370,auto,yes,,,,
ACPIDriverDll,1801A56C8,ExFilterRethrow,135,auto,yes,,,,
ACPIDriverDll,1801A5750,FrameUnwindToState,371,auto,yes,,,,
ACPIDriverDll,1801A58E4,GetHandlerSearchState,150,auto,yes,,,,
ACPIDriverDll,1801A597C,IsInExceptionSpec,213,auto,yes,,,,
ACPIDriverDll,1801A5A54,Is_bad_exception_allowed,145,auto,yes,,,,
ACPIDriverDll,1801A5AE8,FUN_1801a5ae8,9,auto,no,,,,
ACPIDriverDll,1801A5AF4,_CallMemberFunction2,15,auto,yes,,,,
ACPIDriverDll,1801A5B04,FUN_1801a5b04,18,auto,no,,,,
ACPIDriverDll,1801A5B30,_NLG_Notify,24,auto,yes,,,,
ACPIDriverDll,1801A5B50,FUN_1801a5b50,1,auto,no,,,,
ACPIDriverDll,1801A5B60,FUN_1801a5b60,1,auto,no,,,,
ACPIDriverDll,1801A5B64,__except_validate_context_record,55,auto,yes,,,,
ACPIDriverDll,1801A5B9C,FUN_1801a5b9c,15,auto,no,,,,
ACPIDriverDll,1801A5BAC,__vcrt_initialize_locks,70,auto,yes,,,,
ACPIDriverDll,1801A5BF4,__vcrt_uninitialize_locks,55,auto,yes,,,,
ACPIDriverDll,1801A5C2C,try_get_function,470,auto,yes,,,,
ACPIDriverDll,1801A5E04,__vcrt_FlsAlloc,69,auto,yes,,,,
ACPIDriverDll,1801A5E4C,__vcrt_FlsFree,70,auto,yes,,,,
ACPIDriverDll,1801A5E94,__vcrt_FlsGetValue,70,auto,yes,,,,
ACPIDriverDll,1801A5EDC,__vcrt_FlsSetValue,81,auto,yes,,,,
ACPIDriverDll,1801A5F30,__vcrt_InitializeCriticalSectionEx,97,auto,yes,,,,
ACPIDriverDll,1801A5F94,__vcrt_initialize_winapi_thunks,47,auto,yes,,,,
ACPIDriverDll,1801A5FC4,__vcrt_uninitialize_winapi_thunks,62,auto,yes,,,,
ACPIDriverDll,1801A6020,_CallSettingFrame,64,auto,yes,,,,
ACPIDriverDll,1801A6070,_CallSettingFrameEncoded,71,auto,yes,,,,
ACPIDriverDll,1801A60B8,__std_exception_copy,141,auto,yes,,,,
ACPIDriverDll,1801A6148,__std_exception_destroy,37,auto,yes,,,,
ACPIDriverDll,1801A6170,FUN_1801a6170,17,auto,no,,,,
ACPIDriverDll,1801A6184,"common_vsprintf<__crt_stdio_output::format_validation_base,wchar_t>",466,auto,yes,,,,
ACPIDriverDll,1801A6358,common_vsprintf<>,466,auto,yes,,,,
ACPIDriverDll,1801A652C,FUN_1801a652c,166,auto,no,,,,
ACPIDriverDll,1801A65D4,FUN_1801a65d4,169,auto,no,,,,
ACPIDriverDll,1801A6680,is_wide_character_specifier<wchar_t>,62,auto,yes,,,,
ACPIDriverDll,1801A66C0,FUN_1801a66c0,160,auto,no,,,,
ACPIDriverDll,1801A6760,FUN_1801a6760,161,auto,no,,,,
ACPIDriverDll,1801A6804,"write_multiple_characters<__crt_stdio_output::string_output_adapter<wchar_t>,char>",122,auto,yes,,,,
ACPIDriverDll,1801A6880,_LocaleUpdate,155,auto,yes,,,,
ACPIDriverDll,1801A691C,FUN_1801a691c,17,auto,no,,,,
ACPIDriverDll,1801A6930,crop_zeroes,105,auto,yes,,,,
ACPIDriverDll,1801A699C,force_decimal_point,109,auto,yes,,,,
ACPIDriverDll,1801A6A0C,parse_int_from_format_string,163,auto,yes,,,,
ACPIDriverDll,1801A6AB0,FUN_1801a6ab0,612,auto,no,,,,
ACPIDriverDll,1801A6D14,FUN_1801a6d14,601,auto,no,,,,
ACPIDriverDll,1801A6F70,FUN_1801a6f70,407,auto,no,,,,
ACPIDriverDll,1801A7108,FUN_1801a7108,724,auto,no,,,,
ACPIDriverDll,1801A73DC,type_case_Z,124,auto,yes,,,,
ACPIDriverDll,1801A7458,FUN_1801a7458,478,auto,no,,,,
ACPIDriverDll,1801A7638,type_case_c_tchar,166,auto,yes,,,,
ACPIDriverDll,1801A76E0,type_case_integer,459,auto,yes,,,,
ACPIDriverDll,1801A78AC,type_case_n,219,auto,yes,,,,
ACPIDriverDll,1801A7988,FUN_1801a7988,195,auto,no,,,,
ACPIDriverDll,1801A7A4C,write_stored_string_tchar,235,auto,yes,,,,
ACPIDriverDll,1801A7B38,write_string,165,auto,yes,,,,
ACPIDriverDll,1801A7BE0,__stdio_common_vsnwprintf_s,323,auto,yes,,,,
ACPIDriverDll,1801A7D24,common_vsprintf<>,5,auto,yes,,,,
ACPIDriverDll,1801A7D2C,__stdio_common_vswprintf_s,110,auto,yes,,,,
ACPIDriverDll,1801A7D9C,__acrt_call_reportfault,347,auto,yes,,,,
ACPIDriverDll,1801A7EF8,FUN_1801a7ef8,8,auto,no,,,,
ACPIDriverDll,1801A7F00,FUN_1801a7f00,173,auto,no,,,,
ACPIDriverDll,1801A7FB0,FUN_1801a7fb0,30,auto,no,,,,
ACPIDriverDll,1801A7FD0,_invoke_watson,71,auto,yes,,,,
ACPIDriverDll,1801A8018,__acrt_errno_from_os_error,69,auto,yes,,,,
ACPIDriverDll,1801A8060,__acrt_errno_map_os_error,78,auto,yes,,,,
ACPIDriverDll,1801A80B0,__doserrno,32,auto,yes,,,,
ACPIDriverDll,1801A80D0,__doserrno,32,auto,yes,,,,
ACPIDriverDll,1801A80F0,wmemcpy_s,122,auto,yes,,,,
ACPIDriverDll,1801A816C,_malloc_base,5,auto,yes,,,,
ACPIDriverDll,1801A8174,FUN_1801a8174,137,auto,no,,,,
ACPIDriverDll,1801A8200,FUN_1801a8200,129,auto,no,,,,
ACPIDriverDll,1801A8284,FUN_1801a8284,297,auto,no,,,,
ACPIDriverDll,1801A83B0,FUN_1801a83b0,470,auto,no,,,,
ACPIDriverDll,1801A8588,__ascii_strnicmp,92,auto,yes,,,,
ACPIDriverDll,1801A85E4,_strnicmp,79,auto,yes,,,,
ACPIDriverDll,1801A8634,_strnicmp_l,218,auto,yes,,,,
ACPIDriverDll,1801A8710,FUN_1801a8710,37,auto,no,,,,
ACPIDriverDll,1801A873C,_calloc_base,5,auto,yes,,,,
ACPIDriverDll,1801A8744,_wcsicmp,151,auto,yes,,,,
ACPIDriverDll,1801A87DC,_wcsicmp_l,254,auto,yes,,,,
ACPIDriverDll,1801A88DC,_wcslwr_s_l_stat,502,auto,yes,,,,
ACPIDriverDll,1801A8AD4,FUN_1801a8ad4,8,auto,no,,,,
ACPIDriverDll,1801A8ADC,_wcslwr_s_l,75,auto,yes,,,,
ACPIDriverDll,1801A8B28,_wcsupr_s_l_stat,502,auto,yes,,,,
ACPIDriverDll,1801A8D20,FUN_1801a8d20,8,auto,no,,,,
ACPIDriverDll,1801A8D28,_wcsupr_s_l,75,auto,yes,,,,
ACPIDriverDll,1801A8D74,"common_splitpath_internal<wchar_t,<lambda_f4d89ce576adf8640f5662d60a8d4afb>,<lambda_b90d8f84996fccaedfcae156869b1630>_>",576,auto,yes,,,,
ACPIDriverDll,1801A8FB4,"reset_buffers<wchar_t,<lambda_f4d89ce576adf8640f5662d60a8d4afb>_>",50,auto,yes,,,,
ACPIDriverDll,1801A8FE8,_wsplitpath_s,103,auto,yes,,,,
ACPIDriverDll,1801A9050,FUN_1801a9050,117,auto,no,,,,
ACPIDriverDll,1801A90C8,FUN_1801a90c8,243,auto,no,,,,
ACPIDriverDll,1801A91D0,strlen,168,auto,yes,,,,
ACPIDriverDll,1801A9278,_realloc_base,5,auto,yes,,,,
ACPIDriverDll,1801A9280,labs,8,auto,yes,,,,
ACPIDriverDll,1801A9288,FUN_1801a9288,101,auto,no,,,,
ACPIDriverDll,1801A92F0,common_end_thread,111,auto,yes,,,,
ACPIDriverDll,1801A9364,create_thread_parameter,93,auto,yes,,,,
ACPIDriverDll,1801A93C4,_beginthread,206,auto,yes,,,,
ACPIDriverDll,1801A9494,_endthread,12,auto,yes,,,,
ACPIDriverDll,1801A94A0,FUN_1801a94a0,10,auto,no,,,,
ACPIDriverDll,1801A94AC,wcscmp,53,auto,yes,,,,
ACPIDriverDll,1801A94E4,FUN_1801a94e4,48,auto,no,,,,
ACPIDriverDll,1801A9514,FUN_1801a9514,826,auto,no,,,,
ACPIDriverDll,1801A9850,FUN_1801a9850,1714,auto,no,,,,
ACPIDriverDll,1801A9F04,FUN_1801a9f04,1893,auto,no,,,,
ACPIDriverDll,1801AA66C,FUN_1801aa66c,41,auto,no,,,,
ACPIDriverDll,1801AA698,FUN_1801aa698,41,auto,no,,,,
ACPIDriverDll,1801AA6C4,_expand_base,5,auto,yes,,,,
ACPIDriverDll,1801AA6CC,_expand_base,251,auto,yes,,,,
ACPIDriverDll,1801AA7C8,_msize_base,5,auto,yes,,,,
ACPIDriverDll,1801AA7D0,_msize_base,57,auto,yes,,,,
ACPIDriverDll,1801AA80C,wcscspn,63,auto,yes,,,,
ACPIDriverDll,1801AA84C,wcspbrk,52,auto,yes,,,,
ACPIDriverDll,1801AA880,wcsspn,65,auto,yes,,,,
ACPIDriverDll,1801AA8C4,ldiv,23,auto,yes,,,,
ACPIDriverDll,1801AA8DC,_isleadbyte_l,63,auto,yes,,,,
ACPIDriverDll,1801AA91C,FUN_1801aa91c,10,auto,no,,,,
ACPIDriverDll,1801AA928,FUN_1801aa928,10,auto,no,,,,
ACPIDriverDll,1801AA934,FUN_1801aa934,10,auto,no,,,,
ACPIDriverDll,1801AA940,FUN_1801aa940,10,auto,no,,,,
ACPIDriverDll,1801AA94C,FUN_1801aa94c,10,auto,no,,,,
ACPIDriverDll,1801AA958,FUN_1801aa958,193,auto,no,,,,
ACPIDriverDll,1801AAA1C,"common_xtox_s<unsigned_long,wchar_t>",105,auto,yes,,,,
ACPIDriverDll,1801AAA88,FID_conflict:_ltow_s,32,auto,yes,,,,
ACPIDriverDll,1801AAAA8,_ultow_s,19,auto,yes,,,,
ACPIDriverDll,1801AAABC,wcstol,42,auto,yes,,,,
ACPIDriverDll,1801AAAE8,FUN_1801aaae8,42,auto,no,,,,
ACPIDriverDll,1801AAB14,wcstoull,42,auto,yes,,,,
ACPIDriverDll,1801AAB40,wcsncmp,44,auto,yes,,,,
ACPIDriverDll,1801AAB6C,_wcsicoll,151,auto,yes,,,,
ACPIDriverDll,1801AAC04,_wcsicoll_l,252,auto,yes,,,,
ACPIDriverDll,1801AAD00,_wmakepath_s,408,auto,yes,,,,
ACPIDriverDll,1801AAE98,_recalloc_base,5,auto,yes,,,,
ACPIDriverDll,1801AAEA0,_recalloc_base,149,auto,yes,,,,
ACPIDriverDll,1801AAF38,_resetstkoflw,300,auto,yes,,,,
ACPIDriverDll,1801AB070,FUN_1801ab070,1277,auto,no,,,,
ACPIDriverDll,1801AB5DC,ceil,194,auto,yes,,,,
ACPIDriverDll,1801AB6A0,floor,176,auto,yes,,,,
ACPIDriverDll,1801AB750,FUN_1801ab750,1339,auto,no,,,,
ACPIDriverDll,1801ABCD0,FUN_1801abcd0,880,auto,no,,,,
ACPIDriverDll,1801AC0C8,FUN_1801ac0c8,201,auto,no,,,,
ACPIDriverDll,1801AC194,__acrt_initialize_clock,83,auto,yes,,,,
ACPIDriverDll,1801AC1E8,clock,105,auto,yes,,,,
ACPIDriverDll,1801AC254,parse_floating_point<>,166,auto,yes,,,,
ACPIDriverDll,1801AC2FC,parse_floating_point<>,166,auto,yes,,,,
ACPIDriverDll,1801AC3A4,FUN_1801ac3a4,4911,auto,no,,,,
ACPIDriverDll,1801AD6D4,"parse_floating_point_possible_infinity<wchar_t,__crt_strtox::input_adapter_character_source<__crt_stdio_input::string_input_adapter<wchar_t>_>,unsigned___int64>",656,auto,yes,,,,
ACPIDriverDll,1801AD964,FUN_1801ad964,909,auto,no,,,,
ACPIDriverDll,1801ADCF4,"FID_conflict:parse_floating_point_possible_nan_is_ind<wchar_t,__crt_strtox::input_adapter_character_source<__crt_stdio_input::string_input_adapter<wchar_t>_>_>",144,auto,yes,,,,
ACPIDriverDll,1801ADD84,"FID_conflict:parse_floating_point_possible_nan_is_ind<wchar_t,__crt_strtox::input_adapter_character_source<__crt_stdio_input::string_input_adapter<wchar_t>_>_>",144,auto,yes,,,,
ACPIDriverDll,1801ADE14,parse_floating_point_write_result<float>,367,auto,yes,,,,
ACPIDriverDll,1801ADF84,parse_floating_point_write_result<double>,478,auto,yes,,,,
ACPIDriverDll,1801AE164,FUN_1801ae164,2090,auto,no,,,,
ACPIDriverDll,1801AE990,process_floating_point_specifier_t<float>,157,auto,yes,,,,
ACPIDriverDll,1801AEA30,process_floating_point_specifier_t<double>,159,auto,yes,,,,
ACPIDriverDll,1801AEAD0,FUN_1801aead0,477,auto,no,,,,
ACPIDriverDll,1801AECB0,FUN_1801aecb0,443,auto,no,,,,
ACPIDriverDll,1801AEE6C,"skip_whitespace<__crt_stdio_input::string_input_adapter,wchar_t>",89,auto,yes,,,,
ACPIDriverDll,1801AEEC8,FUN_1801aeec8,409,auto,no,,,,
ACPIDriverDll,1801AF064,FUN_1801af064,56,auto,no,,,,
ACPIDriverDll,1801AF0A0,FUN_1801af0a0,56,auto,no,,,,
ACPIDriverDll,1801AF0DC,FUN_1801af0dc,939,auto,no,,,,
ACPIDriverDll,1801AF488,assemble_floating_point_value_from_big_integer,354,auto,yes,,,,
ACPIDriverDll,1801AF5EC,FUN_1801af5ec,7555,auto,no,,,,
ACPIDriverDll,1801B1370,convert_hexadecimal_string_to_floating_type_common,172,auto,yes,,,,
ACPIDriverDll,1801B1420,FUN_1801b1420,1166,auto,no,,,,
ACPIDriverDll,1801B18B0,invert,118,auto,yes,,,,
ACPIDriverDll,1801B1928,length,153,auto,yes,,,,
ACPIDriverDll,1801B19C4,process,226,auto,yes,,,,
ACPIDriverDll,1801B1AA8,process_conversion_specifier,289,auto,yes,,,,
ACPIDriverDll,1801B1BCC,process_floating_point_specifier,117,auto,yes,,,,
ACPIDriverDll,1801B1C44,process_integer_specifier,189,auto,yes,,,,
ACPIDriverDll,1801B1D04,process_state,192,auto,yes,,,,
ACPIDriverDll,1801B1DC4,process_string_specifier,144,auto,yes,,,,
ACPIDriverDll,1801B1E54,FUN_1801b1e54,452,auto,no,,,,
ACPIDriverDll,1801B2018,scan_optional_field_width,636,auto,yes,,,,
ACPIDriverDll,1801B2294,FUN_1801b2294,350,auto,no,,,,
ACPIDriverDll,1801B23F4,FUN_1801b23f4,462,auto,no,,,,
ACPIDriverDll,1801B25C4,set,108,auto,yes,,,,
ACPIDriverDll,1801B2630,test,118,auto,yes,,,,
ACPIDriverDll,1801B26A8,FUN_1801b26a8,169,auto,no,,,,
ACPIDriverDll,1801B2754,write_integer,114,auto,yes,,,,
ACPIDriverDll,1801B27C8,FUN_1801b27c8,277,auto,no,,,,
ACPIDriverDll,1801B28E0,FUN_1801b28e0,801,auto,no,,,,
ACPIDriverDll,1801B2C04,thunk_FUN_1801b28e0,5,auto,no,,,,
ACPIDriverDll,1801B2C0C,__crt_time_is_leap_year<__int64>,114,auto,yes,,,,
ACPIDriverDll,1801B2C80,FUN_1801b2c80,877,auto,no,,,,
ACPIDriverDll,1801B2FF0,thunk_FUN_1801b2c80,7,auto,no,,,,
ACPIDriverDll,1801B2FF8,FUN_1801b2ff8,78,auto,no,,,,
ACPIDriverDll,1801B3048,FUN_1801b3048,78,auto,no,,,,
ACPIDriverDll,1801B3098,_tolower_l,318,auto,yes,,,,
ACPIDriverDll,1801B31D8,_toupper_l,318,auto,yes,,,,
ACPIDriverDll,1801B3318,tolower,42,auto,yes,,,,
ACPIDriverDll,1801B3344,toupper,42,auto,yes,,,,
ACPIDriverDll,1801B3370,_wcscoll_l,188,auto,yes,,,,
ACPIDriverDll,1801B342C,wcscoll,101,auto,yes,,,,
ACPIDriverDll,1801B3494,_towupper_l,201,auto,yes,,,,
ACPIDriverDll,1801B3560,FUN_1801b3560,7,auto,no,,,,
ACPIDriverDll,1801B3568,_towlower_l,196,auto,yes,,,,
ACPIDriverDll,1801B362C,FUN_1801b362c,7,auto,no,,,,
ACPIDriverDll,1801B3634,rand_s,76,auto,yes,,,,
ACPIDriverDll,1801B3680,FUN_1801b3680,1876,auto,no,,,,
ACPIDriverDll,1801B3DD4,_fclose_nolock,131,auto,yes,,,,
ACPIDriverDll,1801B3E58,FUN_1801b3e58,98,auto,no,,,,
ACPIDriverDll,1801B3EBC,"operator()<<lambda_842d9ff0dc9ef11c61343bbaebe7f885>,<lambda_c5860995281e5c4ce005b3de8f5874ee>&___ptr64,<lambda_d90129c13df834fdcbf8d2b88dafcf2d>_>",154,auto,yes,,,,
ACPIDriverDll,1801B3F58,"operator()<<lambda_886d6c58226a84441f68b9f2b8217b83>,<lambda_ab61a845afdef5b7c387490eaf3616ee>&___ptr64,<lambda_f7f22ab5edc0698d5f6905b0d3f44752>_>",224,auto,yes,,,,
ACPIDriverDll,1801B4038,common_flush_all,93,auto,yes,,,,
ACPIDriverDll,1801B4098,__acrt_stdio_flush_nolock,122,auto,yes,,,,
ACPIDriverDll,1801B4114,_fflush_nolock,75,auto,yes,,,,
ACPIDriverDll,1801B4160,common_flush_all,7,auto,yes,,,,
ACPIDriverDll,1801B4168,_fileno,38,auto,yes,,,,
ACPIDriverDll,1801B4190,__acrt_lowio_create_handle_array,149,auto,yes,,,,
ACPIDriverDll,1801B4228,__acrt_lowio_destroy_handle_array,80,auto,yes,,,,
ACPIDriverDll,1801B4278,FUN_1801b4278,168,auto,no,,,,
ACPIDriverDll,1801B4320,FID_conflict:__acrt_lowio_lock_fh,35,auto,yes,,,,
ACPIDriverDll,1801B4344,FID_conflict:__acrt_lowio_lock_fh,35,auto,yes,,,,
ACPIDriverDll,1801B4368,_free_osfhnd,186,auto,yes,,,,
ACPIDriverDll,1801B4424,_get_osfhandle,117,auto,yes,,,,
ACPIDriverDll,1801B449C,_seh_filter_dll,19,auto,yes,,,,
ACPIDriverDll,1801B44B0,FUN_1801b44b0,373,auto,no,,,,
ACPIDriverDll,1801B4628,"operator()<<lambda_d80eeec6fff315bfe5c115232f3240e3>,<lambda_6e4b09c48022b2350581041d5f6b0c4c>&___ptr64,<lambda_2358e3775559c9db80273638284d5e45>_>",56,auto,yes,,,,
ACPIDriverDll,1801B4660,FUN_1801b4660,208,auto,no,,,,
ACPIDriverDll,1801B4738,FUN_1801b4738,12,auto,no,,,,
ACPIDriverDll,1801B4744,common_exit,188,auto,yes,,,,
ACPIDriverDll,1801B4800,exit_or_terminate_process,73,auto,yes,,,,
ACPIDriverDll,1801B484C,try_cor_exit_process,91,auto,yes,,,,
ACPIDriverDll,1801B48A8,FUN_1801b48a8,8,auto,no,,,,
ACPIDriverDll,1801B48B0,_cexit,13,auto,yes,,,,
ACPIDriverDll,1801B48C0,FUN_1801b48c0,12,auto,no,,,,
ACPIDriverDll,1801B48CC,FUN_1801b48cc,7,auto,no,,,,
ACPIDriverDll,1801B48D4,parse_command_line<char>,451,auto,yes,,,,
ACPIDriverDll,1801B4A98,FUN_1801b4a98,93,auto,no,,,,
ACPIDriverDll,1801B4AF8,_configure_narrow_argv,390,auto,yes,,,,
ACPIDriverDll,1801B4C80,common_initialize_environment_nolock<char>,108,auto,yes,,,,
ACPIDriverDll,1801B4CEC,FUN_1801b4cec,261,auto,no,,,,
ACPIDriverDll,1801B4DF4,free_environment<>,65,auto,yes,,,,
ACPIDriverDll,1801B4E38,FUN_1801b4e38,209,auto,no,,,,
ACPIDriverDll,1801B4F0C,uninitialize_environment_internal<>,26,auto,yes,,,,
ACPIDriverDll,1801B4F28,uninitialize_environment_internal<>,26,auto,yes,,,,
ACPIDriverDll,1801B4F44,__dcrt_get_or_create_narrow_environment_nolock,59,auto,yes,,,,
ACPIDriverDll,1801B4F80,__dcrt_uninitialize_environments_nolock,56,auto,yes,,,,
ACPIDriverDll,1801B4FB8,common_initialize_environment_nolock<char>,5,auto,yes,,,,
ACPIDriverDll,1801B4FC0,"operator()<<lambda_7777bce6b2f8c936911f934f8298dc43>,<lambda_f03950bc5685219e0bcd2087efbe011e>&___ptr64,<lambda_3883c3dff614d5e0c5f61bb1ac94921c>_>",59,auto,yes,,,,
ACPIDriverDll,1801B4FFC,operator()<>,59,auto,yes,,,,
ACPIDriverDll,1801B5038,FUN_1801b5038,451,auto,no,,,,
ACPIDriverDll,1801B51FC,FUN_1801b51fc,329,auto,no,,,,
ACPIDriverDll,1801B5348,FUN_1801b5348,15,auto,no,,,,
ACPIDriverDll,1801B5358,_execute_onexit_table,58,auto,yes,,,,
ACPIDriverDll,1801B5394,_initialize_onexit_table,63,auto,yes,,,,
ACPIDriverDll,1801B53D4,_register_onexit_function,72,auto,yes,,,,
ACPIDriverDll,1801B5430,FUN_1801b5430,35,auto,no,,,,
ACPIDriverDll,1801B5454,FUN_1801b5454,16,auto,no,,,,
ACPIDriverDll,1801B5464,FUN_1801b5464,81,auto,no,,,,
ACPIDriverDll,1801B54C0,FUN_1801b54c0,64,auto,no,,,,
ACPIDriverDll,1801B5500,FUN_1801b5500,91,auto,no,,,,
ACPIDriverDll,1801B555C,FUN_1801b555c,19,auto,no,,,,
ACPIDriverDll,1801B5570,FUN_1801b5570,20,auto,no,,,,
ACPIDriverDll,1801B5584,__acrt_thread_detach,16,auto,yes,,,,
ACPIDriverDll,1801B5594,__acrt_uninitialize,53,auto,yes,,,,
ACPIDriverDll,1801B55CC,FUN_1801b55cc,16,auto,no,,,,
ACPIDriverDll,1801B55DC,_initterm,100,auto,yes,,,,
ACPIDriverDll,1801B5640,_initterm_e,61,auto,yes,,,,
ACPIDriverDll,1801B5680,terminate,31,auto,yes,,,,
ACPIDriverDll,1801B56A0,abort,86,auto,yes,,,,
ACPIDriverDll,1801B56F8,FUN_1801b56f8,110,auto,no,,,,
ACPIDriverDll,1801B5780,strncmp,125,auto,yes,,,,
ACPIDriverDll,1801B5800,_free_base,61,auto,yes,,,,
ACPIDriverDll,1801B5840,FUN_1801b5840,120,auto,no,,,,
ACPIDriverDll,1801B58B8,_malloc_base,94,auto,yes,,,,
ACPIDriverDll,1801B5918,_mbtowc_l,380,auto,yes,,,,
ACPIDriverDll,1801B5A94,FUN_1801b5a94,8,auto,no,,,,
ACPIDriverDll,1801B5A9C,FUN_1801b5a9c,387,auto,no,,,,
ACPIDriverDll,1801B5C20,FUN_1801b5c20,20,auto,no,,,,
ACPIDriverDll,1801B5C34,operator()<>,63,auto,yes,,,,
ACPIDriverDll,1801B5C74,operator()<>,61,auto,yes,,,,
ACPIDriverDll,1801B5CB4,operator()<>,69,auto,yes,,,,
ACPIDriverDll,1801B5CFC,operator()<>,95,auto,yes,,,,
ACPIDriverDll,1801B5D5C,construct_ptd_array,205,auto,yes,,,,
ACPIDriverDll,1801B5E2C,FUN_1801b5e2c,32,auto,no,,,,
ACPIDriverDll,1801B5E4C,destroy_ptd_array,245,auto,yes,,,,
ACPIDriverDll,1801B5F44,replace_current_thread_locale_nolock,103,auto,yes,,,,
ACPIDriverDll,1801B5FAC,__acrt_freeptd,65,auto,yes,,,,
ACPIDriverDll,1801B5FF0,FUN_1801b5ff0,193,auto,no,,,,
ACPIDriverDll,1801B60B4,FUN_1801b60b4,166,auto,no,,,,
ACPIDriverDll,1801B615C,FUN_1801b615c,183,auto,no,,,,
ACPIDriverDll,1801B6214,__acrt_initialize_ptd,57,auto,yes,,,,
ACPIDriverDll,1801B6250,__acrt_uninitialize_ptd,34,auto,yes,,,,
ACPIDriverDll,1801B6274,__acrt_update_locale_info,49,auto,yes,,,,
ACPIDriverDll,1801B62A8,__acrt_update_multibyte_info,49,auto,yes,,,,
ACPIDriverDll,1801B62DC,FUN_1801b62dc,869,auto,no,,,,
ACPIDriverDll,1801B6644,fp_format_e,219,auto,yes,,,,
ACPIDriverDll,1801B6720,FUN_1801b6720,465,auto,no,,,,
ACPIDriverDll,1801B68F4,FUN_1801b68f4,324,auto,no,,,,
ACPIDriverDll,1801B6A38,fp_format_g,306,auto,yes,,,,
ACPIDriverDll,1801B6B6C,FUN_1801b6b6c,318,auto,no,,,,
ACPIDriverDll,1801B6CAC,__acrt_fp_format,648,auto,yes,,,,
ACPIDriverDll,1801B6F34,FUN_1801b6f34,287,auto,no,,,,
ACPIDriverDll,1801B7054,__acrt_uninitialize_stdio,91,auto,yes,,,,
ACPIDriverDll,1801B70B0,FUN_1801b70b0,11,auto,no,,,,
ACPIDriverDll,1801B70BC,FUN_1801b70bc,11,auto,no,,,,
ACPIDriverDll,1801B70C8,_get_printf_count_output,24,auto,yes,,,,
ACPIDriverDll,1801B70E0,"operator()<<lambda_410d79af7f07d98d83a3f525b3859a53>,<lambda_3e16ef9562a7dcce91392c22ab16ea36>&___ptr64,<lambda_38119f0e861e05405d8a144b9b982f0a>_>",110,auto,yes,,,,
ACPIDriverDll,1801B7150,FUN_1801b7150,12,auto,no,,,,
ACPIDriverDll,1801B715C,__acrt_uninitialize_locale,46,auto,yes,,,,
ACPIDriverDll,1801B718C,initialize_inherited_file_handles_nolock,235,auto,yes,,,,
ACPIDriverDll,1801B7278,initialize_stdio_handles_nolock,251,auto,yes,,,,
ACPIDriverDll,1801B7374,__acrt_initialize_lowio,59,auto,yes,,,,
ACPIDriverDll,1801B73B0,__acrt_uninitialize_lowio,64,auto,yes,,,,
ACPIDriverDll,1801B73F0,_calloc_base,117,auto,yes,,,,
ACPIDriverDll,1801B7468,__acrt_LCMapStringW,135,auto,yes,,,,
ACPIDriverDll,1801B74F0,FUN_1801b74f0,229,auto,no,,,,
ACPIDriverDll,1801B75D8,x_ismbbtype_l,117,auto,yes,,,,
ACPIDriverDll,1801B7650,_ismbblead,18,auto,yes,,,,
ACPIDriverDll,1801B7664,_realloc_base,122,auto,yes,,,,
ACPIDriverDll,1801B76E0,try_get_function,470,auto,yes,,,,
ACPIDriverDll,1801B78B8,__acrt_AppPolicyGetProcessTerminationMethodInternal,78,auto,yes,,,,
ACPIDriverDll,1801B7908,__acrt_AppPolicyGetThreadInitializationTypeInternal,78,auto,yes,,,,
ACPIDriverDll,1801B7958,__acrt_CompareStringEx,220,auto,yes,,,,
ACPIDriverDll,1801B7A34,__acrt_FlsAlloc,72,auto,yes,,,,
ACPIDriverDll,1801B7A7C,__acrt_FlsFree,70,auto,yes,,,,
ACPIDriverDll,1801B7AC4,__acrt_FlsGetValue,70,auto,yes,,,,
ACPIDriverDll,1801B7B0C,__acrt_FlsSetValue,81,auto,yes,,,,
ACPIDriverDll,1801B7B60,__acrt_InitializeCriticalSectionEx,97,auto,yes,,,,
ACPIDriverDll,1801B7BC4,__acrt_LCMapStringEx,220,auto,yes,,,,
ACPIDriverDll,1801B7CA0,__acrt_LocaleNameToLCID,80,auto,yes,,,,
ACPIDriverDll,1801B7CF0,__acrt_RoInitialize,64,auto,yes,,,,
ACPIDriverDll,1801B7D30,__acrt_RoUninitialize,51,auto,yes,,,,
ACPIDriverDll,1801B7D64,FUN_1801b7d64,78,auto,no,,,,
ACPIDriverDll,1801B7DB4,__acrt_SetThreadStackGuarantee,66,auto,yes,,,,
ACPIDriverDll,1801B7DF8,FUN_1801b7df8,69,auto,no,,,,
ACPIDriverDll,1801B7E40,__acrt_uninitialize_winapi_thunks,65,auto,yes,,,,
ACPIDriverDll,1801B7E84,__acrt_get_begin_thread_init_policy,81,auto,yes,,,,
ACPIDriverDll,1801B7ED8,__acrt_get_process_end_policy,60,auto,yes,,,,
ACPIDriverDll,1801B7F14,FUN_1801b7f14,47,auto,no,,,,
ACPIDriverDll,1801B7F44,FUN_1801b7f44,111,auto,no,,,,
ACPIDriverDll,1801B7FB4,FUN_1801b7fb4,275,auto,no,,,,
ACPIDriverDll,1801B80C8,FUN_1801b80c8,28,auto,no,,,,
ACPIDriverDll,1801B80F0,__acrt_CompareStringW,189,auto,yes,,,,
ACPIDriverDll,1801B81B0,FUN_1801b81b0,8,auto,no,,,,
ACPIDriverDll,1801B81B8,_mbsdec_l,148,auto,yes,,,,
ACPIDriverDll,1801B8250,__acrt_initialize_fma3,112,auto,yes,,,,
ACPIDriverDll,1801B82C0,FUN_1801b82c0,510,auto,no,,,,
ACPIDriverDll,1801B84D0,FUN_1801b84d0,306,auto,no,,,,
ACPIDriverDll,1801B8610,FUN_1801b8610,483,auto,no,,,,
ACPIDriverDll,1801B8800,FUN_1801b8800,119,auto,no,,,,
ACPIDriverDll,1801B8878,FUN_1801b8878,18,auto,no,,,,
ACPIDriverDll,1801B888C,FUN_1801b888c,18,auto,no,,,,
ACPIDriverDll,1801B88A0,FUN_1801b88a0,162,auto,no,,,,
ACPIDriverDll,1801B8944,FUN_1801b8944,101,auto,no,,,,
ACPIDriverDll,1801B89AC,_exception_enabled,186,auto,yes,,,,
ACPIDriverDll,1801B8A68,FUN_1801b8a68,295,auto,no,,,,
ACPIDriverDll,1801B8B90,_handle_nan,25,auto,yes,,,,
ACPIDriverDll,1801B8BB0,FUN_1801b8bb0,152,auto,no,,,,
ACPIDriverDll,1801B8C48,FUN_1801b8c48,20,auto,no,,,,
ACPIDriverDll,1801B8CA0,FUN_1801b8ca0,8,auto,no,,,,
ACPIDriverDll,1801B8CA8,FUN_1801b8ca8,8,auto,no,,,,
ACPIDriverDll,1801B8CB0,FUN_1801b8cb0,8,auto,no,,,,
ACPIDriverDll,1801B8CB8,FUN_1801b8cb8,8,auto,no,,,,
ACPIDriverDll,1801B8CC0,FUN_1801b8cc0,47,auto,no,,,,
ACPIDriverDll,1801B8CF0,FUN_1801b8cf0,47,auto,no,,,,
ACPIDriverDll,1801B8D20,FUN_1801b8d20,47,auto,no,,,,
ACPIDriverDll,1801B8D50,__crt_time_is_leap_year<>,90,auto,yes,,,,
ACPIDriverDll,1801B8DAC,common_gmtime_s<__int64>,403,auto,yes,,,,
ACPIDriverDll,1801B8F40,compute_year,240,auto,yes,,,,
ACPIDriverDll,1801B9030,common_gmtime_s<__int64>,5,auto,yes,,,,
ACPIDriverDll,1801B9038,FUN_1801b9038,652,auto,no,,,,
ACPIDriverDll,1801B92C8,FUN_1801b92c8,507,auto,no,,,,
ACPIDriverDll,1801B94C4,FUN_1801b94c4,613,auto,no,,,,
ACPIDriverDll,1801B9730,FUN_1801b9730,461,auto,no,,,,
ACPIDriverDll,1801B9900,tzset_nolock,261,auto,yes,,,,
ACPIDriverDll,1801B9A08,__tzset,64,auto,yes,,,,
ACPIDriverDll,1801B9A48,_isindst,48,auto,yes,,,,
ACPIDriverDll,1801B9A78,__acrt_LCMapStringA_stat,789,auto,yes,,,,
ACPIDriverDll,1801B9D90,__acrt_LCMapStringA,150,auto,yes,,,,
ACPIDriverDll,1801B9E28,_clrfp,29,auto,yes,,,,
ACPIDriverDll,1801B9E48,_ctrlfp,99,auto,yes,,,,
ACPIDriverDll,1801B9EC4,_set_statfp,31,auto,yes,,,,
ACPIDriverDll,1801B9EE4,_statfp,17,auto,yes,,,,
ACPIDriverDll,1801B9EF8,"operator()<<lambda_bfedae4ebbf01fab1bb6dcc6a9e276e0>,<lambda_2fe9b910cf3cbf4a0ab98a02ba45b3ec>&___ptr64,<lambda_237c231691f317818eb88cc1d5d642d6>_>",113,auto,yes,,,,
ACPIDriverDll,1801B9F6C,_close,161,auto,yes,,,,
ACPIDriverDll,1801BA010,_close_nolock,186,auto,yes,,,,
ACPIDriverDll,1801BA0CC,__acrt_stdio_free_stream,28,auto,yes,,,,
ACPIDriverDll,1801BA0E8,__acrt_stdio_free_buffer_nolock,64,auto,yes,,,,
ACPIDriverDll,1801BA128,__acrt_initialize_locks,72,auto,yes,,,,
ACPIDriverDll,1801BA170,__acrt_lock,25,auto,yes,,,,
ACPIDriverDll,1801BA18C,__acrt_uninitialize_locks,55,auto,yes,,,,
ACPIDriverDll,1801BA1C4,__acrt_unlock,25,auto,yes,,,,
ACPIDriverDll,1801BA1E0,"operator()<<lambda_b521505b218e5242e90febf6bfebc422>,<lambda_6978c1fb23f02e42e1d9e99668cc68aa>&___ptr64,<lambda_314360699dd331753a4119843814e9a7>_>",140,auto,yes,,,,
ACPIDriverDll,1801BA26C,_commit,145,auto,yes,,,,
ACPIDriverDll,1801BA300,FUN_1801ba300,533,auto,no,,,,
ACPIDriverDll,1801BA518,FUN_1801ba518,258,auto,no,,,,
ACPIDriverDll,1801BA61C,FUN_1801ba61c,281,auto,no,,,,
ACPIDriverDll,1801BA738,FUN_1801ba738,368,auto,no,,,,
ACPIDriverDll,1801BA8A8,FUN_1801ba8a8,233,auto,no,,,,
ACPIDriverDll,1801BA994,FUN_1801ba994,736,auto,no,,,,
ACPIDriverDll,1801BAC74,common_lseek_nolock<__int64>,153,auto,yes,,,,
ACPIDriverDll,1801BAD10,common_lseek_nolock<__int64>,5,auto,yes,,,,
ACPIDriverDll,1801BAD18,FUN_1801bad18,7,auto,no,,,,
ACPIDriverDll,1801BAD34,FUN_1801bad34,520,auto,no,,,,
ACPIDriverDll,1801BAF40,FUN_1801baf40,410,auto,no,,,,
ACPIDriverDll,1801BB0DC,FUN_1801bb0dc,426,auto,no,,,,
ACPIDriverDll,1801BB288,thunk_FUN_1801bad34,5,auto,no,,,,
ACPIDriverDll,1801BB290,FUN_1801bb290,124,auto,no,,,,
ACPIDriverDll,1801BB30C,FUN_1801bb30c,442,auto,no,,,,
ACPIDriverDll,1801BB4C8,getSystemCP,125,auto,yes,,,,
ACPIDriverDll,1801BB548,setSBCS,144,auto,yes,,,,
ACPIDriverDll,1801BB5D8,setSBUpLow,483,auto,yes,,,,
ACPIDriverDll,1801BB7BC,FUN_1801bb7bc,450,auto,no,,,,
ACPIDriverDll,1801BB980,update_thread_multibyte_data_internal,183,auto,yes,,,,
ACPIDriverDll,1801BBA38,__acrt_initialize_multibyte,96,auto,yes,,,,
ACPIDriverDll,1801BBA98,__acrt_update_thread_multibyte_data,28,auto,yes,,,,
ACPIDriverDll,1801BBAB4,FUN_1801bbab4,695,auto,no,,,,
ACPIDriverDll,1801BBD6C,__acrt_MultiByteToWideChar,90,auto,yes,,,,
ACPIDriverDll,1801BBDC8,__acrt_WideCharToMultiByte,150,auto,yes,,,,
ACPIDriverDll,1801BBE60,__dcrt_get_narrow_environment_from_os,257,auto,yes,,,,
ACPIDriverDll,1801BBF64,FUN_1801bbf64,799,auto,no,,,,
ACPIDriverDll,1801BC284,FUN_1801bc284,232,auto,no,,,,
ACPIDriverDll,1801BC370,thunk_FUN_1801bbf64,5,auto,no,,,,
ACPIDriverDll,1801BC378,FUN_1801bc378,128,auto,no,,,,
ACPIDriverDll,1801BC3F8,FUN_1801bc3f8,60,auto,no,,,,
ACPIDriverDll,1801BC434,FUN_1801bc434,8,auto,no,,,,
ACPIDriverDll,1801BC43C,_callnewh,47,auto,yes,,,,
ACPIDriverDll,1801BC46C,_query_new_handler,52,auto,yes,,,,
ACPIDriverDll,1801BC4A0,operator()<>,69,auto,yes,,,,
ACPIDriverDll,1801BC4E8,__acrt_get_sigabrt_handler,46,auto,yes,,,,
ACPIDriverDll,1801BC518,FUN_1801bc518,29,auto,no,,,,
ACPIDriverDll,1801BC538,FUN_1801bc538,640,auto,no,,,,
ACPIDriverDll,1801BC7B8,FUN_1801bc7b8,29,auto,no,,,,
ACPIDriverDll,1801BC7D8,FUN_1801bc7d8,8,auto,no,,,,
ACPIDriverDll,1801BC7E0,FUN_1801bc7e0,46,auto,no,,,,
ACPIDriverDll,1801BC810,FUN_1801bc810,7,auto,no,,,,
ACPIDriverDll,1801BC818,__mbrtowc_utf8,57,auto,yes,,,,
ACPIDriverDll,1801BC854,__mbsrtowcs_utf8,374,auto,yes,,,,
ACPIDriverDll,1801BC9CC,FUN_1801bc9cc,47,auto,no,,,,
ACPIDriverDll,1801BC9FC,__acrt_add_locale_ref,139,auto,yes,,,,
ACPIDriverDll,1801BCA88,__acrt_free_locale,374,auto,yes,,,,
ACPIDriverDll,1801BCC00,__acrt_locale_add_lc_time_reference,39,auto,yes,,,,
ACPIDriverDll,1801BCC28,__acrt_locale_free_lc_time_if_unreferenced,54,auto,yes,,,,
ACPIDriverDll,1801BCC60,__acrt_locale_release_lc_time_reference,37,auto,yes,,,,
ACPIDriverDll,1801BCC88,__acrt_release_locale_ref,168,auto,yes,,,,
ACPIDriverDll,1801BCD30,__acrt_update_thread_locale_data,109,auto,yes,,,,
ACPIDriverDll,1801BCDA0,_updatetlocinfoEx_nolock,101,auto,yes,,,,
ACPIDriverDll,1801BCE08,__acrt_fp_strflt_to_string,226,auto,yes,,,,
ACPIDriverDll,1801BCEEC,FUN_1801bceec,4818,auto,no,,,,
ACPIDriverDll,1801BE1C4,_fcloseall,177,auto,yes,,,,
ACPIDriverDll,1801BE278,_isatty,95,auto,yes,,,,
ACPIDriverDll,1801BE2D8,__acrt_locale_free_monetary,266,auto,yes,,,,
ACPIDriverDll,1801BE3E4,__acrt_locale_free_numeric,108,auto,yes,,,,
ACPIDriverDll,1801BE450,FUN_1801be450,83,auto,no,,,,
ACPIDriverDll,1801BE4A4,__acrt_locale_free_time,264,auto,yes,,,,
ACPIDriverDll,1801BE5AC,__acrt_GetStringTypeA,397,auto,yes,,,,
ACPIDriverDll,1801BE73C,GetTableIndexFromLocaleName,232,auto,yes,,,,
ACPIDriverDll,1801BE824,__acrt_DownlevelLocaleNameToLCID,49,auto,yes,,,,
ACPIDriverDll,1801BE858,GetStringTypeW,7,auto,yes,,,,
ACPIDriverDll,1801BE860,_raise_exc,39,auto,yes,,,,
ACPIDriverDll,1801BE888,_raise_exc_ex,781,auto,yes,,,,
ACPIDriverDll,1801BEB98,_set_errno_from_matherr,46,auto,yes,,,,
ACPIDriverDll,1801BEBC8,FUN_1801bebc8,9,auto,no,,,,
ACPIDriverDll,1801BEBD4,FUN_1801bebd4,254,auto,no,,,,
ACPIDriverDll,1801BECD4,FUN_1801becd4,86,auto,no,,,,
ACPIDriverDll,1801BED2C,__acrt_fenv_set_control,327,auto,yes,,,,
ACPIDriverDll,1801BEE74,__acrt_fenv_set_status,131,auto,yes,,,,
ACPIDriverDll,1801BEEF8,common_getenv_nolock<char>,137,auto,yes,,,,
ACPIDriverDll,1801BEF84,FUN_1801bef84,243,auto,no,,,,
ACPIDriverDll,1801BF07C,thunk_FUN_1801bef84,5,auto,no,,,,
ACPIDriverDll,1801BF084,__strncnt,21,auto,yes,,,,
ACPIDriverDll,1801BF0B0,_get_fpsr,16,auto,yes,,,,
ACPIDriverDll,1801BF0C0,FUN_1801bf0c0,10,auto,no,,,,
ACPIDriverDll,1801BF0CA,_fclrf,20,auto,yes,,,,
ACPIDriverDll,1801BF100,FUN_1801bf100,59,auto,no,,,,
ACPIDriverDll,1801BF140,FUN_1801bf140,941,auto,no,,,,
ACPIDriverDll,1801BF4F0,FUN_1801bf4f0,157,auto,no,,,,
ACPIDriverDll,1801BF590,FUN_1801bf590,801,auto,no,,,,
ACPIDriverDll,1801BF970,FUN_1801bf970,263,auto,no,,,,
ACPIDriverDll,1801BFA78,FUN_1801bfa78,164,auto,no,,,,
ACPIDriverDll,1801BFB1C,FUN_1801bfb1c,202,auto,no,,,,
ACPIDriverDll,1801BFBE8,FUN_1801bfbe8,306,auto,no,,,,
ACPIDriverDll,1801BFD1C,_mbstowcs_l_helper,514,auto,yes,,,,
ACPIDriverDll,1801BFF28,mbstowcs,26,auto,yes,,,,
ACPIDriverDll,1801BFF44,FUN_1801bff44,23,auto,no,,,,
ACPIDriverDll,1801BFF5C,_strnicoll,21,auto,yes,,,,
ACPIDriverDll,1801BFF74,_strnicoll_l,256,auto,yes,,,,
ACPIDriverDll,1801C0074,FUN_1801c0074,255,auto,no,,,,
ACPIDriverDll,1801C0174,FUN_1801c0174,475,auto,no,,,,
ACPIDriverDll,1801C0350,fegetenv,32,auto,yes,,,,
ACPIDriverDll,1801C0370,fesetenv,77,auto,yes,,,,
ACPIDriverDll,1801C03C0,feholdexcept,80,auto,yes,,,,
ACPIDriverDll,1801C0410,FUN_1801c0410,1386,auto,no,,,,
ACPIDriverDll,1801C09BC,__dcrt_lowio_ensure_console_output_initialized,82,auto,yes,,,,
ACPIDriverDll,1801C0A10,FUN_1801c0a10,28,auto,no,,,,
ACPIDriverDll,1801C0A2C,__dcrt_write_console,190,auto,yes,,,,
ACPIDriverDll,1801C0AEC,_wcstombs_l_helper,871,auto,yes,,,,
ACPIDriverDll,1801C0E5C,FUN_1801c0e5c,844,auto,no,,,,
ACPIDriverDll,1801C11A8,__acrt_CompareStringA,137,auto,yes,,,,
ACPIDriverDll,1801C1234,_clearfp,110,auto,yes,,,,
ACPIDriverDll,1801C12B0,FUN_1801c12b0,32,auto,no,,,,
ACPIDriverDll,1801C12D0,FUN_1801c12d0,150,auto,no,,,,
ACPIDriverDll,1801C1368,__wcsrtombs_utf8,283,auto,yes,,,,
ACPIDriverDll,1801C1484,__c16rtomb_utf8,167,auto,yes,,,,
ACPIDriverDll,1801C152C,__c32rtomb_utf8,183,auto,yes,,,,
ACPIDriverDll,1801C15E4,__c32rtomb_utf8,5,auto,yes,,,,
ACPIDriverDll,1801C15F0,_FindPESection,68,auto,yes,,,,
ACPIDriverDll,1801C1640,_IsNonwritableInCurrentImage,75,auto,yes,,,,
ACPIDriverDll,1801C1690,_ValidateImageBase,45,auto,yes,,,,
ACPIDriverDll,1801C16C0,FUN_1801c16c0,329,auto,no,,,,
ACPIDriverDll,1801C180C,FUN_1801c180c,137,auto,no,,,,
ACPIDriverDll,1801C18B0,_guard_dispatch_icall,2,auto,yes,,,,
ACPIDriverDll,1801C18C0,Unwind@1801c18c0,12,auto,yes,,,,
ACPIDriverDll,1801C18CC,Unwind@1801c18cc,12,auto,yes,,,,
ACPIDriverDll,1801C18D8,Unwind@1801c18d8,19,auto,yes,,,,
ACPIDriverDll,1801C18EB,Unwind@1801c18eb,19,auto,yes,,,,
ACPIDriverDll,1801C18FE,Unwind@1801c18fe,19,auto,yes,,,,
ACPIDriverDll,1801C1911,Unwind@1801c1911,12,auto,yes,,,,
ACPIDriverDll,1801C1920,Catch@1801c1920,233,auto,yes,,,,
ACPIDriverDll,1801C1A0B,Unwind@1801c1a0b,12,auto,yes,,,,
ACPIDriverDll,1801C1A20,Unwind@1801c1a20,12,auto,yes,,,,
ACPIDriverDll,1801C1A30,Unwind@1801c1a30,12,auto,yes,,,,
ACPIDriverDll,1801C1A3C,Unwind@1801c1a3c,12,auto,yes,,,,
ACPIDriverDll,1801C1A48,Unwind@1801c1a48,12,auto,yes,,,,
ACPIDriverDll,1801C1A54,Catch@1801c1a54,259,auto,yes,,,,
ACPIDriverDll,1801C1B59,Unwind@1801c1b59,12,auto,yes,,,,
ACPIDriverDll,1801C1B65,Unwind@1801c1b65,12,auto,yes,,,,
ACPIDriverDll,1801C1B71,Unwind@1801c1b71,12,auto,yes,,,,
ACPIDriverDll,1801C1B7D,Unwind@1801c1b7d,12,auto,yes,,,,
ACPIDriverDll,1801C1B89,Unwind@1801c1b89,12,auto,yes,,,,
ACPIDriverDll,1801C1B95,Unwind@1801c1b95,12,auto,yes,,,,
ACPIDriverDll,1801C1BA1,Unwind@1801c1ba1,12,auto,yes,,,,
ACPIDriverDll,1801C1BAD,Unwind@1801c1bad,12,auto,yes,,,,
ACPIDriverDll,1801C1BB9,Unwind@1801c1bb9,12,auto,yes,,,,
ACPIDriverDll,1801C1BC5,Unwind@1801c1bc5,12,auto,yes,,,,
ACPIDriverDll,1801C1BD1,Unwind@1801c1bd1,12,auto,yes,,,,
ACPIDriverDll,1801C1BDD,FUN_1801c1bdd,87,auto,no,,,,
ACPIDriverDll,1801C1C35,FUN_1801c1c35,28,auto,no,,,,
ACPIDriverDll,1801C1C52,Catch_All@1801c1c52,63,auto,yes,,,,
ACPIDriverDll,1801C1C92,Unwind@1801c1c92,16,auto,yes,,,,
ACPIDriverDll,1801C1CA2,Unwind@1801c1ca2,12,auto,yes,,,,
ACPIDriverDll,1801C1CAE,Unwind@1801c1cae,12,auto,yes,,,,
ACPIDriverDll,1801C1CBA,Unwind@1801c1cba,32,auto,yes,,,,
ACPIDriverDll,1801C1CDA,Unwind@1801c1cda,12,auto,yes,,,,
ACPIDriverDll,1801C1CE6,Unwind@1801c1ce6,12,auto,yes,,,,
ACPIDriverDll,1801C1CF2,Unwind@1801c1cf2,12,auto,yes,,,,
ACPIDriverDll,1801C1CFE,Unwind@1801c1cfe,12,auto,yes,,,,
ACPIDriverDll,1801C1D0A,Unwind@1801c1d0a,12,auto,yes,,,,
ACPIDriverDll,1801C1D16,Unwind@1801c1d16,12,auto,yes,,,,
ACPIDriverDll,1801C1D22,Unwind@1801c1d22,12,auto,yes,,,,
ACPIDriverDll,1801C1D2E,Unwind@1801c1d2e,12,auto,yes,,,,
ACPIDriverDll,1801C1D3A,Unwind@1801c1d3a,12,auto,yes,,,,
ACPIDriverDll,1801C1D46,Unwind@1801c1d46,12,auto,yes,,,,
ACPIDriverDll,1801C1D52,Unwind@1801c1d52,12,auto,yes,,,,
ACPIDriverDll,1801C1D5E,Unwind@1801c1d5e,12,auto,yes,,,,
ACPIDriverDll,1801C1D6A,Unwind@1801c1d6a,12,auto,yes,,,,
ACPIDriverDll,1801C1D76,Unwind@1801c1d76,12,auto,yes,,,,
ACPIDriverDll,1801C1D82,Unwind@1801c1d82,12,auto,yes,,,,
ACPIDriverDll,1801C1D8E,Unwind@1801c1d8e,12,auto,yes,,,,
ACPIDriverDll,1801C1D9A,Unwind@1801c1d9a,12,auto,yes,,,,
ACPIDriverDll,1801C1DA6,Unwind@1801c1da6,12,auto,yes,,,,
ACPIDriverDll,1801C1DB2,Unwind@1801c1db2,12,auto,yes,,,,
ACPIDriverDll,1801C1DBE,Unwind@1801c1dbe,12,auto,yes,,,,
ACPIDriverDll,1801C1DCA,Unwind@1801c1dca,12,auto,yes,,,,
ACPIDriverDll,1801C1DD6,Unwind@1801c1dd6,12,auto,yes,,,,
ACPIDriverDll,1801C1DE2,Unwind@1801c1de2,12,auto,yes,,,,
ACPIDriverDll,1801C1DEE,Unwind@1801c1dee,12,auto,yes,,,,
ACPIDriverDll,1801C1DFA,Unwind@1801c1dfa,12,auto,yes,,,,
ACPIDriverDll,1801C1E06,Unwind@1801c1e06,12,auto,yes,,,,
ACPIDriverDll,1801C1E12,Unwind@1801c1e12,12,auto,yes,,,,
ACPIDriverDll,1801C1E1E,Unwind@1801c1e1e,12,auto,yes,,,,
ACPIDriverDll,1801C1E2A,Unwind@1801c1e2a,12,auto,yes,,,,
ACPIDriverDll,1801C1E36,Unwind@1801c1e36,12,auto,yes,,,,
ACPIDriverDll,1801C1E42,Unwind@1801c1e42,12,auto,yes,,,,
ACPIDriverDll,1801C1E4E,Unwind@1801c1e4e,12,auto,yes,,,,
ACPIDriverDll,1801C1E5A,Unwind@1801c1e5a,12,auto,yes,,,,
ACPIDriverDll,1801C1E66,Unwind@1801c1e66,12,auto,yes,,,,
ACPIDriverDll,1801C1E72,Unwind@1801c1e72,12,auto,yes,,,,
ACPIDriverDll,1801C1E7E,Unwind@1801c1e7e,12,auto,yes,,,,
ACPIDriverDll,1801C1E8A,Unwind@1801c1e8a,12,auto,yes,,,,
ACPIDriverDll,1801C1E96,Unwind@1801c1e96,12,auto,yes,,,,
ACPIDriverDll,1801C1EA2,Unwind@1801c1ea2,12,auto,yes,,,,
ACPIDriverDll,1801C1EAE,Unwind@1801c1eae,12,auto,yes,,,,
ACPIDriverDll,1801C1EBA,Unwind@1801c1eba,12,auto,yes,,,,
ACPIDriverDll,1801C1EC6,Unwind@1801c1ec6,12,auto,yes,,,,
ACPIDriverDll,1801C1ED2,FUN_1801c1ed2,81,auto,no,,,,
ACPIDriverDll,1801C1F24,FUN_1801c1f24,86,auto,no,,,,
ACPIDriverDll,1801C1F7B,FUN_1801c1f7b,86,auto,no,,,,
ACPIDriverDll,1801C1FD2,Unwind@1801c1fd2,12,auto,yes,,,,
ACPIDriverDll,1801C1FDE,Unwind@1801c1fde,38,auto,yes,,,,
ACPIDriverDll,1801C2004,Unwind@1801c2004,38,auto,yes,,,,
ACPIDriverDll,1801C202A,Unwind@1801c202a,12,auto,yes,,,,
ACPIDriverDll,1801C2036,Unwind@1801c2036,12,auto,yes,,,,
ACPIDriverDll,1801C2042,Unwind@1801c2042,12,auto,yes,,,,
ACPIDriverDll,1801C204E,Unwind@1801c204e,12,auto,yes,,,,
ACPIDriverDll,1801C205A,Unwind@1801c205a,12,auto,yes,,,,
ACPIDriverDll,1801C2066,Unwind@1801c2066,12,auto,yes,,,,
ACPIDriverDll,1801C2072,Catch@1801c2072,54,auto,yes,,,,
ACPIDriverDll,1801C20A9,Unwind@1801c20a9,12,auto,yes,,,,
ACPIDriverDll,1801C20B5,Catch@1801c20b5,54,auto,yes,,,,
ACPIDriverDll,1801C20EC,Unwind@1801c20ec,12,auto,yes,,,,
ACPIDriverDll,1801C20F8,FUN_1801c20f8,87,auto,no,,,,
ACPIDriverDll,1801C2150,Unwind@1801c2150,12,auto,yes,,,,
ACPIDriverDll,1801C215C,Unwind@1801c215c,12,auto,yes,,,,
ACPIDriverDll,1801C2168,Unwind@1801c2168,12,auto,yes,,,,
ACPIDriverDll,1801C2174,Unwind@1801c2174,12,auto,yes,,,,
ACPIDriverDll,1801C2180,Unwind@1801c2180,12,auto,yes,,,,
ACPIDriverDll,1801C218C,Unwind@1801c218c,12,auto,yes,,,,
ACPIDriverDll,1801C2198,Unwind@1801c2198,12,auto,yes,,,,
ACPIDriverDll,1801C21A4,Unwind@1801c21a4,12,auto,yes,,,,
ACPIDriverDll,1801C21B0,Unwind@1801c21b0,12,auto,yes,,,,
ACPIDriverDll,1801C21BC,Unwind@1801c21bc,12,auto,yes,,,,
ACPIDriverDll,1801C21C8,Unwind@1801c21c8,12,auto,yes,,,,
ACPIDriverDll,1801C21D4,Unwind@1801c21d4,12,auto,yes,,,,
ACPIDriverDll,1801C21E0,Unwind@1801c21e0,12,auto,yes,,,,
ACPIDriverDll,1801C21EC,Unwind@1801c21ec,12,auto,yes,,,,
ACPIDriverDll,1801C21F8,Unwind@1801c21f8,12,auto,yes,,,,
ACPIDriverDll,1801C2204,Unwind@1801c2204,12,auto,yes,,,,
ACPIDriverDll,1801C2210,Unwind@1801c2210,29,auto,yes,,,,
ACPIDriverDll,1801C222D,Unwind@1801c222d,12,auto,yes,,,,
ACPIDriverDll,1801C2239,Catch@1801c2239,43,auto,yes,,,,
ACPIDriverDll,1801C2265,Unwind@1801c2265,12,auto,yes,,,,
ACPIDriverDll,1801C2271,Unwind@1801c2271,12,auto,yes,,,,
ACPIDriverDll,1801C227D,Unwind@1801c227d,19,auto,yes,,,,
ACPIDriverDll,1801C2290,Unwind@1801c2290,12,auto,yes,,,,
ACPIDriverDll,1801C229C,Catch@1801c229c,36,auto,yes,,,,
ACPIDriverDll,1801C22C1,Catch@1801c22c1,259,auto,yes,,,,
ACPIDriverDll,1801C23C6,Unwind@1801c23c6,12,auto,yes,,,,
ACPIDriverDll,1801C23D2,Catch@1801c23d2,69,auto,yes,,,,
ACPIDriverDll,1801C2418,Catch@1801c2418,32,auto,yes,,,,
ACPIDriverDll,1801C2455,Unwind@1801c2455,12,auto,yes,,,,
ACPIDriverDll,1801C2461,Unwind@1801c2461,12,auto,yes,,,,
ACPIDriverDll,1801C246D,Unwind@1801c246d,12,auto,yes,,,,
ACPIDriverDll,1801C2479,Unwind@1801c2479,12,auto,yes,,,,
ACPIDriverDll,1801C2485,Unwind@1801c2485,12,auto,yes,,,,
ACPIDriverDll,1801C2491,Unwind@1801c2491,12,auto,yes,,,,
ACPIDriverDll,1801C249D,Unwind@1801c249d,12,auto,yes,,,,
ACPIDriverDll,1801C24A9,Unwind@1801c24a9,12,auto,yes,,,,
ACPIDriverDll,1801C24B5,Catch@1801c24b5,26,auto,yes,,,,
ACPIDriverDll,1801C24D0,Catch@1801c24d0,68,auto,yes,,,,
ACPIDriverDll,1801C2515,Unwind@1801c2515,12,auto,yes,,,,
ACPIDriverDll,1801C2521,Catch@1801c2521,95,auto,yes,,,,
ACPIDriverDll,1801C2581,Unwind@1801c2581,12,auto,yes,,,,
ACPIDriverDll,1801C258D,Unwind@1801c258d,12,auto,yes,,,,
ACPIDriverDll,1801C2599,Unwind@1801c2599,12,auto,yes,,,,
ACPIDriverDll,1801C25A5,Unwind@1801c25a5,12,auto,yes,,,,
ACPIDriverDll,1801C25B1,FUN_1801c25b1,87,auto,no,,,,
ACPIDriverDll,1801C2609,FUN_1801c2609,86,auto,no,,,,
ACPIDriverDll,1801C2660,FUN_1801c2660,86,auto,no,,,,
ACPIDriverDll,1801C26B7,FUN_1801c26b7,87,auto,no,,,,
ACPIDriverDll,1801C270F,FUN_1801c270f,87,auto,no,,,,
ACPIDriverDll,1801C2767,Catch@1801c2767,41,auto,yes,,,,
ACPIDriverDll,1801C2791,Unwind@1801c2791,16,auto,yes,,,,
ACPIDriverDll,1801C27A1,Unwind@1801c27a1,19,auto,yes,,,,
ACPIDriverDll,1801C27B4,Unwind@1801c27b4,12,auto,yes,,,,
ACPIDriverDll,1801C27C0,Unwind@1801c27c0,12,auto,yes,,,,
ACPIDriverDll,1801C27CC,Unwind@1801c27cc,16,auto,yes,,,,
ACPIDriverDll,1801C27DC,Unwind@1801c27dc,12,auto,yes,,,,
ACPIDriverDll,1801C27E8,Unwind@1801c27e8,12,auto,yes,,,,
ACPIDriverDll,1801C27F4,Unwind@1801c27f4,12,auto,yes,,,,
ACPIDriverDll,1801C2800,Catch@1801c2800,36,auto,yes,,,,
ACPIDriverDll,1801C2825,Catch@1801c2825,32,auto,yes,,,,
ACPIDriverDll,1801C2865,Catch@1801c2865,36,auto,yes,,,,
ACPIDriverDll,1801C289A,Unwind@1801c289a,16,auto,yes,,,,
ACPIDriverDll,1801C28AA,Unwind@1801c28aa,16,auto,yes,,,,
ACPIDriverDll,1801C28BA,Unwind@1801c28ba,19,auto,yes,,,,
ACPIDriverDll,1801C28CD,Unwind@1801c28cd,19,auto,yes,,,,
ACPIDriverDll,1801C28E0,Unwind@1801c28e0,12,auto,yes,,,,
ACPIDriverDll,1801C28EC,Unwind@1801c28ec,41,auto,yes,,,,
ACPIDriverDll,1801C2915,Unwind@1801c2915,38,auto,yes,,,,
ACPIDriverDll,1801C293B,Unwind@1801c293b,38,auto,yes,,,,
ACPIDriverDll,1801C2961,Unwind@1801c2961,12,auto,yes,,,,
ACPIDriverDll,1801C296D,Unwind@1801c296d,12,auto,yes,,,,
ACPIDriverDll,1801C2979,Unwind@1801c2979,12,auto,yes,,,,
ACPIDriverDll,1801C2985,Unwind@1801c2985,12,auto,yes,,,,
ACPIDriverDll,1801C2991,Unwind@1801c2991,12,auto,yes,,,,
ACPIDriverDll,1801C299D,Unwind@1801c299d,12,auto,yes,,,,
ACPIDriverDll,1801C29A9,Unwind@1801c29a9,12,auto,yes,,,,
ACPIDriverDll,1801C29B5,Unwind@1801c29b5,42,auto,yes,,,,
ACPIDriverDll,1801C29DF,Unwind@1801c29df,45,auto,yes,,,,
ACPIDriverDll,1801C2A0C,Unwind@1801c2a0c,45,auto,yes,,,,
ACPIDriverDll,1801C2A39,Unwind@1801c2a39,45,auto,yes,,,,
ACPIDriverDll,1801C2A66,Unwind@1801c2a66,16,auto,yes,,,,
ACPIDriverDll,1801C2A76,Catch@1801c2a76,26,auto,yes,,,,
ACPIDriverDll,1801C2A91,Unwind@1801c2a91,12,auto,yes,,,,
ACPIDriverDll,1801C2A9D,Unwind@1801c2a9d,16,auto,yes,,,,
ACPIDriverDll,1801C2AAD,Catch@1801c2aad,76,auto,yes,,,,
ACPIDriverDll,1801C2AFA,Unwind@1801c2afa,16,auto,yes,,,,
ACPIDriverDll,1801C2B0A,Catch@1801c2b0a,36,auto,yes,,,,
ACPIDriverDll,1801C2B2F,Unwind@1801c2b2f,12,auto,yes,,,,
ACPIDriverDll,1801C2B3B,Unwind@1801c2b3b,12,auto,yes,,,,
ACPIDriverDll,1801C2B47,Catch@1801c2b47,36,auto,yes,,,,
ACPIDriverDll,1801C2B6C,Catch@1801c2b6c,36,auto,yes,,,,
ACPIDriverDll,1801C2B91,Catch@1801c2b91,44,auto,yes,,,,
ACPIDriverDll,1801C2BBE,Catch_All@1801c2bbe,41,auto,yes,,,,
ACPIDriverDll,1801C2C25,Unwind@1801c2c25,12,auto,yes,,,,
ACPIDriverDll,1801C2C31,Unwind@1801c2c31,12,auto,yes,,,,
ACPIDriverDll,1801C2C3D,Unwind@1801c2c3d,29,auto,yes,,,,
ACPIDriverDll,1801C2C5A,Catch@1801c2c5a,82,auto,yes,,,,
ACPIDriverDll,1801C2CAD,Catch@1801c2cad,50,auto,yes,,,,
ACPIDriverDll,1801C2CE0,Catch@1801c2ce0,36,auto,yes,,,,
ACPIDriverDll,1801C2D05,Unwind@1801c2d05,29,auto,yes,,,,
ACPIDriverDll,1801C2D22,Catch@1801c2d22,36,auto,yes,,,,
ACPIDriverDll,1801C2D47,Catch@1801c2d47,36,auto,yes,,,,
ACPIDriverDll,1801C2D6C,Catch@1801c2d6c,77,auto,yes,,,,
ACPIDriverDll,1801C2DBA,Catch@1801c2dba,36,auto,yes,,,,
ACPIDriverDll,1801C2DDF,Catch@1801c2ddf,36,auto,yes,,,,
ACPIDriverDll,1801C2E04,Unwind@1801c2e04,12,auto,yes,,,,
ACPIDriverDll,1801C2E10,Catch@1801c2e10,44,auto,yes,,,,
ACPIDriverDll,1801C2E3D,Unwind@1801c2e3d,12,auto,yes,,,,
ACPIDriverDll,1801C2E49,Unwind@1801c2e49,12,auto,yes,,,,
ACPIDriverDll,1801C2E55,Unwind@1801c2e55,12,auto,yes,,,,
ACPIDriverDll,1801C2E61,Unwind@1801c2e61,12,auto,yes,,,,
ACPIDriverDll,1801C2E6D,Unwind@1801c2e6d,12,auto,yes,,,,
ACPIDriverDll,1801C2E79,Unwind@1801c2e79,12,auto,yes,,,,
ACPIDriverDll,1801C2E85,Unwind@1801c2e85,12,auto,yes,,,,
ACPIDriverDll,1801C2E91,Unwind@1801c2e91,12,auto,yes,,,,
ACPIDriverDll,1801C2E9D,Unwind@1801c2e9d,12,auto,yes,,,,
ACPIDriverDll,1801C2EA9,Unwind@1801c2ea9,12,auto,yes,,,,
ACPIDriverDll,1801C2EB5,Unwind@1801c2eb5,12,auto,yes,,,,
ACPIDriverDll,1801C2EC1,Unwind@1801c2ec1,12,auto,yes,,,,
ACPIDriverDll,1801C2ECD,Unwind@1801c2ecd,12,auto,yes,,,,
ACPIDriverDll,1801C2ED9,Unwind@1801c2ed9,12,auto,yes,,,,
ACPIDriverDll,1801C2EE5,Unwind@1801c2ee5,12,auto,yes,,,,
ACPIDriverDll,1801C2EF1,Unwind@1801c2ef1,12,auto,yes,,,,
ACPIDriverDll,1801C2EFD,Unwind@1801c2efd,12,auto,yes,,,,
ACPIDriverDll,1801C2F09,Unwind@1801c2f09,12,auto,yes,,,,
ACPIDriverDll,1801C2F15,Unwind@1801c2f15,12,auto,yes,,,,
ACPIDriverDll,1801C2F21,Unwind@1801c2f21,12,auto,yes,,,,
ACPIDriverDll,1801C2F2D,Unwind@1801c2f2d,12,auto,yes,,,,
ACPIDriverDll,1801C2F39,Unwind@1801c2f39,12,auto,yes,,,,
ACPIDriverDll,1801C2F45,Catch@1801c2f45,36,auto,yes,,,,
ACPIDriverDll,1801C2F6A,Unwind@1801c2f6a,12,auto,yes,,,,
ACPIDriverDll,1801C2F76,Unwind@1801c2f76,12,auto,yes,,,,
ACPIDriverDll,1801C2F82,Unwind@1801c2f82,12,auto,yes,,,,
ACPIDriverDll,1801C2F8E,Unwind@1801c2f8e,19,auto,yes,,,,
ACPIDriverDll,1801C2FA1,Unwind@1801c2fa1,19,auto,yes,,,,
ACPIDriverDll,1801C2FB4,Unwind@1801c2fb4,19,auto,yes,,,,
ACPIDriverDll,1801C2FC7,Unwind@1801c2fc7,19,auto,yes,,,,
ACPIDriverDll,1801C2FDA,Unwind@1801c2fda,19,auto,yes,,,,
ACPIDriverDll,1801C2FED,Unwind@1801c2fed,19,auto,yes,,,,
ACPIDriverDll,1801C3000,Unwind@1801c3000,19,auto,yes,,,,
ACPIDriverDll,1801C3013,Unwind@1801c3013,19,auto,yes,,,,
ACPIDriverDll,1801C3026,Unwind@1801c3026,19,auto,yes,,,,
ACPIDriverDll,1801C3039,Unwind@1801c3039,19,auto,yes,,,,
ACPIDriverDll,1801C304C,Unwind@1801c304c,19,auto,yes,,,,
ACPIDriverDll,1801C305F,Unwind@1801c305f,19,auto,yes,,,,
ACPIDriverDll,1801C3072,Unwind@1801c3072,19,auto,yes,,,,
ACPIDriverDll,1801C3085,Unwind@1801c3085,19,auto,yes,,,,
ACPIDriverDll,1801C3098,Unwind@1801c3098,19,auto,yes,,,,
ACPIDriverDll,1801C30AB,Unwind@1801c30ab,19,auto,yes,,,,
ACPIDriverDll,1801C30BE,Unwind@1801c30be,19,auto,yes,,,,
ACPIDriverDll,1801C30D1,Unwind@1801c30d1,19,auto,yes,,,,
ACPIDriverDll,1801C30E4,Unwind@1801c30e4,19,auto,yes,,,,
ACPIDriverDll,1801C30F7,Unwind@1801c30f7,19,auto,yes,,,,
ACPIDriverDll,1801C310A,Unwind@1801c310a,19,auto,yes,,,,
ACPIDriverDll,1801C311D,Unwind@1801c311d,16,auto,yes,,,,
ACPIDriverDll,1801C312D,Unwind@1801c312d,16,auto,yes,,,,
ACPIDriverDll,1801C313D,Unwind@1801c313d,12,auto,yes,,,,
ACPIDriverDll,1801C3149,Unwind@1801c3149,12,auto,yes,,,,
ACPIDriverDll,1801C3155,Unwind@1801c3155,41,auto,yes,,,,
ACPIDriverDll,1801C317E,Unwind@1801c317e,12,auto,yes,,,,
ACPIDriverDll,1801C318A,Unwind@1801c318a,12,auto,yes,,,,
ACPIDriverDll,1801C3196,Unwind@1801c3196,12,auto,yes,,,,
ACPIDriverDll,1801C31A2,Unwind@1801c31a2,12,auto,yes,,,,
ACPIDriverDll,1801C31AE,Unwind@1801c31ae,12,auto,yes,,,,
ACPIDriverDll,1801C31BA,FUN_1801c31ba,87,auto,no,,,,
ACPIDriverDll,1801C3212,FUN_1801c3212,87,auto,no,,,,
ACPIDriverDll,1801C326A,Unwind@1801c326a,16,auto,yes,,,,
ACPIDriverDll,1801C327A,Unwind@1801c327a,19,auto,yes,,,,
ACPIDriverDll,1801C328D,Unwind@1801c328d,19,auto,yes,,,,
ACPIDriverDll,1801C32A0,Unwind@1801c32a0,19,auto,yes,,,,
ACPIDriverDll,1801C32B3,Unwind@1801c32b3,19,auto,yes,,,,
ACPIDriverDll,1801C32C6,Unwind@1801c32c6,19,auto,yes,,,,
ACPIDriverDll,1801C32D9,Unwind@1801c32d9,12,auto,yes,,,,
ACPIDriverDll,1801C32E5,Unwind@1801c32e5,12,auto,yes,,,,
ACPIDriverDll,1801C32F1,Unwind@1801c32f1,12,auto,yes,,,,
ACPIDriverDll,1801C32FD,Unwind@1801c32fd,12,auto,yes,,,,
ACPIDriverDll,1801C3309,Unwind@1801c3309,12,auto,yes,,,,
ACPIDriverDll,1801C3315,Unwind@1801c3315,12,auto,yes,,,,
ACPIDriverDll,1801C3321,Catch_All@1801c3321,43,auto,yes,,,,
ACPIDriverDll,1801C334D,Unwind@1801c334d,12,auto,yes,,,,
ACPIDriverDll,1801C3359,Unwind@1801c3359,12,auto,yes,,,,
ACPIDriverDll,1801C3365,Unwind@1801c3365,12,auto,yes,,,,
ACPIDriverDll,1801C3371,Unwind@1801c3371,12,auto,yes,,,,
ACPIDriverDll,1801C337D,Unwind@1801c337d,12,auto,yes,,,,
ACPIDriverDll,1801C3389,Unwind@1801c3389,12,auto,yes,,,,
ACPIDriverDll,1801C3395,Unwind@1801c3395,12,auto,yes,,,,
ACPIDriverDll,1801C33A1,Unwind@1801c33a1,12,auto,yes,,,,
ACPIDriverDll,1801C33AD,Unwind@1801c33ad,12,auto,yes,,,,
ACPIDriverDll,1801C33B9,Unwind@1801c33b9,12,auto,yes,,,,
ACPIDriverDll,1801C33C5,Unwind@1801c33c5,12,auto,yes,,,,
ACPIDriverDll,1801C33D1,Unwind@1801c33d1,12,auto,yes,,,,
ACPIDriverDll,1801C33DD,Unwind@1801c33dd,12,auto,yes,,,,
ACPIDriverDll,1801C33E9,FUN_1801c33e9,32,auto,no,,,,
ACPIDriverDll,1801C340A,Unwind@1801c340a,12,auto,yes,,,,
ACPIDriverDll,1801C3416,Unwind@1801c3416,19,auto,yes,,,,
ACPIDriverDll,1801C3429,Unwind@1801c3429,19,auto,yes,,,,
ACPIDriverDll,1801C343C,Unwind@1801c343c,19,auto,yes,,,,
ACPIDriverDll,1801C344F,Unwind@1801c344f,19,auto,yes,,,,
ACPIDriverDll,1801C3462,Unwind@1801c3462,19,auto,yes,,,,
ACPIDriverDll,1801C3475,Unwind@1801c3475,19,auto,yes,,,,
ACPIDriverDll,1801C3488,Unwind@1801c3488,19,auto,yes,,,,
ACPIDriverDll,1801C349B,Unwind@1801c349b,19,auto,yes,,,,
ACPIDriverDll,1801C34AE,Unwind@1801c34ae,19,auto,yes,,,,
ACPIDriverDll,1801C34C1,Unwind@1801c34c1,19,auto,yes,,,,
ACPIDriverDll,1801C34D4,Unwind@1801c34d4,19,auto,yes,,,,
ACPIDriverDll,1801C34E7,Unwind@1801c34e7,19,auto,yes,,,,
ACPIDriverDll,1801C34FA,Unwind@1801c34fa,19,auto,yes,,,,
ACPIDriverDll,1801C350D,Unwind@1801c350d,19,auto,yes,,,,
ACPIDriverDll,1801C3520,Unwind@1801c3520,19,auto,yes,,,,
ACPIDriverDll,1801C3533,Unwind@1801c3533,12,auto,yes,,,,
ACPIDriverDll,1801C353F,Unwind@1801c353f,12,auto,yes,,,,
ACPIDriverDll,1801C354B,Unwind@1801c354b,12,auto,yes,,,,
ACPIDriverDll,1801C3557,Unwind@1801c3557,12,auto,yes,,,,
ACPIDriverDll,1801C3563,Unwind@1801c3563,12,auto,yes,,,,
ACPIDriverDll,1801C356F,Unwind@1801c356f,12,auto,yes,,,,
ACPIDriverDll,1801C357B,Unwind@1801c357b,12,auto,yes,,,,
ACPIDriverDll,1801C3587,Unwind@1801c3587,12,auto,yes,,,,
ACPIDriverDll,1801C3593,Catch@1801c3593,36,auto,yes,,,,
ACPIDriverDll,1801C35B8,Catch@1801c35b8,102,auto,yes,,,,
ACPIDriverDll,1801C361F,Unwind@1801c361f,12,auto,yes,,,,
ACPIDriverDll,1801C362B,Unwind@1801c362b,12,auto,yes,,,,
ACPIDriverDll,1801C3637,Unwind@1801c3637,12,auto,yes,,,,
ACPIDriverDll,1801C3643,Unwind@1801c3643,12,auto,yes,,,,
ACPIDriverDll,1801C364F,Unwind@1801c364f,12,auto,yes,,,,
ACPIDriverDll,1801C365B,Unwind@1801c365b,12,auto,yes,,,,
ACPIDriverDll,1801C3667,Unwind@1801c3667,12,auto,yes,,,,
ACPIDriverDll,1801C3673,Unwind@1801c3673,12,auto,yes,,,,
ACPIDriverDll,1801C367F,Unwind@1801c367f,12,auto,yes,,,,
ACPIDriverDll,1801C368B,Catch@1801c368b,36,auto,yes,,,,
ACPIDriverDll,1801C36B0,Unwind@1801c36b0,12,auto,yes,,,,
ACPIDriverDll,1801C36BC,Unwind@1801c36bc,12,auto,yes,,,,
ACPIDriverDll,1801C36C8,Catch@1801c36c8,36,auto,yes,,,,
ACPIDriverDll,1801C36ED,Catch_All@1801c36ed,26,auto,yes,,,,
ACPIDriverDll,1801C3708,Unwind@1801c3708,12,auto,yes,,,,
ACPIDriverDll,1801C3714,Unwind@1801c3714,38,auto,yes,,,,
ACPIDriverDll,1801C373A,Unwind@1801c373a,12,auto,yes,,,,
ACPIDriverDll,1801C3746,Unwind@1801c3746,12,auto,yes,,,,
ACPIDriverDll,1801C3752,Unwind@1801c3752,12,auto,yes,,,,
ACPIDriverDll,1801C375E,Unwind@1801c375e,12,auto,yes,,,,
ACPIDriverDll,1801C376A,Unwind@1801c376a,12,auto,yes,,,,
ACPIDriverDll,1801C3776,Unwind@1801c3776,19,auto,yes,,,,
ACPIDriverDll,1801C3789,Unwind@1801c3789,19,auto,yes,,,,
ACPIDriverDll,1801C379C,Unwind@1801c379c,12,auto,yes,,,,
ACPIDriverDll,1801C37A8,Unwind@1801c37a8,12,auto,yes,,,,
ACPIDriverDll,1801C37B4,Unwind@1801c37b4,12,auto,yes,,,,
ACPIDriverDll,1801C37C0,Unwind@1801c37c0,12,auto,yes,,,,
ACPIDriverDll,1801C37CC,Unwind@1801c37cc,12,auto,yes,,,,
ACPIDriverDll,1801C37D8,Unwind@1801c37d8,12,auto,yes,,,,
ACPIDriverDll,1801C37E4,Unwind@1801c37e4,12,auto,yes,,,,
ACPIDriverDll,1801C37F0,Unwind@1801c37f0,12,auto,yes,,,,
ACPIDriverDll,1801C37FC,Unwind@1801c37fc,12,auto,yes,,,,
ACPIDriverDll,1801C3808,Unwind@1801c3808,12,auto,yes,,,,
ACPIDriverDll,1801C3814,Unwind@1801c3814,12,auto,yes,,,,
ACPIDriverDll,1801C3820,Unwind@1801c3820,12,auto,yes,,,,
ACPIDriverDll,1801C382C,Unwind@1801c382c,12,auto,yes,,,,
ACPIDriverDll,1801C3838,Unwind@1801c3838,12,auto,yes,,,,
ACPIDriverDll,1801C3844,Unwind@1801c3844,12,auto,yes,,,,
ACPIDriverDll,1801C3850,Unwind@1801c3850,12,auto,yes,,,,
ACPIDriverDll,1801C385C,Unwind@1801c385c,16,auto,yes,,,,
ACPIDriverDll,1801C386C,Unwind@1801c386c,16,auto,yes,,,,
ACPIDriverDll,1801C387C,Unwind@1801c387c,19,auto,yes,,,,
ACPIDriverDll,1801C388F,Unwind@1801c388f,19,auto,yes,,,,
ACPIDriverDll,1801C38A2,Unwind@1801c38a2,19,auto,yes,,,,
ACPIDriverDll,1801C38B5,Unwind@1801c38b5,19,auto,yes,,,,
ACPIDriverDll,1801C38C8,Unwind@1801c38c8,19,auto,yes,,,,
ACPIDriverDll,1801C38DB,Unwind@1801c38db,12,auto,yes,,,,
ACPIDriverDll,1801C38E7,Catch@1801c38e7,52,auto,yes,,,,
ACPIDriverDll,1801C391C,Catch@1801c391c,161,auto,yes,,,,
ACPIDriverDll,1801C39BF,Catch_All@1801c39bf,152,auto,yes,,,,
ACPIDriverDll,1801C3A59,Unwind@1801c3a59,12,auto,yes,,,,
ACPIDriverDll,1801C3A65,Unwind@1801c3a65,12,auto,yes,,,,
ACPIDriverDll,1801C3A71,Unwind@1801c3a71,12,auto,yes,,,,
ACPIDriverDll,1801C3A7D,Unwind@1801c3a7d,12,auto,yes,,,,
ACPIDriverDll,1801C3A89,Unwind@1801c3a89,12,auto,yes,,,,
ACPIDriverDll,1801C3A95,Catch@1801c3a95,36,auto,yes,,,,
ACPIDriverDll,1801C3ABA,Unwind@1801c3aba,12,auto,yes,,,,
ACPIDriverDll,1801C3AC6,Unwind@1801c3ac6,12,auto,yes,,,,
ACPIDriverDll,1801C3AD2,Unwind@1801c3ad2,12,auto,yes,,,,
ACPIDriverDll,1801C3ADE,Unwind@1801c3ade,12,auto,yes,,,,
ACPIDriverDll,1801C3AEA,Unwind@1801c3aea,42,auto,yes,,,,
ACPIDriverDll,1801C3B14,Unwind@1801c3b14,12,auto,yes,,,,
ACPIDriverDll,1801C3B20,Unwind@1801c3b20,12,auto,yes,,,,
ACPIDriverDll,1801C3B2C,Unwind@1801c3b2c,12,auto,yes,,,,
ACPIDriverDll,1801C3B38,Unwind@1801c3b38,12,auto,yes,,,,
ACPIDriverDll,1801C3B44,Unwind@1801c3b44,12,auto,yes,,,,
ACPIDriverDll,1801C3B50,Unwind@1801c3b50,12,auto,yes,,,,
ACPIDriverDll,1801C3B5C,Unwind@1801c3b5c,12,auto,yes,,,,
ACPIDriverDll,1801C3B68,Unwind@1801c3b68,12,auto,yes,,,,
ACPIDriverDll,1801C3B74,Unwind@1801c3b74,12,auto,yes,,,,
ACPIDriverDll,1801C3B80,Unwind@1801c3b80,16,auto,yes,,,,
ACPIDriverDll,1801C3B90,Unwind@1801c3b90,12,auto,yes,,,,
ACPIDriverDll,1801C3B9C,Unwind@1801c3b9c,12,auto,yes,,,,
ACPIDriverDll,1801C3BA8,Unwind@1801c3ba8,12,auto,yes,,,,
ACPIDriverDll,1801C3BB4,Unwind@1801c3bb4,19,auto,yes,,,,
ACPIDriverDll,1801C3BC7,Unwind@1801c3bc7,19,auto,yes,,,,
ACPIDriverDll,1801C3BDA,Unwind@1801c3bda,12,auto,yes,,,,
ACPIDriverDll,1801C3BE6,Unwind@1801c3be6,12,auto,yes,,,,
ACPIDriverDll,1801C3BF2,Unwind@1801c3bf2,12,auto,yes,,,,
ACPIDriverDll,1801C3BFE,Unwind@1801c3bfe,19,auto,yes,,,,
ACPIDriverDll,1801C3C11,Unwind@1801c3c11,19,auto,yes,,,,
ACPIDriverDll,1801C3C24,Unwind@1801c3c24,19,auto,yes,,,,
ACPIDriverDll,1801C3C37,Unwind@1801c3c37,19,auto,yes,,,,
ACPIDriverDll,1801C3C4A,Unwind@1801c3c4a,19,auto,yes,,,,
ACPIDriverDll,1801C3C5D,Unwind@1801c3c5d,19,auto,yes,,,,
ACPIDriverDll,1801C3C70,Unwind@1801c3c70,38,auto,yes,,,,
ACPIDriverDll,1801C3C96,Unwind@1801c3c96,38,auto,yes,,,,
ACPIDriverDll,1801C3CBC,Unwind@1801c3cbc,12,auto,yes,,,,
ACPIDriverDll,1801C3CC8,Unwind@1801c3cc8,12,auto,yes,,,,
ACPIDriverDll,1801C3CD4,Unwind@1801c3cd4,12,auto,yes,,,,
ACPIDriverDll,1801C3CE0,Unwind@1801c3ce0,12,auto,yes,,,,
ACPIDriverDll,1801C3CEC,Unwind@1801c3cec,12,auto,yes,,,,
ACPIDriverDll,1801C3CF8,Unwind@1801c3cf8,12,auto,yes,,,,
ACPIDriverDll,1801C3D04,Unwind@1801c3d04,12,auto,yes,,,,
ACPIDriverDll,1801C3D10,Unwind@1801c3d10,19,auto,yes,,,,
ACPIDriverDll,1801C3D23,Unwind@1801c3d23,19,auto,yes,,,,
ACPIDriverDll,1801C3D36,Unwind@1801c3d36,19,auto,yes,,,,
ACPIDriverDll,1801C3D49,Unwind@1801c3d49,19,auto,yes,,,,
ACPIDriverDll,1801C3D5C,Unwind@1801c3d5c,19,auto,yes,,,,
ACPIDriverDll,1801C3D6F,Unwind@1801c3d6f,19,auto,yes,,,,
ACPIDriverDll,1801C3D82,Unwind@1801c3d82,19,auto,yes,,,,
ACPIDriverDll,1801C3D95,Unwind@1801c3d95,19,auto,yes,,,,
ACPIDriverDll,1801C3DA8,Unwind@1801c3da8,19,auto,yes,,,,
ACPIDriverDll,1801C3DBB,Unwind@1801c3dbb,12,auto,yes,,,,
ACPIDriverDll,1801C3DC7,Unwind@1801c3dc7,12,auto,yes,,,,
ACPIDriverDll,1801C3DD3,Catch@1801c3dd3,259,auto,yes,,,,
ACPIDriverDll,1801C3ED8,Unwind@1801c3ed8,12,auto,yes,,,,
ACPIDriverDll,1801C3EE4,Unwind@1801c3ee4,12,auto,yes,,,,
ACPIDriverDll,1801C3EF0,Unwind@1801c3ef0,19,auto,yes,,,,
ACPIDriverDll,1801C3F03,Unwind@1801c3f03,12,auto,yes,,,,
ACPIDriverDll,1801C3F0F,Unwind@1801c3f0f,12,auto,yes,,,,
ACPIDriverDll,1801C3F1B,Unwind@1801c3f1b,19,auto,yes,,,,
ACPIDriverDll,1801C3F2E,Unwind@1801c3f2e,19,auto,yes,,,,
ACPIDriverDll,1801C3F41,Unwind@1801c3f41,19,auto,yes,,,,
ACPIDriverDll,1801C3F54,Unwind@1801c3f54,12,auto,yes,,,,
ACPIDriverDll,1801C3F60,Unwind@1801c3f60,12,auto,yes,,,,
ACPIDriverDll,1801C3F6C,Unwind@1801c3f6c,12,auto,yes,,,,
ACPIDriverDll,1801C3F78,Unwind@1801c3f78,19,auto,yes,,,,
ACPIDriverDll,1801C3F8B,Unwind@1801c3f8b,19,auto,yes,,,,
ACPIDriverDll,1801C3F9E,Unwind@1801c3f9e,19,auto,yes,,,,
ACPIDriverDll,1801C3FB1,Unwind@1801c3fb1,19,auto,yes,,,,
ACPIDriverDll,1801C3FC4,Unwind@1801c3fc4,19,auto,yes,,,,
ACPIDriverDll,1801C3FD7,Unwind@1801c3fd7,19,auto,yes,,,,
ACPIDriverDll,1801C3FEA,Unwind@1801c3fea,19,auto,yes,,,,
ACPIDriverDll,1801C3FFD,Unwind@1801c3ffd,19,auto,yes,,,,
ACPIDriverDll,1801C4010,Unwind@1801c4010,16,auto,yes,,,,
ACPIDriverDll,1801C4020,Unwind@1801c4020,12,auto,yes,,,,
ACPIDriverDll,1801C402C,Unwind@1801c402c,12,auto,yes,,,,
ACPIDriverDll,1801C4038,Unwind@1801c4038,12,auto,yes,,,,
ACPIDriverDll,1801C4044,Unwind@1801c4044,12,auto,yes,,,,
ACPIDriverDll,1801C4050,Unwind@1801c4050,38,auto,yes,,,,
ACPIDriverDll,1801C4076,Unwind@1801c4076,42,auto,yes,,,,
ACPIDriverDll,1801C40A0,Unwind@1801c40a0,12,auto,yes,,,,
ACPIDriverDll,1801C40AC,Unwind@1801c40ac,12,auto,yes,,,,
ACPIDriverDll,1801C40B8,Unwind@1801c40b8,12,auto,yes,,,,
ACPIDriverDll,1801C40C4,Unwind@1801c40c4,12,auto,yes,,,,
ACPIDriverDll,1801C40D0,Unwind@1801c40d0,12,auto,yes,,,,
ACPIDriverDll,1801C40DC,Unwind@1801c40dc,12,auto,yes,,,,
ACPIDriverDll,1801C40E8,Unwind@1801c40e8,12,auto,yes,,,,
ACPIDriverDll,1801C40F4,Unwind@1801c40f4,12,auto,yes,,,,
ACPIDriverDll,1801C4100,Unwind@1801c4100,19,auto,yes,,,,
ACPIDriverDll,1801C4113,Unwind@1801c4113,12,auto,yes,,,,
ACPIDriverDll,1801C411F,Unwind@1801c411f,12,auto,yes,,,,
ACPIDriverDll,1801C412B,Unwind@1801c412b,12,auto,yes,,,,
ACPIDriverDll,1801C4137,Unwind@1801c4137,12,auto,yes,,,,
ACPIDriverDll,1801C4143,Unwind@1801c4143,12,auto,yes,,,,
ACPIDriverDll,1801C414F,Unwind@1801c414f,19,auto,yes,,,,
ACPIDriverDll,1801C4162,Unwind@1801c4162,19,auto,yes,,,,
ACPIDriverDll,1801C4175,Unwind@1801c4175,19,auto,yes,,,,
ACPIDriverDll,1801C4188,Unwind@1801c4188,19,auto,yes,,,,
ACPIDriverDll,1801C419B,Unwind@1801c419b,12,auto,yes,,,,
ACPIDriverDll,1801C41A7,Unwind@1801c41a7,12,auto,yes,,,,
ACPIDriverDll,1801C41B3,Unwind@1801c41b3,16,auto,yes,,,,
ACPIDriverDll,1801C41C3,Unwind@1801c41c3,19,auto,yes,,,,
ACPIDriverDll,1801C41D6,Unwind@1801c41d6,19,auto,yes,,,,
ACPIDriverDll,1801C41E9,Unwind@1801c41e9,19,auto,yes,,,,
ACPIDriverDll,1801C41FC,Unwind@1801c41fc,19,auto,yes,,,,
ACPIDriverDll,1801C420F,Unwind@1801c420f,12,auto,yes,,,,
ACPIDriverDll,1801C421B,Unwind@1801c421b,12,auto,yes,,,,
ACPIDriverDll,1801C4227,Unwind@1801c4227,12,auto,yes,,,,
ACPIDriverDll,1801C4233,Unwind@1801c4233,12,auto,yes,,,,
ACPIDriverDll,1801C423F,Unwind@1801c423f,12,auto,yes,,,,
ACPIDriverDll,1801C424B,Unwind@1801c424b,19,auto,yes,,,,
ACPIDriverDll,1801C425E,Unwind@1801c425e,12,auto,yes,,,,
ACPIDriverDll,1801C426A,Unwind@1801c426a,12,auto,yes,,,,
ACPIDriverDll,1801C4276,Unwind@1801c4276,19,auto,yes,,,,
ACPIDriverDll,1801C4289,Unwind@1801c4289,19,auto,yes,,,,
ACPIDriverDll,1801C429C,Unwind@1801c429c,19,auto,yes,,,,
ACPIDriverDll,1801C42AF,Unwind@1801c42af,19,auto,yes,,,,
ACPIDriverDll,1801C42C2,Unwind@1801c42c2,12,auto,yes,,,,
ACPIDriverDll,1801C42CE,Unwind@1801c42ce,12,auto,yes,,,,
ACPIDriverDll,1801C42DA,Unwind@1801c42da,12,auto,yes,,,,
ACPIDriverDll,1801C42E6,Unwind@1801c42e6,12,auto,yes,,,,
ACPIDriverDll,1801C42F2,Unwind@1801c42f2,12,auto,yes,,,,
ACPIDriverDll,1801C42FE,Unwind@1801c42fe,19,auto,yes,,,,
ACPIDriverDll,1801C4311,Unwind@1801c4311,12,auto,yes,,,,
ACPIDriverDll,1801C431D,Unwind@1801c431d,12,auto,yes,,,,
ACPIDriverDll,1801C4329,Unwind@1801c4329,19,auto,yes,,,,
ACPIDriverDll,1801C433C,Unwind@1801c433c,19,auto,yes,,,,
ACPIDriverDll,1801C434F,Unwind@1801c434f,19,auto,yes,,,,
ACPIDriverDll,1801C4362,Unwind@1801c4362,19,auto,yes,,,,
ACPIDriverDll,1801C4375,Unwind@1801c4375,19,auto,yes,,,,
ACPIDriverDll,1801C4388,Unwind@1801c4388,19,auto,yes,,,,
ACPIDriverDll,1801C439B,Unwind@1801c439b,19,auto,yes,,,,
ACPIDriverDll,1801C43AE,Unwind@1801c43ae,19,auto,yes,,,,
ACPIDriverDll,1801C43C1,Unwind@1801c43c1,19,auto,yes,,,,
ACPIDriverDll,1801C43D4,Unwind@1801c43d4,19,auto,yes,,,,
ACPIDriverDll,1801C43E7,Unwind@1801c43e7,19,auto,yes,,,,
ACPIDriverDll,1801C43FA,Unwind@1801c43fa,12,auto,yes,,,,
ACPIDriverDll,1801C4406,Unwind@1801c4406,12,auto,yes,,,,
ACPIDriverDll,1801C4412,Unwind@1801c4412,12,auto,yes,,,,
ACPIDriverDll,1801C441E,Unwind@1801c441e,12,auto,yes,,,,
ACPIDriverDll,1801C442A,Unwind@1801c442a,12,auto,yes,,,,
ACPIDriverDll,1801C4436,Unwind@1801c4436,12,auto,yes,,,,
ACPIDriverDll,1801C4442,Unwind@1801c4442,12,auto,yes,,,,
ACPIDriverDll,1801C444E,Unwind@1801c444e,12,auto,yes,,,,
ACPIDriverDll,1801C445A,Unwind@1801c445a,12,auto,yes,,,,
ACPIDriverDll,1801C4466,Unwind@1801c4466,19,auto,yes,,,,
ACPIDriverDll,1801C4479,Unwind@1801c4479,12,auto,yes,,,,
ACPIDriverDll,1801C4485,Unwind@1801c4485,12,auto,yes,,,,
ACPIDriverDll,1801C4491,Unwind@1801c4491,12,auto,yes,,,,
ACPIDriverDll,1801C449D,Unwind@1801c449d,12,auto,yes,,,,
ACPIDriverDll,1801C44A9,Unwind@1801c44a9,12,auto,yes,,,,
ACPIDriverDll,1801C44B5,Unwind@1801c44b5,12,auto,yes,,,,
ACPIDriverDll,1801C44C1,Unwind@1801c44c1,12,auto,yes,,,,
ACPIDriverDll,1801C44CD,Unwind@1801c44cd,12,auto,yes,,,,
ACPIDriverDll,1801C44D9,Unwind@1801c44d9,12,auto,yes,,,,
ACPIDriverDll,1801C44E5,Unwind@1801c44e5,12,auto,yes,,,,
ACPIDriverDll,1801C44F1,Unwind@1801c44f1,12,auto,yes,,,,
ACPIDriverDll,1801C44FD,Unwind@1801c44fd,12,auto,yes,,,,
ACPIDriverDll,1801C4509,Unwind@1801c4509,12,auto,yes,,,,
ACPIDriverDll,1801C4515,Unwind@1801c4515,12,auto,yes,,,,
ACPIDriverDll,1801C4521,Unwind@1801c4521,12,auto,yes,,,,
ACPIDriverDll,1801C452D,Unwind@1801c452d,12,auto,yes,,,,
ACPIDriverDll,1801C4539,Unwind@1801c4539,12,auto,yes,,,,
ACPIDriverDll,1801C4545,FUN_1801c4545,86,auto,no,,,,
ACPIDriverDll,1801C459C,Unwind@1801c459c,12,auto,yes,,,,
ACPIDriverDll,1801C45A8,Unwind@1801c45a8,19,auto,yes,,,,
ACPIDriverDll,1801C45BB,Unwind@1801c45bb,19,auto,yes,,,,
ACPIDriverDll,1801C45CE,Unwind@1801c45ce,19,auto,yes,,,,
ACPIDriverDll,1801C45E1,Unwind@1801c45e1,19,auto,yes,,,,
ACPIDriverDll,1801C45F4,Unwind@1801c45f4,19,auto,yes,,,,
ACPIDriverDll,1801C4607,Unwind@1801c4607,19,auto,yes,,,,
ACPIDriverDll,1801C461A,Unwind@1801c461a,12,auto,yes,,,,
ACPIDriverDll,1801C4626,Unwind@1801c4626,12,auto,yes,,,,
ACPIDriverDll,1801C4632,Unwind@1801c4632,12,auto,yes,,,,
ACPIDriverDll,1801C463E,Unwind@1801c463e,12,auto,yes,,,,
ACPIDriverDll,1801C464A,Unwind@1801c464a,12,auto,yes,,,,
ACPIDriverDll,1801C4656,Unwind@1801c4656,19,auto,yes,,,,
ACPIDriverDll,1801C4669,Unwind@1801c4669,12,auto,yes,,,,
ACPIDriverDll,1801C4675,Unwind@1801c4675,19,auto,yes,,,,
ACPIDriverDll,1801C4688,Unwind@1801c4688,12,auto,yes,,,,
ACPIDriverDll,1801C4694,Unwind@1801c4694,19,auto,yes,,,,
ACPIDriverDll,1801C46A7,Unwind@1801c46a7,12,auto,yes,,,,
ACPIDriverDll,1801C46B3,Unwind@1801c46b3,19,auto,yes,,,,
ACPIDriverDll,1801C46C6,Unwind@1801c46c6,12,auto,yes,,,,
ACPIDriverDll,1801C46D2,Unwind@1801c46d2,12,auto,yes,,,,
ACPIDriverDll,1801C46DE,Unwind@1801c46de,12,auto,yes,,,,
ACPIDriverDll,1801C46EA,Unwind@1801c46ea,12,auto,yes,,,,
ACPIDriverDll,1801C46F6,Unwind@1801c46f6,12,auto,yes,,,,
ACPIDriverDll,1801C4702,Unwind@1801c4702,12,auto,yes,,,,
ACPIDriverDll,1801C470E,Unwind@1801c470e,12,auto,yes,,,,
ACPIDriverDll,1801C471A,Unwind@1801c471a,16,auto,yes,,,,
ACPIDriverDll,1801C472A,Unwind@1801c472a,16,auto,yes,,,,
ACPIDriverDll,1801C473A,Unwind@1801c473a,16,auto,yes,,,,
ACPIDriverDll,1801C474A,Catch@1801c474a,22,auto,yes,,,,
ACPIDriverDll,1801C478D,Unwind@1801c478d,19,auto,yes,,,,
ACPIDriverDll,1801C47A0,Unwind@1801c47a0,19,auto,yes,,,,
ACPIDriverDll,1801C47B3,Unwind@1801c47b3,19,auto,yes,,,,
ACPIDriverDll,1801C47C6,Unwind@1801c47c6,19,auto,yes,,,,
ACPIDriverDll,1801C47D9,Unwind@1801c47d9,19,auto,yes,,,,
ACPIDriverDll,1801C47EC,Unwind@1801c47ec,19,auto,yes,,,,
ACPIDriverDll,1801C47FF,Unwind@1801c47ff,19,auto,yes,,,,
ACPIDriverDll,1801C4812,Unwind@1801c4812,19,auto,yes,,,,
ACPIDriverDll,1801C4825,Unwind@1801c4825,19,auto,yes,,,,
ACPIDriverDll,1801C4838,Unwind@1801c4838,12,auto,yes,,,,
ACPIDriverDll,1801C4844,Unwind@1801c4844,19,auto,yes,,,,
ACPIDriverDll,1801C4857,Unwind@1801c4857,19,auto,yes,,,,
ACPIDriverDll,1801C486A,Unwind@1801c486a,19,auto,yes,,,,
ACPIDriverDll,1801C487D,Unwind@1801c487d,19,auto,yes,,,,
ACPIDriverDll,1801C4890,Unwind@1801c4890,19,auto,yes,,,,
ACPIDriverDll,1801C48A3,Unwind@1801c48a3,19,auto,yes,,,,
ACPIDriverDll,1801C48B6,Unwind@1801c48b6,19,auto,yes,,,,
ACPIDriverDll,1801C48C9,Unwind@1801c48c9,19,auto,yes,,,,
ACPIDriverDll,1801C48DC,Unwind@1801c48dc,19,auto,yes,,,,
ACPIDriverDll,1801C48EF,Unwind@1801c48ef,12,auto,yes,,,,
ACPIDriverDll,1801C48FB,Unwind@1801c48fb,12,auto,yes,,,,
ACPIDriverDll,1801C4907,Unwind@1801c4907,12,auto,yes,,,,
ACPIDriverDll,1801C4913,Unwind@1801c4913,12,auto,yes,,,,
ACPIDriverDll,1801C491F,Unwind@1801c491f,12,auto,yes,,,,
ACPIDriverDll,1801C492B,Unwind@1801c492b,12,auto,yes,,,,
ACPIDriverDll,1801C4937,Unwind@1801c4937,12,auto,yes,,,,
ACPIDriverDll,1801C4943,Catch@1801c4943,259,auto,yes,,,,
ACPIDriverDll,1801C4A48,Unwind@1801c4a48,16,auto,yes,,,,
ACPIDriverDll,1801C4A58,FUN_1801c4a58,88,auto,no,,,,
ACPIDriverDll,1801C4AB1,Unwind@1801c4ab1,12,auto,yes,,,,
ACPIDriverDll,1801C4ABD,Unwind@1801c4abd,19,auto,yes,,,,
ACPIDriverDll,1801C4AD0,Unwind@1801c4ad0,19,auto,yes,,,,
ACPIDriverDll,1801C4AE3,Unwind@1801c4ae3,19,auto,yes,,,,
ACPIDriverDll,1801C4AF6,Unwind@1801c4af6,19,auto,yes,,,,
ACPIDriverDll,1801C4B09,Unwind@1801c4b09,19,auto,yes,,,,
ACPIDriverDll,1801C4B1C,Catch@1801c4b1c,26,auto,yes,,,,
ACPIDriverDll,1801C4B37,Unwind@1801c4b37,12,auto,yes,,,,
ACPIDriverDll,1801C4B43,FUN_1801c4b43,87,auto,no,,,,
ACPIDriverDll,1801C4B9B,FUN_1801c4b9b,88,auto,no,,,,
ACPIDriverDll,1801C4BF4,Unwind@1801c4bf4,16,auto,yes,,,,
ACPIDriverDll,1801C4C04,Unwind@1801c4c04,12,auto,yes,,,,
ACPIDriverDll,1801C4C10,Unwind@1801c4c10,19,auto,yes,,,,
ACPIDriverDll,1801C4C23,Unwind@1801c4c23,19,auto,yes,,,,
ACPIDriverDll,1801C4C36,Catch@1801c4c36,259,auto,yes,,,,
ACPIDriverDll,1801C4D3B,Unwind@1801c4d3b,12,auto,yes,,,,
ACPIDriverDll,1801C4D47,Unwind@1801c4d47,12,auto,yes,,,,
ACPIDriverDll,1801C4D53,Unwind@1801c4d53,12,auto,yes,,,,
ACPIDriverDll,1801C4D5F,Unwind@1801c4d5f,12,auto,yes,,,,
ACPIDriverDll,1801C4D6B,Unwind@1801c4d6b,12,auto,yes,,,,
ACPIDriverDll,1801C4D77,Unwind@1801c4d77,12,auto,yes,,,,
ACPIDriverDll,1801C4D83,Unwind@1801c4d83,12,auto,yes,,,,
ACPIDriverDll,1801C4D8F,Catch@1801c4d8f,54,auto,yes,,,,
ACPIDriverDll,1801C4DC6,Unwind@1801c4dc6,38,auto,yes,,,,
ACPIDriverDll,1801C4DEC,Unwind@1801c4dec,16,auto,yes,,,,
ACPIDriverDll,1801C4DFC,Unwind@1801c4dfc,16,auto,yes,,,,
ACPIDriverDll,1801C4E0C,Unwind@1801c4e0c,19,auto,yes,,,,
ACPIDriverDll,1801C4E1F,Unwind@1801c4e1f,19,auto,yes,,,,
ACPIDriverDll,1801C4E32,Unwind@1801c4e32,19,auto,yes,,,,
ACPIDriverDll,1801C4E45,Unwind@1801c4e45,19,auto,yes,,,,
ACPIDriverDll,1801C4E58,Unwind@1801c4e58,19,auto,yes,,,,
ACPIDriverDll,1801C4E6B,Unwind@1801c4e6b,19,auto,yes,,,,
ACPIDriverDll,1801C4E7E,Unwind@1801c4e7e,19,auto,yes,,,,
ACPIDriverDll,1801C4E91,Unwind@1801c4e91,19,auto,yes,,,,
ACPIDriverDll,1801C4EA4,Unwind@1801c4ea4,12,auto,yes,,,,
ACPIDriverDll,1801C4EB0,Unwind@1801c4eb0,12,auto,yes,,,,
ACPIDriverDll,1801C4EBC,Unwind@1801c4ebc,16,auto,yes,,,,
ACPIDriverDll,1801C4ECC,Unwind@1801c4ecc,16,auto,yes,,,,
ACPIDriverDll,1801C4EDC,Catch@1801c4edc,65,auto,yes,,,,
ACPIDriverDll,1801C4F2A,Catch@1801c4f2a,48,auto,yes,,,,
ACPIDriverDll,1801C4F5B,Catch@1801c4f5b,115,auto,yes,,,,
ACPIDriverDll,1801C4FCF,Unwind@1801c4fcf,12,auto,yes,,,,
ACPIDriverDll,1801C4FDB,Unwind@1801c4fdb,12,auto,yes,,,,
ACPIDriverDll,1801C4FE7,Unwind@1801c4fe7,12,auto,yes,,,,
ACPIDriverDll,1801C4FF3,Unwind@1801c4ff3,12,auto,yes,,,,
ACPIDriverDll,1801C4FFF,Unwind@1801c4fff,12,auto,yes,,,,
ACPIDriverDll,1801C500B,Unwind@1801c500b,12,auto,yes,,,,
ACPIDriverDll,1801C5017,Unwind@1801c5017,12,auto,yes,,,,
ACPIDriverDll,1801C5023,Catch@1801c5023,36,auto,yes,,,,
ACPIDriverDll,1801C5048,Catch@1801c5048,36,auto,yes,,,,
ACPIDriverDll,1801C506D,Unwind@1801c506d,12,auto,yes,,,,
ACPIDriverDll,1801C5079,Catch@1801c5079,36,auto,yes,,,,
ACPIDriverDll,1801C509E,Unwind@1801c509e,12,auto,yes,,,,
ACPIDriverDll,1801C50AA,Catch@1801c50aa,41,auto,yes,,,,
ACPIDriverDll,1801C50D4,Catch@1801c50d4,41,auto,yes,,,,
ACPIDriverDll,1801C50FE,Catch@1801c50fe,41,auto,yes,,,,
ACPIDriverDll,1801C5128,Unwind@1801c5128,12,auto,yes,,,,
ACPIDriverDll,1801C5134,Catch@1801c5134,46,auto,yes,,,,
ACPIDriverDll,1801C5163,Catch@1801c5163,46,auto,yes,,,,
ACPIDriverDll,1801C5192,Catch@1801c5192,46,auto,yes,,,,
ACPIDriverDll,1801C51C1,Unwind@1801c51c1,12,auto,yes,,,,
ACPIDriverDll,1801C51CD,Unwind@1801c51cd,12,auto,yes,,,,
ACPIDriverDll,1801C51D9,Catch@1801c51d9,56,auto,yes,,,,
ACPIDriverDll,1801C5212,Catch@1801c5212,56,auto,yes,,,,
ACPIDriverDll,1801C524B,Catch@1801c524b,56,auto,yes,,,,
ACPIDriverDll,1801C5284,Unwind@1801c5284,12,auto,yes,,,,
ACPIDriverDll,1801C5290,Unwind@1801c5290,12,auto,yes,,,,
ACPIDriverDll,1801C529C,Unwind@1801c529c,12,auto,yes,,,,
ACPIDriverDll,1801C52A8,Unwind@1801c52a8,12,auto,yes,,,,
ACPIDriverDll,1801C52B4,Unwind@1801c52b4,19,auto,yes,,,,
ACPIDriverDll,1801C52C7,Unwind@1801c52c7,19,auto,yes,,,,
ACPIDriverDll,1801C52DA,Unwind@1801c52da,12,auto,yes,,,,
ACPIDriverDll,1801C52E6,Unwind@1801c52e6,19,auto,yes,,,,
ACPIDriverDll,1801C52F9,Unwind@1801c52f9,19,auto,yes,,,,
ACPIDriverDll,1801C530C,Unwind@1801c530c,19,auto,yes,,,,
ACPIDriverDll,1801C531F,Unwind@1801c531f,19,auto,yes,,,,
ACPIDriverDll,1801C5332,Unwind@1801c5332,49,auto,yes,,,,
ACPIDriverDll,1801C5363,Unwind@1801c5363,49,auto,yes,,,,
ACPIDriverDll,1801C5394,Unwind@1801c5394,49,auto,yes,,,,
ACPIDriverDll,1801C53C5,Unwind@1801c53c5,49,auto,yes,,,,
ACPIDriverDll,1801C53F6,Unwind@1801c53f6,19,auto,yes,,,,
ACPIDriverDll,1801C5409,Unwind@1801c5409,19,auto,yes,,,,
ACPIDriverDll,1801C541C,Unwind@1801c541c,19,auto,yes,,,,
ACPIDriverDll,1801C542F,Unwind@1801c542f,19,auto,yes,,,,
ACPIDriverDll,1801C5442,Unwind@1801c5442,19,auto,yes,,,,
ACPIDriverDll,1801C5455,Unwind@1801c5455,19,auto,yes,,,,
ACPIDriverDll,1801C5468,Unwind@1801c5468,19,auto,yes,,,,
ACPIDriverDll,1801C547B,Unwind@1801c547b,19,auto,yes,,,,
ACPIDriverDll,1801C548E,Unwind@1801c548e,19,auto,yes,,,,
ACPIDriverDll,1801C54A1,Unwind@1801c54a1,19,auto,yes,,,,
ACPIDriverDll,1801C54B4,Unwind@1801c54b4,19,auto,yes,,,,
ACPIDriverDll,1801C54C7,Unwind@1801c54c7,49,auto,yes,,,,
ACPIDriverDll,1801C54F8,Unwind@1801c54f8,19,auto,yes,,,,
ACPIDriverDll,1801C550B,Unwind@1801c550b,19,auto,yes,,,,
ACPIDriverDll,1801C551E,Unwind@1801c551e,19,auto,yes,,,,
ACPIDriverDll,1801C5531,Unwind@1801c5531,19,auto,yes,,,,
ACPIDriverDll,1801C5544,Unwind@1801c5544,19,auto,yes,,,,
ACPIDriverDll,1801C5557,Unwind@1801c5557,19,auto,yes,,,,
ACPIDriverDll,1801C556A,Unwind@1801c556a,19,auto,yes,,,,
ACPIDriverDll,1801C557D,Unwind@1801c557d,19,auto,yes,,,,
ACPIDriverDll,1801C5590,Unwind@1801c5590,19,auto,yes,,,,
ACPIDriverDll,1801C55A3,Unwind@1801c55a3,49,auto,yes,,,,
ACPIDriverDll,1801C55D4,Unwind@1801c55d4,19,auto,yes,,,,
ACPIDriverDll,1801C55E7,Unwind@1801c55e7,49,auto,yes,,,,
ACPIDriverDll,1801C5618,Unwind@1801c5618,19,auto,yes,,,,
ACPIDriverDll,1801C562B,Unwind@1801c562b,19,auto,yes,,,,
ACPIDriverDll,1801C563E,Unwind@1801c563e,49,auto,yes,,,,
ACPIDriverDll,1801C566F,Unwind@1801c566f,49,auto,yes,,,,
ACPIDriverDll,1801C56A0,Unwind@1801c56a0,19,auto,yes,,,,
ACPIDriverDll,1801C56B3,Unwind@1801c56b3,19,auto,yes,,,,
ACPIDriverDll,1801C56C6,Unwind@1801c56c6,19,auto,yes,,,,
ACPIDriverDll,1801C56D9,Unwind@1801c56d9,19,auto,yes,,,,
ACPIDriverDll,1801C56EC,Unwind@1801c56ec,19,auto,yes,,,,
ACPIDriverDll,1801C56FF,Unwind@1801c56ff,19,auto,yes,,,,
ACPIDriverDll,1801C5712,Unwind@1801c5712,19,auto,yes,,,,
ACPIDriverDll,1801C5725,Unwind@1801c5725,49,auto,yes,,,,
ACPIDriverDll,1801C5756,Unwind@1801c5756,19,auto,yes,,,,
ACPIDriverDll,1801C5769,Unwind@1801c5769,19,auto,yes,,,,
ACPIDriverDll,1801C577C,Unwind@1801c577c,19,auto,yes,,,,
ACPIDriverDll,1801C578F,Unwind@1801c578f,19,auto,yes,,,,
ACPIDriverDll,1801C57A2,Unwind@1801c57a2,19,auto,yes,,,,
ACPIDriverDll,1801C57B5,Unwind@1801c57b5,19,auto,yes,,,,
ACPIDriverDll,1801C57C8,Unwind@1801c57c8,19,auto,yes,,,,
ACPIDriverDll,1801C57DB,Unwind@1801c57db,19,auto,yes,,,,
ACPIDriverDll,1801C57EE,Unwind@1801c57ee,19,auto,yes,,,,
ACPIDriverDll,1801C5801,Unwind@1801c5801,19,auto,yes,,,,
ACPIDriverDll,1801C5814,Unwind@1801c5814,49,auto,yes,,,,
ACPIDriverDll,1801C5845,Unwind@1801c5845,49,auto,yes,,,,
ACPIDriverDll,1801C5876,Unwind@1801c5876,49,auto,yes,,,,
ACPIDriverDll,1801C58A7,Unwind@1801c58a7,49,auto,yes,,,,
ACPIDriverDll,1801C58D8,Unwind@1801c58d8,49,auto,yes,,,,
ACPIDriverDll,1801C5909,Unwind@1801c5909,49,auto,yes,,,,
ACPIDriverDll,1801C593A,Unwind@1801c593a,19,auto,yes,,,,
ACPIDriverDll,1801C594D,Unwind@1801c594d,19,auto,yes,,,,
ACPIDriverDll,1801C5960,Unwind@1801c5960,19,auto,yes,,,,
ACPIDriverDll,1801C5973,Unwind@1801c5973,19,auto,yes,,,,
ACPIDriverDll,1801C5986,Unwind@1801c5986,19,auto,yes,,,,
ACPIDriverDll,1801C5999,Unwind@1801c5999,19,auto,yes,,,,
ACPIDriverDll,1801C59AC,Unwind@1801c59ac,19,auto,yes,,,,
ACPIDriverDll,1801C59BF,Unwind@1801c59bf,49,auto,yes,,,,
ACPIDriverDll,1801C59F0,Unwind@1801c59f0,19,auto,yes,,,,
ACPIDriverDll,1801C5A03,Unwind@1801c5a03,19,auto,yes,,,,
ACPIDriverDll,1801C5A16,Unwind@1801c5a16,19,auto,yes,,,,
ACPIDriverDll,1801C5A29,Unwind@1801c5a29,19,auto,yes,,,,
ACPIDriverDll,1801C5A3C,Unwind@1801c5a3c,19,auto,yes,,,,
ACPIDriverDll,1801C5A4F,Unwind@1801c5a4f,19,auto,yes,,,,
ACPIDriverDll,1801C5A62,Unwind@1801c5a62,19,auto,yes,,,,
ACPIDriverDll,1801C5A75,Unwind@1801c5a75,19,auto,yes,,,,
ACPIDriverDll,1801C5A88,Unwind@1801c5a88,19,auto,yes,,,,
ACPIDriverDll,1801C5A9B,Unwind@1801c5a9b,19,auto,yes,,,,
ACPIDriverDll,1801C5AAE,Unwind@1801c5aae,19,auto,yes,,,,
ACPIDriverDll,1801C5AC1,Unwind@1801c5ac1,19,auto,yes,,,,
ACPIDriverDll,1801C5AD4,Unwind@1801c5ad4,19,auto,yes,,,,
ACPIDriverDll,1801C5AE7,Unwind@1801c5ae7,19,auto,yes,,,,
ACPIDriverDll,1801C5AFA,Unwind@1801c5afa,19,auto,yes,,,,
ACPIDriverDll,1801C5B0D,Unwind@1801c5b0d,49,auto,yes,,,,
ACPIDriverDll,1801C5B3E,Unwind@1801c5b3e,49,auto,yes,,,,
ACPIDriverDll,1801C5B6F,Unwind@1801c5b6f,19,auto,yes,,,,
ACPIDriverDll,1801C5B82,Unwind@1801c5b82,19,auto,yes,,,,
ACPIDriverDll,1801C5B95,Unwind@1801c5b95,19,auto,yes,,,,
ACPIDriverDll,1801C5BA8,Unwind@1801c5ba8,19,auto,yes,,,,
ACPIDriverDll,1801C5BBB,Unwind@1801c5bbb,19,auto,yes,,,,
ACPIDriverDll,1801C5BCE,Unwind@1801c5bce,49,auto,yes,,,,
ACPIDriverDll,1801C5BFF,Unwind@1801c5bff,19,auto,yes,,,,
ACPIDriverDll,1801C5C12,Unwind@1801c5c12,19,auto,yes,,,,
ACPIDriverDll,1801C5C25,Unwind@1801c5c25,19,auto,yes,,,,
ACPIDriverDll,1801C5C38,Unwind@1801c5c38,19,auto,yes,,,,
ACPIDriverDll,1801C5C4B,Unwind@1801c5c4b,19,auto,yes,,,,
ACPIDriverDll,1801C5C5E,Unwind@1801c5c5e,19,auto,yes,,,,
ACPIDriverDll,1801C5C71,Unwind@1801c5c71,19,auto,yes,,,,
ACPIDriverDll,1801C5C84,Unwind@1801c5c84,19,auto,yes,,,,
ACPIDriverDll,1801C5C97,Unwind@1801c5c97,19,auto,yes,,,,
ACPIDriverDll,1801C5CAA,Unwind@1801c5caa,19,auto,yes,,,,
ACPIDriverDll,1801C5CBD,Unwind@1801c5cbd,49,auto,yes,,,,
ACPIDriverDll,1801C5CEE,Unwind@1801c5cee,49,auto,yes,,,,
ACPIDriverDll,1801C5D1F,Unwind@1801c5d1f,29,auto,yes,,,,
ACPIDriverDll,1801C5D3C,Unwind@1801c5d3c,12,auto,yes,,,,
ACPIDriverDll,1801C5D48,Unwind@1801c5d48,12,auto,yes,,,,
ACPIDriverDll,1801C5D54,Unwind@1801c5d54,38,auto,yes,,,,
ACPIDriverDll,1801C5D7A,Unwind@1801c5d7a,38,auto,yes,,,,
ACPIDriverDll,1801C5DA0,Unwind@1801c5da0,12,auto,yes,,,,
ACPIDriverDll,1801C5DAC,Unwind@1801c5dac,12,auto,yes,,,,
ACPIDriverDll,1801C5DB8,Unwind@1801c5db8,12,auto,yes,,,,
ACPIDriverDll,1801C5DC4,Unwind@1801c5dc4,12,auto,yes,,,,
ACPIDriverDll,1801C5DD0,Unwind@1801c5dd0,12,auto,yes,,,,
ACPIDriverDll,1801C5DDC,Unwind@1801c5ddc,12,auto,yes,,,,
ACPIDriverDll,1801C5DE8,Unwind@1801c5de8,12,auto,yes,,,,
ACPIDriverDll,1801C5DF4,Unwind@1801c5df4,12,auto,yes,,,,
ACPIDriverDll,1801C5E00,Unwind@1801c5e00,12,auto,yes,,,,
ACPIDriverDll,1801C5E0C,Unwind@1801c5e0c,12,auto,yes,,,,
ACPIDriverDll,1801C5E18,Unwind@1801c5e18,12,auto,yes,,,,
ACPIDriverDll,1801C5E24,Unwind@1801c5e24,12,auto,yes,,,,
ACPIDriverDll,1801C5E30,Unwind@1801c5e30,12,auto,yes,,,,
ACPIDriverDll,1801C5E3C,Unwind@1801c5e3c,12,auto,yes,,,,
ACPIDriverDll,1801C5E48,Unwind@1801c5e48,12,auto,yes,,,,
ACPIDriverDll,1801C5E54,Unwind@1801c5e54,12,auto,yes,,,,
ACPIDriverDll,1801C5E60,Unwind@1801c5e60,12,auto,yes,,,,
ACPIDriverDll,1801C5E6C,Unwind@1801c5e6c,12,auto,yes,,,,
ACPIDriverDll,1801C5E78,Unwind@1801c5e78,12,auto,yes,,,,
ACPIDriverDll,1801C5E84,Unwind@1801c5e84,12,auto,yes,,,,
ACPIDriverDll,1801C5E90,Unwind@1801c5e90,12,auto,yes,,,,
ACPIDriverDll,1801C5E9C,Unwind@1801c5e9c,12,auto,yes,,,,
ACPIDriverDll,1801C5EA8,Unwind@1801c5ea8,12,auto,yes,,,,
ACPIDriverDll,1801C5EB4,Unwind@1801c5eb4,12,auto,yes,,,,
ACPIDriverDll,1801C5EC0,Unwind@1801c5ec0,12,auto,yes,,,,
ACPIDriverDll,1801C5ECC,Unwind@1801c5ecc,12,auto,yes,,,,
ACPIDriverDll,1801C5ED8,Unwind@1801c5ed8,12,auto,yes,,,,
ACPIDriverDll,1801C5EE4,Unwind@1801c5ee4,12,auto,yes,,,,
ACPIDriverDll,1801C5EF0,Unwind@1801c5ef0,12,auto,yes,,,,
ACPIDriverDll,1801C5EFC,Unwind@1801c5efc,12,auto,yes,,,,
ACPIDriverDll,1801C5F08,Unwind@1801c5f08,12,auto,yes,,,,
ACPIDriverDll,1801C5F14,Unwind@1801c5f14,12,auto,yes,,,,
ACPIDriverDll,1801C5F20,Unwind@1801c5f20,12,auto,yes,,,,
ACPIDriverDll,1801C5F2C,Unwind@1801c5f2c,12,auto,yes,,,,
ACPIDriverDll,1801C5F38,Unwind@1801c5f38,47,auto,yes,,,,
ACPIDriverDll,1801C5F67,Unwind@1801c5f67,47,auto,yes,,,,
ACPIDriverDll,1801C5F96,Unwind@1801c5f96,12,auto,yes,,,,
ACPIDriverDll,1801C5FA2,Unwind@1801c5fa2,12,auto,yes,,,,
ACPIDriverDll,1801C5FAE,Unwind@1801c5fae,12,auto,yes,,,,
ACPIDriverDll,1801C5FBA,Unwind@1801c5fba,12,auto,yes,,,,
ACPIDriverDll,1801C5FC6,Unwind@1801c5fc6,12,auto,yes,,,,
ACPIDriverDll,1801C5FD2,Unwind@1801c5fd2,12,auto,yes,,,,
ACPIDriverDll,1801C5FDE,Unwind@1801c5fde,12,auto,yes,,,,
ACPIDriverDll,1801C5FEA,Unwind@1801c5fea,12,auto,yes,,,,
ACPIDriverDll,1801C5FF6,Unwind@1801c5ff6,12,auto,yes,,,,
ACPIDriverDll,1801C6002,Unwind@1801c6002,12,auto,yes,,,,
ACPIDriverDll,1801C600E,Unwind@1801c600e,12,auto,yes,,,,
ACPIDriverDll,1801C601A,Unwind@1801c601a,12,auto,yes,,,,
ACPIDriverDll,1801C6026,Unwind@1801c6026,12,auto,yes,,,,
ACPIDriverDll,1801C6032,Unwind@1801c6032,12,auto,yes,,,,
ACPIDriverDll,1801C603E,Unwind@1801c603e,12,auto,yes,,,,
ACPIDriverDll,1801C604A,Unwind@1801c604a,12,auto,yes,,,,
ACPIDriverDll,1801C6056,Unwind@1801c6056,12,auto,yes,,,,
ACPIDriverDll,1801C6062,Unwind@1801c6062,12,auto,yes,,,,
ACPIDriverDll,1801C606E,Unwind@1801c606e,12,auto,yes,,,,
ACPIDriverDll,1801C607A,Unwind@1801c607a,12,auto,yes,,,,
ACPIDriverDll,1801C6086,Unwind@1801c6086,12,auto,yes,,,,
ACPIDriverDll,1801C6092,Unwind@1801c6092,12,auto,yes,,,,
ACPIDriverDll,1801C609E,Unwind@1801c609e,12,auto,yes,,,,
ACPIDriverDll,1801C60AA,Unwind@1801c60aa,12,auto,yes,,,,
ACPIDriverDll,1801C60B6,Unwind@1801c60b6,12,auto,yes,,,,
ACPIDriverDll,1801C60C2,Unwind@1801c60c2,12,auto,yes,,,,
ACPIDriverDll,1801C60CE,Unwind@1801c60ce,12,auto,yes,,,,
ACPIDriverDll,1801C60DA,Unwind@1801c60da,12,auto,yes,,,,
ACPIDriverDll,1801C60E6,Unwind@1801c60e6,12,auto,yes,,,,
ACPIDriverDll,1801C60F2,Unwind@1801c60f2,12,auto,yes,,,,
ACPIDriverDll,1801C60FE,Unwind@1801c60fe,12,auto,yes,,,,
ACPIDriverDll,1801C610A,Unwind@1801c610a,12,auto,yes,,,,
ACPIDriverDll,1801C6116,Unwind@1801c6116,12,auto,yes,,,,
ACPIDriverDll,1801C6122,Unwind@1801c6122,12,auto,yes,,,,
ACPIDriverDll,1801C612E,Unwind@1801c612e,12,auto,yes,,,,
ACPIDriverDll,1801C613A,Unwind@1801c613a,12,auto,yes,,,,
ACPIDriverDll,1801C6146,Unwind@1801c6146,12,auto,yes,,,,
ACPIDriverDll,1801C6152,Unwind@1801c6152,12,auto,yes,,,,
ACPIDriverDll,1801C615E,Unwind@1801c615e,12,auto,yes,,,,
ACPIDriverDll,1801C616A,Unwind@1801c616a,12,auto,yes,,,,
ACPIDriverDll,1801C6176,Unwind@1801c6176,12,auto,yes,,,,
ACPIDriverDll,1801C6182,Unwind@1801c6182,12,auto,yes,,,,
ACPIDriverDll,1801C618E,Unwind@1801c618e,12,auto,yes,,,,
ACPIDriverDll,1801C619A,Unwind@1801c619a,12,auto,yes,,,,
ACPIDriverDll,1801C61A6,Unwind@1801c61a6,12,auto,yes,,,,
ACPIDriverDll,1801C61B2,Unwind@1801c61b2,12,auto,yes,,,,
ACPIDriverDll,1801C61BE,Unwind@1801c61be,12,auto,yes,,,,
ACPIDriverDll,1801C61CA,Unwind@1801c61ca,12,auto,yes,,,,
ACPIDriverDll,1801C61D6,Unwind@1801c61d6,12,auto,yes,,,,
ACPIDriverDll,1801C61E2,Unwind@1801c61e2,12,auto,yes,,,,
ACPIDriverDll,1801C61EE,Unwind@1801c61ee,12,auto,yes,,,,
ACPIDriverDll,1801C61FA,Unwind@1801c61fa,12,auto,yes,,,,
ACPIDriverDll,1801C6206,Unwind@1801c6206,12,auto,yes,,,,
ACPIDriverDll,1801C6212,Unwind@1801c6212,12,auto,yes,,,,
ACPIDriverDll,1801C621E,Unwind@1801c621e,12,auto,yes,,,,
ACPIDriverDll,1801C622A,Unwind@1801c622a,12,auto,yes,,,,
ACPIDriverDll,1801C6236,Unwind@1801c6236,12,auto,yes,,,,
ACPIDriverDll,1801C6242,Unwind@1801c6242,12,auto,yes,,,,
ACPIDriverDll,1801C624E,Unwind@1801c624e,12,auto,yes,,,,
ACPIDriverDll,1801C625A,Unwind@1801c625a,12,auto,yes,,,,
ACPIDriverDll,1801C6266,Unwind@1801c6266,12,auto,yes,,,,
ACPIDriverDll,1801C6272,Unwind@1801c6272,12,auto,yes,,,,
ACPIDriverDll,1801C627E,Unwind@1801c627e,12,auto,yes,,,,
ACPIDriverDll,1801C628A,Unwind@1801c628a,12,auto,yes,,,,
ACPIDriverDll,1801C6296,Unwind@1801c6296,12,auto,yes,,,,
ACPIDriverDll,1801C62A2,Unwind@1801c62a2,12,auto,yes,,,,
ACPIDriverDll,1801C62AE,Unwind@1801c62ae,12,auto,yes,,,,
ACPIDriverDll,1801C62BA,Unwind@1801c62ba,12,auto,yes,,,,
ACPIDriverDll,1801C62C6,Unwind@1801c62c6,12,auto,yes,,,,
ACPIDriverDll,1801C62D2,Unwind@1801c62d2,12,auto,yes,,,,
ACPIDriverDll,1801C62DE,Unwind@1801c62de,12,auto,yes,,,,
ACPIDriverDll,1801C62EA,Unwind@1801c62ea,12,auto,yes,,,,
ACPIDriverDll,1801C62F6,Unwind@1801c62f6,12,auto,yes,,,,
ACPIDriverDll,1801C6302,Unwind@1801c6302,12,auto,yes,,,,
ACPIDriverDll,1801C630E,Unwind@1801c630e,12,auto,yes,,,,
ACPIDriverDll,1801C631A,Unwind@1801c631a,12,auto,yes,,,,
ACPIDriverDll,1801C6326,Unwind@1801c6326,12,auto,yes,,,,
ACPIDriverDll,1801C6332,Unwind@1801c6332,12,auto,yes,,,,
ACPIDriverDll,1801C633E,Unwind@1801c633e,12,auto,yes,,,,
ACPIDriverDll,1801C634A,Unwind@1801c634a,12,auto,yes,,,,
ACPIDriverDll,1801C6356,Unwind@1801c6356,12,auto,yes,,,,
ACPIDriverDll,1801C6362,Unwind@1801c6362,12,auto,yes,,,,
ACPIDriverDll,1801C636E,Unwind@1801c636e,12,auto,yes,,,,
ACPIDriverDll,1801C637A,Unwind@1801c637a,12,auto,yes,,,,
ACPIDriverDll,1801C6386,Unwind@1801c6386,12,auto,yes,,,,
ACPIDriverDll,1801C6392,Unwind@1801c6392,12,auto,yes,,,,
ACPIDriverDll,1801C639E,Unwind@1801c639e,12,auto,yes,,,,
ACPIDriverDll,1801C63AA,Unwind@1801c63aa,12,auto,yes,,,,
ACPIDriverDll,1801C63B6,Unwind@1801c63b6,12,auto,yes,,,,
ACPIDriverDll,1801C63C2,Unwind@1801c63c2,12,auto,yes,,,,
ACPIDriverDll,1801C63CE,Unwind@1801c63ce,12,auto,yes,,,,
ACPIDriverDll,1801C63DA,Unwind@1801c63da,12,auto,yes,,,,
ACPIDriverDll,1801C63E6,Unwind@1801c63e6,12,auto,yes,,,,
ACPIDriverDll,1801C63F2,Unwind@1801c63f2,12,auto,yes,,,,
ACPIDriverDll,1801C63FE,Unwind@1801c63fe,12,auto,yes,,,,
ACPIDriverDll,1801C640A,Unwind@1801c640a,12,auto,yes,,,,
ACPIDriverDll,1801C6416,Unwind@1801c6416,12,auto,yes,,,,
ACPIDriverDll,1801C6422,Unwind@1801c6422,12,auto,yes,,,,
ACPIDriverDll,1801C642E,Unwind@1801c642e,12,auto,yes,,,,
ACPIDriverDll,1801C643A,Unwind@1801c643a,12,auto,yes,,,,
ACPIDriverDll,1801C6446,Unwind@1801c6446,12,auto,yes,,,,
ACPIDriverDll,1801C6452,Unwind@1801c6452,12,auto,yes,,,,
ACPIDriverDll,1801C645E,Unwind@1801c645e,12,auto,yes,,,,
ACPIDriverDll,1801C646A,Unwind@1801c646a,12,auto,yes,,,,
ACPIDriverDll,1801C6476,Unwind@1801c6476,12,auto,yes,,,,
ACPIDriverDll,1801C6482,Unwind@1801c6482,12,auto,yes,,,,
ACPIDriverDll,1801C648E,Unwind@1801c648e,12,auto,yes,,,,
ACPIDriverDll,1801C649A,Unwind@1801c649a,12,auto,yes,,,,
ACPIDriverDll,1801C64A6,Unwind@1801c64a6,12,auto,yes,,,,
ACPIDriverDll,1801C64B2,Unwind@1801c64b2,12,auto,yes,,,,
ACPIDriverDll,1801C64BE,Unwind@1801c64be,12,auto,yes,,,,
ACPIDriverDll,1801C64CA,Unwind@1801c64ca,12,auto,yes,,,,
ACPIDriverDll,1801C64D6,Unwind@1801c64d6,12,auto,yes,,,,
ACPIDriverDll,1801C64E2,Unwind@1801c64e2,12,auto,yes,,,,
ACPIDriverDll,1801C64EE,Unwind@1801c64ee,12,auto,yes,,,,
ACPIDriverDll,1801C64FA,Unwind@1801c64fa,12,auto,yes,,,,
ACPIDriverDll,1801C6506,Unwind@1801c6506,12,auto,yes,,,,
ACPIDriverDll,1801C6512,Unwind@1801c6512,12,auto,yes,,,,
ACPIDriverDll,1801C651E,Unwind@1801c651e,12,auto,yes,,,,
ACPIDriverDll,1801C652A,Unwind@1801c652a,12,auto,yes,,,,
ACPIDriverDll,1801C6536,Unwind@1801c6536,12,auto,yes,,,,
ACPIDriverDll,1801C6542,Unwind@1801c6542,12,auto,yes,,,,
ACPIDriverDll,1801C654E,Unwind@1801c654e,12,auto,yes,,,,
ACPIDriverDll,1801C655A,Unwind@1801c655a,12,auto,yes,,,,
ACPIDriverDll,1801C6566,Unwind@1801c6566,12,auto,yes,,,,
ACPIDriverDll,1801C6572,Unwind@1801c6572,12,auto,yes,,,,
ACPIDriverDll,1801C657E,Unwind@1801c657e,12,auto,yes,,,,
ACPIDriverDll,1801C658A,Unwind@1801c658a,12,auto,yes,,,,
ACPIDriverDll,1801C6596,Unwind@1801c6596,12,auto,yes,,,,
ACPIDriverDll,1801C65A2,Unwind@1801c65a2,12,auto,yes,,,,
ACPIDriverDll,1801C65AE,Unwind@1801c65ae,12,auto,yes,,,,
ACPIDriverDll,1801C65BA,Unwind@1801c65ba,12,auto,yes,,,,
ACPIDriverDll,1801C65C6,Unwind@1801c65c6,12,auto,yes,,,,
ACPIDriverDll,1801C65D2,Unwind@1801c65d2,12,auto,yes,,,,
ACPIDriverDll,1801C65DE,Unwind@1801c65de,12,auto,yes,,,,
ACPIDriverDll,1801C65EA,Unwind@1801c65ea,12,auto,yes,,,,
ACPIDriverDll,1801C65F6,Unwind@1801c65f6,12,auto,yes,,,,
ACPIDriverDll,1801C6602,Unwind@1801c6602,12,auto,yes,,,,
ACPIDriverDll,1801C660E,Unwind@1801c660e,12,auto,yes,,,,
ACPIDriverDll,1801C661A,Unwind@1801c661a,12,auto,yes,,,,
ACPIDriverDll,1801C6626,Unwind@1801c6626,12,auto,yes,,,,
ACPIDriverDll,1801C6632,Unwind@1801c6632,12,auto,yes,,,,
ACPIDriverDll,1801C663E,Unwind@1801c663e,12,auto,yes,,,,
ACPIDriverDll,1801C664A,Unwind@1801c664a,12,auto,yes,,,,
ACPIDriverDll,1801C6656,Unwind@1801c6656,12,auto,yes,,,,
ACPIDriverDll,1801C6662,Unwind@1801c6662,12,auto,yes,,,,
ACPIDriverDll,1801C666E,Unwind@1801c666e,12,auto,yes,,,,
ACPIDriverDll,1801C667A,Unwind@1801c667a,12,auto,yes,,,,
ACPIDriverDll,1801C6686,Unwind@1801c6686,12,auto,yes,,,,
ACPIDriverDll,1801C6692,Unwind@1801c6692,12,auto,yes,,,,
ACPIDriverDll,1801C669E,Unwind@1801c669e,12,auto,yes,,,,
ACPIDriverDll,1801C66AA,Unwind@1801c66aa,12,auto,yes,,,,
ACPIDriverDll,1801C66B6,Unwind@1801c66b6,12,auto,yes,,,,
ACPIDriverDll,1801C66C2,Unwind@1801c66c2,12,auto,yes,,,,
ACPIDriverDll,1801C66CE,Unwind@1801c66ce,12,auto,yes,,,,
ACPIDriverDll,1801C66DA,Unwind@1801c66da,12,auto,yes,,,,
ACPIDriverDll,1801C66E6,Unwind@1801c66e6,12,auto,yes,,,,
ACPIDriverDll,1801C66F2,Unwind@1801c66f2,12,auto,yes,,,,
ACPIDriverDll,1801C66FE,Unwind@1801c66fe,12,auto,yes,,,,
ACPIDriverDll,1801C670A,Unwind@1801c670a,12,auto,yes,,,,
ACPIDriverDll,1801C6716,Unwind@1801c6716,12,auto,yes,,,,
ACPIDriverDll,1801C6722,Unwind@1801c6722,12,auto,yes,,,,
ACPIDriverDll,1801C672E,Unwind@1801c672e,12,auto,yes,,,,
ACPIDriverDll,1801C673A,Unwind@1801c673a,12,auto,yes,,,,
ACPIDriverDll,1801C6746,Unwind@1801c6746,12,auto,yes,,,,
ACPIDriverDll,1801C6752,Unwind@1801c6752,12,auto,yes,,,,
ACPIDriverDll,1801C675E,Unwind@1801c675e,12,auto,yes,,,,
ACPIDriverDll,1801C676A,Unwind@1801c676a,12,auto,yes,,,,
ACPIDriverDll,1801C6776,Unwind@1801c6776,12,auto,yes,,,,
ACPIDriverDll,1801C6782,Unwind@1801c6782,12,auto,yes,,,,
ACPIDriverDll,1801C678E,Unwind@1801c678e,12,auto,yes,,,,
ACPIDriverDll,1801C679A,Unwind@1801c679a,12,auto,yes,,,,
ACPIDriverDll,1801C67A6,Unwind@1801c67a6,12,auto,yes,,,,
ACPIDriverDll,1801C67B2,Unwind@1801c67b2,12,auto,yes,,,,
ACPIDriverDll,1801C67BE,Unwind@1801c67be,12,auto,yes,,,,
ACPIDriverDll,1801C67CA,Unwind@1801c67ca,12,auto,yes,,,,
ACPIDriverDll,1801C67D6,Unwind@1801c67d6,12,auto,yes,,,,
ACPIDriverDll,1801C67E2,Unwind@1801c67e2,12,auto,yes,,,,
ACPIDriverDll,1801C67EE,Unwind@1801c67ee,12,auto,yes,,,,
ACPIDriverDll,1801C67FA,Unwind@1801c67fa,12,auto,yes,,,,
ACPIDriverDll,1801C6806,Unwind@1801c6806,12,auto,yes,,,,
ACPIDriverDll,1801C6812,Unwind@1801c6812,12,auto,yes,,,,
ACPIDriverDll,1801C681E,Unwind@1801c681e,12,auto,yes,,,,
ACPIDriverDll,1801C682A,Unwind@1801c682a,12,auto,yes,,,,
ACPIDriverDll,1801C6836,Unwind@1801c6836,12,auto,yes,,,,
ACPIDriverDll,1801C6842,Unwind@1801c6842,12,auto,yes,,,,
ACPIDriverDll,1801C684E,Unwind@1801c684e,12,auto,yes,,,,
ACPIDriverDll,1801C685A,Unwind@1801c685a,12,auto,yes,,,,
ACPIDriverDll,1801C6866,Unwind@1801c6866,12,auto,yes,,,,
ACPIDriverDll,1801C6872,Unwind@1801c6872,12,auto,yes,,,,
ACPIDriverDll,1801C687E,Unwind@1801c687e,12,auto,yes,,,,
ACPIDriverDll,1801C688A,Unwind@1801c688a,12,auto,yes,,,,
ACPIDriverDll,1801C6896,Unwind@1801c6896,12,auto,yes,,,,
ACPIDriverDll,1801C68A2,Unwind@1801c68a2,12,auto,yes,,,,
ACPIDriverDll,1801C68AE,Unwind@1801c68ae,12,auto,yes,,,,
ACPIDriverDll,1801C68BA,Unwind@1801c68ba,12,auto,yes,,,,
ACPIDriverDll,1801C68C6,Unwind@1801c68c6,12,auto,yes,,,,
ACPIDriverDll,1801C68D2,Unwind@1801c68d2,12,auto,yes,,,,
ACPIDriverDll,1801C68DE,Unwind@1801c68de,12,auto,yes,,,,
ACPIDriverDll,1801C68EA,Unwind@1801c68ea,12,auto,yes,,,,
ACPIDriverDll,1801C68F6,Unwind@1801c68f6,12,auto,yes,,,,
ACPIDriverDll,1801C6902,Unwind@1801c6902,12,auto,yes,,,,
ACPIDriverDll,1801C690E,Unwind@1801c690e,12,auto,yes,,,,
ACPIDriverDll,1801C691A,Unwind@1801c691a,12,auto,yes,,,,
ACPIDriverDll,1801C6926,Unwind@1801c6926,12,auto,yes,,,,
ACPIDriverDll,1801C6932,Unwind@1801c6932,12,auto,yes,,,,
ACPIDriverDll,1801C693E,Unwind@1801c693e,12,auto,yes,,,,
ACPIDriverDll,1801C694A,Unwind@1801c694a,12,auto,yes,,,,
ACPIDriverDll,1801C6956,Unwind@1801c6956,12,auto,yes,,,,
ACPIDriverDll,1801C6962,Unwind@1801c6962,12,auto,yes,,,,
ACPIDriverDll,1801C696E,Unwind@1801c696e,12,auto,yes,,,,
ACPIDriverDll,1801C697A,Unwind@1801c697a,12,auto,yes,,,,
ACPIDriverDll,1801C6986,Unwind@1801c6986,12,auto,yes,,,,
ACPIDriverDll,1801C6992,Unwind@1801c6992,12,auto,yes,,,,
ACPIDriverDll,1801C699E,Unwind@1801c699e,12,auto,yes,,,,
ACPIDriverDll,1801C69AA,Unwind@1801c69aa,12,auto,yes,,,,
ACPIDriverDll,1801C69B6,Unwind@1801c69b6,12,auto,yes,,,,
ACPIDriverDll,1801C69C2,Unwind@1801c69c2,12,auto,yes,,,,
ACPIDriverDll,1801C69CE,Unwind@1801c69ce,12,auto,yes,,,,
ACPIDriverDll,1801C69DA,Unwind@1801c69da,12,auto,yes,,,,
ACPIDriverDll,1801C69E6,Unwind@1801c69e6,12,auto,yes,,,,
ACPIDriverDll,1801C69F2,Unwind@1801c69f2,12,auto,yes,,,,
ACPIDriverDll,1801C69FE,Unwind@1801c69fe,12,auto,yes,,,,
ACPIDriverDll,1801C6A0A,Unwind@1801c6a0a,12,auto,yes,,,,
ACPIDriverDll,1801C6A16,Unwind@1801c6a16,12,auto,yes,,,,
ACPIDriverDll,1801C6A22,Unwind@1801c6a22,12,auto,yes,,,,
ACPIDriverDll,1801C6A2E,Unwind@1801c6a2e,12,auto,yes,,,,
ACPIDriverDll,1801C6A3A,Unwind@1801c6a3a,12,auto,yes,,,,
ACPIDriverDll,1801C6A46,Unwind@1801c6a46,12,auto,yes,,,,
ACPIDriverDll,1801C6A52,Unwind@1801c6a52,12,auto,yes,,,,
ACPIDriverDll,1801C6A5E,Unwind@1801c6a5e,12,auto,yes,,,,
ACPIDriverDll,1801C6A6A,Unwind@1801c6a6a,12,auto,yes,,,,
ACPIDriverDll,1801C6A76,Unwind@1801c6a76,12,auto,yes,,,,
ACPIDriverDll,1801C6A82,Unwind@1801c6a82,12,auto,yes,,,,
ACPIDriverDll,1801C6A8E,Unwind@1801c6a8e,12,auto,yes,,,,
ACPIDriverDll,1801C6A9A,Unwind@1801c6a9a,12,auto,yes,,,,
ACPIDriverDll,1801C6AA6,Unwind@1801c6aa6,12,auto,yes,,,,
ACPIDriverDll,1801C6AB2,Unwind@1801c6ab2,12,auto,yes,,,,
ACPIDriverDll,1801C6ABE,Unwind@1801c6abe,12,auto,yes,,,,
ACPIDriverDll,1801C6ACA,Unwind@1801c6aca,12,auto,yes,,,,
ACPIDriverDll,1801C6AD6,Unwind@1801c6ad6,12,auto,yes,,,,
ACPIDriverDll,1801C6AE2,Unwind@1801c6ae2,12,auto,yes,,,,
ACPIDriverDll,1801C6AEE,Unwind@1801c6aee,12,auto,yes,,,,
ACPIDriverDll,1801C6AFA,Unwind@1801c6afa,12,auto,yes,,,,
ACPIDriverDll,1801C6B06,Unwind@1801c6b06,12,auto,yes,,,,
ACPIDriverDll,1801C6B12,Unwind@1801c6b12,12,auto,yes,,,,
ACPIDriverDll,1801C6B1E,Unwind@1801c6b1e,12,auto,yes,,,,
ACPIDriverDll,1801C6B2A,Unwind@1801c6b2a,12,auto,yes,,,,
ACPIDriverDll,1801C6B36,Unwind@1801c6b36,12,auto,yes,,,,
ACPIDriverDll,1801C6B42,Unwind@1801c6b42,12,auto,yes,,,,
ACPIDriverDll,1801C6B4E,Unwind@1801c6b4e,12,auto,yes,,,,
ACPIDriverDll,1801C6B5A,Unwind@1801c6b5a,12,auto,yes,,,,
ACPIDriverDll,1801C6B66,Unwind@1801c6b66,12,auto,yes,,,,
ACPIDriverDll,1801C6B72,Unwind@1801c6b72,12,auto,yes,,,,
ACPIDriverDll,1801C6B7E,Unwind@1801c6b7e,12,auto,yes,,,,
ACPIDriverDll,1801C6B8A,Unwind@1801c6b8a,12,auto,yes,,,,
ACPIDriverDll,1801C6B96,Unwind@1801c6b96,12,auto,yes,,,,
ACPIDriverDll,1801C6BA2,Unwind@1801c6ba2,12,auto,yes,,,,
ACPIDriverDll,1801C6BAE,Unwind@1801c6bae,12,auto,yes,,,,
ACPIDriverDll,1801C6BBA,Unwind@1801c6bba,12,auto,yes,,,,
ACPIDriverDll,1801C6BC6,Unwind@1801c6bc6,12,auto,yes,,,,
ACPIDriverDll,1801C6BD2,Unwind@1801c6bd2,12,auto,yes,,,,
ACPIDriverDll,1801C6BDE,Unwind@1801c6bde,12,auto,yes,,,,
ACPIDriverDll,1801C6BEA,Unwind@1801c6bea,12,auto,yes,,,,
ACPIDriverDll,1801C6BF6,Unwind@1801c6bf6,12,auto,yes,,,,
ACPIDriverDll,1801C6C02,Unwind@1801c6c02,12,auto,yes,,,,
ACPIDriverDll,1801C6C0E,Unwind@1801c6c0e,12,auto,yes,,,,
ACPIDriverDll,1801C6C1A,Unwind@1801c6c1a,12,auto,yes,,,,
ACPIDriverDll,1801C6C26,Unwind@1801c6c26,12,auto,yes,,,,
ACPIDriverDll,1801C6C32,Unwind@1801c6c32,12,auto,yes,,,,
ACPIDriverDll,1801C6C3E,Unwind@1801c6c3e,12,auto,yes,,,,
ACPIDriverDll,1801C6C4A,Unwind@1801c6c4a,12,auto,yes,,,,
ACPIDriverDll,1801C6C56,Unwind@1801c6c56,12,auto,yes,,,,
ACPIDriverDll,1801C6C62,Unwind@1801c6c62,12,auto,yes,,,,
ACPIDriverDll,1801C6C6E,Unwind@1801c6c6e,12,auto,yes,,,,
ACPIDriverDll,1801C6C7A,Unwind@1801c6c7a,12,auto,yes,,,,
ACPIDriverDll,1801C6C86,Unwind@1801c6c86,12,auto,yes,,,,
ACPIDriverDll,1801C6C92,Unwind@1801c6c92,12,auto,yes,,,,
ACPIDriverDll,1801C6C9E,Unwind@1801c6c9e,12,auto,yes,,,,
ACPIDriverDll,1801C6CAA,Unwind@1801c6caa,12,auto,yes,,,,
ACPIDriverDll,1801C6CB6,Unwind@1801c6cb6,12,auto,yes,,,,
ACPIDriverDll,1801C6CC2,Unwind@1801c6cc2,12,auto,yes,,,,
ACPIDriverDll,1801C6CCE,Unwind@1801c6cce,12,auto,yes,,,,
ACPIDriverDll,1801C6CDA,Unwind@1801c6cda,12,auto,yes,,,,
ACPIDriverDll,1801C6CE6,Unwind@1801c6ce6,12,auto,yes,,,,
ACPIDriverDll,1801C6CF2,Unwind@1801c6cf2,12,auto,yes,,,,
ACPIDriverDll,1801C6CFE,Unwind@1801c6cfe,12,auto,yes,,,,
ACPIDriverDll,1801C6D0A,Unwind@1801c6d0a,12,auto,yes,,,,
ACPIDriverDll,1801C6D16,Unwind@1801c6d16,12,auto,yes,,,,
ACPIDriverDll,1801C6D22,Unwind@1801c6d22,12,auto,yes,,,,
ACPIDriverDll,1801C6D2E,Unwind@1801c6d2e,12,auto,yes,,,,
ACPIDriverDll,1801C6D3A,Unwind@1801c6d3a,12,auto,yes,,,,
ACPIDriverDll,1801C6D46,Unwind@1801c6d46,12,auto,yes,,,,
ACPIDriverDll,1801C6D52,Unwind@1801c6d52,12,auto,yes,,,,
ACPIDriverDll,1801C6D5E,Unwind@1801c6d5e,12,auto,yes,,,,
ACPIDriverDll,1801C6D6A,Unwind@1801c6d6a,12,auto,yes,,,,
ACPIDriverDll,1801C6D76,Unwind@1801c6d76,12,auto,yes,,,,
ACPIDriverDll,1801C6D82,Unwind@1801c6d82,12,auto,yes,,,,
ACPIDriverDll,1801C6D8E,Unwind@1801c6d8e,12,auto,yes,,,,
ACPIDriverDll,1801C6D9A,Unwind@1801c6d9a,12,auto,yes,,,,
ACPIDriverDll,1801C6DA6,Unwind@1801c6da6,12,auto,yes,,,,
ACPIDriverDll,1801C6DB2,Unwind@1801c6db2,12,auto,yes,,,,
ACPIDriverDll,1801C6DBE,Unwind@1801c6dbe,12,auto,yes,,,,
ACPIDriverDll,1801C6DCA,Unwind@1801c6dca,12,auto,yes,,,,
ACPIDriverDll,1801C6DD6,Unwind@1801c6dd6,12,auto,yes,,,,
ACPIDriverDll,1801C6DE2,Unwind@1801c6de2,12,auto,yes,,,,
ACPIDriverDll,1801C6DEE,Unwind@1801c6dee,12,auto,yes,,,,
ACPIDriverDll,1801C6DFA,Unwind@1801c6dfa,12,auto,yes,,,,
ACPIDriverDll,1801C6E06,Unwind@1801c6e06,12,auto,yes,,,,
ACPIDriverDll,1801C6E12,Unwind@1801c6e12,12,auto,yes,,,,
ACPIDriverDll,1801C6E1E,Unwind@1801c6e1e,12,auto,yes,,,,
ACPIDriverDll,1801C6E2A,Unwind@1801c6e2a,12,auto,yes,,,,
ACPIDriverDll,1801C6E36,Unwind@1801c6e36,12,auto,yes,,,,
ACPIDriverDll,1801C6E42,Unwind@1801c6e42,12,auto,yes,,,,
ACPIDriverDll,1801C6E4E,Unwind@1801c6e4e,12,auto,yes,,,,
ACPIDriverDll,1801C6E5A,Unwind@1801c6e5a,12,auto,yes,,,,
ACPIDriverDll,1801C6E66,Unwind@1801c6e66,12,auto,yes,,,,
ACPIDriverDll,1801C6E72,Unwind@1801c6e72,12,auto,yes,,,,
ACPIDriverDll,1801C6E7E,Unwind@1801c6e7e,12,auto,yes,,,,
ACPIDriverDll,1801C6E8A,Unwind@1801c6e8a,12,auto,yes,,,,
ACPIDriverDll,1801C6E96,Unwind@1801c6e96,12,auto,yes,,,,
ACPIDriverDll,1801C6EA2,Unwind@1801c6ea2,12,auto,yes,,,,
ACPIDriverDll,1801C6EAE,Unwind@1801c6eae,12,auto,yes,,,,
ACPIDriverDll,1801C6EBA,Unwind@1801c6eba,12,auto,yes,,,,
ACPIDriverDll,1801C6EC6,Unwind@1801c6ec6,12,auto,yes,,,,
ACPIDriverDll,1801C6ED2,Unwind@1801c6ed2,12,auto,yes,,,,
ACPIDriverDll,1801C6EDE,Unwind@1801c6ede,12,auto,yes,,,,
ACPIDriverDll,1801C6EEA,Unwind@1801c6eea,12,auto,yes,,,,
ACPIDriverDll,1801C6EF6,Unwind@1801c6ef6,12,auto,yes,,,,
ACPIDriverDll,1801C6F02,Unwind@1801c6f02,12,auto,yes,,,,
ACPIDriverDll,1801C6F0E,Unwind@1801c6f0e,12,auto,yes,,,,
ACPIDriverDll,1801C6F1A,Unwind@1801c6f1a,12,auto,yes,,,,
ACPIDriverDll,1801C6F26,Unwind@1801c6f26,12,auto,yes,,,,
ACPIDriverDll,1801C6F32,Unwind@1801c6f32,12,auto,yes,,,,
ACPIDriverDll,1801C6F3E,Unwind@1801c6f3e,12,auto,yes,,,,
ACPIDriverDll,1801C6F4A,Unwind@1801c6f4a,12,auto,yes,,,,
ACPIDriverDll,1801C6F56,Unwind@1801c6f56,12,auto,yes,,,,
ACPIDriverDll,1801C6F62,Unwind@1801c6f62,12,auto,yes,,,,
ACPIDriverDll,1801C6F6E,Unwind@1801c6f6e,12,auto,yes,,,,
ACPIDriverDll,1801C6F7A,Unwind@1801c6f7a,12,auto,yes,,,,
ACPIDriverDll,1801C6F86,Unwind@1801c6f86,12,auto,yes,,,,
ACPIDriverDll,1801C6F92,Unwind@1801c6f92,12,auto,yes,,,,
ACPIDriverDll,1801C6F9E,Unwind@1801c6f9e,12,auto,yes,,,,
ACPIDriverDll,1801C6FAA,Unwind@1801c6faa,12,auto,yes,,,,
ACPIDriverDll,1801C6FB6,Unwind@1801c6fb6,12,auto,yes,,,,
ACPIDriverDll,1801C6FC2,Unwind@1801c6fc2,12,auto,yes,,,,
ACPIDriverDll,1801C6FCE,Unwind@1801c6fce,12,auto,yes,,,,
ACPIDriverDll,1801C6FDA,Unwind@1801c6fda,12,auto,yes,,,,
ACPIDriverDll,1801C6FE6,Unwind@1801c6fe6,12,auto,yes,,,,
ACPIDriverDll,1801C6FF2,Unwind@1801c6ff2,12,auto,yes,,,,
ACPIDriverDll,1801C6FFE,Unwind@1801c6ffe,12,auto,yes,,,,
ACPIDriverDll,1801C700A,Unwind@1801c700a,12,auto,yes,,,,
ACPIDriverDll,1801C7016,Unwind@1801c7016,12,auto,yes,,,,
ACPIDriverDll,1801C7022,Unwind@1801c7022,12,auto,yes,,,,
ACPIDriverDll,1801C702E,Unwind@1801c702e,12,auto,yes,,,,
ACPIDriverDll,1801C703A,Unwind@1801c703a,12,auto,yes,,,,
ACPIDriverDll,1801C7046,Unwind@1801c7046,12,auto,yes,,,,
ACPIDriverDll,1801C7052,Unwind@1801c7052,12,auto,yes,,,,
ACPIDriverDll,1801C705E,Unwind@1801c705e,12,auto,yes,,,,
ACPIDriverDll,1801C706A,Unwind@1801c706a,12,auto,yes,,,,
ACPIDriverDll,1801C7076,Unwind@1801c7076,12,auto,yes,,,,
ACPIDriverDll,1801C7082,Unwind@1801c7082,12,auto,yes,,,,
ACPIDriverDll,1801C708E,Unwind@1801c708e,12,auto,yes,,,,
ACPIDriverDll,1801C709A,Unwind@1801c709a,12,auto,yes,,,,
ACPIDriverDll,1801C70A6,Unwind@1801c70a6,12,auto,yes,,,,
ACPIDriverDll,1801C70B2,Unwind@1801c70b2,12,auto,yes,,,,
ACPIDriverDll,1801C70BE,Unwind@1801c70be,45,auto,yes,,,,
ACPIDriverDll,1801C70EB,Unwind@1801c70eb,12,auto,yes,,,,
ACPIDriverDll,1801C70F7,Unwind@1801c70f7,12,auto,yes,,,,
ACPIDriverDll,1801C7103,Unwind@1801c7103,12,auto,yes,,,,
ACPIDriverDll,1801C710F,Unwind@1801c710f,12,auto,yes,,,,
ACPIDriverDll,1801C711B,Unwind@1801c711b,12,auto,yes,,,,
ACPIDriverDll,1801C7127,Unwind@1801c7127,12,auto,yes,,,,
ACPIDriverDll,1801C7133,Unwind@1801c7133,12,auto,yes,,,,
ACPIDriverDll,1801C713F,Unwind@1801c713f,12,auto,yes,,,,
ACPIDriverDll,1801C714B,Unwind@1801c714b,12,auto,yes,,,,
ACPIDriverDll,1801C7157,Unwind@1801c7157,12,auto,yes,,,,
ACPIDriverDll,1801C7163,Unwind@1801c7163,12,auto,yes,,,,
ACPIDriverDll,1801C716F,Unwind@1801c716f,12,auto,yes,,,,
ACPIDriverDll,1801C717B,Unwind@1801c717b,12,auto,yes,,,,
ACPIDriverDll,1801C7187,Unwind@1801c7187,12,auto,yes,,,,
ACPIDriverDll,1801C7193,Unwind@1801c7193,12,auto,yes,,,,
ACPIDriverDll,1801C719F,Unwind@1801c719f,12,auto,yes,,,,
ACPIDriverDll,1801C71AB,Unwind@1801c71ab,12,auto,yes,,,,
ACPIDriverDll,1801C71B7,Unwind@1801c71b7,12,auto,yes,,,,
ACPIDriverDll,1801C71C3,Unwind@1801c71c3,12,auto,yes,,,,
ACPIDriverDll,1801C71CF,Unwind@1801c71cf,12,auto,yes,,,,
ACPIDriverDll,1801C71DB,Unwind@1801c71db,12,auto,yes,,,,
ACPIDriverDll,1801C71E7,Unwind@1801c71e7,12,auto,yes,,,,
ACPIDriverDll,1801C71F3,Unwind@1801c71f3,12,auto,yes,,,,
ACPIDriverDll,1801C71FF,Unwind@1801c71ff,12,auto,yes,,,,
ACPIDriverDll,1801C720B,Unwind@1801c720b,12,auto,yes,,,,
ACPIDriverDll,1801C7217,Unwind@1801c7217,12,auto,yes,,,,
ACPIDriverDll,1801C7223,Unwind@1801c7223,12,auto,yes,,,,
ACPIDriverDll,1801C722F,Unwind@1801c722f,12,auto,yes,,,,
ACPIDriverDll,1801C723B,Unwind@1801c723b,12,auto,yes,,,,
ACPIDriverDll,1801C7247,Unwind@1801c7247,12,auto,yes,,,,
ACPIDriverDll,1801C7253,Unwind@1801c7253,12,auto,yes,,,,
ACPIDriverDll,1801C725F,Unwind@1801c725f,12,auto,yes,,,,
ACPIDriverDll,1801C726B,Unwind@1801c726b,12,auto,yes,,,,
ACPIDriverDll,1801C7277,Unwind@1801c7277,12,auto,yes,,,,
ACPIDriverDll,1801C7283,Unwind@1801c7283,12,auto,yes,,,,
ACPIDriverDll,1801C728F,Unwind@1801c728f,12,auto,yes,,,,
ACPIDriverDll,1801C729B,Unwind@1801c729b,12,auto,yes,,,,
ACPIDriverDll,1801C72A7,Unwind@1801c72a7,12,auto,yes,,,,
ACPIDriverDll,1801C72B3,Unwind@1801c72b3,12,auto,yes,,,,
ACPIDriverDll,1801C72BF,Unwind@1801c72bf,12,auto,yes,,,,
ACPIDriverDll,1801C72CB,Unwind@1801c72cb,12,auto,yes,,,,
ACPIDriverDll,1801C72D7,Unwind@1801c72d7,12,auto,yes,,,,
ACPIDriverDll,1801C72E3,Unwind@1801c72e3,12,auto,yes,,,,
ACPIDriverDll,1801C72EF,Unwind@1801c72ef,12,auto,yes,,,,
ACPIDriverDll,1801C72FB,Unwind@1801c72fb,12,auto,yes,,,,
ACPIDriverDll,1801C7307,Unwind@1801c7307,12,auto,yes,,,,
ACPIDriverDll,1801C7313,Unwind@1801c7313,12,auto,yes,,,,
ACPIDriverDll,1801C731F,Unwind@1801c731f,12,auto,yes,,,,
ACPIDriverDll,1801C732B,Unwind@1801c732b,12,auto,yes,,,,
ACPIDriverDll,1801C7337,Unwind@1801c7337,12,auto,yes,,,,
ACPIDriverDll,1801C7343,Unwind@1801c7343,12,auto,yes,,,,
ACPIDriverDll,1801C734F,Unwind@1801c734f,12,auto,yes,,,,
ACPIDriverDll,1801C735B,Unwind@1801c735b,12,auto,yes,,,,
ACPIDriverDll,1801C7367,Unwind@1801c7367,12,auto,yes,,,,
ACPIDriverDll,1801C7373,Unwind@1801c7373,12,auto,yes,,,,
ACPIDriverDll,1801C737F,Unwind@1801c737f,12,auto,yes,,,,
ACPIDriverDll,1801C738B,Unwind@1801c738b,12,auto,yes,,,,
ACPIDriverDll,1801C7397,Unwind@1801c7397,12,auto,yes,,,,
ACPIDriverDll,1801C73A3,Unwind@1801c73a3,12,auto,yes,,,,
ACPIDriverDll,1801C73AF,Unwind@1801c73af,12,auto,yes,,,,
ACPIDriverDll,1801C73BB,Unwind@1801c73bb,12,auto,yes,,,,
ACPIDriverDll,1801C73C7,Unwind@1801c73c7,12,auto,yes,,,,
ACPIDriverDll,1801C73D3,Unwind@1801c73d3,12,auto,yes,,,,
ACPIDriverDll,1801C73DF,Unwind@1801c73df,12,auto,yes,,,,
ACPIDriverDll,1801C73EB,Unwind@1801c73eb,12,auto,yes,,,,
ACPIDriverDll,1801C73F7,Unwind@1801c73f7,12,auto,yes,,,,
ACPIDriverDll,1801C7403,Unwind@1801c7403,12,auto,yes,,,,
ACPIDriverDll,1801C740F,Unwind@1801c740f,12,auto,yes,,,,
ACPIDriverDll,1801C741B,Unwind@1801c741b,12,auto,yes,,,,
ACPIDriverDll,1801C7427,Unwind@1801c7427,12,auto,yes,,,,
ACPIDriverDll,1801C7433,Unwind@1801c7433,12,auto,yes,,,,
ACPIDriverDll,1801C743F,Unwind@1801c743f,12,auto,yes,,,,
ACPIDriverDll,1801C744B,Unwind@1801c744b,12,auto,yes,,,,
ACPIDriverDll,1801C7457,Unwind@1801c7457,12,auto,yes,,,,
ACPIDriverDll,1801C7463,Unwind@1801c7463,12,auto,yes,,,,
ACPIDriverDll,1801C746F,Unwind@1801c746f,12,auto,yes,,,,
ACPIDriverDll,1801C747B,Unwind@1801c747b,12,auto,yes,,,,
ACPIDriverDll,1801C7487,Unwind@1801c7487,12,auto,yes,,,,
ACPIDriverDll,1801C7493,Unwind@1801c7493,12,auto,yes,,,,
ACPIDriverDll,1801C749F,Unwind@1801c749f,12,auto,yes,,,,
ACPIDriverDll,1801C74AB,Unwind@1801c74ab,12,auto,yes,,,,
ACPIDriverDll,1801C74B7,Unwind@1801c74b7,12,auto,yes,,,,
ACPIDriverDll,1801C74C3,Unwind@1801c74c3,12,auto,yes,,,,
ACPIDriverDll,1801C74CF,Unwind@1801c74cf,12,auto,yes,,,,
ACPIDriverDll,1801C74DB,Unwind@1801c74db,12,auto,yes,,,,
ACPIDriverDll,1801C74E7,Unwind@1801c74e7,12,auto,yes,,,,
ACPIDriverDll,1801C74F3,Unwind@1801c74f3,19,auto,yes,,,,
ACPIDriverDll,1801C7506,Unwind@1801c7506,19,auto,yes,,,,
ACPIDriverDll,1801C7519,Unwind@1801c7519,12,auto,yes,,,,
ACPIDriverDll,1801C7525,Unwind@1801c7525,19,auto,yes,,,,
ACPIDriverDll,1801C7538,Unwind@1801c7538,19,auto,yes,,,,
ACPIDriverDll,1801C754B,Unwind@1801c754b,12,auto,yes,,,,
ACPIDriverDll,1801C7557,Unwind@1801c7557,12,auto,yes,,,,
ACPIDriverDll,1801C7563,Unwind@1801c7563,12,auto,yes,,,,
ACPIDriverDll,1801C756F,Unwind@1801c756f,12,auto,yes,,,,
ACPIDriverDll,1801C757B,Catch@1801c757b,259,auto,yes,,,,
ACPIDriverDll,1801C7680,Unwind@1801c7680,41,auto,yes,,,,
ACPIDriverDll,1801C76A9,FUN_1801c76a9,87,auto,no,,,,
ACPIDriverDll,1801C7701,Unwind@1801c7701,16,auto,yes,,,,
ACPIDriverDll,1801C7711,Unwind@1801c7711,12,auto,yes,,,,
ACPIDriverDll,1801C771D,Unwind@1801c771d,12,auto,yes,,,,
ACPIDriverDll,1801C7729,Unwind@1801c7729,12,auto,yes,,,,
ACPIDriverDll,1801C7735,Unwind@1801c7735,12,auto,yes,,,,
ACPIDriverDll,1801C7741,Unwind@1801c7741,12,auto,yes,,,,
ACPIDriverDll,1801C774D,Unwind@1801c774d,12,auto,yes,,,,
ACPIDriverDll,1801C7759,Unwind@1801c7759,12,auto,yes,,,,
ACPIDriverDll,1801C7765,Unwind@1801c7765,12,auto,yes,,,,
ACPIDriverDll,1801C7771,Unwind@1801c7771,12,auto,yes,,,,
ACPIDriverDll,1801C777D,Unwind@1801c777d,12,auto,yes,,,,
ACPIDriverDll,1801C7789,Unwind@1801c7789,12,auto,yes,,,,
ACPIDriverDll,1801C7795,Unwind@1801c7795,12,auto,yes,,,,
ACPIDriverDll,1801C77A1,Unwind@1801c77a1,12,auto,yes,,,,
ACPIDriverDll,1801C77AD,Unwind@1801c77ad,12,auto,yes,,,,
ACPIDriverDll,1801C77B9,Catch@1801c77b9,64,auto,yes,,,,
ACPIDriverDll,1801C77FA,Catch@1801c77fa,49,auto,yes,,,,
ACPIDriverDll,1801C7851,Unwind@1801c7851,12,auto,yes,,,,
ACPIDriverDll,1801C785D,Catch@1801c785d,57,auto,yes,,,,
ACPIDriverDll,1801C7897,Catch@1801c7897,57,auto,yes,,,,
ACPIDriverDll,1801C78D1,Unwind@1801c78d1,12,auto,yes,,,,
ACPIDriverDll,1801C78DD,Unwind@1801c78dd,12,auto,yes,,,,
ACPIDriverDll,1801C78E9,Catch@1801c78e9,57,auto,yes,,,,
ACPIDriverDll,1801C7923,Unwind@1801c7923,12,auto,yes,,,,
ACPIDriverDll,1801C792F,Catch_All@1801c792f,43,auto,yes,,,,
ACPIDriverDll,1801C795B,Unwind@1801c795b,12,auto,yes,,,,
ACPIDriverDll,1801C7967,Unwind@1801c7967,12,auto,yes,,,,
ACPIDriverDll,1801C7973,Unwind@1801c7973,16,auto,yes,,,,
ACPIDriverDll,1801C7983,Unwind@1801c7983,16,auto,yes,,,,
ACPIDriverDll,1801C7993,Catch@1801c7993,36,auto,yes,,,,
ACPIDriverDll,1801C79B8,Catch@1801c79b8,36,auto,yes,,,,
ACPIDriverDll,1801C79DD,Catch@1801c79dd,36,auto,yes,,,,
ACPIDriverDll,1801C7A02,Unwind@1801c7a02,12,auto,yes,,,,
ACPIDriverDll,1801C7A0E,Unwind@1801c7a0e,12,auto,yes,,,,
ACPIDriverDll,1801C7A1A,Catch@1801c7a1a,36,auto,yes,,,,
ACPIDriverDll,1801C7A3F,Catch@1801c7a3f,36,auto,yes,,,,
ACPIDriverDll,1801C7A64,Unwind@1801c7a64,12,auto,yes,,,,
ACPIDriverDll,1801C7A70,Unwind@1801c7a70,12,auto,yes,,,,
ACPIDriverDll,1801C7A7C,Unwind@1801c7a7c,19,auto,yes,,,,
ACPIDriverDll,1801C7A8F,Unwind@1801c7a8f,19,auto,yes,,,,
ACPIDriverDll,1801C7AA2,Unwind@1801c7aa2,19,auto,yes,,,,
ACPIDriverDll,1801C7AB5,Unwind@1801c7ab5,19,auto,yes,,,,
ACPIDriverDll,1801C7AC8,Unwind@1801c7ac8,19,auto,yes,,,,
ACPIDriverDll,1801C7ADB,Unwind@1801c7adb,19,auto,yes,,,,
ACPIDriverDll,1801C7AEE,Unwind@1801c7aee,19,auto,yes,,,,
ACPIDriverDll,1801C7B01,Unwind@1801c7b01,19,auto,yes,,,,
ACPIDriverDll,1801C7B14,Unwind@1801c7b14,19,auto,yes,,,,
ACPIDriverDll,1801C7B27,Unwind@1801c7b27,19,auto,yes,,,,
ACPIDriverDll,1801C7B3A,Unwind@1801c7b3a,19,auto,yes,,,,
ACPIDriverDll,1801C7B4D,Catch_All@1801c7b4d,43,auto,yes,,,,
ACPIDriverDll,1801C7B79,Unwind@1801c7b79,12,auto,yes,,,,
ACPIDriverDll,1801C7B85,Unwind@1801c7b85,12,auto,yes,,,,
ACPIDriverDll,1801C7B91,Unwind@1801c7b91,12,auto,yes,,,,
ACPIDriverDll,1801C7B9D,Catch_All@1801c7b9d,43,auto,yes,,,,
ACPIDriverDll,1801C7BC9,Unwind@1801c7bc9,12,auto,yes,,,,
ACPIDriverDll,1801C7BD5,Unwind@1801c7bd5,12,auto,yes,,,,
ACPIDriverDll,1801C7BE1,Unwind@1801c7be1,12,auto,yes,,,,
ACPIDriverDll,1801C7BED,Unwind@1801c7bed,12,auto,yes,,,,
ACPIDriverDll,1801C7BF9,Unwind@1801c7bf9,19,auto,yes,,,,
ACPIDriverDll,1801C7C0C,Unwind@1801c7c0c,19,auto,yes,,,,
ACPIDriverDll,1801C7C1F,Unwind@1801c7c1f,19,auto,yes,,,,
ACPIDriverDll,1801C7C32,Unwind@1801c7c32,19,auto,yes,,,,
ACPIDriverDll,1801C7C45,Unwind@1801c7c45,19,auto,yes,,,,
ACPIDriverDll,1801C7C58,Unwind@1801c7c58,12,auto,yes,,,,
ACPIDriverDll,1801C7C64,Unwind@1801c7c64,12,auto,yes,,,,
ACPIDriverDll,1801C7C70,Unwind@1801c7c70,41,auto,yes,,,,
ACPIDriverDll,1801C7C99,Unwind@1801c7c99,41,auto,yes,,,,
ACPIDriverDll,1801C7CC2,Unwind@1801c7cc2,12,auto,yes,,,,
ACPIDriverDll,1801C7CCE,Unwind@1801c7cce,12,auto,yes,,,,
ACPIDriverDll,1801C7CDA,Catch@1801c7cda,36,auto,yes,,,,
ACPIDriverDll,1801C7CFF,Catch@1801c7cff,36,auto,yes,,,,
ACPIDriverDll,1801C7D24,Unwind@1801c7d24,12,auto,yes,,,,
ACPIDriverDll,1801C7D30,Unwind@1801c7d30,12,auto,yes,,,,
ACPIDriverDll,1801C7D3C,Catch@1801c7d3c,36,auto,yes,,,,
ACPIDriverDll,1801C7D61,Catch@1801c7d61,36,auto,yes,,,,
ACPIDriverDll,1801C7D86,Catch@1801c7d86,36,auto,yes,,,,
ACPIDriverDll,1801C7DAB,Catch@1801c7dab,36,auto,yes,,,,
ACPIDriverDll,1801C7DD0,Catch@1801c7dd0,36,auto,yes,,,,
ACPIDriverDll,1801C7DF5,Unwind@1801c7df5,12,auto,yes,,,,
ACPIDriverDll,1801C7E01,Catch@1801c7e01,36,auto,yes,,,,
ACPIDriverDll,1801C7E26,Unwind@1801c7e26,12,auto,yes,,,,
ACPIDriverDll,1801C7E32,Unwind@1801c7e32,19,auto,yes,,,,
ACPIDriverDll,1801C7E45,Unwind@1801c7e45,19,auto,yes,,,,
ACPIDriverDll,1801C7E58,Unwind@1801c7e58,12,auto,yes,,,,
ACPIDriverDll,1801C7E64,Unwind@1801c7e64,12,auto,yes,,,,
ACPIDriverDll,1801C7E70,Unwind@1801c7e70,12,auto,yes,,,,
ACPIDriverDll,1801C7E7C,Unwind@1801c7e7c,12,auto,yes,,,,
ACPIDriverDll,1801C7E88,Unwind@1801c7e88,12,auto,yes,,,,
ACPIDriverDll,1801C7E94,Unwind@1801c7e94,12,auto,yes,,,,
ACPIDriverDll,1801C7EA0,Unwind@1801c7ea0,12,auto,yes,,,,
ACPIDriverDll,1801C7EAC,Unwind@1801c7eac,12,auto,yes,,,,
ACPIDriverDll,1801C7EB8,Unwind@1801c7eb8,12,auto,yes,,,,
ACPIDriverDll,1801C7EC4,Unwind@1801c7ec4,12,auto,yes,,,,
ACPIDriverDll,1801C7ED0,Unwind@1801c7ed0,12,auto,yes,,,,
ACPIDriverDll,1801C7EDC,Unwind@1801c7edc,12,auto,yes,,,,
ACPIDriverDll,1801C7EE8,Unwind@1801c7ee8,16,auto,yes,,,,
ACPIDriverDll,1801C7EF8,Unwind@1801c7ef8,12,auto,yes,,,,
ACPIDriverDll,1801C7F04,Unwind@1801c7f04,19,auto,yes,,,,
ACPIDriverDll,1801C7F17,Unwind@1801c7f17,19,auto,yes,,,,
ACPIDriverDll,1801C7F2A,Unwind@1801c7f2a,19,auto,yes,,,,
ACPIDriverDll,1801C7F3D,Unwind@1801c7f3d,19,auto,yes,,,,
ACPIDriverDll,1801C7F50,Unwind@1801c7f50,19,auto,yes,,,,
ACPIDriverDll,1801C7F63,Unwind@1801c7f63,12,auto,yes,,,,
ACPIDriverDll,1801C7F6F,Unwind@1801c7f6f,12,auto,yes,,,,
ACPIDriverDll,1801C7F7B,Unwind@1801c7f7b,12,auto,yes,,,,
ACPIDriverDll,1801C7F87,Unwind@1801c7f87,12,auto,yes,,,,
ACPIDriverDll,1801C7F93,Unwind@1801c7f93,12,auto,yes,,,,
ACPIDriverDll,1801C7F9F,Unwind@1801c7f9f,12,auto,yes,,,,
ACPIDriverDll,1801C7FAB,Unwind@1801c7fab,12,auto,yes,,,,
ACPIDriverDll,1801C7FB7,Unwind@1801c7fb7,12,auto,yes,,,,
ACPIDriverDll,1801C7FC3,Unwind@1801c7fc3,12,auto,yes,,,,
ACPIDriverDll,1801C7FCF,Unwind@1801c7fcf,12,auto,yes,,,,
ACPIDriverDll,1801C7FDB,Unwind@1801c7fdb,12,auto,yes,,,,
ACPIDriverDll,1801C7FE7,Catch@1801c7fe7,39,auto,yes,,,,
ACPIDriverDll,1801C800F,Catch@1801c800f,39,auto,yes,,,,
ACPIDriverDll,1801C8037,Unwind@1801c8037,12,auto,yes,,,,
ACPIDriverDll,1801C8043,Unwind@1801c8043,12,auto,yes,,,,
ACPIDriverDll,1801C804F,Unwind@1801c804f,12,auto,yes,,,,
ACPIDriverDll,1801C805B,Catch@1801c805b,39,auto,yes,,,,
ACPIDriverDll,1801C8083,Catch@1801c8083,39,auto,yes,,,,
ACPIDriverDll,1801C80AB,Unwind@1801c80ab,12,auto,yes,,,,
ACPIDriverDll,1801C80B7,Unwind@1801c80b7,12,auto,yes,,,,
ACPIDriverDll,1801C80C3,Unwind@1801c80c3,12,auto,yes,,,,
ACPIDriverDll,1801C80CF,Unwind@1801c80cf,12,auto,yes,,,,
ACPIDriverDll,1801C80DB,Unwind@1801c80db,19,auto,yes,,,,
ACPIDriverDll,1801C80EE,Unwind@1801c80ee,19,auto,yes,,,,
ACPIDriverDll,1801C8101,Unwind@1801c8101,19,auto,yes,,,,
ACPIDriverDll,1801C8114,Unwind@1801c8114,12,auto,yes,,,,
ACPIDriverDll,1801C8120,Unwind@1801c8120,19,auto,yes,,,,
ACPIDriverDll,1801C8133,Unwind@1801c8133,19,auto,yes,,,,
ACPIDriverDll,1801C8146,Unwind@1801c8146,12,auto,yes,,,,
ACPIDriverDll,1801C8152,Unwind@1801c8152,12,auto,yes,,,,
ACPIDriverDll,1801C815E,Unwind@1801c815e,12,auto,yes,,,,
ACPIDriverDll,1801C816A,Unwind@1801c816a,12,auto,yes,,,,
ACPIDriverDll,1801C8176,Unwind@1801c8176,12,auto,yes,,,,
ACPIDriverDll,1801C8182,Unwind@1801c8182,12,auto,yes,,,,
ACPIDriverDll,1801C818E,Unwind@1801c818e,12,auto,yes,,,,
ACPIDriverDll,1801C819A,Unwind@1801c819a,12,auto,yes,,,,
ACPIDriverDll,1801C81A6,Unwind@1801c81a6,19,auto,yes,,,,
ACPIDriverDll,1801C81B9,Unwind@1801c81b9,19,auto,yes,,,,
ACPIDriverDll,1801C81CC,Unwind@1801c81cc,19,auto,yes,,,,
ACPIDriverDll,1801C81DF,Unwind@1801c81df,12,auto,yes,,,,
ACPIDriverDll,1801C81EB,Unwind@1801c81eb,12,auto,yes,,,,
ACPIDriverDll,1801C81F7,Unwind@1801c81f7,19,auto,yes,,,,
ACPIDriverDll,1801C820A,Unwind@1801c820a,19,auto,yes,,,,
ACPIDriverDll,1801C821D,Unwind@1801c821d,19,auto,yes,,,,
ACPIDriverDll,1801C8230,Unwind@1801c8230,19,auto,yes,,,,
ACPIDriverDll,1801C8243,Unwind@1801c8243,12,auto,yes,,,,
ACPIDriverDll,1801C824F,Unwind@1801c824f,12,auto,yes,,,,
ACPIDriverDll,1801C825B,Catch_All@1801c825b,26,auto,yes,,,,
ACPIDriverDll,1801C8276,Unwind@1801c8276,12,auto,yes,,,,
ACPIDriverDll,1801C8282,Unwind@1801c8282,19,auto,yes,,,,
ACPIDriverDll,1801C8295,Unwind@1801c8295,19,auto,yes,,,,
ACPIDriverDll,1801C82A8,Unwind@1801c82a8,19,auto,yes,,,,
ACPIDriverDll,1801C82BB,Unwind@1801c82bb,19,auto,yes,,,,
ACPIDriverDll,1801C82CE,Unwind@1801c82ce,19,auto,yes,,,,
ACPIDriverDll,1801C82E1,Unwind@1801c82e1,12,auto,yes,,,,
ACPIDriverDll,1801C82ED,Catch@1801c82ed,79,auto,yes,,,,
ACPIDriverDll,1801C833D,Catch@1801c833d,259,auto,yes,,,,
ACPIDriverDll,1801C8442,Catch@1801c8442,36,auto,yes,,,,
ACPIDriverDll,1801C8467,Unwind@1801c8467,12,auto,yes,,,,
ACPIDriverDll,1801C8473,Unwind@1801c8473,12,auto,yes,,,,
ACPIDriverDll,1801C847F,Catch@1801c847f,36,auto,yes,,,,
ACPIDriverDll,1801C84A4,Unwind@1801c84a4,12,auto,yes,,,,
ACPIDriverDll,1801C84B0,Catch@1801c84b0,36,auto,yes,,,,
ACPIDriverDll,1801C84D5,Unwind@1801c84d5,12,auto,yes,,,,
ACPIDriverDll,1801C84E1,Unwind@1801c84e1,12,auto,yes,,,,
ACPIDriverDll,1801C84ED,Unwind@1801c84ed,19,auto,yes,,,,
ACPIDriverDll,1801C8500,Unwind@1801c8500,19,auto,yes,,,,
ACPIDriverDll,1801C8513,Unwind@1801c8513,19,auto,yes,,,,
ACPIDriverDll,1801C8526,Unwind@1801c8526,19,auto,yes,,,,
ACPIDriverDll,1801C8539,Unwind@1801c8539,19,auto,yes,,,,
ACPIDriverDll,1801C854C,Unwind@1801c854c,19,auto,yes,,,,
ACPIDriverDll,1801C855F,Unwind@1801c855f,12,auto,yes,,,,
ACPIDriverDll,1801C856B,Catch@1801c856b,36,auto,yes,,,,
ACPIDriverDll,1801C8590,Catch@1801c8590,36,auto,yes,,,,
ACPIDriverDll,1801C85B5,Catch_All@1801c85b5,26,auto,yes,,,,
ACPIDriverDll,1801C85D0,Catch@1801c85d0,36,auto,yes,,,,
ACPIDriverDll,1801C85F5,Catch@1801c85f5,36,auto,yes,,,,
ACPIDriverDll,1801C861A,Catch_All@1801c861a,26,auto,yes,,,,
ACPIDriverDll,1801C8635,Unwind@1801c8635,12,auto,yes,,,,
ACPIDriverDll,1801C8641,Catch@1801c8641,259,auto,yes,,,,
ACPIDriverDll,1801C8746,Unwind@1801c8746,16,auto,yes,,,,
ACPIDriverDll,1801C8756,Unwind@1801c8756,12,auto,yes,,,,
ACPIDriverDll,1801C8762,Catch@1801c8762,259,auto,yes,,,,
ACPIDriverDll,1801C8867,Unwind@1801c8867,12,auto,yes,,,,
ACPIDriverDll,1801C8873,Unwind@1801c8873,19,auto,yes,,,,
ACPIDriverDll,1801C8886,Unwind@1801c8886,19,auto,yes,,,,
ACPIDriverDll,1801C8899,Unwind@1801c8899,12,auto,yes,,,,
ACPIDriverDll,1801C88A5,Unwind@1801c88a5,38,auto,yes,,,,
ACPIDriverDll,1801C88CB,Unwind@1801c88cb,12,auto,yes,,,,
ACPIDriverDll,1801C88D7,Unwind@1801c88d7,12,auto,yes,,,,
ACPIDriverDll,1801C88E3,Unwind@1801c88e3,19,auto,yes,,,,
ACPIDriverDll,1801C88F6,Unwind@1801c88f6,19,auto,yes,,,,
ACPIDriverDll,1801C8909,Unwind@1801c8909,19,auto,yes,,,,
ACPIDriverDll,1801C891C,Unwind@1801c891c,19,auto,yes,,,,
ACPIDriverDll,1801C892F,Unwind@1801c892f,19,auto,yes,,,,
ACPIDriverDll,1801C8942,Unwind@1801c8942,19,auto,yes,,,,
ACPIDriverDll,1801C8955,Unwind@1801c8955,19,auto,yes,,,,
ACPIDriverDll,1801C8968,Unwind@1801c8968,19,auto,yes,,,,
ACPIDriverDll,1801C897B,Unwind@1801c897b,19,auto,yes,,,,
ACPIDriverDll,1801C898E,Unwind@1801c898e,19,auto,yes,,,,
ACPIDriverDll,1801C89A1,Unwind@1801c89a1,19,auto,yes,,,,
ACPIDriverDll,1801C89B4,Unwind@1801c89b4,19,auto,yes,,,,
ACPIDriverDll,1801C89C7,Unwind@1801c89c7,19,auto,yes,,,,
ACPIDriverDll,1801C89DA,Unwind@1801c89da,12,auto,yes,,,,
ACPIDriverDll,1801C89E6,Unwind@1801c89e6,12,auto,yes,,,,
ACPIDriverDll,1801C89F2,Unwind@1801c89f2,12,auto,yes,,,,
ACPIDriverDll,1801C89FE,Unwind@1801c89fe,19,auto,yes,,,,
ACPIDriverDll,1801C8A11,Unwind@1801c8a11,19,auto,yes,,,,
ACPIDriverDll,1801C8A24,Unwind@1801c8a24,19,auto,yes,,,,
ACPIDriverDll,1801C8A37,Unwind@1801c8a37,12,auto,yes,,,,
ACPIDriverDll,1801C8A43,Unwind@1801c8a43,12,auto,yes,,,,
ACPIDriverDll,1801C8A4F,Unwind@1801c8a4f,12,auto,yes,,,,
ACPIDriverDll,1801C8A5B,Unwind@1801c8a5b,19,auto,yes,,,,
ACPIDriverDll,1801C8A6E,Unwind@1801c8a6e,19,auto,yes,,,,
ACPIDriverDll,1801C8A81,Unwind@1801c8a81,19,auto,yes,,,,
ACPIDriverDll,1801C8A94,Unwind@1801c8a94,19,auto,yes,,,,
ACPIDriverDll,1801C8AA7,Unwind@1801c8aa7,19,auto,yes,,,,
ACPIDriverDll,1801C8ABA,Unwind@1801c8aba,19,auto,yes,,,,
ACPIDriverDll,1801C8ACD,Unwind@1801c8acd,19,auto,yes,,,,
ACPIDriverDll,1801C8AE0,Unwind@1801c8ae0,19,auto,yes,,,,
ACPIDriverDll,1801C8AF3,Unwind@1801c8af3,12,auto,yes,,,,
ACPIDriverDll,1801C8AFF,Unwind@1801c8aff,12,auto,yes,,,,
ACPIDriverDll,1801C8B0B,Unwind@1801c8b0b,12,auto,yes,,,,
ACPIDriverDll,1801C8B17,Unwind@1801c8b17,12,auto,yes,,,,
ACPIDriverDll,1801C8B23,Unwind@1801c8b23,12,auto,yes,,,,
ACPIDriverDll,1801C8B2F,Unwind@1801c8b2f,12,auto,yes,,,,
ACPIDriverDll,1801C8B3B,Unwind@1801c8b3b,16,auto,yes,,,,
ACPIDriverDll,1801C8B4B,Unwind@1801c8b4b,16,auto,yes,,,,
ACPIDriverDll,1801C8B5B,Unwind@1801c8b5b,12,auto,yes,,,,
ACPIDriverDll,1801C8B67,Unwind@1801c8b67,19,auto,yes,,,,
ACPIDriverDll,1801C8B7A,Unwind@1801c8b7a,12,auto,yes,,,,
ACPIDriverDll,1801C8B86,Unwind@1801c8b86,12,auto,yes,,,,
ACPIDriverDll,1801C8B92,Unwind@1801c8b92,19,auto,yes,,,,
ACPIDriverDll,1801C8BA5,Unwind@1801c8ba5,19,auto,yes,,,,
ACPIDriverDll,1801C8BB8,Unwind@1801c8bb8,19,auto,yes,,,,
ACPIDriverDll,1801C8BCB,Unwind@1801c8bcb,12,auto,yes,,,,
ACPIDriverDll,1801C8BD7,Unwind@1801c8bd7,12,auto,yes,,,,
ACPIDriverDll,1801C8BE3,Unwind@1801c8be3,16,auto,yes,,,,
ACPIDriverDll,1801C8BF3,Unwind@1801c8bf3,12,auto,yes,,,,
ACPIDriverDll,1801C8BFF,Unwind@1801c8bff,12,auto,yes,,,,
ACPIDriverDll,1801C8C0B,Unwind@1801c8c0b,12,auto,yes,,,,
ACPIDriverDll,1801C8C17,Unwind@1801c8c17,12,auto,yes,,,,
ACPIDriverDll,1801C8C23,Unwind@1801c8c23,19,auto,yes,,,,
ACPIDriverDll,1801C8C36,Unwind@1801c8c36,19,auto,yes,,,,
ACPIDriverDll,1801C8C49,Unwind@1801c8c49,12,auto,yes,,,,
ACPIDriverDll,1801C8C55,Unwind@1801c8c55,12,auto,yes,,,,
ACPIDriverDll,1801C8C61,Catch_All@1801c8c61,26,auto,yes,,,,
ACPIDriverDll,1801C8C7C,Unwind@1801c8c7c,12,auto,yes,,,,
ACPIDriverDll,1801C8C88,Unwind@1801c8c88,12,auto,yes,,,,
ACPIDriverDll,1801C8C94,Unwind@1801c8c94,12,auto,yes,,,,
ACPIDriverDll,1801C8CA0,Unwind@1801c8ca0,19,auto,yes,,,,
ACPIDriverDll,1801C8CB3,Unwind@1801c8cb3,19,auto,yes,,,,
ACPIDriverDll,1801C8CC6,Unwind@1801c8cc6,19,auto,yes,,,,
ACPIDriverDll,1801C8CD9,Unwind@1801c8cd9,19,auto,yes,,,,
ACPIDriverDll,1801C8CEC,Unwind@1801c8cec,19,auto,yes,,,,
ACPIDriverDll,1801C8CFF,Unwind@1801c8cff,19,auto,yes,,,,
ACPIDriverDll,1801C8D12,Unwind@1801c8d12,19,auto,yes,,,,
ACPIDriverDll,1801C8D25,Unwind@1801c8d25,19,auto,yes,,,,
ACPIDriverDll,1801C8D38,Unwind@1801c8d38,19,auto,yes,,,,
ACPIDriverDll,1801C8D4B,Unwind@1801c8d4b,19,auto,yes,,,,
ACPIDriverDll,1801C8D5E,Unwind@1801c8d5e,12,auto,yes,,,,
ACPIDriverDll,1801C8D6A,Unwind@1801c8d6a,12,auto,yes,,,,
ACPIDriverDll,1801C8D76,Unwind@1801c8d76,12,auto,yes,,,,
ACPIDriverDll,1801C8D82,Unwind@1801c8d82,12,auto,yes,,,,
ACPIDriverDll,1801C8D8E,Unwind@1801c8d8e,12,auto,yes,,,,
ACPIDriverDll,1801C8D9A,Unwind@1801c8d9a,12,auto,yes,,,,
ACPIDriverDll,1801C8DA6,Unwind@1801c8da6,38,auto,yes,,,,
ACPIDriverDll,1801C8DCC,Unwind@1801c8dcc,38,auto,yes,,,,
ACPIDriverDll,1801C8DF2,Unwind@1801c8df2,12,auto,yes,,,,
ACPIDriverDll,1801C8DFE,Unwind@1801c8dfe,12,auto,yes,,,,
ACPIDriverDll,1801C8E0A,Unwind@1801c8e0a,12,auto,yes,,,,
ACPIDriverDll,1801C8E16,Unwind@1801c8e16,12,auto,yes,,,,
ACPIDriverDll,1801C8E22,Unwind@1801c8e22,12,auto,yes,,,,
ACPIDriverDll,1801C8E2E,Unwind@1801c8e2e,12,auto,yes,,,,
ACPIDriverDll,1801C8E3A,Unwind@1801c8e3a,12,auto,yes,,,,
ACPIDriverDll,1801C8E46,Unwind@1801c8e46,12,auto,yes,,,,
ACPIDriverDll,1801C8E52,Unwind@1801c8e52,12,auto,yes,,,,
ACPIDriverDll,1801C8E5E,Unwind@1801c8e5e,12,auto,yes,,,,
ACPIDriverDll,1801C8E6A,Unwind@1801c8e6a,19,auto,yes,,,,
ACPIDriverDll,1801C8E7D,Catch@1801c8e7d,36,auto,yes,,,,
ACPIDriverDll,1801C8EA2,Catch@1801c8ea2,36,auto,yes,,,,
ACPIDriverDll,1801C8EC7,Unwind@1801c8ec7,19,auto,yes,,,,
ACPIDriverDll,1801C8EDA,Unwind@1801c8eda,19,auto,yes,,,,
ACPIDriverDll,1801C8EED,Unwind@1801c8eed,19,auto,yes,,,,
ACPIDriverDll,1801C8F00,Unwind@1801c8f00,19,auto,yes,,,,
ACPIDriverDll,1801C8F13,Unwind@1801c8f13,19,auto,yes,,,,
ACPIDriverDll,1801C8F26,Unwind@1801c8f26,12,auto,yes,,,,
ACPIDriverDll,1801C8F32,Unwind@1801c8f32,12,auto,yes,,,,
ACPIDriverDll,1801C8F3E,Unwind@1801c8f3e,12,auto,yes,,,,
ACPIDriverDll,1801C8F4A,Unwind@1801c8f4a,12,auto,yes,,,,
ACPIDriverDll,1801C8F56,Unwind@1801c8f56,12,auto,yes,,,,
ACPIDriverDll,1801C8F62,Unwind@1801c8f62,12,auto,yes,,,,
ACPIDriverDll,1801C8F6E,Unwind@1801c8f6e,12,auto,yes,,,,
ACPIDriverDll,1801C8F7A,Unwind@1801c8f7a,12,auto,yes,,,,
ACPIDriverDll,1801C8F86,Unwind@1801c8f86,12,auto,yes,,,,
ACPIDriverDll,1801C8F92,Unwind@1801c8f92,12,auto,yes,,,,
ACPIDriverDll,1801C8F9E,Unwind@1801c8f9e,12,auto,yes,,,,
ACPIDriverDll,1801C8FAA,Unwind@1801c8faa,12,auto,yes,,,,
ACPIDriverDll,1801C8FB6,Unwind@1801c8fb6,12,auto,yes,,,,
ACPIDriverDll,1801C8FC2,Unwind@1801c8fc2,12,auto,yes,,,,
ACPIDriverDll,1801C8FCE,Unwind@1801c8fce,12,auto,yes,,,,
ACPIDriverDll,1801C8FDA,Unwind@1801c8fda,19,auto,yes,,,,
ACPIDriverDll,1801C8FED,Unwind@1801c8fed,19,auto,yes,,,,
ACPIDriverDll,1801C9000,Unwind@1801c9000,19,auto,yes,,,,
ACPIDriverDll,1801C9013,Unwind@1801c9013,12,auto,yes,,,,
ACPIDriverDll,1801C901F,Unwind@1801c901f,19,auto,yes,,,,
ACPIDriverDll,1801C9032,Unwind@1801c9032,19,auto,yes,,,,
ACPIDriverDll,1801C9045,Unwind@1801c9045,19,auto,yes,,,,
ACPIDriverDll,1801C9058,Unwind@1801c9058,12,auto,yes,,,,
ACPIDriverDll,1801C9064,Unwind@1801c9064,12,auto,yes,,,,
ACPIDriverDll,1801C9070,Unwind@1801c9070,12,auto,yes,,,,
ACPIDriverDll,1801C907C,Unwind@1801c907c,12,auto,yes,,,,
ACPIDriverDll,1801C9088,Unwind@1801c9088,12,auto,yes,,,,
ACPIDriverDll,1801C9094,Unwind@1801c9094,12,auto,yes,,,,
ACPIDriverDll,1801C90A0,Unwind@1801c90a0,12,auto,yes,,,,
ACPIDriverDll,1801C90AC,Unwind@1801c90ac,12,auto,yes,,,,
ACPIDriverDll,1801C90B8,Unwind@1801c90b8,12,auto,yes,,,,
ACPIDriverDll,1801C90C4,Catch@1801c90c4,259,auto,yes,,,,
ACPIDriverDll,1801C91C9,Unwind@1801c91c9,12,auto,yes,,,,
ACPIDriverDll,1801C91D5,Unwind@1801c91d5,16,auto,yes,,,,
ACPIDriverDll,1801C91E5,Catch@1801c91e5,259,auto,yes,,,,
ACPIDriverDll,1801C92EA,Unwind@1801c92ea,16,auto,yes,,,,
ACPIDriverDll,1801C92FA,Catch@1801c92fa,39,auto,yes,,,,
ACPIDriverDll,1801C932E,Unwind@1801c932e,19,auto,yes,,,,
ACPIDriverDll,1801C9341,Unwind@1801c9341,12,auto,yes,,,,
ACPIDriverDll,1801C934D,Unwind@1801c934d,12,auto,yes,,,,
ACPIDriverDll,1801C9359,Unwind@1801c9359,12,auto,yes,,,,
ACPIDriverDll,1801C9365,Unwind@1801c9365,19,auto,yes,,,,
ACPIDriverDll,1801C9378,Unwind@1801c9378,19,auto,yes,,,,
ACPIDriverDll,1801C938B,Unwind@1801c938b,19,auto,yes,,,,
ACPIDriverDll,1801C939E,Unwind@1801c939e,12,auto,yes,,,,
ACPIDriverDll,1801C93AA,Unwind@1801c93aa,19,auto,yes,,,,
ACPIDriverDll,1801C93BD,Unwind@1801c93bd,19,auto,yes,,,,
ACPIDriverDll,1801C93D0,Unwind@1801c93d0,19,auto,yes,,,,
ACPIDriverDll,1801C93E3,Unwind@1801c93e3,19,auto,yes,,,,
ACPIDriverDll,1801C93F6,Unwind@1801c93f6,19,auto,yes,,,,
ACPIDriverDll,1801C9409,Unwind@1801c9409,12,auto,yes,,,,
ACPIDriverDll,1801C9415,Unwind@1801c9415,12,auto,yes,,,,
ACPIDriverDll,1801C9421,Catch_All@1801c9421,43,auto,yes,,,,
ACPIDriverDll,1801C944D,Unwind@1801c944d,12,auto,yes,,,,
ACPIDriverDll,1801C9459,Unwind@1801c9459,12,auto,yes,,,,
ACPIDriverDll,1801C9465,Unwind@1801c9465,19,auto,yes,,,,
ACPIDriverDll,1801C9478,Unwind@1801c9478,19,auto,yes,,,,
ACPIDriverDll,1801C948B,Unwind@1801c948b,19,auto,yes,,,,
ACPIDriverDll,1801C949E,Unwind@1801c949e,19,auto,yes,,,,
ACPIDriverDll,1801C94B1,Unwind@1801c94b1,19,auto,yes,,,,
ACPIDriverDll,1801C94C4,Unwind@1801c94c4,12,auto,yes,,,,
ACPIDriverDll,1801C94D0,Unwind@1801c94d0,19,auto,yes,,,,
ACPIDriverDll,1801C94E3,Unwind@1801c94e3,19,auto,yes,,,,
ACPIDriverDll,1801C94F6,Unwind@1801c94f6,19,auto,yes,,,,
ACPIDriverDll,1801C9509,Unwind@1801c9509,19,auto,yes,,,,
ACPIDriverDll,1801C951C,Unwind@1801c951c,19,auto,yes,,,,
ACPIDriverDll,1801C952F,Unwind@1801c952f,12,auto,yes,,,,
ACPIDriverDll,1801C953B,Unwind@1801c953b,12,auto,yes,,,,
ACPIDriverDll,1801C9547,Unwind@1801c9547,12,auto,yes,,,,
ACPIDriverDll,1801C9553,Unwind@1801c9553,19,auto,yes,,,,
ACPIDriverDll,1801C9566,Unwind@1801c9566,19,auto,yes,,,,
ACPIDriverDll,1801C9579,Unwind@1801c9579,19,auto,yes,,,,
ACPIDriverDll,1801C958C,Unwind@1801c958c,19,auto,yes,,,,
ACPIDriverDll,1801C959F,Unwind@1801c959f,19,auto,yes,,,,
ACPIDriverDll,1801C95B2,Unwind@1801c95b2,19,auto,yes,,,,
ACPIDriverDll,1801C95C5,Unwind@1801c95c5,19,auto,yes,,,,
ACPIDriverDll,1801C95D8,Unwind@1801c95d8,19,auto,yes,,,,
ACPIDriverDll,1801C95EB,Unwind@1801c95eb,19,auto,yes,,,,
ACPIDriverDll,1801C95FE,Unwind@1801c95fe,19,auto,yes,,,,
ACPIDriverDll,1801C9611,Unwind@1801c9611,19,auto,yes,,,,
ACPIDriverDll,1801C9624,Unwind@1801c9624,19,auto,yes,,,,
ACPIDriverDll,1801C9637,Unwind@1801c9637,12,auto,yes,,,,
ACPIDriverDll,1801C9643,Unwind@1801c9643,19,auto,yes,,,,
ACPIDriverDll,1801C9656,Unwind@1801c9656,19,auto,yes,,,,
ACPIDriverDll,1801C9669,Unwind@1801c9669,19,auto,yes,,,,
ACPIDriverDll,1801C967C,Unwind@1801c967c,19,auto,yes,,,,
ACPIDriverDll,1801C968F,Unwind@1801c968f,12,auto,yes,,,,
ACPIDriverDll,1801C969B,Unwind@1801c969b,19,auto,yes,,,,
ACPIDriverDll,1801C96AE,Unwind@1801c96ae,19,auto,yes,,,,
ACPIDriverDll,1801C96C1,Unwind@1801c96c1,19,auto,yes,,,,
ACPIDriverDll,1801C96D4,Unwind@1801c96d4,19,auto,yes,,,,
ACPIDriverDll,1801C96E7,Unwind@1801c96e7,19,auto,yes,,,,
ACPIDriverDll,1801C96FA,Unwind@1801c96fa,19,auto,yes,,,,
ACPIDriverDll,1801C970D,Unwind@1801c970d,19,auto,yes,,,,
ACPIDriverDll,1801C9720,Unwind@1801c9720,19,auto,yes,,,,
ACPIDriverDll,1801C9733,Unwind@1801c9733,19,auto,yes,,,,
ACPIDriverDll,1801C9746,Unwind@1801c9746,19,auto,yes,,,,
ACPIDriverDll,1801C9759,Unwind@1801c9759,19,auto,yes,,,,
ACPIDriverDll,1801C976C,Unwind@1801c976c,19,auto,yes,,,,
ACPIDriverDll,1801C977F,Unwind@1801c977f,19,auto,yes,,,,
ACPIDriverDll,1801C9792,Unwind@1801c9792,19,auto,yes,,,,
ACPIDriverDll,1801C97A5,Unwind@1801c97a5,16,auto,yes,,,,
ACPIDriverDll,1801C97B5,Unwind@1801c97b5,16,auto,yes,,,,
ACPIDriverDll,1801C97C5,Unwind@1801c97c5,16,auto,yes,,,,
ACPIDriverDll,1801C97D5,Unwind@1801c97d5,29,auto,yes,,,,
ACPIDriverDll,1801C97F2,Unwind@1801c97f2,16,auto,yes,,,,
ACPIDriverDll,1801C9802,Unwind@1801c9802,49,auto,yes,,,,
ACPIDriverDll,1801C9833,Unwind@1801c9833,19,auto,yes,,,,
ACPIDriverDll,1801C9846,Unwind@1801c9846,19,auto,yes,,,,
ACPIDriverDll,1801C9859,Unwind@1801c9859,16,auto,yes,,,,
ACPIDriverDll,1801C9869,Unwind@1801c9869,19,auto,yes,,,,
ACPIDriverDll,1801C987C,Unwind@1801c987c,12,auto,yes,,,,
ACPIDriverDll,1801C9888,Unwind@1801c9888,12,auto,yes,,,,
ACPIDriverDll,1801C9894,Unwind@1801c9894,12,auto,yes,,,,
ACPIDriverDll,1801C98A0,Unwind@1801c98a0,12,auto,yes,,,,
ACPIDriverDll,1801C98AC,Unwind@1801c98ac,12,auto,yes,,,,
ACPIDriverDll,1801C98B8,Unwind@1801c98b8,12,auto,yes,,,,
ACPIDriverDll,1801C98C4,Unwind@1801c98c4,12,auto,yes,,,,
ACPIDriverDll,1801C98D0,Unwind@1801c98d0,19,auto,yes,,,,
ACPIDriverDll,1801C98E3,Unwind@1801c98e3,19,auto,yes,,,,
ACPIDriverDll,1801C98F6,Unwind@1801c98f6,19,auto,yes,,,,
ACPIDriverDll,1801C9909,Unwind@1801c9909,19,auto,yes,,,,
ACPIDriverDll,1801C991C,Unwind@1801c991c,19,auto,yes,,,,
ACPIDriverDll,1801C992F,Unwind@1801c992f,19,auto,yes,,,,
ACPIDriverDll,1801C9942,Unwind@1801c9942,19,auto,yes,,,,
ACPIDriverDll,1801C9955,Unwind@1801c9955,19,auto,yes,,,,
ACPIDriverDll,1801C9968,Unwind@1801c9968,19,auto,yes,,,,
ACPIDriverDll,1801C997B,Unwind@1801c997b,19,auto,yes,,,,
ACPIDriverDll,1801C998E,Unwind@1801c998e,19,auto,yes,,,,
ACPIDriverDll,1801C99A1,Unwind@1801c99a1,19,auto,yes,,,,
ACPIDriverDll,1801C99B4,Catch@1801c99b4,36,auto,yes,,,,
ACPIDriverDll,1801C99D9,Catch@1801c99d9,36,auto,yes,,,,
ACPIDriverDll,1801C99FE,Unwind@1801c99fe,12,auto,yes,,,,
ACPIDriverDll,1801C9A0A,Catch@1801c9a0a,36,auto,yes,,,,
ACPIDriverDll,1801C9A2F,Unwind@1801c9a2f,12,auto,yes,,,,
ACPIDriverDll,1801C9A3B,Unwind@1801c9a3b,12,auto,yes,,,,
ACPIDriverDll,1801C9A47,Unwind@1801c9a47,19,auto,yes,,,,
ACPIDriverDll,1801C9A5A,Unwind@1801c9a5a,19,auto,yes,,,,
ACPIDriverDll,1801C9A6D,Unwind@1801c9a6d,12,auto,yes,,,,
ACPIDriverDll,1801C9A79,Unwind@1801c9a79,19,auto,yes,,,,
ACPIDriverDll,1801C9A8C,Unwind@1801c9a8c,12,auto,yes,,,,
ACPIDriverDll,1801C9A98,Unwind@1801c9a98,16,auto,yes,,,,
ACPIDriverDll,1801C9AA8,Unwind@1801c9aa8,12,auto,yes,,,,
ACPIDriverDll,1801C9AB4,Unwind@1801c9ab4,38,auto,yes,,,,
ACPIDriverDll,1801C9ADA,Unwind@1801c9ada,38,auto,yes,,,,
ACPIDriverDll,1801C9B00,Unwind@1801c9b00,12,auto,yes,,,,
ACPIDriverDll,1801C9B0C,Unwind@1801c9b0c,12,auto,yes,,,,
ACPIDriverDll,1801C9B18,Unwind@1801c9b18,12,auto,yes,,,,
ACPIDriverDll,1801C9B24,Unwind@1801c9b24,12,auto,yes,,,,
ACPIDriverDll,1801C9B30,Unwind@1801c9b30,19,auto,yes,,,,
ACPIDriverDll,1801C9B43,Unwind@1801c9b43,19,auto,yes,,,,
ACPIDriverDll,1801C9B56,Unwind@1801c9b56,44,auto,yes,,,,
ACPIDriverDll,1801C9B82,Unwind@1801c9b82,47,auto,yes,,,,
ACPIDriverDll,1801C9BB1,Unwind@1801c9bb1,12,auto,yes,,,,
ACPIDriverDll,1801C9BBD,FUN_1801c9bbd,23,auto,no,,,,
ACPIDriverDll,1801C9BD5,FUN_1801c9bd5,22,auto,no,,,,
ACPIDriverDll,1801C9BEC,FUN_1801c9bec,27,auto,no,,,,
ACPIDriverDll,1801C9C08,FUN_1801c9c08,53,auto,no,,,,
ACPIDriverDll,1801C9C3E,FUN_1801c9c3e,43,auto,no,,,,
ACPIDriverDll,1801C9C6A,filt$0,63,auto,yes,,,,
ACPIDriverDll,1801C9CAB,FUN_1801c9cab,43,auto,no,,,,
ACPIDriverDll,1801C9CD7,FUN_1801c9cd7,144,auto,no,,,,
ACPIDriverDll,1801C9D68,FUN_1801c9d68,23,auto,no,,,,
ACPIDriverDll,1801C9D80,FUN_1801c9d80,36,auto,no,,,,
ACPIDriverDll,1801C9DA5,FUN_1801c9da5,119,auto,no,,,,
ACPIDriverDll,1801C9E1D,FUN_1801c9e1d,21,auto,no,,,,
ACPIDriverDll,1801C9E33,FUN_1801c9e33,34,auto,no,,,,
ACPIDriverDll,1801C9E56,FUN_1801c9e56,29,auto,no,,,,
ACPIDriverDll,1801C9E74,FUN_1801c9e74,23,auto,no,,,,
ACPIDriverDll,1801C9E8C,FUN_1801c9e8c,26,auto,no,,,,
ACPIDriverDll,1801C9EA7,FUN_1801c9ea7,28,auto,no,,,,
ACPIDriverDll,1801C9EC4,FUN_1801c9ec4,24,auto,no,,,,
ACPIDriverDll,1801C9EDD,FUN_1801c9edd,25,auto,no,,,,
ACPIDriverDll,1801C9EF7,FUN_1801c9ef7,26,auto,no,,,,
ACPIDriverDll,1801C9F12,FUN_1801c9f12,25,auto,no,,,,
ACPIDriverDll,1801C9F2C,FUN_1801c9f2c,24,auto,no,,,,
ACPIDriverDll,1801C9F45,FUN_1801c9f45,43,auto,no,,,,
ACPIDriverDll,1801C9F71,FUN_1801c9f71,25,auto,no,,,,
ACPIDriverDll,1801C9F8B,FUN_1801c9f8b,22,auto,no,,,,
ACPIDriverDll,1801C9FA2,FUN_1801c9fa2,24,auto,no,,,,
ACPIDriverDll,1801C9FBB,FUN_1801c9fbb,21,auto,no,,,,
ACPIDriverDll,1801C9FD1,FUN_1801c9fd1,32,auto,no,,,,
ACPIDriverDll,1801C9FF2,FUN_1801c9ff2,24,auto,no,,,,
ACPIDriverDll,1801CA00B,FUN_1801ca00b,24,auto,no,,,,
ACPIDriverDll,1801CA024,FUN_1801ca024,24,auto,no,,,,
ACPIDriverDll,1801CA03D,Unwind@1801ca03d,12,auto,yes,,,,
ACPIDriverDll,1801CA050,FUN_1801ca050,31,auto,no,,,,
ACPIDriverDll,1801CA070,`dynamic_atexit_destructor_for_'cache'',57,auto,yes,,,,
ACPIDriverDll,1801CA0B0,FUN_1801ca0b0,64,auto,no,,,,
ACPIDriverDll,1801CA0FC,FUN_1801ca0fc,12,auto,no,,,,
ACPIDriverDll,1801CA108,FUN_1801ca108,12,auto,no,,,,
ACPIDriverDll,1801CA114,FUN_1801ca114,15,auto,no,,,,
ACPIDriverDll,1801CA124,FUN_1801ca124,15,auto,no,,,,
ACPIDriverDll,1801CA134,FUN_1801ca134,15,auto,no,,,,
ACPIDriverDll,1801CA194,FUN_1801ca194,12,auto,no,,,,
ACPIDriverDll,1801CA1A0,FUN_1801ca1a0,12,auto,no,,,,
ACPIDriverDll,1801CA1AC,FUN_1801ca1ac,12,auto,no,,,,
ACPIDriverDll,1801CA1B8,FUN_1801ca1b8,12,auto,no,,,,
ACPIDriverDll,1801CA1D0,FUN_1801ca1d0,15,auto,no,,,,
ACPIDriverDll,1801CA1E0,FUN_1801ca1e0,47,auto,no,,,,
ACPIDriverDll,1801CA210,FUN_1801ca210,24,auto,no,,,,
ACPIDriverDll,1801CA234,FUN_1801ca234,45,auto,no,,,,
ACPIDriverDll,1801CA2D0,FUN_1801ca2d0,45,auto,no,,,,
ACPIDriverDll,1801CA300,FUN_1801ca300,45,auto,no,,,,
ACPIDriverDll,1801CA33C,FUN_1801ca33c,49,auto,no,,,,
ACPIDriverDll,1801CA3B8,FUN_1801ca3b8,45,auto,no,,,,
ACPIDriverDll,1801CA3E8,FUN_1801ca3e8,45,auto,no,,,,
ACPIDriverDll,1801CA418,FUN_1801ca418,49,auto,no,,,,
ACPIDriverDll,1801CA450,FUN_1801ca450,12,auto,no,,,,
ACPIDriverDll,1801CA45C,FUN_1801ca45c,45,auto,no,,,,
ACPIDriverDll,1801CA4A4,FUN_1801ca4a4,49,auto,no,,,,
ACPIDriverDll,1801CA4D8,FUN_1801ca4d8,49,auto,no,,,,
ACPIDriverDll,1801CA50C,FUN_1801ca50c,45,auto,no,,,,
ACPIDriverDll,1801CA53C,FUN_1801ca53c,49,auto,no,,,,
ACPIDriverDll,1801CA570,FUN_1801ca570,45,auto,no,,,,
ACPIDriverDll,1801CA5A0,FUN_1801ca5a0,49,auto,no,,,,
ACPIDriverDll,1801CA5D4,FUN_1801ca5d4,12,auto,no,,,,
ACPIDriverDll,1801CA5EC,FUN_1801ca5ec,49,auto,no,,,,
ACPIDriverDll,1801CA620,FUN_1801ca620,47,auto,no,,,,
ACPIDriverDll,1801CA650,FUN_1801ca650,45,auto,no,,,,
ACPIDriverDll,1801CA680,FUN_1801ca680,49,auto,no,,,,
ACPIDriverDll,1801CA6B4,FUN_1801ca6b4,47,auto,no,,,,
ACPIDriverDll,1801CA6E4,FUN_1801ca6e4,45,auto,no,,,,
ACPIDriverDll,1801CA714,FUN_1801ca714,49,auto,no,,,,
ACPIDriverDll,1801CA748,FUN_1801ca748,74,auto,no,,,,
ACPIDriverDll,1801CA794,FUN_1801ca794,49,auto,no,,,,
ACPIDriverDll,1801CA7C8,FUN_1801ca7c8,49,auto,no,,,,
ACPIDriverDll,1801CA7FC,FUN_1801ca7fc,45,auto,no,,,,
ACPIDriverDll,1801CA82C,FUN_1801ca82c,45,auto,no,,,,
ACPIDriverDll,1801CA85C,FUN_1801ca85c,12,auto,no,,,,
ACPIDriverDll,1801CA868,FUN_1801ca868,49,auto,no,,,,
ACPIDriverDll,1801CA89C,FUN_1801ca89c,49,auto,no,,,,
ACPIDriverDll,1801CA8D0,FUN_1801ca8d0,12,auto,no,,,,
ACPIDriverDll,1801CA8DC,FUN_1801ca8dc,45,auto,no,,,,
ACPIDriverDll,1801CA90C,FUN_1801ca90c,47,auto,no,,,,
ACPIDriverDll,1801CA93C,FUN_1801ca93c,45,auto,no,,,,
ACPIDriverDll,1801CA96C,FUN_1801ca96c,12,auto,no,,,,
ACPIDriverDll,1801CA978,FUN_1801ca978,49,auto,no,,,,
ACPIDriverDll,1801CA9AC,FUN_1801ca9ac,12,auto,no,,,,
ACPIDriverDll,1801CA9B8,FUN_1801ca9b8,49,auto,no,,,,
ACPIDriverDll,1801CA9F8,FUN_1801ca9f8,12,auto,no,,,,
clrcompression,180001000,FUN_180001000,554,auto,no,,,,
clrcompression,18000122C,FUN_18000122c,197,auto,no,,,,
clrcompression,1800012F4,FUN_1800012f4,1055,auto,no,,,,
clrcompression,180001720,crc32,13,auto,yes,,,,
clrcompression,180001730,FUN_180001730,218,auto,no,,,,
clrcompression,18000180C,FUN_18000180c,236,auto,no,,,,
clrcompression,1800018F8,FUN_1800018f8,315,auto,no,,,,
clrcompression,180001A40,deflateInit2_,781,auto,yes,,,,
clrcompression,180001D50,FUN_180001d50,432,auto,no,,,,
clrcompression,180001F00,flush_pending,105,auto,yes,,,,
clrcompression,180001F70,deflate,2510,auto,yes,,,,
clrcompression,180002940,deflateEnd,269,auto,yes,,,,
clrcompression,180002A50,FUN_180002a50,196,auto,no,,,,
clrcompression,180002B14,FUN_180002b14,398,auto,no,,,,
clrcompression,180002CA4,FUN_180002ca4,862,auto,no,,,,
clrcompression,180003010,FUN_180003010,509,auto,no,,,,
clrcompression,180003210,FUN_180003210,997,auto,no,,,,
clrcompression,1800035F8,FUN_1800035f8,332,auto,no,,,,
clrcompression,180003750,FUN_180003750,1317,auto,no,,,,
clrcompression,180003C80,FUN_180003c80,1165,auto,no,,,,
clrcompression,180004110,FUN_180004110,788,auto,no,,,,
clrcompression,180004424,FUN_180004424,466,auto,no,,,,
clrcompression,1800045F8,FUN_1800045f8,874,auto,no,,,,
clrcompression,180004964,FUN_180004964,112,auto,no,,,,
clrcompression,1800049D4,FUN_1800049d4,177,auto,no,,,,
clrcompression,180004A88,FUN_180004a88,524,auto,no,,,,
clrcompression,180004C94,FUN_180004c94,693,auto,no,,,,
clrcompression,180004F4C,FUN_180004f4c,278,auto,no,,,,
clrcompression,180005064,FUN_180005064,1347,auto,no,,,,
clrcompression,1800055A8,FUN_1800055a8,603,auto,no,,,,
clrcompression,180005804,FUN_180005804,280,auto,no,,,,
clrcompression,18000591C,FUN_18000591c,230,auto,no,,,,
clrcompression,180005A04,FUN_180005a04,796,auto,no,,,,
clrcompression,180005D20,FUN_180005d20,169,auto,no,,,,
clrcompression,180005DCC,FUN_180005dcc,1086,auto,no,,,,
clrcompression,18000620C,FUN_18000620c,118,auto,no,,,,
clrcompression,180006284,FUN_180006284,87,auto,no,,,,
clrcompression,1800062E0,zlibCompileFlags,6,auto,yes,,,,
clrcompression,1800062F0,FUN_1800062f0,13,auto,no,,,,
clrcompression,180006300,FUN_180006300,10,auto,no,,,,
clrcompression,18000630C,FUN_18000630c,1134,auto,no,,,,
clrcompression,18000677C,FUN_18000677c,141,auto,no,,,,
clrcompression,180006810,inflateInit2_,342,auto,yes,,,,
clrcompression,180006968,FUN_180006968,264,auto,no,,,,
clrcompression,180006A70,inflate,5710,auto,yes,,,,
clrcompression,1800080C0,inflateEnd,92,auto,yes,,,,
clrcompression,18000811C,FUN_18000811c,1169,auto,no,,,,
clrcompression,1800085B0,entry,39,auto,no,,,,
clrcompression,1800085D8,FUN_1800085d8,8,auto,no,,,,
clrcompression,1800085E0,FUN_1800085e0,8,auto,no,,,,
clrcompression,1800085E8,FUN_1800085e8,207,auto,no,,,,
clrcompression,1800086D0,FUN_1800086d0,33,auto,no,,,,
clrcompression,1800086F4,__GSHandlerCheck,29,auto,yes,,,,
clrcompression,180008714,__GSHandlerCheckCommon,91,auto,yes,,,,
clrcompression,180008770,_guard_check_icall,3,auto,yes,,,,
clrcompression,180008790,FUN_180008790,19,auto,no,,,,
clrcompression,1800087B0,FUN_1800087b0,929,auto,no,,,,
clrcompression,180008C00,FUN_180008c00,16,auto,no,,,,
clrcompression,180008C20,FUN_180008c20,319,auto,no,,,,
clrcompression,180008DC0,_guard_dispatch_icall,2,auto,yes,,,,
UEFI_Firmware,180001000,FUN_180001000,8,auto,no,,,,
UEFI_Firmware,180001010,FUN_180001010,83,auto,no,,,,
UEFI_Firmware,180001070,ReadUefi,71,auto,yes,,,,
UEFI_Firmware,1800010C0,WriteUefi,200,auto,yes,,,,
UEFI_Firmware,180001190,FUN_180001190,357,auto,no,,,,
UEFI_Firmware,180001300,FUN_180001300,190,auto,no,,,,
UEFI_Firmware,1800013C0,FUN_1800013c0,349,auto,no,,,,
UEFI_Firmware,180001530,__security_check_cookie,33,auto,yes,,,,
UEFI_Firmware,180001554,__raise_securityfailure,52,auto,yes,,,,
UEFI_Firmware,180001588,__report_gsfailure,209,auto,yes,,,,
UEFI_Firmware,18000165C,__report_rangecheckfailure,19,auto,yes,,,,
UEFI_Firmware,180001670,__report_securityfailure,155,auto,yes,,,,
UEFI_Firmware,18000170C,capture_current_context,109,auto,yes,,,,
UEFI_Firmware,18000177C,capture_previous_context,113,auto,yes,,,,
UEFI_Firmware,1800017F0,FUN_1800017f0,80,auto,no,,,,
UEFI_Firmware,180001840,FUN_180001840,276,auto,no,,,,
UEFI_Firmware,180001958,FUN_180001958,129,auto,no,,,,
UEFI_Firmware,1800019DC,dllmain_dispatch,299,auto,yes,,,,
UEFI_Firmware,180001B10,entry,61,auto,no,,,,
UEFI_Firmware,180001B50,__security_init_cookie,172,auto,yes,,,,
UEFI_Firmware,180001BFC,FUN_180001bfc,6,auto,no,,,,
UEFI_Firmware,180001C04,FUN_180001c04,14,auto,no,,,,
UEFI_Firmware,180001C14,FUN_180001c14,12,auto,no,,,,
UEFI_Firmware,180001C20,FUN_180001c20,8,auto,no,,,,
UEFI_Firmware,180001C28,FUN_180001c28,27,auto,no,,,,
UEFI_Firmware,180001C44,__scrt_acquire_startup_lock,57,auto,yes,,,,
UEFI_Firmware,180001C80,__scrt_dllmain_after_initialize_c,52,auto,yes,,,,
UEFI_Firmware,180001CB4,FUN_180001cb4,21,auto,no,,,,
UEFI_Firmware,180001CCC,__scrt_dllmain_crt_thread_attach,40,auto,yes,,,,
UEFI_Firmware,180001CF4,__scrt_dllmain_crt_thread_detach,21,auto,yes,,,,
UEFI_Firmware,180001D0C,__scrt_dllmain_exception_filter,96,auto,yes,,,,
UEFI_Firmware,180001D6C,__scrt_dllmain_uninitialize_c,48,auto,yes,,,,
UEFI_Firmware,180001D9C,FUN_180001d9c,20,auto,no,,,,
UEFI_Firmware,180001DB0,__scrt_initialize_crt,73,auto,yes,,,,
UEFI_Firmware,180001DFC,FUN_180001dfc,138,auto,no,,,,
UEFI_Firmware,180001E88,__scrt_is_nonwritable_in_current_image,150,auto,yes,,,,
UEFI_Firmware,180001F20,__scrt_release_startup_lock,36,auto,yes,,,,
UEFI_Firmware,180001F44,__scrt_uninitialize_crt,41,auto,yes,,,,
UEFI_Firmware,180001F70,FUN_180001f70,8,auto,no,,,,
UEFI_Firmware,180001F78,FUN_180001f78,8,auto,no,,,,
UEFI_Firmware,180001F80,__scrt_fastfail,330,auto,yes,,,,
UEFI_Firmware,1800020CC,FUN_1800020cc,60,auto,no,,,,
UEFI_Firmware,180002108,FUN_180002108,60,auto,no,,,,
UEFI_Firmware,180002144,_guard_check_icall,3,auto,yes,,,,
UEFI_Firmware,180002148,__isa_available_init,417,auto,yes,,,,
UEFI_Firmware,1800022EC,__scrt_is_ucrt_dll_in_use,12,auto,yes,,,,
UEFI_Firmware,180002300,__C_specific_handler,523,auto,yes,,,,
UEFI_Firmware,18000250C,FUN_18000250c,42,auto,no,,,,
UEFI_Firmware,180002538,__vcrt_initialize,40,auto,yes,,,,
UEFI_Firmware,180002560,__vcrt_thread_attach,20,auto,yes,,,,
UEFI_Firmware,180002574,__vcrt_thread_detach,18,auto,yes,,,,
UEFI_Firmware,180002588,__vcrt_uninitialize,25,auto,yes,,,,
UEFI_Firmware,1800025A4,FUN_1800025a4,16,auto,no,,,,
UEFI_Firmware,1800025B4,__DestructExceptionObject,107,auto,yes,,,,
UEFI_Firmware,180002624,FUN_180002624,3,auto,no,,,,
UEFI_Firmware,180002640,FUN_180002640,16,auto,no,,,,
UEFI_Firmware,180002660,FUN_180002660,360,auto,no,,,,
UEFI_Firmware,180002800,_NLG_Notify,24,auto,yes,,,,
UEFI_Firmware,180002820,FUN_180002820,1,auto,no,,,,
UEFI_Firmware,180002830,FUN_180002830,1,auto,no,,,,
UEFI_Firmware,180002834,__except_validate_context_record,55,auto,yes,,,,
UEFI_Firmware,18000286C,FUN_18000286c,31,auto,no,,,,
UEFI_Firmware,18000288C,__vcrt_freeptd,77,auto,yes,,,,
UEFI_Firmware,1800028DC,FUN_1800028dc,24,auto,no,,,,
UEFI_Firmware,1800028F8,__vcrt_getptd_noexit,191,auto,yes,,,,
UEFI_Firmware,1800029B8,__vcrt_initialize_ptd,71,auto,yes,,,,
UEFI_Firmware,180002A00,__vcrt_uninitialize_ptd,34,auto,yes,,,,
UEFI_Firmware,180002A24,__vcrt_initialize_locks,50,auto,yes,,,,
UEFI_Firmware,180002A58,__vcrt_uninitialize_locks,55,auto,yes,,,,
UEFI_Firmware,180002AA0,FUN_180002aa0,19,auto,no,,,,
UEFI_Firmware,180002AC0,FUN_180002ac0,912,auto,no,,,,
UEFI_Firmware,180002E98,try_get_function,332,auto,yes,,,,
UEFI_Firmware,180002FE4,__vcrt_FlsAlloc,69,auto,yes,,,,
UEFI_Firmware,18000302C,__vcrt_FlsFree,70,auto,yes,,,,
UEFI_Firmware,180003074,__vcrt_FlsGetValue,70,auto,yes,,,,
UEFI_Firmware,1800030BC,__vcrt_FlsSetValue,81,auto,yes,,,,
UEFI_Firmware,180003110,__vcrt_InitializeCriticalSectionEx,97,auto,yes,,,,
UEFI_Firmware,180003190,_CallSettingFrame,64,auto,yes,,,,
UEFI_Firmware,1800031E0,_CallSettingFrame_LookupContinuationIndex,42,auto,yes,,,,
UEFI_Firmware,180003210,_CallSettingFrame_NotifyContinuationAddr,38,auto,yes,,,,
UEFI_Firmware,180003240,_CallSettingFrameEncoded,71,auto,yes,,,,
UEFI_Firmware,180003288,__acrt_initialize_stdio,287,auto,yes,,,,
UEFI_Firmware,1800033A8,__acrt_iob_func,17,auto,yes,,,,
UEFI_Firmware,1800033BC,__acrt_uninitialize_stdio,91,auto,yes,,,,
UEFI_Firmware,180003418,FUN_180003418,11,auto,no,,,,
UEFI_Firmware,180003424,FUN_180003424,11,auto,no,,,,
UEFI_Firmware,180003430,operator()<>,61,auto,yes,,,,
UEFI_Firmware,180003470,ensure_buffer_is_big_enough<char>,166,auto,yes,,,,
UEFI_Firmware,180003518,type_case_integer_parse_into_buffer<>,135,auto,yes,,,,
UEFI_Firmware,1800035A0,type_case_integer_parse_into_buffer<>,141,auto,yes,,,,
UEFI_Firmware,180003630,"write_multiple_characters<__crt_stdio_output::stream_output_adapter<char>,char>",139,auto,yes,,,,
UEFI_Firmware,1800036BC,_LocaleUpdate,155,auto,yes,,,,
UEFI_Firmware,180003758,operator(),301,auto,yes,,,,
UEFI_Firmware,180003888,crop_zeroes,105,auto,yes,,,,
UEFI_Firmware,1800038F4,parse_int_from_format_string,161,auto,yes,,,,
UEFI_Firmware,180003998,process,534,auto,yes,,,,
UEFI_Firmware,180003BB0,state_case_normal,112,auto,yes,,,,
UEFI_Firmware,180003C20,state_case_normal_tchar,162,auto,yes,,,,
UEFI_Firmware,180003CC4,state_case_size,369,auto,yes,,,,
UEFI_Firmware,180003E38,state_case_type,644,auto,yes,,,,
UEFI_Firmware,1800040BC,type_case_Z,115,auto,yes,,,,
UEFI_Firmware,180004130,type_case_a,533,auto,yes,,,,
UEFI_Firmware,180004348,type_case_c_tchar,188,auto,yes,,,,
UEFI_Firmware,180004404,type_case_integer,453,auto,yes,,,,
UEFI_Firmware,1800045CC,type_case_n,219,auto,yes,,,,
UEFI_Firmware,1800046A8,type_case_s,150,auto,yes,,,,
UEFI_Firmware,180004740,validate_stream_is_ansi_if_required,154,auto,yes,,,,
UEFI_Firmware,1800047DC,write_stored_string_tchar,289,auto,yes,,,,
UEFI_Firmware,180004900,write_string_impl,245,auto,yes,,,,
UEFI_Firmware,1800049F8,FID_conflict:__stdio_common_vfwprintf,139,auto,yes,,,,
UEFI_Firmware,180004A84,FUN_180004a84,17,auto,no,,,,
UEFI_Firmware,180004A98,"parse_integer<unsigned_long,__crt_strtox::c_string_character_source<char>_>",773,auto,yes,,,,
UEFI_Firmware,180004DA0,_ischartype_l,118,auto,yes,,,,
UEFI_Firmware,180004E18,_malloc_base,5,auto,yes,,,,
UEFI_Firmware,180004E20,_initterm,100,auto,yes,,,,
UEFI_Firmware,180004E84,_initterm_e,61,auto,yes,,,,
UEFI_Firmware,180004EC4,_seh_filter_dll,19,auto,yes,,,,
UEFI_Firmware,180004ED8,_seh_filter_exe,386,auto,yes,,,,
UEFI_Firmware,18000505C,"operator()<<lambda_d80eeec6fff315bfe5c115232f3240e3>,<lambda_6e4b09c48022b2350581041d5f6b0c4c>&___ptr64,<lambda_2358e3775559c9db80273638284d5e45>_>",56,auto,yes,,,,
UEFI_Firmware,180005094,operator(),187,auto,yes,,,,
UEFI_Firmware,180005158,FUN_180005158,12,auto,no,,,,
UEFI_Firmware,180005164,common_exit,188,auto,yes,,,,
UEFI_Firmware,180005220,exit_or_terminate_process,73,auto,yes,,,,
UEFI_Firmware,18000526C,try_cor_exit_process,91,auto,yes,,,,
UEFI_Firmware,1800052C8,FUN_1800052c8,8,auto,no,,,,
UEFI_Firmware,1800052D0,_cexit,13,auto,yes,,,,
UEFI_Firmware,1800052E0,FUN_1800052e0,12,auto,no,,,,
UEFI_Firmware,1800052EC,FUN_1800052ec,7,auto,no,,,,
UEFI_Firmware,1800052F4,parse_command_line<char>,451,auto,yes,,,,
UEFI_Firmware,1800054B8,__acrt_allocate_buffer_for_argv,93,auto,yes,,,,
UEFI_Firmware,180005518,_configure_narrow_argv,390,auto,yes,,,,
UEFI_Firmware,1800056A0,common_initialize_environment_nolock<char>,108,auto,yes,,,,
UEFI_Firmware,18000570C,FUN_18000570c,261,auto,no,,,,
UEFI_Firmware,180005814,free_environment<>,65,auto,yes,,,,
UEFI_Firmware,180005858,uninitialize_environment_internal<>,26,auto,yes,,,,
UEFI_Firmware,180005874,uninitialize_environment_internal<>,26,auto,yes,,,,
UEFI_Firmware,180005890,__dcrt_uninitialize_environments_nolock,56,auto,yes,,,,
UEFI_Firmware,1800058C8,common_initialize_environment_nolock<char>,5,auto,yes,,,,
UEFI_Firmware,1800058D0,"operator()<<lambda_7777bce6b2f8c936911f934f8298dc43>,<lambda_f03950bc5685219e0bcd2087efbe011e>&___ptr64,<lambda_3883c3dff614d5e0c5f61bb1ac94921c>_>",59,auto,yes,,,,
UEFI_Firmware,18000590C,operator(),278,auto,yes,,,,
UEFI_Firmware,180005A24,_execute_onexit_table,58,auto,yes,,,,
UEFI_Firmware,180005A60,_initialize_onexit_table,39,auto,yes,,,,
UEFI_Firmware,180005A9C,FUN_180005a9c,35,auto,no,,,,
UEFI_Firmware,180005AC4,FUN_180005ac4,16,auto,no,,,,
UEFI_Firmware,180005AD4,FUN_180005ad4,61,auto,no,,,,
UEFI_Firmware,180005B1C,FUN_180005b1c,64,auto,no,,,,
UEFI_Firmware,180005B5C,FUN_180005b5c,91,auto,no,,,,
UEFI_Firmware,180005BB8,FUN_180005bb8,19,auto,no,,,,
UEFI_Firmware,180005BCC,__acrt_thread_attach,20,auto,yes,,,,
UEFI_Firmware,180005BE0,__acrt_thread_detach,16,auto,yes,,,,
UEFI_Firmware,180005BF0,__acrt_uninitialize,53,auto,yes,,,,
UEFI_Firmware,180005C28,FUN_180005c28,16,auto,no,,,,
UEFI_Firmware,180005C38,terminate,31,auto,yes,,,,
UEFI_Firmware,180005C58,strcpy_s,95,auto,yes,,,,
UEFI_Firmware,180005CB8,abort,86,auto,yes,,,,
UEFI_Firmware,180005D20,strncmp,125,auto,yes,,,,
UEFI_Firmware,180005DA0,_calloc_base,5,auto,yes,,,,
UEFI_Firmware,180005DA8,wcsncmp,44,auto,yes,,,,
UEFI_Firmware,180005DD4,__acrt_call_reportfault,347,auto,yes,,,,
UEFI_Firmware,180005F30,FUN_180005f30,8,auto,no,,,,
UEFI_Firmware,180005F38,FUN_180005f38,173,auto,no,,,,
UEFI_Firmware,180005FE8,FUN_180005fe8,30,auto,no,,,,
UEFI_Firmware,180006008,_invoke_watson,71,auto,yes,,,,
UEFI_Firmware,180006050,__acrt_errno_from_os_error,69,auto,yes,,,,
UEFI_Firmware,180006098,__acrt_errno_map_os_error,78,auto,yes,,,,
UEFI_Firmware,1800060E8,__doserrno,32,auto,yes,,,,
UEFI_Firmware,180006108,__doserrno,32,auto,yes,,,,
UEFI_Firmware,180006128,_calloc_base,117,auto,yes,,,,
UEFI_Firmware,1800061A0,_free_base,61,auto,yes,,,,
UEFI_Firmware,1800061E0,try_get_function,470,auto,yes,,,,
UEFI_Firmware,1800063B8,__acrt_AppPolicyGetProcessTerminationMethodInternal,78,auto,yes,,,,
UEFI_Firmware,180006408,__acrt_AreFileApisANSI,58,auto,yes,,,,
UEFI_Firmware,180006444,__acrt_FlsAlloc,72,auto,yes,,,,
UEFI_Firmware,18000648C,__acrt_FlsFree,70,auto,yes,,,,
UEFI_Firmware,1800064D4,__acrt_FlsGetValue,70,auto,yes,,,,
UEFI_Firmware,18000651C,__acrt_FlsSetValue,81,auto,yes,,,,
UEFI_Firmware,180006570,__acrt_InitializeCriticalSectionEx,97,auto,yes,,,,
UEFI_Firmware,1800065D4,__acrt_LCMapStringEx,220,auto,yes,,,,
UEFI_Firmware,1800066B0,__acrt_LocaleNameToLCID,80,auto,yes,,,,
UEFI_Firmware,180006700,__acrt_initialize_winapi_thunks,49,auto,yes,,,,
UEFI_Firmware,180006734,__acrt_uninitialize_winapi_thunks,65,auto,yes,,,,
UEFI_Firmware,180006778,_fcloseall,177,auto,yes,,,,
UEFI_Firmware,18000682C,"operator()<<lambda_842d9ff0dc9ef11c61343bbaebe7f885>,<lambda_c5860995281e5c4ce005b3de8f5874ee>&___ptr64,<lambda_d90129c13df834fdcbf8d2b88dafcf2d>_>",154,auto,yes,,,,
UEFI_Firmware,1800068C8,"operator()<<lambda_886d6c58226a84441f68b9f2b8217b83>,<lambda_ab61a845afdef5b7c387490eaf3616ee>&___ptr64,<lambda_f7f22ab5edc0698d5f6905b0d3f44752>_>",224,auto,yes,,,,
UEFI_Firmware,1800069A8,common_flush_all,93,auto,yes,,,,
UEFI_Firmware,180006A08,__acrt_stdio_flush_nolock,122,auto,yes,,,,
UEFI_Firmware,180006A84,_fflush_nolock,75,auto,yes,,,,
UEFI_Firmware,180006AD0,common_flush_all,7,auto,yes,,,,
UEFI_Firmware,180006AD8,__acrt_stdio_free_buffer_nolock,64,auto,yes,,,,
UEFI_Firmware,180006B18,initialize_inherited_file_handles_nolock,237,auto,yes,,,,
UEFI_Firmware,180006C08,initialize_stdio_handles_nolock,268,auto,yes,,,,
UEFI_Firmware,180006D14,__acrt_initialize_lowio,59,auto,yes,,,,
UEFI_Firmware,180006D50,__acrt_uninitialize_lowio,64,auto,yes,,,,
UEFI_Firmware,180006D90,_malloc_base,94,auto,yes,,,,
UEFI_Firmware,180006DF0,strtol,42,auto,yes,,,,
UEFI_Firmware,180006E1C,_mbtowc_l,382,auto,yes,,,,
UEFI_Firmware,180006F9C,FUN_180006f9c,8,auto,no,,,,
UEFI_Firmware,180006FA4,_wctomb_s_l,412,auto,yes,,,,
UEFI_Firmware,180007140,wctomb_s,20,auto,yes,,,,
UEFI_Firmware,180007154,FUN_180007154,336,auto,no,,,,
UEFI_Firmware,1800072A4,FUN_1800072a4,470,auto,no,,,,
UEFI_Firmware,18000747C,operator()<>,63,auto,yes,,,,
UEFI_Firmware,1800074BC,operator()<>,61,auto,yes,,,,
UEFI_Firmware,1800074FC,operator()<>,69,auto,yes,,,,
UEFI_Firmware,180007544,operator()<>,95,auto,yes,,,,
UEFI_Firmware,1800075A4,construct_ptd_array,205,auto,yes,,,,
UEFI_Firmware,180007674,FUN_180007674,32,auto,no,,,,
UEFI_Firmware,180007694,destroy_ptd_array,245,auto,yes,,,,
UEFI_Firmware,18000778C,replace_current_thread_locale_nolock,103,auto,yes,,,,
UEFI_Firmware,1800077F4,__acrt_freeptd,65,auto,yes,,,,
UEFI_Firmware,180007838,FUN_180007838,211,auto,no,,,,
UEFI_Firmware,18000790C,FUN_18000790c,166,auto,no,,,,
UEFI_Firmware,1800079B4,__acrt_getptd_noexit,204,auto,yes,,,,
UEFI_Firmware,180007A80,__acrt_initialize_ptd,57,auto,yes,,,,
UEFI_Firmware,180007ABC,__acrt_uninitialize_ptd,34,auto,yes,,,,
UEFI_Firmware,180007AE0,__acrt_update_locale_info,49,auto,yes,,,,
UEFI_Firmware,180007B14,__acrt_update_multibyte_info,49,auto,yes,,,,
UEFI_Firmware,180007B48,fp_format_a,877,auto,yes,,,,
UEFI_Firmware,180007EB8,fp_format_e,219,auto,yes,,,,
UEFI_Firmware,180007F94,FUN_180007f94,465,auto,no,,,,
UEFI_Firmware,180008168,fp_format_f_internal,323,auto,yes,,,,
UEFI_Firmware,1800082AC,fp_format_g,306,auto,yes,,,,
UEFI_Firmware,1800083E0,FUN_1800083e0,771,auto,no,,,,
UEFI_Firmware,1800086E4,_fileno,38,auto,yes,,,,
UEFI_Firmware,18000870C,_fputc_nolock,22,auto,yes,,,,
UEFI_Firmware,180008724,_get_printf_count_output,24,auto,yes,,,,
UEFI_Firmware,18000873C,__acrt_stdio_begin_temporary_buffering_nolock,207,auto,yes,,,,
UEFI_Firmware,18000880C,__acrt_stdio_end_temporary_buffering_nolock,57,auto,yes,,,,
UEFI_Firmware,180008848,"operator()<<lambda_410d79af7f07d98d83a3f525b3859a53>,<lambda_3e16ef9562a7dcce91392c22ab16ea36>&___ptr64,<lambda_38119f0e861e05405d8a144b9b982f0a>_>",110,auto,yes,,,,
UEFI_Firmware,1800088B8,FUN_1800088b8,12,auto,no,,,,
UEFI_Firmware,1800088C4,__acrt_uninitialize_locale,46,auto,yes,,,,
UEFI_Firmware,1800088F4,__pctype_func,47,auto,yes,,,,
UEFI_Firmware,180008924,_isctype_l,264,auto,yes,,,,
UEFI_Firmware,180008A2C,__acrt_initialize_locks,72,auto,yes,,,,
UEFI_Firmware,180008A74,__acrt_lock,25,auto,yes,,,,
UEFI_Firmware,180008A90,__acrt_uninitialize_locks,55,auto,yes,,,,
UEFI_Firmware,180008AC8,__acrt_unlock,25,auto,yes,,,,
UEFI_Firmware,180008AE4,__acrt_get_process_end_policy,60,auto,yes,,,,
UEFI_Firmware,180008B34,__acrt_mbs_to_wcs_cp<__crt_win32_buffer_internal_dynamic_resizing>,374,auto,yes,,,,
UEFI_Firmware,180008CAC,__acrt_wcs_to_mbs_cp<__crt_win32_buffer_internal_dynamic_resizing>,394,auto,yes,,,,
UEFI_Firmware,180008E38,FUN_180008e38,520,auto,no,,,,
UEFI_Firmware,180009044,FUN_180009044,390,auto,no,,,,
UEFI_Firmware,1800091CC,expand_argument_wildcards<char>,782,auto,yes,,,,
UEFI_Firmware,1800094DC,thunk_FUN_180008e38,5,auto,no,,,,
UEFI_Firmware,1800094E4,__acrt_wcs_to_mbs_cp<__crt_win32_buffer_no_resizing>,273,auto,yes,,,,
UEFI_Firmware,1800095F8,__acrt_GetModuleFileNameA,286,auto,yes,,,,
UEFI_Firmware,180009718,FUN_180009718,442,auto,no,,,,
UEFI_Firmware,1800098D4,getSystemCP,125,auto,yes,,,,
UEFI_Firmware,180009954,setSBCS,144,auto,yes,,,,
UEFI_Firmware,1800099E4,setSBUpLow,483,auto,yes,,,,
UEFI_Firmware,180009BC8,FUN_180009bc8,450,auto,no,,,,
UEFI_Firmware,180009D8C,update_thread_multibyte_data_internal,183,auto,yes,,,,
UEFI_Firmware,180009E44,__acrt_initialize_multibyte,96,auto,yes,,,,
UEFI_Firmware,180009EA4,__acrt_update_thread_multibyte_data,28,auto,yes,,,,
UEFI_Firmware,180009EC0,_setmbcp_nolock,697,auto,yes,,,,
UEFI_Firmware,18000A17C,x_ismbbtype_l,117,auto,yes,,,,
UEFI_Firmware,18000A1F4,_ismbblead,18,auto,yes,,,,
UEFI_Firmware,18000A208,FUN_18000a208,37,auto,no,,,,
UEFI_Firmware,18000A230,__acrt_MultiByteToWideChar,90,auto,yes,,,,
UEFI_Firmware,18000A28C,__acrt_WideCharToMultiByte,150,auto,yes,,,,
UEFI_Firmware,18000A324,__dcrt_get_narrow_environment_from_os,257,auto,yes,,,,
UEFI_Firmware,18000A428,_recalloc_base,149,auto,yes,,,,
UEFI_Firmware,18000A4C0,FUN_18000a4c0,28,auto,no,,,,
UEFI_Firmware,18000A4E8,__acrt_execute_initializers,128,auto,yes,,,,
UEFI_Firmware,18000A568,__acrt_execute_uninitializers,60,auto,yes,,,,
UEFI_Firmware,18000A5A4,FUN_18000a5a4,8,auto,no,,,,
UEFI_Firmware,18000A5AC,_callnewh,47,auto,yes,,,,
UEFI_Firmware,18000A5DC,_query_new_handler,52,auto,yes,,,,
UEFI_Firmware,18000A610,operator()<>,69,auto,yes,,,,
UEFI_Firmware,18000A658,__acrt_get_sigabrt_handler,46,auto,yes,,,,
UEFI_Firmware,18000A688,FUN_18000a688,29,auto,no,,,,
UEFI_Firmware,18000A6A8,raise,620,auto,yes,,,,
UEFI_Firmware,18000A914,FUN_18000a914,29,auto,no,,,,
UEFI_Firmware,18000A934,FUN_18000a934,8,auto,no,,,,
UEFI_Firmware,18000A93C,FUN_18000a93c,46,auto,no,,,,
UEFI_Firmware,18000A96C,FUN_18000a96c,7,auto,no,,,,
UEFI_Firmware,18000A974,__acrt_DownlevelLocaleNameToLCID,175,auto,yes,,,,
UEFI_Firmware,18000AA24,_fclose_nolock,131,auto,yes,,,,
UEFI_Firmware,18000AAA8,fclose,98,auto,yes,,,,
UEFI_Firmware,18000AB0C,"operator()<<lambda_a37b2b86f63e897a80ea819b0eb08c01>,<lambda_38ce7e780aa69e748d6df282ebc68efe>&___ptr64,<lambda_99fb1378e971ab6e7edea83e3a7a83a2>_>",140,auto,yes,,,,
UEFI_Firmware,18000AB98,_commit,145,auto,yes,,,,
UEFI_Firmware,18000AC2C,write_double_translated_ansi_nolock,1232,auto,yes,,,,
UEFI_Firmware,18000B0FC,write_text_ansi_nolock,258,auto,yes,,,,
UEFI_Firmware,18000B200,write_text_utf16le_nolock,281,auto,yes,,,,
UEFI_Firmware,18000B31C,write_text_utf8_nolock,368,auto,yes,,,,
UEFI_Firmware,18000B48C,_write,235,auto,yes,,,,
UEFI_Firmware,18000B578,_write_nolock,730,auto,yes,,,,
UEFI_Firmware,18000B854,__acrt_lowio_create_handle_array,165,auto,yes,,,,
UEFI_Firmware,18000B8FC,__acrt_lowio_destroy_handle_array,80,auto,yes,,,,
UEFI_Firmware,18000B94C,__acrt_lowio_ensure_fh_exists,168,auto,yes,,,,
UEFI_Firmware,18000B9F4,FID_conflict:__acrt_lowio_lock_fh,39,auto,yes,,,,
UEFI_Firmware,18000BA1C,FID_conflict:__acrt_lowio_lock_fh,39,auto,yes,,,,
UEFI_Firmware,18000BA44,_free_osfhnd,186,auto,yes,,,,
UEFI_Firmware,18000BB00,_get_osfhandle,117,auto,yes,,,,
UEFI_Firmware,18000BB78,_isleadbyte_l,75,auto,yes,,,,
UEFI_Firmware,18000BBC4,__mbrtowc_utf8,57,auto,yes,,,,
UEFI_Firmware,18000BC00,__mbsrtowcs_utf8,374,auto,yes,,,,
UEFI_Firmware,18000BD78,__c32rtomb_utf8,179,auto,yes,,,,
UEFI_Firmware,18000BE2C,__acrt_add_locale_ref,139,auto,yes,,,,
UEFI_Firmware,18000BEB8,__acrt_free_locale,374,auto,yes,,,,
UEFI_Firmware,18000C030,__acrt_locale_add_lc_time_reference,39,auto,yes,,,,
UEFI_Firmware,18000C058,__acrt_locale_free_lc_time_if_unreferenced,54,auto,yes,,,,
UEFI_Firmware,18000C090,__acrt_locale_release_lc_time_reference,37,auto,yes,,,,
UEFI_Firmware,18000C0B8,__acrt_release_locale_ref,168,auto,yes,,,,
UEFI_Firmware,18000C160,__acrt_update_thread_locale_data,107,auto,yes,,,,
UEFI_Firmware,18000C1CC,_updatetlocinfoEx_nolock,101,auto,yes,,,,
UEFI_Firmware,18000C234,__acrt_fp_strflt_to_string,226,auto,yes,,,,
UEFI_Firmware,18000C320,divide,1065,auto,yes,,,,
UEFI_Firmware,18000C74C,FUN_18000c74c,4656,auto,no,,,,
UEFI_Firmware,18000D980,memcpy_s,135,auto,yes,,,,
UEFI_Firmware,18000DA08,write_buffer_nolock<char>,228,auto,yes,,,,
UEFI_Firmware,18000DAEC,stream_is_at_end_of_file_nolock,121,auto,yes,,,,
UEFI_Firmware,18000DB68,__acrt_stdio_flush_and_write_narrow_nolock,234,auto,yes,,,,
UEFI_Firmware,18000DC54,_isatty,95,auto,yes,,,,
UEFI_Firmware,18000DCB4,__acrt_locale_free_monetary,266,auto,yes,,,,
UEFI_Firmware,18000DDC0,__acrt_locale_free_numeric,108,auto,yes,,,,
UEFI_Firmware,18000DE2C,free_crt_array_internal,88,auto,yes,,,,
UEFI_Firmware,18000DE84,__acrt_locale_free_time,264,auto,yes,,,,
UEFI_Firmware,18000DF8C,__acrt_GetStringTypeA,397,auto,yes,,,,
UEFI_Firmware,18000E120,qsort,941,auto,yes,,,,
UEFI_Firmware,18000E4D0,strncpy_s,211,auto,yes,,,,
UEFI_Firmware,18000E5A4,FID_conflict:fallbackMethod,158,auto,yes,,,,
UEFI_Firmware,18000E650,FUN_18000e650,801,auto,no,,,,
UEFI_Firmware,18000EA30,FUN_18000ea30,8,auto,no,,,,
UEFI_Firmware,18000EA38,_mbsdec_l,148,auto,yes,,,,
UEFI_Firmware,18000EACC,__acrt_LCMapStringA_stat,789,auto,yes,,,,
UEFI_Firmware,18000EDE4,__acrt_LCMapStringA,150,auto,yes,,,,
UEFI_Firmware,18000EE7C,FUN_18000ee7c,23,auto,no,,,,
UEFI_Firmware,18000EE94,_msize_base,57,auto,yes,,,,
UEFI_Firmware,18000EED0,_realloc_base,122,auto,yes,,,,
UEFI_Firmware,18000EF4C,__ascii_wcsnicmp,75,auto,yes,,,,
UEFI_Firmware,18000EF98,"operator()<<lambda_751a882b2c74d4b022dec766aa51a29a>,<lambda_628dfdc04ba53c8bfc02c9951375f3f5>&___ptr64,<lambda_f6c7be5f7998530c34de24c7437d6b54>_>",113,auto,yes,,,,
UEFI_Firmware,18000F00C,_close,161,auto,yes,,,,
UEFI_Firmware,18000F0B0,_close_nolock,189,auto,yes,,,,
UEFI_Firmware,18000F170,__acrt_stdio_free_stream,28,auto,yes,,,,
UEFI_Firmware,18000F18C,common_lseek<__int64>,239,auto,yes,,,,
UEFI_Firmware,18000F27C,common_lseek_nolock<__int64>,153,auto,yes,,,,
UEFI_Firmware,18000F318,common_lseek<__int64>,5,auto,yes,,,,
UEFI_Firmware,18000F320,common_lseek_nolock<__int64>,5,auto,yes,,,,
UEFI_Firmware,18000F328,_putwch_nolock,59,auto,yes,,,,
UEFI_Firmware,18000F364,FUN_18000f364,7,auto,no,,,,
UEFI_Firmware,18000F36C,__mbrtoc32_utf8,476,auto,yes,,,,
UEFI_Firmware,18000F548,fegetenv,32,auto,yes,,,,
UEFI_Firmware,18000F568,fesetenv,76,auto,yes,,,,
UEFI_Firmware,18000F5B4,feholdexcept,80,auto,yes,,,,
UEFI_Firmware,18000F604,ceil,194,auto,yes,,,,
UEFI_Firmware,18000F6D0,FUN_18000f6d0,1386,auto,no,,,,
UEFI_Firmware,18000FC7C,__acrt_stdio_allocate_buffer_nolock,102,auto,yes,,,,
UEFI_Firmware,18000FCE4,__strncnt,21,auto,yes,,,,
UEFI_Firmware,18000FCFC,__dcrt_lowio_ensure_console_output_initialized,82,auto,yes,,,,
UEFI_Firmware,18000FD50,FUN_18000fd50,28,auto,no,,,,
UEFI_Firmware,18000FD6C,__dcrt_write_console,190,auto,yes,,,,
UEFI_Firmware,18000FE2C,__acrt_fenv_get_control,241,auto,yes,,,,
UEFI_Firmware,18000FF20,__acrt_fenv_get_status,83,auto,yes,,,,
UEFI_Firmware,18000FF74,__acrt_fenv_set_control,327,auto,yes,,,,
UEFI_Firmware,1800100BC,__acrt_fenv_set_status,131,auto,yes,,,,
UEFI_Firmware,180010140,_clearfp,110,auto,yes,,,,
UEFI_Firmware,1800101B0,FUN_1800101b0,101,auto,no,,,,
UEFI_Firmware,180010218,_exception_enabled,186,auto,yes,,,,
UEFI_Firmware,1800102D4,FUN_1800102d4,295,auto,no,,,,
UEFI_Firmware,1800103FC,_handle_nan,25,auto,yes,,,,
UEFI_Firmware,180010420,__acrt_initialize_fma3,112,auto,yes,,,,
UEFI_Firmware,180010490,FUN_180010490,32,auto,no,,,,
UEFI_Firmware,1800104B0,FUN_1800104b0,150,auto,no,,,,
UEFI_Firmware,180010560,_get_fpsr,16,auto,yes,,,,
UEFI_Firmware,180010570,FUN_180010570,10,auto,no,,,,
UEFI_Firmware,18001057A,_fclrf,20,auto,yes,,,,
UEFI_Firmware,1800105B0,_raise_exc,39,auto,yes,,,,
UEFI_Firmware,1800105D8,_raise_exc_ex,781,auto,yes,,,,
UEFI_Firmware,1800108E8,_set_errno_from_matherr,46,auto,yes,,,,
UEFI_Firmware,180010918,_clrfp,29,auto,yes,,,,
UEFI_Firmware,180010938,_ctrlfp,99,auto,yes,,,,
UEFI_Firmware,1800109B4,_set_statfp,31,auto,yes,,,,
UEFI_Firmware,1800109D4,_statfp,17,auto,yes,,,,
UEFI_Firmware,1800109E5,IsProcessorFeaturePresent,6,auto,yes,,,,
UEFI_Firmware,1800109F0,_FindPESection,68,auto,yes,,,,
UEFI_Firmware,180010A40,_IsNonwritableInCurrentImage,75,auto,yes,,,,
UEFI_Firmware,180010A90,_ValidateImageBase,45,auto,yes,,,,
UEFI_Firmware,180010AC0,__GSHandlerCheck,29,auto,yes,,,,
UEFI_Firmware,180010AE0,__GSHandlerCheckCommon,91,auto,yes,,,,
UEFI_Firmware,180010B50,_alloca_probe,81,auto,yes,,,,
UEFI_Firmware,180010BA4,FUN_180010ba4,302,auto,no,,,,
UEFI_Firmware,180010CF0,memcmp,198,auto,yes,,,,
UEFI_Firmware,180010DD0,_guard_dispatch_icall,2,auto,yes,,,,
UEFI_Firmware,180010DF0,_guard_dispatch_icall,6,auto,yes,,,,
UEFI_Firmware,180010E00,FUN_180010e00,22,auto,no,,,,
UEFI_Firmware,180010E17,FUN_180010e17,24,auto,no,,,,
UEFI_Firmware,180010E30,FUN_180010e30,19,auto,no,,,,
UEFI_Firmware,180010E44,FUN_180010e44,53,auto,no,,,,
UEFI_Firmware,180010E7A,FUN_180010e7a,23,auto,no,,,,
UEFI_Firmware,180010E92,FUN_180010e92,149,auto,no,,,,
UEFI_Firmware,180010F28,FUN_180010f28,26,auto,no,,,,
UEFI_Firmware,180010F43,FUN_180010f43,25,auto,no,,,,
UEFI_Firmware,180010F5D,FUN_180010f5d,26,auto,no,,,,
UEFI_Firmware,180010F78,FUN_180010f78,24,auto,no,,,,
UEFI_Firmware,180010F91,FUN_180010f91,28,auto,no,,,,
UEFI_Firmware,180010FAE,FUN_180010fae,24,auto,no,,,,
UEFI_Firmware,180010FC7,FUN_180010fc7,25,auto,no,,,,
UEFI_Firmware,180010FE1,FUN_180010fe1,24,auto,no,,,,
UEFI_Firmware,180010FFA,FUN_180010ffa,21,auto,no,,,,
UEFI_Firmware,180011010,FUN_180011010,32,auto,no,,,,
UEFI_Firmware,180011031,FUN_180011031,23,auto,no,,,,
UEFI_Firmware,180011049,FUN_180011049,25,auto,no,,,,
UEFI_Firmware,180011063,FUN_180011063,22,auto,no,,,,
UEFI_Firmware,18001107A,FUN_18001107a,24,auto,no,,,,
UEFI_Firmware,180011093,FUN_180011093,43,auto,no,,,,
UEFI_Firmware,1800110C0,FUN_1800110c0,31,auto,no,,,,
GC3_launcher,180008000,entry,6,auto,no,,,,
