program,addr,name,outcome,instructions_checked,instructions_unchecked,detail,assembler
bank0,0EA2,FUN_CODE_0ea2,match,21,0,,sdas8051 05.50.4+NoICE+SDCCmods-WIP-R14
bank0,163C,FUN_CODE_163c,match,2,0,,sdas8051 05.50.4+NoICE+SDCCmods-WIP-R14
bank0,1648,FUN_CODE_1648,match,2,0,,sdas8051 05.50.4+NoICE+SDCCmods-WIP-R14
bank0,164E,FUN_CODE_164e,match,2,0,,sdas8051 05.50.4+NoICE+SDCCmods-WIP-R14
bank0,1654,FUN_CODE_1654,match,2,0,,sdas8051 05.50.4+NoICE+SDCCmods-WIP-R14
bank0,1660,FUN_CODE_1660,match,2,0,,sdas8051 05.50.4+NoICE+SDCCmods-WIP-R14
bank0,1666,FUN_CODE_1666,match,2,0,,sdas8051 05.50.4+NoICE+SDCCmods-WIP-R14
bank0,166C,FUN_CODE_166c,match,2,0,,sdas8051 05.50.4+NoICE+SDCCmods-WIP-R14
bank0,1672,FUN_CODE_1672,match,2,0,,sdas8051 05.50.4+NoICE+SDCCmods-WIP-R14
bank0,1803,FUN_CODE_1803,match,3,0,,sdas8051 05.50.4+NoICE+SDCCmods-WIP-R14
bank0,18AC,FUN_CODE_18ac,match,2,0,,sdas8051 05.50.4+NoICE+SDCCmods-WIP-R14
bank0,18B2,FUN_CODE_18b2,match,2,0,,sdas8051 05.50.4+NoICE+SDCCmods-WIP-R14
bank0,18B8,FUN_CODE_18b8,match,2,0,,sdas8051 05.50.4+NoICE+SDCCmods-WIP-R14
bank0,18BE,FUN_CODE_18be,match,2,0,,sdas8051 05.50.4+NoICE+SDCCmods-WIP-R14
bank0,18C4,FUN_CODE_18c4,match,2,0,,sdas8051 05.50.4+NoICE+SDCCmods-WIP-R14
bank0,1906,FUN_CODE_1906,match,2,0,,sdas8051 05.50.4+NoICE+SDCCmods-WIP-R14
bank0,1936,FUN_CODE_1936,match,2,0,,sdas8051 05.50.4+NoICE+SDCCmods-WIP-R14
bank0,1948,FUN_CODE_1948,match,2,0,,sdas8051 05.50.4+NoICE+SDCCmods-WIP-R14
bank0,194E,FUN_CODE_194e,match,2,0,,sdas8051 05.50.4+NoICE+SDCCmods-WIP-R14
bank0,1954,FUN_CODE_1954,match,2,0,,sdas8051 05.50.4+NoICE+SDCCmods-WIP-R14
bank0,1978,FUN_CODE_1978,match,2,0,,sdas8051 05.50.4+NoICE+SDCCmods-WIP-R14
bank0,197E,FUN_CODE_197e,match,2,0,,sdas8051 05.50.4+NoICE+SDCCmods-WIP-R14
bank0,2A6C,FUN_CODE_2a6c,match,8,0,,sdas8051 05.50.4+NoICE+SDCCmods-WIP-R14
bank0,2BD5,FUN_CODE_2bd5,partial,120,7,"7 of 127 instruction(s) unchecked, first: push DPH",sdas8051 05.50.4+NoICE+SDCCmods-WIP-R14
bank0,397D,FUN_CODE_397d,match,2,0,,sdas8051 05.50.4+NoICE+SDCCmods-WIP-R14
bank0,3A60,FUN_CODE_3a60,match,49,0,,sdas8051 05.50.4+NoICE+SDCCmods-WIP-R14
bank0,3AD6,FUN_CODE_3ad6,match,18,0,,sdas8051 05.50.4+NoICE+SDCCmods-WIP-R14
bank0,445E,FUN_CODE_445e,match,102,0,,sdas8051 05.50.4+NoICE+SDCCmods-WIP-R14
bank0,4777,FUN_CODE_4777,match,17,0,,sdas8051 05.50.4+NoICE+SDCCmods-WIP-R14
bank0,4B1F,FUN_CODE_4b1f,match,3,0,,sdas8051 05.50.4+NoICE+SDCCmods-WIP-R14
bank0,530E,FUN_CODE_530e,match,20,0,,sdas8051 05.50.4+NoICE+SDCCmods-WIP-R14
bank0,5349,FUN_CODE_5349,match,17,0,,sdas8051 05.50.4+NoICE+SDCCmods-WIP-R14
bank0,537F,FUN_CODE_537f,match,30,0,,sdas8051 05.50.4+NoICE+SDCCmods-WIP-R14
bank0,53AF,FUN_CODE_53af,match,70,0,,sdas8051 05.50.4+NoICE+SDCCmods-WIP-R14
bank0,541D,FUN_CODE_541d,match,33,0,,sdas8051 05.50.4+NoICE+SDCCmods-WIP-R14
bank0,549B,FUN_CODE_549b,match,23,0,,sdas8051 05.50.4+NoICE+SDCCmods-WIP-R14
bank0,54C2,FUN_CODE_54c2,match,17,0,,sdas8051 05.50.4+NoICE+SDCCmods-WIP-R14
bank0,703D,FUN_CODE_703d,partial,7,1,"1 of 8 instruction(s) unchecked, first: movc A, @A+DPTR",sdas8051 05.50.4+NoICE+SDCCmods-WIP-R14
bank0,7049,FUN_CODE_7049,match,11,0,,sdas8051 05.50.4+NoICE+SDCCmods-WIP-R14
bank0,705B,FUN_CODE_705b,match,23,0,,sdas8051 05.50.4+NoICE+SDCCmods-WIP-R14
bank0,708F,FUN_CODE_708f,partial,61,1,"1 of 62 instruction(s) unchecked, first: clr CY",sdas8051 05.50.4+NoICE+SDCCmods-WIP-R14
bank0,724B,FUN_CODE_724b,partial,34,4,"4 of 38 instruction(s) unchecked, first: cpl 0xd5",sdas8051 05.50.4+NoICE+SDCCmods-WIP-R14
bank0,8000,FUN_CODE_8000,match,11,0,,sdas8051 05.50.4+NoICE+SDCCmods-WIP-R14
bank0,8016,FUN_CODE_8016,match,4,0,,sdas8051 05.50.4+NoICE+SDCCmods-WIP-R14
bank0,801D,FUN_CODE_801d,match,1,0,,sdas8051 05.50.4+NoICE+SDCCmods-WIP-R14
bank0,801F,FUN_CODE_801f,match,1,0,,sdas8051 05.50.4+NoICE+SDCCmods-WIP-R14
bank0,8020,FUN_CODE_8020,assembler-gap,3,0,no bytes emitted at 8020,sdas8051 05.50.4+NoICE+SDCCmods-WIP-R14
bank0,8026,FUN_CODE_8026,match,6,0,,sdas8051 05.50.4+NoICE+SDCCmods-WIP-R14
bank0,8038,FUN_CODE_8038,match,1,0,,sdas8051 05.50.4+NoICE+SDCCmods-WIP-R14
bank0,8044,FUN_CODE_8044,assembler-gap,0,1,ajmp 0x845d,sdas8051 05.50.4+NoICE+SDCCmods-WIP-R14
bank0,8048,FUN_CODE_8048,partial,6,2,"2 of 8 instruction(s) unchecked, first: anl CY, 0x31",sdas8051 05.50.4+NoICE+SDCCmods-WIP-R14
bank0,8054,index_case_00,match,11,0,,sdas8051 05.50.4+NoICE+SDCCmods-WIP-R14
bank0,805B,index_table_default,match,1,0,,sdas8051 05.50.4+NoICE+SDCCmods-WIP-R14
bank0,806C,FUN_CODE_806c,match,18,0,,sdas8051 05.50.4+NoICE+SDCCmods-WIP-R14
bank0,8094,index_case_01,match,31,0,,sdas8051 05.50.4+NoICE+SDCCmods-WIP-R14
bank0,80D7,index_case_02,match,31,0,,sdas8051 05.50.4+NoICE+SDCCmods-WIP-R14
bank0,811A,index_case_03,match,31,0,,sdas8051 05.50.4+NoICE+SDCCmods-WIP-R14
bank0,815D,index_case_04,match,30,0,,sdas8051 05.50.4+NoICE+SDCCmods-WIP-R14
bank0,819D,index_case_05,match,31,0,,sdas8051 05.50.4+NoICE+SDCCmods-WIP-R14
bank0,81DF,index_case_06,match,30,0,,sdas8051 05.50.4+NoICE+SDCCmods-WIP-R14
bank0,821F,index_case_epilogue,assembler-gap,9,0,no bytes emitted at 821F,sdas8051 05.50.4+NoICE+SDCCmods-WIP-R14
bank0,8274,index_table_default,match,16,0,,sdas8051 05.50.4+NoICE+SDCCmods-WIP-R14
bank0,8294,FUN_CODE_8294,partial,143,3,"3 of 146 instruction(s) unchecked, first: clr CY",sdas8051 05.50.4+NoICE+SDCCmods-WIP-R14
bank0,8398,FUN_CODE_8398,match,1,0,,sdas8051 05.50.4+NoICE+SDCCmods-WIP-R14
bank0,8399,FUN_CODE_8399,partial,41,2,"2 of 43 instruction(s) unchecked, first: movc A, @A+DPTR",sdas8051 05.50.4+NoICE+SDCCmods-WIP-R14
bank0,83D6,FUN_CODE_83d6,partial,25,2,"2 of 27 instruction(s) unchecked, first: clr CY",sdas8051 05.50.4+NoICE+SDCCmods-WIP-R14
bank0,83FF,FUN_CODE_83ff,match,80,0,,sdas8051 05.50.4+NoICE+SDCCmods-WIP-R14
bank0,849C,FUN_CODE_849c,match,1,0,,sdas8051 05.50.4+NoICE+SDCCmods-WIP-R14
bank0,8648,FUN_CODE_8648,match,9,0,,sdas8051 05.50.4+NoICE+SDCCmods-WIP-R14
bank0,8653,seed_fan_table_base,partial,89,9,"9 of 98 instruction(s) unchecked, first: push DPH",sdas8051 05.50.4+NoICE+SDCCmods-WIP-R14
bank0,8749,FUN_CODE_8749,partial,163,2,"2 of 165 instruction(s) unchecked, first: clr CY",sdas8051 05.50.4+NoICE+SDCCmods-WIP-R14
bank0,888D,fan_table_mailbox_handler,partial,83,2,"2 of 85 instruction(s) unchecked, first: movc A, @A+DPTR",sdas8051 05.50.4+NoICE+SDCCmods-WIP-R14
bank0,8931,FUN_CODE_8931,partial,235,5,"5 of 240 instruction(s) unchecked, first: clr CY",sdas8051 05.50.4+NoICE+SDCCmods-WIP-R14
bank0,8939,FUN_CODE_8939,match,2,0,,sdas8051 05.50.4+NoICE+SDCCmods-WIP-R14
bank0,893E,FUN_CODE_893e,match,2,0,,sdas8051 05.50.4+NoICE+SDCCmods-WIP-R14
bank0,8B14,FUN_CODE_8b14,partial,159,15,"15 of 174 instruction(s) unchecked, first: push DPH",sdas8051 05.50.4+NoICE+SDCCmods-WIP-R14
bank0,8C46,FUN_CODE_8c46,partial,203,5,"5 of 208 instruction(s) unchecked, first: clr CY",sdas8051 05.50.4+NoICE+SDCCmods-WIP-R14
bank0,8DE0,FUN_CODE_8de0,partial,158,5,"5 of 163 instruction(s) unchecked, first: clr CY",sdas8051 05.50.4+NoICE+SDCCmods-WIP-R14
bank0,8F03,FUN_CODE_8f03,match,2,0,,sdas8051 05.50.4+NoICE+SDCCmods-WIP-R14
bank0,8F09,FUN_CODE_8f09,match,3,0,,sdas8051 05.50.4+NoICE+SDCCmods-WIP-R14
bank0,8F0E,FUN_CODE_8f0e,match,1,0,,sdas8051 05.50.4+NoICE+SDCCmods-WIP-R14
bank0,8F0F,FUN_CODE_8f0f,match,9,0,,sdas8051 05.50.4+NoICE+SDCCmods-WIP-R14
bank0,8F20,FUN_CODE_8f20,match,97,0,,sdas8051 05.50.4+NoICE+SDCCmods-WIP-R14
bank0,8FDB,FUN_CODE_8fdb,match,32,0,,sdas8051 05.50.4+NoICE+SDCCmods-WIP-R14
bank0,9000,thunk_FUN_CODE_703d,match,1,0,,sdas8051 05.50.4+NoICE+SDCCmods-WIP-R14
bank0,9006,FUN_CODE_9006,match,1,0,,sdas8051 05.50.4+NoICE+SDCCmods-WIP-R14
bank0,9007,FUN_CODE_9007,match,4,0,,sdas8051 05.50.4+NoICE+SDCCmods-WIP-R14
bank0,900D,FUN_CODE_900d,assembler-gap,4,0,no bytes emitted at 900D,sdas8051 05.50.4+NoICE+SDCCmods-WIP-R14
bank0,9015,FUN_CODE_9015,match,1,0,,sdas8051 05.50.4+NoICE+SDCCmods-WIP-R14
bank0,9016,FUN_CODE_9016,match,1,0,,sdas8051 05.50.4+NoICE+SDCCmods-WIP-R14
bank0,9018,FUN_CODE_9018,match,2,0,,sdas8051 05.50.4+NoICE+SDCCmods-WIP-R14
bank0,901C,FUN_CODE_901c,assembler-gap,3,0,no bytes emitted at 901C,sdas8051 05.50.4+NoICE+SDCCmods-WIP-R14
bank0,902A,FUN_CODE_902a,match,4,0,,sdas8051 05.50.4+NoICE+SDCCmods-WIP-R14
bank0,9040,FUN_CODE_9040,match,1,0,,sdas8051 05.50.4+NoICE+SDCCmods-WIP-R14
bank0,9041,FUN_CODE_9041,match,4,0,,sdas8051 05.50.4+NoICE+SDCCmods-WIP-R14
bank0,9049,FUN_CODE_9049,match,39,0,,sdas8051 05.50.4+NoICE+SDCCmods-WIP-R14
bank0,909B,FUN_CODE_909b,partial,49,1,"1 of 50 instruction(s) unchecked, first: clr CY",sdas8051 05.50.4+NoICE+SDCCmods-WIP-R14
bank0,90FE,FUN_CODE_90fe,partial,51,1,"1 of 52 instruction(s) unchecked, first: clr CY",sdas8051 05.50.4+NoICE+SDCCmods-WIP-R14
bank0,9167,FUN_CODE_9167,partial,18,3,"3 of 21 instruction(s) unchecked, first: acall 0x94af",sdas8051 05.50.4+NoICE+SDCCmods-WIP-R14
bank0,91C5,FUN_CODE_91c5,match,43,0,,sdas8051 05.50.4+NoICE+SDCCmods-WIP-R14
bank0,924B,FUN_CODE_924b,match,1,0,,sdas8051 05.50.4+NoICE+SDCCmods-WIP-R14
bank0,924C,FUN_CODE_924c,match,23,0,,sdas8051 05.50.4+NoICE+SDCCmods-WIP-R14
bank0,9277,FUN_CODE_9277,partial,49,5,"5 of 54 instruction(s) unchecked, first: mov 0xa0, CY",sdas8051 05.50.4+NoICE+SDCCmods-WIP-R14
bank0,9334,FUN_CODE_9334,partial,108,5,"5 of 113 instruction(s) unchecked, first: movc A, @A+DPTR",sdas8051 05.50.4+NoICE+SDCCmods-WIP-R14
bank0,93FE,FUN_CODE_93fe,match,1,0,,sdas8051 05.50.4+NoICE+SDCCmods-WIP-R14
bank0,93FF,FUN_CODE_93ff,partial,50,9,"9 of 59 instruction(s) unchecked, first: push DPH",sdas8051 05.50.4+NoICE+SDCCmods-WIP-R14
bank0,948D,FUN_CODE_948d,partial,16,1,"1 of 17 instruction(s) unchecked, first: movc A, @A+DPTR",sdas8051 05.50.4+NoICE+SDCCmods-WIP-R14
bank0,94AF,FUN_CODE_94af,match,11,0,,sdas8051 05.50.4+NoICE+SDCCmods-WIP-R14
bank0,94C0,FUN_CODE_94c0,match,11,0,,sdas8051 05.50.4+NoICE+SDCCmods-WIP-R14
bank0,94D0,FUN_CODE_94d0,partial,127,11,"11 of 138 instruction(s) unchecked, first: movc A, @A+DPTR",sdas8051 05.50.4+NoICE+SDCCmods-WIP-R14
bank0,95DD,FUN_CODE_95dd,partial,88,6,"6 of 94 instruction(s) unchecked, first: movc A, @A+DPTR",sdas8051 05.50.4+NoICE+SDCCmods-WIP-R14
bank0,96AD,FUN_CODE_96ad,partial,271,22,"22 of 293 instruction(s) unchecked, first: movc A, @A+DPTR",sdas8051 05.50.4+NoICE+SDCCmods-WIP-R14
bank0,98FB,FUN_CODE_98fb,match,4,0,,sdas8051 05.50.4+NoICE+SDCCmods-WIP-R14
bank0,9902,FUN_CODE_9902,partial,11,1,"1 of 12 instruction(s) unchecked, first: clr CY",sdas8051 05.50.4+NoICE+SDCCmods-WIP-R14
bank0,9917,FUN_CODE_9917,match,72,0,,sdas8051 05.50.4+NoICE+SDCCmods-WIP-R14
bank0,99A7,FUN_CODE_99a7,partial,35,2,"2 of 37 instruction(s) unchecked, first: clr CY",sdas8051 05.50.4+NoICE+SDCCmods-WIP-R14
bank0,99ED,FUN_CODE_99ed,match,9,0,,sdas8051 05.50.4+NoICE+SDCCmods-WIP-R14
bank0,9A00,FUN_CODE_9a00,match,7,0,,sdas8051 05.50.4+NoICE+SDCCmods-WIP-R14
bank0,9A0D,FUN_CODE_9a0d,match,1,0,,sdas8051 05.50.4+NoICE+SDCCmods-WIP-R14
bank0,9A0E,FUN_CODE_9a0e,partial,56,1,"1 of 57 instruction(s) unchecked, first: clr CY",sdas8051 05.50.4+NoICE+SDCCmods-WIP-R14
bank0,9A7B,FUN_CODE_9a7b,match,6,0,,sdas8051 05.50.4+NoICE+SDCCmods-WIP-R14
bank0,9A86,FUN_CODE_9a86,match,5,0,,sdas8051 05.50.4+NoICE+SDCCmods-WIP-R14
bank0,9A90,FUN_CODE_9a90,match,6,0,,sdas8051 05.50.4+NoICE+SDCCmods-WIP-R14
bank0,9A9C,FUN_CODE_9a9c,match,9,0,,sdas8051 05.50.4+NoICE+SDCCmods-WIP-R14
bank0,9AAD,FUN_CODE_9aad,partial,159,2,"2 of 161 instruction(s) unchecked, first: clr CY",sdas8051 05.50.4+NoICE+SDCCmods-WIP-R14
bank0,9BFD,FUN_CODE_9bfd,match,1,0,,sdas8051 05.50.4+NoICE+SDCCmods-WIP-R14
bank0,9C00,FUN_CODE_9c00,match,13,0,,sdas8051 05.50.4+NoICE+SDCCmods-WIP-R14
bank0,9C1D,FUN_CODE_9c1d,match,5,0,,sdas8051 05.50.4+NoICE+SDCCmods-WIP-R14
bank0,9C24,FUN_CODE_9c24,match,17,0,,sdas8051 05.50.4+NoICE+SDCCmods-WIP-R14
bank0,9C47,FUN_CODE_9c47,match,1,0,,sdas8051 05.50.4+NoICE+SDCCmods-WIP-R14
bank0,9CA6,FUN_CODE_9ca6,match,129,0,,sdas8051 05.50.4+NoICE+SDCCmods-WIP-R14
bank0,9D9A,FUN_CODE_9d9a,match,1,0,,sdas8051 05.50.4+NoICE+SDCCmods-WIP-R14
bank0,9D9B,FUN_CODE_9d9b,partial,314,2,"2 of 316 instruction(s) unchecked, first: clr CY",sdas8051 05.50.4+NoICE+SDCCmods-WIP-R14
bank0,A00E,FUN_CODE_a00e,partial,146,5,"5 of 151 instruction(s) unchecked, first: clr CY",sdas8051 05.50.4+NoICE+SDCCmods-WIP-R14
bank0,A139,FUN_CODE_a139,partial,49,1,"1 of 50 instruction(s) unchecked, first: clr CY",sdas8051 05.50.4+NoICE+SDCCmods-WIP-R14
bank0,A169,FUN_CODE_a169,match,5,0,,sdas8051 05.50.4+NoICE+SDCCmods-WIP-R14
bank0,A172,FUN_CODE_a172,match,2,0,,sdas8051 05.50.4+NoICE+SDCCmods-WIP-R14
bank0,A1A8,FUN_CODE_a1a8,match,18,0,,sdas8051 05.50.4+NoICE+SDCCmods-WIP-R14
bank0,A1C8,FUN_CODE_a1c8,partial,127,17,"17 of 144 instruction(s) unchecked, first: push DPH",sdas8051 05.50.4+NoICE+SDCCmods-WIP-R14
bank0,A2E0,FUN_CODE_a2e0,match,28,0,,sdas8051 05.50.4+NoICE+SDCCmods-WIP-R14
bank0,A312,FUN_CODE_a312,partial,58,1,"1 of 59 instruction(s) unchecked, first: clr CY",sdas8051 05.50.4+NoICE+SDCCmods-WIP-R14
bank0,A374,FUN_CODE_a374,match,9,0,,sdas8051 05.50.4+NoICE+SDCCmods-WIP-R14
bank0,A3C3,FUN_CODE_a3c3,match,9,0,,sdas8051 05.50.4+NoICE+SDCCmods-WIP-R14
bank0,A3E0,FUN_CODE_a3e0,match,13,0,,sdas8051 05.50.4+NoICE+SDCCmods-WIP-R14
bank0,A425,FUN_CODE_a425,match,1,0,,sdas8051 05.50.4+NoICE+SDCCmods-WIP-R14
bank0,A426,FUN_CODE_a426,partial,83,3,"3 of 86 instruction(s) unchecked, first: clr CY",sdas8051 05.50.4+NoICE+SDCCmods-WIP-R14
bank0,A4D6,FUN_CODE_a4d6,match,6,0,,sdas8051 05.50.4+NoICE+SDCCmods-WIP-R14
bank0,A663,FUN_CODE_a663,partial,14,1,"1 of 15 instruction(s) unchecked, first: ajmp 0xa0a6",sdas8051 05.50.4+NoICE+SDCCmods-WIP-R14
bank0,A678,thunk_FUN_CODE_a426,match,1,0,,sdas8051 05.50.4+NoICE+SDCCmods-WIP-R14
bank0,A6C6,FUN_CODE_a6c6,partial,9,1,"1 of 10 instruction(s) unchecked, first: movc A, @A+DPTR",sdas8051 05.50.4+NoICE+SDCCmods-WIP-R14
bank0,A716,FUN_CODE_a716,match,4,0,,sdas8051 05.50.4+NoICE+SDCCmods-WIP-R14
bank0,A71A,FUN_CODE_a71a,match,6,0,,sdas8051 05.50.4+NoICE+SDCCmods-WIP-R14
bank0,A725,FUN_CODE_a725,match,3,0,,sdas8051 05.50.4+NoICE+SDCCmods-WIP-R14
bank0,A72A,FUN_CODE_a72a,match,8,0,,sdas8051 05.50.4+NoICE+SDCCmods-WIP-R14
bank0,A73B,FUN_CODE_a73b,match,2,0,,sdas8051 05.50.4+NoICE+SDCCmods-WIP-R14
bank0,A73F,FUN_CODE_a73f,assembler-gap,4,0,no bytes emitted at A73F,sdas8051 05.50.4+NoICE+SDCCmods-WIP-R14
bank0,A747,FUN_CODE_a747,match,62,0,,sdas8051 05.50.4+NoICE+SDCCmods-WIP-R14
bank0,A7C8,FUN_CODE_a7c8,match,69,0,,sdas8051 05.50.4+NoICE+SDCCmods-WIP-R14
bank0,A844,FUN_CODE_a844,partial,99,1,"1 of 100 instruction(s) unchecked, first: clr CY",sdas8051 05.50.4+NoICE+SDCCmods-WIP-R14
bank0,A96B,FUN_CODE_a96b,match,8,0,,sdas8051 05.50.4+NoICE+SDCCmods-WIP-R14
bank0,A97B,FUN_CODE_a97b,partial,68,1,"1 of 69 instruction(s) unchecked, first: clr CY",sdas8051 05.50.4+NoICE+SDCCmods-WIP-R14
bank0,AA90,FUN_CODE_aa90,match,23,0,,sdas8051 05.50.4+NoICE+SDCCmods-WIP-R14
bank0,AAC6,FUN_CODE_aac6,partial,85,3,"3 of 88 instruction(s) unchecked, first: clr CY",sdas8051 05.50.4+NoICE+SDCCmods-WIP-R14
bank0,AB6D,FUN_CODE_ab6d,match,1,0,,sdas8051 05.50.4+NoICE+SDCCmods-WIP-R14
bank0,AB6E,FUN_CODE_ab6e,match,24,0,,sdas8051 05.50.4+NoICE+SDCCmods-WIP-R14
bank0,AB9E,FUN_CODE_ab9e,match,55,0,,sdas8051 05.50.4+NoICE+SDCCmods-WIP-R14
bank0,AC08,FUN_CODE_ac08,match,28,0,,sdas8051 05.50.4+NoICE+SDCCmods-WIP-R14
bank0,AC4A,FUN_CODE_ac4a,match,33,0,,sdas8051 05.50.4+NoICE+SDCCmods-WIP-R14
bank0,ACB4,FUN_CODE_acb4,assembler-gap,128,3,no bytes emitted at AD11,sdas8051 05.50.4+NoICE+SDCCmods-WIP-R14
bank0,ADA3,FUN_CODE_ada3,match,6,0,,sdas8051 05.50.4+NoICE+SDCCmods-WIP-R14
bank0,ADAE,FUN_CODE_adae,match,84,0,,sdas8051 05.50.4+NoICE+SDCCmods-WIP-R14
bank0,AE6D,FUN_CODE_ae6d,match,8,0,,sdas8051 05.50.4+NoICE+SDCCmods-WIP-R14
bank0,AE79,FUN_CODE_ae79,match,8,0,,sdas8051 05.50.4+NoICE+SDCCmods-WIP-R14
bank0,AE87,FUN_CODE_ae87,match,23,0,,sdas8051 05.50.4+NoICE+SDCCmods-WIP-R14
bank0,AEC0,FUN_CODE_aec0,match,49,0,,sdas8051 05.50.4+NoICE+SDCCmods-WIP-R14
bank0,AF27,FUN_CODE_af27,match,26,0,,sdas8051 05.50.4+NoICE+SDCCmods-WIP-R14
bank0,AF66,FUN_CODE_af66,match,8,0,,sdas8051 05.50.4+NoICE+SDCCmods-WIP-R14
bank0,AF72,FUN_CODE_af72,match,7,0,,sdas8051 05.50.4+NoICE+SDCCmods-WIP-R14
bank0,AF7D,FUN_CODE_af7d,match,8,0,,sdas8051 05.50.4+NoICE+SDCCmods-WIP-R14
bank0,AF8A,FUN_CODE_af8a,match,44,0,,sdas8051 05.50.4+NoICE+SDCCmods-WIP-R14
bank0,AFCE,FUN_CODE_afce,match,19,0,,sdas8051 05.50.4+NoICE+SDCCmods-WIP-R14
bank0,AFF2,FUN_CODE_aff2,match,12,0,,sdas8051 05.50.4+NoICE+SDCCmods-WIP-R14
bank0,B008,FUN_CODE_b008,match,5,0,,sdas8051 05.50.4+NoICE+SDCCmods-WIP-R14
bank0,B012,FUN_CODE_b012,match,5,0,,sdas8051 05.50.4+NoICE+SDCCmods-WIP-R14
bank0,B01C,FUN_CODE_b01c,match,5,0,,sdas8051 05.50.4+NoICE+SDCCmods-WIP-R14
bank0,B026,FUN_CODE_b026,match,4,0,,sdas8051 05.50.4+NoICE+SDCCmods-WIP-R14
bank0,B02F,FUN_CODE_b02f,match,4,0,,sdas8051 05.50.4+NoICE+SDCCmods-WIP-R14
bank0,B038,FUN_CODE_b038,match,5,0,,sdas8051 05.50.4+NoICE+SDCCmods-WIP-R14
bank0,B053,FUN_CODE_b053,match,10,0,,sdas8051 05.50.4+NoICE+SDCCmods-WIP-R14
bank0,B065,FUN_CODE_b065,match,62,0,,sdas8051 05.50.4+NoICE+SDCCmods-WIP-R14
bank0,B0DC,FUN_CODE_b0dc,match,27,0,,sdas8051 05.50.4+NoICE+SDCCmods-WIP-R14
bank0,B112,check_0xB112,match,7,0,,sdas8051 05.50.4+NoICE+SDCCmods-WIP-R14
bank0,B12C,manual_ctrl_profile_gate,match,24,0,,sdas8051 05.50.4+NoICE+SDCCmods-WIP-R14
bank0,B158,charge_target_update,match,75,0,,sdas8051 05.50.4+NoICE+SDCCmods-WIP-R14
bank0,B1F0,charge_stress_update,partial,190,8,"8 of 198 instruction(s) unchecked, first: clr CY",sdas8051 05.50.4+NoICE+SDCCmods-WIP-R14
bank0,B35E,FUN_CODE_b35e,partial,28,2,"2 of 30 instruction(s) unchecked, first: clr CY",sdas8051 05.50.4+NoICE+SDCCmods-WIP-R14
bank0,B38D,FUN_CODE_b38d,match,1,0,,sdas8051 05.50.4+NoICE+SDCCmods-WIP-R14
bank0,B38E,FUN_CODE_b38e,partial,45,1,"1 of 46 instruction(s) unchecked, first: clr CY",sdas8051 05.50.4+NoICE+SDCCmods-WIP-R14
bank0,B3E4,FUN_CODE_b3e4,match,6,0,,sdas8051 05.50.4+NoICE+SDCCmods-WIP-R14
bank0,B3F0,FUN_CODE_b3f0,partial,17,2,"2 of 19 instruction(s) unchecked, first: clr CY",sdas8051 05.50.4+NoICE+SDCCmods-WIP-R14
bank0,B40C,FUN_CODE_b40c,partial,59,1,"1 of 60 instruction(s) unchecked, first: clr CY",sdas8051 05.50.4+NoICE+SDCCmods-WIP-R14
bank0,B461,FUN_CODE_b461,match,5,0,,sdas8051 05.50.4+NoICE+SDCCmods-WIP-R14
bank0,B46C,FUN_CODE_b46c,match,32,0,,sdas8051 05.50.4+NoICE+SDCCmods-WIP-R14
bank0,B4A8,FUN_CODE_b4a8,match,121,0,,sdas8051 05.50.4+NoICE+SDCCmods-WIP-R14
bank0,B5B2,FUN_CODE_b5b2,match,15,0,,sdas8051 05.50.4+NoICE+SDCCmods-WIP-R14
bank0,B5CC,FUN_CODE_b5cc,match,4,0,,sdas8051 05.50.4+NoICE+SDCCmods-WIP-R14
bank0,B5D2,FUN_CODE_b5d2,match,1,0,,sdas8051 05.50.4+NoICE+SDCCmods-WIP-R14
bank0,B5D3,FUN_CODE_b5d3,partial,148,4,"4 of 152 instruction(s) unchecked, first: movc A, @A+DPTR",sdas8051 05.50.4+NoICE+SDCCmods-WIP-R14
bank0,B716,FUN_CODE_b716,match,15,0,,sdas8051 05.50.4+NoICE+SDCCmods-WIP-R14
bank0,B730,FUN_CODE_b730,match,4,0,,sdas8051 05.50.4+NoICE+SDCCmods-WIP-R14
bank0,B736,FUN_CODE_b736,match,1,0,,sdas8051 05.50.4+NoICE+SDCCmods-WIP-R14
bank0,B737,FUN_CODE_b737,partial,114,5,"5 of 119 instruction(s) unchecked, first: movc A, @A+DPTR",sdas8051 05.50.4+NoICE+SDCCmods-WIP-R14
bank0,B82E,FUN_CODE_b82e,match,8,0,,sdas8051 05.50.4+NoICE+SDCCmods-WIP-R14
bank0,B83B,FUN_CODE_b83b,match,41,0,,sdas8051 05.50.4+NoICE+SDCCmods-WIP-R14
bank0,B889,FUN_CODE_b889,match,30,0,,sdas8051 05.50.4+NoICE+SDCCmods-WIP-R14
bank0,B8C0,FUN_CODE_b8c0,match,7,0,,sdas8051 05.50.4+NoICE+SDCCmods-WIP-R14
bank0,B8CD,FUN_CODE_b8cd,match,7,0,,sdas8051 05.50.4+NoICE+SDCCmods-WIP-R14
bank0,B8DA,FUN_CODE_b8da,match,7,0,,sdas8051 05.50.4+NoICE+SDCCmods-WIP-R14
bank0,B8E7,FUN_CODE_b8e7,match,7,0,,sdas8051 05.50.4+NoICE+SDCCmods-WIP-R14
bank0,B8F4,FUN_CODE_b8f4,match,7,0,,sdas8051 05.50.4+NoICE+SDCCmods-WIP-R14
bank0,B901,FUN_CODE_b901,assembler-gap,7,0,no bytes emitted at B901,sdas8051 05.50.4+NoICE+SDCCmods-WIP-R14
bank0,B90E,FUN_CODE_b90e,match,7,0,,sdas8051 05.50.4+NoICE+SDCCmods-WIP-R14
bank0,B91B,FUN_CODE_b91b,match,7,0,,sdas8051 05.50.4+NoICE+SDCCmods-WIP-R14
bank0,B928,FUN_CODE_b928,match,7,0,,sdas8051 05.50.4+NoICE+SDCCmods-WIP-R14
bank0,B935,FUN_CODE_b935,partial,1,1,"1 of 2 instruction(s) unchecked, first: movc A, @A+DPTR",sdas8051 05.50.4+NoICE+SDCCmods-WIP-R14
bank0,B939,FUN_CODE_b939,match,1,0,,sdas8051 05.50.4+NoICE+SDCCmods-WIP-R14
bank0,B93A,FUN_CODE_b93a,match,1,0,,sdas8051 05.50.4+NoICE+SDCCmods-WIP-R14
bank0,B93D,FUN_CODE_b93d,match,8,0,,sdas8051 05.50.4+NoICE+SDCCmods-WIP-R14
bank0,B947,FUN_CODE_b947,match,9,0,,sdas8051 05.50.4+NoICE+SDCCmods-WIP-R14
bank0,B955,FUN_CODE_b955,match,1,0,,sdas8051 05.50.4+NoICE+SDCCmods-WIP-R14
bank0,B958,FUN_CODE_b958,match,11,0,,sdas8051 05.50.4+NoICE+SDCCmods-WIP-R14
bank0,B965,FUN_CODE_b965,partial,23,1,"1 of 24 instruction(s) unchecked, first: clr CY",sdas8051 05.50.4+NoICE+SDCCmods-WIP-R14
bank0,B983,FUN_CODE_b983,match,1,0,,sdas8051 05.50.4+NoICE+SDCCmods-WIP-R14
bank0,B984,FUN_CODE_b984,match,1,0,,sdas8051 05.50.4+NoICE+SDCCmods-WIP-R14
bank0,B987,FUN_CODE_b987,match,2,0,,sdas8051 05.50.4+NoICE+SDCCmods-WIP-R14
bank0,B989,FUN_CODE_b989,match,5,0,,sdas8051 05.50.4+NoICE+SDCCmods-WIP-R14
bank0,B990,FUN_CODE_b990,match,2,0,,sdas8051 05.50.4+NoICE+SDCCmods-WIP-R14
bank0,B994,FUN_CODE_b994,assembler-gap,1,0,no bytes emitted at B994,sdas8051 05.50.4+NoICE+SDCCmods-WIP-R14
bank0,B995,FUN_CODE_b995,match,9,0,,sdas8051 05.50.4+NoICE+SDCCmods-WIP-R14
bank0,B9A4,FUN_CODE_b9a4,match,6,0,,sdas8051 05.50.4+NoICE+SDCCmods-WIP-R14
bank0,B9AE,FUN_CODE_b9ae,match,16,0,,sdas8051 05.50.4+NoICE+SDCCmods-WIP-R14
bank0,B9C6,FUN_CODE_b9c6,match,15,0,,sdas8051 05.50.4+NoICE+SDCCmods-WIP-R14
bank0,B9D8,FUN_CODE_b9d8,match,4,0,,sdas8051 05.50.4+NoICE+SDCCmods-WIP-R14
bank0,B9DF,FUN_CODE_b9df,match,5,0,,sdas8051 05.50.4+NoICE+SDCCmods-WIP-R14
bank0,B9EA,FUN_CODE_b9ea,match,2,0,,sdas8051 05.50.4+NoICE+SDCCmods-WIP-R14
bank0,B9EE,FUN_CODE_b9ee,match,7,0,,sdas8051 05.50.4+NoICE+SDCCmods-WIP-R14
bank0,B9F5,FUN_CODE_b9f5,assembler-gap,16,1,no bytes emitted at B9F5,sdas8051 05.50.4+NoICE+SDCCmods-WIP-R14
bank0,BA15,FUN_CODE_ba15,match,1,0,,sdas8051 05.50.4+NoICE+SDCCmods-WIP-R14
bank0,BA16,FUN_CODE_ba16,match,4,0,,sdas8051 05.50.4+NoICE+SDCCmods-WIP-R14
bank0,BA1C,FUN_CODE_ba1c,match,5,0,,sdas8051 05.50.4+NoICE+SDCCmods-WIP-R14
bank0,BA23,FUN_CODE_ba23,match,3,0,,sdas8051 05.50.4+NoICE+SDCCmods-WIP-R14
bank0,BA2A,FUN_CODE_ba2a,partial,8,1,"1 of 9 instruction(s) unchecked, first: movc A, @A+DPTR",sdas8051 05.50.4+NoICE+SDCCmods-WIP-R14
bank0,BA36,FUN_CODE_ba36,match,4,0,,sdas8051 05.50.4+NoICE+SDCCmods-WIP-R14
bank0,BA3D,FUN_CODE_ba3d,match,1,0,,sdas8051 05.50.4+NoICE+SDCCmods-WIP-R14
bank0,BA3E,FUN_CODE_ba3e,match,5,0,,sdas8051 05.50.4+NoICE+SDCCmods-WIP-R14
bank0,BA46,FUN_CODE_ba46,match,6,0,,sdas8051 05.50.4+NoICE+SDCCmods-WIP-R14
bank0,BA4F,FUN_CODE_ba4f,assembler-gap,23,1,no bytes emitted at BA4F,sdas8051 05.50.4+NoICE+SDCCmods-WIP-R14
bank0,BA6F,FUN_CODE_ba6f,partial,2,1,"1 of 3 instruction(s) unchecked, first: movc A, @A+DPTR",sdas8051 05.50.4+NoICE+SDCCmods-WIP-R14
bank0,BA74,FUN_CODE_ba74,match,1,0,,sdas8051 05.50.4+NoICE+SDCCmods-WIP-R14
bank0,BA77,FUN_CODE_ba77,match,8,0,,sdas8051 05.50.4+NoICE+SDCCmods-WIP-R14
bank0,BA81,FUN_CODE_ba81,partial,29,2,"2 of 31 instruction(s) unchecked, first: movc A, @A+DPTR",sdas8051 05.50.4+NoICE+SDCCmods-WIP-R14
bank0,BAAE,FUN_CODE_baae,match,11,0,,sdas8051 05.50.4+NoICE+SDCCmods-WIP-R14
bank0,BABF,FUN_CODE_babf,partial,14,1,"1 of 15 instruction(s) unchecked, first: movc A, @A+DPTR",sdas8051 05.50.4+NoICE+SDCCmods-WIP-R14
bank0,BAD3,FUN_CODE_bad3,assembler-gap,0,1,clr CY,sdas8051 05.50.4+NoICE+SDCCmods-WIP-R14
bank0,BAD4,FUN_CODE_bad4,match,5,0,,sdas8051 05.50.4+NoICE+SDCCmods-WIP-R14
bank0,BADB,FUN_CODE_badb,match,1,0,,sdas8051 05.50.4+NoICE+SDCCmods-WIP-R14
bank0,BADE,FUN_CODE_bade,assembler-gap,3,0,no bytes emitted at BADE,sdas8051 05.50.4+NoICE+SDCCmods-WIP-R14
bank0,BAE5,batt_temp_dK,match,1,0,,sdas8051 05.50.4+NoICE+SDCCmods-WIP-R14
bank0,BAE7,FUN_CODE_bae7,match,8,0,,sdas8051 05.50.4+NoICE+SDCCmods-WIP-R14
bank0,BAF4,FUN_CODE_baf4,match,9,0,,sdas8051 05.50.4+NoICE+SDCCmods-WIP-R14
bank0,BAFD,FUN_CODE_bafd,match,7,0,,sdas8051 05.50.4+NoICE+SDCCmods-WIP-R14
bank0,BB08,FUN_CODE_bb08,assembler-gap,6,0,no bytes emitted at BB08,sdas8051 05.50.4+NoICE+SDCCmods-WIP-R14
bank0,BB11,FUN_CODE_bb11,match,11,0,,sdas8051 05.50.4+NoICE+SDCCmods-WIP-R14
bank0,BB22,FUN_CODE_bb22,match,1,0,,sdas8051 05.50.4+NoICE+SDCCmods-WIP-R14
bank0,BB24,FUN_CODE_bb24,match,2,0,,sdas8051 05.50.4+NoICE+SDCCmods-WIP-R14
bank0,BB28,FUN_CODE_bb28,match,5,0,,sdas8051 05.50.4+NoICE+SDCCmods-WIP-R14
bank0,BB31,FUN_CODE_bb31,match,6,0,,sdas8051 05.50.4+NoICE+SDCCmods-WIP-R14
bank0,BB39,FUN_CODE_bb39,match,4,0,,sdas8051 05.50.4+NoICE+SDCCmods-WIP-R14
bank0,BB40,fan_mode_get,match,4,0,,sdas8051 05.50.4+NoICE+SDCCmods-WIP-R14
bank0,BB47,FUN_CODE_bb47,match,1,0,,sdas8051 05.50.4+NoICE+SDCCmods-WIP-R14
bank0,BB4A,FUN_CODE_bb4a,match,2,0,,sdas8051 05.50.4+NoICE+SDCCmods-WIP-R14
bank0,BB4D,FUN_CODE_bb4d,match,4,0,,sdas8051 05.50.4+NoICE+SDCCmods-WIP-R14
bank0,BB55,FUN_CODE_bb55,match,1,0,,sdas8051 05.50.4+NoICE+SDCCmods-WIP-R14
bank0,BB56,FUN_CODE_bb56,partial,5,1,"1 of 6 instruction(s) unchecked, first: movc A, @A+DPTR",sdas8051 05.50.4+NoICE+SDCCmods-WIP-R14
bank0,BB5E,FUN_CODE_bb5e,match,1,0,,sdas8051 05.50.4+NoICE+SDCCmods-WIP-R14
bank0,BB60,FUN_CODE_bb60,partial,6,1,"1 of 7 instruction(s) unchecked, first: movc A, @A+DPTR",sdas8051 05.50.4+NoICE+SDCCmods-WIP-R14
bank0,BB6A,FUN_CODE_bb6a,match,7,0,,sdas8051 05.50.4+NoICE+SDCCmods-WIP-R14
bank0,BB78,FUN_CODE_bb78,match,6,0,,sdas8051 05.50.4+NoICE+SDCCmods-WIP-R14
bank0,BB80,FUN_CODE_bb80,match,1,0,,sdas8051 05.50.4+NoICE+SDCCmods-WIP-R14
bank0,BB81,FUN_CODE_bb81,match,4,0,,sdas8051 05.50.4+NoICE+SDCCmods-WIP-R14
bank0,BB88,FUN_CODE_bb88,partial,4,1,"1 of 5 instruction(s) unchecked, first: clr CY",sdas8051 05.50.4+NoICE+SDCCmods-WIP-R14
bank0,BB90,store_be16_a,match,9,0,,sdas8051 05.50.4+NoICE+SDCCmods-WIP-R14
bank0,BB99,FUN_CODE_bb99,match,1,0,,sdas8051 05.50.4+NoICE+SDCCmods-WIP-R14
bank0,BB9A,FUN_CODE_bb9a,match,5,0,,sdas8051 05.50.4+NoICE+SDCCmods-WIP-R14
bank0,BBA4,FUN_CODE_bba4,match,4,0,,sdas8051 05.50.4+NoICE+SDCCmods-WIP-R14
bank0,BBAB,FUN_CODE_bbab,match,5,0,,sdas8051 05.50.4+NoICE+SDCCmods-WIP-R14
bank0,BBB3,FUN_CODE_bbb3,partial,5,1,"1 of 6 instruction(s) unchecked, first: movc A, @A+DPTR",sdas8051 05.50.4+NoICE+SDCCmods-WIP-R14
bank0,BBBD,FUN_CODE_bbbd,partial,5,1,"1 of 6 instruction(s) unchecked, first: movc A, @A+DPTR",sdas8051 05.50.4+NoICE+SDCCmods-WIP-R14
bank0,BBC7,FUN_CODE_bbc7,partial,12,1,"1 of 13 instruction(s) unchecked, first: clr CY",sdas8051 05.50.4+NoICE+SDCCmods-WIP-R14
bank0,BBDD,FUN_CODE_bbdd,match,1,0,,sdas8051 05.50.4+NoICE+SDCCmods-WIP-R14
bank0,BBDE,FUN_CODE_bbde,partial,5,1,"1 of 6 instruction(s) unchecked, first: movc A, @A+DPTR",sdas8051 05.50.4+NoICE+SDCCmods-WIP-R14
bank0,BBE6,FUN_CODE_bbe6,match,1,0,,sdas8051 05.50.4+NoICE+SDCCmods-WIP-R14
bank0,BBE9,FUN_CODE_bbe9,match,1,0,,sdas8051 05.50.4+NoICE+SDCCmods-WIP-R14
bank0,BBEA,FUN_CODE_bbea,match,6,0,,sdas8051 05.50.4+NoICE+SDCCmods-WIP-R14
bank0,BBF2,FUN_CODE_bbf2,partial,7,1,"1 of 8 instruction(s) unchecked, first: clr CY",sdas8051 05.50.4+NoICE+SDCCmods-WIP-R14
bank0,BBFE,FUN_CODE_bbfe,match,4,0,,sdas8051 05.50.4+NoICE+SDCCmods-WIP-R14
bank0,BC06,FUN_CODE_bc06,match,6,0,,sdas8051 05.50.4+NoICE+SDCCmods-WIP-R14
bank0,BC0E,FUN_CODE_bc0e,match,2,0,,sdas8051 05.50.4+NoICE+SDCCmods-WIP-R14
bank0,BC14,FUN_CODE_bc14,match,11,0,,sdas8051 05.50.4+NoICE+SDCCmods-WIP-R14
bank0,BC26,FUN_CODE_bc26,match,9,0,,sdas8051 05.50.4+NoICE+SDCCmods-WIP-R14
bank0,BC37,FUN_CODE_bc37,partial,5,1,"1 of 6 instruction(s) unchecked, first: movc A, @A+DPTR",sdas8051 05.50.4+NoICE+SDCCmods-WIP-R14
bank0,BC3F,FUN_CODE_bc3f,match,10,0,,sdas8051 05.50.4+NoICE+SDCCmods-WIP-R14
bank0,BC4F,fan_table_base_offset_helper,match,12,0,,sdas8051 05.50.4+NoICE+SDCCmods-WIP-R14
bank0,BC5F,FUN_CODE_bc5f,match,6,0,,sdas8051 05.50.4+NoICE+SDCCmods-WIP-R14
bank0,BC67,FUN_CODE_bc67,partial,5,1,"1 of 6 instruction(s) unchecked, first: movc A, @A+DPTR",sdas8051 05.50.4+NoICE+SDCCmods-WIP-R14
bank0,BC71,FUN_CODE_bc71,match,6,0,,sdas8051 05.50.4+NoICE+SDCCmods-WIP-R14
bank0,BC7B,FUN_CODE_bc7b,match,1,0,,sdas8051 05.50.4+NoICE+SDCCmods-WIP-R14
bank0,BC7E,FUN_CODE_bc7e,match,5,0,,sdas8051 05.50.4+NoICE+SDCCmods-WIP-R14
bank0,BC85,FUN_CODE_bc85,match,6,0,,sdas8051 05.50.4+NoICE+SDCCmods-WIP-R14
bank0,BC8D,cfg_cell_count_selector,match,5,0,,sdas8051 05.50.4+NoICE+SDCCmods-WIP-R14
bank0,BC95,FUN_CODE_bc95,partial,5,1,"1 of 6 instruction(s) unchecked, first: movc A, @A+DPTR",sdas8051 05.50.4+NoICE+SDCCmods-WIP-R14
bank0,BC9F,FUN_CODE_bc9f,match,7,0,,sdas8051 05.50.4+NoICE+SDCCmods-WIP-R14
bank0,BCA9,FUN_CODE_bca9,match,6,0,,sdas8051 05.50.4+NoICE+SDCCmods-WIP-R14
bank0,BCB1,FUN_CODE_bcb1,match,2,0,,sdas8051 05.50.4+NoICE+SDCCmods-WIP-R14
bank0,BCB6,FUN_CODE_bcb6,match,5,0,,sdas8051 05.50.4+NoICE+SDCCmods-WIP-R14
bank0,BCBD,FUN_CODE_bcbd,match,7,0,,sdas8051 05.50.4+NoICE+SDCCmods-WIP-R14
bank0,BCCB,FUN_CODE_bccb,match,10,0,,sdas8051 05.50.4+NoICE+SDCCmods-WIP-R14
bank0,BCDA,FUN_CODE_bcda,match,9,0,,sdas8051 05.50.4+NoICE+SDCCmods-WIP-R14
bank0,BCE9,FUN_CODE_bce9,partial,3,1,"1 of 4 instruction(s) unchecked, first: movc A, @A+DPTR",sdas8051 05.50.4+NoICE+SDCCmods-WIP-R14
bank0,BCEE,FUN_CODE_bcee,partial,4,1,"1 of 5 instruction(s) unchecked, first: movc A, @A+DPTR",sdas8051 05.50.4+NoICE+SDCCmods-WIP-R14
bank0,BCF5,stress_headroom,match,12,0,,sdas8051 05.50.4+NoICE+SDCCmods-WIP-R14
bank0,BD03,FUN_CODE_bd03,assembler-gap,9,0,no bytes emitted at BD03,sdas8051 05.50.4+NoICE+SDCCmods-WIP-R14
bank0,BD12,FUN_CODE_bd12,match,9,0,,sdas8051 05.50.4+NoICE+SDCCmods-WIP-R14
bank0,BD20,FUN_CODE_bd20,match,5,0,,sdas8051 05.50.4+NoICE+SDCCmods-WIP-R14
bank0,BD29,FUN_CODE_bd29,match,3,0,,sdas8051 05.50.4+NoICE+SDCCmods-WIP-R14
bank0,BD2D,FUN_CODE_bd2d,partial,6,1,"1 of 7 instruction(s) unchecked, first: clr CY",sdas8051 05.50.4+NoICE+SDCCmods-WIP-R14
bank0,BD34,FUN_CODE_bd34,partial,6,1,"1 of 7 instruction(s) unchecked, first: clr CY",sdas8051 05.50.4+NoICE+SDCCmods-WIP-R14
bank0,BD3D,FUN_CODE_bd3d,partial,6,1,"1 of 7 instruction(s) unchecked, first: clr CY",sdas8051 05.50.4+NoICE+SDCCmods-WIP-R14
bank0,BD46,FUN_CODE_bd46,match,8,0,,sdas8051 05.50.4+NoICE+SDCCmods-WIP-R14
bank0,BD54,store_be16_b,match,9,0,,sdas8051 05.50.4+NoICE+SDCCmods-WIP-R14
bank0,BD5D,FUN_CODE_bd5d,partial,7,1,"1 of 8 instruction(s) unchecked, first: clr CY",sdas8051 05.50.4+NoICE+SDCCmods-WIP-R14
bank0,BD6B,FUN_CODE_bd6b,partial,7,1,"1 of 8 instruction(s) unchecked, first: clr CY",sdas8051 05.50.4+NoICE+SDCCmods-WIP-R14
bank0,BD79,FUN_CODE_bd79,match,2,0,,sdas8051 05.50.4+NoICE+SDCCmods-WIP-R14
bank0,BD7F,FUN_CODE_bd7f,match,6,0,,sdas8051 05.50.4+NoICE+SDCCmods-WIP-R14
bank0,BD8B,tier_250_eligible,match,7,0,,sdas8051 05.50.4+NoICE+SDCCmods-WIP-R14
bank0,BD98,tier_200_eligible,match,7,0,,sdas8051 05.50.4+NoICE+SDCCmods-WIP-R14
bank0,BDA5,FUN_CODE_bda5,match,1,0,,sdas8051 05.50.4+NoICE+SDCCmods-WIP-R14
bank0,BDA6,FUN_CODE_bda6,partial,5,1,"1 of 6 instruction(s) unchecked, first: movc A, @A+DPTR",sdas8051 05.50.4+NoICE+SDCCmods-WIP-R14
bank0,BDAE,FUN_CODE_bdae,match,6,0,,sdas8051 05.50.4+NoICE+SDCCmods-WIP-R14
bank0,BDBA,FUN_CODE_bdba,match,6,0,,sdas8051 05.50.4+NoICE+SDCCmods-WIP-R14
bank0,BDC6,FUN_CODE_bdc6,match,6,0,,sdas8051 05.50.4+NoICE+SDCCmods-WIP-R14
bank0,BDD2,FUN_CODE_bdd2,match,6,0,,sdas8051 05.50.4+NoICE+SDCCmods-WIP-R14
bank0,BDDA,FUN_CODE_bdda,partial,9,1,"1 of 10 instruction(s) unchecked, first: movc A, @A+DPTR",sdas8051 05.50.4+NoICE+SDCCmods-WIP-R14
bank0,BDE6,FUN_CODE_bde6,match,8,0,,sdas8051 05.50.4+NoICE+SDCCmods-WIP-R14
bank0,BDF2,FUN_CODE_bdf2,match,6,0,,sdas8051 05.50.4+NoICE+SDCCmods-WIP-R14
bank0,BDFA,FUN_CODE_bdfa,match,5,0,,sdas8051 05.50.4+NoICE+SDCCmods-WIP-R14
bank0,BE02,FUN_CODE_be02,match,5,0,,sdas8051 05.50.4+NoICE+SDCCmods-WIP-R14
bank0,BE0D,FUN_CODE_be0d,match,5,0,,sdas8051 05.50.4+NoICE+SDCCmods-WIP-R14
bank0,BE15,FUN_CODE_be15,match,8,0,,sdas8051 05.50.4+NoICE+SDCCmods-WIP-R14
bank0,BE21,FUN_CODE_be21,match,5,0,,sdas8051 05.50.4+NoICE+SDCCmods-WIP-R14
bank0,BE2A,FUN_CODE_be2a,match,6,0,,sdas8051 05.50.4+NoICE+SDCCmods-WIP-R14
bank0,BE32,FUN_CODE_be32,match,6,0,,sdas8051 05.50.4+NoICE+SDCCmods-WIP-R14
bank0,BE3A,FUN_CODE_be3a,match,6,0,,sdas8051 05.50.4+NoICE+SDCCmods-WIP-R14
bank0,BE42,FUN_CODE_be42,match,6,0,,sdas8051 05.50.4+NoICE+SDCCmods-WIP-R14
bank0,BE4A,FUN_CODE_be4a,match,6,0,,sdas8051 05.50.4+NoICE+SDCCmods-WIP-R14
bank0,BE52,FUN_CODE_be52,match,7,0,,sdas8051 05.50.4+NoICE+SDCCmods-WIP-R14
bank0,BE5D,FUN_CODE_be5d,match,8,0,,sdas8051 05.50.4+NoICE+SDCCmods-WIP-R14
bank0,BE68,FUN_CODE_be68,match,7,0,,sdas8051 05.50.4+NoICE+SDCCmods-WIP-R14
bank0,BE73,FUN_CODE_be73,match,7,0,,sdas8051 05.50.4+NoICE+SDCCmods-WIP-R14
bank0,BE7E,FUN_CODE_be7e,match,5,0,,sdas8051 05.50.4+NoICE+SDCCmods-WIP-R14
bank0,BE88,FUN_CODE_be88,match,5,0,,sdas8051 05.50.4+NoICE+SDCCmods-WIP-R14
bank0,BE92,FUN_CODE_be92,match,5,0,,sdas8051 05.50.4+NoICE+SDCCmods-WIP-R14
bank0,BE9C,FUN_CODE_be9c,match,4,0,,sdas8051 05.50.4+NoICE+SDCCmods-WIP-R14
bank0,BEA3,FUN_CODE_bea3,partial,4,1,"1 of 5 instruction(s) unchecked, first: clr CY",sdas8051 05.50.4+NoICE+SDCCmods-WIP-R14
bank0,BEAA,FUN_CODE_beaa,match,6,0,,sdas8051 05.50.4+NoICE+SDCCmods-WIP-R14
bank0,BEB4,FUN_CODE_beb4,match,7,0,,sdas8051 05.50.4+NoICE+SDCCmods-WIP-R14
bank0,BEBE,FUN_CODE_bebe,match,6,0,,sdas8051 05.50.4+NoICE+SDCCmods-WIP-R14
bank0,BEC8,FUN_CODE_bec8,partial,5,1,"1 of 6 instruction(s) unchecked, first: movc A, @A+DPTR",sdas8051 05.50.4+NoICE+SDCCmods-WIP-R14
bank0,BED2,FUN_CODE_bed2,partial,5,1,"1 of 6 instruction(s) unchecked, first: movc A, @A+DPTR",sdas8051 05.50.4+NoICE+SDCCmods-WIP-R14
bank0,BEDC,FUN_CODE_bedc,partial,5,1,"1 of 6 instruction(s) unchecked, first: movc A, @A+DPTR",sdas8051 05.50.4+NoICE+SDCCmods-WIP-R14
bank0,BEE6,FUN_CODE_bee6,partial,5,1,"1 of 6 instruction(s) unchecked, first: movc A, @A+DPTR",sdas8051 05.50.4+NoICE+SDCCmods-WIP-R14
bank0,BEF0,FUN_CODE_bef0,match,4,0,,sdas8051 05.50.4+NoICE+SDCCmods-WIP-R14
bank0,BEF7,FUN_CODE_bef7,match,4,0,,sdas8051 05.50.4+NoICE+SDCCmods-WIP-R14
bank0,BEFE,FUN_CODE_befe,match,6,0,,sdas8051 05.50.4+NoICE+SDCCmods-WIP-R14
bank0,BF08,FUN_CODE_bf08,match,6,0,,sdas8051 05.50.4+NoICE+SDCCmods-WIP-R14
bank0,BF12,FUN_CODE_bf12,match,6,0,,sdas8051 05.50.4+NoICE+SDCCmods-WIP-R14
bank0,BFDE,FUN_CODE_bfde,partial,28,3,"3 of 31 instruction(s) unchecked, first: movc A, @A+DPTR",sdas8051 05.50.4+NoICE+SDCCmods-WIP-R14
bank0,C016,FUN_CODE_c016,match,4,0,,sdas8051 05.50.4+NoICE+SDCCmods-WIP-R14
bank0,C01C,FUN_CODE_c01c,match,5,0,,sdas8051 05.50.4+NoICE+SDCCmods-WIP-R14
bank0,C030,FUN_CODE_c030,match,7,0,,sdas8051 05.50.4+NoICE+SDCCmods-WIP-R14
bank0,C03C,FUN_CODE_c03c,match,13,0,,sdas8051 05.50.4+NoICE+SDCCmods-WIP-R14
bank0,C058,FUN_CODE_c058,match,8,0,,sdas8051 05.50.4+NoICE+SDCCmods-WIP-R14
bank0,C066,FUN_CODE_c066,match,5,0,,sdas8051 05.50.4+NoICE+SDCCmods-WIP-R14
bank0,C06E,FUN_CODE_c06e,match,5,0,,sdas8051 05.50.4+NoICE+SDCCmods-WIP-R14
bank0,C076,FUN_CODE_c076,match,5,0,,sdas8051 05.50.4+NoICE+SDCCmods-WIP-R14
bank0,C07E,FUN_CODE_c07e,match,5,0,,sdas8051 05.50.4+NoICE+SDCCmods-WIP-R14
bank0,C086,FUN_CODE_c086,match,7,0,,sdas8051 05.50.4+NoICE+SDCCmods-WIP-R14
bank0,C096,FUN_CODE_c096,match,2,0,,sdas8051 05.50.4+NoICE+SDCCmods-WIP-R14
bank0,C09C,FUN_CODE_c09c,match,2,0,,sdas8051 05.50.4+NoICE+SDCCmods-WIP-R14
bank0,C0A2,FUN_CODE_c0a2,match,6,0,,sdas8051 05.50.4+NoICE+SDCCmods-WIP-R14
bank0,C0AD,FUN_CODE_c0ad,match,6,0,,sdas8051 05.50.4+NoICE+SDCCmods-WIP-R14
bank0,C0B8,FUN_CODE_c0b8,match,9,0,,sdas8051 05.50.4+NoICE+SDCCmods-WIP-R14
bank0,C0C9,FUN_CODE_c0c9,match,9,0,,sdas8051 05.50.4+NoICE+SDCCmods-WIP-R14
bank0,C0DA,FUN_CODE_c0da,match,7,0,,sdas8051 05.50.4+NoICE+SDCCmods-WIP-R14
bank0,C0E7,FUN_CODE_c0e7,match,7,0,,sdas8051 05.50.4+NoICE+SDCCmods-WIP-R14
bank0,C124,FUN_CODE_c124,match,5,0,,sdas8051 05.50.4+NoICE+SDCCmods-WIP-R14
bank0,C12C,FUN_CODE_c12c,match,5,0,,sdas8051 05.50.4+NoICE+SDCCmods-WIP-R14
bank0,C154,FUN_CODE_c154,match,5,0,,sdas8051 05.50.4+NoICE+SDCCmods-WIP-R14
bank0,C15C,FUN_CODE_c15c,match,5,0,,sdas8051 05.50.4+NoICE+SDCCmods-WIP-R14
bank0,C174,FUN_CODE_c174,match,5,0,,sdas8051 05.50.4+NoICE+SDCCmods-WIP-R14
bank0,C191,FUN_CODE_c191,match,5,0,,sdas8051 05.50.4+NoICE+SDCCmods-WIP-R14
bank0,C199,FUN_CODE_c199,match,5,0,,sdas8051 05.50.4+NoICE+SDCCmods-WIP-R14
bank0,C1B1,FUN_CODE_c1b1,match,7,0,,sdas8051 05.50.4+NoICE+SDCCmods-WIP-R14
bank0,C1BE,FUN_CODE_c1be,match,7,0,,sdas8051 05.50.4+NoICE+SDCCmods-WIP-R14
bank0,C1CB,FUN_CODE_c1cb,match,7,0,,sdas8051 05.50.4+NoICE+SDCCmods-WIP-R14
bank0,C1E7,FUN_CODE_c1e7,match,7,0,,sdas8051 05.50.4+NoICE+SDCCmods-WIP-R14
bank0,C201,FUN_CODE_c201,match,5,0,,sdas8051 05.50.4+NoICE+SDCCmods-WIP-R14
bank0,C209,FUN_CODE_c209,match,5,0,,sdas8051 05.50.4+NoICE+SDCCmods-WIP-R14
bank0,C224,FUN_CODE_c224,match,7,0,,sdas8051 05.50.4+NoICE+SDCCmods-WIP-R14
bank0,C241,FUN_CODE_c241,match,5,0,,sdas8051 05.50.4+NoICE+SDCCmods-WIP-R14
bank0,C249,FUN_CODE_c249,match,5,0,,sdas8051 05.50.4+NoICE+SDCCmods-WIP-R14
bank0,C251,FUN_CODE_c251,match,7,0,,sdas8051 05.50.4+NoICE+SDCCmods-WIP-R14
bank0,C25E,FUN_CODE_c25e,match,5,0,,sdas8051 05.50.4+NoICE+SDCCmods-WIP-R14
bank0,C266,FUN_CODE_c266,match,5,0,,sdas8051 05.50.4+NoICE+SDCCmods-WIP-R14
bank0,C26E,FUN_CODE_c26e,assembler-gap,12,0,no bytes emitted at C26E,sdas8051 05.50.4+NoICE+SDCCmods-WIP-R14
bank0,C295,FUN_CODE_c295,match,7,0,,sdas8051 05.50.4+NoICE+SDCCmods-WIP-R14
bank0,C2A2,FUN_CODE_c2a2,match,5,0,,sdas8051 05.50.4+NoICE+SDCCmods-WIP-R14
bank0,C2AA,FUN_CODE_c2aa,match,5,0,,sdas8051 05.50.4+NoICE+SDCCmods-WIP-R14
bank0,C2BA,FUN_CODE_c2ba,match,5,0,,sdas8051 05.50.4+NoICE+SDCCmods-WIP-R14
bank0,C2CF,FUN_CODE_c2cf,match,5,0,,sdas8051 05.50.4+NoICE+SDCCmods-WIP-R14
bank0,C2F7,FUN_CODE_c2f7,match,5,0,,sdas8051 05.50.4+NoICE+SDCCmods-WIP-R14
bank0,C2FF,FUN_CODE_c2ff,match,5,0,,sdas8051 05.50.4+NoICE+SDCCmods-WIP-R14
bank0,C307,FUN_CODE_c307,assembler-gap,5,0,no bytes emitted at C307,sdas8051 05.50.4+NoICE+SDCCmods-WIP-R14
bank0,C30F,FUN_CODE_c30f,match,5,0,,sdas8051 05.50.4+NoICE+SDCCmods-WIP-R14
bank0,C317,FUN_CODE_c317,match,5,0,,sdas8051 05.50.4+NoICE+SDCCmods-WIP-R14
bank0,C31F,FUN_CODE_c31f,match,7,0,,sdas8051 05.50.4+NoICE+SDCCmods-WIP-R14
bank0,C333,FUN_CODE_c333,match,1,0,,sdas8051 05.50.4+NoICE+SDCCmods-WIP-R14
bank0,C349,FUN_CODE_c349,assembler-gap,7,0,no bytes emitted at C349,sdas8051 05.50.4+NoICE+SDCCmods-WIP-R14
bank0,C356,FUN_CODE_c356,match,7,0,,sdas8051 05.50.4+NoICE+SDCCmods-WIP-R14
bank0,C363,FUN_CODE_c363,match,4,0,,sdas8051 05.50.4+NoICE+SDCCmods-WIP-R14
bank0,C36A,FUN_CODE_c36a,match,4,0,,sdas8051 05.50.4+NoICE+SDCCmods-WIP-R14
bank0,C371,FUN_CODE_c371,match,5,0,,sdas8051 05.50.4+NoICE+SDCCmods-WIP-R14
bank0,C389,FUN_CODE_c389,match,5,0,,sdas8051 05.50.4+NoICE+SDCCmods-WIP-R14
bank0,C39E,FUN_CODE_c39e,match,5,0,,sdas8051 05.50.4+NoICE+SDCCmods-WIP-R14
bank0,C3A6,FUN_CODE_c3a6,match,5,0,,sdas8051 05.50.4+NoICE+SDCCmods-WIP-R14
bank0,C3AE,FUN_CODE_c3ae,match,28,0,,sdas8051 05.50.4+NoICE+SDCCmods-WIP-R14
bank0,C412,FUN_CODE_c412,match,7,0,,sdas8051 05.50.4+NoICE+SDCCmods-WIP-R14
bank0,C43F,FUN_CODE_c43f,assembler-gap,8,0,no bytes emitted at C43F,sdas8051 05.50.4+NoICE+SDCCmods-WIP-R14
bank0,C44D,FUN_CODE_c44d,match,8,0,,sdas8051 05.50.4+NoICE+SDCCmods-WIP-R14
bank0,C468,FUN_CODE_c468,match,5,0,,sdas8051 05.50.4+NoICE+SDCCmods-WIP-R14
bank0,C470,FUN_CODE_c470,match,5,0,,sdas8051 05.50.4+NoICE+SDCCmods-WIP-R14
bank0,C478,FUN_CODE_c478,match,12,0,,sdas8051 05.50.4+NoICE+SDCCmods-WIP-R14
bank0,C48F,FUN_CODE_c48f,match,5,0,,sdas8051 05.50.4+NoICE+SDCCmods-WIP-R14
bank0,C497,FUN_CODE_c497,match,5,0,,sdas8051 05.50.4+NoICE+SDCCmods-WIP-R14
bank0,C49F,FUN_CODE_c49f,match,5,0,,sdas8051 05.50.4+NoICE+SDCCmods-WIP-R14
bank0,C4A7,FUN_CODE_c4a7,match,5,0,,sdas8051 05.50.4+NoICE+SDCCmods-WIP-R14
bank0,C4AF,FUN_CODE_c4af,match,5,0,,sdas8051 05.50.4+NoICE+SDCCmods-WIP-R14
bank0,C4C9,FUN_CODE_c4c9,match,5,0,,sdas8051 05.50.4+NoICE+SDCCmods-WIP-R14
bank0,C4D1,FUN_CODE_c4d1,match,5,0,,sdas8051 05.50.4+NoICE+SDCCmods-WIP-R14
bank0,C4D9,FUN_CODE_c4d9,match,7,0,,sdas8051 05.50.4+NoICE+SDCCmods-WIP-R14
bank0,C4F0,FUN_CODE_c4f0,match,5,0,,sdas8051 05.50.4+NoICE+SDCCmods-WIP-R14
bank0,C4F8,FUN_CODE_c4f8,match,4,0,,sdas8051 05.50.4+NoICE+SDCCmods-WIP-R14
bank0,C55F,FUN_CODE_c55f,match,49,0,,sdas8051 05.50.4+NoICE+SDCCmods-WIP-R14
bank0,C5BD,FUN_CODE_c5bd,partial,47,2,"2 of 49 instruction(s) unchecked, first: clr CY",sdas8051 05.50.4+NoICE+SDCCmods-WIP-R14
bank0,C8C5,FUN_CODE_c8c5,match,56,0,,sdas8051 05.50.4+NoICE+SDCCmods-WIP-R14
bank0,C9FF,FUN_CODE_c9ff,match,19,0,,sdas8051 05.50.4+NoICE+SDCCmods-WIP-R14
bank0,CA1D,FUN_CODE_ca1d,match,1,0,,sdas8051 05.50.4+NoICE+SDCCmods-WIP-R14
bank0,CA1E,FUN_CODE_ca1e,match,9,0,,sdas8051 05.50.4+NoICE+SDCCmods-WIP-R14
bank0,CA2D,FUN_CODE_ca2d,match,7,0,,sdas8051 05.50.4+NoICE+SDCCmods-WIP-R14
bank0,CA39,FUN_CODE_ca39,match,2,0,,sdas8051 05.50.4+NoICE+SDCCmods-WIP-R14
bank0,CA3C,FUN_CODE_ca3c,match,5,0,,sdas8051 05.50.4+NoICE+SDCCmods-WIP-R14
bank0,CA44,FUN_CODE_ca44,match,4,0,,sdas8051 05.50.4+NoICE+SDCCmods-WIP-R14
bank0,CA4C,FUN_CODE_ca4c,match,4,0,,sdas8051 05.50.4+NoICE+SDCCmods-WIP-R14
bank0,CA53,FUN_CODE_ca53,match,32,0,,sdas8051 05.50.4+NoICE+SDCCmods-WIP-R14
bank0,CC3D,FUN_CODE_cc3d,match,10,0,,sdas8051 05.50.4+NoICE+SDCCmods-WIP-R14
bank0,CC51,FUN_CODE_cc51,match,10,0,,sdas8051 05.50.4+NoICE+SDCCmods-WIP-R14
bank0,CCFC,FUN_CODE_ccfc,match,70,0,,sdas8051 05.50.4+NoICE+SDCCmods-WIP-R14
bank0,CDC3,FUN_CODE_cdc3,match,19,0,,sdas8051 05.50.4+NoICE+SDCCmods-WIP-R14
bank0,CDE4,FUN_CODE_cde4,partial,45,2,"2 of 47 instruction(s) unchecked, first: clr CY",sdas8051 05.50.4+NoICE+SDCCmods-WIP-R14
bank0,CE37,FUN_CODE_ce37,partial,55,2,"2 of 57 instruction(s) unchecked, first: clr CY",sdas8051 05.50.4+NoICE+SDCCmods-WIP-R14
bank0,CE9E,FUN_CODE_ce9e,match,2,0,,sdas8051 05.50.4+NoICE+SDCCmods-WIP-R14
bank0,CEA2,FUN_CODE_cea2,partial,37,2,"2 of 39 instruction(s) unchecked, first: clr CY",sdas8051 05.50.4+NoICE+SDCCmods-WIP-R14
bank0,CEE9,FUN_CODE_cee9,partial,49,2,"2 of 51 instruction(s) unchecked, first: clr CY",sdas8051 05.50.4+NoICE+SDCCmods-WIP-R14
bank0,CF48,FUN_CODE_cf48,match,41,0,,sdas8051 05.50.4+NoICE+SDCCmods-WIP-R14
bank0,CF96,FUN_CODE_cf96,match,12,0,,sdas8051 05.50.4+NoICE+SDCCmods-WIP-R14
bank0,CFB4,thunk_FUN_CODE_18b2,match,1,0,,sdas8051 05.50.4+NoICE+SDCCmods-WIP-R14
bank0,CFB7,thunk_FUN_CODE_18b8,match,1,0,,sdas8051 05.50.4+NoICE+SDCCmods-WIP-R14
bank0,CFBA,thunk_FUN_CODE_18be,match,1,0,,sdas8051 05.50.4+NoICE+SDCCmods-WIP-R14
bank0,CFBD,FUN_CODE_cfbd,match,2,0,,sdas8051 05.50.4+NoICE+SDCCmods-WIP-R14
bank0,CFC6,FUN_CODE_cfc6,match,25,0,,sdas8051 05.50.4+NoICE+SDCCmods-WIP-R14
bank0,CFF6,FUN_CODE_cff6,assembler-gap,8,0,no bytes emitted at CFF6,sdas8051 05.50.4+NoICE+SDCCmods-WIP-R14
bank0,D005,FUN_CODE_d005,partial,13,2,"2 of 15 instruction(s) unchecked, first: movc A, @A+DPTR",sdas8051 05.50.4+NoICE+SDCCmods-WIP-R14
bank0,D01A,FUN_CODE_d01a,match,8,0,,sdas8051 05.50.4+NoICE+SDCCmods-WIP-R14
bank0,D029,FUN_CODE_d029,partial,9,2,"2 of 11 instruction(s) unchecked, first: movc A, @A+DPTR",sdas8051 05.50.4+NoICE+SDCCmods-WIP-R14
bank0,D038,FUN_CODE_d038,match,5,0,,sdas8051 05.50.4+NoICE+SDCCmods-WIP-R14
bank0,D041,FUN_CODE_d041,match,2,0,,sdas8051 05.50.4+NoICE+SDCCmods-WIP-R14
bank0,D045,FUN_CODE_d045,match,10,0,,sdas8051 05.50.4+NoICE+SDCCmods-WIP-R14
bank0,D053,FUN_CODE_d053,match,8,0,,sdas8051 05.50.4+NoICE+SDCCmods-WIP-R14
bank0,D05D,FUN_CODE_d05d,match,5,0,,sdas8051 05.50.4+NoICE+SDCCmods-WIP-R14
bank0,D065,FUN_CODE_d065,match,10,0,,sdas8051 05.50.4+NoICE+SDCCmods-WIP-R14
bank0,D078,FUN_CODE_d078,match,8,0,,sdas8051 05.50.4+NoICE+SDCCmods-WIP-R14
bank0,D084,FUN_CODE_d084,match,4,0,,sdas8051 05.50.4+NoICE+SDCCmods-WIP-R14
bank0,D091,FUN_CODE_d091,assembler-gap,129,8,no bytes emitted at D091,sdas8051 05.50.4+NoICE+SDCCmods-WIP-R14
bank0,D236,FUN_CODE_d236,match,11,0,,sdas8051 05.50.4+NoICE+SDCCmods-WIP-R14
bank0,D27A,FUN_CODE_d27a,match,4,0,,sdas8051 05.50.4+NoICE+SDCCmods-WIP-R14
bank0,D281,FUN_CODE_d281,match,1,0,,sdas8051 05.50.4+NoICE+SDCCmods-WIP-R14
bank0,D284,FUN_CODE_d284,match,3,0,,sdas8051 05.50.4+NoICE+SDCCmods-WIP-R14
bank0,D289,FUN_CODE_d289,assembler-gap,3,0,no bytes emitted at D289,sdas8051 05.50.4+NoICE+SDCCmods-WIP-R14
bank0,D28E,FUN_CODE_d28e,match,24,0,,sdas8051 05.50.4+NoICE+SDCCmods-WIP-R14
bank0,D2BE,FUN_CODE_d2be,match,1,0,,sdas8051 05.50.4+NoICE+SDCCmods-WIP-R14
bank0,D2BF,FUN_CODE_d2bf,match,1,0,,sdas8051 05.50.4+NoICE+SDCCmods-WIP-R14
bank0,D2C2,FUN_CODE_d2c2,match,6,0,,sdas8051 05.50.4+NoICE+SDCCmods-WIP-R14
bank0,D2CB,FUN_CODE_d2cb,match,3,0,,sdas8051 05.50.4+NoICE+SDCCmods-WIP-R14
bank0,D2D2,FUN_CODE_d2d2,match,5,0,,sdas8051 05.50.4+NoICE+SDCCmods-WIP-R14
bank0,D2DA,FUN_CODE_d2da,match,11,0,,sdas8051 05.50.4+NoICE+SDCCmods-WIP-R14
bank0,D2EF,FUN_CODE_d2ef,match,11,0,,sdas8051 05.50.4+NoICE+SDCCmods-WIP-R14
bank0,D304,FUN_CODE_d304,match,11,0,,sdas8051 05.50.4+NoICE+SDCCmods-WIP-R14
bank0,D319,FUN_CODE_d319,match,4,0,,sdas8051 05.50.4+NoICE+SDCCmods-WIP-R14
bank0,D320,FUN_CODE_d320,match,30,0,,sdas8051 05.50.4+NoICE+SDCCmods-WIP-R14
bank0,D358,FUN_CODE_d358,match,28,0,,sdas8051 05.50.4+NoICE+SDCCmods-WIP-R14
bank0,D389,FUN_CODE_d389,match,40,0,,sdas8051 05.50.4+NoICE+SDCCmods-WIP-R14
bank0,D3C8,FUN_CODE_d3c8,match,19,0,,sdas8051 05.50.4+NoICE+SDCCmods-WIP-R14
bank0,D433,FUN_CODE_d433,match,1,0,,sdas8051 05.50.4+NoICE+SDCCmods-WIP-R14
bank0,D434,FUN_CODE_d434,partial,41,2,"2 of 43 instruction(s) unchecked, first: acall 0xd4d4",sdas8051 05.50.4+NoICE+SDCCmods-WIP-R14
bank0,D4D4,thunk_FUN_CODE_1906,match,1,0,,sdas8051 05.50.4+NoICE+SDCCmods-WIP-R14
bank0,D567,FUN_CODE_d567,match,14,0,,sdas8051 05.50.4+NoICE+SDCCmods-WIP-R14
bank0,D57B,FUN_CODE_d57b,match,12,0,,sdas8051 05.50.4+NoICE+SDCCmods-WIP-R14
bank0,D58E,FUN_CODE_d58e,match,18,0,,sdas8051 05.50.4+NoICE+SDCCmods-WIP-R14
bank0,D5A6,FUN_CODE_d5a6,match,25,0,,sdas8051 05.50.4+NoICE+SDCCmods-WIP-R14
bank0,D5D4,FUN_CODE_d5d4,match,3,0,,sdas8051 05.50.4+NoICE+SDCCmods-WIP-R14
bank0,D5DB,FUN_CODE_d5db,match,78,0,,sdas8051 05.50.4+NoICE+SDCCmods-WIP-R14
bank0,D673,FUN_CODE_d673,match,36,0,,sdas8051 05.50.4+NoICE+SDCCmods-WIP-R14
bank0,D6C0,FUN_CODE_d6c0,match,5,0,,sdas8051 05.50.4+NoICE+SDCCmods-WIP-R14
bank0,D6C9,FUN_CODE_d6c9,match,5,0,,sdas8051 05.50.4+NoICE+SDCCmods-WIP-R14
bank0,D6D4,FUN_CODE_d6d4,match,7,0,,sdas8051 05.50.4+NoICE+SDCCmods-WIP-R14
bank0,D6DF,FUN_CODE_d6df,match,7,0,,sdas8051 05.50.4+NoICE+SDCCmods-WIP-R14
bank0,D6EA,FUN_CODE_d6ea,match,3,0,,sdas8051 05.50.4+NoICE+SDCCmods-WIP-R14
bank0,D6EF,FUN_CODE_d6ef,match,3,0,,sdas8051 05.50.4+NoICE+SDCCmods-WIP-R14
bank0,D6F4,FUN_CODE_d6f4,match,19,0,,sdas8051 05.50.4+NoICE+SDCCmods-WIP-R14
bank0,D722,FUN_CODE_d722,match,3,0,,sdas8051 05.50.4+NoICE+SDCCmods-WIP-R14
bank0,D72B,FUN_CODE_d72b,match,12,0,,sdas8051 05.50.4+NoICE+SDCCmods-WIP-R14
bank0,D73D,FUN_CODE_d73d,match,12,0,,sdas8051 05.50.4+NoICE+SDCCmods-WIP-R14
bank0,D74F,FUN_CODE_d74f,match,4,0,,sdas8051 05.50.4+NoICE+SDCCmods-WIP-R14
bank0,D757,FUN_CODE_d757,partial,131,2,"2 of 133 instruction(s) unchecked, first: mov CY, 0xe0",sdas8051 05.50.4+NoICE+SDCCmods-WIP-R14
bank0,D872,FUN_CODE_d872,assembler-gap,13,2,no bytes emitted at D872,sdas8051 05.50.4+NoICE+SDCCmods-WIP-R14
bank0,D889,FUN_CODE_d889,match,7,0,,sdas8051 05.50.4+NoICE+SDCCmods-WIP-R14
bank0,D894,FUN_CODE_d894,match,7,0,,sdas8051 05.50.4+NoICE+SDCCmods-WIP-R14
bank0,D927,FUN_CODE_d927,match,17,0,,sdas8051 05.50.4+NoICE+SDCCmods-WIP-R14
bank0,D946,FUN_CODE_d946,match,21,0,,sdas8051 05.50.4+NoICE+SDCCmods-WIP-R14
bank0,D991,FUN_CODE_d991,match,40,0,,sdas8051 05.50.4+NoICE+SDCCmods-WIP-R14
bank0,D9D2,FUN_CODE_d9d2,match,9,0,,sdas8051 05.50.4+NoICE+SDCCmods-WIP-R14
bank0,D9DB,FUN_CODE_d9db,match,1,0,,sdas8051 05.50.4+NoICE+SDCCmods-WIP-R14
bank0,D9DC,FUN_CODE_d9dc,match,16,0,,sdas8051 05.50.4+NoICE+SDCCmods-WIP-R14
bank0,D9FE,FUN_CODE_d9fe,match,102,0,,sdas8051 05.50.4+NoICE+SDCCmods-WIP-R14
bank0,DB3E,FUN_CODE_db3e,partial,14,2,"2 of 16 instruction(s) unchecked, first: movc A, @A+DPTR",sdas8051 05.50.4+NoICE+SDCCmods-WIP-R14
bank0,DB57,FUN_CODE_db57,partial,15,2,"2 of 17 instruction(s) unchecked, first: movc A, @A+DPTR",sdas8051 05.50.4+NoICE+SDCCmods-WIP-R14
bank0,DB6D,FUN_CODE_db6d,partial,9,2,"2 of 11 instruction(s) unchecked, first: movc A, @A+DPTR",sdas8051 05.50.4+NoICE+SDCCmods-WIP-R14
bank0,DB7C,FUN_CODE_db7c,match,8,0,,sdas8051 05.50.4+NoICE+SDCCmods-WIP-R14
bank0,DB8A,FUN_CODE_db8a,partial,8,1,"1 of 9 instruction(s) unchecked, first: movc A, @A+DPTR",sdas8051 05.50.4+NoICE+SDCCmods-WIP-R14
bank0,DB96,FUN_CODE_db96,partial,35,2,"2 of 37 instruction(s) unchecked, first: movc A, @A+DPTR",sdas8051 05.50.4+NoICE+SDCCmods-WIP-R14
bank0,DBE2,FUN_CODE_dbe2,match,28,0,,sdas8051 05.50.4+NoICE+SDCCmods-WIP-R14
bank0,DC17,FUN_CODE_dc17,match,34,0,,sdas8051 05.50.4+NoICE+SDCCmods-WIP-R14
bank0,DC60,FUN_CODE_dc60,match,14,0,,sdas8051 05.50.4+NoICE+SDCCmods-WIP-R14
bank0,DC77,FUN_CODE_dc77,match,13,0,,sdas8051 05.50.4+NoICE+SDCCmods-WIP-R14
bank0,DC8D,FUN_CODE_dc8d,match,4,0,,sdas8051 05.50.4+NoICE+SDCCmods-WIP-R14
bank0,DC94,FUN_CODE_dc94,match,2,0,,sdas8051 05.50.4+NoICE+SDCCmods-WIP-R14
bank0,DC99,FUN_CODE_dc99,match,2,0,,sdas8051 05.50.4+NoICE+SDCCmods-WIP-R14
bank0,DC9E,FUN_CODE_dc9e,match,7,0,,sdas8051 05.50.4+NoICE+SDCCmods-WIP-R14
bank0,DCAF,thunk_FUN_CODE_1948,match,1,0,,sdas8051 05.50.4+NoICE+SDCCmods-WIP-R14
bank0,DCB2,FUN_CODE_dcb2,match,4,0,,sdas8051 05.50.4+NoICE+SDCCmods-WIP-R14
bank0,DCBA,FUN_CODE_dcba,match,7,0,,sdas8051 05.50.4+NoICE+SDCCmods-WIP-R14
bank0,DCCB,FUN_CODE_dccb,match,2,0,,sdas8051 05.50.4+NoICE+SDCCmods-WIP-R14
bank0,DCD0,FUN_CODE_dcd0,match,2,0,,sdas8051 05.50.4+NoICE+SDCCmods-WIP-R14
bank0,DCD5,FUN_CODE_dcd5,match,4,0,,sdas8051 05.50.4+NoICE+SDCCmods-WIP-R14
bank0,DCDD,FUN_CODE_dcdd,match,5,0,,sdas8051 05.50.4+NoICE+SDCCmods-WIP-R14
bank0,DCE5,FUN_CODE_dce5,match,5,0,,sdas8051 05.50.4+NoICE+SDCCmods-WIP-R14
bank0,DCED,FUN_CODE_dced,match,4,0,,sdas8051 05.50.4+NoICE+SDCCmods-WIP-R14
bank0,DCF5,FUN_CODE_dcf5,match,2,0,,sdas8051 05.50.4+NoICE+SDCCmods-WIP-R14
bank0,DCFA,FUN_CODE_dcfa,match,7,0,,sdas8051 05.50.4+NoICE+SDCCmods-WIP-R14
bank0,DD10,FUN_CODE_dd10,match,7,0,,sdas8051 05.50.4+NoICE+SDCCmods-WIP-R14
bank0,DD21,thunk_FUN_CODE_194e,match,1,0,,sdas8051 05.50.4+NoICE+SDCCmods-WIP-R14
bank0,DD24,FUN_CODE_dd24,match,3,0,,sdas8051 05.50.4+NoICE+SDCCmods-WIP-R14
bank0,DD2C,FUN_CODE_dd2c,match,8,0,,sdas8051 05.50.4+NoICE+SDCCmods-WIP-R14
bank0,DD3D,FUN_CODE_dd3d,match,7,0,,sdas8051 05.50.4+NoICE+SDCCmods-WIP-R14
bank0,DD4A,FUN_CODE_dd4a,match,13,0,,sdas8051 05.50.4+NoICE+SDCCmods-WIP-R14
bank0,DD5C,FUN_CODE_dd5c,match,4,0,,sdas8051 05.50.4+NoICE+SDCCmods-WIP-R14
bank0,DE4D,FUN_CODE_de4d,match,5,0,,sdas8051 05.50.4+NoICE+SDCCmods-WIP-R14
bank0,DE56,FUN_CODE_de56,partial,10,1,"1 of 11 instruction(s) unchecked, first: movc A, @A+DPTR",sdas8051 05.50.4+NoICE+SDCCmods-WIP-R14
bank0,DE65,FUN_CODE_de65,match,18,0,,sdas8051 05.50.4+NoICE+SDCCmods-WIP-R14
bank0,DE83,FUN_CODE_de83,partial,84,1,"1 of 85 instruction(s) unchecked, first: clr CY",sdas8051 05.50.4+NoICE+SDCCmods-WIP-R14
bank0,DF1E,FUN_CODE_df1e,partial,10,1,"1 of 11 instruction(s) unchecked, first: clr CY",sdas8051 05.50.4+NoICE+SDCCmods-WIP-R14
bank0,DF35,FUN_CODE_df35,partial,10,1,"1 of 11 instruction(s) unchecked, first: clr CY",sdas8051 05.50.4+NoICE+SDCCmods-WIP-R14
bank0,DF78,FUN_CODE_df78,partial,24,1,"1 of 25 instruction(s) unchecked, first: clr CY",sdas8051 05.50.4+NoICE+SDCCmods-WIP-R14
bank0,DFA0,FUN_CODE_dfa0,partial,47,1,"1 of 48 instruction(s) unchecked, first: clr CY",sdas8051 05.50.4+NoICE+SDCCmods-WIP-R14
bank0,DFDF,FUN_CODE_dfdf,match,17,0,,sdas8051 05.50.4+NoICE+SDCCmods-WIP-R14
bank0,E010,FUN_CODE_e010,match,2,0,,sdas8051 05.50.4+NoICE+SDCCmods-WIP-R14
bank0,E014,FUN_CODE_e014,match,6,0,,sdas8051 05.50.4+NoICE+SDCCmods-WIP-R14
bank0,E020,FUN_CODE_e020,match,2,0,,sdas8051 05.50.4+NoICE+SDCCmods-WIP-R14
bank0,E024,FUN_CODE_e024,match,7,0,,sdas8051 05.50.4+NoICE+SDCCmods-WIP-R14
bank0,E02D,FUN_CODE_e02d,match,4,0,,sdas8051 05.50.4+NoICE+SDCCmods-WIP-R14
bank0,E033,FUN_CODE_e033,match,9,0,,sdas8051 05.50.4+NoICE+SDCCmods-WIP-R14
bank0,E03F,FUN_CODE_e03f,match,13,0,,sdas8051 05.50.4+NoICE+SDCCmods-WIP-R14
bank0,E054,FUN_CODE_e054,match,2,0,,sdas8051 05.50.4+NoICE+SDCCmods-WIP-R14
bank0,E064,FUN_CODE_e064,match,3,0,,sdas8051 05.50.4+NoICE+SDCCmods-WIP-R14
bank0,E06F,FUN_CODE_e06f,match,4,0,,sdas8051 05.50.4+NoICE+SDCCmods-WIP-R14
bank0,E090,FUN_CODE_e090,match,6,0,,sdas8051 05.50.4+NoICE+SDCCmods-WIP-R14
bank0,E0C3,FUN_CODE_e0c3,match,11,0,,sdas8051 05.50.4+NoICE+SDCCmods-WIP-R14
bank0,E0D3,FUN_CODE_e0d3,match,5,0,,sdas8051 05.50.4+NoICE+SDCCmods-WIP-R14
bank0,E0FE,FUN_CODE_e0fe,match,38,0,,sdas8051 05.50.4+NoICE+SDCCmods-WIP-R14
bank0,E149,FUN_CODE_e149,match,19,0,,sdas8051 05.50.4+NoICE+SDCCmods-WIP-R14
bank0,E161,FUN_CODE_e161,partial,9,2,"2 of 11 instruction(s) unchecked, first: movc A, @A+DPTR",sdas8051 05.50.4+NoICE+SDCCmods-WIP-R14
bank0,E256,FUN_CODE_e256,match,95,0,,sdas8051 05.50.4+NoICE+SDCCmods-WIP-R14
bank0,E376,FUN_CODE_e376,match,2,0,,sdas8051 05.50.4+NoICE+SDCCmods-WIP-R14
bank0,E37B,FUN_CODE_e37b,match,8,0,,sdas8051 05.50.4+NoICE+SDCCmods-WIP-R14
bank0,E389,FUN_CODE_e389,match,35,0,,sdas8051 05.50.4+NoICE+SDCCmods-WIP-R14
bank0,E3C4,FUN_CODE_e3c4,match,5,0,,sdas8051 05.50.4+NoICE+SDCCmods-WIP-R14
bank0,E3C9,FUN_CODE_e3c9,match,3,0,,sdas8051 05.50.4+NoICE+SDCCmods-WIP-R14
bank0,E3D0,FUN_CODE_e3d0,match,73,0,,sdas8051 05.50.4+NoICE+SDCCmods-WIP-R14
bank0,E453,FUN_CODE_e453,partial,75,1,"1 of 76 instruction(s) unchecked, first: clr CY",sdas8051 05.50.4+NoICE+SDCCmods-WIP-R14
bank0,E4B9,FUN_CODE_e4b9,match,35,0,,sdas8051 05.50.4+NoICE+SDCCmods-WIP-R14
bank0,E4F0,thunk_FUN_CODE_f0a3,match,1,0,,sdas8051 05.50.4+NoICE+SDCCmods-WIP-R14
bank0,E4FE,FUN_CODE_e4fe,match,18,0,,sdas8051 05.50.4+NoICE+SDCCmods-WIP-R14
bank0,E51E,FUN_CODE_e51e,match,19,0,,sdas8051 05.50.4+NoICE+SDCCmods-WIP-R14
bank0,E567,FUN_CODE_e567,match,21,0,,sdas8051 05.50.4+NoICE+SDCCmods-WIP-R14
bank0,E570,FUN_CODE_e570,match,34,0,,sdas8051 05.50.4+NoICE+SDCCmods-WIP-R14
bank0,E5B1,FUN_CODE_e5b1,match,7,0,,sdas8051 05.50.4+NoICE+SDCCmods-WIP-R14
bank0,E5BE,FUN_CODE_e5be,match,27,0,,sdas8051 05.50.4+NoICE+SDCCmods-WIP-R14
bank0,E5F3,FUN_CODE_e5f3,match,25,0,,sdas8051 05.50.4+NoICE+SDCCmods-WIP-R14
bank0,E624,FUN_CODE_e624,match,19,0,,sdas8051 05.50.4+NoICE+SDCCmods-WIP-R14
bank0,E64A,FUN_CODE_e64a,match,19,0,,sdas8051 05.50.4+NoICE+SDCCmods-WIP-R14
bank0,E670,FUN_CODE_e670,match,34,0,,sdas8051 05.50.4+NoICE+SDCCmods-WIP-R14
bank0,E6B1,FUN_CODE_e6b1,match,37,0,,sdas8051 05.50.4+NoICE+SDCCmods-WIP-R14
bank0,E6F4,FUN_CODE_e6f4,match,23,0,,sdas8051 05.50.4+NoICE+SDCCmods-WIP-R14
bank0,E722,FUN_CODE_e722,match,80,0,,sdas8051 05.50.4+NoICE+SDCCmods-WIP-R14
bank0,E7B8,FUN_CODE_e7b8,match,2,0,,sdas8051 05.50.4+NoICE+SDCCmods-WIP-R14
bank0,E7BB,FUN_CODE_e7bb,match,6,0,,sdas8051 05.50.4+NoICE+SDCCmods-WIP-R14
bank0,E7C7,FUN_CODE_e7c7,match,2,0,,sdas8051 05.50.4+NoICE+SDCCmods-WIP-R14
bank0,E7CA,FUN_CODE_e7ca,match,50,0,,sdas8051 05.50.4+NoICE+SDCCmods-WIP-R14
bank0,E822,FUN_CODE_e822,match,73,0,,sdas8051 05.50.4+NoICE+SDCCmods-WIP-R14
bank0,E893,FUN_CODE_e893,match,2,0,,sdas8051 05.50.4+NoICE+SDCCmods-WIP-R14
bank0,E896,FUN_CODE_e896,match,25,0,,sdas8051 05.50.4+NoICE+SDCCmods-WIP-R14
bank0,E8C4,FUN_CODE_e8c4,match,22,0,,sdas8051 05.50.4+NoICE+SDCCmods-WIP-R14
bank0,E8EC,FUN_CODE_e8ec,match,70,0,,sdas8051 05.50.4+NoICE+SDCCmods-WIP-R14
bank0,E9DE,FUN_CODE_e9de,partial,35,2,"2 of 37 instruction(s) unchecked, first: cpl 0xe2",sdas8051 05.50.4+NoICE+SDCCmods-WIP-R14
bank0,EA94,FUN_CODE_ea94,match,12,0,,sdas8051 05.50.4+NoICE+SDCCmods-WIP-R14
bank0,EAAD,FUN_CODE_eaad,match,12,0,,sdas8051 05.50.4+NoICE+SDCCmods-WIP-R14
bank0,EAC6,FUN_CODE_eac6,match,4,0,,sdas8051 05.50.4+NoICE+SDCCmods-WIP-R14
bank0,EAD1,FUN_CODE_ead1,match,3,0,,sdas8051 05.50.4+NoICE+SDCCmods-WIP-R14
bank0,EADA,FUN_CODE_eada,match,135,0,,sdas8051 05.50.4+NoICE+SDCCmods-WIP-R14
bank0,EBD5,FUN_CODE_ebd5,partial,9,1,"1 of 10 instruction(s) unchecked, first: ajmp 0xe8ec",sdas8051 05.50.4+NoICE+SDCCmods-WIP-R14
bank0,EC59,FUN_CODE_ec59,match,43,0,,sdas8051 05.50.4+NoICE+SDCCmods-WIP-R14
bank0,ED47,FUN_CODE_ed47,assembler-gap,5,0,no bytes emitted at ED47,sdas8051 05.50.4+NoICE+SDCCmods-WIP-R14
bank0,ED52,FUN_CODE_ed52,match,18,0,,sdas8051 05.50.4+NoICE+SDCCmods-WIP-R14
bank0,ED6E,FUN_CODE_ed6e,match,3,0,,sdas8051 05.50.4+NoICE+SDCCmods-WIP-R14
bank0,ED74,FUN_CODE_ed74,match,24,0,,sdas8051 05.50.4+NoICE+SDCCmods-WIP-R14
bank0,ED9B,FUN_CODE_ed9b,match,3,0,,sdas8051 05.50.4+NoICE+SDCCmods-WIP-R14
bank0,EDA4,FUN_CODE_eda4,assembler-gap,0,1,"mov CY, 0x22",sdas8051 05.50.4+NoICE+SDCCmods-WIP-R14
bank0,EDA6,FUN_CODE_eda6,match,4,0,,sdas8051 05.50.4+NoICE+SDCCmods-WIP-R14
bank0,EDBC,FUN_CODE_edbc,match,13,0,,sdas8051 05.50.4+NoICE+SDCCmods-WIP-R14
bank0,EDD8,FUN_CODE_edd8,match,31,0,,sdas8051 05.50.4+NoICE+SDCCmods-WIP-R14
bank0,EE0F,FUN_CODE_ee0f,match,29,0,,sdas8051 05.50.4+NoICE+SDCCmods-WIP-R14
bank0,EE4F,FUN_CODE_ee4f,match,36,0,,sdas8051 05.50.4+NoICE+SDCCmods-WIP-R14
bank0,EE96,FUN_CODE_ee96,match,29,0,,sdas8051 05.50.4+NoICE+SDCCmods-WIP-R14
bank0,EED6,FUN_CODE_eed6,match,28,0,,sdas8051 05.50.4+NoICE+SDCCmods-WIP-R14
bank0,EF12,thunk_FUN_CODE_e822,assembler-gap,0,1,ajmp 0xe822,sdas8051 05.50.4+NoICE+SDCCmods-WIP-R14
bank0,EF17,FUN_CODE_ef17,match,9,0,,sdas8051 05.50.4+NoICE+SDCCmods-WIP-R14
bank0,EF60,FUN_CODE_ef60,match,10,0,,sdas8051 05.50.4+NoICE+SDCCmods-WIP-R14
bank0,EF70,FUN_CODE_ef70,match,9,0,,sdas8051 05.50.4+NoICE+SDCCmods-WIP-R14
bank0,EFDC,FUN_CODE_efdc,match,9,0,,sdas8051 05.50.4+NoICE+SDCCmods-WIP-R14
bank0,EFF0,FUN_CODE_eff0,match,9,0,,sdas8051 05.50.4+NoICE+SDCCmods-WIP-R14
bank0,F002,FUN_CODE_f002,match,17,0,,sdas8051 05.50.4+NoICE+SDCCmods-WIP-R14
bank0,F012,FUN_CODE_f012,match,11,0,,sdas8051 05.50.4+NoICE+SDCCmods-WIP-R14
bank0,F022,FUN_CODE_f022,partial,43,2,"2 of 45 instruction(s) unchecked, first: mov CY, 0xe7",sdas8051 05.50.4+NoICE+SDCCmods-WIP-R14
bank0,F06B,FUN_CODE_f06b,match,7,0,,sdas8051 05.50.4+NoICE+SDCCmods-WIP-R14
bank0,F077,FUN_CODE_f077,match,1,0,,sdas8051 05.50.4+NoICE+SDCCmods-WIP-R14
bank0,F078,FUN_CODE_f078,match,1,0,,sdas8051 05.50.4+NoICE+SDCCmods-WIP-R14
bank0,F079,FUN_CODE_f079,match,5,0,,sdas8051 05.50.4+NoICE+SDCCmods-WIP-R14
bank0,F07E,FUN_CODE_f07e,match,1,0,,sdas8051 05.50.4+NoICE+SDCCmods-WIP-R14
bank0,F07F,FUN_CODE_f07f,match,1,0,,sdas8051 05.50.4+NoICE+SDCCmods-WIP-R14
bank0,F080,FUN_CODE_f080,match,1,0,,sdas8051 05.50.4+NoICE+SDCCmods-WIP-R14
bank0,F081,FUN_CODE_f081,match,2,0,,sdas8051 05.50.4+NoICE+SDCCmods-WIP-R14
bank0,F083,FUN_CODE_f083,match,6,0,,sdas8051 05.50.4+NoICE+SDCCmods-WIP-R14
bank0,F089,FUN_CODE_f089,match,2,0,,sdas8051 05.50.4+NoICE+SDCCmods-WIP-R14
bank0,F08B,FUN_CODE_f08b,match,2,0,,sdas8051 05.50.4+NoICE+SDCCmods-WIP-R14
bank0,F090,FUN_CODE_f090,match,3,0,,sdas8051 05.50.4+NoICE+SDCCmods-WIP-R14
bank0,F095,FUN_CODE_f095,match,10,0,,sdas8051 05.50.4+NoICE+SDCCmods-WIP-R14
bank0,F09F,FUN_CODE_f09f,match,1,0,,sdas8051 05.50.4+NoICE+SDCCmods-WIP-R14
bank0,F0A3,FUN_CODE_f0a3,assembler-gap,8,0,no bytes emitted at F0A3,sdas8051 05.50.4+NoICE+SDCCmods-WIP-R14
bank0,F0B1,FUN_CODE_f0b1,match,2,0,,sdas8051 05.50.4+NoICE+SDCCmods-WIP-R14
bank0,F0B3,FUN_CODE_f0b3,match,11,0,,sdas8051 05.50.4+NoICE+SDCCmods-WIP-R14
bank0,F0C4,FUN_CODE_f0c4,match,2,0,,sdas8051 05.50.4+NoICE+SDCCmods-WIP-R14
bank0,F0C8,FUN_CODE_f0c8,match,2,0,,sdas8051 05.50.4+NoICE+SDCCmods-WIP-R14
bank0,F0CA,FUN_CODE_f0ca,match,11,0,,sdas8051 05.50.4+NoICE+SDCCmods-WIP-R14
bank0,F0DC,FUN_CODE_f0dc,match,3,0,,sdas8051 05.50.4+NoICE+SDCCmods-WIP-R14
bank0,F0E0,FUN_CODE_f0e0,match,3,0,,sdas8051 05.50.4+NoICE+SDCCmods-WIP-R14
bank0,F0E4,FUN_CODE_f0e4,match,6,0,,sdas8051 05.50.4+NoICE+SDCCmods-WIP-R14
bank0,F0ED,FUN_CODE_f0ed,match,1,0,,sdas8051 05.50.4+NoICE+SDCCmods-WIP-R14
bank0,F0EF,FUN_CODE_f0ef,match,2,0,,sdas8051 05.50.4+NoICE+SDCCmods-WIP-R14
bank0,F0F3,FUN_CODE_f0f3,match,7,0,,sdas8051 05.50.4+NoICE+SDCCmods-WIP-R14
bank0,F0FE,FUN_CODE_f0fe,match,6,0,,sdas8051 05.50.4+NoICE+SDCCmods-WIP-R14
bank0,F107,FUN_CODE_f107,match,1,0,,sdas8051 05.50.4+NoICE+SDCCmods-WIP-R14
bank0,F108,FUN_CODE_f108,match,5,0,,sdas8051 05.50.4+NoICE+SDCCmods-WIP-R14
bank0,F10F,FUN_CODE_f10f,match,3,0,,sdas8051 05.50.4+NoICE+SDCCmods-WIP-R14
bank0,F116,FUN_CODE_f116,match,1,0,,sdas8051 05.50.4+NoICE+SDCCmods-WIP-R14
bank0,F118,FUN_CODE_f118,match,5,0,,sdas8051 05.50.4+NoICE+SDCCmods-WIP-R14
bank0,F121,FUN_CODE_f121,match,4,0,,sdas8051 05.50.4+NoICE+SDCCmods-WIP-R14
bank0,F128,FUN_CODE_f128,match,4,0,,sdas8051 05.50.4+NoICE+SDCCmods-WIP-R14
bank0,F12F,FUN_CODE_f12f,match,7,0,,sdas8051 05.50.4+NoICE+SDCCmods-WIP-R14
bank0,F138,FUN_CODE_f138,match,5,0,,sdas8051 05.50.4+NoICE+SDCCmods-WIP-R14
bank0,F141,FUN_CODE_f141,match,10,0,,sdas8051 05.50.4+NoICE+SDCCmods-WIP-R14
bank0,F151,FUN_CODE_f151,match,5,0,,sdas8051 05.50.4+NoICE+SDCCmods-WIP-R14
bank0,F159,FUN_CODE_f159,partial,6,1,"1 of 7 instruction(s) unchecked, first: clr CY",sdas8051 05.50.4+NoICE+SDCCmods-WIP-R14
bank0,F161,FUN_CODE_f161,match,2,0,,sdas8051 05.50.4+NoICE+SDCCmods-WIP-R14
bank0,F165,FUN_CODE_f165,match,6,0,,sdas8051 05.50.4+NoICE+SDCCmods-WIP-R14
bank0,F16D,FUN_CODE_f16d,partial,5,1,"1 of 6 instruction(s) unchecked, first: clr CY",sdas8051 05.50.4+NoICE+SDCCmods-WIP-R14
bank0,F177,FUN_CODE_f177,match,7,0,,sdas8051 05.50.4+NoICE+SDCCmods-WIP-R14
bank0,F17E,FUN_CODE_f17e,match,7,0,,sdas8051 05.50.4+NoICE+SDCCmods-WIP-R14
bank0,F189,FUN_CODE_f189,assembler-gap,5,0,no bytes emitted at F189,sdas8051 05.50.4+NoICE+SDCCmods-WIP-R14
bank0,F1E9,FUN_CODE_f1e9,match,32,0,,sdas8051 05.50.4+NoICE+SDCCmods-WIP-R14
bank0,F221,FUN_CODE_f221,match,14,0,,sdas8051 05.50.4+NoICE+SDCCmods-WIP-R14
bank0,F239,FUN_CODE_f239,partial,19,1,"1 of 20 instruction(s) unchecked, first: ajmp 0xf0f3",sdas8051 05.50.4+NoICE+SDCCmods-WIP-R14
bank0,F424,FUN_CODE_f424,match,4,0,,sdas8051 05.50.4+NoICE+SDCCmods-WIP-R14
bank0,F42B,FUN_CODE_f42b,match,3,0,,sdas8051 05.50.4+NoICE+SDCCmods-WIP-R14
bank0,F430,FUN_CODE_f430,match,1,0,,sdas8051 05.50.4+NoICE+SDCCmods-WIP-R14
bank0,F431,FUN_CODE_f431,match,19,0,,sdas8051 05.50.4+NoICE+SDCCmods-WIP-R14
bank0,F44F,FUN_CODE_f44f,match,15,0,,sdas8051 05.50.4+NoICE+SDCCmods-WIP-R14
bank0,F467,FUN_CODE_f467,match,19,0,,sdas8051 05.50.4+NoICE+SDCCmods-WIP-R14
bank0,F485,FUN_CODE_f485,match,8,0,,sdas8051 05.50.4+NoICE+SDCCmods-WIP-R14
bank0,F493,FUN_CODE_f493,match,1,0,,sdas8051 05.50.4+NoICE+SDCCmods-WIP-R14
bank0,F495,FUN_CODE_f495,match,1,0,,sdas8051 05.50.4+NoICE+SDCCmods-WIP-R14
bank0,F498,FUN_CODE_f498,match,1,0,,sdas8051 05.50.4+NoICE+SDCCmods-WIP-R14
bank0,F499,FUN_CODE_f499,match,7,0,,sdas8051 05.50.4+NoICE+SDCCmods-WIP-R14
bank0,F4A4,FUN_CODE_f4a4,match,5,0,,sdas8051 05.50.4+NoICE+SDCCmods-WIP-R14
bank0,F4AB,FUN_CODE_f4ab,match,8,0,,sdas8051 05.50.4+NoICE+SDCCmods-WIP-R14
bank0,F4B3,FUN_CODE_f4b3,match,8,0,,sdas8051 05.50.4+NoICE+SDCCmods-WIP-R14
bank0,F4C1,FUN_CODE_f4c1,match,8,0,,sdas8051 05.50.4+NoICE+SDCCmods-WIP-R14
bank0,F566,FUN_CODE_f566,match,17,0,,sdas8051 05.50.4+NoICE+SDCCmods-WIP-R14
bank0,F583,FUN_CODE_f583,match,17,0,,sdas8051 05.50.4+NoICE+SDCCmods-WIP-R14
bank0,FAE8,FUN_CODE_fae8,match,17,0,,sdas8051 05.50.4+NoICE+SDCCmods-WIP-R14
bank0,FE0F,FUN_CODE_fe0f,match,105,0,,sdas8051 05.50.4+NoICE+SDCCmods-WIP-R14
bank0,FF17,FUN_CODE_ff17,match,17,0,,sdas8051 05.50.4+NoICE+SDCCmods-WIP-R14
bank0,FF90,FUN_CODE_ff90,match,17,0,,sdas8051 05.50.4+NoICE+SDCCmods-WIP-R14
bank1,1738,FUN_CODE_1738,match,2,0,,sdas8051 05.50.4+NoICE+SDCCmods-WIP-R14
bank1,1762,FUN_CODE_1762,match,2,0,,sdas8051 05.50.4+NoICE+SDCCmods-WIP-R14
bank1,1768,FUN_CODE_1768,match,2,0,,sdas8051 05.50.4+NoICE+SDCCmods-WIP-R14
bank1,1803,FUN_CODE_1803,match,1,0,,sdas8051 05.50.4+NoICE+SDCCmods-WIP-R14
bank1,1804,FUN_CODE_1804,match,2,0,,sdas8051 05.50.4+NoICE+SDCCmods-WIP-R14
bank1,1984,FUN_CODE_1984,match,2,0,,sdas8051 05.50.4+NoICE+SDCCmods-WIP-R14
bank1,198A,FUN_CODE_198a,match,2,0,,sdas8051 05.50.4+NoICE+SDCCmods-WIP-R14
bank1,1990,FUN_CODE_1990,match,2,0,,sdas8051 05.50.4+NoICE+SDCCmods-WIP-R14
bank1,1996,FUN_CODE_1996,match,2,0,,sdas8051 05.50.4+NoICE+SDCCmods-WIP-R14
bank1,199C,FUN_CODE_199c,match,2,0,,sdas8051 05.50.4+NoICE+SDCCmods-WIP-R14
bank1,19A2,FUN_CODE_19a2,match,2,0,,sdas8051 05.50.4+NoICE+SDCCmods-WIP-R14
bank1,19A8,FUN_CODE_19a8,match,2,0,,sdas8051 05.50.4+NoICE+SDCCmods-WIP-R14
bank1,19AE,FUN_CODE_19ae,match,2,0,,sdas8051 05.50.4+NoICE+SDCCmods-WIP-R14
bank1,19B4,FUN_CODE_19b4,match,2,0,,sdas8051 05.50.4+NoICE+SDCCmods-WIP-R14
bank1,19BA,FUN_CODE_19ba,match,2,0,,sdas8051 05.50.4+NoICE+SDCCmods-WIP-R14
bank1,19C0,FUN_CODE_19c0,match,2,0,,sdas8051 05.50.4+NoICE+SDCCmods-WIP-R14
bank1,19C6,FUN_CODE_19c6,match,2,0,,sdas8051 05.50.4+NoICE+SDCCmods-WIP-R14
bank1,19D2,FUN_CODE_19d2,match,2,0,,sdas8051 05.50.4+NoICE+SDCCmods-WIP-R14
bank1,19DE,FUN_CODE_19de,match,2,0,,sdas8051 05.50.4+NoICE+SDCCmods-WIP-R14
bank1,19E4,FUN_CODE_19e4,match,2,0,,sdas8051 05.50.4+NoICE+SDCCmods-WIP-R14
bank1,19EA,FUN_CODE_19ea,match,2,0,,sdas8051 05.50.4+NoICE+SDCCmods-WIP-R14
bank1,19F0,FUN_CODE_19f0,match,2,0,,sdas8051 05.50.4+NoICE+SDCCmods-WIP-R14
bank1,19F6,FUN_CODE_19f6,match,2,0,,sdas8051 05.50.4+NoICE+SDCCmods-WIP-R14
bank1,19FC,FUN_CODE_19fc,match,2,0,,sdas8051 05.50.4+NoICE+SDCCmods-WIP-R14
bank1,1A02,FUN_CODE_1a02,match,2,0,,sdas8051 05.50.4+NoICE+SDCCmods-WIP-R14
bank1,1A08,FUN_CODE_1a08,match,2,0,,sdas8051 05.50.4+NoICE+SDCCmods-WIP-R14
bank1,1A0E,FUN_CODE_1a0e,match,2,0,,sdas8051 05.50.4+NoICE+SDCCmods-WIP-R14
bank1,1A14,FUN_CODE_1a14,match,2,0,,sdas8051 05.50.4+NoICE+SDCCmods-WIP-R14
bank1,1A1A,FUN_CODE_1a1a,match,2,0,,sdas8051 05.50.4+NoICE+SDCCmods-WIP-R14
bank1,1A20,FUN_CODE_1a20,match,2,0,,sdas8051 05.50.4+NoICE+SDCCmods-WIP-R14
bank1,1A26,FUN_CODE_1a26,match,2,0,,sdas8051 05.50.4+NoICE+SDCCmods-WIP-R14
bank1,1A2C,FUN_CODE_1a2c,match,2,0,,sdas8051 05.50.4+NoICE+SDCCmods-WIP-R14
bank1,1A32,FUN_CODE_1a32,match,2,0,,sdas8051 05.50.4+NoICE+SDCCmods-WIP-R14
bank1,1A38,FUN_CODE_1a38,match,2,0,,sdas8051 05.50.4+NoICE+SDCCmods-WIP-R14
bank1,1A3E,FUN_CODE_1a3e,match,2,0,,sdas8051 05.50.4+NoICE+SDCCmods-WIP-R14
bank1,1A44,FUN_CODE_1a44,match,2,0,,sdas8051 05.50.4+NoICE+SDCCmods-WIP-R14
bank1,1A4A,FUN_CODE_1a4a,match,2,0,,sdas8051 05.50.4+NoICE+SDCCmods-WIP-R14
bank1,1A50,FUN_CODE_1a50,match,2,0,,sdas8051 05.50.4+NoICE+SDCCmods-WIP-R14
bank1,1A56,FUN_CODE_1a56,match,2,0,,sdas8051 05.50.4+NoICE+SDCCmods-WIP-R14
bank1,1A5C,FUN_CODE_1a5c,match,2,0,,sdas8051 05.50.4+NoICE+SDCCmods-WIP-R14
bank1,1A62,FUN_CODE_1a62,match,2,0,,sdas8051 05.50.4+NoICE+SDCCmods-WIP-R14
bank1,1A68,FUN_CODE_1a68,match,2,0,,sdas8051 05.50.4+NoICE+SDCCmods-WIP-R14
bank1,1A6E,FUN_CODE_1a6e,match,2,0,,sdas8051 05.50.4+NoICE+SDCCmods-WIP-R14
bank1,1A74,FUN_CODE_1a74,match,2,0,,sdas8051 05.50.4+NoICE+SDCCmods-WIP-R14
bank1,1A7A,FUN_CODE_1a7a,match,2,0,,sdas8051 05.50.4+NoICE+SDCCmods-WIP-R14
bank1,1A80,FUN_CODE_1a80,match,2,0,,sdas8051 05.50.4+NoICE+SDCCmods-WIP-R14
bank1,1A86,FUN_CODE_1a86,match,2,0,,sdas8051 05.50.4+NoICE+SDCCmods-WIP-R14
bank1,1A8C,FUN_CODE_1a8c,match,2,0,,sdas8051 05.50.4+NoICE+SDCCmods-WIP-R14
bank1,1A92,FUN_CODE_1a92,match,2,0,,sdas8051 05.50.4+NoICE+SDCCmods-WIP-R14
bank1,1A98,FUN_CODE_1a98,match,2,0,,sdas8051 05.50.4+NoICE+SDCCmods-WIP-R14
bank1,1A9E,FUN_CODE_1a9e,match,2,0,,sdas8051 05.50.4+NoICE+SDCCmods-WIP-R14
bank1,1AA4,FUN_CODE_1aa4,match,2,0,,sdas8051 05.50.4+NoICE+SDCCmods-WIP-R14
bank1,1AAA,FUN_CODE_1aaa,match,2,0,,sdas8051 05.50.4+NoICE+SDCCmods-WIP-R14
bank1,1AB0,FUN_CODE_1ab0,match,2,0,,sdas8051 05.50.4+NoICE+SDCCmods-WIP-R14
bank1,1AB6,FUN_CODE_1ab6,match,2,0,,sdas8051 05.50.4+NoICE+SDCCmods-WIP-R14
bank1,1ABC,FUN_CODE_1abc,match,2,0,,sdas8051 05.50.4+NoICE+SDCCmods-WIP-R14
bank1,2A6C,FUN_CODE_2a6c,match,2,0,,sdas8051 05.50.4+NoICE+SDCCmods-WIP-R14
bank1,2A70,FUN_CODE_2a70,match,6,0,,sdas8051 05.50.4+NoICE+SDCCmods-WIP-R14
bank1,2BD5,FUN_CODE_2bd5,partial,83,3,"3 of 86 instruction(s) unchecked, first: push DPH",sdas8051 05.50.4+NoICE+SDCCmods-WIP-R14
bank1,2C70,FUN_CODE_2c70,partial,37,4,"4 of 41 instruction(s) unchecked, first: movc A, @A+DPTR",sdas8051 05.50.4+NoICE+SDCCmods-WIP-R14
bank1,3A60,FUN_CODE_3a60,match,49,0,,sdas8051 05.50.4+NoICE+SDCCmods-WIP-R14
bank1,4874,FUN_CODE_4874,match,21,0,,sdas8051 05.50.4+NoICE+SDCCmods-WIP-R14
bank1,4A26,FUN_CODE_4a26,partial,15,2,"2 of 17 instruction(s) unchecked, first: movc A, @A+DPTR",sdas8051 05.50.4+NoICE+SDCCmods-WIP-R14
bank1,703F,thunk_FUN_CODE_e322,match,1,0,,sdas8051 05.50.4+NoICE+SDCCmods-WIP-R14
bank1,8000,FUN_CODE_8000,match,1,0,,sdas8051 05.50.4+NoICE+SDCCmods-WIP-R14
bank1,8001,FUN_CODE_8001,match,1,0,,sdas8051 05.50.4+NoICE+SDCCmods-WIP-R14
bank1,8004,FUN_CODE_8004,match,1,0,,sdas8051 05.50.4+NoICE+SDCCmods-WIP-R14
bank1,8005,FUN_CODE_8005,match,1,0,,sdas8051 05.50.4+NoICE+SDCCmods-WIP-R14
bank1,8007,FUN_CODE_8007,match,1,0,,sdas8051 05.50.4+NoICE+SDCCmods-WIP-R14
bank1,8008,FUN_CODE_8008,match,1,0,,sdas8051 05.50.4+NoICE+SDCCmods-WIP-R14
bank1,8009,FUN_CODE_8009,assembler-gap,1,0,no bytes emitted at 8009,sdas8051 05.50.4+NoICE+SDCCmods-WIP-R14
bank1,800C,FUN_CODE_800c,match,1,0,,sdas8051 05.50.4+NoICE+SDCCmods-WIP-R14
bank1,800D,FUN_CODE_800d,match,1,0,,sdas8051 05.50.4+NoICE+SDCCmods-WIP-R14
bank1,800F,FUN_CODE_800f,match,1,0,,sdas8051 05.50.4+NoICE+SDCCmods-WIP-R14
bank1,8010,FUN_CODE_8010,match,1,0,,sdas8051 05.50.4+NoICE+SDCCmods-WIP-R14
bank1,8011,FUN_CODE_8011,match,1,0,,sdas8051 05.50.4+NoICE+SDCCmods-WIP-R14
bank1,8014,FUN_CODE_8014,match,2,0,,sdas8051 05.50.4+NoICE+SDCCmods-WIP-R14
bank1,8017,FUN_CODE_8017,match,1,0,,sdas8051 05.50.4+NoICE+SDCCmods-WIP-R14
bank1,8018,FUN_CODE_8018,match,1,0,,sdas8051 05.50.4+NoICE+SDCCmods-WIP-R14
bank1,8019,FUN_CODE_8019,match,1,0,,sdas8051 05.50.4+NoICE+SDCCmods-WIP-R14
bank1,801C,FUN_CODE_801c,match,1,0,,sdas8051 05.50.4+NoICE+SDCCmods-WIP-R14
bank1,801D,FUN_CODE_801d,match,1,0,,sdas8051 05.50.4+NoICE+SDCCmods-WIP-R14
bank1,801F,FUN_CODE_801f,match,1,0,,sdas8051 05.50.4+NoICE+SDCCmods-WIP-R14
bank1,8020,FUN_CODE_8020,match,1,0,,sdas8051 05.50.4+NoICE+SDCCmods-WIP-R14
bank1,8021,FUN_CODE_8021,match,1,0,,sdas8051 05.50.4+NoICE+SDCCmods-WIP-R14
bank1,8024,FUN_CODE_8024,match,1,0,,sdas8051 05.50.4+NoICE+SDCCmods-WIP-R14
bank1,8025,FUN_CODE_8025,match,1,0,,sdas8051 05.50.4+NoICE+SDCCmods-WIP-R14
bank1,8027,FUN_CODE_8027,match,1,0,,sdas8051 05.50.4+NoICE+SDCCmods-WIP-R14
bank1,8028,FUN_CODE_8028,match,2,0,,sdas8051 05.50.4+NoICE+SDCCmods-WIP-R14
bank1,802C,FUN_CODE_802c,match,1,0,,sdas8051 05.50.4+NoICE+SDCCmods-WIP-R14
bank1,802D,FUN_CODE_802d,match,1,0,,sdas8051 05.50.4+NoICE+SDCCmods-WIP-R14
bank1,802F,FUN_CODE_802f,match,1,0,,sdas8051 05.50.4+NoICE+SDCCmods-WIP-R14
bank1,8030,FUN_CODE_8030,match,1,0,,sdas8051 05.50.4+NoICE+SDCCmods-WIP-R14
bank1,8031,FUN_CODE_8031,match,2,0,,sdas8051 05.50.4+NoICE+SDCCmods-WIP-R14
bank1,8035,FUN_CODE_8035,match,1,0,,sdas8051 05.50.4+NoICE+SDCCmods-WIP-R14
bank1,8037,FUN_CODE_8037,match,3,0,,sdas8051 05.50.4+NoICE+SDCCmods-WIP-R14
bank1,803C,FUN_CODE_803c,match,8,0,,sdas8051 05.50.4+NoICE+SDCCmods-WIP-R14
bank1,8048,FUN_CODE_8048,match,3,0,,sdas8051 05.50.4+NoICE+SDCCmods-WIP-R14
bank1,804D,FUN_CODE_804d,match,11,0,,sdas8051 05.50.4+NoICE+SDCCmods-WIP-R14
bank1,8060,FUN_CODE_8060,match,1,0,,sdas8051 05.50.4+NoICE+SDCCmods-WIP-R14
bank1,8062,FUN_CODE_8062,match,7,0,,sdas8051 05.50.4+NoICE+SDCCmods-WIP-R14
bank1,806C,FUN_CODE_806c,match,11,0,,sdas8051 05.50.4+NoICE+SDCCmods-WIP-R14
bank1,807E,FUN_CODE_807e,match,15,0,,sdas8051 05.50.4+NoICE+SDCCmods-WIP-R14
bank1,8096,FUN_CODE_8096,match,11,0,,sdas8051 05.50.4+NoICE+SDCCmods-WIP-R14
bank1,80AA,FUN_CODE_80aa,match,27,0,,sdas8051 05.50.4+NoICE+SDCCmods-WIP-R14
bank1,80D6,FUN_CODE_80d6,match,14,0,,sdas8051 05.50.4+NoICE+SDCCmods-WIP-R14
bank1,80EF,FUN_CODE_80ef,match,94,0,,sdas8051 05.50.4+NoICE+SDCCmods-WIP-R14
bank1,8202,FUN_CODE_8202,match,7,0,,sdas8051 05.50.4+NoICE+SDCCmods-WIP-R14
bank1,820F,FUN_CODE_820f,partial,9,1,"1 of 10 instruction(s) unchecked, first: clr CY",sdas8051 05.50.4+NoICE+SDCCmods-WIP-R14
bank1,8300,FUN_CODE_8300,match,33,0,,sdas8051 05.50.4+NoICE+SDCCmods-WIP-R14
bank1,8418,FUN_CODE_8418,match,32,0,,sdas8051 05.50.4+NoICE+SDCCmods-WIP-R14
bank1,84E5,FUN_CODE_84e5,partial,4,1,"1 of 5 instruction(s) unchecked, first: ajmp 0x8300",sdas8051 05.50.4+NoICE+SDCCmods-WIP-R14
bank1,8500,FUN_CODE_8500,match,2,0,,sdas8051 05.50.4+NoICE+SDCCmods-WIP-R14
bank1,8504,FUN_CODE_8504,partial,57,1,"1 of 58 instruction(s) unchecked, first: push 0x14",sdas8051 05.50.4+NoICE+SDCCmods-WIP-R14
bank1,8597,FUN_CODE_8597,match,2,0,,sdas8051 05.50.4+NoICE+SDCCmods-WIP-R14
bank1,859B,FUN_CODE_859b,match,10,0,,sdas8051 05.50.4+NoICE+SDCCmods-WIP-R14
bank1,85AE,FUN_CODE_85ae,match,10,0,,sdas8051 05.50.4+NoICE+SDCCmods-WIP-R14
bank1,85C1,FUN_CODE_85c1,assembler-gap,21,0,no bytes emitted at 85C1,sdas8051 05.50.4+NoICE+SDCCmods-WIP-R14
bank1,85E9,FUN_CODE_85e9,match,3,0,,sdas8051 05.50.4+NoICE+SDCCmods-WIP-R14
bank1,85F0,FUN_CODE_85f0,match,2,0,,sdas8051 05.50.4+NoICE+SDCCmods-WIP-R14
bank1,86C4,FUN_CODE_86c4,match,17,0,,sdas8051 05.50.4+NoICE+SDCCmods-WIP-R14
bank1,87CA,FUN_CODE_87ca,match,8,0,,sdas8051 05.50.4+NoICE+SDCCmods-WIP-R14
bank1,87DD,FUN_CODE_87dd,partial,13,3,"3 of 16 instruction(s) unchecked, first: movc A, @A+DPTR",sdas8051 05.50.4+NoICE+SDCCmods-WIP-R14
bank1,8801,FUN_CODE_8801,match,1,0,,sdas8051 05.50.4+NoICE+SDCCmods-WIP-R14
bank1,8802,FUN_CODE_8802,assembler-gap,0,1,ajmp 0x8822,sdas8051 05.50.4+NoICE+SDCCmods-WIP-R14
bank1,881B,FUN_CODE_881b,match,13,0,,sdas8051 05.50.4+NoICE+SDCCmods-WIP-R14
bank1,8834,FUN_CODE_8834,match,9,0,,sdas8051 05.50.4+NoICE+SDCCmods-WIP-R14
bank1,8844,FUN_CODE_8844,partial,11,1,"1 of 12 instruction(s) unchecked, first: clr CY",sdas8051 05.50.4+NoICE+SDCCmods-WIP-R14
bank1,8854,FUN_CODE_8854,match,7,0,,sdas8051 05.50.4+NoICE+SDCCmods-WIP-R14
bank1,885B,FUN_CODE_885b,partial,7,1,"1 of 8 instruction(s) unchecked, first: clr CY",sdas8051 05.50.4+NoICE+SDCCmods-WIP-R14
bank1,8863,FUN_CODE_8863,partial,13,3,"3 of 16 instruction(s) unchecked, first: clr CY",sdas8051 05.50.4+NoICE+SDCCmods-WIP-R14
bank1,887A,FUN_CODE_887a,partial,7,1,"1 of 8 instruction(s) unchecked, first: clr CY",sdas8051 05.50.4+NoICE+SDCCmods-WIP-R14
bank1,8886,FUN_CODE_8886,match,6,0,,sdas8051 05.50.4+NoICE+SDCCmods-WIP-R14
bank1,888C,FUN_CODE_888c,match,6,0,,sdas8051 05.50.4+NoICE+SDCCmods-WIP-R14
bank1,8892,FUN_CODE_8892,match,6,0,,sdas8051 05.50.4+NoICE+SDCCmods-WIP-R14
bank1,8898,FUN_CODE_8898,match,5,0,,sdas8051 05.50.4+NoICE+SDCCmods-WIP-R14
bank1,889E,FUN_CODE_889e,match,6,0,,sdas8051 05.50.4+NoICE+SDCCmods-WIP-R14
bank1,88A4,FUN_CODE_88a4,partial,5,1,"1 of 6 instruction(s) unchecked, first: clr CY",sdas8051 05.50.4+NoICE+SDCCmods-WIP-R14
bank1,88F0,FUN_CODE_88f0,match,8,0,,sdas8051 05.50.4+NoICE+SDCCmods-WIP-R14
bank1,8901,FUN_CODE_8901,match,1,0,,sdas8051 05.50.4+NoICE+SDCCmods-WIP-R14
bank1,8902,FUN_CODE_8902,match,10,0,,sdas8051 05.50.4+NoICE+SDCCmods-WIP-R14
bank1,8915,FUN_CODE_8915,partial,32,1,"1 of 33 instruction(s) unchecked, first: clr CY",sdas8051 05.50.4+NoICE+SDCCmods-WIP-R14
bank1,8955,FUN_CODE_8955,match,12,0,,sdas8051 05.50.4+NoICE+SDCCmods-WIP-R14
bank1,896A,FUN_CODE_896a,match,8,0,,sdas8051 05.50.4+NoICE+SDCCmods-WIP-R14
bank1,897B,FUN_CODE_897b,match,25,0,,sdas8051 05.50.4+NoICE+SDCCmods-WIP-R14
bank1,89A9,FUN_CODE_89a9,partial,7,1,"1 of 8 instruction(s) unchecked, first: clr CY",sdas8051 05.50.4+NoICE+SDCCmods-WIP-R14
bank1,89B5,FUN_CODE_89b5,assembler-gap,26,0,no bytes emitted at 89B5,sdas8051 05.50.4+NoICE+SDCCmods-WIP-R14
bank1,89E7,FUN_CODE_89e7,partial,8,1,"1 of 9 instruction(s) unchecked, first: clr CY",sdas8051 05.50.4+NoICE+SDCCmods-WIP-R14
bank1,89F4,FUN_CODE_89f4,match,10,0,,sdas8051 05.50.4+NoICE+SDCCmods-WIP-R14
bank1,8A03,FUN_CODE_8a03,match,1,0,,sdas8051 05.50.4+NoICE+SDCCmods-WIP-R14
bank1,8A6C,FUN_CODE_8a6c,match,10,0,,sdas8051 05.50.4+NoICE+SDCCmods-WIP-R14
bank1,8A80,caseD_0,assembler-gap,1,0,no bytes emitted at 8A80,sdas8051 05.50.4+NoICE+SDCCmods-WIP-R14
bank1,8A98,FUN_CODE_8a98,match,10,0,,sdas8051 05.50.4+NoICE+SDCCmods-WIP-R14
bank1,8AA7,FUN_CODE_8aa7,match,10,0,,sdas8051 05.50.4+NoICE+SDCCmods-WIP-R14
bank1,8ABB,FUN_CODE_8abb,match,22,0,,sdas8051 05.50.4+NoICE+SDCCmods-WIP-R14
bank1,8AE5,FUN_CODE_8ae5,match,13,0,,sdas8051 05.50.4+NoICE+SDCCmods-WIP-R14
bank1,8B01,FUN_CODE_8b01,match,1,0,,sdas8051 05.50.4+NoICE+SDCCmods-WIP-R14
bank1,8B04,FUN_CODE_8b04,match,64,0,,sdas8051 05.50.4+NoICE+SDCCmods-WIP-R14
bank1,8B31,FUN_CODE_8b31,partial,1,1,"1 of 2 instruction(s) unchecked, first: clr CY",sdas8051 05.50.4+NoICE+SDCCmods-WIP-R14
bank1,8B33,FUN_CODE_8b33,match,2,0,,sdas8051 05.50.4+NoICE+SDCCmods-WIP-R14
bank1,8B8F,FUN_CODE_8b8f,match,19,0,,sdas8051 05.50.4+NoICE+SDCCmods-WIP-R14
bank1,8BB2,FUN_CODE_8bb2,match,17,0,,sdas8051 05.50.4+NoICE+SDCCmods-WIP-R14
bank1,8BD1,FUN_CODE_8bd1,partial,114,1,"1 of 115 instruction(s) unchecked, first: clr CY",sdas8051 05.50.4+NoICE+SDCCmods-WIP-R14
bank1,8CDB,FUN_CODE_8cdb,partial,1,1,"1 of 2 instruction(s) unchecked, first: clr CY",sdas8051 05.50.4+NoICE+SDCCmods-WIP-R14
bank1,8CDD,FUN_CODE_8cdd,match,3,0,,sdas8051 05.50.4+NoICE+SDCCmods-WIP-R14
bank1,8CE3,FUN_CODE_8ce3,match,6,0,,sdas8051 05.50.4+NoICE+SDCCmods-WIP-R14
bank1,8CEC,FUN_CODE_8cec,match,28,0,,sdas8051 05.50.4+NoICE+SDCCmods-WIP-R14
bank1,8D25,FUN_CODE_8d25,partial,28,1,"1 of 29 instruction(s) unchecked, first: clr CY",sdas8051 05.50.4+NoICE+SDCCmods-WIP-R14
bank1,8D62,FUN_CODE_8d62,match,9,0,,sdas8051 05.50.4+NoICE+SDCCmods-WIP-R14
bank1,8D74,FUN_CODE_8d74,match,7,0,,sdas8051 05.50.4+NoICE+SDCCmods-WIP-R14
bank1,8D83,FUN_CODE_8d83,match,30,0,,sdas8051 05.50.4+NoICE+SDCCmods-WIP-R14
bank1,8DBC,FUN_CODE_8dbc,match,19,0,,sdas8051 05.50.4+NoICE+SDCCmods-WIP-R14
bank1,8DE4,FUN_CODE_8de4,match,70,0,,sdas8051 05.50.4+NoICE+SDCCmods-WIP-R14
bank1,8E3B,FUN_CODE_8e3b,match,9,0,,sdas8051 05.50.4+NoICE+SDCCmods-WIP-R14
bank1,8E91,FUN_CODE_8e91,match,27,0,,sdas8051 05.50.4+NoICE+SDCCmods-WIP-R14
bank1,8ECC,FUN_CODE_8ecc,partial,48,2,"2 of 50 instruction(s) unchecked, first: clr CY",sdas8051 05.50.4+NoICE+SDCCmods-WIP-R14
bank1,8F37,FUN_CODE_8f37,match,15,0,,sdas8051 05.50.4+NoICE+SDCCmods-WIP-R14
bank1,8F54,FUN_CODE_8f54,match,12,0,,sdas8051 05.50.4+NoICE+SDCCmods-WIP-R14
bank1,8F6B,FUN_CODE_8f6b,match,79,0,,sdas8051 05.50.4+NoICE+SDCCmods-WIP-R14
bank1,9000,FUN_CODE_9000,match,1,0,,sdas8051 05.50.4+NoICE+SDCCmods-WIP-R14
bank1,9001,FUN_CODE_9001,match,1,0,,sdas8051 05.50.4+NoICE+SDCCmods-WIP-R14
bank1,9004,FUN_CODE_9004,match,1,0,,sdas8051 05.50.4+NoICE+SDCCmods-WIP-R14
bank1,9007,FUN_CODE_9007,match,1,0,,sdas8051 05.50.4+NoICE+SDCCmods-WIP-R14
bank1,9008,FUN_CODE_9008,match,61,0,,sdas8051 05.50.4+NoICE+SDCCmods-WIP-R14
bank1,9081,FUN_CODE_9081,match,23,0,,sdas8051 05.50.4+NoICE+SDCCmods-WIP-R14
bank1,90B0,thunk_FUN_CODE_90b8,match,1,0,,sdas8051 05.50.4+NoICE+SDCCmods-WIP-R14
bank1,90B8,FUN_CODE_90b8,match,89,0,,sdas8051 05.50.4+NoICE+SDCCmods-WIP-R14
bank1,9178,FUN_CODE_9178,match,4,0,,sdas8051 05.50.4+NoICE+SDCCmods-WIP-R14
bank1,9182,FUN_CODE_9182,partial,16,1,"1 of 17 instruction(s) unchecked, first: clr CY",sdas8051 05.50.4+NoICE+SDCCmods-WIP-R14
bank1,9193,FUN_CODE_9193,match,6,0,,sdas8051 05.50.4+NoICE+SDCCmods-WIP-R14
bank1,9199,FUN_CODE_9199,match,25,0,,sdas8051 05.50.4+NoICE+SDCCmods-WIP-R14
bank1,91D0,caseD_0,match,1,0,,sdas8051 05.50.4+NoICE+SDCCmods-WIP-R14
bank1,91E8,FUN_CODE_91e8,match,11,0,,sdas8051 05.50.4+NoICE+SDCCmods-WIP-R14
bank1,91FA,FUN_CODE_91fa,match,4,0,,sdas8051 05.50.4+NoICE+SDCCmods-WIP-R14
bank1,9202,FUN_CODE_9202,partial,51,5,"5 of 56 instruction(s) unchecked, first: movc A, @A+DPTR",sdas8051 05.50.4+NoICE+SDCCmods-WIP-R14
bank1,92BF,FUN_CODE_92bf,partial,17,1,"1 of 18 instruction(s) unchecked, first: clr CY",sdas8051 05.50.4+NoICE+SDCCmods-WIP-R14
bank1,92DC,FUN_CODE_92dc,match,13,0,,sdas8051 05.50.4+NoICE+SDCCmods-WIP-R14
bank1,92F7,FUN_CODE_92f7,assembler-gap,41,1,no bytes emitted at 92F7,sdas8051 05.50.4+NoICE+SDCCmods-WIP-R14
bank1,9354,FUN_CODE_9354,partial,14,1,"1 of 15 instruction(s) unchecked, first: clr CY",sdas8051 05.50.4+NoICE+SDCCmods-WIP-R14
bank1,9373,FUN_CODE_9373,match,9,0,,sdas8051 05.50.4+NoICE+SDCCmods-WIP-R14
bank1,9416,FUN_CODE_9416,partial,71,6,"6 of 77 instruction(s) unchecked, first: movc A, @A+DPTR",sdas8051 05.50.4+NoICE+SDCCmods-WIP-R14
bank1,94A8,FUN_CODE_94a8,partial,41,1,"1 of 42 instruction(s) unchecked, first: movc A, @A+DPTR",sdas8051 05.50.4+NoICE+SDCCmods-WIP-R14
bank1,94FA,FUN_CODE_94fa,partial,90,2,"2 of 92 instruction(s) unchecked, first: clr CY",sdas8051 05.50.4+NoICE+SDCCmods-WIP-R14
bank1,95AE,FUN_CODE_95ae,match,5,0,,sdas8051 05.50.4+NoICE+SDCCmods-WIP-R14
bank1,95B7,FUN_CODE_95b7,match,21,0,,sdas8051 05.50.4+NoICE+SDCCmods-WIP-R14
bank1,95E5,FUN_CODE_95e5,match,66,0,,sdas8051 05.50.4+NoICE+SDCCmods-WIP-R14
bank1,966C,FUN_CODE_966c,match,93,0,,sdas8051 05.50.4+NoICE+SDCCmods-WIP-R14
bank1,9733,FUN_CODE_9733,match,27,0,,sdas8051 05.50.4+NoICE+SDCCmods-WIP-R14
bank1,976E,FUN_CODE_976e,match,80,0,,sdas8051 05.50.4+NoICE+SDCCmods-WIP-R14
bank1,9816,FUN_CODE_9816,match,1,0,,sdas8051 05.50.4+NoICE+SDCCmods-WIP-R14
bank1,9817,FUN_CODE_9817,match,75,0,,sdas8051 05.50.4+NoICE+SDCCmods-WIP-R14
bank1,98B3,FUN_CODE_98b3,match,1,0,,sdas8051 05.50.4+NoICE+SDCCmods-WIP-R14
bank1,98B4,caseD_0,match,1,0,,sdas8051 05.50.4+NoICE+SDCCmods-WIP-R14
bank1,98CC,FUN_CODE_98cc,match,13,0,,sdas8051 05.50.4+NoICE+SDCCmods-WIP-R14
bank1,98E5,thunk_FUN_CODE_98fe,match,1,0,,sdas8051 05.50.4+NoICE+SDCCmods-WIP-R14
bank1,98FE,FUN_CODE_98fe,match,4,0,,sdas8051 05.50.4+NoICE+SDCCmods-WIP-R14
bank1,9967,thunk_FUN_CODE_98fe,match,1,0,,sdas8051 05.50.4+NoICE+SDCCmods-WIP-R14
bank1,99B0,FUN_CODE_99b0,match,4,0,,sdas8051 05.50.4+NoICE+SDCCmods-WIP-R14
bank1,99B7,caseD_0,match,1,0,,sdas8051 05.50.4+NoICE+SDCCmods-WIP-R14
bank1,99CF,FUN_CODE_99cf,partial,10,1,"1 of 11 instruction(s) unchecked, first: clr CY",sdas8051 05.50.4+NoICE+SDCCmods-WIP-R14
bank1,99E0,FUN_CODE_99e0,match,7,0,,sdas8051 05.50.4+NoICE+SDCCmods-WIP-R14
bank1,99ED,FUN_CODE_99ed,match,4,0,,sdas8051 05.50.4+NoICE+SDCCmods-WIP-R14
bank1,99F4,FUN_CODE_99f4,match,7,0,,sdas8051 05.50.4+NoICE+SDCCmods-WIP-R14
bank1,9A01,FUN_CODE_9a01,match,7,0,,sdas8051 05.50.4+NoICE+SDCCmods-WIP-R14
bank1,9A0E,FUN_CODE_9a0e,match,7,0,,sdas8051 05.50.4+NoICE+SDCCmods-WIP-R14
bank1,9A1B,FUN_CODE_9a1b,match,10,0,,sdas8051 05.50.4+NoICE+SDCCmods-WIP-R14
bank1,9A2E,FUN_CODE_9a2e,match,7,0,,sdas8051 05.50.4+NoICE+SDCCmods-WIP-R14
bank1,9A3B,FUN_CODE_9a3b,match,4,0,,sdas8051 05.50.4+NoICE+SDCCmods-WIP-R14
bank1,9A41,FUN_CODE_9a41,match,28,0,,sdas8051 05.50.4+NoICE+SDCCmods-WIP-R14
bank1,9A78,FUN_CODE_9a78,match,24,0,,sdas8051 05.50.4+NoICE+SDCCmods-WIP-R14
bank1,9AD2,caseD_0,match,1,0,,sdas8051 05.50.4+NoICE+SDCCmods-WIP-R14
bank1,9AEA,FUN_CODE_9aea,match,13,0,,sdas8051 05.50.4+NoICE+SDCCmods-WIP-R14
bank1,9B03,FUN_CODE_9b03,match,25,0,,sdas8051 05.50.4+NoICE+SDCCmods-WIP-R14
bank1,9B35,FUN_CODE_9b35,match,4,0,,sdas8051 05.50.4+NoICE+SDCCmods-WIP-R14
bank1,9B3C,FUN_CODE_9b3c,partial,89,1,"1 of 90 instruction(s) unchecked, first: clr CY",sdas8051 05.50.4+NoICE+SDCCmods-WIP-R14
bank1,9BE6,FUN_CODE_9be6,match,9,0,,sdas8051 05.50.4+NoICE+SDCCmods-WIP-R14
bank1,9BF8,FUN_CODE_9bf8,match,12,0,,sdas8051 05.50.4+NoICE+SDCCmods-WIP-R14
bank1,9C0E,FUN_CODE_9c0e,partial,32,1,"1 of 33 instruction(s) unchecked, first: clr CY",sdas8051 05.50.4+NoICE+SDCCmods-WIP-R14
bank1,9C53,FUN_CODE_9c53,match,55,0,,sdas8051 05.50.4+NoICE+SDCCmods-WIP-R14
bank1,9CC0,FUN_CODE_9cc0,partial,12,1,"1 of 13 instruction(s) unchecked, first: clr CY",sdas8051 05.50.4+NoICE+SDCCmods-WIP-R14
bank1,9CD8,FUN_CODE_9cd8,partial,13,1,"1 of 14 instruction(s) unchecked, first: clr CY",sdas8051 05.50.4+NoICE+SDCCmods-WIP-R14
bank1,9CE8,FUN_CODE_9ce8,assembler-gap,46,0,no bytes emitted at 9CE8,sdas8051 05.50.4+NoICE+SDCCmods-WIP-R14
bank1,9D45,FUN_CODE_9d45,match,4,0,,sdas8051 05.50.4+NoICE+SDCCmods-WIP-R14
bank1,9D4C,FUN_CODE_9d4c,match,4,0,,sdas8051 05.50.4+NoICE+SDCCmods-WIP-R14
bank1,9D53,FUN_CODE_9d53,match,97,0,,sdas8051 05.50.4+NoICE+SDCCmods-WIP-R14
bank1,9E0E,caseD_0,match,1,0,,sdas8051 05.50.4+NoICE+SDCCmods-WIP-R14
bank1,9E26,FUN_CODE_9e26,partial,10,1,"1 of 11 instruction(s) unchecked, first: clr CY",sdas8051 05.50.4+NoICE+SDCCmods-WIP-R14
bank1,9E37,FUN_CODE_9e37,match,7,0,,sdas8051 05.50.4+NoICE+SDCCmods-WIP-R14
bank1,9E44,FUN_CODE_9e44,match,4,0,,sdas8051 05.50.4+NoICE+SDCCmods-WIP-R14
bank1,9E4B,FUN_CODE_9e4b,match,7,0,,sdas8051 05.50.4+NoICE+SDCCmods-WIP-R14
bank1,9E58,FUN_CODE_9e58,match,7,0,,sdas8051 05.50.4+NoICE+SDCCmods-WIP-R14
bank1,9E65,FUN_CODE_9e65,match,7,0,,sdas8051 05.50.4+NoICE+SDCCmods-WIP-R14
bank1,9E72,FUN_CODE_9e72,match,10,0,,sdas8051 05.50.4+NoICE+SDCCmods-WIP-R14
bank1,9E85,FUN_CODE_9e85,match,7,0,,sdas8051 05.50.4+NoICE+SDCCmods-WIP-R14
bank1,9E92,FUN_CODE_9e92,match,9,0,,sdas8051 05.50.4+NoICE+SDCCmods-WIP-R14
bank1,9EA1,FUN_CODE_9ea1,partial,38,1,"1 of 39 instruction(s) unchecked, first: clr CY",sdas8051 05.50.4+NoICE+SDCCmods-WIP-R14
bank1,9ED4,FUN_CODE_9ed4,partial,16,2,"2 of 18 instruction(s) unchecked, first: push A",sdas8051 05.50.4+NoICE+SDCCmods-WIP-R14
bank1,9EF6,FUN_CODE_9ef6,match,5,0,,sdas8051 05.50.4+NoICE+SDCCmods-WIP-R14
bank1,9F00,FUN_CODE_9f00,match,1,0,,sdas8051 05.50.4+NoICE+SDCCmods-WIP-R14
bank1,9F04,FUN_CODE_9f04,assembler-gap,87,2,no bytes emitted at 9F73,sdas8051 05.50.4+NoICE+SDCCmods-WIP-R14
bank1,9FC1,FUN_CODE_9fc1,match,3,0,,sdas8051 05.50.4+NoICE+SDCCmods-WIP-R14
bank1,9FCA,FUN_CODE_9fca,match,1,0,,sdas8051 05.50.4+NoICE+SDCCmods-WIP-R14
bank1,9FCB,FUN_CODE_9fcb,match,19,0,,sdas8051 05.50.4+NoICE+SDCCmods-WIP-R14
bank1,9FF0,FUN_CODE_9ff0,match,28,0,,sdas8051 05.50.4+NoICE+SDCCmods-WIP-R14
bank1,A029,FUN_CODE_a029,match,21,0,,sdas8051 05.50.4+NoICE+SDCCmods-WIP-R14
bank1,A054,FUN_CODE_a054,match,6,0,,sdas8051 05.50.4+NoICE+SDCCmods-WIP-R14
bank1,A064,FUN_CODE_a064,match,51,0,,sdas8051 05.50.4+NoICE+SDCCmods-WIP-R14
bank1,A0CC,FUN_CODE_a0cc,match,47,0,,sdas8051 05.50.4+NoICE+SDCCmods-WIP-R14
bank1,A12C,FUN_CODE_a12c,match,1,0,,sdas8051 05.50.4+NoICE+SDCCmods-WIP-R14
bank1,A12D,FUN_CODE_a12d,match,70,0,,sdas8051 05.50.4+NoICE+SDCCmods-WIP-R14
bank1,A1BE,FUN_CODE_a1be,match,1,0,,sdas8051 05.50.4+NoICE+SDCCmods-WIP-R14
bank1,A1BF,FUN_CODE_a1bf,match,25,0,,sdas8051 05.50.4+NoICE+SDCCmods-WIP-R14
bank1,A1F5,FUN_CODE_a1f5,assembler-gap,1,0,no bytes emitted at A1F5,sdas8051 05.50.4+NoICE+SDCCmods-WIP-R14
bank1,A1F6,FUN_CODE_a1f6,match,14,0,,sdas8051 05.50.4+NoICE+SDCCmods-WIP-R14
bank1,A211,FUN_CODE_a211,match,30,0,,sdas8051 05.50.4+NoICE+SDCCmods-WIP-R14
bank1,A24E,FUN_CODE_a24e,partial,76,1,"1 of 77 instruction(s) unchecked, first: clr CY",sdas8051 05.50.4+NoICE+SDCCmods-WIP-R14
bank1,A2DA,FUN_CODE_a2da,match,1,0,,sdas8051 05.50.4+NoICE+SDCCmods-WIP-R14
bank1,A2F3,FUN_CODE_a2f3,match,18,0,,sdas8051 05.50.4+NoICE+SDCCmods-WIP-R14
bank1,A31B,caseD_6,match,8,0,,sdas8051 05.50.4+NoICE+SDCCmods-WIP-R14
bank1,A32C,FUN_CODE_a32c,match,8,0,,sdas8051 05.50.4+NoICE+SDCCmods-WIP-R14
bank1,A33D,FUN_CODE_a33d,match,8,0,,sdas8051 05.50.4+NoICE+SDCCmods-WIP-R14
bank1,A34E,FUN_CODE_a34e,match,8,0,,sdas8051 05.50.4+NoICE+SDCCmods-WIP-R14
bank1,A35F,FUN_CODE_a35f,match,8,0,,sdas8051 05.50.4+NoICE+SDCCmods-WIP-R14
bank1,A370,FUN_CODE_a370,match,8,0,,sdas8051 05.50.4+NoICE+SDCCmods-WIP-R14
bank1,A380,FUN_CODE_a380,match,4,0,,sdas8051 05.50.4+NoICE+SDCCmods-WIP-R14
bank1,A388,FUN_CODE_a388,match,1,0,,sdas8051 05.50.4+NoICE+SDCCmods-WIP-R14
bank1,A389,FUN_CODE_a389,match,21,0,,sdas8051 05.50.4+NoICE+SDCCmods-WIP-R14
bank1,A3B2,FUN_CODE_a3b2,match,34,0,,sdas8051 05.50.4+NoICE+SDCCmods-WIP-R14
bank1,A3F7,FUN_CODE_a3f7,match,33,0,,sdas8051 05.50.4+NoICE+SDCCmods-WIP-R14
bank1,A43B,FUN_CODE_a43b,match,8,0,,sdas8051 05.50.4+NoICE+SDCCmods-WIP-R14
bank1,A44C,FUN_CODE_a44c,match,4,0,,sdas8051 05.50.4+NoICE+SDCCmods-WIP-R14
bank1,A452,FUN_CODE_a452,partial,17,1,"1 of 18 instruction(s) unchecked, first: movc A, @A+DPTR",sdas8051 05.50.4+NoICE+SDCCmods-WIP-R14
bank1,A476,FUN_CODE_a476,match,45,0,,sdas8051 05.50.4+NoICE+SDCCmods-WIP-R14
bank1,A4CF,FUN_CODE_a4cf,match,21,0,,sdas8051 05.50.4+NoICE+SDCCmods-WIP-R14
bank1,A4FD,FUN_CODE_a4fd,match,2,0,,sdas8051 05.50.4+NoICE+SDCCmods-WIP-R14
bank1,A501,FUN_CODE_a501,match,13,0,,sdas8051 05.50.4+NoICE+SDCCmods-WIP-R14
bank1,A530,FUN_CODE_a530,partial,18,7,"7 of 25 instruction(s) unchecked, first: push DPH",sdas8051 05.50.4+NoICE+SDCCmods-WIP-R14
bank1,A55C,FUN_CODE_a55c,match,6,0,,sdas8051 05.50.4+NoICE+SDCCmods-WIP-R14
bank1,A567,FUN_CODE_a567,partial,10,2,"2 of 12 instruction(s) unchecked, first: push A",sdas8051 05.50.4+NoICE+SDCCmods-WIP-R14
bank1,A57E,FUN_CODE_a57e,partial,13,4,"4 of 17 instruction(s) unchecked, first: push A",sdas8051 05.50.4+NoICE+SDCCmods-WIP-R14
bank1,A5A7,FUN_CODE_a5a7,partial,34,4,"4 of 38 instruction(s) unchecked, first: push 0x04",sdas8051 05.50.4+NoICE+SDCCmods-WIP-R14
bank1,A5E6,FUN_CODE_a5e6,partial,37,2,"2 of 39 instruction(s) unchecked, first: clr CY",sdas8051 05.50.4+NoICE+SDCCmods-WIP-R14
bank1,A6C5,FUN_CODE_a6c5,match,10,0,,sdas8051 05.50.4+NoICE+SDCCmods-WIP-R14
bank1,A750,FUN_CODE_a750,assembler-gap,64,0,no bytes emitted at A750,sdas8051 05.50.4+NoICE+SDCCmods-WIP-R14
bank1,A7D8,FUN_CODE_a7d8,match,16,0,,sdas8051 05.50.4+NoICE+SDCCmods-WIP-R14
bank1,A7F7,FUN_CODE_a7f7,match,16,0,,sdas8051 05.50.4+NoICE+SDCCmods-WIP-R14
bank1,A816,FUN_CODE_a816,match,16,0,,sdas8051 05.50.4+NoICE+SDCCmods-WIP-R14
bank1,A835,FUN_CODE_a835,match,4,0,,sdas8051 05.50.4+NoICE+SDCCmods-WIP-R14
bank1,A841,FUN_CODE_a841,match,19,0,,sdas8051 05.50.4+NoICE+SDCCmods-WIP-R14
bank1,A873,FUN_CODE_a873,match,12,0,,sdas8051 05.50.4+NoICE+SDCCmods-WIP-R14
bank1,A88D,FUN_CODE_a88d,match,12,0,,sdas8051 05.50.4+NoICE+SDCCmods-WIP-R14
bank1,A8A7,FUN_CODE_a8a7,partial,15,1,"1 of 16 instruction(s) unchecked, first: movc A, @A+DPTR",sdas8051 05.50.4+NoICE+SDCCmods-WIP-R14
bank1,A8C5,FUN_CODE_a8c5,match,10,0,,sdas8051 05.50.4+NoICE+SDCCmods-WIP-R14
bank1,A8DA,FUN_CODE_a8da,match,3,0,,sdas8051 05.50.4+NoICE+SDCCmods-WIP-R14
bank1,A8DF,FUN_CODE_a8df,match,3,0,,sdas8051 05.50.4+NoICE+SDCCmods-WIP-R14
bank1,A8E4,FUN_CODE_a8e4,match,3,0,,sdas8051 05.50.4+NoICE+SDCCmods-WIP-R14
bank1,A8E9,FUN_CODE_a8e9,match,4,0,,sdas8051 05.50.4+NoICE+SDCCmods-WIP-R14
bank1,A8F0,FUN_CODE_a8f0,partial,20,1,"1 of 21 instruction(s) unchecked, first: clr CY",sdas8051 05.50.4+NoICE+SDCCmods-WIP-R14
bank1,A916,FUN_CODE_a916,partial,79,1,"1 of 80 instruction(s) unchecked, first: clr CY",sdas8051 05.50.4+NoICE+SDCCmods-WIP-R14
bank1,A9B3,FUN_CODE_a9b3,match,1,0,,sdas8051 05.50.4+NoICE+SDCCmods-WIP-R14
bank1,A9B4,FUN_CODE_a9b4,partial,58,1,"1 of 59 instruction(s) unchecked, first: clr CY",sdas8051 05.50.4+NoICE+SDCCmods-WIP-R14
bank1,AA39,FUN_CODE_aa39,match,49,0,,sdas8051 05.50.4+NoICE+SDCCmods-WIP-R14
bank1,AAA2,FUN_CODE_aaa2,match,12,0,,sdas8051 05.50.4+NoICE+SDCCmods-WIP-R14
bank1,AAB9,FUN_CODE_aab9,match,32,0,,sdas8051 05.50.4+NoICE+SDCCmods-WIP-R14
bank1,AAF9,FUN_CODE_aaf9,match,25,0,,sdas8051 05.50.4+NoICE+SDCCmods-WIP-R14
bank1,AB29,FUN_CODE_ab29,match,31,0,,sdas8051 05.50.4+NoICE+SDCCmods-WIP-R14
bank1,AB64,FUN_CODE_ab64,match,5,0,,sdas8051 05.50.4+NoICE+SDCCmods-WIP-R14
bank1,AB71,FUN_CODE_ab71,match,2,0,,sdas8051 05.50.4+NoICE+SDCCmods-WIP-R14
bank1,AB75,FUN_CODE_ab75,match,4,0,,sdas8051 05.50.4+NoICE+SDCCmods-WIP-R14
bank1,AB7F,FUN_CODE_ab7f,match,3,0,,sdas8051 05.50.4+NoICE+SDCCmods-WIP-R14
bank1,AB86,FUN_CODE_ab86,match,3,0,,sdas8051 05.50.4+NoICE+SDCCmods-WIP-R14
bank1,AB8D,FUN_CODE_ab8d,match,3,0,,sdas8051 05.50.4+NoICE+SDCCmods-WIP-R14
bank1,AB94,FUN_CODE_ab94,match,3,0,,sdas8051 05.50.4+NoICE+SDCCmods-WIP-R14
bank1,AB9B,FUN_CODE_ab9b,match,5,0,,sdas8051 05.50.4+NoICE+SDCCmods-WIP-R14
bank1,ABA8,FUN_CODE_aba8,match,6,0,,sdas8051 05.50.4+NoICE+SDCCmods-WIP-R14
bank1,ABB8,FUN_CODE_abb8,match,8,0,,sdas8051 05.50.4+NoICE+SDCCmods-WIP-R14
bank1,ABCE,FUN_CODE_abce,match,4,0,,sdas8051 05.50.4+NoICE+SDCCmods-WIP-R14
bank1,ABD8,FUN_CODE_abd8,match,4,0,,sdas8051 05.50.4+NoICE+SDCCmods-WIP-R14
bank1,ABE2,FUN_CODE_abe2,match,3,0,,sdas8051 05.50.4+NoICE+SDCCmods-WIP-R14
bank1,ABE9,FUN_CODE_abe9,match,1,0,,sdas8051 05.50.4+NoICE+SDCCmods-WIP-R14
bank1,ABEA,FUN_CODE_abea,match,2,0,,sdas8051 05.50.4+NoICE+SDCCmods-WIP-R14
bank1,ABEE,FUN_CODE_abee,match,5,0,,sdas8051 05.50.4+NoICE+SDCCmods-WIP-R14
bank1,ABFB,FUN_CODE_abfb,match,2,0,,sdas8051 05.50.4+NoICE+SDCCmods-WIP-R14
bank1,ABFF,FUN_CODE_abff,match,5,0,,sdas8051 05.50.4+NoICE+SDCCmods-WIP-R14
bank1,AC0C,FUN_CODE_ac0c,match,1,0,,sdas8051 05.50.4+NoICE+SDCCmods-WIP-R14
bank1,AC0D,FUN_CODE_ac0d,match,2,0,,sdas8051 05.50.4+NoICE+SDCCmods-WIP-R14
bank1,AC11,FUN_CODE_ac11,match,15,0,,sdas8051 05.50.4+NoICE+SDCCmods-WIP-R14
bank1,AC36,FUN_CODE_ac36,match,12,0,,sdas8051 05.50.4+NoICE+SDCCmods-WIP-R14
bank1,AC6D,FUN_CODE_ac6d,match,11,0,,sdas8051 05.50.4+NoICE+SDCCmods-WIP-R14
bank1,AC83,FUN_CODE_ac83,match,1,0,,sdas8051 05.50.4+NoICE+SDCCmods-WIP-R14
bank1,AC84,FUN_CODE_ac84,partial,87,1,"1 of 88 instruction(s) unchecked, first: clr CY",sdas8051 05.50.4+NoICE+SDCCmods-WIP-R14
bank1,AD50,caseD_0,match,1,0,,sdas8051 05.50.4+NoICE+SDCCmods-WIP-R14
bank1,AD68,FUN_CODE_ad68,match,10,0,,sdas8051 05.50.4+NoICE+SDCCmods-WIP-R14
bank1,AD77,thunk_FUN_CODE_b56c,match,1,0,,sdas8051 05.50.4+NoICE+SDCCmods-WIP-R14
bank1,AD7A,thunk_FUN_CODE_adfd,match,1,0,,sdas8051 05.50.4+NoICE+SDCCmods-WIP-R14
bank1,AD7D,thunk_FUN_CODE_af06,match,1,0,,sdas8051 05.50.4+NoICE+SDCCmods-WIP-R14
bank1,AD80,thunk_FUN_CODE_ad8b,match,1,0,,sdas8051 05.50.4+NoICE+SDCCmods-WIP-R14
bank1,AD82,thunk_FUN_CODE_b2d5,match,1,0,,sdas8051 05.50.4+NoICE+SDCCmods-WIP-R14
bank1,AD85,thunk_FUN_CODE_b33b,match,1,0,,sdas8051 05.50.4+NoICE+SDCCmods-WIP-R14
bank1,AD88,thunk_FUN_CODE_c245,match,1,0,,sdas8051 05.50.4+NoICE+SDCCmods-WIP-R14
bank1,AD8B,FUN_CODE_ad8b,match,43,0,,sdas8051 05.50.4+NoICE+SDCCmods-WIP-R14
bank1,ADFD,FUN_CODE_adfd,match,14,0,,sdas8051 05.50.4+NoICE+SDCCmods-WIP-R14
bank1,AE16,FUN_CODE_ae16,match,10,0,,sdas8051 05.50.4+NoICE+SDCCmods-WIP-R14
bank1,AE2B,FUN_CODE_ae2b,match,6,0,,sdas8051 05.50.4+NoICE+SDCCmods-WIP-R14
bank1,AE42,FUN_CODE_ae42,assembler-gap,17,0,no bytes emitted at AE3B,sdas8051 05.50.4+NoICE+SDCCmods-WIP-R14
bank1,AE5F,FUN_CODE_ae5f,match,6,0,,sdas8051 05.50.4+NoICE+SDCCmods-WIP-R14
bank1,AE6F,FUN_CODE_ae6f,match,6,0,,sdas8051 05.50.4+NoICE+SDCCmods-WIP-R14
bank1,AE78,FUN_CODE_ae78,match,12,0,,sdas8051 05.50.4+NoICE+SDCCmods-WIP-R14
bank1,AE92,FUN_CODE_ae92,match,6,0,,sdas8051 05.50.4+NoICE+SDCCmods-WIP-R14
bank1,AEA2,FUN_CODE_aea2,match,13,0,,sdas8051 05.50.4+NoICE+SDCCmods-WIP-R14
bank1,AEBC,FUN_CODE_aebc,partial,13,1,"1 of 14 instruction(s) unchecked, first: clr CY",sdas8051 05.50.4+NoICE+SDCCmods-WIP-R14
bank1,AED9,FUN_CODE_aed9,match,4,0,,sdas8051 05.50.4+NoICE+SDCCmods-WIP-R14
bank1,AEE2,FUN_CODE_aee2,match,7,0,,sdas8051 05.50.4+NoICE+SDCCmods-WIP-R14
bank1,AEF3,FUN_CODE_aef3,match,8,0,,sdas8051 05.50.4+NoICE+SDCCmods-WIP-R14
bank1,AF06,FUN_CODE_af06,match,21,0,,sdas8051 05.50.4+NoICE+SDCCmods-WIP-R14
bank1,AF32,FUN_CODE_af32,match,12,0,,sdas8051 05.50.4+NoICE+SDCCmods-WIP-R14
bank1,B0D1,FUN_CODE_b0d1,assembler-gap,109,7,no bytes emitted at B134,sdas8051 05.50.4+NoICE+SDCCmods-WIP-R14
bank1,B1B3,FUN_CODE_b1b3,match,35,0,,sdas8051 05.50.4+NoICE+SDCCmods-WIP-R14
bank1,B202,FUN_CODE_b202,match,9,0,,sdas8051 05.50.4+NoICE+SDCCmods-WIP-R14
bank1,B214,FUN_CODE_b214,match,6,0,,sdas8051 05.50.4+NoICE+SDCCmods-WIP-R14
bank1,B224,FUN_CODE_b224,partial,57,2,"2 of 59 instruction(s) unchecked, first: clr CY",sdas8051 05.50.4+NoICE+SDCCmods-WIP-R14
bank1,B2A0,FUN_CODE_b2a0,match,23,0,,sdas8051 05.50.4+NoICE+SDCCmods-WIP-R14
bank1,B2D5,FUN_CODE_b2d5,partial,31,1,"1 of 32 instruction(s) unchecked, first: clr CY",sdas8051 05.50.4+NoICE+SDCCmods-WIP-R14
bank1,B321,FUN_CODE_b321,match,12,0,,sdas8051 05.50.4+NoICE+SDCCmods-WIP-R14
bank1,B33B,FUN_CODE_b33b,partial,86,1,"1 of 87 instruction(s) unchecked, first: clr CY",sdas8051 05.50.4+NoICE+SDCCmods-WIP-R14
bank1,B407,thunk_FUN_CODE_b40e,match,1,0,,sdas8051 05.50.4+NoICE+SDCCmods-WIP-R14
bank1,B409,FUN_CODE_b409,match,2,0,,sdas8051 05.50.4+NoICE+SDCCmods-WIP-R14
bank1,B40E,FUN_CODE_b40e,match,3,0,,sdas8051 05.50.4+NoICE+SDCCmods-WIP-R14
bank1,B415,FUN_CODE_b415,match,4,0,,sdas8051 05.50.4+NoICE+SDCCmods-WIP-R14
bank1,B41C,FUN_CODE_b41c,assembler-gap,15,1,no bytes emitted at B41C,sdas8051 05.50.4+NoICE+SDCCmods-WIP-R14
bank1,B43B,FUN_CODE_b43b,partial,98,1,"1 of 99 instruction(s) unchecked, first: clr CY",sdas8051 05.50.4+NoICE+SDCCmods-WIP-R14
bank1,B50E,FUN_CODE_b50e,match,38,0,,sdas8051 05.50.4+NoICE+SDCCmods-WIP-R14
bank1,B56C,FUN_CODE_b56c,match,26,0,,sdas8051 05.50.4+NoICE+SDCCmods-WIP-R14
bank1,B5AF,FUN_CODE_b5af,match,71,0,,sdas8051 05.50.4+NoICE+SDCCmods-WIP-R14
bank1,B652,FUN_CODE_b652,match,9,0,,sdas8051 05.50.4+NoICE+SDCCmods-WIP-R14
bank1,B666,FUN_CODE_b666,match,8,0,,sdas8051 05.50.4+NoICE+SDCCmods-WIP-R14
bank1,B679,FUN_CODE_b679,match,8,0,,sdas8051 05.50.4+NoICE+SDCCmods-WIP-R14
bank1,B68C,FUN_CODE_b68c,match,14,0,,sdas8051 05.50.4+NoICE+SDCCmods-WIP-R14
bank1,B6A8,FUN_CODE_b6a8,match,17,0,,sdas8051 05.50.4+NoICE+SDCCmods-WIP-R14
bank1,B6C9,FUN_CODE_b6c9,partial,16,1,"1 of 17 instruction(s) unchecked, first: clr CY",sdas8051 05.50.4+NoICE+SDCCmods-WIP-R14
bank1,B6DE,FUN_CODE_b6de,partial,25,3,"3 of 28 instruction(s) unchecked, first: clr CY",sdas8051 05.50.4+NoICE+SDCCmods-WIP-R14
bank1,B728,FUN_CODE_b728,match,24,0,,sdas8051 05.50.4+NoICE+SDCCmods-WIP-R14
bank1,B784,FUN_CODE_b784,match,65,0,,sdas8051 05.50.4+NoICE+SDCCmods-WIP-R14
bank1,B80A,FUN_CODE_b80a,match,30,0,,sdas8051 05.50.4+NoICE+SDCCmods-WIP-R14
bank1,B841,FUN_CODE_b841,match,39,0,,sdas8051 05.50.4+NoICE+SDCCmods-WIP-R14
bank1,B88C,FUN_CODE_b88c,match,41,0,,sdas8051 05.50.4+NoICE+SDCCmods-WIP-R14
bank1,B8E1,FUN_CODE_b8e1,match,30,0,,sdas8051 05.50.4+NoICE+SDCCmods-WIP-R14
bank1,B91B,FUN_CODE_b91b,match,13,0,,sdas8051 05.50.4+NoICE+SDCCmods-WIP-R14
bank1,B937,FUN_CODE_b937,match,22,0,,sdas8051 05.50.4+NoICE+SDCCmods-WIP-R14
bank1,B962,FUN_CODE_b962,match,22,0,,sdas8051 05.50.4+NoICE+SDCCmods-WIP-R14
bank1,B98D,FUN_CODE_b98d,match,83,0,,sdas8051 05.50.4+NoICE+SDCCmods-WIP-R14
bank1,BA43,FUN_CODE_ba43,match,49,0,,sdas8051 05.50.4+NoICE+SDCCmods-WIP-R14
bank1,BABF,FUN_CODE_babf,partial,51,1,"1 of 52 instruction(s) unchecked, first: clr CY",sdas8051 05.50.4+NoICE+SDCCmods-WIP-R14
bank1,BB3D,FUN_CODE_bb3d,match,1,0,,sdas8051 05.50.4+NoICE+SDCCmods-WIP-R14
bank1,BBA4,FUN_CODE_bba4,partial,43,2,"2 of 45 instruction(s) unchecked, first: clr CY",sdas8051 05.50.4+NoICE+SDCCmods-WIP-R14
bank1,BC05,FUN_CODE_bc05,partial,73,1,"1 of 74 instruction(s) unchecked, first: clr CY",sdas8051 05.50.4+NoICE+SDCCmods-WIP-R14
bank1,BCAA,FUN_CODE_bcaa,match,5,0,,sdas8051 05.50.4+NoICE+SDCCmods-WIP-R14
bank1,BCB3,FUN_CODE_bcb3,partial,49,3,"3 of 52 instruction(s) unchecked, first: clr CY",sdas8051 05.50.4+NoICE+SDCCmods-WIP-R14
bank1,BD10,FUN_CODE_bd10,assembler-gap,5,0,no bytes emitted at BD10,sdas8051 05.50.4+NoICE+SDCCmods-WIP-R14
bank1,BD20,FUN_CODE_bd20,match,17,0,,sdas8051 05.50.4+NoICE+SDCCmods-WIP-R14
bank1,BD45,FUN_CODE_bd45,partial,74,2,"2 of 76 instruction(s) unchecked, first: clr CY",sdas8051 05.50.4+NoICE+SDCCmods-WIP-R14
bank1,BDEF,FUN_CODE_bdef,match,9,0,,sdas8051 05.50.4+NoICE+SDCCmods-WIP-R14
bank1,BE02,FUN_CODE_be02,match,6,0,,sdas8051 05.50.4+NoICE+SDCCmods-WIP-R14
bank1,BE10,FUN_CODE_be10,partial,55,1,"1 of 56 instruction(s) unchecked, first: clr CY",sdas8051 05.50.4+NoICE+SDCCmods-WIP-R14
bank1,BE91,FUN_CODE_be91,match,55,0,,sdas8051 05.50.4+NoICE+SDCCmods-WIP-R14
bank1,BF0E,FUN_CODE_bf0e,match,20,0,,sdas8051 05.50.4+NoICE+SDCCmods-WIP-R14
bank1,BF3A,FUN_CODE_bf3a,match,59,0,,sdas8051 05.50.4+NoICE+SDCCmods-WIP-R14
bank1,BF93,thunk_FUN_CODE_bd20,match,1,0,,sdas8051 05.50.4+NoICE+SDCCmods-WIP-R14
bank1,BFBB,FUN_CODE_bfbb,match,52,0,,sdas8051 05.50.4+NoICE+SDCCmods-WIP-R14
bank1,BFD9,FUN_CODE_bfd9,match,7,0,,sdas8051 05.50.4+NoICE+SDCCmods-WIP-R14
bank1,C032,FUN_CODE_c032,match,58,0,,sdas8051 05.50.4+NoICE+SDCCmods-WIP-R14
bank1,C0A8,FUN_CODE_c0a8,match,65,0,,sdas8051 05.50.4+NoICE+SDCCmods-WIP-R14
bank1,C11C,FUN_CODE_c11c,match,95,0,,sdas8051 05.50.4+NoICE+SDCCmods-WIP-R14
bank1,C245,FUN_CODE_c245,match,13,0,,sdas8051 05.50.4+NoICE+SDCCmods-WIP-R14
bank1,C267,FUN_CODE_c267,match,8,0,,sdas8051 05.50.4+NoICE+SDCCmods-WIP-R14
bank1,C277,FUN_CODE_c277,match,28,0,,sdas8051 05.50.4+NoICE+SDCCmods-WIP-R14
bank1,C2B0,FUN_CODE_c2b0,match,20,0,,sdas8051 05.50.4+NoICE+SDCCmods-WIP-R14
bank1,C2E1,FUN_CODE_c2e1,match,29,0,,sdas8051 05.50.4+NoICE+SDCCmods-WIP-R14
bank1,C31D,FUN_CODE_c31d,match,1,0,,sdas8051 05.50.4+NoICE+SDCCmods-WIP-R14
bank1,C31E,FUN_CODE_c31e,match,1,0,,sdas8051 05.50.4+NoICE+SDCCmods-WIP-R14
bank1,C322,FUN_CODE_c322,assembler-gap,3,0,no bytes emitted at C322,sdas8051 05.50.4+NoICE+SDCCmods-WIP-R14
bank1,C352,FUN_CODE_c352,match,32,0,,sdas8051 05.50.4+NoICE+SDCCmods-WIP-R14
bank1,C392,FUN_CODE_c392,match,10,0,,sdas8051 05.50.4+NoICE+SDCCmods-WIP-R14
bank1,C3A0,FUN_CODE_c3a0,partial,17,1,"1 of 18 instruction(s) unchecked, first: clr CY",sdas8051 05.50.4+NoICE+SDCCmods-WIP-R14
bank1,C3CD,FUN_CODE_c3cd,match,45,0,,sdas8051 05.50.4+NoICE+SDCCmods-WIP-R14
bank1,C41D,FUN_CODE_c41d,match,4,0,,sdas8051 05.50.4+NoICE+SDCCmods-WIP-R14
bank1,C43B,FUN_CODE_c43b,partial,17,1,"1 of 18 instruction(s) unchecked, first: clr CY",sdas8051 05.50.4+NoICE+SDCCmods-WIP-R14
bank1,C45C,FUN_CODE_c45c,match,13,0,,sdas8051 05.50.4+NoICE+SDCCmods-WIP-R14
bank1,C4AF,FUN_CODE_c4af,match,18,0,,sdas8051 05.50.4+NoICE+SDCCmods-WIP-R14
bank1,C4D2,FUN_CODE_c4d2,match,15,0,,sdas8051 05.50.4+NoICE+SDCCmods-WIP-R14
bank1,C4F0,FUN_CODE_c4f0,partial,40,1,"1 of 41 instruction(s) unchecked, first: clr CY",sdas8051 05.50.4+NoICE+SDCCmods-WIP-R14
bank1,C541,FUN_CODE_c541,match,6,0,,sdas8051 05.50.4+NoICE+SDCCmods-WIP-R14
bank1,C54C,FUN_CODE_c54c,partial,40,1,"1 of 41 instruction(s) unchecked, first: clr CY",sdas8051 05.50.4+NoICE+SDCCmods-WIP-R14
bank1,C59F,FUN_CODE_c59f,partial,52,1,"1 of 53 instruction(s) unchecked, first: clr CY",sdas8051 05.50.4+NoICE+SDCCmods-WIP-R14
bank1,C613,FUN_CODE_c613,match,1,0,,sdas8051 05.50.4+NoICE+SDCCmods-WIP-R14
bank1,C614,FUN_CODE_c614,match,18,0,,sdas8051 05.50.4+NoICE+SDCCmods-WIP-R14
bank1,C638,FUN_CODE_c638,match,9,0,,sdas8051 05.50.4+NoICE+SDCCmods-WIP-R14
bank1,C647,FUN_CODE_c647,match,9,0,,sdas8051 05.50.4+NoICE+SDCCmods-WIP-R14
bank1,C659,FUN_CODE_c659,match,42,0,,sdas8051 05.50.4+NoICE+SDCCmods-WIP-R14
bank1,C6B0,FUN_CODE_c6b0,match,4,0,,sdas8051 05.50.4+NoICE+SDCCmods-WIP-R14
bank1,C6B8,FUN_CODE_c6b8,partial,20,1,"1 of 21 instruction(s) unchecked, first: clr CY",sdas8051 05.50.4+NoICE+SDCCmods-WIP-R14
bank1,C6DB,FUN_CODE_c6db,match,4,0,,sdas8051 05.50.4+NoICE+SDCCmods-WIP-R14
bank1,C700,FUN_CODE_c700,match,37,0,,sdas8051 05.50.4+NoICE+SDCCmods-WIP-R14
bank1,C747,FUN_CODE_c747,assembler-gap,5,0,no bytes emitted at C747,sdas8051 05.50.4+NoICE+SDCCmods-WIP-R14
bank1,C751,FUN_CODE_c751,match,21,0,,sdas8051 05.50.4+NoICE+SDCCmods-WIP-R14
bank1,C778,FUN_CODE_c778,match,22,0,,sdas8051 05.50.4+NoICE+SDCCmods-WIP-R14
bank1,C7A7,FUN_CODE_c7a7,match,11,0,,sdas8051 05.50.4+NoICE+SDCCmods-WIP-R14
bank1,C7ED,FUN_CODE_c7ed,match,4,0,,sdas8051 05.50.4+NoICE+SDCCmods-WIP-R14
bank1,C80E,FUN_CODE_c80e,match,26,0,,sdas8051 05.50.4+NoICE+SDCCmods-WIP-R14
bank1,C830,FUN_CODE_c830,match,23,0,,sdas8051 05.50.4+NoICE+SDCCmods-WIP-R14
bank1,C861,FUN_CODE_c861,match,17,0,,sdas8051 05.50.4+NoICE+SDCCmods-WIP-R14
bank1,C884,FUN_CODE_c884,match,27,0,,sdas8051 05.50.4+NoICE+SDCCmods-WIP-R14
bank1,C8BB,caseD_0,match,1,0,,sdas8051 05.50.4+NoICE+SDCCmods-WIP-R14
bank1,C8C7,FUN_CODE_c8c7,match,17,0,,sdas8051 05.50.4+NoICE+SDCCmods-WIP-R14
bank1,C8E3,FUN_CODE_c8e3,match,3,0,,sdas8051 05.50.4+NoICE+SDCCmods-WIP-R14
bank1,C8EA,FUN_CODE_c8ea,match,4,0,,sdas8051 05.50.4+NoICE+SDCCmods-WIP-R14
bank1,C8F4,thunk_FUN_CODE_c924,match,1,0,,sdas8051 05.50.4+NoICE+SDCCmods-WIP-R14
bank1,C8F6,FUN_CODE_c8f6,match,8,0,,sdas8051 05.50.4+NoICE+SDCCmods-WIP-R14
bank1,C90C,caseD_0,match,1,0,,sdas8051 05.50.4+NoICE+SDCCmods-WIP-R14
bank1,C924,FUN_CODE_c924,match,8,0,,sdas8051 05.50.4+NoICE+SDCCmods-WIP-R14
bank1,C931,FUN_CODE_c931,partial,32,1,"1 of 33 instruction(s) unchecked, first: clr CY",sdas8051 05.50.4+NoICE+SDCCmods-WIP-R14
bank1,C979,FUN_CODE_c979,match,34,0,,sdas8051 05.50.4+NoICE+SDCCmods-WIP-R14
bank1,C9BE,FUN_CODE_c9be,partial,32,1,"1 of 33 instruction(s) unchecked, first: clr CY",sdas8051 05.50.4+NoICE+SDCCmods-WIP-R14
bank1,CA02,FUN_CODE_ca02,partial,11,1,"1 of 12 instruction(s) unchecked, first: clr CY",sdas8051 05.50.4+NoICE+SDCCmods-WIP-R14
bank1,CA16,FUN_CODE_ca16,match,4,0,,sdas8051 05.50.4+NoICE+SDCCmods-WIP-R14
bank1,CA1D,FUN_CODE_ca1d,match,14,0,,sdas8051 05.50.4+NoICE+SDCCmods-WIP-R14
bank1,CA3E,FUN_CODE_ca3e,partial,42,2,"2 of 44 instruction(s) unchecked, first: clr CY",sdas8051 05.50.4+NoICE+SDCCmods-WIP-R14
bank1,CAB8,FUN_CODE_cab8,partial,42,2,"2 of 44 instruction(s) unchecked, first: clr CY",sdas8051 05.50.4+NoICE+SDCCmods-WIP-R14
bank1,CB08,FUN_CODE_cb08,match,12,0,,sdas8051 05.50.4+NoICE+SDCCmods-WIP-R14
bank1,CB1E,FUN_CODE_cb1e,match,1,0,,sdas8051 05.50.4+NoICE+SDCCmods-WIP-R14
bank1,CB1F,FUN_CODE_cb1f,partial,51,5,"5 of 56 instruction(s) unchecked, first: clr CY",sdas8051 05.50.4+NoICE+SDCCmods-WIP-R14
bank1,CB80,FUN_CODE_cb80,match,24,0,,sdas8051 05.50.4+NoICE+SDCCmods-WIP-R14
bank1,CBAB,FUN_CODE_cbab,partial,29,1,"1 of 30 instruction(s) unchecked, first: clr CY",sdas8051 05.50.4+NoICE+SDCCmods-WIP-R14
bank1,CBE8,FUN_CODE_cbe8,partial,6,1,"1 of 7 instruction(s) unchecked, first: clr CY",sdas8051 05.50.4+NoICE+SDCCmods-WIP-R14
bank1,CBF3,FUN_CODE_cbf3,match,28,0,,sdas8051 05.50.4+NoICE+SDCCmods-WIP-R14
bank1,CC2D,FUN_CODE_cc2d,partial,42,1,"1 of 43 instruction(s) unchecked, first: movc A, @A+DPTR",sdas8051 05.50.4+NoICE+SDCCmods-WIP-R14
bank1,CC95,FUN_CODE_cc95,partial,114,3,"3 of 117 instruction(s) unchecked, first: clr CY",sdas8051 05.50.4+NoICE+SDCCmods-WIP-R14
bank1,CD80,FUN_CODE_cd80,partial,28,1,"1 of 29 instruction(s) unchecked, first: clr CY",sdas8051 05.50.4+NoICE+SDCCmods-WIP-R14
bank1,CDCB,FUN_CODE_cdcb,match,18,0,,sdas8051 05.50.4+NoICE+SDCCmods-WIP-R14
bank1,CDDA,FUN_CODE_cdda,match,38,0,,sdas8051 05.50.4+NoICE+SDCCmods-WIP-R14
bank1,CE2D,FUN_CODE_ce2d,match,29,0,,sdas8051 05.50.4+NoICE+SDCCmods-WIP-R14
bank1,CE78,FUN_CODE_ce78,match,18,0,,sdas8051 05.50.4+NoICE+SDCCmods-WIP-R14
bank1,CEA9,FUN_CODE_cea9,match,18,0,,sdas8051 05.50.4+NoICE+SDCCmods-WIP-R14
bank1,CEDA,FUN_CODE_ceda,match,18,0,,sdas8051 05.50.4+NoICE+SDCCmods-WIP-R14
bank1,CF0B,FUN_CODE_cf0b,match,18,0,,sdas8051 05.50.4+NoICE+SDCCmods-WIP-R14
bank1,CF3C,FUN_CODE_cf3c,match,18,0,,sdas8051 05.50.4+NoICE+SDCCmods-WIP-R14
bank1,CF6D,FUN_CODE_cf6d,match,27,0,,sdas8051 05.50.4+NoICE+SDCCmods-WIP-R14
bank1,CFB1,FUN_CODE_cfb1,match,40,0,,sdas8051 05.50.4+NoICE+SDCCmods-WIP-R14
bank1,D000,caseD_0,match,1,0,,sdas8051 05.50.4+NoICE+SDCCmods-WIP-R14
bank1,D003,caseD_1,match,1,0,,sdas8051 05.50.4+NoICE+SDCCmods-WIP-R14
bank1,D018,FUN_CODE_d018,partial,18,1,"1 of 19 instruction(s) unchecked, first: clr CY",sdas8051 05.50.4+NoICE+SDCCmods-WIP-R14
bank1,D037,default,partial,9,1,"1 of 10 instruction(s) unchecked, first: clr CY",sdas8051 05.50.4+NoICE+SDCCmods-WIP-R14
bank1,D04C,FUN_CODE_d04c,match,2,0,,sdas8051 05.50.4+NoICE+SDCCmods-WIP-R14
bank1,D050,FUN_CODE_d050,match,2,0,,sdas8051 05.50.4+NoICE+SDCCmods-WIP-R14
bank1,D054,FUN_CODE_d054,match,2,0,,sdas8051 05.50.4+NoICE+SDCCmods-WIP-R14
bank1,D058,FUN_CODE_d058,match,2,0,,sdas8051 05.50.4+NoICE+SDCCmods-WIP-R14
bank1,D05C,FUN_CODE_d05c,match,2,0,,sdas8051 05.50.4+NoICE+SDCCmods-WIP-R14
bank1,D060,FUN_CODE_d060,match,2,0,,sdas8051 05.50.4+NoICE+SDCCmods-WIP-R14
bank1,D064,FUN_CODE_d064,match,2,0,,sdas8051 05.50.4+NoICE+SDCCmods-WIP-R14
bank1,D068,FUN_CODE_d068,partial,35,4,"4 of 39 instruction(s) unchecked, first: clr CY",sdas8051 05.50.4+NoICE+SDCCmods-WIP-R14
bank1,D09F,FUN_CODE_d09f,match,4,0,,sdas8051 05.50.4+NoICE+SDCCmods-WIP-R14
bank1,D0A6,FUN_CODE_d0a6,partial,17,1,"1 of 18 instruction(s) unchecked, first: clr CY",sdas8051 05.50.4+NoICE+SDCCmods-WIP-R14
bank1,D0C4,FUN_CODE_d0c4,partial,83,1,"1 of 84 instruction(s) unchecked, first: clr CY",sdas8051 05.50.4+NoICE+SDCCmods-WIP-R14
bank1,D16F,FUN_CODE_d16f,match,4,0,,sdas8051 05.50.4+NoICE+SDCCmods-WIP-R14
bank1,D17E,FUN_CODE_d17e,partial,28,1,"1 of 29 instruction(s) unchecked, first: clr CY",sdas8051 05.50.4+NoICE+SDCCmods-WIP-R14
bank1,D1B8,FUN_CODE_d1b8,match,2,0,,sdas8051 05.50.4+NoICE+SDCCmods-WIP-R14
bank1,D1BC,FUN_CODE_d1bc,match,18,0,,sdas8051 05.50.4+NoICE+SDCCmods-WIP-R14
bank1,D1E7,FUN_CODE_d1e7,match,18,0,,sdas8051 05.50.4+NoICE+SDCCmods-WIP-R14
bank1,D20D,caseD_0,match,1,0,,sdas8051 05.50.4+NoICE+SDCCmods-WIP-R14
bank1,D219,FUN_CODE_d219,match,12,0,,sdas8051 05.50.4+NoICE+SDCCmods-WIP-R14
bank1,D22E,FUN_CODE_d22e,match,3,0,,sdas8051 05.50.4+NoICE+SDCCmods-WIP-R14
bank1,D236,FUN_CODE_d236,match,4,0,,sdas8051 05.50.4+NoICE+SDCCmods-WIP-R14
bank1,D23F,FUN_CODE_d23f,match,3,0,,sdas8051 05.50.4+NoICE+SDCCmods-WIP-R14
bank1,D246,FUN_CODE_d246,match,23,0,,sdas8051 05.50.4+NoICE+SDCCmods-WIP-R14
bank1,D274,FUN_CODE_d274,partial,28,2,"2 of 30 instruction(s) unchecked, first: clr CY",sdas8051 05.50.4+NoICE+SDCCmods-WIP-R14
bank1,D2A3,FUN_CODE_d2a3,partial,56,5,"5 of 61 instruction(s) unchecked, first: clr CY",sdas8051 05.50.4+NoICE+SDCCmods-WIP-R14
bank1,D322,FUN_CODE_d322,match,4,0,,sdas8051 05.50.4+NoICE+SDCCmods-WIP-R14
bank1,D32C,FUN_CODE_d32c,match,18,0,,sdas8051 05.50.4+NoICE+SDCCmods-WIP-R14
bank1,D34B,FUN_CODE_d34b,partial,27,3,"3 of 30 instruction(s) unchecked, first: clr CY",sdas8051 05.50.4+NoICE+SDCCmods-WIP-R14
bank1,D37F,FUN_CODE_d37f,partial,106,3,"3 of 109 instruction(s) unchecked, first: clr CY",sdas8051 05.50.4+NoICE+SDCCmods-WIP-R14
bank1,D472,FUN_CODE_d472,partial,41,6,"6 of 47 instruction(s) unchecked, first: clr CY",sdas8051 05.50.4+NoICE+SDCCmods-WIP-R14
bank1,D4D3,FUN_CODE_d4d3,partial,38,2,"2 of 40 instruction(s) unchecked, first: push DPH",sdas8051 05.50.4+NoICE+SDCCmods-WIP-R14
bank1,D524,FUN_CODE_d524,partial,68,1,"1 of 69 instruction(s) unchecked, first: clr CY",sdas8051 05.50.4+NoICE+SDCCmods-WIP-R14
bank1,D5B4,FUN_CODE_d5b4,partial,21,1,"1 of 22 instruction(s) unchecked, first: clr CY",sdas8051 05.50.4+NoICE+SDCCmods-WIP-R14
bank1,D5E1,FUN_CODE_d5e1,match,21,0,,sdas8051 05.50.4+NoICE+SDCCmods-WIP-R14
bank1,D602,FUN_CODE_d602,match,14,0,,sdas8051 05.50.4+NoICE+SDCCmods-WIP-R14
bank1,D61A,FUN_CODE_d61a,partial,90,3,"3 of 93 instruction(s) unchecked, first: clr CY",sdas8051 05.50.4+NoICE+SDCCmods-WIP-R14
bank1,D6C6,FUN_CODE_d6c6,partial,9,2,"2 of 11 instruction(s) unchecked, first: clr CY",sdas8051 05.50.4+NoICE+SDCCmods-WIP-R14
bank1,D6D7,FUN_CODE_d6d7,match,5,0,,sdas8051 05.50.4+NoICE+SDCCmods-WIP-R14
bank1,D6E1,FUN_CODE_d6e1,match,8,0,,sdas8051 05.50.4+NoICE+SDCCmods-WIP-R14
bank1,D6EE,FUN_CODE_d6ee,partial,152,2,"2 of 154 instruction(s) unchecked, first: clr CY",sdas8051 05.50.4+NoICE+SDCCmods-WIP-R14
bank1,D7F4,FUN_CODE_d7f4,partial,77,1,"1 of 78 instruction(s) unchecked, first: clr CY",sdas8051 05.50.4+NoICE+SDCCmods-WIP-R14
bank1,D89C,FUN_CODE_d89c,match,11,0,,sdas8051 05.50.4+NoICE+SDCCmods-WIP-R14
bank1,D8B9,FUN_CODE_d8b9,match,1,0,,sdas8051 05.50.4+NoICE+SDCCmods-WIP-R14
bank1,D8BC,FUN_CODE_d8bc,partial,42,6,"6 of 48 instruction(s) unchecked, first: clr CY",sdas8051 05.50.4+NoICE+SDCCmods-WIP-R14
bank1,D8F9,FUN_CODE_d8f9,match,33,0,,sdas8051 05.50.4+NoICE+SDCCmods-WIP-R14
bank1,D946,FUN_CODE_d946,partial,174,2,"2 of 176 instruction(s) unchecked, first: push DPH",sdas8051 05.50.4+NoICE+SDCCmods-WIP-R14
bank1,DAAD,FUN_CODE_daad,match,14,0,,sdas8051 05.50.4+NoICE+SDCCmods-WIP-R14
bank1,DACC,FUN_CODE_dacc,match,27,0,,sdas8051 05.50.4+NoICE+SDCCmods-WIP-R14
bank1,DB0B,FUN_CODE_db0b,partial,151,2,"2 of 153 instruction(s) unchecked, first: push 0x05",sdas8051 05.50.4+NoICE+SDCCmods-WIP-R14
bank1,DC50,FUN_CODE_dc50,match,2,0,,sdas8051 05.50.4+NoICE+SDCCmods-WIP-R14
bank1,DC52,FUN_CODE_dc52,match,49,0,,sdas8051 05.50.4+NoICE+SDCCmods-WIP-R14
bank1,DE3C,FUN_CODE_de3c,partial,49,3,"3 of 52 instruction(s) unchecked, first: movc A, @A+DPTR",sdas8051 05.50.4+NoICE+SDCCmods-WIP-R14
bank1,DE9E,FUN_CODE_de9e,match,4,0,,sdas8051 05.50.4+NoICE+SDCCmods-WIP-R14
bank1,DEA5,FUN_CODE_dea5,match,15,0,,sdas8051 05.50.4+NoICE+SDCCmods-WIP-R14
bank1,DEC4,FUN_CODE_dec4,match,19,0,,sdas8051 05.50.4+NoICE+SDCCmods-WIP-R14
bank1,DEE8,FUN_CODE_dee8,match,5,0,,sdas8051 05.50.4+NoICE+SDCCmods-WIP-R14
bank1,DEF1,FUN_CODE_def1,match,166,0,,sdas8051 05.50.4+NoICE+SDCCmods-WIP-R14
bank1,E090,FUN_CODE_e090,match,30,0,,sdas8051 05.50.4+NoICE+SDCCmods-WIP-R14
bank1,E0CE,FUN_CODE_e0ce,match,22,0,,sdas8051 05.50.4+NoICE+SDCCmods-WIP-R14
bank1,E100,FUN_CODE_e100,partial,108,1,"1 of 109 instruction(s) unchecked, first: clr CY",sdas8051 05.50.4+NoICE+SDCCmods-WIP-R14
bank1,E1D7,FUN_CODE_e1d7,match,47,0,,sdas8051 05.50.4+NoICE+SDCCmods-WIP-R14
bank1,E237,FUN_CODE_e237,match,35,0,,sdas8051 05.50.4+NoICE+SDCCmods-WIP-R14
bank1,E27D,FUN_CODE_e27d,match,19,0,,sdas8051 05.50.4+NoICE+SDCCmods-WIP-R14
bank1,E2A0,FUN_CODE_e2a0,match,18,0,,sdas8051 05.50.4+NoICE+SDCCmods-WIP-R14
bank1,E2C3,FUN_CODE_e2c3,match,9,0,,sdas8051 05.50.4+NoICE+SDCCmods-WIP-R14
bank1,E2D3,FUN_CODE_e2d3,match,90,0,,sdas8051 05.50.4+NoICE+SDCCmods-WIP-R14
bank1,E322,FUN_CODE_e322,match,7,0,,sdas8051 05.50.4+NoICE+SDCCmods-WIP-R14
bank1,E332,FUN_CODE_e332,match,5,0,,sdas8051 05.50.4+NoICE+SDCCmods-WIP-R14
bank1,E3B5,FUN_CODE_e3b5,match,59,0,,sdas8051 05.50.4+NoICE+SDCCmods-WIP-R14
bank1,E490,FUN_CODE_e490,partial,46,4,"4 of 50 instruction(s) unchecked, first: movc A, @A+DPTR",sdas8051 05.50.4+NoICE+SDCCmods-WIP-R14
bank1,E4E9,FUN_CODE_e4e9,match,7,0,,sdas8051 05.50.4+NoICE+SDCCmods-WIP-R14
bank1,E4F9,FUN_CODE_e4f9,match,5,0,,sdas8051 05.50.4+NoICE+SDCCmods-WIP-R14
bank1,E501,FUN_CODE_e501,match,40,0,,sdas8051 05.50.4+NoICE+SDCCmods-WIP-R14
bank1,E54F,FUN_CODE_e54f,match,17,0,,sdas8051 05.50.4+NoICE+SDCCmods-WIP-R14
bank1,E57E,FUN_CODE_e57e,assembler-gap,0,1,push 0x07,sdas8051 05.50.4+NoICE+SDCCmods-WIP-R14
bank1,E582,FUN_CODE_e582,partial,23,2,"2 of 25 instruction(s) unchecked, first: movc A, @A+DPTR",sdas8051 05.50.4+NoICE+SDCCmods-WIP-R14
bank1,E5A7,FUN_CODE_e5a7,partial,27,3,"3 of 30 instruction(s) unchecked, first: movc A, @A+DPTR",sdas8051 05.50.4+NoICE+SDCCmods-WIP-R14
bank1,E5D6,FUN_CODE_e5d6,partial,64,2,"2 of 66 instruction(s) unchecked, first: clr CY",sdas8051 05.50.4+NoICE+SDCCmods-WIP-R14
bank1,E656,FUN_CODE_e656,partial,59,3,"3 of 62 instruction(s) unchecked, first: movc A, @A+DPTR",sdas8051 05.50.4+NoICE+SDCCmods-WIP-R14
bank1,E6CB,FUN_CODE_e6cb,match,11,0,,sdas8051 05.50.4+NoICE+SDCCmods-WIP-R14
bank1,E722,FUN_CODE_e722,match,2,0,,sdas8051 05.50.4+NoICE+SDCCmods-WIP-R14
bank1,E768,FUN_CODE_e768,match,1,0,,sdas8051 05.50.4+NoICE+SDCCmods-WIP-R14
bank1,E769,FUN_CODE_e769,partial,13,2,"2 of 15 instruction(s) unchecked, first: clr CY",sdas8051 05.50.4+NoICE+SDCCmods-WIP-R14
bank1,E781,FUN_CODE_e781,partial,24,1,"1 of 25 instruction(s) unchecked, first: clr CY",sdas8051 05.50.4+NoICE+SDCCmods-WIP-R14
bank1,E8A4,FUN_CODE_e8a4,match,63,0,,sdas8051 05.50.4+NoICE+SDCCmods-WIP-R14
bank1,E924,FUN_CODE_e924,partial,8,2,"2 of 10 instruction(s) unchecked, first: movc A, @A+DPTR",sdas8051 05.50.4+NoICE+SDCCmods-WIP-R14
bank1,E931,FUN_CODE_e931,match,1,0,,sdas8051 05.50.4+NoICE+SDCCmods-WIP-R14
bank1,E954,FUN_CODE_e954,partial,40,1,"1 of 41 instruction(s) unchecked, first: ajmp 0xea19",sdas8051 05.50.4+NoICE+SDCCmods-WIP-R14
bank1,E9CE,FUN_CODE_e9ce,partial,121,1,"1 of 122 instruction(s) unchecked, first: ajmp 0xea26",sdas8051 05.50.4+NoICE+SDCCmods-WIP-R14
bank1,EAC3,FUN_CODE_eac3,partial,112,4,"4 of 116 instruction(s) unchecked, first: acall 0xef26",sdas8051 05.50.4+NoICE+SDCCmods-WIP-R14
bank1,ED02,FUN_CODE_ed02,match,38,0,,sdas8051 05.50.4+NoICE+SDCCmods-WIP-R14
bank1,ED3A,FUN_CODE_ed3a,assembler-gap,238,10,no bytes emitted at ED90,sdas8051 05.50.4+NoICE+SDCCmods-WIP-R14
bank1,EF26,FUN_CODE_ef26,match,7,0,,sdas8051 05.50.4+NoICE+SDCCmods-WIP-R14
bank1,EF32,FUN_CODE_ef32,match,75,0,,sdas8051 05.50.4+NoICE+SDCCmods-WIP-R14
bank1,EFBC,FUN_CODE_efbc,match,1,0,,sdas8051 05.50.4+NoICE+SDCCmods-WIP-R14
bank1,EFBD,FUN_CODE_efbd,match,15,0,,sdas8051 05.50.4+NoICE+SDCCmods-WIP-R14
bank1,EFDA,FUN_CODE_efda,match,7,0,,sdas8051 05.50.4+NoICE+SDCCmods-WIP-R14
bank1,F012,thunk_FUN_CODE_f040,match,1,0,,sdas8051 05.50.4+NoICE+SDCCmods-WIP-R14
bank1,F018,FUN_CODE_f018,match,4,0,,sdas8051 05.50.4+NoICE+SDCCmods-WIP-R14
bank1,F022,FUN_CODE_f022,match,4,0,,sdas8051 05.50.4+NoICE+SDCCmods-WIP-R14
bank1,F02C,FUN_CODE_f02c,match,1,0,,sdas8051 05.50.4+NoICE+SDCCmods-WIP-R14
bank1,F030,FUN_CODE_f030,partial,1,1,"1 of 2 instruction(s) unchecked, first: ajmp 0xf512",sdas8051 05.50.4+NoICE+SDCCmods-WIP-R14
bank1,F036,FUN_CODE_f036,match,4,0,,sdas8051 05.50.4+NoICE+SDCCmods-WIP-R14
bank1,F040,FUN_CODE_f040,match,1,0,,sdas8051 05.50.4+NoICE+SDCCmods-WIP-R14
bank1,F054,FUN_CODE_f054,partial,1,1,"1 of 2 instruction(s) unchecked, first: acall 0xf70d",sdas8051 05.50.4+NoICE+SDCCmods-WIP-R14
bank1,F074,FUN_CODE_f074,match,1,0,,sdas8051 05.50.4+NoICE+SDCCmods-WIP-R14
bank1,F07D,thunk_FUN_CODE_f127,match,1,0,,sdas8051 05.50.4+NoICE+SDCCmods-WIP-R14
bank1,F080,FUN_CODE_f080,match,1,0,,sdas8051 05.50.4+NoICE+SDCCmods-WIP-R14
bank1,F08C,FUN_CODE_f08c,match,1,0,,sdas8051 05.50.4+NoICE+SDCCmods-WIP-R14
bank1,F090,FUN_CODE_f090,partial,1,1,"1 of 2 instruction(s) unchecked, first: acall 0xf727",sdas8051 05.50.4+NoICE+SDCCmods-WIP-R14
bank1,F0E4,FUN_CODE_f0e4,partial,1,1,"1 of 2 instruction(s) unchecked, first: acall 0xf73e",sdas8051 05.50.4+NoICE+SDCCmods-WIP-R14
bank1,F0EE,FUN_CODE_f0ee,match,2,0,,sdas8051 05.50.4+NoICE+SDCCmods-WIP-R14
bank1,F101,FUN_CODE_f101,match,1,0,,sdas8051 05.50.4+NoICE+SDCCmods-WIP-R14
bank1,F102,thunk_FUN_CODE_f154,match,1,0,,sdas8051 05.50.4+NoICE+SDCCmods-WIP-R14
bank1,F104,thunk_FUN_CODE_f160,match,1,0,,sdas8051 05.50.4+NoICE+SDCCmods-WIP-R14
bank1,F106,thunk_FUN_CODE_f18a,match,1,0,,sdas8051 05.50.4+NoICE+SDCCmods-WIP-R14
bank1,F109,thunk_FUN_CODE_f198,match,1,0,,sdas8051 05.50.4+NoICE+SDCCmods-WIP-R14
bank1,F10C,FUN_CODE_f10c,match,1,0,,sdas8051 05.50.4+NoICE+SDCCmods-WIP-R14
bank1,F10D,thunk_FUN_CODE_f219,match,1,0,,sdas8051 05.50.4+NoICE+SDCCmods-WIP-R14
bank1,F110,thunk_FUN_CODE_f246,match,1,0,,sdas8051 05.50.4+NoICE+SDCCmods-WIP-R14
bank1,F113,thunk_FUN_CODE_f275,match,1,0,,sdas8051 05.50.4+NoICE+SDCCmods-WIP-R14
bank1,F116,thunk_FUN_CODE_f290,match,1,0,,sdas8051 05.50.4+NoICE+SDCCmods-WIP-R14
bank1,F119,thunk_FUN_CODE_f2ad,match,1,0,,sdas8051 05.50.4+NoICE+SDCCmods-WIP-R14
bank1,F11C,thunk_FUN_CODE_f2ca,match,1,0,,sdas8051 05.50.4+NoICE+SDCCmods-WIP-R14
bank1,F11F,thunk_FUN_CODE_f2f3,match,1,0,,sdas8051 05.50.4+NoICE+SDCCmods-WIP-R14
bank1,F122,FUN_CODE_f122,match,1,0,,sdas8051 05.50.4+NoICE+SDCCmods-WIP-R14
bank1,F123,thunk_FUN_CODE_f198,match,1,0,,sdas8051 05.50.4+NoICE+SDCCmods-WIP-R14
bank1,F126,FUN_CODE_f126,match,1,0,,sdas8051 05.50.4+NoICE+SDCCmods-WIP-R14
bank1,F127,FUN_CODE_f127,match,1,0,,sdas8051 05.50.4+NoICE+SDCCmods-WIP-R14
bank1,F128,FUN_CODE_f128,match,1,0,,sdas8051 05.50.4+NoICE+SDCCmods-WIP-R14
bank1,F129,FUN_CODE_f129,match,10,0,,sdas8051 05.50.4+NoICE+SDCCmods-WIP-R14
bank1,F13C,FUN_CODE_f13c,match,1,0,,sdas8051 05.50.4+NoICE+SDCCmods-WIP-R14
bank1,F13D,FUN_CODE_f13d,match,1,0,,sdas8051 05.50.4+NoICE+SDCCmods-WIP-R14
bank1,F13E,FUN_CODE_f13e,match,1,0,,sdas8051 05.50.4+NoICE+SDCCmods-WIP-R14
bank1,F153,FUN_CODE_f153,match,1,0,,sdas8051 05.50.4+NoICE+SDCCmods-WIP-R14
bank1,F154,FUN_CODE_f154,match,6,0,,sdas8051 05.50.4+NoICE+SDCCmods-WIP-R14
bank1,F160,FUN_CODE_f160,partial,17,1,"1 of 18 instruction(s) unchecked, first: cpl 0xe0",sdas8051 05.50.4+NoICE+SDCCmods-WIP-R14
bank1,F18A,FUN_CODE_f18a,match,6,0,,sdas8051 05.50.4+NoICE+SDCCmods-WIP-R14
bank1,F196,thunk_FUN_CODE_f198,match,1,0,,sdas8051 05.50.4+NoICE+SDCCmods-WIP-R14
bank1,F198,FUN_CODE_f198,match,48,0,,sdas8051 05.50.4+NoICE+SDCCmods-WIP-R14
bank1,F1F8,FUN_CODE_f1f8,match,18,0,,sdas8051 05.50.4+NoICE+SDCCmods-WIP-R14
bank1,F219,FUN_CODE_f219,partial,21,1,"1 of 22 instruction(s) unchecked, first: cpl 0xe1",sdas8051 05.50.4+NoICE+SDCCmods-WIP-R14
bank1,F246,FUN_CODE_f246,partial,23,1,"1 of 24 instruction(s) unchecked, first: cpl 0xe4",sdas8051 05.50.4+NoICE+SDCCmods-WIP-R14
bank1,F275,FUN_CODE_f275,match,15,0,,sdas8051 05.50.4+NoICE+SDCCmods-WIP-R14
bank1,F290,FUN_CODE_f290,match,16,0,,sdas8051 05.50.4+NoICE+SDCCmods-WIP-R14
bank1,F2AD,FUN_CODE_f2ad,match,16,0,,sdas8051 05.50.4+NoICE+SDCCmods-WIP-R14
bank1,F2CA,FUN_CODE_f2ca,match,20,0,,sdas8051 05.50.4+NoICE+SDCCmods-WIP-R14
bank1,F2F3,FUN_CODE_f2f3,match,21,0,,sdas8051 05.50.4+NoICE+SDCCmods-WIP-R14
bank1,F3B8,FUN_CODE_f3b8,match,7,0,,sdas8051 05.50.4+NoICE+SDCCmods-WIP-R14
bank1,F3C9,FUN_CODE_f3c9,match,8,0,,sdas8051 05.50.4+NoICE+SDCCmods-WIP-R14
bank1,F3D7,FUN_CODE_f3d7,match,32,0,,sdas8051 05.50.4+NoICE+SDCCmods-WIP-R14
bank1,F416,FUN_CODE_f416,match,16,0,,sdas8051 05.50.4+NoICE+SDCCmods-WIP-R14
bank1,F436,FUN_CODE_f436,partial,21,1,"1 of 22 instruction(s) unchecked, first: clr CY",sdas8051 05.50.4+NoICE+SDCCmods-WIP-R14
bank1,F512,FUN_CODE_f512,match,17,0,,sdas8051 05.50.4+NoICE+SDCCmods-WIP-R14
bank1,F70D,FUN_CODE_f70d,match,17,0,,sdas8051 05.50.4+NoICE+SDCCmods-WIP-R14
bank1,F727,FUN_CODE_f727,match,17,0,,sdas8051 05.50.4+NoICE+SDCCmods-WIP-R14
bank1,F73E,FUN_CODE_f73e,match,17,0,,sdas8051 05.50.4+NoICE+SDCCmods-WIP-R14
bank1,F902,FUN_CODE_f902,match,17,0,,sdas8051 05.50.4+NoICE+SDCCmods-WIP-R14
bank1,FF17,FUN_CODE_ff17,match,17,0,,sdas8051 05.50.4+NoICE+SDCCmods-WIP-R14
bank1,FF63,FUN_CODE_ff63,match,17,0,,sdas8051 05.50.4+NoICE+SDCCmods-WIP-R14
common,0000,thunk_FUN_CODE_0070,match,1,0,,sdas8051 05.50.4+NoICE+SDCCmods-WIP-R14
common,0003,thunk_FUN_CODE_052f,match,1,0,,sdas8051 05.50.4+NoICE+SDCCmods-WIP-R14
common,0007,thunk_FUN_CODE_1150,match,1,0,,sdas8051 05.50.4+NoICE+SDCCmods-WIP-R14
common,000B,thunk_FUN_CODE_0530,match,1,0,,sdas8051 05.50.4+NoICE+SDCCmods-WIP-R14
common,000E,thunk_FUN_CODE_1156,match,1,0,,sdas8051 05.50.4+NoICE+SDCCmods-WIP-R14
common,0012,FUN_CODE_0012,match,1,0,,sdas8051 05.50.4+NoICE+SDCCmods-WIP-R14
common,0013,thunk_FUN_CODE_0556,match,1,0,,sdas8051 05.50.4+NoICE+SDCCmods-WIP-R14
common,0016,thunk_FUN_CODE_115c,match,1,0,,sdas8051 05.50.4+NoICE+SDCCmods-WIP-R14
common,0019,FUN_CODE_0019,match,1,0,,sdas8051 05.50.4+NoICE+SDCCmods-WIP-R14
common,001A,FUN_CODE_001a,match,1,0,,sdas8051 05.50.4+NoICE+SDCCmods-WIP-R14
common,001B,thunk_FUN_CODE_05b6,match,1,0,,sdas8051 05.50.4+NoICE+SDCCmods-WIP-R14
common,001E,thunk_FUN_CODE_1162,match,1,0,,sdas8051 05.50.4+NoICE+SDCCmods-WIP-R14
common,0022,FUN_CODE_0022,match,1,0,,sdas8051 05.50.4+NoICE+SDCCmods-WIP-R14
common,0023,thunk_FUN_CODE_05e6,match,1,0,,sdas8051 05.50.4+NoICE+SDCCmods-WIP-R14
common,0026,thunk_FUN_CODE_1168,match,1,0,,sdas8051 05.50.4+NoICE+SDCCmods-WIP-R14
common,002A,FUN_CODE_002a,match,1,0,,sdas8051 05.50.4+NoICE+SDCCmods-WIP-R14
common,002B,thunk_FUN_CODE_05e7,match,1,0,,sdas8051 05.50.4+NoICE+SDCCmods-WIP-R14
common,002E,FUN_CODE_002e,match,5,0,,sdas8051 05.50.4+NoICE+SDCCmods-WIP-R14
common,0046,FUN_CODE_0046,partial,15,1,"1 of 16 instruction(s) unchecked, first: acall 0x0134",sdas8051 05.50.4+NoICE+SDCCmods-WIP-R14
common,0064,FUN_CODE_0064,partial,1,1,"1 of 2 instruction(s) unchecked, first: acall 0x0086",sdas8051 05.50.4+NoICE+SDCCmods-WIP-R14
common,0070,FUN_CODE_0070,partial,47,5,"5 of 52 instruction(s) unchecked, first: push A",sdas8051 05.50.4+NoICE+SDCCmods-WIP-R14
common,00CF,FUN_CODE_00cf,partial,9,1,"1 of 10 instruction(s) unchecked, first: movc A, @A+DPTR",sdas8051 05.50.4+NoICE+SDCCmods-WIP-R14
common,00E1,FUN_CODE_00e1,partial,2,1,"1 of 3 instruction(s) unchecked, first: movc A, @A+DPTR",sdas8051 05.50.4+NoICE+SDCCmods-WIP-R14
common,00E4,FUN_CODE_00e4,partial,33,3,"3 of 36 instruction(s) unchecked, first: movc A, @A+DPTR",sdas8051 05.50.4+NoICE+SDCCmods-WIP-R14
common,011C,FUN_CODE_011c,partial,4,1,"1 of 5 instruction(s) unchecked, first: acall 0x0001",sdas8051 05.50.4+NoICE+SDCCmods-WIP-R14
common,012F,FUN_CODE_012f,match,44,0,,sdas8051 05.50.4+NoICE+SDCCmods-WIP-R14
common,018C,FUN_CODE_018c,match,41,0,,sdas8051 05.50.4+NoICE+SDCCmods-WIP-R14
common,01EC,thunk_FUN_CODE_11e6,match,1,0,,sdas8051 05.50.4+NoICE+SDCCmods-WIP-R14
common,0200,FUN_CODE_0200,match,8,0,,sdas8051 05.50.4+NoICE+SDCCmods-WIP-R14
common,0213,FUN_CODE_0213,match,66,0,,sdas8051 05.50.4+NoICE+SDCCmods-WIP-R14
common,029B,FUN_CODE_029b,match,52,0,,sdas8051 05.50.4+NoICE+SDCCmods-WIP-R14
common,031C,thunk_FUN_CODE_d236,match,1,0,,sdas8051 05.50.4+NoICE+SDCCmods-WIP-R14
common,0402,FUN_CODE_0402,match,3,0,,sdas8051 05.50.4+NoICE+SDCCmods-WIP-R14
common,0408,FUN_CODE_0408,partial,13,2,"2 of 15 instruction(s) unchecked, first: mov CY, 0x02",sdas8051 05.50.4+NoICE+SDCCmods-WIP-R14
common,0444,FUN_CODE_0444,match,3,0,,sdas8051 05.50.4+NoICE+SDCCmods-WIP-R14
common,0485,thunk_FUN_CODE_149e,match,1,0,,sdas8051 05.50.4+NoICE+SDCCmods-WIP-R14
common,04C8,FUN_CODE_04c8,match,3,0,,sdas8051 05.50.4+NoICE+SDCCmods-WIP-R14
common,0504,FUN_CODE_0504,partial,2,1,"1 of 3 instruction(s) unchecked, first: ajmp 0x00f0",sdas8051 05.50.4+NoICE+SDCCmods-WIP-R14
common,0512,thunk_FUN_CODE_052f,assembler-gap,0,1,ajmp 0x0003,sdas8051 05.50.4+NoICE+SDCCmods-WIP-R14
common,051D,FUN_CODE_051d,match,1,0,,sdas8051 05.50.4+NoICE+SDCCmods-WIP-R14
common,052F,FUN_CODE_052f,match,1,0,,sdas8051 05.50.4+NoICE+SDCCmods-WIP-R14
common,0530,FUN_CODE_0530,partial,15,5,"5 of 20 instruction(s) unchecked, first: push A",sdas8051 05.50.4+NoICE+SDCCmods-WIP-R14
common,0556,FUN_CODE_0556,partial,39,7,"7 of 46 instruction(s) unchecked, first: push A",sdas8051 05.50.4+NoICE+SDCCmods-WIP-R14
common,05B6,FUN_CODE_05b6,partial,19,5,"5 of 24 instruction(s) unchecked, first: push A",sdas8051 05.50.4+NoICE+SDCCmods-WIP-R14
common,05E6,FUN_CODE_05e6,match,1,0,,sdas8051 05.50.4+NoICE+SDCCmods-WIP-R14
common,05E7,FUN_CODE_05e7,match,1,0,,sdas8051 05.50.4+NoICE+SDCCmods-WIP-R14
common,05E8,FUN_CODE_05e8,match,6,0,,sdas8051 05.50.4+NoICE+SDCCmods-WIP-R14
common,05EF,FUN_CODE_05ef,match,2,0,,sdas8051 05.50.4+NoICE+SDCCmods-WIP-R14
common,05F2,FUN_CODE_05f2,match,5,0,,sdas8051 05.50.4+NoICE+SDCCmods-WIP-R14
common,05FA,FUN_CODE_05fa,match,9,0,,sdas8051 05.50.4+NoICE+SDCCmods-WIP-R14
common,0609,FUN_CODE_0609,match,25,0,,sdas8051 05.50.4+NoICE+SDCCmods-WIP-R14
common,063C,FUN_CODE_063c,match,12,0,,sdas8051 05.50.4+NoICE+SDCCmods-WIP-R14
common,0690,FUN_CODE_0690,match,2,0,,sdas8051 05.50.4+NoICE+SDCCmods-WIP-R14
common,0703,FUN_CODE_0703,match,13,0,,sdas8051 05.50.4+NoICE+SDCCmods-WIP-R14
common,0712,FUN_CODE_0712,match,1,0,,sdas8051 05.50.4+NoICE+SDCCmods-WIP-R14
common,0713,FUN_CODE_0713,partial,9,1,"1 of 10 instruction(s) unchecked, first: ajmp 0x0004",sdas8051 05.50.4+NoICE+SDCCmods-WIP-R14
common,07B6,FUN_CODE_07b6,match,9,0,,sdas8051 05.50.4+NoICE+SDCCmods-WIP-R14
common,07C1,FUN_CODE_07c1,match,8,0,,sdas8051 05.50.4+NoICE+SDCCmods-WIP-R14
common,07D0,FUN_CODE_07d0,match,3,0,,sdas8051 05.50.4+NoICE+SDCCmods-WIP-R14
common,07D6,FUN_CODE_07d6,match,10,0,,sdas8051 05.50.4+NoICE+SDCCmods-WIP-R14
common,07E7,FUN_CODE_07e7,match,5,0,,sdas8051 05.50.4+NoICE+SDCCmods-WIP-R14
common,07F0,FUN_CODE_07f0,match,6,0,,sdas8051 05.50.4+NoICE+SDCCmods-WIP-R14
common,07F8,FUN_CODE_07f8,assembler-gap,6,0,no bytes emitted at 07F8,sdas8051 05.50.4+NoICE+SDCCmods-WIP-R14
common,0806,FUN_CODE_0806,match,37,0,,sdas8051 05.50.4+NoICE+SDCCmods-WIP-R14
common,0859,FUN_CODE_0859,match,5,0,,sdas8051 05.50.4+NoICE+SDCCmods-WIP-R14
common,0862,FUN_CODE_0862,match,5,0,,sdas8051 05.50.4+NoICE+SDCCmods-WIP-R14
common,086B,FUN_CODE_086b,match,6,0,,sdas8051 05.50.4+NoICE+SDCCmods-WIP-R14
common,0877,FUN_CODE_0877,match,7,0,,sdas8051 05.50.4+NoICE+SDCCmods-WIP-R14
common,0883,FUN_CODE_0883,match,1,0,,sdas8051 05.50.4+NoICE+SDCCmods-WIP-R14
common,0884,FUN_CODE_0884,match,2,0,,sdas8051 05.50.4+NoICE+SDCCmods-WIP-R14
common,0896,FUN_CODE_0896,match,6,0,,sdas8051 05.50.4+NoICE+SDCCmods-WIP-R14
common,08A0,FUN_CODE_08a0,match,7,0,,sdas8051 05.50.4+NoICE+SDCCmods-WIP-R14
common,08B0,FUN_CODE_08b0,assembler-gap,14,0,no bytes emitted at 08B0,sdas8051 05.50.4+NoICE+SDCCmods-WIP-R14
common,08CD,FUN_CODE_08cd,match,1,0,,sdas8051 05.50.4+NoICE+SDCCmods-WIP-R14
common,08CE,FUN_CODE_08ce,match,1,0,,sdas8051 05.50.4+NoICE+SDCCmods-WIP-R14
common,08CF,FUN_CODE_08cf,match,1,0,,sdas8051 05.50.4+NoICE+SDCCmods-WIP-R14
common,08D0,FUN_CODE_08d0,match,9,0,,sdas8051 05.50.4+NoICE+SDCCmods-WIP-R14
common,08E0,FUN_CODE_08e0,match,26,0,,sdas8051 05.50.4+NoICE+SDCCmods-WIP-R14
common,0902,FUN_CODE_0902,match,17,0,,sdas8051 05.50.4+NoICE+SDCCmods-WIP-R14
common,0921,FUN_CODE_0921,match,12,0,,sdas8051 05.50.4+NoICE+SDCCmods-WIP-R14
common,0937,FUN_CODE_0937,match,17,0,,sdas8051 05.50.4+NoICE+SDCCmods-WIP-R14
common,0950,FUN_CODE_0950,match,20,0,,sdas8051 05.50.4+NoICE+SDCCmods-WIP-R14
common,0979,FUN_CODE_0979,match,20,0,,sdas8051 05.50.4+NoICE+SDCCmods-WIP-R14
common,09A2,FUN_CODE_09a2,match,15,0,,sdas8051 05.50.4+NoICE+SDCCmods-WIP-R14
common,09E9,FUN_CODE_09e9,match,15,0,,sdas8051 05.50.4+NoICE+SDCCmods-WIP-R14
common,0A04,FUN_CODE_0a04,assembler-gap,8,0,no bytes emitted at 0A04,sdas8051 05.50.4+NoICE+SDCCmods-WIP-R14
common,0A12,FUN_CODE_0a12,partial,23,1,"1 of 24 instruction(s) unchecked, first: clr CY",sdas8051 05.50.4+NoICE+SDCCmods-WIP-R14
common,0A39,FUN_CODE_0a39,match,17,0,,sdas8051 05.50.4+NoICE+SDCCmods-WIP-R14
common,0A5A,FUN_CODE_0a5a,match,15,0,,sdas8051 05.50.4+NoICE+SDCCmods-WIP-R14
common,0A74,FUN_CODE_0a74,match,6,0,,sdas8051 05.50.4+NoICE+SDCCmods-WIP-R14
common,0A7F,FUN_CODE_0a7f,assembler-gap,44,1,no bytes emitted at 0A7F,sdas8051 05.50.4+NoICE+SDCCmods-WIP-R14
common,0AD8,FUN_CODE_0ad8,match,2,0,,sdas8051 05.50.4+NoICE+SDCCmods-WIP-R14
common,0ADC,FUN_CODE_0adc,match,43,0,,sdas8051 05.50.4+NoICE+SDCCmods-WIP-R14
common,0B25,FUN_CODE_0b25,partial,33,1,"1 of 34 instruction(s) unchecked, first: movc A, @A+DPTR",sdas8051 05.50.4+NoICE+SDCCmods-WIP-R14
common,0B5F,FUN_CODE_0b5f,match,49,0,,sdas8051 05.50.4+NoICE+SDCCmods-WIP-R14
common,0BC8,FUN_CODE_0bc8,match,10,0,,sdas8051 05.50.4+NoICE+SDCCmods-WIP-R14
common,0BDB,FUN_CODE_0bdb,match,9,0,,sdas8051 05.50.4+NoICE+SDCCmods-WIP-R14
common,0C6D,FUN_CODE_0c6d,match,8,0,,sdas8051 05.50.4+NoICE+SDCCmods-WIP-R14
common,0C7A,FUN_CODE_0c7a,match,9,0,,sdas8051 05.50.4+NoICE+SDCCmods-WIP-R14
common,0C86,FUN_CODE_0c86,match,82,0,,sdas8051 05.50.4+NoICE+SDCCmods-WIP-R14
common,0D49,FUN_CODE_0d49,match,1,0,,sdas8051 05.50.4+NoICE+SDCCmods-WIP-R14
common,0D4A,FUN_CODE_0d4a,match,24,0,,sdas8051 05.50.4+NoICE+SDCCmods-WIP-R14
common,0D78,thunk_FUN_CODE_2819,match,1,0,,sdas8051 05.50.4+NoICE+SDCCmods-WIP-R14
common,0D7B,FUN_CODE_0d7b,partial,55,1,"1 of 56 instruction(s) unchecked, first: ajmp 0x080c",sdas8051 05.50.4+NoICE+SDCCmods-WIP-R14
common,0DF7,thunk_FUN_CODE_0e4c,match,1,0,,sdas8051 05.50.4+NoICE+SDCCmods-WIP-R14
common,0E04,thunk_FUN_CODE_0e4c,match,1,0,,sdas8051 05.50.4+NoICE+SDCCmods-WIP-R14
common,0E1E,FUN_CODE_0e1e,match,8,0,,sdas8051 05.50.4+NoICE+SDCCmods-WIP-R14
common,0E2E,FUN_CODE_0e2e,match,2,0,,sdas8051 05.50.4+NoICE+SDCCmods-WIP-R14
common,0E34,thunk_FUN_CODE_153a,match,1,0,,sdas8051 05.50.4+NoICE+SDCCmods-WIP-R14
common,0E37,thunk_FUN_CODE_1540,match,1,0,,sdas8051 05.50.4+NoICE+SDCCmods-WIP-R14
common,0E3A,thunk_FUN_CODE_1546,match,1,0,,sdas8051 05.50.4+NoICE+SDCCmods-WIP-R14
common,0E3D,thunk_FUN_CODE_154c,match,1,0,,sdas8051 05.50.4+NoICE+SDCCmods-WIP-R14
common,0E40,thunk_FUN_CODE_1552,match,1,0,,sdas8051 05.50.4+NoICE+SDCCmods-WIP-R14
common,0E43,thunk_FUN_CODE_1558,match,1,0,,sdas8051 05.50.4+NoICE+SDCCmods-WIP-R14
common,0E46,thunk_FUN_CODE_155e,match,1,0,,sdas8051 05.50.4+NoICE+SDCCmods-WIP-R14
common,0E49,thunk_FUN_CODE_1564,match,1,0,,sdas8051 05.50.4+NoICE+SDCCmods-WIP-R14
common,0E4C,FUN_CODE_0e4c,match,1,0,,sdas8051 05.50.4+NoICE+SDCCmods-WIP-R14
common,0E4F,FUN_CODE_0e4f,match,1,0,,sdas8051 05.50.4+NoICE+SDCCmods-WIP-R14
common,0E52,thunk_FUN_CODE_1576,match,1,0,,sdas8051 05.50.4+NoICE+SDCCmods-WIP-R14
common,0E55,thunk_FUN_CODE_157c,match,1,0,,sdas8051 05.50.4+NoICE+SDCCmods-WIP-R14
common,0E58,thunk_FUN_CODE_1582,match,1,0,,sdas8051 05.50.4+NoICE+SDCCmods-WIP-R14
common,0E5B,thunk_FUN_CODE_1588,match,1,0,,sdas8051 05.50.4+NoICE+SDCCmods-WIP-R14
common,0E5E,FUN_CODE_0e5e,match,4,0,,sdas8051 05.50.4+NoICE+SDCCmods-WIP-R14
common,0E72,FUN_CODE_0e72,match,5,0,,sdas8051 05.50.4+NoICE+SDCCmods-WIP-R14
common,0E7D,FUN_CODE_0e7d,match,4,0,,sdas8051 05.50.4+NoICE+SDCCmods-WIP-R14
common,0E84,FUN_CODE_0e84,match,14,0,,sdas8051 05.50.4+NoICE+SDCCmods-WIP-R14
common,0ECC,FUN_CODE_0ecc,match,16,0,,sdas8051 05.50.4+NoICE+SDCCmods-WIP-R14
common,0EE8,FUN_CODE_0ee8,match,6,0,,sdas8051 05.50.4+NoICE+SDCCmods-WIP-R14
common,0EF3,FUN_CODE_0ef3,match,17,0,,sdas8051 05.50.4+NoICE+SDCCmods-WIP-R14
common,0F12,FUN_CODE_0f12,match,35,0,,sdas8051 05.50.4+NoICE+SDCCmods-WIP-R14
common,0F4A,FUN_CODE_0f4a,match,8,0,,sdas8051 05.50.4+NoICE+SDCCmods-WIP-R14
common,0F58,FUN_CODE_0f58,match,12,0,,sdas8051 05.50.4+NoICE+SDCCmods-WIP-R14
common,0F75,FUN_CODE_0f75,partial,30,3,"3 of 33 instruction(s) unchecked, first: clr CY",sdas8051 05.50.4+NoICE+SDCCmods-WIP-R14
common,0FA6,FUN_CODE_0fa6,partial,40,3,"3 of 43 instruction(s) unchecked, first: movc A, @A+DPTR",sdas8051 05.50.4+NoICE+SDCCmods-WIP-R14
common,0FE6,FUN_CODE_0fe6,match,17,0,,sdas8051 05.50.4+NoICE+SDCCmods-WIP-R14
common,1002,FUN_CODE_1002,match,11,0,,sdas8051 05.50.4+NoICE+SDCCmods-WIP-R14
common,1012,FUN_CODE_1012,match,2,0,,sdas8051 05.50.4+NoICE+SDCCmods-WIP-R14
common,1017,FUN_CODE_1017,match,12,0,,sdas8051 05.50.4+NoICE+SDCCmods-WIP-R14
common,1042,FUN_CODE_1042,match,4,0,,sdas8051 05.50.4+NoICE+SDCCmods-WIP-R14
common,1048,FUN_CODE_1048,match,2,0,,sdas8051 05.50.4+NoICE+SDCCmods-WIP-R14
common,1059,FUN_CODE_1059,partial,77,1,"1 of 78 instruction(s) unchecked, first: movc A, @A+DPTR",sdas8051 05.50.4+NoICE+SDCCmods-WIP-R14
common,10E5,FUN_CODE_10e5,match,7,0,,sdas8051 05.50.4+NoICE+SDCCmods-WIP-R14
common,10F0,FUN_CODE_10f0,match,1,0,,sdas8051 05.50.4+NoICE+SDCCmods-WIP-R14
common,10F1,FUN_CODE_10f1,match,7,0,,sdas8051 05.50.4+NoICE+SDCCmods-WIP-R14
common,10FA,thunk_FUN_CODE_0a74,match,1,0,,sdas8051 05.50.4+NoICE+SDCCmods-WIP-R14
common,10FF,FUN_CODE_10ff,match,1,0,,sdas8051 05.50.4+NoICE+SDCCmods-WIP-R14
common,1100,bl51_bank_select_0,partial,1,4,"4 of 5 instruction(s) unchecked, first: push 0x08",sdas8051 05.50.4+NoICE+SDCCmods-WIP-R14
common,110A,FUN_CODE_110a,match,5,0,,sdas8051 05.50.4+NoICE+SDCCmods-WIP-R14
common,1114,bl51_bank_select_1,partial,6,4,"4 of 10 instruction(s) unchecked, first: push 0x08",sdas8051 05.50.4+NoICE+SDCCmods-WIP-R14
common,1128,bl51_bank_select_2,partial,6,4,"4 of 10 instruction(s) unchecked, first: push 0x08",sdas8051 05.50.4+NoICE+SDCCmods-WIP-R14
common,113C,bl51_bank_select_3,partial,6,4,"4 of 10 instruction(s) unchecked, first: push 0x08",sdas8051 05.50.4+NoICE+SDCCmods-WIP-R14
common,1150,FUN_CODE_1150,match,2,0,,sdas8051 05.50.4+NoICE+SDCCmods-WIP-R14
common,1156,FUN_CODE_1156,match,2,0,,sdas8051 05.50.4+NoICE+SDCCmods-WIP-R14
common,115C,FUN_CODE_115c,match,2,0,,sdas8051 05.50.4+NoICE+SDCCmods-WIP-R14
common,1162,FUN_CODE_1162,match,2,0,,sdas8051 05.50.4+NoICE+SDCCmods-WIP-R14
common,1168,FUN_CODE_1168,match,2,0,,sdas8051 05.50.4+NoICE+SDCCmods-WIP-R14
common,116E,FUN_CODE_116e,match,2,0,,sdas8051 05.50.4+NoICE+SDCCmods-WIP-R14
common,1174,FUN_CODE_1174,match,2,0,,sdas8051 05.50.4+NoICE+SDCCmods-WIP-R14
common,117A,FUN_CODE_117a,match,2,0,,sdas8051 05.50.4+NoICE+SDCCmods-WIP-R14
common,1180,FUN_CODE_1180,match,2,0,,sdas8051 05.50.4+NoICE+SDCCmods-WIP-R14
common,1186,FUN_CODE_1186,match,2,0,,sdas8051 05.50.4+NoICE+SDCCmods-WIP-R14
common,118C,FUN_CODE_118c,match,2,0,,sdas8051 05.50.4+NoICE+SDCCmods-WIP-R14
common,1192,FUN_CODE_1192,match,2,0,,sdas8051 05.50.4+NoICE+SDCCmods-WIP-R14
common,1198,FUN_CODE_1198,match,2,0,,sdas8051 05.50.4+NoICE+SDCCmods-WIP-R14
common,119E,FUN_CODE_119e,match,2,0,,sdas8051 05.50.4+NoICE+SDCCmods-WIP-R14
common,11A4,FUN_CODE_11a4,match,2,0,,sdas8051 05.50.4+NoICE+SDCCmods-WIP-R14
common,11AA,FUN_CODE_11aa,match,2,0,,sdas8051 05.50.4+NoICE+SDCCmods-WIP-R14
common,11B0,FUN_CODE_11b0,match,2,0,,sdas8051 05.50.4+NoICE+SDCCmods-WIP-R14
common,11B6,FUN_CODE_11b6,match,2,0,,sdas8051 05.50.4+NoICE+SDCCmods-WIP-R14
common,11BC,FUN_CODE_11bc,match,2,0,,sdas8051 05.50.4+NoICE+SDCCmods-WIP-R14
common,11C2,FUN_CODE_11c2,match,2,0,,sdas8051 05.50.4+NoICE+SDCCmods-WIP-R14
common,11C8,FUN_CODE_11c8,match,2,0,,sdas8051 05.50.4+NoICE+SDCCmods-WIP-R14
common,11CE,FUN_CODE_11ce,match,2,0,,sdas8051 05.50.4+NoICE+SDCCmods-WIP-R14
common,11D4,FUN_CODE_11d4,match,2,0,,sdas8051 05.50.4+NoICE+SDCCmods-WIP-R14
common,11DA,FUN_CODE_11da,match,2,0,,sdas8051 05.50.4+NoICE+SDCCmods-WIP-R14
common,11E0,FUN_CODE_11e0,match,2,0,,sdas8051 05.50.4+NoICE+SDCCmods-WIP-R14
common,11E6,FUN_CODE_11e6,match,2,0,,sdas8051 05.50.4+NoICE+SDCCmods-WIP-R14
common,11EC,FUN_CODE_11ec,match,2,0,,sdas8051 05.50.4+NoICE+SDCCmods-WIP-R14
common,11F2,FUN_CODE_11f2,match,2,0,,sdas8051 05.50.4+NoICE+SDCCmods-WIP-R14
common,11F8,FUN_CODE_11f8,match,2,0,,sdas8051 05.50.4+NoICE+SDCCmods-WIP-R14
common,11FE,FUN_CODE_11fe,match,2,0,,sdas8051 05.50.4+NoICE+SDCCmods-WIP-R14
common,1204,FUN_CODE_1204,match,1,0,,sdas8051 05.50.4+NoICE+SDCCmods-WIP-R14
common,1207,bl51_bank_select_0,match,1,0,,sdas8051 05.50.4+NoICE+SDCCmods-WIP-R14
common,120A,FUN_CODE_120a,match,2,0,,sdas8051 05.50.4+NoICE+SDCCmods-WIP-R14
common,1210,FUN_CODE_1210,match,2,0,,sdas8051 05.50.4+NoICE+SDCCmods-WIP-R14
common,1216,FUN_CODE_1216,match,2,0,,sdas8051 05.50.4+NoICE+SDCCmods-WIP-R14
common,121C,FUN_CODE_121c,match,2,0,,sdas8051 05.50.4+NoICE+SDCCmods-WIP-R14
common,1222,FUN_CODE_1222,match,2,0,,sdas8051 05.50.4+NoICE+SDCCmods-WIP-R14
common,1228,FUN_CODE_1228,match,2,0,,sdas8051 05.50.4+NoICE+SDCCmods-WIP-R14
common,122E,FUN_CODE_122e,match,2,0,,sdas8051 05.50.4+NoICE+SDCCmods-WIP-R14
common,1234,FUN_CODE_1234,match,2,0,,sdas8051 05.50.4+NoICE+SDCCmods-WIP-R14
common,123A,FUN_CODE_123a,match,2,0,,sdas8051 05.50.4+NoICE+SDCCmods-WIP-R14
common,1240,FUN_CODE_1240,match,2,0,,sdas8051 05.50.4+NoICE+SDCCmods-WIP-R14
common,1246,FUN_CODE_1246,match,2,0,,sdas8051 05.50.4+NoICE+SDCCmods-WIP-R14
common,124C,FUN_CODE_124c,match,2,0,,sdas8051 05.50.4+NoICE+SDCCmods-WIP-R14
common,1252,FUN_CODE_1252,match,2,0,,sdas8051 05.50.4+NoICE+SDCCmods-WIP-R14
common,1258,FUN_CODE_1258,match,2,0,,sdas8051 05.50.4+NoICE+SDCCmods-WIP-R14
common,125E,FUN_CODE_125e,match,2,0,,sdas8051 05.50.4+NoICE+SDCCmods-WIP-R14
common,1264,FUN_CODE_1264,match,2,0,,sdas8051 05.50.4+NoICE+SDCCmods-WIP-R14
common,126A,FUN_CODE_126a,match,2,0,,sdas8051 05.50.4+NoICE+SDCCmods-WIP-R14
common,1270,FUN_CODE_1270,match,2,0,,sdas8051 05.50.4+NoICE+SDCCmods-WIP-R14
common,1276,FUN_CODE_1276,match,2,0,,sdas8051 05.50.4+NoICE+SDCCmods-WIP-R14
common,127C,FUN_CODE_127c,match,2,0,,sdas8051 05.50.4+NoICE+SDCCmods-WIP-R14
common,1282,FUN_CODE_1282,match,2,0,,sdas8051 05.50.4+NoICE+SDCCmods-WIP-R14
common,1288,FUN_CODE_1288,match,2,0,,sdas8051 05.50.4+NoICE+SDCCmods-WIP-R14
common,128E,FUN_CODE_128e,match,2,0,,sdas8051 05.50.4+NoICE+SDCCmods-WIP-R14
common,1294,FUN_CODE_1294,match,2,0,,sdas8051 05.50.4+NoICE+SDCCmods-WIP-R14
common,129A,FUN_CODE_129a,match,2,0,,sdas8051 05.50.4+NoICE+SDCCmods-WIP-R14
common,12A0,FUN_CODE_12a0,match,2,0,,sdas8051 05.50.4+NoICE+SDCCmods-WIP-R14
common,12A6,FUN_CODE_12a6,match,2,0,,sdas8051 05.50.4+NoICE+SDCCmods-WIP-R14
common,12AC,FUN_CODE_12ac,match,2,0,,sdas8051 05.50.4+NoICE+SDCCmods-WIP-R14
common,12B2,FUN_CODE_12b2,match,2,0,,sdas8051 05.50.4+NoICE+SDCCmods-WIP-R14
common,12B8,FUN_CODE_12b8,match,2,0,,sdas8051 05.50.4+NoICE+SDCCmods-WIP-R14
common,12BE,FUN_CODE_12be,match,2,0,,sdas8051 05.50.4+NoICE+SDCCmods-WIP-R14
common,12C4,FUN_CODE_12c4,match,2,0,,sdas8051 05.50.4+NoICE+SDCCmods-WIP-R14
common,12CA,FUN_CODE_12ca,match,2,0,,sdas8051 05.50.4+NoICE+SDCCmods-WIP-R14
common,12D0,FUN_CODE_12d0,match,2,0,,sdas8051 05.50.4+NoICE+SDCCmods-WIP-R14
common,12D6,FUN_CODE_12d6,match,2,0,,sdas8051 05.50.4+NoICE+SDCCmods-WIP-R14
common,12DC,FUN_CODE_12dc,match,2,0,,sdas8051 05.50.4+NoICE+SDCCmods-WIP-R14
common,12E2,FUN_CODE_12e2,match,2,0,,sdas8051 05.50.4+NoICE+SDCCmods-WIP-R14
common,12E8,FUN_CODE_12e8,match,2,0,,sdas8051 05.50.4+NoICE+SDCCmods-WIP-R14
common,12EE,FUN_CODE_12ee,assembler-gap,2,0,no bytes emitted at 12EE,sdas8051 05.50.4+NoICE+SDCCmods-WIP-R14
common,12F4,FUN_CODE_12f4,match,2,0,,sdas8051 05.50.4+NoICE+SDCCmods-WIP-R14
common,12FA,FUN_CODE_12fa,match,2,0,,sdas8051 05.50.4+NoICE+SDCCmods-WIP-R14
common,1300,FUN_CODE_1300,match,2,0,,sdas8051 05.50.4+NoICE+SDCCmods-WIP-R14
common,1306,FUN_CODE_1306,match,2,0,,sdas8051 05.50.4+NoICE+SDCCmods-WIP-R14
common,130C,FUN_CODE_130c,match,2,0,,sdas8051 05.50.4+NoICE+SDCCmods-WIP-R14
common,1312,FUN_CODE_1312,match,2,0,,sdas8051 05.50.4+NoICE+SDCCmods-WIP-R14
common,1318,FUN_CODE_1318,match,2,0,,sdas8051 05.50.4+NoICE+SDCCmods-WIP-R14
common,131E,FUN_CODE_131e,match,2,0,,sdas8051 05.50.4+NoICE+SDCCmods-WIP-R14
common,1324,FUN_CODE_1324,match,2,0,,sdas8051 05.50.4+NoICE+SDCCmods-WIP-R14
common,132A,FUN_CODE_132a,match,2,0,,sdas8051 05.50.4+NoICE+SDCCmods-WIP-R14
common,1330,FUN_CODE_1330,match,2,0,,sdas8051 05.50.4+NoICE+SDCCmods-WIP-R14
common,1336,FUN_CODE_1336,match,2,0,,sdas8051 05.50.4+NoICE+SDCCmods-WIP-R14
common,133C,FUN_CODE_133c,match,2,0,,sdas8051 05.50.4+NoICE+SDCCmods-WIP-R14
common,1342,FUN_CODE_1342,match,2,0,,sdas8051 05.50.4+NoICE+SDCCmods-WIP-R14
common,1348,FUN_CODE_1348,match,2,0,,sdas8051 05.50.4+NoICE+SDCCmods-WIP-R14
common,134E,FUN_CODE_134e,match,2,0,,sdas8051 05.50.4+NoICE+SDCCmods-WIP-R14
common,1354,FUN_CODE_1354,match,2,0,,sdas8051 05.50.4+NoICE+SDCCmods-WIP-R14
common,135A,FUN_CODE_135a,match,2,0,,sdas8051 05.50.4+NoICE+SDCCmods-WIP-R14
common,1360,FUN_CODE_1360,match,2,0,,sdas8051 05.50.4+NoICE+SDCCmods-WIP-R14
common,1366,FUN_CODE_1366,match,2,0,,sdas8051 05.50.4+NoICE+SDCCmods-WIP-R14
common,136C,FUN_CODE_136c,match,2,0,,sdas8051 05.50.4+NoICE+SDCCmods-WIP-R14
common,1372,FUN_CODE_1372,match,2,0,,sdas8051 05.50.4+NoICE+SDCCmods-WIP-R14
common,1378,FUN_CODE_1378,match,2,0,,sdas8051 05.50.4+NoICE+SDCCmods-WIP-R14
common,137E,FUN_CODE_137e,match,2,0,,sdas8051 05.50.4+NoICE+SDCCmods-WIP-R14
common,1384,FUN_CODE_1384,match,2,0,,sdas8051 05.50.4+NoICE+SDCCmods-WIP-R14
common,138A,FUN_CODE_138a,match,2,0,,sdas8051 05.50.4+NoICE+SDCCmods-WIP-R14
common,1390,FUN_CODE_1390,assembler-gap,2,0,no bytes emitted at 1390,sdas8051 05.50.4+NoICE+SDCCmods-WIP-R14
common,1396,FUN_CODE_1396,match,2,0,,sdas8051 05.50.4+NoICE+SDCCmods-WIP-R14
common,139C,FUN_CODE_139c,assembler-gap,2,0,no bytes emitted at 139C,sdas8051 05.50.4+NoICE+SDCCmods-WIP-R14
common,13A2,FUN_CODE_13a2,match,2,0,,sdas8051 05.50.4+NoICE+SDCCmods-WIP-R14
common,13A8,FUN_CODE_13a8,match,2,0,,sdas8051 05.50.4+NoICE+SDCCmods-WIP-R14
common,13AE,FUN_CODE_13ae,match,2,0,,sdas8051 05.50.4+NoICE+SDCCmods-WIP-R14
common,13B4,FUN_CODE_13b4,match,2,0,,sdas8051 05.50.4+NoICE+SDCCmods-WIP-R14
common,13BA,FUN_CODE_13ba,match,2,0,,sdas8051 05.50.4+NoICE+SDCCmods-WIP-R14
common,13C0,FUN_CODE_13c0,match,2,0,,sdas8051 05.50.4+NoICE+SDCCmods-WIP-R14
common,13C6,FUN_CODE_13c6,match,2,0,,sdas8051 05.50.4+NoICE+SDCCmods-WIP-R14
common,13CC,FUN_CODE_13cc,match,2,0,,sdas8051 05.50.4+NoICE+SDCCmods-WIP-R14
common,13D2,FUN_CODE_13d2,match,2,0,,sdas8051 05.50.4+NoICE+SDCCmods-WIP-R14
common,13D8,FUN_CODE_13d8,match,2,0,,sdas8051 05.50.4+NoICE+SDCCmods-WIP-R14
common,13DE,FUN_CODE_13de,match,2,0,,sdas8051 05.50.4+NoICE+SDCCmods-WIP-R14
common,13E4,FUN_CODE_13e4,match,2,0,,sdas8051 05.50.4+NoICE+SDCCmods-WIP-R14
common,13EA,FUN_CODE_13ea,match,2,0,,sdas8051 05.50.4+NoICE+SDCCmods-WIP-R14
common,13F0,FUN_CODE_13f0,match,2,0,,sdas8051 05.50.4+NoICE+SDCCmods-WIP-R14
common,13F6,FUN_CODE_13f6,match,2,0,,sdas8051 05.50.4+NoICE+SDCCmods-WIP-R14
common,13FC,FUN_CODE_13fc,match,2,0,,sdas8051 05.50.4+NoICE+SDCCmods-WIP-R14
common,1402,FUN_CODE_1402,match,2,0,,sdas8051 05.50.4+NoICE+SDCCmods-WIP-R14
common,1408,FUN_CODE_1408,match,2,0,,sdas8051 05.50.4+NoICE+SDCCmods-WIP-R14
common,140E,FUN_CODE_140e,match,2,0,,sdas8051 05.50.4+NoICE+SDCCmods-WIP-R14
common,1414,FUN_CODE_1414,match,2,0,,sdas8051 05.50.4+NoICE+SDCCmods-WIP-R14
common,141A,FUN_CODE_141a,match,2,0,,sdas8051 05.50.4+NoICE+SDCCmods-WIP-R14
common,1420,FUN_CODE_1420,match,2,0,,sdas8051 05.50.4+NoICE+SDCCmods-WIP-R14
common,1426,FUN_CODE_1426,match,2,0,,sdas8051 05.50.4+NoICE+SDCCmods-WIP-R14
common,142C,FUN_CODE_142c,match,2,0,,sdas8051 05.50.4+NoICE+SDCCmods-WIP-R14
common,1432,FUN_CODE_1432,match,2,0,,sdas8051 05.50.4+NoICE+SDCCmods-WIP-R14
common,1438,FUN_CODE_1438,match,2,0,,sdas8051 05.50.4+NoICE+SDCCmods-WIP-R14
common,143E,FUN_CODE_143e,match,2,0,,sdas8051 05.50.4+NoICE+SDCCmods-WIP-R14
common,1444,FUN_CODE_1444,match,2,0,,sdas8051 05.50.4+NoICE+SDCCmods-WIP-R14
common,144A,FUN_CODE_144a,match,2,0,,sdas8051 05.50.4+NoICE+SDCCmods-WIP-R14
common,1450,FUN_CODE_1450,match,2,0,,sdas8051 05.50.4+NoICE+SDCCmods-WIP-R14
common,1456,FUN_CODE_1456,match,2,0,,sdas8051 05.50.4+NoICE+SDCCmods-WIP-R14
common,145C,FUN_CODE_145c,match,2,0,,sdas8051 05.50.4+NoICE+SDCCmods-WIP-R14
common,1462,FUN_CODE_1462,match,2,0,,sdas8051 05.50.4+NoICE+SDCCmods-WIP-R14
common,1468,FUN_CODE_1468,match,2,0,,sdas8051 05.50.4+NoICE+SDCCmods-WIP-R14
common,146E,FUN_CODE_146e,match,2,0,,sdas8051 05.50.4+NoICE+SDCCmods-WIP-R14
common,1474,FUN_CODE_1474,match,2,0,,sdas8051 05.50.4+NoICE+SDCCmods-WIP-R14
common,147A,FUN_CODE_147a,match,2,0,,sdas8051 05.50.4+NoICE+SDCCmods-WIP-R14
common,1480,FUN_CODE_1480,match,2,0,,sdas8051 05.50.4+NoICE+SDCCmods-WIP-R14
common,1486,FUN_CODE_1486,match,2,0,,sdas8051 05.50.4+NoICE+SDCCmods-WIP-R14
common,148C,FUN_CODE_148c,match,2,0,,sdas8051 05.50.4+NoICE+SDCCmods-WIP-R14
common,1492,FUN_CODE_1492,match,2,0,,sdas8051 05.50.4+NoICE+SDCCmods-WIP-R14
common,1498,FUN_CODE_1498,match,2,0,,sdas8051 05.50.4+NoICE+SDCCmods-WIP-R14
common,149E,FUN_CODE_149e,match,2,0,,sdas8051 05.50.4+NoICE+SDCCmods-WIP-R14
common,14A4,FUN_CODE_14a4,match,2,0,,sdas8051 05.50.4+NoICE+SDCCmods-WIP-R14
common,14AA,FUN_CODE_14aa,match,2,0,,sdas8051 05.50.4+NoICE+SDCCmods-WIP-R14
common,14B0,FUN_CODE_14b0,match,2,0,,sdas8051 05.50.4+NoICE+SDCCmods-WIP-R14
common,14B6,FUN_CODE_14b6,match,2,0,,sdas8051 05.50.4+NoICE+SDCCmods-WIP-R14
common,14BC,FUN_CODE_14bc,match,2,0,,sdas8051 05.50.4+NoICE+SDCCmods-WIP-R14
common,14C2,FUN_CODE_14c2,match,2,0,,sdas8051 05.50.4+NoICE+SDCCmods-WIP-R14
common,14C8,FUN_CODE_14c8,match,2,0,,sdas8051 05.50.4+NoICE+SDCCmods-WIP-R14
common,14CE,FUN_CODE_14ce,match,2,0,,sdas8051 05.50.4+NoICE+SDCCmods-WIP-R14
common,14D4,FUN_CODE_14d4,match,2,0,,sdas8051 05.50.4+NoICE+SDCCmods-WIP-R14
common,14DA,FUN_CODE_14da,match,2,0,,sdas8051 05.50.4+NoICE+SDCCmods-WIP-R14
common,14E0,FUN_CODE_14e0,match,2,0,,sdas8051 05.50.4+NoICE+SDCCmods-WIP-R14
common,14E6,FUN_CODE_14e6,match,2,0,,sdas8051 05.50.4+NoICE+SDCCmods-WIP-R14
common,14EC,FUN_CODE_14ec,match,2,0,,sdas8051 05.50.4+NoICE+SDCCmods-WIP-R14
common,14F2,FUN_CODE_14f2,match,2,0,,sdas8051 05.50.4+NoICE+SDCCmods-WIP-R14
common,14F8,FUN_CODE_14f8,match,2,0,,sdas8051 05.50.4+NoICE+SDCCmods-WIP-R14
common,14FE,FUN_CODE_14fe,match,2,0,,sdas8051 05.50.4+NoICE+SDCCmods-WIP-R14
common,1504,FUN_CODE_1504,assembler-gap,2,0,no bytes emitted at 1504,sdas8051 05.50.4+NoICE+SDCCmods-WIP-R14
common,150A,FUN_CODE_150a,match,2,0,,sdas8051 05.50.4+NoICE+SDCCmods-WIP-R14
common,1510,FUN_CODE_1510,match,2,0,,sdas8051 05.50.4+NoICE+SDCCmods-WIP-R14
common,1516,FUN_CODE_1516,assembler-gap,2,0,no bytes emitted at 1516,sdas8051 05.50.4+NoICE+SDCCmods-WIP-R14
common,151C,FUN_CODE_151c,match,2,0,,sdas8051 05.50.4+NoICE+SDCCmods-WIP-R14
common,1522,FUN_CODE_1522,match,2,0,,sdas8051 05.50.4+NoICE+SDCCmods-WIP-R14
common,1528,FUN_CODE_1528,match,2,0,,sdas8051 05.50.4+NoICE+SDCCmods-WIP-R14
common,152E,FUN_CODE_152e,match,2,0,,sdas8051 05.50.4+NoICE+SDCCmods-WIP-R14
common,1534,FUN_CODE_1534,match,2,0,,sdas8051 05.50.4+NoICE+SDCCmods-WIP-R14
common,153A,FUN_CODE_153a,match,2,0,,sdas8051 05.50.4+NoICE+SDCCmods-WIP-R14
common,1540,FUN_CODE_1540,match,2,0,,sdas8051 05.50.4+NoICE+SDCCmods-WIP-R14
common,1546,FUN_CODE_1546,match,2,0,,sdas8051 05.50.4+NoICE+SDCCmods-WIP-R14
common,154C,FUN_CODE_154c,match,2,0,,sdas8051 05.50.4+NoICE+SDCCmods-WIP-R14
common,1552,FUN_CODE_1552,match,2,0,,sdas8051 05.50.4+NoICE+SDCCmods-WIP-R14
common,1558,FUN_CODE_1558,match,2,0,,sdas8051 05.50.4+NoICE+SDCCmods-WIP-R14
common,155E,FUN_CODE_155e,match,2,0,,sdas8051 05.50.4+NoICE+SDCCmods-WIP-R14
common,1564,FUN_CODE_1564,match,2,0,,sdas8051 05.50.4+NoICE+SDCCmods-WIP-R14
common,156B,FUN_CODE_156b,partial,1,1,"1 of 2 instruction(s) unchecked, first: acall 0x1000",sdas8051 05.50.4+NoICE+SDCCmods-WIP-R14
common,1570,FUN_CODE_1570,match,2,0,,sdas8051 05.50.4+NoICE+SDCCmods-WIP-R14
common,1576,FUN_CODE_1576,match,2,0,,sdas8051 05.50.4+NoICE+SDCCmods-WIP-R14
common,157C,FUN_CODE_157c,match,2,0,,sdas8051 05.50.4+NoICE+SDCCmods-WIP-R14
common,1582,FUN_CODE_1582,match,2,0,,sdas8051 05.50.4+NoICE+SDCCmods-WIP-R14
common,1588,FUN_CODE_1588,match,2,0,,sdas8051 05.50.4+NoICE+SDCCmods-WIP-R14
common,158E,FUN_CODE_158e,match,2,0,,sdas8051 05.50.4+NoICE+SDCCmods-WIP-R14
common,1594,FUN_CODE_1594,match,2,0,,sdas8051 05.50.4+NoICE+SDCCmods-WIP-R14
common,159A,FUN_CODE_159a,match,2,0,,sdas8051 05.50.4+NoICE+SDCCmods-WIP-R14
common,15A0,FUN_CODE_15a0,match,2,0,,sdas8051 05.50.4+NoICE+SDCCmods-WIP-R14
common,15A6,FUN_CODE_15a6,match,2,0,,sdas8051 05.50.4+NoICE+SDCCmods-WIP-R14
common,15AC,FUN_CODE_15ac,match,2,0,,sdas8051 05.50.4+NoICE+SDCCmods-WIP-R14
common,15B2,FUN_CODE_15b2,match,2,0,,sdas8051 05.50.4+NoICE+SDCCmods-WIP-R14
common,15B8,trampoline_bank0_c881,match,2,0,,sdas8051 05.50.4+NoICE+SDCCmods-WIP-R14
common,15BE,FUN_CODE_15be,match,2,0,,sdas8051 05.50.4+NoICE+SDCCmods-WIP-R14
common,15C4,FUN_CODE_15c4,match,2,0,,sdas8051 05.50.4+NoICE+SDCCmods-WIP-R14
common,15CA,FUN_CODE_15ca,match,2,0,,sdas8051 05.50.4+NoICE+SDCCmods-WIP-R14
common,15D0,FUN_CODE_15d0,match,2,0,,sdas8051 05.50.4+NoICE+SDCCmods-WIP-R14
common,15D6,FUN_CODE_15d6,match,2,0,,sdas8051 05.50.4+NoICE+SDCCmods-WIP-R14
common,15DC,FUN_CODE_15dc,match,2,0,,sdas8051 05.50.4+NoICE+SDCCmods-WIP-R14
common,15E2,FUN_CODE_15e2,assembler-gap,2,0,no bytes emitted at 15E2,sdas8051 05.50.4+NoICE+SDCCmods-WIP-R14
common,15E8,FUN_CODE_15e8,match,2,0,,sdas8051 05.50.4+NoICE+SDCCmods-WIP-R14
common,15EE,FUN_CODE_15ee,match,2,0,,sdas8051 05.50.4+NoICE+SDCCmods-WIP-R14
common,15F4,FUN_CODE_15f4,assembler-gap,2,0,no bytes emitted at 15F4,sdas8051 05.50.4+NoICE+SDCCmods-WIP-R14
common,15FA,FUN_CODE_15fa,match,2,0,,sdas8051 05.50.4+NoICE+SDCCmods-WIP-R14
common,1602,FUN_CODE_1602,assembler-gap,0,1,ajmp 0x1202,sdas8051 05.50.4+NoICE+SDCCmods-WIP-R14
common,1606,FUN_CODE_1606,match,2,0,,sdas8051 05.50.4+NoICE+SDCCmods-WIP-R14
common,160C,FUN_CODE_160c,match,2,0,,sdas8051 05.50.4+NoICE+SDCCmods-WIP-R14
common,1612,FUN_CODE_1612,match,2,0,,sdas8051 05.50.4+NoICE+SDCCmods-WIP-R14
common,1618,FUN_CODE_1618,match,2,0,,sdas8051 05.50.4+NoICE+SDCCmods-WIP-R14
common,161E,FUN_CODE_161e,match,2,0,,sdas8051 05.50.4+NoICE+SDCCmods-WIP-R14
common,1624,FUN_CODE_1624,match,2,0,,sdas8051 05.50.4+NoICE+SDCCmods-WIP-R14
common,1630,FUN_CODE_1630,match,2,0,,sdas8051 05.50.4+NoICE+SDCCmods-WIP-R14
common,1636,FUN_CODE_1636,match,2,0,,sdas8051 05.50.4+NoICE+SDCCmods-WIP-R14
common,16D2,FUN_CODE_16d2,match,2,0,,sdas8051 05.50.4+NoICE+SDCCmods-WIP-R14
common,1706,FUN_CODE_1706,partial,2,1,"1 of 3 instruction(s) unchecked, first: acall 0x1000",sdas8051 05.50.4+NoICE+SDCCmods-WIP-R14
common,1800,FUN_CODE_1800,match,1,0,,sdas8051 05.50.4+NoICE+SDCCmods-WIP-R14
common,1AC2,FUN_CODE_1ac2,partial,122,10,"10 of 132 instruction(s) unchecked, first: clr CY",sdas8051 05.50.4+NoICE+SDCCmods-WIP-R14
common,1BA4,FUN_CODE_1ba4,partial,42,2,"2 of 44 instruction(s) unchecked, first: clr CY",sdas8051 05.50.4+NoICE+SDCCmods-WIP-R14
common,1BF3,FUN_CODE_1bf3,match,7,0,,sdas8051 05.50.4+NoICE+SDCCmods-WIP-R14
common,1C00,FUN_CODE_1c00,match,11,0,,sdas8051 05.50.4+NoICE+SDCCmods-WIP-R14
common,1C14,FUN_CODE_1c14,partial,71,5,"5 of 76 instruction(s) unchecked, first: clr CY",sdas8051 05.50.4+NoICE+SDCCmods-WIP-R14
common,1C3E,FUN_CODE_1c3e,partial,31,1,"1 of 32 instruction(s) unchecked, first: movc A, @A+DPTR",sdas8051 05.50.4+NoICE+SDCCmods-WIP-R14
common,1CD1,FUN_CODE_1cd1,match,1,0,,sdas8051 05.50.4+NoICE+SDCCmods-WIP-R14
common,1CD2,FUN_CODE_1cd2,partial,49,2,"2 of 51 instruction(s) unchecked, first: movc A, @A+DPTR",sdas8051 05.50.4+NoICE+SDCCmods-WIP-R14
common,1D20,FUN_CODE_1d20,partial,130,8,"8 of 138 instruction(s) unchecked, first: clr CY",sdas8051 05.50.4+NoICE+SDCCmods-WIP-R14
common,1E1A,FUN_CODE_1e1a,match,11,0,,sdas8051 05.50.4+NoICE+SDCCmods-WIP-R14
common,1E30,FUN_CODE_1e30,match,37,0,,sdas8051 05.50.4+NoICE+SDCCmods-WIP-R14
common,1E6E,FUN_CODE_1e6e,match,9,0,,sdas8051 05.50.4+NoICE+SDCCmods-WIP-R14
common,1E7F,FUN_CODE_1e7f,match,113,0,,sdas8051 05.50.4+NoICE+SDCCmods-WIP-R14
common,2002,FUN_CODE_2002,match,32,0,,sdas8051 05.50.4+NoICE+SDCCmods-WIP-R14
common,21DC,FUN_CODE_21dc,match,1,0,,sdas8051 05.50.4+NoICE+SDCCmods-WIP-R14
common,21DF,FUN_CODE_21df,assembler-gap,3,0,no bytes emitted at 21DF,sdas8051 05.50.4+NoICE+SDCCmods-WIP-R14
common,21E2,FUN_CODE_21e2,match,8,0,,sdas8051 05.50.4+NoICE+SDCCmods-WIP-R14
common,21EB,FUN_CODE_21eb,match,20,0,,sdas8051 05.50.4+NoICE+SDCCmods-WIP-R14
common,220A,FUN_CODE_220a,match,5,0,,sdas8051 05.50.4+NoICE+SDCCmods-WIP-R14
common,2211,FUN_CODE_2211,match,8,0,,sdas8051 05.50.4+NoICE+SDCCmods-WIP-R14
common,221F,FUN_CODE_221f,match,4,0,,sdas8051 05.50.4+NoICE+SDCCmods-WIP-R14
common,2226,FUN_CODE_2226,match,8,0,,sdas8051 05.50.4+NoICE+SDCCmods-WIP-R14
common,222E,FUN_CODE_222e,match,4,0,,sdas8051 05.50.4+NoICE+SDCCmods-WIP-R14
common,2238,FUN_CODE_2238,match,6,0,,sdas8051 05.50.4+NoICE+SDCCmods-WIP-R14
common,223F,FUN_CODE_223f,match,55,0,,sdas8051 05.50.4+NoICE+SDCCmods-WIP-R14
common,2275,FUN_CODE_2275,match,15,0,,sdas8051 05.50.4+NoICE+SDCCmods-WIP-R14
common,2290,FUN_CODE_2290,partial,19,1,"1 of 20 instruction(s) unchecked, first: clr CY",sdas8051 05.50.4+NoICE+SDCCmods-WIP-R14
common,22EF,FUN_CODE_22ef,partial,116,1,"1 of 117 instruction(s) unchecked, first: clr CY",sdas8051 05.50.4+NoICE+SDCCmods-WIP-R14
common,23C9,FUN_CODE_23c9,match,30,0,,sdas8051 05.50.4+NoICE+SDCCmods-WIP-R14
common,23F4,FUN_CODE_23f4,partial,39,5,"5 of 44 instruction(s) unchecked, first: clr CY",sdas8051 05.50.4+NoICE+SDCCmods-WIP-R14
common,2444,FUN_CODE_2444,partial,87,1,"1 of 88 instruction(s) unchecked, first: clr CY",sdas8051 05.50.4+NoICE+SDCCmods-WIP-R14
common,24D1,FUN_CODE_24d1,partial,34,1,"1 of 35 instruction(s) unchecked, first: clr CY",sdas8051 05.50.4+NoICE+SDCCmods-WIP-R14
common,24FE,FUN_CODE_24fe,match,34,0,,sdas8051 05.50.4+NoICE+SDCCmods-WIP-R14
common,2533,FUN_CODE_2533,match,55,0,,sdas8051 05.50.4+NoICE+SDCCmods-WIP-R14
common,258B,FUN_CODE_258b,partial,106,2,"2 of 108 instruction(s) unchecked, first: clr CY",sdas8051 05.50.4+NoICE+SDCCmods-WIP-R14
common,2632,FUN_CODE_2632,partial,83,4,"4 of 87 instruction(s) unchecked, first: clr CY",sdas8051 05.50.4+NoICE+SDCCmods-WIP-R14
common,26CB,FUN_CODE_26cb,partial,38,1,"1 of 39 instruction(s) unchecked, first: clr CY",sdas8051 05.50.4+NoICE+SDCCmods-WIP-R14
common,271A,FUN_CODE_271a,partial,67,1,"1 of 68 instruction(s) unchecked, first: clr CY",sdas8051 05.50.4+NoICE+SDCCmods-WIP-R14
common,2797,FUN_CODE_2797,match,10,0,,sdas8051 05.50.4+NoICE+SDCCmods-WIP-R14
common,27AB,FUN_CODE_27ab,match,32,0,,sdas8051 05.50.4+NoICE+SDCCmods-WIP-R14
common,27E3,FUN_CODE_27e3,match,18,0,,sdas8051 05.50.4+NoICE+SDCCmods-WIP-R14
common,2802,FUN_CODE_2802,match,10,0,,sdas8051 05.50.4+NoICE+SDCCmods-WIP-R14
common,2812,FUN_CODE_2812,match,5,0,,sdas8051 05.50.4+NoICE+SDCCmods-WIP-R14
common,2819,FUN_CODE_2819,match,5,0,,sdas8051 05.50.4+NoICE+SDCCmods-WIP-R14
common,2820,FUN_CODE_2820,match,26,0,,sdas8051 05.50.4+NoICE+SDCCmods-WIP-R14
common,2890,FUN_CODE_2890,match,4,0,,sdas8051 05.50.4+NoICE+SDCCmods-WIP-R14
common,2896,FUN_CODE_2896,match,25,0,,sdas8051 05.50.4+NoICE+SDCCmods-WIP-R14
common,28C1,FUN_CODE_28c1,match,9,0,,sdas8051 05.50.4+NoICE+SDCCmods-WIP-R14
common,28D1,FUN_CODE_28d1,partial,46,3,"3 of 49 instruction(s) unchecked, first: movc A, @A+DPTR",sdas8051 05.50.4+NoICE+SDCCmods-WIP-R14
common,291D,FUN_CODE_291d,match,34,0,,sdas8051 05.50.4+NoICE+SDCCmods-WIP-R14
common,295F,FUN_CODE_295f,partial,25,1,"1 of 26 instruction(s) unchecked, first: clr CY",sdas8051 05.50.4+NoICE+SDCCmods-WIP-R14
common,2987,FUN_CODE_2987,match,5,0,,sdas8051 05.50.4+NoICE+SDCCmods-WIP-R14
common,2990,FUN_CODE_2990,partial,36,1,"1 of 37 instruction(s) unchecked, first: clr CY",sdas8051 05.50.4+NoICE+SDCCmods-WIP-R14
common,29CF,FUN_CODE_29cf,match,24,0,,sdas8051 05.50.4+NoICE+SDCCmods-WIP-R14
common,2A24,FUN_CODE_2a24,match,2,0,,sdas8051 05.50.4+NoICE+SDCCmods-WIP-R14
common,2A27,FUN_CODE_2a27,match,1,0,,sdas8051 05.50.4+NoICE+SDCCmods-WIP-R14
common,2A28,FUN_CODE_2a28,match,8,0,,sdas8051 05.50.4+NoICE+SDCCmods-WIP-R14
common,2A35,FUN_CODE_2a35,match,2,0,,sdas8051 05.50.4+NoICE+SDCCmods-WIP-R14
common,2A38,FUN_CODE_2a38,match,8,0,,sdas8051 05.50.4+NoICE+SDCCmods-WIP-R14
common,2A42,FUN_CODE_2a42,match,3,0,,sdas8051 05.50.4+NoICE+SDCCmods-WIP-R14
common,2A48,FUN_CODE_2a48,match,3,0,,sdas8051 05.50.4+NoICE+SDCCmods-WIP-R14
common,2A4F,FUN_CODE_2a4f,match,4,0,,sdas8051 05.50.4+NoICE+SDCCmods-WIP-R14
common,2A54,FUN_CODE_2a54,match,6,0,,sdas8051 05.50.4+NoICE+SDCCmods-WIP-R14
common,2A5B,FUN_CODE_2a5b,match,9,0,,sdas8051 05.50.4+NoICE+SDCCmods-WIP-R14
common,2A7B,FUN_CODE_2a7b,match,1,0,,sdas8051 05.50.4+NoICE+SDCCmods-WIP-R14
common,2A7D,FUN_CODE_2a7d,match,5,0,,sdas8051 05.50.4+NoICE+SDCCmods-WIP-R14
common,2A84,FUN_CODE_2a84,match,2,0,,sdas8051 05.50.4+NoICE+SDCCmods-WIP-R14
common,2A87,FUN_CODE_2a87,match,5,0,,sdas8051 05.50.4+NoICE+SDCCmods-WIP-R14
common,2A8F,FUN_CODE_2a8f,match,2,0,,sdas8051 05.50.4+NoICE+SDCCmods-WIP-R14
common,2A92,FUN_CODE_2a92,match,5,0,,sdas8051 05.50.4+NoICE+SDCCmods-WIP-R14
common,2A99,FUN_CODE_2a99,match,1,0,,sdas8051 05.50.4+NoICE+SDCCmods-WIP-R14
common,2A9A,FUN_CODE_2a9a,match,4,0,,sdas8051 05.50.4+NoICE+SDCCmods-WIP-R14
common,2AA2,FUN_CODE_2aa2,match,2,0,,sdas8051 05.50.4+NoICE+SDCCmods-WIP-R14
common,2AA5,FUN_CODE_2aa5,match,5,0,,sdas8051 05.50.4+NoICE+SDCCmods-WIP-R14
common,2AAC,FUN_CODE_2aac,match,7,0,,sdas8051 05.50.4+NoICE+SDCCmods-WIP-R14
common,2AB9,FUN_CODE_2ab9,partial,4,1,"1 of 5 instruction(s) unchecked, first: clr CY",sdas8051 05.50.4+NoICE+SDCCmods-WIP-R14
common,2AC1,FUN_CODE_2ac1,match,10,0,,sdas8051 05.50.4+NoICE+SDCCmods-WIP-R14
common,2ACD,FUN_CODE_2acd,partial,79,8,"8 of 87 instruction(s) unchecked, first: push DPH",sdas8051 05.50.4+NoICE+SDCCmods-WIP-R14
common,2B68,FUN_CODE_2b68,match,2,0,,sdas8051 05.50.4+NoICE+SDCCmods-WIP-R14
common,2B6C,FUN_CODE_2b6c,match,48,0,,sdas8051 05.50.4+NoICE+SDCCmods-WIP-R14
common,2BC1,FUN_CODE_2bc1,partial,7,1,"1 of 8 instruction(s) unchecked, first: clr CY",sdas8051 05.50.4+NoICE+SDCCmods-WIP-R14
common,2BCB,FUN_CODE_2bcb,partial,7,1,"1 of 8 instruction(s) unchecked, first: clr CY",sdas8051 05.50.4+NoICE+SDCCmods-WIP-R14
common,2CB3,FUN_CODE_2cb3,match,1,0,,sdas8051 05.50.4+NoICE+SDCCmods-WIP-R14
common,2CB4,FUN_CODE_2cb4,match,109,0,,sdas8051 05.50.4+NoICE+SDCCmods-WIP-R14
common,2D7A,FUN_CODE_2d7a,match,5,0,,sdas8051 05.50.4+NoICE+SDCCmods-WIP-R14
common,2D85,FUN_CODE_2d85,match,5,0,,sdas8051 05.50.4+NoICE+SDCCmods-WIP-R14
common,2D8F,FUN_CODE_2d8f,partial,40,3,"3 of 43 instruction(s) unchecked, first: push DPH",sdas8051 05.50.4+NoICE+SDCCmods-WIP-R14
common,2DE3,FUN_CODE_2de3,match,8,0,,sdas8051 05.50.4+NoICE+SDCCmods-WIP-R14
common,2DF4,FUN_CODE_2df4,match,8,0,,sdas8051 05.50.4+NoICE+SDCCmods-WIP-R14
common,2E02,FUN_CODE_2e02,partial,2,1,"1 of 3 instruction(s) unchecked, first: ajmp 0x2812",sdas8051 05.50.4+NoICE+SDCCmods-WIP-R14
common,2E9C,FUN_CODE_2e9c,partial,64,3,"3 of 67 instruction(s) unchecked, first: push DPH",sdas8051 05.50.4+NoICE+SDCCmods-WIP-R14
common,2F1D,FUN_CODE_2f1d,partial,54,1,"1 of 55 instruction(s) unchecked, first: clr CY",sdas8051 05.50.4+NoICE+SDCCmods-WIP-R14
common,2F85,FUN_CODE_2f85,match,98,0,,sdas8051 05.50.4+NoICE+SDCCmods-WIP-R14
common,3042,FUN_CODE_3042,match,39,0,,sdas8051 05.50.4+NoICE+SDCCmods-WIP-R14
common,3099,FUN_CODE_3099,match,8,0,,sdas8051 05.50.4+NoICE+SDCCmods-WIP-R14
common,30A6,FUN_CODE_30a6,match,8,0,,sdas8051 05.50.4+NoICE+SDCCmods-WIP-R14
common,30B5,FUN_CODE_30b5,partial,22,3,"3 of 25 instruction(s) unchecked, first: push DPH",sdas8051 05.50.4+NoICE+SDCCmods-WIP-R14
common,30DF,FUN_CODE_30df,match,14,0,,sdas8051 05.50.4+NoICE+SDCCmods-WIP-R14
common,30FB,FUN_CODE_30fb,match,18,0,,sdas8051 05.50.4+NoICE+SDCCmods-WIP-R14
common,311D,FUN_CODE_311d,partial,134,1,"1 of 135 instruction(s) unchecked, first: clr CY",sdas8051 05.50.4+NoICE+SDCCmods-WIP-R14
common,322C,FUN_CODE_322c,match,5,0,,sdas8051 05.50.4+NoICE+SDCCmods-WIP-R14
common,3239,FUN_CODE_3239,match,5,0,,sdas8051 05.50.4+NoICE+SDCCmods-WIP-R14
common,3242,FUN_CODE_3242,match,10,0,,sdas8051 05.50.4+NoICE+SDCCmods-WIP-R14
common,3254,FUN_CODE_3254,match,1,0,,sdas8051 05.50.4+NoICE+SDCCmods-WIP-R14
common,3255,FUN_CODE_3255,match,6,0,,sdas8051 05.50.4+NoICE+SDCCmods-WIP-R14
common,3336,FUN_CODE_3336,match,14,0,,sdas8051 05.50.4+NoICE+SDCCmods-WIP-R14
common,3352,FUN_CODE_3352,match,1,0,,sdas8051 05.50.4+NoICE+SDCCmods-WIP-R14
common,3353,FUN_CODE_3353,match,40,0,,sdas8051 05.50.4+NoICE+SDCCmods-WIP-R14
common,3402,FUN_CODE_3402,match,34,0,,sdas8051 05.50.4+NoICE+SDCCmods-WIP-R14
common,3451,FUN_CODE_3451,match,4,0,,sdas8051 05.50.4+NoICE+SDCCmods-WIP-R14
common,3459,FUN_CODE_3459,match,50,0,,sdas8051 05.50.4+NoICE+SDCCmods-WIP-R14
common,34C6,FUN_CODE_34c6,partial,80,4,"4 of 84 instruction(s) unchecked, first: clr CY",sdas8051 05.50.4+NoICE+SDCCmods-WIP-R14
common,3555,FUN_CODE_3555,match,5,0,,sdas8051 05.50.4+NoICE+SDCCmods-WIP-R14
common,355E,FUN_CODE_355e,match,1,0,,sdas8051 05.50.4+NoICE+SDCCmods-WIP-R14
common,3578,thunk_FUN_CODE_3459,match,1,0,,sdas8051 05.50.4+NoICE+SDCCmods-WIP-R14
common,35F6,FUN_CODE_35f6,match,7,0,,sdas8051 05.50.4+NoICE+SDCCmods-WIP-R14
common,3602,FUN_CODE_3602,match,5,0,,sdas8051 05.50.4+NoICE+SDCCmods-WIP-R14
common,3609,FUN_CODE_3609,partial,48,1,"1 of 49 instruction(s) unchecked, first: movc A, @A+DPTR",sdas8051 05.50.4+NoICE+SDCCmods-WIP-R14
common,365D,FUN_CODE_365d,match,16,0,,sdas8051 05.50.4+NoICE+SDCCmods-WIP-R14
common,3679,FUN_CODE_3679,match,32,0,,sdas8051 05.50.4+NoICE+SDCCmods-WIP-R14
common,36AF,FUN_CODE_36af,match,32,0,,sdas8051 05.50.4+NoICE+SDCCmods-WIP-R14
common,36E5,FUN_CODE_36e5,assembler-gap,66,4,no bytes emitted at 36E5,sdas8051 05.50.4+NoICE+SDCCmods-WIP-R14
common,375E,FUN_CODE_375e,match,11,0,,sdas8051 05.50.4+NoICE+SDCCmods-WIP-R14
common,3770,FUN_CODE_3770,match,25,0,,sdas8051 05.50.4+NoICE+SDCCmods-WIP-R14
common,3799,FUN_CODE_3799,match,35,0,,sdas8051 05.50.4+NoICE+SDCCmods-WIP-R14
common,37E1,FUN_CODE_37e1,match,47,0,,sdas8051 05.50.4+NoICE+SDCCmods-WIP-R14
common,3835,FUN_CODE_3835,match,4,0,,sdas8051 05.50.4+NoICE+SDCCmods-WIP-R14
common,383A,FUN_CODE_383a,match,2,0,,sdas8051 05.50.4+NoICE+SDCCmods-WIP-R14
common,383D,FUN_CODE_383d,match,26,0,,sdas8051 05.50.4+NoICE+SDCCmods-WIP-R14
common,386F,FUN_CODE_386f,match,5,0,,sdas8051 05.50.4+NoICE+SDCCmods-WIP-R14
common,3878,FUN_CODE_3878,match,14,0,,sdas8051 05.50.4+NoICE+SDCCmods-WIP-R14
common,388B,FUN_CODE_388b,match,5,0,,sdas8051 05.50.4+NoICE+SDCCmods-WIP-R14
common,3894,FUN_CODE_3894,match,4,0,,sdas8051 05.50.4+NoICE+SDCCmods-WIP-R14
common,38F0,FUN_CODE_38f0,match,41,0,,sdas8051 05.50.4+NoICE+SDCCmods-WIP-R14
common,3983,FUN_CODE_3983,match,4,0,,sdas8051 05.50.4+NoICE+SDCCmods-WIP-R14
common,3A02,thunk_FUN_CODE_38f0,assembler-gap,0,1,ajmp 0x38f0,sdas8051 05.50.4+NoICE+SDCCmods-WIP-R14
common,3A0D,FUN_CODE_3a0d,partial,39,3,"3 of 42 instruction(s) unchecked, first: push DPH",sdas8051 05.50.4+NoICE+SDCCmods-WIP-R14
common,3ACC,FUN_CODE_3acc,match,4,0,,sdas8051 05.50.4+NoICE+SDCCmods-WIP-R14
common,3AD1,FUN_CODE_3ad1,match,4,0,,sdas8051 05.50.4+NoICE+SDCCmods-WIP-R14
common,3B1D,FUN_CODE_3b1d,match,1,0,,sdas8051 05.50.4+NoICE+SDCCmods-WIP-R14
common,3B20,FUN_CODE_3b20,match,2,0,,sdas8051 05.50.4+NoICE+SDCCmods-WIP-R14
common,3B22,FUN_CODE_3b22,partial,9,1,"1 of 10 instruction(s) unchecked, first: movc A, @A+DPTR",sdas8051 05.50.4+NoICE+SDCCmods-WIP-R14
common,3B32,FUN_CODE_3b32,partial,5,1,"1 of 6 instruction(s) unchecked, first: movc A, @A+DPTR",sdas8051 05.50.4+NoICE+SDCCmods-WIP-R14
common,3B3C,FUN_CODE_3b3c,match,2,0,,sdas8051 05.50.4+NoICE+SDCCmods-WIP-R14
common,3B3E,FUN_CODE_3b3e,partial,9,1,"1 of 10 instruction(s) unchecked, first: movc A, @A+DPTR",sdas8051 05.50.4+NoICE+SDCCmods-WIP-R14
common,3B4E,FUN_CODE_3b4e,match,3,0,,sdas8051 05.50.4+NoICE+SDCCmods-WIP-R14
common,3B51,FUN_CODE_3b51,match,9,0,,sdas8051 05.50.4+NoICE+SDCCmods-WIP-R14
common,3B60,FUN_CODE_3b60,partial,9,1,"1 of 10 instruction(s) unchecked, first: movc A, @A+DPTR",sdas8051 05.50.4+NoICE+SDCCmods-WIP-R14
common,3B70,FUN_CODE_3b70,partial,5,1,"1 of 6 instruction(s) unchecked, first: movc A, @A+DPTR",sdas8051 05.50.4+NoICE+SDCCmods-WIP-R14
common,3B79,FUN_CODE_3b79,match,2,0,,sdas8051 05.50.4+NoICE+SDCCmods-WIP-R14
common,3B7B,FUN_CODE_3b7b,match,3,0,,sdas8051 05.50.4+NoICE+SDCCmods-WIP-R14
common,3B80,FUN_CODE_3b80,match,2,0,,sdas8051 05.50.4+NoICE+SDCCmods-WIP-R14
common,3B82,FUN_CODE_3b82,assembler-gap,1,0,no bytes emitted at 3B82,sdas8051 05.50.4+NoICE+SDCCmods-WIP-R14
common,3B83,FUN_CODE_3b83,match,5,0,,sdas8051 05.50.4+NoICE+SDCCmods-WIP-R14
common,3B8A,FUN_CODE_3b8a,partial,22,2,"2 of 24 instruction(s) unchecked, first: movc A, @A+DPTR",sdas8051 05.50.4+NoICE+SDCCmods-WIP-R14
common,3BAE,FUN_CODE_3bae,partial,5,1,"1 of 6 instruction(s) unchecked, first: movc A, @A+DPTR",sdas8051 05.50.4+NoICE+SDCCmods-WIP-R14
common,3BB7,FUN_CODE_3bb7,partial,4,1,"1 of 5 instruction(s) unchecked, first: movc A, @A+DPTR",sdas8051 05.50.4+NoICE+SDCCmods-WIP-R14
common,3BBF,FUN_CODE_3bbf,match,1,0,,sdas8051 05.50.4+NoICE+SDCCmods-WIP-R14
common,3BC1,FUN_CODE_3bc1,match,5,0,,sdas8051 05.50.4+NoICE+SDCCmods-WIP-R14
common,3BC9,FUN_CODE_3bc9,match,5,0,,sdas8051 05.50.4+NoICE+SDCCmods-WIP-R14
common,3BD0,FUN_CODE_3bd0,partial,8,1,"1 of 9 instruction(s) unchecked, first: movc A, @A+DPTR",sdas8051 05.50.4+NoICE+SDCCmods-WIP-R14
common,3BDD,FUN_CODE_3bdd,match,4,0,,sdas8051 05.50.4+NoICE+SDCCmods-WIP-R14
common,3BE4,FUN_CODE_3be4,match,1,0,,sdas8051 05.50.4+NoICE+SDCCmods-WIP-R14
common,3BE7,FUN_CODE_3be7,match,7,0,,sdas8051 05.50.4+NoICE+SDCCmods-WIP-R14
common,3BEF,FUN_CODE_3bef,partial,10,1,"1 of 11 instruction(s) unchecked, first: movc A, @A+DPTR",sdas8051 05.50.4+NoICE+SDCCmods-WIP-R14
common,3C00,FUN_CODE_3c00,match,1,0,,sdas8051 05.50.4+NoICE+SDCCmods-WIP-R14
common,3C03,FUN_CODE_3c03,match,5,0,,sdas8051 05.50.4+NoICE+SDCCmods-WIP-R14
common,3C0A,FUN_CODE_3c0a,match,10,0,,sdas8051 05.50.4+NoICE+SDCCmods-WIP-R14
common,3C18,FUN_CODE_3c18,match,6,0,,sdas8051 05.50.4+NoICE+SDCCmods-WIP-R14
common,3C21,FUN_CODE_3c21,match,11,0,,sdas8051 05.50.4+NoICE+SDCCmods-WIP-R14
common,3C2F,FUN_CODE_3c2f,match,6,0,,sdas8051 05.50.4+NoICE+SDCCmods-WIP-R14
common,3C38,FUN_CODE_3c38,match,4,0,,sdas8051 05.50.4+NoICE+SDCCmods-WIP-R14
common,3C3F,FUN_CODE_3c3f,match,4,0,,sdas8051 05.50.4+NoICE+SDCCmods-WIP-R14
common,3C46,FUN_CODE_3c46,match,4,0,,sdas8051 05.50.4+NoICE+SDCCmods-WIP-R14
common,3C4D,FUN_CODE_3c4d,match,4,0,,sdas8051 05.50.4+NoICE+SDCCmods-WIP-R14
common,3C54,FUN_CODE_3c54,match,4,0,,sdas8051 05.50.4+NoICE+SDCCmods-WIP-R14
common,3C5B,FUN_CODE_3c5b,match,4,0,,sdas8051 05.50.4+NoICE+SDCCmods-WIP-R14
common,3C62,FUN_CODE_3c62,match,5,0,,sdas8051 05.50.4+NoICE+SDCCmods-WIP-R14
common,3C6D,FUN_CODE_3c6d,match,48,0,,sdas8051 05.50.4+NoICE+SDCCmods-WIP-R14
common,3CD9,FUN_CODE_3cd9,match,2,0,,sdas8051 05.50.4+NoICE+SDCCmods-WIP-R14
common,3CDE,FUN_CODE_3cde,match,4,0,,sdas8051 05.50.4+NoICE+SDCCmods-WIP-R14
common,3CE6,FUN_CODE_3ce6,match,4,0,,sdas8051 05.50.4+NoICE+SDCCmods-WIP-R14
common,3CEE,FUN_CODE_3cee,match,4,0,,sdas8051 05.50.4+NoICE+SDCCmods-WIP-R14
common,3CF6,FUN_CODE_3cf6,match,4,0,,sdas8051 05.50.4+NoICE+SDCCmods-WIP-R14
common,3CFE,FUN_CODE_3cfe,match,2,0,,sdas8051 05.50.4+NoICE+SDCCmods-WIP-R14
common,3D03,FUN_CODE_3d03,match,2,0,,sdas8051 05.50.4+NoICE+SDCCmods-WIP-R14
common,3D08,FUN_CODE_3d08,match,2,0,,sdas8051 05.50.4+NoICE+SDCCmods-WIP-R14
common,3D0D,FUN_CODE_3d0d,match,2,0,,sdas8051 05.50.4+NoICE+SDCCmods-WIP-R14
common,3D12,FUN_CODE_3d12,match,2,0,,sdas8051 05.50.4+NoICE+SDCCmods-WIP-R14
common,3D17,FUN_CODE_3d17,match,2,0,,sdas8051 05.50.4+NoICE+SDCCmods-WIP-R14
common,3D1C,FUN_CODE_3d1c,match,2,0,,sdas8051 05.50.4+NoICE+SDCCmods-WIP-R14
common,3D21,FUN_CODE_3d21,match,2,0,,sdas8051 05.50.4+NoICE+SDCCmods-WIP-R14
common,3D26,FUN_CODE_3d26,match,2,0,,sdas8051 05.50.4+NoICE+SDCCmods-WIP-R14
common,3D2B,FUN_CODE_3d2b,match,11,0,,sdas8051 05.50.4+NoICE+SDCCmods-WIP-R14
common,3D3F,FUN_CODE_3d3f,match,4,0,,sdas8051 05.50.4+NoICE+SDCCmods-WIP-R14
common,3D47,FUN_CODE_3d47,match,21,0,,sdas8051 05.50.4+NoICE+SDCCmods-WIP-R14
common,3D69,FUN_CODE_3d69,match,2,0,,sdas8051 05.50.4+NoICE+SDCCmods-WIP-R14
common,3D6C,FUN_CODE_3d6c,match,2,0,,sdas8051 05.50.4+NoICE+SDCCmods-WIP-R14
common,3D6F,FUN_CODE_3d6f,match,4,0,,sdas8051 05.50.4+NoICE+SDCCmods-WIP-R14
common,3D76,FUN_CODE_3d76,partial,14,1,"1 of 15 instruction(s) unchecked, first: clr CY",sdas8051 05.50.4+NoICE+SDCCmods-WIP-R14
common,3D92,FUN_CODE_3d92,match,3,0,,sdas8051 05.50.4+NoICE+SDCCmods-WIP-R14
common,3D97,FUN_CODE_3d97,match,10,0,,sdas8051 05.50.4+NoICE+SDCCmods-WIP-R14
common,3DA8,FUN_CODE_3da8,match,13,0,,sdas8051 05.50.4+NoICE+SDCCmods-WIP-R14
common,3DBF,FUN_CODE_3dbf,match,1,0,,sdas8051 05.50.4+NoICE+SDCCmods-WIP-R14
common,3DC0,FUN_CODE_3dc0,match,2,0,,sdas8051 05.50.4+NoICE+SDCCmods-WIP-R14
common,3DC5,FUN_CODE_3dc5,match,2,0,,sdas8051 05.50.4+NoICE+SDCCmods-WIP-R14
common,3DCB,FUN_CODE_3dcb,match,2,0,,sdas8051 05.50.4+NoICE+SDCCmods-WIP-R14
common,3DCE,FUN_CODE_3dce,match,22,0,,sdas8051 05.50.4+NoICE+SDCCmods-WIP-R14
common,3DFC,FUN_CODE_3dfc,match,22,0,,sdas8051 05.50.4+NoICE+SDCCmods-WIP-R14
common,3E2B,FUN_CODE_3e2b,match,4,0,,sdas8051 05.50.4+NoICE+SDCCmods-WIP-R14
common,3E33,FUN_CODE_3e33,match,3,0,,sdas8051 05.50.4+NoICE+SDCCmods-WIP-R14
common,3E38,FUN_CODE_3e38,match,24,0,,sdas8051 05.50.4+NoICE+SDCCmods-WIP-R14
common,3E61,FUN_CODE_3e61,match,14,0,,sdas8051 05.50.4+NoICE+SDCCmods-WIP-R14
common,3E7E,FUN_CODE_3e7e,match,4,0,,sdas8051 05.50.4+NoICE+SDCCmods-WIP-R14
common,3E85,FUN_CODE_3e85,match,4,0,,sdas8051 05.50.4+NoICE+SDCCmods-WIP-R14
common,3E8C,FUN_CODE_3e8c,match,4,0,,sdas8051 05.50.4+NoICE+SDCCmods-WIP-R14
common,3E93,FUN_CODE_3e93,match,4,0,,sdas8051 05.50.4+NoICE+SDCCmods-WIP-R14
common,3E9A,FUN_CODE_3e9a,match,21,0,,sdas8051 05.50.4+NoICE+SDCCmods-WIP-R14
common,3EC5,FUN_CODE_3ec5,match,13,0,,sdas8051 05.50.4+NoICE+SDCCmods-WIP-R14
common,3EE2,FUN_CODE_3ee2,match,12,0,,sdas8051 05.50.4+NoICE+SDCCmods-WIP-R14
common,3EFF,FUN_CODE_3eff,match,14,0,,sdas8051 05.50.4+NoICE+SDCCmods-WIP-R14
common,3F1F,FUN_CODE_3f1f,partial,29,1,"1 of 30 instruction(s) unchecked, first: clr CY",sdas8051 05.50.4+NoICE+SDCCmods-WIP-R14
common,3F51,FUN_CODE_3f51,match,5,0,,sdas8051 05.50.4+NoICE+SDCCmods-WIP-R14
common,3F5D,FUN_CODE_3f5d,match,2,0,,sdas8051 05.50.4+NoICE+SDCCmods-WIP-R14
common,3F62,FUN_CODE_3f62,match,2,0,,sdas8051 05.50.4+NoICE+SDCCmods-WIP-R14
common,3F68,FUN_CODE_3f68,match,27,0,,sdas8051 05.50.4+NoICE+SDCCmods-WIP-R14
common,3F9D,FUN_CODE_3f9d,match,5,0,,sdas8051 05.50.4+NoICE+SDCCmods-WIP-R14
common,3FA4,FUN_CODE_3fa4,match,2,0,,sdas8051 05.50.4+NoICE+SDCCmods-WIP-R14
common,3FA7,FUN_CODE_3fa7,partial,53,2,"2 of 55 instruction(s) unchecked, first: mov CY, 0x41",sdas8051 05.50.4+NoICE+SDCCmods-WIP-R14
common,4002,FUN_CODE_4002,match,8,0,,sdas8051 05.50.4+NoICE+SDCCmods-WIP-R14
common,4016,FUN_CODE_4016,match,36,0,,sdas8051 05.50.4+NoICE+SDCCmods-WIP-R14
common,4060,FUN_CODE_4060,match,2,0,,sdas8051 05.50.4+NoICE+SDCCmods-WIP-R14
common,4064,FUN_CODE_4064,partial,33,1,"1 of 34 instruction(s) unchecked, first: ajmp 0x4228",sdas8051 05.50.4+NoICE+SDCCmods-WIP-R14
common,412E,FUN_CODE_412e,match,52,0,,sdas8051 05.50.4+NoICE+SDCCmods-WIP-R14
common,4198,FUN_CODE_4198,match,3,0,,sdas8051 05.50.4+NoICE+SDCCmods-WIP-R14
common,41EA,FUN_CODE_41ea,match,2,0,,sdas8051 05.50.4+NoICE+SDCCmods-WIP-R14
common,41ED,FUN_CODE_41ed,match,6,0,,sdas8051 05.50.4+NoICE+SDCCmods-WIP-R14
common,4202,FUN_CODE_4202,partial,4,2,"2 of 6 instruction(s) unchecked, first: acall 0x4442",sdas8051 05.50.4+NoICE+SDCCmods-WIP-R14
common,4228,thunk_FUN_CODE_3e8c,match,1,0,,sdas8051 05.50.4+NoICE+SDCCmods-WIP-R14
common,424A,FUN_CODE_424a,partial,48,1,"1 of 49 instruction(s) unchecked, first: acall 0x4643",sdas8051 05.50.4+NoICE+SDCCmods-WIP-R14
common,434C,FUN_CODE_434c,match,8,0,,sdas8051 05.50.4+NoICE+SDCCmods-WIP-R14
common,4358,FUN_CODE_4358,match,7,0,,sdas8051 05.50.4+NoICE+SDCCmods-WIP-R14
common,4361,FUN_CODE_4361,match,4,0,,sdas8051 05.50.4+NoICE+SDCCmods-WIP-R14
common,4368,FUN_CODE_4368,match,4,0,,sdas8051 05.50.4+NoICE+SDCCmods-WIP-R14
common,436F,FUN_CODE_436f,match,4,0,,sdas8051 05.50.4+NoICE+SDCCmods-WIP-R14
common,4376,FUN_CODE_4376,match,6,0,,sdas8051 05.50.4+NoICE+SDCCmods-WIP-R14
common,437E,FUN_CODE_437e,match,5,0,,sdas8051 05.50.4+NoICE+SDCCmods-WIP-R14
common,4389,FUN_CODE_4389,match,4,0,,sdas8051 05.50.4+NoICE+SDCCmods-WIP-R14
common,4390,FUN_CODE_4390,match,4,0,,sdas8051 05.50.4+NoICE+SDCCmods-WIP-R14
common,4397,FUN_CODE_4397,match,10,0,,sdas8051 05.50.4+NoICE+SDCCmods-WIP-R14
common,43A5,FUN_CODE_43a5,partial,93,5,"5 of 98 instruction(s) unchecked, first: movc A, @A+DPTR",sdas8051 05.50.4+NoICE+SDCCmods-WIP-R14
common,445D,FUN_CODE_445d,match,1,0,,sdas8051 05.50.4+NoICE+SDCCmods-WIP-R14
common,451A,FUN_CODE_451a,match,109,0,,sdas8051 05.50.4+NoICE+SDCCmods-WIP-R14
common,4602,FUN_CODE_4602,assembler-gap,15,0,no bytes emitted at 4602,sdas8051 05.50.4+NoICE+SDCCmods-WIP-R14
common,4643,FUN_CODE_4643,match,21,0,,sdas8051 05.50.4+NoICE+SDCCmods-WIP-R14
common,4666,FUN_CODE_4666,match,69,0,,sdas8051 05.50.4+NoICE+SDCCmods-WIP-R14
common,46F9,FUN_CODE_46f9,match,24,0,,sdas8051 05.50.4+NoICE+SDCCmods-WIP-R14
common,4725,FUN_CODE_4725,match,40,0,,sdas8051 05.50.4+NoICE+SDCCmods-WIP-R14
common,4825,FUN_CODE_4825,match,28,0,,sdas8051 05.50.4+NoICE+SDCCmods-WIP-R14
common,48A6,FUN_CODE_48a6,match,7,0,,sdas8051 05.50.4+NoICE+SDCCmods-WIP-R14
common,48B1,FUN_CODE_48b1,match,19,0,,sdas8051 05.50.4+NoICE+SDCCmods-WIP-R14
common,4921,FUN_CODE_4921,match,7,0,,sdas8051 05.50.4+NoICE+SDCCmods-WIP-R14
common,492D,FUN_CODE_492d,match,2,0,,sdas8051 05.50.4+NoICE+SDCCmods-WIP-R14
common,493B,FUN_CODE_493b,match,5,0,,sdas8051 05.50.4+NoICE+SDCCmods-WIP-R14
common,4940,FUN_CODE_4940,match,5,0,,sdas8051 05.50.4+NoICE+SDCCmods-WIP-R14
common,4947,FUN_CODE_4947,match,5,0,,sdas8051 05.50.4+NoICE+SDCCmods-WIP-R14
common,4A40,FUN_CODE_4a40,match,1,0,,sdas8051 05.50.4+NoICE+SDCCmods-WIP-R14
common,4A41,FUN_CODE_4a41,match,1,0,,sdas8051 05.50.4+NoICE+SDCCmods-WIP-R14
common,4A42,FUN_CODE_4a42,match,6,0,,sdas8051 05.50.4+NoICE+SDCCmods-WIP-R14
common,4A4D,FUN_CODE_4a4d,partial,7,2,"2 of 9 instruction(s) unchecked, first: movc A, @A+DPTR",sdas8051 05.50.4+NoICE+SDCCmods-WIP-R14
common,4A5A,FUN_CODE_4a5a,match,2,0,,sdas8051 05.50.4+NoICE+SDCCmods-WIP-R14
common,4A5E,FUN_CODE_4a5e,match,6,0,,sdas8051 05.50.4+NoICE+SDCCmods-WIP-R14
common,4A69,FUN_CODE_4a69,partial,7,2,"2 of 9 instruction(s) unchecked, first: movc A, @A+DPTR",sdas8051 05.50.4+NoICE+SDCCmods-WIP-R14
common,4A76,FUN_CODE_4a76,match,1,0,,sdas8051 05.50.4+NoICE+SDCCmods-WIP-R14
common,4A77,FUN_CODE_4a77,match,7,0,,sdas8051 05.50.4+NoICE+SDCCmods-WIP-R14
common,4A83,FUN_CODE_4a83,match,7,0,,sdas8051 05.50.4+NoICE+SDCCmods-WIP-R14
common,4A8F,FUN_CODE_4a8f,partial,7,2,"2 of 9 instruction(s) unchecked, first: movc A, @A+DPTR",sdas8051 05.50.4+NoICE+SDCCmods-WIP-R14
common,4A9C,FUN_CODE_4a9c,match,8,0,,sdas8051 05.50.4+NoICE+SDCCmods-WIP-R14
common,4AA6,FUN_CODE_4aa6,assembler-gap,1,0,no bytes emitted at 4AA6,sdas8051 05.50.4+NoICE+SDCCmods-WIP-R14
common,4AA7,FUN_CODE_4aa7,match,7,0,,sdas8051 05.50.4+NoICE+SDCCmods-WIP-R14
common,4AB3,FUN_CODE_4ab3,match,4,0,,sdas8051 05.50.4+NoICE+SDCCmods-WIP-R14
common,4AB8,FUN_CODE_4ab8,match,7,0,,sdas8051 05.50.4+NoICE+SDCCmods-WIP-R14
common,4AC4,FUN_CODE_4ac4,match,8,0,,sdas8051 05.50.4+NoICE+SDCCmods-WIP-R14
common,4AD1,FUN_CODE_4ad1,match,2,0,,sdas8051 05.50.4+NoICE+SDCCmods-WIP-R14
common,4AD3,FUN_CODE_4ad3,match,7,0,,sdas8051 05.50.4+NoICE+SDCCmods-WIP-R14
common,4ADF,FUN_CODE_4adf,match,1,0,,sdas8051 05.50.4+NoICE+SDCCmods-WIP-R14
common,4AE0,FUN_CODE_4ae0,match,7,0,,sdas8051 05.50.4+NoICE+SDCCmods-WIP-R14
common,4AEC,FUN_CODE_4aec,match,3,0,,sdas8051 05.50.4+NoICE+SDCCmods-WIP-R14
common,4AEF,FUN_CODE_4aef,match,7,0,,sdas8051 05.50.4+NoICE+SDCCmods-WIP-R14
common,4AFB,FUN_CODE_4afb,match,4,0,,sdas8051 05.50.4+NoICE+SDCCmods-WIP-R14
common,4B02,FUN_CODE_4b02,match,1,0,,sdas8051 05.50.4+NoICE+SDCCmods-WIP-R14
common,4B03,FUN_CODE_4b03,match,7,0,,sdas8051 05.50.4+NoICE+SDCCmods-WIP-R14
common,4B0F,FUN_CODE_4b0f,match,9,0,,sdas8051 05.50.4+NoICE+SDCCmods-WIP-R14
common,4B22,FUN_CODE_4b22,match,3,0,,sdas8051 05.50.4+NoICE+SDCCmods-WIP-R14
common,4B29,FUN_CODE_4b29,match,9,0,,sdas8051 05.50.4+NoICE+SDCCmods-WIP-R14
common,4B37,FUN_CODE_4b37,match,8,0,,sdas8051 05.50.4+NoICE+SDCCmods-WIP-R14
common,4B44,FUN_CODE_4b44,match,6,0,,sdas8051 05.50.4+NoICE+SDCCmods-WIP-R14
common,4B4C,FUN_CODE_4b4c,match,5,0,,sdas8051 05.50.4+NoICE+SDCCmods-WIP-R14
common,4B57,FUN_CODE_4b57,match,5,0,,sdas8051 05.50.4+NoICE+SDCCmods-WIP-R14
common,4B62,FUN_CODE_4b62,match,7,0,,sdas8051 05.50.4+NoICE+SDCCmods-WIP-R14
common,4B77,FUN_CODE_4b77,match,31,0,,sdas8051 05.50.4+NoICE+SDCCmods-WIP-R14
common,4BB0,FUN_CODE_4bb0,match,41,0,,sdas8051 05.50.4+NoICE+SDCCmods-WIP-R14
common,4C02,FUN_CODE_4c02,match,48,0,,sdas8051 05.50.4+NoICE+SDCCmods-WIP-R14
common,4C5D,FUN_CODE_4c5d,match,83,0,,sdas8051 05.50.4+NoICE+SDCCmods-WIP-R14
common,4CF8,FUN_CODE_4cf8,match,86,0,,sdas8051 05.50.4+NoICE+SDCCmods-WIP-R14
common,4D96,FUN_CODE_4d96,match,80,0,,sdas8051 05.50.4+NoICE+SDCCmods-WIP-R14
common,4E2C,FUN_CODE_4e2c,match,83,0,,sdas8051 05.50.4+NoICE+SDCCmods-WIP-R14
common,4ECD,FUN_CODE_4ecd,match,59,0,,sdas8051 05.50.4+NoICE+SDCCmods-WIP-R14
common,4F3E,FUN_CODE_4f3e,match,94,0,,sdas8051 05.50.4+NoICE+SDCCmods-WIP-R14
common,4FED,FUN_CODE_4fed,match,129,0,,sdas8051 05.50.4+NoICE+SDCCmods-WIP-R14
common,50DE,FUN_CODE_50de,match,126,0,,sdas8051 05.50.4+NoICE+SDCCmods-WIP-R14
common,51C8,FUN_CODE_51c8,match,29,0,,sdas8051 05.50.4+NoICE+SDCCmods-WIP-R14
common,5202,FUN_CODE_5202,match,68,0,,sdas8051 05.50.4+NoICE+SDCCmods-WIP-R14
common,527A,FUN_CODE_527a,match,84,0,,sdas8051 05.50.4+NoICE+SDCCmods-WIP-R14
common,557E,FUN_CODE_557e,match,1,0,,sdas8051 05.50.4+NoICE+SDCCmods-WIP-R14
common,557F,FUN_CODE_557f,match,16,0,,sdas8051 05.50.4+NoICE+SDCCmods-WIP-R14
common,5597,FUN_CODE_5597,match,10,0,,sdas8051 05.50.4+NoICE+SDCCmods-WIP-R14
common,57C2,FUN_CODE_57c2,partial,16,1,"1 of 17 instruction(s) unchecked, first: ajmp 0x5244",sdas8051 05.50.4+NoICE+SDCCmods-WIP-R14
common,5802,FUN_CODE_5802,assembler-gap,83,1,no bytes emitted at 5802,sdas8051 05.50.4+NoICE+SDCCmods-WIP-R14
common,5882,FUN_CODE_5882,partial,74,2,"2 of 76 instruction(s) unchecked, first: ajmp 0x5a43",sdas8051 05.50.4+NoICE+SDCCmods-WIP-R14
common,5A02,FUN_CODE_5a02,match,42,0,,sdas8051 05.50.4+NoICE+SDCCmods-WIP-R14
common,5A43,FUN_CODE_5a43,match,14,0,,sdas8051 05.50.4+NoICE+SDCCmods-WIP-R14
common,5A55,FUN_CODE_5a55,match,4,0,,sdas8051 05.50.4+NoICE+SDCCmods-WIP-R14
common,5A5A,FUN_CODE_5a5a,match,8,0,,sdas8051 05.50.4+NoICE+SDCCmods-WIP-R14
common,5A66,FUN_CODE_5a66,partial,142,5,"5 of 147 instruction(s) unchecked, first: ajmp 0x5a43",sdas8051 05.50.4+NoICE+SDCCmods-WIP-R14
common,5AC2,FUN_CODE_5ac2,partial,5,1,"1 of 6 instruction(s) unchecked, first: ajmp 0x5a43",sdas8051 05.50.4+NoICE+SDCCmods-WIP-R14
common,5B82,FUN_CODE_5b82,partial,79,2,"2 of 81 instruction(s) unchecked, first: ajmp 0x5a43",sdas8051 05.50.4+NoICE+SDCCmods-WIP-R14
common,5CFE,FUN_CODE_5cfe,partial,146,3,"3 of 149 instruction(s) unchecked, first: ajmp 0x5a44",sdas8051 05.50.4+NoICE+SDCCmods-WIP-R14
common,5DC2,FUN_CODE_5dc2,partial,48,3,"3 of 51 instruction(s) unchecked, first: ajmp 0x5a43",sdas8051 05.50.4+NoICE+SDCCmods-WIP-R14
common,5E02,FUN_CODE_5e02,partial,56,1,"1 of 57 instruction(s) unchecked, first: ajmp 0x5a46",sdas8051 05.50.4+NoICE+SDCCmods-WIP-R14
common,5E82,FUN_CODE_5e82,partial,259,5,"5 of 264 instruction(s) unchecked, first: ajmp 0x5a43",sdas8051 05.50.4+NoICE+SDCCmods-WIP-R14
common,60C2,FUN_CODE_60c2,partial,6,1,"1 of 7 instruction(s) unchecked, first: ajmp 0x6243",sdas8051 05.50.4+NoICE+SDCCmods-WIP-R14
common,6100,FUN_CODE_6100,match,2,0,,sdas8051 05.50.4+NoICE+SDCCmods-WIP-R14
common,6116,FUN_CODE_6116,partial,3,1,"1 of 4 instruction(s) unchecked, first: mov 0x5a, CY",sdas8051 05.50.4+NoICE+SDCCmods-WIP-R14
common,6209,FUN_CODE_6209,match,3,0,,sdas8051 05.50.4+NoICE+SDCCmods-WIP-R14
common,6243,FUN_CODE_6243,partial,20,3,"3 of 23 instruction(s) unchecked, first: acall 0x65bc",sdas8051 05.50.4+NoICE+SDCCmods-WIP-R14
common,6402,FUN_CODE_6402,match,17,0,,sdas8051 05.50.4+NoICE+SDCCmods-WIP-R14
common,65A6,FUN_CODE_65a6,partial,11,2,"2 of 13 instruction(s) unchecked, first: mov CY, 0x57",sdas8051 05.50.4+NoICE+SDCCmods-WIP-R14
common,65BC,FUN_CODE_65bc,partial,4,1,"1 of 5 instruction(s) unchecked, first: ajmp 0x6016",sdas8051 05.50.4+NoICE+SDCCmods-WIP-R14
common,6602,FUN_CODE_6602,match,12,0,,sdas8051 05.50.4+NoICE+SDCCmods-WIP-R14
common,6811,FUN_CODE_6811,partial,1,1,"1 of 2 instruction(s) unchecked, first: ajmp 0x6c70",sdas8051 05.50.4+NoICE+SDCCmods-WIP-R14
common,6817,FUN_CODE_6817,match,9,0,,sdas8051 05.50.4+NoICE+SDCCmods-WIP-R14
common,6A02,FUN_CODE_6a02,partial,93,7,"7 of 100 instruction(s) unchecked, first: push 0xc2",sdas8051 05.50.4+NoICE+SDCCmods-WIP-R14
common,6B94,thunk_FUN_CODE_0703,match,1,0,,sdas8051 05.50.4+NoICE+SDCCmods-WIP-R14
common,6BAE,FUN_CODE_6bae,match,72,0,,sdas8051 05.50.4+NoICE+SDCCmods-WIP-R14
common,6BFF,FUN_CODE_6bff,partial,6,1,"1 of 7 instruction(s) unchecked, first: ajmp 0x6817",sdas8051 05.50.4+NoICE+SDCCmods-WIP-R14
common,6C70,FUN_CODE_6c70,partial,4,1,"1 of 5 instruction(s) unchecked, first: ajmp 0x6817",sdas8051 05.50.4+NoICE+SDCCmods-WIP-R14
common,6C97,FUN_CODE_6c97,match,5,0,,sdas8051 05.50.4+NoICE+SDCCmods-WIP-R14
common,6D46,FUN_CODE_6d46,partial,77,6,"6 of 83 instruction(s) unchecked, first: cpl 0xb4",sdas8051 05.50.4+NoICE+SDCCmods-WIP-R14
common,6DB1,FUN_CODE_6db1,partial,2,2,"2 of 4 instruction(s) unchecked, first: acall 0x6817",sdas8051 05.50.4+NoICE+SDCCmods-WIP-R14
common,6E04,FUN_CODE_6e04,match,7,0,,sdas8051 05.50.4+NoICE+SDCCmods-WIP-R14
common,6F8D,FUN_CODE_6f8d,match,2,0,,sdas8051 05.50.4+NoICE+SDCCmods-WIP-R14
common,6FD6,FUN_CODE_6fd6,assembler-gap,6,0,no bytes emitted at 6FD6,sdas8051 05.50.4+NoICE+SDCCmods-WIP-R14
common,7000,FUN_CODE_7000,match,2,0,,sdas8051 05.50.4+NoICE+SDCCmods-WIP-R14
common,7002,FUN_CODE_7002,assembler-gap,0,1,"movc A, @A+DPTR",sdas8051 05.50.4+NoICE+SDCCmods-WIP-R14
common,7003,FUN_CODE_7003,match,5,0,,sdas8051 05.50.4+NoICE+SDCCmods-WIP-R14
common,700A,FUN_CODE_700a,match,10,0,,sdas8051 05.50.4+NoICE+SDCCmods-WIP-R14
common,701B,FUN_CODE_701b,match,12,0,,sdas8051 05.50.4+NoICE+SDCCmods-WIP-R14
common,7030,FUN_CODE_7030,match,5,0,,sdas8051 05.50.4+NoICE+SDCCmods-WIP-R14
common,703A,thunk_FUN_CODE_e722,match,1,0,,sdas8051 05.50.4+NoICE+SDCCmods-WIP-R14
common,707D,mul16,match,14,0,,sdas8051 05.50.4+NoICE+SDCCmods-WIP-R14
common,70E4,be16_add,match,16,0,,sdas8051 05.50.4+NoICE+SDCCmods-WIP-R14
common,70FA,limit_65000_minus_x,match,16,0,,sdas8051 05.50.4+NoICE+SDCCmods-WIP-R14
common,7110,FUN_CODE_7110,match,7,0,,sdas8051 05.50.4+NoICE+SDCCmods-WIP-R14
common,711C,FUN_CODE_711c,match,9,0,,sdas8051 05.50.4+NoICE+SDCCmods-WIP-R14
common,7125,FUN_CODE_7125,match,18,0,,sdas8051 05.50.4+NoICE+SDCCmods-WIP-R14
common,713C,FUN_CODE_713c,match,9,0,,sdas8051 05.50.4+NoICE+SDCCmods-WIP-R14
common,7145,FUN_CODE_7145,partial,7,3,"3 of 10 instruction(s) unchecked, first: movc A, @A+DPTR",sdas8051 05.50.4+NoICE+SDCCmods-WIP-R14
common,7151,switch_case_dispatch,partial,22,5,"5 of 27 instruction(s) unchecked, first: movc A, @A+DPTR",sdas8051 05.50.4+NoICE+SDCCmods-WIP-R14
common,7177,FUN_CODE_7177,match,2,0,,sdas8051 05.50.4+NoICE+SDCCmods-WIP-R14
common,717B,FUN_CODE_717b,match,2,0,,sdas8051 05.50.4+NoICE+SDCCmods-WIP-R14
common,71B9,FUN_CODE_71b9,match,149,0,,sdas8051 05.50.4+NoICE+SDCCmods-WIP-R14
common,7202,FUN_CODE_7202,match,19,0,,sdas8051 05.50.4+NoICE+SDCCmods-WIP-R14
common,7281,FUN_CODE_7281,partial,13,1,"1 of 14 instruction(s) unchecked, first: clr CY",sdas8051 05.50.4+NoICE+SDCCmods-WIP-R14
common,7401,FUN_CODE_7401,match,3,0,,sdas8051 05.50.4+NoICE+SDCCmods-WIP-R14
common,7404,FUN_CODE_7404,match,1,0,,sdas8051 05.50.4+NoICE+SDCCmods-WIP-R14
common,7405,FUN_CODE_7405,match,3,0,,sdas8051 05.50.4+NoICE+SDCCmods-WIP-R14
common,7408,FUN_CODE_7408,match,8,0,,sdas8051 05.50.4+NoICE+SDCCmods-WIP-R14
common,7410,FUN_CODE_7410,match,5,0,,sdas8051 05.50.4+NoICE+SDCCmods-WIP-R14
common,741C,FUN_CODE_741c,match,17,0,,sdas8051 05.50.4+NoICE+SDCCmods-WIP-R14
common,7602,FUN_CODE_7602,match,17,0,,sdas8051 05.50.4+NoICE+SDCCmods-WIP-R14
common,7848,FUN_CODE_7848,match,17,0,,sdas8051 05.50.4+NoICE+SDCCmods-WIP-R14
common,7883,FUN_CODE_7883,match,17,0,,sdas8051 05.50.4+NoICE+SDCCmods-WIP-R14
common,7BFF,FUN_CODE_7bff,match,3,0,,sdas8051 05.50.4+NoICE+SDCCmods-WIP-R14
common,7C02,FUN_CODE_7c02,match,17,0,,sdas8051 05.50.4+NoICE+SDCCmods-WIP-R14
common,7DF2,FUN_CODE_7df2,assembler-gap,15,0,no bytes emitted at 7DF2,sdas8051 05.50.4+NoICE+SDCCmods-WIP-R14
common,7E01,FUN_CODE_7e01,match,17,0,,sdas8051 05.50.4+NoICE+SDCCmods-WIP-R14
common,7F01,FUN_CODE_7f01,match,1,0,,sdas8051 05.50.4+NoICE+SDCCmods-WIP-R14
common,7F02,FUN_CODE_7f02,match,16,0,,sdas8051 05.50.4+NoICE+SDCCmods-WIP-R14
common,7FF1,FUN_CODE_7ff1,match,14,0,,sdas8051 05.50.4+NoICE+SDCCmods-WIP-R14
common,7FFF,FUN_CODE_7fff,match,1,0,,sdas8051 05.50.4+NoICE+SDCCmods-WIP-R14
pd,0000,c_startup_idata_clear,match,1,0,,sdas8051 05.50.4+NoICE+SDCCmods-WIP-R14
pd,0003,thunk_FUN_CODE_0056,match,1,0,,sdas8051 05.50.4+NoICE+SDCCmods-WIP-R14
pd,000B,thunk_FUN_CODE_0094,match,1,0,,sdas8051 05.50.4+NoICE+SDCCmods-WIP-R14
pd,0012,FUN_CODE_0012,match,1,0,,sdas8051 05.50.4+NoICE+SDCCmods-WIP-R14
pd,0013,thunk_FUN_CODE_00b2,match,1,0,,sdas8051 05.50.4+NoICE+SDCCmods-WIP-R14
pd,001B,thunk_FUN_CODE_00f0,match,1,0,,sdas8051 05.50.4+NoICE+SDCCmods-WIP-R14
pd,0023,thunk_FUN_CODE_010e,match,1,0,,sdas8051 05.50.4+NoICE+SDCCmods-WIP-R14
pd,0050,FUN_CODE_0050,match,2,0,,sdas8051 05.50.4+NoICE+SDCCmods-WIP-R14
pd,0056,FUN_CODE_0056,partial,17,13,"13 of 30 instruction(s) unchecked, first: push A",sdas8051 05.50.4+NoICE+SDCCmods-WIP-R14
pd,0094,FUN_CODE_0094,partial,9,5,"5 of 14 instruction(s) unchecked, first: push A",sdas8051 05.50.4+NoICE+SDCCmods-WIP-R14
pd,00B2,FUN_CODE_00b2,partial,17,13,"13 of 30 instruction(s) unchecked, first: push A",sdas8051 05.50.4+NoICE+SDCCmods-WIP-R14
pd,00F0,FUN_CODE_00f0,partial,9,5,"5 of 14 instruction(s) unchecked, first: push A",sdas8051 05.50.4+NoICE+SDCCmods-WIP-R14
pd,010E,FUN_CODE_010e,partial,17,13,"13 of 30 instruction(s) unchecked, first: push A",sdas8051 05.50.4+NoICE+SDCCmods-WIP-R14
pd,0180,FUN_CODE_0180,partial,71,6,"6 of 77 instruction(s) unchecked, first: ajmp 0x0012",sdas8051 05.50.4+NoICE+SDCCmods-WIP-R14
pd,0500,c_startup_idata_clear,partial,96,9,"9 of 105 instruction(s) unchecked, first: movc A, @A+DPTR",sdas8051 05.50.4+NoICE+SDCCmods-WIP-R14
pd,05A6,FUN_CODE_05a6,partial,191,1,"1 of 192 instruction(s) unchecked, first: push A",sdas8051 05.50.4+NoICE+SDCCmods-WIP-R14
pd,06B1,FUN_CODE_06b1,partial,32,3,"3 of 35 instruction(s) unchecked, first: mov 0xd5, CY",sdas8051 05.50.4+NoICE+SDCCmods-WIP-R14
pd,06EA,FUN_CODE_06ea,partial,40,2,"2 of 42 instruction(s) unchecked, first: mov 0xd5, CY",sdas8051 05.50.4+NoICE+SDCCmods-WIP-R14
pd,0721,FUN_CODE_0721,partial,16,2,"2 of 18 instruction(s) unchecked, first: mov 0xd5, CY",sdas8051 05.50.4+NoICE+SDCCmods-WIP-R14
pd,0738,FUN_CODE_0738,partial,17,2,"2 of 19 instruction(s) unchecked, first: mov CY, 0xd5",sdas8051 05.50.4+NoICE+SDCCmods-WIP-R14
pd,0756,FUN_CODE_0756,match,6,0,,sdas8051 05.50.4+NoICE+SDCCmods-WIP-R14
pd,075D,FUN_CODE_075d,match,2,0,,sdas8051 05.50.4+NoICE+SDCCmods-WIP-R14
pd,0760,FUN_CODE_0760,partial,6,1,"1 of 7 instruction(s) unchecked, first: mov CY, 0xd5",sdas8051 05.50.4+NoICE+SDCCmods-WIP-R14
pd,0B85,FUN_CODE_0b85,match,28,0,,sdas8051 05.50.4+NoICE+SDCCmods-WIP-R14
pd,0BAB,FUN_CODE_0bab,partial,15,1,"1 of 16 instruction(s) unchecked, first: movc A, @A+DPTR",sdas8051 05.50.4+NoICE+SDCCmods-WIP-R14
pd,0BC4,FUN_CODE_0bc4,partial,29,1,"1 of 30 instruction(s) unchecked, first: movc A, @A+DPTR",sdas8051 05.50.4+NoICE+SDCCmods-WIP-R14
pd,0BF1,FUN_CODE_0bf1,partial,24,1,"1 of 25 instruction(s) unchecked, first: movc A, @A+DPTR",sdas8051 05.50.4+NoICE+SDCCmods-WIP-R14
pd,0C13,FUN_CODE_0c13,partial,35,1,"1 of 36 instruction(s) unchecked, first: movc A, @A+DPTR",sdas8051 05.50.4+NoICE+SDCCmods-WIP-R14
pd,0C46,FUN_CODE_0c46,match,11,0,,sdas8051 05.50.4+NoICE+SDCCmods-WIP-R14
pd,0C58,FUN_CODE_0c58,match,23,0,,sdas8051 05.50.4+NoICE+SDCCmods-WIP-R14
pd,0C7A,FUN_CODE_0c7a,match,14,0,,sdas8051 05.50.4+NoICE+SDCCmods-WIP-R14
pd,0C8C,FUN_CODE_0c8c,partial,61,1,"1 of 62 instruction(s) unchecked, first: clr CY",sdas8051 05.50.4+NoICE+SDCCmods-WIP-R14
pd,0CF7,FUN_CODE_0cf7,match,16,0,,sdas8051 05.50.4+NoICE+SDCCmods-WIP-R14
pd,0D0D,FUN_CODE_0d0d,partial,27,2,"2 of 29 instruction(s) unchecked, first: movc A, @A+DPTR",sdas8051 05.50.4+NoICE+SDCCmods-WIP-R14
pd,0D38,FUN_CODE_0d38,partial,37,2,"2 of 39 instruction(s) unchecked, first: movc A, @A+DPTR",sdas8051 05.50.4+NoICE+SDCCmods-WIP-R14
pd,0D70,FUN_CODE_0d70,match,21,0,,sdas8051 05.50.4+NoICE+SDCCmods-WIP-R14
pd,0D8F,FUN_CODE_0d8f,match,31,0,,sdas8051 05.50.4+NoICE+SDCCmods-WIP-R14
pd,0DBC,FUN_CODE_0dbc,match,13,0,,sdas8051 05.50.4+NoICE+SDCCmods-WIP-R14
pd,0DC9,FUN_CODE_0dc9,match,64,0,,sdas8051 05.50.4+NoICE+SDCCmods-WIP-R14
pd,0E54,FUN_CODE_0e54,match,169,0,,sdas8051 05.50.4+NoICE+SDCCmods-WIP-R14
pd,0EE6,FUN_CODE_0ee6,match,13,0,,sdas8051 05.50.4+NoICE+SDCCmods-WIP-R14
pd,0EF3,FUN_CODE_0ef3,match,13,0,,sdas8051 05.50.4+NoICE+SDCCmods-WIP-R14
pd,0F00,FUN_CODE_0f00,partial,13,1,"1 of 14 instruction(s) unchecked, first: clr CY",sdas8051 05.50.4+NoICE+SDCCmods-WIP-R14
pd,0F0E,sub_or_cmp_r0_r7,match,13,0,,sdas8051 05.50.4+NoICE+SDCCmods-WIP-R14
pd,0F1F,FUN_CODE_0f1f,partial,16,1,"1 of 17 instruction(s) unchecked, first: clr CY",sdas8051 05.50.4+NoICE+SDCCmods-WIP-R14
pd,0F32,FUN_CODE_0f32,partial,16,1,"1 of 17 instruction(s) unchecked, first: clr CY",sdas8051 05.50.4+NoICE+SDCCmods-WIP-R14
pd,0F45,FUN_CODE_0f45,match,15,0,,sdas8051 05.50.4+NoICE+SDCCmods-WIP-R14
pd,0FAF,read4xdata_to_r4_r7,match,12,0,,sdas8051 05.50.4+NoICE+SDCCmods-WIP-R14
pd,0FBB,FUN_CODE_0fbb,partial,9,4,"4 of 13 instruction(s) unchecked, first: movc A, @A+DPTR",sdas8051 05.50.4+NoICE+SDCCmods-WIP-R14
pd,0FCB,load_xdata_to_r0_r1_r2_or_r3,match,12,0,,sdas8051 05.50.4+NoICE+SDCCmods-WIP-R14
pd,1013,FUN_CODE_1013,match,34,0,,sdas8051 05.50.4+NoICE+SDCCmods-WIP-R14
pd,1041,write4xdata_from_r4_r7,match,12,0,,sdas8051 05.50.4+NoICE+SDCCmods-WIP-R14
pd,104D,write4_inline_args,match,10,0,,sdas8051 05.50.4+NoICE+SDCCmods-WIP-R14
pd,1064,movc_byte_to_xdata,partial,17,1,"1 of 18 instruction(s) unchecked, first: movc A, @A+DPTR",sdas8051 05.50.4+NoICE+SDCCmods-WIP-R14
pd,10BC,add_full_product_to_dptr,match,7,0,,sdas8051 05.50.4+NoICE+SDCCmods-WIP-R14
pd,10C8,FUN_CODE_10c8,match,9,0,,sdas8051 05.50.4+NoICE+SDCCmods-WIP-R14
pd,10E8,store_3byte_r3r2r1,match,9,0,,sdas8051 05.50.4+NoICE+SDCCmods-WIP-R14
pd,10F1,FUN_CODE_10f1,partial,7,3,"3 of 10 instruction(s) unchecked, first: movc A, @A+DPTR",sdas8051 05.50.4+NoICE+SDCCmods-WIP-R14
pd,10FD,FUN_CODE_10fd,match,15,0,,sdas8051 05.50.4+NoICE+SDCCmods-WIP-R14
pd,119C,dispatch_code_table,partial,22,5,"5 of 27 instruction(s) unchecked, first: movc A, @A+DPTR",sdas8051 05.50.4+NoICE+SDCCmods-WIP-R14
pd,11C2,FUN_CODE_11c2,partial,25,6,"6 of 31 instruction(s) unchecked, first: movc A, @A+DPTR",sdas8051 05.50.4+NoICE+SDCCmods-WIP-R14
pd,1229,FUN_CODE_1229,match,2,0,,sdas8051 05.50.4+NoICE+SDCCmods-WIP-R14
pd,122D,FUN_CODE_122d,match,2,0,,sdas8051 05.50.4+NoICE+SDCCmods-WIP-R14
pd,122F,FUN_CODE_122f,match,17,0,,sdas8051 05.50.4+NoICE+SDCCmods-WIP-R14
pd,1253,FUN_CODE_1253,match,7,0,,sdas8051 05.50.4+NoICE+SDCCmods-WIP-R14
pd,128D,FUN_CODE_128d,assembler-gap,28,0,no bytes emitted at 128D,sdas8051 05.50.4+NoICE+SDCCmods-WIP-R14
pd,12B9,FUN_CODE_12b9,match,12,0,,sdas8051 05.50.4+NoICE+SDCCmods-WIP-R14
pd,12C5,FUN_CODE_12c5,match,12,0,,sdas8051 05.50.4+NoICE+SDCCmods-WIP-R14
pd,131B,FUN_CODE_131b,match,9,0,,sdas8051 05.50.4+NoICE+SDCCmods-WIP-R14
pd,132D,FUN_CODE_132d,match,9,0,,sdas8051 05.50.4+NoICE+SDCCmods-WIP-R14
pd,133F,FUN_CODE_133f,partial,26,1,"1 of 27 instruction(s) unchecked, first: ajmp 0x1013",sdas8051 05.50.4+NoICE+SDCCmods-WIP-R14
pd,1820,FUN_CODE_1820,match,13,0,,sdas8051 05.50.4+NoICE+SDCCmods-WIP-R14
pd,1E4B,FUN_CODE_1e4b,match,11,0,,sdas8051 05.50.4+NoICE+SDCCmods-WIP-R14
pd,1E9D,FUN_CODE_1e9d,match,6,0,,sdas8051 05.50.4+NoICE+SDCCmods-WIP-R14
pd,1EFE,FUN_CODE_1efe,partial,27,1,"1 of 28 instruction(s) unchecked, first: ajmp 0x1820",sdas8051 05.50.4+NoICE+SDCCmods-WIP-R14
pd,2726,FUN_CODE_2726,match,4,0,,sdas8051 05.50.4+NoICE+SDCCmods-WIP-R14
pd,347B,read_byte_to_r3_stride_60_alt,match,5,0,,sdas8051 05.50.4+NoICE+SDCCmods-WIP-R14
pd,3494,FUN_CODE_3494,match,1,0,,sdas8051 05.50.4+NoICE+SDCCmods-WIP-R14
pd,3497,add_full_product_to_dptr,match,1,0,,sdas8051 05.50.4+NoICE+SDCCmods-WIP-R14
pd,349B,FUN_CODE_349b,match,4,0,,sdas8051 05.50.4+NoICE+SDCCmods-WIP-R14
pd,34A5,read_byte_to_r7_base_0420,match,5,0,,sdas8051 05.50.4+NoICE+SDCCmods-WIP-R14
pd,34C9,FUN_CODE_34c9,match,3,0,,sdas8051 05.50.4+NoICE+SDCCmods-WIP-R14
pd,34CC,FUN_CODE_34cc,match,2,0,,sdas8051 05.50.4+NoICE+SDCCmods-WIP-R14
pd,34CE,FUN_CODE_34ce,match,1,0,,sdas8051 05.50.4+NoICE+SDCCmods-WIP-R14
pd,34CF,FUN_CODE_34cf,partial,4,1,"1 of 5 instruction(s) unchecked, first: clr CY",sdas8051 05.50.4+NoICE+SDCCmods-WIP-R14
pd,34D6,index_stride_5e_from_07d6,match,1,0,,sdas8051 05.50.4+NoICE+SDCCmods-WIP-R14
pd,34D9,FUN_CODE_34d9,match,1,0,,sdas8051 05.50.4+NoICE+SDCCmods-WIP-R14
pd,34DA,FUN_CODE_34da,match,8,0,,sdas8051 05.50.4+NoICE+SDCCmods-WIP-R14
pd,34ED,FUN_CODE_34ed,match,2,0,,sdas8051 05.50.4+NoICE+SDCCmods-WIP-R14
pd,34EF,FUN_CODE_34ef,match,1,0,,sdas8051 05.50.4+NoICE+SDCCmods-WIP-R14
pd,34F2,FUN_CODE_34f2,match,2,0,,sdas8051 05.50.4+NoICE+SDCCmods-WIP-R14
pd,34FB,read_byte_to_r7_base_0408,match,3,0,,sdas8051 05.50.4+NoICE+SDCCmods-WIP-R14
pd,3500,FUN_CODE_3500,match,2,0,,sdas8051 05.50.4+NoICE+SDCCmods-WIP-R14
pd,3506,FUN_CODE_3506,match,1,0,,sdas8051 05.50.4+NoICE+SDCCmods-WIP-R14
pd,3509,FUN_CODE_3509,match,2,0,,sdas8051 05.50.4+NoICE+SDCCmods-WIP-R14
pd,350B,FUN_CODE_350b,match,8,0,,sdas8051 05.50.4+NoICE+SDCCmods-WIP-R14
pd,352C,FUN_CODE_352c,match,2,0,,sdas8051 05.50.4+NoICE+SDCCmods-WIP-R14
pd,353E,FUN_CODE_353e,match,2,0,,sdas8051 05.50.4+NoICE+SDCCmods-WIP-R14
pd,3544,FUN_CODE_3544,assembler-gap,11,0,no bytes emitted at 3544,sdas8051 05.50.4+NoICE+SDCCmods-WIP-R14
pd,354F,FUN_CODE_354f,match,11,0,,sdas8051 05.50.4+NoICE+SDCCmods-WIP-R14
pd,3565,FUN_CODE_3565,match,5,0,,sdas8051 05.50.4+NoICE+SDCCmods-WIP-R14
pd,357E,read_byte_to_r3_stride_60,match,5,0,,sdas8051 05.50.4+NoICE+SDCCmods-WIP-R14
pd,35AC,FUN_CODE_35ac,match,5,0,,sdas8051 05.50.4+NoICE+SDCCmods-WIP-R14
pd,35DA,store_2byte_r6r7_then_0x10c8,match,8,0,,sdas8051 05.50.4+NoICE+SDCCmods-WIP-R14
pd,35E8,FUN_CODE_35e8,match,5,0,,sdas8051 05.50.4+NoICE+SDCCmods-WIP-R14
pd,35FF,FUN_CODE_35ff,match,3,0,,sdas8051 05.50.4+NoICE+SDCCmods-WIP-R14
pd,3604,FUN_CODE_3604,match,8,0,,sdas8051 05.50.4+NoICE+SDCCmods-WIP-R14
pd,3621,FUN_CODE_3621,match,2,0,,sdas8051 05.50.4+NoICE+SDCCmods-WIP-R14
pd,3627,FUN_CODE_3627,match,2,0,,sdas8051 05.50.4+NoICE+SDCCmods-WIP-R14
pd,362A,FUN_CODE_362a,match,5,0,,sdas8051 05.50.4+NoICE+SDCCmods-WIP-R14
pd,3632,FUN_CODE_3632,match,1,0,,sdas8051 05.50.4+NoICE+SDCCmods-WIP-R14
pd,3635,FUN_CODE_3635,match,2,0,,sdas8051 05.50.4+NoICE+SDCCmods-WIP-R14
pd,363E,FUN_CODE_363e,match,3,0,,sdas8051 05.50.4+NoICE+SDCCmods-WIP-R14
pd,364A,FUN_CODE_364a,match,6,0,,sdas8051 05.50.4+NoICE+SDCCmods-WIP-R14
pd,3655,FUN_CODE_3655,match,4,0,,sdas8051 05.50.4+NoICE+SDCCmods-WIP-R14
pd,365C,FUN_CODE_365c,match,10,0,,sdas8051 05.50.4+NoICE+SDCCmods-WIP-R14
pd,366E,FUN_CODE_366e,match,6,0,,sdas8051 05.50.4+NoICE+SDCCmods-WIP-R14
pd,3689,FUN_CODE_3689,match,6,0,,sdas8051 05.50.4+NoICE+SDCCmods-WIP-R14
pd,36B9,FUN_CODE_36b9,match,5,0,,sdas8051 05.50.4+NoICE+SDCCmods-WIP-R14
pd,36C2,FUN_CODE_36c2,match,7,0,,sdas8051 05.50.4+NoICE+SDCCmods-WIP-R14
pd,36CB,FUN_CODE_36cb,match,7,0,,sdas8051 05.50.4+NoICE+SDCCmods-WIP-R14
pd,36E6,FUN_CODE_36e6,match,1,0,,sdas8051 05.50.4+NoICE+SDCCmods-WIP-R14
pd,36E9,FUN_CODE_36e9,match,8,0,,sdas8051 05.50.4+NoICE+SDCCmods-WIP-R14
pd,36F2,FUN_CODE_36f2,match,8,0,,sdas8051 05.50.4+NoICE+SDCCmods-WIP-R14
pd,3706,FUN_CODE_3706,match,3,0,,sdas8051 05.50.4+NoICE+SDCCmods-WIP-R14
pd,3720,FUN_CODE_3720,match,5,0,,sdas8051 05.50.4+NoICE+SDCCmods-WIP-R14
pd,373C,FUN_CODE_373c,match,12,0,,sdas8051 05.50.4+NoICE+SDCCmods-WIP-R14
pd,3750,FUN_CODE_3750,match,3,0,,sdas8051 05.50.4+NoICE+SDCCmods-WIP-R14
pd,3760,FUN_CODE_3760,match,5,0,,sdas8051 05.50.4+NoICE+SDCCmods-WIP-R14
pd,3777,FUN_CODE_3777,match,15,0,,sdas8051 05.50.4+NoICE+SDCCmods-WIP-R14
pd,37A7,FUN_CODE_37a7,match,3,0,,sdas8051 05.50.4+NoICE+SDCCmods-WIP-R14
pd,37AE,store_r7_at_dptr,match,6,0,,sdas8051 05.50.4+NoICE+SDCCmods-WIP-R14
pd,37DE,FUN_CODE_37de,match,9,0,,sdas8051 05.50.4+NoICE+SDCCmods-WIP-R14
pd,37ED,FUN_CODE_37ed,match,7,0,,sdas8051 05.50.4+NoICE+SDCCmods-WIP-R14
pd,383A,unresolved_0x383A,partial,2,1,"1 of 3 instruction(s) unchecked, first: clr CY",sdas8051 05.50.4+NoICE+SDCCmods-WIP-R14
pd,384E,FUN_CODE_384e,match,4,0,,sdas8051 05.50.4+NoICE+SDCCmods-WIP-R14
pd,3872,FUN_CODE_3872,match,5,0,,sdas8051 05.50.4+NoICE+SDCCmods-WIP-R14
pd,3883,FUN_CODE_3883,match,3,0,,sdas8051 05.50.4+NoICE+SDCCmods-WIP-R14
pd,38CA,FUN_CODE_38ca,match,5,0,,sdas8051 05.50.4+NoICE+SDCCmods-WIP-R14
pd,38D3,FUN_CODE_38d3,match,6,0,,sdas8051 05.50.4+NoICE+SDCCmods-WIP-R14
pd,393D,FUN_CODE_393d,match,9,0,,sdas8051 05.50.4+NoICE+SDCCmods-WIP-R14
pd,396B,FUN_CODE_396b,match,6,0,,sdas8051 05.50.4+NoICE+SDCCmods-WIP-R14
pd,3974,FUN_CODE_3974,match,1,0,,sdas8051 05.50.4+NoICE+SDCCmods-WIP-R14
pd,3977,FUN_CODE_3977,match,5,0,,sdas8051 05.50.4+NoICE+SDCCmods-WIP-R14
pd,39AC,read_byte_to_r7_set_r3_1,match,5,0,,sdas8051 05.50.4+NoICE+SDCCmods-WIP-R14
pd,39DE,FUN_CODE_39de,match,4,0,,sdas8051 05.50.4+NoICE+SDCCmods-WIP-R14
pd,39E6,FUN_CODE_39e6,match,1,0,,sdas8051 05.50.4+NoICE+SDCCmods-WIP-R14
pd,39E7,FUN_CODE_39e7,match,4,0,,sdas8051 05.50.4+NoICE+SDCCmods-WIP-R14
pd,39F9,FUN_CODE_39f9,match,3,0,,sdas8051 05.50.4+NoICE+SDCCmods-WIP-R14
pd,3A0E,FUN_CODE_3a0e,match,4,0,,sdas8051 05.50.4+NoICE+SDCCmods-WIP-R14
pd,3A33,FUN_CODE_3a33,match,5,0,,sdas8051 05.50.4+NoICE+SDCCmods-WIP-R14
pd,3FEA,FUN_CODE_3fea,match,5,0,,sdas8051 05.50.4+NoICE+SDCCmods-WIP-R14
pd,4402,FUN_CODE_4402,partial,68,1,"1 of 69 instruction(s) unchecked, first: clr CY",sdas8051 05.50.4+NoICE+SDCCmods-WIP-R14
pd,4800,FUN_CODE_4800,match,8,0,,sdas8051 05.50.4+NoICE+SDCCmods-WIP-R14
pd,4C20,FUN_CODE_4c20,match,3,0,,sdas8051 05.50.4+NoICE+SDCCmods-WIP-R14
pd,4C27,dispatch_entry,partial,21,2,"2 of 23 instruction(s) unchecked, first: mov 0x01, CY",sdas8051 05.50.4+NoICE+SDCCmods-WIP-R14
pd,4D6F,dispatch_case_06,partial,113,9,"9 of 122 instruction(s) unchecked, first: ajmp 0x4b12",sdas8051 05.50.4+NoICE+SDCCmods-WIP-R14
pd,4E84,dispatch_case_09,partial,17,1,"1 of 18 instruction(s) unchecked, first: clr CY",sdas8051 05.50.4+NoICE+SDCCmods-WIP-R14
pd,567C,FUN_CODE_567c,match,8,0,,sdas8051 05.50.4+NoICE+SDCCmods-WIP-R14
pd,56CB,FUN_CODE_56cb,match,11,0,,sdas8051 05.50.4+NoICE+SDCCmods-WIP-R14
pd,56ED,FUN_CODE_56ed,match,2,0,,sdas8051 05.50.4+NoICE+SDCCmods-WIP-R14
pd,56F1,FUN_CODE_56f1,match,8,0,,sdas8051 05.50.4+NoICE+SDCCmods-WIP-R14
pd,578E,index_stride_77_addr_r1,match,8,0,,sdas8051 05.50.4+NoICE+SDCCmods-WIP-R14
pd,584A,FUN_CODE_584a,match,12,0,,sdas8051 05.50.4+NoICE+SDCCmods-WIP-R14
pd,5874,FUN_CODE_5874,match,10,0,,sdas8051 05.50.4+NoICE+SDCCmods-WIP-R14
pd,58AB,FUN_CODE_58ab,match,8,0,,sdas8051 05.50.4+NoICE+SDCCmods-WIP-R14
pd,58B9,FUN_CODE_58b9,match,9,0,,sdas8051 05.50.4+NoICE+SDCCmods-WIP-R14
pd,5950,index_stride_77_r7,match,6,0,,sdas8051 05.50.4+NoICE+SDCCmods-WIP-R14
pd,6673,FUN_CODE_6673,assembler-gap,298,4,no bytes emitted at 6673,sdas8051 05.50.4+NoICE+SDCCmods-WIP-R14
pd,68CE,FUN_CODE_68ce,match,13,0,,sdas8051 05.50.4+NoICE+SDCCmods-WIP-R14
pd,6F96,FUN_CODE_6f96,match,2,0,,sdas8051 05.50.4+NoICE+SDCCmods-WIP-R14
pd,6FAD,FUN_CODE_6fad,match,2,0,,sdas8051 05.50.4+NoICE+SDCCmods-WIP-R14
pd,6FAF,FUN_CODE_6faf,match,9,0,,sdas8051 05.50.4+NoICE+SDCCmods-WIP-R14
pd,6FC5,FUN_CODE_6fc5,match,9,0,,sdas8051 05.50.4+NoICE+SDCCmods-WIP-R14
pd,6FD4,FUN_CODE_6fd4,match,1,0,,sdas8051 05.50.4+NoICE+SDCCmods-WIP-R14
pd,6FD5,FUN_CODE_6fd5,match,3,0,,sdas8051 05.50.4+NoICE+SDCCmods-WIP-R14
pd,700D,FUN_CODE_700d,match,4,0,,sdas8051 05.50.4+NoICE+SDCCmods-WIP-R14
pd,7014,FUN_CODE_7014,match,2,0,,sdas8051 05.50.4+NoICE+SDCCmods-WIP-R14
pd,7021,FUN_CODE_7021,match,13,0,,sdas8051 05.50.4+NoICE+SDCCmods-WIP-R14
pd,7045,FUN_CODE_7045,match,2,0,,sdas8051 05.50.4+NoICE+SDCCmods-WIP-R14
pd,7059,thunk_FUN_CODE_122f,match,1,0,,sdas8051 05.50.4+NoICE+SDCCmods-WIP-R14
pd,705C,FUN_CODE_705c,match,3,0,,sdas8051 05.50.4+NoICE+SDCCmods-WIP-R14
pd,7063,FUN_CODE_7063,match,2,0,,sdas8051 05.50.4+NoICE+SDCCmods-WIP-R14
pd,7069,FUN_CODE_7069,match,2,0,,sdas8051 05.50.4+NoICE+SDCCmods-WIP-R14
pd,706B,FUN_CODE_706b,assembler-gap,8,0,no bytes emitted at 706B,sdas8051 05.50.4+NoICE+SDCCmods-WIP-R14
pd,7091,FUN_CODE_7091,match,2,0,,sdas8051 05.50.4+NoICE+SDCCmods-WIP-R14
pd,7095,FUN_CODE_7095,match,8,0,,sdas8051 05.50.4+NoICE+SDCCmods-WIP-R14
pd,70A3,FUN_CODE_70a3,match,1,0,,sdas8051 05.50.4+NoICE+SDCCmods-WIP-R14
pd,70A4,FUN_CODE_70a4,match,8,0,,sdas8051 05.50.4+NoICE+SDCCmods-WIP-R14
pd,70BA,FUN_CODE_70ba,match,1,0,,sdas8051 05.50.4+NoICE+SDCCmods-WIP-R14
pd,70BB,FUN_CODE_70bb,match,7,0,,sdas8051 05.50.4+NoICE+SDCCmods-WIP-R14
pd,70C7,FUN_CODE_70c7,match,1,0,,sdas8051 05.50.4+NoICE+SDCCmods-WIP-R14
pd,70C8,FUN_CODE_70c8,match,9,0,,sdas8051 05.50.4+NoICE+SDCCmods-WIP-R14
pd,70D7,FUN_CODE_70d7,assembler-gap,10,0,no bytes emitted at 70D7,sdas8051 05.50.4+NoICE+SDCCmods-WIP-R14
pd,70E7,FUN_CODE_70e7,partial,8,1,"1 of 9 instruction(s) unchecked, first: clr CY",sdas8051 05.50.4+NoICE+SDCCmods-WIP-R14
pd,70F8,FUN_CODE_70f8,match,10,0,,sdas8051 05.50.4+NoICE+SDCCmods-WIP-R14
pd,7108,FUN_CODE_7108,match,3,0,,sdas8051 05.50.4+NoICE+SDCCmods-WIP-R14
pd,7121,FUN_CODE_7121,match,10,0,,sdas8051 05.50.4+NoICE+SDCCmods-WIP-R14
pd,7140,FUN_CODE_7140,match,9,0,,sdas8051 05.50.4+NoICE+SDCCmods-WIP-R14
pd,714F,FUN_CODE_714f,match,9,0,,sdas8051 05.50.4+NoICE+SDCCmods-WIP-R14
pd,715E,FUN_CODE_715e,match,8,0,,sdas8051 05.50.4+NoICE+SDCCmods-WIP-R14
pd,716C,FUN_CODE_716c,match,8,0,,sdas8051 05.50.4+NoICE+SDCCmods-WIP-R14
pd,717C,FUN_CODE_717c,match,2,0,,sdas8051 05.50.4+NoICE+SDCCmods-WIP-R14
pd,7182,FUN_CODE_7182,match,8,0,,sdas8051 05.50.4+NoICE+SDCCmods-WIP-R14
pd,718D,FUN_CODE_718d,match,6,0,,sdas8051 05.50.4+NoICE+SDCCmods-WIP-R14
pd,7392,FUN_CODE_7392,partial,73,1,"1 of 74 instruction(s) unchecked, first: clr CY",sdas8051 05.50.4+NoICE+SDCCmods-WIP-R14
pd,7580,FUN_CODE_7580,partial,225,3,"3 of 228 instruction(s) unchecked, first: acall 0x76e0",sdas8051 05.50.4+NoICE+SDCCmods-WIP-R14
pd,7753,FUN_CODE_7753,match,5,0,,sdas8051 05.50.4+NoICE+SDCCmods-WIP-R14
pd,775C,FUN_CODE_775c,match,6,0,,sdas8051 05.50.4+NoICE+SDCCmods-WIP-R14
pd,7B14,FUN_CODE_7b14,partial,239,3,"3 of 242 instruction(s) unchecked, first: push 0x07",sdas8051 05.50.4+NoICE+SDCCmods-WIP-R14
pd,7CE0,FUN_CODE_7ce0,partial,197,9,"9 of 206 instruction(s) unchecked, first: push 0x07",sdas8051 05.50.4+NoICE+SDCCmods-WIP-R14
pd,7E91,FUN_CODE_7e91,match,9,0,,sdas8051 05.50.4+NoICE+SDCCmods-WIP-R14
pd,805E,FUN_CODE_805e,partial,161,4,"4 of 165 instruction(s) unchecked, first: push 0x07",sdas8051 05.50.4+NoICE+SDCCmods-WIP-R14
pd,8210,FUN_CODE_8210,match,6,0,,sdas8051 05.50.4+NoICE+SDCCmods-WIP-R14
pd,821B,FUN_CODE_821b,partial,32,1,"1 of 33 instruction(s) unchecked, first: push 0x03",sdas8051 05.50.4+NoICE+SDCCmods-WIP-R14
pd,8576,FUN_CODE_8576,match,136,0,,sdas8051 05.50.4+NoICE+SDCCmods-WIP-R14
pd,8716,FUN_CODE_8716,match,6,0,,sdas8051 05.50.4+NoICE+SDCCmods-WIP-R14
pd,8814,FUN_CODE_8814,match,2,0,,sdas8051 05.50.4+NoICE+SDCCmods-WIP-R14
pd,88BE,FUN_CODE_88be,partial,100,2,"2 of 102 instruction(s) unchecked, first: push DPH",sdas8051 05.50.4+NoICE+SDCCmods-WIP-R14
pd,8A4A,FUN_CODE_8a4a,partial,185,3,"3 of 188 instruction(s) unchecked, first: push 0x07",sdas8051 05.50.4+NoICE+SDCCmods-WIP-R14
pd,8BC0,FUN_CODE_8bc0,match,4,0,,sdas8051 05.50.4+NoICE+SDCCmods-WIP-R14
pd,8D41,FUN_CODE_8d41,partial,172,5,"5 of 177 instruction(s) unchecked, first: push DPH",sdas8051 05.50.4+NoICE+SDCCmods-WIP-R14
pd,8EA6,FUN_CODE_8ea6,match,7,0,,sdas8051 05.50.4+NoICE+SDCCmods-WIP-R14
pd,9021,FUN_CODE_9021,match,1,0,,sdas8051 05.50.4+NoICE+SDCCmods-WIP-R14
pd,9023,FUN_CODE_9023,match,1,0,,sdas8051 05.50.4+NoICE+SDCCmods-WIP-R14
pd,9024,FUN_CODE_9024,match,2,0,,sdas8051 05.50.4+NoICE+SDCCmods-WIP-R14
pd,9026,FUN_CODE_9026,match,1,0,,sdas8051 05.50.4+NoICE+SDCCmods-WIP-R14
pd,9028,FUN_CODE_9028,match,6,0,,sdas8051 05.50.4+NoICE+SDCCmods-WIP-R14
pd,9066,FUN_CODE_9066,match,5,0,,sdas8051 05.50.4+NoICE+SDCCmods-WIP-R14
pd,906D,FUN_CODE_906d,match,6,0,,sdas8051 05.50.4+NoICE+SDCCmods-WIP-R14
pd,9076,FUN_CODE_9076,match,2,0,,sdas8051 05.50.4+NoICE+SDCCmods-WIP-R14
pd,9078,FUN_CODE_9078,match,4,0,,sdas8051 05.50.4+NoICE+SDCCmods-WIP-R14
pd,907E,FUN_CODE_907e,match,6,0,,sdas8051 05.50.4+NoICE+SDCCmods-WIP-R14
pd,9087,FUN_CODE_9087,match,15,0,,sdas8051 05.50.4+NoICE+SDCCmods-WIP-R14
pd,909A,FUN_CODE_909a,match,14,0,,sdas8051 05.50.4+NoICE+SDCCmods-WIP-R14
pd,90B1,FUN_CODE_90b1,match,1,0,,sdas8051 05.50.4+NoICE+SDCCmods-WIP-R14
pd,90B3,FUN_CODE_90b3,match,2,0,,sdas8051 05.50.4+NoICE+SDCCmods-WIP-R14
pd,90C0,FUN_CODE_90c0,match,8,0,,sdas8051 05.50.4+NoICE+SDCCmods-WIP-R14
pd,90CF,FUN_CODE_90cf,match,4,0,,sdas8051 05.50.4+NoICE+SDCCmods-WIP-R14
pd,90D6,FUN_CODE_90d6,match,11,0,,sdas8051 05.50.4+NoICE+SDCCmods-WIP-R14
pd,90E8,FUN_CODE_90e8,match,8,0,,sdas8051 05.50.4+NoICE+SDCCmods-WIP-R14
pd,90F3,FUN_CODE_90f3,match,1,0,,sdas8051 05.50.4+NoICE+SDCCmods-WIP-R14
pd,90F6,FUN_CODE_90f6,match,2,0,,sdas8051 05.50.4+NoICE+SDCCmods-WIP-R14
pd,90FC,FUN_CODE_90fc,match,1,0,,sdas8051 05.50.4+NoICE+SDCCmods-WIP-R14
pd,90FF,FUN_CODE_90ff,match,3,0,,sdas8051 05.50.4+NoICE+SDCCmods-WIP-R14
pd,9106,FUN_CODE_9106,match,9,0,,sdas8051 05.50.4+NoICE+SDCCmods-WIP-R14
pd,9115,FUN_CODE_9115,match,6,0,,sdas8051 05.50.4+NoICE+SDCCmods-WIP-R14
pd,911C,FUN_CODE_911c,match,5,0,,sdas8051 05.50.4+NoICE+SDCCmods-WIP-R14
pd,9123,FUN_CODE_9123,match,7,0,,sdas8051 05.50.4+NoICE+SDCCmods-WIP-R14
pd,912F,FUN_CODE_912f,match,7,0,,sdas8051 05.50.4+NoICE+SDCCmods-WIP-R14
pd,9147,FUN_CODE_9147,match,7,0,,sdas8051 05.50.4+NoICE+SDCCmods-WIP-R14
pd,915E,FUN_CODE_915e,match,1,0,,sdas8051 05.50.4+NoICE+SDCCmods-WIP-R14
pd,915F,FUN_CODE_915f,match,6,0,,sdas8051 05.50.4+NoICE+SDCCmods-WIP-R14
pd,9166,FUN_CODE_9166,match,5,0,,sdas8051 05.50.4+NoICE+SDCCmods-WIP-R14
pd,9177,FUN_CODE_9177,match,3,0,,sdas8051 05.50.4+NoICE+SDCCmods-WIP-R14
pd,96E8,FUN_CODE_96e8,match,1,0,,sdas8051 05.50.4+NoICE+SDCCmods-WIP-R14
pd,96EB,FUN_CODE_96eb,match,2,0,,sdas8051 05.50.4+NoICE+SDCCmods-WIP-R14
pd,96ED,FUN_CODE_96ed,match,8,0,,sdas8051 05.50.4+NoICE+SDCCmods-WIP-R14
pd,96FB,FUN_CODE_96fb,match,1,0,,sdas8051 05.50.4+NoICE+SDCCmods-WIP-R14
pd,96FE,FUN_CODE_96fe,match,1,0,,sdas8051 05.50.4+NoICE+SDCCmods-WIP-R14
pd,96FF,FUN_CODE_96ff,match,8,0,,sdas8051 05.50.4+NoICE+SDCCmods-WIP-R14
pd,970D,FUN_CODE_970d,match,8,0,,sdas8051 05.50.4+NoICE+SDCCmods-WIP-R14
pd,971B,FUN_CODE_971b,match,1,0,,sdas8051 05.50.4+NoICE+SDCCmods-WIP-R14
pd,971C,FUN_CODE_971c,match,9,0,,sdas8051 05.50.4+NoICE+SDCCmods-WIP-R14
pd,972B,FUN_CODE_972b,match,1,0,,sdas8051 05.50.4+NoICE+SDCCmods-WIP-R14
pd,972E,FUN_CODE_972e,match,8,0,,sdas8051 05.50.4+NoICE+SDCCmods-WIP-R14
pd,973C,FUN_CODE_973c,match,2,0,,sdas8051 05.50.4+NoICE+SDCCmods-WIP-R14
pd,9740,FUN_CODE_9740,match,8,0,,sdas8051 05.50.4+NoICE+SDCCmods-WIP-R14
pd,9750,FUN_CODE_9750,match,1,0,,sdas8051 05.50.4+NoICE+SDCCmods-WIP-R14
pd,9751,FUN_CODE_9751,match,8,0,,sdas8051 05.50.4+NoICE+SDCCmods-WIP-R14
pd,975F,FUN_CODE_975f,match,3,0,,sdas8051 05.50.4+NoICE+SDCCmods-WIP-R14
pd,9764,FUN_CODE_9764,match,2,0,,sdas8051 05.50.4+NoICE+SDCCmods-WIP-R14
pd,9768,FUN_CODE_9768,match,6,0,,sdas8051 05.50.4+NoICE+SDCCmods-WIP-R14
pd,9772,FUN_CODE_9772,match,2,0,,sdas8051 05.50.4+NoICE+SDCCmods-WIP-R14
pd,9776,FUN_CODE_9776,match,8,0,,sdas8051 05.50.4+NoICE+SDCCmods-WIP-R14
pd,9784,FUN_CODE_9784,match,6,0,,sdas8051 05.50.4+NoICE+SDCCmods-WIP-R14
pd,9792,FUN_CODE_9792,assembler-gap,0,1,clr CY,sdas8051 05.50.4+NoICE+SDCCmods-WIP-R14
pd,9793,FUN_CODE_9793,match,4,0,,sdas8051 05.50.4+NoICE+SDCCmods-WIP-R14
pd,9799,FUN_CODE_9799,match,1,0,,sdas8051 05.50.4+NoICE+SDCCmods-WIP-R14
pd,979A,FUN_CODE_979a,match,9,0,,sdas8051 05.50.4+NoICE+SDCCmods-WIP-R14
pd,97A9,FUN_CODE_97a9,match,9,0,,sdas8051 05.50.4+NoICE+SDCCmods-WIP-R14
pd,97B8,FUN_CODE_97b8,match,1,0,,sdas8051 05.50.4+NoICE+SDCCmods-WIP-R14
pd,97B9,FUN_CODE_97b9,match,10,0,,sdas8051 05.50.4+NoICE+SDCCmods-WIP-R14
pd,97C7,FUN_CODE_97c7,match,3,0,,sdas8051 05.50.4+NoICE+SDCCmods-WIP-R14
pd,97CB,FUN_CODE_97cb,match,7,0,,sdas8051 05.50.4+NoICE+SDCCmods-WIP-R14
pd,97D5,FUN_CODE_97d5,match,8,0,,sdas8051 05.50.4+NoICE+SDCCmods-WIP-R14
pd,97E5,FUN_CODE_97e5,match,2,0,,sdas8051 05.50.4+NoICE+SDCCmods-WIP-R14
pd,97E8,FUN_CODE_97e8,match,7,0,,sdas8051 05.50.4+NoICE+SDCCmods-WIP-R14
pd,97EF,FUN_CODE_97ef,match,2,0,,sdas8051 05.50.4+NoICE+SDCCmods-WIP-R14
pd,97F3,FUN_CODE_97f3,match,5,0,,sdas8051 05.50.4+NoICE+SDCCmods-WIP-R14
pd,97FB,FUN_CODE_97fb,match,9,0,,sdas8051 05.50.4+NoICE+SDCCmods-WIP-R14
pd,982F,FUN_CODE_982f,match,5,0,,sdas8051 05.50.4+NoICE+SDCCmods-WIP-R14
pd,9849,FUN_CODE_9849,match,2,0,,sdas8051 05.50.4+NoICE+SDCCmods-WIP-R14
pd,984D,FUN_CODE_984d,match,1,0,,sdas8051 05.50.4+NoICE+SDCCmods-WIP-R14
pd,9850,FUN_CODE_9850,match,2,0,,sdas8051 05.50.4+NoICE+SDCCmods-WIP-R14
pd,985D,FUN_CODE_985d,match,11,0,,sdas8051 05.50.4+NoICE+SDCCmods-WIP-R14
pd,987F,FUN_CODE_987f,match,4,0,,sdas8051 05.50.4+NoICE+SDCCmods-WIP-R14
pd,9883,FUN_CODE_9883,match,2,0,,sdas8051 05.50.4+NoICE+SDCCmods-WIP-R14
pd,9885,FUN_CODE_9885,match,1,0,,sdas8051 05.50.4+NoICE+SDCCmods-WIP-R14
pd,9888,FUN_CODE_9888,match,4,0,,sdas8051 05.50.4+NoICE+SDCCmods-WIP-R14
pd,98A1,FUN_CODE_98a1,match,1,0,,sdas8051 05.50.4+NoICE+SDCCmods-WIP-R14
pd,98A4,FUN_CODE_98a4,match,1,0,,sdas8051 05.50.4+NoICE+SDCCmods-WIP-R14
pd,98A5,FUN_CODE_98a5,match,5,0,,sdas8051 05.50.4+NoICE+SDCCmods-WIP-R14
pd,98AD,FUN_CODE_98ad,match,2,0,,sdas8051 05.50.4+NoICE+SDCCmods-WIP-R14
pd,98B1,FUN_CODE_98b1,match,8,0,,sdas8051 05.50.4+NoICE+SDCCmods-WIP-R14
pd,98BE,FUN_CODE_98be,match,1,0,,sdas8051 05.50.4+NoICE+SDCCmods-WIP-R14
pd,98C1,FUN_CODE_98c1,match,7,0,,sdas8051 05.50.4+NoICE+SDCCmods-WIP-R14
pd,98DF,FUN_CODE_98df,match,1,0,,sdas8051 05.50.4+NoICE+SDCCmods-WIP-R14
pd,98E0,FUN_CODE_98e0,assembler-gap,7,0,no bytes emitted at 98E0,sdas8051 05.50.4+NoICE+SDCCmods-WIP-R14
pd,9909,FUN_CODE_9909,match,4,0,,sdas8051 05.50.4+NoICE+SDCCmods-WIP-R14
pd,991A,FUN_CODE_991a,match,2,0,,sdas8051 05.50.4+NoICE+SDCCmods-WIP-R14
pd,9920,FUN_CODE_9920,match,2,0,,sdas8051 05.50.4+NoICE+SDCCmods-WIP-R14
pd,9926,FUN_CODE_9926,match,4,0,,sdas8051 05.50.4+NoICE+SDCCmods-WIP-R14
pd,9936,FUN_CODE_9936,match,8,0,,sdas8051 05.50.4+NoICE+SDCCmods-WIP-R14
pd,9958,FUN_CODE_9958,match,3,0,,sdas8051 05.50.4+NoICE+SDCCmods-WIP-R14
pd,995F,FUN_CODE_995f,match,2,0,,sdas8051 05.50.4+NoICE+SDCCmods-WIP-R14
pd,9965,FUN_CODE_9965,match,7,0,,sdas8051 05.50.4+NoICE+SDCCmods-WIP-R14
pd,996F,FUN_CODE_996f,match,2,0,,sdas8051 05.50.4+NoICE+SDCCmods-WIP-R14
pd,9975,FUN_CODE_9975,match,3,0,,sdas8051 05.50.4+NoICE+SDCCmods-WIP-R14
pd,9987,FUN_CODE_9987,match,1,0,,sdas8051 05.50.4+NoICE+SDCCmods-WIP-R14
pd,9988,FUN_CODE_9988,match,1,0,,sdas8051 05.50.4+NoICE+SDCCmods-WIP-R14
pd,998B,add_full_product_to_dptr,match,1,0,,sdas8051 05.50.4+NoICE+SDCCmods-WIP-R14
pd,998F,FUN_CODE_998f,match,4,0,,sdas8051 05.50.4+NoICE+SDCCmods-WIP-R14
pd,99C9,FUN_CODE_99c9,assembler-gap,7,0,no bytes emitted at 99C9,sdas8051 05.50.4+NoICE+SDCCmods-WIP-R14
pd,99D4,FUN_CODE_99d4,match,9,0,,sdas8051 05.50.4+NoICE+SDCCmods-WIP-R14
pd,9A1B,FUN_CODE_9a1b,match,3,0,,sdas8051 05.50.4+NoICE+SDCCmods-WIP-R14
pd,9A90,FUN_CODE_9a90,match,1,0,,sdas8051 05.50.4+NoICE+SDCCmods-WIP-R14
pd,9A91,FUN_CODE_9a91,match,3,0,,sdas8051 05.50.4+NoICE+SDCCmods-WIP-R14
pd,9ACD,FUN_CODE_9acd,match,2,0,,sdas8051 05.50.4+NoICE+SDCCmods-WIP-R14
pd,9ADD,FUN_CODE_9add,match,3,0,,sdas8051 05.50.4+NoICE+SDCCmods-WIP-R14
pd,9C18,FUN_CODE_9c18,match,1,0,,sdas8051 05.50.4+NoICE+SDCCmods-WIP-R14
pd,9C1B,add_full_product_to_dptr,match,1,0,,sdas8051 05.50.4+NoICE+SDCCmods-WIP-R14
pd,9C45,FUN_CODE_9c45,match,4,0,,sdas8051 05.50.4+NoICE+SDCCmods-WIP-R14
pd,9C4D,add_full_product_to_dptr,match,1,0,,sdas8051 05.50.4+NoICE+SDCCmods-WIP-R14
pd,9CC2,load_1byte_to_r6,match,5,0,,sdas8051 05.50.4+NoICE+SDCCmods-WIP-R14
pd,9CFB,FUN_CODE_9cfb,match,5,0,,sdas8051 05.50.4+NoICE+SDCCmods-WIP-R14
pd,9D39,FUN_CODE_9d39,match,3,0,,sdas8051 05.50.4+NoICE+SDCCmods-WIP-R14
pd,A000,FUN_CODE_a000,match,123,0,,sdas8051 05.50.4+NoICE+SDCCmods-WIP-R14
pd,A0E6,FUN_CODE_a0e6,partial,145,10,"10 of 155 instruction(s) unchecked, first: push DPH",sdas8051 05.50.4+NoICE+SDCCmods-WIP-R14
pd,A339,FUN_CODE_a339,partial,52,2,"2 of 54 instruction(s) unchecked, first: acall 0xa000",sdas8051 05.50.4+NoICE+SDCCmods-WIP-R14
pd,A571,FUN_CODE_a571,partial,28,1,"1 of 29 instruction(s) unchecked, first: clr CY",sdas8051 05.50.4+NoICE+SDCCmods-WIP-R14
pd,A5B3,FUN_CODE_a5b3,partial,102,1,"1 of 103 instruction(s) unchecked, first: clr CY",sdas8051 05.50.4+NoICE+SDCCmods-WIP-R14
pd,A678,FUN_CODE_a678,match,5,0,,sdas8051 05.50.4+NoICE+SDCCmods-WIP-R14
pd,A681,FUN_CODE_a681,match,2,0,,sdas8051 05.50.4+NoICE+SDCCmods-WIP-R14
pd,A742,FUN_CODE_a742,match,8,0,,sdas8051 05.50.4+NoICE+SDCCmods-WIP-R14
pd,A75D,FUN_CODE_a75d,match,14,0,,sdas8051 05.50.4+NoICE+SDCCmods-WIP-R14
pd,A890,FUN_CODE_a890,match,7,0,,sdas8051 05.50.4+NoICE+SDCCmods-WIP-R14
pd,A8AE,FUN_CODE_a8ae,partial,138,4,"4 of 142 instruction(s) unchecked, first: push DPH",sdas8051 05.50.4+NoICE+SDCCmods-WIP-R14
pd,ABBF,FUN_CODE_abbf,match,146,0,,sdas8051 05.50.4+NoICE+SDCCmods-WIP-R14
pd,ACB7,FUN_CODE_acb7,match,4,0,,sdas8051 05.50.4+NoICE+SDCCmods-WIP-R14
pd,ACBF,FUN_CODE_acbf,match,1,0,,sdas8051 05.50.4+NoICE+SDCCmods-WIP-R14
pd,ACC0,FUN_CODE_acc0,match,8,0,,sdas8051 05.50.4+NoICE+SDCCmods-WIP-R14
pd,ACCE,FUN_CODE_acce,match,1,0,,sdas8051 05.50.4+NoICE+SDCCmods-WIP-R14
pd,ACD1,FUN_CODE_acd1,match,2,0,,sdas8051 05.50.4+NoICE+SDCCmods-WIP-R14
pd,ACD3,FUN_CODE_acd3,match,8,0,,sdas8051 05.50.4+NoICE+SDCCmods-WIP-R14
pd,ACE1,FUN_CODE_ace1,match,1,0,,sdas8051 05.50.4+NoICE+SDCCmods-WIP-R14
pd,ACE4,FUN_CODE_ace4,match,2,0,,sdas8051 05.50.4+NoICE+SDCCmods-WIP-R14
pd,ACE6,FUN_CODE_ace6,match,8,0,,sdas8051 05.50.4+NoICE+SDCCmods-WIP-R14
pd,ACF4,FUN_CODE_acf4,match,2,0,,sdas8051 05.50.4+NoICE+SDCCmods-WIP-R14
pd,ACF6,FUN_CODE_acf6,match,6,0,,sdas8051 05.50.4+NoICE+SDCCmods-WIP-R14
pd,AD01,FUN_CODE_ad01,match,4,0,,sdas8051 05.50.4+NoICE+SDCCmods-WIP-R14
pd,AD09,FUN_CODE_ad09,match,7,0,,sdas8051 05.50.4+NoICE+SDCCmods-WIP-R14
pd,AD10,FUN_CODE_ad10,match,8,0,,sdas8051 05.50.4+NoICE+SDCCmods-WIP-R14
pd,AD1E,FUN_CODE_ad1e,match,3,0,,sdas8051 05.50.4+NoICE+SDCCmods-WIP-R14
pd,AD23,FUN_CODE_ad23,match,1,0,,sdas8051 05.50.4+NoICE+SDCCmods-WIP-R14
pd,AD24,FUN_CODE_ad24,partial,3,1,"1 of 4 instruction(s) unchecked, first: clr CY",sdas8051 05.50.4+NoICE+SDCCmods-WIP-R14
pd,AD2A,FUN_CODE_ad2a,match,2,0,,sdas8051 05.50.4+NoICE+SDCCmods-WIP-R14
pd,AD2E,FUN_CODE_ad2e,match,8,0,,sdas8051 05.50.4+NoICE+SDCCmods-WIP-R14
pd,AD3C,FUN_CODE_ad3c,match,1,0,,sdas8051 05.50.4+NoICE+SDCCmods-WIP-R14
pd,AD3F,FUN_CODE_ad3f,match,9,0,,sdas8051 05.50.4+NoICE+SDCCmods-WIP-R14
pd,AD4D,FUN_CODE_ad4d,match,5,0,,sdas8051 05.50.4+NoICE+SDCCmods-WIP-R14
pd,AD58,FUN_CODE_ad58,match,3,0,,sdas8051 05.50.4+NoICE+SDCCmods-WIP-R14
pd,AD67,FUN_CODE_ad67,match,8,0,,sdas8051 05.50.4+NoICE+SDCCmods-WIP-R14
pd,AD75,FUN_CODE_ad75,match,8,0,,sdas8051 05.50.4+NoICE+SDCCmods-WIP-R14
pd,AD83,FUN_CODE_ad83,match,7,0,,sdas8051 05.50.4+NoICE+SDCCmods-WIP-R14
pd,AD8C,FUN_CODE_ad8c,match,6,0,,sdas8051 05.50.4+NoICE+SDCCmods-WIP-R14
pd,AD94,FUN_CODE_ad94,match,4,0,,sdas8051 05.50.4+NoICE+SDCCmods-WIP-R14
pd,AD9C,FUN_CODE_ad9c,match,6,0,,sdas8051 05.50.4+NoICE+SDCCmods-WIP-R14
pd,ADA4,FUN_CODE_ada4,assembler-gap,4,0,no bytes emitted at ADA4,sdas8051 05.50.4+NoICE+SDCCmods-WIP-R14
pd,ADAB,FUN_CODE_adab,partial,37,1,"1 of 38 instruction(s) unchecked, first: ajmp 0xa8ae",sdas8051 05.50.4+NoICE+SDCCmods-WIP-R14
pd,AE9C,FUN_CODE_ae9c,partial,37,7,"7 of 44 instruction(s) unchecked, first: push DPH",sdas8051 05.50.4+NoICE+SDCCmods-WIP-R14
pd,B074,FUN_CODE_b074,match,5,0,,sdas8051 05.50.4+NoICE+SDCCmods-WIP-R14
pd,B154,FUN_CODE_b154,match,1,0,,sdas8051 05.50.4+NoICE+SDCCmods-WIP-R14
pd,B156,FUN_CODE_b156,match,1,0,,sdas8051 05.50.4+NoICE+SDCCmods-WIP-R14
pd,B159,store_first_handoff_helper,match,3,0,,sdas8051 05.50.4+NoICE+SDCCmods-WIP-R14
pd,B172,FUN_CODE_b172,match,3,0,,sdas8051 05.50.4+NoICE+SDCCmods-WIP-R14
pd,B176,FUN_CODE_b176,match,5,0,,sdas8051 05.50.4+NoICE+SDCCmods-WIP-R14
pd,B17D,FUN_CODE_b17d,match,10,0,,sdas8051 05.50.4+NoICE+SDCCmods-WIP-R14
pd,B19F,FUN_CODE_b19f,match,5,0,,sdas8051 05.50.4+NoICE+SDCCmods-WIP-R14
pd,B1E3,FUN_CODE_b1e3,match,9,0,,sdas8051 05.50.4+NoICE+SDCCmods-WIP-R14
pd,B1F2,unresolved_0xB1F2,match,3,0,,sdas8051 05.50.4+NoICE+SDCCmods-WIP-R14
pd,B217,FUN_CODE_b217,match,4,0,,sdas8051 05.50.4+NoICE+SDCCmods-WIP-R14
pd,B21E,FUN_CODE_b21e,match,8,0,,sdas8051 05.50.4+NoICE+SDCCmods-WIP-R14
pd,B24C,load_r3_r0_jmp_0f0e,match,1,0,,sdas8051 05.50.4+NoICE+SDCCmods-WIP-R14
pd,B24D,FUN_CODE_b24d,partial,4,1,"1 of 5 instruction(s) unchecked, first: clr CY",sdas8051 05.50.4+NoICE+SDCCmods-WIP-R14
pd,B263,add_ab_then_r7_page,match,1,0,,sdas8051 05.50.4+NoICE+SDCCmods-WIP-R14
pd,B28A,mul38_of_xdata_0832,match,5,0,,sdas8051 05.50.4+NoICE+SDCCmods-WIP-R14
pd,B2A6,FUN_CODE_b2a6,assembler-gap,1,0,no bytes emitted at B2A6,sdas8051 05.50.4+NoICE+SDCCmods-WIP-R14
pd,B2A7,FUN_CODE_b2a7,match,3,0,,sdas8051 05.50.4+NoICE+SDCCmods-WIP-R14
pd,B2AE,mul38_ptr_0946,match,2,0,,sdas8051 05.50.4+NoICE+SDCCmods-WIP-R14
pd,B2B2,add_a_ptr_0946,match,6,0,,sdas8051 05.50.4+NoICE+SDCCmods-WIP-R14
pd,B2CD,FUN_CODE_b2cd,match,2,0,,sdas8051 05.50.4+NoICE+SDCCmods-WIP-R14
pd,B2D3,mul38_ptr_0976,match,8,0,,sdas8051 05.50.4+NoICE+SDCCmods-WIP-R14
pd,B2E1,FUN_CODE_b2e1,match,5,0,,sdas8051 05.50.4+NoICE+SDCCmods-WIP-R14
pd,B2E9,FUN_CODE_b2e9,match,5,0,,sdas8051 05.50.4+NoICE+SDCCmods-WIP-R14
pd,B2F7,FUN_CODE_b2f7,match,3,0,,sdas8051 05.50.4+NoICE+SDCCmods-WIP-R14
pd,B2FE,FUN_CODE_b2fe,match,6,0,,sdas8051 05.50.4+NoICE+SDCCmods-WIP-R14
pd,B311,FUN_CODE_b311,match,114,0,,sdas8051 05.50.4+NoICE+SDCCmods-WIP-R14
pd,B3ED,FUN_CODE_b3ed,match,5,0,,sdas8051 05.50.4+NoICE+SDCCmods-WIP-R14
pd,B73F,FUN_CODE_b73f,partial,39,5,"5 of 44 instruction(s) unchecked, first: push 0x04",sdas8051 05.50.4+NoICE+SDCCmods-WIP-R14
pd,B80E,FUN_CODE_b80e,match,5,0,,sdas8051 05.50.4+NoICE+SDCCmods-WIP-R14
pd,B8DB,FUN_CODE_b8db,partial,115,1,"1 of 116 instruction(s) unchecked, first: push 0x07",sdas8051 05.50.4+NoICE+SDCCmods-WIP-R14
pd,B9A1,FUN_CODE_b9a1,partial,103,2,"2 of 105 instruction(s) unchecked, first: push 0x06",sdas8051 05.50.4+NoICE+SDCCmods-WIP-R14
pd,BA67,FUN_CODE_ba67,match,107,0,,sdas8051 05.50.4+NoICE+SDCCmods-WIP-R14
pd,BBE7,FUN_CODE_bbe7,partial,108,1,"1 of 109 instruction(s) unchecked, first: push 0x07",sdas8051 05.50.4+NoICE+SDCCmods-WIP-R14
pd,BECB,FUN_CODE_becb,match,21,0,,sdas8051 05.50.4+NoICE+SDCCmods-WIP-R14
pd,C0AF,FUN_CODE_c0af,assembler-gap,7,0,no bytes emitted at C0AF,sdas8051 05.50.4+NoICE+SDCCmods-WIP-R14
pd,C0EF,FUN_CODE_c0ef,partial,98,1,"1 of 99 instruction(s) unchecked, first: clr CY",sdas8051 05.50.4+NoICE+SDCCmods-WIP-R14
pd,C1B3,FUN_CODE_c1b3,match,24,0,,sdas8051 05.50.4+NoICE+SDCCmods-WIP-R14
pd,C1D6,FUN_CODE_c1d6,match,3,0,,sdas8051 05.50.4+NoICE+SDCCmods-WIP-R14
pd,C1DD,FUN_CODE_c1dd,match,2,0,,sdas8051 05.50.4+NoICE+SDCCmods-WIP-R14
pd,C1EF,FUN_CODE_c1ef,match,1,0,,sdas8051 05.50.4+NoICE+SDCCmods-WIP-R14
pd,C1F0,FUN_CODE_c1f0,match,2,0,,sdas8051 05.50.4+NoICE+SDCCmods-WIP-R14
pd,C20C,FUN_CODE_c20c,partial,8,1,"1 of 9 instruction(s) unchecked, first: clr CY",sdas8051 05.50.4+NoICE+SDCCmods-WIP-R14
pd,C23A,FUN_CODE_c23a,match,9,0,,sdas8051 05.50.4+NoICE+SDCCmods-WIP-R14
pd,C24E,FUN_CODE_c24e,match,88,0,,sdas8051 05.50.4+NoICE+SDCCmods-WIP-R14
pd,C2FA,FUN_CODE_c2fa,match,73,0,,sdas8051 05.50.4+NoICE+SDCCmods-WIP-R14
pd,C398,FUN_CODE_c398,assembler-gap,7,0,no bytes emitted at C398,sdas8051 05.50.4+NoICE+SDCCmods-WIP-R14
pd,C62B,FUN_CODE_c62b,partial,87,4,"4 of 91 instruction(s) unchecked, first: push 0x04",sdas8051 05.50.4+NoICE+SDCCmods-WIP-R14
pd,C755,FUN_CODE_c755,partial,62,3,"3 of 65 instruction(s) unchecked, first: push 0x06",sdas8051 05.50.4+NoICE+SDCCmods-WIP-R14
pd,C808,FUN_CODE_c808,match,10,0,,sdas8051 05.50.4+NoICE+SDCCmods-WIP-R14
pd,C873,FUN_CODE_c873,partial,84,1,"1 of 85 instruction(s) unchecked, first: cpl 0x08",sdas8051 05.50.4+NoICE+SDCCmods-WIP-R14
pd,C901,FUN_CODE_c901,match,41,0,,sdas8051 05.50.4+NoICE+SDCCmods-WIP-R14
pd,CB2A,FUN_CODE_cb2a,partial,23,1,"1 of 24 instruction(s) unchecked, first: ajmp 0xc808",sdas8051 05.50.4+NoICE+SDCCmods-WIP-R14
pd,CBB0,FUN_CODE_cbb0,match,88,0,,sdas8051 05.50.4+NoICE+SDCCmods-WIP-R14
pd,CC36,FUN_CODE_cc36,match,2,0,,sdas8051 05.50.4+NoICE+SDCCmods-WIP-R14
pd,CCB7,FUN_CODE_ccb7,match,18,0,,sdas8051 05.50.4+NoICE+SDCCmods-WIP-R14
pd,CDB7,FUN_CODE_cdb7,match,76,0,,sdas8051 05.50.4+NoICE+SDCCmods-WIP-R14
pd,CFA0,FUN_CODE_cfa0,match,51,0,,sdas8051 05.50.4+NoICE+SDCCmods-WIP-R14
pd,D013,FUN_CODE_d013,partial,54,4,"4 of 58 instruction(s) unchecked, first: push DPH",sdas8051 05.50.4+NoICE+SDCCmods-WIP-R14
pd,D085,FUN_CODE_d085,partial,28,2,"2 of 30 instruction(s) unchecked, first: clr CY",sdas8051 05.50.4+NoICE+SDCCmods-WIP-R14
pd,D0F0,FUN_CODE_d0f0,match,63,0,,sdas8051 05.50.4+NoICE+SDCCmods-WIP-R14
pd,D435,FUN_CODE_d435,match,34,0,,sdas8051 05.50.4+NoICE+SDCCmods-WIP-R14
pd,D6E0,FUN_CODE_d6e0,match,2,0,,sdas8051 05.50.4+NoICE+SDCCmods-WIP-R14
pd,D72E,FUN_CODE_d72e,partial,47,2,"2 of 49 instruction(s) unchecked, first: push 0x07",sdas8051 05.50.4+NoICE+SDCCmods-WIP-R14
pd,D78A,FUN_CODE_d78a,match,55,0,,sdas8051 05.50.4+NoICE+SDCCmods-WIP-R14
pd,D83D,FUN_CODE_d83d,match,55,0,,sdas8051 05.50.4+NoICE+SDCCmods-WIP-R14
pd,D8EE,FUN_CODE_d8ee,match,44,0,,sdas8051 05.50.4+NoICE+SDCCmods-WIP-R14
pd,DA44,FUN_CODE_da44,partial,38,2,"2 of 40 instruction(s) unchecked, first: clr CY",sdas8051 05.50.4+NoICE+SDCCmods-WIP-R14
pd,DB89,FUN_CODE_db89,match,2,0,,sdas8051 05.50.4+NoICE+SDCCmods-WIP-R14
pd,DBD9,FUN_CODE_dbd9,partial,45,1,"1 of 46 instruction(s) unchecked, first: clr CY",sdas8051 05.50.4+NoICE+SDCCmods-WIP-R14
pd,DC29,FUN_CODE_dc29,match,2,0,,sdas8051 05.50.4+NoICE+SDCCmods-WIP-R14
pd,DCC7,FUN_CODE_dcc7,match,10,0,,sdas8051 05.50.4+NoICE+SDCCmods-WIP-R14
pd,DF6A,FUN_CODE_df6a,partial,36,1,"1 of 37 instruction(s) unchecked, first: clr CY",sdas8051 05.50.4+NoICE+SDCCmods-WIP-R14
pd,DFB2,FUN_CODE_dfb2,match,40,0,,sdas8051 05.50.4+NoICE+SDCCmods-WIP-R14
pd,DFFA,FUN_CODE_dffa,match,35,0,,sdas8051 05.50.4+NoICE+SDCCmods-WIP-R14
pd,E15A,FUN_CODE_e15a,assembler-gap,28,4,no bytes emitted at E15A,sdas8051 05.50.4+NoICE+SDCCmods-WIP-R14
pd,E1E0,FUN_CODE_e1e0,partial,32,2,"2 of 34 instruction(s) unchecked, first: push 0x07",sdas8051 05.50.4+NoICE+SDCCmods-WIP-R14
pd,E2E4,FUN_CODE_e2e4,match,15,0,,sdas8051 05.50.4+NoICE+SDCCmods-WIP-R14
pd,E323,FUN_CODE_e323,match,2,0,,sdas8051 05.50.4+NoICE+SDCCmods-WIP-R14
pd,E458,FUN_CODE_e458,match,34,0,,sdas8051 05.50.4+NoICE+SDCCmods-WIP-R14
pd,E4D0,FUN_CODE_e4d0,match,2,0,,sdas8051 05.50.4+NoICE+SDCCmods-WIP-R14
pd,E543,FUN_CODE_e543,partial,33,1,"1 of 34 instruction(s) unchecked, first: clr CY",sdas8051 05.50.4+NoICE+SDCCmods-WIP-R14
pd,E5B3,FUN_CODE_e5b3,partial,32,1,"1 of 33 instruction(s) unchecked, first: push 0x06",sdas8051 05.50.4+NoICE+SDCCmods-WIP-R14
pd,E6C0,FUN_CODE_e6c0,match,29,0,,sdas8051 05.50.4+NoICE+SDCCmods-WIP-R14
pd,E757,FUN_CODE_e757,match,26,0,,sdas8051 05.50.4+NoICE+SDCCmods-WIP-R14
pd,E877,FUN_CODE_e877,match,28,0,,sdas8051 05.50.4+NoICE+SDCCmods-WIP-R14
pd,E8D4,FUN_CODE_e8d4,partial,23,2,"2 of 25 instruction(s) unchecked, first: push 0x06",sdas8051 05.50.4+NoICE+SDCCmods-WIP-R14
pd,E902,FUN_CODE_e902,partial,21,1,"1 of 22 instruction(s) unchecked, first: clr CY",sdas8051 05.50.4+NoICE+SDCCmods-WIP-R14
pd,E930,FUN_CODE_e930,match,28,0,,sdas8051 05.50.4+NoICE+SDCCmods-WIP-R14
pd,E9E3,FUN_CODE_e9e3,match,2,0,,sdas8051 05.50.4+NoICE+SDCCmods-WIP-R14
pd,EA67,FUN_CODE_ea67,match,29,0,,sdas8051 05.50.4+NoICE+SDCCmods-WIP-R14
pd,EBBB,FUN_CODE_ebbb,match,19,0,,sdas8051 05.50.4+NoICE+SDCCmods-WIP-R14
pd,EBE4,FUN_CODE_ebe4,match,22,0,,sdas8051 05.50.4+NoICE+SDCCmods-WIP-R14
pd,EC36,FUN_CODE_ec36,match,27,0,,sdas8051 05.50.4+NoICE+SDCCmods-WIP-R14
pd,EC5E,FUN_CODE_ec5e,match,27,0,,sdas8051 05.50.4+NoICE+SDCCmods-WIP-R14
pd,ED46,FUN_CODE_ed46,match,2,0,,sdas8051 05.50.4+NoICE+SDCCmods-WIP-R14
pd,ED90,FUN_CODE_ed90,assembler-gap,21,0,no bytes emitted at ED90,sdas8051 05.50.4+NoICE+SDCCmods-WIP-R14
pd,EDB5,FUN_CODE_edb5,match,9,0,,sdas8051 05.50.4+NoICE+SDCCmods-WIP-R14
pd,EE68,FUN_CODE_ee68,match,21,0,,sdas8051 05.50.4+NoICE+SDCCmods-WIP-R14
pd,EE8B,FUN_CODE_ee8b,match,22,0,,sdas8051 05.50.4+NoICE+SDCCmods-WIP-R14
pd,EEAE,FUN_CODE_eeae,match,17,0,,sdas8051 05.50.4+NoICE+SDCCmods-WIP-R14
pd,EED1,FUN_CODE_eed1,match,22,0,,sdas8051 05.50.4+NoICE+SDCCmods-WIP-R14
pd,EF59,FUN_CODE_ef59,match,17,0,,sdas8051 05.50.4+NoICE+SDCCmods-WIP-R14
pd,EF79,FUN_CODE_ef79,match,17,0,,sdas8051 05.50.4+NoICE+SDCCmods-WIP-R14
pd,EFB9,FUN_CODE_efb9,match,19,0,,sdas8051 05.50.4+NoICE+SDCCmods-WIP-R14
pd,F035,FUN_CODE_f035,match,15,0,,sdas8051 05.50.4+NoICE+SDCCmods-WIP-R14
pd,F109,FUN_CODE_f109,match,20,0,,sdas8051 05.50.4+NoICE+SDCCmods-WIP-R14
pd,F126,FUN_CODE_f126,match,10,0,,sdas8051 05.50.4+NoICE+SDCCmods-WIP-R14
pd,F1B0,FUN_CODE_f1b0,match,16,0,,sdas8051 05.50.4+NoICE+SDCCmods-WIP-R14
pd,F22E,FUN_CODE_f22e,match,6,0,,sdas8051 05.50.4+NoICE+SDCCmods-WIP-R14
pd,F247,FUN_CODE_f247,match,15,0,,sdas8051 05.50.4+NoICE+SDCCmods-WIP-R14
pd,F28D,FUN_CODE_f28d,match,13,0,,sdas8051 05.50.4+NoICE+SDCCmods-WIP-R14
pd,F2FB,FUN_CODE_f2fb,match,13,0,,sdas8051 05.50.4+NoICE+SDCCmods-WIP-R14
pd,F351,FUN_CODE_f351,match,8,0,,sdas8051 05.50.4+NoICE+SDCCmods-WIP-R14
pd,F3CC,FUN_CODE_f3cc,match,14,0,,sdas8051 05.50.4+NoICE+SDCCmods-WIP-R14
pd,F3E0,FUN_CODE_f3e0,match,1,0,,sdas8051 05.50.4+NoICE+SDCCmods-WIP-R14
pd,F3E2,FUN_CODE_f3e2,match,6,0,,sdas8051 05.50.4+NoICE+SDCCmods-WIP-R14
pd,F3EB,FUN_CODE_f3eb,assembler-gap,6,0,no bytes emitted at F3EB,sdas8051 05.50.4+NoICE+SDCCmods-WIP-R14
pd,F407,FUN_CODE_f407,partial,10,1,"1 of 11 instruction(s) unchecked, first: push 0x03",sdas8051 05.50.4+NoICE+SDCCmods-WIP-R14
pd,F440,FUN_CODE_f440,match,10,0,,sdas8051 05.50.4+NoICE+SDCCmods-WIP-R14
pd,F477,FUN_CODE_f477,match,10,0,,sdas8051 05.50.4+NoICE+SDCCmods-WIP-R14
pd,F4AB,FUN_CODE_f4ab,match,14,0,,sdas8051 05.50.4+NoICE+SDCCmods-WIP-R14
pd,F4CD,FUN_CODE_f4cd,match,8,0,,sdas8051 05.50.4+NoICE+SDCCmods-WIP-R14
pd,F4EE,FUN_CODE_f4ee,partial,9,1,"1 of 10 instruction(s) unchecked, first: clr CY",sdas8051 05.50.4+NoICE+SDCCmods-WIP-R14
pd,F50E,FUN_CODE_f50e,match,12,0,,sdas8051 05.50.4+NoICE+SDCCmods-WIP-R14
pd,F55C,FUN_CODE_f55c,match,8,0,,sdas8051 05.50.4+NoICE+SDCCmods-WIP-R14
pd,F56B,FUN_CODE_f56b,match,7,0,,sdas8051 05.50.4+NoICE+SDCCmods-WIP-R14
pd,F598,FUN_CODE_f598,match,9,0,,sdas8051 05.50.4+NoICE+SDCCmods-WIP-R14
pd,F5C3,FUN_CODE_f5c3,match,8,0,,sdas8051 05.50.4+NoICE+SDCCmods-WIP-R14
pd,F5D1,FUN_CODE_f5d1,match,8,0,,sdas8051 05.50.4+NoICE+SDCCmods-WIP-R14
pd,F604,FUN_CODE_f604,match,6,0,,sdas8051 05.50.4+NoICE+SDCCmods-WIP-R14
pd,F610,FUN_CODE_f610,match,10,0,,sdas8051 05.50.4+NoICE+SDCCmods-WIP-R14
pd,F61C,FUN_CODE_f61c,match,16,0,,sdas8051 05.50.4+NoICE+SDCCmods-WIP-R14
pd,F63F,FUN_CODE_f63f,match,7,0,,sdas8051 05.50.4+NoICE+SDCCmods-WIP-R14
pd,F654,FUN_CODE_f654,match,5,0,,sdas8051 05.50.4+NoICE+SDCCmods-WIP-R14
pd,F65E,FUN_CODE_f65e,match,5,0,,sdas8051 05.50.4+NoICE+SDCCmods-WIP-R14
pd,F668,FUN_CODE_f668,match,5,0,,sdas8051 05.50.4+NoICE+SDCCmods-WIP-R14
pd,F672,FUN_CODE_f672,match,5,0,,sdas8051 05.50.4+NoICE+SDCCmods-WIP-R14
pd,F6F3,FUN_CODE_f6f3,match,5,0,,sdas8051 05.50.4+NoICE+SDCCmods-WIP-R14
pd,F6FB,FUN_CODE_f6fb,match,5,0,,sdas8051 05.50.4+NoICE+SDCCmods-WIP-R14
pd,F723,FUN_CODE_f723,match,4,0,,sdas8051 05.50.4+NoICE+SDCCmods-WIP-R14
pd,F739,call_returns_with_dptr_loaded,match,3,0,,sdas8051 05.50.4+NoICE+SDCCmods-WIP-R14
pd,F755,FUN_CODE_f755,match,5,0,,sdas8051 05.50.4+NoICE+SDCCmods-WIP-R14
pd,F75C,FUN_CODE_f75c,match,5,0,,sdas8051 05.50.4+NoICE+SDCCmods-WIP-R14
pd,F763,FUN_CODE_f763,match,4,0,,sdas8051 05.50.4+NoICE+SDCCmods-WIP-R14
pd,F775,FUN_CODE_f775,match,4,0,,sdas8051 05.50.4+NoICE+SDCCmods-WIP-R14
pd,F781,FUN_CODE_f781,match,3,0,,sdas8051 05.50.4+NoICE+SDCCmods-WIP-R14
pd,F786,FUN_CODE_f786,match,3,0,,sdas8051 05.50.4+NoICE+SDCCmods-WIP-R14
pd,F79C,thunk_FUN_CODE_d085,match,1,0,,sdas8051 05.50.4+NoICE+SDCCmods-WIP-R14
pd,F79F,thunk_FUN_CODE_4402,match,1,0,,sdas8051 05.50.4+NoICE+SDCCmods-WIP-R14
pd,F7B2,FUN_CODE_f7b2,match,1,0,,sdas8051 05.50.4+NoICE+SDCCmods-WIP-R14
pd,F7B3,FUN_CODE_f7b3,match,1,0,,sdas8051 05.50.4+NoICE+SDCCmods-WIP-R14
pd,F7B4,FUN_CODE_f7b4,match,1,0,,sdas8051 05.50.4+NoICE+SDCCmods-WIP-R14
pd,F7B7,FUN_CODE_f7b7,match,1,0,,sdas8051 05.50.4+NoICE+SDCCmods-WIP-R14
