ts,addr,old,new
2026-09-18T23:03:08.901+02:00,0x043E,0x52,0x4D
2026-09-18T23:03:08.903+02:00,0x0449,0x3E,0x37
2026-09-18T23:03:08.904+02:00,0x044C,0x75,0x71
2026-09-18T23:03:08.906+02:00,0x0460,0x09,0x08
2026-09-18T23:03:08.906+02:00,0x0461,0xAA,0x8C
2026-09-18T23:03:08.915+02:00,0x04AD,0x1C,0x1D
2026-09-18T23:03:08.936+02:00,0x0566,0xFC,0x00
2026-09-18T23:03:08.953+02:00,0x0602,0x68,0x69
2026-09-18T23:03:08.954+02:00,0x060C,0xE8,0x07
2026-09-18T23:03:08.955+02:00,0x060D,0x00,0x01
2026-09-18T23:03:08.965+02:00,0x0670,0xAA,0x8C
2026-09-18T23:03:08.967+02:00,0x0680,0x04,0x05
2026-09-18T23:03:08.969+02:00,0x068D,0x04,0x01
2026-09-18T23:03:08.976+02:00,0x06CF,0x63,0x4A
2026-09-18T23:03:08.977+02:00,0x06D6,0x02,0x07
2026-09-18T23:03:08.979+02:00,0x06E3,0x00,0x01
2026-09-18T23:03:08.979+02:00,0x06E4,0x02,0x0C
2026-09-18T23:03:08.981+02:00,0x06F8,0x0B,0x74
2026-09-18T23:03:08.981+02:00,0x06F9,0x1A,0x03
2026-09-18T23:03:08.983+02:00,0x070A,0x92,0x97
2026-09-18T23:03:08.993+02:00,0x075B,0x50,0x52
2026-09-18T23:03:08.993+02:00,0x075C,0x50,0x52
2026-09-18T23:03:09.415+02:00,0x043E,0x4D,0x4A
2026-09-18T23:03:09.416+02:00,0x0449,0x37,0x38
2026-09-18T23:03:09.416+02:00,0x044C,0x71,0x6A
2026-09-18T23:03:09.416+02:00,0x044F,0x33,0x34
2026-09-18T23:03:09.418+02:00,0x0465,0x32,0xA5
2026-09-18T23:03:09.419+02:00,0x046D,0x66,0xCF
2026-09-18T23:03:09.449+02:00,0x0566,0x00,0x06
2026-09-18T23:03:09.469+02:00,0x0602,0x69,0x6A
2026-09-18T23:03:09.470+02:00,0x060C,0x07,0xE3
2026-09-18T23:03:09.470+02:00,0x060D,0x01,0x00
2026-09-18T23:03:09.485+02:00,0x0680,0x05,0x02
2026-09-18T23:03:09.487+02:00,0x068B,0x05,0x02
2026-09-18T23:03:09.496+02:00,0x06CF,0x4A,0x30
2026-09-18T23:03:09.496+02:00,0x06D6,0x07,0x02
2026-09-18T23:03:09.498+02:00,0x06E4,0x0C,0x07
2026-09-18T23:03:09.501+02:00,0x06F8,0x74,0x70
2026-09-18T23:03:09.501+02:00,0x06F9,0x03,0x1B
2026-09-18T23:03:09.502+02:00,0x06FA,0x09,0x0A
2026-09-18T23:03:09.503+02:00,0x070A,0x97,0x9C
2026-09-18T23:03:09.514+02:00,0x075B,0x52,0x54
2026-09-18T23:03:09.514+02:00,0x075C,0x52,0x54
2026-09-18T23:03:09.936+02:00,0x043E,0x4A,0x46
2026-09-18T23:03:09.937+02:00,0x0449,0x38,0x33
2026-09-18T23:03:09.937+02:00,0x044C,0x6A,0x66
2026-09-18T23:03:09.945+02:00,0x04AD,0x1D,0x1E
2026-09-18T23:03:09.957+02:00,0x0566,0x06,0x0B
2026-09-18T23:03:09.967+02:00,0x0602,0x6A,0x68
2026-09-18T23:03:09.967+02:00,0x060C,0xE3,0xBB
2026-09-18T23:03:09.976+02:00,0x068B,0x02,0x05
2026-09-18T23:03:09.976+02:00,0x068D,0x01,0x08
2026-09-18T23:03:09.980+02:00,0x06CF,0x30,0x17
2026-09-18T23:03:09.980+02:00,0x06D6,0x02,0x07
2026-09-18T23:03:09.981+02:00,0x06E4,0x07,0x02
2026-09-18T23:03:09.983+02:00,0x06F8,0x70,0xC4
2026-09-18T23:03:09.983+02:00,0x06F9,0x1B,0x03
2026-09-18T23:03:09.985+02:00,0x070A,0x9C,0xA1
2026-09-18T23:03:09.990+02:00,0x075B,0x54,0x55
2026-09-18T23:03:09.990+02:00,0x075C,0x54,0x55
2026-09-18T23:03:10.407+02:00,0x0449,0x33,0x39
2026-09-18T23:03:10.407+02:00,0x044C,0x66,0x6F
2026-09-18T23:03:10.409+02:00,0x0464,0x0A,0x0B
2026-09-18T23:03:10.409+02:00,0x0465,0xA5,0x0A
2026-09-18T23:03:10.409+02:00,0x046C,0x0A,0x0B
2026-09-18T23:03:10.409+02:00,0x046D,0xCF,0x2B
2026-09-18T23:03:10.426+02:00,0x0566,0x0B,0x0F
2026-09-18T23:03:10.436+02:00,0x0602,0x68,0x67
2026-09-18T23:03:10.436+02:00,0x060C,0xBB,0xC8
2026-09-18T23:03:10.439+02:00,0x062E,0x03,0x02
2026-09-18T23:03:10.446+02:00,0x068D,0x08,0x04
2026-09-18T23:03:10.451+02:00,0x06CF,0x17,0x00
2026-09-18T23:03:10.451+02:00,0x06D6,0x07,0x03
2026-09-18T23:03:10.452+02:00,0x06E3,0x01,0x00
2026-09-18T23:03:10.452+02:00,0x06E4,0x02,0x0C
2026-09-18T23:03:10.453+02:00,0x06F8,0xC4,0xBB
2026-09-18T23:03:10.453+02:00,0x06F9,0x03,0x1A
2026-09-18T23:03:10.454+02:00,0x06FA,0x0A,0x0B
2026-09-18T23:03:10.455+02:00,0x070A,0xA1,0xA6
2026-09-18T23:03:10.460+02:00,0x075B,0x55,0x57
2026-09-18T23:03:10.460+02:00,0x075C,0x55,0x57
2026-09-18T23:03:10.879+02:00,0x043E,0x46,0x47
2026-09-18T23:03:10.881+02:00,0x0449,0x39,0x50
2026-09-18T23:03:10.881+02:00,0x044C,0x6F,0x86
2026-09-18T23:03:10.890+02:00,0x04AD,0x1E,0x1F
2026-09-18T23:03:10.903+02:00,0x0566,0x0F,0x14
2026-09-18T23:03:10.913+02:00,0x0602,0x67,0x6A
2026-09-18T23:03:10.914+02:00,0x060C,0xC8,0xC0
2026-09-18T23:03:10.922+02:00,0x068D,0x04,0x00
2026-09-18T23:03:10.927+02:00,0x06CF,0x00,0x4D
2026-09-18T23:03:10.927+02:00,0x06D6,0x03,0x08
2026-09-18T23:03:10.929+02:00,0x06E4,0x0C,0x08
2026-09-18T23:03:10.930+02:00,0x06F8,0xBB,0xB2
2026-09-18T23:03:10.930+02:00,0x06F9,0x1A,0x02
2026-09-18T23:03:10.931+02:00,0x070A,0xA6,0xAA
2026-09-18T23:03:10.937+02:00,0x075B,0x57,0x58
2026-09-18T23:03:10.937+02:00,0x075C,0x57,0x58
2026-09-18T23:03:11.352+02:00,0x043E,0x47,0x44
2026-09-18T23:03:11.353+02:00,0x0449,0x50,0x25
2026-09-18T23:03:11.353+02:00,0x044C,0x86,0x51
2026-09-18T23:03:11.355+02:00,0x0460,0x08,0x07
2026-09-18T23:03:11.355+02:00,0x0461,0x8C,0x6E
2026-09-18T23:03:11.355+02:00,0x0465,0x0A,0x75
2026-09-18T23:03:11.356+02:00,0x046D,0x2B,0x46
2026-09-18T23:03:11.372+02:00,0x0566,0x14,0x19
2026-09-18T23:03:11.383+02:00,0x060C,0xC0,0x98
2026-09-18T23:03:11.383+02:00,0x0610,0xEF,0xFF
2026-09-18T23:03:11.389+02:00,0x0670,0x8C,0x6E
2026-09-18T23:03:11.390+02:00,0x0680,0x02,0x00
2026-09-18T23:03:11.395+02:00,0x06CF,0x4D,0x35
2026-09-18T23:03:11.396+02:00,0x06D6,0x08,0x03
2026-09-18T23:03:11.397+02:00,0x06E4,0x08,0x03
2026-09-18T23:03:11.398+02:00,0x06F8,0xB2,0x68
2026-09-18T23:03:11.398+02:00,0x06F9,0x02,0x1A
2026-09-18T23:03:11.398+02:00,0x06FA,0x0B,0x0C
2026-09-18T23:03:11.399+02:00,0x070A,0xAA,0xAF
2026-09-18T23:03:11.405+02:00,0x075B,0x58,0x5A
2026-09-18T23:03:11.405+02:00,0x075C,0x58,0x46
2026-09-18T23:03:11.822+02:00,0x0449,0x25,0x2F
2026-09-18T23:03:11.822+02:00,0x044C,0x51,0x53
2026-09-18T23:03:11.829+02:00,0x04AD,0x1F,0x20
2026-09-18T23:03:11.843+02:00,0x0566,0x19,0x1E
2026-09-18T23:03:11.854+02:00,0x060C,0x98,0x96
2026-09-18T23:03:11.854+02:00,0x0610,0xFF,0xEF
2026-09-18T23:03:11.863+02:00,0x0694,0x00,0x02
2026-09-18T23:03:11.868+02:00,0x06CF,0x35,0x1E
2026-09-18T23:03:11.868+02:00,0x06D6,0x03,0x08
2026-09-18T23:03:11.869+02:00,0x06E3,0x00,0x01
2026-09-18T23:03:11.869+02:00,0x06E4,0x03,0x0D
2026-09-18T23:03:11.871+02:00,0x06F8,0x68,0xAC
2026-09-18T23:03:11.871+02:00,0x06F9,0x1A,0x02
2026-09-18T23:03:11.872+02:00,0x070A,0xAF,0xB4
2026-09-18T23:03:11.878+02:00,0x075B,0x5A,0x5C
2026-09-18T23:03:11.878+02:00,0x075C,0x46,0x48
2026-09-18T23:03:12.297+02:00,0x043E,0x44,0x40
2026-09-18T23:03:12.298+02:00,0x0449,0x2F,0x2E
2026-09-18T23:03:12.300+02:00,0x0460,0x07,0x06
2026-09-18T23:03:12.300+02:00,0x0461,0x6E,0x64
2026-09-18T23:03:12.301+02:00,0x0465,0x75,0xE1
2026-09-18T23:03:12.301+02:00,0x046C,0x0B,0x09
2026-09-18T23:03:12.301+02:00,0x046D,0x46,0xB9
2026-09-18T23:03:12.328+02:00,0x0566,0x1E,0x23
2026-09-18T23:03:12.339+02:00,0x0602,0x6A,0x68
2026-09-18T23:03:12.340+02:00,0x060C,0x96,0xA5
2026-09-18T23:03:12.340+02:00,0x0610,0xEF,0xFF
2026-09-18T23:03:12.341+02:00,0x062E,0x02,0x01
2026-09-18T23:03:12.346+02:00,0x0670,0x6E,0x64
2026-09-18T23:03:12.348+02:00,0x068B,0x05,0x06
2026-09-18T23:03:12.348+02:00,0x068D,0x00,0x02
2026-09-18T23:03:12.349+02:00,0x0694,0x02,0x00
2026-09-18T23:03:12.353+02:00,0x06CF,0x1E,0x05
2026-09-18T23:03:12.354+02:00,0x06D6,0x08,0x03
2026-09-18T23:03:12.355+02:00,0x06E4,0x0D,0x08
2026-09-18T23:03:12.356+02:00,0x06F8,0xAC,0xD3
2026-09-18T23:03:12.356+02:00,0x06F9,0x02,0x19
2026-09-18T23:03:12.356+02:00,0x06FA,0x0C,0x0D
2026-09-18T23:03:12.357+02:00,0x070A,0xB4,0xB9
2026-09-18T23:03:12.363+02:00,0x075B,0x5C,0x5D
2026-09-18T23:03:12.363+02:00,0x075C,0x48,0x49
2026-09-18T23:03:12.783+02:00,0x0449,0x2E,0x27
2026-09-18T23:03:12.784+02:00,0x044C,0x53,0x4C
2026-09-18T23:03:12.795+02:00,0x04AD,0x20,0x21
2026-09-18T23:03:12.817+02:00,0x0566,0x23,0x27
2026-09-18T23:03:12.835+02:00,0x0602,0x68,0x69
2026-09-18T23:03:12.836+02:00,0x060C,0xA5,0xD2
2026-09-18T23:03:12.837+02:00,0x0610,0xFF,0xEF
2026-09-18T23:03:12.850+02:00,0x0680,0x00,0x04
2026-09-18T23:03:12.852+02:00,0x068B,0x06,0x05
2026-09-18T23:03:12.852+02:00,0x068D,0x02,0x01
2026-09-18T23:03:12.852+02:00,0x0694,0x00,0x02
2026-09-18T23:03:12.859+02:00,0x06CF,0x05,0x51
2026-09-18T23:03:12.860+02:00,0x06D6,0x03,0x08
2026-09-18T23:03:12.861+02:00,0x06E4,0x08,0x03
2026-09-18T23:03:12.863+02:00,0x06F8,0xD3,0x0B
2026-09-18T23:03:12.864+02:00,0x06F9,0x19,0x01
2026-09-18T23:03:12.866+02:00,0x070A,0xB9,0xBE
2026-09-18T23:03:12.875+02:00,0x075B,0x5D,0x5F
2026-09-18T23:03:12.875+02:00,0x075C,0x49,0x4B
2026-09-18T23:03:13.299+02:00,0x043E,0x40,0x3F
2026-09-18T23:03:13.300+02:00,0x0449,0x27,0x23
2026-09-18T23:03:13.300+02:00,0x044C,0x4C,0x4D
2026-09-18T23:03:13.303+02:00,0x0460,0x06,0x05
2026-09-18T23:03:13.303+02:00,0x0461,0x64,0x60
2026-09-18T23:03:13.303+02:00,0x0464,0x0B,0x0C
2026-09-18T23:03:13.303+02:00,0x0465,0xE1,0x3E
2026-09-18T23:03:13.303+02:00,0x046C,0x09,0x0A
2026-09-18T23:03:13.303+02:00,0x046D,0xB9,0x0A
2026-09-18T23:03:13.329+02:00,0x0566,0x27,0x2D
2026-09-18T23:03:13.346+02:00,0x0602,0x69,0x68
2026-09-18T23:03:13.347+02:00,0x060C,0xD2,0xA4
2026-09-18T23:03:13.351+02:00,0x062E,0x01,0x02
2026-09-18T23:03:13.359+02:00,0x0670,0x64,0x60
2026-09-18T23:03:13.361+02:00,0x0680,0x04,0x05
2026-09-18T23:03:13.362+02:00,0x068B,0x05,0x02
2026-09-18T23:03:13.363+02:00,0x0694,0x02,0x00
2026-09-18T23:03:13.369+02:00,0x06CF,0x51,0x37
2026-09-18T23:03:13.370+02:00,0x06D6,0x08,0x03
2026-09-18T23:03:13.371+02:00,0x06E3,0x01,0x00
2026-09-18T23:03:13.371+02:00,0x06E4,0x03,0x0D
2026-09-18T23:03:13.373+02:00,0x06F8,0x0B,0xC4
2026-09-18T23:03:13.373+02:00,0x06F9,0x01,0x1A
2026-09-18T23:03:13.373+02:00,0x06FA,0x0D,0x0E
2026-09-18T23:03:13.375+02:00,0x070A,0xBE,0xC0
2026-09-18T23:03:13.385+02:00,0x075B,0x5F,0x60
2026-09-18T23:03:13.385+02:00,0x075C,0x4B,0x4C
2026-09-18T23:03:13.811+02:00,0x043E,0x3F,0x3C
2026-09-18T23:03:13.812+02:00,0x0449,0x23,0x2E
2026-09-18T23:03:13.813+02:00,0x044C,0x4D,0x54
2026-09-18T23:03:13.814+02:00,0x0460,0x05,0x04
2026-09-18T23:03:13.814+02:00,0x0461,0x60,0x5A
2026-09-18T23:03:13.819+02:00,0x04AD,0x21,0x22
2026-09-18T23:03:13.831+02:00,0x0566,0x2D,0x32
2026-09-18T23:03:13.841+02:00,0x060C,0xA4,0xB4
2026-09-18T23:03:13.849+02:00,0x0670,0x60,0x5A
2026-09-18T23:03:13.851+02:00,0x0680,0x05,0x00
2026-09-18T23:03:13.852+02:00,0x068B,0x02,0x05
2026-09-18T23:03:13.852+02:00,0x068D,0x01,0x07
2026-09-18T23:03:13.856+02:00,0x06CF,0x37,0x1F
2026-09-18T23:03:13.856+02:00,0x06D6,0x03,0x08
2026-09-18T23:03:13.858+02:00,0x06E4,0x0D,0x08
2026-09-18T23:03:13.859+02:00,0x06F8,0xC4,0x0B
2026-09-18T23:03:13.859+02:00,0x06F9,0x1A,0x01
2026-09-18T23:03:13.860+02:00,0x070A,0xC0,0xC5
2026-09-18T23:03:13.866+02:00,0x075B,0x60,0x5F
2026-09-18T23:03:13.866+02:00,0x075C,0x4C,0x4B
2026-09-18T23:03:14.289+02:00,0x043E,0x3C,0x3D
2026-09-18T23:03:14.289+02:00,0x0449,0x2E,0x28
2026-09-18T23:03:14.291+02:00,0x044C,0x54,0x51
2026-09-18T23:03:14.292+02:00,0x0465,0x3E,0x30
2026-09-18T23:03:14.293+02:00,0x046D,0x0A,0x00
2026-09-18T23:03:14.309+02:00,0x0566,0x32,0x36
2026-09-18T23:03:14.318+02:00,0x0602,0x68,0x6A
2026-09-18T23:03:14.319+02:00,0x060C,0xB4,0x96
2026-09-18T23:03:14.321+02:00,0x062E,0x02,0x01
2026-09-18T23:03:14.327+02:00,0x068D,0x07,0x04
2026-09-18T23:03:14.332+02:00,0x06CF,0x1F,0x07
2026-09-18T23:03:14.332+02:00,0x06D6,0x08,0x04
2026-09-18T23:03:14.333+02:00,0x06E4,0x08,0x03
2026-09-18T23:03:14.335+02:00,0x06F8,0x0B,0xC2
2026-09-18T23:03:14.335+02:00,0x06F9,0x01,0x19
2026-09-18T23:03:14.335+02:00,0x06FA,0x0E,0x0F
2026-09-18T23:03:14.336+02:00,0x070A,0xC5,0xC9
2026-09-18T23:03:14.341+02:00,0x075B,0x5F,0x5D
2026-09-18T23:03:14.341+02:00,0x075C,0x4B,0x49
2026-09-18T23:03:14.761+02:00,0x043E,0x3D,0x3F
2026-09-18T23:03:14.762+02:00,0x0449,0x28,0x2D
2026-09-18T23:03:14.762+02:00,0x044C,0x51,0x5B
2026-09-18T23:03:14.769+02:00,0x04AD,0x22,0x23
2026-09-18T23:03:14.781+02:00,0x0566,0x36,0x3B
2026-09-18T23:03:14.793+02:00,0x0602,0x6A,0x69
2026-09-18T23:03:14.793+02:00,0x060C,0x96,0x9A
2026-09-18T23:03:14.801+02:00,0x0680,0x00,0x05
2026-09-18T23:03:14.801+02:00,0x068D,0x04,0x00
2026-09-18T23:03:14.806+02:00,0x06CF,0x07,0x54
2026-09-18T23:03:14.806+02:00,0x06D6,0x04,0x09
2026-09-18T23:03:14.807+02:00,0x06E3,0x00,0x01
2026-09-18T23:03:14.807+02:00,0x06E4,0x03,0x0E
2026-09-18T23:03:14.809+02:00,0x06F8,0xC2,0x79
2026-09-18T23:03:14.809+02:00,0x06F9,0x19,0x01
2026-09-18T23:03:14.810+02:00,0x070A,0xC9,0xCE
2026-09-18T23:03:14.815+02:00,0x075B,0x5D,0x5C
2026-09-18T23:03:14.815+02:00,0x075C,0x49,0x48
2026-09-18T23:03:15.232+02:00,0x0449,0x2D,0x29
2026-09-18T23:03:15.232+02:00,0x044C,0x5B,0x55
2026-09-18T23:03:15.234+02:00,0x0464,0x0C,0x0B
2026-09-18T23:03:15.234+02:00,0x0465,0x30,0xD0
2026-09-18T23:03:15.234+02:00,0x046C,0x0A,0x09
2026-09-18T23:03:15.234+02:00,0x046D,0x00,0x9D
2026-09-18T23:03:15.250+02:00,0x0566,0x3B,0x40
2026-09-18T23:03:15.259+02:00,0x0602,0x69,0x6A
2026-09-18T23:03:15.260+02:00,0x060C,0x9A,0xA8
2026-09-18T23:03:15.268+02:00,0x068D,0x00,0x03
2026-09-18T23:03:15.268+02:00,0x0694,0x00,0x02
2026-09-18T23:03:15.272+02:00,0x06CF,0x54,0x3D
2026-09-18T23:03:15.273+02:00,0x06D6,0x09,0x04
2026-09-18T23:03:15.274+02:00,0x06E4,0x0E,0x09
2026-09-18T23:03:15.275+02:00,0x06F8,0x79,0x1C
2026-09-18T23:03:15.275+02:00,0x06F9,0x01,0x19
2026-09-18T23:03:15.275+02:00,0x06FA,0x0F,0x10
2026-09-18T23:03:15.276+02:00,0x070A,0xCE,0xD2
2026-09-18T23:03:15.282+02:00,0x075B,0x5C,0x5A
2026-09-18T23:03:15.282+02:00,0x075C,0x48,0x46
2026-09-18T23:03:15.698+02:00,0x043E,0x3F,0x3D
2026-09-18T23:03:15.699+02:00,0x0449,0x29,0x3C
2026-09-18T23:03:15.699+02:00,0x044C,0x55,0x61
2026-09-18T23:03:15.706+02:00,0x04AD,0x23,0x24
2026-09-18T23:03:15.719+02:00,0x0566,0x40,0x45
2026-09-18T23:03:15.729+02:00,0x0602,0x6A,0x68
2026-09-18T23:03:15.730+02:00,0x060C,0xA8,0xAF
2026-09-18T23:03:15.730+02:00,0x0610,0xEF,0xFF
2026-09-18T23:03:15.732+02:00,0x062E,0x01,0x00
2026-09-18T23:03:15.737+02:00,0x0680,0x05,0x04
2026-09-18T23:03:15.738+02:00,0x068D,0x03,0x00
2026-09-18T23:03:15.739+02:00,0x0694,0x02,0x00
2026-09-18T23:03:15.743+02:00,0x06CF,0x3D,0x25
2026-09-18T23:03:15.743+02:00,0x06D6,0x04,0x09
2026-09-18T23:03:15.744+02:00,0x06E4,0x09,0x04
2026-09-18T23:03:15.745+02:00,0x06F8,0x1C,0x63
2026-09-18T23:03:15.746+02:00,0x06F9,0x19,0x00
2026-09-18T23:03:16.172+02:00,0x0449,0x3C,0x2E
2026-09-18T23:03:16.172+02:00,0x044C,0x61,0x51
2026-09-18T23:03:16.176+02:00,0x0465,0xD0,0xAA
2026-09-18T23:03:16.208+02:00,0x0566,0x45,0x49
2026-09-18T23:03:16.227+02:00,0x060C,0xAF,0xBB
2026-09-18T23:03:16.228+02:00,0x0610,0xFF,0xEF
2026-09-18T23:03:16.240+02:00,0x0680,0x04,0x00
2026-09-18T23:03:16.242+02:00,0x068B,0x05,0x00
2026-09-18T23:03:16.243+02:00,0x068D,0x00,0x02
2026-09-18T23:03:16.250+02:00,0x06CF,0x25,0x0C
2026-09-18T23:03:16.250+02:00,0x06D6,0x09,0x04
2026-09-18T23:03:16.252+02:00,0x06E3,0x01,0x00
2026-09-18T23:03:16.252+02:00,0x06E4,0x04,0x0E
2026-09-18T23:03:16.254+02:00,0x06F8,0x63,0x0B
2026-09-18T23:03:16.254+02:00,0x06F9,0x00,0x18
2026-09-18T23:03:16.254+02:00,0x06FA,0x10,0x11
2026-09-18T23:03:16.684+02:00,0x0449,0x2E,0x28
2026-09-18T23:03:16.685+02:00,0x044C,0x51,0x4C
2026-09-18T23:03:16.688+02:00,0x046D,0x9D,0x79
2026-09-18T23:03:16.695+02:00,0x04AD,0x24,0x25
2026-09-18T23:03:16.717+02:00,0x0566,0x49,0x4F
2026-09-18T23:03:16.734+02:00,0x0602,0x68,0x6A
2026-09-18T23:03:16.735+02:00,0x060C,0xBB,0xAB
2026-09-18T23:03:16.739+02:00,0x062E,0x00,0x01
2026-09-18T23:03:16.748+02:00,0x0680,0x00,0x02
2026-09-18T23:03:16.749+02:00,0x068B,0x00,0x06
2026-09-18T23:03:16.758+02:00,0x06CF,0x0C,0x58
2026-09-18T23:03:16.759+02:00,0x06D6,0x04,0x09
2026-09-18T23:03:16.760+02:00,0x06E4,0x0E,0x09
2026-09-18T23:03:16.762+02:00,0x06F8,0x0B,0x74
2026-09-18T23:03:16.762+02:00,0x06F9,0x18,0x01
2026-09-18T23:03:17.196+02:00,0x043E,0x3D,0x3E
2026-09-18T23:03:17.197+02:00,0x0449,0x28,0x23
2026-09-18T23:03:17.197+02:00,0x044C,0x4C,0x49
2026-09-18T23:03:17.216+02:00,0x0566,0x4F,0x54
2026-09-18T23:03:17.226+02:00,0x0602,0x6A,0x68
2026-09-18T23:03:17.227+02:00,0x060C,0xAB,0x8E
2026-09-18T23:03:17.230+02:00,0x062E,0x01,0x00
2026-09-18T23:03:17.236+02:00,0x068B,0x06,0x02
2026-09-18T23:03:17.236+02:00,0x068D,0x02,0x01
2026-09-18T23:03:17.240+02:00,0x06CF,0x58,0x3F
2026-09-18T23:03:17.241+02:00,0x06D6,0x09,0x04
2026-09-18T23:03:17.242+02:00,0x06E4,0x09,0x04
2026-09-18T23:03:17.243+02:00,0x06F8,0x74,0xCB
2026-09-18T23:03:17.243+02:00,0x06F9,0x01,0x18
2026-09-18T23:03:17.243+02:00,0x06FA,0x11,0x12
2026-09-18T23:03:17.674+02:00,0x043E,0x3E,0x3C
2026-09-18T23:03:17.675+02:00,0x0449,0x23,0x24
2026-09-18T23:03:17.675+02:00,0x044C,0x49,0x48
2026-09-18T23:03:17.682+02:00,0x04AD,0x25,0x26
2026-09-18T23:03:17.695+02:00,0x0566,0x54,0x58
2026-09-18T23:03:17.705+02:00,0x0602,0x68,0x69
2026-09-18T23:03:17.706+02:00,0x060C,0x8E,0x93
2026-09-18T23:03:17.714+02:00,0x068B,0x02,0x05
2026-09-18T23:03:17.714+02:00,0x068D,0x01,0x08
2026-09-18T23:03:17.719+02:00,0x06CF,0x3F,0x27
2026-09-18T23:03:17.720+02:00,0x06D6,0x04,0x00
2026-09-18T23:03:17.720+02:00,0x06E3,0x00,0x01
2026-09-18T23:03:17.720+02:00,0x06E4,0x04,0x0E
2026-09-18T23:03:17.722+02:00,0x06F8,0xCB,0xC2
2026-09-18T23:03:17.722+02:00,0x06F9,0x18,0x00
2026-09-18T23:03:18.148+02:00,0x043E,0x3C,0x3D
2026-09-18T23:03:18.149+02:00,0x0449,0x24,0x25
2026-09-18T23:03:18.149+02:00,0x044C,0x48,0x4E
2026-09-18T23:03:18.168+02:00,0x0566,0x58,0x5D
2026-09-18T23:03:18.179+02:00,0x0602,0x69,0x6A
2026-09-18T23:03:18.180+02:00,0x060C,0x93,0x8C
2026-09-18T23:03:18.189+02:00,0x068D,0x08,0x04
2026-09-18T23:03:18.193+02:00,0x06CF,0x27,0x10
2026-09-18T23:03:18.194+02:00,0x06D6,0x00,0x05
2026-09-18T23:03:18.195+02:00,0x06E4,0x0E,0x0A
2026-09-18T23:03:18.196+02:00,0x06F8,0xC2,0x79
2026-09-18T23:03:18.196+02:00,0x06F9,0x00,0x18
2026-09-18T23:03:18.197+02:00,0x06FA,0x12,0x13
2026-09-18T23:03:18.624+02:00,0x043E,0x3D,0x3E
2026-09-18T23:03:18.625+02:00,0x0449,0x25,0x29
2026-09-18T23:03:18.625+02:00,0x044C,0x4E,0x55
2026-09-18T23:03:18.654+02:00,0x0566,0x5D,0x62
2026-09-18T23:03:18.665+02:00,0x0602,0x6A,0x68
2026-09-18T23:03:18.666+02:00,0x060C,0x8C,0x99
2026-09-18T23:03:18.674+02:00,0x0680,0x02,0x04
2026-09-18T23:03:18.674+02:00,0x068D,0x04,0x00
2026-09-18T23:03:18.679+02:00,0x06CF,0x10,0x5C
2026-09-18T23:03:18.679+02:00,0x06D6,0x05,0x00
2026-09-18T23:03:18.680+02:00,0x06E4,0x0A,0x05
2026-09-18T23:03:18.682+02:00,0x06F8,0x79,0xC0
2026-09-18T23:03:18.682+02:00,0x06F9,0x18,0x00
2026-09-18T23:03:19.106+02:00,0x043E,0x3E,0x3D
2026-09-18T23:03:19.108+02:00,0x0449,0x29,0x39
2026-09-18T23:03:19.108+02:00,0x044C,0x55,0x61
2026-09-18T23:03:19.119+02:00,0x04AD,0x26,0x27
2026-09-18T23:03:19.135+02:00,0x0566,0x62,0x67
2026-09-18T23:03:19.145+02:00,0x0602,0x68,0x69
2026-09-18T23:03:19.146+02:00,0x060C,0x99,0xA0
2026-09-18T23:03:19.155+02:00,0x068B,0x05,0x06
2026-09-18T23:03:19.155+02:00,0x068D,0x00,0x02
2026-09-18T23:03:19.159+02:00,0x06CF,0x5C,0x44
2026-09-18T23:03:19.160+02:00,0x06D6,0x00,0x05
2026-09-18T23:03:19.161+02:00,0x06E4,0x05,0x00
2026-09-18T23:03:19.162+02:00,0x06F8,0xC0,0x04
2026-09-18T23:03:19.162+02:00,0x06F9,0x00,0x18
2026-09-18T23:03:19.162+02:00,0x06FA,0x13,0x14
2026-09-18T23:03:19.586+02:00,0x043E,0x3D,0x3E
2026-09-18T23:03:19.587+02:00,0x0449,0x39,0x33
2026-09-18T23:03:19.587+02:00,0x044C,0x61,0x55
2026-09-18T23:03:19.589+02:00,0x046D,0x79,0x71
2026-09-18T23:03:19.606+02:00,0x0566,0x67,0x6C
2026-09-18T23:03:19.616+02:00,0x0602,0x69,0x68
2026-09-18T23:03:19.617+02:00,0x060C,0xA0,0xA4
2026-09-18T23:03:19.620+02:00,0x062E,0x00,0x04
2026-09-18T23:03:19.625+02:00,0x0680,0x04,0x02
2026-09-18T23:03:19.626+02:00,0x068B,0x06,0x02
2026-09-18T23:03:19.626+02:00,0x068D,0x02,0x01
2026-09-18T23:03:19.630+02:00,0x06CF,0x44,0x2C
2026-09-18T23:03:19.630+02:00,0x06D6,0x05,0x00
2026-09-18T23:03:19.632+02:00,0x06E3,0x01,0x00
2026-09-18T23:03:19.632+02:00,0x06E4,0x00,0x0A
2026-09-18T23:03:19.633+02:00,0x06F8,0x04,0x7B
2026-09-18T23:03:19.633+02:00,0x06F9,0x18,0x0C
2026-09-18T23:03:20.060+02:00,0x0449,0x33,0x2B
2026-09-18T23:03:20.061+02:00,0x044C,0x55,0x4D
2026-09-18T23:03:20.073+02:00,0x04AD,0x27,0x28
2026-09-18T23:03:20.094+02:00,0x0566,0x6C,0x70
2026-09-18T23:03:20.112+02:00,0x0602,0x68,0x69
2026-09-18T23:03:20.113+02:00,0x060C,0xA4,0x9F
2026-09-18T23:03:20.114+02:00,0x0610,0xEF,0xFF
2026-09-18T23:03:20.128+02:00,0x0680,0x02,0x04
2026-09-18T23:03:20.129+02:00,0x068B,0x02,0x05
2026-09-18T23:03:20.129+02:00,0x068D,0x01,0x07
2026-09-18T23:03:20.137+02:00,0x06CF,0x2C,0x13
2026-09-18T23:03:20.138+02:00,0x06D6,0x00,0x05
2026-09-18T23:03:20.139+02:00,0x06E4,0x0A,0x05
2026-09-18T23:03:20.141+02:00,0x06F8,0x7B,0x13
2026-09-18T23:03:20.141+02:00,0x06F9,0x0C,0x14
2026-09-18T23:03:20.141+02:00,0x06FA,0x14,0x15
2026-09-18T23:03:20.591+02:00,0x043E,0x3E,0x3D
2026-09-18T23:03:20.592+02:00,0x0449,0x2B,0x29
2026-09-18T23:03:20.593+02:00,0x044C,0x4D,0x51
2026-09-18T23:03:20.596+02:00,0x046D,0x71,0x7C
2026-09-18T23:03:20.603+02:00,0x04AB,0x2C,0x2D
2026-09-18T23:03:20.603+02:00,0x04AC,0x2C,0x2D
2026-09-18T23:03:20.615+02:00,0x0514,0x2C,0x2D
2026-09-18T23:03:20.616+02:00,0x0516,0x2C,0x2D
2026-09-18T23:03:20.616+02:00,0x0518,0x70,0x84
2026-09-18T23:03:20.616+02:00,0x051A,0x70,0x84
2026-09-18T23:03:20.625+02:00,0x0566,0x70,0x76
2026-09-18T23:03:20.642+02:00,0x0602,0x69,0x68
2026-09-18T23:03:20.644+02:00,0x060C,0x9F,0xAB
2026-09-18T23:03:20.645+02:00,0x0610,0xFF,0xEF
2026-09-18T23:03:20.648+02:00,0x062E,0x04,0x00
2026-09-18T23:03:20.658+02:00,0x0680,0x04,0x02
2026-09-18T23:03:20.659+02:00,0x068D,0x07,0x00
2026-09-18T23:03:20.667+02:00,0x06CF,0x13,0x5E
2026-09-18T23:03:20.667+02:00,0x06D6,0x05,0x00
2026-09-18T23:03:20.669+02:00,0x06E4,0x05,0x00
2026-09-18T23:03:20.671+02:00,0x06F8,0x13,0x70
2026-09-18T23:03:20.671+02:00,0x06F9,0x14,0x00
2026-09-18T23:03:21.105+02:00,0x0436,0x70,0x84
2026-09-18T23:03:21.106+02:00,0x0449,0x29,0x26
2026-09-18T23:03:21.107+02:00,0x044C,0x51,0x4A
2026-09-18T23:03:21.113+02:00,0x04AD,0x28,0x29
2026-09-18T23:03:21.125+02:00,0x0566,0x76,0x7B
2026-09-18T23:03:21.136+02:00,0x060C,0xAB,0x96
2026-09-18T23:03:21.144+02:00,0x0680,0x02,0x05
2026-09-18T23:03:21.144+02:00,0x068B,0x05,0x06
2026-09-18T23:03:21.144+02:00,0x068D,0x00,0x02
2026-09-18T23:03:21.149+02:00,0x06CF,0x5E,0x45
2026-09-18T23:03:21.149+02:00,0x06D6,0x00,0x05
2026-09-18T23:03:21.150+02:00,0x06E3,0x00,0x01
2026-09-18T23:03:21.150+02:00,0x06E4,0x00,0x0A
2026-09-18T23:03:21.151+02:00,0x06F8,0x70,0xC4
2026-09-18T23:03:21.152+02:00,0x06F9,0x00,0x18
2026-09-18T23:03:21.152+02:00,0x06FA,0x15,0x16
2026-09-18T23:03:21.576+02:00,0x043E,0x3D,0x3E
2026-09-18T23:03:21.577+02:00,0x044C,0x4A,0x4E
2026-09-18T23:03:21.580+02:00,0x046D,0x7C,0x79
2026-09-18T23:03:21.597+02:00,0x0566,0x7B,0x7F
2026-09-18T23:03:21.608+02:00,0x0602,0x68,0x69
2026-09-18T23:03:21.609+02:00,0x060C,0x96,0xDC
2026-09-18T23:03:21.612+02:00,0x062E,0x00,0x04
2026-09-18T23:03:21.620+02:00,0x068B,0x06,0x02
2026-09-18T23:03:21.620+02:00,0x068D,0x02,0x01
2026-09-18T23:03:21.625+02:00,0x06CF,0x45,0x2D
2026-09-18T23:03:21.626+02:00,0x06D6,0x05,0x00
2026-09-18T23:03:21.627+02:00,0x06E4,0x0A,0x05
2026-09-18T23:03:21.628+02:00,0x06F8,0xC4,0x7B
2026-09-18T23:03:21.628+02:00,0x06F9,0x18,0x0C
2026-09-18T23:03:22.054+02:00,0x043E,0x3E,0x41
2026-09-18T23:03:22.055+02:00,0x0449,0x26,0x46
2026-09-18T23:03:22.055+02:00,0x044C,0x4E,0x74
2026-09-18T23:03:22.057+02:00,0x0460,0x04,0x05
2026-09-18T23:03:22.057+02:00,0x0461,0x5A,0x60
2026-09-18T23:03:22.063+02:00,0x04AD,0x29,0x2A
2026-09-18T23:03:22.077+02:00,0x0566,0x7F,0x84
2026-09-18T23:03:22.089+02:00,0x0602,0x69,0x68
2026-09-18T23:03:22.089+02:00,0x060C,0xDC,0xBC
2026-09-18T23:03:22.096+02:00,0x0670,0x5A,0x60
2026-09-18T23:03:22.098+02:00,0x068B,0x02,0x05
2026-09-18T23:03:22.098+02:00,0x068D,0x01,0x08
2026-09-18T23:03:22.103+02:00,0x06CF,0x2D,0x16
2026-09-18T23:03:22.103+02:00,0x06D6,0x00,0x06
2026-09-18T23:03:22.105+02:00,0x06E4,0x05,0x00
2026-09-18T23:03:22.106+02:00,0x06F8,0x7B,0x72
2026-09-18T23:03:22.106+02:00,0x06F9,0x0C,0x14
2026-09-18T23:03:22.107+02:00,0x06FA,0x16,0x17
2026-09-18T23:03:22.108+02:00,0x070A,0xD2,0xD6
2026-09-18T23:03:22.113+02:00,0x075B,0x5A,0x5B
2026-09-18T23:03:22.113+02:00,0x075C,0x46,0x47
2026-09-18T23:03:22.529+02:00,0x043E,0x41,0x43
2026-09-18T23:03:22.530+02:00,0x0449,0x46,0x3F
2026-09-18T23:03:22.531+02:00,0x044C,0x74,0x73
2026-09-18T23:03:22.532+02:00,0x0460,0x05,0x06
2026-09-18T23:03:22.532+02:00,0x0461,0x60,0x64
2026-09-18T23:03:22.533+02:00,0x0465,0xAA,0xC3
2026-09-18T23:03:22.533+02:00,0x046D,0x79,0x89
2026-09-18T23:03:22.554+02:00,0x0566,0x84,0x89
2026-09-18T23:03:22.567+02:00,0x0602,0x68,0x67
2026-09-18T23:03:22.567+02:00,0x060C,0xBC,0xDC
2026-09-18T23:03:22.574+02:00,0x0670,0x60,0x64
2026-09-18T23:03:22.576+02:00,0x068D,0x08,0x04
2026-09-18T23:03:22.581+02:00,0x06CF,0x16,0x63
2026-09-18T23:03:22.581+02:00,0x06D6,0x06,0x01
2026-09-18T23:03:22.582+02:00,0x06E3,0x01,0x00
2026-09-18T23:03:22.582+02:00,0x06E4,0x00,0x0B
2026-09-18T23:03:22.584+02:00,0x06F8,0x72,0x79
2026-09-18T23:03:22.584+02:00,0x06F9,0x14,0x0C
2026-09-18T23:03:22.585+02:00,0x070A,0xD6,0xDB
2026-09-18T23:03:22.592+02:00,0x075B,0x5B,0x5D
2026-09-18T23:03:22.592+02:00,0x075C,0x47,0x49
2026-09-18T23:03:23.009+02:00,0x043E,0x43,0x48
2026-09-18T23:03:23.010+02:00,0x0449,0x3F,0x41
2026-09-18T23:03:23.010+02:00,0x044C,0x73,0x7E
2026-09-18T23:03:23.011+02:00,0x0460,0x06,0x07
2026-09-18T23:03:23.011+02:00,0x0461,0x64,0x6E
2026-09-18T23:03:23.016+02:00,0x04AD,0x2A,0x2B
2026-09-18T23:03:23.029+02:00,0x0566,0x89,0x8E
2026-09-18T23:03:23.039+02:00,0x0602,0x67,0x68
2026-09-18T23:03:23.041+02:00,0x060C,0xDC,0xD5
2026-09-18T23:03:23.048+02:00,0x0670,0x64,0x6E
2026-09-18T23:03:23.050+02:00,0x068D,0x04,0x00
2026-09-18T23:03:23.054+02:00,0x06CF,0x63,0x4B
2026-09-18T23:03:23.055+02:00,0x06D6,0x01,0x06
2026-09-18T23:03:23.056+02:00,0x06E4,0x0B,0x06
2026-09-18T23:03:23.057+02:00,0x06F8,0x79,0xB0
2026-09-18T23:03:23.057+02:00,0x06F9,0x0C,0x14
2026-09-18T23:03:23.057+02:00,0x06FA,0x17,0x18
2026-09-18T23:03:23.059+02:00,0x070A,0xDB,0xE0
2026-09-18T23:03:23.064+02:00,0x075B,0x5D,0x5E
2026-09-18T23:03:23.064+02:00,0x075C,0x49,0x4A
2026-09-18T23:03:23.485+02:00,0x043E,0x48,0x4B
2026-09-18T23:03:23.486+02:00,0x0449,0x41,0x42
2026-09-18T23:03:23.487+02:00,0x044C,0x7E,0x7A
2026-09-18T23:03:23.490+02:00,0x0464,0x0B,0x0C
2026-09-18T23:03:23.490+02:00,0x0465,0xC3,0x15
2026-09-18T23:03:23.491+02:00,0x046D,0x89,0xEE
2026-09-18T23:03:23.521+02:00,0x0566,0x8E,0x93
2026-09-18T23:03:23.532+02:00,0x0602,0x68,0x69
2026-09-18T23:03:23.533+02:00,0x060C,0xD5,0xD8
2026-09-18T23:03:23.540+02:00,0x0680,0x05,0x00
2026-09-18T23:03:23.542+02:00,0x068B,0x05,0x06
2026-09-18T23:03:23.542+02:00,0x068D,0x00,0x02
2026-09-18T23:03:23.547+02:00,0x06CF,0x4B,0x32
2026-09-18T23:03:23.548+02:00,0x06D6,0x06,0x01
2026-09-18T23:03:23.548+02:00,0x06E4,0x06,0x01
2026-09-18T23:03:23.549+02:00,0x06F8,0xB0,0x04
2026-09-18T23:03:23.549+02:00,0x06F9,0x14,0x0C
2026-09-18T23:03:23.550+02:00,0x070A,0xE0,0xE5
2026-09-18T23:03:23.556+02:00,0x075B,0x5E,0x60
2026-09-18T23:03:23.556+02:00,0x075C,0x4A,0x4C
2026-09-18T23:03:23.975+02:00,0x043E,0x4B,0x4C
2026-09-18T23:03:23.977+02:00,0x0449,0x42,0x3C
2026-09-18T23:03:23.977+02:00,0x044C,0x7A,0x75
2026-09-18T23:03:23.980+02:00,0x0460,0x07,0x08
2026-09-18T23:03:23.980+02:00,0x0461,0x6E,0x8C
2026-09-18T23:03:23.988+02:00,0x04AD,0x2B,0x2C
2026-09-18T23:03:24.009+02:00,0x0566,0x93,0x98
2026-09-18T23:03:24.029+02:00,0x0608,0x79,0x78
2026-09-18T23:03:24.029+02:00,0x060C,0xD8,0xCD
2026-09-18T23:03:24.041+02:00,0x0670,0x6E,0x8C
2026-09-18T23:03:24.042+02:00,0x0680,0x00,0x02
2026-09-18T23:03:24.044+02:00,0x068B,0x06,0x04
2026-09-18T23:03:24.044+02:00,0x068D,0x02,0x09
2026-09-18T23:03:24.051+02:00,0x06CF,0x32,0x19
2026-09-18T23:03:24.052+02:00,0x06D6,0x01,0x06
2026-09-18T23:03:24.053+02:00,0x06E3,0x00,0x01
2026-09-18T23:03:24.053+02:00,0x06E4,0x01,0x0B
2026-09-18T23:03:24.056+02:00,0x06F8,0x04,0xB0
2026-09-18T23:03:24.056+02:00,0x06F9,0x0C,0x14
2026-09-18T23:03:24.056+02:00,0x06FA,0x18,0x19
2026-09-18T23:03:24.058+02:00,0x070A,0xE5,0xEA
2026-09-18T23:03:24.067+02:00,0x075B,0x60,0x62
2026-09-18T23:03:24.067+02:00,0x075C,0x4C,0x62
2026-09-18T23:03:24.492+02:00,0x043E,0x4C,0x45
2026-09-18T23:03:24.493+02:00,0x0449,0x3C,0x27
2026-09-18T23:03:24.494+02:00,0x044C,0x75,0x4F
2026-09-18T23:03:24.495+02:00,0x0465,0x15,0x7A
2026-09-18T23:03:24.496+02:00,0x046C,0x09,0x0C
2026-09-18T23:03:24.496+02:00,0x046D,0xEE,0x22
2026-09-18T23:03:24.513+02:00,0x0566,0x98,0x9D
2026-09-18T23:03:24.526+02:00,0x0602,0x69,0x68
2026-09-18T23:03:24.527+02:00,0x060C,0xCD,0x9C
2026-09-18T23:03:24.540+02:00,0x0680,0x02,0x04
2026-09-18T23:03:24.541+02:00,0x068B,0x04,0x05
2026-09-18T23:03:24.541+02:00,0x068D,0x09,0x06
2026-09-18T23:03:24.548+02:00,0x06CF,0x19,0x00
2026-09-18T23:03:24.549+02:00,0x06D6,0x06,0x01
2026-09-18T23:03:24.551+02:00,0x06E4,0x0B,0x06
2026-09-18T23:03:24.553+02:00,0x06F8,0xB0,0xA8
2026-09-18T23:03:24.554+02:00,0x06F9,0x14,0x0C
2026-09-18T23:03:24.555+02:00,0x070A,0xEA,0xEF
2026-09-18T23:03:24.564+02:00,0x075B,0x62,0x63
2026-09-18T23:03:24.564+02:00,0x075C,0x62,0x63
2026-09-18T23:03:24.573+02:00,0x07A6,0x29,0x09
2026-09-18T23:03:24.989+02:00,0x043E,0x45,0x42
2026-09-18T23:03:24.990+02:00,0x0449,0x27,0x30
2026-09-18T23:03:24.990+02:00,0x044C,0x4F,0x58
2026-09-18T23:03:24.991+02:00,0x0460,0x08,0x07
2026-09-18T23:03:24.991+02:00,0x0461,0x8C,0x6E
2026-09-18T23:03:24.997+02:00,0x04AD,0x2C,0x2D
2026-09-18T23:03:25.010+02:00,0x0566,0x9D,0xA2
2026-09-18T23:03:25.019+02:00,0x0602,0x68,0x67
2026-09-18T23:03:25.020+02:00,0x0608,0x78,0x79
2026-09-18T23:03:25.020+02:00,0x060C,0x9C,0x95
2026-09-18T23:03:25.020+02:00,0x0610,0xEF,0xFF
2026-09-18T23:03:25.026+02:00,0x0670,0x8C,0x6E
2026-09-18T23:03:25.028+02:00,0x068D,0x06,0x01
2026-09-18T23:03:25.033+02:00,0x06CF,0x00,0x4D
2026-09-18T23:03:25.034+02:00,0x06D6,0x01,0x06
2026-09-18T23:03:25.035+02:00,0x06E4,0x06,0x01
2026-09-18T23:03:25.036+02:00,0x06F8,0xA8,0x6C
2026-09-18T23:03:25.036+02:00,0x06F9,0x0C,0x14
2026-09-18T23:03:25.036+02:00,0x06FA,0x19,0x1A
2026-09-18T23:03:25.037+02:00,0x070A,0xEF,0xF4
2026-09-18T23:03:25.042+02:00,0x075B,0x63,0x65
2026-09-18T23:03:25.043+02:00,0x075C,0x63,0x51
2026-09-18T23:03:25.470+02:00,0x0449,0x30,0x25
2026-09-18T23:03:25.470+02:00,0x044C,0x58,0x4C
2026-09-18T23:03:25.471+02:00,0x0465,0x7A,0xC3
2026-09-18T23:03:25.472+02:00,0x046C,0x0C,0x0B
2026-09-18T23:03:25.472+02:00,0x046D,0x22,0x91
2026-09-18T23:03:25.489+02:00,0x0566,0xA2,0xA6
2026-09-18T23:03:25.500+02:00,0x060C,0x95,0x87
2026-09-18T23:03:25.502+02:00,0x062E,0x04,0x03
2026-09-18T23:03:25.508+02:00,0x068D,0x01,0x00
2026-09-18T23:03:25.513+02:00,0x06CF,0x4D,0x35
2026-09-18T23:03:25.514+02:00,0x06D6,0x06,0x01
2026-09-18T23:03:25.515+02:00,0x06E3,0x01,0x00
2026-09-18T23:03:25.515+02:00,0x06E4,0x01,0x0B
2026-09-18T23:03:25.516+02:00,0x06F8,0x6C,0x63
2026-09-18T23:03:25.516+02:00,0x06F9,0x14,0x1B
2026-09-18T23:03:25.517+02:00,0x070A,0xF4,0xF9
2026-09-18T23:03:25.522+02:00,0x075B,0x65,0x67
2026-09-18T23:03:25.522+02:00,0x075C,0x51,0x53
2026-09-18T23:03:25.954+02:00,0x043E,0x42,0x3F
2026-09-18T23:03:25.954+02:00,0x0449,0x25,0x27
2026-09-18T23:03:25.955+02:00,0x044C,0x4C,0x53
2026-09-18T23:03:25.956+02:00,0x0460,0x07,0x05
2026-09-18T23:03:25.956+02:00,0x0461,0x6E,0x60
2026-09-18T23:03:25.962+02:00,0x04AD,0x2D,0x2E
2026-09-18T23:03:25.973+02:00,0x0566,0xA6,0xAB
2026-09-18T23:03:25.984+02:00,0x0602,0x67,0x68
2026-09-18T23:03:25.985+02:00,0x060C,0x87,0x81
2026-09-18T23:03:25.985+02:00,0x0610,0xFF,0xEF
2026-09-18T23:03:25.991+02:00,0x0670,0x6E,0x60
2026-09-18T23:03:25.993+02:00,0x068B,0x05,0x02
2026-09-18T23:03:25.993+02:00,0x068D,0x00,0x02
2026-09-18T23:03:25.999+02:00,0x06CF,0x35,0x1C
2026-09-18T23:03:25.999+02:00,0x06D6,0x01,0x07
2026-09-18T23:03:26.000+02:00,0x06E4,0x0B,0x06
2026-09-18T23:03:26.001+02:00,0x06F8,0x63,0xDA
2026-09-18T23:03:26.001+02:00,0x06F9,0x1B,0x03
2026-09-18T23:03:26.003+02:00,0x070A,0xF9,0xFD
2026-09-18T23:03:26.007+02:00,0x075B,0x67,0x66
2026-09-18T23:03:26.008+02:00,0x075C,0x53,0x52
2026-09-18T23:03:26.425+02:00,0x043E,0x3F,0x3E
2026-09-18T23:03:26.426+02:00,0x0449,0x27,0x28
2026-09-18T23:03:26.426+02:00,0x044C,0x53,0x50
2026-09-18T23:03:26.428+02:00,0x0464,0x0C,0x0D
2026-09-18T23:03:26.428+02:00,0x0465,0xC3,0x04
2026-09-18T23:03:26.429+02:00,0x046C,0x0B,0x0A
2026-09-18T23:03:26.429+02:00,0x046D,0x91,0xDA
2026-09-18T23:03:26.446+02:00,0x0566,0xAB,0xB0
2026-09-18T23:03:26.457+02:00,0x060C,0x81,0xA5
2026-09-18T23:03:26.457+02:00,0x0610,0xEF,0xDF
2026-09-18T23:03:26.466+02:00,0x068B,0x02,0x05
2026-09-18T23:03:26.466+02:00,0x068D,0x02,0x09
2026-09-18T23:03:26.470+02:00,0x06CF,0x1C,0x05
2026-09-18T23:03:26.471+02:00,0x06D6,0x07,0x02
2026-09-18T23:03:26.472+02:00,0x06E4,0x06,0x02
2026-09-18T23:03:26.472+02:00,0x06F8,0xDA,0x61
2026-09-18T23:03:26.472+02:00,0x06F9,0x03,0x1B
2026-09-18T23:03:26.472+02:00,0x06FA,0x1A,0x1B
2026-09-18T23:03:26.474+02:00,0x070A,0xFD,0x02
2026-09-18T23:03:26.480+02:00,0x075B,0x66,0x64
2026-09-18T23:03:26.480+02:00,0x075C,0x52,0x50
2026-09-18T23:03:26.896+02:00,0x0449,0x28,0x2A
2026-09-18T23:03:26.896+02:00,0x044C,0x50,0x51
2026-09-18T23:03:26.897+02:00,0x0460,0x05,0x04
2026-09-18T23:03:26.898+02:00,0x0461,0x60,0x5A
2026-09-18T23:03:26.902+02:00,0x04AD,0x2E,0x2F
2026-09-18T23:03:26.915+02:00,0x0566,0xB0,0xB5
2026-09-18T23:03:26.924+02:00,0x0602,0x68,0x67
2026-09-18T23:03:26.925+02:00,0x060C,0xA5,0x9F
2026-09-18T23:03:26.925+02:00,0x0610,0xDF,0xEF
2026-09-18T23:03:26.931+02:00,0x0670,0x60,0x5A
2026-09-18T23:03:26.933+02:00,0x068D,0x09,0x06
2026-09-18T23:03:26.937+02:00,0x06CF,0x05,0x52
2026-09-18T23:03:26.938+02:00,0x06D6,0x02,0x07
2026-09-18T23:03:26.939+02:00,0x06E3,0x00,0x01
2026-09-18T23:03:26.939+02:00,0x06E4,0x02,0x0C
2026-09-18T23:03:26.940+02:00,0x06F8,0x61,0x04
2026-09-18T23:03:26.940+02:00,0x06F9,0x1B,0x03
2026-09-18T23:03:26.941+02:00,0x070A,0x02,0x07
2026-09-18T23:03:26.946+02:00,0x075B,0x64,0x62
2026-09-18T23:03:26.946+02:00,0x075C,0x50,0x4E
2026-09-18T23:03:27.365+02:00,0x043E,0x3E,0x3C
2026-09-18T23:03:27.366+02:00,0x0449,0x2A,0x29
2026-09-18T23:03:27.367+02:00,0x044C,0x51,0x4B
2026-09-18T23:03:27.369+02:00,0x0464,0x0D,0x0C
2026-09-18T23:03:27.369+02:00,0x0465,0x04,0xA5
2026-09-18T23:03:27.370+02:00,0x046D,0xDA,0x66
2026-09-18T23:03:27.398+02:00,0x0566,0xB5,0xBA
2026-09-18T23:03:27.410+02:00,0x0602,0x67,0x69
2026-09-18T23:03:27.411+02:00,0x060C,0x9F,0xA8
2026-09-18T23:03:27.419+02:00,0x068D,0x06,0x01
2026-09-18T23:03:27.423+02:00,0x06CF,0x52,0x3A
2026-09-18T23:03:27.424+02:00,0x06D6,0x07,0x02
2026-09-18T23:03:27.425+02:00,0x06E4,0x0C,0x07
2026-09-18T23:03:27.426+02:00,0x06F8,0x04,0xAC
2026-09-18T23:03:27.426+02:00,0x06F9,0x03,0x1B
2026-09-18T23:03:27.426+02:00,0x06FA,0x1B,0x1C
2026-09-18T23:03:27.427+02:00,0x070A,0x07,0x0C
2026-09-18T23:03:27.434+02:00,0x075B,0x62,0x60
2026-09-18T23:03:27.434+02:00,0x075C,0x4E,0x4C
2026-09-18T23:03:27.852+02:00,0x0449,0x29,0x23
2026-09-18T23:03:27.853+02:00,0x044C,0x4B,0x44
2026-09-18T23:03:27.865+02:00,0x04AD,0x2F,0x30
2026-09-18T23:03:27.885+02:00,0x0566,0xBA,0xBF
2026-09-18T23:03:27.901+02:00,0x0602,0x69,0x68
2026-09-18T23:03:27.902+02:00,0x060C,0xA8,0xA7
2026-09-18T23:03:27.915+02:00,0x0680,0x04,0x05
2026-09-18T23:03:27.916+02:00,0x068D,0x01,0x03
2026-09-18T23:03:27.917+02:00,0x0694,0x00,0x02
2026-09-18T23:03:27.923+02:00,0x06CF,0x3A,0x21
2026-09-18T23:03:27.924+02:00,0x06D6,0x02,0x07
2026-09-18T23:03:27.925+02:00,0x06E4,0x07,0x02
2026-09-18T23:03:27.927+02:00,0x06F8,0xAC,0x74
2026-09-18T23:03:27.927+02:00,0x06F9,0x1B,0x03
2026-09-18T23:03:27.929+02:00,0x070A,0x0C,0x11
2026-09-18T23:03:27.937+02:00,0x075B,0x60,0x5F
2026-09-18T23:03:27.938+02:00,0x075C,0x4C,0x4B
2026-09-18T23:03:28.365+02:00,0x043E,0x3C,0x3B
2026-09-18T23:03:28.366+02:00,0x044C,0x44,0x46
2026-09-18T23:03:28.367+02:00,0x0460,0x04,0x03
2026-09-18T23:03:28.367+02:00,0x0461,0x5A,0x46
2026-09-18T23:03:28.367+02:00,0x0465,0xA5,0x3E
2026-09-18T23:03:28.368+02:00,0x046D,0x66,0x0D
2026-09-18T23:03:28.386+02:00,0x0566,0xBF,0xC4
2026-09-18T23:03:28.405+02:00,0x060C,0xA7,0x92
2026-09-18T23:03:28.416+02:00,0x0670,0x5A,0x46
2026-09-18T23:03:28.418+02:00,0x0680,0x05,0x00
2026-09-18T23:03:28.421+02:00,0x068D,0x03,0x01
2026-09-18T23:03:28.421+02:00,0x0694,0x02,0x00
2026-09-18T23:03:28.428+02:00,0x06CF,0x21,0x07
2026-09-18T23:03:28.428+02:00,0x06D6,0x07,0x02
2026-09-18T23:03:28.430+02:00,0x06E3,0x01,0x00
2026-09-18T23:03:28.430+02:00,0x06E4,0x02,0x0C
2026-09-18T23:03:28.432+02:00,0x06F8,0x74,0xDC
2026-09-18T23:03:28.432+02:00,0x06F9,0x03,0x1B
2026-09-18T23:03:28.432+02:00,0x06FA,0x1C,0x1D
2026-09-18T23:03:28.434+02:00,0x070A,0x11,0x16
2026-09-18T23:03:28.442+02:00,0x075B,0x5F,0x5D
2026-09-18T23:03:28.442+02:00,0x075C,0x4B,0x5D
2026-09-18T23:03:28.866+02:00,0x043E,0x3B,0x3D
2026-09-18T23:03:28.866+02:00,0x044C,0x46,0x4A
2026-09-18T23:03:28.873+02:00,0x04AD,0x30,0x31
2026-09-18T23:03:28.884+02:00,0x0566,0xC4,0xC9
2026-09-18T23:03:28.893+02:00,0x0602,0x68,0x69
2026-09-18T23:03:28.894+02:00,0x060C,0x92,0x83
2026-09-18T23:03:28.894+02:00,0x0610,0xEF,0xFF
2026-09-18T23:03:28.896+02:00,0x062E,0x03,0x02
2026-09-18T23:03:28.902+02:00,0x068B,0x05,0x01
2026-09-18T23:03:28.902+02:00,0x068D,0x01,0x02
2026-09-18T23:03:28.906+02:00,0x06CF,0x07,0x54
2026-09-18T23:03:28.907+02:00,0x06D6,0x02,0x07
2026-09-18T23:03:28.908+02:00,0x06E4,0x0C,0x07
2026-09-18T23:03:28.909+02:00,0x06F8,0xDC,0x63
2026-09-18T23:03:28.909+02:00,0x06F9,0x1B,0x02
2026-09-18T23:03:28.910+02:00,0x070A,0x16,0x1B
2026-09-18T23:03:28.915+02:00,0x075B,0x5D,0x5B
2026-09-18T23:03:28.915+02:00,0x075C,0x5D,0x5B
2026-09-18T23:03:29.338+02:00,0x043E,0x3D,0x3C
2026-09-18T23:03:29.339+02:00,0x0449,0x23,0x24
2026-09-18T23:03:29.339+02:00,0x044C,0x4A,0x4D
2026-09-18T23:03:29.340+02:00,0x0464,0x0C,0x0B
2026-09-18T23:03:29.341+02:00,0x0465,0x3E,0xE1
2026-09-18T23:03:29.341+02:00,0x046C,0x0A,0x0B
2026-09-18T23:03:29.341+02:00,0x046D,0x0D,0xDC
2026-09-18T23:03:29.356+02:00,0x0566,0xC9,0xCD
2026-09-18T23:03:29.368+02:00,0x060C,0x83,0x7B
2026-09-18T23:03:29.368+02:00,0x0610,0xFF,0xEF
2026-09-18T23:03:29.376+02:00,0x068B,0x01,0x04
2026-09-18T23:03:29.376+02:00,0x068D,0x02,0x09
2026-09-18T23:03:29.380+02:00,0x06CF,0x54,0x3D
2026-09-18T23:03:29.380+02:00,0x06D6,0x07,0x03
2026-09-18T23:03:29.381+02:00,0x06E4,0x07,0x02
2026-09-18T23:03:29.383+02:00,0x06F8,0x63,0xAA
2026-09-18T23:03:29.383+02:00,0x06F9,0x02,0x1A
2026-09-18T23:03:29.383+02:00,0x06FA,0x1D,0x1E
2026-09-18T23:03:29.384+02:00,0x070A,0x1B,0x1F
2026-09-18T23:03:29.389+02:00,0x075B,0x5B,0x5A
2026-09-18T23:03:29.389+02:00,0x075C,0x5B,0x5A
2026-09-18T23:03:29.807+02:00,0x0449,0x24,0x26
2026-09-18T23:03:29.813+02:00,0x04AD,0x31,0x32
2026-09-18T23:03:29.826+02:00,0x0566,0xCD,0xD2
2026-09-18T23:03:29.836+02:00,0x0602,0x69,0x67
2026-09-18T23:03:29.836+02:00,0x060C,0x7B,0x91
2026-09-18T23:03:29.844+02:00,0x068B,0x04,0x05
2026-09-18T23:03:29.844+02:00,0x068D,0x09,0x07
2026-09-18T23:03:29.849+02:00,0x06CF,0x3D,0x25
2026-09-18T23:03:29.849+02:00,0x06D6,0x03,0x08
2026-09-18T23:03:29.850+02:00,0x06E3,0x00,0x01
2026-09-18T23:03:29.850+02:00,0x06E4,0x02,0x0D
2026-09-18T23:03:29.851+02:00,0x06F8,0xAA,0xC0
2026-09-18T23:03:29.851+02:00,0x06F9,0x1A,0x02
2026-09-18T23:03:29.852+02:00,0x070A,0x1F,0x24
2026-09-18T23:03:29.857+02:00,0x075B,0x5A,0x58
2026-09-18T23:03:29.858+02:00,0x075C,0x5A,0x58
2026-09-18T23:03:30.277+02:00,0x043E,0x3C,0x3D
2026-09-18T23:03:30.278+02:00,0x0449,0x26,0x29
2026-09-18T23:03:30.280+02:00,0x0465,0xE1,0x75
2026-09-18T23:03:30.280+02:00,0x046D,0xDC,0x9A
2026-09-18T23:03:30.297+02:00,0x0566,0xD2,0xD7
2026-09-18T23:03:30.307+02:00,0x060C,0x91,0x9A
2026-09-18T23:03:30.314+02:00,0x0680,0x00,0x05
2026-09-18T23:03:30.315+02:00,0x068D,0x07,0x03
2026-09-18T23:03:30.319+02:00,0x06CF,0x25,0x0E
2026-09-18T23:03:30.321+02:00,0x06D6,0x08,0x03
2026-09-18T23:03:30.322+02:00,0x06E4,0x0D,0x08
2026-09-18T23:03:30.323+02:00,0x06F8,0xC0,0x74
2026-09-18T23:03:30.323+02:00,0x06F9,0x02,0x1A
2026-09-18T23:03:30.323+02:00,0x06FA,0x1E,0x1F
2026-09-18T23:03:30.324+02:00,0x070A,0x24,0x29
2026-09-18T23:03:30.329+02:00,0x075B,0x58,0x57
2026-09-18T23:03:30.329+02:00,0x075C,0x58,0x57
2026-09-18T23:03:30.746+02:00,0x043E,0x3D,0x3C
2026-09-18T23:03:30.746+02:00,0x0449,0x29,0x37
2026-09-18T23:03:30.747+02:00,0x044C,0x4D,0x64
2026-09-18T23:03:30.754+02:00,0x04AD,0x32,0x33
2026-09-18T23:03:30.768+02:00,0x0566,0xD7,0xDB
2026-09-18T23:03:30.779+02:00,0x060C,0x9A,0x96
2026-09-18T23:03:30.781+02:00,0x062E,0x02,0x01
2026-09-18T23:03:30.787+02:00,0x068D,0x03,0x02
2026-09-18T23:03:30.792+02:00,0x06CF,0x0E,0x5B
2026-09-18T23:03:30.792+02:00,0x06D6,0x03,0x09
2026-09-18T23:03:30.793+02:00,0x06E4,0x08,0x03
2026-09-18T23:03:30.795+02:00,0x06F8,0x74,0xBB
2026-09-18T23:03:30.795+02:00,0x06F9,0x1A,0x01
2026-09-18T23:03:30.796+02:00,0x070A,0x29,0x2E
2026-09-18T23:03:30.801+02:00,0x075B,0x57,0x55
2026-09-18T23:03:30.801+02:00,0x075C,0x57,0x55
2026-09-18T23:03:31.221+02:00,0x0449,0x37,0x2D
2026-09-18T23:03:31.221+02:00,0x044C,0x64,0x4C
2026-09-18T23:03:31.224+02:00,0x0465,0x75,0x15
2026-09-18T23:03:31.224+02:00,0x046D,0x9A,0x3B
2026-09-18T23:03:31.252+02:00,0x0566,0xDB,0xE0
2026-09-18T23:03:31.269+02:00,0x0602,0x67,0x69
2026-09-18T23:03:31.271+02:00,0x060C,0x96,0xB6
2026-09-18T23:03:31.283+02:00,0x0680,0x05,0x00
2026-09-18T23:03:31.284+02:00,0x068B,0x05,0x01
2026-09-18T23:03:31.292+02:00,0x06CF,0x5B,0x42
2026-09-18T23:03:31.293+02:00,0x06D6,0x09,0x03
2026-09-18T23:03:31.294+02:00,0x06E3,0x01,0x00
2026-09-18T23:03:31.295+02:00,0x06E4,0x03,0x0D
2026-09-18T23:03:31.297+02:00,0x06F8,0xBB,0xA3
2026-09-18T23:03:31.297+02:00,0x06F9,0x01,0x19
2026-09-18T23:03:31.297+02:00,0x06FA,0x1F,0x20
2026-09-18T23:03:31.298+02:00,0x070A,0x2E,0x33
2026-09-18T23:03:31.303+02:00,0x075B,0x55,0x53
2026-09-18T23:03:31.303+02:00,0x075C,0x55,0x53
2026-09-18T23:03:31.722+02:00,0x043E,0x3C,0x3D
2026-09-18T23:03:31.723+02:00,0x0449,0x2D,0x23
2026-09-18T23:03:31.724+02:00,0x044C,0x4C,0x45
2026-09-18T23:03:31.734+02:00,0x04AD,0x33,0x34
2026-09-18T23:03:31.754+02:00,0x0566,0xE0,0xE5
2026-09-18T23:03:31.771+02:00,0x0602,0x69,0x67
2026-09-18T23:03:31.772+02:00,0x060C,0xB6,0xB7
2026-09-18T23:03:31.786+02:00,0x0680,0x00,0x02
2026-09-18T23:03:31.787+02:00,0x068B,0x01,0x05
2026-09-18T23:03:31.788+02:00,0x068D,0x02,0x09
2026-09-18T23:03:31.794+02:00,0x06CF,0x42,0x29
2026-09-18T23:03:31.795+02:00,0x06D6,0x03,0x08
2026-09-18T23:03:31.797+02:00,0x06E4,0x0D,0x08
2026-09-18T23:03:31.799+02:00,0x06F8,0xA3,0x7B
2026-09-18T23:03:31.799+02:00,0x06F9,0x19,0x01
2026-09-18T23:03:31.800+02:00,0x070A,0x33,0x38
2026-09-18T23:03:31.809+02:00,0x075B,0x53,0x52
2026-09-18T23:03:31.809+02:00,0x075C,0x53,0x52
2026-09-18T23:03:32.235+02:00,0x043E,0x3D,0x3B
2026-09-18T23:03:32.238+02:00,0x0464,0x0B,0x0A
2026-09-18T23:03:32.238+02:00,0x0465,0x15,0xB0
2026-09-18T23:03:32.238+02:00,0x046C,0x0B,0x0A
2026-09-18T23:03:32.239+02:00,0x046D,0x3B,0xCF
2026-09-18T23:03:32.254+02:00,0x0566,0xE5,0xEA
2026-09-18T23:03:32.265+02:00,0x060C,0xB7,0x8D
2026-09-18T23:03:32.273+02:00,0x068D,0x09,0x05
2026-09-18T23:03:32.277+02:00,0x06CF,0x29,0x10
2026-09-18T23:03:32.278+02:00,0x06D6,0x08,0x04
2026-09-18T23:03:32.279+02:00,0x06E4,0x08,0x03
2026-09-18T23:03:32.280+02:00,0x06F8,0x7B,0xC2
2026-09-18T23:03:32.280+02:00,0x06F9,0x01,0x19
2026-09-18T23:03:32.280+02:00,0x06FA,0x20,0x21
2026-09-18T23:03:32.281+02:00,0x070A,0x38,0x3C
2026-09-18T23:03:32.290+02:00,0x075B,0x52,0x50
2026-09-18T23:03:32.290+02:00,0x075C,0x52,0x50
2026-09-18T23:03:32.717+02:00,0x0449,0x23,0x29
2026-09-18T23:03:32.717+02:00,0x044C,0x45,0x4D
2026-09-18T23:03:32.723+02:00,0x04AD,0x34,0x35
2026-09-18T23:03:32.735+02:00,0x0566,0xEA,0xEF
2026-09-18T23:03:32.745+02:00,0x060C,0x8D,0x95
2026-09-18T23:03:32.754+02:00,0x0680,0x02,0x04
2026-09-18T23:03:32.755+02:00,0x068D,0x05,0x08
2026-09-18T23:03:32.755+02:00,0x0694,0x00,0x02
2026-09-18T23:03:32.759+02:00,0x06CF,0x10,0x5D
2026-09-18T23:03:32.759+02:00,0x06D6,0x04,0x09
2026-09-18T23:03:32.760+02:00,0x06E3,0x00,0x01
2026-09-18T23:03:32.760+02:00,0x06E4,0x03,0x0E
2026-09-18T23:03:32.761+02:00,0x06F8,0xC2,0xC9
2026-09-18T23:03:32.762+02:00,0x06F9,0x19,0x01
2026-09-18T23:03:32.763+02:00,0x070A,0x3C,0x41
2026-09-18T23:03:32.768+02:00,0x075B,0x50,0x4F
2026-09-18T23:03:32.768+02:00,0x075C,0x50,0x4F
2026-09-18T23:03:33.188+02:00,0x0449,0x29,0x25
2026-09-18T23:03:33.188+02:00,0x044C,0x4D,0x51
2026-09-18T23:03:33.190+02:00,0x0465,0xB0,0x52
2026-09-18T23:03:33.190+02:00,0x046D,0xCF,0x66
2026-09-18T23:03:33.207+02:00,0x0566,0xEF,0xF4
2026-09-18T23:03:33.217+02:00,0x0602,0x67,0x68
2026-09-18T23:03:33.218+02:00,0x060C,0x95,0x8E
2026-09-18T23:03:33.225+02:00,0x0680,0x04,0x02
2026-09-18T23:03:33.226+02:00,0x068B,0x05,0x04
2026-09-18T23:03:33.226+02:00,0x068C,0x00,0x86
2026-09-18T23:03:33.226+02:00,0x068D,0x08,0x09
2026-09-18T23:03:33.230+02:00,0x06CF,0x5D,0x46
2026-09-18T23:03:33.230+02:00,0x06D6,0x09,0x04
2026-09-18T23:03:33.231+02:00,0x06E4,0x0E,0x09
2026-09-18T23:03:33.232+02:00,0x06F8,0xC9,0x70
2026-09-18T23:03:33.233+02:00,0x06F9,0x01,0x19
2026-09-18T23:03:33.233+02:00,0x06FA,0x21,0x22
2026-09-18T23:03:33.234+02:00,0x070A,0x41,0x46
2026-09-18T23:03:33.240+02:00,0x075B,0x4F,0x4D
2026-09-18T23:03:33.240+02:00,0x075C,0x4F,0x4D
2026-09-18T23:03:33.670+02:00,0x0449,0x25,0x28
2026-09-18T23:03:33.671+02:00,0x044C,0x51,0x50
2026-09-18T23:03:33.686+02:00,0x04AD,0x35,0x36
2026-09-18T23:03:33.704+02:00,0x0566,0xF4,0xF9
2026-09-18T23:03:33.715+02:00,0x0602,0x68,0x69
2026-09-18T23:03:33.716+02:00,0x060C,0x8E,0x87
2026-09-18T23:03:33.716+02:00,0x0610,0xEF,0xFF
2026-09-18T23:03:33.723+02:00,0x0680,0x02,0x04
2026-09-18T23:03:33.724+02:00,0x068C,0x86,0x84
2026-09-18T23:03:33.728+02:00,0x06CF,0x46,0x2D
2026-09-18T23:03:33.728+02:00,0x06D6,0x04,0x09
2026-09-18T23:03:33.729+02:00,0x06E4,0x09,0x04
2026-09-18T23:03:33.730+02:00,0x06F8,0x70,0x68
2026-09-18T23:03:33.730+02:00,0x06F9,0x19,0x01
2026-09-18T23:03:33.732+02:00,0x070A,0x46,0x4B
2026-09-18T23:03:33.738+02:00,0x075B,0x4D,0x4B
2026-09-18T23:03:33.738+02:00,0x075C,0x4D,0x4B
2026-09-18T23:03:34.160+02:00,0x0449,0x28,0x30
2026-09-18T23:03:34.160+02:00,0x044C,0x50,0x58
2026-09-18T23:03:34.162+02:00,0x0464,0x0A,0x09
2026-09-18T23:03:34.162+02:00,0x0465,0x52,0xEE
2026-09-18T23:03:34.163+02:00,0x046D,0x66,0x0D
2026-09-18T23:03:34.179+02:00,0x0566,0xF9,0xFE
2026-09-18T23:03:34.188+02:00,0x0602,0x69,0x67
2026-09-18T23:03:34.190+02:00,0x060C,0x87,0x95
2026-09-18T23:03:34.190+02:00,0x0610,0xFF,0xEF
2026-09-18T23:03:34.198+02:00,0x068B,0x04,0x05
2026-09-18T23:03:34.198+02:00,0x068C,0x84,0x00
2026-09-18T23:03:34.199+02:00,0x0694,0x02,0x00
2026-09-18T23:03:34.202+02:00,0x06CF,0x2D,0x15
2026-09-18T23:03:34.203+02:00,0x06D6,0x09,0x04
2026-09-18T23:03:34.203+02:00,0x06E3,0x01,0x00
2026-09-18T23:03:34.203+02:00,0x06E4,0x04,0x0E
2026-09-18T23:03:34.205+02:00,0x06F8,0x68,0xAC
2026-09-18T23:03:34.205+02:00,0x06F9,0x01,0x19
2026-09-18T23:03:34.205+02:00,0x06FA,0x22,0x23
2026-09-18T23:03:34.206+02:00,0x070A,0x4B,0x50
2026-09-18T23:03:34.211+02:00,0x075B,0x4B,0x4A
2026-09-18T23:03:34.211+02:00,0x075C,0x4B,0x4A
2026-09-18T23:03:34.626+02:00,0x043E,0x3B,0x3D
2026-09-18T23:03:34.627+02:00,0x0449,0x30,0x38
2026-09-18T23:03:34.634+02:00,0x04AD,0x36,0x37
2026-09-18T23:03:34.648+02:00,0x0566,0xFE,0x02
2026-09-18T23:03:34.658+02:00,0x0602,0x67,0x69
2026-09-18T23:03:34.659+02:00,0x060C,0x95,0xAF
2026-09-18T23:03:34.662+02:00,0x062E,0x01,0x00
2026-09-18T23:03:34.667+02:00,0x0680,0x04,0x02
2026-09-18T23:03:34.668+02:00,0x068D,0x09,0x06
2026-09-18T23:03:34.672+02:00,0x06CF,0x15,0x62
2026-09-18T23:03:34.673+02:00,0x06D6,0x04,0x00
2026-09-18T23:03:34.674+02:00,0x06E4,0x0E,0x09
2026-09-18T23:03:34.675+02:00,0x06F8,0xAC,0xC2
2026-09-18T23:03:34.675+02:00,0x06F9,0x19,0x00
2026-09-18T23:03:34.676+02:00,0x070A,0x50,0x54
2026-09-18T23:03:34.682+02:00,0x075B,0x4A,0x48
2026-09-18T23:03:34.682+02:00,0x075C,0x4A,0x48
2026-09-18T23:03:35.100+02:00,0x043E,0x3D,0x3C
2026-09-18T23:03:35.101+02:00,0x0449,0x38,0x32
2026-09-18T23:03:35.101+02:00,0x044C,0x58,0x54
2026-09-18T23:03:35.104+02:00,0x0465,0xEE,0x8C
2026-09-18T23:03:35.132+02:00,0x0566,0x02,0x07
2026-09-18T23:03:35.144+02:00,0x0602,0x69,0x68
2026-09-18T23:03:35.144+02:00,0x060C,0xAF,0xA8
2026-09-18T23:03:35.152+02:00,0x0680,0x02,0x04
2026-09-18T23:03:35.153+02:00,0x068D,0x06,0x01
2026-09-18T23:03:35.157+02:00,0x06CF,0x62,0x4A
2026-09-18T23:03:35.157+02:00,0x06D6,0x00,0x05
2026-09-18T23:03:35.158+02:00,0x06E4,0x09,0x05
2026-09-18T23:03:35.160+02:00,0x06F8,0xC2,0x09
2026-09-18T23:03:35.160+02:00,0x06F9,0x00,0x18
2026-09-18T23:03:35.160+02:00,0x06FA,0x23,0x24
2026-09-18T23:03:35.162+02:00,0x070A,0x54,0x59
2026-09-18T23:03:35.167+02:00,0x075B,0x48,0x47
2026-09-18T23:03:35.167+02:00,0x075C,0x48,0x47
2026-09-18T23:03:35.590+02:00,0x043E,0x3C,0x3B
2026-09-18T23:03:35.592+02:00,0x0449,0x32,0x2A
2026-09-18T23:03:35.592+02:00,0x044C,0x54,0x4B
2026-09-18T23:03:35.595+02:00,0x046C,0x0A,0x09
2026-09-18T23:03:35.595+02:00,0x046D,0x0D,0xAE
2026-09-18T23:03:35.603+02:00,0x04AD,0x37,0x38
2026-09-18T23:03:35.623+02:00,0x0566,0x07,0x0C
2026-09-18T23:03:35.639+02:00,0x0602,0x68,0x69
2026-09-18T23:03:35.640+02:00,0x060C,0xA8,0xB2
2026-09-18T23:03:35.653+02:00,0x0680,0x04,0x05
2026-09-18T23:03:35.654+02:00,0x068B,0x05,0x06
2026-09-18T23:03:35.654+02:00,0x068D,0x01,0x02
2026-09-18T23:03:35.662+02:00,0x06CF,0x4A,0x31
2026-09-18T23:03:35.662+02:00,0x06D6,0x05,0x00
2026-09-18T23:03:35.663+02:00,0x06E3,0x00,0x01
2026-09-18T23:03:35.664+02:00,0x06E4,0x05,0x0E
2026-09-18T23:03:35.666+02:00,0x06F8,0x09,0x72
2026-09-18T23:03:35.666+02:00,0x06F9,0x18,0x00
2026-09-18T23:03:35.668+02:00,0x070A,0x59,0x5A
2026-09-18T23:03:35.676+02:00,0x075B,0x47,0x46
2026-09-18T23:03:35.676+02:00,0x075C,0x47,0x46
2026-09-18T23:03:36.101+02:00,0x043E,0x3B,0x3C
2026-09-18T23:03:36.101+02:00,0x0449,0x2A,0x23
2026-09-18T23:03:36.101+02:00,0x044C,0x4B,0x45
2026-09-18T23:03:36.103+02:00,0x0465,0x8C,0x4E
2026-09-18T23:03:36.120+02:00,0x0566,0x0C,0x11
2026-09-18T23:03:36.134+02:00,0x060C,0xB2,0x89
2026-09-18T23:03:36.147+02:00,0x0680,0x05,0x00
2026-09-18T23:03:36.149+02:00,0x068B,0x06,0x02
2026-09-18T23:03:36.149+02:00,0x068D,0x02,0x00
2026-09-18T23:03:36.156+02:00,0x06CF,0x31,0x18
2026-09-18T23:03:36.157+02:00,0x06D6,0x00,0x05
2026-09-18T23:03:36.158+02:00,0x06E4,0x0E,0x09
2026-09-18T23:03:36.161+02:00,0x06F8,0x72,0xAA
2026-09-18T23:03:36.162+02:00,0x06F9,0x00,0x18
2026-09-18T23:03:36.162+02:00,0x06FA,0x24,0x25
2026-09-18T23:03:36.604+02:00,0x043E,0x3C,0x3B
2026-09-18T23:03:36.606+02:00,0x0449,0x23,0x25
2026-09-18T23:03:36.606+02:00,0x044C,0x45,0x4F
2026-09-18T23:03:36.611+02:00,0x046D,0xAE,0x7C
2026-09-18T23:03:36.617+02:00,0x04AD,0x38,0x39
2026-09-18T23:03:36.632+02:00,0x0566,0x11,0x16
2026-09-18T23:03:36.642+02:00,0x0602,0x69,0x66
2026-09-18T23:03:36.643+02:00,0x060C,0x89,0x8E
2026-09-18T23:03:36.651+02:00,0x0680,0x00,0x02
2026-09-18T23:03:36.652+02:00,0x068B,0x02,0x05
2026-09-18T23:03:36.652+02:00,0x068D,0x00,0x06
2026-09-18T23:03:36.657+02:00,0x06CE,0x05,0x64
2026-09-18T23:03:36.657+02:00,0x06CF,0x18,0x64
2026-09-18T23:03:36.658+02:00,0x06D6,0x05,0x00
2026-09-18T23:03:36.659+02:00,0x06E4,0x09,0x04
2026-09-18T23:03:36.660+02:00,0x06F8,0xAA,0xB2
2026-09-18T23:03:36.660+02:00,0x06F9,0x18,0x00
2026-09-18T23:03:37.092+02:00,0x043E,0x3B,0x3C
2026-09-18T23:03:37.095+02:00,0x0449,0x25,0x2A
2026-09-18T23:03:37.095+02:00,0x044C,0x4F,0x50
2026-09-18T23:03:37.099+02:00,0x0465,0x4E,0x51
2026-09-18T23:03:37.124+02:00,0x0566,0x16,0x1B
2026-09-18T23:03:37.135+02:00,0x0602,0x66,0x67
2026-09-18T23:03:37.135+02:00,0x060C,0x8E,0x8C
2026-09-18T23:03:37.143+02:00,0x0680,0x02,0x04
2026-09-18T23:03:37.145+02:00,0x068D,0x06,0x02
2026-09-18T23:03:37.150+02:00,0x06CE,0x64,0x05
2026-09-18T23:03:37.150+02:00,0x06CF,0x64,0x4B
2026-09-18T23:03:37.150+02:00,0x06D6,0x00,0x05
2026-09-18T23:03:37.150+02:00,0x06E4,0x04,0x00
2026-09-18T23:03:37.153+02:00,0x06F8,0xB2,0x09
2026-09-18T23:03:37.153+02:00,0x06F9,0x00,0x18
2026-09-18T23:03:37.153+02:00,0x06FA,0x25,0x26
2026-09-18T23:03:37.576+02:00,0x043E,0x3C,0x3D
2026-09-18T23:03:37.577+02:00,0x0449,0x2A,0x38
2026-09-18T23:03:37.577+02:00,0x044C,0x50,0x63
2026-09-18T23:03:37.580+02:00,0x046D,0x7C,0x79
2026-09-18T23:03:37.599+02:00,0x0566,0x1B,0x20
2026-09-18T23:03:37.610+02:00,0x0602,0x67,0x68
2026-09-18T23:03:37.610+02:00,0x060C,0x8C,0xCA
2026-09-18T23:03:37.618+02:00,0x0680,0x04,0x02
2026-09-18T23:03:37.619+02:00,0x068D,0x02,0x01
2026-09-18T23:03:37.625+02:00,0x06CF,0x4B,0x33
2026-09-18T23:03:37.625+02:00,0x06D6,0x05,0x00
2026-09-18T23:03:37.627+02:00,0x06E3,0x01,0x00
2026-09-18T23:03:37.627+02:00,0x06E4,0x00,0x0A
2026-09-18T23:03:37.629+02:00,0x06F8,0x09,0xC0
2026-09-18T23:03:37.629+02:00,0x06F9,0x18,0x00
2026-09-18T23:03:38.054+02:00,0x043E,0x3D,0x3F
2026-09-18T23:03:38.055+02:00,0x044C,0x63,0x66
2026-09-18T23:03:38.056+02:00,0x0460,0x03,0x04
2026-09-18T23:03:38.057+02:00,0x0461,0x46,0x5A
2026-09-18T23:03:38.057+02:00,0x0465,0x51,0x56
2026-09-18T23:03:38.062+02:00,0x04AD,0x39,0x3A
2026-09-18T23:03:38.075+02:00,0x0566,0x20,0x25
2026-09-18T23:03:38.087+02:00,0x0602,0x68,0x67
2026-09-18T23:03:38.088+02:00,0x060C,0xCA,0xC8
2026-09-18T23:03:38.096+02:00,0x0670,0x46,0x5A
2026-09-18T23:03:38.098+02:00,0x0680,0x02,0x04
2026-09-18T23:03:38.099+02:00,0x068B,0x05,0x01
2026-09-18T23:03:38.099+02:00,0x068D,0x01,0x02
2026-09-18T23:03:38.104+02:00,0x06CF,0x33,0x1B
2026-09-18T23:03:38.105+02:00,0x06D6,0x00,0x05
2026-09-18T23:03:38.106+02:00,0x06E4,0x0A,0x05
2026-09-18T23:03:38.107+02:00,0x06F8,0xC0,0xC4
2026-09-18T23:03:38.107+02:00,0x06F9,0x00,0x18
2026-09-18T23:03:38.108+02:00,0x06FA,0x26,0x27
2026-09-18T23:03:38.109+02:00,0x070A,0x5A,0x5E
2026-09-18T23:03:38.114+02:00,0x075B,0x46,0x47
2026-09-18T23:03:38.114+02:00,0x075C,0x46,0x33
2026-09-18T23:03:38.529+02:00,0x043E,0x3F,0x41
2026-09-18T23:03:38.530+02:00,0x0449,0x38,0x3C
2026-09-18T23:03:38.530+02:00,0x044C,0x66,0x74
2026-09-18T23:03:38.531+02:00,0x0460,0x04,0x05
2026-09-18T23:03:38.531+02:00,0x0461,0x5A,0x60
2026-09-18T23:03:38.533+02:00,0x046C,0x09,0x07
2026-09-18T23:03:38.533+02:00,0x046D,0x79,0xC6
2026-09-18T23:03:38.549+02:00,0x0566,0x25,0x29
2026-09-18T23:03:38.559+02:00,0x0602,0x67,0x68
2026-09-18T23:03:38.560+02:00,0x060C,0xC8,0xC6
2026-09-18T23:03:38.562+02:00,0x062E,0x00,0x04
2026-09-18T23:03:38.566+02:00,0x0670,0x5A,0x60
2026-09-18T23:03:38.568+02:00,0x0680,0x04,0x02
2026-09-18T23:03:38.568+02:00,0x068B,0x01,0x04
2026-09-18T23:03:38.568+02:00,0x068D,0x02,0x09
2026-09-18T23:03:38.572+02:00,0x06CF,0x1B,0x04
2026-09-18T23:03:38.573+02:00,0x06D6,0x05,0x00
2026-09-18T23:03:38.574+02:00,0x06E4,0x05,0x00
2026-09-18T23:03:38.575+02:00,0x06F8,0xC4,0xBB
2026-09-18T23:03:38.575+02:00,0x06F9,0x18,0x0C
2026-09-18T23:03:38.576+02:00,0x070A,0x5E,0x63
2026-09-18T23:03:38.581+02:00,0x075B,0x47,0x49
2026-09-18T23:03:38.581+02:00,0x075C,0x33,0x35
2026-09-18T23:03:39.002+02:00,0x043E,0x41,0x4A
2026-09-18T23:03:39.003+02:00,0x0449,0x3C,0x46
2026-09-18T23:03:39.003+02:00,0x044C,0x74,0x7F
2026-09-18T23:03:39.006+02:00,0x0460,0x05,0x07
2026-09-18T23:03:39.006+02:00,0x0461,0x60,0x6E
2026-09-18T23:03:39.014+02:00,0x04AD,0x3A,0x3B
2026-09-18T23:03:39.032+02:00,0x0566,0x29,0x2E
2026-09-18T23:03:39.042+02:00,0x0602,0x68,0x67
2026-09-18T23:03:39.043+02:00,0x060C,0xC6,0xE1
2026-09-18T23:03:39.043+02:00,0x060E,0xB7,0xB8
2026-09-18T23:03:39.051+02:00,0x0670,0x60,0x6E
2026-09-18T23:03:39.053+02:00,0x068B,0x04,0x05
2026-09-18T23:03:39.053+02:00,0x068D,0x09,0x06
2026-09-18T23:03:39.057+02:00,0x06CF,0x04,0x50
2026-09-18T23:03:39.058+02:00,0x06D6,0x00,0x06
2026-09-18T23:03:39.059+02:00,0x06E3,0x00,0x01
2026-09-18T23:03:39.059+02:00,0x06E4,0x00,0x0A
2026-09-18T23:03:39.060+02:00,0x06F8,0xBB,0xC2
2026-09-18T23:03:39.060+02:00,0x06F9,0x0C,0x14
2026-09-18T23:03:39.060+02:00,0x06FA,0x27,0x28
2026-09-18T23:03:39.061+02:00,0x070A,0x63,0x67
2026-09-18T23:03:39.066+02:00,0x075B,0x49,0x4A
2026-09-18T23:03:39.066+02:00,0x075C,0x35,0x36
2026-09-18T23:03:39.486+02:00,0x043E,0x4A,0x50
2026-09-18T23:03:39.487+02:00,0x0449,0x46,0x42
2026-09-18T23:03:39.487+02:00,0x044C,0x7F,0x7A
2026-09-18T23:03:39.490+02:00,0x0460,0x07,0x08
2026-09-18T23:03:39.490+02:00,0x0461,0x6E,0x8C
2026-09-18T23:03:39.491+02:00,0x0465,0x56,0xB7
2026-09-18T23:03:39.492+02:00,0x046D,0xC6,0x4E
2026-09-18T23:03:39.524+02:00,0x0566,0x2E,0x33
2026-09-18T23:03:39.543+02:00,0x0602,0x67,0x68
2026-09-18T23:03:39.543+02:00,0x060C,0xE1,0xE7
2026-09-18T23:03:39.555+02:00,0x0670,0x6E,0x8C
2026-09-18T23:03:39.557+02:00,0x0680,0x02,0x05
2026-09-18T23:03:39.559+02:00,0x068D,0x06,0x00
2026-09-18T23:03:39.566+02:00,0x06CF,0x50,0x37
2026-09-18T23:03:39.567+02:00,0x06D6,0x06,0x01
2026-09-18T23:03:39.569+02:00,0x06E4,0x0A,0x05
2026-09-18T23:03:39.570+02:00,0x06F8,0xC2,0xBB
2026-09-18T23:03:39.572+02:00,0x06F9,0x14,0x0C
2026-09-18T23:03:39.575+02:00,0x070A,0x67,0x6D
2026-09-18T23:03:39.584+02:00,0x075B,0x4A,0x4C
2026-09-18T23:03:39.584+02:00,0x075C,0x36,0x4C
2026-09-18T23:03:40.006+02:00,0x043E,0x50,0x4E
2026-09-18T23:03:40.006+02:00,0x0449,0x42,0x35
2026-09-18T23:03:40.007+02:00,0x044C,0x7A,0x65
2026-09-18T23:03:40.013+02:00,0x04AD,0x3B,0x00
2026-09-18T23:03:40.013+02:00,0x04AE,0x0A,0x0B
2026-09-18T23:03:40.033+02:00,0x0566,0x33,0x38
2026-09-18T23:03:40.050+02:00,0x0602,0x68,0x67
2026-09-18T23:03:40.067+02:00,0x0680,0x05,0x00
2026-09-18T23:03:40.069+02:00,0x068B,0x05,0x00
2026-09-18T23:03:40.069+02:00,0x068D,0x00,0x02
2026-09-18T23:03:40.077+02:00,0x06CF,0x37,0x1D
2026-09-18T23:03:40.078+02:00,0x06D6,0x01,0x05
2026-09-18T23:03:40.080+02:00,0x06E4,0x05,0x00
2026-09-18T23:03:40.082+02:00,0x06F8,0xBB,0xD3
2026-09-18T23:03:40.082+02:00,0x06F9,0x0C,0x14
2026-09-18T23:03:40.082+02:00,0x06FA,0x28,0x29
2026-09-18T23:03:40.084+02:00,0x070A,0x6D,0x72
2026-09-18T23:03:40.094+02:00,0x075B,0x4C,0x4E
2026-09-18T23:03:40.094+02:00,0x075C,0x4C,0x4E
2026-09-18T23:03:40.520+02:00,0x043E,0x4E,0x4A
2026-09-18T23:03:40.522+02:00,0x0449,0x35,0x3C
2026-09-18T23:03:40.522+02:00,0x044C,0x65,0x6D
2026-09-18T23:03:40.523+02:00,0x0464,0x09,0x0A
2026-09-18T23:03:40.523+02:00,0x0465,0xB7,0x0A
2026-09-18T23:03:40.523+02:00,0x046C,0x07,0x0A
2026-09-18T23:03:40.523+02:00,0x046D,0x4E,0x03
2026-09-18T23:03:40.540+02:00,0x0566,0x38,0x3D
2026-09-18T23:03:40.550+02:00,0x0602,0x67,0x66
2026-09-18T23:03:40.552+02:00,0x060C,0xE7,0xC5
2026-09-18T23:03:40.560+02:00,0x0680,0x00,0x02
2026-09-18T23:03:40.561+02:00,0x068B,0x00,0x04
2026-09-18T23:03:40.561+02:00,0x068D,0x02,0x09
2026-09-18T23:03:40.566+02:00,0x06CF,0x1D,0x05
2026-09-18T23:03:40.566+02:00,0x06D6,0x05,0x00
2026-09-18T23:03:40.567+02:00,0x06E3,0x01,0x00
2026-09-18T23:03:40.567+02:00,0x06E4,0x00,0x0A
2026-09-18T23:03:40.569+02:00,0x06F8,0xD3,0xBB
2026-09-18T23:03:40.569+02:00,0x06F9,0x14,0x0C
2026-09-18T23:03:40.570+02:00,0x070A,0x72,0x77
2026-09-18T23:03:40.576+02:00,0x075B,0x4E,0x4F
2026-09-18T23:03:40.576+02:00,0x075C,0x4E,0x4F
2026-09-18T23:03:41.009+02:00,0x043E,0x4A,0x47
2026-09-18T23:03:41.011+02:00,0x0449,0x3C,0x27
2026-09-18T23:03:41.011+02:00,0x044C,0x6D,0x5D
2026-09-18T23:03:41.018+02:00,0x04AD,0x00,0x01
2026-09-18T23:03:41.031+02:00,0x0566,0x3D,0x42
2026-09-18T23:03:41.041+02:00,0x0602,0x66,0x67
2026-09-18T23:03:41.042+02:00,0x060C,0xC5,0x90
2026-09-18T23:03:41.049+02:00,0x0680,0x02,0x04
2026-09-18T23:03:41.050+02:00,0x068B,0x04,0x05
2026-09-18T23:03:41.050+02:00,0x068D,0x09,0x06
2026-09-18T23:03:41.054+02:00,0x06CF,0x05,0x51
2026-09-18T23:03:41.055+02:00,0x06D6,0x00,0x06
2026-09-18T23:03:41.056+02:00,0x06E4,0x0A,0x05
2026-09-18T23:03:41.057+02:00,0x06F8,0xBB,0xC2
2026-09-18T23:03:41.057+02:00,0x06F9,0x0C,0x14
2026-09-18T23:03:41.057+02:00,0x06FA,0x29,0x2A
2026-09-18T23:03:41.058+02:00,0x070A,0x77,0x7B
2026-09-18T23:03:41.063+02:00,0x075B,0x4F,0x51
2026-09-18T23:03:41.063+02:00,0x075C,0x4F,0x51
2026-09-18T23:03:41.482+02:00,0x043E,0x47,0x44
2026-09-18T23:03:41.482+02:00,0x0449,0x27,0x25
2026-09-18T23:03:41.483+02:00,0x044C,0x5D,0x4E
2026-09-18T23:03:41.484+02:00,0x0460,0x08,0x07
2026-09-18T23:03:41.484+02:00,0x0461,0x8C,0x6E
2026-09-18T23:03:41.484+02:00,0x0465,0x0A,0x6F
2026-09-18T23:03:41.485+02:00,0x046D,0x03,0x9B
2026-09-18T23:03:41.501+02:00,0x0566,0x42,0x47
2026-09-18T23:03:41.511+02:00,0x0602,0x67,0x68
2026-09-18T23:03:41.512+02:00,0x060C,0x90,0x95
2026-09-18T23:03:41.518+02:00,0x0670,0x8C,0x6E
2026-09-18T23:03:41.519+02:00,0x0680,0x04,0x02
2026-09-18T23:03:41.520+02:00,0x068D,0x06,0x02
2026-09-18T23:03:41.525+02:00,0x06CF,0x51,0x3A
2026-09-18T23:03:41.525+02:00,0x06D6,0x06,0x01
2026-09-18T23:03:41.526+02:00,0x06E4,0x05,0x01
2026-09-18T23:03:41.527+02:00,0x06F8,0xC2,0xB9
2026-09-18T23:03:41.527+02:00,0x06F9,0x14,0x0C
2026-09-18T23:03:41.529+02:00,0x070A,0x7B,0x80
2026-09-18T23:03:41.534+02:00,0x075B,0x51,0x52
2026-09-18T23:03:41.534+02:00,0x075C,0x51,0x3E
2026-09-18T23:03:41.952+02:00,0x043E,0x44,0x40
2026-09-18T23:03:41.953+02:00,0x0449,0x25,0x28
2026-09-18T23:03:41.953+02:00,0x044C,0x4E,0x51
2026-09-18T23:03:41.954+02:00,0x0460,0x07,0x06
2026-09-18T23:03:41.955+02:00,0x0461,0x6E,0x64
2026-09-18T23:03:41.959+02:00,0x04AD,0x01,0x02
2026-09-18T23:03:41.972+02:00,0x0566,0x47,0x4C
2026-09-18T23:03:41.983+02:00,0x060C,0x95,0x99
2026-09-18T23:03:41.989+02:00,0x0670,0x6E,0x64
2026-09-18T23:03:41.991+02:00,0x068D,0x02,0x01
2026-09-18T23:03:41.995+02:00,0x06CF,0x3A,0x22
2026-09-18T23:03:41.996+02:00,0x06D6,0x01,0x06
2026-09-18T23:03:41.997+02:00,0x06E3,0x00,0x01
2026-09-18T23:03:41.997+02:00,0x06E4,0x01,0x0B
2026-09-18T23:03:41.998+02:00,0x06F8,0xB9,0x1C
2026-09-18T23:03:41.998+02:00,0x06F9,0x0C,0x14
2026-09-18T23:03:41.998+02:00,0x06FA,0x2A,0x2B
2026-09-18T23:03:42.000+02:00,0x070A,0x80,0x85
2026-09-18T23:03:42.004+02:00,0x075B,0x52,0x54
2026-09-18T23:03:42.005+02:00,0x075C,0x3E,0x40
2026-09-18T23:03:42.420+02:00,0x043E,0x40,0x3F
2026-09-18T23:03:42.421+02:00,0x0449,0x28,0x38
2026-09-18T23:03:42.421+02:00,0x044C,0x51,0x61
2026-09-18T23:03:42.422+02:00,0x0460,0x06,0x05
2026-09-18T23:03:42.422+02:00,0x0461,0x64,0x60
2026-09-18T23:03:42.423+02:00,0x0465,0x6F,0xDE
2026-09-18T23:03:42.423+02:00,0x046C,0x0A,0x08
2026-09-18T23:03:42.423+02:00,0x046D,0x9B,0xCD
2026-09-18T23:03:42.441+02:00,0x0566,0x4C,0x51
2026-09-18T23:03:42.451+02:00,0x0602,0x68,0x66
2026-09-18T23:03:42.451+02:00,0x060C,0x99,0xAC
2026-09-18T23:03:42.452+02:00,0x0610,0xEF,0xFF
2026-09-18T23:03:42.454+02:00,0x062E,0x04,0x03
2026-09-18T23:03:42.458+02:00,0x0670,0x64,0x60
2026-09-18T23:03:42.459+02:00,0x0680,0x02,0x00
2026-09-18T23:03:42.460+02:00,0x068B,0x05,0x00
2026-09-18T23:03:42.460+02:00,0x068D,0x01,0x02
2026-09-18T23:03:42.465+02:00,0x06CF,0x22,0x0A
2026-09-18T23:03:42.466+02:00,0x06D6,0x06,0x01
2026-09-18T23:03:42.467+02:00,0x06E4,0x0B,0x06
2026-09-18T23:03:42.468+02:00,0x06F8,0x1C,0x63
2026-09-18T23:03:42.468+02:00,0x06F9,0x14,0x1B
2026-09-18T23:03:42.469+02:00,0x070A,0x85,0x8A
2026-09-18T23:03:42.475+02:00,0x075B,0x54,0x56
2026-09-18T23:03:42.475+02:00,0x075C,0x40,0x42
2026-09-18T23:03:42.897+02:00,0x043E,0x3F,0x40
2026-09-18T23:03:42.898+02:00,0x0449,0x38,0x2D
2026-09-18T23:03:42.898+02:00,0x044C,0x61,0x50
2026-09-18T23:03:42.910+02:00,0x04AD,0x02,0x03
2026-09-18T23:03:42.931+02:00,0x0566,0x51,0x55
2026-09-18T23:03:42.950+02:00,0x060C,0xAC,0xBB
2026-09-18T23:03:42.952+02:00,0x0610,0xFF,0xEF
2026-09-18T23:03:42.964+02:00,0x0680,0x00,0x04
2026-09-18T23:03:42.966+02:00,0x068B,0x00,0x04
2026-09-18T23:03:42.966+02:00,0x068D,0x02,0x09
2026-09-18T23:03:42.972+02:00,0x06CF,0x0A,0x56
2026-09-18T23:03:42.973+02:00,0x06D6,0x01,0x06
2026-09-18T23:03:42.975+02:00,0x06E4,0x06,0x01
2026-09-18T23:03:42.977+02:00,0x06F8,0x63,0x0B
2026-09-18T23:03:42.977+02:00,0x06F9,0x1B,0x03
2026-09-18T23:03:42.978+02:00,0x070A,0x8A,0x8F
2026-09-18T23:03:42.983+02:00,0x075B,0x56,0x57
2026-09-18T23:03:42.984+02:00,0x075C,0x42,0x43
2026-09-18T23:03:43.403+02:00,0x043E,0x40,0x3D
2026-09-18T23:03:43.404+02:00,0x0449,0x2D,0x22
2026-09-18T23:03:43.406+02:00,0x044C,0x50,0x46
2026-09-18T23:03:43.406+02:00,0x044F,0x34,0x35
2026-09-18T23:03:43.409+02:00,0x0460,0x05,0x04
2026-09-18T23:03:43.409+02:00,0x0461,0x60,0x5A
2026-09-18T23:03:43.409+02:00,0x0464,0x0A,0x0B
2026-09-18T23:03:43.410+02:00,0x0465,0xDE,0x37
2026-09-18T23:03:43.411+02:00,0x046C,0x08,0x09
2026-09-18T23:03:43.411+02:00,0x046D,0xCD,0x07
2026-09-18T23:03:43.439+02:00,0x0566,0x55,0x5B
2026-09-18T23:03:43.460+02:00,0x0602,0x66,0x68
2026-09-18T23:03:43.461+02:00,0x060C,0xBB,0xCC
2026-09-18T23:03:43.465+02:00,0x062E,0x03,0x04
2026-09-18T23:03:43.473+02:00,0x0670,0x60,0x5A
2026-09-18T23:03:43.476+02:00,0x0680,0x04,0x05
2026-09-18T23:03:43.478+02:00,0x068B,0x04,0x05
2026-09-18T23:03:43.479+02:00,0x068D,0x09,0x04
2026-09-18T23:03:43.487+02:00,0x06CF,0x56,0x3C
2026-09-18T23:03:43.488+02:00,0x06D6,0x06,0x01
2026-09-18T23:03:43.489+02:00,0x06E3,0x01,0x00
2026-09-18T23:03:43.489+02:00,0x06E4,0x01,0x0B
2026-09-18T23:03:43.491+02:00,0x06F8,0x0B,0x04
2026-09-18T23:03:43.491+02:00,0x06F9,0x03,0x0C
2026-09-18T23:03:43.492+02:00,0x06FA,0x2B,0x2C
2026-09-18T23:03:43.493+02:00,0x070A,0x8F,0x94
2026-09-18T23:03:43.504+02:00,0x075B,0x57,0x59
2026-09-18T23:03:43.504+02:00,0x075C,0x43,0x45
2026-09-18T23:03:43.929+02:00,0x0449,0x22,0x2D
2026-09-18T23:03:43.929+02:00,0x044C,0x46,0x59
2026-09-18T23:03:43.938+02:00,0x04AD,0x03,0x04
2026-09-18T23:03:43.950+02:00,0x0566,0x5B,0x60
2026-09-18T23:03:43.963+02:00,0x060C,0xCC,0xC6
2026-09-18T23:03:43.972+02:00,0x0680,0x05,0x00
2026-09-18T23:03:43.973+02:00,0x068D,0x04,0x02
2026-09-18T23:03:43.982+02:00,0x06CF,0x3C,0x23
2026-09-18T23:03:43.983+02:00,0x06D6,0x01,0x06
2026-09-18T23:03:43.984+02:00,0x06E4,0x0B,0x06
2026-09-18T23:03:43.987+02:00,0x06F8,0x04,0xDC
2026-09-18T23:03:43.987+02:00,0x06F9,0x0C,0x14
2026-09-18T23:03:43.987+02:00,0x06FA,0x2C,0x2D
2026-09-18T23:03:43.989+02:00,0x070A,0x94,0x96
2026-09-18T23:03:44.000+02:00,0x075B,0x59,0x5A
2026-09-18T23:03:44.000+02:00,0x075C,0x45,0x46
2026-09-18T23:03:44.426+02:00,0x043E,0x3D,0x41
2026-09-18T23:03:44.427+02:00,0x0449,0x2D,0x3A
2026-09-18T23:03:44.427+02:00,0x044C,0x59,0x76
2026-09-18T23:03:44.429+02:00,0x0460,0x04,0x05
2026-09-18T23:03:44.429+02:00,0x0461,0x5A,0x60
2026-09-18T23:03:44.429+02:00,0x0465,0x37,0x9A
2026-09-18T23:03:44.430+02:00,0x046D,0x07,0x69
2026-09-18T23:03:44.446+02:00,0x0566,0x60,0x65
2026-09-18T23:03:44.456+02:00,0x060C,0xC6,0xD1
2026-09-18T23:03:44.463+02:00,0x0670,0x5A,0x60
2026-09-18T23:03:44.464+02:00,0x0680,0x00,0x02
2026-09-18T23:03:44.465+02:00,0x068B,0x05,0x01
2026-09-18T23:03:44.473+02:00,0x06CF,0x23,0x0B
2026-09-18T23:03:44.473+02:00,0x06D6,0x06,0x01
2026-09-18T23:03:44.474+02:00,0x06E4,0x06,0x01
2026-09-18T23:03:44.476+02:00,0x06F8,0xDC,0xB4
2026-09-18T23:03:44.476+02:00,0x06F9,0x14,0x0C
2026-09-18T23:03:44.478+02:00,0x070A,0x96,0x9A
2026-09-18T23:03:44.484+02:00,0x075B,0x5A,0x5B
2026-09-18T23:03:44.484+02:00,0x075C,0x46,0x47
2026-09-18T23:03:44.900+02:00,0x043E,0x41,0x49
2026-09-18T23:03:44.901+02:00,0x0449,0x3A,0x3E
2026-09-18T23:03:44.901+02:00,0x044C,0x76,0x79
2026-09-18T23:03:44.903+02:00,0x0460,0x05,0x07
2026-09-18T23:03:44.903+02:00,0x0461,0x60,0x6E
2026-09-18T23:03:44.908+02:00,0x04AD,0x04,0x05
2026-09-18T23:03:44.921+02:00,0x0566,0x65,0x69
2026-09-18T23:03:44.934+02:00,0x0602,0x68,0x67
2026-09-18T23:03:44.935+02:00,0x060C,0xD1,0xD6
2026-09-18T23:03:44.938+02:00,0x062E,0x04,0x03
2026-09-18T23:03:44.944+02:00,0x0670,0x60,0x6E
2026-09-18T23:03:44.945+02:00,0x068B,0x01,0x04
2026-09-18T23:03:44.946+02:00,0x068D,0x02,0x09
2026-09-18T23:03:44.950+02:00,0x06CF,0x0B,0x58
2026-09-18T23:03:44.950+02:00,0x06D6,0x01,0x07
2026-09-18T23:03:44.951+02:00,0x06E3,0x00,0x01
2026-09-18T23:03:44.951+02:00,0x06E4,0x01,0x0B
2026-09-18T23:03:44.953+02:00,0x06F8,0xB4,0xBB
2026-09-18T23:03:44.953+02:00,0x06F9,0x0C,0x03
2026-09-18T23:03:44.954+02:00,0x070A,0x9A,0x9F
2026-09-18T23:03:44.960+02:00,0x075B,0x5B,0x5D
2026-09-18T23:03:44.960+02:00,0x075C,0x47,0x5D
2026-09-18T23:03:44.965+02:00,0x07A6,0x09,0x19
2026-09-18T23:03:45.382+02:00,0x043E,0x49,0x4A
2026-09-18T23:03:45.384+02:00,0x0449,0x3E,0x2F
2026-09-18T23:03:45.384+02:00,0x044C,0x79,0x66
2026-09-18T23:03:45.386+02:00,0x0460,0x07,0x08
2026-09-18T23:03:45.387+02:00,0x0461,0x6E,0x8C
2026-09-18T23:03:45.387+02:00,0x0465,0x9A,0xDC
2026-09-18T23:03:45.388+02:00,0x046C,0x09,0x0A
2026-09-18T23:03:45.388+02:00,0x046D,0x69,0xBA
2026-09-18T23:03:45.409+02:00,0x0566,0x69,0x6E
2026-09-18T23:03:45.421+02:00,0x0602,0x67,0x68
2026-09-18T23:03:45.422+02:00,0x060C,0xD6,0xA3
2026-09-18T23:03:45.429+02:00,0x0670,0x6E,0x8C
2026-09-18T23:03:45.430+02:00,0x068B,0x04,0x05
2026-09-18T23:03:45.430+02:00,0x068D,0x09,0x06
2026-09-18T23:03:45.435+02:00,0x06CF,0x58,0x40
2026-09-18T23:03:45.436+02:00,0x06D6,0x07,0x02
2026-09-18T23:03:45.437+02:00,0x06E4,0x0B,0x06
2026-09-18T23:03:45.438+02:00,0x06F8,0xBB,0x72
2026-09-18T23:03:45.438+02:00,0x06F9,0x03,0x1B
2026-09-18T23:03:45.438+02:00,0x06FA,0x2D,0x2E
2026-09-18T23:03:45.439+02:00,0x070A,0x9F,0xA3
2026-09-18T23:03:45.446+02:00,0x075B,0x5D,0x5E
2026-09-18T23:03:45.446+02:00,0x075C,0x5D,0x5E
2026-09-18T23:03:45.866+02:00,0x043E,0x4A,0x48
2026-09-18T23:03:45.867+02:00,0x0449,0x2F,0x31
2026-09-18T23:03:45.868+02:00,0x044C,0x66,0x67
2026-09-18T23:03:45.879+02:00,0x04AD,0x05,0x06
2026-09-18T23:03:45.895+02:00,0x0566,0x6E,0x73
2026-09-18T23:03:45.905+02:00,0x0602,0x68,0x66
2026-09-18T23:03:45.906+02:00,0x060C,0xA3,0x91
2026-09-18T23:03:45.914+02:00,0x068D,0x06,0x02
2026-09-18T23:03:45.919+02:00,0x06CF,0x40,0x27
2026-09-18T23:03:45.919+02:00,0x06D6,0x02,0x07
2026-09-18T23:03:45.920+02:00,0x06E4,0x06,0x02
2026-09-18T23:03:45.922+02:00,0x06F8,0x72,0xC9
2026-09-18T23:03:45.922+02:00,0x06F9,0x1B,0x03
2026-09-18T23:03:45.923+02:00,0x070A,0xA3,0xA8
2026-09-18T23:03:45.929+02:00,0x075B,0x5E,0x60
2026-09-18T23:03:45.929+02:00,0x075C,0x5E,0x60
2026-09-18T23:03:46.346+02:00,0x0449,0x31,0x30
2026-09-18T23:03:46.347+02:00,0x044C,0x67,0x5A
2026-09-18T23:03:46.348+02:00,0x0464,0x0B,0x0C
2026-09-18T23:03:46.348+02:00,0x0465,0xDC,0x4B
2026-09-18T23:03:46.349+02:00,0x046C,0x0A,0x0C
2026-09-18T23:03:46.349+02:00,0x046D,0xBA,0x59
2026-09-18T23:03:46.366+02:00,0x0566,0x73,0x78
2026-09-18T23:03:46.376+02:00,0x0602,0x66,0x67
2026-09-18T23:03:46.376+02:00,0x060C,0x91,0xA6
2026-09-18T23:03:46.385+02:00,0x068D,0x02,0x05
2026-09-18T23:03:46.385+02:00,0x0694,0x00,0x02
2026-09-18T23:03:46.389+02:00,0x06CF,0x27,0x10
2026-09-18T23:03:46.390+02:00,0x06D6,0x07,0x02
2026-09-18T23:03:46.390+02:00,0x06E3,0x01,0x00
2026-09-18T23:03:46.390+02:00,0x06E4,0x02,0x0C
2026-09-18T23:03:46.392+02:00,0x06F8,0xC9,0xB0
2026-09-18T23:03:46.392+02:00,0x06F9,0x03,0x1B
2026-09-18T23:03:46.392+02:00,0x06FA,0x2E,0x2F
2026-09-18T23:03:46.393+02:00,0x070A,0xA8,0xAD
2026-09-18T23:03:46.398+02:00,0x075B,0x60,0x61
2026-09-18T23:03:46.398+02:00,0x075C,0x60,0x61
2026-09-18T23:03:46.818+02:00,0x043E,0x48,0x42
2026-09-18T23:03:46.819+02:00,0x0449,0x30,0x26
2026-09-18T23:03:46.819+02:00,0x044C,0x5A,0x4C
2026-09-18T23:03:46.822+02:00,0x0460,0x08,0x07
2026-09-18T23:03:46.822+02:00,0x0461,0x8C,0x6E
2026-09-18T23:03:46.830+02:00,0x04AD,0x06,0x07
2026-09-18T23:03:46.852+02:00,0x0566,0x78,0x7D
2026-09-18T23:03:46.870+02:00,0x0602,0x67,0x66
2026-09-18T23:03:46.872+02:00,0x060C,0xA6,0xA1
2026-09-18T23:03:46.884+02:00,0x0670,0x8C,0x6E
2026-09-18T23:03:46.885+02:00,0x0680,0x02,0x04
2026-09-18T23:03:46.887+02:00,0x068D,0x05,0x00
2026-09-18T23:03:46.887+02:00,0x0694,0x02,0x00
2026-09-18T23:03:46.894+02:00,0x06CF,0x10,0x5B
2026-09-18T23:03:46.895+02:00,0x06D6,0x02,0x07
2026-09-18T23:03:46.896+02:00,0x06E4,0x0C,0x07
2026-09-18T23:03:46.898+02:00,0x06F8,0xB0,0xD8
2026-09-18T23:03:46.898+02:00,0x06F9,0x1B,0x03
2026-09-18T23:03:46.900+02:00,0x070A,0xAD,0xB2
2026-09-18T23:03:46.908+02:00,0x075B,0x61,0x63
2026-09-18T23:03:46.908+02:00,0x075C,0x61,0x4F
2026-09-18T23:03:47.328+02:00,0x043E,0x42,0x41
2026-09-18T23:03:47.330+02:00,0x0449,0x26,0x2F
2026-09-18T23:03:47.332+02:00,0x044C,0x4C,0x52
2026-09-18T23:03:47.333+02:00,0x0460,0x07,0x06
2026-09-18T23:03:47.333+02:00,0x0461,0x6E,0x64
2026-09-18T23:03:47.334+02:00,0x0465,0x4B,0x97
2026-09-18T23:03:47.335+02:00,0x046C,0x0C,0x0B
2026-09-18T23:03:47.335+02:00,0x046D,0x59,0x11
2026-09-18T23:03:47.363+02:00,0x0566,0x7D,0x82
2026-09-18T23:03:47.380+02:00,0x0602,0x66,0x67
2026-09-18T23:03:47.382+02:00,0x060C,0xA1,0xBD
2026-09-18T23:03:47.393+02:00,0x0670,0x6E,0x64
2026-09-18T23:03:47.395+02:00,0x0680,0x04,0x00
2026-09-18T23:03:47.397+02:00,0x068B,0x05,0x01
2026-09-18T23:03:47.397+02:00,0x068D,0x00,0x02
2026-09-18T23:03:47.404+02:00,0x06CF,0x5B,0x42
2026-09-18T23:03:47.405+02:00,0x06D6,0x07,0x02
2026-09-18T23:03:47.407+02:00,0x06E4,0x07,0x02
2026-09-18T23:03:47.409+02:00,0x06F8,0xD8,0xA1
2026-09-18T23:03:47.410+02:00,0x06F9,0x03,0x1B
2026-09-18T23:03:47.410+02:00,0x06FA,0x2F,0x30
2026-09-18T23:03:47.411+02:00,0x070A,0xB2,0xB4
2026-09-18T23:03:47.420+02:00,0x075B,0x63,0x64
2026-09-18T23:03:47.420+02:00,0x075C,0x4F,0x50
2026-09-18T23:03:47.846+02:00,0x043E,0x41,0x40
2026-09-18T23:03:47.847+02:00,0x0449,0x2F,0x23
2026-09-18T23:03:47.847+02:00,0x044C,0x52,0x47
2026-09-18T23:03:47.854+02:00,0x04AD,0x07,0x08
2026-09-18T23:03:47.866+02:00,0x0566,0x82,0x87
2026-09-18T23:03:47.878+02:00,0x0608,0x79,0x78
2026-09-18T23:03:47.878+02:00,0x060C,0xBD,0x78
2026-09-18T23:03:47.878+02:00,0x0610,0xEF,0xFF
2026-09-18T23:03:47.887+02:00,0x068B,0x01,0x04
2026-09-18T23:03:47.887+02:00,0x068D,0x02,0x09
2026-09-18T23:03:47.892+02:00,0x06CF,0x42,0x29
2026-09-18T23:03:47.893+02:00,0x06D6,0x02,0x07
2026-09-18T23:03:47.894+02:00,0x06E3,0x00,0x01
2026-09-18T23:03:47.894+02:00,0x06E4,0x02,0x0C
2026-09-18T23:03:47.896+02:00,0x06F8,0xA1,0xD8
2026-09-18T23:03:47.896+02:00,0x06F9,0x1B,0x03
2026-09-18T23:03:48.333+02:00,0x043E,0x40,0x3D
2026-09-18T23:03:48.334+02:00,0x044C,0x47,0x48
2026-09-18T23:03:48.335+02:00,0x0460,0x06,0x04
2026-09-18T23:03:48.335+02:00,0x0461,0x64,0x5A
2026-09-18T23:03:48.335+02:00,0x0465,0x97,0xD1
2026-09-18T23:03:48.336+02:00,0x046C,0x0B,0x0A
2026-09-18T23:03:48.336+02:00,0x046D,0x11,0x9B
2026-09-18T23:03:48.352+02:00,0x0566,0x87,0x8C
2026-09-18T23:03:48.362+02:00,0x0602,0x67,0x68
2026-09-18T23:03:48.362+02:00,0x0608,0x78,0x79
2026-09-18T23:03:48.363+02:00,0x060C,0x78,0x96
2026-09-18T23:03:48.363+02:00,0x0610,0xFF,0xEF
2026-09-18T23:03:48.369+02:00,0x0670,0x64,0x5A
2026-09-18T23:03:48.370+02:00,0x0680,0x00,0x02
2026-09-18T23:03:48.371+02:00,0x068C,0x00,0x84
2026-09-18T23:03:48.371+02:00,0x0694,0x00,0x02
2026-09-18T23:03:48.375+02:00,0x06CF,0x29,0x11
2026-09-18T23:03:48.375+02:00,0x06D6,0x07,0x02
2026-09-18T23:03:48.376+02:00,0x06E4,0x0C,0x07
2026-09-18T23:03:48.378+02:00,0x06F8,0xD8,0x1C
2026-09-18T23:03:48.378+02:00,0x06F9,0x03,0x1B
2026-09-18T23:03:48.378+02:00,0x06FA,0x30,0x31
2026-09-18T23:03:48.379+02:00,0x070A,0xB4,0xB9
2026-09-18T23:03:48.385+02:00,0x075B,0x64,0x63
2026-09-18T23:03:48.385+02:00,0x075C,0x50,0x4F
2026-09-18T23:03:48.805+02:00,0x044C,0x48,0x49
2026-09-18T23:03:48.811+02:00,0x04AD,0x08,0x09
2026-09-18T23:03:48.817+02:00,0x0506,0x97,0xAE
2026-09-18T23:03:48.817+02:00,0x0508,0x97,0xAE
2026-09-18T23:03:48.824+02:00,0x0566,0x8C,0x91
2026-09-18T23:03:48.835+02:00,0x060C,0x96,0x77
2026-09-18T23:03:48.835+02:00,0x0610,0xEF,0xFF
2026-09-18T23:03:48.837+02:00,0x062E,0x03,0x02
2026-09-18T23:03:48.842+02:00,0x0680,0x02,0x00
2026-09-18T23:03:48.843+02:00,0x068B,0x04,0x05
2026-09-18T23:03:48.843+02:00,0x068C,0x84,0x00
2026-09-18T23:03:48.844+02:00,0x0694,0x02,0x00
2026-09-18T23:03:48.847+02:00,0x06CF,0x11,0x5E
2026-09-18T23:03:48.848+02:00,0x06D6,0x02,0x07
2026-09-18T23:03:48.848+02:00,0x06E4,0x07,0x02
2026-09-18T23:03:48.851+02:00,0x06F8,0x1C,0x63
2026-09-18T23:03:48.851+02:00,0x06F9,0x1B,0x02
2026-09-18T23:03:48.852+02:00,0x070A,0xB9,0xBE
2026-09-18T23:03:48.857+02:00,0x075B,0x63,0x61
2026-09-18T23:03:48.857+02:00,0x075C,0x4F,0x4D
2026-09-18T23:03:49.288+02:00,0x0438,0x97,0xAE
2026-09-18T23:03:49.297+02:00,0x0449,0x23,0x27
2026-09-18T23:03:49.298+02:00,0x044C,0x49,0x52
2026-09-18T23:03:49.304+02:00,0x0465,0xD1,0x88
2026-09-18T23:03:49.305+02:00,0x046D,0x9B,0x45
2026-09-18T23:03:49.334+02:00,0x0542,0x97,0xAE
2026-09-18T23:03:49.337+02:00,0x0566,0x91,0x96
2026-09-18T23:03:49.348+02:00,0x0602,0x68,0x67
2026-09-18T23:03:49.349+02:00,0x060C,0x77,0x8E
2026-09-18T23:03:49.349+02:00,0x0610,0xFF,0xEF
2026-09-18T23:03:49.351+02:00,0x062E,0x02,0x03
2026-09-18T23:03:49.356+02:00,0x0680,0x00,0x04
2026-09-18T23:03:49.356+02:00,0x068D,0x09,0x03
2026-09-18T23:03:49.361+02:00,0x06CF,0x5E,0x45
2026-09-18T23:03:49.362+02:00,0x06D6,0x07,0x02
2026-09-18T23:03:49.363+02:00,0x06E3,0x01,0x00
2026-09-18T23:03:49.363+02:00,0x06E4,0x02,0x0C
2026-09-18T23:03:49.364+02:00,0x06F8,0x63,0xAC
2026-09-18T23:03:49.364+02:00,0x06F9,0x02,0x1B
2026-09-18T23:03:49.364+02:00,0x06FA,0x31,0x32
2026-09-18T23:03:49.365+02:00,0x070A,0xBE,0xC3
2026-09-18T23:03:49.370+02:00,0x075B,0x61,0x5F
2026-09-18T23:03:49.370+02:00,0x075C,0x4D,0x4B
2026-09-18T23:03:49.787+02:00,0x044C,0x52,0x4E
2026-09-18T23:03:49.793+02:00,0x04AD,0x09,0x0A
2026-09-18T23:03:49.804+02:00,0x0566,0x96,0x9A
2026-09-18T23:03:49.815+02:00,0x0602,0x67,0x66
2026-09-18T23:03:49.816+02:00,0x060C,0x8E,0x95
2026-09-18T23:03:49.818+02:00,0x062E,0x03,0x02
2026-09-18T23:03:49.823+02:00,0x0680,0x04,0x02
2026-09-18T23:03:49.824+02:00,0x068D,0x03,0x00
2026-09-18T23:03:49.828+02:00,0x06CF,0x45,0x2D
2026-09-18T23:03:49.829+02:00,0x06D6,0x02,0x08
2026-09-18T23:03:49.829+02:00,0x06E4,0x0C,0x07
2026-09-18T23:03:49.830+02:00,0x06F8,0xAC,0xC2
2026-09-18T23:03:49.831+02:00,0x06F9,0x1B,0x02
2026-09-18T23:03:49.832+02:00,0x070A,0xC3,0xC7
2026-09-18T23:03:49.837+02:00,0x075B,0x5F,0x5E
2026-09-18T23:03:49.837+02:00,0x075C,0x4B,0x4A
2026-09-18T23:03:50.254+02:00,0x0449,0x27,0x34
2026-09-18T23:03:50.254+02:00,0x044C,0x4E,0x5C
2026-09-18T23:03:50.256+02:00,0x0465,0x88,0x30
2026-09-18T23:03:50.257+02:00,0x046C,0x0A,0x09
2026-09-18T23:03:50.257+02:00,0x046D,0x45,0xE5
2026-09-18T23:03:50.275+02:00,0x0566,0x9A,0x9F
2026-09-18T23:03:50.286+02:00,0x060C,0x95,0xA5
2026-09-18T23:03:50.295+02:00,0x068D,0x00,0x03
2026-09-18T23:03:50.295+02:00,0x0694,0x00,0x02
2026-09-18T23:03:50.299+02:00,0x06CF,0x2D,0x16
2026-09-18T23:03:50.299+02:00,0x06D6,0x08,0x03
2026-09-18T23:03:50.300+02:00,0x06E4,0x07,0x03
2026-09-18T23:03:50.301+02:00,0x06F8,0xC2,0x79
2026-09-18T23:03:50.302+02:00,0x06F9,0x02,0x1A
2026-09-18T23:03:50.302+02:00,0x06FA,0x32,0x33
2026-09-18T23:03:50.303+02:00,0x070A,0xC7,0xCC
2026-09-18T23:03:50.308+02:00,0x075B,0x5E,0x5C
2026-09-18T23:03:50.308+02:00,0x075C,0x4A,0x48
2026-09-18T23:03:50.726+02:00,0x043E,0x3D,0x3C
2026-09-18T23:03:50.727+02:00,0x0449,0x34,0x30
2026-09-18T23:03:50.727+02:00,0x044C,0x5C,0x52
2026-09-18T23:03:50.738+02:00,0x04AD,0x0A,0x0B
2026-09-18T23:03:50.759+02:00,0x0566,0x9F,0xA4
2026-09-18T23:03:50.771+02:00,0x0602,0x66,0x67
2026-09-18T23:03:50.771+02:00,0x060C,0xA5,0xA8
2026-09-18T23:03:50.780+02:00,0x068D,0x03,0x02
2026-09-18T23:03:50.780+02:00,0x0694,0x02,0x00
2026-09-18T23:03:50.784+02:00,0x06CF,0x16,0x62
2026-09-18T23:03:50.784+02:00,0x06D6,0x03,0x08
2026-09-18T23:03:50.785+02:00,0x06E3,0x00,0x01
2026-09-18T23:03:50.785+02:00,0x06E4,0x03,0x0D
2026-09-18T23:03:50.786+02:00,0x06F8,0x79,0xC0
2026-09-18T23:03:50.786+02:00,0x06F9,0x1A,0x02
2026-09-18T23:03:50.787+02:00,0x070A,0xCC,0xD1
2026-09-18T23:03:50.793+02:00,0x075B,0x5C,0x5B
2026-09-18T23:03:50.793+02:00,0x075C,0x48,0x47
2026-09-18T23:03:51.213+02:00,0x0449,0x30,0x24
2026-09-18T23:03:51.213+02:00,0x044C,0x52,0x4C
2026-09-18T23:03:51.216+02:00,0x0464,0x0C,0x0B
2026-09-18T23:03:51.216+02:00,0x0465,0x30,0xC3
2026-09-18T23:03:51.217+02:00,0x046D,0xE5,0x89
2026-09-18T23:03:51.244+02:00,0x0566,0xA4,0xA9
2026-09-18T23:03:51.262+02:00,0x0602,0x67,0x68
2026-09-18T23:03:51.262+02:00,0x060C,0xA8,0xB6
2026-09-18T23:03:51.274+02:00,0x0680,0x02,0x04
2026-09-18T23:03:51.276+02:00,0x068B,0x05,0x01
2026-09-18T23:03:51.283+02:00,0x06CF,0x62,0x49
2026-09-18T23:03:51.284+02:00,0x06D6,0x08,0x03
2026-09-18T23:03:51.285+02:00,0x06E4,0x0D,0x08
2026-09-18T23:03:51.288+02:00,0x06F8,0xC0,0xD8
2026-09-18T23:03:51.288+02:00,0x06F9,0x02,0x1A
2026-09-18T23:03:51.288+02:00,0x06FA,0x33,0x34
2026-09-18T23:03:51.290+02:00,0x070A,0xD1,0xD2
2026-09-18T23:03:51.299+02:00,0x075B,0x5B,0x5A
2026-09-18T23:03:51.299+02:00,0x075C,0x47,0x46
2026-09-18T23:03:51.725+02:00,0x043E,0x3C,0x3E
2026-09-18T23:03:51.725+02:00,0x0449,0x24,0x27
2026-09-18T23:03:51.726+02:00,0x044C,0x4C,0x48
2026-09-18T23:03:51.732+02:00,0x04AD,0x0B,0x0C
2026-09-18T23:03:51.745+02:00,0x0566,0xA9,0xAE
2026-09-18T23:03:51.765+02:00,0x060C,0xB6,0xA1
2026-09-18T23:03:51.776+02:00,0x0680,0x04,0x05
2026-09-18T23:03:51.778+02:00,0x068B,0x01,0x05
2026-09-18T23:03:51.778+02:00,0x068D,0x02,0x09
2026-09-18T23:03:51.785+02:00,0x06CF,0x49,0x30
2026-09-18T23:03:51.786+02:00,0x06D6,0x03,0x08
2026-09-18T23:03:51.787+02:00,0x06E4,0x08,0x03
2026-09-18T23:03:51.789+02:00,0x06F8,0xD8,0x00
2026-09-18T23:03:51.789+02:00,0x06F9,0x1A,0x02
2026-09-18T23:03:52.227+02:00,0x043E,0x3E,0x3B
2026-09-18T23:03:52.229+02:00,0x0449,0x27,0x23
2026-09-18T23:03:52.229+02:00,0x044C,0x48,0x47
2026-09-18T23:03:52.233+02:00,0x0460,0x04,0x03
2026-09-18T23:03:52.233+02:00,0x0461,0x5A,0x46
2026-09-18T23:03:52.233+02:00,0x0465,0xC3,0xAA
2026-09-18T23:03:52.235+02:00,0x046D,0x89,0x79
2026-09-18T23:03:52.258+02:00,0x0566,0xAE,0xB3
2026-09-18T23:03:52.270+02:00,0x0602,0x68,0x66
2026-09-18T23:03:52.270+02:00,0x060C,0xA1,0x7B
2026-09-18T23:03:52.277+02:00,0x0670,0x5A,0x46
2026-09-18T23:03:52.278+02:00,0x0680,0x05,0x02
2026-09-18T23:03:52.279+02:00,0x068D,0x09,0x04
2026-09-18T23:03:52.284+02:00,0x06CF,0x30,0x17
2026-09-18T23:03:52.285+02:00,0x06D6,0x08,0x03
2026-09-18T23:03:52.285+02:00,0x06E3,0x01,0x00
2026-09-18T23:03:52.286+02:00,0x06E4,0x03,0x0D
2026-09-18T23:03:52.287+02:00,0x06F8,0x00,0x18
2026-09-18T23:03:52.287+02:00,0x06F9,0x02,0x1A
2026-09-18T23:03:52.287+02:00,0x06FA,0x34,0x35
2026-09-18T23:03:52.288+02:00,0x070A,0xD2,0xD3
2026-09-18T23:03:52.294+02:00,0x075C,0x46,0x5A
2026-09-18T23:03:52.714+02:00,0x043E,0x3B,0x3C
2026-09-18T23:03:52.714+02:00,0x0449,0x23,0x22
2026-09-18T23:03:52.715+02:00,0x044C,0x47,0x44
2026-09-18T23:03:52.721+02:00,0x04AD,0x0C,0x0D
2026-09-18T23:03:52.733+02:00,0x0566,0xB3,0xB8
2026-09-18T23:03:52.744+02:00,0x060C,0x7B,0x74
2026-09-18T23:03:52.744+02:00,0x0610,0xEF,0xFF
2026-09-18T23:03:52.751+02:00,0x0680,0x02,0x00
2026-09-18T23:03:52.752+02:00,0x068D,0x04,0x00
2026-09-18T23:03:52.756+02:00,0x06CE,0x05,0x64
2026-09-18T23:03:52.756+02:00,0x06CF,0x17,0x64
2026-09-18T23:03:52.757+02:00,0x06D6,0x03,0x08
2026-09-18T23:03:52.758+02:00,0x06E4,0x0D,0x08
2026-09-18T23:03:52.759+02:00,0x06F8,0x18,0x6C
2026-09-18T23:03:52.759+02:00,0x06F9,0x1A,0x02
2026-09-18T23:03:52.760+02:00,0x070A,0xD3,0xD8
2026-09-18T23:03:52.766+02:00,0x075B,0x5A,0x58
2026-09-18T23:03:52.766+02:00,0x075C,0x5A,0x58
2026-09-18T23:03:53.181+02:00,0x043E,0x3C,0x3D
2026-09-18T23:03:53.182+02:00,0x0449,0x22,0x26
2026-09-18T23:03:53.182+02:00,0x044C,0x44,0x4E
2026-09-18T23:03:53.184+02:00,0x0465,0xAA,0x81
2026-09-18T23:03:53.184+02:00,0x046C,0x09,0x0B
2026-09-18T23:03:53.184+02:00,0x046D,0x79,0x75
2026-09-18T23:03:53.203+02:00,0x0566,0xB8,0xBC
2026-09-18T23:03:53.213+02:00,0x0602,0x66,0x67
2026-09-18T23:03:53.213+02:00,0x060C,0x74,0x9D
2026-09-18T23:03:53.214+02:00,0x0610,0xFF,0xEF
2026-09-18T23:03:53.216+02:00,0x062E,0x02,0x01
2026-09-18T23:03:53.222+02:00,0x068B,0x05,0x06
2026-09-18T23:03:53.223+02:00,0x068D,0x00,0x02
2026-09-18T23:03:53.227+02:00,0x06CE,0x64,0x05
2026-09-18T23:03:53.227+02:00,0x06CF,0x64,0x4D
2026-09-18T23:03:53.228+02:00,0x06D6,0x08,0x04
2026-09-18T23:03:53.228+02:00,0x06E4,0x08,0x03
2026-09-18T23:03:53.229+02:00,0x06F8,0x6C,0xA3
2026-09-18T23:03:53.231+02:00,0x06F9,0x02,0x19
2026-09-18T23:03:53.231+02:00,0x06FA,0x35,0x36
2026-09-18T23:03:53.232+02:00,0x070A,0xD8,0xDD
2026-09-18T23:03:53.236+02:00,0x075B,0x58,0x57
2026-09-18T23:03:53.237+02:00,0x075C,0x58,0x57
2026-09-18T23:03:53.657+02:00,0x0449,0x26,0x29
2026-09-18T23:03:53.658+02:00,0x044C,0x4E,0x4F
2026-09-18T23:03:53.670+02:00,0x04AD,0x0D,0x0E
2026-09-18T23:03:53.687+02:00,0x0566,0xBC,0xC1
2026-09-18T23:03:53.698+02:00,0x060C,0x9D,0x82
2026-09-18T23:03:53.698+02:00,0x0610,0xEF,0xFF
2026-09-18T23:03:53.707+02:00,0x068B,0x06,0x05
2026-09-18T23:03:53.708+02:00,0x0694,0x00,0x02
2026-09-18T23:03:53.711+02:00,0x06CF,0x4D,0x35
2026-09-18T23:03:53.712+02:00,0x06D6,0x04,0x09
2026-09-18T23:03:53.713+02:00,0x06E3,0x00,0x01
2026-09-18T23:03:53.713+02:00,0x06E4,0x03,0x0D
2026-09-18T23:03:53.714+02:00,0x06F8,0xA3,0x6A
2026-09-18T23:03:53.714+02:00,0x06F9,0x19,0x01
2026-09-18T23:03:53.715+02:00,0x070A,0xDD,0xE1
2026-09-18T23:03:53.721+02:00,0x075B,0x57,0x55
2026-09-18T23:03:53.721+02:00,0x075C,0x57,0x55
2026-09-18T23:03:54.136+02:00,0x043E,0x3D,0x3C
2026-09-18T23:03:54.136+02:00,0x0449,0x29,0x2C
2026-09-18T23:03:54.137+02:00,0x044C,0x4F,0x54
2026-09-18T23:03:54.138+02:00,0x0465,0x81,0x20
2026-09-18T23:03:54.139+02:00,0x046D,0x75,0x2B
2026-09-18T23:03:54.154+02:00,0x0566,0xC1,0xC6
2026-09-18T23:03:54.165+02:00,0x060C,0x82,0x9E
2026-09-18T23:03:54.165+02:00,0x0610,0xFF,0xEF
2026-09-18T23:03:54.173+02:00,0x068B,0x05,0x06
2026-09-18T23:03:54.174+02:00,0x0694,0x02,0x00
2026-09-18T23:03:54.177+02:00,0x06CF,0x35,0x1D
2026-09-18T23:03:54.178+02:00,0x06D6,0x09,0x04
2026-09-18T23:03:54.179+02:00,0x06E4,0x0D,0x09
2026-09-18T23:03:54.180+02:00,0x06F8,0x6A,0xC0
2026-09-18T23:03:54.180+02:00,0x06F9,0x01,0x19
2026-09-18T23:03:54.180+02:00,0x06FA,0x36,0x37
2026-09-18T23:03:54.181+02:00,0x070A,0xE1,0xE6
2026-09-18T23:03:54.186+02:00,0x075B,0x55,0x54
2026-09-18T23:03:54.186+02:00,0x075C,0x55,0x54
2026-09-18T23:03:54.607+02:00,0x0449,0x2C,0x32
2026-09-18T23:03:54.607+02:00,0x044C,0x54,0x59
2026-09-18T23:03:54.618+02:00,0x04AD,0x0E,0x0F
2026-09-18T23:03:54.637+02:00,0x0566,0xC6,0xCB
2026-09-18T23:03:54.647+02:00,0x0602,0x67,0x66
2026-09-18T23:03:54.648+02:00,0x060C,0x9E,0xC5
2026-09-18T23:03:54.656+02:00,0x068B,0x06,0x05
2026-09-18T23:03:54.656+02:00,0x068D,0x02,0x01
2026-09-18T23:03:54.657+02:00,0x0694,0x00,0x02
2026-09-18T23:03:54.660+02:00,0x06CF,0x1D,0x05
2026-09-18T23:03:54.661+02:00,0x06D6,0x04,0x09
2026-09-18T23:03:54.662+02:00,0x06E4,0x09,0x04
2026-09-18T23:03:54.663+02:00,0x06F8,0xC0,0x04
2026-09-18T23:03:54.663+02:00,0x06F9,0x19,0x01
2026-09-18T23:03:54.663+02:00,0x070A,0xE6,0xEB
2026-09-18T23:03:54.669+02:00,0x075B,0x54,0x52
2026-09-18T23:03:54.669+02:00,0x075C,0x54,0x52
2026-09-18T23:03:55.089+02:00,0x043E,0x3C,0x3F
2026-09-18T23:03:55.090+02:00,0x0449,0x32,0x23
2026-09-18T23:03:55.090+02:00,0x044C,0x59,0x4C
2026-09-18T23:03:55.092+02:00,0x0460,0x03,0x04
2026-09-18T23:03:55.092+02:00,0x0461,0x46,0x5A
2026-09-18T23:03:55.093+02:00,0x0464,0x0B,0x0A
2026-09-18T23:03:55.093+02:00,0x0465,0x20,0xCF
2026-09-18T23:03:55.093+02:00,0x046C,0x0B,0x09
2026-09-18T23:03:55.093+02:00,0x046D,0x2B,0x9D
2026-09-18T23:03:55.100+02:00,0x04AB,0x2D,0x2E
2026-09-18T23:03:55.111+02:00,0x0514,0x2D,0x2E
2026-09-18T23:03:55.111+02:00,0x0516,0x2D,0x2E
2026-09-18T23:03:55.112+02:00,0x0518,0x84,0x98
2026-09-18T23:03:55.112+02:00,0x051A,0x84,0x98
2026-09-18T23:03:55.113+02:00,0x0528,0xC1,0xC2
2026-09-18T23:03:55.120+02:00,0x0566,0xCB,0xD0
2026-09-18T23:03:55.139+02:00,0x060C,0xC5,0xB0
2026-09-18T23:03:55.149+02:00,0x0670,0x46,0x5A
2026-09-18T23:03:55.150+02:00,0x0680,0x00,0x02
2026-09-18T23:03:55.152+02:00,0x068B,0x05,0x01
2026-09-18T23:03:55.152+02:00,0x068D,0x01,0x02
2026-09-18T23:03:55.153+02:00,0x0694,0x02,0x00
2026-09-18T23:03:55.159+02:00,0x06CF,0x05,0x51
2026-09-18T23:03:55.160+02:00,0x06D6,0x09,0x04
2026-09-18T23:03:55.161+02:00,0x06E3,0x01,0x00
2026-09-18T23:03:55.161+02:00,0x06E4,0x04,0x0E
2026-09-18T23:03:55.163+02:00,0x06F8,0x04,0xB0
2026-09-18T23:03:55.163+02:00,0x06F9,0x01,0x19
2026-09-18T23:03:55.163+02:00,0x06FA,0x37,0x38
2026-09-18T23:03:55.165+02:00,0x070A,0xEB,0xF0
2026-09-18T23:03:55.174+02:00,0x075B,0x52,0x54
2026-09-18T23:03:55.174+02:00,0x075C,0x52,0x40
2026-09-18T23:03:55.602+02:00,0x043E,0x3F,0x40
2026-09-18T23:03:55.603+02:00,0x044C,0x4C,0x47
2026-09-18T23:03:55.604+02:00,0x0460,0x04,0x05
2026-09-18T23:03:55.604+02:00,0x0461,0x5A,0x60
2026-09-18T23:03:55.609+02:00,0x04A6,0xC1,0xC2
2026-09-18T23:03:55.609+02:00,0x04AC,0x2D,0x2E
2026-09-18T23:03:55.609+02:00,0x04AD,0x0F,0x10
2026-09-18T23:03:55.622+02:00,0x0566,0xD0,0xD5
2026-09-18T23:03:55.640+02:00,0x0602,0x66,0x67
2026-09-18T23:03:55.641+02:00,0x060C,0xB0,0x98
2026-09-18T23:03:55.654+02:00,0x068B,0x01,0x05
2026-09-18T23:03:55.655+02:00,0x068D,0x02,0x08
2026-09-18T23:03:55.661+02:00,0x06CF,0x51,0x38
2026-09-18T23:03:55.662+02:00,0x06D6,0x04,0x09
2026-09-18T23:03:55.663+02:00,0x06E4,0x0E,0x09
2026-09-18T23:03:55.665+02:00,0x06F8,0xB0,0xA8
2026-09-18T23:03:55.665+02:00,0x06F9,0x19,0x01
2026-09-18T23:03:55.667+02:00,0x070A,0xF0,0xF5
2026-09-18T23:03:55.677+02:00,0x075B,0x54,0x55
2026-09-18T23:03:55.678+02:00,0x075C,0x40,0x41
2026-09-18T23:03:56.103+02:00,0x0436,0x84,0x98
2026-09-18T23:03:56.104+02:00,0x043E,0x40,0x3D
2026-09-18T23:03:56.104+02:00,0x0449,0x23,0x26
2026-09-18T23:03:56.105+02:00,0x044C,0x47,0x4D
2026-09-18T23:03:56.107+02:00,0x0460,0x05,0x04
2026-09-18T23:03:56.115+02:00,0x0461,0x60,0x5A
2026-09-18T23:03:56.115+02:00,0x0464,0x0A,0x0B
2026-09-18T23:03:56.116+02:00,0x0465,0xCF,0x20
2026-09-18T23:03:56.116+02:00,0x046C,0x09,0x08
2026-09-18T23:03:56.116+02:00,0x046D,0x9D,0xF8
2026-09-18T23:03:56.131+02:00,0x0566,0xD5,0xDA
2026-09-18T23:03:56.144+02:00,0x060C,0x98,0x96
2026-09-18T23:03:56.151+02:00,0x068B,0x05,0x04
2026-09-18T23:03:56.151+02:00,0x068C,0x00,0x87
2026-09-18T23:03:56.151+02:00,0x068D,0x08,0x09
2026-09-18T23:03:56.152+02:00,0x0694,0x00,0x02
2026-09-18T23:03:56.156+02:00,0x06CF,0x38,0x1F
2026-09-18T23:03:56.156+02:00,0x06D6,0x09,0x04
2026-09-18T23:03:56.157+02:00,0x06E4,0x09,0x04
2026-09-18T23:03:56.158+02:00,0x06F8,0xA8,0x1C
2026-09-18T23:03:56.158+02:00,0x06F9,0x01,0x19
2026-09-18T23:03:56.158+02:00,0x06FA,0x38,0x39
2026-09-18T23:03:56.159+02:00,0x070A,0xF5,0xFA
2026-09-18T23:03:56.164+02:00,0x075B,0x55,0x57
2026-09-18T23:03:56.164+02:00,0x075C,0x41,0x43
2026-09-18T23:03:56.584+02:00,0x0449,0x26,0x22
2026-09-18T23:03:56.584+02:00,0x044C,0x4D,0x4A
2026-09-18T23:03:56.590+02:00,0x04AD,0x10,0x11
2026-09-18T23:03:56.603+02:00,0x0566,0xDA,0xDF
2026-09-18T23:03:56.613+02:00,0x0602,0x67,0x66
2026-09-18T23:03:56.613+02:00,0x060C,0x96,0x74
2026-09-18T23:03:56.616+02:00,0x062E,0x01,0x00
2026-09-18T23:03:56.620+02:00,0x0680,0x02,0x00
2026-09-18T23:03:56.623+02:00,0x068C,0x87,0x83
2026-09-18T23:03:56.627+02:00,0x06CF,0x1F,0x07
2026-09-18T23:03:56.627+02:00,0x06D6,0x04,0x09
2026-09-18T23:03:56.628+02:00,0x06E3,0x00,0x01
2026-09-18T23:03:56.628+02:00,0x06E4,0x04,0x0E
2026-09-18T23:03:56.629+02:00,0x06F8,0x1C,0xD3
2026-09-18T23:03:56.629+02:00,0x06F9,0x19,0x00
2026-09-18T23:03:56.630+02:00,0x070A,0xFA,0xFF
2026-09-18T23:03:56.636+02:00,0x075B,0x57,0x59
2026-09-18T23:03:56.636+02:00,0x075C,0x43,0x45
2026-09-18T23:03:57.053+02:00,0x0449,0x22,0x23
2026-09-18T23:03:57.054+02:00,0x044C,0x4A,0x47
2026-09-18T23:03:57.056+02:00,0x0465,0x20,0x8D
2026-09-18T23:03:57.076+02:00,0x0566,0xDF,0xE3
2026-09-18T23:03:57.086+02:00,0x0602,0x66,0x65
2026-09-18T23:03:57.087+02:00,0x060C,0x74,0x85
2026-09-18T23:03:57.087+02:00,0x0610,0xEF,0xFF
2026-09-18T23:03:57.095+02:00,0x068C,0x83,0x00
2026-09-18T23:03:57.095+02:00,0x0694,0x02,0x00
2026-09-18T23:03:57.099+02:00,0x06CF,0x07,0x55
2026-09-18T23:03:57.100+02:00,0x06D6,0x09,0x05
2026-09-18T23:03:57.100+02:00,0x06E4,0x0E,0x09
2026-09-18T23:03:57.102+02:00,0x06F8,0xD3,0x6A
2026-09-18T23:03:57.103+02:00,0x06F9,0x00,0x18
2026-09-18T23:03:57.103+02:00,0x06FA,0x39,0x3A
2026-09-18T23:03:57.104+02:00,0x070A,0xFF,0x00
2026-09-18T23:03:57.109+02:00,0x075B,0x59,0x5A
2026-09-18T23:03:57.109+02:00,0x075C,0x45,0x46
2026-09-18T23:03:57.542+02:00,0x0449,0x23,0x28
2026-09-18T23:03:57.543+02:00,0x044C,0x47,0x53
2026-09-18T23:03:57.549+02:00,0x046C,0x08,0x09
2026-09-18T23:03:57.549+02:00,0x046D,0xF8,0x69
2026-09-18T23:03:57.557+02:00,0x04AD,0x11,0x12
2026-09-18T23:03:57.574+02:00,0x0566,0xE3,0xE8
2026-09-18T23:03:57.585+02:00,0x0602,0x65,0x66
2026-09-18T23:03:57.586+02:00,0x060C,0x85,0x89
2026-09-18T23:03:57.586+02:00,0x0610,0xFF,0xEF
2026-09-18T23:03:57.594+02:00,0x0680,0x00,0x02
2026-09-18T23:03:57.595+02:00,0x068B,0x04,0x05
2026-09-18T23:03:57.595+02:00,0x068D,0x09,0x05
2026-09-18T23:03:57.598+02:00,0x06CF,0x55,0x3C
2026-09-18T23:03:57.599+02:00,0x06D6,0x05,0x00
2026-09-18T23:03:57.600+02:00,0x06E4,0x09,0x04
2026-09-18T23:03:57.601+02:00,0x06F8,0x6A,0x72
2026-09-18T23:03:57.601+02:00,0x06F9,0x18,0x00
2026-09-18T23:03:58.026+02:00,0x043E,0x3D,0x3E
2026-09-18T23:03:58.027+02:00,0x0449,0x28,0x2D
2026-09-18T23:03:58.027+02:00,0x044C,0x53,0x57
2026-09-18T23:03:58.029+02:00,0x0465,0x8D,0xAA
2026-09-18T23:03:58.045+02:00,0x0566,0xE8,0xED
2026-09-18T23:03:58.054+02:00,0x0602,0x66,0x68
2026-09-18T23:03:58.055+02:00,0x060C,0x89,0x99
2026-09-18T23:03:58.062+02:00,0x068D,0x05,0x02
2026-09-18T23:03:58.066+02:00,0x06CF,0x3C,0x24
2026-09-18T23:03:58.067+02:00,0x06D6,0x00,0x05
2026-09-18T23:03:58.068+02:00,0x06E4,0x04,0x00
2026-09-18T23:03:58.069+02:00,0x06F8,0x72,0x18
2026-09-18T23:03:58.069+02:00,0x06F9,0x00,0x18
2026-09-18T23:03:58.069+02:00,0x06FA,0x3A,0x3B
2026-09-18T23:03:58.491+02:00,0x043E,0x3E,0x3D
2026-09-18T23:03:58.492+02:00,0x0449,0x2D,0x27
2026-09-18T23:03:58.492+02:00,0x044C,0x57,0x49
2026-09-18T23:03:58.494+02:00,0x046D,0x69,0x71
2026-09-18T23:03:58.510+02:00,0x0566,0xED,0xF2
2026-09-18T23:03:58.520+02:00,0x0602,0x68,0x67
2026-09-18T23:03:58.521+02:00,0x060C,0x99,0xB3
2026-09-18T23:03:58.529+02:00,0x0680,0x02,0x00
2026-09-18T23:03:58.530+02:00,0x068D,0x02,0x01
2026-09-18T23:03:58.534+02:00,0x06CF,0x24,0x0D
2026-09-18T23:03:58.534+02:00,0x06D6,0x05,0x00
2026-09-18T23:03:58.535+02:00,0x06E3,0x01,0x00
2026-09-18T23:03:58.535+02:00,0x06E4,0x00,0x0A
2026-09-18T23:03:58.536+02:00,0x06F8,0x18,0xAC
2026-09-18T23:03:58.537+02:00,0x06F9,0x18,0x00
2026-09-18T23:03:58.965+02:00,0x0449,0x27,0x2C
2026-09-18T23:03:58.965+02:00,0x044C,0x49,0x4D
2026-09-18T23:03:58.976+02:00,0x04AD,0x12,0x13
2026-09-18T23:03:58.997+02:00,0x0566,0xF2,0xF7
2026-09-18T23:03:59.014+02:00,0x0602,0x67,0x66
2026-09-18T23:03:59.014+02:00,0x060C,0xB3,0xB5
2026-09-18T23:03:59.027+02:00,0x0680,0x00,0x02
2026-09-18T23:03:59.028+02:00,0x068B,0x05,0x02
2026-09-18T23:03:59.028+02:00,0x068D,0x01,0x02
2026-09-18T23:03:59.036+02:00,0x06CF,0x0D,0x59
2026-09-18T23:03:59.037+02:00,0x06D6,0x00,0x05
2026-09-18T23:03:59.039+02:00,0x06E4,0x0A,0x05
2026-09-18T23:03:59.042+02:00,0x06F8,0xAC,0xC4
2026-09-18T23:03:59.042+02:00,0x06F9,0x00,0x18
2026-09-18T23:03:59.042+02:00,0x06FA,0x3B,0x3C
2026-09-18T23:03:59.466+02:00,0x043E,0x3D,0x3E
2026-09-18T23:03:59.468+02:00,0x0449,0x2C,0x28
2026-09-18T23:03:59.499+02:00,0x0566,0xF7,0xFC
2026-09-18T23:03:59.516+02:00,0x0602,0x66,0x65
2026-09-18T23:03:59.517+02:00,0x060C,0xB5,0xAC
2026-09-18T23:03:59.529+02:00,0x0680,0x02,0x04
2026-09-18T23:03:59.530+02:00,0x068B,0x02,0x05
2026-09-18T23:03:59.530+02:00,0x068D,0x02,0x08
2026-09-18T23:03:59.537+02:00,0x06CF,0x59,0x3F
2026-09-18T23:03:59.537+02:00,0x06D6,0x05,0x00
2026-09-18T23:03:59.539+02:00,0x06E4,0x05,0x00
2026-09-18T23:03:59.541+02:00,0x06F8,0xC4,0xDC
2026-09-18T23:03:59.541+02:00,0x06F9,0x18,0x00
2026-09-18T23:03:59.978+02:00,0x043E,0x3E,0x3B
2026-09-18T23:03:59.979+02:00,0x0449,0x28,0x25
2026-09-18T23:03:59.979+02:00,0x044C,0x4D,0x4A
2026-09-18T23:03:59.980+02:00,0x0460,0x04,0x03
2026-09-18T23:03:59.980+02:00,0x0461,0x5A,0x46
2026-09-18T23:03:59.985+02:00,0x04AD,0x13,0x14
2026-09-18T23:03:59.998+02:00,0x0566,0xFC,0x01
2026-09-18T23:04:00.007+02:00,0x0602,0x65,0x68
2026-09-18T23:04:00.008+02:00,0x0608,0x79,0x78
2026-09-18T23:04:00.008+02:00,0x060C,0xAC,0x80
2026-09-18T23:04:00.013+02:00,0x0648,0x0A,0x09
2026-09-18T23:04:00.015+02:00,0x0670,0x5A,0x46
2026-09-18T23:04:00.016+02:00,0x0680,0x04,0x05
2026-09-18T23:04:00.017+02:00,0x068D,0x08,0x04
2026-09-18T23:04:00.022+02:00,0x06CF,0x3F,0x27
2026-09-18T23:04:00.022+02:00,0x06D6,0x00,0x05
2026-09-18T23:04:00.023+02:00,0x06E3,0x00,0x01
2026-09-18T23:04:00.023+02:00,0x06E4,0x00,0x0A
2026-09-18T23:04:00.024+02:00,0x06F8,0xDC,0x13
2026-09-18T23:04:00.025+02:00,0x06F9,0x00,0x14
2026-09-18T23:04:00.025+02:00,0x06FA,0x3C,0x01
2026-09-18T23:04:00.026+02:00,0x070A,0x00,0x02
2026-09-18T23:04:00.033+02:00,0x075C,0x46,0x5A
2026-09-18T23:04:00.471+02:00,0x043E,0x3B,0x3C
2026-09-18T23:04:00.474+02:00,0x0449,0x25,0x28
2026-09-18T23:04:00.474+02:00,0x044C,0x4A,0x53
2026-09-18T23:04:00.479+02:00,0x046C,0x09,0x0A
2026-09-18T23:04:00.479+02:00,0x046D,0x71,0x66
2026-09-18T23:04:00.504+02:00,0x0566,0x01,0x06
2026-09-18T23:04:00.515+02:00,0x0602,0x68,0x65
2026-09-18T23:04:00.516+02:00,0x060C,0x80,0x84
2026-09-18T23:04:00.520+02:00,0x0648,0x09,0x0A
2026-09-18T23:04:00.523+02:00,0x0680,0x05,0x00
2026-09-18T23:04:00.524+02:00,0x068D,0x04,0x01
2026-09-18T23:04:00.528+02:00,0x06CF,0x27,0x0E
2026-09-18T23:04:00.529+02:00,0x06D6,0x05,0x00
2026-09-18T23:04:00.529+02:00,0x06E4,0x0A,0x05
2026-09-18T23:04:00.532+02:00,0x06F8,0x13,0xAC
2026-09-18T23:04:00.532+02:00,0x06F9,0x14,0x00
2026-09-18T23:04:00.533+02:00,0x070A,0x02,0x07
2026-09-18T23:04:00.538+02:00,0x075B,0x5A,0x58
2026-09-18T23:04:00.538+02:00,0x075C,0x5A,0x58
2026-09-18T23:04:00.958+02:00,0x043E,0x3C,0x3D
2026-09-18T23:04:00.959+02:00,0x0449,0x28,0x29
2026-09-18T23:04:00.959+02:00,0x044C,0x53,0x56
2026-09-18T23:04:00.965+02:00,0x04AD,0x14,0x15
2026-09-18T23:04:00.977+02:00,0x0566,0x06,0x0A
2026-09-18T23:04:00.987+02:00,0x0602,0x65,0x66
2026-09-18T23:04:00.988+02:00,0x060C,0x84,0x94
2026-09-18T23:04:00.990+02:00,0x062E,0x00,0x04
2026-09-18T23:04:00.995+02:00,0x068B,0x05,0x01
2026-09-18T23:04:00.996+02:00,0x068D,0x01,0x02
2026-09-18T23:04:01.000+02:00,0x06CF,0x0E,0x5B
2026-09-18T23:04:01.000+02:00,0x06D6,0x00,0x06
2026-09-18T23:04:01.002+02:00,0x06E4,0x05,0x00
2026-09-18T23:04:01.004+02:00,0x06F8,0xAC,0x02
2026-09-18T23:04:01.004+02:00,0x06F9,0x00,0x14
2026-09-18T23:04:01.004+02:00,0x06FA,0x01,0x02
2026-09-18T23:04:01.005+02:00,0x070A,0x07,0x0C
2026-09-18T23:04:01.010+02:00,0x075B,0x58,0x56
2026-09-18T23:04:01.010+02:00,0x075C,0x58,0x56
2026-09-18T23:04:01.426+02:00,0x0449,0x29,0x28
2026-09-18T23:04:01.427+02:00,0x044C,0x56,0x54
2026-09-18T23:04:01.428+02:00,0x0465,0xAA,0x5D
2026-09-18T23:04:01.429+02:00,0x046C,0x0A,0x0B
2026-09-18T23:04:01.429+02:00,0x046D,0x66,0x69
2026-09-18T23:04:01.444+02:00,0x0566,0x0A,0x0F
2026-09-18T23:04:01.454+02:00,0x0602,0x66,0x67
2026-09-18T23:04:01.455+02:00,0x060C,0x94,0xAB
2026-09-18T23:04:01.463+02:00,0x0680,0x00,0x05
2026-09-18T23:04:01.464+02:00,0x068B,0x01,0x05
2026-09-18T23:04:01.464+02:00,0x068D,0x02,0x01
2026-09-18T23:04:01.464+02:00,0x0694,0x00,0x02
2026-09-18T23:04:01.468+02:00,0x06CF,0x5B,0x44
2026-09-18T23:04:01.469+02:00,0x06D6,0x06,0x01
2026-09-18T23:04:01.470+02:00,0x06E3,0x01,0x00
2026-09-18T23:04:01.470+02:00,0x06E4,0x00,0x0B
2026-09-18T23:04:01.471+02:00,0x06F8,0x02,0x79
2026-09-18T23:04:01.471+02:00,0x06F9,0x14,0x0C
2026-09-18T23:04:01.472+02:00,0x070A,0x0C,0x10
2026-09-18T23:04:01.477+02:00,0x075B,0x56,0x55
2026-09-18T23:04:01.477+02:00,0x075C,0x56,0x55
2026-09-18T23:04:01.896+02:00,0x0449,0x28,0x23
2026-09-18T23:04:01.896+02:00,0x044C,0x54,0x4E
2026-09-18T23:04:01.902+02:00,0x04AD,0x15,0x16
2026-09-18T23:04:01.915+02:00,0x0566,0x0F,0x14
2026-09-18T23:04:01.925+02:00,0x0602,0x67,0x66
2026-09-18T23:04:01.925+02:00,0x060C,0xAB,0x8A
2026-09-18T23:04:01.933+02:00,0x068B,0x05,0x01
2026-09-18T23:04:01.933+02:00,0x068D,0x01,0x02
2026-09-18T23:04:01.934+02:00,0x0694,0x02,0x00
2026-09-18T23:04:01.938+02:00,0x06CF,0x44,0x2C
2026-09-18T23:04:01.938+02:00,0x06D6,0x01,0x06
2026-09-18T23:04:01.939+02:00,0x06E4,0x0B,0x06
2026-09-18T23:04:01.940+02:00,0x06F8,0x79,0x1C
2026-09-18T23:04:01.940+02:00,0x06F9,0x0C,0x14
2026-09-18T23:04:01.940+02:00,0x06FA,0x02,0x03
2026-09-18T23:04:01.942+02:00,0x070A,0x10,0x15
2026-09-18T23:04:01.947+02:00,0x075B,0x55,0x53
2026-09-18T23:04:01.947+02:00,0x075C,0x55,0x53
2026-09-18T23:04:02.363+02:00,0x0449,0x23,0x35
2026-09-18T23:04:02.363+02:00,0x044C,0x4E,0x55
2026-09-18T23:04:02.365+02:00,0x0464,0x0B,0x0A
2026-09-18T23:04:02.365+02:00,0x0465,0x5D,0xF0
2026-09-18T23:04:02.366+02:00,0x046D,0x69,0x15
2026-09-18T23:04:02.382+02:00,0x0566,0x14,0x19
2026-09-18T23:04:02.392+02:00,0x0602,0x66,0x67
2026-09-18T23:04:02.392+02:00,0x060C,0x8A,0x9A
2026-09-18T23:04:02.393+02:00,0x0610,0xEF,0xFF
2026-09-18T23:04:02.395+02:00,0x062E,0x04,0x03
2026-09-18T23:04:02.400+02:00,0x0680,0x05,0x04
2026-09-18T23:04:02.401+02:00,0x068B,0x01,0x02
2026-09-18T23:04:02.401+02:00,0x068D,0x02,0x00
2026-09-18T23:04:02.405+02:00,0x06CF,0x2C,0x15
2026-09-18T23:04:02.405+02:00,0x06D6,0x06,0x01
2026-09-18T23:04:02.406+02:00,0x06E4,0x06,0x01
2026-09-18T23:04:02.408+02:00,0x06F8,0x1C,0x63
2026-09-18T23:04:02.408+02:00,0x06F9,0x14,0x1B
2026-09-18T23:04:02.409+02:00,0x070A,0x15,0x1A
2026-09-18T23:04:02.414+02:00,0x075B,0x53,0x52
2026-09-18T23:04:02.414+02:00,0x075C,0x53,0x52
2026-09-18T23:04:02.833+02:00,0x0449,0x35,0x28
2026-09-18T23:04:02.834+02:00,0x044C,0x55,0x4A
2026-09-18T23:04:02.836+02:00,0x0460,0x03,0x04
2026-09-18T23:04:02.836+02:00,0x0461,0x46,0x5A
2026-09-18T23:04:02.843+02:00,0x04AD,0x16,0x17
2026-09-18T23:04:02.865+02:00,0x0566,0x19,0x1D
2026-09-18T23:04:02.884+02:00,0x0602,0x67,0x66
2026-09-18T23:04:02.885+02:00,0x060C,0x9A,0xA1
2026-09-18T23:04:02.886+02:00,0x0610,0xFF,0xEF
2026-09-18T23:04:02.891+02:00,0x0670,0x46,0x5A
2026-09-18T23:04:02.893+02:00,0x0680,0x04,0x05
2026-09-18T23:04:02.893+02:00,0x068B,0x02,0x05
2026-09-18T23:04:02.894+02:00,0x068D,0x00,0x06
2026-09-18T23:04:02.898+02:00,0x06CF,0x15,0x61
2026-09-18T23:04:02.898+02:00,0x06D6,0x01,0x07
2026-09-18T23:04:02.899+02:00,0x06E3,0x00,0x01
2026-09-18T23:04:02.899+02:00,0x06E4,0x01,0x0B
2026-09-18T23:04:02.900+02:00,0x06F8,0x63,0xBB
2026-09-18T23:04:02.900+02:00,0x06F9,0x1B,0x03
2026-09-18T23:04:02.901+02:00,0x070A,0x1A,0x1F
2026-09-18T23:04:02.907+02:00,0x075B,0x52,0x54
2026-09-18T23:04:02.907+02:00,0x075C,0x52,0x40
2026-09-18T23:04:03.325+02:00,0x043E,0x3D,0x3B
2026-09-18T23:04:03.326+02:00,0x0449,0x28,0x25
2026-09-18T23:04:03.327+02:00,0x044C,0x4A,0x46
2026-09-18T23:04:03.329+02:00,0x0460,0x04,0x03
2026-09-18T23:04:03.329+02:00,0x0461,0x5A,0x46
2026-09-18T23:04:03.329+02:00,0x0465,0xF0,0xDA
2026-09-18T23:04:03.330+02:00,0x046C,0x0B,0x08
2026-09-18T23:04:03.331+02:00,0x046D,0x15,0xFF
2026-09-18T23:04:03.360+02:00,0x0566,0x1D,0x22
2026-09-18T23:04:03.379+02:00,0x0602,0x66,0x67
2026-09-18T23:04:03.381+02:00,0x060C,0xA1,0xA2
2026-09-18T23:04:03.393+02:00,0x0670,0x5A,0x46
2026-09-18T23:04:03.395+02:00,0x0680,0x05,0x00
2026-09-18T23:04:03.397+02:00,0x068D,0x06,0x01
2026-09-18T23:04:03.404+02:00,0x06CF,0x61,0x47
2026-09-18T23:04:03.405+02:00,0x06D6,0x07,0x01
2026-09-18T23:04:03.407+02:00,0x06E4,0x0B,0x06
2026-09-18T23:04:03.409+02:00,0x06F8,0xBB,0xD3
2026-09-18T23:04:03.409+02:00,0x06F9,0x03,0x1B
2026-09-18T23:04:03.409+02:00,0x06FA,0x03,0x04
2026-09-18T23:04:03.411+02:00,0x070A,0x1F,0x24
2026-09-18T23:04:03.420+02:00,0x075C,0x40,0x54
2026-09-18T23:04:03.859+02:00,0x043E,0x3B,0x3C
2026-09-18T23:04:03.861+02:00,0x0449,0x25,0x24
2026-09-18T23:04:03.862+02:00,0x044C,0x46,0x48
2026-09-18T23:04:03.875+02:00,0x04AD,0x17,0x18
2026-09-18T23:04:03.897+02:00,0x0566,0x22,0x28
2026-09-18T23:04:03.913+02:00,0x0602,0x67,0x66
2026-09-18T23:04:03.914+02:00,0x060C,0xA2,0x87
2026-09-18T23:04:03.918+02:00,0x062E,0x03,0x04
2026-09-18T23:04:03.926+02:00,0x0680,0x00,0x05
2026-09-18T23:04:03.927+02:00,0x068B,0x05,0x01
2026-09-18T23:04:03.927+02:00,0x068D,0x01,0x02
2026-09-18T23:04:03.937+02:00,0x06CF,0x47,0x2D
2026-09-18T23:04:03.938+02:00,0x06D6,0x01,0x06
2026-09-18T23:04:03.940+02:00,0x06E4,0x06,0x01
2026-09-18T23:04:03.943+02:00,0x06F8,0xD3,0x70
2026-09-18T23:04:03.943+02:00,0x06F9,0x1B,0x14
2026-09-18T23:04:03.943+02:00,0x06FA,0x04,0x05
2026-09-18T23:04:03.946+02:00,0x070A,0x24,0x29
2026-09-18T23:04:03.957+02:00,0x075B,0x54,0x53
2026-09-18T23:04:03.957+02:00,0x075C,0x54,0x53
2026-09-18T23:04:04.392+02:00,0x0449,0x24,0x33
2026-09-18T23:04:04.393+02:00,0x044C,0x48,0x6D
2026-09-18T23:04:04.397+02:00,0x0465,0xDA,0xE9
2026-09-18T23:04:04.398+02:00,0x046C,0x08,0x0A
2026-09-18T23:04:04.399+02:00,0x046D,0xFF,0xCF
2026-09-18T23:04:04.423+02:00,0x0566,0x28,0x2D
2026-09-18T23:04:04.434+02:00,0x0602,0x66,0x67
2026-09-18T23:04:04.435+02:00,0x060C,0x87,0x94
2026-09-18T23:04:04.442+02:00,0x0680,0x05,0x02
2026-09-18T23:04:04.444+02:00,0x068B,0x01,0x05
2026-09-18T23:04:04.444+02:00,0x068D,0x02,0x09
2026-09-18T23:04:04.448+02:00,0x06CF,0x2D,0x13
2026-09-18T23:04:04.449+02:00,0x06D6,0x06,0x01
2026-09-18T23:04:04.450+02:00,0x06E3,0x01,0x00
2026-09-18T23:04:04.450+02:00,0x06E4,0x01,0x0B
2026-09-18T23:04:04.451+02:00,0x06F8,0x70,0x18
2026-09-18T23:04:04.451+02:00,0x06F9,0x14,0x0C
2026-09-18T23:04:04.452+02:00,0x070A,0x29,0x2E
2026-09-18T23:04:04.457+02:00,0x075B,0x53,0x51
2026-09-18T23:04:04.457+02:00,0x075C,0x53,0x51
2026-09-18T23:04:04.876+02:00,0x043E,0x3C,0x3D
2026-09-18T23:04:04.877+02:00,0x0449,0x33,0x25
2026-09-18T23:04:04.877+02:00,0x044C,0x6D,0x49
2026-09-18T23:04:04.883+02:00,0x04AD,0x18,0x19
2026-09-18T23:04:04.896+02:00,0x0566,0x2D,0x32
2026-09-18T23:04:04.906+02:00,0x060C,0x94,0x80
2026-09-18T23:04:04.906+02:00,0x0610,0xEF,0xFF
2026-09-18T23:04:04.913+02:00,0x0680,0x02,0x00
2026-09-18T23:04:04.915+02:00,0x068D,0x09,0x05
2026-09-18T23:04:04.920+02:00,0x06CF,0x13,0x60
2026-09-18T23:04:04.921+02:00,0x06D6,0x01,0x06
2026-09-18T23:04:04.922+02:00,0x06E4,0x0B,0x06
2026-09-18T23:04:04.924+02:00,0x06F8,0x18,0xDC
2026-09-18T23:04:04.924+02:00,0x06F9,0x0C,0x14
2026-09-18T23:04:04.924+02:00,0x06FA,0x05,0x06
2026-09-18T23:04:04.925+02:00,0x070A,0x2E,0x33
2026-09-18T23:04:04.932+02:00,0x075B,0x51,0x4F
2026-09-18T23:04:04.933+02:00,0x075C,0x51,0x4F
2026-09-18T23:04:04.939+02:00,0x07A6,0x19,0x29
2026-09-18T23:04:05.349+02:00,0x043E,0x3D,0x3F
2026-09-18T23:04:05.351+02:00,0x0449,0x25,0x3D
2026-09-18T23:04:05.351+02:00,0x044C,0x49,0x6E
2026-09-18T23:04:05.353+02:00,0x0460,0x03,0x04
2026-09-18T23:04:05.353+02:00,0x0461,0x46,0x5A
2026-09-18T23:04:05.353+02:00,0x0465,0xE9,0x79
2026-09-18T23:04:05.354+02:00,0x046D,0xCF,0x8E
2026-09-18T23:04:05.370+02:00,0x0566,0x32,0x36
2026-09-18T23:04:05.382+02:00,0x0602,0x67,0x68
2026-09-18T23:04:05.383+02:00,0x060C,0x80,0xC1
2026-09-18T23:04:05.385+02:00,0x062E,0x04,0x03
2026-09-18T23:04:05.389+02:00,0x0670,0x46,0x5A
2026-09-18T23:04:05.391+02:00,0x068D,0x05,0x01
2026-09-18T23:04:05.396+02:00,0x06CF,0x60,0x49
2026-09-18T23:04:05.396+02:00,0x06D6,0x06,0x01
2026-09-18T23:04:05.397+02:00,0x06E4,0x06,0x01
2026-09-18T23:04:05.399+02:00,0x06F8,0xDC,0x63
2026-09-18T23:04:05.399+02:00,0x06F9,0x14,0x1B
2026-09-18T23:04:05.400+02:00,0x070A,0x33,0x38
2026-09-18T23:04:05.406+02:00,0x075B,0x4F,0x4E
2026-09-18T23:04:05.406+02:00,0x075C,0x4F,0x3A
2026-09-18T23:04:05.823+02:00,0x043E,0x3F,0x46
2026-09-18T23:04:05.824+02:00,0x0449,0x3D,0x45
2026-09-18T23:04:05.824+02:00,0x044C,0x6E,0x82
2026-09-18T23:04:05.826+02:00,0x0460,0x04,0x06
2026-09-18T23:04:05.826+02:00,0x0461,0x5A,0x64
2026-09-18T23:04:05.831+02:00,0x04AD,0x19,0x1A
2026-09-18T23:04:05.844+02:00,0x0566,0x36,0x3B
2026-09-18T23:04:05.855+02:00,0x0602,0x68,0x66
2026-09-18T23:04:05.856+02:00,0x060C,0xC1,0xEA
2026-09-18T23:04:05.857+02:00,0x0610,0xFF,0xEF
2026-09-18T23:04:05.863+02:00,0x0670,0x5A,0x64
2026-09-18T23:04:05.865+02:00,0x068D,0x01,0x00
2026-09-18T23:04:05.869+02:00,0x06CF,0x49,0x31
2026-09-18T23:04:05.870+02:00,0x06D6,0x01,0x07
2026-09-18T23:04:05.871+02:00,0x06E3,0x00,0x01
2026-09-18T23:04:05.871+02:00,0x06E4,0x01,0x0C
2026-09-18T23:04:05.872+02:00,0x06F8,0x63,0xAA
2026-09-18T23:04:05.872+02:00,0x06F9,0x1B,0x03
2026-09-18T23:04:05.873+02:00,0x070A,0x38,0x3C
2026-09-18T23:04:05.879+02:00,0x075B,0x4E,0x50
2026-09-18T23:04:05.879+02:00,0x075C,0x3A,0x3C
2026-09-18T23:04:06.296+02:00,0x043E,0x46,0x4D
2026-09-18T23:04:06.297+02:00,0x0449,0x45,0x38
2026-09-18T23:04:06.297+02:00,0x044C,0x82,0x6E
2026-09-18T23:04:06.299+02:00,0x0460,0x06,0x08
2026-09-18T23:04:06.299+02:00,0x0461,0x64,0x8C
2026-09-18T23:04:06.299+02:00,0x0465,0x79,0x62
2026-09-18T23:04:06.300+02:00,0x046C,0x0A,0x08
2026-09-18T23:04:06.300+02:00,0x046D,0x8E,0x52
2026-09-18T23:04:06.320+02:00,0x0566,0x3B,0x40
2026-09-18T23:04:06.333+02:00,0x0602,0x66,0x68
2026-09-18T23:04:06.333+02:00,0x060C,0xEA,0xCC
2026-09-18T23:04:06.334+02:00,0x0610,0xEF,0xCF
2026-09-18T23:04:06.341+02:00,0x0670,0x64,0x8C
2026-09-18T23:04:06.343+02:00,0x068B,0x05,0x02
2026-09-18T23:04:06.343+02:00,0x068D,0x00,0x02
2026-09-18T23:04:06.347+02:00,0x06CF,0x31,0x19
2026-09-18T23:04:06.347+02:00,0x06D6,0x07,0x02
2026-09-18T23:04:06.348+02:00,0x06E4,0x0C,0x07
2026-09-18T23:04:06.350+02:00,0x06F8,0xAA,0xA1
2026-09-18T23:04:06.350+02:00,0x06F9,0x03,0x1B
2026-09-18T23:04:06.350+02:00,0x06FA,0x06,0x07
2026-09-18T23:04:06.351+02:00,0x070A,0x3C,0x41
2026-09-18T23:04:06.356+02:00,0x075B,0x50,0x51
2026-09-18T23:04:06.357+02:00,0x075C,0x3C,0x51
2026-09-18T23:04:06.776+02:00,0x043E,0x4D,0x4E
2026-09-18T23:04:06.777+02:00,0x0449,0x38,0x35
2026-09-18T23:04:06.777+02:00,0x044C,0x6E,0x5B
2026-09-18T23:04:06.788+02:00,0x04AD,0x1A,0x1B
2026-09-18T23:04:06.808+02:00,0x0566,0x40,0x45
2026-09-18T23:04:06.824+02:00,0x0602,0x68,0x66
2026-09-18T23:04:06.824+02:00,0x060C,0xCC,0xBD
2026-09-18T23:04:06.824+02:00,0x0610,0xCF,0xEF
2026-09-18T23:04:06.832+02:00,0x068B,0x02,0x05
2026-09-18T23:04:06.832+02:00,0x068D,0x02,0x09
2026-09-18T23:04:06.836+02:00,0x06CF,0x19,0x00
2026-09-18T23:04:06.837+02:00,0x06D6,0x02,0x07
2026-09-18T23:04:06.837+02:00,0x06E4,0x07,0x02
2026-09-18T23:04:06.839+02:00,0x06F8,0xA1,0xD8
2026-09-18T23:04:06.839+02:00,0x06F9,0x1B,0x03
2026-09-18T23:04:06.840+02:00,0x070A,0x41,0x46
2026-09-18T23:04:06.845+02:00,0x075B,0x51,0x53
2026-09-18T23:04:06.845+02:00,0x075C,0x51,0x53
2026-09-18T23:04:07.265+02:00,0x043E,0x4E,0x49
2026-09-18T23:04:07.266+02:00,0x0449,0x35,0x29
2026-09-18T23:04:07.267+02:00,0x044C,0x5B,0x5A
2026-09-18T23:04:07.270+02:00,0x0465,0x62,0xC5
2026-09-18T23:04:07.271+02:00,0x046C,0x08,0x0A
2026-09-18T23:04:07.271+02:00,0x046D,0x52,0xDA
2026-09-18T23:04:07.302+02:00,0x0566,0x45,0x4A
2026-09-18T23:04:07.321+02:00,0x0602,0x66,0x65
2026-09-18T23:04:07.322+02:00,0x060C,0xBD,0xBC
2026-09-18T23:04:07.336+02:00,0x0680,0x00,0x04
2026-09-18T23:04:07.337+02:00,0x068D,0x09,0x03
2026-09-18T23:04:07.346+02:00,0x06CF,0x00,0x4C
2026-09-18T23:04:07.346+02:00,0x06D6,0x07,0x02
2026-09-18T23:04:07.348+02:00,0x06E3,0x01,0x00
2026-09-18T23:04:07.348+02:00,0x06E4,0x02,0x0C
2026-09-18T23:04:07.350+02:00,0x06F8,0xD8,0xA1
2026-09-18T23:04:07.350+02:00,0x06F9,0x03,0x1B
2026-09-18T23:04:07.351+02:00,0x06FA,0x07,0x08
2026-09-18T23:04:07.352+02:00,0x070A,0x46,0x4B
2026-09-18T23:04:07.362+02:00,0x075B,0x53,0x55
2026-09-18T23:04:07.362+02:00,0x075C,0x53,0x55
2026-09-18T23:04:07.788+02:00,0x043E,0x49,0x44
2026-09-18T23:04:07.789+02:00,0x0449,0x29,0x2B
2026-09-18T23:04:07.789+02:00,0x044C,0x5A,0x50
2026-09-18T23:04:07.790+02:00,0x0460,0x08,0x07
2026-09-18T23:04:07.790+02:00,0x0461,0x8C,0x6E
2026-09-18T23:04:07.796+02:00,0x04AD,0x1B,0x1C
2026-09-18T23:04:07.810+02:00,0x0566,0x4A,0x4F
2026-09-18T23:04:07.825+02:00,0x0602,0x65,0x67
2026-09-18T23:04:07.826+02:00,0x060C,0xBC,0xB0
2026-09-18T23:04:07.839+02:00,0x0670,0x8C,0x6E
2026-09-18T23:04:07.841+02:00,0x0680,0x04,0x05
2026-09-18T23:04:07.843+02:00,0x068D,0x03,0x01
2026-09-18T23:04:07.851+02:00,0x06CF,0x4C,0x32
2026-09-18T23:04:07.851+02:00,0x06D6,0x02,0x07
2026-09-18T23:04:07.854+02:00,0x06E4,0x0C,0x07
2026-09-18T23:04:07.856+02:00,0x06F8,0xA1,0xC9
2026-09-18T23:04:07.856+02:00,0x06F9,0x1B,0x03
2026-09-18T23:04:07.858+02:00,0x070A,0x4B,0x50
2026-09-18T23:04:07.869+02:00,0x075B,0x55,0x56
2026-09-18T23:04:07.870+02:00,0x075C,0x55,0x42
2026-09-18T23:04:08.294+02:00,0x043E,0x44,0x43
2026-09-18T23:04:08.295+02:00,0x0449,0x2B,0x46
2026-09-18T23:04:08.295+02:00,0x044C,0x50,0x7B
2026-09-18T23:04:08.297+02:00,0x0464,0x0A,0x0B
2026-09-18T23:04:08.297+02:00,0x0465,0xC5,0x2B
2026-09-18T23:04:08.297+02:00,0x046C,0x0A,0x09
2026-09-18T23:04:08.298+02:00,0x046D,0xDA,0xAE
2026-09-18T23:04:08.316+02:00,0x0566,0x4F,0x54
2026-09-18T23:04:08.327+02:00,0x060C,0xB0,0xEB
2026-09-18T23:04:08.328+02:00,0x0610,0xEF,0xCF
2026-09-18T23:04:08.337+02:00,0x0680,0x05,0x00
2026-09-18T23:04:08.338+02:00,0x068B,0x05,0x02
2026-09-18T23:04:08.338+02:00,0x068D,0x01,0x02
2026-09-18T23:04:08.343+02:00,0x06CF,0x32,0x1A
2026-09-18T23:04:08.343+02:00,0x06D6,0x07,0x02
2026-09-18T23:04:08.344+02:00,0x06E4,0x07,0x02
2026-09-18T23:04:08.346+02:00,0x06F8,0xC9,0xA1
2026-09-18T23:04:08.346+02:00,0x06F9,0x03,0x1B
2026-09-18T23:04:08.346+02:00,0x06FA,0x08,0x09
2026-09-18T23:04:08.347+02:00,0x070A,0x50,0x55
2026-09-18T23:04:08.352+02:00,0x075B,0x56,0x58
2026-09-18T23:04:08.353+02:00,0x075C,0x42,0x44
2026-09-18T23:04:08.769+02:00,0x043E,0x43,0x49
2026-09-18T23:04:08.770+02:00,0x0449,0x46,0x5A
2026-09-18T23:04:08.770+02:00,0x044C,0x7B,0x93
2026-09-18T23:04:08.776+02:00,0x04AD,0x1C,0x1D
2026-09-18T23:04:08.788+02:00,0x0566,0x54,0x59
2026-09-18T23:04:08.799+02:00,0x060C,0xEB,0x18
2026-09-18T23:04:08.799+02:00,0x060D,0x00,0x01
2026-09-18T23:04:08.799+02:00,0x0610,0xCF,0xEF
2026-09-18T23:04:08.807+02:00,0x0680,0x00,0x05
2026-09-18T23:04:08.808+02:00,0x068B,0x02,0x04
2026-09-18T23:04:08.808+02:00,0x068D,0x02,0x09
2026-09-18T23:04:08.812+02:00,0x06CF,0x1A,0x02
2026-09-18T23:04:08.813+02:00,0x06D6,0x02,0x07
2026-09-18T23:04:08.814+02:00,0x06E3,0x00,0x01
2026-09-18T23:04:08.814+02:00,0x06E4,0x02,0x0C
2026-09-18T23:04:08.815+02:00,0x06F8,0xA1,0xC4
2026-09-18T23:04:08.815+02:00,0x06F9,0x1B,0x03
2026-09-18T23:04:08.817+02:00,0x070A,0x55,0x5A
2026-09-18T23:04:08.821+02:00,0x075B,0x58,0x5A
2026-09-18T23:04:08.822+02:00,0x075C,0x44,0x46
2026-09-18T23:04:09.238+02:00,0x043E,0x49,0x4F
2026-09-18T23:04:09.239+02:00,0x0449,0x5A,0x4B
2026-09-18T23:04:09.239+02:00,0x044C,0x93,0x85
2026-09-18T23:04:09.240+02:00,0x0460,0x07,0x08
2026-09-18T23:04:09.241+02:00,0x0461,0x6E,0x8C
2026-09-18T23:04:09.241+02:00,0x0465,0x2B,0x8D
2026-09-18T23:04:09.241+02:00,0x046C,0x09,0x0A
2026-09-18T23:04:09.241+02:00,0x046D,0xAE,0x5C
2026-09-18T23:04:09.259+02:00,0x0566,0x59,0x5D
2026-09-18T23:04:09.268+02:00,0x0602,0x67,0x66
2026-09-18T23:04:09.269+02:00,0x060C,0x18,0xDD
2026-09-18T23:04:09.270+02:00,0x060D,0x01,0x00
2026-09-18T23:04:09.273+02:00,0x062E,0x03,0x02
2026-09-18T23:04:09.277+02:00,0x0670,0x6E,0x8C
2026-09-18T23:04:09.279+02:00,0x068B,0x04,0x05
2026-09-18T23:04:09.280+02:00,0x068D,0x09,0x06
2026-09-18T23:04:09.284+02:00,0x06CF,0x02,0x50
2026-09-18T23:04:09.284+02:00,0x06D6,0x07,0x02
2026-09-18T23:04:09.285+02:00,0x06E4,0x0C,0x07
2026-09-18T23:04:09.286+02:00,0x06F8,0xC4,0x7B
2026-09-18T23:04:09.286+02:00,0x06F9,0x03,0x1A
2026-09-18T23:04:09.287+02:00,0x06FA,0x09,0x0A
2026-09-18T23:04:09.288+02:00,0x070A,0x5A,0x5F
2026-09-18T23:04:09.294+02:00,0x075B,0x5A,0x5B
2026-09-18T23:04:09.294+02:00,0x075C,0x46,0x5B
2026-09-18T23:04:09.711+02:00,0x0449,0x4B,0x4E
2026-09-18T23:04:09.711+02:00,0x044C,0x85,0x8F
2026-09-18T23:04:09.718+02:00,0x04AD,0x1D,0x1E
2026-09-18T23:04:09.732+02:00,0x0566,0x5D,0x62
2026-09-18T23:04:09.743+02:00,0x060C,0xDD,0xE3
2026-09-18T23:04:09.752+02:00,0x068D,0x06,0x02
2026-09-18T23:04:09.757+02:00,0x06CF,0x50,0x38
2026-09-18T23:04:09.758+02:00,0x06D6,0x02,0x08
2026-09-18T23:04:09.759+02:00,0x06E4,0x07,0x03
2026-09-18T23:04:09.760+02:00,0x06F8,0x7B,0xB2
2026-09-18T23:04:09.760+02:00,0x06F9,0x1A,0x02
2026-09-18T23:04:09.762+02:00,0x070A,0x5F,0x63
2026-09-18T23:04:09.767+02:00,0x075B,0x5B,0x5D
2026-09-18T23:04:09.768+02:00,0x075C,0x5B,0x5D
2026-09-18T23:04:10.190+02:00,0x043E,0x4F,0x53
2026-09-18T23:04:10.192+02:00,0x0449,0x4E,0x40
2026-09-18T23:04:10.193+02:00,0x044C,0x8F,0x7A
2026-09-18T23:04:10.196+02:00,0x0460,0x08,0x09
2026-09-18T23:04:10.196+02:00,0x0461,0x8C,0xAA
2026-09-18T23:04:10.196+02:00,0x0465,0x8D,0xFB
2026-09-18T23:04:10.197+02:00,0x046C,0x0A,0x0C
2026-09-18T23:04:10.197+02:00,0x046D,0x5C,0x15
2026-09-18T23:04:10.217+02:00,0x0566,0x62,0x67
2026-09-18T23:04:10.229+02:00,0x0602,0x66,0x67
2026-09-18T23:04:10.229+02:00,0x060C,0xE3,0xF0
2026-09-18T23:04:10.237+02:00,0x0670,0x8C,0xAA
2026-09-18T23:04:10.239+02:00,0x068D,0x02,0x01
2026-09-18T23:04:10.243+02:00,0x06CF,0x38,0x1F
2026-09-18T23:04:10.244+02:00,0x06D6,0x08,0x03
2026-09-18T23:04:10.245+02:00,0x06E3,0x01,0x00
2026-09-18T23:04:10.245+02:00,0x06E4,0x03,0x0D
2026-09-18T23:04:10.247+02:00,0x06F8,0xB2,0x79
2026-09-18T23:04:10.247+02:00,0x06F9,0x02,0x1A
2026-09-18T23:04:10.247+02:00,0x06FA,0x0A,0x0B
2026-09-18T23:04:10.248+02:00,0x070A,0x63,0x68
2026-09-18T23:04:10.256+02:00,0x075B,0x5D,0x5E
2026-09-18T23:04:10.256+02:00,0x075C,0x5D,0x5E
2026-09-18T23:04:10.679+02:00,0x0449,0x40,0x48
2026-09-18T23:04:10.680+02:00,0x044C,0x7A,0x7C
2026-09-18T23:04:10.691+02:00,0x04AD,0x1E,0x1F
2026-09-18T23:04:10.714+02:00,0x0566,0x67,0x6C
2026-09-18T23:04:10.735+02:00,0x060C,0xF0,0x00
2026-09-18T23:04:10.736+02:00,0x060D,0x00,0x01
2026-09-18T23:04:10.749+02:00,0x0680,0x05,0x02
2026-09-18T23:04:10.750+02:00,0x068D,0x01,0x02
2026-09-18T23:04:10.752+02:00,0x0694,0x00,0x02
2026-09-18T23:04:10.759+02:00,0x06CF,0x1F,0x06
2026-09-18T23:04:10.760+02:00,0x06D6,0x03,0x08
2026-09-18T23:04:10.762+02:00,0x06E4,0x0D,0x07
2026-09-18T23:04:10.764+02:00,0x06F8,0x79,0x72
2026-09-18T23:04:10.764+02:00,0x06F9,0x1A,0x02
2026-09-18T23:04:10.766+02:00,0x070A,0x68,0x6D
2026-09-18T23:04:10.776+02:00,0x075B,0x5E,0x60
2026-09-18T23:04:10.777+02:00,0x075C,0x5E,0x60
2026-09-18T23:04:11.202+02:00,0x043E,0x53,0x52
2026-09-18T23:04:11.204+02:00,0x0449,0x48,0x2F
2026-09-18T23:04:11.204+02:00,0x044C,0x7C,0x61
2026-09-18T23:04:11.207+02:00,0x0464,0x0B,0x0C
2026-09-18T23:04:11.207+02:00,0x0465,0xFB,0x5E
2026-09-18T23:04:11.208+02:00,0x046D,0x15,0x7A
2026-09-18T23:04:11.237+02:00,0x0566,0x6C,0x71
2026-09-18T23:04:11.255+02:00,0x0602,0x67,0x66
2026-09-18T23:04:11.256+02:00,0x060C,0x00,0xBF
2026-09-18T23:04:11.257+02:00,0x060D,0x01,0x00
2026-09-18T23:04:11.270+02:00,0x0680,0x02,0x05
2026-09-18T23:04:11.272+02:00,0x068B,0x05,0x02
2026-09-18T23:04:11.273+02:00,0x0694,0x02,0x00
2026-09-18T23:04:11.280+02:00,0x06CF,0x06,0x51
2026-09-18T23:04:11.281+02:00,0x06D6,0x08,0x02
2026-09-18T23:04:11.282+02:00,0x06E4,0x07,0x02
2026-09-18T23:04:11.285+02:00,0x06F8,0x72,0x7B
2026-09-18T23:04:11.285+02:00,0x06F9,0x02,0x1A
2026-09-18T23:04:11.285+02:00,0x06FA,0x0B,0x0C
2026-09-18T23:04:11.287+02:00,0x070A,0x6D,0x73
2026-09-18T23:04:11.296+02:00,0x075B,0x60,0x62
2026-09-18T23:04:11.296+02:00,0x075C,0x60,0x62
2026-09-18T23:04:11.722+02:00,0x0449,0x2F,0x39
2026-09-18T23:04:11.722+02:00,0x044C,0x61,0x6B
2026-09-18T23:04:11.728+02:00,0x04AD,0x1F,0x20
2026-09-18T23:04:11.740+02:00,0x0566,0x71,0x76
2026-09-18T23:04:11.750+02:00,0x0602,0x66,0x65
2026-09-18T23:04:11.750+02:00,0x060C,0xBF,0xC9
2026-09-18T23:04:11.758+02:00,0x068B,0x02,0x05
2026-09-18T23:04:11.758+02:00,0x068D,0x02,0x09
2026-09-18T23:04:11.763+02:00,0x06CF,0x51,0x38
2026-09-18T23:04:11.764+02:00,0x06D6,0x02,0x08
2026-09-18T23:04:11.764+02:00,0x06E3,0x00,0x01
2026-09-18T23:04:11.764+02:00,0x06E4,0x02,0x0C
2026-09-18T23:04:11.766+02:00,0x06F8,0x7B,0xC2
2026-09-18T23:04:11.766+02:00,0x06F9,0x1A,0x02
2026-09-18T23:04:11.767+02:00,0x070A,0x73,0x77
2026-09-18T23:04:11.772+02:00,0x075B,0x62,0x64
2026-09-18T23:04:11.772+02:00,0x075C,0x62,0x64
2026-09-18T23:04:12.187+02:00,0x043E,0x52,0x56
2026-09-18T23:04:12.188+02:00,0x0449,0x39,0x32
2026-09-18T23:04:12.188+02:00,0x044C,0x6B,0x63
2026-09-18T23:04:12.189+02:00,0x0460,0x09,0x0A
2026-09-18T23:04:12.189+02:00,0x0461,0xAA,0xC8
2026-09-18T23:04:12.190+02:00,0x0465,0x5E,0xB4
2026-09-18T23:04:12.190+02:00,0x046D,0x7A,0xD1
2026-09-18T23:04:12.206+02:00,0x0566,0x76,0x7B
2026-09-18T23:04:12.216+02:00,0x0602,0x65,0x66
2026-09-18T23:04:12.217+02:00,0x060C,0xC9,0xCF
2026-09-18T23:04:12.224+02:00,0x0670,0xAA,0xC8
2026-09-18T23:04:12.226+02:00,0x068D,0x09,0x05
2026-09-18T23:04:12.231+02:00,0x06CF,0x38,0x21
2026-09-18T23:04:12.232+02:00,0x06D6,0x08,0x03
2026-09-18T23:04:12.233+02:00,0x06E4,0x0C,0x08
2026-09-18T23:04:12.234+02:00,0x06F8,0xC2,0xB9
2026-09-18T23:04:12.234+02:00,0x06F9,0x02,0x1A
2026-09-18T23:04:12.234+02:00,0x06FA,0x0C,0x0D
2026-09-18T23:04:12.235+02:00,0x070A,0x77,0x7C
2026-09-18T23:04:12.240+02:00,0x075B,0x64,0x65
2026-09-18T23:04:12.240+02:00,0x075C,0x64,0x65
2026-09-18T23:04:12.656+02:00,0x043E,0x56,0x54
2026-09-18T23:04:12.657+02:00,0x0449,0x32,0x33
2026-09-18T23:04:12.657+02:00,0x044C,0x63,0x64
2026-09-18T23:04:12.664+02:00,0x04AD,0x20,0x21
2026-09-18T23:04:12.676+02:00,0x0566,0x7B,0x80
2026-09-18T23:04:12.687+02:00,0x0602,0x66,0x68
2026-09-18T23:04:12.688+02:00,0x060C,0xCF,0xAF
2026-09-18T23:04:12.695+02:00,0x0680,0x05,0x04
2026-09-18T23:04:12.696+02:00,0x068D,0x05,0x02
2026-09-18T23:04:12.700+02:00,0x06CF,0x21,0x09
2026-09-18T23:04:12.701+02:00,0x06D6,0x03,0x08
2026-09-18T23:04:12.702+02:00,0x06E4,0x08,0x03
2026-09-18T23:04:12.703+02:00,0x06F8,0xB9,0xDC
2026-09-18T23:04:12.703+02:00,0x06F9,0x1A,0x02
2026-09-18T23:04:12.704+02:00,0x070A,0x7C,0x81
2026-09-18T23:04:12.710+02:00,0x075B,0x65,0x67
2026-09-18T23:04:12.710+02:00,0x075C,0x65,0x67
2026-09-18T23:04:13.127+02:00,0x043E,0x54,0x56
2026-09-18T23:04:13.128+02:00,0x0449,0x33,0x38
2026-09-18T23:04:13.128+02:00,0x044C,0x64,0x6B
2026-09-18T23:04:13.129+02:00,0x0464,0x0C,0x0D
2026-09-18T23:04:13.129+02:00,0x0465,0xB4,0x04
2026-09-18T23:04:13.130+02:00,0x046C,0x0C,0x0D
2026-09-18T23:04:13.130+02:00,0x046D,0xD1,0x14
2026-09-18T23:04:13.147+02:00,0x0566,0x80,0x84
2026-09-18T23:04:13.157+02:00,0x0602,0x68,0x66
2026-09-18T23:04:13.157+02:00,0x060C,0xAF,0xCA
2026-09-18T23:04:13.160+02:00,0x062E,0x02,0x01
2026-09-18T23:04:13.167+02:00,0x068D,0x02,0x01
2026-09-18T23:04:13.171+02:00,0x06CF,0x09,0x57
2026-09-18T23:04:13.171+02:00,0x06D6,0x08,0x03
2026-09-18T23:04:13.172+02:00,0x06E3,0x01,0x00
2026-09-18T23:04:13.172+02:00,0x06E4,0x03,0x0D
2026-09-18T23:04:13.174+02:00,0x06F8,0xDC,0xA3
2026-09-18T23:04:13.174+02:00,0x06F9,0x02,0x19
2026-09-18T23:04:13.174+02:00,0x06FA,0x0D,0x0E
2026-09-18T23:04:13.175+02:00,0x070A,0x81,0x86
2026-09-18T23:04:13.180+02:00,0x075B,0x67,0x68
2026-09-18T23:04:13.180+02:00,0x075C,0x67,0x68
2026-09-18T23:04:13.597+02:00,0x043E,0x56,0x55
2026-09-18T23:04:13.598+02:00,0x0449,0x38,0x3F
2026-09-18T23:04:13.598+02:00,0x044C,0x6B,0x71
2026-09-18T23:04:13.604+02:00,0x04AD,0x21,0x22
2026-09-18T23:04:13.615+02:00,0x0566,0x84,0x89
2026-09-18T23:04:13.625+02:00,0x0602,0x66,0x65
2026-09-18T23:04:13.626+02:00,0x060C,0xCA,0xC6
2026-09-18T23:04:13.632+02:00,0x0680,0x04,0x02
2026-09-18T23:04:13.634+02:00,0x068B,0x05,0x00
2026-09-18T23:04:13.634+02:00,0x068D,0x01,0x02
2026-09-18T23:04:13.638+02:00,0x06CF,0x57,0x3F
2026-09-18T23:04:13.638+02:00,0x06D6,0x03,0x09
2026-09-18T23:04:13.639+02:00,0x06E4,0x0D,0x09
2026-09-18T23:04:13.641+02:00,0x06F8,0xA3,0xC9
2026-09-18T23:04:13.641+02:00,0x06F9,0x19,0x01
2026-09-18T23:04:13.642+02:00,0x070A,0x86,0x8A
2026-09-18T23:04:13.647+02:00,0x075B,0x68,0x6A
2026-09-18T23:04:13.647+02:00,0x075C,0x68,0x6A
2026-09-18T23:04:14.066+02:00,0x043E,0x55,0x54
2026-09-18T23:04:14.067+02:00,0x0449,0x3F,0x39
2026-09-18T23:04:14.068+02:00,0x044C,0x71,0x6B
2026-09-18T23:04:14.070+02:00,0x0465,0x04,0x64
2026-09-18T23:04:14.071+02:00,0x046D,0x14,0x7A
2026-09-18T23:04:14.100+02:00,0x0566,0x89,0x8E
2026-09-18T23:04:14.118+02:00,0x060C,0xC6,0xCF
2026-09-18T23:04:14.119+02:00,0x0610,0xEF,0xDF
2026-09-18T23:04:14.132+02:00,0x0680,0x02,0x04
2026-09-18T23:04:14.133+02:00,0x068B,0x00,0x04
2026-09-18T23:04:14.133+02:00,0x068D,0x02,0x09
2026-09-18T23:04:14.140+02:00,0x06CF,0x3F,0x26
2026-09-18T23:04:14.141+02:00,0x06D6,0x09,0x04
2026-09-18T23:04:14.143+02:00,0x06E4,0x09,0x04
2026-09-18T23:04:14.145+02:00,0x06F8,0xC9,0x11
2026-09-18T23:04:14.145+02:00,0x06F9,0x01,0x19
2026-09-18T23:04:14.145+02:00,0x06FA,0x0E,0x0F
2026-09-18T23:04:14.146+02:00,0x070A,0x8A,0x8F
2026-09-18T23:04:14.152+02:00,0x075B,0x6A,0x6B
2026-09-18T23:04:14.152+02:00,0x075C,0x6A,0x6B
2026-09-18T23:04:14.571+02:00,0x043E,0x54,0x55
2026-09-18T23:04:14.572+02:00,0x0449,0x39,0x3F
2026-09-18T23:04:14.572+02:00,0x044C,0x6B,0x7C
2026-09-18T23:04:14.583+02:00,0x04AD,0x22,0x23
2026-09-18T23:04:14.605+02:00,0x0566,0x8E,0x93
2026-09-18T23:04:14.624+02:00,0x060C,0xCF,0xDD
2026-09-18T23:04:14.625+02:00,0x0610,0xDF,0xEF
2026-09-18T23:04:14.637+02:00,0x0680,0x04,0x00
2026-09-18T23:04:14.639+02:00,0x068B,0x04,0x05
2026-09-18T23:04:14.639+02:00,0x068D,0x09,0x04
2026-09-18T23:04:14.647+02:00,0x06CF,0x26,0x0D
2026-09-18T23:04:14.648+02:00,0x06D6,0x04,0x09
2026-09-18T23:04:14.649+02:00,0x06E3,0x00,0x01
2026-09-18T23:04:14.649+02:00,0x06E4,0x04,0x0D
2026-09-18T23:04:14.651+02:00,0x06F8,0x11,0x6A
2026-09-18T23:04:14.652+02:00,0x06F9,0x19,0x01
2026-09-18T23:04:14.653+02:00,0x070A,0x8F,0x94
2026-09-18T23:04:14.662+02:00,0x075B,0x6B,0x6D
2026-09-18T23:04:14.662+02:00,0x075C,0x6B,0x6D
2026-09-18T23:04:15.084+02:00,0x0449,0x3F,0x32
2026-09-18T23:04:15.085+02:00,0x044C,0x7C,0x66
2026-09-18T23:04:15.086+02:00,0x0465,0x64,0xC3
2026-09-18T23:04:15.087+02:00,0x046D,0x7A,0xE6
2026-09-18T23:04:15.104+02:00,0x0566,0x93,0x98
2026-09-18T23:04:15.115+02:00,0x060C,0xDD,0xC2
2026-09-18T23:04:15.116+02:00,0x0610,0xEF,0xDF
2026-09-18T23:04:15.124+02:00,0x068D,0x04,0x00
2026-09-18T23:04:15.129+02:00,0x06CF,0x0D,0x5A
2026-09-18T23:04:15.129+02:00,0x06D6,0x09,0x04
2026-09-18T23:04:15.132+02:00,0x06E4,0x0D,0x09
2026-09-18T23:04:15.134+02:00,0x06F8,0x6A,0x61
2026-09-18T23:04:15.134+02:00,0x06F9,0x01,0x19
2026-09-18T23:04:15.134+02:00,0x06FA,0x0F,0x10
2026-09-18T23:04:15.136+02:00,0x070A,0x94,0x99
2026-09-18T23:04:15.145+02:00,0x075B,0x6D,0x6F
2026-09-18T23:04:15.145+02:00,0x075C,0x6D,0x6F
2026-09-18T23:04:15.570+02:00,0x0449,0x32,0x3E
2026-09-18T23:04:15.570+02:00,0x044C,0x66,0x73
2026-09-18T23:04:15.577+02:00,0x04AD,0x23,0x24
2026-09-18T23:04:15.590+02:00,0x0566,0x98,0x9D
2026-09-18T23:04:15.600+02:00,0x0602,0x65,0x66
2026-09-18T23:04:15.600+02:00,0x060C,0xC2,0xCD
2026-09-18T23:04:15.600+02:00,0x0610,0xDF,0xEF
2026-09-18T23:04:15.609+02:00,0x068B,0x05,0x06
2026-09-18T23:04:15.610+02:00,0x068D,0x00,0x02
2026-09-18T23:04:15.614+02:00,0x06CF,0x5A,0x41
2026-09-18T23:04:15.614+02:00,0x06D6,0x04,0x09
2026-09-18T23:04:15.615+02:00,0x06E4,0x09,0x04
2026-09-18T23:04:15.617+02:00,0x06F8,0x61,0xD8
2026-09-18T23:04:15.617+02:00,0x06F9,0x19,0x01
2026-09-18T23:04:15.618+02:00,0x070A,0x99,0x9E
2026-09-18T23:04:15.623+02:00,0x075B,0x6F,0x70
2026-09-18T23:04:15.623+02:00,0x075C,0x6F,0x70
2026-09-18T23:04:16.040+02:00,0x0449,0x3E,0x3C
2026-09-18T23:04:16.040+02:00,0x044C,0x73,0x74
2026-09-18T23:04:16.042+02:00,0x0464,0x0D,0x0E
2026-09-18T23:04:16.042+02:00,0x0465,0xC3,0x34
2026-09-18T23:04:16.042+02:00,0x046C,0x0D,0x0E
2026-09-18T23:04:16.042+02:00,0x046D,0xE6,0x34
2026-09-18T23:04:16.058+02:00,0x0566,0x9D,0xA2
2026-09-18T23:04:16.070+02:00,0x0602,0x66,0x65
2026-09-18T23:04:16.070+02:00,0x060C,0xCD,0xBF
2026-09-18T23:04:16.080+02:00,0x068B,0x06,0x02
2026-09-18T23:04:16.080+02:00,0x068D,0x02,0x01
2026-09-18T23:04:16.084+02:00,0x06CF,0x41,0x2A
2026-09-18T23:04:16.085+02:00,0x06D6,0x09,0x04
2026-09-18T23:04:16.086+02:00,0x06E3,0x01,0x00
2026-09-18T23:04:16.086+02:00,0x06E4,0x04,0x0E
2026-09-18T23:04:16.087+02:00,0x06F8,0xD8,0xAC
2026-09-18T23:04:16.087+02:00,0x06F9,0x01,0x19
2026-09-18T23:04:16.087+02:00,0x06FA,0x10,0x11
2026-09-18T23:04:16.088+02:00,0x070A,0x9E,0xA3
2026-09-18T23:04:16.094+02:00,0x075B,0x70,0x72
2026-09-18T23:04:16.094+02:00,0x075C,0x70,0x72
2026-09-18T23:04:16.510+02:00,0x043E,0x55,0x58
2026-09-18T23:04:16.511+02:00,0x0449,0x3C,0x36
2026-09-18T23:04:16.511+02:00,0x044C,0x74,0x6D
2026-09-18T23:04:16.517+02:00,0x04AD,0x24,0x25
2026-09-18T23:04:16.531+02:00,0x0566,0xA2,0xA6
2026-09-18T23:04:16.541+02:00,0x0602,0x65,0x66
2026-09-18T23:04:16.544+02:00,0x062E,0x01,0x00
2026-09-18T23:04:16.550+02:00,0x068B,0x02,0x05
2026-09-18T23:04:16.550+02:00,0x068D,0x01,0x09
2026-09-18T23:04:16.554+02:00,0x06CF,0x2A,0x12
2026-09-18T23:04:16.555+02:00,0x06D6,0x04,0x00
2026-09-18T23:04:16.556+02:00,0x06E4,0x0E,0x09
2026-09-18T23:04:16.557+02:00,0x06F8,0xAC,0x02
2026-09-18T23:04:16.557+02:00,0x06F9,0x19,0x00
2026-09-18T23:04:16.558+02:00,0x070A,0xA3,0xA8
2026-09-18T23:04:16.566+02:00,0x075B,0x72,0x74
2026-09-18T23:04:16.566+02:00,0x075C,0x72,0x74
2026-09-18T23:04:16.982+02:00,0x043E,0x58,0x55
2026-09-18T23:04:16.983+02:00,0x0449,0x36,0x3C
2026-09-18T23:04:16.983+02:00,0x044C,0x6D,0x72
2026-09-18T23:04:16.985+02:00,0x0465,0x34,0x92
2026-09-18T23:04:17.003+02:00,0x0566,0xA6,0xAB
2026-09-18T23:04:17.015+02:00,0x0602,0x66,0x67
2026-09-18T23:04:17.016+02:00,0x060C,0xBF,0xCF
2026-09-18T23:04:17.024+02:00,0x0680,0x00,0x05
2026-09-18T23:04:17.025+02:00,0x068D,0x09,0x05
2026-09-18T23:04:17.029+02:00,0x06CF,0x12,0x5F
2026-09-18T23:04:17.029+02:00,0x06D6,0x00,0x05
2026-09-18T23:04:17.030+02:00,0x06E4,0x09,0x05
2026-09-18T23:04:17.032+02:00,0x06F8,0x02,0xC9
2026-09-18T23:04:17.032+02:00,0x06F9,0x00,0x18
2026-09-18T23:04:17.032+02:00,0x06FA,0x11,0x12
2026-09-18T23:04:17.033+02:00,0x070A,0xA8,0xAC
2026-09-18T23:04:17.038+02:00,0x075B,0x74,0x75
2026-09-18T23:04:17.038+02:00,0x075C,0x74,0x75
2026-09-18T23:04:17.455+02:00,0x0449,0x3C,0x42
2026-09-18T23:04:17.455+02:00,0x044C,0x72,0x70
2026-09-18T23:04:17.457+02:00,0x046D,0x34,0x7F
2026-09-18T23:04:17.474+02:00,0x0566,0xAB,0xB0
2026-09-18T23:04:17.485+02:00,0x0602,0x67,0x65
2026-09-18T23:04:17.494+02:00,0x068D,0x05,0x01
2026-09-18T23:04:17.500+02:00,0x06CF,0x5F,0x48
2026-09-18T23:04:17.501+02:00,0x06D6,0x05,0x00
2026-09-18T23:04:17.502+02:00,0x06E4,0x05,0x00
2026-09-18T23:04:17.504+02:00,0x06F8,0xC9,0x70
2026-09-18T23:04:17.504+02:00,0x06F9,0x18,0x00
2026-09-18T23:04:17.505+02:00,0x070A,0xAC,0xB1
2026-09-18T23:04:17.511+02:00,0x075B,0x75,0x77
2026-09-18T23:04:17.511+02:00,0x075C,0x75,0x77
2026-09-18T23:04:17.930+02:00,0x043E,0x55,0x56
2026-09-18T23:04:17.931+02:00,0x0449,0x42,0x33
2026-09-18T23:04:17.931+02:00,0x044C,0x70,0x67
2026-09-18T23:04:17.934+02:00,0x0465,0x92,0xD4
2026-09-18T23:04:17.943+02:00,0x04AD,0x25,0x26
2026-09-18T23:04:17.962+02:00,0x0566,0xB0,0xB5
2026-09-18T23:04:17.978+02:00,0x0602,0x65,0x66
2026-09-18T23:04:17.980+02:00,0x060C,0xCF,0xD8
2026-09-18T23:04:17.993+02:00,0x0680,0x05,0x00
2026-09-18T23:04:17.995+02:00,0x068B,0x05,0x06
2026-09-18T23:04:17.995+02:00,0x068D,0x01,0x02
2026-09-18T23:04:18.003+02:00,0x06CF,0x48,0x2E
2026-09-18T23:04:18.004+02:00,0x06D6,0x00,0x05
2026-09-18T23:04:18.005+02:00,0x06E3,0x00,0x01
2026-09-18T23:04:18.005+02:00,0x06E4,0x00,0x0A
2026-09-18T23:04:18.008+02:00,0x06F8,0x70,0xD8
2026-09-18T23:04:18.008+02:00,0x06F9,0x00,0x18
2026-09-18T23:04:18.008+02:00,0x06FA,0x12,0x13
2026-09-18T23:04:18.010+02:00,0x070A,0xB1,0xB6
2026-09-18T23:04:18.018+02:00,0x075B,0x77,0x78
2026-09-18T23:04:18.018+02:00,0x075C,0x77,0x78
2026-09-18T23:04:18.439+02:00,0x0449,0x33,0x43
2026-09-18T23:04:18.440+02:00,0x044C,0x67,0x72
2026-09-18T23:04:18.444+02:00,0x046D,0x7F,0xE8
2026-09-18T23:04:18.473+02:00,0x0566,0xB5,0xBA
2026-09-18T23:04:18.491+02:00,0x0602,0x66,0x65
2026-09-18T23:04:18.492+02:00,0x060C,0xD8,0xE4
2026-09-18T23:04:18.506+02:00,0x0680,0x00,0x04
2026-09-18T23:04:18.508+02:00,0x068B,0x06,0x04
2026-09-18T23:04:18.508+02:00,0x068D,0x02,0x09
2026-09-18T23:04:18.515+02:00,0x06CF,0x2E,0x15
2026-09-18T23:04:18.516+02:00,0x06D6,0x05,0x00
2026-09-18T23:04:18.518+02:00,0x06E4,0x0A,0x05
2026-09-18T23:04:18.520+02:00,0x06F8,0xD8,0xA1
2026-09-18T23:04:18.520+02:00,0x06F9,0x18,0x00
2026-09-18T23:04:18.522+02:00,0x070A,0xB6,0xBB
2026-09-18T23:04:18.531+02:00,0x075B,0x78,0x7A
2026-09-18T23:04:18.531+02:00,0x075C,0x78,0x7A
2026-09-18T23:04:18.954+02:00,0x043E,0x56,0x55
2026-09-18T23:04:18.954+02:00,0x0449,0x43,0x38
2026-09-18T23:04:18.955+02:00,0x044C,0x72,0x6E
2026-09-18T23:04:18.956+02:00,0x0464,0x0E,0x0F
2026-09-18T23:04:18.956+02:00,0x0465,0xD4,0x34
2026-09-18T23:04:18.962+02:00,0x04AD,0x26,0x27
2026-09-18T23:04:18.974+02:00,0x0566,0xBA,0xBF
2026-09-18T23:04:18.984+02:00,0x0602,0x65,0x67
2026-09-18T23:04:18.985+02:00,0x060C,0xE4,0xB7
2026-09-18T23:04:18.985+02:00,0x0610,0xEF,0xFF
2026-09-18T23:04:18.994+02:00,0x068B,0x04,0x05
2026-09-18T23:04:18.994+02:00,0x068D,0x09,0x06
2026-09-18T23:04:18.998+02:00,0x06CF,0x15,0x62
2026-09-18T23:04:18.999+02:00,0x06D6,0x00,0x05
2026-09-18T23:04:19.000+02:00,0x06E4,0x05,0x00
2026-09-18T23:04:19.002+02:00,0x06F8,0xA1,0x68
2026-09-18T23:04:19.002+02:00,0x06F9,0x00,0x18
2026-09-18T23:04:19.002+02:00,0x06FA,0x13,0x14
2026-09-18T23:04:19.003+02:00,0x070A,0xBB,0xC0
2026-09-18T23:04:19.009+02:00,0x075B,0x7A,0x7C
2026-09-18T23:04:19.009+02:00,0x075C,0x7A,0x7C
2026-09-18T23:04:19.431+02:00,0x043E,0x55,0x56
2026-09-18T23:04:19.431+02:00,0x0449,0x38,0x34
2026-09-18T23:04:19.432+02:00,0x044C,0x6E,0x6A
2026-09-18T23:04:19.434+02:00,0x046C,0x0E,0x0F
2026-09-18T23:04:19.434+02:00,0x046D,0xE8,0x2D
2026-09-18T23:04:19.452+02:00,0x0566,0xBF,0xC4
2026-09-18T23:04:19.462+02:00,0x060C,0xB7,0xC5
2026-09-18T23:04:19.470+02:00,0x068D,0x06,0x02
2026-09-18T23:04:19.475+02:00,0x06CF,0x62,0x4A
2026-09-18T23:04:19.476+02:00,0x06D6,0x05,0x00
2026-09-18T23:04:19.477+02:00,0x06E3,0x01,0x00
2026-09-18T23:04:19.477+02:00,0x06E4,0x00,0x0A
2026-09-18T23:04:19.478+02:00,0x06F8,0x68,0x6C
2026-09-18T23:04:19.478+02:00,0x06F9,0x18,0x00
2026-09-18T23:04:19.479+02:00,0x070A,0xC0,0xC5
2026-09-18T23:04:19.484+02:00,0x075B,0x7C,0x7D
2026-09-18T23:04:19.485+02:00,0x075C,0x7C,0x7D
2026-09-18T23:04:19.900+02:00,0x0449,0x34,0x36
2026-09-18T23:04:19.900+02:00,0x044C,0x6A,0x6B
2026-09-18T23:04:19.907+02:00,0x04AD,0x27,0x28
2026-09-18T23:04:19.919+02:00,0x0566,0xC4,0xC8
2026-09-18T23:04:19.932+02:00,0x0602,0x67,0x66
2026-09-18T23:04:19.933+02:00,0x060C,0xC5,0xD0
2026-09-18T23:04:19.934+02:00,0x0610,0xFF,0xEF
2026-09-18T23:04:19.937+02:00,0x062E,0x00,0x04
2026-09-18T23:04:19.945+02:00,0x068D,0x02,0x01
2026-09-18T23:04:19.951+02:00,0x06CF,0x4A,0x32
2026-09-18T23:04:19.951+02:00,0x06D6,0x00,0x06
2026-09-18T23:04:19.952+02:00,0x06E4,0x0A,0x05
2026-09-18T23:04:19.954+02:00,0x06F8,0x6C,0xA3
2026-09-18T23:04:19.954+02:00,0x06F9,0x00,0x14
2026-09-18T23:04:19.954+02:00,0x06FA,0x14,0x15
2026-09-18T23:04:19.955+02:00,0x070A,0xC5,0xCA
2026-09-18T23:04:19.961+02:00,0x075B,0x7D,0x7F
2026-09-18T23:04:19.961+02:00,0x075C,0x7D,0x7F
2026-09-18T23:04:20.378+02:00,0x0449,0x36,0x35
2026-09-18T23:04:20.379+02:00,0x044C,0x6B,0x6A
2026-09-18T23:04:20.380+02:00,0x0465,0x34,0x7B
2026-09-18T23:04:20.382+02:00,0x046D,0x2D,0x82
2026-09-18T23:04:20.398+02:00,0x0566,0xC8,0xCD
2026-09-18T23:04:20.409+02:00,0x0602,0x66,0x67
2026-09-18T23:04:20.409+02:00,0x060C,0xD0,0xB6
2026-09-18T23:04:20.417+02:00,0x068B,0x05,0x00
2026-09-18T23:04:20.418+02:00,0x068D,0x01,0x02
2026-09-18T23:04:20.422+02:00,0x06CF,0x32,0x1A
2026-09-18T23:04:20.422+02:00,0x06D6,0x06,0x01
2026-09-18T23:04:20.423+02:00,0x06E4,0x05,0x01
2026-09-18T23:04:20.425+02:00,0x06F8,0xA3,0x09
2026-09-18T23:04:20.425+02:00,0x06F9,0x14,0x0C
2026-09-18T23:04:20.425+02:00,0x070A,0xCA,0xCE
2026-09-18T23:04:20.432+02:00,0x075B,0x7F,0x80
2026-09-18T23:04:20.432+02:00,0x075C,0x7F,0x80
2026-09-18T23:04:20.850+02:00,0x043E,0x56,0x58
2026-09-18T23:04:20.850+02:00,0x0449,0x35,0x37
2026-09-18T23:04:20.850+02:00,0x044C,0x6A,0x6C
2026-09-18T23:04:20.858+02:00,0x04AD,0x28,0x29
2026-09-18T23:04:20.870+02:00,0x0566,0xCD,0xD2
2026-09-18T23:04:20.881+02:00,0x0602,0x67,0x66
2026-09-18T23:04:20.882+02:00,0x060C,0xB6,0xB9
2026-09-18T23:04:20.890+02:00,0x0680,0x04,0x02
2026-09-18T23:04:20.890+02:00,0x068B,0x00,0x02
2026-09-18T23:04:20.890+02:00,0x068D,0x02,0x00
2026-09-18T23:04:20.895+02:00,0x06CF,0x1A,0x02
2026-09-18T23:04:20.895+02:00,0x06D6,0x01,0x06
2026-09-18T23:04:20.897+02:00,0x06E3,0x00,0x01
2026-09-18T23:04:20.897+02:00,0x06E4,0x01,0x0B
2026-09-18T23:04:20.898+02:00,0x06F8,0x09,0x70
2026-09-18T23:04:20.898+02:00,0x06F9,0x0C,0x14
2026-09-18T23:04:20.899+02:00,0x06FA,0x15,0x16
2026-09-18T23:04:20.900+02:00,0x070A,0xCE,0xD3
2026-09-18T23:04:20.907+02:00,0x075B,0x80,0x82
2026-09-18T23:04:20.907+02:00,0x075C,0x80,0x82
2026-09-18T23:04:21.326+02:00,0x043E,0x58,0x55
2026-09-18T23:04:21.327+02:00,0x0449,0x37,0x3C
2026-09-18T23:04:21.330+02:00,0x0465,0x7B,0xDC
2026-09-18T23:04:21.331+02:00,0x046D,0x82,0xCD
2026-09-18T23:04:21.356+02:00,0x0566,0xD2,0xD7
2026-09-18T23:04:21.370+02:00,0x060C,0xB9,0xC5
2026-09-18T23:04:21.379+02:00,0x0680,0x02,0x04
2026-09-18T23:04:21.380+02:00,0x068B,0x02,0x05
2026-09-18T23:04:21.380+02:00,0x068D,0x00,0x06
2026-09-18T23:04:21.385+02:00,0x06CF,0x02,0x4F
2026-09-18T23:04:21.386+02:00,0x06D6,0x06,0x01
2026-09-18T23:04:21.386+02:00,0x06E4,0x0B,0x06
2026-09-18T23:04:21.388+02:00,0x06F8,0x70,0xA8
2026-09-18T23:04:21.388+02:00,0x06F9,0x14,0x0C
2026-09-18T23:04:21.389+02:00,0x070A,0xD3,0xD8
2026-09-18T23:04:21.394+02:00,0x075B,0x82,0x84
2026-09-18T23:04:21.394+02:00,0x075C,0x82,0x84
2026-09-18T23:04:21.812+02:00,0x043E,0x55,0x53
2026-09-18T23:04:21.813+02:00,0x0449,0x3C,0x37
2026-09-18T23:04:21.814+02:00,0x044C,0x6C,0x66
2026-09-18T23:04:21.826+02:00,0x04AD,0x29,0x2A
2026-09-18T23:04:21.850+02:00,0x0566,0xD7,0xDC
2026-09-18T23:04:21.867+02:00,0x060C,0xC5,0xE1
2026-09-18T23:04:21.879+02:00,0x0680,0x04,0x05
2026-09-18T23:04:21.880+02:00,0x068D,0x06,0x01
2026-09-18T23:04:21.886+02:00,0x06CF,0x4F,0x36
2026-09-18T23:04:21.887+02:00,0x06D6,0x01,0x06
2026-09-18T23:04:21.889+02:00,0x06E4,0x06,0x01
2026-09-18T23:04:21.891+02:00,0x06F8,0xA8,0x70
2026-09-18T23:04:21.892+02:00,0x06F9,0x0C,0x14
2026-09-18T23:04:21.892+02:00,0x06FA,0x16,0x17
2026-09-18T23:04:21.893+02:00,0x070A,0xD8,0xDD
2026-09-18T23:04:21.901+02:00,0x075B,0x84,0x85
2026-09-18T23:04:21.902+02:00,0x075C,0x84,0x85
2026-09-18T23:04:22.323+02:00,0x043E,0x53,0x54
2026-09-18T23:04:22.323+02:00,0x0449,0x37,0x3D
2026-09-18T23:04:22.323+02:00,0x044C,0x66,0x74
2026-09-18T23:04:22.326+02:00,0x0464,0x0F,0x10
2026-09-18T23:04:22.326+02:00,0x0465,0xDC,0x2A
2026-09-18T23:04:22.327+02:00,0x046C,0x0F,0x10
2026-09-18T23:04:22.327+02:00,0x046D,0xCD,0x22
2026-09-18T23:04:22.350+02:00,0x0566,0xDC,0xE1
2026-09-18T23:04:22.369+02:00,0x060C,0xE1,0xB8
2026-09-18T23:04:22.384+02:00,0x0680,0x05,0x00
2026-09-18T23:04:22.386+02:00,0x068B,0x05,0x06
2026-09-18T23:04:22.386+02:00,0x068D,0x01,0x02
2026-09-18T23:04:22.394+02:00,0x06CF,0x36,0x1C
2026-09-18T23:04:22.395+02:00,0x06D6,0x06,0x01
2026-09-18T23:04:22.397+02:00,0x06E3,0x01,0x00
2026-09-18T23:04:22.397+02:00,0x06E4,0x01,0x0B
2026-09-18T23:04:22.399+02:00,0x06F8,0x70,0x18
2026-09-18T23:04:22.399+02:00,0x06F9,0x14,0x0C
2026-09-18T23:04:22.401+02:00,0x070A,0xDD,0xE2
2026-09-18T23:04:22.411+02:00,0x075B,0x85,0x87
2026-09-18T23:04:22.411+02:00,0x075C,0x85,0x87
2026-09-18T23:04:22.836+02:00,0x0449,0x3D,0x34
2026-09-18T23:04:22.837+02:00,0x044C,0x74,0x63
2026-09-18T23:04:22.843+02:00,0x04AD,0x2A,0x2B
2026-09-18T23:04:22.855+02:00,0x0566,0xE1,0xE6
2026-09-18T23:04:22.866+02:00,0x060A,0xF9,0xFA
2026-09-18T23:04:22.866+02:00,0x060C,0xB8,0xB4
2026-09-18T23:04:22.874+02:00,0x0680,0x00,0x02
2026-09-18T23:04:22.875+02:00,0x068B,0x06,0x02
2026-09-18T23:04:22.875+02:00,0x068D,0x02,0x00
2026-09-18T23:04:22.879+02:00,0x06CF,0x1C,0x04
2026-09-18T23:04:22.880+02:00,0x06D6,0x01,0x06
2026-09-18T23:04:22.881+02:00,0x06E4,0x0B,0x06
2026-09-18T23:04:22.882+02:00,0x06F8,0x18,0x1C
2026-09-18T23:04:22.882+02:00,0x06F9,0x0C,0x14
2026-09-18T23:04:22.882+02:00,0x06FA,0x17,0x18
2026-09-18T23:04:22.883+02:00,0x070A,0xE2,0xE7
2026-09-18T23:04:22.889+02:00,0x075B,0x87,0x89
2026-09-18T23:04:22.889+02:00,0x075C,0x87,0x89
2026-09-18T23:04:23.304+02:00,0x043E,0x54,0x55
2026-09-18T23:04:23.305+02:00,0x0449,0x34,0x36
2026-09-18T23:04:23.306+02:00,0x044C,0x63,0x67
2026-09-18T23:04:23.307+02:00,0x0465,0x2A,0x8C
2026-09-18T23:04:23.308+02:00,0x046D,0x22,0x83
2026-09-18T23:04:23.327+02:00,0x0566,0xE6,0xEB
2026-09-18T23:04:23.339+02:00,0x060C,0xB4,0xD4
2026-09-18T23:04:23.349+02:00,0x068B,0x02,0x05
2026-09-18T23:04:23.349+02:00,0x068D,0x00,0x08
2026-09-18T23:04:23.356+02:00,0x06CF,0x04,0x51
2026-09-18T23:04:23.357+02:00,0x06D6,0x06,0x01
2026-09-18T23:04:23.358+02:00,0x06E4,0x06,0x01
2026-09-18T23:04:23.359+02:00,0x06F8,0x1C,0x13
2026-09-18T23:04:23.359+02:00,0x06F9,0x14,0x1B
2026-09-18T23:04:23.360+02:00,0x070A,0xE7,0xEC
2026-09-18T23:04:23.367+02:00,0x075B,0x89,0x8A
2026-09-18T23:04:23.367+02:00,0x075C,0x89,0x8A
2026-09-18T23:04:23.785+02:00,0x0449,0x36,0x37
2026-09-18T23:04:23.785+02:00,0x044C,0x67,0x6E
2026-09-18T23:04:23.792+02:00,0x04AD,0x2B,0x2C
2026-09-18T23:04:23.805+02:00,0x0566,0xEB,0xEF
2026-09-18T23:04:23.815+02:00,0x060C,0xD4,0xB3
2026-09-18T23:04:23.818+02:00,0x062E,0x04,0x03
2026-09-18T23:04:23.823+02:00,0x0680,0x02,0x00
2026-09-18T23:04:23.824+02:00,0x068D,0x08,0x04
2026-09-18T23:04:23.828+02:00,0x06CF,0x51,0x39
2026-09-18T23:04:23.829+02:00,0x06D6,0x01,0x07
2026-09-18T23:04:23.831+02:00,0x06E3,0x00,0x01
2026-09-18T23:04:23.831+02:00,0x06E4,0x01,0x0B
2026-09-18T23:04:23.832+02:00,0x06F8,0x13,0xDA
2026-09-18T23:04:23.832+02:00,0x06F9,0x1B,0x03
2026-09-18T23:04:23.833+02:00,0x070A,0xEC,0xF0
2026-09-18T23:04:23.839+02:00,0x075B,0x8A,0x8C
2026-09-18T23:04:23.839+02:00,0x075C,0x8A,0x8C
2026-09-18T23:04:24.256+02:00,0x044C,0x6E,0x6D
2026-09-18T23:04:24.257+02:00,0x0465,0x8C,0xE1
2026-09-18T23:04:24.258+02:00,0x046D,0x83,0xCF
2026-09-18T23:04:24.274+02:00,0x0566,0xEF,0xF4
2026-09-18T23:04:24.288+02:00,0x060C,0xB3,0xC6
2026-09-18T23:04:24.288+02:00,0x0610,0xEF,0xCF
2026-09-18T23:04:24.297+02:00,0x068D,0x04,0x07
2026-09-18T23:04:24.297+02:00,0x0694,0x00,0x02
2026-09-18T23:04:24.302+02:00,0x06CF,0x39,0x22
2026-09-18T23:04:24.303+02:00,0x06D6,0x07,0x02
2026-09-18T23:04:24.304+02:00,0x06E4,0x0B,0x07
2026-09-18T23:04:24.306+02:00,0x06F8,0xDA,0x61
2026-09-18T23:04:24.306+02:00,0x06F9,0x03,0x1B
2026-09-18T23:04:24.306+02:00,0x06FA,0x18,0x19
2026-09-18T23:04:24.307+02:00,0x070A,0xF0,0xF5
2026-09-18T23:04:24.313+02:00,0x075B,0x8C,0x8D
2026-09-18T23:04:24.313+02:00,0x075C,0x8C,0x8D
2026-09-18T23:04:24.730+02:00,0x0449,0x37,0x3C
2026-09-18T23:04:24.730+02:00,0x044C,0x6D,0x70
2026-09-18T23:04:24.735+02:00,0x04AD,0x2C,0x2D
2026-09-18T23:04:24.748+02:00,0x0566,0xF4,0xF9
2026-09-18T23:04:24.758+02:00,0x0602,0x66,0x67
2026-09-18T23:04:24.759+02:00,0x060C,0xC6,0xDD
2026-09-18T23:04:24.759+02:00,0x0610,0xCF,0xEF
2026-09-18T23:04:24.767+02:00,0x068D,0x07,0x04
2026-09-18T23:04:24.767+02:00,0x0694,0x02,0x00
2026-09-18T23:04:24.770+02:00,0x06CF,0x22,0x0A
2026-09-18T23:04:24.771+02:00,0x06D6,0x02,0x07
2026-09-18T23:04:24.772+02:00,0x06E4,0x07,0x02
2026-09-18T23:04:24.773+02:00,0x06F8,0x61,0x04
2026-09-18T23:04:24.773+02:00,0x06F9,0x1B,0x03
2026-09-18T23:04:24.774+02:00,0x070A,0xF5,0xFA
2026-09-18T23:04:24.779+02:00,0x075B,0x8D,0x8F
2026-09-18T23:04:24.779+02:00,0x075C,0x8D,0x8F
2026-09-18T23:04:25.203+02:00,0x043E,0x55,0x54
2026-09-18T23:04:25.205+02:00,0x0449,0x3C,0x34
2026-09-18T23:04:25.206+02:00,0x044C,0x70,0x62
2026-09-18T23:04:25.209+02:00,0x0464,0x10,0x11
2026-09-18T23:04:25.209+02:00,0x0465,0xE1,0x30
2026-09-18T23:04:25.210+02:00,0x046C,0x10,0x11
2026-09-18T23:04:25.210+02:00,0x046D,0xCF,0x15
2026-09-18T23:04:25.237+02:00,0x0566,0xF9,0xFE
2026-09-18T23:04:25.255+02:00,0x0602,0x67,0x66
2026-09-18T23:04:25.256+02:00,0x060C,0xDD,0xD8
2026-09-18T23:04:25.268+02:00,0x0680,0x00,0x02
2026-09-18T23:04:25.269+02:00,0x068D,0x04,0x01
2026-09-18T23:04:25.274+02:00,0x06CF,0x0A,0x56
2026-09-18T23:04:25.275+02:00,0x06D6,0x07,0x02
2026-09-18T23:04:25.276+02:00,0x06E3,0x01,0x00
2026-09-18T23:04:25.276+02:00,0x06E4,0x02,0x0C
2026-09-18T23:04:25.277+02:00,0x06F8,0x04,0xB0
2026-09-18T23:04:25.277+02:00,0x06F9,0x03,0x1B
2026-09-18T23:04:25.277+02:00,0x06FA,0x19,0x1A
2026-09-18T23:04:25.279+02:00,0x070A,0xFA,0xFF
2026-09-18T23:04:25.284+02:00,0x075B,0x8F,0x91
2026-09-18T23:04:25.284+02:00,0x075C,0x8F,0x91
2026-09-18T23:04:25.706+02:00,0x043E,0x54,0x53
2026-09-18T23:04:25.707+02:00,0x0449,0x34,0x38
2026-09-18T23:04:25.708+02:00,0x044C,0x62,0x71
2026-09-18T23:04:25.718+02:00,0x04AD,0x2D,0x2E
2026-09-18T23:04:25.742+02:00,0x0566,0xFE,0x03
2026-09-18T23:04:25.760+02:00,0x0602,0x66,0x67
2026-09-18T23:04:25.761+02:00,0x060C,0xD8,0xCF
2026-09-18T23:04:25.775+02:00,0x0680,0x02,0x04
2026-09-18T23:04:25.777+02:00,0x068B,0x05,0x02
2026-09-18T23:04:25.777+02:00,0x068D,0x01,0x02
2026-09-18T23:04:25.785+02:00,0x06CF,0x56,0x3C
2026-09-18T23:04:25.786+02:00,0x06D6,0x02,0x07
2026-09-18T23:04:25.787+02:00,0x06E4,0x0C,0x07
2026-09-18T23:04:25.790+02:00,0x06F8,0xB0,0x18
2026-09-18T23:04:25.790+02:00,0x06F9,0x1B,0x03
2026-09-18T23:04:25.791+02:00,0x070A,0xFF,0x04
2026-09-18T23:04:25.802+02:00,0x075B,0x91,0x93
2026-09-18T23:04:25.802+02:00,0x075C,0x91,0x93
2026-09-18T23:04:26.226+02:00,0x043E,0x53,0x54
2026-09-18T23:04:26.227+02:00,0x0449,0x38,0x37
2026-09-18T23:04:26.227+02:00,0x044C,0x71,0x6E
2026-09-18T23:04:26.229+02:00,0x0465,0x30,0x8C
2026-09-18T23:04:26.229+02:00,0x046D,0x15,0x82
2026-09-18T23:04:26.246+02:00,0x0566,0x03,0x08
2026-09-18T23:04:26.257+02:00,0x0602,0x67,0x66
2026-09-18T23:04:26.258+02:00,0x060C,0xCF,0xCE
2026-09-18T23:04:26.272+02:00,0x0680,0x04,0x05
2026-09-18T23:04:26.274+02:00,0x068B,0x02,0x05
2026-09-18T23:04:26.274+02:00,0x068D,0x02,0x08
2026-09-18T23:04:26.282+02:00,0x06CF,0x3C,0x23
2026-09-18T23:04:26.283+02:00,0x06D6,0x07,0x02
2026-09-18T23:04:26.285+02:00,0x06E4,0x07,0x02
2026-09-18T23:04:26.287+02:00,0x06F8,0x18,0x40
2026-09-18T23:04:26.287+02:00,0x06F9,0x03,0x1B
2026-09-18T23:04:26.288+02:00,0x06FA,0x1A,0x1B
2026-09-18T23:04:26.289+02:00,0x070A,0x04,0x09
2026-09-18T23:04:26.302+02:00,0x075B,0x93,0x95
2026-09-18T23:04:26.302+02:00,0x075C,0x93,0x95
2026-09-18T23:04:26.728+02:00,0x043E,0x54,0x53
2026-09-18T23:04:26.729+02:00,0x0449,0x37,0x48
2026-09-18T23:04:26.730+02:00,0x044C,0x6E,0x83
2026-09-18T23:04:26.736+02:00,0x04AD,0x2E,0x2F
2026-09-18T23:04:26.749+02:00,0x0566,0x08,0x0D
2026-09-18T23:04:26.760+02:00,0x060C,0xCE,0x02
2026-09-18T23:04:26.761+02:00,0x060D,0x00,0x01
2026-09-18T23:04:26.761+02:00,0x0610,0xEF,0xFF
2026-09-18T23:04:26.769+02:00,0x0680,0x05,0x00
2026-09-18T23:04:26.769+02:00,0x068D,0x08,0x03
2026-09-18T23:04:26.775+02:00,0x06CF,0x23,0x0B
2026-09-18T23:04:26.775+02:00,0x06D6,0x02,0x07
2026-09-18T23:04:26.776+02:00,0x06E3,0x00,0x01
2026-09-18T23:04:26.776+02:00,0x06E4,0x02,0x0C
2026-09-18T23:04:26.778+02:00,0x06F8,0x40,0x68
2026-09-18T23:04:26.778+02:00,0x06F9,0x1B,0x03
2026-09-18T23:04:26.779+02:00,0x070A,0x09,0x0E
2026-09-18T23:04:26.786+02:00,0x075B,0x95,0x96
2026-09-18T23:04:26.786+02:00,0x075C,0x95,0x96
2026-09-18T23:04:27.203+02:00,0x043E,0x53,0x55
2026-09-18T23:04:27.204+02:00,0x0449,0x48,0x49
2026-09-18T23:04:27.204+02:00,0x044C,0x83,0x8B
2026-09-18T23:04:27.206+02:00,0x0465,0x8C,0xE2
2026-09-18T23:04:27.206+02:00,0x046D,0x82,0xBB
2026-09-18T23:04:27.226+02:00,0x0566,0x0D,0x12
2026-09-18T23:04:27.238+02:00,0x0602,0x66,0x67
2026-09-18T23:04:27.239+02:00,0x060C,0x02,0xFB
2026-09-18T23:04:27.239+02:00,0x060D,0x01,0x00
2026-09-18T23:04:27.239+02:00,0x0610,0xFF,0xEF
2026-09-18T23:04:27.249+02:00,0x068D,0x03,0x02
2026-09-18T23:04:27.254+02:00,0x06CF,0x0B,0x58
2026-09-18T23:04:27.254+02:00,0x06D6,0x07,0x02
2026-09-18T23:04:27.255+02:00,0x06E4,0x0C,0x07
2026-09-18T23:04:27.257+02:00,0x06F8,0x68,0x6C
2026-09-18T23:04:27.257+02:00,0x06F9,0x03,0x1B
2026-09-18T23:04:27.257+02:00,0x06FA,0x1B,0x1C
2026-09-18T23:04:27.259+02:00,0x070A,0x0E,0x13
2026-09-18T23:04:27.265+02:00,0x075B,0x96,0x98
2026-09-18T23:04:27.265+02:00,0x075C,0x96,0x98
2026-09-18T23:04:27.682+02:00,0x043E,0x55,0x57
2026-09-18T23:04:27.690+02:00,0x04AD,0x2F,0x30
2026-09-18T23:04:27.703+02:00,0x0566,0x12,0x16
2026-09-18T23:04:27.714+02:00,0x060C,0xFB,0xE6
2026-09-18T23:04:27.717+02:00,0x062E,0x03,0x02
2026-09-18T23:04:27.723+02:00,0x068B,0x05,0x00
2026-09-18T23:04:27.727+02:00,0x06CF,0x58,0x40
2026-09-18T23:04:27.728+02:00,0x06D6,0x02,0x07
2026-09-18T23:04:27.729+02:00,0x06E4,0x07,0x02
2026-09-18T23:04:27.731+02:00,0x06F8,0x6C,0xA3
2026-09-18T23:04:27.731+02:00,0x06F9,0x1B,0x02
2026-09-18T23:04:27.732+02:00,0x070A,0x13,0x18
2026-09-18T23:04:27.738+02:00,0x075B,0x98,0x9A
2026-09-18T23:04:27.738+02:00,0x075C,0x98,0x9A
2026-09-18T23:04:28.155+02:00,0x0449,0x49,0x37
2026-09-18T23:04:28.155+02:00,0x044C,0x8B,0x68
2026-09-18T23:04:28.157+02:00,0x0464,0x11,0x12
2026-09-18T23:04:28.157+02:00,0x0465,0xE2,0x27
2026-09-18T23:04:28.158+02:00,0x046C,0x11,0x12
2026-09-18T23:04:28.158+02:00,0x046D,0xBB,0x09
2026-09-18T23:04:28.175+02:00,0x0566,0x16,0x1B
2026-09-18T23:04:28.186+02:00,0x0602,0x67,0x68
2026-09-18T23:04:28.187+02:00,0x060C,0xE6,0xC6
2026-09-18T23:04:28.196+02:00,0x068B,0x00,0x02
2026-09-18T23:04:28.197+02:00,0x068D,0x02,0x01
2026-09-18T23:04:28.201+02:00,0x06CF,0x40,0x28
2026-09-18T23:04:28.201+02:00,0x06D6,0x07,0x03
2026-09-18T23:04:28.202+02:00,0x06E3,0x01,0x00
2026-09-18T23:04:28.202+02:00,0x06E4,0x02,0x0D
2026-09-18T23:04:28.204+02:00,0x06F8,0xA3,0x09
2026-09-18T23:04:28.204+02:00,0x06F9,0x02,0x1A
2026-09-18T23:04:28.204+02:00,0x06FA,0x1C,0x1D
2026-09-18T23:04:28.205+02:00,0x070A,0x18,0x1C
2026-09-18T23:04:28.210+02:00,0x075B,0x9A,0x9B
2026-09-18T23:04:28.210+02:00,0x075C,0x9A,0x9B
2026-09-18T23:04:28.630+02:00,0x043E,0x57,0x58
2026-09-18T23:04:28.632+02:00,0x0449,0x37,0x39
2026-09-18T23:04:28.632+02:00,0x044C,0x68,0x6C
2026-09-18T23:04:28.643+02:00,0x04AD,0x30,0x31
2026-09-18T23:04:28.666+02:00,0x0566,0x1B,0x20
2026-09-18T23:04:28.681+02:00,0x060C,0xC6,0xCA
2026-09-18T23:04:28.691+02:00,0x068B,0x02,0x05
2026-09-18T23:04:28.691+02:00,0x068D,0x01,0x07
2026-09-18T23:04:28.695+02:00,0x06CF,0x28,0x0F
2026-09-18T23:04:28.696+02:00,0x06D6,0x03,0x08
2026-09-18T23:04:28.697+02:00,0x06E4,0x0D,0x08
2026-09-18T23:04:28.699+02:00,0x06F8,0x09,0xD1
2026-09-18T23:04:28.699+02:00,0x06F9,0x1A,0x02
2026-09-18T23:04:28.700+02:00,0x070A,0x1C,0x21
2026-09-18T23:04:28.705+02:00,0x075B,0x9B,0x9D
2026-09-18T23:04:28.706+02:00,0x075C,0x9B,0x9D
2026-09-18T23:04:29.124+02:00,0x043E,0x58,0x56
2026-09-18T23:04:29.125+02:00,0x0449,0x39,0x4D
2026-09-18T23:04:29.126+02:00,0x044C,0x6C,0x8C
2026-09-18T23:04:29.128+02:00,0x0465,0x27,0x6E
2026-09-18T23:04:29.129+02:00,0x046D,0x09,0x59
2026-09-18T23:04:29.154+02:00,0x0566,0x20,0x25
2026-09-18T23:04:29.170+02:00,0x060C,0xCA,0x11
2026-09-18T23:04:29.171+02:00,0x060D,0x00,0x01
2026-09-18T23:04:29.182+02:00,0x0680,0x00,0x02
2026-09-18T23:04:29.184+02:00,0x068D,0x07,0x02
2026-09-18T23:04:29.189+02:00,0x06CF,0x0F,0x5B
2026-09-18T23:04:29.190+02:00,0x06D6,0x08,0x03
2026-09-18T23:04:29.191+02:00,0x06E4,0x08,0x03
2026-09-18T23:04:29.192+02:00,0x06F8,0xD1,0x79
2026-09-18T23:04:29.194+02:00,0x06F9,0x02,0x1A
2026-09-18T23:04:29.194+02:00,0x06FA,0x1D,0x1E
2026-09-18T23:04:29.195+02:00,0x070A,0x21,0x26
2026-09-18T23:04:29.202+02:00,0x075B,0x9D,0x9E
2026-09-18T23:04:29.202+02:00,0x075C,0x9D,0x9E
2026-09-18T23:04:29.621+02:00,0x0449,0x4D,0x38
2026-09-18T23:04:29.621+02:00,0x044C,0x8C,0x6E
2026-09-18T23:04:29.627+02:00,0x04AD,0x31,0x32
2026-09-18T23:04:29.641+02:00,0x0566,0x25,0x2A
2026-09-18T23:04:29.651+02:00,0x060C,0x11,0xBA
2026-09-18T23:04:29.652+02:00,0x060D,0x01,0x00
2026-09-18T23:04:29.660+02:00,0x068D,0x02,0x01
2026-09-18T23:04:29.665+02:00,0x06CF,0x5B,0x44
2026-09-18T23:04:29.666+02:00,0x06D6,0x03,0x08
2026-09-18T23:04:29.667+02:00,0x06E3,0x00,0x01
2026-09-18T23:04:29.667+02:00,0x06E4,0x03,0x0D
2026-09-18T23:04:29.668+02:00,0x06F8,0x79,0x70
2026-09-18T23:04:29.668+02:00,0x06F9,0x1A,0x02
2026-09-18T23:04:29.670+02:00,0x070A,0x26,0x2B
2026-09-18T23:04:29.674+02:00,0x075B,0x9E,0xA0
2026-09-18T23:04:29.674+02:00,0x075C,0x9E,0xA0
2026-09-18T23:04:30.090+02:00,0x0436,0x98,0xAC
2026-09-18T23:04:30.090+02:00,0x043E,0x56,0x57
2026-09-18T23:04:30.092+02:00,0x0449,0x38,0x32
2026-09-18T23:04:30.092+02:00,0x044C,0x6E,0x60
2026-09-18T23:04:30.094+02:00,0x0465,0x6E,0xC2
2026-09-18T23:04:30.094+02:00,0x046D,0x59,0x97
2026-09-18T23:04:30.098+02:00,0x04AB,0x2E,0x2F
2026-09-18T23:04:30.105+02:00,0x0514,0x2E,0x2F
2026-09-18T23:04:30.105+02:00,0x0516,0x2E,0x2F
2026-09-18T23:04:30.105+02:00,0x0518,0x98,0xAC
2026-09-18T23:04:30.106+02:00,0x051A,0x98,0xAC
2026-09-18T23:04:30.110+02:00,0x0566,0x2A,0x2F
2026-09-18T23:04:30.120+02:00,0x0602,0x68,0x67
2026-09-18T23:04:30.122+02:00,0x060C,0xBA,0xBD
2026-09-18T23:04:30.130+02:00,0x0680,0x02,0x00
2026-09-18T23:04:30.130+02:00,0x068B,0x05,0x00
2026-09-18T23:04:30.130+02:00,0x068D,0x01,0x02
2026-09-18T23:04:30.135+02:00,0x06CF,0x44,0x2C
2026-09-18T23:04:30.135+02:00,0x06D6,0x08,0x03
2026-09-18T23:04:30.137+02:00,0x06E4,0x0D,0x08
2026-09-18T23:04:30.138+02:00,0x06F8,0x70,0x13
2026-09-18T23:04:30.138+02:00,0x06F9,0x02,0x19
2026-09-18T23:04:30.138+02:00,0x06FA,0x1E,0x1F
2026-09-18T23:04:30.140+02:00,0x070A,0x2B,0x30
2026-09-18T23:04:30.146+02:00,0x075B,0xA0,0xA2
2026-09-18T23:04:30.146+02:00,0x075C,0xA0,0xA2
2026-09-18T23:04:30.561+02:00,0x043E,0x57,0x55
2026-09-18T23:04:30.562+02:00,0x0449,0x32,0x3B
2026-09-18T23:04:30.562+02:00,0x044C,0x60,0x6C
2026-09-18T23:04:30.568+02:00,0x04AD,0x32,0x33
2026-09-18T23:04:30.580+02:00,0x0566,0x2F,0x33
2026-09-18T23:04:30.592+02:00,0x0602,0x67,0x66
2026-09-18T23:04:30.593+02:00,0x060C,0xBD,0xCF
2026-09-18T23:04:30.593+02:00,0x0610,0xEF,0xFF
2026-09-18T23:04:30.595+02:00,0x062E,0x02,0x01
2026-09-18T23:04:30.602+02:00,0x0680,0x00,0x04
2026-09-18T23:04:30.602+02:00,0x068B,0x00,0x02
2026-09-18T23:04:30.603+02:00,0x068D,0x02,0x00
2026-09-18T23:04:30.607+02:00,0x06CF,0x2C,0x14
2026-09-18T23:04:30.607+02:00,0x06D6,0x03,0x09
2026-09-18T23:04:30.608+02:00,0x06E4,0x08,0x03
2026-09-18T23:04:30.609+02:00,0x06F8,0x13,0xDA
2026-09-18T23:04:30.611+02:00,0x06F9,0x19,0x01
2026-09-18T23:04:30.612+02:00,0x070A,0x30,0x34
2026-09-18T23:04:30.617+02:00,0x075B,0xA2,0xA3
2026-09-18T23:04:30.617+02:00,0x075C,0xA2,0xA3
2026-09-18T23:04:31.034+02:00,0x0449,0x3B,0x37
2026-09-18T23:04:31.036+02:00,0x0464,0x12,0x13
2026-09-18T23:04:31.036+02:00,0x0465,0xC2,0x03
2026-09-18T23:04:31.037+02:00,0x046D,0x97,0xED
2026-09-18T23:04:31.041+02:00,0x04AC,0x2E,0x2F
2026-09-18T23:04:31.054+02:00,0x0566,0x33,0x38
2026-09-18T23:04:31.068+02:00,0x0602,0x66,0x67
2026-09-18T23:04:31.068+02:00,0x060C,0xCF,0xC6
2026-09-18T23:04:31.069+02:00,0x0610,0xFF,0xDF
2026-09-18T23:04:31.078+02:00,0x068B,0x02,0x05
2026-09-18T23:04:31.078+02:00,0x068D,0x00,0x07
2026-09-18T23:04:31.082+02:00,0x06CF,0x14,0x62
2026-09-18T23:04:31.083+02:00,0x06D6,0x09,0x04
2026-09-18T23:04:31.084+02:00,0x06E3,0x01,0x00
2026-09-18T23:04:31.084+02:00,0x06E4,0x03,0x0E
2026-09-18T23:04:31.086+02:00,0x06F8,0xDA,0x61
2026-09-18T23:04:31.086+02:00,0x06F9,0x01,0x19
2026-09-18T23:04:31.086+02:00,0x06FA,0x1F,0x20
2026-09-18T23:04:31.087+02:00,0x070A,0x34,0x39
2026-09-18T23:04:31.093+02:00,0x075B,0xA3,0xA5
2026-09-18T23:04:31.093+02:00,0x075C,0xA3,0xA5
2026-09-18T23:04:31.511+02:00,0x0449,0x37,0x35
2026-09-18T23:04:31.512+02:00,0x044C,0x6C,0x66
2026-09-18T23:04:31.519+02:00,0x04AD,0x33,0x34
2026-09-18T23:04:31.531+02:00,0x0566,0x38,0x3D
2026-09-18T23:04:31.545+02:00,0x060C,0xC6,0xEE
2026-09-18T23:04:31.545+02:00,0x0610,0xDF,0xEF
2026-09-18T23:04:31.553+02:00,0x068D,0x07,0x03
2026-09-18T23:04:31.557+02:00,0x06CF,0x62,0x4A
2026-09-18T23:04:31.558+02:00,0x06D6,0x04,0x09
2026-09-18T23:04:31.558+02:00,0x06E4,0x0E,0x09
2026-09-18T23:04:31.560+02:00,0x06F8,0x61,0xA8
2026-09-18T23:04:31.560+02:00,0x06F9,0x19,0x01
2026-09-18T23:04:31.561+02:00,0x070A,0x39,0x3E
2026-09-18T23:04:31.566+02:00,0x075B,0xA5,0xA6
2026-09-18T23:04:31.566+02:00,0x075C,0xA5,0xA6
2026-09-18T23:04:31.981+02:00,0x043E,0x55,0x56
2026-09-18T23:04:31.982+02:00,0x0449,0x35,0x36
2026-09-18T23:04:31.982+02:00,0x044C,0x66,0x65
2026-09-18T23:04:31.984+02:00,0x0465,0x03,0x51
2026-09-18T23:04:31.984+02:00,0x046C,0x12,0x13
2026-09-18T23:04:31.984+02:00,0x046D,0xED,0x3A
2026-09-18T23:04:32.001+02:00,0x0566,0x3D,0x42
2026-09-18T23:04:32.012+02:00,0x0602,0x67,0x66
2026-09-18T23:04:32.012+02:00,0x060C,0xEE,0xCB
2026-09-18T23:04:32.014+02:00,0x062E,0x01,0x00
2026-09-18T23:04:32.020+02:00,0x0680,0x04,0x02
2026-09-18T23:04:32.021+02:00,0x068D,0x03,0x00
2026-09-18T23:04:32.025+02:00,0x06CF,0x4A,0x32
2026-09-18T23:04:32.025+02:00,0x06D6,0x09,0x04
2026-09-18T23:04:32.026+02:00,0x06E4,0x09,0x04
2026-09-18T23:04:32.028+02:00,0x06F8,0xA8,0xCB
2026-09-18T23:04:32.028+02:00,0x06F9,0x01,0x18
2026-09-18T23:04:32.028+02:00,0x06FA,0x20,0x21
2026-09-18T23:04:32.029+02:00,0x070A,0x3E,0x43
2026-09-18T23:04:32.035+02:00,0x075B,0xA6,0xA8
2026-09-18T23:04:32.035+02:00,0x075C,0xA6,0xA8
2026-09-18T23:04:32.451+02:00,0x0449,0x36,0x35
2026-09-18T23:04:32.451+02:00,0x044C,0x65,0x68
2026-09-18T23:04:32.458+02:00,0x04AD,0x34,0x35
2026-09-18T23:04:32.470+02:00,0x0566,0x42,0x46
2026-09-18T23:04:32.481+02:00,0x0602,0x66,0x68
2026-09-18T23:04:32.482+02:00,0x060C,0xCB,0xB8
2026-09-18T23:04:32.490+02:00,0x068B,0x05,0x06
2026-09-18T23:04:32.490+02:00,0x068D,0x00,0x02
2026-09-18T23:04:32.494+02:00,0x06CF,0x32,0x1B
2026-09-18T23:04:32.495+02:00,0x06D6,0x04,0x00
2026-09-18T23:04:32.496+02:00,0x06E3,0x00,0x01
2026-09-18T23:04:32.496+02:00,0x06E4,0x04,0x0E
2026-09-18T23:04:32.497+02:00,0x06F8,0xCB,0xB2
2026-09-18T23:04:32.497+02:00,0x06F9,0x18,0x00
2026-09-18T23:04:32.498+02:00,0x070A,0x43,0x47
2026-09-18T23:04:32.504+02:00,0x075B,0xA8,0xA9
2026-09-18T23:04:32.504+02:00,0x075C,0xA8,0xA9
2026-09-18T23:04:32.920+02:00,0x043E,0x56,0x57
2026-09-18T23:04:32.921+02:00,0x0449,0x35,0x32
2026-09-18T23:04:32.921+02:00,0x044C,0x68,0x60
2026-09-18T23:04:32.922+02:00,0x0465,0x51,0xAD
2026-09-18T23:04:32.939+02:00,0x0566,0x46,0x4B
2026-09-18T23:04:32.949+02:00,0x060C,0xB8,0xB6
2026-09-18T23:04:32.956+02:00,0x0680,0x02,0x00
2026-09-18T23:04:32.957+02:00,0x068B,0x06,0x02
2026-09-18T23:04:32.961+02:00,0x06CF,0x1B,0x03
2026-09-18T23:04:32.962+02:00,0x06D6,0x00,0x05
2026-09-18T23:04:32.963+02:00,0x06E4,0x0E,0x0A
2026-09-18T23:04:32.964+02:00,0x06F8,0xB2,0xD8
2026-09-18T23:04:32.964+02:00,0x06F9,0x00,0x18
2026-09-18T23:04:32.964+02:00,0x06FA,0x21,0x22
2026-09-18T23:04:32.965+02:00,0x070A,0x47,0x4C
2026-09-18T23:04:32.972+02:00,0x075B,0xA9,0xAB
2026-09-18T23:04:32.972+02:00,0x075C,0xA9,0xAB
2026-09-18T23:04:33.388+02:00,0x043E,0x57,0x56
2026-09-18T23:04:33.389+02:00,0x0449,0x32,0x34
2026-09-18T23:04:33.390+02:00,0x044C,0x60,0x64
2026-09-18T23:04:33.393+02:00,0x046D,0x3A,0x7F
2026-09-18T23:04:33.414+02:00,0x0566,0x4B,0x50
2026-09-18T23:04:33.426+02:00,0x0602,0x68,0x67
2026-09-18T23:04:33.428+02:00,0x060C,0xB6,0xEB
2026-09-18T23:04:33.439+02:00,0x0680,0x00,0x02
2026-09-18T23:04:33.440+02:00,0x068B,0x02,0x05
2026-09-18T23:04:33.440+02:00,0x068D,0x02,0x09
2026-09-18T23:04:33.446+02:00,0x06CF,0x03,0x50
2026-09-18T23:04:33.446+02:00,0x06D6,0x05,0x00
2026-09-18T23:04:33.448+02:00,0x06E4,0x0A,0x05
2026-09-18T23:04:33.449+02:00,0x06F8,0xD8,0x1C
2026-09-18T23:04:33.449+02:00,0x06F9,0x18,0x00
2026-09-18T23:04:33.450+02:00,0x070A,0x4C,0x51
2026-09-18T23:04:33.458+02:00,0x075B,0xAB,0xAD
2026-09-18T23:04:33.459+02:00,0x075C,0xAB,0xAD
2026-09-18T23:04:33.875+02:00,0x043E,0x56,0x53
2026-09-18T23:04:33.876+02:00,0x0449,0x34,0x3F
2026-09-18T23:04:33.876+02:00,0x044C,0x64,0x73
2026-09-18T23:04:33.878+02:00,0x0465,0xAD,0xDD
2026-09-18T23:04:33.883+02:00,0x04AD,0x35,0x36
2026-09-18T23:04:33.895+02:00,0x0566,0x50,0x55
2026-09-18T23:04:33.906+02:00,0x060C,0xEB,0xED
2026-09-18T23:04:33.908+02:00,0x062E,0x00,0x04
2026-09-18T23:04:33.914+02:00,0x0680,0x02,0x00
2026-09-18T23:04:33.915+02:00,0x068D,0x09,0x05
2026-09-18T23:04:33.919+02:00,0x06CF,0x50,0x38
2026-09-18T23:04:33.920+02:00,0x06D6,0x00,0x05
2026-09-18T23:04:33.921+02:00,0x06E4,0x05,0x00
2026-09-18T23:04:33.922+02:00,0x06F8,0x1C,0xD3
2026-09-18T23:04:33.922+02:00,0x06F9,0x00,0x14
2026-09-18T23:04:33.922+02:00,0x06FA,0x22,0x23
2026-09-18T23:04:33.924+02:00,0x070A,0x51,0x56
2026-09-18T23:04:33.929+02:00,0x075B,0xAD,0xAE
2026-09-18T23:04:33.929+02:00,0x075C,0xAD,0xAE
2026-09-18T23:04:34.347+02:00,0x043E,0x53,0x54
2026-09-18T23:04:34.348+02:00,0x0449,0x3F,0x36
2026-09-18T23:04:34.348+02:00,0x044C,0x73,0x69
2026-09-18T23:04:34.351+02:00,0x046D,0x7F,0xC5
2026-09-18T23:04:34.369+02:00,0x0566,0x55,0x59
2026-09-18T23:04:34.379+02:00,0x0602,0x67,0x68
2026-09-18T23:04:34.380+02:00,0x060C,0xED,0xFD
2026-09-18T23:04:34.380+02:00,0x0610,0xEF,0xFF
2026-09-18T23:04:34.390+02:00,0x068D,0x05,0x01
2026-09-18T23:04:34.395+02:00,0x06CF,0x38,0x20
2026-09-18T23:04:34.395+02:00,0x06D6,0x05,0x01
2026-09-18T23:04:34.396+02:00,0x06E3,0x01,0x00
2026-09-18T23:04:34.397+02:00,0x06E4,0x00,0x0A
2026-09-18T23:04:34.398+02:00,0x06F8,0xD3,0x6A
2026-09-18T23:04:34.398+02:00,0x06F9,0x14,0x0C
2026-09-18T23:04:34.399+02:00,0x070A,0x56,0x5A
2026-09-18T23:04:34.404+02:00,0x075B,0xAE,0xB0
2026-09-18T23:04:34.405+02:00,0x075C,0xAE,0xB0
2026-09-18T23:04:34.824+02:00,0x0449,0x36,0x35
2026-09-18T23:04:34.825+02:00,0x044C,0x69,0x6B
2026-09-18T23:04:34.831+02:00,0x04AD,0x36,0x37
2026-09-18T23:04:34.846+02:00,0x0566,0x59,0x5E
2026-09-18T23:04:34.860+02:00,0x060C,0xFD,0xD6
2026-09-18T23:04:34.861+02:00,0x0610,0xFF,0xDF
2026-09-18T23:04:34.870+02:00,0x068D,0x01,0x00
2026-09-18T23:04:34.875+02:00,0x06CF,0x20,0x08
2026-09-18T23:04:34.875+02:00,0x06D6,0x01,0x06
2026-09-18T23:04:34.876+02:00,0x06E4,0x0A,0x06
2026-09-18T23:04:34.878+02:00,0x06F8,0x6A,0xD1
2026-09-18T23:04:34.878+02:00,0x06F9,0x0C,0x14
2026-09-18T23:04:34.878+02:00,0x06FA,0x23,0x24
2026-09-18T23:04:34.879+02:00,0x070A,0x5A,0x5F
2026-09-18T23:04:34.887+02:00,0x075B,0xB0,0xB1
2026-09-18T23:04:34.887+02:00,0x075C,0xB0,0xB1
2026-09-18T23:04:35.306+02:00,0x043E,0x54,0x53
2026-09-18T23:04:35.307+02:00,0x0449,0x35,0x36
2026-09-18T23:04:35.308+02:00,0x044C,0x6B,0x69
2026-09-18T23:04:35.310+02:00,0x0464,0x13,0x14
2026-09-18T23:04:35.310+02:00,0x0465,0xDD,0x32
2026-09-18T23:04:35.310+02:00,0x046C,0x13,0x14
2026-09-18T23:04:35.310+02:00,0x046D,0xC5,0x01
2026-09-18T23:04:35.330+02:00,0x0566,0x5E,0x63
2026-09-18T23:04:35.340+02:00,0x0602,0x68,0x67
2026-09-18T23:04:35.341+02:00,0x060C,0xD6,0xC7
2026-09-18T23:04:35.341+02:00,0x0610,0xDF,0xEF
2026-09-18T23:04:35.349+02:00,0x068B,0x05,0x02
2026-09-18T23:04:35.349+02:00,0x068D,0x00,0x02
2026-09-18T23:04:35.355+02:00,0x06CF,0x08,0x55
2026-09-18T23:04:35.355+02:00,0x06D6,0x06,0x01
2026-09-18T23:04:35.356+02:00,0x06E4,0x06,0x01
2026-09-18T23:04:35.358+02:00,0x06F8,0xD1,0xD8
2026-09-18T23:04:35.358+02:00,0x06F9,0x14,0x0C
2026-09-18T23:04:35.359+02:00,0x070A,0x5F,0x64
2026-09-18T23:04:35.364+02:00,0x075B,0xB1,0xB3
2026-09-18T23:04:35.364+02:00,0x075C,0xB1,0xB3
2026-09-18T23:04:35.781+02:00,0x0449,0x36,0x37
2026-09-18T23:04:35.781+02:00,0x044C,0x69,0x67
2026-09-18T23:04:35.787+02:00,0x04AD,0x37,0x38
2026-09-18T23:04:35.800+02:00,0x0566,0x63,0x68
2026-09-18T23:04:35.811+02:00,0x060C,0xC7,0xB7
2026-09-18T23:04:35.819+02:00,0x068B,0x02,0x05
2026-09-18T23:04:35.819+02:00,0x068D,0x02,0x09
2026-09-18T23:04:35.824+02:00,0x06CF,0x55,0x3E
2026-09-18T23:04:35.825+02:00,0x06D6,0x01,0x06
2026-09-18T23:04:35.826+02:00,0x06E3,0x00,0x01
2026-09-18T23:04:35.826+02:00,0x06E4,0x01,0x0B
2026-09-18T23:04:35.827+02:00,0x06F8,0xD8,0xAC
2026-09-18T23:04:35.827+02:00,0x06F9,0x0C,0x14
2026-09-18T23:04:35.827+02:00,0x06FA,0x24,0x25
2026-09-18T23:04:35.828+02:00,0x070A,0x64,0x69
2026-09-18T23:04:35.833+02:00,0x075B,0xB3,0xB5
2026-09-18T23:04:35.833+02:00,0x075C,0xB3,0xB5
2026-09-18T23:04:36.250+02:00,0x043E,0x53,0x55
2026-09-18T23:04:36.251+02:00,0x0449,0x37,0x36
2026-09-18T23:04:36.252+02:00,0x044C,0x67,0x66
2026-09-18T23:04:36.253+02:00,0x0465,0x32,0x71
2026-09-18T23:04:36.254+02:00,0x046D,0x01,0x4B
2026-09-18T23:04:36.271+02:00,0x0566,0x68,0x6C
2026-09-18T23:04:36.281+02:00,0x0602,0x67,0x68
2026-09-18T23:04:36.282+02:00,0x060C,0xB7,0xC1
2026-09-18T23:04:36.284+02:00,0x062E,0x04,0x03
2026-09-18T23:04:36.290+02:00,0x068D,0x09,0x06
2026-09-18T23:04:36.295+02:00,0x06CF,0x3E,0x26
2026-09-18T23:04:36.296+02:00,0x06D6,0x06,0x02
2026-09-18T23:04:36.297+02:00,0x06E4,0x0B,0x06
2026-09-18T23:04:36.298+02:00,0x06F8,0xAC,0xC2
2026-09-18T23:04:36.298+02:00,0x06F9,0x14,0x1B
2026-09-18T23:04:36.300+02:00,0x070A,0x69,0x6E
2026-09-18T23:04:36.305+02:00,0x075B,0xB5,0xB6
2026-09-18T23:04:36.305+02:00,0x075C,0xB5,0xB6
2026-09-18T23:04:36.720+02:00,0x043E,0x55,0x56
2026-09-18T23:04:36.722+02:00,0x0449,0x36,0x3C
2026-09-18T23:04:36.722+02:00,0x044C,0x66,0x6F
2026-09-18T23:04:36.728+02:00,0x04AD,0x38,0x39
2026-09-18T23:04:36.740+02:00,0x0566,0x6C,0x71
2026-09-18T23:04:36.750+02:00,0x0602,0x68,0x69
2026-09-18T23:04:36.751+02:00,0x060C,0xC1,0xCF
2026-09-18T23:04:36.758+02:00,0x0680,0x00,0x05
2026-09-18T23:04:36.759+02:00,0x068D,0x06,0x02
2026-09-18T23:04:36.764+02:00,0x06CF,0x26,0x0F
2026-09-18T23:04:36.765+02:00,0x06D6,0x02,0x07
2026-09-18T23:04:36.766+02:00,0x06E4,0x06,0x02
2026-09-18T23:04:36.767+02:00,0x06F8,0xC2,0xB9
2026-09-18T23:04:36.767+02:00,0x06F9,0x1B,0x03
2026-09-18T23:04:36.768+02:00,0x070A,0x6E,0x72
2026-09-18T23:04:36.773+02:00,0x075B,0xB6,0xB8
2026-09-18T23:04:36.773+02:00,0x075C,0xB6,0xB8
2026-09-18T23:04:37.190+02:00,0x0449,0x3C,0x4C
2026-09-18T23:04:37.190+02:00,0x044C,0x6F,0x7E
2026-09-18T23:04:37.192+02:00,0x0465,0x71,0xCC
2026-09-18T23:04:37.192+02:00,0x046D,0x4B,0x98
2026-09-18T23:04:37.209+02:00,0x0566,0x71,0x76
2026-09-18T23:04:37.220+02:00,0x0602,0x69,0x67
2026-09-18T23:04:37.221+02:00,0x060C,0xCF,0xEA
2026-09-18T23:04:37.234+02:00,0x06CF,0x0F,0x5C
2026-09-18T23:04:37.234+02:00,0x06D6,0x07,0x02
2026-09-18T23:04:37.236+02:00,0x06E3,0x01,0x00
2026-09-18T23:04:37.236+02:00,0x06E4,0x02,0x0C
2026-09-18T23:04:37.236+02:00,0x06F8,0xB9,0x1C
2026-09-18T23:04:37.238+02:00,0x06F9,0x03,0x1B
2026-09-18T23:04:37.238+02:00,0x06FA,0x25,0x26
2026-09-18T23:04:37.239+02:00,0x070A,0x72,0x77
2026-09-18T23:04:37.244+02:00,0x075B,0xB8,0xB9
2026-09-18T23:04:37.244+02:00,0x075C,0xB8,0xB9
2026-09-18T23:04:37.661+02:00,0x0449,0x4C,0x34
2026-09-18T23:04:37.662+02:00,0x044C,0x7E,0x6A
2026-09-18T23:04:37.668+02:00,0x04AD,0x39,0x3A
2026-09-18T23:04:37.680+02:00,0x0566,0x76,0x7B
2026-09-18T23:04:37.691+02:00,0x0602,0x67,0x69
2026-09-18T23:04:37.692+02:00,0x060C,0xEA,0xB8
2026-09-18T23:04:37.692+02:00,0x0610,0xEF,0xFF
2026-09-18T23:04:37.694+02:00,0x062E,0x03,0x02
2026-09-18T23:04:37.700+02:00,0x0680,0x05,0x04
2026-09-18T23:04:37.700+02:00,0x068B,0x05,0x00
2026-09-18T23:04:37.706+02:00,0x06CF,0x5C,0x44
2026-09-18T23:04:37.706+02:00,0x06D6,0x02,0x07
2026-09-18T23:04:37.707+02:00,0x06E4,0x0C,0x07
2026-09-18T23:04:37.709+02:00,0x06F8,0x1C,0x63
2026-09-18T23:04:37.709+02:00,0x06F9,0x1B,0x02
2026-09-18T23:04:37.710+02:00,0x070A,0x77,0x7C
2026-09-18T23:04:37.715+02:00,0x075B,0xB9,0xBB
2026-09-18T23:04:37.715+02:00,0x075C,0xB9,0xBB
2026-09-18T23:04:38.132+02:00,0x0449,0x34,0x44
2026-09-18T23:04:38.132+02:00,0x044C,0x6A,0x79
2026-09-18T23:04:38.133+02:00,0x0464,0x14,0x15
2026-09-18T23:04:38.134+02:00,0x0465,0xCC,0x0E
2026-09-18T23:04:38.134+02:00,0x046D,0x98,0xCC
2026-09-18T23:04:38.150+02:00,0x0566,0x7B,0x7F
2026-09-18T23:04:38.160+02:00,0x0602,0x69,0x67
2026-09-18T23:04:38.161+02:00,0x060C,0xB8,0xEB
2026-09-18T23:04:38.161+02:00,0x0610,0xFF,0xEF
2026-09-18T23:04:38.170+02:00,0x068B,0x00,0x02
2026-09-18T23:04:38.170+02:00,0x068D,0x02,0x00
2026-09-18T23:04:38.175+02:00,0x06CF,0x44,0x2D
2026-09-18T23:04:38.175+02:00,0x06D6,0x07,0x03
2026-09-18T23:04:38.176+02:00,0x06E4,0x07,0x03
2026-09-18T23:04:38.177+02:00,0x06F8,0x63,0xAA
2026-09-18T23:04:38.177+02:00,0x06F9,0x02,0x1A
2026-09-18T23:04:38.178+02:00,0x06FA,0x26,0x27
2026-09-18T23:04:38.179+02:00,0x070A,0x7C,0x80
2026-09-18T23:04:38.184+02:00,0x075B,0xBB,0xBC
2026-09-18T23:04:38.184+02:00,0x075C,0xBB,0xBC
2026-09-18T23:04:38.601+02:00,0x043E,0x56,0x53
2026-09-18T23:04:38.602+02:00,0x0449,0x44,0x3B
2026-09-18T23:04:38.608+02:00,0x04AD,0x3A,0x3B
2026-09-18T23:04:38.620+02:00,0x0566,0x7F,0x84
2026-09-18T23:04:38.631+02:00,0x0602,0x67,0x69
2026-09-18T23:04:38.632+02:00,0x060C,0xEB,0xF1
2026-09-18T23:04:38.640+02:00,0x0680,0x04,0x02
2026-09-18T23:04:38.640+02:00,0x068B,0x02,0x05
2026-09-18T23:04:38.641+02:00,0x068D,0x00,0x08
2026-09-18T23:04:38.645+02:00,0x06CF,0x2D,0x15
2026-09-18T23:04:38.646+02:00,0x06D6,0x03,0x08
2026-09-18T23:04:38.647+02:00,0x06E3,0x00,0x01
2026-09-18T23:04:38.647+02:00,0x06E4,0x03,0x0D
2026-09-18T23:04:38.648+02:00,0x06F8,0xAA,0xC0
2026-09-18T23:04:38.648+02:00,0x06F9,0x1A,0x02
2026-09-18T23:04:38.650+02:00,0x070A,0x80,0x85
2026-09-18T23:04:38.657+02:00,0x075B,0xBC,0xBE
2026-09-18T23:04:38.657+02:00,0x075C,0xBC,0xBE
2026-09-18T23:04:39.073+02:00,0x043E,0x53,0x52
2026-09-18T23:04:39.074+02:00,0x0449,0x3B,0x46
2026-09-18T23:04:39.074+02:00,0x044C,0x79,0x7B
2026-09-18T23:04:39.075+02:00,0x0465,0x0E,0x52
2026-09-18T23:04:39.076+02:00,0x046C,0x14,0x15
2026-09-18T23:04:39.076+02:00,0x046D,0xCC,0x1C
2026-09-18T23:04:39.094+02:00,0x0566,0x84,0x89
2026-09-18T23:04:39.104+02:00,0x0602,0x69,0x6A
2026-09-18T23:04:39.105+02:00,0x060C,0xF1,0xEA
2026-09-18T23:04:39.114+02:00,0x068D,0x08,0x04
2026-09-18T23:04:39.119+02:00,0x06CF,0x15,0x63
2026-09-18T23:04:39.119+02:00,0x06D6,0x08,0x03
2026-09-18T23:04:39.120+02:00,0x06E4,0x0D,0x08
2026-09-18T23:04:39.121+02:00,0x06F8,0xC0,0x74
2026-09-18T23:04:39.121+02:00,0x06F9,0x02,0x1A
2026-09-18T23:04:39.121+02:00,0x06FA,0x27,0x28
2026-09-18T23:04:39.122+02:00,0x070A,0x85,0x8A
2026-09-18T23:04:39.128+02:00,0x075B,0xBE,0xC0
2026-09-18T23:04:39.128+02:00,0x075C,0xBE,0xC0
2026-09-18T23:04:39.543+02:00,0x043E,0x52,0x54
2026-09-18T23:04:39.543+02:00,0x0449,0x46,0x43
2026-09-18T23:04:39.544+02:00,0x044C,0x7B,0x7D
2026-09-18T23:04:39.550+02:00,0x04AD,0x3B,0x00
2026-09-18T23:04:39.550+02:00,0x04AE,0x0B,0x0C
2026-09-18T23:04:39.563+02:00,0x0566,0x89,0x8D
2026-09-18T23:04:39.573+02:00,0x0602,0x6A,0x69
2026-09-18T23:04:39.574+02:00,0x060C,0xEA,0x01
2026-09-18T23:04:39.574+02:00,0x060D,0x00,0x01
2026-09-18T23:04:39.576+02:00,0x062E,0x02,0x01
2026-09-18T23:04:39.583+02:00,0x068D,0x04,0x00
2026-09-18T23:04:39.588+02:00,0x06CF,0x63,0x4B
2026-09-18T23:04:39.589+02:00,0x06D6,0x03,0x09
2026-09-18T23:04:39.590+02:00,0x06E4,0x08,0x03
2026-09-18T23:04:39.591+02:00,0x06F8,0x74,0x1A
2026-09-18T23:04:39.591+02:00,0x06F9,0x1A,0x01
2026-09-18T23:04:39.592+02:00,0x070A,0x8A,0x8F
2026-09-18T23:04:39.598+02:00,0x075B,0xC0,0xC1
2026-09-18T23:04:39.599+02:00,0x075C,0xC0,0xC1
2026-09-18T23:04:40.016+02:00,0x044C,0x7D,0x81
2026-09-18T23:04:40.018+02:00,0x0465,0x52,0x98
2026-09-18T23:04:40.019+02:00,0x046D,0x1C,0x60
2026-09-18T23:04:40.035+02:00,0x0566,0x8D,0x92
2026-09-18T23:04:40.045+02:00,0x0602,0x69,0x68
2026-09-18T23:04:40.046+02:00,0x060C,0x01,0xE3
2026-09-18T23:04:40.046+02:00,0x060D,0x01,0x00
2026-09-18T23:04:40.046+02:00,0x0610,0xEF,0xDF
2026-09-18T23:04:40.054+02:00,0x0680,0x02,0x00
2026-09-18T23:04:40.059+02:00,0x06CF,0x4B,0x33
2026-09-18T23:04:40.060+02:00,0x06D6,0x09,0x04
2026-09-18T23:04:40.060+02:00,0x06E3,0x01,0x00
2026-09-18T23:04:40.060+02:00,0x06E4,0x03,0x0E
2026-09-18T23:04:40.062+02:00,0x06F8,0x1A,0x61
2026-09-18T23:04:40.062+02:00,0x06F9,0x01,0x19
2026-09-18T23:04:40.062+02:00,0x06FA,0x28,0x29
2026-09-18T23:04:40.063+02:00,0x070A,0x8F,0x93
2026-09-18T23:04:40.068+02:00,0x075B,0xC1,0xC3
2026-09-18T23:04:40.068+02:00,0x075C,0xC1,0xC3
2026-09-18T23:04:40.486+02:00,0x043E,0x54,0x53
2026-09-18T23:04:40.487+02:00,0x0449,0x43,0x49
2026-09-18T23:04:40.487+02:00,0x044C,0x81,0x87
2026-09-18T23:04:40.496+02:00,0x04AD,0x00,0x01
2026-09-18T23:04:40.510+02:00,0x0566,0x92,0x97
2026-09-18T23:04:40.522+02:00,0x0602,0x68,0x6A
2026-09-18T23:04:40.523+02:00,0x060C,0xE3,0x15
2026-09-18T23:04:40.524+02:00,0x060D,0x00,0x01
2026-09-18T23:04:40.524+02:00,0x0610,0xDF,0xFF
2026-09-18T23:04:40.536+02:00,0x068B,0x05,0x02
2026-09-18T23:04:40.536+02:00,0x068D,0x00,0x02
2026-09-18T23:04:40.542+02:00,0x06CF,0x33,0x1B
2026-09-18T23:04:40.542+02:00,0x06D6,0x04,0x09
2026-09-18T23:04:40.544+02:00,0x06E4,0x0E,0x09
2026-09-18T23:04:40.545+02:00,0x06F8,0x61,0xD8
2026-09-18T23:04:40.546+02:00,0x06F9,0x19,0x01
2026-09-18T23:04:40.547+02:00,0x070A,0x93,0x98
2026-09-18T23:04:40.552+02:00,0x075B,0xC3,0xC4
2026-09-18T23:04:40.552+02:00,0x075C,0xC3,0xC4
2026-09-18T23:04:40.969+02:00,0x043E,0x53,0x52
2026-09-18T23:04:40.969+02:00,0x0449,0x49,0x42
2026-09-18T23:04:40.970+02:00,0x044C,0x87,0x77
2026-09-18T23:04:40.971+02:00,0x0465,0x98,0xE0
2026-09-18T23:04:40.971+02:00,0x046D,0x60,0xA7
2026-09-18T23:04:40.987+02:00,0x0566,0x97,0x9C
2026-09-18T23:04:40.998+02:00,0x0602,0x6A,0x69
2026-09-18T23:04:40.999+02:00,0x060C,0x15,0xC9
2026-09-18T23:04:40.999+02:00,0x060D,0x01,0x00
2026-09-18T23:04:40.999+02:00,0x0610,0xFF,0xEF
2026-09-18T23:04:41.007+02:00,0x068B,0x02,0x05
2026-09-18T23:04:41.007+02:00,0x068D,0x02,0x09
2026-09-18T23:04:41.011+02:00,0x06CF,0x1B,0x04
2026-09-18T23:04:41.012+02:00,0x06D6,0x09,0x04
2026-09-18T23:04:41.012+02:00,0x06E4,0x09,0x04
2026-09-18T23:04:41.014+02:00,0x06F8,0xD8,0x6C
2026-09-18T23:04:41.014+02:00,0x06F9,0x01,0x19
2026-09-18T23:04:41.014+02:00,0x06FA,0x29,0x2A
2026-09-18T23:04:41.015+02:00,0x070A,0x98,0x9D
2026-09-18T23:04:41.021+02:00,0x075B,0xC4,0xC6
2026-09-18T23:04:41.022+02:00,0x075C,0xC4,0xC6
2026-09-18T23:04:41.439+02:00,0x0449,0x42,0x38
2026-09-18T23:04:41.439+02:00,0x044C,0x77,0x6F
2026-09-18T23:04:41.446+02:00,0x04AD,0x01,0x02
2026-09-18T23:04:41.458+02:00,0x0566,0x9C,0xA0
2026-09-18T23:04:41.469+02:00,0x060C,0xC9,0xCA
2026-09-18T23:04:41.472+02:00,0x062E,0x01,0x00
2026-09-18T23:04:41.479+02:00,0x068B,0x05,0x04
2026-09-18T23:04:41.479+02:00,0x068C,0x00,0x85
2026-09-18T23:04:41.479+02:00,0x0694,0x00,0x02
2026-09-18T23:04:41.484+02:00,0x06CF,0x04,0x51
2026-09-18T23:04:41.484+02:00,0x06D6,0x04,0x00
2026-09-18T23:04:41.485+02:00,0x06E3,0x00,0x01
2026-09-18T23:04:41.485+02:00,0x06E4,0x04,0x0E
2026-09-18T23:04:41.486+02:00,0x06F8,0x6C,0x02
2026-09-18T23:04:41.486+02:00,0x06F9,0x19,0x00
2026-09-18T23:04:41.488+02:00,0x070A,0x9D,0xA2
2026-09-18T23:04:41.494+02:00,0x075B,0xC6,0xC8
2026-09-18T23:04:41.494+02:00,0x075C,0xC6,0xC8
2026-09-18T23:04:41.912+02:00,0x0449,0x38,0x37
2026-09-18T23:04:41.912+02:00,0x044C,0x6F,0x67
2026-09-18T23:04:41.914+02:00,0x0464,0x15,0x16
2026-09-18T23:04:41.914+02:00,0x0465,0xE0,0x39
2026-09-18T23:04:41.929+02:00,0x0566,0xA0,0xA5
2026-09-18T23:04:41.940+02:00,0x060C,0xCA,0xCF
2026-09-18T23:04:41.947+02:00,0x0680,0x00,0x05
2026-09-18T23:04:41.948+02:00,0x068B,0x04,0x05
2026-09-18T23:04:41.948+02:00,0x068C,0x85,0x00
2026-09-18T23:04:41.949+02:00,0x0694,0x02,0x00
2026-09-18T23:04:41.952+02:00,0x06CF,0x51,0x39
2026-09-18T23:04:41.953+02:00,0x06D6,0x00,0x05
2026-09-18T23:04:41.954+02:00,0x06E4,0x0E,0x0A
2026-09-18T23:04:41.955+02:00,0x06F8,0x02,0x79
2026-09-18T23:04:41.955+02:00,0x06F9,0x00,0x18
2026-09-18T23:04:41.955+02:00,0x06FA,0x2A,0x2B
2026-09-18T23:04:42.376+02:00,0x043E,0x52,0x4D
2026-09-18T23:04:42.377+02:00,0x044C,0x67,0x68
2026-09-18T23:04:42.379+02:00,0x0460,0x0A,0x09
2026-09-18T23:04:42.379+02:00,0x0461,0xC8,0xAA
2026-09-18T23:04:42.380+02:00,0x046D,0xA7,0xEF
2026-09-18T23:04:42.398+02:00,0x0566,0xA5,0xAA
2026-09-18T23:04:42.409+02:00,0x0602,0x69,0x6A
2026-09-18T23:04:42.410+02:00,0x060C,0xCF,0xE0
2026-09-18T23:04:42.417+02:00,0x0670,0xC8,0x8C
2026-09-18T23:04:42.419+02:00,0x068D,0x09,0x05
2026-09-18T23:04:42.423+02:00,0x06CF,0x39,0x22
2026-09-18T23:04:42.424+02:00,0x06D6,0x05,0x00
2026-09-18T23:04:42.425+02:00,0x06E4,0x0A,0x05
2026-09-18T23:04:42.425+02:00,0x06F8,0x79,0xB0
2026-09-18T23:04:42.427+02:00,0x06F9,0x18,0x00
2026-09-18T23:04:42.428+02:00,0x070A,0xA2,0xA7
2026-09-18T23:04:42.434+02:00,0x075B,0xC8,0xC7
2026-09-18T23:04:42.434+02:00,0x075C,0xC8,0xC7
2026-09-18T23:04:42.851+02:00,0x043E,0x4D,0x4C
2026-09-18T23:04:42.852+02:00,0x0449,0x37,0x44
2026-09-18T23:04:42.852+02:00,0x044C,0x68,0x76
2026-09-18T23:04:42.854+02:00,0x0460,0x09,0x08
2026-09-18T23:04:42.854+02:00,0x0461,0xAA,0x8C
2026-09-18T23:04:42.854+02:00,0x0464,0x16,0x15
2026-09-18T23:04:42.854+02:00,0x0465,0x39,0xFD
2026-09-18T23:04:42.861+02:00,0x04AD,0x02,0x03
2026-09-18T23:04:42.874+02:00,0x0566,0xAA,0xAF
2026-09-18T23:04:42.887+02:00,0x0602,0x6A,0x68
2026-09-18T23:04:42.888+02:00,0x060C,0xE0,0x0A
2026-09-18T23:04:42.888+02:00,0x060D,0x00,0x01
2026-09-18T23:04:42.897+02:00,0x068D,0x05,0x01
2026-09-18T23:04:42.902+02:00,0x06CF,0x22,0x0A
2026-09-18T23:04:42.903+02:00,0x06D6,0x00,0x05
2026-09-18T23:04:42.904+02:00,0x06E4,0x05,0x00
2026-09-18T23:04:42.905+02:00,0x06F8,0xB0,0xB4
2026-09-18T23:04:42.905+02:00,0x06F9,0x00,0x18
2026-09-18T23:04:42.905+02:00,0x06FA,0x2B,0x2C
2026-09-18T23:04:42.907+02:00,0x070A,0xA7,0xAC
2026-09-18T23:04:42.912+02:00,0x075B,0xC7,0xC5
2026-09-18T23:04:42.913+02:00,0x075C,0xC7,0xC5
2026-09-18T23:04:43.329+02:00,0x0449,0x44,0x38
2026-09-18T23:04:43.330+02:00,0x044C,0x76,0x6E
2026-09-18T23:04:43.332+02:00,0x046D,0xEF,0xA7
2026-09-18T23:04:43.349+02:00,0x0566,0xAF,0xB3
2026-09-18T23:04:43.359+02:00,0x0602,0x68,0x69
2026-09-18T23:04:43.360+02:00,0x060C,0x0A,0xB7
2026-09-18T23:04:43.360+02:00,0x060D,0x01,0x00
2026-09-18T23:04:43.362+02:00,0x062E,0x00,0x04
2026-09-18T23:04:43.374+02:00,0x06CF,0x0A,0x57
2026-09-18T23:04:43.375+02:00,0x06D6,0x05,0x01
2026-09-18T23:04:43.376+02:00,0x06E3,0x01,0x00
2026-09-18T23:04:43.376+02:00,0x06E4,0x00,0x0A
2026-09-18T23:04:43.377+02:00,0x06F8,0xB4,0x1A
2026-09-18T23:04:43.377+02:00,0x06F9,0x18,0x0C
2026-09-18T23:04:43.379+02:00,0x070A,0xAC,0xB1
2026-09-18T23:04:43.386+02:00,0x075B,0xC5,0xC3
2026-09-18T23:04:43.386+02:00,0x075C,0xC5,0xC3
2026-09-18T23:04:43.805+02:00,0x0449,0x38,0x35
2026-09-18T23:04:43.805+02:00,0x044C,0x6E,0x65
2026-09-18T23:04:43.811+02:00,0x04AD,0x03,0x04
2026-09-18T23:04:43.826+02:00,0x0566,0xB3,0xB8
2026-09-18T23:04:43.838+02:00,0x0602,0x69,0x6A
2026-09-18T23:04:43.839+02:00,0x060C,0xB7,0xB6
2026-09-18T23:04:43.848+02:00,0x068B,0x05,0x01
2026-09-18T23:04:43.848+02:00,0x068D,0x01,0x02
2026-09-18T23:04:43.853+02:00,0x06CF,0x57,0x3F
2026-09-18T23:04:43.853+02:00,0x06D6,0x01,0x06
2026-09-18T23:04:43.854+02:00,0x06E4,0x0A,0x06
2026-09-18T23:04:43.856+02:00,0x06F8,0x1A,0xD1
2026-09-18T23:04:43.856+02:00,0x06F9,0x0C,0x14
2026-09-18T23:04:43.856+02:00,0x06FA,0x2C,0x2D
2026-09-18T23:04:43.857+02:00,0x070A,0xB1,0xB5
2026-09-18T23:04:43.864+02:00,0x075B,0xC3,0xC2
2026-09-18T23:04:43.864+02:00,0x075C,0xC3,0xC2
2026-09-18T23:04:44.280+02:00,0x0449,0x35,0x3E
2026-09-18T23:04:44.281+02:00,0x044C,0x65,0x71
2026-09-18T23:04:44.282+02:00,0x0465,0xFD,0xA7
2026-09-18T23:04:44.283+02:00,0x046D,0xA7,0x60
2026-09-18T23:04:44.298+02:00,0x0566,0xB8,0xBD
2026-09-18T23:04:44.309+02:00,0x0602,0x6A,0x68
2026-09-18T23:04:44.310+02:00,0x060C,0xB6,0xC2
2026-09-18T23:04:44.310+02:00,0x0610,0xEF,0xFF
2026-09-18T23:04:44.318+02:00,0x0680,0x05,0x04
2026-09-18T23:04:44.318+02:00,0x068B,0x01,0x04
2026-09-18T23:04:44.319+02:00,0x068D,0x02,0x09
2026-09-18T23:04:44.323+02:00,0x06CF,0x3F,0x28
2026-09-18T23:04:44.323+02:00,0x06D6,0x06,0x01
2026-09-18T23:04:44.324+02:00,0x06E4,0x06,0x01
2026-09-18T23:04:44.326+02:00,0x06F8,0xD1,0x68
2026-09-18T23:04:44.326+02:00,0x06F9,0x14,0x0C
2026-09-18T23:04:44.327+02:00,0x070A,0xB5,0xBA
2026-09-18T23:04:44.332+02:00,0x075B,0xC2,0xC0
2026-09-18T23:04:44.332+02:00,0x075C,0xC2,0xC0
2026-09-18T23:04:44.749+02:00,0x0449,0x3E,0x38
2026-09-18T23:04:44.749+02:00,0x044C,0x71,0x6B
2026-09-18T23:04:44.755+02:00,0x04AD,0x04,0x05
2026-09-18T23:04:44.769+02:00,0x0566,0xBD,0xC2
2026-09-18T23:04:44.780+02:00,0x0602,0x68,0x69
2026-09-18T23:04:44.780+02:00,0x060C,0xC2,0xBC
2026-09-18T23:04:44.781+02:00,0x0610,0xFF,0xEF
2026-09-18T23:04:44.789+02:00,0x068B,0x04,0x05
2026-09-18T23:04:44.789+02:00,0x068D,0x09,0x06
2026-09-18T23:04:44.794+02:00,0x06CF,0x28,0x10
2026-09-18T23:04:44.794+02:00,0x06D6,0x01,0x06
2026-09-18T23:04:44.795+02:00,0x06E3,0x00,0x01
2026-09-18T23:04:44.795+02:00,0x06E4,0x01,0x0B
2026-09-18T23:04:44.797+02:00,0x06F8,0x68,0x0B
2026-09-18T23:04:44.797+02:00,0x06F9,0x0C,0x03
2026-09-18T23:04:44.798+02:00,0x070A,0xBA,0xBF
2026-09-18T23:04:44.805+02:00,0x075B,0xC0,0xBF
2026-09-18T23:04:44.805+02:00,0x075C,0xC0,0xBF
2026-09-18T23:04:45.221+02:00,0x043E,0x4C,0x4B
2026-09-18T23:04:45.222+02:00,0x0449,0x38,0x3E
2026-09-18T23:04:45.222+02:00,0x044C,0x6B,0x71
2026-09-18T23:04:45.224+02:00,0x0465,0xA7,0x6E
2026-09-18T23:04:45.224+02:00,0x046D,0x60,0x29
2026-09-18T23:04:45.240+02:00,0x0566,0xC2,0xC6
2026-09-18T23:04:45.253+02:00,0x060C,0xBC,0xC8
2026-09-18T23:04:45.255+02:00,0x062E,0x04,0x03
2026-09-18T23:04:45.262+02:00,0x0680,0x04,0x02
2026-09-18T23:04:45.263+02:00,0x068D,0x06,0x03
2026-09-18T23:04:45.268+02:00,0x06CF,0x10,0x5D
2026-09-18T23:04:45.269+02:00,0x06D6,0x06,0x02
2026-09-18T23:04:45.270+02:00,0x06E4,0x0B,0x06
2026-09-18T23:04:45.271+02:00,0x06F8,0x0B,0xC2
2026-09-18T23:04:45.271+02:00,0x06F9,0x03,0x1B
2026-09-18T23:04:45.272+02:00,0x06FA,0x2D,0x2E
2026-09-18T23:04:45.273+02:00,0x070A,0xBF,0xC3
2026-09-18T23:04:45.279+02:00,0x075B,0xBF,0xBD
2026-09-18T23:04:45.279+02:00,0x075C,0xBF,0xBD
2026-09-18T23:04:45.696+02:00,0x0449,0x3E,0x38
2026-09-18T23:04:45.696+02:00,0x044C,0x71,0x6B
2026-09-18T23:04:45.703+02:00,0x04AD,0x05,0x06
2026-09-18T23:04:45.716+02:00,0x0566,0xC6,0xCB
2026-09-18T23:04:45.727+02:00,0x0602,0x69,0x6B
2026-09-18T23:04:45.727+02:00,0x060C,0xC8,0xD5
2026-09-18T23:04:45.737+02:00,0x068D,0x03,0x02
2026-09-18T23:04:45.741+02:00,0x06CF,0x5D,0x45
2026-09-18T23:04:45.741+02:00,0x06D6,0x02,0x07
2026-09-18T23:04:45.743+02:00,0x06E4,0x06,0x02
2026-09-18T23:04:45.744+02:00,0x06F8,0xC2,0x79
2026-09-18T23:04:45.744+02:00,0x06F9,0x1B,0x03
2026-09-18T23:04:45.745+02:00,0x070A,0xC3,0xC8
2026-09-18T23:04:45.750+02:00,0x075B,0xBD,0xBC
2026-09-18T23:04:45.750+02:00,0x075C,0xBD,0xBC
2026-09-18T23:04:46.168+02:00,0x0449,0x38,0x39
2026-09-18T23:04:46.168+02:00,0x044C,0x6B,0x6E
2026-09-18T23:04:46.170+02:00,0x0465,0x6E,0x1C
2026-09-18T23:04:46.170+02:00,0x046C,0x15,0x14
2026-09-18T23:04:46.170+02:00,0x046D,0x29,0xD9
2026-09-18T23:04:46.188+02:00,0x0566,0xCB,0xD0
2026-09-18T23:04:46.198+02:00,0x0602,0x6B,0x6A
2026-09-18T23:04:46.199+02:00,0x060C,0xD5,0xC5
2026-09-18T23:04:46.207+02:00,0x068B,0x05,0x00
2026-09-18T23:04:46.213+02:00,0x06CF,0x45,0x2E
2026-09-18T23:04:46.213+02:00,0x06D6,0x07,0x02
2026-09-18T23:04:46.214+02:00,0x06E3,0x01,0x00
2026-09-18T23:04:46.214+02:00,0x06E4,0x02,0x0C
2026-09-18T23:04:46.216+02:00,0x06F8,0x79,0xB0
2026-09-18T23:04:46.216+02:00,0x06F9,0x03,0x1B
2026-09-18T23:04:46.216+02:00,0x06FA,0x2E,0x2F
2026-09-18T23:04:46.217+02:00,0x070A,0xC8,0xCD
2026-09-18T23:04:46.223+02:00,0x075B,0xBC,0xBA
2026-09-18T23:04:46.223+02:00,0x075C,0xBC,0xBA
2026-09-18T23:04:46.640+02:00,0x0449,0x39,0x41
2026-09-18T23:04:46.640+02:00,0x044C,0x6E,0x72
2026-09-18T23:04:46.645+02:00,0x04AD,0x06,0x07
2026-09-18T23:04:46.659+02:00,0x0566,0xD0,0xD5
2026-09-18T23:04:46.670+02:00,0x0602,0x6A,0x69
2026-09-18T23:04:46.671+02:00,0x060C,0xC5,0xE6
2026-09-18T23:04:46.681+02:00,0x068B,0x00,0x02
2026-09-18T23:04:46.681+02:00,0x068D,0x02,0x01
2026-09-18T23:04:46.685+02:00,0x06CF,0x2E,0x16
2026-09-18T23:04:46.686+02:00,0x06D6,0x02,0x07
2026-09-18T23:04:46.687+02:00,0x06E4,0x0C,0x07
2026-09-18T23:04:46.689+02:00,0x06F8,0xB0,0x13
2026-09-18T23:04:46.689+02:00,0x06F9,0x1B,0x02
2026-09-18T23:04:46.690+02:00,0x070A,0xCD,0xD2
2026-09-18T23:04:46.695+02:00,0x075B,0xBA,0xB8
2026-09-18T23:04:46.696+02:00,0x075C,0xBA,0xB8
2026-09-18T23:04:47.110+02:00,0x043E,0x4B,0x51
2026-09-18T23:04:47.111+02:00,0x0449,0x41,0x35
2026-09-18T23:04:47.111+02:00,0x044C,0x72,0x68
2026-09-18T23:04:47.113+02:00,0x0464,0x15,0x14
2026-09-18T23:04:47.113+02:00,0x0465,0x1C,0xD9
2026-09-18T23:04:47.114+02:00,0x046D,0xD9,0xA4
2026-09-18T23:04:47.132+02:00,0x0566,0xD5,0xD9
2026-09-18T23:04:47.143+02:00,0x0602,0x69,0x6A
2026-09-18T23:04:47.144+02:00,0x060C,0xE6,0xBF
2026-09-18T23:04:47.144+02:00,0x0610,0xEF,0xFF
2026-09-18T23:04:47.146+02:00,0x062E,0x03,0x02
2026-09-18T23:04:47.151+02:00,0x0680,0x02,0x00
2026-09-18T23:04:47.152+02:00,0x068B,0x02,0x05
2026-09-18T23:04:47.152+02:00,0x068D,0x01,0x08
2026-09-18T23:04:47.157+02:00,0x06CF,0x16,0x63
2026-09-18T23:04:47.157+02:00,0x06D6,0x07,0x03
2026-09-18T23:04:47.158+02:00,0x06E4,0x07,0x02
2026-09-18T23:04:47.159+02:00,0x06F8,0x13,0x6A
2026-09-18T23:04:47.160+02:00,0x06F9,0x02,0x1A
2026-09-18T23:04:47.160+02:00,0x06FA,0x2F,0x30
2026-09-18T23:04:47.161+02:00,0x070A,0xD2,0xD6
2026-09-18T23:04:47.166+02:00,0x075B,0xB8,0xB7
2026-09-18T23:04:47.166+02:00,0x075C,0xB8,0xB7
2026-09-18T23:04:47.584+02:00,0x043E,0x51,0x53
2026-09-18T23:04:47.585+02:00,0x044C,0x68,0x69
2026-09-18T23:04:47.586+02:00,0x0460,0x08,0x09
2026-09-18T23:04:47.586+02:00,0x0461,0x8C,0xAA
2026-09-18T23:04:47.591+02:00,0x04AD,0x07,0x08
2026-09-18T23:04:47.605+02:00,0x0566,0xD9,0xDE
2026-09-18T23:04:47.616+02:00,0x060C,0xBF,0xBA
2026-09-18T23:04:47.616+02:00,0x0610,0xFF,0xCF
2026-09-18T23:04:47.622+02:00,0x0670,0x8C,0xAA
2026-09-18T23:04:47.625+02:00,0x068D,0x08,0x04
2026-09-18T23:04:47.630+02:00,0x06CF,0x63,0x4C
2026-09-18T23:04:47.631+02:00,0x06D6,0x03,0x08
2026-09-18T23:04:47.632+02:00,0x06E3,0x00,0x01
2026-09-18T23:04:47.632+02:00,0x06E4,0x02,0x0D
2026-09-18T23:04:47.633+02:00,0x06F8,0x6A,0xA1
2026-09-18T23:04:47.634+02:00,0x06F9,0x1A,0x02
2026-09-18T23:04:47.635+02:00,0x070A,0xD6,0xDB
2026-09-18T23:04:47.640+02:00,0x075B,0xB7,0xB5
2026-09-18T23:04:47.641+02:00,0x075C,0xB7,0xB5
2026-09-18T23:04:48.057+02:00,0x043E,0x53,0x54
2026-09-18T23:04:48.058+02:00,0x0449,0x35,0x46
2026-09-18T23:04:48.059+02:00,0x044C,0x69,0x82
2026-09-18T23:04:48.060+02:00,0x0460,0x09,0x0A
2026-09-18T23:04:48.060+02:00,0x0461,0xAA,0xC8
2026-09-18T23:04:48.060+02:00,0x0465,0xD9,0x98
2026-09-18T23:04:48.061+02:00,0x046D,0xA4,0x4B
2026-09-18T23:04:48.079+02:00,0x0566,0xDE,0xE3
2026-09-18T23:04:48.090+02:00,0x0602,0x6A,0x69
2026-09-18T23:04:48.090+02:00,0x060C,0xBA,0x0B
2026-09-18T23:04:48.091+02:00,0x060D,0x00,0x01
2026-09-18T23:04:48.091+02:00,0x0610,0xCF,0xEF
2026-09-18T23:04:48.098+02:00,0x0670,0xAA,0xC8
2026-09-18T23:04:48.100+02:00,0x068D,0x04,0x00
2026-09-18T23:04:48.105+02:00,0x06CF,0x4C,0x34
2026-09-18T23:04:48.105+02:00,0x06D6,0x08,0x03
2026-09-18T23:04:48.106+02:00,0x06E4,0x0D,0x08
2026-09-18T23:04:48.108+02:00,0x06F8,0xA1,0x04
2026-09-18T23:04:48.108+02:00,0x06F9,0x02,0x1A
2026-09-18T23:04:48.108+02:00,0x06FA,0x30,0x31
2026-09-18T23:04:48.109+02:00,0x070A,0xDB,0xE0
2026-09-18T23:04:48.115+02:00,0x075B,0xB5,0xB4
2026-09-18T23:04:48.115+02:00,0x075C,0xB5,0xB4
2026-09-18T23:04:48.532+02:00,0x043E,0x54,0x55
2026-09-18T23:04:48.532+02:00,0x0449,0x46,0x45
2026-09-18T23:04:48.533+02:00,0x044C,0x82,0x88
2026-09-18T23:04:48.540+02:00,0x04AD,0x08,0x09
2026-09-18T23:04:48.555+02:00,0x0566,0xE3,0xE8
2026-09-18T23:04:48.568+02:00,0x0602,0x69,0x6A
2026-09-18T23:04:48.569+02:00,0x060C,0x0B,0xDD
2026-09-18T23:04:48.569+02:00,0x060D,0x01,0x00
2026-09-18T23:04:48.579+02:00,0x068B,0x05,0x06
2026-09-18T23:04:48.580+02:00,0x068D,0x00,0x02
2026-09-18T23:04:48.584+02:00,0x06CF,0x34,0x1C
2026-09-18T23:04:48.584+02:00,0x06D6,0x03,0x08
2026-09-18T23:04:48.585+02:00,0x06E4,0x08,0x03
2026-09-18T23:04:48.587+02:00,0x06F8,0x04,0x0B
2026-09-18T23:04:48.587+02:00,0x06F9,0x1A,0x01
2026-09-18T23:04:48.588+02:00,0x070A,0xE0,0xE5
2026-09-18T23:04:48.594+02:00,0x075B,0xB4,0xB6
2026-09-18T23:04:48.594+02:00,0x075C,0xB4,0xB6
2026-09-18T23:04:49.011+02:00,0x043E,0x55,0x56
2026-09-18T23:04:49.012+02:00,0x0449,0x45,0x3E
2026-09-18T23:04:49.012+02:00,0x044C,0x88,0x7A
2026-09-18T23:04:49.014+02:00,0x0465,0x98,0xA4
2026-09-18T23:04:49.015+02:00,0x046D,0x4B,0x71
2026-09-18T23:04:49.031+02:00,0x0566,0xE8,0xEC
2026-09-18T23:04:49.042+02:00,0x0602,0x6A,0x69
2026-09-18T23:04:49.043+02:00,0x060C,0xDD,0xDE
2026-09-18T23:04:49.045+02:00,0x062E,0x02,0x01
2026-09-18T23:04:49.052+02:00,0x068B,0x06,0x02
2026-09-18T23:04:49.057+02:00,0x06CF,0x1C,0x04
2026-09-18T23:04:49.058+02:00,0x06D6,0x08,0x04
2026-09-18T23:04:49.059+02:00,0x06E3,0x01,0x00
2026-09-18T23:04:49.059+02:00,0x06E4,0x03,0x0D
2026-09-18T23:04:49.060+02:00,0x06F8,0x0B,0xC2
2026-09-18T23:04:49.060+02:00,0x06F9,0x01,0x19
2026-09-18T23:04:49.060+02:00,0x06FA,0x31,0x32
2026-09-18T23:04:49.061+02:00,0x070A,0xE5,0xE9
2026-09-18T23:04:49.067+02:00,0x075B,0xB6,0xB8
2026-09-18T23:04:49.068+02:00,0x075C,0xB6,0xB8
2026-09-18T23:04:49.485+02:00,0x0449,0x3E,0x37
2026-09-18T23:04:49.486+02:00,0x044C,0x7A,0x6A
2026-09-18T23:04:49.492+02:00,0x04AD,0x09,0x0A
2026-09-18T23:04:49.505+02:00,0x0566,0xEC,0xF1
2026-09-18T23:04:49.516+02:00,0x060C,0xDE,0xC3
2026-09-18T23:04:49.524+02:00,0x0680,0x00,0x05
2026-09-18T23:04:49.525+02:00,0x068B,0x02,0x04
2026-09-18T23:04:49.525+02:00,0x068C,0x00,0x81
2026-09-18T23:04:49.525+02:00,0x068D,0x02,0x09
2026-09-18T23:04:49.526+02:00,0x0694,0x00,0x02
2026-09-18T23:04:49.529+02:00,0x06CF,0x04,0x51
2026-09-18T23:04:49.530+02:00,0x06D6,0x04,0x09
2026-09-18T23:04:49.531+02:00,0x06E4,0x0D,0x09
2026-09-18T23:04:49.532+02:00,0x06F8,0xC2,0x79
2026-09-18T23:04:49.532+02:00,0x06F9,0x19,0x01
2026-09-18T23:04:49.534+02:00,0x070A,0xE9,0xEE
2026-09-18T23:04:49.540+02:00,0x075B,0xB8,0xB9
2026-09-18T23:04:49.540+02:00,0x075C,0xB8,0xB9
2026-09-18T23:04:49.956+02:00,0x0449,0x37,0x33
2026-09-18T23:04:49.956+02:00,0x044C,0x6A,0x61
2026-09-18T23:04:49.958+02:00,0x0465,0xA4,0xD9
2026-09-18T23:04:49.958+02:00,0x046D,0x71,0xBE
2026-09-18T23:04:49.974+02:00,0x0566,0xF1,0xF6
2026-09-18T23:04:49.986+02:00,0x060C,0xC3,0xB7
2026-09-18T23:04:49.994+02:00,0x068B,0x04,0x02
2026-09-18T23:04:49.994+02:00,0x068C,0x81,0x00
2026-09-18T23:04:49.994+02:00,0x068D,0x09,0x01
2026-09-18T23:04:49.995+02:00,0x0694,0x02,0x00
2026-09-18T23:04:49.999+02:00,0x06CF,0x51,0x3A
2026-09-18T23:04:49.999+02:00,0x06D6,0x09,0x04
2026-09-18T23:04:50.000+02:00,0x06E4,0x09,0x04
2026-09-18T23:04:50.002+02:00,0x06F8,0x79,0x1C
2026-09-18T23:04:50.002+02:00,0x06F9,0x01,0x19
2026-09-18T23:04:50.003+02:00,0x06FA,0x32,0x33
2026-09-18T23:04:50.004+02:00,0x070A,0xEE,0xF3
2026-09-18T23:04:50.009+02:00,0x075B,0xB9,0xBB
2026-09-18T23:04:50.009+02:00,0x075C,0xB9,0xBB
2026-09-18T23:04:50.425+02:00,0x043E,0x56,0x58
2026-09-18T23:04:50.426+02:00,0x0449,0x33,0x3C
2026-09-18T23:04:50.426+02:00,0x044C,0x61,0x6E
2026-09-18T23:04:50.432+02:00,0x04AD,0x0A,0x0B
2026-09-18T23:04:50.445+02:00,0x0566,0xF6,0xFB
2026-09-18T23:04:50.455+02:00,0x0602,0x69,0x6A
2026-09-18T23:04:50.456+02:00,0x060C,0xB7,0xBE
2026-09-18T23:04:50.456+02:00,0x0610,0xEF,0xFF
2026-09-18T23:04:50.458+02:00,0x062E,0x01,0x00
2026-09-18T23:04:50.464+02:00,0x0680,0x05,0x04
2026-09-18T23:04:50.464+02:00,0x068B,0x02,0x05
2026-09-18T23:04:50.464+02:00,0x068D,0x01,0x09
2026-09-18T23:04:50.469+02:00,0x06CF,0x3A,0x22
2026-09-18T23:04:50.470+02:00,0x06D6,0x04,0x09
2026-09-18T23:04:50.471+02:00,0x06E3,0x00,0x01
2026-09-18T23:04:50.471+02:00,0x06E4,0x04,0x0E
2026-09-18T23:04:50.472+02:00,0x06F8,0x1C,0xD3
2026-09-18T23:04:50.472+02:00,0x06F9,0x19,0x00
2026-09-18T23:04:50.473+02:00,0x070A,0xF3,0xF8
2026-09-18T23:04:50.479+02:00,0x075B,0xBB,0xBC
2026-09-18T23:04:50.479+02:00,0x075C,0xBB,0xBC
2026-09-18T23:04:50.895+02:00,0x043E,0x58,0x59
2026-09-18T23:04:50.895+02:00,0x0449,0x3C,0x37
2026-09-18T23:04:50.896+02:00,0x044C,0x6E,0x68
2026-09-18T23:04:50.897+02:00,0x0464,0x14,0x15
2026-09-18T23:04:50.897+02:00,0x0465,0xD9,0x37
2026-09-18T23:04:50.914+02:00,0x0566,0xFB,0xFF
2026-09-18T23:04:50.925+02:00,0x0602,0x6A,0x6B
2026-09-18T23:04:50.926+02:00,0x060C,0xBE,0xC1
2026-09-18T23:04:50.926+02:00,0x0610,0xFF,0xEF
2026-09-18T23:04:50.934+02:00,0x068D,0x09,0x05
2026-09-18T23:04:50.938+02:00,0x06CF,0x22,0x0B
2026-09-18T23:04:50.939+02:00,0x06D6,0x09,0x05
2026-09-18T23:04:50.940+02:00,0x06E4,0x0E,0x0A
2026-09-18T23:04:50.941+02:00,0x06F8,0xD3,0xAA
2026-09-18T23:04:50.941+02:00,0x06F9,0x00,0x18
2026-09-18T23:04:50.941+02:00,0x06FA,0x33,0x34
2026-09-18T23:04:50.942+02:00,0x070A,0xF8,0xFC
2026-09-18T23:04:50.948+02:00,0x075B,0xBC,0xBE
2026-09-18T23:04:50.948+02:00,0x075C,0xBC,0xBE
2026-09-18T23:04:51.364+02:00,0x043E,0x59,0x5A
2026-09-18T23:04:51.365+02:00,0x044C,0x68,0x66
2026-09-18T23:04:51.367+02:00,0x046C,0x14,0x15
2026-09-18T23:04:51.367+02:00,0x046D,0xBE,0x01
2026-09-18T23:04:51.382+02:00,0x0566,0xFF,0x04
2026-09-18T23:04:51.393+02:00,0x060C,0xC1,0xCD
2026-09-18T23:04:51.402+02:00,0x0680,0x04,0x02
2026-09-18T23:04:51.403+02:00,0x068D,0x05,0x02
2026-09-18T23:04:51.408+02:00,0x06CF,0x0B,0x58
2026-09-18T23:04:51.408+02:00,0x06D6,0x05,0x00
2026-09-18T23:04:51.410+02:00,0x06E4,0x0A,0x05
2026-09-18T23:04:51.411+02:00,0x06F8,0xAA,0xC0
2026-09-18T23:04:51.411+02:00,0x06F9,0x18,0x00
2026-09-18T23:04:51.412+02:00,0x070A,0xFC,0x01
2026-09-18T23:04:51.417+02:00,0x075B,0xBE,0xC0
2026-09-18T23:04:51.417+02:00,0x075C,0xBE,0xC0
2026-09-18T23:04:51.831+02:00,0x043E,0x5A,0x58
2026-09-18T23:04:51.832+02:00,0x0449,0x37,0x36
2026-09-18T23:04:51.832+02:00,0x044C,0x66,0x69
2026-09-18T23:04:51.834+02:00,0x0465,0x37,0x8A
2026-09-18T23:04:51.838+02:00,0x04AD,0x0B,0x0C
2026-09-18T23:04:51.850+02:00,0x0566,0x04,0x09
2026-09-18T23:04:51.860+02:00,0x0602,0x6B,0x6A
2026-09-18T23:04:51.861+02:00,0x060C,0xCD,0xC8
2026-09-18T23:04:51.871+02:00,0x068D,0x02,0x01
2026-09-18T23:04:51.875+02:00,0x06CF,0x58,0x41
2026-09-18T23:04:51.876+02:00,0x06D6,0x00,0x05
2026-09-18T23:04:51.877+02:00,0x06E4,0x05,0x00
2026-09-18T23:04:51.878+02:00,0x06F8,0xC0,0xB4
2026-09-18T23:04:51.878+02:00,0x06F9,0x00,0x18
2026-09-18T23:04:51.878+02:00,0x06FA,0x34,0x35
2026-09-18T23:04:51.879+02:00,0x070A,0x01,0x06
2026-09-18T23:04:51.884+02:00,0x075B,0xC0,0xC2
2026-09-18T23:04:51.885+02:00,0x075C,0xC0,0xC2
2026-09-18T23:04:52.299+02:00,0x043E,0x58,0x55
2026-09-18T23:04:52.300+02:00,0x0449,0x36,0x3A
2026-09-18T23:04:52.300+02:00,0x044C,0x69,0x6D
2026-09-18T23:04:52.302+02:00,0x046D,0x01,0x52
2026-09-18T23:04:52.318+02:00,0x0566,0x09,0x0D
2026-09-18T23:04:52.328+02:00,0x0602,0x6A,0x6B
2026-09-18T23:04:52.329+02:00,0x060C,0xC8,0xDF
2026-09-18T23:04:52.329+02:00,0x0610,0xEF,0xFF
2026-09-18T23:04:52.331+02:00,0x062E,0x00,0x04
2026-09-18T23:04:52.336+02:00,0x0680,0x02,0x00
2026-09-18T23:04:52.337+02:00,0x068B,0x05,0x00
2026-09-18T23:04:52.338+02:00,0x068D,0x01,0x02
2026-09-18T23:04:52.342+02:00,0x06CF,0x41,0x29
2026-09-18T23:04:52.342+02:00,0x06D6,0x05,0x01
2026-09-18T23:04:52.343+02:00,0x06E3,0x01,0x00
2026-09-18T23:04:52.343+02:00,0x06E4,0x00,0x0A
2026-09-18T23:04:52.344+02:00,0x06F8,0xB4,0x6A
2026-09-18T23:04:52.344+02:00,0x06F9,0x18,0x0C
2026-09-18T23:04:52.345+02:00,0x070A,0x06,0x0A
2026-09-18T23:04:52.350+02:00,0x075B,0xC2,0xC3
2026-09-18T23:04:52.350+02:00,0x075C,0xC2,0xC3
2026-09-18T23:04:52.765+02:00,0x043E,0x55,0x53
2026-09-18T23:04:52.767+02:00,0x0449,0x3A,0x3E
2026-09-18T23:04:52.767+02:00,0x044C,0x6D,0x71
2026-09-18T23:04:52.773+02:00,0x04AD,0x0C,0x0D
2026-09-18T23:04:52.785+02:00,0x0566,0x0D,0x12
2026-09-18T23:04:52.795+02:00,0x0602,0x6B,0x6A
2026-09-18T23:04:52.795+02:00,0x060C,0xDF,0xF9
2026-09-18T23:04:52.795+02:00,0x0610,0xFF,0xCF
2026-09-18T23:04:52.803+02:00,0x068B,0x00,0x02
2026-09-18T23:04:52.803+02:00,0x068D,0x02,0x01
2026-09-18T23:04:52.807+02:00,0x06CF,0x29,0x12
2026-09-18T23:04:52.808+02:00,0x06D6,0x01,0x06
2026-09-18T23:04:52.808+02:00,0x06E4,0x0A,0x06
2026-09-18T23:04:52.810+02:00,0x06F8,0x6A,0x00
2026-09-18T23:04:52.810+02:00,0x06F9,0x0C,0x14
2026-09-18T23:04:52.810+02:00,0x06FA,0x35,0x36
2026-09-18T23:04:52.812+02:00,0x070A,0x0A,0x0F
2026-09-18T23:04:52.817+02:00,0x075B,0xC3,0xC5
2026-09-18T23:04:52.817+02:00,0x075C,0xC3,0xC5
2026-09-18T23:04:53.232+02:00,0x043E,0x53,0x51
2026-09-18T23:04:53.233+02:00,0x0449,0x3E,0x37
2026-09-18T23:04:53.233+02:00,0x044C,0x71,0x6F
2026-09-18T23:04:53.235+02:00,0x0465,0x8A,0xC3
2026-09-18T23:04:53.235+02:00,0x046D,0x52,0x98
2026-09-18T23:04:53.253+02:00,0x0566,0x12,0x17
2026-09-18T23:04:53.263+02:00,0x0602,0x6A,0x6C
2026-09-18T23:04:53.264+02:00,0x060C,0xF9,0xE4
2026-09-18T23:04:53.264+02:00,0x0610,0xCF,0xEF
2026-09-18T23:04:53.271+02:00,0x0670,0xC8,0xAA
2026-09-18T23:04:53.272+02:00,0x0680,0x00,0x05
2026-09-18T23:04:53.272+02:00,0x068B,0x02,0x05
2026-09-18T23:04:53.273+02:00,0x068D,0x01,0x08
2026-09-18T23:04:53.278+02:00,0x06CF,0x12,0x60
2026-09-18T23:04:53.279+02:00,0x06D6,0x06,0x01
2026-09-18T23:04:53.280+02:00,0x06E4,0x06,0x01
2026-09-18T23:04:53.282+02:00,0x06F8,0x00,0x74
2026-09-18T23:04:53.282+02:00,0x06F9,0x14,0x0C
2026-09-18T23:04:53.284+02:00,0x070A,0x0F,0x14
2026-09-18T23:04:53.289+02:00,0x075B,0xC5,0xC6
2026-09-18T23:04:53.290+02:00,0x075C,0xC5,0xC6
2026-09-18T23:04:53.706+02:00,0x043E,0x51,0x4F
2026-09-18T23:04:53.707+02:00,0x0449,0x37,0x38
2026-09-18T23:04:53.707+02:00,0x044C,0x6F,0x73
2026-09-18T23:04:53.708+02:00,0x0460,0x0A,0x09
2026-09-18T23:04:53.708+02:00,0x0461,0xC8,0xAA
2026-09-18T23:04:53.714+02:00,0x04AD,0x0D,0x0E
2026-09-18T23:04:53.727+02:00,0x0566,0x17,0x1B
2026-09-18T23:04:53.738+02:00,0x060C,0xE4,0xC4
2026-09-18T23:04:53.740+02:00,0x062E,0x04,0x03
2026-09-18T23:04:53.748+02:00,0x068D,0x08,0x04
2026-09-18T23:04:53.752+02:00,0x06CF,0x60,0x48
2026-09-18T23:04:53.753+02:00,0x06D6,0x01,0x06
2026-09-18T23:04:53.753+02:00,0x06E3,0x00,0x01
2026-09-18T23:04:53.754+02:00,0x06E4,0x01,0x0B
2026-09-18T23:04:53.755+02:00,0x06F8,0x74,0xBB
2026-09-18T23:04:53.755+02:00,0x06F9,0x0C,0x03
2026-09-18T23:04:53.756+02:00,0x070A,0x14,0x19
2026-09-18T23:04:53.762+02:00,0x075B,0xC6,0xC4
2026-09-18T23:04:53.762+02:00,0x075C,0xC6,0xC4
2026-09-18T23:04:54.178+02:00,0x043E,0x4F,0x50
2026-09-18T23:04:54.179+02:00,0x044C,0x73,0x6B
2026-09-18T23:04:54.181+02:00,0x0465,0xC3,0xD2
2026-09-18T23:04:54.181+02:00,0x046D,0x98,0x8A
2026-09-18T23:04:54.199+02:00,0x0566,0x1B,0x20
2026-09-18T23:04:54.209+02:00,0x0602,0x6C,0x6A
2026-09-18T23:04:54.210+02:00,0x060C,0xC4,0xBB
2026-09-18T23:04:54.218+02:00,0x068D,0x04,0x01
2026-09-18T23:04:54.224+02:00,0x06CF,0x48,0x30
2026-09-18T23:04:54.224+02:00,0x06D6,0x06,0x02
2026-09-18T23:04:54.225+02:00,0x06E4,0x0B,0x07
2026-09-18T23:04:54.227+02:00,0x06F8,0xBB,0x11
2026-09-18T23:04:54.227+02:00,0x06F9,0x03,0x1B
2026-09-18T23:04:54.227+02:00,0x06FA,0x36,0x37
2026-09-18T23:04:54.228+02:00,0x070A,0x19,0x1D
2026-09-18T23:04:54.233+02:00,0x075B,0xC4,0xC3
2026-09-18T23:04:54.234+02:00,0x075C,0xC4,0xC3
2026-09-18T23:04:54.649+02:00,0x043E,0x50,0x53
2026-09-18T23:04:54.649+02:00,0x0449,0x38,0x36
2026-09-18T23:04:54.650+02:00,0x044C,0x6B,0x6A
2026-09-18T23:04:54.657+02:00,0x04AD,0x0E,0x0F
2026-09-18T23:04:54.669+02:00,0x0566,0x20,0x25
2026-09-18T23:04:54.680+02:00,0x0610,0xEF,0xFF
2026-09-18T23:04:54.688+02:00,0x0680,0x05,0x04
2026-09-18T23:04:54.689+02:00,0x068D,0x01,0x00
2026-09-18T23:04:54.693+02:00,0x06CF,0x30,0x19
2026-09-18T23:04:54.693+02:00,0x06D6,0x02,0x07
2026-09-18T23:04:54.694+02:00,0x06E4,0x07,0x02
2026-09-18T23:04:54.696+02:00,0x06F8,0x11,0x68
2026-09-18T23:04:54.696+02:00,0x06F9,0x1B,0x03
2026-09-18T23:04:54.697+02:00,0x070A,0x1D,0x22
2026-09-18T23:04:54.703+02:00,0x075B,0xC3,0xC1
2026-09-18T23:04:54.703+02:00,0x075C,0xC3,0xC1
2026-09-18T23:04:55.120+02:00,0x0465,0xD2,0x98
2026-09-18T23:04:55.122+02:00,0x046D,0x8A,0x52
2026-09-18T23:04:55.138+02:00,0x0566,0x25,0x2A
2026-09-18T23:04:55.149+02:00,0x060C,0xBB,0xBF
2026-09-18T23:04:55.149+02:00,0x0610,0xFF,0xEF
2026-09-18T23:04:55.158+02:00,0x068B,0x05,0x01
2026-09-18T23:04:55.158+02:00,0x068D,0x00,0x02
2026-09-18T23:04:55.162+02:00,0x06CF,0x19,0x01
2026-09-18T23:04:55.163+02:00,0x06D6,0x07,0x02
2026-09-18T23:04:55.164+02:00,0x06E3,0x01,0x00
2026-09-18T23:04:55.164+02:00,0x06E4,0x02,0x0C
2026-09-18T23:04:55.165+02:00,0x06F8,0x68,0x0B
2026-09-18T23:04:55.165+02:00,0x06F9,0x03,0x1A
2026-09-18T23:04:55.165+02:00,0x06FA,0x37,0x38
2026-09-18T23:04:55.166+02:00,0x070A,0x22,0x27
2026-09-18T23:04:55.172+02:00,0x075B,0xC1,0xBF
2026-09-18T23:04:55.172+02:00,0x075C,0xC1,0xBF
2026-09-18T23:04:55.588+02:00,0x043E,0x53,0x55
2026-09-18T23:04:55.589+02:00,0x0449,0x36,0x3D
2026-09-18T23:04:55.589+02:00,0x044C,0x6A,0x6C
2026-09-18T23:04:55.590+02:00,0x0460,0x09,0x0A
2026-09-18T23:04:55.590+02:00,0x0461,0xAA,0xC8
2026-09-18T23:04:55.595+02:00,0x04AD,0x0F,0x10
2026-09-18T23:04:55.608+02:00,0x0566,0x2A,0x2E
2026-09-18T23:04:55.619+02:00,0x0602,0x6A,0x6C
2026-09-18T23:04:55.620+02:00,0x060C,0xBF,0xC9
2026-09-18T23:04:55.622+02:00,0x062E,0x03,0x02
2026-09-18T23:04:55.626+02:00,0x0670,0xAA,0xC8
2026-09-18T23:04:55.627+02:00,0x0680,0x04,0x02
2026-09-18T23:04:55.628+02:00,0x068B,0x01,0x04
2026-09-18T23:04:55.628+02:00,0x068D,0x02,0x09
2026-09-18T23:04:55.632+02:00,0x06CF,0x01,0x4E
2026-09-18T23:04:55.633+02:00,0x06D6,0x02,0x08
2026-09-18T23:04:55.635+02:00,0x06E4,0x0C,0x07
2026-09-18T23:04:55.635+02:00,0x06F8,0x0B,0x72
2026-09-18T23:04:55.635+02:00,0x06F9,0x1A,0x02
2026-09-18T23:04:55.637+02:00,0x070A,0x27,0x2B
2026-09-18T23:04:55.642+02:00,0x075B,0xBF,0xC0
2026-09-18T23:04:55.643+02:00,0x075C,0xBF,0xC0
2026-09-18T23:04:56.059+02:00,0x043E,0x55,0x4F
2026-09-18T23:04:56.059+02:00,0x0449,0x3D,0x36
2026-09-18T23:04:56.060+02:00,0x044C,0x6C,0x65
2026-09-18T23:04:56.061+02:00,0x0460,0x0A,0x09
2026-09-18T23:04:56.061+02:00,0x0461,0xC8,0xAA
2026-09-18T23:04:56.061+02:00,0x0465,0x98,0x8A
2026-09-18T23:04:56.062+02:00,0x046D,0x52,0x45
2026-09-18T23:04:56.078+02:00,0x0566,0x2E,0x33
2026-09-18T23:04:56.091+02:00,0x060C,0xC9,0xC2
2026-09-18T23:04:56.097+02:00,0x0670,0xC8,0xAA
2026-09-18T23:04:56.099+02:00,0x068B,0x04,0x05
2026-09-18T23:04:56.099+02:00,0x068D,0x09,0x06
2026-09-18T23:04:56.105+02:00,0x06CF,0x4E,0x37
2026-09-18T23:04:56.105+02:00,0x06D6,0x08,0x03
2026-09-18T23:04:56.106+02:00,0x06E4,0x07,0x03
2026-09-18T23:04:56.108+02:00,0x06F8,0x72,0xB9
2026-09-18T23:04:56.108+02:00,0x06F9,0x02,0x1A
2026-09-18T23:04:56.108+02:00,0x06FA,0x38,0x39
2026-09-18T23:04:56.109+02:00,0x070A,0x2B,0x30
2026-09-18T23:04:56.529+02:00,0x043E,0x4F,0x51
2026-09-18T23:04:56.531+02:00,0x044C,0x65,0x67
2026-09-18T23:04:56.537+02:00,0x04AD,0x10,0x11
2026-09-18T23:04:56.550+02:00,0x0566,0x33,0x38
2026-09-18T23:04:56.561+02:00,0x060C,0xC2,0xB9
2026-09-18T23:04:56.570+02:00,0x068D,0x06,0x03
2026-09-18T23:04:56.575+02:00,0x06CF,0x37,0x1F
2026-09-18T23:04:56.575+02:00,0x06D6,0x03,0x08
2026-09-18T23:04:56.576+02:00,0x06E3,0x00,0x01
2026-09-18T23:04:56.576+02:00,0x06E4,0x03,0x0D
2026-09-18T23:04:56.578+02:00,0x06F8,0xB9,0xDC
2026-09-18T23:04:56.578+02:00,0x06F9,0x1A,0x02
2026-09-18T23:04:56.579+02:00,0x070A,0x30,0x35
2026-09-18T23:04:56.584+02:00,0x075B,0xC0,0xBF
2026-09-18T23:04:56.584+02:00,0x075C,0xC0,0xBF
2026-09-18T23:04:57.000+02:00,0x043E,0x51,0x54
2026-09-18T23:04:57.001+02:00,0x0449,0x36,0x35
2026-09-18T23:04:57.001+02:00,0x044C,0x67,0x69
2026-09-18T23:04:57.003+02:00,0x0460,0x09,0x0A
2026-09-18T23:04:57.003+02:00,0x0461,0xAA,0xC8
2026-09-18T23:04:57.003+02:00,0x0465,0x8A,0x52
2026-09-18T23:04:57.004+02:00,0x046D,0x45,0x0E
2026-09-18T23:04:57.020+02:00,0x0566,0x38,0x3C
2026-09-18T23:04:57.029+02:00,0x0602,0x6C,0x6B
2026-09-18T23:04:57.029+02:00,0x060C,0xB9,0xA4
2026-09-18T23:04:57.032+02:00,0x062E,0x02,0x01
2026-09-18T23:04:57.036+02:00,0x0670,0xAA,0xC8
2026-09-18T23:04:57.037+02:00,0x0680,0x02,0x00
2026-09-18T23:04:57.038+02:00,0x068D,0x03,0x02
2026-09-18T23:04:57.042+02:00,0x06CF,0x1F,0x08
2026-09-18T23:04:57.042+02:00,0x06D6,0x08,0x04
2026-09-18T23:04:57.043+02:00,0x06E4,0x0D,0x08
2026-09-18T23:04:57.044+02:00,0x06F8,0xDC,0xA3
2026-09-18T23:04:57.044+02:00,0x06F9,0x02,0x19
2026-09-18T23:04:57.044+02:00,0x06FA,0x39,0x3A
2026-09-18T23:04:57.045+02:00,0x070A,0x35,0x3A
2026-09-18T23:04:57.465+02:00,0x043E,0x54,0x4B
2026-09-18T23:04:57.466+02:00,0x0449,0x35,0x27
2026-09-18T23:04:57.466+02:00,0x044C,0x69,0x4D
2026-09-18T23:04:57.467+02:00,0x0460,0x0A,0x08
2026-09-18T23:04:57.467+02:00,0x0461,0xC8,0x8C
2026-09-18T23:04:57.473+02:00,0x04AD,0x11,0x12
2026-09-18T23:04:57.483+02:00,0x0566,0x3C,0x41
2026-09-18T23:04:57.494+02:00,0x0602,0x6B,0x6C
2026-09-18T23:04:57.494+02:00,0x060C,0xA4,0xAE
2026-09-18T23:04:57.500+02:00,0x0670,0xC8,0x8C
2026-09-18T23:04:57.501+02:00,0x0680,0x00,0x05
2026-09-18T23:04:57.502+02:00,0x068B,0x05,0x06
2026-09-18T23:04:57.506+02:00,0x06CF,0x08,0x55
2026-09-18T23:04:57.507+02:00,0x06D6,0x04,0x09
2026-09-18T23:04:57.507+02:00,0x06E4,0x08,0x04
2026-09-18T23:04:57.509+02:00,0x06F8,0xA3,0x79
2026-09-18T23:04:57.509+02:00,0x06F9,0x19,0x01
2026-09-18T23:04:57.510+02:00,0x070A,0x3A,0x3E
2026-09-18T23:04:57.514+02:00,0x075B,0xBF,0xBE
2026-09-18T23:04:57.515+02:00,0x075C,0xBF,0xBE
2026-09-18T23:04:57.933+02:00,0x043E,0x4B,0x44
2026-09-18T23:04:57.934+02:00,0x0449,0x27,0x25
2026-09-18T23:04:57.934+02:00,0x044C,0x4D,0x4B
2026-09-18T23:04:57.936+02:00,0x0460,0x08,0x07
2026-09-18T23:04:57.936+02:00,0x0461,0x8C,0x6E
2026-09-18T23:04:57.936+02:00,0x0465,0x52,0x37
2026-09-18T23:04:57.937+02:00,0x046C,0x15,0x13
2026-09-18T23:04:57.937+02:00,0x046D,0x0E,0xDD
2026-09-18T23:04:57.953+02:00,0x0566,0x41,0x46
2026-09-18T23:04:57.965+02:00,0x060C,0xAE,0x92
2026-09-18T23:04:57.972+02:00,0x0670,0x8C,0x6E
2026-09-18T23:04:57.975+02:00,0x068B,0x06,0x02
2026-09-18T23:04:57.975+02:00,0x068D,0x02,0x01
2026-09-18T23:04:57.980+02:00,0x06CF,0x55,0x3E
2026-09-18T23:04:57.982+02:00,0x06D6,0x09,0x04
2026-09-18T23:04:57.983+02:00,0x06E3,0x01,0x00
2026-09-18T23:04:57.983+02:00,0x06E4,0x04,0x0E
2026-09-18T23:04:57.984+02:00,0x06F8,0x79,0xB0
2026-09-18T23:04:57.984+02:00,0x06F9,0x01,0x19
2026-09-18T23:04:57.984+02:00,0x06FA,0x3A,0x3B
2026-09-18T23:04:57.986+02:00,0x070A,0x3E,0x43
2026-09-18T23:04:57.992+02:00,0x075B,0xBE,0xBC
2026-09-18T23:04:57.993+02:00,0x075C,0xBE,0xA8
2026-09-18T23:04:58.412+02:00,0x043E,0x44,0x3E
2026-09-18T23:04:58.413+02:00,0x0449,0x25,0x3C
2026-09-18T23:04:58.413+02:00,0x044C,0x4B,0x68
2026-09-18T23:04:58.413+02:00,0x044F,0x35,0x34
2026-09-18T23:04:58.415+02:00,0x0460,0x07,0x06
2026-09-18T23:04:58.415+02:00,0x0461,0x6E,0x64
2026-09-18T23:04:58.421+02:00,0x04AD,0x12,0x13
2026-09-18T23:04:58.434+02:00,0x0566,0x46,0x4B
2026-09-18T23:04:58.446+02:00,0x060C,0x92,0xB9
2026-09-18T23:04:58.453+02:00,0x0670,0x6E,0x60
2026-09-18T23:04:58.455+02:00,0x068B,0x02,0x05
2026-09-18T23:04:58.455+02:00,0x068D,0x01,0x08
2026-09-18T23:04:58.459+02:00,0x06CF,0x3E,0x26
2026-09-18T23:04:58.460+02:00,0x06D6,0x04,0x09
2026-09-18T23:04:58.461+02:00,0x06E4,0x0E,0x09
2026-09-18T23:04:58.462+02:00,0x06F8,0xB0,0xB4
2026-09-18T23:04:58.462+02:00,0x06F9,0x19,0x01
2026-09-18T23:04:58.464+02:00,0x070A,0x43,0x48
2026-09-18T23:04:58.470+02:00,0x075B,0xBC,0xBA
2026-09-18T23:04:58.470+02:00,0x075C,0xA8,0xA6
2026-09-18T23:04:58.885+02:00,0x043E,0x3E,0x3D
2026-09-18T23:04:58.886+02:00,0x0449,0x3C,0x2F
2026-09-18T23:04:58.886+02:00,0x044C,0x68,0x57
2026-09-18T23:04:58.888+02:00,0x0460,0x06,0x04
2026-09-18T23:04:58.888+02:00,0x0461,0x64,0x5A
2026-09-18T23:04:58.888+02:00,0x0464,0x15,0x14
2026-09-18T23:04:58.888+02:00,0x0465,0x37,0xF3
2026-09-18T23:04:58.905+02:00,0x0566,0x4B,0x4F
2026-09-18T23:04:58.916+02:00,0x060C,0xB9,0x8E
2026-09-18T23:04:58.919+02:00,0x062E,0x01,0x00
2026-09-18T23:04:58.924+02:00,0x0670,0x60,0x5A
2026-09-18T23:04:58.926+02:00,0x068D,0x08,0x05
2026-09-18T23:04:58.931+02:00,0x06CF,0x26,0x0E
2026-09-18T23:04:58.931+02:00,0x06D6,0x09,0x05
2026-09-18T23:04:58.932+02:00,0x06E4,0x09,0x04
2026-09-18T23:04:58.933+02:00,0x06F8,0xB4,0x1A
2026-09-18T23:04:58.933+02:00,0x06F9,0x01,0x18
2026-09-18T23:04:58.934+02:00,0x06FA,0x3B,0x3C
2026-09-18T23:04:58.935+02:00,0x070A,0x48,0x4D
2026-09-18T23:04:58.940+02:00,0x075B,0xBA,0xB9
2026-09-18T23:04:58.940+02:00,0x075C,0xA6,0xA5
2026-09-18T23:04:59.358+02:00,0x0449,0x2F,0x28
2026-09-18T23:04:59.359+02:00,0x044C,0x57,0x4D
2026-09-18T23:04:59.361+02:00,0x046D,0xDD,0x19
2026-09-18T23:04:59.365+02:00,0x04AD,0x13,0x14
2026-09-18T23:04:59.377+02:00,0x0566,0x4F,0x54
2026-09-18T23:04:59.389+02:00,0x060C,0x8E,0x8B
2026-09-18T23:04:59.389+02:00,0x0610,0xEF,0xDF
2026-09-18T23:04:59.397+02:00,0x0680,0x05,0x04
2026-09-18T23:04:59.398+02:00,0x068D,0x05,0x08
2026-09-18T23:04:59.399+02:00,0x0694,0x00,0x02
2026-09-18T23:04:59.403+02:00,0x06CF,0x0E,0x5B
2026-09-18T23:04:59.404+02:00,0x06D6,0x05,0x00
2026-09-18T23:04:59.405+02:00,0x06E4,0x04,0x00
2026-09-18T23:04:59.406+02:00,0x06F8,0x1A,0xD1
2026-09-18T23:04:59.406+02:00,0x06F9,0x18,0x00
2026-09-18T23:04:59.408+02:00,0x070A,0x4D,0x51
2026-09-18T23:04:59.413+02:00,0x075B,0xB9,0xB7
2026-09-18T23:04:59.413+02:00,0x075C,0xA5,0xA3
2026-09-18T23:04:59.830+02:00,0x043E,0x3D,0x3B
2026-09-18T23:04:59.831+02:00,0x044C,0x4D,0x57
2026-09-18T23:04:59.832+02:00,0x0460,0x04,0x03
2026-09-18T23:04:59.832+02:00,0x0461,0x5A,0x46
2026-09-18T23:04:59.832+02:00,0x0465,0xF3,0xA4
2026-09-18T23:04:59.850+02:00,0x0566,0x54,0x59
2026-09-18T23:04:59.860+02:00,0x0602,0x6C,0x6A
2026-09-18T23:04:59.860+02:00,0x060C,0x8B,0xAA
2026-09-18T23:04:59.860+02:00,0x0610,0xDF,0xEF
2026-09-18T23:04:59.866+02:00,0x0670,0x5A,0x46
2026-09-18T23:04:59.868+02:00,0x068D,0x08,0x04
2026-09-18T23:04:59.869+02:00,0x0694,0x02,0x00
2026-09-18T23:04:59.873+02:00,0x06CF,0x5B,0x44
2026-09-18T23:04:59.874+02:00,0x06D6,0x00,0x05
2026-09-18T23:04:59.875+02:00,0x06E3,0x00,0x01
2026-09-18T23:04:59.875+02:00,0x06E4,0x00,0x0A
2026-09-18T23:04:59.876+02:00,0x06F8,0xD1,0xA8
2026-09-18T23:04:59.876+02:00,0x06F9,0x00,0x18
2026-09-18T23:04:59.877+02:00,0x06FA,0x3C,0x01
2026-09-18T23:04:59.878+02:00,0x070A,0x51,0x56
2026-09-18T23:04:59.883+02:00,0x075B,0xB7,0xB6
2026-09-18T23:04:59.883+02:00,0x075C,0xA3,0xB6
2026-09-18T23:05:00.299+02:00,0x043E,0x3B,0x3A
2026-09-18T23:05:00.300+02:00,0x0449,0x28,0x26
2026-09-18T23:05:00.300+02:00,0x044C,0x57,0x4C
2026-09-18T23:05:00.302+02:00,0x046D,0x19,0x24
2026-09-18T23:05:00.321+02:00,0x0566,0x59,0x5E
2026-09-18T23:05:00.332+02:00,0x0602,0x6A,0x6C
2026-09-18T23:05:00.333+02:00,0x060C,0xAA,0x9E
2026-09-18T23:05:00.342+02:00,0x068D,0x04,0x01
2026-09-18T23:05:00.347+02:00,0x06CF,0x44,0x2C
2026-09-18T23:05:00.347+02:00,0x06D6,0x05,0x00
2026-09-18T23:05:00.348+02:00,0x06E4,0x0A,0x05
2026-09-18T23:05:00.350+02:00,0x06F8,0xA8,0x0B
2026-09-18T23:05:00.351+02:00,0x06F9,0x18,0x0C
2026-09-18T23:05:00.352+02:00,0x070A,0x56,0x5B
2026-09-18T23:05:00.358+02:00,0x075B,0xB6,0xB4
2026-09-18T23:05:00.358+02:00,0x075C,0xB6,0xB4
2026-09-18T23:05:00.782+02:00,0x043E,0x3A,0x3D
2026-09-18T23:05:00.783+02:00,0x044C,0x4C,0x51
2026-09-18T23:05:00.789+02:00,0x04AD,0x14,0x15
2026-09-18T23:05:00.801+02:00,0x0566,0x5E,0x62
2026-09-18T23:05:00.812+02:00,0x0602,0x6C,0x6D
2026-09-18T23:05:00.812+02:00,0x060C,0x9E,0xAC
2026-09-18T23:05:00.814+02:00,0x062E,0x00,0x04
2026-09-18T23:05:00.821+02:00,0x068D,0x01,0x00
2026-09-18T23:05:00.825+02:00,0x06CF,0x2C,0x14
2026-09-18T23:05:00.826+02:00,0x06D6,0x00,0x06
2026-09-18T23:05:00.829+02:00,0x06E4,0x05,0x00
2026-09-18T23:05:00.830+02:00,0x06F8,0x0B,0x02
2026-09-18T23:05:00.830+02:00,0x06F9,0x0C,0x14
2026-09-18T23:05:00.831+02:00,0x06FA,0x01,0x02
2026-09-18T23:05:00.831+02:00,0x070A,0x5B,0x60
2026-09-18T23:05:00.837+02:00,0x075B,0xB4,0xB2
2026-09-18T23:05:00.837+02:00,0x075C,0xB4,0xB2
2026-09-18T23:05:01.252+02:00,0x043E,0x3D,0x3C
2026-09-18T23:05:01.253+02:00,0x044C,0x51,0x4C
2026-09-18T23:05:01.254+02:00,0x0465,0xA4,0x64
2026-09-18T23:05:01.255+02:00,0x046C,0x13,0x14
2026-09-18T23:05:01.255+02:00,0x046D,0x24,0x26
2026-09-18T23:05:01.271+02:00,0x0566,0x62,0x67
2026-09-18T23:05:01.281+02:00,0x0602,0x6D,0x6C
2026-09-18T23:05:01.282+02:00,0x060C,0xAC,0x98
2026-09-18T23:05:01.289+02:00,0x0680,0x04,0x02
2026-09-18T23:05:01.290+02:00,0x068B,0x05,0x02
2026-09-18T23:05:01.290+02:00,0x068D,0x00,0x02
2026-09-18T23:05:01.294+02:00,0x06CF,0x14,0x62
2026-09-18T23:05:01.295+02:00,0x06D6,0x06,0x01
2026-09-18T23:05:01.296+02:00,0x06E3,0x01,0x00
2026-09-18T23:05:01.296+02:00,0x06E4,0x00,0x0B
2026-09-18T23:05:01.298+02:00,0x06F8,0x02,0x79
2026-09-18T23:05:01.298+02:00,0x06F9,0x14,0x0C
2026-09-18T23:05:01.299+02:00,0x070A,0x60,0x64
2026-09-18T23:05:01.305+02:00,0x075B,0xB2,0xB1
2026-09-18T23:05:01.305+02:00,0x075C,0xB2,0xB1
2026-09-18T23:05:01.724+02:00,0x0449,0x26,0x27
2026-09-18T23:05:01.724+02:00,0x044C,0x4C,0x51
2026-09-18T23:05:01.730+02:00,0x04AD,0x15,0x16
2026-09-18T23:05:01.742+02:00,0x0566,0x67,0x6C
2026-09-18T23:05:01.752+02:00,0x060C,0x98,0x9C
2026-09-18T23:05:01.760+02:00,0x068B,0x02,0x05
2026-09-18T23:05:01.760+02:00,0x068D,0x02,0x09
2026-09-18T23:05:01.764+02:00,0x06CF,0x62,0x4A
2026-09-18T23:05:01.764+02:00,0x06D6,0x01,0x06
2026-09-18T23:05:01.765+02:00,0x06E4,0x0B,0x06
2026-09-18T23:05:01.766+02:00,0x06F8,0x79,0x1C
2026-09-18T23:05:01.766+02:00,0x06F9,0x0C,0x14
2026-09-18T23:05:01.767+02:00,0x06FA,0x02,0x03
2026-09-18T23:05:01.767+02:00,0x070A,0x64,0x69
2026-09-18T23:05:01.772+02:00,0x075B,0xB1,0xAF
2026-09-18T23:05:01.772+02:00,0x075C,0xB1,0xAF
2026-09-18T23:05:02.187+02:00,0x043E,0x3C,0x39
2026-09-18T23:05:02.188+02:00,0x0449,0x27,0x2A
2026-09-18T23:05:02.190+02:00,0x0465,0x64,0x26
2026-09-18T23:05:02.190+02:00,0x046C,0x14,0x13
2026-09-18T23:05:02.190+02:00,0x046D,0x26,0xDD
2026-09-18T23:05:02.206+02:00,0x0566,0x6C,0x70
2026-09-18T23:05:02.215+02:00,0x0602,0x6C,0x6D
2026-09-18T23:05:02.216+02:00,0x060C,0x9C,0x89
2026-09-18T23:05:02.218+02:00,0x062E,0x04,0x03
2026-09-18T23:05:02.223+02:00,0x0680,0x02,0x00
2026-09-18T23:05:02.224+02:00,0x068D,0x09,0x06
2026-09-18T23:05:02.228+02:00,0x06CF,0x4A,0x33
2026-09-18T23:05:02.228+02:00,0x06D6,0x06,0x01
2026-09-18T23:05:02.229+02:00,0x06E4,0x06,0x01
2026-09-18T23:05:02.230+02:00,0x06F8,0x1C,0xA3
2026-09-18T23:05:02.230+02:00,0x06F9,0x14,0x1B
2026-09-18T23:05:02.232+02:00,0x070A,0x69,0x6E
2026-09-18T23:05:02.237+02:00,0x075B,0xAF,0xAE
2026-09-18T23:05:02.237+02:00,0x075C,0xAF,0xAE
2026-09-18T23:05:02.655+02:00,0x043E,0x39,0x3A
2026-09-18T23:05:02.655+02:00,0x0449,0x2A,0x28
2026-09-18T23:05:02.661+02:00,0x04AD,0x16,0x17
2026-09-18T23:05:02.673+02:00,0x0566,0x70,0x75
2026-09-18T23:05:02.684+02:00,0x060C,0x89,0x9C
2026-09-18T23:05:02.692+02:00,0x068D,0x06,0x03
2026-09-18T23:05:02.696+02:00,0x06CF,0x33,0x1B
2026-09-18T23:05:02.697+02:00,0x06D6,0x01,0x07
2026-09-18T23:05:02.698+02:00,0x06E3,0x00,0x01
2026-09-18T23:05:02.698+02:00,0x06E4,0x01,0x0C
2026-09-18T23:05:02.699+02:00,0x06F8,0xA3,0xC9
2026-09-18T23:05:02.699+02:00,0x06F9,0x1B,0x03
2026-09-18T23:05:02.701+02:00,0x070A,0x6E,0x72
2026-09-18T23:05:02.706+02:00,0x075B,0xAE,0xAC
2026-09-18T23:05:02.706+02:00,0x075C,0xAE,0xAC
2026-09-18T23:05:03.121+02:00,0x043E,0x3A,0x39
2026-09-18T23:05:03.122+02:00,0x0449,0x28,0x3A
2026-09-18T23:05:03.122+02:00,0x044C,0x51,0x68
2026-09-18T23:05:03.123+02:00,0x0464,0x14,0x13
2026-09-18T23:05:03.123+02:00,0x0465,0x26,0xDD
2026-09-18T23:05:03.124+02:00,0x046D,0xDD,0xA2
2026-09-18T23:05:03.140+02:00,0x0566,0x75,0x7A
2026-09-18T23:05:03.151+02:00,0x060C,0x9C,0xB9
2026-09-18T23:05:03.159+02:00,0x0680,0x00,0x05
2026-09-18T23:05:03.159+02:00,0x068D,0x03,0x02
2026-09-18T23:05:03.163+02:00,0x06CF,0x1B,0x04
2026-09-18T23:05:03.164+02:00,0x06D6,0x07,0x02
2026-09-18T23:05:03.165+02:00,0x06E4,0x0C,0x07
2026-09-18T23:05:03.166+02:00,0x06F8,0xC9,0xB0
2026-09-18T23:05:03.166+02:00,0x06F9,0x03,0x1B
2026-09-18T23:05:03.166+02:00,0x06FA,0x03,0x04
2026-09-18T23:05:03.168+02:00,0x070A,0x72,0x77
2026-09-18T23:05:03.173+02:00,0x075B,0xAC,0xAB
2026-09-18T23:05:03.174+02:00,0x075C,0xAC,0xAB
2026-09-18T23:05:03.590+02:00,0x0449,0x3A,0x28
2026-09-18T23:05:03.590+02:00,0x044C,0x68,0x55
2026-09-18T23:05:03.597+02:00,0x04AD,0x17,0x18
2026-09-18T23:05:03.609+02:00,0x0566,0x7A,0x7F
2026-09-18T23:05:03.621+02:00,0x060C,0xB9,0xF8
2026-09-18T23:05:03.623+02:00,0x062E,0x03,0x02
2026-09-18T23:05:03.629+02:00,0x068B,0x05,0x06
2026-09-18T23:05:03.634+02:00,0x06CF,0x04,0x51
2026-09-18T23:05:03.634+02:00,0x06D6,0x02,0x07
2026-09-18T23:05:03.635+02:00,0x06E4,0x07,0x02
2026-09-18T23:05:03.637+02:00,0x06F8,0xB0,0xD3
2026-09-18T23:05:03.637+02:00,0x06F9,0x1B,0x02
2026-09-18T23:05:03.638+02:00,0x070A,0x77,0x7C
2026-09-18T23:05:03.644+02:00,0x075B,0xAB,0xA9
2026-09-18T23:05:03.644+02:00,0x075C,0xAB,0xA9
2026-09-18T23:05:04.061+02:00,0x043E,0x39,0x3B
2026-09-18T23:05:04.062+02:00,0x0449,0x28,0x27
2026-09-18T23:05:04.062+02:00,0x044C,0x55,0x4C
2026-09-18T23:05:04.065+02:00,0x0465,0xDD,0x96
2026-09-18T23:05:04.065+02:00,0x046D,0xA2,0x68
2026-09-18T23:05:04.084+02:00,0x0566,0x7F,0x83
2026-09-18T23:05:04.094+02:00,0x0602,0x6D,0x6B
2026-09-18T23:05:04.095+02:00,0x060C,0xF8,0x90
2026-09-18T23:05:04.095+02:00,0x0610,0xEF,0xFF
2026-09-18T23:05:04.102+02:00,0x0680,0x05,0x04
2026-09-18T23:05:04.103+02:00,0x068B,0x06,0x02
2026-09-18T23:05:04.103+02:00,0x068D,0x02,0x01
2026-09-18T23:05:04.107+02:00,0x06CF,0x51,0x39
2026-09-18T23:05:04.108+02:00,0x06D6,0x07,0x03
2026-09-18T23:05:04.108+02:00,0x06E3,0x01,0x00
2026-09-18T23:05:04.108+02:00,0x06E4,0x02,0x0C
2026-09-18T23:05:04.109+02:00,0x06F8,0xD3,0x6A
2026-09-18T23:05:04.111+02:00,0x06F9,0x02,0x1A
2026-09-18T23:05:04.111+02:00,0x06FA,0x04,0x05
2026-09-18T23:05:04.112+02:00,0x070A,0x7C,0x80
2026-09-18T23:05:04.117+02:00,0x075B,0xA9,0xA8
2026-09-18T23:05:04.117+02:00,0x075C,0xA9,0xA8
2026-09-18T23:05:04.533+02:00,0x043E,0x3B,0x3A
2026-09-18T23:05:04.535+02:00,0x0449,0x27,0x28
2026-09-18T23:05:04.535+02:00,0x044C,0x4C,0x51
2026-09-18T23:05:04.543+02:00,0x04AD,0x18,0x19
2026-09-18T23:05:04.555+02:00,0x0566,0x83,0x88
2026-09-18T23:05:04.566+02:00,0x0602,0x6B,0x6C
2026-09-18T23:05:04.567+02:00,0x060C,0x90,0xC5
2026-09-18T23:05:04.567+02:00,0x0610,0xFF,0xCF
2026-09-18T23:05:04.576+02:00,0x068B,0x02,0x05
2026-09-18T23:05:04.576+02:00,0x068D,0x01,0x08
2026-09-18T23:05:04.581+02:00,0x06CF,0x39,0x22
2026-09-18T23:05:04.581+02:00,0x06D6,0x03,0x08
2026-09-18T23:05:04.582+02:00,0x06E4,0x0C,0x08
2026-09-18T23:05:04.584+02:00,0x06F8,0x6A,0xA1
2026-09-18T23:05:04.584+02:00,0x06F9,0x1A,0x02
2026-09-18T23:05:04.585+02:00,0x070A,0x80,0x85
2026-09-18T23:05:04.590+02:00,0x075B,0xA8,0xA6
2026-09-18T23:05:04.590+02:00,0x075C,0xA8,0xA6
2026-09-18T23:05:05.008+02:00,0x044C,0x51,0x4E
2026-09-18T23:05:05.009+02:00,0x0465,0x96,0x46
2026-09-18T23:05:05.010+02:00,0x046D,0x68,0x19
2026-09-18T23:05:05.014+02:00,0x04AB,0x2F,0x30
2026-09-18T23:05:05.020+02:00,0x0514,0x2F,0x30
2026-09-18T23:05:05.020+02:00,0x0516,0x2F,0x30
2026-09-18T23:05:05.020+02:00,0x0518,0xAC,0xC0
2026-09-18T23:05:05.020+02:00,0x051A,0xAC,0xC0
2026-09-18T23:05:05.027+02:00,0x0566,0x88,0x8D
2026-09-18T23:05:05.036+02:00,0x0602,0x6C,0x6D
2026-09-18T23:05:05.037+02:00,0x060C,0xC5,0x9C
2026-09-18T23:05:05.037+02:00,0x0610,0xCF,0xEF
2026-09-18T23:05:05.044+02:00,0x0680,0x04,0x02
2026-09-18T23:05:05.045+02:00,0x068B,0x05,0x04
2026-09-18T23:05:05.045+02:00,0x068C,0x00,0x85
2026-09-18T23:05:05.045+02:00,0x068D,0x08,0x09
2026-09-18T23:05:05.045+02:00,0x0694,0x00,0x02
2026-09-18T23:05:05.049+02:00,0x06CF,0x22,0x0A
2026-09-18T23:05:05.050+02:00,0x06D6,0x08,0x03
2026-09-18T23:05:05.050+02:00,0x06E4,0x08,0x03
2026-09-18T23:05:05.052+02:00,0x06F8,0xA1,0xC4
2026-09-18T23:05:05.052+02:00,0x06F9,0x02,0x1A
2026-09-18T23:05:05.052+02:00,0x06FA,0x05,0x06
2026-09-18T23:05:05.053+02:00,0x070A,0x85,0x8A
2026-09-18T23:05:05.059+02:00,0x075B,0xA6,0xA4
2026-09-18T23:05:05.059+02:00,0x075C,0xA6,0xA4
2026-09-18T23:05:05.473+02:00,0x0436,0xAC,0xC0
2026-09-18T23:05:05.474+02:00,0x043E,0x3A,0x3D
2026-09-18T23:05:05.474+02:00,0x0449,0x28,0x3D
2026-09-18T23:05:05.475+02:00,0x044C,0x4E,0x6B
2026-09-18T23:05:05.482+02:00,0x04AD,0x19,0x1A
2026-09-18T23:05:05.495+02:00,0x0566,0x8D,0x91
2026-09-18T23:05:05.506+02:00,0x060C,0x9C,0xA7
2026-09-18T23:05:05.508+02:00,0x062E,0x02,0x01
2026-09-18T23:05:05.514+02:00,0x0680,0x02,0x00
2026-09-18T23:05:05.515+02:00,0x068B,0x04,0x05
2026-09-18T23:05:05.515+02:00,0x068C,0x85,0x00
2026-09-18T23:05:05.515+02:00,0x068D,0x09,0x08
2026-09-18T23:05:05.515+02:00,0x0694,0x02,0x00
2026-09-18T23:05:05.519+02:00,0x06CF,0x0A,0x58
2026-09-18T23:05:05.520+02:00,0x06D6,0x03,0x08
2026-09-18T23:05:05.520+02:00,0x06E3,0x00,0x01
2026-09-18T23:05:05.520+02:00,0x06E4,0x03,0x0D
2026-09-18T23:05:05.522+02:00,0x06F8,0xC4,0xBB
2026-09-18T23:05:05.522+02:00,0x06F9,0x1A,0x01
2026-09-18T23:05:05.524+02:00,0x070A,0x8A,0x8F
2026-09-18T23:05:05.529+02:00,0x075B,0xA4,0xA3
2026-09-18T23:05:05.529+02:00,0x075C,0xA4,0xA3
2026-09-18T23:05:05.947+02:00,0x043E,0x3D,0x3C
2026-09-18T23:05:05.948+02:00,0x0449,0x3D,0x25
2026-09-18T23:05:05.948+02:00,0x044C,0x6B,0x4A
2026-09-18T23:05:05.949+02:00,0x0464,0x13,0x12
2026-09-18T23:05:05.949+02:00,0x0465,0x46,0xF8
2026-09-18T23:05:05.950+02:00,0x046C,0x13,0x12
2026-09-18T23:05:05.950+02:00,0x046D,0x19,0xD7
2026-09-18T23:05:05.953+02:00,0x04AC,0x2F,0x30
2026-09-18T23:05:05.964+02:00,0x0566,0x91,0x96
2026-09-18T23:05:05.975+02:00,0x0602,0x6D,0x6C
2026-09-18T23:05:05.975+02:00,0x060C,0xA7,0x80
2026-09-18T23:05:05.983+02:00,0x0680,0x00,0x05
2026-09-18T23:05:05.983+02:00,0x068D,0x08,0x05
2026-09-18T23:05:05.987+02:00,0x06CF,0x58,0x40
2026-09-18T23:05:05.988+02:00,0x06D6,0x08,0x04
2026-09-18T23:05:05.989+02:00,0x06E4,0x0D,0x09
2026-09-18T23:05:05.990+02:00,0x06F8,0xBB,0xD1
2026-09-18T23:05:05.990+02:00,0x06F9,0x01,0x19
2026-09-18T23:05:05.990+02:00,0x06FA,0x06,0x07
2026-09-18T23:05:05.991+02:00,0x070A,0x8F,0x93
2026-09-18T23:05:05.996+02:00,0x075B,0xA3,0xA1
2026-09-18T23:05:05.996+02:00,0x075C,0xA3,0xA1
2026-09-18T23:05:06.412+02:00,0x0449,0x25,0x39
2026-09-18T23:05:06.412+02:00,0x044C,0x4A,0x5F
2026-09-18T23:05:06.419+02:00,0x04AD,0x1A,0x1B
2026-09-18T23:05:06.431+02:00,0x0566,0x96,0x9B
2026-09-18T23:05:06.443+02:00,0x060C,0x80,0xD9
2026-09-18T23:05:06.443+02:00,0x060E,0xB8,0xB9
2026-09-18T23:05:06.451+02:00,0x0680,0x05,0x04
2026-09-18T23:05:06.452+02:00,0x068D,0x05,0x08
2026-09-18T23:05:06.452+02:00,0x0694,0x00,0x02
2026-09-18T23:05:06.457+02:00,0x06CF,0x40,0x29
2026-09-18T23:05:06.457+02:00,0x06D6,0x04,0x09
2026-09-18T23:05:06.458+02:00,0x06E4,0x09,0x04
2026-09-18T23:05:06.459+02:00,0x06F8,0xD1,0xA8
2026-09-18T23:05:06.460+02:00,0x06F9,0x19,0x01
2026-09-18T23:05:06.461+02:00,0x070A,0x93,0x98
2026-09-18T23:05:06.466+02:00,0x075B,0xA1,0xA0
2026-09-18T23:05:06.467+02:00,0x075C,0xA1,0xA0
2026-09-18T23:05:06.885+02:00,0x043E,0x3C,0x3A
2026-09-18T23:05:06.886+02:00,0x0449,0x39,0x2A
2026-09-18T23:05:06.886+02:00,0x044C,0x5F,0x57
2026-09-18T23:05:06.887+02:00,0x044F,0x34,0x33
2026-09-18T23:05:06.888+02:00,0x0465,0xF8,0xB7
2026-09-18T23:05:06.889+02:00,0x046D,0xD7,0x83
2026-09-18T23:05:06.905+02:00,0x0566,0x9B,0xA0
2026-09-18T23:05:06.915+02:00,0x0602,0x6C,0x6D
2026-09-18T23:05:06.915+02:00,0x060C,0xD9,0x91
2026-09-18T23:05:06.925+02:00,0x068D,0x08,0x04
2026-09-18T23:05:06.925+02:00,0x0694,0x02,0x00
2026-09-18T23:05:06.929+02:00,0x06CF,0x29,0x11
2026-09-18T23:05:06.929+02:00,0x06D6,0x09,0x04
2026-09-18T23:05:06.930+02:00,0x06E3,0x01,0x00
2026-09-18T23:05:06.930+02:00,0x06E4,0x04,0x0E
2026-09-18T23:05:06.931+02:00,0x06F8,0xA8,0x0B
2026-09-18T23:05:06.931+02:00,0x06F9,0x01,0x18
2026-09-18T23:05:06.931+02:00,0x06FA,0x07,0x08
2026-09-18T23:05:06.933+02:00,0x070A,0x98,0x9D
2026-09-18T23:05:06.937+02:00,0x075B,0xA0,0x9E
2026-09-18T23:05:06.938+02:00,0x075C,0xA0,0x9E
2026-09-18T23:05:07.354+02:00,0x043E,0x3A,0x39
2026-09-18T23:05:07.355+02:00,0x0449,0x2A,0x2F
2026-09-18T23:05:07.355+02:00,0x044C,0x57,0x54
2026-09-18T23:05:07.362+02:00,0x04AD,0x1B,0x1C
2026-09-18T23:05:07.374+02:00,0x0566,0xA0,0xA4
2026-09-18T23:05:07.385+02:00,0x0602,0x6D,0x6C
2026-09-18T23:05:07.386+02:00,0x060C,0x91,0xBA
2026-09-18T23:05:07.389+02:00,0x062E,0x01,0x00
2026-09-18T23:05:07.395+02:00,0x0680,0x04,0x02
2026-09-18T23:05:07.396+02:00,0x068D,0x04,0x01
2026-09-18T23:05:07.401+02:00,0x06CF,0x11,0x5E
2026-09-18T23:05:07.401+02:00,0x06D6,0x04,0x00
2026-09-18T23:05:07.402+02:00,0x06E4,0x0E,0x09
2026-09-18T23:05:07.404+02:00,0x06F8,0x0B,0xC2
2026-09-18T23:05:07.404+02:00,0x06F9,0x18,0x00
2026-09-18T23:05:07.404+02:00,0x070A,0x9D,0xA1
2026-09-18T23:05:07.411+02:00,0x075B,0x9E,0x9C
2026-09-18T23:05:07.411+02:00,0x075C,0x9E,0x9C
2026-09-18T23:05:07.828+02:00,0x0449,0x2F,0x23
2026-09-18T23:05:07.828+02:00,0x044C,0x54,0x46
2026-09-18T23:05:07.830+02:00,0x0465,0xB7,0x59
2026-09-18T23:05:07.845+02:00,0x0566,0xA4,0xA9
2026-09-18T23:05:07.856+02:00,0x0602,0x6C,0x6D
2026-09-18T23:05:07.857+02:00,0x060C,0xBA,0x8F
2026-09-18T23:05:07.864+02:00,0x068D,0x01,0x00
2026-09-18T23:05:07.868+02:00,0x06CF,0x5E,0x47
2026-09-18T23:05:07.869+02:00,0x06D6,0x00,0x05
2026-09-18T23:05:07.870+02:00,0x06E4,0x09,0x05
2026-09-18T23:05:07.871+02:00,0x06F8,0xC2,0xB9
2026-09-18T23:05:07.871+02:00,0x06F9,0x00,0x18
2026-09-18T23:05:07.871+02:00,0x06FA,0x08,0x09
2026-09-18T23:05:07.872+02:00,0x070A,0xA1,0xA6
2026-09-18T23:05:07.877+02:00,0x075B,0x9C,0x9B
2026-09-18T23:05:07.877+02:00,0x075C,0x9C,0x9B
2026-09-18T23:05:08.294+02:00,0x0449,0x23,0x39
2026-09-18T23:05:08.294+02:00,0x044C,0x46,0x67
2026-09-18T23:05:08.297+02:00,0x046D,0x83,0x27
2026-09-18T23:05:08.316+02:00,0x0566,0xA9,0xAE
2026-09-18T23:05:08.327+02:00,0x0602,0x6D,0x6E
2026-09-18T23:05:08.328+02:00,0x060C,0x8F,0xC5
2026-09-18T23:05:08.337+02:00,0x068B,0x05,0x01
2026-09-18T23:05:08.337+02:00,0x068D,0x00,0x02
2026-09-18T23:05:08.341+02:00,0x06CF,0x47,0x2F
2026-09-18T23:05:08.342+02:00,0x06D6,0x05,0x00
2026-09-18T23:05:08.343+02:00,0x06E4,0x05,0x00
2026-09-18T23:05:08.345+02:00,0x06F8,0xB9,0x1C
2026-09-18T23:05:08.345+02:00,0x06F9,0x18,0x00
2026-09-18T23:05:08.346+02:00,0x070A,0xA6,0xAB
2026-09-18T23:05:08.352+02:00,0x075B,0x9B,0x99
2026-09-18T23:05:08.352+02:00,0x075C,0x9B,0x99
2026-09-18T23:05:08.769+02:00,0x043E,0x39,0x3D
2026-09-18T23:05:08.770+02:00,0x0449,0x39,0x34
2026-09-18T23:05:08.770+02:00,0x044C,0x67,0x6A
2026-09-18T23:05:08.772+02:00,0x0464,0x12,0x11
2026-09-18T23:05:08.772+02:00,0x0465,0x59,0xFF
2026-09-18T23:05:08.776+02:00,0x04AD,0x1C,0x1D
2026-09-18T23:05:08.788+02:00,0x0566,0xAE,0xB3
2026-09-18T23:05:08.798+02:00,0x0602,0x6E,0x6C
2026-09-18T23:05:08.799+02:00,0x060C,0xC5,0xB5
2026-09-18T23:05:08.799+02:00,0x0610,0xEF,0xFF
2026-09-18T23:05:08.802+02:00,0x062E,0x00,0x04
2026-09-18T23:05:08.806+02:00,0x0670,0x46,0x5A
2026-09-18T23:05:08.807+02:00,0x0680,0x02,0x00
2026-09-18T23:05:08.808+02:00,0x068B,0x01,0x04
2026-09-18T23:05:08.808+02:00,0x068D,0x02,0x09
2026-09-18T23:05:08.812+02:00,0x06CF,0x2F,0x18
2026-09-18T23:05:08.812+02:00,0x06D6,0x00,0x05
2026-09-18T23:05:08.813+02:00,0x06E3,0x00,0x01
2026-09-18T23:05:08.813+02:00,0x06E4,0x00,0x0A
2026-09-18T23:05:08.815+02:00,0x06F8,0x1C,0x63
2026-09-18T23:05:08.815+02:00,0x06F9,0x00,0x14
2026-09-18T23:05:08.815+02:00,0x06FA,0x09,0x0A
2026-09-18T23:05:08.816+02:00,0x070A,0xAB,0xB0
2026-09-18T23:05:08.821+02:00,0x075B,0x99,0x98
2026-09-18T23:05:08.821+02:00,0x075C,0x99,0x84
2026-09-18T23:05:09.238+02:00,0x043E,0x3D,0x41
2026-09-18T23:05:09.239+02:00,0x0449,0x34,0x4F
2026-09-18T23:05:09.239+02:00,0x044C,0x6A,0x80
2026-09-18T23:05:09.240+02:00,0x0460,0x03,0x05
2026-09-18T23:05:09.241+02:00,0x0461,0x46,0x60
2026-09-18T23:05:09.241+02:00,0x046C,0x12,0x11
2026-09-18T23:05:09.241+02:00,0x046D,0x27,0x82
2026-09-18T23:05:09.258+02:00,0x0566,0xB3,0xB7
2026-09-18T23:05:09.270+02:00,0x060C,0xB5,0xF6
2026-09-18T23:05:09.270+02:00,0x0610,0xFF,0xEF
2026-09-18T23:05:09.277+02:00,0x0670,0x5A,0x60
2026-09-18T23:05:09.279+02:00,0x068B,0x04,0x05
2026-09-18T23:05:09.279+02:00,0x068D,0x09,0x06
2026-09-18T23:05:09.284+02:00,0x06CF,0x18,0x00
2026-09-18T23:05:09.284+02:00,0x06D6,0x05,0x01
2026-09-18T23:05:09.285+02:00,0x06E4,0x0A,0x06
2026-09-18T23:05:09.286+02:00,0x06F8,0x63,0x09
2026-09-18T23:05:09.287+02:00,0x06F9,0x14,0x0C
2026-09-18T23:05:09.288+02:00,0x070A,0xB0,0xB4
2026-09-18T23:05:09.294+02:00,0x075B,0x98,0x96
2026-09-18T23:05:09.294+02:00,0x075C,0x84,0x82
2026-09-18T23:05:09.712+02:00,0x043E,0x41,0x46
2026-09-18T23:05:09.712+02:00,0x0449,0x4F,0x4B
2026-09-18T23:05:09.713+02:00,0x044C,0x80,0x8A
2026-09-18T23:05:09.714+02:00,0x0460,0x05,0x07
2026-09-18T23:05:09.714+02:00,0x0461,0x60,0x6E
2026-09-18T23:05:09.720+02:00,0x04AD,0x1D,0x1E
2026-09-18T23:05:09.733+02:00,0x0566,0xB7,0xBC
2026-09-18T23:05:09.744+02:00,0x0602,0x6C,0x6D
2026-09-18T23:05:09.745+02:00,0x060C,0xF6,0x08
2026-09-18T23:05:09.745+02:00,0x060D,0x00,0x01
2026-09-18T23:05:09.752+02:00,0x0670,0x60,0x6E
2026-09-18T23:05:09.754+02:00,0x068D,0x06,0x03
2026-09-18T23:05:09.758+02:00,0x06CF,0x00,0x4D
2026-09-18T23:05:09.759+02:00,0x06D6,0x01,0x06
2026-09-18T23:05:09.760+02:00,0x06E4,0x06,0x01
2026-09-18T23:05:09.761+02:00,0x06F8,0x09,0x00
2026-09-18T23:05:09.761+02:00,0x06F9,0x0C,0x14
2026-09-18T23:05:09.761+02:00,0x06FA,0x0A,0x0B
2026-09-18T23:05:09.762+02:00,0x070A,0xB4,0xB9
2026-09-18T23:05:09.767+02:00,0x075B,0x96,0x95
2026-09-18T23:05:09.767+02:00,0x075C,0x82,0x81
2026-09-18T23:05:10.182+02:00,0x043E,0x46,0x4A
2026-09-18T23:05:10.183+02:00,0x0449,0x4B,0x46
2026-09-18T23:05:10.184+02:00,0x044C,0x8A,0x87
2026-09-18T23:05:10.186+02:00,0x0465,0xFF,0xCE
2026-09-18T23:05:10.186+02:00,0x046C,0x11,0x0F
2026-09-18T23:05:10.186+02:00,0x046D,0x82,0xC5
2026-09-18T23:05:10.204+02:00,0x0566,0xBC,0xC1
2026-09-18T23:05:10.216+02:00,0x0602,0x6D,0x6E
2026-09-18T23:05:10.216+02:00,0x060C,0x08,0x0C
2026-09-18T23:05:10.224+02:00,0x0680,0x00,0x05
2026-09-18T23:05:10.225+02:00,0x068D,0x03,0x02
2026-09-18T23:05:10.230+02:00,0x06CF,0x4D,0x35
2026-09-18T23:05:10.230+02:00,0x06D6,0x06,0x01
2026-09-18T23:05:10.231+02:00,0x06E3,0x01,0x00
2026-09-18T23:05:10.231+02:00,0x06E4,0x01,0x0B
2026-09-18T23:05:10.232+02:00,0x06F8,0x00,0x74
2026-09-18T23:05:10.232+02:00,0x06F9,0x14,0x0C
2026-09-18T23:05:10.234+02:00,0x070A,0xB9,0xBE
2026-09-18T23:05:10.239+02:00,0x075B,0x95,0x93
2026-09-18T23:05:10.239+02:00,0x075C,0x81,0x7F
2026-09-18T23:05:10.656+02:00,0x043E,0x4A,0x4B
2026-09-18T23:05:10.657+02:00,0x0449,0x46,0x36
2026-09-18T23:05:10.657+02:00,0x044C,0x87,0x74
2026-09-18T23:05:10.663+02:00,0x04AD,0x1E,0x1F
2026-09-18T23:05:10.676+02:00,0x0566,0xC1,0xC5
2026-09-18T23:05:10.686+02:00,0x0602,0x6E,0x6C
2026-09-18T23:05:10.686+02:00,0x060C,0x0C,0xBD
2026-09-18T23:05:10.687+02:00,0x060D,0x01,0x00
2026-09-18T23:05:10.689+02:00,0x062E,0x04,0x03
2026-09-18T23:05:10.695+02:00,0x068B,0x05,0x00
2026-09-18T23:05:10.700+02:00,0x06CF,0x35,0x1E
2026-09-18T23:05:10.701+02:00,0x06D6,0x01,0x07
2026-09-18T23:05:10.702+02:00,0x06E4,0x0B,0x06
2026-09-18T23:05:10.703+02:00,0x06F8,0x74,0xBB
2026-09-18T23:05:10.703+02:00,0x06F9,0x0C,0x03
2026-09-18T23:05:10.704+02:00,0x070A,0xBE,0xC3
2026-09-18T23:05:10.710+02:00,0x075B,0x93,0x91
2026-09-18T23:05:10.710+02:00,0x075C,0x7F,0x7D
2026-09-18T23:05:11.141+02:00,0x043E,0x4B,0x48
2026-09-18T23:05:11.143+02:00,0x0449,0x36,0x30
2026-09-18T23:05:11.144+02:00,0x044C,0x74,0x5D
2026-09-18T23:05:11.148+02:00,0x0465,0xCE,0x82
2026-09-18T23:05:11.149+02:00,0x046D,0xC5,0x65
2026-09-18T23:05:11.175+02:00,0x0566,0xC5,0xCA
2026-09-18T23:05:11.185+02:00,0x0602,0x6C,0x6E
2026-09-18T23:05:11.186+02:00,0x060C,0xBD,0x8F
2026-09-18T23:05:11.193+02:00,0x0680,0x05,0x00
2026-09-18T23:05:11.194+02:00,0x068B,0x00,0x04
2026-09-18T23:05:11.194+02:00,0x068D,0x02,0x09
2026-09-18T23:05:11.198+02:00,0x06CF,0x1E,0x05
2026-09-18T23:05:11.199+02:00,0x06D6,0x07,0x02
2026-09-18T23:05:11.200+02:00,0x06E4,0x06,0x01
2026-09-18T23:05:11.201+02:00,0x06F8,0xBB,0xA3
2026-09-18T23:05:11.201+02:00,0x06F9,0x03,0x1B
2026-09-18T23:05:11.201+02:00,0x06FA,0x0B,0x0C
2026-09-18T23:05:11.202+02:00,0x070A,0xC3,0xC8
2026-09-18T23:05:11.208+02:00,0x075B,0x91,0x90
2026-09-18T23:05:11.208+02:00,0x075C,0x7D,0x7C
2026-09-18T23:05:11.627+02:00,0x043E,0x48,0x3E
2026-09-18T23:05:11.629+02:00,0x0449,0x30,0x2A
2026-09-18T23:05:11.629+02:00,0x044C,0x5D,0x52
2026-09-18T23:05:11.632+02:00,0x0460,0x07,0x06
2026-09-18T23:05:11.632+02:00,0x0461,0x6E,0x64
2026-09-18T23:05:11.641+02:00,0x04AD,0x1F,0x20
2026-09-18T23:05:11.654+02:00,0x0566,0xCA,0xCF
2026-09-18T23:05:11.664+02:00,0x0602,0x6E,0x6D
2026-09-18T23:05:11.665+02:00,0x060C,0x8F,0x84
2026-09-18T23:05:11.672+02:00,0x0670,0x6E,0x64
2026-09-18T23:05:11.674+02:00,0x068B,0x04,0x05
2026-09-18T23:05:11.674+02:00,0x068D,0x09,0x06
2026-09-18T23:05:11.678+02:00,0x06CF,0x05,0x52
2026-09-18T23:05:11.679+02:00,0x06D6,0x02,0x07
2026-09-18T23:05:11.680+02:00,0x06E3,0x00,0x01
2026-09-18T23:05:11.680+02:00,0x06E4,0x01,0x0B
2026-09-18T23:05:11.681+02:00,0x06F8,0xA3,0xAA
2026-09-18T23:05:11.681+02:00,0x06F9,0x1B,0x03
2026-09-18T23:05:11.682+02:00,0x070A,0xC8,0xCC
2026-09-18T23:05:11.688+02:00,0x075B,0x90,0x8E
2026-09-18T23:05:11.688+02:00,0x075C,0x7C,0x7A
2026-09-18T23:05:12.119+02:00,0x043E,0x3E,0x3B
2026-09-18T23:05:12.121+02:00,0x0449,0x2A,0x24
2026-09-18T23:05:12.122+02:00,0x044C,0x52,0x47
2026-09-18T23:05:12.125+02:00,0x0460,0x06,0x03
2026-09-18T23:05:12.126+02:00,0x0461,0x64,0x46
2026-09-18T23:05:12.126+02:00,0x0465,0x82,0x15
2026-09-18T23:05:12.128+02:00,0x046D,0x65,0x34
2026-09-18T23:05:12.152+02:00,0x0566,0xCF,0xD4
2026-09-18T23:05:12.163+02:00,0x0602,0x6D,0x6C
2026-09-18T23:05:12.164+02:00,0x060C,0x84,0x88
2026-09-18T23:05:12.170+02:00,0x0670,0x64,0x46
2026-09-18T23:05:12.171+02:00,0x0680,0x00,0x02
2026-09-18T23:05:12.172+02:00,0x068D,0x06,0x01
2026-09-18T23:05:12.177+02:00,0x06CF,0x52,0x39
2026-09-18T23:05:12.177+02:00,0x06D6,0x07,0x02
2026-09-18T23:05:12.178+02:00,0x06E4,0x0B,0x06
2026-09-18T23:05:12.181+02:00,0x06F8,0xAA,0xB2
2026-09-18T23:05:12.181+02:00,0x06F9,0x03,0x1B
2026-09-18T23:05:12.181+02:00,0x06FA,0x0C,0x0D
2026-09-18T23:05:12.182+02:00,0x070A,0xCC,0xD1
2026-09-18T23:05:12.187+02:00,0x075B,0x8E,0x8D
2026-09-18T23:05:12.188+02:00,0x075C,0x7A,0x8D
2026-09-18T23:05:12.608+02:00,0x043E,0x3B,0x3A
2026-09-18T23:05:12.609+02:00,0x0449,0x24,0x26
2026-09-18T23:05:12.611+02:00,0x044C,0x47,0x4D
2026-09-18T23:05:12.624+02:00,0x04AD,0x20,0x21
2026-09-18T23:05:12.641+02:00,0x0566,0xD4,0xD9
2026-09-18T23:05:12.652+02:00,0x0602,0x6C,0x6D
2026-09-18T23:05:12.652+02:00,0x060C,0x88,0x86
2026-09-18T23:05:12.661+02:00,0x068D,0x01,0x00
2026-09-18T23:05:12.665+02:00,0x06CF,0x39,0x20
2026-09-18T23:05:12.666+02:00,0x06D6,0x02,0x07
2026-09-18T23:05:12.667+02:00,0x06E4,0x06,0x02
2026-09-18T23:05:12.668+02:00,0x06F8,0xB2,0xC9
2026-09-18T23:05:12.668+02:00,0x06F9,0x1B,0x03
2026-09-18T23:05:12.670+02:00,0x070A,0xD1,0xD6
2026-09-18T23:05:12.675+02:00,0x075B,0x8D,0x8B
2026-09-18T23:05:12.676+02:00,0x075C,0x8D,0x8B
2026-09-18T23:05:13.096+02:00,0x0449,0x26,0x2B
2026-09-18T23:05:13.096+02:00,0x044C,0x4D,0x51
2026-09-18T23:05:13.098+02:00,0x0464,0x11,0x10
2026-09-18T23:05:13.098+02:00,0x0465,0x15,0xD8
2026-09-18T23:05:13.098+02:00,0x046C,0x0F,0x10
2026-09-18T23:05:13.098+02:00,0x046D,0x34,0xAD
2026-09-18T23:05:13.114+02:00,0x0566,0xD9,0xDE
2026-09-18T23:05:13.125+02:00,0x0602,0x6D,0x6F
2026-09-18T23:05:13.125+02:00,0x060C,0x86,0x9B
2026-09-18T23:05:13.134+02:00,0x0694,0x00,0x02
2026-09-18T23:05:13.138+02:00,0x06CF,0x20,0x09
2026-09-18T23:05:13.139+02:00,0x06D6,0x07,0x02
2026-09-18T23:05:13.139+02:00,0x06E3,0x01,0x00
2026-09-18T23:05:13.140+02:00,0x06E4,0x02,0x0C
2026-09-18T23:05:13.141+02:00,0x06F8,0xC9,0x70
2026-09-18T23:05:13.141+02:00,0x06F9,0x03,0x1B
2026-09-18T23:05:13.141+02:00,0x06FA,0x0D,0x0E
2026-09-18T23:05:13.142+02:00,0x070A,0xD6,0xDB
2026-09-18T23:05:13.147+02:00,0x075B,0x8B,0x89
2026-09-18T23:05:13.147+02:00,0x075C,0x8B,0x89
2026-09-18T23:05:13.565+02:00,0x043E,0x3A,0x39
2026-09-18T23:05:13.566+02:00,0x0449,0x2B,0x2D
2026-09-18T23:05:13.566+02:00,0x044C,0x51,0x58
2026-09-18T23:05:13.574+02:00,0x04AD,0x21,0x22
2026-09-18T23:05:13.588+02:00,0x0566,0xDE,0xE3
2026-09-18T23:05:13.600+02:00,0x0602,0x6F,0x6C
2026-09-18T23:05:13.601+02:00,0x060C,0x9B,0xDD
2026-09-18T23:05:13.612+02:00,0x068B,0x05,0x06
2026-09-18T23:05:13.612+02:00,0x068D,0x00,0x02
2026-09-18T23:05:13.612+02:00,0x0694,0x02,0x00
2026-09-18T23:05:13.617+02:00,0x06CF,0x09,0x56
2026-09-18T23:05:13.617+02:00,0x06D6,0x02,0x07
2026-09-18T23:05:13.618+02:00,0x06E4,0x0C,0x07
2026-09-18T23:05:13.620+02:00,0x06F8,0x70,0x74
2026-09-18T23:05:13.620+02:00,0x06F9,0x1B,0x03
2026-09-18T23:05:13.622+02:00,0x070A,0xDB,0xE0
2026-09-18T23:05:13.628+02:00,0x075B,0x89,0x88
2026-09-18T23:05:13.628+02:00,0x075C,0x89,0x88
