scope,addr,group,group_basis,comment,evidence
EcPs2Kbd,0x260,EcPs2Kbd,module,The module is the grouping: the export is per-module and the module name is the real structural layer the BIOS has.,bios/ghidra/listings/EcPs2Kbd/00000260.asm; bios/decompiled/EcPs2Kbd.c
OemACPIDriverDxe,0x260,OemACPIDriverDxe,module,The module is the grouping: the export is per-module and the module name is the real structural layer the BIOS has.,bios/ghidra/listings/OemACPIDriverDxe/00000260.asm; bios/decompiled/OemACPIDriverDxe.c
OemACPIDriverHookDxe,00000260,delay-loops,type,the `type` column already names this family,bios/ghidra/listings/OemACPIDriverHookDxe/00000260.asm; bios/decompiled/OemACPIDriverHookDxe.c
OemGlobalNvsDxe,0x260,OemGlobalNvsDxe,module,The module is the grouping: the export is per-module and the module name is the real structural layer the BIOS has.,bios/ghidra/listings/OemGlobalNvsDxe/00000260.asm; bios/decompiled/OemGlobalNvsDxe.c
OemHooks,0x260,delay-loops,type,the `type` column already names this family,bios/ghidra/listings/OemHooks/00000260.asm; bios/decompiled/OemHooks.c
OemKbLightSupportDxe,00000260,delay-loops,type,the `type` column already names this family,bios/ghidra/listings/OemKbLightSupportDxe/00000260.asm; bios/decompiled/OemKbLightSupportDxe.c
OemUsbLightBarDxe,00000260,delay-loops,type,the `type` column already names this family,bios/ghidra/listings/OemUsbLightBarDxe/00000260.asm; bios/decompiled/OemUsbLightBarDxe.c
OverclockInterface,0x260,OverclockInterface,module,The module is the grouping: the export is per-module and the module name is the real structural layer the BIOS has.,bios/ghidra/listings/OverclockInterface/00000260.asm; bios/decompiled/OverclockInterface.c
OemACPIDriverHookDxe,00000270,OemACPIDriverHookDxe,module,The module is the grouping: the export is per-module and the module name is the real structural layer the BIOS has.,bios/ghidra/listings/OemACPIDriverHookDxe/00000270.asm; bios/decompiled/OemACPIDriverHookDxe.c
OemHooks,0x270,OemHooks,module,The module is the grouping: the export is per-module and the module name is the real structural layer the BIOS has.,bios/ghidra/listings/OemHooks/00000270.asm; bios/decompiled/OemHooks.c
OemKbLightDxe,0x270,OemKbLightDxe,module,The module is the grouping: the export is per-module and the module name is the real structural layer the BIOS has.,bios/ghidra/listings/OemKbLightDxe/00000270.asm; bios/decompiled/OemKbLightDxe.c
OemKbLightSupportDxe,00000270,OemKbLightSupportDxe,module,The module is the grouping: the export is per-module and the module name is the real structural layer the BIOS has.,bios/ghidra/listings/OemKbLightSupportDxe/00000270.asm; bios/decompiled/OemKbLightSupportDxe.c
OemUsbLightBarDxe,00000270,OemUsbLightBarDxe,module,The module is the grouping: the export is per-module and the module name is the real structural layer the BIOS has.,bios/ghidra/listings/OemUsbLightBarDxe/00000270.asm; bios/decompiled/OemUsbLightBarDxe.c
EcPs2Kbd,0x280,EcPs2Kbd,module,The module is the grouping: the export is per-module and the module name is the real structural layer the BIOS has.,bios/ghidra/listings/EcPs2Kbd/00000280.asm; bios/decompiled/EcPs2Kbd.c
OemACPIDriverHookDxe,00000280,OemACPIDriverHookDxe,module,The module is the grouping: the export is per-module and the module name is the real structural layer the BIOS has.,bios/ghidra/listings/OemACPIDriverHookDxe/00000280.asm; bios/decompiled/OemACPIDriverHookDxe.c
OemHooks,0x280,OemHooks,module,The module is the grouping: the export is per-module and the module name is the real structural layer the BIOS has.,bios/ghidra/listings/OemHooks/00000280.asm; bios/decompiled/OemHooks.c
OemKbLightDxe,0x280,OemKbLightDxe,module,The module is the grouping: the export is per-module and the module name is the real structural layer the BIOS has.,bios/ghidra/listings/OemKbLightDxe/00000280.asm; bios/decompiled/OemKbLightDxe.c
OemKbLightSupportDxe,00000280,OemKbLightSupportDxe,module,The module is the grouping: the export is per-module and the module name is the real structural layer the BIOS has.,bios/ghidra/listings/OemKbLightSupportDxe/00000280.asm; bios/decompiled/OemKbLightSupportDxe.c
OemUsbLightBarDxe,00000280,OemUsbLightBarDxe,module,The module is the grouping: the export is per-module and the module name is the real structural layer the BIOS has.,bios/ghidra/listings/OemUsbLightBarDxe/00000280.asm; bios/decompiled/OemUsbLightBarDxe.c
OemACPIDriverHookDxe,00000290,OemACPIDriverHookDxe,module,The module is the grouping: the export is per-module and the module name is the real structural layer the BIOS has.,bios/ghidra/listings/OemACPIDriverHookDxe/00000290.asm; bios/decompiled/OemACPIDriverHookDxe.c
OemHooks,0x290,OemHooks,module,The module is the grouping: the export is per-module and the module name is the real structural layer the BIOS has.,bios/ghidra/listings/OemHooks/00000290.asm; bios/decompiled/OemHooks.c
OemKbLightDxe,0x290,OemKbLightDxe,module,The module is the grouping: the export is per-module and the module name is the real structural layer the BIOS has.,bios/ghidra/listings/OemKbLightDxe/00000290.asm; bios/decompiled/OemKbLightDxe.c
OemKbLightSupportDxe,00000290,OemKbLightSupportDxe,module,The module is the grouping: the export is per-module and the module name is the real structural layer the BIOS has.,bios/ghidra/listings/OemKbLightSupportDxe/00000290.asm; bios/decompiled/OemKbLightSupportDxe.c
OemUsbLightBarDxe,00000290,OemUsbLightBarDxe,module,The module is the grouping: the export is per-module and the module name is the real structural layer the BIOS has.,bios/ghidra/listings/OemUsbLightBarDxe/00000290.asm; bios/decompiled/OemUsbLightBarDxe.c
OemHooks,0x2A0,OemHooks,module,The module is the grouping: the export is per-module and the module name is the real structural layer the BIOS has.,bios/ghidra/listings/OemHooks/000002A0.asm; bios/decompiled/OemHooks.c
OemKbLightDxe,0x2A0,OemKbLightDxe,module,The module is the grouping: the export is per-module and the module name is the real structural layer the BIOS has.,bios/ghidra/listings/OemKbLightDxe/000002A0.asm; bios/decompiled/OemKbLightDxe.c
OemKbLightSupportDxe,000002A0,OemKbLightSupportDxe,module,The module is the grouping: the export is per-module and the module name is the real structural layer the BIOS has.,bios/ghidra/listings/OemKbLightSupportDxe/000002A0.asm; bios/decompiled/OemKbLightSupportDxe.c
OemServiceDxe,000002A0,OemServiceDxe,module,The module is the grouping: the export is per-module and the module name is the real structural layer the BIOS has.,bios/ghidra/listings/OemServiceDxe/000002A0.asm; bios/decompiled/OemServiceDxe.c
OemUsbLightBarDxe,000002A0,OemUsbLightBarDxe,module,The module is the grouping: the export is per-module and the module name is the real structural layer the BIOS has.,bios/ghidra/listings/OemUsbLightBarDxe/000002A0.asm; bios/decompiled/OemUsbLightBarDxe.c
DxeOverClock,0x000002C0,DxeOverClock,module,The module is the grouping: the export is per-module and the module name is the real structural layer the BIOS has.,bios/ghidra/listings/DxeOverClock/000002C0.asm; bios/decompiled/DxeOverClock.c
OemACPIDriverDxe,0x2C0,OemACPIDriverDxe,module,The module is the grouping: the export is per-module and the module name is the real structural layer the BIOS has.,bios/ghidra/listings/OemACPIDriverDxe/000002C0.asm; bios/decompiled/OemACPIDriverDxe.c
OemACRecoveryDxe,0x2C0,OemACRecoveryDxe,module,The module is the grouping: the export is per-module and the module name is the real structural layer the BIOS has.,bios/ghidra/listings/OemACRecoveryDxe/000002C0.asm; bios/decompiled/OemACRecoveryDxe.c
OemApControlDxe,0x2C0,delay-loops,type,the `type` column already names this family,bios/ghidra/listings/OemApControlDxe/000002C0.asm; bios/decompiled/OemApControlDxe.c
OemDDSSupportDxe,000002C0,delay-loops,type,the `type` column already names this family,bios/ghidra/listings/OemDDSSupportDxe/000002C0.asm; bios/decompiled/OemDDSSupportDxe.c
OemDisplayModeDxe,0x2C0,delay-loops,type,the `type` column already names this family,bios/ghidra/listings/OemDisplayModeDxe/000002C0.asm; bios/decompiled/OemDisplayModeDxe.c
OemI2cDevices,000002C0,delay-loops,type,the `type` column already names this family,bios/ghidra/listings/OemI2cDevices/000002C0.asm; bios/decompiled/OemI2cDevices.c
OemManufactureModeDxe,0x2C0,OemManufactureModeDxe,module,The module is the grouping: the export is per-module and the module name is the real structural layer the BIOS has.,bios/ghidra/listings/OemManufactureModeDxe/000002C0.asm; bios/decompiled/OemManufactureModeDxe.c
OemNetworkDxe,0x2C0,delay-loops,type,the `type` column already names this family,bios/ghidra/listings/OemNetworkDxe/000002C0.asm; bios/decompiled/OemNetworkDxe.c
OemOcDxe,0x2C0,delay-loops,type,the `type` column already names this family,bios/ghidra/listings/OemOcDxe/000002C0.asm; bios/decompiled/OemOcDxe.c
OemPowerModeDxe,0x2C0,delay-loops,type,the `type` column already names this family,bios/ghidra/listings/OemPowerModeDxe/000002C0.asm; bios/decompiled/OemPowerModeDxe.c
OemQkeyDxe,000002C0,delay-loops,type,the `type` column already names this family,bios/ghidra/listings/OemQkeyDxe/000002C0.asm; bios/decompiled/OemQkeyDxe.c
OemSWBoardIDDxe,000002C0,delay-loops,type,the `type` column already names this family,bios/ghidra/listings/OemSWBoardIDDxe/000002C0.asm; bios/decompiled/OemSWBoardIDDxe.c
OemServiceDxe,000002C0,OemServiceDxe,module,The module is the grouping: the export is per-module and the module name is the real structural layer the BIOS has.,bios/ghidra/listings/OemServiceDxe/000002C0.asm; bios/decompiled/OemServiceDxe.c
OemTurboModeDxe,0x2C0,delay-loops,type,the `type` column already names this family,bios/ghidra/listings/OemTurboModeDxe/000002C0.asm; bios/decompiled/OemTurboModeDxe.c
OemUniWillVariableDxe,000002C0,delay-loops,type,the `type` column already names this family,bios/ghidra/listings/OemUniWillVariableDxe/000002C0.asm; bios/decompiled/OemUniWillVariableDxe.c
OemVariableHookDxe,0x2C0,delay-loops,type,the `type` column already names this family,bios/ghidra/listings/OemVariableHookDxe/000002C0.asm; bios/decompiled/OemVariableHookDxe.c
Setup,0x000002C0,Setup,module,The module is the grouping: the export is per-module and the module name is the real structural layer the BIOS has.,bios/ghidra/listings/Setup/000002C0.asm; bios/decompiled/Setup.c
OemApControlDxe,0x2D0,OemApControlDxe,module,The module is the grouping: the export is per-module and the module name is the real structural layer the BIOS has.,bios/ghidra/listings/OemApControlDxe/000002D0.asm; bios/decompiled/OemApControlDxe.c
OemDDSSupportDxe,000002D0,OemDDSSupportDxe,module,The module is the grouping: the export is per-module and the module name is the real structural layer the BIOS has.,bios/ghidra/listings/OemDDSSupportDxe/000002D0.asm; bios/decompiled/OemDDSSupportDxe.c
OemDisplayModeDxe,0x2D0,OemDisplayModeDxe,module,The module is the grouping: the export is per-module and the module name is the real structural layer the BIOS has.,bios/ghidra/listings/OemDisplayModeDxe/000002D0.asm; bios/decompiled/OemDisplayModeDxe.c
OemI2cDevices,000002D0,OemI2cDevices,module,The module is the grouping: the export is per-module and the module name is the real structural layer the BIOS has.,bios/ghidra/listings/OemI2cDevices/000002D0.asm; bios/decompiled/OemI2cDevices.c
OemManufactureModeDxe,0x2D0,OemManufactureModeDxe,module,The module is the grouping: the export is per-module and the module name is the real structural layer the BIOS has.,bios/ghidra/listings/OemManufactureModeDxe/000002D0.asm; bios/decompiled/OemManufactureModeDxe.c
OemNetworkDxe,0x2D0,OemNetworkDxe,module,The module is the grouping: the export is per-module and the module name is the real structural layer the BIOS has.,bios/ghidra/listings/OemNetworkDxe/000002D0.asm; bios/decompiled/OemNetworkDxe.c
OemOcDxe,0x2D0,OemOcDxe,module,The module is the grouping: the export is per-module and the module name is the real structural layer the BIOS has.,bios/ghidra/listings/OemOcDxe/000002D0.asm; bios/decompiled/OemOcDxe.c
OemPowerModeDxe,0x2D0,OemPowerModeDxe,module,The module is the grouping: the export is per-module and the module name is the real structural layer the BIOS has.,bios/ghidra/listings/OemPowerModeDxe/000002D0.asm; bios/decompiled/OemPowerModeDxe.c
OemQkeyDxe,000002D0,OemQkeyDxe,module,The module is the grouping: the export is per-module and the module name is the real structural layer the BIOS has.,bios/ghidra/listings/OemQkeyDxe/000002D0.asm; bios/decompiled/OemQkeyDxe.c
OemSWBoardIDDxe,000002D0,OemSWBoardIDDxe,module,The module is the grouping: the export is per-module and the module name is the real structural layer the BIOS has.,bios/ghidra/listings/OemSWBoardIDDxe/000002D0.asm; bios/decompiled/OemSWBoardIDDxe.c
OemTurboModeDxe,0x2D0,OemTurboModeDxe,module,The module is the grouping: the export is per-module and the module name is the real structural layer the BIOS has.,bios/ghidra/listings/OemTurboModeDxe/000002D0.asm; bios/decompiled/OemTurboModeDxe.c
OemUniWillVariableDxe,000002D0,OemUniWillVariableDxe,module,The module is the grouping: the export is per-module and the module name is the real structural layer the BIOS has.,bios/ghidra/listings/OemUniWillVariableDxe/000002D0.asm; bios/decompiled/OemUniWillVariableDxe.c
OemVariableHookDxe,0x2D0,OemVariableHookDxe,module,The module is the grouping: the export is per-module and the module name is the real structural layer the BIOS has.,bios/ghidra/listings/OemVariableHookDxe/000002D0.asm; bios/decompiled/OemVariableHookDxe.c
OemApControlDxe,0x2E0,OemApControlDxe,module,The module is the grouping: the export is per-module and the module name is the real structural layer the BIOS has.,bios/ghidra/listings/OemApControlDxe/000002E0.asm; bios/decompiled/OemApControlDxe.c
OemDDSSupportDxe,000002E0,OemDDSSupportDxe,module,The module is the grouping: the export is per-module and the module name is the real structural layer the BIOS has.,bios/ghidra/listings/OemDDSSupportDxe/000002E0.asm; bios/decompiled/OemDDSSupportDxe.c
OemDisplayModeDxe,0x2E0,OemDisplayModeDxe,module,The module is the grouping: the export is per-module and the module name is the real structural layer the BIOS has.,bios/ghidra/listings/OemDisplayModeDxe/000002E0.asm; bios/decompiled/OemDisplayModeDxe.c
OemGlobalNvsDxe,0x2E0,delay-loops,type,the `type` column already names this family,bios/ghidra/listings/OemGlobalNvsDxe/000002E0.asm; bios/decompiled/OemGlobalNvsDxe.c
OemI2cDevices,000002E0,OemI2cDevices,module,The module is the grouping: the export is per-module and the module name is the real structural layer the BIOS has.,bios/ghidra/listings/OemI2cDevices/000002E0.asm; bios/decompiled/OemI2cDevices.c
OemManufactureModeDxe,0x2E0,OemManufactureModeDxe,module,The module is the grouping: the export is per-module and the module name is the real structural layer the BIOS has.,bios/ghidra/listings/OemManufactureModeDxe/000002E0.asm; bios/decompiled/OemManufactureModeDxe.c
OemNetworkDxe,0x2E0,OemNetworkDxe,module,The module is the grouping: the export is per-module and the module name is the real structural layer the BIOS has.,bios/ghidra/listings/OemNetworkDxe/000002E0.asm; bios/decompiled/OemNetworkDxe.c
OemOcDxe,0x2E0,OemOcDxe,module,The module is the grouping: the export is per-module and the module name is the real structural layer the BIOS has.,bios/ghidra/listings/OemOcDxe/000002E0.asm; bios/decompiled/OemOcDxe.c
OemPowerModeDxe,0x2E0,OemPowerModeDxe,module,The module is the grouping: the export is per-module and the module name is the real structural layer the BIOS has.,bios/ghidra/listings/OemPowerModeDxe/000002E0.asm; bios/decompiled/OemPowerModeDxe.c
OemQkeyDxe,000002E0,OemQkeyDxe,module,The module is the grouping: the export is per-module and the module name is the real structural layer the BIOS has.,bios/ghidra/listings/OemQkeyDxe/000002E0.asm; bios/decompiled/OemQkeyDxe.c
OemSWBoardIDDxe,000002E0,OemSWBoardIDDxe,module,The module is the grouping: the export is per-module and the module name is the real structural layer the BIOS has.,bios/ghidra/listings/OemSWBoardIDDxe/000002E0.asm; bios/decompiled/OemSWBoardIDDxe.c
OemTurboModeDxe,0x2E0,OemTurboModeDxe,module,The module is the grouping: the export is per-module and the module name is the real structural layer the BIOS has.,bios/ghidra/listings/OemTurboModeDxe/000002E0.asm; bios/decompiled/OemTurboModeDxe.c
OemUniWillVariableDxe,000002E0,OemUniWillVariableDxe,module,The module is the grouping: the export is per-module and the module name is the real structural layer the BIOS has.,bios/ghidra/listings/OemUniWillVariableDxe/000002E0.asm; bios/decompiled/OemUniWillVariableDxe.c
OemVariableHookDxe,0x2E0,OemVariableHookDxe,module,The module is the grouping: the export is per-module and the module name is the real structural layer the BIOS has.,bios/ghidra/listings/OemVariableHookDxe/000002E0.asm; bios/decompiled/OemVariableHookDxe.c
Setup,0x000002E0,Setup,module,The module is the grouping: the export is per-module and the module name is the real structural layer the BIOS has.,bios/ghidra/listings/Setup/000002E0.asm; bios/decompiled/Setup.c
OemDDSSupportDxe,000002F0,OemDDSSupportDxe,module,The module is the grouping: the export is per-module and the module name is the real structural layer the BIOS has.,bios/ghidra/listings/OemDDSSupportDxe/000002F0.asm; bios/decompiled/OemDDSSupportDxe.c
OemDisplayModeDxe,0x2F0,OemDisplayModeDxe,module,The module is the grouping: the export is per-module and the module name is the real structural layer the BIOS has.,bios/ghidra/listings/OemDisplayModeDxe/000002F0.asm; bios/decompiled/OemDisplayModeDxe.c
OemGlobalNvsDxe,0x2F0,OemGlobalNvsDxe,module,The module is the grouping: the export is per-module and the module name is the real structural layer the BIOS has.,bios/ghidra/listings/OemGlobalNvsDxe/000002F0.asm; bios/decompiled/OemGlobalNvsDxe.c
OemI2cDevices,000002F0,OemI2cDevices,module,The module is the grouping: the export is per-module and the module name is the real structural layer the BIOS has.,bios/ghidra/listings/OemI2cDevices/000002F0.asm; bios/decompiled/OemI2cDevices.c
OemManufactureModeDxe,0x2F0,OemManufactureModeDxe,module,The module is the grouping: the export is per-module and the module name is the real structural layer the BIOS has.,bios/ghidra/listings/OemManufactureModeDxe/000002F0.asm; bios/decompiled/OemManufactureModeDxe.c
OemNetworkDxe,0x2F0,OemNetworkDxe,module,The module is the grouping: the export is per-module and the module name is the real structural layer the BIOS has.,bios/ghidra/listings/OemNetworkDxe/000002F0.asm; bios/decompiled/OemNetworkDxe.c
OemOcDxe,0x2F0,OemOcDxe,module,The module is the grouping: the export is per-module and the module name is the real structural layer the BIOS has.,bios/ghidra/listings/OemOcDxe/000002F0.asm; bios/decompiled/OemOcDxe.c
OemQkeyDxe,000002F0,OemQkeyDxe,module,The module is the grouping: the export is per-module and the module name is the real structural layer the BIOS has.,bios/ghidra/listings/OemQkeyDxe/000002F0.asm; bios/decompiled/OemQkeyDxe.c
OemSWBoardIDDxe,000002F0,OemSWBoardIDDxe,module,The module is the grouping: the export is per-module and the module name is the real structural layer the BIOS has.,bios/ghidra/listings/OemSWBoardIDDxe/000002F0.asm; bios/decompiled/OemSWBoardIDDxe.c
OemTurboModeDxe,0x2F0,OemTurboModeDxe,module,The module is the grouping: the export is per-module and the module name is the real structural layer the BIOS has.,bios/ghidra/listings/OemTurboModeDxe/000002F0.asm; bios/decompiled/OemTurboModeDxe.c
OemUniWillVariableDxe,000002F0,OemUniWillVariableDxe,module,The module is the grouping: the export is per-module and the module name is the real structural layer the BIOS has.,bios/ghidra/listings/OemUniWillVariableDxe/000002F0.asm; bios/decompiled/OemUniWillVariableDxe.c
OemVariableHookDxe,0x2F0,OemVariableHookDxe,module,The module is the grouping: the export is per-module and the module name is the real structural layer the BIOS has.,bios/ghidra/listings/OemVariableHookDxe/000002F0.asm; bios/decompiled/OemVariableHookDxe.c
OemApControlDxe,0x300,OemApControlDxe,module,The module is the grouping: the export is per-module and the module name is the real structural layer the BIOS has.,bios/ghidra/listings/OemApControlDxe/00000300.asm; bios/decompiled/OemApControlDxe.c
OemDDSSupportDxe,00000300,OemDDSSupportDxe,module,The module is the grouping: the export is per-module and the module name is the real structural layer the BIOS has.,bios/ghidra/listings/OemDDSSupportDxe/00000300.asm; bios/decompiled/OemDDSSupportDxe.c
OemDgpuBoardIDDxe,00000300,delay-loops,type,the `type` column already names this family,bios/ghidra/listings/OemDgpuBoardIDDxe/00000300.asm; bios/decompiled/OemDgpuBoardIDDxe.c
OemDisplayModeDxe,0x300,OemDisplayModeDxe,module,The module is the grouping: the export is per-module and the module name is the real structural layer the BIOS has.,bios/ghidra/listings/OemDisplayModeDxe/00000300.asm; bios/decompiled/OemDisplayModeDxe.c
OemGlobalNvsDxe,0x300,OemGlobalNvsDxe,module,The module is the grouping: the export is per-module and the module name is the real structural layer the BIOS has.,bios/ghidra/listings/OemGlobalNvsDxe/00000300.asm; bios/decompiled/OemGlobalNvsDxe.c
OemI2cDevices,00000300,OemI2cDevices,module,The module is the grouping: the export is per-module and the module name is the real structural layer the BIOS has.,bios/ghidra/listings/OemI2cDevices/00000300.asm; bios/decompiled/OemI2cDevices.c
OemManufactureModeDxe,0x300,OemManufactureModeDxe,module,The module is the grouping: the export is per-module and the module name is the real structural layer the BIOS has.,bios/ghidra/listings/OemManufactureModeDxe/00000300.asm; bios/decompiled/OemManufactureModeDxe.c
OemNetworkDxe,0x300,OemNetworkDxe,module,The module is the grouping: the export is per-module and the module name is the real structural layer the BIOS has.,bios/ghidra/listings/OemNetworkDxe/00000300.asm; bios/decompiled/OemNetworkDxe.c
OemOcDxe,0x300,OemOcDxe,module,The module is the grouping: the export is per-module and the module name is the real structural layer the BIOS has.,bios/ghidra/listings/OemOcDxe/00000300.asm; bios/decompiled/OemOcDxe.c
OemPowerModeDxe,0x300,OemPowerModeDxe,module,The module is the grouping: the export is per-module and the module name is the real structural layer the BIOS has.,bios/ghidra/listings/OemPowerModeDxe/00000300.asm; bios/decompiled/OemPowerModeDxe.c
OemQkeyDxe,00000300,OemQkeyDxe,module,The module is the grouping: the export is per-module and the module name is the real structural layer the BIOS has.,bios/ghidra/listings/OemQkeyDxe/00000300.asm; bios/decompiled/OemQkeyDxe.c
OemSWBoardIDDxe,00000300,OemSWBoardIDDxe,module,The module is the grouping: the export is per-module and the module name is the real structural layer the BIOS has.,bios/ghidra/listings/OemSWBoardIDDxe/00000300.asm; bios/decompiled/OemSWBoardIDDxe.c
OemServiceDxe,00000300,delay-loops,type,the `type` column already names this family,bios/ghidra/listings/OemServiceDxe/00000300.asm; bios/decompiled/OemServiceDxe.c
OemTurboModeDxe,0x300,OemTurboModeDxe,module,The module is the grouping: the export is per-module and the module name is the real structural layer the BIOS has.,bios/ghidra/listings/OemTurboModeDxe/00000300.asm; bios/decompiled/OemTurboModeDxe.c
OemUniWillVariableDxe,00000300,OemUniWillVariableDxe,module,The module is the grouping: the export is per-module and the module name is the real structural layer the BIOS has.,bios/ghidra/listings/OemUniWillVariableDxe/00000300.asm; bios/decompiled/OemUniWillVariableDxe.c
OemVariableHookDxe,0x300,OemVariableHookDxe,module,The module is the grouping: the export is per-module and the module name is the real structural layer the BIOS has.,bios/ghidra/listings/OemVariableHookDxe/00000300.asm; bios/decompiled/OemVariableHookDxe.c
OemACPIDriverHookDxe,00000310,OemACPIDriverHookDxe,module,The module is the grouping: the export is per-module and the module name is the real structural layer the BIOS has.,bios/ghidra/listings/OemACPIDriverHookDxe/00000310.asm; bios/decompiled/OemACPIDriverHookDxe.c
OemApControlDxe,0x310,OemApControlDxe,module,The module is the grouping: the export is per-module and the module name is the real structural layer the BIOS has.,bios/ghidra/listings/OemApControlDxe/00000310.asm; bios/decompiled/OemApControlDxe.c
OemDDSSupportDxe,00000310,OemDDSSupportDxe,module,The module is the grouping: the export is per-module and the module name is the real structural layer the BIOS has.,bios/ghidra/listings/OemDDSSupportDxe/00000310.asm; bios/decompiled/OemDDSSupportDxe.c
OemDgpuBoardIDDxe,00000310,OemDgpuBoardIDDxe,module,The module is the grouping: the export is per-module and the module name is the real structural layer the BIOS has.,bios/ghidra/listings/OemDgpuBoardIDDxe/00000310.asm; bios/decompiled/OemDgpuBoardIDDxe.c
OemGlobalNvsDxe,0x310,OemGlobalNvsDxe,module,The module is the grouping: the export is per-module and the module name is the real structural layer the BIOS has.,bios/ghidra/listings/OemGlobalNvsDxe/00000310.asm; bios/decompiled/OemGlobalNvsDxe.c
OemI2cDevices,00000310,OemI2cDevices,module,The module is the grouping: the export is per-module and the module name is the real structural layer the BIOS has.,bios/ghidra/listings/OemI2cDevices/00000310.asm; bios/decompiled/OemI2cDevices.c
OemKbLightDxe,0x310,OemKbLightDxe,module,The module is the grouping: the export is per-module and the module name is the real structural layer the BIOS has.,bios/ghidra/listings/OemKbLightDxe/00000310.asm; bios/decompiled/OemKbLightDxe.c
OemKbLightSupportDxe,00000310,OemKbLightSupportDxe,module,The module is the grouping: the export is per-module and the module name is the real structural layer the BIOS has.,bios/ghidra/listings/OemKbLightSupportDxe/00000310.asm; bios/decompiled/OemKbLightSupportDxe.c
OemManufactureModeDxe,0x310,OemManufactureModeDxe,module,The module is the grouping: the export is per-module and the module name is the real structural layer the BIOS has.,bios/ghidra/listings/OemManufactureModeDxe/00000310.asm; bios/decompiled/OemManufactureModeDxe.c
OemNetworkDxe,0x310,OemNetworkDxe,module,The module is the grouping: the export is per-module and the module name is the real structural layer the BIOS has.,bios/ghidra/listings/OemNetworkDxe/00000310.asm; bios/decompiled/OemNetworkDxe.c
OemPowerModeDxe,0x310,OemPowerModeDxe,module,The module is the grouping: the export is per-module and the module name is the real structural layer the BIOS has.,bios/ghidra/listings/OemPowerModeDxe/00000310.asm; bios/decompiled/OemPowerModeDxe.c
OemQkeyDxe,00000310,OemQkeyDxe,module,The module is the grouping: the export is per-module and the module name is the real structural layer the BIOS has.,bios/ghidra/listings/OemQkeyDxe/00000310.asm; bios/decompiled/OemQkeyDxe.c
OemSWBoardIDDxe,00000310,OemSWBoardIDDxe,module,The module is the grouping: the export is per-module and the module name is the real structural layer the BIOS has.,bios/ghidra/listings/OemSWBoardIDDxe/00000310.asm; bios/decompiled/OemSWBoardIDDxe.c
OemTurboModeDxe,0x310,OemTurboModeDxe,module,The module is the grouping: the export is per-module and the module name is the real structural layer the BIOS has.,bios/ghidra/listings/OemTurboModeDxe/00000310.asm; bios/decompiled/OemTurboModeDxe.c
OemUniWillVariableDxe,00000310,OemUniWillVariableDxe,module,The module is the grouping: the export is per-module and the module name is the real structural layer the BIOS has.,bios/ghidra/listings/OemUniWillVariableDxe/00000310.asm; bios/decompiled/OemUniWillVariableDxe.c
OemUsbLightBarDxe,00000310,OemUsbLightBarDxe,module,The module is the grouping: the export is per-module and the module name is the real structural layer the BIOS has.,bios/ghidra/listings/OemUsbLightBarDxe/00000310.asm; bios/decompiled/OemUsbLightBarDxe.c
OemVariableHookDxe,0x310,OemVariableHookDxe,module,The module is the grouping: the export is per-module and the module name is the real structural layer the BIOS has.,bios/ghidra/listings/OemVariableHookDxe/00000310.asm; bios/decompiled/OemVariableHookDxe.c
OverclockInterface,0x310,OverclockInterface,module,The module is the grouping: the export is per-module and the module name is the real structural layer the BIOS has.,bios/ghidra/listings/OverclockInterface/00000310.asm; bios/decompiled/OverclockInterface.c
DxeOverClock,0x00000320,delay-loops,type,the `type` column already names this family,bios/ghidra/listings/DxeOverClock/00000320.asm; bios/decompiled/DxeOverClock.c
OemDgpuBoardIDDxe,00000320,OemDgpuBoardIDDxe,module,The module is the grouping: the export is per-module and the module name is the real structural layer the BIOS has.,bios/ghidra/listings/OemDgpuBoardIDDxe/00000320.asm; bios/decompiled/OemDgpuBoardIDDxe.c
OemGlobalNvsDxe,0x320,OemGlobalNvsDxe,module,The module is the grouping: the export is per-module and the module name is the real structural layer the BIOS has.,bios/ghidra/listings/OemGlobalNvsDxe/00000320.asm; bios/decompiled/OemGlobalNvsDxe.c
OemServiceDxe,00000320,OemServiceDxe,module,The module is the grouping: the export is per-module and the module name is the real structural layer the BIOS has.,bios/ghidra/listings/OemServiceDxe/00000320.asm; bios/decompiled/OemServiceDxe.c
Setup,0x00000320,Setup,module,The module is the grouping: the export is per-module and the module name is the real structural layer the BIOS has.,bios/ghidra/listings/Setup/00000320.asm; bios/decompiled/Setup.c
OemKbLightSupportDxe,00000324,OemKbLightSupportDxe,module,The module is the grouping: the export is per-module and the module name is the real structural layer the BIOS has.,bios/ghidra/listings/OemKbLightSupportDxe/00000324.asm; bios/decompiled/OemKbLightSupportDxe.c
OemDDSSupportDxe,0000032C,OemDDSSupportDxe,module,The module is the grouping: the export is per-module and the module name is the real structural layer the BIOS has.,bios/ghidra/listings/OemDDSSupportDxe/0000032C.asm; bios/decompiled/OemDDSSupportDxe.c
OemHooks,0x32C,OemHooks,module,The module is the grouping: the export is per-module and the module name is the real structural layer the BIOS has.,bios/ghidra/listings/OemHooks/0000032C.asm; bios/decompiled/OemHooks.c
OemKbLightDxe,0x32C,OemKbLightDxe,module,The module is the grouping: the export is per-module and the module name is the real structural layer the BIOS has.,bios/ghidra/listings/OemKbLightDxe/0000032C.asm; bios/decompiled/OemKbLightDxe.c
OemSWBoardIDDxe,0000032C,OemSWBoardIDDxe,module,The module is the grouping: the export is per-module and the module name is the real structural layer the BIOS has.,bios/ghidra/listings/OemSWBoardIDDxe/0000032C.asm; bios/decompiled/OemSWBoardIDDxe.c
DxeOverClock,0x00000330,DxeOverClock,module,The module is the grouping: the export is per-module and the module name is the real structural layer the BIOS has.,bios/ghidra/listings/DxeOverClock/00000330.asm; bios/decompiled/DxeOverClock.c
OemDgpuBoardIDDxe,00000330,OemDgpuBoardIDDxe,module,The module is the grouping: the export is per-module and the module name is the real structural layer the BIOS has.,bios/ghidra/listings/OemDgpuBoardIDDxe/00000330.asm; bios/decompiled/OemDgpuBoardIDDxe.c
OemServiceDxe,00000330,OemServiceDxe,module,The module is the grouping: the export is per-module and the module name is the real structural layer the BIOS has.,bios/ghidra/listings/OemServiceDxe/00000330.asm; bios/decompiled/OemServiceDxe.c
OemACPIDriverDxe,0x334,OemACPIDriverDxe,module,The module is the grouping: the export is per-module and the module name is the real structural layer the BIOS has.,bios/ghidra/listings/OemACPIDriverDxe/00000334.asm; bios/decompiled/OemACPIDriverDxe.c
DxeOverClock,0x00000340,DxeOverClock,module,The module is the grouping: the export is per-module and the module name is the real structural layer the BIOS has.,bios/ghidra/listings/DxeOverClock/00000340.asm; bios/decompiled/DxeOverClock.c
OemDgpuBoardIDDxe,00000340,OemDgpuBoardIDDxe,module,The module is the grouping: the export is per-module and the module name is the real structural layer the BIOS has.,bios/ghidra/listings/OemDgpuBoardIDDxe/00000340.asm; bios/decompiled/OemDgpuBoardIDDxe.c
OemServiceDxe,00000340,OemServiceDxe,module,The module is the grouping: the export is per-module and the module name is the real structural layer the BIOS has.,bios/ghidra/listings/OemServiceDxe/00000340.asm; bios/decompiled/OemServiceDxe.c
Setup,0x00000340,Setup,module,The module is the grouping: the export is per-module and the module name is the real structural layer the BIOS has.,bios/ghidra/listings/Setup/00000340.asm; bios/decompiled/Setup.c
OemUniWillVariableDxe,00000348,OemUniWillVariableDxe,module,The module is the grouping: the export is per-module and the module name is the real structural layer the BIOS has.,bios/ghidra/listings/OemUniWillVariableDxe/00000348.asm; bios/decompiled/OemUniWillVariableDxe.c
DxeOverClock,0x00000350,DxeOverClock,module,The module is the grouping: the export is per-module and the module name is the real structural layer the BIOS has.,bios/ghidra/listings/DxeOverClock/00000350.asm; bios/decompiled/DxeOverClock.c
OemDgpuBoardIDDxe,00000350,OemDgpuBoardIDDxe,module,The module is the grouping: the export is per-module and the module name is the real structural layer the BIOS has.,bios/ghidra/listings/OemDgpuBoardIDDxe/00000350.asm; bios/decompiled/OemDgpuBoardIDDxe.c
OemServiceDxe,00000350,OemServiceDxe,module,The module is the grouping: the export is per-module and the module name is the real structural layer the BIOS has.,bios/ghidra/listings/OemServiceDxe/00000350.asm; bios/decompiled/OemServiceDxe.c
DxeOverClock,0x00000360,DxeOverClock,module,The module is the grouping: the export is per-module and the module name is the real structural layer the BIOS has.,bios/ghidra/listings/DxeOverClock/00000360.asm; bios/decompiled/DxeOverClock.c
DxeOverClock,0x00000364,DxeOverClock,module,The module is the grouping: the export is per-module and the module name is the real structural layer the BIOS has.,bios/ghidra/listings/DxeOverClock/00000364.asm; bios/decompiled/DxeOverClock.c
OemDgpuBoardIDDxe,0000036C,OemDgpuBoardIDDxe,module,The module is the grouping: the export is per-module and the module name is the real structural layer the BIOS has.,bios/ghidra/listings/OemDgpuBoardIDDxe/0000036C.asm; bios/decompiled/OemDgpuBoardIDDxe.c
OemGlobalNvsDxe,0x370,OemGlobalNvsDxe,module,The module is the grouping: the export is per-module and the module name is the real structural layer the BIOS has.,bios/ghidra/listings/OemGlobalNvsDxe/00000370.asm; bios/decompiled/OemGlobalNvsDxe.c
OemServiceDxe,0000037C,OemServiceDxe,module,The module is the grouping: the export is per-module and the module name is the real structural layer the BIOS has.,bios/ghidra/listings/OemServiceDxe/0000037C.asm; bios/decompiled/OemServiceDxe.c
OverclockInterface,0x380,delay-loops,type,the `type` column already names this family,bios/ghidra/listings/OverclockInterface/00000380.asm; bios/decompiled/OverclockInterface.c
OemI2cDevices,00000384,OemI2cDevices,module,The module is the grouping: the export is per-module and the module name is the real structural layer the BIOS has.,bios/ghidra/listings/OemI2cDevices/00000384.asm; bios/decompiled/OemI2cDevices.c
OemTurboModeDxe,0x388,OemTurboModeDxe,module,The module is the grouping: the export is per-module and the module name is the real structural layer the BIOS has.,bios/ghidra/listings/OemTurboModeDxe/00000388.asm; bios/decompiled/OemTurboModeDxe.c
OverclockInterface,0x390,OverclockInterface,module,The module is the grouping: the export is per-module and the module name is the real structural layer the BIOS has.,bios/ghidra/listings/OverclockInterface/00000390.asm; bios/decompiled/OverclockInterface.c
OemGlobalNvsDxe,0x39C,OemGlobalNvsDxe,module,The module is the grouping: the export is per-module and the module name is the real structural layer the BIOS has.,bios/ghidra/listings/OemGlobalNvsDxe/0000039C.asm; bios/decompiled/OemGlobalNvsDxe.c
OverclockInterface,0x3A0,OverclockInterface,module,The module is the grouping: the export is per-module and the module name is the real structural layer the BIOS has.,bios/ghidra/listings/OverclockInterface/000003A0.asm; bios/decompiled/OverclockInterface.c
Setup,0x000003A0,Setup,module,The module is the grouping: the export is per-module and the module name is the real structural layer the BIOS has.,bios/ghidra/listings/Setup/000003A0.asm; bios/decompiled/Setup.c
OverclockInterface,0x3B0,OverclockInterface,module,The module is the grouping: the export is per-module and the module name is the real structural layer the BIOS has.,bios/ghidra/listings/OverclockInterface/000003B0.asm; bios/decompiled/OverclockInterface.c
OverclockInterface,0x3C0,OverclockInterface,module,The module is the grouping: the export is per-module and the module name is the real structural layer the BIOS has.,bios/ghidra/listings/OverclockInterface/000003C0.asm; bios/decompiled/OverclockInterface.c
OemOcDxe,0x3D0,OemOcDxe,module,The module is the grouping: the export is per-module and the module name is the real structural layer the BIOS has.,bios/decompiled/OemOcDxe.annotated.c; bios/decompiled/OemOcDxe.c
OemOcDxe,0x3EC,OemOcDxe,module,The module is the grouping: the export is per-module and the module name is the real structural layer the BIOS has.,bios/decompiled/OemOcDxe.annotated.c; bios/decompiled/OemOcDxe.c
Setup,0x00000400,Setup,module,The module is the grouping: the export is per-module and the module name is the real structural layer the BIOS has.,bios/ghidra/listings/Setup/00000400.asm; bios/decompiled/Setup.c
Setup,0x00000420,delay-loops,type,the `type` column already names this family,bios/ghidra/listings/Setup/00000420.asm; bios/decompiled/Setup.c
OemKbLightSupportDxe,00000430,OemKbLightSupportDxe,module,The module is the grouping: the export is per-module and the module name is the real structural layer the BIOS has.,bios/ghidra/listings/OemKbLightSupportDxe/00000430.asm; bios/decompiled/OemKbLightSupportDxe.c
Setup,0x00000430,Setup,module,The module is the grouping: the export is per-module and the module name is the real structural layer the BIOS has.,bios/ghidra/listings/Setup/00000430.asm; bios/decompiled/Setup.c
OemApControlDxe,0x438,OemApControlDxe,module,The module is the grouping: the export is per-module and the module name is the real structural layer the BIOS has.,bios/ghidra/listings/OemApControlDxe/00000438.asm; bios/decompiled/OemApControlDxe.c
OemDDSSupportDxe,00000438,OemDDSSupportDxe,module,The module is the grouping: the export is per-module and the module name is the real structural layer the BIOS has.,bios/ghidra/listings/OemDDSSupportDxe/00000438.asm; bios/decompiled/OemDDSSupportDxe.c
OemNetworkDxe,0x438,OemNetworkDxe,module,The module is the grouping: the export is per-module and the module name is the real structural layer the BIOS has.,bios/ghidra/listings/OemNetworkDxe/00000438.asm; bios/decompiled/OemNetworkDxe.c
OemSWBoardIDDxe,00000438,OemSWBoardIDDxe,module,The module is the grouping: the export is per-module and the module name is the real structural layer the BIOS has.,bios/ghidra/listings/OemSWBoardIDDxe/00000438.asm; bios/decompiled/OemSWBoardIDDxe.c
OemVariableHookDxe,0x438,OemVariableHookDxe,module,The module is the grouping: the export is per-module and the module name is the real structural layer the BIOS has.,bios/ghidra/listings/OemVariableHookDxe/00000438.asm; bios/decompiled/OemVariableHookDxe.c
Setup,0x00000440,Setup,module,The module is the grouping: the export is per-module and the module name is the real structural layer the BIOS has.,bios/ghidra/listings/Setup/00000440.asm; bios/decompiled/Setup.c
Setup,0x00000450,Setup,module,The module is the grouping: the export is per-module and the module name is the real structural layer the BIOS has.,bios/ghidra/listings/Setup/00000450.asm; bios/decompiled/Setup.c
Setup,0x00000483,Setup,module,The module is the grouping: the export is per-module and the module name is the real structural layer the BIOS has.,bios/ghidra/listings/Setup/00000483.asm; bios/decompiled/Setup.c
OemPowerModeDxe,0x494,OemPowerModeDxe,module,The module is the grouping: the export is per-module and the module name is the real structural layer the BIOS has.,bios/ghidra/listings/OemPowerModeDxe/00000494.asm; bios/decompiled/OemPowerModeDxe.c
Setup,0x000004B0,Setup,module,The module is the grouping: the export is per-module and the module name is the real structural layer the BIOS has.,bios/ghidra/listings/Setup/000004B0.asm; bios/decompiled/Setup.c
OemGlobalNvsDxe,0x4B8,OemGlobalNvsDxe,module,The module is the grouping: the export is per-module and the module name is the real structural layer the BIOS has.,bios/ghidra/listings/OemGlobalNvsDxe/000004B8.asm; bios/decompiled/OemGlobalNvsDxe.c
OemACPIDriverHookDxe,000004CC,OemACPIDriverHookDxe,module,The module is the grouping: the export is per-module and the module name is the real structural layer the BIOS has.,bios/ghidra/listings/OemACPIDriverHookDxe/000004CC.asm; bios/decompiled/OemACPIDriverHookDxe.c
OemACPIDriverDxe,0x4D8,OemACPIDriverDxe,module,The module is the grouping: the export is per-module and the module name is the real structural layer the BIOS has.,bios/ghidra/listings/OemACPIDriverDxe/000004D8.asm; bios/decompiled/OemACPIDriverDxe.c
OemKbLightSupportDxe,000004E4,OemKbLightSupportDxe,module,The module is the grouping: the export is per-module and the module name is the real structural layer the BIOS has.,bios/ghidra/listings/OemKbLightSupportDxe/000004E4.asm; bios/decompiled/OemKbLightSupportDxe.c
OemOcDxe,0x4F8,OemOcDxe,module,The module is the grouping: the export is per-module and the module name is the real structural layer the BIOS has.,bios/decompiled/OemOcDxe.annotated.c; bios/decompiled/OemOcDxe.c
OemVariableHookDxe,0x518,OemVariableHookDxe,module,The module is the grouping: the export is per-module and the module name is the real structural layer the BIOS has.,bios/ghidra/listings/OemVariableHookDxe/00000518.asm; bios/decompiled/OemVariableHookDxe.c
OemACPIDriverHookDxe,0000052C,OemACPIDriverHookDxe,module,The module is the grouping: the export is per-module and the module name is the real structural layer the BIOS has.,bios/ghidra/listings/OemACPIDriverHookDxe/0000052C.asm; bios/decompiled/OemACPIDriverHookDxe.c
OemKbLightSupportDxe,0000055C,OemKbLightSupportDxe,module,The module is the grouping: the export is per-module and the module name is the real structural layer the BIOS has.,bios/ghidra/listings/OemKbLightSupportDxe/0000055C.asm; bios/decompiled/OemKbLightSupportDxe.c
OemSWBoardIDDxe,00000598,OemSWBoardIDDxe,module,The module is the grouping: the export is per-module and the module name is the real structural layer the BIOS has.,bios/ghidra/listings/OemSWBoardIDDxe/00000598.asm; bios/decompiled/OemSWBoardIDDxe.c
OemACPIDriverDxe,0x5B0,OemACPIDriverDxe,module,The module is the grouping: the export is per-module and the module name is the real structural layer the BIOS has.,bios/ghidra/listings/OemACPIDriverDxe/000005B0.asm; bios/decompiled/OemACPIDriverDxe.c
OemManufactureModeDxe,0x5B8,ec-io-helpers,type,the `type` column already names this family,bios/ghidra/listings/OemManufactureModeDxe/000005B8.asm; bios/decompiled/OemManufactureModeDxe.c
OemI2cDevices,000005CC,OemI2cDevices,module,The module is the grouping: the export is per-module and the module name is the real structural layer the BIOS has.,bios/ghidra/listings/OemI2cDevices/000005CC.asm; bios/decompiled/OemI2cDevices.c
OemNetworkDxe,0x5D4,OemNetworkDxe,module,The module is the grouping: the export is per-module and the module name is the real structural layer the BIOS has.,bios/ghidra/listings/OemNetworkDxe/000005D4.asm; bios/decompiled/OemNetworkDxe.c
OemOcDxe,0x5D8,OemOcDxe,module,The module is the grouping: the export is per-module and the module name is the real structural layer the BIOS has.,bios/decompiled/OemOcDxe.annotated.c; bios/decompiled/OemOcDxe.c
OemKbLightSupportDxe,000005E4,OemKbLightSupportDxe,module,The module is the grouping: the export is per-module and the module name is the real structural layer the BIOS has.,bios/ghidra/listings/OemKbLightSupportDxe/000005E4.asm; bios/decompiled/OemKbLightSupportDxe.c
OemSWBoardIDDxe,00000610,OemSWBoardIDDxe,module,The module is the grouping: the export is per-module and the module name is the real structural layer the BIOS has.,bios/ghidra/listings/OemSWBoardIDDxe/00000610.asm; bios/decompiled/OemSWBoardIDDxe.c
OemTurboModeDxe,0x614,OemTurboModeDxe,module,The module is the grouping: the export is per-module and the module name is the real structural layer the BIOS has.,bios/ghidra/listings/OemTurboModeDxe/00000614.asm; bios/decompiled/OemTurboModeDxe.c
OemUniWillVariableDxe,00000620,OemUniWillVariableDxe,module,The module is the grouping: the export is per-module and the module name is the real structural layer the BIOS has.,bios/ghidra/listings/OemUniWillVariableDxe/00000620.asm; bios/decompiled/OemUniWillVariableDxe.c
OemI2cDevices,00000630,OemI2cDevices,module,The module is the grouping: the export is per-module and the module name is the real structural layer the BIOS has.,bios/ghidra/listings/OemI2cDevices/00000630.asm; bios/decompiled/OemI2cDevices.c
OemManufactureModeDxe,0x630,ec-io-helpers,type,the `type` column already names this family,bios/ghidra/listings/OemManufactureModeDxe/00000630.asm; bios/decompiled/OemManufactureModeDxe.c
OemKbLightSupportDxe,00000648,OemKbLightSupportDxe,module,The module is the grouping: the export is per-module and the module name is the real structural layer the BIOS has.,bios/ghidra/listings/OemKbLightSupportDxe/00000648.asm; bios/decompiled/OemKbLightSupportDxe.c
OemPowerModeDxe,0x670,OemPowerModeDxe,module,The module is the grouping: the export is per-module and the module name is the real structural layer the BIOS has.,bios/ghidra/listings/OemPowerModeDxe/00000670.asm; bios/decompiled/OemPowerModeDxe.c
OemUsbLightBarDxe,00000670,OemUsbLightBarDxe,module,The module is the grouping: the export is per-module and the module name is the real structural layer the BIOS has.,bios/ghidra/listings/OemUsbLightBarDxe/00000670.asm; bios/decompiled/OemUsbLightBarDxe.c
OemOcDxe,0x67C,OemOcDxe,module,The module is the grouping: the export is per-module and the module name is the real structural layer the BIOS has.,bios/decompiled/OemOcDxe.annotated.c; bios/decompiled/OemOcDxe.c
Setup,0x00000680,Setup,module,The module is the grouping: the export is per-module and the module name is the real structural layer the BIOS has.,bios/ghidra/listings/Setup/00000680.asm; bios/decompiled/Setup.c
OemI2cDevices,0000068C,OemI2cDevices,module,The module is the grouping: the export is per-module and the module name is the real structural layer the BIOS has.,bios/ghidra/listings/OemI2cDevices/0000068C.asm; bios/decompiled/OemI2cDevices.c
OemTurboModeDxe,0x68C,OemTurboModeDxe,module,The module is the grouping: the export is per-module and the module name is the real structural layer the BIOS has.,bios/ghidra/listings/OemTurboModeDxe/0000068C.asm; bios/decompiled/OemTurboModeDxe.c
OemSWBoardIDDxe,00000698,delay-loops,type,the `type` column already names this family,bios/ghidra/listings/OemSWBoardIDDxe/00000698.asm; bios/decompiled/OemSWBoardIDDxe.c
OemManufactureModeDxe,0x6B8,ec-io-helpers,type,the `type` column already names this family,bios/ghidra/listings/OemManufactureModeDxe/000006B8.asm; bios/decompiled/OemManufactureModeDxe.c
OemI2cDevices,000006DC,OemI2cDevices,module,The module is the grouping: the export is per-module and the module name is the real structural layer the BIOS has.,bios/ghidra/listings/OemI2cDevices/000006DC.asm; bios/decompiled/OemI2cDevices.c
OemPowerModeDxe,0x6E8,OemPowerModeDxe,module,The module is the grouping: the export is per-module and the module name is the real structural layer the BIOS has.,bios/ghidra/listings/OemPowerModeDxe/000006E8.asm; bios/decompiled/OemPowerModeDxe.c
OemKbLightSupportDxe,00000710,OemKbLightSupportDxe,module,The module is the grouping: the export is per-module and the module name is the real structural layer the BIOS has.,bios/ghidra/listings/OemKbLightSupportDxe/00000710.asm; bios/decompiled/OemKbLightSupportDxe.c
OemTurboModeDxe,0x714,delay-loops,type,the `type` column already names this family,bios/ghidra/listings/OemTurboModeDxe/00000714.asm; bios/decompiled/OemTurboModeDxe.c
OemManufactureModeDxe,0x71C,ec-io-helpers,type,the `type` column already names this family,bios/ghidra/listings/OemManufactureModeDxe/0000071C.asm; bios/decompiled/OemManufactureModeDxe.c
OemUniWillVariableDxe,00000720,delay-loops,type,the `type` column already names this family,bios/ghidra/listings/OemUniWillVariableDxe/00000720.asm; bios/decompiled/OemUniWillVariableDxe.c
OemQkeyDxe,00000730,OemQkeyDxe,module,The module is the grouping: the export is per-module and the module name is the real structural layer the BIOS has.,bios/ghidra/listings/OemQkeyDxe/00000730.asm; bios/decompiled/OemQkeyDxe.c
OverclockInterface,0x740,OverclockInterface,module,The module is the grouping: the export is per-module and the module name is the real structural layer the BIOS has.,bios/ghidra/listings/OverclockInterface/00000740.asm; bios/decompiled/OverclockInterface.c
OemKbLightSupportDxe,00000764,OemKbLightSupportDxe,module,The module is the grouping: the export is per-module and the module name is the real structural layer the BIOS has.,bios/ghidra/listings/OemKbLightSupportDxe/00000764.asm; bios/decompiled/OemKbLightSupportDxe.c
OemPowerModeDxe,0x770,delay-loops,type,the `type` column already names this family,bios/ghidra/listings/OemPowerModeDxe/00000770.asm; bios/decompiled/OemPowerModeDxe.c
OemTurboModeDxe,0x778,OemTurboModeDxe,module,The module is the grouping: the export is per-module and the module name is the real structural layer the BIOS has.,bios/ghidra/listings/OemTurboModeDxe/00000778.asm; bios/decompiled/OemTurboModeDxe.c
OemUniWillVariableDxe,00000784,OemUniWillVariableDxe,module,The module is the grouping: the export is per-module and the module name is the real structural layer the BIOS has.,bios/ghidra/listings/OemUniWillVariableDxe/00000784.asm; bios/decompiled/OemUniWillVariableDxe.c
OemHooks,0x78C,ec-io-helpers,type,the `type` column already names this family,bios/ghidra/listings/OemHooks/0000078C.asm; bios/decompiled/OemHooks.c; ec/annotations/registers.yaml
OemACPIDriverDxe,0x7A0,OemACPIDriverDxe,module,The module is the grouping: the export is per-module and the module name is the real structural layer the BIOS has.,bios/ghidra/listings/OemACPIDriverDxe/000007A0.asm; bios/decompiled/OemACPIDriverDxe.c
OemOcDxe,0x7A8,OemOcDxe,module,The module is the grouping: the export is per-module and the module name is the real structural layer the BIOS has.,bios/decompiled/OemOcDxe.annotated.c; bios/decompiled/OemOcDxe.c
OverclockInterface,0x7AC,OverclockInterface,module,The module is the grouping: the export is per-module and the module name is the real structural layer the BIOS has.,bios/ghidra/listings/OverclockInterface/000007AC.asm; bios/decompiled/OverclockInterface.c
OemSWBoardIDDxe,000007C4,OemSWBoardIDDxe,module,The module is the grouping: the export is per-module and the module name is the real structural layer the BIOS has.,bios/ghidra/listings/OemSWBoardIDDxe/000007C4.asm; bios/decompiled/OemSWBoardIDDxe.c
OemKbLightSupportDxe,000007D0,delay-loops,type,the `type` column already names this family,bios/ghidra/listings/OemKbLightSupportDxe/000007D0.asm; bios/decompiled/OemKbLightSupportDxe.c
OemPowerModeDxe,0x7D4,OemPowerModeDxe,module,The module is the grouping: the export is per-module and the module name is the real structural layer the BIOS has.,bios/ghidra/listings/OemPowerModeDxe/000007D4.asm; bios/decompiled/OemPowerModeDxe.c
OemManufactureModeDxe,0x7E4,OemManufactureModeDxe,module,The module is the grouping: the export is per-module and the module name is the real structural layer the BIOS has.,bios/ghidra/listings/OemManufactureModeDxe/000007E4.asm; bios/decompiled/OemManufactureModeDxe.c
OemApControlDxe,0x7E8,OemApControlDxe,module,The module is the grouping: the export is per-module and the module name is the real structural layer the BIOS has.,bios/ghidra/listings/OemApControlDxe/000007E8.asm; bios/decompiled/OemApControlDxe.c
DxeOverClock,0x0000081C,DxeOverClock,module,The module is the grouping: the export is per-module and the module name is the real structural layer the BIOS has.,bios/ghidra/listings/DxeOverClock/0000081C.asm; bios/decompiled/DxeOverClock.c
OemQkeyDxe,00000830,delay-loops,type,the `type` column already names this family,bios/ghidra/listings/OemQkeyDxe/00000830.asm; bios/decompiled/OemQkeyDxe.c
OemSWBoardIDDxe,00000830,delay-loops,type,the `type` column already names this family,bios/ghidra/listings/OemSWBoardIDDxe/00000830.asm; bios/decompiled/OemSWBoardIDDxe.c
Setup,0x0000083C,Setup,module,The module is the grouping: the export is per-module and the module name is the real structural layer the BIOS has.,bios/ghidra/listings/Setup/0000083C.asm; bios/decompiled/Setup.c
OemTurboModeDxe,0x840,OemTurboModeDxe,module,The module is the grouping: the export is per-module and the module name is the real structural layer the BIOS has.,bios/ghidra/listings/OemTurboModeDxe/00000840.asm; bios/decompiled/OemTurboModeDxe.c
OemUniWillVariableDxe,0000084C,ec-io-helpers,type,the `type` column already names this family,bios/ghidra/listings/OemUniWillVariableDxe/0000084C.asm; bios/decompiled/OemUniWillVariableDxe.c; ec/annotations/registers.yaml
OemManufactureModeDxe,0x850,delay-loops,type,the `type` column already names this family,bios/ghidra/listings/OemManufactureModeDxe/00000850.asm; bios/decompiled/OemManufactureModeDxe.c
EcPs2Kbd,0x85C,EcPs2Kbd,module,The module is the grouping: the export is per-module and the module name is the real structural layer the BIOS has.,bios/ghidra/listings/EcPs2Kbd/0000085C.asm; bios/decompiled/EcPs2Kbd.c
OemHooks,0x88C,ec-io-helpers,type,the `type` column already names this family,bios/ghidra/listings/OemHooks/0000088C.asm; bios/decompiled/OemHooks.c; ec/annotations/registers.yaml
EcPs2Kbd,0x894,EcPs2Kbd,module,The module is the grouping: the export is per-module and the module name is the real structural layer the BIOS has.,bios/ghidra/listings/EcPs2Kbd/00000894.asm; bios/decompiled/EcPs2Kbd.c
OemQkeyDxe,00000894,OemQkeyDxe,module,The module is the grouping: the export is per-module and the module name is the real structural layer the BIOS has.,bios/ghidra/listings/OemQkeyDxe/00000894.asm; bios/decompiled/OemQkeyDxe.c
OemPowerModeDxe,0x89C,OemPowerModeDxe,module,The module is the grouping: the export is per-module and the module name is the real structural layer the BIOS has.,bios/ghidra/listings/OemPowerModeDxe/0000089C.asm; bios/decompiled/OemPowerModeDxe.c
OemTurboModeDxe,0x8AC,delay-loops,type,the `type` column already names this family,bios/ghidra/listings/OemTurboModeDxe/000008AC.asm; bios/decompiled/OemTurboModeDxe.c
OemManufactureModeDxe,0x8B0,delay-loops,type,the `type` column already names this family,bios/ghidra/listings/OemManufactureModeDxe/000008B0.asm; bios/decompiled/OemManufactureModeDxe.c
EcPs2Kbd,0x8C0,arithmetic,type,the `type` column already names this family,bios/ghidra/listings/EcPs2Kbd/000008C0.asm; bios/decompiled/EcPs2Kbd.c
OemApControlDxe,0x8E8,delay-loops,type,the `type` column already names this family,bios/ghidra/listings/OemApControlDxe/000008E8.asm; bios/decompiled/OemApControlDxe.c
OemUniWillVariableDxe,000008E8,OemUniWillVariableDxe,module,The module is the grouping: the export is per-module and the module name is the real structural layer the BIOS has.,bios/ghidra/listings/OemUniWillVariableDxe/000008E8.asm; bios/decompiled/OemUniWillVariableDxe.c
OemHooks,0x8F0,ec-io-helpers,type,the `type` column already names this family,bios/ghidra/listings/OemHooks/000008F0.asm; bios/decompiled/OemHooks.c; ec/annotations/registers.yaml
OemGlobalNvsDxe,0x900,OemGlobalNvsDxe,module,The module is the grouping: the export is per-module and the module name is the real structural layer the BIOS has.,bios/ghidra/listings/OemGlobalNvsDxe/00000900.asm; bios/decompiled/OemGlobalNvsDxe.c
OemTurboModeDxe,0x90C,arithmetic,type,the `type` column already names this family,bios/ghidra/listings/OemTurboModeDxe/0000090C.asm; bios/decompiled/OemTurboModeDxe.c
OemKbLightDxe,0x910,OemKbLightDxe,module,The module is the grouping: the export is per-module and the module name is the real structural layer the BIOS has.,bios/ghidra/listings/OemKbLightDxe/00000910.asm; bios/decompiled/OemKbLightDxe.c
OverclockInterface,0x928,OverclockInterface,module,The module is the grouping: the export is per-module and the module name is the real structural layer the BIOS has.,bios/ghidra/listings/OverclockInterface/00000928.asm; bios/decompiled/OverclockInterface.c
OemPowerModeDxe,0x938,OemPowerModeDxe,module,The module is the grouping: the export is per-module and the module name is the real structural layer the BIOS has.,bios/ghidra/listings/OemPowerModeDxe/00000938.asm; bios/decompiled/OemPowerModeDxe.c
OemDDSSupportDxe,00000944,delay-loops,type,the `type` column already names this family,bios/ghidra/listings/OemDDSSupportDxe/00000944.asm; bios/decompiled/OemDDSSupportDxe.c
OemApControlDxe,0x94C,OemApControlDxe,module,The module is the grouping: the export is per-module and the module name is the real structural layer the BIOS has.,bios/ghidra/listings/OemApControlDxe/0000094C.asm; bios/decompiled/OemApControlDxe.c
OemQkeyDxe,0000095C,OemQkeyDxe,module,The module is the grouping: the export is per-module and the module name is the real structural layer the BIOS has.,bios/ghidra/listings/OemQkeyDxe/0000095C.asm; bios/decompiled/OemQkeyDxe.c
OemI2cDevices,00000984,OemI2cDevices,module,The module is the grouping: the export is per-module and the module name is the real structural layer the BIOS has.,bios/ghidra/listings/OemI2cDevices/00000984.asm; bios/decompiled/OemI2cDevices.c
OemKbLightDxe,0x988,OemKbLightDxe,module,The module is the grouping: the export is per-module and the module name is the real structural layer the BIOS has.,bios/ghidra/listings/OemKbLightDxe/00000988.asm; bios/decompiled/OemKbLightDxe.c
OemPowerModeDxe,0x9A4,delay-loops,type,the `type` column already names this family,bios/ghidra/listings/OemPowerModeDxe/000009A4.asm; bios/decompiled/OemPowerModeDxe.c
OemUniWillVariableDxe,000009B4,arithmetic,type,the `type` column already names this family,bios/ghidra/listings/OemUniWillVariableDxe/000009B4.asm; bios/decompiled/OemUniWillVariableDxe.c
OemHooks,0x9B8,ec-io-helpers,type,the `type` column already names this family,bios/ghidra/listings/OemHooks/000009B8.asm; bios/decompiled/OemHooks.c; ec/annotations/registers.yaml
OemQkeyDxe,000009C8,delay-loops,type,the `type` column already names this family,bios/ghidra/listings/OemQkeyDxe/000009C8.asm; bios/decompiled/OemQkeyDxe.c
OemOcDxe,0x9E4,OemOcDxe,module,The module is the grouping: the export is per-module and the module name is the real structural layer the BIOS has.,bios/ghidra/listings/OemOcDxe/000009E4.asm; bios/decompiled/OemOcDxe.c
EcPs2Kbd,0x9EC,EcPs2Kbd,module,The module is the grouping: the export is per-module and the module name is the real structural layer the BIOS has.,bios/ghidra/listings/EcPs2Kbd/000009EC.asm; bios/decompiled/EcPs2Kbd.c
OemHooks,0xA00,ec-io-helpers,type,the `type` column already names this family,bios/ghidra/listings/OemHooks/00000A00.asm; bios/decompiled/OemHooks.c; ec/annotations/registers.yaml
OemPowerModeDxe,0xA04,arithmetic,type,the `type` column already names this family,bios/ghidra/listings/OemPowerModeDxe/00000A04.asm; bios/decompiled/OemPowerModeDxe.c
OemKbLightDxe,0xA10,delay-loops,type,the `type` column already names this family,bios/ghidra/listings/OemKbLightDxe/00000A10.asm; bios/decompiled/OemKbLightDxe.c
OemApControlDxe,0xA14,OemApControlDxe,module,The module is the grouping: the export is per-module and the module name is the real structural layer the BIOS has.,bios/ghidra/listings/OemApControlDxe/00000A14.asm; bios/decompiled/OemApControlDxe.c
OemQkeyDxe,00000A28,delay-loops,type,the `type` column already names this family,bios/ghidra/listings/OemQkeyDxe/00000A28.asm; bios/decompiled/OemQkeyDxe.c
OemUniWillVariableDxe,00000A40,OemUniWillVariableDxe,module,The module is the grouping: the export is per-module and the module name is the real structural layer the BIOS has.,bios/ghidra/listings/OemUniWillVariableDxe/00000A40.asm; bios/decompiled/OemUniWillVariableDxe.c
OemOcDxe,0xA68,OemOcDxe,module,The module is the grouping: the export is per-module and the module name is the real structural layer the BIOS has.,bios/ghidra/listings/OemOcDxe/00000A68.asm; bios/decompiled/OemOcDxe.c
OemDDSSupportDxe,00000A70,OemDDSSupportDxe,module,The module is the grouping: the export is per-module and the module name is the real structural layer the BIOS has.,bios/ghidra/listings/OemDDSSupportDxe/00000A70.asm; bios/decompiled/OemDDSSupportDxe.c
OemApControlDxe,0xA74,OemApControlDxe,module,The module is the grouping: the export is per-module and the module name is the real structural layer the BIOS has.,bios/ghidra/listings/OemApControlDxe/00000A74.asm; bios/decompiled/OemApControlDxe.c
OemGlobalNvsDxe,0xA98,ec-io-helpers,type,the `type` column already names this family,bios/ghidra/listings/OemGlobalNvsDxe/00000A98.asm; bios/decompiled/OemGlobalNvsDxe.c
OemHooks,0xA9C,OemHooks,module,The module is the grouping: the export is per-module and the module name is the real structural layer the BIOS has.,bios/ghidra/listings/OemHooks/00000A9C.asm; bios/decompiled/OemHooks.c
OemDDSSupportDxe,00000ADC,delay-loops,type,the `type` column already names this family,bios/ghidra/listings/OemDDSSupportDxe/00000ADC.asm; bios/decompiled/OemDDSSupportDxe.c
OemHooks,0xB08,delay-loops,type,the `type` column already names this family,bios/ghidra/listings/OemHooks/00000B08.asm; bios/decompiled/OemHooks.c
OemApControlDxe,0xB10,OemApControlDxe,module,The module is the grouping: the export is per-module and the module name is the real structural layer the BIOS has.,bios/ghidra/listings/OemApControlDxe/00000B10.asm; bios/decompiled/OemApControlDxe.c
OemI2cDevices,00000B34,OemI2cDevices,module,The module is the grouping: the export is per-module and the module name is the real structural layer the BIOS has.,bios/ghidra/listings/OemI2cDevices/00000B34.asm; bios/decompiled/OemI2cDevices.c
OemDDSSupportDxe,00000B3C,delay-loops,type,the `type` column already names this family,bios/ghidra/listings/OemDDSSupportDxe/00000B3C.asm; bios/decompiled/OemDDSSupportDxe.c
OemKbLightDxe,0xB3C,OemKbLightDxe,module,The module is the grouping: the export is per-module and the module name is the real structural layer the BIOS has.,bios/ghidra/listings/OemKbLightDxe/00000B3C.asm; bios/decompiled/OemKbLightDxe.c
EcPs2Kbd,0xB60,EcPs2Kbd,module,The module is the grouping: the export is per-module and the module name is the real structural layer the BIOS has.,bios/ghidra/listings/EcPs2Kbd/00000B60.asm; bios/decompiled/EcPs2Kbd.c
OemApControlDxe,0xB7C,delay-loops,type,the `type` column already names this family,bios/ghidra/listings/OemApControlDxe/00000B7C.asm; bios/decompiled/OemApControlDxe.c
DxeOverClock,0x00000B94,DxeOverClock,module,The module is the grouping: the export is per-module and the module name is the real structural layer the BIOS has.,bios/ghidra/listings/DxeOverClock/00000B94.asm; bios/decompiled/DxeOverClock.c
OemGlobalNvsDxe,0xB98,ec-io-helpers,type,the `type` column already names this family,bios/ghidra/listings/OemGlobalNvsDxe/00000B98.asm; bios/decompiled/OemGlobalNvsDxe.c
OemApControlDxe,0xBDC,arithmetic,type,the `type` column already names this family,bios/ghidra/listings/OemApControlDxe/00000BDC.asm; bios/decompiled/OemApControlDxe.c
OemGlobalNvsDxe,0xBFC,ec-io-helpers,type,the `type` column already names this family,bios/ghidra/listings/OemGlobalNvsDxe/00000BFC.asm; bios/decompiled/OemGlobalNvsDxe.c
OemI2cDevices,00000C00,delay-loops,type,the `type` column already names this family,bios/ghidra/listings/OemI2cDevices/00000C00.asm; bios/decompiled/OemI2cDevices.c
OemOcDxe,0xC30,OemOcDxe,module,The module is the grouping: the export is per-module and the module name is the real structural layer the BIOS has.,bios/decompiled/OemOcDxe.annotated.c; bios/decompiled/OemOcDxe.c
OemKbLightDxe,0xC38,OemKbLightDxe,module,The module is the grouping: the export is per-module and the module name is the real structural layer the BIOS has.,bios/ghidra/listings/OemKbLightDxe/00000C38.asm; bios/decompiled/OemKbLightDxe.c
OemServiceDxe,00000C64,OemServiceDxe,module,The module is the grouping: the export is per-module and the module name is the real structural layer the BIOS has.,bios/ghidra/listings/OemServiceDxe/00000C64.asm; bios/decompiled/OemServiceDxe.c
Setup,0x00000C6C,Setup,module,The module is the grouping: the export is per-module and the module name is the real structural layer the BIOS has.,bios/ghidra/listings/Setup/00000C6C.asm; bios/decompiled/Setup.c
OemOcDxe,0xC8C,OemOcDxe,module,The module is the grouping: the export is per-module and the module name is the real structural layer the BIOS has.,bios/ghidra/listings/OemOcDxe/00000C8C.asm; bios/decompiled/OemOcDxe.c
OemKbLightDxe,0xCA4,delay-loops,type,the `type` column already names this family,bios/ghidra/listings/OemKbLightDxe/00000CA4.asm; bios/decompiled/OemKbLightDxe.c
OemOcDxe,0xCDC,OemOcDxe,module,The module is the grouping: the export is per-module and the module name is the real structural layer the BIOS has.,bios/ghidra/listings/OemOcDxe/00000CDC.asm; bios/decompiled/OemOcDxe.c
OemI2cDevices,00000CF0,OemI2cDevices,module,The module is the grouping: the export is per-module and the module name is the real structural layer the BIOS has.,bios/ghidra/listings/OemI2cDevices/00000CF0.asm; bios/decompiled/OemI2cDevices.c
OemKbLightDxe,0xD04,delay-loops,type,the `type` column already names this family,bios/ghidra/listings/OemKbLightDxe/00000D04.asm; bios/decompiled/OemKbLightDxe.c
OemOcDxe,0xD2C,OemOcDxe,module,The module is the grouping: the export is per-module and the module name is the real structural layer the BIOS has.,bios/decompiled/OemOcDxe.annotated.c; bios/decompiled/OemOcDxe.c
OemServiceDxe,00000D2C,ec-io-helpers,type,the `type` column already names this family,bios/ghidra/listings/OemServiceDxe/00000D2C.asm; bios/decompiled/OemServiceDxe.c
OemGlobalNvsDxe,0xD60,OemGlobalNvsDxe,module,The module is the grouping: the export is per-module and the module name is the real structural layer the BIOS has.,bios/ghidra/listings/OemGlobalNvsDxe/00000D60.asm; bios/decompiled/OemGlobalNvsDxe.c
OemOcDxe,0xD80,OemOcDxe,module,The module is the grouping: the export is per-module and the module name is the real structural layer the BIOS has.,bios/decompiled/OemOcDxe.annotated.c; bios/decompiled/OemOcDxe.c
OemGlobalNvsDxe,0xD8C,OemGlobalNvsDxe,module,The module is the grouping: the export is per-module and the module name is the real structural layer the BIOS has.,bios/ghidra/listings/OemGlobalNvsDxe/00000D8C.asm; bios/decompiled/OemGlobalNvsDxe.c
OemServiceDxe,00000DA4,ec-io-helpers,type,the `type` column already names this family,bios/ghidra/listings/OemServiceDxe/00000DA4.asm; bios/decompiled/OemServiceDxe.c
OemGlobalNvsDxe,0xDC8,OemGlobalNvsDxe,module,The module is the grouping: the export is per-module and the module name is the real structural layer the BIOS has.,bios/ghidra/listings/OemGlobalNvsDxe/00000DC8.asm; bios/decompiled/OemGlobalNvsDxe.c
OemOcDxe,0xDD4,ec-io-helpers,type,the `type` column already names this family,bios/decompiled/OemOcDxe.annotated.c; bios/decompiled/OemOcDxe.c
OemDgpuBoardIDDxe,00000DF8,OemDgpuBoardIDDxe,module,The module is the grouping: the export is per-module and the module name is the real structural layer the BIOS has.,bios/ghidra/listings/OemDgpuBoardIDDxe/00000DF8.asm; bios/decompiled/OemDgpuBoardIDDxe.c
OemServiceDxe,00000E2C,ec-io-helpers,type,the `type` column already names this family,bios/ghidra/listings/OemServiceDxe/00000E2C.asm; bios/decompiled/OemServiceDxe.c
OemOcDxe,0xE4C,ec-io-helpers,type,the `type` column already names this family,bios/decompiled/OemOcDxe.annotated.c; bios/decompiled/OemOcDxe.c
OemServiceDxe,00000E90,ec-io-helpers,type,the `type` column already names this family,bios/ghidra/listings/OemServiceDxe/00000E90.asm; bios/decompiled/OemServiceDxe.c
OemGlobalNvsDxe,0xEA0,OemGlobalNvsDxe,module,The module is the grouping: the export is per-module and the module name is the real structural layer the BIOS has.,bios/ghidra/listings/OemGlobalNvsDxe/00000EA0.asm; bios/decompiled/OemGlobalNvsDxe.c
Setup,0x00000EC0,dispatch-tables,type,the `type` column already names this family,bios/ghidra/listings/Setup/00000EC0.asm; bios/decompiled/Setup.c
OemOcDxe,0xED4,ec-io-helpers,type,the `type` column already names this family,bios/decompiled/OemOcDxe.annotated.c; bios/decompiled/OemOcDxe.c
OemOcDxe,0xF38,ec-io-helpers,type,the `type` column already names this family,bios/decompiled/OemOcDxe.annotated.c; bios/decompiled/OemOcDxe.c
OemDgpuBoardIDDxe,00000F50,delay-loops,type,the `type` column already names this family,bios/ghidra/listings/OemDgpuBoardIDDxe/00000F50.asm; bios/decompiled/OemDgpuBoardIDDxe.c
OemServiceDxe,00000F58,ec-io-helpers,type,the `type` column already names this family,bios/ghidra/listings/OemServiceDxe/00000F58.asm; bios/decompiled/OemServiceDxe.c
OemServiceDxe,00000FB8,ec-io-helpers,type,the `type` column already names this family,bios/ghidra/listings/OemServiceDxe/00000FB8.asm; bios/decompiled/OemServiceDxe.c
OemGlobalNvsDxe,0xFE0,OemGlobalNvsDxe,module,The module is the grouping: the export is per-module and the module name is the real structural layer the BIOS has.,bios/ghidra/listings/OemGlobalNvsDxe/00000FE0.asm; bios/decompiled/OemGlobalNvsDxe.c
Setup,0x00000FF4,Setup,module,The module is the grouping: the export is per-module and the module name is the real structural layer the BIOS has.,bios/ghidra/listings/Setup/00000FF4.asm; bios/decompiled/Setup.c
OemACPIDriverSmm,0x1000,OemACPIDriverSmm,module,The module is the grouping: the export is per-module and the module name is the real structural layer the BIOS has.,bios/ghidra/listings/OemACPIDriverSmm/00001000.asm; bios/decompiled/OemACPIDriverSmm.c
OemGlobalNvsSmm,00001000,OemGlobalNvsSmm,module,The module is the grouping: the export is per-module and the module name is the real structural layer the BIOS has.,bios/ghidra/listings/OemGlobalNvsSmm/00001000.asm; bios/decompiled/OemGlobalNvsSmm.c
OemHddHeadParkSmm,00001000,OemHddHeadParkSmm,module,The module is the grouping: the export is per-module and the module name is the real structural layer the BIOS has.,bios/ghidra/listings/OemHddHeadParkSmm/00001000.asm; bios/decompiled/OemHddHeadParkSmm.c
OemHooksSmm,00001000,OemHooksSmm,module,The module is the grouping: the export is per-module and the module name is the real structural layer the BIOS has.,bios/ghidra/listings/OemHooksSmm/00001000.asm; bios/decompiled/OemHooksSmm.c
OemOcDxe,0x1000,OemOcDxe,module,The module is the grouping: the export is per-module and the module name is the real structural layer the BIOS has.,bios/ghidra/listings/OemOcDxe/00001000.asm; bios/decompiled/OemOcDxe.c
OemServiceSmm,0x1000,OemServiceSmm,module,The module is the grouping: the export is per-module and the module name is the real structural layer the BIOS has.,bios/ghidra/listings/OemServiceSmm/00001000.asm; bios/decompiled/OemServiceSmm.c
OverClockSmiHandler,0x00001000,OverClockSmiHandler,module,The module is the grouping: the export is per-module and the module name is the real structural layer the BIOS has.,bios/ghidra/listings/OverClockSmiHandler/00001000.asm; bios/decompiled/OverClockSmiHandler.c
OemGlobalNvsDxe,0x1040,OemGlobalNvsDxe,module,The module is the grouping: the export is per-module and the module name is the real structural layer the BIOS has.,bios/ghidra/listings/OemGlobalNvsDxe/00001040.asm; bios/decompiled/OemGlobalNvsDxe.c
OemServiceDxe,00001054,OemServiceDxe,module,The module is the grouping: the export is per-module and the module name is the real structural layer the BIOS has.,bios/ghidra/listings/OemServiceDxe/00001054.asm; bios/decompiled/OemServiceDxe.c
OemOcDxe,0x106C,delay-loops,type,the `type` column already names this family,bios/ghidra/listings/OemOcDxe/0000106C.asm; bios/decompiled/OemOcDxe.c
OemGlobalNvsDxe,0x1070,delay-loops,type,the `type` column already names this family,bios/ghidra/listings/OemGlobalNvsDxe/00001070.asm; bios/decompiled/OemGlobalNvsDxe.c
OemACPIDriverSmm,0x10D0,OemACPIDriverSmm,module,The module is the grouping: the export is per-module and the module name is the real structural layer the BIOS has.,bios/ghidra/listings/OemACPIDriverSmm/000010D0.asm; bios/decompiled/OemACPIDriverSmm.c
OemGlobalNvsDxe,0x10D0,delay-loops,type,the `type` column already names this family,bios/ghidra/listings/OemGlobalNvsDxe/000010D0.asm; bios/decompiled/OemGlobalNvsDxe.c
OemGlobalNvsSmm,000010D0,OemGlobalNvsSmm,module,The module is the grouping: the export is per-module and the module name is the real structural layer the BIOS has.,bios/ghidra/listings/OemGlobalNvsSmm/000010D0.asm; bios/decompiled/OemGlobalNvsSmm.c
OemHddHeadParkSmm,000010D0,OemHddHeadParkSmm,module,The module is the grouping: the export is per-module and the module name is the real structural layer the BIOS has.,bios/ghidra/listings/OemHddHeadParkSmm/000010D0.asm; bios/decompiled/OemHddHeadParkSmm.c
OemHooksSmm,000010D0,OemHooksSmm,module,The module is the grouping: the export is per-module and the module name is the real structural layer the BIOS has.,bios/ghidra/listings/OemHooksSmm/000010D0.asm; bios/decompiled/OemHooksSmm.c
OemServiceSmm,0x10D0,OemServiceSmm,module,The module is the grouping: the export is per-module and the module name is the real structural layer the BIOS has.,bios/ghidra/listings/OemServiceSmm/000010D0.asm; bios/decompiled/OemServiceSmm.c
OemOcDxe,0x1100,OemOcDxe,module,The module is the grouping: the export is per-module and the module name is the real structural layer the BIOS has.,bios/ghidra/listings/OemOcDxe/00001100.asm; bios/decompiled/OemOcDxe.c
DxeOverClock,0x00001118,DxeOverClock,module,The module is the grouping: the export is per-module and the module name is the real structural layer the BIOS has.,bios/ghidra/listings/DxeOverClock/00001118.asm; bios/decompiled/DxeOverClock.c
OemDgpuBoardIDDxe,00001118,OemDgpuBoardIDDxe,module,The module is the grouping: the export is per-module and the module name is the real structural layer the BIOS has.,bios/ghidra/listings/OemDgpuBoardIDDxe/00001118.asm; bios/decompiled/OemDgpuBoardIDDxe.c
OemServiceDxe,00001120,delay-loops,type,the `type` column already names this family,bios/ghidra/listings/OemServiceDxe/00001120.asm; bios/decompiled/OemServiceDxe.c
OverClockSmiHandler,0x00001130,OverClockSmiHandler,module,The module is the grouping: the export is per-module and the module name is the real structural layer the BIOS has.,bios/ghidra/listings/OverClockSmiHandler/00001130.asm; bios/decompiled/OverClockSmiHandler.c
OemOcDxe,0x1158,OemOcDxe,module,The module is the grouping: the export is per-module and the module name is the real structural layer the BIOS has.,bios/decompiled/OemOcDxe.annotated.c; bios/decompiled/OemOcDxe.c
OemHooksSmm,0000117C,OemHooksSmm,module,The module is the grouping: the export is per-module and the module name is the real structural layer the BIOS has.,bios/ghidra/listings/OemHooksSmm/0000117C.asm; bios/decompiled/OemHooksSmm.c
OemACPIDriverSmm,0x1180,OemACPIDriverSmm,module,The module is the grouping: the export is per-module and the module name is the real structural layer the BIOS has.,bios/ghidra/listings/OemACPIDriverSmm/00001180.asm; bios/decompiled/OemACPIDriverSmm.c
OemGlobalNvsSmm,00001180,OemGlobalNvsSmm,module,The module is the grouping: the export is per-module and the module name is the real structural layer the BIOS has.,bios/ghidra/listings/OemGlobalNvsSmm/00001180.asm; bios/decompiled/OemGlobalNvsSmm.c
OemHddHeadParkSmm,00001180,OemHddHeadParkSmm,module,The module is the grouping: the export is per-module and the module name is the real structural layer the BIOS has.,bios/ghidra/listings/OemHddHeadParkSmm/00001180.asm; bios/decompiled/OemHddHeadParkSmm.c
OemServiceSmm,0x1180,OemServiceSmm,module,The module is the grouping: the export is per-module and the module name is the real structural layer the BIOS has.,bios/ghidra/listings/OemServiceSmm/00001180.asm; bios/decompiled/OemServiceSmm.c
OemDgpuBoardIDDxe,00001184,delay-loops,type,the `type` column already names this family,bios/ghidra/listings/OemDgpuBoardIDDxe/00001184.asm; bios/decompiled/OemDgpuBoardIDDxe.c
OemOcDxe,0x119C,OemOcDxe,module,The module is the grouping: the export is per-module and the module name is the real structural layer the BIOS has.,bios/decompiled/OemOcDxe.annotated.c; bios/decompiled/OemOcDxe.c
OemACPIDriverSmm,0x11C0,delay-loops,type,the `type` column already names this family,bios/ghidra/listings/OemACPIDriverSmm/000011C0.asm; bios/decompiled/OemACPIDriverSmm.c
OemGlobalNvsDxe,0x11C0,OemGlobalNvsDxe,module,The module is the grouping: the export is per-module and the module name is the real structural layer the BIOS has.,bios/ghidra/listings/OemGlobalNvsDxe/000011C0.asm; bios/decompiled/OemGlobalNvsDxe.c
OemGlobalNvsSmm,000011C0,delay-loops,type,the `type` column already names this family,bios/ghidra/listings/OemGlobalNvsSmm/000011C0.asm; bios/decompiled/OemGlobalNvsSmm.c
OemServiceSmm,0x11C0,OemServiceSmm,module,The module is the grouping: the export is per-module and the module name is the real structural layer the BIOS has.,bios/ghidra/listings/OemServiceSmm/000011C0.asm; bios/decompiled/OemServiceSmm.c
OemACPIDriverSmm,0x11D0,OemACPIDriverSmm,module,The module is the grouping: the export is per-module and the module name is the real structural layer the BIOS has.,bios/ghidra/listings/OemACPIDriverSmm/000011D0.asm; bios/decompiled/OemACPIDriverSmm.c
OemGlobalNvsSmm,000011D0,OemGlobalNvsSmm,module,The module is the grouping: the export is per-module and the module name is the real structural layer the BIOS has.,bios/ghidra/listings/OemGlobalNvsSmm/000011D0.asm; bios/decompiled/OemGlobalNvsSmm.c
OemACPIDriverSmm,0x11E0,OemACPIDriverSmm,module,The module is the grouping: the export is per-module and the module name is the real structural layer the BIOS has.,bios/ghidra/listings/OemACPIDriverSmm/000011E0.asm; bios/decompiled/OemACPIDriverSmm.c
OemGlobalNvsSmm,000011E0,OemGlobalNvsSmm,module,The module is the grouping: the export is per-module and the module name is the real structural layer the BIOS has.,bios/ghidra/listings/OemGlobalNvsSmm/000011E0.asm; bios/decompiled/OemGlobalNvsSmm.c
OemServiceSmm,0x11E0,OemServiceSmm,module,The module is the grouping: the export is per-module and the module name is the real structural layer the BIOS has.,bios/ghidra/listings/OemServiceSmm/000011E0.asm; bios/decompiled/OemServiceSmm.c
OemACPIDriverSmm,0x11F0,OemACPIDriverSmm,module,The module is the grouping: the export is per-module and the module name is the real structural layer the BIOS has.,bios/ghidra/listings/OemACPIDriverSmm/000011F0.asm; bios/decompiled/OemACPIDriverSmm.c
OemGlobalNvsSmm,000011F0,OemGlobalNvsSmm,module,The module is the grouping: the export is per-module and the module name is the real structural layer the BIOS has.,bios/ghidra/listings/OemGlobalNvsSmm/000011F0.asm; bios/decompiled/OemGlobalNvsSmm.c
OemACPIDriverSmm,0x1200,OemACPIDriverSmm,module,The module is the grouping: the export is per-module and the module name is the real structural layer the BIOS has.,bios/ghidra/listings/OemACPIDriverSmm/00001200.asm; bios/decompiled/OemACPIDriverSmm.c
OemGlobalNvsSmm,00001200,OemGlobalNvsSmm,module,The module is the grouping: the export is per-module and the module name is the real structural layer the BIOS has.,bios/ghidra/listings/OemGlobalNvsSmm/00001200.asm; bios/decompiled/OemGlobalNvsSmm.c
OemServiceSmm,0x1200,OemServiceSmm,module,The module is the grouping: the export is per-module and the module name is the real structural layer the BIOS has.,bios/ghidra/listings/OemServiceSmm/00001200.asm; bios/decompiled/OemServiceSmm.c
OemACPIDriverSmm,0x1230,OemACPIDriverSmm,module,The module is the grouping: the export is per-module and the module name is the real structural layer the BIOS has.,bios/ghidra/listings/OemACPIDriverSmm/00001230.asm; bios/decompiled/OemACPIDriverSmm.c
OemGlobalNvsSmm,00001230,OemGlobalNvsSmm,module,The module is the grouping: the export is per-module and the module name is the real structural layer the BIOS has.,bios/ghidra/listings/OemGlobalNvsSmm/00001230.asm; bios/decompiled/OemGlobalNvsSmm.c
OemOcDxe,0x123C,OemOcDxe,module,The module is the grouping: the export is per-module and the module name is the real structural layer the BIOS has.,bios/ghidra/listings/OemOcDxe/0000123C.asm; bios/decompiled/OemOcDxe.c
OemHooksSmm,00001240,OemHooksSmm,module,The module is the grouping: the export is per-module and the module name is the real structural layer the BIOS has.,bios/ghidra/listings/OemHooksSmm/00001240.asm; bios/decompiled/OemHooksSmm.c
OverClockSmiHandler,0x00001240,delay-loops,type,the `type` column already names this family,bios/ghidra/listings/OverClockSmiHandler/00001240.asm; bios/decompiled/OverClockSmiHandler.c
OverClockSmiHandler,0x00001250,OverClockSmiHandler,module,The module is the grouping: the export is per-module and the module name is the real structural layer the BIOS has.,bios/ghidra/listings/OverClockSmiHandler/00001250.asm; bios/decompiled/OverClockSmiHandler.c
OemServiceSmm,0x1260,delay-loops,type,the `type` column already names this family,bios/ghidra/listings/OemServiceSmm/00001260.asm; bios/decompiled/OemServiceSmm.c
OverClockSmiHandler,0x00001260,OverClockSmiHandler,module,The module is the grouping: the export is per-module and the module name is the real structural layer the BIOS has.,bios/ghidra/listings/OverClockSmiHandler/00001260.asm; bios/decompiled/OverClockSmiHandler.c
Setup,0x00001268,Setup,module,The module is the grouping: the export is per-module and the module name is the real structural layer the BIOS has.,bios/ghidra/listings/Setup/00001268.asm; bios/decompiled/Setup.c
OemServiceSmm,0x1270,OemServiceSmm,module,The module is the grouping: the export is per-module and the module name is the real structural layer the BIOS has.,bios/ghidra/listings/OemServiceSmm/00001270.asm; bios/decompiled/OemServiceSmm.c
OverClockSmiHandler,0x00001270,OverClockSmiHandler,module,The module is the grouping: the export is per-module and the module name is the real structural layer the BIOS has.,bios/ghidra/listings/OverClockSmiHandler/00001270.asm; bios/decompiled/OverClockSmiHandler.c
OemServiceSmm,0x1280,OemServiceSmm,module,The module is the grouping: the export is per-module and the module name is the real structural layer the BIOS has.,bios/ghidra/listings/OemServiceSmm/00001280.asm; bios/decompiled/OemServiceSmm.c
OverClockSmiHandler,0x00001280,OverClockSmiHandler,module,The module is the grouping: the export is per-module and the module name is the real structural layer the BIOS has.,bios/ghidra/listings/OverClockSmiHandler/00001280.asm; bios/decompiled/OverClockSmiHandler.c
OemServiceSmm,0x1290,OemServiceSmm,module,The module is the grouping: the export is per-module and the module name is the real structural layer the BIOS has.,bios/ghidra/listings/OemServiceSmm/00001290.asm; bios/decompiled/OemServiceSmm.c
OverClockSmiHandler,0x00001290,OverClockSmiHandler,module,The module is the grouping: the export is per-module and the module name is the real structural layer the BIOS has.,bios/ghidra/listings/OverClockSmiHandler/00001290.asm; bios/decompiled/OverClockSmiHandler.c
OemServiceSmm,0x12A0,OemServiceSmm,module,The module is the grouping: the export is per-module and the module name is the real structural layer the BIOS has.,bios/ghidra/listings/OemServiceSmm/000012A0.asm; bios/decompiled/OemServiceSmm.c
OemHddHeadParkSmm,000012C0,OemHddHeadParkSmm,module,The module is the grouping: the export is per-module and the module name is the real structural layer the BIOS has.,bios/ghidra/listings/OemHddHeadParkSmm/000012C0.asm; bios/decompiled/OemHddHeadParkSmm.c
OverClockSmiHandler,0x000012E0,OverClockSmiHandler,module,The module is the grouping: the export is per-module and the module name is the real structural layer the BIOS has.,bios/ghidra/listings/OverClockSmiHandler/000012E0.asm; bios/decompiled/OverClockSmiHandler.c
Setup,0x00001320,Setup,module,The module is the grouping: the export is per-module and the module name is the real structural layer the BIOS has.,bios/ghidra/listings/Setup/00001320.asm; bios/decompiled/Setup.c
OemHddHeadParkSmm,0000139C,OemHddHeadParkSmm,module,The module is the grouping: the export is per-module and the module name is the real structural layer the BIOS has.,bios/ghidra/listings/OemHddHeadParkSmm/0000139C.asm; bios/decompiled/OemHddHeadParkSmm.c
OemHddHeadParkSmm,000013A0,OemHddHeadParkSmm,module,The module is the grouping: the export is per-module and the module name is the real structural layer the BIOS has.,bios/ghidra/listings/OemHddHeadParkSmm/000013A0.asm; bios/decompiled/OemHddHeadParkSmm.c
OverClockSmiHandler,0x000013B0,OverClockSmiHandler,module,The module is the grouping: the export is per-module and the module name is the real structural layer the BIOS has.,bios/ghidra/listings/OverClockSmiHandler/000013B0.asm; bios/decompiled/OverClockSmiHandler.c
OverClockSmiHandler,0x000013E0,OverClockSmiHandler,module,The module is the grouping: the export is per-module and the module name is the real structural layer the BIOS has.,bios/ghidra/listings/OverClockSmiHandler/000013E0.asm; bios/decompiled/OverClockSmiHandler.c
OverClockSmiHandler,0x00001420,OverClockSmiHandler,module,The module is the grouping: the export is per-module and the module name is the real structural layer the BIOS has.,bios/ghidra/listings/OverClockSmiHandler/00001420.asm; bios/decompiled/OverClockSmiHandler.c
OverClockSmiHandler,0x00001480,OverClockSmiHandler,module,The module is the grouping: the export is per-module and the module name is the real structural layer the BIOS has.,bios/ghidra/listings/OverClockSmiHandler/00001480.asm; bios/decompiled/OverClockSmiHandler.c
OemHddHeadParkSmm,000014B0,OemHddHeadParkSmm,module,The module is the grouping: the export is per-module and the module name is the real structural layer the BIOS has.,bios/ghidra/listings/OemHddHeadParkSmm/000014B0.asm; bios/decompiled/OemHddHeadParkSmm.c
OemACPIDriverSmm,0x14DC,OemACPIDriverSmm,module,The module is the grouping: the export is per-module and the module name is the real structural layer the BIOS has.,bios/ghidra/listings/OemACPIDriverSmm/000014DC.asm; bios/decompiled/OemACPIDriverSmm.c
OemGlobalNvsSmm,000014DC,OemGlobalNvsSmm,module,The module is the grouping: the export is per-module and the module name is the real structural layer the BIOS has.,bios/ghidra/listings/OemGlobalNvsSmm/000014DC.asm; bios/decompiled/OemGlobalNvsSmm.c
OemGlobalNvsSmm,000014E0,OemGlobalNvsSmm,module,The module is the grouping: the export is per-module and the module name is the real structural layer the BIOS has.,bios/ghidra/listings/OemGlobalNvsSmm/000014E0.asm; bios/decompiled/OemGlobalNvsSmm.c
OverClockSmiHandler,0x00001520,OverClockSmiHandler,module,The module is the grouping: the export is per-module and the module name is the real structural layer the BIOS has.,bios/ghidra/listings/OverClockSmiHandler/00001520.asm; bios/decompiled/OverClockSmiHandler.c
OemHddHeadParkSmm,0000152C,OemHddHeadParkSmm,module,The module is the grouping: the export is per-module and the module name is the real structural layer the BIOS has.,bios/ghidra/listings/OemHddHeadParkSmm/0000152C.asm; bios/decompiled/OemHddHeadParkSmm.c
OemServiceSmm,0x1530,OemServiceSmm,module,The module is the grouping: the export is per-module and the module name is the real structural layer the BIOS has.,bios/ghidra/listings/OemServiceSmm/00001530.asm; bios/decompiled/OemServiceSmm.c
OemGlobalNvsSmm,00001548,OemGlobalNvsSmm,module,The module is the grouping: the export is per-module and the module name is the real structural layer the BIOS has.,bios/ghidra/listings/OemGlobalNvsSmm/00001548.asm; bios/decompiled/OemGlobalNvsSmm.c
OverClockSmiHandler,0x00001570,OverClockSmiHandler,module,The module is the grouping: the export is per-module and the module name is the real structural layer the BIOS has.,bios/ghidra/listings/OverClockSmiHandler/00001570.asm; bios/decompiled/OverClockSmiHandler.c
OemGlobalNvsSmm,00001578,OemGlobalNvsSmm,module,The module is the grouping: the export is per-module and the module name is the real structural layer the BIOS has.,bios/ghidra/listings/OemGlobalNvsSmm/00001578.asm; bios/decompiled/OemGlobalNvsSmm.c
OemHddHeadParkSmm,0000159C,OemHddHeadParkSmm,module,The module is the grouping: the export is per-module and the module name is the real structural layer the BIOS has.,bios/ghidra/listings/OemHddHeadParkSmm/0000159C.asm; bios/decompiled/OemHddHeadParkSmm.c
OemACPIDriverSmm,0x15AC,OemACPIDriverSmm,module,The module is the grouping: the export is per-module and the module name is the real structural layer the BIOS has.,bios/ghidra/listings/OemACPIDriverSmm/000015AC.asm; bios/decompiled/OemACPIDriverSmm.c
OemACPIDriverSmm,0x15B0,OemACPIDriverSmm,module,The module is the grouping: the export is per-module and the module name is the real structural layer the BIOS has.,bios/ghidra/listings/OemACPIDriverSmm/000015B0.asm; bios/decompiled/OemACPIDriverSmm.c
OemGlobalNvsSmm,000015B4,OemGlobalNvsSmm,module,The module is the grouping: the export is per-module and the module name is the real structural layer the BIOS has.,bios/ghidra/listings/OemGlobalNvsSmm/000015B4.asm; bios/decompiled/OemGlobalNvsSmm.c
OverClockSmiHandler,0x000015C0,OverClockSmiHandler,module,The module is the grouping: the export is per-module and the module name is the real structural layer the BIOS has.,bios/ghidra/listings/OverClockSmiHandler/000015C0.asm; bios/decompiled/OverClockSmiHandler.c
OemServiceSmm,0x15C4,OemServiceSmm,module,The module is the grouping: the export is per-module and the module name is the real structural layer the BIOS has.,bios/ghidra/listings/OemServiceSmm/000015C4.asm; bios/decompiled/OemServiceSmm.c
DxeOverClock,0x000015D0,DxeOverClock,module,The module is the grouping: the export is per-module and the module name is the real structural layer the BIOS has.,bios/ghidra/listings/DxeOverClock/000015D0.asm; bios/decompiled/DxeOverClock.c
OemACPIDriverSmm,0x15D4,OemACPIDriverSmm,module,The module is the grouping: the export is per-module and the module name is the real structural layer the BIOS has.,bios/ghidra/listings/OemACPIDriverSmm/000015D4.asm; bios/decompiled/OemACPIDriverSmm.c
OemHddHeadParkSmm,000015D4,dispatch-tables,type,the `type` column already names this family,bios/ghidra/listings/OemHddHeadParkSmm/000015D4.asm; bios/decompiled/OemHddHeadParkSmm.c
OemACPIDriverSmm,0x1618,OemACPIDriverSmm,module,The module is the grouping: the export is per-module and the module name is the real structural layer the BIOS has.,bios/ghidra/listings/OemACPIDriverSmm/00001618.asm; bios/decompiled/OemACPIDriverSmm.c
OemACPIDriverSmm,0x1648,dispatch-tables,type,the `type` column already names this family,bios/ghidra/listings/OemACPIDriverSmm/00001648.asm; bios/decompiled/OemACPIDriverSmm.c
OemACPIDriverSmm,0x1684,OemACPIDriverSmm,module,The module is the grouping: the export is per-module and the module name is the real structural layer the BIOS has.,bios/ghidra/listings/OemACPIDriverSmm/00001684.asm; bios/decompiled/OemACPIDriverSmm.c
OemServiceSmm,0x16BC,OemServiceSmm,module,The module is the grouping: the export is per-module and the module name is the real structural layer the BIOS has.,bios/ghidra/listings/OemServiceSmm/000016BC.asm; bios/decompiled/OemServiceSmm.c
OemHddHeadParkSmm,00001730,OemHddHeadParkSmm,module,The module is the grouping: the export is per-module and the module name is the real structural layer the BIOS has.,bios/ghidra/listings/OemHddHeadParkSmm/00001730.asm; bios/decompiled/OemHddHeadParkSmm.c
OemServiceSmm,0x1824,OemServiceSmm,module,The module is the grouping: the export is per-module and the module name is the real structural layer the BIOS has.,bios/ghidra/listings/OemServiceSmm/00001824.asm; bios/decompiled/OemServiceSmm.c
OverClockSmiHandler,0x000018B0,OverClockSmiHandler,module,The module is the grouping: the export is per-module and the module name is the real structural layer the BIOS has.,bios/ghidra/listings/OverClockSmiHandler/000018B0.asm; bios/decompiled/OverClockSmiHandler.c
OemServiceSmm,0x19A8,arithmetic,type,the `type` column already names this family,bios/ghidra/listings/OemServiceSmm/000019A8.asm; bios/decompiled/OemServiceSmm.c
OemServiceSmm,0x19FC,OemServiceSmm,module,The module is the grouping: the export is per-module and the module name is the real structural layer the BIOS has.,bios/ghidra/listings/OemServiceSmm/000019FC.asm; bios/decompiled/OemServiceSmm.c
Setup,0x00001B1C,Setup,module,The module is the grouping: the export is per-module and the module name is the real structural layer the BIOS has.,bios/ghidra/listings/Setup/00001B1C.asm; bios/decompiled/Setup.c
OemServiceSmm,0x1C4C,dispatch-tables,type,the `type` column already names this family,bios/ghidra/listings/OemServiceSmm/00001C4C.asm; bios/decompiled/OemServiceSmm.c
OemServiceSmm,0x1CFC,OemServiceSmm,module,The module is the grouping: the export is per-module and the module name is the real structural layer the BIOS has.,bios/ghidra/listings/OemServiceSmm/00001CFC.asm; bios/decompiled/OemServiceSmm.c
DxeOverClock,0x00001E28,DxeOverClock,module,The module is the grouping: the export is per-module and the module name is the real structural layer the BIOS has.,bios/ghidra/listings/DxeOverClock/00001E28.asm; bios/decompiled/DxeOverClock.c
OverclockInterface,0x1E48,OverclockInterface,module,The module is the grouping: the export is per-module and the module name is the real structural layer the BIOS has.,bios/ghidra/listings/OverclockInterface/00001E48.asm; bios/decompiled/OverclockInterface.c
DxeOverClock,0x00001E94,DxeOverClock,module,The module is the grouping: the export is per-module and the module name is the real structural layer the BIOS has.,bios/ghidra/listings/DxeOverClock/00001E94.asm; bios/decompiled/DxeOverClock.c
DxeOverClock,0x00001EE4,delay-loops,type,the `type` column already names this family,bios/ghidra/listings/DxeOverClock/00001EE4.asm; bios/decompiled/DxeOverClock.c
OemServiceSmm,0x1F08,OemServiceSmm,module,The module is the grouping: the export is per-module and the module name is the real structural layer the BIOS has.,bios/ghidra/listings/OemServiceSmm/00001F08.asm; bios/decompiled/OemServiceSmm.c
OverclockInterface,0x1F1C,OverclockInterface,module,The module is the grouping: the export is per-module and the module name is the real structural layer the BIOS has.,bios/ghidra/listings/OverclockInterface/00001F1C.asm; bios/decompiled/OverclockInterface.c
DxeOverClock,0x00001F44,delay-loops,type,the `type` column already names this family,bios/ghidra/listings/DxeOverClock/00001F44.asm; bios/decompiled/DxeOverClock.c
DxeOverClock,0x00001F78,DxeOverClock,module,The module is the grouping: the export is per-module and the module name is the real structural layer the BIOS has.,bios/ghidra/listings/DxeOverClock/00001F78.asm; bios/decompiled/DxeOverClock.c
OemServiceSmm,0x2028,OemServiceSmm,module,The module is the grouping: the export is per-module and the module name is the real structural layer the BIOS has.,bios/ghidra/listings/OemServiceSmm/00002028.asm; bios/decompiled/OemServiceSmm.c
DxeOverClock,0x00002060,DxeOverClock,module,The module is the grouping: the export is per-module and the module name is the real structural layer the BIOS has.,bios/ghidra/listings/DxeOverClock/00002060.asm; bios/decompiled/DxeOverClock.c
DxeOverClock,0x000021B8,DxeOverClock,module,The module is the grouping: the export is per-module and the module name is the real structural layer the BIOS has.,bios/ghidra/listings/DxeOverClock/000021B8.asm; bios/decompiled/DxeOverClock.c
OemServiceSmm,0x225C,OemServiceSmm,module,The module is the grouping: the export is per-module and the module name is the real structural layer the BIOS has.,bios/ghidra/listings/OemServiceSmm/0000225C.asm; bios/decompiled/OemServiceSmm.c
OemServiceSmm,0x22C4,OemServiceSmm,module,The module is the grouping: the export is per-module and the module name is the real structural layer the BIOS has.,bios/ghidra/listings/OemServiceSmm/000022C4.asm; bios/decompiled/OemServiceSmm.c
DxeOverClock,0x00002370,DxeOverClock,module,The module is the grouping: the export is per-module and the module name is the real structural layer the BIOS has.,bios/ghidra/listings/DxeOverClock/00002370.asm; bios/decompiled/DxeOverClock.c
DxeOverClock,0x00002484,DxeOverClock,module,The module is the grouping: the export is per-module and the module name is the real structural layer the BIOS has.,bios/ghidra/listings/DxeOverClock/00002484.asm; bios/decompiled/DxeOverClock.c
OemServiceSmm,0x24F0,OemServiceSmm,module,The module is the grouping: the export is per-module and the module name is the real structural layer the BIOS has.,bios/ghidra/listings/OemServiceSmm/000024F0.asm; bios/decompiled/OemServiceSmm.c
OemServiceSmm,0x2648,OemServiceSmm,module,The module is the grouping: the export is per-module and the module name is the real structural layer the BIOS has.,bios/ghidra/listings/OemServiceSmm/00002648.asm; bios/decompiled/OemServiceSmm.c
Setup,0x00002678,Setup,module,The module is the grouping: the export is per-module and the module name is the real structural layer the BIOS has.,bios/ghidra/listings/Setup/00002678.asm; bios/decompiled/Setup.c
OemServiceSmm,00002804,OemServiceSmm,module,The module is the grouping: the export is per-module and the module name is the real structural layer the BIOS has.,bios/ghidra/listings/OemServiceSmm/00002804.asm; bios/decompiled/OemServiceSmm.c
OemServiceSmm,000028AC,OemServiceSmm,module,The module is the grouping: the export is per-module and the module name is the real structural layer the BIOS has.,bios/ghidra/listings/OemServiceSmm/000028AC.asm; bios/decompiled/OemServiceSmm.c
OemServiceSmm,000029CC,OemServiceSmm,module,The module is the grouping: the export is per-module and the module name is the real structural layer the BIOS has.,bios/ghidra/listings/OemServiceSmm/000029CC.asm; bios/decompiled/OemServiceSmm.c
OemServiceSmm,00002AC4,OemServiceSmm,module,The module is the grouping: the export is per-module and the module name is the real structural layer the BIOS has.,bios/ghidra/listings/OemServiceSmm/00002AC4.asm; bios/decompiled/OemServiceSmm.c
OemServiceSmm,00002D5C,OemServiceSmm,module,The module is the grouping: the export is per-module and the module name is the real structural layer the BIOS has.,bios/ghidra/listings/OemServiceSmm/00002D5C.asm; bios/decompiled/OemServiceSmm.c
Setup,0x00002E20,Setup,module,The module is the grouping: the export is per-module and the module name is the real structural layer the BIOS has.,bios/ghidra/listings/Setup/00002E20.asm; bios/decompiled/Setup.c
OemServiceSmm,00002ED4,OemServiceSmm,module,The module is the grouping: the export is per-module and the module name is the real structural layer the BIOS has.,bios/ghidra/listings/OemServiceSmm/00002ED4.asm; bios/decompiled/OemServiceSmm.c
Setup,0x00003020,Setup,module,The module is the grouping: the export is per-module and the module name is the real structural layer the BIOS has.,bios/ghidra/listings/Setup/00003020.asm; bios/decompiled/Setup.c
OemServiceSmm,0000304C,OemServiceSmm,module,The module is the grouping: the export is per-module and the module name is the real structural layer the BIOS has.,bios/ghidra/listings/OemServiceSmm/0000304C.asm; bios/decompiled/OemServiceSmm.c
Setup,0x00003230,Setup,module,The module is the grouping: the export is per-module and the module name is the real structural layer the BIOS has.,bios/ghidra/listings/Setup/00003230.asm; bios/decompiled/Setup.c
OemServiceSmm,00003288,dispatch-tables,type,the `type` column already names this family,bios/ghidra/listings/OemServiceSmm/00003288.asm; bios/decompiled/OemServiceSmm.c
Setup,0x00003458,Setup,module,The module is the grouping: the export is per-module and the module name is the real structural layer the BIOS has.,bios/ghidra/listings/Setup/00003458.asm; bios/decompiled/Setup.c
OemServiceSmm,0000350C,OemServiceSmm,module,The module is the grouping: the export is per-module and the module name is the real structural layer the BIOS has.,bios/ghidra/listings/OemServiceSmm/0000350C.asm; bios/decompiled/OemServiceSmm.c
OemServiceSmm,00003564,dispatch-tables,type,the `type` column already names this family,bios/ghidra/listings/OemServiceSmm/00003564.asm; bios/decompiled/OemServiceSmm.c
OemServiceSmm,000035D4,OemServiceSmm,module,The module is the grouping: the export is per-module and the module name is the real structural layer the BIOS has.,bios/ghidra/listings/OemServiceSmm/000035D4.asm; bios/decompiled/OemServiceSmm.c
Setup,0x00003648,Setup,module,The module is the grouping: the export is per-module and the module name is the real structural layer the BIOS has.,bios/ghidra/listings/Setup/00003648.asm; bios/decompiled/Setup.c
OemServiceSmm,0000377C,OemServiceSmm,module,The module is the grouping: the export is per-module and the module name is the real structural layer the BIOS has.,bios/ghidra/listings/OemServiceSmm/0000377C.asm; bios/decompiled/OemServiceSmm.c
Setup,0x00003868,Setup,module,The module is the grouping: the export is per-module and the module name is the real structural layer the BIOS has.,bios/ghidra/listings/Setup/00003868.asm; bios/decompiled/Setup.c
OemServiceSmm,00003A08,OemServiceSmm,module,The module is the grouping: the export is per-module and the module name is the real structural layer the BIOS has.,bios/ghidra/listings/OemServiceSmm/00003A08.asm; bios/decompiled/OemServiceSmm.c
OemServiceSmm,00003A60,dispatch-tables,type,the `type` column already names this family,bios/ghidra/listings/OemServiceSmm/00003A60.asm; bios/decompiled/OemServiceSmm.c
OemServiceSmm,00003AD8,OemServiceSmm,module,The module is the grouping: the export is per-module and the module name is the real structural layer the BIOS has.,bios/ghidra/listings/OemServiceSmm/00003AD8.asm; bios/decompiled/OemServiceSmm.c
OemServiceSmm,00003B7C,OemServiceSmm,module,The module is the grouping: the export is per-module and the module name is the real structural layer the BIOS has.,bios/ghidra/listings/OemServiceSmm/00003B7C.asm; bios/decompiled/OemServiceSmm.c
OemServiceSmm,00003C28,OemServiceSmm,module,The module is the grouping: the export is per-module and the module name is the real structural layer the BIOS has.,bios/ghidra/listings/OemServiceSmm/00003C28.asm; bios/decompiled/OemServiceSmm.c
OemServiceSmm,00003E24,OemServiceSmm,module,The module is the grouping: the export is per-module and the module name is the real structural layer the BIOS has.,bios/ghidra/listings/OemServiceSmm/00003E24.asm; bios/decompiled/OemServiceSmm.c
OemServiceSmm,00003E74,OemServiceSmm,module,The module is the grouping: the export is per-module and the module name is the real structural layer the BIOS has.,bios/ghidra/listings/OemServiceSmm/00003E74.asm; bios/decompiled/OemServiceSmm.c
OemServiceSmm,000040B8,OemServiceSmm,module,The module is the grouping: the export is per-module and the module name is the real structural layer the BIOS has.,bios/ghidra/listings/OemServiceSmm/000040B8.asm; bios/decompiled/OemServiceSmm.c
OemServiceSmm,000044EC,OemServiceSmm,module,The module is the grouping: the export is per-module and the module name is the real structural layer the BIOS has.,bios/ghidra/listings/OemServiceSmm/000044EC.asm; bios/decompiled/OemServiceSmm.c
OemServiceSmm,00004580,dispatch-tables,type,the `type` column already names this family,bios/ghidra/listings/OemServiceSmm/00004580.asm; bios/decompiled/OemServiceSmm.c
OemServiceSmm,00004614,OemServiceSmm,module,The module is the grouping: the export is per-module and the module name is the real structural layer the BIOS has.,bios/ghidra/listings/OemServiceSmm/00004614.asm; bios/decompiled/OemServiceSmm.c
Setup,0x00004618,Setup,module,The module is the grouping: the export is per-module and the module name is the real structural layer the BIOS has.,bios/ghidra/listings/Setup/00004618.asm; bios/decompiled/Setup.c
Setup,0x00004664,Setup,module,The module is the grouping: the export is per-module and the module name is the real structural layer the BIOS has.,bios/ghidra/listings/Setup/00004664.asm; bios/decompiled/Setup.c
OemServiceSmm,000046A4,OemServiceSmm,module,The module is the grouping: the export is per-module and the module name is the real structural layer the BIOS has.,bios/ghidra/listings/OemServiceSmm/000046A4.asm; bios/decompiled/OemServiceSmm.c
OemServiceSmm,0000545C,OemServiceSmm,module,The module is the grouping: the export is per-module and the module name is the real structural layer the BIOS has.,bios/ghidra/listings/OemServiceSmm/0000545C.asm; bios/decompiled/OemServiceSmm.c
OverClockSmiHandler,0x00005530,OverClockSmiHandler,module,The module is the grouping: the export is per-module and the module name is the real structural layer the BIOS has.,bios/ghidra/listings/OverClockSmiHandler/00005530.asm; bios/decompiled/OverClockSmiHandler.c
OverClockSmiHandler,0x000055E0,OverClockSmiHandler,module,The module is the grouping: the export is per-module and the module name is the real structural layer the BIOS has.,bios/ghidra/listings/OverClockSmiHandler/000055E0.asm; bios/decompiled/OverClockSmiHandler.c
OverClockSmiHandler,0x00005684,OverClockSmiHandler,module,The module is the grouping: the export is per-module and the module name is the real structural layer the BIOS has.,bios/ghidra/listings/OverClockSmiHandler/00005684.asm; bios/decompiled/OverClockSmiHandler.c
Setup,0x0000568C,Setup,module,The module is the grouping: the export is per-module and the module name is the real structural layer the BIOS has.,bios/ghidra/listings/Setup/0000568C.asm; bios/decompiled/Setup.c
OverClockSmiHandler,0x0000569C,OverClockSmiHandler,module,The module is the grouping: the export is per-module and the module name is the real structural layer the BIOS has.,bios/ghidra/listings/OverClockSmiHandler/0000569C.asm; bios/decompiled/OverClockSmiHandler.c
OverClockSmiHandler,0x000056AC,OverClockSmiHandler,module,The module is the grouping: the export is per-module and the module name is the real structural layer the BIOS has.,bios/ghidra/listings/OverClockSmiHandler/000056AC.asm; bios/decompiled/OverClockSmiHandler.c
OemServiceSmm,0x5718,OemServiceSmm,module,The module is the grouping: the export is per-module and the module name is the real structural layer the BIOS has.,bios/ghidra/listings/OemServiceSmm/00005718.asm; bios/decompiled/OemServiceSmm.c
OverClockSmiHandler,0x00005720,OverClockSmiHandler,module,The module is the grouping: the export is per-module and the module name is the real structural layer the BIOS has.,bios/ghidra/listings/OverClockSmiHandler/00005720.asm; bios/decompiled/OverClockSmiHandler.c
OverClockSmiHandler,0x00005754,OverClockSmiHandler,module,The module is the grouping: the export is per-module and the module name is the real structural layer the BIOS has.,bios/ghidra/listings/OverClockSmiHandler/00005754.asm; bios/decompiled/OverClockSmiHandler.c
Setup,0x00005784,Setup,module,The module is the grouping: the export is per-module and the module name is the real structural layer the BIOS has.,bios/ghidra/listings/Setup/00005784.asm; bios/decompiled/Setup.c
OverClockSmiHandler,0x00005788,OverClockSmiHandler,module,The module is the grouping: the export is per-module and the module name is the real structural layer the BIOS has.,bios/ghidra/listings/OverClockSmiHandler/00005788.asm; bios/decompiled/OverClockSmiHandler.c
OverClockSmiHandler,0x00005790,OverClockSmiHandler,module,The module is the grouping: the export is per-module and the module name is the real structural layer the BIOS has.,bios/ghidra/listings/OverClockSmiHandler/00005790.asm; bios/decompiled/OverClockSmiHandler.c
OverClockSmiHandler,0x0000579C,OverClockSmiHandler,module,The module is the grouping: the export is per-module and the module name is the real structural layer the BIOS has.,bios/ghidra/listings/OverClockSmiHandler/0000579C.asm; bios/decompiled/OverClockSmiHandler.c
OverClockSmiHandler,0x000057A0,OverClockSmiHandler,module,The module is the grouping: the export is per-module and the module name is the real structural layer the BIOS has.,bios/ghidra/listings/OverClockSmiHandler/000057A0.asm; bios/decompiled/OverClockSmiHandler.c
OverClockSmiHandler,0x00005820,OverClockSmiHandler,module,The module is the grouping: the export is per-module and the module name is the real structural layer the BIOS has.,bios/ghidra/listings/OverClockSmiHandler/00005820.asm; bios/decompiled/OverClockSmiHandler.c
OverClockSmiHandler,0x00005830,OverClockSmiHandler,module,The module is the grouping: the export is per-module and the module name is the real structural layer the BIOS has.,bios/ghidra/listings/OverClockSmiHandler/00005830.asm; bios/decompiled/OverClockSmiHandler.c
OemServiceSmm,0x5834,dispatch-tables,type,the `type` column already names this family,bios/ghidra/listings/OemServiceSmm/00005834.asm; bios/decompiled/OemServiceSmm.c
OverClockSmiHandler,0x00005874,OverClockSmiHandler,module,The module is the grouping: the export is per-module and the module name is the real structural layer the BIOS has.,bios/ghidra/listings/OverClockSmiHandler/00005874.asm; bios/decompiled/OverClockSmiHandler.c
OverClockSmiHandler,0x000058A4,dispatch-tables,type,the `type` column already names this family,bios/ghidra/listings/OverClockSmiHandler/000058A4.asm; bios/decompiled/OverClockSmiHandler.c
OverClockSmiHandler,0x000058E4,OverClockSmiHandler,module,The module is the grouping: the export is per-module and the module name is the real structural layer the BIOS has.,bios/ghidra/listings/OverClockSmiHandler/000058E4.asm; bios/decompiled/OverClockSmiHandler.c
OverClockSmiHandler,0x00005950,OverClockSmiHandler,module,The module is the grouping: the export is per-module and the module name is the real structural layer the BIOS has.,bios/ghidra/listings/OverClockSmiHandler/00005950.asm; bios/decompiled/OverClockSmiHandler.c
OverClockSmiHandler,0x00005A2C,OverClockSmiHandler,module,The module is the grouping: the export is per-module and the module name is the real structural layer the BIOS has.,bios/ghidra/listings/OverClockSmiHandler/00005A2C.asm; bios/decompiled/OverClockSmiHandler.c
OverClockSmiHandler,0x00005A48,OverClockSmiHandler,module,The module is the grouping: the export is per-module and the module name is the real structural layer the BIOS has.,bios/ghidra/listings/OverClockSmiHandler/00005A48.asm; bios/decompiled/OverClockSmiHandler.c
OemServiceSmm,0x5B30,OemServiceSmm,module,The module is the grouping: the export is per-module and the module name is the real structural layer the BIOS has.,bios/ghidra/listings/OemServiceSmm/00005B30.asm; bios/decompiled/OemServiceSmm.c
OemServiceSmm,0x5BD8,OemServiceSmm,module,The module is the grouping: the export is per-module and the module name is the real structural layer the BIOS has.,bios/ghidra/listings/OemServiceSmm/00005BD8.asm; bios/decompiled/OemServiceSmm.c
OemServiceSmm,0x5C20,OemServiceSmm,module,The module is the grouping: the export is per-module and the module name is the real structural layer the BIOS has.,bios/ghidra/listings/OemServiceSmm/00005C20.asm; bios/decompiled/OemServiceSmm.c
OemServiceSmm,0x5DF4,OemServiceSmm,module,The module is the grouping: the export is per-module and the module name is the real structural layer the BIOS has.,bios/ghidra/listings/OemServiceSmm/00005DF4.asm; bios/decompiled/OemServiceSmm.c
OemServiceSmm,0x5E5C,OemServiceSmm,module,The module is the grouping: the export is per-module and the module name is the real structural layer the BIOS has.,bios/ghidra/listings/OemServiceSmm/00005E5C.asm; bios/decompiled/OemServiceSmm.c
OemServiceSmm,0x5ED0,OemServiceSmm,module,The module is the grouping: the export is per-module and the module name is the real structural layer the BIOS has.,bios/ghidra/listings/OemServiceSmm/00005ED0.asm; bios/decompiled/OemServiceSmm.c
Setup,0x00005EE4,Setup,module,The module is the grouping: the export is per-module and the module name is the real structural layer the BIOS has.,bios/ghidra/listings/Setup/00005EE4.asm; bios/decompiled/Setup.c
Setup,0x00005F1C,Setup,module,The module is the grouping: the export is per-module and the module name is the real structural layer the BIOS has.,bios/ghidra/listings/Setup/00005F1C.asm; bios/decompiled/Setup.c
OemServiceSmm,0x5F58,OemServiceSmm,module,The module is the grouping: the export is per-module and the module name is the real structural layer the BIOS has.,bios/ghidra/listings/OemServiceSmm/00005F58.asm; bios/decompiled/OemServiceSmm.c
Setup,0x00005FA4,Setup,module,The module is the grouping: the export is per-module and the module name is the real structural layer the BIOS has.,bios/ghidra/listings/Setup/00005FA4.asm; bios/decompiled/Setup.c
Setup,0x00005FF4,Setup,module,The module is the grouping: the export is per-module and the module name is the real structural layer the BIOS has.,bios/ghidra/listings/Setup/00005FF4.asm; bios/decompiled/Setup.c
Setup,0x0000619C,Setup,module,The module is the grouping: the export is per-module and the module name is the real structural layer the BIOS has.,bios/ghidra/listings/Setup/0000619C.asm; bios/decompiled/Setup.c
Setup,0x00006200,Setup,module,The module is the grouping: the export is per-module and the module name is the real structural layer the BIOS has.,bios/ghidra/listings/Setup/00006200.asm; bios/decompiled/Setup.c
OemServiceSmm,0x6264,dispatch-tables,type,the `type` column already names this family,bios/ghidra/listings/OemServiceSmm/00006264.asm; bios/decompiled/OemServiceSmm.c
Setup,0x00006518,Setup,module,The module is the grouping: the export is per-module and the module name is the real structural layer the BIOS has.,bios/ghidra/listings/Setup/00006518.asm; bios/decompiled/Setup.c
OemServiceSmm,0x66D0,OemServiceSmm,module,The module is the grouping: the export is per-module and the module name is the real structural layer the BIOS has.,bios/ghidra/listings/OemServiceSmm/000066D0.asm; bios/decompiled/OemServiceSmm.c
OemServiceSmm,0x6774,OemServiceSmm,module,The module is the grouping: the export is per-module and the module name is the real structural layer the BIOS has.,bios/ghidra/listings/OemServiceSmm/00006774.asm; bios/decompiled/OemServiceSmm.c
OemServiceSmm,0x6820,OemServiceSmm,module,The module is the grouping: the export is per-module and the module name is the real structural layer the BIOS has.,bios/ghidra/listings/OemServiceSmm/00006820.asm; bios/decompiled/OemServiceSmm.c
OemServiceSmm,0x6A1C,OemServiceSmm,module,The module is the grouping: the export is per-module and the module name is the real structural layer the BIOS has.,bios/ghidra/listings/OemServiceSmm/00006A1C.asm; bios/decompiled/OemServiceSmm.c
OemServiceSmm,0x6AB8,OemServiceSmm,module,The module is the grouping: the export is per-module and the module name is the real structural layer the BIOS has.,bios/ghidra/listings/OemServiceSmm/00006AB8.asm; bios/decompiled/OemServiceSmm.c
OemServiceSmm,0x6B9C,OemServiceSmm,module,The module is the grouping: the export is per-module and the module name is the real structural layer the BIOS has.,bios/ghidra/listings/OemServiceSmm/00006B9C.asm; bios/decompiled/OemServiceSmm.c
Setup,0x00006BC0,Setup,module,The module is the grouping: the export is per-module and the module name is the real structural layer the BIOS has.,bios/ghidra/listings/Setup/00006BC0.asm; bios/decompiled/Setup.c
OemServiceSmm,0x6C84,OemServiceSmm,module,The module is the grouping: the export is per-module and the module name is the real structural layer the BIOS has.,bios/ghidra/listings/OemServiceSmm/00006C84.asm; bios/decompiled/OemServiceSmm.c
Setup,0x00006D10,Setup,module,The module is the grouping: the export is per-module and the module name is the real structural layer the BIOS has.,bios/ghidra/listings/Setup/00006D10.asm; bios/decompiled/Setup.c
Setup,0x00006E00,Setup,module,The module is the grouping: the export is per-module and the module name is the real structural layer the BIOS has.,bios/ghidra/listings/Setup/00006E00.asm; bios/decompiled/Setup.c
OemServiceSmm,0x6E50,OemServiceSmm,module,The module is the grouping: the export is per-module and the module name is the real structural layer the BIOS has.,bios/ghidra/listings/OemServiceSmm/00006E50.asm; bios/decompiled/OemServiceSmm.c
OemServiceSmm,0x6F90,OemServiceSmm,module,The module is the grouping: the export is per-module and the module name is the real structural layer the BIOS has.,bios/ghidra/listings/OemServiceSmm/00006F90.asm; bios/decompiled/OemServiceSmm.c
Setup,0x00006FB4,Setup,module,The module is the grouping: the export is per-module and the module name is the real structural layer the BIOS has.,bios/ghidra/listings/Setup/00006FB4.asm; bios/decompiled/Setup.c
Setup,0x000070F8,Setup,module,The module is the grouping: the export is per-module and the module name is the real structural layer the BIOS has.,bios/ghidra/listings/Setup/000070F8.asm; bios/decompiled/Setup.c
OemServiceSmm,0x7160,OemServiceSmm,module,The module is the grouping: the export is per-module and the module name is the real structural layer the BIOS has.,bios/ghidra/listings/OemServiceSmm/00007160.asm; bios/decompiled/OemServiceSmm.c
Setup,0x00007230,Setup,module,The module is the grouping: the export is per-module and the module name is the real structural layer the BIOS has.,bios/ghidra/listings/Setup/00007230.asm; bios/decompiled/Setup.c
OemServiceSmm,0x72F0,OemServiceSmm,module,The module is the grouping: the export is per-module and the module name is the real structural layer the BIOS has.,bios/ghidra/listings/OemServiceSmm/000072F0.asm; bios/decompiled/OemServiceSmm.c
Setup,0x000072FC,Setup,module,The module is the grouping: the export is per-module and the module name is the real structural layer the BIOS has.,bios/ghidra/listings/Setup/000072FC.asm; bios/decompiled/Setup.c
Setup,0x000073B0,Setup,module,The module is the grouping: the export is per-module and the module name is the real structural layer the BIOS has.,bios/ghidra/listings/Setup/000073B0.asm; bios/decompiled/Setup.c
Setup,0x000074CC,Setup,module,The module is the grouping: the export is per-module and the module name is the real structural layer the BIOS has.,bios/ghidra/listings/Setup/000074CC.asm; bios/decompiled/Setup.c
OemServiceSmm,0x7594,OemServiceSmm,module,The module is the grouping: the export is per-module and the module name is the real structural layer the BIOS has.,bios/ghidra/listings/OemServiceSmm/00007594.asm; bios/decompiled/OemServiceSmm.c
OemServiceSmm,0x7638,OemServiceSmm,module,The module is the grouping: the export is per-module and the module name is the real structural layer the BIOS has.,bios/ghidra/listings/OemServiceSmm/00007638.asm; bios/decompiled/OemServiceSmm.c
OemServiceSmm,0x76E4,OemServiceSmm,module,The module is the grouping: the export is per-module and the module name is the real structural layer the BIOS has.,bios/ghidra/listings/OemServiceSmm/000076E4.asm; bios/decompiled/OemServiceSmm.c
OemServiceSmm,0x78E0,OemServiceSmm,module,The module is the grouping: the export is per-module and the module name is the real structural layer the BIOS has.,bios/ghidra/listings/OemServiceSmm/000078E0.asm; bios/decompiled/OemServiceSmm.c
Setup,0x00007918,Setup,module,The module is the grouping: the export is per-module and the module name is the real structural layer the BIOS has.,bios/ghidra/listings/Setup/00007918.asm; bios/decompiled/Setup.c
OemServiceSmm,0x791C,OemServiceSmm,module,The module is the grouping: the export is per-module and the module name is the real structural layer the BIOS has.,bios/ghidra/listings/OemServiceSmm/0000791C.asm; bios/decompiled/OemServiceSmm.c
OemServiceSmm,0x7964,OemServiceSmm,module,The module is the grouping: the export is per-module and the module name is the real structural layer the BIOS has.,bios/ghidra/listings/OemServiceSmm/00007964.asm; bios/decompiled/OemServiceSmm.c
OemServiceSmm,0x7B1C,OemServiceSmm,module,The module is the grouping: the export is per-module and the module name is the real structural layer the BIOS has.,bios/ghidra/listings/OemServiceSmm/00007B1C.asm; bios/decompiled/OemServiceSmm.c
OemServiceSmm,0x7BC0,OemServiceSmm,module,The module is the grouping: the export is per-module and the module name is the real structural layer the BIOS has.,bios/ghidra/listings/OemServiceSmm/00007BC0.asm; bios/decompiled/OemServiceSmm.c
Setup,0x00007C50,ec-io-helpers,type,the `type` column already names this family,bios/ghidra/listings/Setup/00007C50.asm; bios/decompiled/Setup.c; ec/annotations/registers.yaml
OemServiceSmm,0x7C6C,OemServiceSmm,module,The module is the grouping: the export is per-module and the module name is the real structural layer the BIOS has.,bios/ghidra/listings/OemServiceSmm/00007C6C.asm; bios/decompiled/OemServiceSmm.c
OemServiceSmm,0x7E68,OemServiceSmm,module,The module is the grouping: the export is per-module and the module name is the real structural layer the BIOS has.,bios/ghidra/listings/OemServiceSmm/00007E68.asm; bios/decompiled/OemServiceSmm.c
OemServiceSmm,0x7E98,OemServiceSmm,module,The module is the grouping: the export is per-module and the module name is the real structural layer the BIOS has.,bios/ghidra/listings/OemServiceSmm/00007E98.asm; bios/decompiled/OemServiceSmm.c
OemServiceSmm,0x7ECC,OemServiceSmm,module,The module is the grouping: the export is per-module and the module name is the real structural layer the BIOS has.,bios/ghidra/listings/OemServiceSmm/00007ECC.asm; bios/decompiled/OemServiceSmm.c
OemServiceSmm,0x7ED0,OemServiceSmm,module,The module is the grouping: the export is per-module and the module name is the real structural layer the BIOS has.,bios/ghidra/listings/OemServiceSmm/00007ED0.asm; bios/decompiled/OemServiceSmm.c
Setup,0x00007ED4,Setup,module,The module is the grouping: the export is per-module and the module name is the real structural layer the BIOS has.,bios/ghidra/listings/Setup/00007ED4.asm; bios/decompiled/Setup.c
OemServiceSmm,0x7EF4,OemServiceSmm,module,The module is the grouping: the export is per-module and the module name is the real structural layer the BIOS has.,bios/ghidra/listings/OemServiceSmm/00007EF4.asm; bios/decompiled/OemServiceSmm.c
OemServiceSmm,0x7F98,OemServiceSmm,module,The module is the grouping: the export is per-module and the module name is the real structural layer the BIOS has.,bios/ghidra/listings/OemServiceSmm/00007F98.asm; bios/decompiled/OemServiceSmm.c
OemServiceSmm,0x8068,OemServiceSmm,module,The module is the grouping: the export is per-module and the module name is the real structural layer the BIOS has.,bios/ghidra/listings/OemServiceSmm/00008068.asm; bios/decompiled/OemServiceSmm.c
OemServiceSmm,0x80E0,OemServiceSmm,module,The module is the grouping: the export is per-module and the module name is the real structural layer the BIOS has.,bios/ghidra/listings/OemServiceSmm/000080E0.asm; bios/decompiled/OemServiceSmm.c
OemServiceSmm,0x8168,OemServiceSmm,module,The module is the grouping: the export is per-module and the module name is the real structural layer the BIOS has.,bios/ghidra/listings/OemServiceSmm/00008168.asm; bios/decompiled/OemServiceSmm.c
OemServiceSmm,0x8294,OemServiceSmm,module,The module is the grouping: the export is per-module and the module name is the real structural layer the BIOS has.,bios/ghidra/listings/OemServiceSmm/00008294.asm; bios/decompiled/OemServiceSmm.c
OemServiceSmm,0x82F4,OemServiceSmm,module,The module is the grouping: the export is per-module and the module name is the real structural layer the BIOS has.,bios/ghidra/listings/OemServiceSmm/000082F4.asm; bios/decompiled/OemServiceSmm.c
OemServiceSmm,0x8390,OemServiceSmm,module,The module is the grouping: the export is per-module and the module name is the real structural layer the BIOS has.,bios/ghidra/listings/OemServiceSmm/00008390.asm; bios/decompiled/OemServiceSmm.c
OemServiceSmm,0x8418,OemServiceSmm,module,The module is the grouping: the export is per-module and the module name is the real structural layer the BIOS has.,bios/ghidra/listings/OemServiceSmm/00008418.asm; bios/decompiled/OemServiceSmm.c
Setup,0x000084E8,Setup,module,The module is the grouping: the export is per-module and the module name is the real structural layer the BIOS has.,bios/ghidra/listings/Setup/000084E8.asm; bios/decompiled/Setup.c
OemServiceSmm,0x84FC,OemServiceSmm,module,The module is the grouping: the export is per-module and the module name is the real structural layer the BIOS has.,bios/ghidra/listings/OemServiceSmm/000084FC.asm; bios/decompiled/OemServiceSmm.c
OemServiceSmm,0x8548,OemServiceSmm,module,The module is the grouping: the export is per-module and the module name is the real structural layer the BIOS has.,bios/ghidra/listings/OemServiceSmm/00008548.asm; bios/decompiled/OemServiceSmm.c
OemServiceSmm,0x85BC,OemServiceSmm,module,The module is the grouping: the export is per-module and the module name is the real structural layer the BIOS has.,bios/ghidra/listings/OemServiceSmm/000085BC.asm; bios/decompiled/OemServiceSmm.c
OemServiceSmm,0x8690,OemServiceSmm,module,The module is the grouping: the export is per-module and the module name is the real structural layer the BIOS has.,bios/ghidra/listings/OemServiceSmm/00008690.asm; bios/decompiled/OemServiceSmm.c
OemServiceSmm,0x8758,OemServiceSmm,module,The module is the grouping: the export is per-module and the module name is the real structural layer the BIOS has.,bios/ghidra/listings/OemServiceSmm/00008758.asm; bios/decompiled/OemServiceSmm.c
Setup,0x00008850,Setup,module,The module is the grouping: the export is per-module and the module name is the real structural layer the BIOS has.,bios/ghidra/listings/Setup/00008850.asm; bios/decompiled/Setup.c
Setup,0x00008AD0,Setup,module,The module is the grouping: the export is per-module and the module name is the real structural layer the BIOS has.,bios/ghidra/listings/Setup/00008AD0.asm; bios/decompiled/Setup.c
OemServiceSmm,0x8B40,OemServiceSmm,module,The module is the grouping: the export is per-module and the module name is the real structural layer the BIOS has.,bios/ghidra/listings/OemServiceSmm/00008B40.asm; bios/decompiled/OemServiceSmm.c
OemServiceSmm,0x8B60,OemServiceSmm,module,The module is the grouping: the export is per-module and the module name is the real structural layer the BIOS has.,bios/ghidra/listings/OemServiceSmm/00008B60.asm; bios/decompiled/OemServiceSmm.c
OemServiceSmm,0x8BDC,OemServiceSmm,module,The module is the grouping: the export is per-module and the module name is the real structural layer the BIOS has.,bios/ghidra/listings/OemServiceSmm/00008BDC.asm; bios/decompiled/OemServiceSmm.c
OemServiceSmm,0x8C20,OemServiceSmm,module,The module is the grouping: the export is per-module and the module name is the real structural layer the BIOS has.,bios/ghidra/listings/OemServiceSmm/00008C20.asm; bios/decompiled/OemServiceSmm.c
OemServiceSmm,0x8C50,OemServiceSmm,module,The module is the grouping: the export is per-module and the module name is the real structural layer the BIOS has.,bios/ghidra/listings/OemServiceSmm/00008C50.asm; bios/decompiled/OemServiceSmm.c
OemServiceSmm,0x8C8C,OemServiceSmm,module,The module is the grouping: the export is per-module and the module name is the real structural layer the BIOS has.,bios/ghidra/listings/OemServiceSmm/00008C8C.asm; bios/decompiled/OemServiceSmm.c
OemServiceSmm,0x8CF8,delay-loops,type,the `type` column already names this family,bios/ghidra/listings/OemServiceSmm/00008CF8.asm; bios/decompiled/OemServiceSmm.c
OemServiceSmm,0x8D58,delay-loops,type,the `type` column already names this family,bios/ghidra/listings/OemServiceSmm/00008D58.asm; bios/decompiled/OemServiceSmm.c
OemServiceSmm,0x8E40,OemServiceSmm,module,The module is the grouping: the export is per-module and the module name is the real structural layer the BIOS has.,bios/ghidra/listings/OemServiceSmm/00008E40.asm; bios/decompiled/OemServiceSmm.c
Setup,0x000091E4,Setup,module,The module is the grouping: the export is per-module and the module name is the real structural layer the BIOS has.,bios/ghidra/listings/Setup/000091E4.asm; bios/decompiled/Setup.c
Setup,0x00009500,Setup,module,The module is the grouping: the export is per-module and the module name is the real structural layer the BIOS has.,bios/ghidra/listings/Setup/00009500.asm; bios/decompiled/Setup.c
Setup,0x000095E4,Setup,module,The module is the grouping: the export is per-module and the module name is the real structural layer the BIOS has.,bios/ghidra/listings/Setup/000095E4.asm; bios/decompiled/Setup.c
Setup,0x00009D1C,dispatch-tables,type,the `type` column already names this family,bios/ghidra/listings/Setup/00009D1C.asm; bios/decompiled/Setup.c
Setup,0x0000BC4C,dispatch-tables,type,the `type` column already names this family,bios/ghidra/listings/Setup/0000BC4C.asm; bios/decompiled/Setup.c
Setup,0x0000BCC4,Setup,module,The module is the grouping: the export is per-module and the module name is the real structural layer the BIOS has.,bios/ghidra/listings/Setup/0000BCC4.asm; bios/decompiled/Setup.c
Setup,0x0000BE60,Setup,module,The module is the grouping: the export is per-module and the module name is the real structural layer the BIOS has.,bios/ghidra/listings/Setup/0000BE60.asm; bios/decompiled/Setup.c
Setup,0x0000C06C,Setup,module,The module is the grouping: the export is per-module and the module name is the real structural layer the BIOS has.,bios/ghidra/listings/Setup/0000C06C.asm; bios/decompiled/Setup.c
Setup,0x0000C464,Setup,module,The module is the grouping: the export is per-module and the module name is the real structural layer the BIOS has.,bios/ghidra/listings/Setup/0000C464.asm; bios/decompiled/Setup.c
Setup,0x0000C67C,Setup,module,The module is the grouping: the export is per-module and the module name is the real structural layer the BIOS has.,bios/ghidra/listings/Setup/0000C67C.asm; bios/decompiled/Setup.c
Setup,0x0000C738,Setup,module,The module is the grouping: the export is per-module and the module name is the real structural layer the BIOS has.,bios/ghidra/listings/Setup/0000C738.asm; bios/decompiled/Setup.c
Setup,0x0000D400,Setup,module,The module is the grouping: the export is per-module and the module name is the real structural layer the BIOS has.,bios/ghidra/listings/Setup/0000D400.asm; bios/decompiled/Setup.c
Setup,0x0000D870,Setup,module,The module is the grouping: the export is per-module and the module name is the real structural layer the BIOS has.,bios/ghidra/listings/Setup/0000D870.asm; bios/decompiled/Setup.c
Setup,0x0000DE9C,Setup,module,The module is the grouping: the export is per-module and the module name is the real structural layer the BIOS has.,bios/ghidra/listings/Setup/0000DE9C.asm; bios/decompiled/Setup.c
Setup,0x0000DFE0,Setup,module,The module is the grouping: the export is per-module and the module name is the real structural layer the BIOS has.,bios/ghidra/listings/Setup/0000DFE0.asm; bios/decompiled/Setup.c
Setup,0000E640,Setup,module,The module is the grouping: the export is per-module and the module name is the real structural layer the BIOS has.,bios/ghidra/listings/Setup/0000E640.asm; bios/decompiled/Setup.c
Setup,0000E9DC,Setup,module,The module is the grouping: the export is per-module and the module name is the real structural layer the BIOS has.,bios/ghidra/listings/Setup/0000E9DC.asm; bios/decompiled/Setup.c
Setup,000110A0,Setup,module,The module is the grouping: the export is per-module and the module name is the real structural layer the BIOS has.,bios/ghidra/listings/Setup/000110A0.asm; bios/decompiled/Setup.c
Setup,00012508,Setup,module,The module is the grouping: the export is per-module and the module name is the real structural layer the BIOS has.,bios/ghidra/listings/Setup/00012508.asm; bios/decompiled/Setup.c
Setup,00012730,Setup,module,The module is the grouping: the export is per-module and the module name is the real structural layer the BIOS has.,bios/ghidra/listings/Setup/00012730.asm; bios/decompiled/Setup.c
Setup,000127DC,Setup,module,The module is the grouping: the export is per-module and the module name is the real structural layer the BIOS has.,bios/ghidra/listings/Setup/000127DC.asm; bios/decompiled/Setup.c
Setup,00012864,Setup,module,The module is the grouping: the export is per-module and the module name is the real structural layer the BIOS has.,bios/ghidra/listings/Setup/00012864.asm; bios/decompiled/Setup.c
Setup,00012B18,Setup,module,The module is the grouping: the export is per-module and the module name is the real structural layer the BIOS has.,bios/ghidra/listings/Setup/00012B18.asm; bios/decompiled/Setup.c
Setup,00012D20,Setup,module,The module is the grouping: the export is per-module and the module name is the real structural layer the BIOS has.,bios/ghidra/listings/Setup/00012D20.asm; bios/decompiled/Setup.c
Setup,000132E0,Setup,module,The module is the grouping: the export is per-module and the module name is the real structural layer the BIOS has.,bios/ghidra/listings/Setup/000132E0.asm; bios/decompiled/Setup.c
Setup,0001335C,Setup,module,The module is the grouping: the export is per-module and the module name is the real structural layer the BIOS has.,bios/ghidra/listings/Setup/0001335C.asm; bios/decompiled/Setup.c
Setup,00013638,Setup,module,The module is the grouping: the export is per-module and the module name is the real structural layer the BIOS has.,bios/ghidra/listings/Setup/00013638.asm; bios/decompiled/Setup.c
Setup,0001376C,Setup,module,The module is the grouping: the export is per-module and the module name is the real structural layer the BIOS has.,bios/ghidra/listings/Setup/0001376C.asm; bios/decompiled/Setup.c
Setup,000137DC,Setup,module,The module is the grouping: the export is per-module and the module name is the real structural layer the BIOS has.,bios/ghidra/listings/Setup/000137DC.asm; bios/decompiled/Setup.c
Setup,0001387C,Setup,module,The module is the grouping: the export is per-module and the module name is the real structural layer the BIOS has.,bios/ghidra/listings/Setup/0001387C.asm; bios/decompiled/Setup.c
Setup,00013D6C,Setup,module,The module is the grouping: the export is per-module and the module name is the real structural layer the BIOS has.,bios/ghidra/listings/Setup/00013D6C.asm; bios/decompiled/Setup.c
Setup,000140B8,Setup,module,The module is the grouping: the export is per-module and the module name is the real structural layer the BIOS has.,bios/ghidra/listings/Setup/000140B8.asm; bios/decompiled/Setup.c
Setup,0001417C,Setup,module,The module is the grouping: the export is per-module and the module name is the real structural layer the BIOS has.,bios/ghidra/listings/Setup/0001417C.asm; bios/decompiled/Setup.c
Setup,00014240,Setup,module,The module is the grouping: the export is per-module and the module name is the real structural layer the BIOS has.,bios/ghidra/listings/Setup/00014240.asm; bios/decompiled/Setup.c
Setup,0x0001480C,Setup,module,The module is the grouping: the export is per-module and the module name is the real structural layer the BIOS has.,bios/ghidra/listings/Setup/0001480C.asm; bios/decompiled/Setup.c
Setup,0x00014F50,Setup,module,The module is the grouping: the export is per-module and the module name is the real structural layer the BIOS has.,bios/ghidra/listings/Setup/00014F50.asm; bios/decompiled/Setup.c
Setup,0x00015348,Setup,module,The module is the grouping: the export is per-module and the module name is the real structural layer the BIOS has.,bios/ghidra/listings/Setup/00015348.asm; bios/decompiled/Setup.c
Setup,0x0001568C,Setup,module,The module is the grouping: the export is per-module and the module name is the real structural layer the BIOS has.,bios/ghidra/listings/Setup/0001568C.asm; bios/decompiled/Setup.c
Setup,0x0001585C,Setup,module,The module is the grouping: the export is per-module and the module name is the real structural layer the BIOS has.,bios/ghidra/listings/Setup/0001585C.asm; bios/decompiled/Setup.c
Setup,0x00015C60,Setup,module,The module is the grouping: the export is per-module and the module name is the real structural layer the BIOS has.,bios/ghidra/listings/Setup/00015C60.asm; bios/decompiled/Setup.c
Setup,0x00016048,Setup,module,The module is the grouping: the export is per-module and the module name is the real structural layer the BIOS has.,bios/ghidra/listings/Setup/00016048.asm; bios/decompiled/Setup.c
Setup,0x00016674,Setup,module,The module is the grouping: the export is per-module and the module name is the real structural layer the BIOS has.,bios/ghidra/listings/Setup/00016674.asm; bios/decompiled/Setup.c
Setup,0x00016734,Setup,module,The module is the grouping: the export is per-module and the module name is the real structural layer the BIOS has.,bios/ghidra/listings/Setup/00016734.asm; bios/decompiled/Setup.c
Setup,0x000168D8,Setup,module,The module is the grouping: the export is per-module and the module name is the real structural layer the BIOS has.,bios/ghidra/listings/Setup/000168D8.asm; bios/decompiled/Setup.c
Setup,0x000170C0,Setup,module,The module is the grouping: the export is per-module and the module name is the real structural layer the BIOS has.,bios/ghidra/listings/Setup/000170C0.asm; bios/decompiled/Setup.c
Setup,0x0001729C,Setup,module,The module is the grouping: the export is per-module and the module name is the real structural layer the BIOS has.,bios/ghidra/listings/Setup/0001729C.asm; bios/decompiled/Setup.c
Setup,0x0001829C,Setup,module,The module is the grouping: the export is per-module and the module name is the real structural layer the BIOS has.,bios/ghidra/listings/Setup/0001829C.asm; bios/decompiled/Setup.c
Setup,0x000187F4,Setup,module,The module is the grouping: the export is per-module and the module name is the real structural layer the BIOS has.,bios/ghidra/listings/Setup/000187F4.asm; bios/decompiled/Setup.c
Setup,0x00018928,Setup,module,The module is the grouping: the export is per-module and the module name is the real structural layer the BIOS has.,bios/ghidra/listings/Setup/00018928.asm; bios/decompiled/Setup.c
Setup,0x00018978,Setup,module,The module is the grouping: the export is per-module and the module name is the real structural layer the BIOS has.,bios/ghidra/listings/Setup/00018978.asm; bios/decompiled/Setup.c
Setup,0x000189D4,Setup,module,The module is the grouping: the export is per-module and the module name is the real structural layer the BIOS has.,bios/ghidra/listings/Setup/000189D4.asm; bios/decompiled/Setup.c
Setup,0x00018C7C,Setup,module,The module is the grouping: the export is per-module and the module name is the real structural layer the BIOS has.,bios/ghidra/listings/Setup/00018C7C.asm; bios/decompiled/Setup.c
Setup,0x00018E34,Setup,module,The module is the grouping: the export is per-module and the module name is the real structural layer the BIOS has.,bios/ghidra/listings/Setup/00018E34.asm; bios/decompiled/Setup.c
Setup,0x00018ED0,Setup,module,The module is the grouping: the export is per-module and the module name is the real structural layer the BIOS has.,bios/ghidra/listings/Setup/00018ED0.asm; bios/decompiled/Setup.c
Setup,0x00019368,Setup,module,The module is the grouping: the export is per-module and the module name is the real structural layer the BIOS has.,bios/ghidra/listings/Setup/00019368.asm; bios/decompiled/Setup.c
Setup,0x000195E8,Setup,module,The module is the grouping: the export is per-module and the module name is the real structural layer the BIOS has.,bios/ghidra/listings/Setup/000195E8.asm; bios/decompiled/Setup.c
Setup,0x00019978,Setup,module,The module is the grouping: the export is per-module and the module name is the real structural layer the BIOS has.,bios/ghidra/listings/Setup/00019978.asm; bios/decompiled/Setup.c
Setup,0x00019A14,Setup,module,The module is the grouping: the export is per-module and the module name is the real structural layer the BIOS has.,bios/ghidra/listings/Setup/00019A14.asm; bios/decompiled/Setup.c
Setup,0x0001B458,Setup,module,The module is the grouping: the export is per-module and the module name is the real structural layer the BIOS has.,bios/ghidra/listings/Setup/0001B458.asm; bios/decompiled/Setup.c
Setup,0x0001B514,Setup,module,The module is the grouping: the export is per-module and the module name is the real structural layer the BIOS has.,bios/ghidra/listings/Setup/0001B514.asm; bios/decompiled/Setup.c
Setup,0x0001B544,Setup,module,The module is the grouping: the export is per-module and the module name is the real structural layer the BIOS has.,bios/ghidra/listings/Setup/0001B544.asm; bios/decompiled/Setup.c
Setup,0x0001B570,Setup,module,The module is the grouping: the export is per-module and the module name is the real structural layer the BIOS has.,bios/ghidra/listings/Setup/0001B570.asm; bios/decompiled/Setup.c
Setup,0x0001B5B0,Setup,module,The module is the grouping: the export is per-module and the module name is the real structural layer the BIOS has.,bios/ghidra/listings/Setup/0001B5B0.asm; bios/decompiled/Setup.c
Setup,0x0001B640,Setup,module,The module is the grouping: the export is per-module and the module name is the real structural layer the BIOS has.,bios/ghidra/listings/Setup/0001B640.asm; bios/decompiled/Setup.c
Setup,0x0001B6E0,Setup,module,The module is the grouping: the export is per-module and the module name is the real structural layer the BIOS has.,bios/ghidra/listings/Setup/0001B6E0.asm; bios/decompiled/Setup.c
Setup,0x0001B738,Setup,module,The module is the grouping: the export is per-module and the module name is the real structural layer the BIOS has.,bios/ghidra/listings/Setup/0001B738.asm; bios/decompiled/Setup.c
Setup,0x0001B774,Setup,module,The module is the grouping: the export is per-module and the module name is the real structural layer the BIOS has.,bios/ghidra/listings/Setup/0001B774.asm; bios/decompiled/Setup.c
Setup,0x0001B7EC,Setup,module,The module is the grouping: the export is per-module and the module name is the real structural layer the BIOS has.,bios/ghidra/listings/Setup/0001B7EC.asm; bios/decompiled/Setup.c
Setup,0x0001B874,Setup,module,The module is the grouping: the export is per-module and the module name is the real structural layer the BIOS has.,bios/ghidra/listings/Setup/0001B874.asm; bios/decompiled/Setup.c
Setup,0x0001B9A0,Setup,module,The module is the grouping: the export is per-module and the module name is the real structural layer the BIOS has.,bios/ghidra/listings/Setup/0001B9A0.asm; bios/decompiled/Setup.c
Setup,0x0001BA9C,Setup,module,The module is the grouping: the export is per-module and the module name is the real structural layer the BIOS has.,bios/ghidra/listings/Setup/0001BA9C.asm; bios/decompiled/Setup.c
Setup,0x0001BB6C,Setup,module,The module is the grouping: the export is per-module and the module name is the real structural layer the BIOS has.,bios/ghidra/listings/Setup/0001BB6C.asm; bios/decompiled/Setup.c
Setup,0x0001BBA0,Setup,module,The module is the grouping: the export is per-module and the module name is the real structural layer the BIOS has.,bios/ghidra/listings/Setup/0001BBA0.asm; bios/decompiled/Setup.c
Setup,0x0001BD38,Setup,module,The module is the grouping: the export is per-module and the module name is the real structural layer the BIOS has.,bios/ghidra/listings/Setup/0001BD38.asm; bios/decompiled/Setup.c
Setup,0x0001C0F8,Setup,module,The module is the grouping: the export is per-module and the module name is the real structural layer the BIOS has.,bios/ghidra/listings/Setup/0001C0F8.asm; bios/decompiled/Setup.c
Setup,0x0001C128,Setup,module,The module is the grouping: the export is per-module and the module name is the real structural layer the BIOS has.,bios/ghidra/listings/Setup/0001C128.asm; bios/decompiled/Setup.c
Setup,0x0001C150,Setup,module,The module is the grouping: the export is per-module and the module name is the real structural layer the BIOS has.,bios/ghidra/listings/Setup/0001C150.asm; bios/decompiled/Setup.c
Setup,0x0001CEEC,Setup,module,The module is the grouping: the export is per-module and the module name is the real structural layer the BIOS has.,bios/ghidra/listings/Setup/0001CEEC.asm; bios/decompiled/Setup.c
Setup,0x0001CF58,arithmetic,type,the `type` column already names this family,bios/ghidra/listings/Setup/0001CF58.asm; bios/decompiled/Setup.c
Setup,0x0001CF88,Setup,module,The module is the grouping: the export is per-module and the module name is the real structural layer the BIOS has.,bios/ghidra/listings/Setup/0001CF88.asm; bios/decompiled/Setup.c
Setup,0x0001CFBC,Setup,module,The module is the grouping: the export is per-module and the module name is the real structural layer the BIOS has.,bios/ghidra/listings/Setup/0001CFBC.asm; bios/decompiled/Setup.c
Setup,0x0001CFF0,Setup,module,The module is the grouping: the export is per-module and the module name is the real structural layer the BIOS has.,bios/ghidra/listings/Setup/0001CFF0.asm; bios/decompiled/Setup.c
Setup,0x0001D08C,Setup,module,The module is the grouping: the export is per-module and the module name is the real structural layer the BIOS has.,bios/ghidra/listings/Setup/0001D08C.asm; bios/decompiled/Setup.c
Setup,0x0001D16C,Setup,module,The module is the grouping: the export is per-module and the module name is the real structural layer the BIOS has.,bios/ghidra/listings/Setup/0001D16C.asm; bios/decompiled/Setup.c
Setup,0x0001D23C,Setup,module,The module is the grouping: the export is per-module and the module name is the real structural layer the BIOS has.,bios/ghidra/listings/Setup/0001D23C.asm; bios/decompiled/Setup.c
Setup,0x0001D374,arithmetic,type,the `type` column already names this family,bios/ghidra/listings/Setup/0001D374.asm; bios/decompiled/Setup.c
Setup,0x0001D454,Setup,module,The module is the grouping: the export is per-module and the module name is the real structural layer the BIOS has.,bios/ghidra/listings/Setup/0001D454.asm; bios/decompiled/Setup.c
Setup,0x0001D478,Setup,module,The module is the grouping: the export is per-module and the module name is the real structural layer the BIOS has.,bios/ghidra/listings/Setup/0001D478.asm; bios/decompiled/Setup.c
Setup,0x0001D4C8,Setup,module,The module is the grouping: the export is per-module and the module name is the real structural layer the BIOS has.,bios/ghidra/listings/Setup/0001D4C8.asm; bios/decompiled/Setup.c
Setup,0x0001D5B8,Setup,module,The module is the grouping: the export is per-module and the module name is the real structural layer the BIOS has.,bios/ghidra/listings/Setup/0001D5B8.asm; bios/decompiled/Setup.c
Setup,0x0001D694,Setup,module,The module is the grouping: the export is per-module and the module name is the real structural layer the BIOS has.,bios/ghidra/listings/Setup/0001D694.asm; bios/decompiled/Setup.c
Setup,0x0001D748,Setup,module,The module is the grouping: the export is per-module and the module name is the real structural layer the BIOS has.,bios/ghidra/listings/Setup/0001D748.asm; bios/decompiled/Setup.c
Setup,0x0001D774,Setup,module,The module is the grouping: the export is per-module and the module name is the real structural layer the BIOS has.,bios/ghidra/listings/Setup/0001D774.asm; bios/decompiled/Setup.c
Setup,0x0001D7B4,Setup,module,The module is the grouping: the export is per-module and the module name is the real structural layer the BIOS has.,bios/ghidra/listings/Setup/0001D7B4.asm; bios/decompiled/Setup.c
Setup,0x0001D920,arithmetic,type,the `type` column already names this family,bios/ghidra/listings/Setup/0001D920.asm; bios/decompiled/Setup.c
Setup,0x0001D994,Setup,module,The module is the grouping: the export is per-module and the module name is the real structural layer the BIOS has.,bios/ghidra/listings/Setup/0001D994.asm; bios/decompiled/Setup.c
Setup,0x0001D9E4,arithmetic,type,the `type` column already names this family,bios/ghidra/listings/Setup/0001D9E4.asm; bios/decompiled/Setup.c
Setup,0x0001DAF4,Setup,module,The module is the grouping: the export is per-module and the module name is the real structural layer the BIOS has.,bios/ghidra/listings/Setup/0001DAF4.asm; bios/decompiled/Setup.c
Setup,0x0001DB1C,Setup,module,The module is the grouping: the export is per-module and the module name is the real structural layer the BIOS has.,bios/ghidra/listings/Setup/0001DB1C.asm; bios/decompiled/Setup.c
Setup,0x0001DBE4,Setup,module,The module is the grouping: the export is per-module and the module name is the real structural layer the BIOS has.,bios/ghidra/listings/Setup/0001DBE4.asm; bios/decompiled/Setup.c
Setup,0x0001DFD0,Setup,module,The module is the grouping: the export is per-module and the module name is the real structural layer the BIOS has.,bios/ghidra/listings/Setup/0001DFD0.asm; bios/decompiled/Setup.c
Setup,0x0001DFF0,Setup,module,The module is the grouping: the export is per-module and the module name is the real structural layer the BIOS has.,bios/ghidra/listings/Setup/0001DFF0.asm; bios/decompiled/Setup.c
Setup,0x0001E018,Setup,module,The module is the grouping: the export is per-module and the module name is the real structural layer the BIOS has.,bios/ghidra/listings/Setup/0001E018.asm; bios/decompiled/Setup.c
Setup,0x0001E3B4,Setup,module,The module is the grouping: the export is per-module and the module name is the real structural layer the BIOS has.,bios/ghidra/listings/Setup/0001E3B4.asm; bios/decompiled/Setup.c
Setup,0x0001E3D4,Setup,module,The module is the grouping: the export is per-module and the module name is the real structural layer the BIOS has.,bios/ghidra/listings/Setup/0001E3D4.asm; bios/decompiled/Setup.c
Setup,0x0001E448,Setup,module,The module is the grouping: the export is per-module and the module name is the real structural layer the BIOS has.,bios/ghidra/listings/Setup/0001E448.asm; bios/decompiled/Setup.c
Setup,0x0001E520,Setup,module,The module is the grouping: the export is per-module and the module name is the real structural layer the BIOS has.,bios/ghidra/listings/Setup/0001E520.asm; bios/decompiled/Setup.c
Setup,0x0001E640,Setup,module,The module is the grouping: the export is per-module and the module name is the real structural layer the BIOS has.,bios/ghidra/listings/Setup/0001E640.asm; bios/decompiled/Setup.c
Setup,0x0001E700,Setup,module,The module is the grouping: the export is per-module and the module name is the real structural layer the BIOS has.,bios/ghidra/listings/Setup/0001E700.asm; bios/decompiled/Setup.c
Setup,0x0001E7C4,Setup,module,The module is the grouping: the export is per-module and the module name is the real structural layer the BIOS has.,bios/ghidra/listings/Setup/0001E7C4.asm; bios/decompiled/Setup.c
Setup,0x0001E908,Setup,module,The module is the grouping: the export is per-module and the module name is the real structural layer the BIOS has.,bios/ghidra/listings/Setup/0001E908.asm; bios/decompiled/Setup.c
Setup,0x0001EA50,Setup,module,The module is the grouping: the export is per-module and the module name is the real structural layer the BIOS has.,bios/ghidra/listings/Setup/0001EA50.asm; bios/decompiled/Setup.c
Setup,0x0001EBD4,Setup,module,The module is the grouping: the export is per-module and the module name is the real structural layer the BIOS has.,bios/ghidra/listings/Setup/0001EBD4.asm; bios/decompiled/Setup.c
Setup,0x0001EDD4,Setup,module,The module is the grouping: the export is per-module and the module name is the real structural layer the BIOS has.,bios/ghidra/listings/Setup/0001EDD4.asm; bios/decompiled/Setup.c
Setup,0x0001EE4C,Setup,module,The module is the grouping: the export is per-module and the module name is the real structural layer the BIOS has.,bios/ghidra/listings/Setup/0001EE4C.asm; bios/decompiled/Setup.c
Setup,0x0001F0D4,Setup,module,The module is the grouping: the export is per-module and the module name is the real structural layer the BIOS has.,bios/ghidra/listings/Setup/0001F0D4.asm; bios/decompiled/Setup.c
Setup,0x0001F18C,Setup,module,The module is the grouping: the export is per-module and the module name is the real structural layer the BIOS has.,bios/ghidra/listings/Setup/0001F18C.asm; bios/decompiled/Setup.c
Setup,0x0001F1EC,Setup,module,The module is the grouping: the export is per-module and the module name is the real structural layer the BIOS has.,bios/ghidra/listings/Setup/0001F1EC.asm; bios/decompiled/Setup.c
Setup,0x0001F24C,Setup,module,The module is the grouping: the export is per-module and the module name is the real structural layer the BIOS has.,bios/ghidra/listings/Setup/0001F24C.asm; bios/decompiled/Setup.c
Setup,0x0001F320,Setup,module,The module is the grouping: the export is per-module and the module name is the real structural layer the BIOS has.,bios/ghidra/listings/Setup/0001F320.asm; bios/decompiled/Setup.c
Setup,0x0001F454,arithmetic,type,the `type` column already names this family,bios/ghidra/listings/Setup/0001F454.asm; bios/decompiled/Setup.c
Setup,0x0001F4FC,Setup,module,The module is the grouping: the export is per-module and the module name is the real structural layer the BIOS has.,bios/ghidra/listings/Setup/0001F4FC.asm; bios/decompiled/Setup.c
Setup,0x0001F8DC,Setup,module,The module is the grouping: the export is per-module and the module name is the real structural layer the BIOS has.,bios/ghidra/listings/Setup/0001F8DC.asm; bios/decompiled/Setup.c
Setup,0x0001F958,delay-loops,type,the `type` column already names this family,bios/ghidra/listings/Setup/0001F958.asm; bios/decompiled/Setup.c
Setup,0x0001F9B8,delay-loops,type,the `type` column already names this family,bios/ghidra/listings/Setup/0001F9B8.asm; bios/decompiled/Setup.c
Setup,0x0001F9EC,Setup,module,The module is the grouping: the export is per-module and the module name is the real structural layer the BIOS has.,bios/ghidra/listings/Setup/0001F9EC.asm; bios/decompiled/Setup.c
Setup,0x0001FA64,Setup,module,The module is the grouping: the export is per-module and the module name is the real structural layer the BIOS has.,bios/ghidra/listings/Setup/0001FA64.asm; bios/decompiled/Setup.c
Setup,0x0001FB44,Setup,module,The module is the grouping: the export is per-module and the module name is the real structural layer the BIOS has.,bios/ghidra/listings/Setup/0001FB44.asm; bios/decompiled/Setup.c
Setup,0x0001FBE8,Setup,module,The module is the grouping: the export is per-module and the module name is the real structural layer the BIOS has.,bios/ghidra/listings/Setup/0001FBE8.asm; bios/decompiled/Setup.c
Setup,0x0001FD70,Setup,module,The module is the grouping: the export is per-module and the module name is the real structural layer the BIOS has.,bios/ghidra/listings/Setup/0001FD70.asm; bios/decompiled/Setup.c
Setup,0x0001FEB0,Setup,module,The module is the grouping: the export is per-module and the module name is the real structural layer the BIOS has.,bios/ghidra/listings/Setup/0001FEB0.asm; bios/decompiled/Setup.c
Setup,0x0001FF68,Setup,module,The module is the grouping: the export is per-module and the module name is the real structural layer the BIOS has.,bios/ghidra/listings/Setup/0001FF68.asm; bios/decompiled/Setup.c
Setup,0x000200DC,Setup,module,The module is the grouping: the export is per-module and the module name is the real structural layer the BIOS has.,bios/ghidra/listings/Setup/000200DC.asm; bios/decompiled/Setup.c
Setup,0x000201F4,Setup,module,The module is the grouping: the export is per-module and the module name is the real structural layer the BIOS has.,bios/ghidra/listings/Setup/000201F4.asm; bios/decompiled/Setup.c
Setup,0x000202E0,Setup,module,The module is the grouping: the export is per-module and the module name is the real structural layer the BIOS has.,bios/ghidra/listings/Setup/000202E0.asm; bios/decompiled/Setup.c
Setup,0x20524,Setup,module,The module is the grouping: the export is per-module and the module name is the real structural layer the BIOS has.,bios/ghidra/listings/Setup/00020524.asm; bios/decompiled/Setup.c
Setup,0x205D8,Setup,module,The module is the grouping: the export is per-module and the module name is the real structural layer the BIOS has.,bios/ghidra/listings/Setup/000205D8.asm; bios/decompiled/Setup.c
Setup,0x206A0,Setup,module,The module is the grouping: the export is per-module and the module name is the real structural layer the BIOS has.,bios/ghidra/listings/Setup/000206A0.asm; bios/decompiled/Setup.c
Setup,0x20918,Setup,module,The module is the grouping: the export is per-module and the module name is the real structural layer the BIOS has.,bios/ghidra/listings/Setup/00020918.asm; bios/decompiled/Setup.c
Setup,0x20A08,Setup,module,The module is the grouping: the export is per-module and the module name is the real structural layer the BIOS has.,bios/ghidra/listings/Setup/00020A08.asm; bios/decompiled/Setup.c
Setup,0x20C20,Setup,module,The module is the grouping: the export is per-module and the module name is the real structural layer the BIOS has.,bios/ghidra/listings/Setup/00020C20.asm; bios/decompiled/Setup.c
Setup,0x20D34,Setup,module,The module is the grouping: the export is per-module and the module name is the real structural layer the BIOS has.,bios/ghidra/listings/Setup/00020D34.asm; bios/decompiled/Setup.c
Setup,0x20D80,ec-io-helpers,type,the `type` column already names this family,bios/ghidra/listings/Setup/00020D80.asm; bios/decompiled/Setup.c
Setup,0x20DF0,ec-io-helpers,type,the `type` column already names this family,bios/ghidra/listings/Setup/00020DF0.asm; bios/decompiled/Setup.c
Setup,0x20E94,Setup,module,The module is the grouping: the export is per-module and the module name is the real structural layer the BIOS has.,bios/ghidra/listings/Setup/00020E94.asm; bios/decompiled/Setup.c
Setup,0x20ED4,Setup,module,The module is the grouping: the export is per-module and the module name is the real structural layer the BIOS has.,bios/ghidra/listings/Setup/00020ED4.asm; bios/decompiled/Setup.c
Setup,0x21068,Setup,module,The module is the grouping: the export is per-module and the module name is the real structural layer the BIOS has.,bios/ghidra/listings/Setup/00021068.asm; bios/decompiled/Setup.c
Setup,0x21180,Setup,module,The module is the grouping: the export is per-module and the module name is the real structural layer the BIOS has.,bios/ghidra/listings/Setup/00021180.asm; bios/decompiled/Setup.c
Setup,0x212F0,Setup,module,The module is the grouping: the export is per-module and the module name is the real structural layer the BIOS has.,bios/ghidra/listings/Setup/000212F0.asm; bios/decompiled/Setup.c
Setup,0x213F0,Setup,module,The module is the grouping: the export is per-module and the module name is the real structural layer the BIOS has.,bios/ghidra/listings/Setup/000213F0.asm; bios/decompiled/Setup.c
Setup,0x214E4,Setup,module,The module is the grouping: the export is per-module and the module name is the real structural layer the BIOS has.,bios/ghidra/listings/Setup/000214E4.asm; bios/decompiled/Setup.c
Setup,0x21668,Setup,module,The module is the grouping: the export is per-module and the module name is the real structural layer the BIOS has.,bios/ghidra/listings/Setup/00021668.asm; bios/decompiled/Setup.c
Setup,0x216BC,Setup,module,The module is the grouping: the export is per-module and the module name is the real structural layer the BIOS has.,bios/ghidra/listings/Setup/000216BC.asm; bios/decompiled/Setup.c
Setup,0x216EC,Setup,module,The module is the grouping: the export is per-module and the module name is the real structural layer the BIOS has.,bios/ghidra/listings/Setup/000216EC.asm; bios/decompiled/Setup.c
Setup,0x21748,Setup,module,The module is the grouping: the export is per-module and the module name is the real structural layer the BIOS has.,bios/ghidra/listings/Setup/00021748.asm; bios/decompiled/Setup.c
Setup,0x217A4,Setup,module,The module is the grouping: the export is per-module and the module name is the real structural layer the BIOS has.,bios/ghidra/listings/Setup/000217A4.asm; bios/decompiled/Setup.c
Setup,0x21808,Setup,module,The module is the grouping: the export is per-module and the module name is the real structural layer the BIOS has.,bios/ghidra/listings/Setup/00021808.asm; bios/decompiled/Setup.c
Setup,0x21888,Setup,module,The module is the grouping: the export is per-module and the module name is the real structural layer the BIOS has.,bios/ghidra/listings/Setup/00021888.asm; bios/decompiled/Setup.c
Setup,0x000219F4,Setup,module,The module is the grouping: the export is per-module and the module name is the real structural layer the BIOS has.,bios/ghidra/listings/Setup/000219F4.asm; bios/decompiled/Setup.c
Setup,0x00021A60,Setup,module,The module is the grouping: the export is per-module and the module name is the real structural layer the BIOS has.,bios/ghidra/listings/Setup/00021A60.asm; bios/decompiled/Setup.c
Setup,0x00021D24,Setup,module,The module is the grouping: the export is per-module and the module name is the real structural layer the BIOS has.,bios/ghidra/listings/Setup/00021D24.asm; bios/decompiled/Setup.c
Setup,0x00021F60,Setup,module,The module is the grouping: the export is per-module and the module name is the real structural layer the BIOS has.,bios/ghidra/listings/Setup/00021F60.asm; bios/decompiled/Setup.c
Setup,0x000224C0,Setup,module,The module is the grouping: the export is per-module and the module name is the real structural layer the BIOS has.,bios/ghidra/listings/Setup/000224C0.asm; bios/decompiled/Setup.c
Setup,0x00022854,Setup,module,The module is the grouping: the export is per-module and the module name is the real structural layer the BIOS has.,bios/ghidra/listings/Setup/00022854.asm; bios/decompiled/Setup.c
Setup,0x00022D6C,Setup,module,The module is the grouping: the export is per-module and the module name is the real structural layer the BIOS has.,bios/ghidra/listings/Setup/00022D6C.asm; bios/decompiled/Setup.c
Setup,0x00022FC0,Setup,module,The module is the grouping: the export is per-module and the module name is the real structural layer the BIOS has.,bios/ghidra/listings/Setup/00022FC0.asm; bios/decompiled/Setup.c
Setup,0x000230D4,Setup,module,The module is the grouping: the export is per-module and the module name is the real structural layer the BIOS has.,bios/ghidra/listings/Setup/000230D4.asm; bios/decompiled/Setup.c
Setup,0x00023108,Setup,module,The module is the grouping: the export is per-module and the module name is the real structural layer the BIOS has.,bios/ghidra/listings/Setup/00023108.asm; bios/decompiled/Setup.c
Setup,0x00023168,Setup,module,The module is the grouping: the export is per-module and the module name is the real structural layer the BIOS has.,bios/ghidra/listings/Setup/00023168.asm; bios/decompiled/Setup.c
Setup,0x000231A0,Setup,module,The module is the grouping: the export is per-module and the module name is the real structural layer the BIOS has.,bios/ghidra/listings/Setup/000231A0.asm; bios/decompiled/Setup.c
Setup,0x000231D4,Setup,module,The module is the grouping: the export is per-module and the module name is the real structural layer the BIOS has.,bios/ghidra/listings/Setup/000231D4.asm; bios/decompiled/Setup.c
Setup,0x00023240,Setup,module,The module is the grouping: the export is per-module and the module name is the real structural layer the BIOS has.,bios/ghidra/listings/Setup/00023240.asm; bios/decompiled/Setup.c
Setup,0x00023290,Setup,module,The module is the grouping: the export is per-module and the module name is the real structural layer the BIOS has.,bios/ghidra/listings/Setup/00023290.asm; bios/decompiled/Setup.c
Setup,0x00023370,Setup,module,The module is the grouping: the export is per-module and the module name is the real structural layer the BIOS has.,bios/ghidra/listings/Setup/00023370.asm; bios/decompiled/Setup.c
Setup,0x0002337E,Setup,module,The module is the grouping: the export is per-module and the module name is the real structural layer the BIOS has.,bios/ghidra/listings/Setup/0002337E.asm; bios/decompiled/Setup.c
Setup,0x000233D0,Setup,module,The module is the grouping: the export is per-module and the module name is the real structural layer the BIOS has.,bios/ghidra/listings/Setup/000233D0.asm; bios/decompiled/Setup.c
PeiOverClock,FFCFBB49,PeiOverClock,module,The module is the grouping: the export is per-module and the module name is the real structural layer the BIOS has.,bios/ghidra/listings/PeiOverClock/FFCFBB49.asm; bios/decompiled/PeiOverClock.c
OemHooksPei,0xFFF811CC,OemHooksPei,module,The module is the grouping: the export is per-module and the module name is the real structural layer the BIOS has.,bios/ghidra/listings/OemHooksPei/FFF811CC.asm; bios/decompiled/OemHooksPei.c
OemHooksPei,0xFFF812B0,OemHooksPei,module,The module is the grouping: the export is per-module and the module name is the real structural layer the BIOS has.,bios/ghidra/listings/OemHooksPei/FFF812B0.asm; bios/decompiled/OemHooksPei.c
OemHooksPei,0xFFF8134D,OemHooksPei,module,The module is the grouping: the export is per-module and the module name is the real structural layer the BIOS has.,bios/ghidra/listings/OemHooksPei/FFF8134D.asm; bios/decompiled/OemHooksPei.c
OemHooksPei,0xFFF81387,OemHooksPei,module,The module is the grouping: the export is per-module and the module name is the real structural layer the BIOS has.,bios/ghidra/listings/OemHooksPei/FFF81387.asm; bios/decompiled/OemHooksPei.c
OemHooksPei,0xFFF813F1,OemHooksPei,module,The module is the grouping: the export is per-module and the module name is the real structural layer the BIOS has.,bios/ghidra/listings/OemHooksPei/FFF813F1.asm; bios/decompiled/OemHooksPei.c
OemHooksPei,0xFFF8146C,OemHooksPei,module,The module is the grouping: the export is per-module and the module name is the real structural layer the BIOS has.,bios/ghidra/listings/OemHooksPei/FFF8146C.asm; bios/decompiled/OemHooksPei.c
OemHooksPei,0xFFF814E7,OemHooksPei,module,The module is the grouping: the export is per-module and the module name is the real structural layer the BIOS has.,bios/ghidra/listings/OemHooksPei/FFF814E7.asm; bios/decompiled/OemHooksPei.c
OemHooksPei,0xFFF81517,OemHooksPei,module,The module is the grouping: the export is per-module and the module name is the real structural layer the BIOS has.,bios/ghidra/listings/OemHooksPei/FFF81517.asm; bios/decompiled/OemHooksPei.c
OemHooksPei,0xFFF81544,OemHooksPei,module,The module is the grouping: the export is per-module and the module name is the real structural layer the BIOS has.,bios/ghidra/listings/OemHooksPei/FFF81544.asm; bios/decompiled/OemHooksPei.c
OemHooksPei,0xFFF81565,OemHooksPei,module,The module is the grouping: the export is per-module and the module name is the real structural layer the BIOS has.,bios/ghidra/listings/OemHooksPei/FFF81565.asm; bios/decompiled/OemHooksPei.c
OemHooksPei,0xFFF81595,OemHooksPei,module,The module is the grouping: the export is per-module and the module name is the real structural layer the BIOS has.,bios/ghidra/listings/OemHooksPei/FFF81595.asm; bios/decompiled/OemHooksPei.c
OemHooksPei,0xFFF815C2,arithmetic,type,the `type` column already names this family,bios/ghidra/listings/OemHooksPei/FFF815C2.asm; bios/decompiled/OemHooksPei.c
OemHooksPei,0xFFF815DD,arithmetic,type,the `type` column already names this family,bios/ghidra/listings/OemHooksPei/FFF815DD.asm; bios/decompiled/OemHooksPei.c
OemHooksPei,0xFFF815F6,OemHooksPei,module,The module is the grouping: the export is per-module and the module name is the real structural layer the BIOS has.,bios/ghidra/listings/OemHooksPei/FFF815F6.asm; bios/decompiled/OemHooksPei.c
OemHooksPei,0xFFF81640,OemHooksPei,module,The module is the grouping: the export is per-module and the module name is the real structural layer the BIOS has.,bios/ghidra/listings/OemHooksPei/FFF81640.asm; bios/decompiled/OemHooksPei.c
OemHooksPei,0xFFF8164F,OemHooksPei,module,The module is the grouping: the export is per-module and the module name is the real structural layer the BIOS has.,bios/ghidra/listings/OemHooksPei/FFF8164F.asm; bios/decompiled/OemHooksPei.c
OemHooksPei,0xFFF8165E,arithmetic,type,the `type` column already names this family,bios/ghidra/listings/OemHooksPei/FFF8165E.asm; bios/decompiled/OemHooksPei.c
OemHooksPei,0xFFF81732,OemHooksPei,module,The module is the grouping: the export is per-module and the module name is the real structural layer the BIOS has.,bios/ghidra/listings/OemHooksPei/FFF81732.asm; bios/decompiled/OemHooksPei.c
OemHooksPei,0xFFF81783,OemHooksPei,module,The module is the grouping: the export is per-module and the module name is the real structural layer the BIOS has.,bios/ghidra/listings/OemHooksPei/FFF81783.asm; bios/decompiled/OemHooksPei.c
OemHooksPei,0xFFF817CA,OemHooksPei,module,The module is the grouping: the export is per-module and the module name is the real structural layer the BIOS has.,bios/ghidra/listings/OemHooksPei/FFF817CA.asm; bios/decompiled/OemHooksPei.c
OemHooksPei,0xFFF81814,OemHooksPei,module,The module is the grouping: the export is per-module and the module name is the real structural layer the BIOS has.,bios/ghidra/listings/OemHooksPei/FFF81814.asm; bios/decompiled/OemHooksPei.c
OemHooksPei,0xFFF8185E,delay-loops,type,the `type` column already names this family,bios/ghidra/listings/OemHooksPei/FFF8185E.asm; bios/decompiled/OemHooksPei.c
OemHooksPei,0xFFF81899,OemHooksPei,module,The module is the grouping: the export is per-module and the module name is the real structural layer the BIOS has.,bios/ghidra/listings/OemHooksPei/FFF81899.asm; bios/decompiled/OemHooksPei.c
OemHooksPei,0xFFF818CC,OemHooksPei,module,The module is the grouping: the export is per-module and the module name is the real structural layer the BIOS has.,bios/ghidra/listings/OemHooksPei/FFF818CC.asm; bios/decompiled/OemHooksPei.c
OemHooksPei,0xFFF818FF,delay-loops,type,the `type` column already names this family,bios/ghidra/listings/OemHooksPei/FFF818FF.asm; bios/decompiled/OemHooksPei.c
OemHooksPei,FFF81948,delay-loops,type,the `type` column already names this family,bios/ghidra/listings/OemHooksPei/FFF81948.asm; bios/decompiled/OemHooksPei.c
OemHooksPei,FFF8198F,OemHooksPei,module,The module is the grouping: the export is per-module and the module name is the real structural layer the BIOS has.,bios/ghidra/listings/OemHooksPei/FFF8198F.asm; bios/decompiled/OemHooksPei.c
OemHooksPei,FFF819A6,OemHooksPei,module,The module is the grouping: the export is per-module and the module name is the real structural layer the BIOS has.,bios/ghidra/listings/OemHooksPei/FFF819A6.asm; bios/decompiled/OemHooksPei.c
OemHooksPei,FFF819FE,OemHooksPei,module,The module is the grouping: the export is per-module and the module name is the real structural layer the BIOS has.,bios/ghidra/listings/OemHooksPei/FFF819FE.asm; bios/decompiled/OemHooksPei.c
OemHooksPei,FFF81ADD,OemHooksPei,module,The module is the grouping: the export is per-module and the module name is the real structural layer the BIOS has.,bios/ghidra/listings/OemHooksPei/FFF81ADD.asm; bios/decompiled/OemHooksPei.c
OemHooksPei,FFF81C08,OemHooksPei,module,The module is the grouping: the export is per-module and the module name is the real structural layer the BIOS has.,bios/ghidra/listings/OemHooksPei/FFF81C08.asm; bios/decompiled/OemHooksPei.c
OemHooksPei,FFF81C26,OemHooksPei,module,The module is the grouping: the export is per-module and the module name is the real structural layer the BIOS has.,bios/ghidra/listings/OemHooksPei/FFF81C26.asm; bios/decompiled/OemHooksPei.c
OemHooksPei,FFF81C65,OemHooksPei,module,The module is the grouping: the export is per-module and the module name is the real structural layer the BIOS has.,bios/ghidra/listings/OemHooksPei/FFF81C65.asm; bios/decompiled/OemHooksPei.c
OemHooksPei,FFF81CBE,OemHooksPei,module,The module is the grouping: the export is per-module and the module name is the real structural layer the BIOS has.,bios/ghidra/listings/OemHooksPei/FFF81CBE.asm; bios/decompiled/OemHooksPei.c
OemOcPei,0xFFF823B9,OemOcPei,module,The module is the grouping: the export is per-module and the module name is the real structural layer the BIOS has.,bios/ghidra/listings/OemOcPei/FFF823B9.asm; bios/decompiled/OemOcPei.c
OemOcPei,0xFFF8254F,OemOcPei,module,The module is the grouping: the export is per-module and the module name is the real structural layer the BIOS has.,bios/ghidra/listings/OemOcPei/FFF8254F.asm; bios/decompiled/OemOcPei.c
OemOcPei,0xFFF826C0,ec-io-helpers,type,the `type` column already names this family,bios/ghidra/listings/OemOcPei/FFF826C0.asm; bios/decompiled/OemOcPei.c; ec/annotations/registers.yaml
OemOcPei,0xFFF8272D,ec-io-helpers,type,the `type` column already names this family,bios/ghidra/listings/OemOcPei/FFF8272D.asm; bios/decompiled/OemOcPei.c; ec/annotations/registers.yaml
OemOcPei,0xFFF8277F,ec-io-helpers,type,the `type` column already names this family,bios/ghidra/listings/OemOcPei/FFF8277F.asm; bios/decompiled/OemOcPei.c; ec/annotations/registers.yaml
OemOcPei,0xFFF827F3,ec-io-helpers,type,the `type` column already names this family,bios/ghidra/listings/OemOcPei/FFF827F3.asm; bios/decompiled/OemOcPei.c; ec/annotations/registers.yaml
OemOcPei,0xFFF82874,delay-loops,type,the `type` column already names this family,bios/ghidra/listings/OemOcPei/FFF82874.asm; bios/decompiled/OemOcPei.c
OemOcPei,0xFFF82904,OemOcPei,module,The module is the grouping: the export is per-module and the module name is the real structural layer the BIOS has.,bios/ghidra/listings/OemOcPei/FFF82904.asm; bios/decompiled/OemOcPei.c
OemOcPei,0xFFF82997,OemOcPei,module,The module is the grouping: the export is per-module and the module name is the real structural layer the BIOS has.,bios/ghidra/listings/OemOcPei/FFF82997.asm; bios/decompiled/OemOcPei.c
OemOcPei,0xFFF829F0,OemOcPei,module,The module is the grouping: the export is per-module and the module name is the real structural layer the BIOS has.,bios/ghidra/listings/OemOcPei/FFF829F0.asm; bios/decompiled/OemOcPei.c
OemOcPei,0xFFF82A4E,OemOcPei,module,The module is the grouping: the export is per-module and the module name is the real structural layer the BIOS has.,bios/ghidra/listings/OemOcPei/FFF82A4E.asm; bios/decompiled/OemOcPei.c
OemACRecoveryPei,FFF82DE5,OemACRecoveryPei,module,The module is the grouping: the export is per-module and the module name is the real structural layer the BIOS has.,bios/ghidra/listings/OemACRecoveryPei/FFF82DE5.asm; bios/decompiled/OemACRecoveryPei.c
OemDgpuBoardIDPei,FFFAC3B2,OemDgpuBoardIDPei,module,The module is the grouping: the export is per-module and the module name is the real structural layer the BIOS has.,bios/ghidra/listings/OemDgpuBoardIDPei/FFFAC3B2.asm; bios/decompiled/OemDgpuBoardIDPei.c
OemDgpuBoardIDPei,FFFAC5BA,OemDgpuBoardIDPei,module,The module is the grouping: the export is per-module and the module name is the real structural layer the BIOS has.,bios/ghidra/listings/OemDgpuBoardIDPei/FFFAC5BA.asm; bios/decompiled/OemDgpuBoardIDPei.c
OemDgpuBoardIDPei,FFFAC5DF,OemDgpuBoardIDPei,module,The module is the grouping: the export is per-module and the module name is the real structural layer the BIOS has.,bios/ghidra/listings/OemDgpuBoardIDPei/FFFAC5DF.asm; bios/decompiled/OemDgpuBoardIDPei.c
