file_offset,region,runtime,opcode,target,target_offset,in_region,target_class,frame_onto,frame_over,earlier_record,calls_stub,calls_trampoline
0x00008,common,0x0008,acall,0x0050,0x00050,yes,other,0,8,0x00007 02 11 50 ljmp 0x1150,,
0x0000F,common,0x000F,acall,0x0056,0x00056,yes,other,0,15,0x0000E 02 11 56 ljmp 0x1156,,
0x00017,common,0x0017,acall,0x005C,0x0005C,yes,entry,0,23,0x00016 02 11 5c ljmp 0x115c,,
0x0001F,common,0x001F,acall,0x0062,0x00062,yes,entry,0,24,0x0001E 02 11 62 ljmp 0x1162,,
0x00027,common,0x0027,acall,0x0068,0x00068,yes,other,0,24,0x00026 02 11 68 ljmp 0x1168,,
0x00036,common,0x0036,acall,0x006E,0x0006E,yes,other,0,24,0x00035 02 11 6e ljmp 0x116e,,
0x00039,common,0x0039,acall,0x0074,0x00074,yes,other,0,24,0x00038 02 11 74 ljmp 0x1174,,
0x0003C,common,0x003C,acall,0x007A,0x0007A,yes,other,1,23,0x0003B 02 11 7a ljmp 0x117a,,
0x00058,common,0x0058,acall,0x0134,0x00134,yes,other,24,0,,,
0x00061,common,0x0061,acall,0x0080,0x00080,yes,other,1,23,0x00060 02 11 80 ljmp 0x1180,,
0x00064,common,0x0064,acall,0x0086,0x00086,yes,other,1,23,0x00063 02 11 86 ljmp 0x1186,,
0x00067,common,0x0067,acall,0x0092,0x00092,yes,other,1,23,0x00066 02 11 92 ljmp 0x1192,,
0x0006A,common,0x006A,acall,0x0098,0x00098,yes,other,1,23,0x00069 02 11 98 ljmp 0x1198,,
0x0006D,common,0x006D,acall,0x009E,0x0009E,yes,other,0,24,0x0006C 02 11 9e ljmp 0x119e,,
0x00071,common,0x0071,ajmp,0x04C0,0x004C0,yes,other,0,24,"0x00070 75 81 c0 mov 0x81,#0xc0",,
0x00075,common,0x0075,ajmp,0x0074,0x00074,yes,other,0,24,"0x00073 90 10 01 mov dptr,#0x1001",,
0x0007A,common,0x007A,acall,0x000A,0x0000A,yes,other,0,24,0x00079 12 11 0a lcall 0x110a,,
0x000A2,common,0x00A2,ajmp,0x00F2,0x000F2,yes,other,0,24,0x000A1 80 01 sjmp 0x00a4,,
0x000C0,common,0x00C0,ajmp,0x0046,0x00046,yes,other,0,24,0x000BF 80 01 sjmp 0x00c2,,
0x000C7,common,0x00C7,ajmp,0x0002,0x00002,yes,other,24,0,,,
0x000D4,common,0x00D4,ajmp,0x0093,0x00093,yes,other,0,24,"0x000D3 7e 01 mov r6,#0x01",,
0x000E6,common,0x00E6,ajmp,0x000E,0x0000E,yes,entry,0,24,0x000E5 60 01 jz 0x00e8,,
0x00115,common,0x0115,acall,0x0005,0x00005,yes,other,0,24,"0x00114 90 11 05 mov dptr,#0x1105",,
0x0011C,common,0x011C,acall,0x0001,0x00001,yes,other,0,24,"0x0011B 90 11 01 mov dptr,#0x1101",,
0x0011D,common,0x011D,ajmp,0x0074,0x00074,yes,other,0,24,"0x0011B 90 11 01 mov dptr,#0x1101",,
0x00124,common,0x0124,acall,0x008C,0x0008C,yes,other,0,24,0x00123 02 11 8c ljmp 0x118c,,
0x00127,common,0x0127,acall,0x00A4,0x000A4,yes,other,1,23,0x00126 02 11 a4 ljmp 0x11a4,,
0x0012A,common,0x012A,acall,0x00AA,0x000AA,yes,other,0,24,0x00129 02 11 aa ljmp 0x11aa,,
0x0012D,common,0x012D,acall,0x00B0,0x000B0,yes,other,1,23,0x0012C 02 11 b0 ljmp 0x11b0,,
0x00137,common,0x0137,acall,0x0006,0x00006,yes,other,0,24,"0x00136 90 11 06 mov dptr,#0x1106",,
0x0013E,common,0x013E,acall,0x0002,0x00002,yes,other,0,24,"0x0013D 90 11 02 mov dptr,#0x1102",,
0x00176,common,0x0176,acall,0x00F0,0x000F0,yes,other,0,24,"0x00175 74 11 mov a,#0x11",,
0x0017A,common,0x017A,ajmp,0x0012,0x00012,yes,other,1,23,"0x00178 90 17 01 mov dptr,#0x1701",,
0x00183,common,0x0183,acall,0x0006,0x00006,yes,other,0,24,"0x00182 90 11 06 mov dptr,#0x1106",,
0x0018A,common,0x018A,acall,0x00B6,0x000B6,yes,other,0,24,0x00189 02 11 b6 ljmp 0x11b6,,
0x00194,common,0x0194,acall,0x0006,0x00006,yes,other,0,24,"0x00193 90 11 06 mov dptr,#0x1106",,
0x0019B,common,0x019B,acall,0x0002,0x00002,yes,other,0,24,"0x0019A 90 11 02 mov dptr,#0x1102",,
0x001C2,common,0x01C2,ajmp,0x0012,0x00012,yes,other,0,24,0x001C1 76 01 db 0x76,,
0x001CE,common,0x01CE,acall,0x0090,0x00090,yes,other,0,24,0x001CD 80 11 sjmp 0x01e0,,
0x001D8,common,0x01D8,ajmp,0x0090,0x00090,yes,other,3,21,0x001D7 76 01 db 0x76,,
0x001DA,common,0x01DA,acall,0x0006,0x00006,yes,other,4,20,"0x001D9 90 11 06 mov dptr,#0x1106",,
0x001E1,common,0x01E1,acall,0x00BC,0x000BC,yes,other,0,24,0x001E0 02 11 bc ljmp 0x11bc,,
0x001E4,common,0x01E4,acall,0x00C8,0x000C8,yes,entry,0,24,0x001E3 02 11 c8 ljmp 0x11c8,,
0x001E7,common,0x01E7,acall,0x00CE,0x000CE,yes,entry,0,24,0x001E6 02 11 ce ljmp 0x11ce,,
0x001EA,common,0x01EA,acall,0x00D4,0x000D4,yes,other,0,24,0x001E9 02 11 d4 ljmp 0x11d4,,
0x001ED,common,0x01ED,acall,0x00E6,0x000E6,yes,other,0,24,0x001EC 02 11 e6 ljmp 0x11e6,,
0x001F0,common,0x01F0,acall,0x0007,0x00007,yes,entry,0,24,"0x001EF 90 11 07 mov dptr,#0x1107",,
0x001F7,common,0x01F7,acall,0x0003,0x00003,yes,entry,0,24,"0x001F6 90 11 03 mov dptr,#0x1103",,
0x001FD,common,0x01FD,acall,0x00EC,0x000EC,yes,other,0,24,0x001FC 02 11 ec ljmp 0x11ec,,
0x00204,common,0x0204,ajmp,0x04C0,0x004C0,yes,other,0,24,"0x00203 75 81 c0 mov 0x81,#0xc0",,
0x00217,common,0x0217,acall,0x0105,0x00105,yes,other,0,24,"0x00216 90 31 05 mov dptr,#0x3105",,
0x0024A,common,0x024A,ajmp,0x0000,0x00000,yes,entry,1,23,"0x00248 75 f7 01 mov 0xf7,#0x01",,
0x0024E,common,0x024E,ajmp,0x0000,0x00000,yes,entry,1,23,"0x0024C 75 f7 01 mov 0xf7,#0x01",,
0x00252,common,0x0252,ajmp,0x0000,0x00000,yes,entry,1,23,"0x00250 75 f7 01 mov 0xf7,#0x01",,
0x00256,common,0x0256,ajmp,0x0000,0x00000,yes,entry,1,23,"0x00254 75 f7 01 mov 0xf7,#0x01",,
0x00298,common,0x0298,ajmp,0x0080,0x00080,yes,other,0,24,"0x00296 75 87 01 mov 0x87,#0x01",,
0x002A3,common,0x02A3,acall,0x0006,0x00006,yes,other,0,24,"0x002A2 90 11 06 mov dptr,#0x1106",,
0x002AA,common,0x02AA,acall,0x0002,0x00002,yes,other,0,24,"0x002A9 90 11 02 mov dptr,#0x1102",,
0x002D8,common,0x02D8,ajmp,0x06E4,0x006E4,yes,other,1,23,0x002D6 12 07 c1 lcall 0x07c1,,
0x002E8,common,0x02E8,acall,0x0090,0x00090,yes,other,0,24,0x002E7 80 11 sjmp 0x02fa,,
0x002EB,common,0x02EB,ajmp,0x0012,0x00012,yes,other,2,22,"0x002E9 90 17 01 mov dptr,#0x1701",,
0x002F4,common,0x02F4,acall,0x0006,0x00006,yes,other,0,24,"0x002F3 90 11 06 mov dptr,#0x1106",,
0x002FB,common,0x02FB,acall,0x00C2,0x000C2,yes,other,1,23,0x002FA 02 11 c2 ljmp 0x11c2,,
0x00301,common,0x0301,acall,0x0007,0x00007,yes,entry,0,24,"0x00300 90 11 07 mov dptr,#0x1107",,
0x00308,common,0x0308,acall,0x0003,0x00003,yes,entry,0,24,"0x00307 90 11 03 mov dptr,#0x1103",,
0x0030B,common,0x030B,ajmp,0x00F0,0x000F0,yes,other,0,24,"0x0030A 74 01 mov a,#0x01",,
0x00310,common,0x0310,acall,0x00DA,0x000DA,yes,other,0,24,0x0030F 02 11 da ljmp 0x11da,,
0x00317,common,0x0317,ajmp,0x0704,0x00704,yes,other,1,23,"0x00316 30 e1 04 jnb acc.1,0x031d",,
0x00320,common,0x0320,acall,0x0007,0x00007,yes,entry,0,24,"0x0031F 90 11 07 mov dptr,#0x1107",,
0x00327,common,0x0327,acall,0x0003,0x00003,yes,entry,0,24,"0x00326 90 11 03 mov dptr,#0x1103",,
0x0032D,common,0x032D,acall,0x00E0,0x000E0,yes,other,1,23,0x0032C 02 11 e0 ljmp 0x11e0,,
0x00330,common,0x0330,acall,0x00F2,0x000F2,yes,other,0,24,0x0032F 02 11 f2 ljmp 0x11f2,,
0x00333,common,0x0333,acall,0x00F8,0x000F8,yes,other,0,24,0x00332 02 11 f8 ljmp 0x11f8,,
0x00336,common,0x0336,acall,0x00FE,0x000FE,yes,other,0,24,0x00335 02 11 fe ljmp 0x11fe,,
0x00498,common,0x0498,acall,0x004D,0x0004D,yes,entry,0,24,"0x00497 90 11 4d mov dptr,#0x114d",,
0x0049F,common,0x049F,acall,0x004C,0x0004C,yes,other,0,24,"0x0049E 90 11 4c mov dptr,#0x114c",,
0x004A6,common,0x04A6,acall,0x004C,0x0004C,yes,other,0,24,"0x004A5 90 11 4c mov dptr,#0x114c",,
0x004B1,common,0x04B1,ajmp,0x02F0,0x002F0,yes,entry,0,24,"0x004AF 90 15 41 mov dptr,#0x1541",,
0x004B8,common,0x04B8,acall,0x0050,0x00050,yes,other,2,22,"0x004B7 90 11 50 mov dptr,#0x1150",,
0x004C4,common,0x04C4,acall,0x0051,0x00051,yes,other,0,24,"0x004C3 90 11 51 mov dptr,#0x1151",,
0x004C5,common,0x04C5,acall,0x02E0,0x002E0,yes,entry,0,24,"0x004C3 90 11 51 mov dptr,#0x1151",,
0x004CC,common,0x04CC,acall,0x0050,0x00050,yes,other,0,24,"0x004CB 90 11 50 mov dptr,#0x1150",,
0x004D8,common,0x04D8,acall,0x04E0,0x004E0,yes,other,1,23,"0x004D6 90 32 91 mov dptr,#0x3291",,
0x004E9,common,0x04E9,acall,0x04E0,0x004E0,yes,other,1,23,"0x004E7 90 32 91 mov dptr,#0x3291",,
0x004EC,common,0x04EC,ajmp,0x0729,0x00729,yes,other,0,24,"0x004EB 30 e1 29 jnb acc.1,0x0517",,
0x004F7,common,0x04F7,ajmp,0x0714,0x00714,yes,other,0,24,"0x004F6 30 e1 14 jnb acc.1,0x050d",,
0x00509,common,0x0509,ajmp,0x00F0,0x000F0,yes,other,3,21,"0x00508 74 01 mov a,#0x01",,
0x00512,common,0x0512,ajmp,0x0003,0x00003,yes,entry,0,24,"0x00511 b4 01 03 cjne a,#0x01,0x0517",,
0x00519,common,0x0519,acall,0x0474,0x00474,yes,other,2,22,"0x00517 90 32 91 mov dptr,#0x3291",,
0x0051F,common,0x051F,acall,0x0050,0x00050,yes,other,0,24,"0x0051E 90 11 50 mov dptr,#0x1150",,
0x0056C,common,0x056C,acall,0x0010,0x00010,yes,other,0,24,"0x0056B 90 11 10 mov dptr,#0x1110",,
0x00573,common,0x0573,ajmp,0x002F,0x0002F,yes,other,3,21,0x00572 12 01 2f lcall 0x012f,,
0x00578,common,0x0578,acall,0x0010,0x00010,yes,other,0,24,"0x00577 90 11 10 mov dptr,#0x1110",,
0x0057F,common,0x057F,ajmp,0x008C,0x0008C,yes,other,3,21,0x0057E 12 01 8c lcall 0x018c,,
0x00584,common,0x0584,acall,0x0010,0x00010,yes,other,0,24,"0x00583 90 11 10 mov dptr,#0x1110",,
0x00590,common,0x0590,acall,0x0010,0x00010,yes,other,0,24,"0x0058F 90 11 10 mov dptr,#0x1110",,
0x0059A,common,0x059A,acall,0x0310,0x00310,yes,other,0,24,0x00599 12 71 10 lcall 0x7110,,
0x005A0,common,0x05A0,ajmp,0x0093,0x00093,yes,other,0,24,"0x0059F 74 01 mov a,#0x01",,
0x005A7,common,0x05A7,acall,0x0377,0x00377,yes,entry,0,24,0x005A6 12 71 77 lcall 0x7177,,
0x005C7,common,0x05C7,ajmp,0x02EF,0x002EF,yes,entry,3,21,"0x005C6 af 41 mov r7,0x41",,
0x005D2,common,0x05D2,ajmp,0x02EF,0x002EF,yes,entry,0,24,"0x005D1 af 41 mov r7,0x41",,
0x005D7,common,0x05D7,ajmp,0x0212,0x00212,yes,other,0,24,"0x005D6 f5 41 mov 0x41,a",,
0x005F3,common,0x05F3,acall,0x0007,0x00007,yes,entry,0,24,"0x005F2 90 11 07 mov dptr,#0x1107",,
0x005F7,common,0x05F7,ajmp,0x00F0,0x000F0,yes,other,0,24,"0x005F6 44 01 orl a,#0x01",,
0x005FB,common,0x05FB,acall,0x0007,0x00007,yes,entry,0,24,"0x005FA 90 11 07 mov dptr,#0x1107",,
0x00602,common,0x0602,acall,0x004D,0x0004D,yes,entry,1,23,"0x00601 90 11 4d mov dptr,#0x114d",,
0x0060A,common,0x060A,acall,0x0000,0x00000,yes,entry,0,24,"0x00609 90 11 00 mov dptr,#0x1100",,
0x00610,common,0x0610,acall,0x0001,0x00001,yes,other,0,24,"0x0060F 90 11 01 mov dptr,#0x1101",,
0x00611,common,0x0611,ajmp,0x00F0,0x000F0,yes,other,0,24,"0x0060F 90 11 01 mov dptr,#0x1101",,
0x00614,common,0x0614,acall,0x0002,0x00002,yes,other,0,24,"0x00613 90 11 02 mov dptr,#0x1102",,
0x00618,common,0x0618,acall,0x0003,0x00003,yes,entry,1,23,"0x00617 90 11 03 mov dptr,#0x1103",,
0x0061C,common,0x061C,acall,0x0014,0x00014,yes,other,0,24,"0x0061B 90 11 14 mov dptr,#0x1114",,
0x00620,common,0x0620,acall,0x0018,0x00018,yes,other,0,24,"0x0061F 90 11 18 mov dptr,#0x1118",,
0x00624,common,0x0624,acall,0x001C,0x0001C,yes,other,0,24,"0x00623 90 11 1c mov dptr,#0x111c",,
0x00628,common,0x0628,acall,0x0020,0x00020,yes,other,0,24,"0x00627 90 11 20 mov dptr,#0x1120",,
0x0062C,common,0x062C,acall,0x0024,0x00024,yes,other,1,23,"0x0062B 90 11 24 mov dptr,#0x1124",,
0x00630,common,0x0630,acall,0x0028,0x00028,yes,other,0,24,"0x0062F 90 11 28 mov dptr,#0x1128",,
0x00634,common,0x0634,acall,0x0050,0x00050,yes,other,0,24,"0x00633 90 11 50 mov dptr,#0x1150",,
0x00644,common,0x0644,acall,0x0051,0x00051,yes,other,0,24,"0x00643 90 11 51 mov dptr,#0x1151",,
0x00645,common,0x0645,acall,0x02E0,0x002E0,yes,entry,0,24,"0x00643 90 11 51 mov dptr,#0x1151",,
0x0066C,common,0x066C,ajmp,0x0014,0x00014,yes,other,0,24,"0x0066B 63 01 14 xrl 0x01,#0x14",,
0x00674,common,0x0674,ajmp,0x0026,0x00026,yes,entry,24,0,,,
0x00676,common,0x0676,ajmp,0x0029,0x00029,yes,other,24,0,,,
0x00678,common,0x0678,ajmp,0x002C,0x0002C,yes,other,24,0,,,
0x0067A,common,0x067A,ajmp,0x002F,0x0002F,yes,other,24,0,,,
0x0067C,common,0x067C,ajmp,0x008C,0x0008C,yes,other,24,0,,,
0x00680,common,0x0680,ajmp,0x00E3,0x000E3,yes,other,2,22,0x0067E 02 9b 01 ljmp 0x9b01,,
0x00682,common,0x0682,ajmp,0x00E6,0x000E6,yes,other,24,0,,,
0x00684,common,0x0684,ajmp,0x00E9,0x000E9,yes,other,24,0,,,
0x0068A,common,0x068A,ajmp,0x00EC,0x000EC,yes,other,0,24,0x00689 12 01 ec lcall 0x01ec,,
0x0068C,common,0x068C,ajmp,0x00EF,0x000EF,yes,other,24,0,,,
0x0069B,common,0x069B,ajmp,0x0203,0x00203,yes,entry,24,0,,,
0x006BB,common,0x06BB,acall,0x0303,0x00303,yes,other,24,0,,,
0x006DB,common,0x06DB,ajmp,0x0503,0x00503,yes,entry,24,0,,,
0x006FB,common,0x06FB,acall,0x0603,0x00603,yes,other,24,0,,,
0x0071D,common,0x071D,ajmp,0x0004,0x00004,yes,other,24,0,,,
0x0073D,common,0x073D,acall,0x0104,0x00104,yes,other,24,0,,,
0x0075D,common,0x075D,ajmp,0x0304,0x00304,yes,other,24,0,,,
0x0077D,common,0x077D,acall,0x0404,0x00404,yes,entry,24,0,,,
0x00787,common,0x0787,acall,0x0004,0x00004,yes,other,1,23,"0x00785 b4 00 11 cjne a,#0x00,0x0799",,
0x00795,common,0x0795,ajmp,0x0100,0x00100,yes,other,24,0,,,
0x007A2,common,0x07A2,ajmp,0x00FF,0x000FF,yes,other,24,0,,,
0x007C5,common,0x07C5,acall,0x00F0,0x000F0,yes,other,0,24,"0x007C4 74 11 mov a,#0x11",,
0x007C9,common,0x07C9,ajmp,0x00F0,0x000F0,yes,other,1,23,"0x007C7 90 17 01 mov dptr,#0x1701",,
0x007D1,common,0x07D1,acall,0x00F0,0x000F0,yes,other,0,24,"0x007D0 74 11 mov a,#0x11",,
0x007D8,common,0x07D8,acall,0x0006,0x00006,yes,other,2,22,"0x007D7 90 11 06 mov dptr,#0x1106",,
0x007DF,common,0x07DF,acall,0x0002,0x00002,yes,other,0,24,"0x007DE 90 11 02 mov dptr,#0x1102",,
0x007FD,common,0x07FD,ajmp,0x0706,0x00706,yes,other,0,24,"0x007FC 30 e1 06 jnb acc.1,0x0805",,
0x00801,common,0x0801,ajmp,0x0912,0x00912,yes,entry,1,23,0x007FF 12 09 21 lcall 0x0921,,
0x00847,common,0x0847,ajmp,0x0860,0x00860,yes,other,2,22,"0x00846 64 01 xrl a,#0x01",,
0x00860,common,0x0860,ajmp,0x0822,0x00822,yes,entry,1,23,"0x0085E 75 36 01 mov 0x36,#0x01",,
0x00898,common,0x0898,ajmp,0x08EF,0x008EF,yes,other,0,24,"0x00896 90 15 01 mov dptr,#0x1501",,
0x008A3,common,0x08A3,ajmp,0x080A,0x0080A,yes,entry,0,24,"0x008A2 b4 01 0a cjne a,#0x01,0x08af",,
0x008C1,common,0x08C1,ajmp,0x0809,0x00809,yes,other,0,24,"0x008C0 b4 01 09 cjne a,#0x01,0x08cc",,
0x008FF,common,0x08FF,ajmp,0x08F0,0x008F0,yes,other,0,24,"0x008FD 90 15 01 mov dptr,#0x1501",,
0x00907,common,0x0907,ajmp,0x0F15,0x00F15,yes,entry,0,24,"0x00906 20 e1 15 jb acc.1,0x091e",,
0x0091F,common,0x091F,ajmp,0x0822,0x00822,yes,entry,0,24,"0x0091E 7f 01 mov r7,#0x01",,
0x00931,common,0x0931,ajmp,0x08C2,0x008C2,yes,other,0,24,"0x0092F 75 8b 01 mov 0x8b,#0x01",,
0x0094D,common,0x094D,ajmp,0x08F0,0x008F0,yes,other,0,24,"0x0094C 44 01 orl a,#0x01",,
0x009B4,common,0x09B4,ajmp,0x08F0,0x008F0,yes,other,0,24,"0x009B3 44 01 orl a,#0x01",,
0x009E0,common,0x09E0,ajmp,0x0FEF,0x00FEF,yes,other,0,24,"0x009DF 30 e1 ef jnb acc.1,0x09d1",,
0x009F1,common,0x09F1,acall,0x0890,0x00890,yes,other,0,24,0x009F0 50 11 jnc 0x0a03,,
0x00A32,common,0x0A32,ajmp,0x0AEE,0x00AEE,yes,entry,0,24,"0x00A31 ae 41 mov r6,0x41",,
0x00A37,common,0x0A37,ajmp,0x0A22,0x00A22,yes,other,0,24,"0x00A36 f5 41 mov 0x41,a",,
0x00A47,common,0x0A47,ajmp,0x0F08,0x00F08,yes,other,0,24,"0x00A46 30 e1 08 jnb acc.1,0x0a51",,
0x00A68,common,0x0A68,ajmp,0x0804,0x00804,yes,other,0,24,"0x00A67 30 01 04 jnb 0x20.1,0x0a6e",,
0x00A78,common,0x0A78,ajmp,0x0AEF,0x00AEF,yes,other,2,22,"0x00A77 af 41 mov r7,0x41",,
0x00A7D,common,0x0A7D,ajmp,0x0A22,0x00A22,yes,other,0,24,"0x00A7C f5 41 mov 0x41,a",,
0x00A90,common,0x0A90,ajmp,0x0F45,0x00F45,yes,other,0,24,"0x00A8F 20 e1 45 jb acc.1,0x0ad7",,
0x00AA9,common,0x0AA9,ajmp,0x0F2C,0x00F2C,yes,other,0,24,"0x00AA8 20 e1 2c jb acc.1,0x0ad7",,
0x00AB3,common,0x0AB3,ajmp,0x0AEE,0x00AEE,yes,entry,0,24,"0x00AB2 ae 41 mov r6,0x41",,
0x00AB8,common,0x0AB8,ajmp,0x0A80,0x00A80,yes,entry,0,24,"0x00AB7 f5 41 mov 0x41,a",,
0x00ABF,common,0x0ABF,ajmp,0x08F0,0x008F0,yes,other,0,24,"0x00ABE 74 01 mov a,#0x01",,
0x00B00,common,0x0B00,ajmp,0x08F0,0x008F0,yes,other,0,24,"0x00AFF 74 01 mov a,#0x01",,
0x00B3F,common,0x0B3F,ajmp,0x0880,0x00880,yes,entry,0,24,"0x00B3E 7e 01 mov r6,#0x01",,
0x00B47,common,0x0B47,ajmp,0x0A7E,0x00A7E,yes,other,0,24,"0x00B46 7f 41 mov r7,#0x41",,
0x00B49,common,0x0B49,ajmp,0x0880,0x00880,yes,entry,1,23,"0x00B48 7e 01 mov r6,#0x01",,
0x00B53,common,0x0B53,ajmp,0x08EE,0x008EE,yes,other,1,23,"0x00B52 7e 01 mov r6,#0x01",,
0x00B9C,common,0x0B9C,acall,0x08F0,0x008F0,yes,other,0,24,"0x00B9B 44 11 orl a,#0x11",,
0x00BCA,common,0x0BCA,ajmp,0x0AE0,0x00AE0,yes,other,1,23,"0x00BC8 90 32 41 mov dptr,#0x3241",,
0x00BD8,common,0x0BD8,acall,0x08F0,0x008F0,yes,other,0,24,"0x00BD7 44 11 orl a,#0x11",,
0x00BDC,common,0x0BDC,acall,0x090F,0x0090F,yes,entry,0,24,"0x00BDB 90 31 0f mov dptr,#0x310f",,
0x00BE4,common,0x0BE4,ajmp,0x0F06,0x00F06,yes,other,0,24,"0x00BE3 30 e1 06 jnb acc.1,0x0bec",,
0x00BEF,common,0x0BEF,ajmp,0x0A3F,0x00A3F,yes,other,0,24,"0x00BEE 43 41 3f orl 0x41,#0x3f",,
0x00C06,common,0x0C06,acall,0x0B2C,0x00B2C,yes,other,24,0,,,
0x00C0A,common,0x0C0A,acall,0x0803,0x00803,yes,other,24,0,,,
0x00C18,common,0x0C18,ajmp,0x0914,0x00914,yes,entry,24,0,,,
0x00C1E,common,0x0C1E,acall,0x0930,0x00930,yes,other,24,0,,,
0x00C3C,common,0x0C3C,ajmp,0x0B6D,0x00B6D,yes,other,24,0,,,
0x00C63,common,0x0C63,ajmp,0x0845,0x00845,yes,entry,24,0,,,
0x00C67,common,0x0C67,acall,0x0A4A,0x00A4A,yes,other,24,0,,,
0x00CAC,common,0x0CAC,ajmp,0x08F0,0x008F0,yes,other,0,24,"0x00CAB 74 01 mov a,#0x01",,
0x00CBC,common,0x0CBC,ajmp,0x0AF0,0x00AF0,yes,entry,0,24,"0x00CBA 90 15 41 mov dptr,#0x1541",,
0x00CC9,common,0x0CC9,acall,0x0907,0x00907,yes,other,0,24,"0x00CC8 30 31 07 jnb 0x26.1,0x0cd2",,
0x00CCC,common,0x0CCC,acall,0x0912,0x00912,yes,entry,0,24,0x00CCB c2 31 clr 0x31,,
0x00D6A,common,0x0D6A,ajmp,0x0F02,0x00F02,yes,entry,0,24,"0x00D69 30 e1 02 jnb acc.1,0x0d6e",,
0x00D73,common,0x0D73,ajmp,0x0F02,0x00F02,yes,entry,0,24,"0x00D72 30 e1 02 jnb acc.1,0x0d77",,
0x00D93,common,0x0D93,acall,0x0824,0x00824,yes,other,0,24,0x00D92 60 11 jz 0x0da5,,
0x00DD4,common,0x0DD4,acall,0x0B51,0x00B51,yes,other,1,23,0x00DD3 12 71 51 lcall 0x7151,,
0x00DD5,common,0x0DD5,acall,0x0A0D,0x00A0D,yes,other,0,24,0x00DD3 12 71 51 lcall 0x7151,,
0x00DE6,common,0x0DE6,ajmp,0x080C,0x0080C,yes,other,24,0,,,
0x00E63,common,0x0E63,acall,0x0FC2,0x00FC2,yes,other,0,24,"0x00E61 75 8c f1 mov 0x8c,#0xf1",,
0x00E74,common,0x0E74,ajmp,0x0875,0x00875,yes,other,0,24,"0x00E72 75 8b 01 mov 0x8b,#0x01",,
0x00E90,common,0x0E90,acall,0x08D2,0x008D2,yes,other,0,24,"0x00E8E 75 89 11 mov 0x89,#0x11",,
0x00E9B,common,0x0E9B,ajmp,0x0875,0x00875,yes,other,0,24,"0x00E99 75 8b 01 mov 0x8b,#0x01",,
0x00F16,common,0x0F16,acall,0x0DE6,0x00DE6,yes,other,0,24,"0x00F15 78 b1 mov r0,#0xb1",,
0x00F19,common,0x0F19,ajmp,0x0844,0x00844,yes,entry,0,24,"0x00F18 54 01 anl a,#0x01",,
0x00F21,common,0x0F21,ajmp,0x08F6,0x008F6,yes,other,0,24,"0x00F20 44 01 orl a,#0x01",,
0x00F54,common,0x0F54,ajmp,0x0AF5,0x00AF5,yes,entry,1,23,"0x00F53 f5 41 mov 0x41,a",,
0x00F65,common,0x0F65,acall,0x09A1,0x009A1,yes,other,2,22,"0x00F64 90 31 a1 mov dptr,#0x31a1",,
0x00F66,common,0x0F66,ajmp,0x0D74,0x00D74,yes,entry,0,24,"0x00F64 90 31 a1 mov dptr,#0x31a1",,
0x00F6B,common,0x0F6B,acall,0x09A2,0x009A2,yes,entry,0,24,"0x00F6A 90 31 a2 mov dptr,#0x31a2",,
0x00F71,common,0x0F71,ajmp,0x0802,0x00802,yes,entry,2,22,"0x00F70 7f 01 mov r7,#0x01",,
0x00F7F,common,0x0F7F,ajmp,0x0850,0x00850,yes,entry,0,24,"0x00F7E 94 01 subb a,#0x01",,
0x00FBA,common,0x0FBA,ajmp,0x0893,0x00893,yes,other,0,24,"0x00FB9 74 01 mov a,#0x01",,
0x00FDC,common,0x0FDC,acall,0x08CA,0x008CA,yes,other,0,24,"0x00FDB b4 11 ca cjne a,#0x11,0x0fa8",,
0x00FFD,common,0x0FFD,ajmp,0x08F0,0x008F0,yes,other,0,24,"0x00FFC 74 01 mov a,#0x01",,
0x0100E,common,0x100E,acall,0x1050,0x01050,yes,other,0,24,"0x0100D 90 11 50 mov dptr,#0x1150",,
0x0102F,common,0x102F,ajmp,0x1215,0x01215,yes,other,24,0,,,
0x01032,common,0x1032,ajmp,0x1217,0x01217,yes,other,24,0,,,
0x01035,common,0x1035,acall,0x1017,0x01017,yes,other,24,0,,,
0x01037,common,0x1037,ajmp,0x1011,0x01011,yes,entry,24,0,,,
0x01038,common,0x1038,acall,0x1017,0x01017,yes,other,0,24,,,
0x0103B,common,0x103B,acall,0x1017,0x01017,yes,other,0,24,0x0103A 02 11 17 ljmp 0x1117,,
0x01049,common,0x1049,acall,0x100A,0x0100A,yes,other,23,1,0x01048 12 11 0a lcall 0x110a,,
0x01052,common,0x1052,acall,0x1000,0x01000,yes,other,0,24,"0x01051 90 11 00 mov dptr,#0x1100",,
0x01103,common,0x1103,acall,0x10C0,0x010C0,yes,other,0,24,"0x01102 74 11 mov a,#0x11",,
0x01110,common,0x1110,acall,0x14C2,0x014C2,yes,entry,0,24,0x0110F c2 91 clr 0x91,,0
0x01117,common,0x1117,acall,0x10C0,0x010C0,yes,other,0,24,"0x01116 74 11 mov a,#0x11",,
0x01124,common,0x1124,acall,0x14C2,0x014C2,yes,entry,0,24,0x01123 c2 91 clr 0x91,,0
0x0112B,common,0x112B,acall,0x10C0,0x010C0,yes,other,0,24,"0x0112A 74 11 mov a,#0x11",,
0x01138,common,0x1138,acall,0x14C2,0x014C2,yes,entry,0,24,0x01137 d2 91 setb p1.1,,0
0x0113F,common,0x113F,acall,0x10C0,0x010C0,yes,other,0,24,"0x0113E 74 11 mov a,#0x11",,
0x0114C,common,0x114C,acall,0x14C2,0x014C2,yes,entry,0,24,0x0114B d2 91 setb p1.1,,0
0x01154,common,0x1154,acall,0x1000,0x01000,yes,other,1,23,0x01153 02 11 00 ljmp 0x1100,,
0x0115A,common,0x115A,acall,0x1000,0x01000,yes,other,1,23,0x01159 02 11 00 ljmp 0x1100,,
0x01160,common,0x1160,acall,0x1000,0x01000,yes,other,1,23,0x0115F 02 11 00 ljmp 0x1100,,
0x01166,common,0x1166,acall,0x1000,0x01000,yes,other,1,23,0x01165 02 11 00 ljmp 0x1100,,
0x0116C,common,0x116C,acall,0x1000,0x01000,yes,other,1,23,0x0116B 02 11 00 ljmp 0x1100,,
0x01170,common,0x1170,ajmp,0x1102,0x01102,yes,entry,0,24,"0x0116E 90 bf 21 mov dptr,#0xbf21",,
0x01172,common,0x1172,acall,0x1000,0x01000,yes,other,2,22,0x01171 02 11 00 ljmp 0x1100,,
0x01178,common,0x1178,acall,0x1000,0x01000,yes,other,1,23,0x01177 02 11 00 ljmp 0x1100,,
0x0117E,common,0x117E,acall,0x1000,0x01000,yes,other,1,23,0x0117D 02 11 00 ljmp 0x1100,,
0x01184,common,0x1184,acall,0x1000,0x01000,yes,other,2,22,0x01183 02 11 00 ljmp 0x1100,,
0x0118A,common,0x118A,acall,0x1000,0x01000,yes,other,2,22,0x01189 02 11 00 ljmp 0x1100,,
0x01190,common,0x1190,acall,0x1000,0x01000,yes,other,1,23,0x0118F 02 11 00 ljmp 0x1100,,
0x01196,common,0x1196,acall,0x1000,0x01000,yes,other,1,23,0x01195 02 11 00 ljmp 0x1100,,
0x0119C,common,0x119C,acall,0x1000,0x01000,yes,other,1,23,0x0119B 02 11 00 ljmp 0x1100,,
0x011A2,common,0x11A2,acall,0x1000,0x01000,yes,other,1,23,0x011A1 02 11 00 ljmp 0x1100,,
0x011A8,common,0x11A8,acall,0x1000,0x01000,yes,other,1,23,0x011A7 02 11 00 ljmp 0x1100,,
0x011AE,common,0x11AE,acall,0x1000,0x01000,yes,other,1,23,0x011AD 02 11 00 ljmp 0x1100,,
0x011B4,common,0x11B4,acall,0x1000,0x01000,yes,other,1,23,0x011B3 02 11 00 ljmp 0x1100,,
0x011BA,common,0x11BA,acall,0x1000,0x01000,yes,other,2,22,0x011B9 02 11 00 ljmp 0x1100,,
0x011C0,common,0x11C0,acall,0x1000,0x01000,yes,other,1,23,0x011BF 02 11 00 ljmp 0x1100,,
0x011C6,common,0x11C6,acall,0x1000,0x01000,yes,other,1,23,0x011C5 02 11 00 ljmp 0x1100,,
0x011CC,common,0x11CC,acall,0x1000,0x01000,yes,other,1,23,0x011CB 02 11 00 ljmp 0x1100,,
0x011D2,common,0x11D2,acall,0x1000,0x01000,yes,other,1,23,0x011D1 02 11 00 ljmp 0x1100,,
0x011D8,common,0x11D8,acall,0x1000,0x01000,yes,other,1,23,0x011D7 02 11 00 ljmp 0x1100,,
0x011DE,common,0x11DE,acall,0x1000,0x01000,yes,other,1,23,0x011DD 02 11 00 ljmp 0x1100,,
0x011E4,common,0x11E4,acall,0x1000,0x01000,yes,other,1,23,0x011E3 02 11 00 ljmp 0x1100,,
0x011EA,common,0x11EA,acall,0x1000,0x01000,yes,other,1,23,0x011E9 02 11 00 ljmp 0x1100,,
0x011F0,common,0x11F0,acall,0x1000,0x01000,yes,other,1,23,0x011EF 02 11 00 ljmp 0x1100,,
0x011F6,common,0x11F6,acall,0x1000,0x01000,yes,other,1,23,0x011F5 02 11 00 ljmp 0x1100,,
0x011FC,common,0x11FC,acall,0x1000,0x01000,yes,other,2,22,0x011FB 02 11 00 ljmp 0x1100,,
0x01200,common,0x1200,ajmp,0x1302,0x01302,yes,other,0,24,"0x011FE 90 bf 61 mov dptr,#0xbf61",,
0x01202,common,0x1202,acall,0x1000,0x01000,yes,other,2,22,0x01201 02 11 00 ljmp 0x1100,,
0x01208,common,0x1208,acall,0x1000,0x01000,yes,other,2,22,0x01207 02 11 00 ljmp 0x1100,,
0x0120E,common,0x120E,acall,0x1000,0x01000,yes,other,1,23,0x0120D 02 11 00 ljmp 0x1100,,
0x01214,common,0x1214,acall,0x1000,0x01000,yes,other,2,22,0x01213 02 11 00 ljmp 0x1100,,
0x0121A,common,0x121A,acall,0x1000,0x01000,yes,other,2,22,0x01219 02 11 00 ljmp 0x1100,,
0x01220,common,0x1220,acall,0x1000,0x01000,yes,other,1,23,0x0121F 02 11 00 ljmp 0x1100,,
0x01226,common,0x1226,acall,0x1000,0x01000,yes,other,1,23,0x01225 02 11 00 ljmp 0x1100,,
0x0122C,common,0x122C,acall,0x1000,0x01000,yes,other,1,23,0x0122B 02 11 00 ljmp 0x1100,,
0x01232,common,0x1232,acall,0x1000,0x01000,yes,other,1,23,0x01231 02 11 00 ljmp 0x1100,,
0x01238,common,0x1238,acall,0x1000,0x01000,yes,other,1,23,0x01237 02 11 00 ljmp 0x1100,,
0x0123E,common,0x123E,acall,0x1000,0x01000,yes,other,1,23,0x0123D 02 11 00 ljmp 0x1100,,
0x01244,common,0x1244,acall,0x1000,0x01000,yes,other,1,23,0x01243 02 11 00 ljmp 0x1100,,
0x0124A,common,0x124A,acall,0x1000,0x01000,yes,other,1,23,0x01249 02 11 00 ljmp 0x1100,,
0x01250,common,0x1250,acall,0x1000,0x01000,yes,other,1,23,0x0124F 02 11 00 ljmp 0x1100,,
0x01256,common,0x1256,acall,0x1000,0x01000,yes,other,1,23,0x01255 02 11 00 ljmp 0x1100,,
0x0125C,common,0x125C,acall,0x1000,0x01000,yes,other,2,22,0x0125B 02 11 00 ljmp 0x1100,,
0x01260,common,0x1260,acall,0x1302,0x01302,yes,other,0,24,"0x0125E 90 bf 71 mov dptr,#0xbf71",,
0x01262,common,0x1262,acall,0x1000,0x01000,yes,other,2,22,0x01261 02 11 00 ljmp 0x1100,,
0x01268,common,0x1268,acall,0x1000,0x01000,yes,other,2,22,0x01267 02 11 00 ljmp 0x1100,,
0x0126E,common,0x126E,acall,0x1000,0x01000,yes,other,1,23,0x0126D 02 11 00 ljmp 0x1100,,
0x01274,common,0x1274,acall,0x1000,0x01000,yes,other,2,22,0x01273 02 11 00 ljmp 0x1100,,
0x0127A,common,0x127A,acall,0x1000,0x01000,yes,other,1,23,0x01279 02 11 00 ljmp 0x1100,,
0x01280,common,0x1280,acall,0x1000,0x01000,yes,other,2,22,0x0127F 02 11 00 ljmp 0x1100,,
0x01286,common,0x1286,acall,0x1000,0x01000,yes,other,2,22,0x01285 02 11 00 ljmp 0x1100,,
0x0128C,common,0x128C,acall,0x1000,0x01000,yes,other,2,22,0x0128B 02 11 00 ljmp 0x1100,,
0x01292,common,0x1292,acall,0x1000,0x01000,yes,other,2,22,0x01291 02 11 00 ljmp 0x1100,,
0x01298,common,0x1298,acall,0x1000,0x01000,yes,other,2,22,0x01297 02 11 00 ljmp 0x1100,,
0x0129E,common,0x129E,acall,0x1000,0x01000,yes,other,2,22,0x0129D 02 11 00 ljmp 0x1100,,
0x012A4,common,0x12A4,acall,0x1000,0x01000,yes,other,2,22,0x012A3 02 11 00 ljmp 0x1100,,
0x012AA,common,0x12AA,acall,0x1000,0x01000,yes,other,2,22,0x012A9 02 11 00 ljmp 0x1100,,
0x012B0,common,0x12B0,acall,0x1000,0x01000,yes,other,2,22,0x012AF 02 11 00 ljmp 0x1100,,
0x012B6,common,0x12B6,acall,0x1000,0x01000,yes,other,2,22,0x012B5 02 11 00 ljmp 0x1100,,
0x012BC,common,0x12BC,acall,0x1000,0x01000,yes,other,2,22,0x012BB 02 11 00 ljmp 0x1100,,
0x012C0,common,0x12C0,ajmp,0x1402,0x01402,yes,entry,0,24,"0x012BE 90 bf 81 mov dptr,#0xbf81",,0
0x012C2,common,0x12C2,acall,0x1000,0x01000,yes,other,2,22,0x012C1 02 11 00 ljmp 0x1100,,
0x012C8,common,0x12C8,acall,0x1000,0x01000,yes,other,2,22,0x012C7 02 11 00 ljmp 0x1100,,
0x012CE,common,0x12CE,acall,0x1000,0x01000,yes,other,1,23,0x012CD 02 11 00 ljmp 0x1100,,
0x012D4,common,0x12D4,acall,0x1000,0x01000,yes,other,1,23,0x012D3 02 11 00 ljmp 0x1100,,
0x012DA,common,0x12DA,acall,0x1000,0x01000,yes,other,1,23,0x012D9 02 11 00 ljmp 0x1100,,
0x012E0,common,0x12E0,acall,0x1000,0x01000,yes,other,2,22,0x012DF 02 11 00 ljmp 0x1100,,
0x012E6,common,0x12E6,acall,0x1000,0x01000,yes,other,2,22,0x012E5 02 11 00 ljmp 0x1100,,
0x012EC,common,0x12EC,acall,0x1000,0x01000,yes,other,2,22,0x012EB 02 11 00 ljmp 0x1100,,
0x012F2,common,0x12F2,acall,0x1000,0x01000,yes,other,2,22,0x012F1 02 11 00 ljmp 0x1100,,
0x012F8,common,0x12F8,acall,0x1000,0x01000,yes,other,2,22,0x012F7 02 11 00 ljmp 0x1100,,
0x012FE,common,0x12FE,acall,0x1000,0x01000,yes,other,2,22,0x012FD 02 11 00 ljmp 0x1100,,
0x01304,common,0x1304,acall,0x1000,0x01000,yes,other,2,22,0x01303 02 11 00 ljmp 0x1100,,
0x0130A,common,0x130A,acall,0x1000,0x01000,yes,other,2,22,0x01309 02 11 00 ljmp 0x1100,,
0x01310,common,0x1310,acall,0x1000,0x01000,yes,other,2,22,0x0130F 02 11 00 ljmp 0x1100,,
0x01316,common,0x1316,acall,0x1000,0x01000,yes,other,2,22,0x01315 02 11 00 ljmp 0x1100,,
0x0131C,common,0x131C,acall,0x1000,0x01000,yes,other,1,23,0x0131B 02 11 00 ljmp 0x1100,,
0x01320,common,0x1320,acall,0x1402,0x01402,yes,entry,0,24,"0x0131E 90 bf 91 mov dptr,#0xbf91",,0
0x01322,common,0x1322,acall,0x1000,0x01000,yes,other,2,22,0x01321 02 11 00 ljmp 0x1100,,
0x01328,common,0x1328,acall,0x1000,0x01000,yes,other,2,22,0x01327 02 11 00 ljmp 0x1100,,
0x0132E,common,0x132E,acall,0x1000,0x01000,yes,other,2,22,0x0132D 02 11 00 ljmp 0x1100,,
0x01334,common,0x1334,acall,0x1000,0x01000,yes,other,1,23,0x01333 02 11 00 ljmp 0x1100,,
0x0133A,common,0x133A,acall,0x1000,0x01000,yes,other,1,23,0x01339 02 11 00 ljmp 0x1100,,
0x01340,common,0x1340,acall,0x1000,0x01000,yes,other,1,23,0x0133F 02 11 00 ljmp 0x1100,,
0x01346,common,0x1346,acall,0x1000,0x01000,yes,other,1,23,0x01345 02 11 00 ljmp 0x1100,,
0x0134C,common,0x134C,acall,0x1000,0x01000,yes,other,1,23,0x0134B 02 11 00 ljmp 0x1100,,
0x01352,common,0x1352,acall,0x1000,0x01000,yes,other,1,23,0x01351 02 11 00 ljmp 0x1100,,
0x01358,common,0x1358,acall,0x1000,0x01000,yes,other,1,23,0x01357 02 11 00 ljmp 0x1100,,
0x0135E,common,0x135E,acall,0x1000,0x01000,yes,other,1,23,0x0135D 02 11 00 ljmp 0x1100,,
0x01364,common,0x1364,acall,0x1000,0x01000,yes,other,1,23,0x01363 02 11 00 ljmp 0x1100,,
0x0136A,common,0x136A,acall,0x1000,0x01000,yes,other,2,22,0x01369 02 11 00 ljmp 0x1100,,
0x0136E,common,0x136E,ajmp,0x1502,0x01502,yes,other,0,24,"0x0136C 90 bf a1 mov dptr,#0xbfa1",,
0x01370,common,0x1370,acall,0x1000,0x01000,yes,other,2,22,0x0136F 02 11 00 ljmp 0x1100,,
0x01376,common,0x1376,acall,0x1000,0x01000,yes,other,2,22,0x01375 02 11 00 ljmp 0x1100,,
0x0137C,common,0x137C,acall,0x1000,0x01000,yes,other,1,23,0x0137B 02 11 00 ljmp 0x1100,,
0x01382,common,0x1382,acall,0x1000,0x01000,yes,other,1,23,0x01381 02 11 00 ljmp 0x1100,,
0x01388,common,0x1388,acall,0x1000,0x01000,yes,other,1,23,0x01387 02 11 00 ljmp 0x1100,,
0x0138E,common,0x138E,acall,0x1000,0x01000,yes,other,2,22,0x0138D 02 11 00 ljmp 0x1100,,
0x01394,common,0x1394,acall,0x1000,0x01000,yes,other,2,22,0x01393 02 11 00 ljmp 0x1100,,
0x0139A,common,0x139A,acall,0x1000,0x01000,yes,other,2,22,0x01399 02 11 00 ljmp 0x1100,,
0x013A0,common,0x13A0,acall,0x1000,0x01000,yes,other,2,22,0x0139F 02 11 00 ljmp 0x1100,,
0x013A6,common,0x13A6,acall,0x1000,0x01000,yes,other,2,22,0x013A5 02 11 00 ljmp 0x1100,,
0x013AC,common,0x13AC,acall,0x1000,0x01000,yes,other,2,22,0x013AB 02 11 00 ljmp 0x1100,,
0x013B2,common,0x13B2,acall,0x1000,0x01000,yes,other,2,22,0x013B1 02 11 00 ljmp 0x1100,,
0x013B8,common,0x13B8,acall,0x1000,0x01000,yes,other,2,22,0x013B7 02 11 00 ljmp 0x1100,,
0x013BE,common,0x13BE,acall,0x1000,0x01000,yes,other,2,22,0x013BD 02 11 00 ljmp 0x1100,,
0x013C4,common,0x13C4,acall,0x1000,0x01000,yes,other,2,22,0x013C3 02 11 00 ljmp 0x1100,,
0x013CA,common,0x13CA,acall,0x1000,0x01000,yes,other,2,22,0x013C9 02 11 00 ljmp 0x1100,,
0x013CE,common,0x13CE,acall,0x1502,0x01502,yes,other,0,24,"0x013CC 90 bf b1 mov dptr,#0xbfb1",,
0x013D0,common,0x13D0,acall,0x1000,0x01000,yes,other,2,22,0x013CF 02 11 00 ljmp 0x1100,,
0x013D6,common,0x13D6,acall,0x1000,0x01000,yes,other,2,22,0x013D5 02 11 00 ljmp 0x1100,,
0x013DC,common,0x13DC,acall,0x1000,0x01000,yes,other,1,23,0x013DB 02 11 00 ljmp 0x1100,,
0x013E2,common,0x13E2,acall,0x1000,0x01000,yes,other,1,23,0x013E1 02 11 00 ljmp 0x1100,,
0x013E8,common,0x13E8,acall,0x1000,0x01000,yes,other,1,23,0x013E7 02 11 00 ljmp 0x1100,,
0x013EE,common,0x13EE,acall,0x1000,0x01000,yes,other,1,23,0x013ED 02 11 00 ljmp 0x1100,,
0x013F4,common,0x13F4,acall,0x1000,0x01000,yes,other,1,23,0x013F3 02 11 00 ljmp 0x1100,,
0x013FA,common,0x13FA,acall,0x1000,0x01000,yes,other,1,23,0x013F9 02 11 00 ljmp 0x1100,,
0x01400,common,0x1400,acall,0x1000,0x01000,yes,other,1,23,0x013FF 02 11 00 ljmp 0x1100,,
0x01406,common,0x1406,acall,0x1000,0x01000,yes,other,1,23,0x01405 02 11 00 ljmp 0x1100,,
0x0140C,common,0x140C,acall,0x1000,0x01000,yes,other,1,23,0x0140B 02 11 00 ljmp 0x1100,,
0x01412,common,0x1412,acall,0x1000,0x01000,yes,other,1,23,0x01411 02 11 00 ljmp 0x1100,,
0x01418,common,0x1418,acall,0x1000,0x01000,yes,other,1,23,0x01417 02 11 00 ljmp 0x1100,,
0x0141E,common,0x141E,acall,0x1000,0x01000,yes,other,1,23,0x0141D 02 11 00 ljmp 0x1100,,
0x01424,common,0x1424,acall,0x1000,0x01000,yes,other,1,23,0x01423 02 11 00 ljmp 0x1100,,
0x0142A,common,0x142A,acall,0x1000,0x01000,yes,other,2,22,0x01429 02 11 00 ljmp 0x1100,,
0x0142E,common,0x142E,ajmp,0x1602,0x01602,yes,other,0,24,"0x0142C 90 bf c1 mov dptr,#0xbfc1",,
0x01430,common,0x1430,acall,0x1000,0x01000,yes,other,2,22,0x0142F 02 11 00 ljmp 0x1100,,
0x01436,common,0x1436,acall,0x1000,0x01000,yes,other,2,22,0x01435 02 11 00 ljmp 0x1100,,
0x0143C,common,0x143C,acall,0x1000,0x01000,yes,other,1,23,0x0143B 02 11 00 ljmp 0x1100,,
0x01442,common,0x1442,acall,0x1000,0x01000,yes,other,1,23,0x01441 02 11 00 ljmp 0x1100,,
0x01448,common,0x1448,acall,0x1000,0x01000,yes,other,2,22,0x01447 02 11 00 ljmp 0x1100,,
0x0144E,common,0x144E,acall,0x1000,0x01000,yes,other,1,23,0x0144D 02 11 00 ljmp 0x1100,,
0x01454,common,0x1454,acall,0x1000,0x01000,yes,other,1,23,0x01453 02 11 00 ljmp 0x1100,,
0x0145A,common,0x145A,acall,0x1000,0x01000,yes,other,1,23,0x01459 02 11 00 ljmp 0x1100,,
0x01460,common,0x1460,acall,0x1000,0x01000,yes,other,1,23,0x0145F 02 11 00 ljmp 0x1100,,
0x01466,common,0x1466,acall,0x1000,0x01000,yes,other,1,23,0x01465 02 11 00 ljmp 0x1100,,
0x0146C,common,0x146C,acall,0x1000,0x01000,yes,other,1,23,0x0146B 02 11 00 ljmp 0x1100,,
0x01472,common,0x1472,acall,0x1000,0x01000,yes,other,1,23,0x01471 02 11 00 ljmp 0x1100,,
0x01478,common,0x1478,acall,0x1000,0x01000,yes,other,1,23,0x01477 02 11 00 ljmp 0x1100,,
0x0147E,common,0x147E,acall,0x1000,0x01000,yes,other,1,23,0x0147D 02 11 00 ljmp 0x1100,,
0x01484,common,0x1484,acall,0x1000,0x01000,yes,other,1,23,0x01483 02 11 00 ljmp 0x1100,,
0x0148A,common,0x148A,acall,0x1000,0x01000,yes,other,2,22,0x01489 02 11 00 ljmp 0x1100,,
0x0148E,common,0x148E,acall,0x1602,0x01602,yes,other,0,24,"0x0148C 90 bf d1 mov dptr,#0xbfd1",,
0x01490,common,0x1490,acall,0x1000,0x01000,yes,other,2,22,0x0148F 02 11 00 ljmp 0x1100,,
0x01496,common,0x1496,acall,0x1000,0x01000,yes,other,2,22,0x01495 02 11 00 ljmp 0x1100,,
0x0149C,common,0x149C,acall,0x1000,0x01000,yes,other,1,23,0x0149B 02 11 00 ljmp 0x1100,,
0x014A2,common,0x14A2,acall,0x1000,0x01000,yes,other,1,23,0x014A1 02 11 00 ljmp 0x1100,,
0x014A8,common,0x14A8,acall,0x1000,0x01000,yes,other,1,23,0x014A7 02 11 00 ljmp 0x1100,,
0x014AE,common,0x14AE,acall,0x1000,0x01000,yes,other,1,23,0x014AD 02 11 00 ljmp 0x1100,,
0x014B4,common,0x14B4,acall,0x1000,0x01000,yes,other,1,23,0x014B3 02 11 00 ljmp 0x1100,,
0x014BA,common,0x14BA,acall,0x1000,0x01000,yes,other,2,22,0x014B9 02 11 00 ljmp 0x1100,,
0x014C0,common,0x14C0,acall,0x1000,0x01000,yes,other,2,22,0x014BF 02 11 00 ljmp 0x1100,,
0x014C6,common,0x14C6,acall,0x1000,0x01000,yes,other,2,22,0x014C5 02 11 00 ljmp 0x1100,,
0x014CC,common,0x14CC,acall,0x1000,0x01000,yes,other,2,22,0x014CB 02 11 00 ljmp 0x1100,,
0x014D2,common,0x14D2,acall,0x1000,0x01000,yes,other,1,23,0x014D1 02 11 00 ljmp 0x1100,,
0x014D8,common,0x14D8,acall,0x1000,0x01000,yes,other,1,23,0x014D7 02 11 00 ljmp 0x1100,,
0x014DE,common,0x14DE,acall,0x1000,0x01000,yes,other,0,24,0x014DD 02 11 00 ljmp 0x1100,,
0x014E4,common,0x14E4,acall,0x1000,0x01000,yes,other,1,23,0x014E3 02 11 00 ljmp 0x1100,,
0x014EA,common,0x14EA,acall,0x1000,0x01000,yes,other,2,22,0x014E9 02 11 00 ljmp 0x1100,,
0x014F0,common,0x14F0,acall,0x1000,0x01000,yes,other,2,22,0x014EF 02 11 00 ljmp 0x1100,,
0x014F6,common,0x14F6,acall,0x1000,0x01000,yes,other,1,23,0x014F5 02 11 00 ljmp 0x1100,,
0x014FC,common,0x14FC,acall,0x1000,0x01000,yes,other,0,24,0x014FB 02 11 00 ljmp 0x1100,,
0x01502,common,0x1502,acall,0x1000,0x01000,yes,other,0,24,0x01501 02 11 00 ljmp 0x1100,,
0x01508,common,0x1508,acall,0x1000,0x01000,yes,other,1,23,0x01507 02 11 00 ljmp 0x1100,,
0x0150E,common,0x150E,acall,0x1000,0x01000,yes,other,2,22,0x0150D 02 11 00 ljmp 0x1100,,
0x01514,common,0x1514,acall,0x1014,0x01014,yes,other,0,24,0x01513 02 11 14 ljmp 0x1114,,
0x0151A,common,0x151A,acall,0x1000,0x01000,yes,other,0,24,0x01519 02 11 00 ljmp 0x1100,,
0x01520,common,0x1520,acall,0x1000,0x01000,yes,other,0,24,0x0151F 02 11 00 ljmp 0x1100,,
0x01526,common,0x1526,acall,0x1000,0x01000,yes,other,0,24,0x01525 02 11 00 ljmp 0x1100,,
0x0152C,common,0x152C,acall,0x1000,0x01000,yes,other,0,24,0x0152B 02 11 00 ljmp 0x1100,,
0x01532,common,0x1532,acall,0x1000,0x01000,yes,other,0,24,0x01531 02 11 00 ljmp 0x1100,,
0x01538,common,0x1538,acall,0x1000,0x01000,yes,other,0,24,0x01537 02 11 00 ljmp 0x1100,,
0x0153E,common,0x153E,acall,0x1000,0x01000,yes,other,0,24,0x0153D 02 11 00 ljmp 0x1100,,
0x01544,common,0x1544,acall,0x1000,0x01000,yes,other,0,24,0x01543 02 11 00 ljmp 0x1100,,
0x0154A,common,0x154A,acall,0x1000,0x01000,yes,other,1,23,0x01549 02 11 00 ljmp 0x1100,,
0x0154E,common,0x154E,ajmp,0x1002,0x01002,yes,entry,0,24,"0x0154C 90 85 01 mov dptr,#0x8501",,
0x01550,common,0x1550,acall,0x1000,0x01000,yes,other,2,22,0x0154F 02 11 00 ljmp 0x1100,,
0x01556,common,0x1556,acall,0x1000,0x01000,yes,other,1,23,0x01555 02 11 00 ljmp 0x1100,,
0x0155C,common,0x155C,acall,0x1000,0x01000,yes,other,1,23,0x0155B 02 11 00 ljmp 0x1100,,
0x01562,common,0x1562,acall,0x1000,0x01000,yes,other,1,23,0x01561 02 11 00 ljmp 0x1100,,
0x01568,common,0x1568,acall,0x1000,0x01000,yes,other,1,23,0x01567 02 11 00 ljmp 0x1100,,
0x0156E,common,0x156E,acall,0x1000,0x01000,yes,other,2,22,0x0156D 02 11 00 ljmp 0x1100,,
0x01574,common,0x1574,acall,0x1000,0x01000,yes,other,1,23,0x01573 02 11 00 ljmp 0x1100,,
0x0157A,common,0x157A,acall,0x1000,0x01000,yes,other,1,23,0x01579 02 11 00 ljmp 0x1100,,
0x01580,common,0x1580,acall,0x1000,0x01000,yes,other,1,23,0x0157F 02 11 00 ljmp 0x1100,,
0x01586,common,0x1586,acall,0x1000,0x01000,yes,other,1,23,0x01585 02 11 00 ljmp 0x1100,,
0x0158C,common,0x158C,acall,0x1000,0x01000,yes,other,1,23,0x0158B 02 11 00 ljmp 0x1100,,
0x01592,common,0x1592,acall,0x1000,0x01000,yes,other,0,24,0x01591 02 11 00 ljmp 0x1100,,
0x01598,common,0x1598,acall,0x1000,0x01000,yes,other,0,24,0x01597 02 11 00 ljmp 0x1100,,
0x0159C,common,0x159C,acall,0x1202,0x01202,yes,other,0,24,"0x0159A 90 c2 51 mov dptr,#0xc251",,
0x0159E,common,0x159E,acall,0x1000,0x01000,yes,other,1,23,0x0159D 02 11 00 ljmp 0x1100,,
0x015A2,common,0x15A2,ajmp,0x1202,0x01202,yes,other,1,23,"0x015A0 90 c9 41 mov dptr,#0xc941",,
0x015A4,common,0x15A4,acall,0x1000,0x01000,yes,other,2,22,0x015A3 02 11 00 ljmp 0x1100,,
0x015AA,common,0x15AA,acall,0x1000,0x01000,yes,other,0,24,0x015A9 02 11 00 ljmp 0x1100,,
0x015B0,common,0x15B0,acall,0x1000,0x01000,yes,other,1,23,0x015AF 02 11 00 ljmp 0x1100,,
0x015B6,common,0x15B6,acall,0x1000,0x01000,yes,other,2,22,0x015B5 02 11 00 ljmp 0x1100,,
0x015BA,common,0x15BA,ajmp,0x1402,0x01402,yes,entry,1,23,"0x015B8 90 c8 81 mov dptr,#0xc881",,0
0x015BC,common,0x15BC,acall,0x1000,0x01000,yes,other,2,22,0x015BB 02 11 00 ljmp 0x1100,,
0x015C2,common,0x15C2,acall,0x1000,0x01000,yes,other,0,24,0x015C1 02 11 00 ljmp 0x1100,,
0x015C8,common,0x15C8,acall,0x1000,0x01000,yes,other,0,24,0x015C7 02 11 00 ljmp 0x1100,,
0x015CE,common,0x15CE,acall,0x1000,0x01000,yes,other,2,22,0x015CD 02 11 00 ljmp 0x1100,,
0x015D4,common,0x15D4,acall,0x1000,0x01000,yes,other,0,24,0x015D3 02 11 00 ljmp 0x1100,,
0x015DA,common,0x15DA,acall,0x1000,0x01000,yes,other,2,22,0x015D9 02 11 00 ljmp 0x1100,,
0x015E0,common,0x15E0,acall,0x1000,0x01000,yes,other,0,24,0x015DF 02 11 00 ljmp 0x1100,,
0x015E3,common,0x15E3,ajmp,0x163C,0x0163C,yes,entry,0,24,"0x015E2 90 c1 3c mov dptr,#0xc13c",,1
0x015E6,common,0x15E6,acall,0x1000,0x01000,yes,other,0,24,0x015E5 02 11 00 ljmp 0x1100,,
0x015E9,common,0x15E9,ajmp,0x1634,0x01634,yes,other,0,24,"0x015E8 90 c1 34 mov dptr,#0xc134",,
0x015EC,common,0x15EC,acall,0x1000,0x01000,yes,other,1,23,0x015EB 02 11 00 ljmp 0x1100,,
0x015F2,common,0x15F2,acall,0x1000,0x01000,yes,other,0,24,0x015F1 02 11 00 ljmp 0x1100,,
0x015F8,common,0x15F8,acall,0x1000,0x01000,yes,other,1,23,0x015F7 02 11 00 ljmp 0x1100,,
0x015FE,common,0x15FE,acall,0x1000,0x01000,yes,other,0,24,0x015FD 02 11 00 ljmp 0x1100,,
0x01602,common,0x1602,ajmp,0x1202,0x01202,yes,other,0,24,"0x01600 90 de 41 mov dptr,#0xde41",,
0x01604,common,0x1604,acall,0x1000,0x01000,yes,other,1,23,0x01603 02 11 00 ljmp 0x1100,,
0x0160A,common,0x160A,acall,0x1000,0x01000,yes,other,0,24,0x01609 02 11 00 ljmp 0x1100,,
0x01610,common,0x1610,acall,0x1000,0x01000,yes,other,0,24,0x0160F 02 11 00 ljmp 0x1100,,
0x01616,common,0x1616,acall,0x1000,0x01000,yes,other,0,24,0x01615 02 11 00 ljmp 0x1100,,
0x0161C,common,0x161C,acall,0x1000,0x01000,yes,other,2,22,0x0161B 02 11 00 ljmp 0x1100,,
0x01622,common,0x1622,acall,0x1000,0x01000,yes,other,0,24,0x01621 02 11 00 ljmp 0x1100,,
0x01628,common,0x1628,acall,0x1000,0x01000,yes,other,0,24,0x01627 02 11 00 ljmp 0x1100,,
0x0162E,common,0x162E,acall,0x1000,0x01000,yes,other,1,23,0x0162D 02 11 00 ljmp 0x1100,,
0x01634,common,0x1634,acall,0x1000,0x01000,yes,other,0,24,0x01633 02 11 00 ljmp 0x1100,,
0x01638,common,0x1638,acall,0x1402,0x01402,yes,entry,0,24,"0x01636 90 d9 91 mov dptr,#0xd991",,0
0x0163A,common,0x163A,acall,0x1000,0x01000,yes,other,1,23,0x01639 02 11 00 ljmp 0x1100,,
0x01640,common,0x1640,acall,0x1014,0x01014,yes,other,0,24,0x0163F 02 11 14 ljmp 0x1114,,
0x01646,common,0x1646,acall,0x1014,0x01014,yes,other,0,24,0x01645 02 11 14 ljmp 0x1114,,
0x0164C,common,0x164C,acall,0x1014,0x01014,yes,other,0,24,0x0164B 02 11 14 ljmp 0x1114,,
0x01652,common,0x1652,acall,0x1014,0x01014,yes,other,0,24,0x01651 02 11 14 ljmp 0x1114,,
0x01656,common,0x1656,ajmp,0x1402,0x01402,yes,entry,1,23,"0x01654 90 f3 81 mov dptr,#0xf381",,0
0x01658,common,0x1658,acall,0x1014,0x01014,yes,other,2,22,0x01657 02 11 14 ljmp 0x1114,,
0x0165E,common,0x165E,acall,0x1014,0x01014,yes,other,0,24,0x0165D 02 11 14 ljmp 0x1114,,
0x01661,common,0x1661,acall,0x1760,0x01760,yes,other,0,24,"0x01660 90 f1 60 mov dptr,#0xf160",,
0x01664,common,0x1664,acall,0x1014,0x01014,yes,other,1,23,0x01663 02 11 14 ljmp 0x1114,,
0x0166A,common,0x166A,acall,0x1014,0x01014,yes,other,0,24,0x01669 02 11 14 ljmp 0x1114,,
0x01670,common,0x1670,acall,0x1014,0x01014,yes,other,1,23,0x0166F 02 11 14 ljmp 0x1114,,
0x01676,common,0x1676,acall,0x1014,0x01014,yes,other,0,24,0x01675 02 11 14 ljmp 0x1114,,
0x0167C,common,0x167C,acall,0x1000,0x01000,yes,other,0,24,0x0167B 02 11 00 ljmp 0x1100,,
0x01682,common,0x1682,acall,0x1000,0x01000,yes,other,0,24,0x01681 02 11 00 ljmp 0x1100,,
0x01688,common,0x1688,acall,0x1000,0x01000,yes,other,0,24,0x01687 02 11 00 ljmp 0x1100,,
0x0168E,common,0x168E,acall,0x1000,0x01000,yes,other,0,24,0x0168D 02 11 00 ljmp 0x1100,,
0x01694,common,0x1694,acall,0x1000,0x01000,yes,other,0,24,0x01693 02 11 00 ljmp 0x1100,,
0x0169A,common,0x169A,acall,0x1000,0x01000,yes,other,0,24,0x01699 02 11 00 ljmp 0x1100,,
0x016A0,common,0x16A0,acall,0x1000,0x01000,yes,other,0,24,0x0169F 02 11 00 ljmp 0x1100,,
0x016A6,common,0x16A6,acall,0x1000,0x01000,yes,other,0,24,0x016A5 02 11 00 ljmp 0x1100,,
0x016AC,common,0x16AC,acall,0x1000,0x01000,yes,other,0,24,0x016AB 02 11 00 ljmp 0x1100,,
0x016B2,common,0x16B2,acall,0x1000,0x01000,yes,other,2,22,0x016B1 02 11 00 ljmp 0x1100,,
0x016B8,common,0x16B8,acall,0x1000,0x01000,yes,other,2,22,0x016B7 02 11 00 ljmp 0x1100,,
0x016BE,common,0x16BE,acall,0x1000,0x01000,yes,other,0,24,0x016BD 02 11 00 ljmp 0x1100,,
0x016C2,common,0x16C2,ajmp,0x1302,0x01302,yes,other,1,23,"0x016C0 90 c7 61 mov dptr,#0xc761",,
0x016C4,common,0x16C4,acall,0x1000,0x01000,yes,other,2,22,0x016C3 02 11 00 ljmp 0x1100,,
0x016CA,common,0x16CA,acall,0x1000,0x01000,yes,other,0,24,0x016C9 02 11 00 ljmp 0x1100,,
0x016D0,common,0x16D0,acall,0x1000,0x01000,yes,other,2,22,0x016CF 02 11 00 ljmp 0x1100,,
0x016D6,common,0x16D6,acall,0x1000,0x01000,yes,other,2,22,0x016D5 02 11 00 ljmp 0x1100,,
0x016DC,common,0x16DC,acall,0x1000,0x01000,yes,other,2,22,0x016DB 02 11 00 ljmp 0x1100,,
0x016E2,common,0x16E2,acall,0x1000,0x01000,yes,other,0,24,0x016E1 02 11 00 ljmp 0x1100,,
0x016E8,common,0x16E8,acall,0x1000,0x01000,yes,other,0,24,0x016E7 02 11 00 ljmp 0x1100,,
0x016EC,common,0x16EC,acall,0x1002,0x01002,yes,entry,1,23,"0x016EA 90 c7 11 mov dptr,#0xc711",,
0x016EE,common,0x16EE,acall,0x1000,0x01000,yes,other,2,22,0x016ED 02 11 00 ljmp 0x1100,,
0x016F4,common,0x16F4,acall,0x1000,0x01000,yes,other,0,24,0x016F3 02 11 00 ljmp 0x1100,,
0x016FA,common,0x16FA,acall,0x1000,0x01000,yes,other,0,24,0x016F9 02 11 00 ljmp 0x1100,,
0x016FE,common,0x16FE,ajmp,0x1702,0x01702,yes,entry,1,23,"0x016FC 90 c7 e1 mov dptr,#0xc7e1",,0
0x01700,common,0x1700,acall,0x1000,0x01000,yes,other,2,22,0x016FF 02 11 00 ljmp 0x1100,,
0x01706,common,0x1706,acall,0x1000,0x01000,yes,other,2,22,0x01705 02 11 00 ljmp 0x1100,,
0x0170C,common,0x170C,acall,0x1000,0x01000,yes,other,0,24,0x0170B 02 11 00 ljmp 0x1100,,
0x01712,common,0x1712,acall,0x1000,0x01000,yes,other,0,24,0x01711 02 11 00 ljmp 0x1100,,
0x01718,common,0x1718,acall,0x1000,0x01000,yes,other,0,24,0x01717 02 11 00 ljmp 0x1100,,
0x0171B,common,0x171B,acall,0x1754,0x01754,yes,other,0,24,"0x0171A 90 f1 54 mov dptr,#0xf154",,
0x0171E,common,0x171E,acall,0x1014,0x01014,yes,other,1,23,0x0171D 02 11 14 ljmp 0x1114,,
0x01721,common,0x1721,acall,0x1796,0x01796,yes,other,0,24,"0x01720 90 f1 96 mov dptr,#0xf196",,
0x01724,common,0x1724,acall,0x1014,0x01014,yes,other,0,24,0x01723 02 11 14 ljmp 0x1114,,
0x0172A,common,0x172A,acall,0x1014,0x01014,yes,other,0,24,0x01729 02 11 14 ljmp 0x1114,,
0x01730,common,0x1730,acall,0x1014,0x01014,yes,other,0,24,0x0172F 02 11 14 ljmp 0x1114,,
0x01736,common,0x1736,acall,0x1014,0x01014,yes,other,0,24,0x01735 02 11 14 ljmp 0x1114,,
0x0173C,common,0x173C,acall,0x1000,0x01000,yes,other,1,23,0x0173B 02 11 00 ljmp 0x1100,,
0x01742,common,0x1742,acall,0x1000,0x01000,yes,other,0,24,0x01741 02 11 00 ljmp 0x1100,,
0x01748,common,0x1748,acall,0x1000,0x01000,yes,other,2,22,0x01747 02 11 00 ljmp 0x1100,,
0x0174E,common,0x174E,acall,0x1000,0x01000,yes,other,2,22,0x0174D 02 11 00 ljmp 0x1100,,
0x01754,common,0x1754,acall,0x1000,0x01000,yes,other,0,24,0x01753 02 11 00 ljmp 0x1100,,
0x0175A,common,0x175A,acall,0x1000,0x01000,yes,other,2,22,0x01759 02 11 00 ljmp 0x1100,,
0x01760,common,0x1760,acall,0x1000,0x01000,yes,other,2,22,0x0175F 02 11 00 ljmp 0x1100,,
0x01764,common,0x1764,ajmp,0x1002,0x01002,yes,entry,0,24,"0x01762 90 c2 01 mov dptr,#0xc201",,
0x01766,common,0x1766,acall,0x1000,0x01000,yes,other,1,23,0x01765 02 11 00 ljmp 0x1100,,
0x0176C,common,0x176C,acall,0x1000,0x01000,yes,other,0,24,0x0176B 02 11 00 ljmp 0x1100,,
0x01772,common,0x1772,acall,0x1000,0x01000,yes,other,0,24,0x01771 02 11 00 ljmp 0x1100,,
0x01778,common,0x1778,acall,0x1000,0x01000,yes,other,0,24,0x01777 02 11 00 ljmp 0x1100,,
0x0177E,common,0x177E,acall,0x1000,0x01000,yes,other,0,24,0x0177D 02 11 00 ljmp 0x1100,,
0x01784,common,0x1784,acall,0x1000,0x01000,yes,other,0,24,0x01783 02 11 00 ljmp 0x1100,,
0x0178A,common,0x178A,acall,0x1000,0x01000,yes,other,0,24,0x01789 02 11 00 ljmp 0x1100,,
0x01790,common,0x1790,acall,0x1000,0x01000,yes,other,0,24,0x0178F 02 11 00 ljmp 0x1100,,
0x01796,common,0x1796,acall,0x1000,0x01000,yes,other,0,24,0x01795 02 11 00 ljmp 0x1100,,
0x0179C,common,0x179C,acall,0x1000,0x01000,yes,other,0,24,0x0179B 02 11 00 ljmp 0x1100,,
0x0179F,common,0x179F,ajmp,0x1664,0x01664,yes,other,0,24,"0x0179E 90 c1 64 mov dptr,#0xc164",,
0x017A2,common,0x17A2,acall,0x1000,0x01000,yes,other,1,23,0x017A1 02 11 00 ljmp 0x1100,,
0x017A8,common,0x17A8,acall,0x1000,0x01000,yes,other,0,24,0x017A7 02 11 00 ljmp 0x1100,,
0x017AE,common,0x17AE,acall,0x1000,0x01000,yes,other,0,24,0x017AD 02 11 00 ljmp 0x1100,,
0x017B4,common,0x17B4,acall,0x1000,0x01000,yes,other,0,24,0x017B3 02 11 00 ljmp 0x1100,,
0x017BA,common,0x17BA,acall,0x1000,0x01000,yes,other,0,24,0x017B9 02 11 00 ljmp 0x1100,,
0x017C0,common,0x17C0,acall,0x1000,0x01000,yes,other,0,24,0x017BF 02 11 00 ljmp 0x1100,,
0x017C6,common,0x17C6,acall,0x1000,0x01000,yes,other,1,23,0x017C5 02 11 00 ljmp 0x1100,,
0x017CC,common,0x17CC,acall,0x1000,0x01000,yes,other,2,22,0x017CB 02 11 00 ljmp 0x1100,,
0x017CF,common,0x17CF,ajmp,0x16A1,0x016A1,yes,other,0,24,"0x017CE 90 c1 a1 mov dptr,#0xc1a1",,
0x017D0,common,0x17D0,ajmp,0x1502,0x01502,yes,other,0,24,"0x017CE 90 c1 a1 mov dptr,#0xc1a1",,
0x017D2,common,0x17D2,acall,0x1000,0x01000,yes,other,1,23,0x017D1 02 11 00 ljmp 0x1100,,
0x017D5,common,0x17D5,ajmp,0x164C,0x0164C,yes,other,0,24,"0x017D4 90 c1 4c mov dptr,#0xc14c",,
0x017D8,common,0x17D8,acall,0x1000,0x01000,yes,other,0,24,0x017D7 02 11 00 ljmp 0x1100,,
0x017DE,common,0x17DE,acall,0x1000,0x01000,yes,other,2,22,0x017DD 02 11 00 ljmp 0x1100,,
0x017E4,common,0x17E4,acall,0x1000,0x01000,yes,other,2,22,0x017E3 02 11 00 ljmp 0x1100,,
0x017EA,common,0x17EA,acall,0x1000,0x01000,yes,other,0,24,0x017E9 02 11 00 ljmp 0x1100,,
0x017F0,common,0x17F0,acall,0x1000,0x01000,yes,other,0,24,0x017EF 02 11 00 ljmp 0x1100,,
0x017F6,common,0x17F6,acall,0x1000,0x01000,yes,other,0,24,0x017F5 02 11 00 ljmp 0x1100,,
0x017FA,common,0x17FA,ajmp,0x1502,0x01502,yes,other,1,23,"0x017F8 90 cd a1 mov dptr,#0xcda1",,
0x017FC,common,0x17FC,acall,0x1000,0x01000,yes,other,2,22,0x017FB 02 11 00 ljmp 0x1100,,
0x01802,common,0x1802,acall,0x1800,0x01800,yes,other,0,24,0x01801 02 11 00 ljmp 0x1100,,
0x01808,common,0x1808,acall,0x1800,0x01800,yes,other,2,22,0x01807 02 11 00 ljmp 0x1100,,
0x0180E,common,0x180E,acall,0x1800,0x01800,yes,other,0,24,0x0180D 02 11 00 ljmp 0x1100,,
0x01811,common,0x1811,ajmp,0x1EA9,0x01EA9,yes,other,0,24,"0x01810 90 c1 a9 mov dptr,#0xc1a9",,
0x01814,common,0x1814,acall,0x1800,0x01800,yes,other,1,23,0x01813 02 11 00 ljmp 0x1100,,
0x0181A,common,0x181A,acall,0x1800,0x01800,yes,other,0,24,0x01819 02 11 00 ljmp 0x1100,,
0x01820,common,0x1820,acall,0x1800,0x01800,yes,other,0,24,0x0181F 02 11 00 ljmp 0x1100,,
0x01826,common,0x1826,acall,0x1800,0x01800,yes,other,0,24,0x01825 02 11 00 ljmp 0x1100,,
0x0182C,common,0x182C,acall,0x1800,0x01800,yes,other,0,24,0x0182B 02 11 00 ljmp 0x1100,,
0x01832,common,0x1832,acall,0x1800,0x01800,yes,other,1,23,0x01831 02 11 00 ljmp 0x1100,,
0x01838,common,0x1838,acall,0x1800,0x01800,yes,other,2,22,0x01837 02 11 00 ljmp 0x1100,,
0x0183E,common,0x183E,acall,0x1800,0x01800,yes,other,2,22,0x0183D 02 11 00 ljmp 0x1100,,
0x01844,common,0x1844,acall,0x1800,0x01800,yes,other,0,24,0x01843 02 11 00 ljmp 0x1100,,
0x0184A,common,0x184A,acall,0x1800,0x01800,yes,other,0,24,0x01849 02 11 00 ljmp 0x1100,,
0x01850,common,0x1850,acall,0x1800,0x01800,yes,other,2,22,0x0184F 02 11 00 ljmp 0x1100,,
0x01856,common,0x1856,acall,0x1800,0x01800,yes,other,0,24,0x01855 02 11 00 ljmp 0x1100,,
0x0185C,common,0x185C,acall,0x1800,0x01800,yes,other,0,24,0x0185B 02 11 00 ljmp 0x1100,,
0x01860,common,0x1860,ajmp,0x1C02,0x01C02,yes,other,1,23,"0x0185E 90 cb 81 mov dptr,#0xcb81",,
0x01862,common,0x1862,acall,0x1800,0x01800,yes,other,2,22,0x01861 02 11 00 ljmp 0x1100,,
0x01868,common,0x1868,acall,0x1800,0x01800,yes,other,2,22,0x01867 02 11 00 ljmp 0x1100,,
0x0186E,common,0x186E,acall,0x1800,0x01800,yes,other,0,24,0x0186D 02 11 00 ljmp 0x1100,,
0x01874,common,0x1874,acall,0x1800,0x01800,yes,other,2,22,0x01873 02 11 00 ljmp 0x1100,,
0x0187A,common,0x187A,acall,0x1800,0x01800,yes,other,0,24,0x01879 02 11 00 ljmp 0x1100,,
0x01880,common,0x1880,acall,0x1800,0x01800,yes,other,0,24,0x0187F 02 11 00 ljmp 0x1100,,
0x01886,common,0x1886,acall,0x1800,0x01800,yes,other,0,24,0x01885 02 11 00 ljmp 0x1100,,
0x0188C,common,0x188C,acall,0x1814,0x01814,yes,other,0,24,0x0188B 02 11 14 ljmp 0x1114,,
0x01892,common,0x1892,acall,0x1814,0x01814,yes,other,0,24,0x01891 02 11 14 ljmp 0x1114,,
0x01898,common,0x1898,acall,0x1814,0x01814,yes,other,1,23,0x01897 02 11 14 ljmp 0x1114,,
0x0189E,common,0x189E,acall,0x1814,0x01814,yes,other,2,22,0x0189D 02 11 14 ljmp 0x1114,,
0x018A4,common,0x18A4,acall,0x1814,0x01814,yes,other,0,24,0x018A3 02 11 14 ljmp 0x1114,,
0x018AA,common,0x18AA,acall,0x1814,0x01814,yes,other,1,23,0x018A9 02 11 14 ljmp 0x1114,,
0x018B0,common,0x18B0,acall,0x1814,0x01814,yes,other,0,24,0x018AF 02 11 14 ljmp 0x1114,,
0x018B3,common,0x18B3,ajmp,0x1CC5,0x01CC5,yes,other,0,24,"0x018B2 90 81 c5 mov dptr,#0x81c5",,
0x018B6,common,0x18B6,acall,0x1814,0x01814,yes,other,1,23,0x018B5 02 11 14 ljmp 0x1114,,
0x018BC,common,0x18BC,acall,0x1814,0x01814,yes,other,0,24,0x018BB 02 11 14 ljmp 0x1114,,
0x018C0,common,0x18C0,ajmp,0x1B02,0x01B02,yes,entry,0,24,"0x018BE 90 82 61 mov dptr,#0x8261",,
0x018C2,common,0x18C2,acall,0x1814,0x01814,yes,other,1,23,0x018C1 02 11 14 ljmp 0x1114,,
0x018C5,common,0x18C5,ajmp,0x1C8A,0x01C8A,yes,other,0,24,"0x018C4 90 81 8a mov dptr,#0x818a",,
0x018C8,common,0x18C8,acall,0x1814,0x01814,yes,other,1,23,0x018C7 02 11 14 ljmp 0x1114,,
0x018CE,common,0x18CE,acall,0x1814,0x01814,yes,other,1,23,0x018CD 02 11 14 ljmp 0x1114,,
0x018D4,common,0x18D4,acall,0x1814,0x01814,yes,other,2,22,0x018D3 02 11 14 ljmp 0x1114,,
0x018DA,common,0x18DA,acall,0x1814,0x01814,yes,other,0,24,0x018D9 02 11 14 ljmp 0x1114,,
0x018E0,common,0x18E0,acall,0x1814,0x01814,yes,other,0,24,0x018DF 02 11 14 ljmp 0x1114,,
0x018E6,common,0x18E6,acall,0x1814,0x01814,yes,other,0,24,0x018E5 02 11 14 ljmp 0x1114,,
0x018EC,common,0x18EC,acall,0x1814,0x01814,yes,other,0,24,0x018EB 02 11 14 ljmp 0x1114,,
0x018F2,common,0x18F2,acall,0x1814,0x01814,yes,other,1,23,0x018F1 02 11 14 ljmp 0x1114,,
0x018F8,common,0x18F8,acall,0x1814,0x01814,yes,other,0,24,0x018F7 02 11 14 ljmp 0x1114,,
0x018FE,common,0x18FE,acall,0x1814,0x01814,yes,other,1,23,0x018FD 02 11 14 ljmp 0x1114,,
0x01904,common,0x1904,acall,0x1814,0x01814,yes,other,0,24,0x01903 02 11 14 ljmp 0x1114,,
0x0190A,common,0x190A,acall,0x1814,0x01814,yes,other,1,23,0x01909 02 11 14 ljmp 0x1114,,
0x01910,common,0x1910,acall,0x1814,0x01814,yes,other,1,23,0x0190F 02 11 14 ljmp 0x1114,,
0x01914,common,0x1914,ajmp,0x1C02,0x01C02,yes,other,0,24,"0x01912 90 86 81 mov dptr,#0x8681",,
0x01916,common,0x1916,acall,0x1814,0x01814,yes,other,1,23,0x01915 02 11 14 ljmp 0x1114,,
0x0191C,common,0x191C,acall,0x1814,0x01814,yes,other,0,24,0x0191B 02 11 14 ljmp 0x1114,,
0x01922,common,0x1922,acall,0x1814,0x01814,yes,other,1,23,0x01921 02 11 14 ljmp 0x1114,,
0x01928,common,0x1928,acall,0x1814,0x01814,yes,other,0,24,0x01927 02 11 14 ljmp 0x1114,,
0x0192E,common,0x192E,acall,0x1814,0x01814,yes,other,0,24,0x0192D 02 11 14 ljmp 0x1114,,
0x01934,common,0x1934,acall,0x1814,0x01814,yes,other,0,24,0x01933 02 11 14 ljmp 0x1114,,
0x01938,common,0x1938,ajmp,0x1802,0x01802,yes,other,1,23,"0x01936 90 9f 01 mov dptr,#0x9f01",,
0x0193A,common,0x193A,acall,0x1814,0x01814,yes,other,2,22,0x01939 02 11 14 ljmp 0x1114,,
0x01940,common,0x1940,acall,0x1814,0x01814,yes,other,1,23,0x0193F 02 11 14 ljmp 0x1114,,
0x01946,common,0x1946,acall,0x1814,0x01814,yes,other,0,24,0x01945 02 11 14 ljmp 0x1114,,
0x0194C,common,0x194C,acall,0x1814,0x01814,yes,other,1,23,0x0194B 02 11 14 ljmp 0x1114,,
0x01952,common,0x1952,acall,0x1814,0x01814,yes,other,0,24,0x01951 02 11 14 ljmp 0x1114,,
0x01958,common,0x1958,acall,0x1814,0x01814,yes,other,0,24,0x01957 02 11 14 ljmp 0x1114,,
0x0195E,common,0x195E,acall,0x1800,0x01800,yes,other,0,24,0x0195D 02 11 00 ljmp 0x1100,,
0x01964,common,0x1964,acall,0x1800,0x01800,yes,other,0,24,0x01963 02 11 00 ljmp 0x1100,,
0x0196A,common,0x196A,acall,0x1800,0x01800,yes,other,2,22,0x01969 02 11 00 ljmp 0x1100,,
0x01970,common,0x1970,acall,0x1800,0x01800,yes,other,2,22,0x0196F 02 11 00 ljmp 0x1100,,
0x01976,common,0x1976,acall,0x1800,0x01800,yes,other,0,24,0x01975 02 11 00 ljmp 0x1100,,
0x0197C,common,0x197C,acall,0x1814,0x01814,yes,other,0,24,0x0197B 02 11 14 ljmp 0x1114,,
0x01982,common,0x1982,acall,0x1814,0x01814,yes,other,0,24,0x01981 02 11 14 ljmp 0x1114,,
0x01985,common,0x1985,ajmp,0x1E0C,0x01E0C,yes,other,0,24,"0x01984 90 c1 0c mov dptr,#0xc10c",,
0x01988,common,0x1988,acall,0x1800,0x01800,yes,other,0,24,0x01987 02 11 00 ljmp 0x1100,,
0x0198B,common,0x198B,ajmp,0x1EE7,0x01EE7,yes,entry,0,24,"0x0198A 90 c1 e7 mov dptr,#0xc1e7",,
0x0198E,common,0x198E,acall,0x1800,0x01800,yes,other,0,24,0x0198D 02 11 00 ljmp 0x1100,,
0x01992,common,0x1992,acall,0x1C02,0x01C02,yes,other,1,23,"0x01990 90 c3 91 mov dptr,#0xc391",,
0x01994,common,0x1994,acall,0x1800,0x01800,yes,other,2,22,0x01993 02 11 00 ljmp 0x1100,,
0x0199A,common,0x199A,acall,0x1800,0x01800,yes,other,0,24,0x01999 02 11 00 ljmp 0x1100,,
0x019A0,common,0x19A0,acall,0x1800,0x01800,yes,other,0,24,0x0199F 02 11 00 ljmp 0x1100,,
0x019A6,common,0x19A6,acall,0x1800,0x01800,yes,other,0,24,0x019A5 02 11 00 ljmp 0x1100,,
0x019A9,common,0x19A9,ajmp,0x1E18,0x01E18,yes,other,0,24,"0x019A8 90 c1 18 mov dptr,#0xc118",,
0x019AC,common,0x19AC,acall,0x1800,0x01800,yes,other,0,24,0x019AB 02 11 00 ljmp 0x1100,,
0x019B2,common,0x19B2,acall,0x1800,0x01800,yes,other,2,22,0x019B1 02 11 00 ljmp 0x1100,,
0x019B8,common,0x19B8,acall,0x1800,0x01800,yes,other,2,22,0x019B7 02 11 00 ljmp 0x1100,,
0x019BC,common,0x19BC,ajmp,0x1C02,0x01C02,yes,other,1,23,"0x019BA 90 c3 81 mov dptr,#0xc381",,
0x019BE,common,0x19BE,acall,0x1800,0x01800,yes,other,2,22,0x019BD 02 11 00 ljmp 0x1100,,
0x019C4,common,0x19C4,acall,0x1800,0x01800,yes,other,0,24,0x019C3 02 11 00 ljmp 0x1100,,
0x019CA,common,0x19CA,acall,0x1800,0x01800,yes,other,0,24,0x019C9 02 11 00 ljmp 0x1100,,
0x019D0,common,0x19D0,acall,0x1800,0x01800,yes,other,1,23,0x019CF 02 11 00 ljmp 0x1100,,
0x019D6,common,0x19D6,acall,0x1800,0x01800,yes,other,1,23,0x019D5 02 11 00 ljmp 0x1100,,
0x019DC,common,0x19DC,acall,0x1800,0x01800,yes,other,0,24,0x019DB 02 11 00 ljmp 0x1100,,
0x019DF,common,0x19DF,ajmp,0x1E74,0x01E74,yes,other,0,24,"0x019DE 90 c1 74 mov dptr,#0xc174",,
0x019E2,common,0x19E2,acall,0x1800,0x01800,yes,other,1,23,0x019E1 02 11 00 ljmp 0x1100,,
0x019E8,common,0x19E8,acall,0x1800,0x01800,yes,other,1,23,0x019E7 02 11 00 ljmp 0x1100,,
0x019EE,common,0x19EE,acall,0x1800,0x01800,yes,other,2,22,0x019ED 02 11 00 ljmp 0x1100,,
0x019F4,common,0x19F4,acall,0x1800,0x01800,yes,other,0,24,0x019F3 02 11 00 ljmp 0x1100,,
0x019FA,common,0x19FA,acall,0x1800,0x01800,yes,other,2,22,0x019F9 02 11 00 ljmp 0x1100,,
0x01A00,common,0x1A00,acall,0x1800,0x01800,yes,other,1,23,0x019FF 02 11 00 ljmp 0x1100,,
0x01A06,common,0x1A06,acall,0x1800,0x01800,yes,other,0,24,0x01A05 02 11 00 ljmp 0x1100,,
0x01A0C,common,0x1A0C,acall,0x1800,0x01800,yes,other,1,23,0x01A0B 02 11 00 ljmp 0x1100,,
0x01A12,common,0x1A12,acall,0x1800,0x01800,yes,other,1,23,0x01A11 02 11 00 ljmp 0x1100,,
0x01A18,common,0x1A18,acall,0x1800,0x01800,yes,other,0,24,0x01A17 02 11 00 ljmp 0x1100,,
0x01A1E,common,0x1A1E,acall,0x1800,0x01800,yes,other,0,24,0x01A1D 02 11 00 ljmp 0x1100,,
0x01A24,common,0x1A24,acall,0x1800,0x01800,yes,other,0,24,0x01A23 02 11 00 ljmp 0x1100,,
0x01A27,common,0x1A27,ajmp,0x1EB1,0x01EB1,yes,other,0,24,"0x01A26 90 c1 b1 mov dptr,#0xc1b1",,
0x01A28,common,0x1A28,acall,0x1D02,0x01D02,yes,entry,0,24,"0x01A26 90 c1 b1 mov dptr,#0xc1b1",,
0x01A2A,common,0x1A2A,acall,0x1800,0x01800,yes,other,1,23,0x01A29 02 11 00 ljmp 0x1100,,
0x01A30,common,0x1A30,acall,0x1800,0x01800,yes,other,0,24,0x01A2F 02 11 00 ljmp 0x1100,,
0x01A36,common,0x1A36,acall,0x1800,0x01800,yes,other,1,23,0x01A35 02 11 00 ljmp 0x1100,,
0x01A3C,common,0x1A3C,acall,0x1800,0x01800,yes,other,0,24,0x01A3B 02 11 00 ljmp 0x1100,,
0x01A3F,common,0x1A3F,ajmp,0x1ED9,0x01ED9,yes,other,0,24,"0x01A3E 90 c1 d9 mov dptr,#0xc1d9",,
0x01A42,common,0x1A42,acall,0x1800,0x01800,yes,other,1,23,0x01A41 02 11 00 ljmp 0x1100,,
0x01A45,common,0x1A45,ajmp,0x1ED8,0x01ED8,yes,entry,0,24,"0x01A44 90 c1 d8 mov dptr,#0xc1d8",,
0x01A48,common,0x1A48,acall,0x1800,0x01800,yes,other,1,23,0x01A47 02 11 00 ljmp 0x1100,,
0x01A4E,common,0x1A4E,acall,0x1800,0x01800,yes,other,0,24,0x01A4D 02 11 00 ljmp 0x1100,,
0x01A54,common,0x1A54,acall,0x1800,0x01800,yes,other,1,23,0x01A53 02 11 00 ljmp 0x1100,,
0x01A5A,common,0x1A5A,acall,0x1800,0x01800,yes,other,0,24,0x01A59 02 11 00 ljmp 0x1100,,
0x01A60,common,0x1A60,acall,0x1800,0x01800,yes,other,0,24,0x01A5F 02 11 00 ljmp 0x1100,,
0x01A63,common,0x1A63,ajmp,0x1E54,0x01E54,yes,other,0,24,"0x01A62 90 c1 54 mov dptr,#0xc154",,
0x01A66,common,0x1A66,acall,0x1800,0x01800,yes,other,1,23,0x01A65 02 11 00 ljmp 0x1100,,
0x01A6C,common,0x1A6C,acall,0x1800,0x01800,yes,other,1,23,0x01A6B 02 11 00 ljmp 0x1100,,
0x01A72,common,0x1A72,acall,0x1800,0x01800,yes,other,0,24,0x01A71 02 11 00 ljmp 0x1100,,
0x01A78,common,0x1A78,acall,0x1800,0x01800,yes,other,0,24,0x01A77 02 11 00 ljmp 0x1100,,
0x01A7B,common,0x1A7B,ajmp,0x1E6C,0x01E6C,yes,other,0,24,"0x01A7A 90 c1 6c mov dptr,#0xc16c",,
0x01A7E,common,0x1A7E,acall,0x1800,0x01800,yes,other,0,24,0x01A7D 02 11 00 ljmp 0x1100,,
0x01A84,common,0x1A84,acall,0x1800,0x01800,yes,other,2,22,0x01A83 02 11 00 ljmp 0x1100,,
0x01A8A,common,0x1A8A,acall,0x1800,0x01800,yes,other,0,24,0x01A89 02 11 00 ljmp 0x1100,,
0x01A90,common,0x1A90,acall,0x1800,0x01800,yes,other,0,24,0x01A8F 02 11 00 ljmp 0x1100,,
0x01A96,common,0x1A96,acall,0x1800,0x01800,yes,other,0,24,0x01A95 02 11 00 ljmp 0x1100,,
0x01A9A,common,0x1A9A,acall,0x1902,0x01902,yes,other,0,24,"0x01A98 90 80 31 mov dptr,#0x8031",,
0x01A9C,common,0x1A9C,acall,0x1800,0x01800,yes,other,1,23,0x01A9B 02 11 00 ljmp 0x1100,,
0x01AA2,common,0x1AA2,acall,0x1800,0x01800,yes,other,0,24,0x01AA1 02 11 00 ljmp 0x1100,,
0x01AA8,common,0x1AA8,acall,0x1800,0x01800,yes,other,0,24,0x01AA7 02 11 00 ljmp 0x1100,,
0x01AAE,common,0x1AAE,acall,0x1800,0x01800,yes,other,1,23,0x01AAD 02 11 00 ljmp 0x1100,,
0x01AB4,common,0x1AB4,acall,0x1800,0x01800,yes,other,0,24,0x01AB3 02 11 00 ljmp 0x1100,,
0x01AB7,common,0x1AB7,ajmp,0x1E84,0x01E84,yes,other,0,24,"0x01AB6 90 c1 84 mov dptr,#0xc184",,
0x01ABA,common,0x1ABA,acall,0x1800,0x01800,yes,other,0,24,0x01AB9 02 11 00 ljmp 0x1100,,
0x01ABD,common,0x1ABD,ajmp,0x1E7C,0x01E7C,yes,other,0,24,"0x01ABC 90 c1 7c mov dptr,#0xc17c",,
0x01AC0,common,0x1AC0,acall,0x1800,0x01800,yes,other,1,23,0x01ABF 02 11 00 ljmp 0x1100,,
0x01AF4,common,0x1AF4,ajmp,0x1870,0x01870,yes,entry,0,24,"0x01AF3 64 01 xrl a,#0x01",,0
0x01B03,common,0x1B03,ajmp,0x19EB,0x019EB,yes,entry,0,24,0x01B02 12 21 eb lcall 0x21eb,,
0x01B1A,common,0x1B1A,ajmp,0x19EB,0x019EB,yes,entry,0,24,0x01B19 12 21 eb lcall 0x21eb,,
0x01B2E,common,0x1B2E,ajmp,0x18F0,0x018F0,yes,other,0,24,"0x01B2D 74 01 mov a,#0x01",,
0x01B39,common,0x1B39,acall,0x18C0,0x018C0,yes,other,1,23,0x01B37 12 22 11 lcall 0x2211,,
0x01B44,common,0x1B44,ajmp,0x19E2,0x019E2,yes,other,0,24,0x01B43 12 21 e2 lcall 0x21e2,,
0x01B5F,common,0x1B5F,ajmp,0x1990,0x01990,yes,entry,1,23,"0x01B5D 30 e0 21 jnb acc.0,0x1b81",,0
0x01B68,common,0x1B68,acall,0x18C0,0x018C0,yes,other,1,23,0x01B66 12 22 11 lcall 0x2211,,
0x01B73,common,0x1B73,ajmp,0x19E2,0x019E2,yes,other,0,24,0x01B72 12 21 e2 lcall 0x21e2,,
0x01B8C,common,0x1B8C,acall,0x1812,0x01812,yes,other,1,23,"0x01B8A 20 e0 11 jb acc.0,0x1b9e",,
0x01B8E,common,0x1B8E,ajmp,0x19EB,0x019EB,yes,entry,2,22,0x01B8D 12 21 eb lcall 0x21eb,,
0x01BA2,common,0x1BA2,ajmp,0x18F0,0x018F0,yes,other,0,24,"0x01BA1 74 01 mov a,#0x01",,
0x01BEB,common,0x1BEB,ajmp,0x18F0,0x018F0,yes,other,0,24,"0x01BEA 64 01 xrl a,#0x01",,
0x01C08,common,0x1C08,acall,0x1E90,0x01E90,yes,other,1,23,0x01C06 02 1c d1 ljmp 0x1cd1,,
0x01C1D,common,0x1C1D,acall,0x1E90,0x01E90,yes,other,1,23,0x01C1B 02 1c d1 ljmp 0x1cd1,,
0x01C50,common,0x1C50,ajmp,0x1806,0x01806,yes,entry,2,22,"0x01C4F bf 01 06 cjne r7,#0x01,0x1c58",,
0x01C7B,common,0x1C7B,acall,0x1B10,0x01B10,yes,other,0,24,0x01C7A 12 71 10 lcall 0x7110,,
0x01C8A,common,0x1C8A,ajmp,0x1812,0x01812,yes,other,1,23,"0x01C88 90 6a 01 mov dptr,#0x6a01",,
0x01C8C,common,0x1C8C,acall,0x1B10,0x01B10,yes,other,2,22,0x01C8B 12 71 10 lcall 0x7110,,
0x01C92,common,0x1C92,ajmp,0x1893,0x01893,yes,other,0,24,"0x01C91 74 01 mov a,#0x01",,
0x01CD4,common,0x1CD4,acall,0x1AEF,0x01AEF,yes,entry,1,23,"0x01CD2 90 0a 51 mov dptr,#0x0a51",,
0x01CDF,common,0x1CDF,acall,0x1AE0,0x01AE0,yes,other,1,23,"0x01CDD 90 0a 51 mov dptr,#0x0a51",,
0x01CF2,common,0x1CF2,acall,0x1AE0,0x01AE0,yes,other,1,23,"0x01CF0 90 0a 51 mov dptr,#0x0a51",,
0x01D19,common,0x1D19,ajmp,0x19F5,0x019F5,yes,other,0,24,"0x01D18 34 21 addc a,#0x21",,
0x01D22,common,0x1D22,acall,0x1AEF,0x01AEF,yes,entry,1,23,"0x01D20 90 0a 51 mov dptr,#0x0a51",,
0x01D2C,common,0x1D2C,ajmp,0x1F22,0x01F22,yes,other,0,24,"0x01D2B 30 e1 22 jnb acc.1,0x1d50",,
0x01D34,common,0x1D34,ajmp,0x18FF,0x018FF,yes,other,0,24,"0x01D33 54 01 anl a,#0x01",,
0x01D3B,common,0x1D3B,ajmp,0x184F,0x0184F,yes,entry,0,24,"0x01D3A 54 01 anl a,#0x01",,
0x01D40,common,0x1D40,ajmp,0x19DC,0x019DC,yes,other,0,24,0x01D3F 12 21 dc lcall 0x21dc,,
0x01D52,common,0x1D52,acall,0x1AE0,0x01AE0,yes,other,1,23,"0x01D50 90 0a 51 mov dptr,#0x0a51",,
0x01D63,common,0x1D63,ajmp,0x19DF,0x019DF,yes,other,0,24,0x01D62 12 21 df lcall 0x21df,,
0x01D82,common,0x1D82,ajmp,0x19DC,0x019DC,yes,other,0,24,0x01D81 12 21 dc lcall 0x21dc,,
0x01D94,common,0x1D94,acall,0x1AE0,0x01AE0,yes,other,1,23,"0x01D92 90 0a 51 mov dptr,#0x0a51",,
0x01DA1,common,0x1DA1,ajmp,0x19DF,0x019DF,yes,other,0,24,0x01DA0 12 21 df lcall 0x21df,,
0x01DB3,common,0x1DB3,acall,0x1AE0,0x01AE0,yes,other,1,23,"0x01DB1 90 0a 51 mov dptr,#0x0a51",,
0x01DC5,common,0x1DC5,ajmp,0x180E,0x0180E,yes,other,2,22,"0x01DC4 bf 01 0e cjne r7,#0x01,0x1dd5",,
0x01DC8,common,0x1DC8,ajmp,0x19DC,0x019DC,yes,other,0,24,0x01DC7 12 21 dc lcall 0x21dc,,
0x01DDA,common,0x1DDA,acall,0x1AE0,0x01AE0,yes,other,1,23,"0x01DD8 90 0a 51 mov dptr,#0x0a51",,
0x01DE6,common,0x1DE6,ajmp,0x19DC,0x019DC,yes,other,0,24,0x01DE5 12 21 dc lcall 0x21dc,,
0x01DF8,common,0x1DF8,acall,0x1AE0,0x01AE0,yes,other,1,23,"0x01DF6 90 0a 51 mov dptr,#0x0a51",,
0x01E04,common,0x1E04,ajmp,0x19DC,0x019DC,yes,other,0,24,0x01E03 12 21 dc lcall 0x21dc,,
0x01E21,common,0x1E21,ajmp,0x1805,0x01805,yes,other,0,24,"0x01E20 b4 01 05 cjne a,#0x01,0x1e28",,
0x01E37,common,0x1E37,acall,0x1B60,0x01B60,yes,entry,0,24,"0x01E36 64 71 xrl a,#0x71",,
0x01E62,common,0x1E62,ajmp,0x1822,0x01822,yes,entry,0,24,"0x01E61 7f 01 mov r7,#0x01",,0
0x01E85,common,0x1E85,ajmp,0x1860,0x01860,yes,other,0,24,"0x01E84 64 01 xrl a,#0x01",,
0x01E8B,common,0x1E8B,ajmp,0x1870,0x01870,yes,entry,0,24,"0x01E8A 64 01 xrl a,#0x01",,0
0x01EC1,common,0x1EC1,acall,0x187F,0x0187F,yes,entry,1,23,"0x01EBF 30 4a 11 jnb 0x29.2,0x1ed3",,
0x01F00,common,0x1F00,ajmp,0x1805,0x01805,yes,other,0,24,"0x01EFF b4 01 05 cjne a,#0x01,0x1f07",,
0x01F14,common,0x1F14,ajmp,0x1870,0x01870,yes,entry,0,24,"0x01F13 64 01 xrl a,#0x01",,0
0x01F1A,common,0x1F1A,ajmp,0x1870,0x01870,yes,entry,0,24,"0x01F19 64 01 xrl a,#0x01",,0
0x01F22,common,0x1F22,ajmp,0x1B20,0x01B20,yes,other,1,23,"0x01F20 20 49 61 jb 0x29.1,0x1f84",,
0x01F2E,common,0x1F2E,ajmp,0x1A30,0x01A30,yes,other,0,24,0x01F2D 80 41 sjmp 0x1f70,,
0x01F31,common,0x1F31,acall,0x1830,0x01830,yes,entry,2,22,"0x01F2F 30 49 11 jnb 0x29.1,0x1f43",,
0x01F59,common,0x1F59,acall,0x1830,0x01830,yes,entry,1,23,"0x01F57 30 49 11 jnb 0x29.1,0x1f6b",,
0x01F8E,common,0x1F8E,ajmp,0x1870,0x01870,yes,entry,0,24,"0x01F8D 64 01 xrl a,#0x01",,0
0x01F94,common,0x1F94,ajmp,0x1979,0x01979,yes,other,0,24,"0x01F93 7a 21 mov r2,#0x21",,
0x01FAE,common,0x1FAE,ajmp,0x1979,0x01979,yes,other,0,24,"0x01FAD 7a 21 mov r2,#0x21",,
0x01FBB,common,0x1FBB,ajmp,0x1A7B,0x01A7B,yes,other,1,23,"0x01FB9 30 e0 41 jnb acc.0,0x1ffd",,
0x01FBF,common,0x1FBF,ajmp,0x1979,0x01979,yes,other,0,24,"0x01FBE 7a 21 mov r2,#0x21",,
0x01FD7,common,0x1FD7,ajmp,0x1979,0x01979,yes,other,0,24,"0x01FD6 7a 21 mov r2,#0x21",,
0x01FE8,common,0x1FE8,ajmp,0x1979,0x01979,yes,other,0,24,"0x01FE7 7a 21 mov r2,#0x21",,
0x02007,common,0x2007,ajmp,0x201A,0x0201A,yes,entry,0,24,"0x02006 bd 01 1a cjne r5,#0x01,0x2023",,
0x0200C,common,0x200C,ajmp,0x2179,0x02179,yes,entry,0,24,"0x0200B 7a 21 mov r2,#0x21",,
0x0201D,common,0x201D,ajmp,0x2179,0x02179,yes,entry,0,24,"0x0201C 7a 21 mov r2,#0x21",,
0x0202C,common,0x202C,ajmp,0x2179,0x02179,yes,entry,0,24,"0x0202B 7a 21 mov r2,#0x21",,
0x02067,common,0x2067,ajmp,0x200E,0x0200E,yes,other,0,24,"0x02066 b4 01 0e cjne a,#0x01,0x2077",,
0x02076,common,0x2076,acall,0x2090,0x02090,yes,entry,0,24,0x02075 80 11 sjmp 0x2088,,
0x02097,common,0x2097,ajmp,0x2179,0x02179,yes,entry,0,24,"0x02096 7a 21 mov r2,#0x21",,
0x0209D,common,0x209D,ajmp,0x2179,0x02179,yes,entry,0,24,"0x0209C 7a 21 mov r2,#0x21",,
0x020B2,common,0x20B2,acall,0x2310,0x02310,yes,other,0,24,0x020B1 12 71 10 lcall 0x7110,,
0x020D3,common,0x20D3,ajmp,0x2070,0x02070,yes,other,0,24,"0x020D2 64 01 xrl a,#0x01",,
0x020DB,common,0x20DB,ajmp,0x2707,0x02707,yes,other,0,24,"0x020DA 30 e1 07 jnb acc.1,0x20e4",,
0x020EF,common,0x20EF,acall,0x2080,0x02080,yes,other,0,24,"0x020EE 7f 11 mov r7,#0x11",,
0x0213B,common,0x213B,ajmp,0x2013,0x02013,yes,other,0,24,"0x0213A b4 01 13 cjne a,#0x01,0x2150",,
0x0215D,common,0x215D,ajmp,0x2070,0x02070,yes,other,0,24,"0x0215C 64 01 xrl a,#0x01",,
0x0216B,common,0x216B,acall,0x2012,0x02012,yes,entry,0,24,"0x0216A 7f 11 mov r7,#0x11",,
0x02190,common,0x2190,ajmp,0x2009,0x02009,yes,entry,0,24,"0x0218F b4 01 09 cjne a,#0x01,0x219b",,
0x021AF,common,0x21AF,ajmp,0x2151,0x02151,yes,entry,24,0,,,
0x021B0,common,0x21B0,acall,0x22FF,0x022FF,yes,entry,0,24,,,
0x021CD,common,0x21CD,ajmp,0x2714,0x02714,yes,entry,1,23,0x021CB 12 00 e1 lcall 0x00e1,,
0x021D0,common,0x21D0,ajmp,0x27F0,0x027F0,yes,other,0,24,0x021CF 77 e1 db 0x77,,
0x021E5,common,0x21E5,ajmp,0x20C8,0x020C8,yes,other,0,24,"0x021E4 74 01 mov a,#0x01",,
0x02202,common,0x2202,ajmp,0x207E,0x0207E,yes,entry,0,24,"0x02201 74 01 mov a,#0x01",,
0x0222F,common,0x222F,acall,0x2345,0x02345,yes,other,0,24,0x0222E 12 71 45 lcall 0x7145,,
0x02236,common,0x2236,acall,0x237B,0x0237B,yes,other,0,24,0x02235 02 71 7b ljmp 0x717b,,
0x0225B,common,0x225B,acall,0x2790,0x02790,yes,entry,0,24,0x02259 12 10 f1 lcall 0x10f1,,
0x02289,common,0x2289,acall,0x25E0,0x025E0,yes,other,1,23,"0x02287 90 0d b1 mov dptr,#0x0db1",,
0x022B1,common,0x22B1,ajmp,0x20F0,0x020F0,yes,entry,3,21,"0x022B0 74 01 mov a,#0x01",,
0x022BA,common,0x22BA,ajmp,0x2070,0x02070,yes,other,0,24,"0x022B9 64 01 xrl a,#0x01",,
0x022C6,common,0x22C6,acall,0x2790,0x02790,yes,entry,0,24,0x022C4 12 10 f1 lcall 0x10f1,,
0x022D7,common,0x22D7,ajmp,0x2040,0x02040,yes,entry,0,24,"0x022D6 94 01 subb a,#0x01",,
0x02312,common,0x2312,ajmp,0x207B,0x0207B,yes,other,0,24,"0x02311 7d 01 mov r5,#0x01",,
0x02330,common,0x2330,ajmp,0x20F0,0x020F0,yes,entry,0,24,"0x0232F 74 01 mov a,#0x01",,
0x0238D,common,0x238D,ajmp,0x20F0,0x020F0,yes,entry,1,23,"0x0238B 90 1d 01 mov dptr,#0x1d01",,
0x023AF,common,0x23AF,acall,0x2012,0x02012,yes,entry,2,22,0x023AE 70 11 jnz 0x23c1,,
0x023CB,common,0x23CB,acall,0x25E0,0x025E0,yes,other,1,23,"0x023C9 90 0d b1 mov dptr,#0x0db1",,
0x023D7,common,0x23D7,ajmp,0x2022,0x02022,yes,other,0,24,"0x023D6 7f 01 mov r7,#0x01",,
0x023DF,common,0x23DF,ajmp,0x20FF,0x020FF,yes,other,0,24,"0x023DE 54 01 anl a,#0x01",,
0x023E6,common,0x23E6,ajmp,0x202F,0x0202F,yes,entry,0,24,"0x023E5 54 01 anl a,#0x01",,
0x023F0,common,0x23F0,ajmp,0x202F,0x0202F,yes,entry,0,24,"0x023EF 54 01 anl a,#0x01",,
0x02441,common,0x2441,ajmp,0x20F0,0x020F0,yes,entry,1,23,"0x0243F 90 1d 01 mov dptr,#0x1d01",,
0x0247F,common,0x247F,ajmp,0x20F0,0x020F0,yes,entry,0,24,"0x0247E 74 01 mov a,#0x01",,
0x024C0,common,0x24C0,acall,0x2690,0x02690,yes,other,0,24,0x024BE 12 24 d1 lcall 0x24d1,,
0x024E8,common,0x24E8,ajmp,0x207E,0x0207E,yes,entry,0,24,"0x024E7 74 01 mov a,#0x01",,
0x02514,common,0x2514,ajmp,0x2080,0x02080,yes,other,0,24,"0x02513 7b 01 mov r3,#0x01",,
0x02604,common,0x2604,ajmp,0x20F0,0x020F0,yes,entry,0,24,"0x02603 74 01 mov a,#0x01",,
0x02617,common,0x2617,ajmp,0x20E9,0x020E9,yes,other,0,24,"0x02616 7e 01 mov r6,#0x01",,
0x02626,common,0x2626,ajmp,0x20F0,0x020F0,yes,entry,0,24,"0x02625 74 01 mov a,#0x01",,
0x02658,common,0x2658,ajmp,0x20C8,0x020C8,yes,other,0,24,"0x02657 74 01 mov a,#0x01",,
0x0266E,common,0x266E,acall,0x2730,0x02730,yes,entry,0,24,0x0266C 12 10 f1 lcall 0x10f1,,
0x026A1,common,0x26A1,acall,0x20AF,0x020AF,yes,other,0,24,0x026A0 80 11 sjmp 0x26b3,,
0x026E7,common,0x26E7,ajmp,0x20E5,0x020E5,yes,other,1,23,"0x026E5 75 69 01 mov 0x69,#0x01",,
0x0273E,common,0x273E,ajmp,0x20E5,0x020E5,yes,other,1,23,"0x0273C 75 66 01 mov 0x66,#0x01",,
0x0275F,common,0x275F,ajmp,0x20E5,0x020E5,yes,other,1,23,"0x0275D 75 66 01 mov 0x66,#0x01",,
0x02777,common,0x2777,ajmp,0x20E5,0x020E5,yes,other,1,23,"0x02775 75 66 01 mov 0x66,#0x01",,
0x02785,common,0x2785,ajmp,0x207A,0x0207A,yes,other,0,24,"0x02784 7b 01 mov r3,#0x01",,
0x027A8,common,0x27A8,ajmp,0x20F0,0x020F0,yes,entry,1,23,"0x027A6 90 1d 01 mov dptr,#0x1d01",,
0x027B6,common,0x27B6,ajmp,0x20F0,0x020F0,yes,entry,1,23,"0x027B4 90 1d 01 mov dptr,#0x1d01",,
0x027C8,common,0x27C8,acall,0x2005,0x02005,yes,other,0,24,"0x027C7 90 11 05 mov dptr,#0x1105",,
0x027D8,common,0x27D8,acall,0x2005,0x02005,yes,other,0,24,"0x027D7 90 11 05 mov dptr,#0x1105",,
0x027F0,common,0x27F0,ajmp,0x2020,0x02020,yes,entry,0,24,"0x027EF 54 01 anl a,#0x01",,
0x0280A,common,0x280A,ajmp,0x28F0,0x028F0,yes,other,0,24,"0x02809 74 01 mov a,#0x01",,
0x02823,common,0x2823,ajmp,0x2CF0,0x02CF0,yes,other,1,23,"0x02821 90 00 81 mov dptr,#0x0081",,
0x0282F,common,0x282F,ajmp,0x2CE0,0x02CE0,yes,entry,1,23,"0x0282D 90 00 81 mov dptr,#0x0081",,
0x0283D,common,0x283D,ajmp,0x2CE0,0x02CE0,yes,entry,1,23,"0x0283B 90 00 81 mov dptr,#0x0081",,
0x02843,common,0x2843,ajmp,0x2CE0,0x02CE0,yes,entry,1,23,"0x02841 90 00 81 mov dptr,#0x0081",,
0x02853,common,0x2853,acall,0x28C2,0x028C2,yes,other,1,23,"0x02851 30 e0 11 jnb acc.0,0x2865",,
0x02889,common,0x2889,ajmp,0x2E12,0x02E12,yes,entry,1,23,0x02887 12 28 c1 lcall 0x28c1,,
0x0294D,common,0x294D,ajmp,0x2AEF,0x02AEF,yes,other,4,20,"0x0294C af 41 mov r7,0x41",,
0x02994,common,0x2994,ajmp,0x28F0,0x028F0,yes,other,0,24,"0x02993 74 01 mov a,#0x01",,
0x029B7,common,0x29B7,acall,0x2890,0x02890,yes,entry,0,24,0x029B6 70 11 jnz 0x29c9,,
0x029D3,common,0x29D3,acall,0x2B3C,0x02B3C,yes,entry,0,24,0x029D2 12 71 3c lcall 0x713c,,
0x029DB,common,0x29DB,acall,0x2B1C,0x02B1C,yes,entry,0,24,0x029DA 12 71 1c lcall 0x711c,,
0x029EA,common,0x29EA,ajmp,0x2812,0x02812,yes,entry,1,23,"0x029E8 75 f0 01 mov 0xf0,#0x01",,
0x029EC,common,0x29EC,acall,0x2B25,0x02B25,yes,other,2,22,0x029EB 12 71 25 lcall 0x7125,,
0x02A1A,common,0x2A1A,ajmp,0x2925,0x02925,yes,other,24,0,,,
0x02A3C,common,0x2A3C,ajmp,0x28C8,0x028C8,yes,other,0,24,"0x02A3B 74 01 mov a,#0x01",,
0x02A47,common,0x2A47,ajmp,0x287E,0x0287E,yes,other,0,24,"0x02A46 7d 01 mov r5,#0x01",,
0x02A4B,common,0x2A4B,ajmp,0x2802,0x02802,yes,other,0,24,"0x02A4A 7f 01 mov r7,#0x01",,
0x02A55,common,0x2A55,ajmp,0x28C8,0x028C8,yes,other,0,24,"0x02A54 74 01 mov a,#0x01",,
0x02AA0,common,0x2AA0,ajmp,0x2822,0x02822,yes,other,1,23,"0x02A9E 90 1d 01 mov dptr,#0x1d01",,
0x02AD3,common,0x2AD3,acall,0x28E0,0x028E0,yes,other,1,23,"0x02AD1 20 e0 11 jb acc.0,0x2ae5",,
0x02AD6,common,0x2AD6,ajmp,0x2F02,0x02F02,yes,entry,0,24,"0x02AD5 30 e1 02 jnb acc.1,0x2ada",,
0x02AE9,common,0x2AE9,ajmp,0x2E78,0x02E78,yes,entry,1,23,0x02AE7 02 2b c1 ljmp 0x2bc1,,
0x02B36,common,0x2B36,ajmp,0x2893,0x02893,yes,other,0,24,"0x02B35 74 01 mov a,#0x01",,
0x02B45,common,0x2B45,ajmp,0x2893,0x02893,yes,other,0,24,"0x02B44 74 01 mov a,#0x01",,
0x02B54,common,0x2B54,acall,0x2A93,0x02A93,yes,other,1,23,0x02B52 12 3b 51 lcall 0x3b51,,
0x02B67,common,0x2B67,ajmp,0x2E12,0x02E12,yes,entry,1,23,0x02B65 12 2b c1 lcall 0x2bc1,,
0x02B87,common,0x2B87,ajmp,0x2808,0x02808,yes,other,0,24,"0x02B86 b4 01 08 cjne a,#0x01,0x2b91",,
0x02BB3,common,0x2BB3,ajmp,0x2804,0x02804,yes,other,0,24,"0x02BB2 30 01 04 jnb 0x20.1,0x2bb9",,
0x02BCC,common,0x2BCC,ajmp,0x2DE6,0x02DE6,yes,entry,0,24,"0x02BCB 78 a1 mov r0,#0xa1",,
0x02BEA,common,0x2BEA,acall,0x2874,0x02874,yes,other,0,24,0x02BE9 60 11 jz 0x2bfc,,
0x02C05,common,0x2C05,acall,0x2CF6,0x02CF6,yes,entry,0,24,"0x02C04 78 91 mov r0,#0x91",,
0x02C1E,common,0x2C1E,ajmp,0x2F03,0x02F03,yes,entry,0,24,"0x02C1D 20 e1 03 jb acc.1,0x2c23",,
0x02C39,common,0x2C39,ajmp,0x2816,0x02816,yes,entry,1,23,0x02C38 60 01 jz 0x2c3b,,
0x02C86,common,0x2C86,ajmp,0x2893,0x02893,yes,other,0,24,"0x02C85 74 01 mov a,#0x01",,
0x02C9F,common,0x2C9F,acall,0x2A93,0x02A93,yes,other,1,23,0x02C9D 12 3b 51 lcall 0x3b51,,
0x02CB2,common,0x2CB2,ajmp,0x2E22,0x02E22,yes,entry,1,23,0x02CB0 12 2b c1 lcall 0x2bc1,,
0x02CBD,common,0x2CBD,ajmp,0x2B12,0x02B12,yes,other,0,24,0x02CBC c2 61 clr 0x61,,
0x02CC0,common,0x2CC0,acall,0x2EE4,0x02EE4,yes,other,2,22,0x02CBE 12 3a d1 lcall 0x3ad1,,
0x02D18,common,0x2D18,ajmp,0x2B78,0x02B78,yes,other,0,24,0x02D17 80 61 sjmp 0x2d7a,,
0x02D7F,common,0x2D7F,ajmp,0x2803,0x02803,yes,other,0,24,"0x02D7E b4 01 03 cjne a,#0x01,0x2d84",,
0x02DAE,common,0x2DAE,acall,0x2A93,0x02A93,yes,other,1,23,0x02DAC 12 3b 51 lcall 0x3b51,,
0x02DBA,common,0x2DBA,acall,0x2E30,0x02E30,yes,other,1,23,0x02DB8 02 3a d1 ljmp 0x3ad1,,
0x02DBC,common,0x2DBC,ajmp,0x2B0A,0x02B0A,yes,entry,2,22,"0x02DBB 30 61 0a jnb 0x2c.1,0x2dc8",,
0x02DC4,common,0x2DC4,ajmp,0x2802,0x02802,yes,other,0,24,"0x02DC3 7d 01 mov r5,#0x01",,
0x02DCF,common,0x2DCF,acall,0x2E90,0x02E90,yes,entry,1,23,0x02DCD 12 3a d1 lcall 0x3ad1,,
0x02DE7,common,0x2DE7,acall,0x2806,0x02806,yes,entry,5,19,"0x02DE6 90 11 06 mov dptr,#0x1106",,
0x02DEE,common,0x2DEE,ajmp,0x2EC2,0x02EC2,yes,entry,1,23,0x02DEC 12 3b c1 lcall 0x3bc1,,
0x02DF6,common,0x2DF6,ajmp,0x28EF,0x028EF,yes,other,1,23,"0x02DF4 90 0a 01 mov dptr,#0x0a01",,
0x02E00,common,0x2E00,ajmp,0x2BD2,0x02BD2,yes,entry,0,24,0x02DFF d2 61 setb 0x2c.1,,
0x02E05,common,0x2E05,ajmp,0x2812,0x02812,yes,entry,3,21,"0x02E03 90 0a 01 mov dptr,#0x0a01",,
0x02E14,common,0x2E14,ajmp,0x2812,0x02812,yes,entry,13,11,"0x02E12 90 0a 01 mov dptr,#0x0a01",,
0x02E2B,common,0x2E2B,ajmp,0x28E0,0x028E0,yes,other,1,23,"0x02E29 90 0a 01 mov dptr,#0x0a01",,
0x02E2F,common,0x2E2F,acall,0x2A93,0x02A93,yes,other,1,23,0x02E2D 12 3b 51 lcall 0x3b51,,
0x02E6F,common,0x2E6F,ajmp,0x28F0,0x028F0,yes,other,0,24,"0x02E6E 74 01 mov a,#0x01",,
0x02E7C,common,0x2E7C,ajmp,0x2806,0x02806,yes,entry,2,22,"0x02E7B bf 01 06 cjne r7,#0x01,0x2e84",,
0x02E82,common,0x2E82,ajmp,0x28F0,0x028F0,yes,other,0,24,"0x02E81 74 01 mov a,#0x01",,
0x02E89,common,0x2E89,ajmp,0x2809,0x02809,yes,entry,0,24,"0x02E88 b4 01 09 cjne a,#0x01,0x2e94",,
0x02ED9,common,0x2ED9,ajmp,0x2EE4,0x02EE4,yes,other,1,23,0x02ED7 12 2b c1 lcall 0x2bc1,,
0x02EE0,common,0x2EE0,ajmp,0x2BD2,0x02BD2,yes,entry,0,24,0x02EDF c2 61 clr 0x61,,
0x02F10,common,0x2F10,acall,0x2A93,0x02A93,yes,other,1,23,0x02F0E 12 3b 51 lcall 0x3b51,,
0x02F30,common,0x2F30,ajmp,0x2BC2,0x02BC2,yes,entry,0,24,0x02F2F c2 61 clr 0x61,,
0x02F54,common,0x2F54,acall,0x2AE0,0x02AE0,yes,entry,1,23,"0x02F52 90 0a 51 mov dptr,#0x0a51",,
0x02F83,common,0x2F83,ajmp,0x2E22,0x02E22,yes,entry,5,19,0x02F81 12 2a c1 lcall 0x2ac1,,
0x02F9D,common,0x2F9D,ajmp,0x2812,0x02812,yes,entry,0,24,"0x02F9C 7f 01 mov r7,#0x01",,
0x03029,common,0x3029,ajmp,0x3012,0x03012,yes,entry,0,24,"0x03028 7f 01 mov r7,#0x01",,
0x03031,common,0x3031,ajmp,0x3708,0x03708,yes,entry,0,24,"0x03030 30 e1 08 jnb acc.1,0x303b",,
0x03051,common,0x3051,acall,0x307F,0x0307F,yes,entry,3,21,"0x0304F 30 1b 11 jnb 0x23.3,0x3063",,
0x03053,common,0x3053,ajmp,0x3012,0x03012,yes,entry,4,20,"0x03052 7f 01 mov r7,#0x01",,
0x0308B,common,0x308B,ajmp,0x3012,0x03012,yes,entry,0,24,"0x0308A 7f 01 mov r7,#0x01",,
0x030AA,common,0x30AA,acall,0x30F0,0x030F0,yes,other,0,24,"0x030A9 74 11 mov a,#0x11",,
0x030AE,common,0x30AE,ajmp,0x30F0,0x030F0,yes,other,1,23,"0x030AC 90 17 01 mov dptr,#0x1701",,
0x03101,common,0x3101,ajmp,0x3006,0x03006,yes,entry,0,24,"0x03100 bf 01 06 cjne r7,#0x01,0x3109",,
0x0315F,common,0x315F,ajmp,0x3010,0x03010,yes,other,0,24,"0x0315E b4 01 10 cjne a,#0x01,0x3171",,
0x0318E,common,0x318E,ajmp,0x307D,0x0307D,yes,entry,0,24,"0x0318D 7b 01 mov r3,#0x01",,
0x031A8,common,0x31A8,ajmp,0x3046,0x03046,yes,other,0,24,"0x031A7 74 01 mov a,#0x01",,
0x031CA,common,0x31CA,acall,0x3040,0x03040,yes,other,0,24,"0x031C9 94 11 subb a,#0x11",,
0x031FC,common,0x31FC,acall,0x3040,0x03040,yes,other,0,24,"0x031FB 94 11 subb a,#0x11",,
0x03227,common,0x3227,ajmp,0x3060,0x03060,yes,other,0,24,"0x03226 64 01 xrl a,#0x01",,
0x03240,common,0x3240,acall,0x311D,0x0311D,yes,entry,0,24,0x0323F 02 31 1d ljmp 0x311d,,
0x0324E,common,0x324E,acall,0x36E4,0x036E4,yes,other,1,23,0x0324C 12 3a d1 lcall 0x3ad1,,
0x03277,common,0x3277,ajmp,0x307D,0x0307D,yes,entry,0,24,"0x03276 7b 01 mov r3,#0x01",,
0x03291,common,0x3291,ajmp,0x3046,0x03046,yes,other,0,24,"0x03290 74 01 mov a,#0x01",,
0x032B5,common,0x32B5,acall,0x3040,0x03040,yes,other,0,24,"0x032B4 94 11 subb a,#0x11",,
0x032E2,common,0x32E2,acall,0x3040,0x03040,yes,other,0,24,"0x032E1 94 11 subb a,#0x11",,
0x03313,common,0x3313,ajmp,0x36E6,0x036E6,yes,other,3,21,0x03311 12 2a c1 lcall 0x2ac1,,
0x03341,common,0x3341,ajmp,0x36E4,0x036E4,yes,other,3,21,0x0333F 12 2a c1 lcall 0x2ac1,,
0x03355,common,0x3355,acall,0x36E4,0x036E4,yes,other,2,22,0x03353 12 3a d1 lcall 0x3ad1,,
0x0336B,common,0x336B,ajmp,0x3378,0x03378,yes,other,1,23,0x0336A c2 61 clr 0x61,,
0x03370,common,0x3370,ajmp,0x30FF,0x030FF,yes,other,0,24,"0x0336F 24 01 add a,#0x01",,
0x0337A,common,0x337A,ajmp,0x30EE,0x030EE,yes,other,0,24,0x03379 70 01 jnz 0x337c,,
0x0338A,common,0x338A,ajmp,0x3122,0x03122,yes,entry,1,23,0x03388 12 3c 21 lcall 0x3c21,,
0x033B2,common,0x33B2,ajmp,0x330F,0x0330F,yes,other,0,24,"0x033B1 30 61 0f jnb 0x2c.1,0x33c3",,
0x033CD,common,0x33CD,acall,0x3230,0x03230,yes,entry,0,24,0x033CB 02 34 51 ljmp 0x3451,,
0x033D0,common,0x33D0,ajmp,0x3330,0x03330,yes,other,2,22,"0x033CE 30 19 61 jnb 0x23.1,0x3432",,
0x033F5,common,0x33F5,acall,0x34E6,0x034E6,yes,other,0,24,"0x033F4 78 91 mov r0,#0x91",,
0x0340A,common,0x340A,acall,0x34E6,0x034E6,yes,other,0,24,"0x03409 78 91 mov r0,#0x91",,
0x03427,common,0x3427,ajmp,0x3178,0x03178,yes,entry,0,24,0x03426 80 21 sjmp 0x3449,,
0x034E4,common,0x34E4,ajmp,0x307D,0x0307D,yes,entry,2,22,"0x034E3 7b 01 mov r3,#0x01",,
0x0350F,common,0x350F,ajmp,0x307D,0x0307D,yes,entry,0,24,"0x0350E 7b 01 mov r3,#0x01",,
0x03574,common,0x3574,ajmp,0x35E6,0x035E6,yes,other,0,24,"0x03573 78 a1 mov r0,#0xa1",,
0x03596,common,0x3596,ajmp,0x300C,0x0300C,yes,other,0,24,"0x03595 b4 01 0c cjne a,#0x01,0x35a4",,
0x035C7,common,0x35C7,acall,0x3612,0x03612,yes,other,1,23,0x035C5 12 3a d1 lcall 0x3ad1,,
0x035E9,common,0x35E9,acall,0x3712,0x03712,yes,other,0,24,"0x035E8 7d f1 mov r5,#0xf1",,
0x03603,common,0x3603,ajmp,0x35E6,0x035E6,yes,other,1,23,"0x03602 78 a1 mov r0,#0xa1",,
0x03606,common,0x3606,ajmp,0x3016,0x03016,yes,entry,0,24,0x03605 60 01 jz 0x3608,,
0x0360A,common,0x360A,ajmp,0x30C2,0x030C2,yes,other,0,24,"0x03609 7e 01 mov r6,#0x01",,
0x0365E,common,0x365E,ajmp,0x307D,0x0307D,yes,entry,0,24,"0x0365D 7b 01 mov r3,#0x01",,
0x03684,common,0x3684,ajmp,0x307D,0x0307D,yes,entry,0,24,"0x03683 7b 01 mov r3,#0x01",,
0x03696,common,0x3696,ajmp,0x3012,0x03012,yes,entry,0,24,"0x03695 7b 01 mov r3,#0x01",,
0x036BA,common,0x36BA,ajmp,0x307D,0x0307D,yes,entry,0,24,"0x036B9 7b 01 mov r3,#0x01",,
0x036CC,common,0x36CC,ajmp,0x3012,0x03012,yes,entry,0,24,"0x036CB 7b 01 mov r3,#0x01",,
0x036F3,common,0x36F3,ajmp,0x30F0,0x030F0,yes,other,0,24,"0x036F2 74 01 mov a,#0x01",,
0x03781,common,0x3781,acall,0x3090,0x03090,yes,other,0,24,0x03780 60 11 jz 0x3793,,
0x0378F,common,0x378F,acall,0x3074,0x03074,yes,entry,1,23,"0x0378D 90 0a 11 mov dptr,#0x0a11",,
0x03791,common,0x3791,ajmp,0x30F0,0x030F0,yes,other,2,22,"0x03790 74 01 mov a,#0x01",,
0x03795,common,0x3795,acall,0x30E0,0x030E0,yes,entry,1,23,"0x03793 90 0a 11 mov dptr,#0x0a11",,
0x0379A,common,0x379A,ajmp,0x30E5,0x030E5,yes,other,0,24,"0x03799 7e 01 mov r6,#0x01",,
0x037A1,common,0x37A1,acall,0x30C2,0x030C2,yes,other,0,24,0x037A0 d2 11 setb 0x22.1,,
0x037AF,common,0x37AF,acall,0x3028,0x03028,yes,entry,0,24,"0x037AE 30 11 28 jnb 0x22.1,0x37d9",,
0x037B2,common,0x37B2,acall,0x30D2,0x030D2,yes,entry,0,24,0x037B1 c2 11 clr 0x11,,
0x037C6,common,0x37C6,acall,0x3080,0x03080,yes,other,0,24,"0x037C5 7f 11 mov r7,#0x11",,
0x037D4,common,0x37D4,acall,0x3080,0x03080,yes,other,0,24,"0x037D3 7f 11 mov r7,#0x11",,
0x037DD,common,0x37DD,acall,0x30C2,0x030C2,yes,other,0,24,0x037DC c2 11 clr 0x11,,
0x037F1,common,0x37F1,ajmp,0x300B,0x0300B,yes,other,0,24,"0x037F0 b4 01 0b cjne a,#0x01,0x37fe",,
0x0381F,common,0x381F,ajmp,0x3846,0x03846,yes,other,0,24,"0x0381E 74 01 mov a,#0x01",,
0x03826,common,0x3826,ajmp,0x3808,0x03808,yes,other,0,24,"0x03825 b4 01 08 cjne a,#0x01,0x3830",,
0x03869,common,0x3869,ajmp,0x3FEF,0x03FEF,yes,entry,0,24,"0x03868 30 e1 ef jnb acc.1,0x385a",,
0x03892,common,0x3892,ajmp,0x3922,0x03922,yes,other,1,23,0x03890 12 3c 21 lcall 0x3c21,,
0x038A0,common,0x38A0,ajmp,0x3FE4,0x03FE4,yes,other,1,23,0x0389E 02 37 e1 ljmp 0x37e1,,
0x038A4,common,0x38A4,ajmp,0x3802,0x03802,yes,entry,0,24,"0x038A3 7f 01 mov r7,#0x01",,
0x038A7,common,0x38A7,ajmp,0x3FE4,0x03FE4,yes,other,2,22,0x038A5 02 37 e1 ljmp 0x37e1,,
0x038AE,common,0x38AE,ajmp,0x3F7D,0x03F7D,yes,other,2,22,0x038AC 02 37 e1 ljmp 0x37e1,,
0x038B0,common,0x38B0,ajmp,0x38E4,0x038E4,yes,entry,3,21,"0x038AF 7d 01 mov r5,#0x01",,
0x038B5,common,0x38B5,ajmp,0x3F7D,0x03F7D,yes,other,1,23,0x038B3 02 37 e1 ljmp 0x37e1,,
0x038B7,common,0x38B7,ajmp,0x387F,0x0387F,yes,other,2,22,"0x038B6 7d 01 mov r5,#0x01",,
0x038B9,common,0x38B9,ajmp,0x3802,0x03802,yes,entry,3,21,"0x038B8 7f 01 mov r7,#0x01",,
0x038BC,common,0x38BC,ajmp,0x3F7D,0x03F7D,yes,other,5,19,0x038BA 02 37 e1 ljmp 0x37e1,,
0x038BE,common,0x38BE,ajmp,0x387F,0x0387F,yes,other,6,18,"0x038BD 7d 01 mov r5,#0x01",,
0x038C3,common,0x38C3,ajmp,0x3F12,0x03F12,yes,entry,9,15,0x038C1 02 37 e1 ljmp 0x37e1,,
0x038CC,common,0x38CC,acall,0x3EE4,0x03EE4,yes,other,1,23,0x038CA 12 3a d1 lcall 0x3ad1,,
0x038D9,common,0x38D9,ajmp,0x3B78,0x03B78,yes,other,1,23,0x038D8 c2 61 clr 0x61,,
0x039AB,common,0x39AB,ajmp,0x38C2,0x038C2,yes,other,0,24,"0x039A9 75 8b 01 mov 0x8b,#0x01",,
0x039D9,common,0x39D9,acall,0x3A93,0x03A93,yes,other,3,21,0x039D7 12 3b 51 lcall 0x3b51,,
0x039E5,common,0x39E5,acall,0x3E80,0x03E80,yes,other,1,23,0x039E3 12 3a d1 lcall 0x3ad1,,
0x039EF,common,0x39EF,ajmp,0x3B76,0x03B76,yes,other,1,23,0x039EE c2 61 clr 0x61,,
0x03A02,common,0x3A02,ajmp,0x38F0,0x038F0,yes,entry,0,24,"0x03A01 74 01 mov a,#0x01",,
0x03A4D,common,0x3A4D,acall,0x3A93,0x03A93,yes,other,1,23,0x03A4B 12 3b 51 lcall 0x3b51,,
0x03A59,common,0x3A59,acall,0x3E80,0x03E80,yes,other,1,23,0x03A57 12 3a d1 lcall 0x3ad1,,
0x03A6A,common,0x3A6A,acall,0x3806,0x03806,yes,other,0,24,"0x03A69 90 11 06 mov dptr,#0x1106",,
0x03A71,common,0x3A71,acall,0x3802,0x03802,yes,entry,0,24,"0x03A70 90 11 02 mov dptr,#0x1102",,
0x03A80,common,0x3A80,ajmp,0x382F,0x0382F,yes,other,0,24,0x03A7F 12 01 2f lcall 0x012f,,
0x03A83,common,0x3A83,ajmp,0x3880,0x03880,yes,other,0,24,"0x03A82 7f 01 mov r7,#0x01",,
0x03A8E,common,0x3A8E,acall,0x3806,0x03806,yes,other,0,24,"0x03A8D 90 11 06 mov dptr,#0x1106",,
0x03A95,common,0x3A95,acall,0x3802,0x03802,yes,entry,0,24,"0x03A94 90 11 02 mov dptr,#0x1102",,
0x03A9D,common,0x3A9D,ajmp,0x38E0,0x038E0,yes,entry,4,20,"0x03A9B 90 17 01 mov dptr,#0x1701",,
0x03AA4,common,0x3AA4,ajmp,0x388C,0x0388C,yes,other,0,24,0x03AA3 12 01 8c lcall 0x018c,,
0x03AA7,common,0x3AA7,ajmp,0x3880,0x03880,yes,other,1,23,"0x03AA6 7f 01 mov r7,#0x01",,
0x03AA9,common,0x3AA9,ajmp,0x3990,0x03990,yes,entry,2,22,0x03AA8 80 21 sjmp 0x3acb,,
0x03AB2,common,0x3AB2,acall,0x3806,0x03806,yes,other,0,24,"0x03AB1 90 11 06 mov dptr,#0x1106",,
0x03AB9,common,0x3AB9,acall,0x3802,0x03802,yes,entry,0,24,"0x03AB8 90 11 02 mov dptr,#0x1102",,
0x03ACA,common,0x3ACA,ajmp,0x3822,0x03822,yes,entry,3,21,"0x03AC9 7f 01 mov r7,#0x01",,
0x03AF8,common,0x3AF8,acall,0x3806,0x03806,yes,other,24,0,,,
0x03AFA,common,0x3AFA,acall,0x3802,0x03802,yes,entry,24,0,,,
0x03AFE,common,0x3AFE,ajmp,0x3817,0x03817,yes,other,2,22,"0x03AFC 10 17 01 jbc 0x22.7,0x3b00",,
0x03B05,common,0x3B05,acall,0x3806,0x03806,yes,other,24,0,,,
0x03B07,common,0x3B07,acall,0x3802,0x03802,yes,entry,24,0,,,
0x03B12,common,0x3B12,acall,0x3806,0x03806,yes,other,24,0,,,
0x03B14,common,0x3B14,acall,0x3802,0x03802,yes,entry,24,0,,,
0x03B34,common,0x3B34,ajmp,0x3893,0x03893,yes,other,0,24,"0x03B33 74 01 mov a,#0x01",,
0x03B72,common,0x3B72,ajmp,0x3893,0x03893,yes,other,0,24,"0x03B71 74 01 mov a,#0x01",,
0x03B9E,common,0x3B9E,ajmp,0x3893,0x03893,yes,other,0,24,"0x03B9D 74 01 mov a,#0x01",,
0x03BB0,common,0x3BB0,ajmp,0x3893,0x03893,yes,other,0,24,"0x03BAF 74 01 mov a,#0x01",,
0x03BB9,common,0x3BB9,ajmp,0x3893,0x03893,yes,other,0,24,"0x03BB8 74 01 mov a,#0x01",,
0x03BC0,common,0x3BC0,acall,0x38F0,0x038F0,yes,entry,0,24,"0x03BBF 74 11 mov a,#0x11",,
0x03BC3,common,0x3BC3,acall,0x3802,0x03802,yes,entry,0,24,"0x03BC2 90 11 02 mov dptr,#0x1102",,
0x03BD2,common,0x3BD2,ajmp,0x3893,0x03893,yes,other,0,24,"0x03BD1 74 01 mov a,#0x01",,
0x03BED,common,0x3BED,acall,0x3822,0x03822,yes,entry,0,24,"0x03BEC 94 11 subb a,#0x11",,
0x03BF1,common,0x3BF1,ajmp,0x3893,0x03893,yes,other,0,24,"0x03BF0 74 01 mov a,#0x01",,
0x03C72,common,0x3C72,ajmp,0x3F64,0x03F64,yes,other,0,24,"0x03C71 30 e1 64 jnb acc.1,0x3cd8",,
0x03C7D,common,0x3C7D,acall,0x39C2,0x039C2,yes,other,0,24,"0x03C7C f5 31 mov 0x31,a",,
0x03C9E,common,0x3C9E,ajmp,0x3F05,0x03F05,yes,entry,0,24,"0x03C9D 30 e1 05 jnb acc.1,0x3ca5",,
0x03CAC,common,0x3CAC,acall,0x3980,0x03980,yes,entry,0,24,"0x03CAB f5 31 mov 0x31,a",,
0x03CB0,common,0x3CB0,acall,0x3960,0x03960,yes,entry,0,24,"0x03CAF e5 31 mov a,0x31",,
0x03CB6,common,0x3CB6,ajmp,0x3AED,0x03AED,yes,other,0,24,0x03CB5 12 41 ed lcall 0x41ed,,
0x03CBE,common,0x3CBE,acall,0x3930,0x03930,yes,other,0,24,0x03CBD 15 31 dec 0x31,,
0x03CFF,common,0x3CFF,ajmp,0x3802,0x03802,yes,entry,0,24,"0x03CFE 7f 01 mov r7,#0x01",,
0x03D04,common,0x3D04,ajmp,0x3802,0x03802,yes,entry,0,24,"0x03D03 7f 01 mov r7,#0x01",,
0x03D09,common,0x3D09,ajmp,0x3802,0x03802,yes,entry,0,24,"0x03D08 7f 01 mov r7,#0x01",,
0x03D0E,common,0x3D0E,ajmp,0x3802,0x03802,yes,entry,0,24,"0x03D0D 7f 01 mov r7,#0x01",,
0x03D13,common,0x3D13,ajmp,0x3802,0x03802,yes,entry,0,24,"0x03D12 7f 01 mov r7,#0x01",,
0x03D18,common,0x3D18,ajmp,0x3802,0x03802,yes,entry,0,24,"0x03D17 7f 01 mov r7,#0x01",,
0x03D1D,common,0x3D1D,ajmp,0x3802,0x03802,yes,entry,0,24,"0x03D1C 7f 01 mov r7,#0x01",,
0x03D22,common,0x3D22,ajmp,0x3802,0x03802,yes,entry,0,24,"0x03D21 7f 01 mov r7,#0x01",,
0x03D27,common,0x3D27,ajmp,0x3802,0x03802,yes,entry,0,24,"0x03D26 7f 01 mov r7,#0x01",,
0x03D3A,common,0x3D3A,acall,0x3F12,0x03F12,yes,entry,0,24,"0x03D39 7f f1 mov r7,#0xf1",,
0x03D77,common,0x3D77,ajmp,0x3812,0x03812,yes,other,0,24,"0x03D76 7f 01 mov r7,#0x01",,
0x03D9D,common,0x3D9D,ajmp,0x38F6,0x038F6,yes,entry,0,24,"0x03D9C 44 01 orl a,#0x01",,
0x03DC6,common,0x3DC6,ajmp,0x3AEA,0x03AEA,yes,other,0,24,0x03DC5 12 41 ea lcall 0x41ea,,
0x03DE1,common,0x3DE1,ajmp,0x3FF6,0x03FF6,yes,other,0,24,"0x03DE0 30 e1 f6 jnb acc.1,0x3dd9",,
0x03DF7,common,0x3DF7,ajmp,0x3812,0x03812,yes,other,1,23,"0x03DF6 7f 01 mov r7,#0x01",,
0x03E0F,common,0x3E0F,ajmp,0x3FF6,0x03FF6,yes,other,0,24,"0x03E0E 30 e1 f6 jnb acc.1,0x3e07",,
0x03E26,common,0x3E26,ajmp,0x3812,0x03812,yes,other,1,23,"0x03E25 7f 01 mov r7,#0x01",,
0x03E2C,common,0x3E2C,ajmp,0x3812,0x03812,yes,other,0,24,"0x03E2B 7f 01 mov r7,#0x01",,
0x03EB2,common,0x3EB2,ajmp,0x3804,0x03804,yes,other,0,24,"0x03EB1 30 01 04 jnb 0x20.1,0x3eb8",,
0x03EE9,common,0x3EE9,ajmp,0x3812,0x03812,yes,other,0,24,"0x03EE8 7f 01 mov r7,#0x01",,
0x03F34,common,0x3F34,acall,0x38AF,0x038AF,yes,entry,0,24,0x03F33 50 11 jnc 0x3f46,,
0x03F54,common,0x3F54,ajmp,0x3F03,0x03F03,yes,other,0,24,"0x03F53 30 e1 03 jnb acc.1,0x3f59",,
0x03F6E,common,0x3F6E,ajmp,0x3812,0x03812,yes,other,2,22,"0x03F6D 7f 01 mov r7,#0x01",,
0x03FA5,common,0x3FA5,acall,0x3922,0x03922,yes,other,0,24,"0x03FA4 8f 31 mov 0x31,r7",,
0x03FEC,common,0x3FEC,ajmp,0x3A92,0x03A92,yes,other,0,24,"0x03FEB a2 41 mov c,0x28.1",,
0x03FFA,common,0x3FFA,acall,0x3890,0x03890,yes,entry,0,24,0x03FF9 80 11 sjmp 0x400c,,
0x04008,common,0x4008,acall,0x4690,0x04690,yes,entry,1,23,0x04006 12 28 d1 lcall 0x28d1,,
0x04036,common,0x4036,ajmp,0x4112,0x04112,yes,other,0,24,0x04035 80 21 sjmp 0x4058,,
0x0403B,common,0x403B,ajmp,0x4012,0x04012,yes,other,2,22,"0x0403A 7f 01 mov r7,#0x01",,
0x04054,common,0x4054,ajmp,0x4012,0x04012,yes,other,0,24,"0x04053 7b 01 mov r3,#0x01",,
0x04065,common,0x4065,acall,0x4351,0x04351,yes,other,0,24,0x04064 12 71 51 lcall 0x7151,,
0x04066,common,0x4066,acall,0x4240,0x04240,yes,entry,0,24,0x04064 12 71 51 lcall 0x7151,,
0x04096,common,0x4096,ajmp,0x4228,0x04228,yes,entry,24,0,,,
0x0409A,common,0x409A,ajmp,0x4378,0x04378,yes,other,0,24,0x04098 12 43 61 lcall 0x4361,,
0x040A0,common,0x40A0,ajmp,0x422E,0x0422E,yes,entry,0,24,0x0409F 02 41 2e ljmp 0x412e,,
0x040AB,common,0x40AB,ajmp,0x422E,0x0422E,yes,entry,0,24,0x040AA 02 41 2e ljmp 0x412e,,
0x040AF,common,0x40AF,ajmp,0x4378,0x04378,yes,other,0,24,0x040AD 12 43 61 lcall 0x4361,,
0x040B5,common,0x40B5,ajmp,0x422E,0x0422E,yes,entry,0,24,0x040B4 02 41 2e ljmp 0x412e,,
0x040B9,common,0x40B9,ajmp,0x43A3,0x043A3,yes,other,0,24,0x040B7 12 43 61 lcall 0x4361,,
0x040CB,common,0x40CB,ajmp,0x42F0,0x042F0,yes,entry,0,24,"0x040CA 74 41 mov a,#0x41",,
0x040D1,common,0x40D1,ajmp,0x4378,0x04378,yes,other,0,24,0x040CF 12 43 61 lcall 0x4361,,
0x040E2,common,0x40E2,ajmp,0x4298,0x04298,yes,entry,0,24,0x040E1 12 41 98 lcall 0x4198,,
0x040E7,common,0x40E7,ajmp,0x4298,0x04298,yes,entry,1,23,0x040E6 12 41 98 lcall 0x4198,,
0x040ED,common,0x40ED,ajmp,0x4380,0x04380,yes,other,0,24,0x040EB 12 43 61 lcall 0x4361,,
0x040FC,common,0x40FC,ajmp,0x46E4,0x046E4,yes,entry,1,23,0x040FA 12 28 c1 lcall 0x28c1,,
0x04105,common,0x4105,ajmp,0x43A3,0x043A3,yes,other,0,24,0x04103 12 43 61 lcall 0x4361,,
0x0413D,common,0x413D,acall,0x4212,0x04212,yes,other,0,24,0x0413C 60 51 jz 0x418f,,
0x04180,common,0x4180,ajmp,0x4012,0x04012,yes,other,0,24,"0x0417F 7f 01 mov r7,#0x01",,
0x0418B,common,0x418B,ajmp,0x4012,0x04012,yes,other,0,24,"0x0418A 7b 01 mov r3,#0x01",,
0x0419D,common,0x419D,ajmp,0x4622,0x04622,yes,entry,1,23,0x0419B 12 28 c1 lcall 0x28c1,,
0x041B7,common,0x41B7,ajmp,0x4025,0x04025,yes,other,0,24,"0x041B6 54 01 anl a,#0x01",,
0x041C9,common,0x41C9,ajmp,0x4033,0x04033,yes,other,0,24,"0x041C8 54 01 anl a,#0x01",,
0x041EF,common,0x41EF,acall,0x4351,0x04351,yes,other,0,24,0x041EE 12 71 51 lcall 0x7151,,
0x041F0,common,0x41F0,acall,0x4242,0x04242,yes,other,0,24,0x041EE 12 71 51 lcall 0x7151,,
0x04204,common,0x4204,acall,0x4191,0x04191,yes,other,0,24,"0x04202 90 42 31 mov dptr,#0x4231",,
0x04205,common,0x4205,acall,0x4442,0x04442,yes,other,23,1,,,
0x04211,common,0x4211,acall,0x4642,0x04642,yes,other,24,0,,,
0x04221,common,0x4221,ajmp,0x4302,0x04302,yes,entry,1,23,0x0421F 02 3e 61 ljmp 0x3e61,,
0x0423F,common,0x423F,acall,0x4202,0x04202,yes,entry,1,23,0x0423D 02 3f 51 ljmp 0x3f51,,
0x0424C,common,0x424C,acall,0x4351,0x04351,yes,other,0,24,0x0424B 12 71 51 lcall 0x7151,,
0x0424D,common,0x424D,acall,0x4242,0x04242,yes,other,0,24,0x0424B 12 71 51 lcall 0x7151,,
0x0425B,common,0x425B,acall,0x4737,0x04737,yes,other,0,24,"0x0425A 42 f1 orl 0xf1,a",,
0x04271,common,0x4271,acall,0x4443,0x04443,yes,other,21,3,"0x0426F 43 06 91 orl 0x06,#0x91",,
0x0428B,common,0x428B,ajmp,0x41AA,0x041AA,yes,other,7,17,"0x0428A 43 21 aa orl 0x21,#0xaa",,
0x042A4,common,0x42A4,acall,0x4643,0x04643,yes,entry,14,10,"0x042A2 43 39 d1 orl 0x39,#0xd1",,
0x042B6,common,0x42B6,acall,0x4743,0x04743,yes,entry,1,23,"0x042B4 43 48 f1 orl 0x48,#0xf1",,
0x0430B,common,0x430B,ajmp,0x4102,0x04102,yes,other,1,23,0x04309 02 3d 21 ljmp 0x3d21,,
0x0439B,common,0x439B,ajmp,0x43E0,0x043E0,yes,other,1,23,"0x04399 90 0a 61 mov dptr,#0x0a61",,
0x043C2,common,0x43C2,ajmp,0x4093,0x04093,yes,other,0,24,"0x043C1 74 01 mov a,#0x01",,
0x0445B,common,0x445B,ajmp,0x40F0,0x040F0,yes,other,0,24,"0x0445A 74 01 mov a,#0x01",,
0x04539,common,0x4539,acall,0x4612,0x04612,yes,entry,1,23,0x04537 12 4a d1 lcall 0x4ad1,,
0x04554,common,0x4554,ajmp,0x43F5,0x043F5,yes,entry,0,24,"0x04553 24 61 add a,#0x61",,
0x04616,common,0x4616,ajmp,0x40F0,0x040F0,yes,other,2,22,"0x04615 74 01 mov a,#0x01",,
0x04671,common,0x4671,acall,0x4612,0x04612,yes,entry,1,23,0x0466F 12 4a d1 lcall 0x4ad1,,
0x046D5,common,0x46D5,ajmp,0x4007,0x04007,yes,other,0,24,"0x046D4 b4 01 07 cjne a,#0x01,0x46de",,
0x0476E,common,0x476E,ajmp,0x4022,0x04022,yes,other,0,24,"0x0476D 7f 01 mov r7,#0x01",,
0x047CD,common,0x47CD,ajmp,0x4212,0x04212,yes,other,1,23,0x047CB 12 4a 41 lcall 0x4a41,,
0x0480B,common,0x480B,ajmp,0x4880,0x04880,yes,entry,0,24,"0x0480A 7b 01 mov r3,#0x01",,
0x04816,common,0x4816,acall,0x4FF0,0x04FF0,yes,other,0,24,"0x04815 54 f1 anl a,#0xf1",,
0x0481D,common,0x481D,ajmp,0x4FA9,0x04FA9,yes,other,0,24,"0x0481C 30 e1 a9 jnb acc.1,0x47c8",,
0x04820,common,0x4820,ajmp,0x4880,0x04880,yes,entry,1,23,"0x0481F 7b 01 mov r3,#0x01",,
0x0484F,common,0x484F,ajmp,0x480A,0x0480A,yes,entry,0,24,"0x0484E b4 01 0a cjne a,#0x01,0x485b",,
0x04870,common,0x4870,acall,0x4F02,0x04F02,yes,other,0,24,"0x0486F 54 f1 anl a,#0xf1",,
0x04890,common,0x4890,ajmp,0x480B,0x0480B,yes,other,0,24,"0x0488F b4 01 0b cjne a,#0x01,0x489d",,
0x048B6,common,0x48B6,ajmp,0x4A12,0x04A12,yes,other,1,23,0x048B4 12 4a 41 lcall 0x4a41,,
0x048CD,common,0x48CD,ajmp,0x4912,0x04912,yes,other,1,23,0x048CB 02 49 21 ljmp 0x4921,,
0x048F0,common,0x48F0,ajmp,0x480A,0x0480A,yes,entry,0,24,"0x048EF b4 01 0a cjne a,#0x01,0x48fc",,
0x048FB,common,0x48FB,acall,0x48EF,0x048EF,yes,other,1,23,0x048FA 80 11 sjmp 0x490d,,
0x04907,common,0x4907,acall,0x4FF0,0x04FF0,yes,other,0,24,"0x04906 54 f1 anl a,#0xf1",,
0x0490A,common,0x490A,ajmp,0x4880,0x04880,yes,entry,0,24,"0x04909 7b 01 mov r3,#0x01",,
0x04915,common,0x4915,ajmp,0x4A74,0x04A74,yes,other,1,23,0x04913 12 4a 41 lcall 0x4a41,,
0x0491B,common,0x491B,acall,0x4D12,0x04D12,yes,other,1,23,0x04919 02 48 b1 ljmp 0x48b1,,
0x04935,common,0x4935,acall,0x4F12,0x04F12,yes,entry,0,24,"0x04934 54 f1 anl a,#0xf1",,
0x0494F,common,0x494F,ajmp,0x481C,0x0481C,yes,entry,24,0,,,
0x0495C,common,0x495C,acall,0x4805,0x04805,yes,other,24,0,,,
0x0495E,common,0x495E,acall,0x4801,0x04801,yes,other,23,1,0x0495D 05 11 inc 0x11,,
0x0495F,common,0x495F,ajmp,0x4802,0x04802,yes,entry,1,23,,,
0x0496A,common,0x496A,acall,0x481C,0x0481C,yes,entry,24,0,,,
0x04971,common,0x4971,acall,0x4805,0x04805,yes,other,24,0,,,
0x04973,common,0x4973,acall,0x4801,0x04801,yes,other,23,1,0x04972 05 11 inc 0x11,,
0x04974,common,0x4974,ajmp,0x4804,0x04804,yes,entry,1,23,,,
0x04986,common,0x4986,acall,0x4806,0x04806,yes,other,24,0,,,
0x04988,common,0x4988,acall,0x4802,0x04802,yes,entry,24,0,,,
0x0498A,common,0x498A,ajmp,0x481C,0x0481C,yes,entry,23,1,0x04989 02 01 1c ljmp 0x011c,,
0x0499B,common,0x499B,acall,0x4804,0x04804,yes,entry,24,0,,,
0x0499D,common,0x499D,acall,0x4800,0x04800,yes,other,24,0,,,
0x049A3,common,0x49A3,ajmp,0x4D1C,0x04D1C,yes,entry,24,0,,,
0x049B0,common,0x49B0,acall,0x4855,0x04855,yes,other,0,24,0x049AF a7 11 db 0xa7,,
0x049B2,common,0x49B2,acall,0x4854,0x04854,yes,entry,1,23,"0x049B1 55 11 anl a,0x11",,
0x049B4,common,0x49B4,ajmp,0x481C,0x0481C,yes,entry,2,22,"0x049B3 54 01 anl a,#0x01",,
0x049B8,common,0x49B8,acall,0x4D1C,0x04D1C,yes,entry,24,0,,,
0x049C5,common,0x49C5,acall,0x4855,0x04855,yes,other,2,22,0x049C4 b7 11 55 db 0xb7,,
0x049C7,common,0x49C7,acall,0x4854,0x04854,yes,entry,23,1,"0x049C6 55 11 anl a,0x11",,
0x049DC,common,0x49DC,acall,0x481C,0x0481C,yes,entry,24,0,,,
0x049DE,common,0x49DE,ajmp,0x491C,0x0491C,yes,entry,24,0,,,
0x049E2,common,0x49E2,ajmp,0x4916,0x04916,yes,entry,24,0,,,
0x049EF,common,0x49EF,acall,0x4916,0x04916,yes,entry,24,0,,,
0x04A14,common,0x4A14,ajmp,0x4C00,0x04C00,yes,other,0,24,0x04A13 05 81 inc 0x81,,
0x04A22,common,0x4A22,ajmp,0x4830,0x04830,yes,other,24,0,,,
0x04A39,common,0x4A39,ajmp,0x4893,0x04893,yes,other,0,24,"0x04A38 74 01 mov a,#0x01",,
0x04A53,common,0x4A53,ajmp,0x4893,0x04893,yes,other,0,24,"0x04A52 74 01 mov a,#0x01",,
0x04A6F,common,0x4A6F,ajmp,0x4893,0x04893,yes,other,0,24,"0x04A6E 74 01 mov a,#0x01",,
0x04A95,common,0x4A95,ajmp,0x4893,0x04893,yes,other,0,24,"0x04A94 74 01 mov a,#0x01",,
0x04AB4,common,0x4AB4,ajmp,0x48FF,0x048FF,yes,entry,0,24,"0x04AB3 44 01 orl a,#0x01",,
0x04B25,common,0x4B25,ajmp,0x4802,0x04802,yes,entry,1,23,"0x04B23 75 f0 01 mov 0xf0,#0x01",,
0x04C2B,common,0x4C2B,ajmp,0x48F0,0x048F0,yes,other,1,23,"0x04C2A 74 01 mov a,#0x01",,
0x053D7,common,0x53D7,ajmp,0x5070,0x05070,yes,entry,0,24,"0x053D6 64 01 xrl a,#0x01",,
0x05439,common,0x5439,acall,0x527D,0x0527D,yes,other,0,24,"0x05438 7c 51 mov r4,#0x51",,
0x0544A,common,0x544A,acall,0x52C8,0x052C8,yes,other,0,24,0x05449 12 51 c8 lcall 0x51c8,,
0x0545A,common,0x545A,ajmp,0x51E0,0x051E0,yes,other,1,23,"0x05458 90 0a 21 mov dptr,#0x0a21",,
0x054F8,common,0x54F8,ajmp,0x5060,0x05060,yes,other,0,24,"0x054F7 64 01 xrl a,#0x01",,
0x05556,common,0x5556,ajmp,0x5009,0x05009,yes,other,0,24,0x05555 70 01 jnz 0x5558,,
0x0555E,common,0x555E,ajmp,0x5012,0x05012,yes,other,1,23,"0x0555C 75 f0 01 mov 0xf0,#0x01",,
0x055D7,common,0x55D7,acall,0x5003,0x05003,yes,entry,24,0,,,
0x05604,common,0x5604,ajmp,0x50FE,0x050FE,yes,other,6,18,0x05602 02 0a 01 ljmp 0x0a01,,
0x05606,common,0x5606,ajmp,0x50F3,0x050F3,yes,other,24,0,,,
0x05608,common,0x5608,ajmp,0x50E8,0x050E8,yes,other,24,0,,,
0x0560A,common,0x560A,ajmp,0x50DD,0x050DD,yes,other,24,0,,,
0x0560C,common,0x560C,ajmp,0x50D2,0x050D2,yes,other,23,1,"0x0560B dd 01 djnz r5,0x560e",,
0x0560E,common,0x560E,ajmp,0x50C6,0x050C6,yes,other,22,2,0x0560D d2 01 setb 0x20.1,,
0x05610,common,0x5610,ajmp,0x50BB,0x050BB,yes,other,24,0,,,
0x05612,common,0x5612,ajmp,0x50B0,0x050B0,yes,entry,23,1,"0x05611 bb 01 b0 cjne r3,#0x01,0x55c4",,
0x05614,common,0x5614,ajmp,0x50A5,0x050A5,yes,other,23,1,"0x05613 b0 01 anl c,/0x20.1",,
0x05616,common,0x5616,ajmp,0x509A,0x0509A,yes,other,24,0,,,
0x05618,common,0x5618,ajmp,0x508E,0x0508E,yes,other,24,0,,,
0x0561A,common,0x561A,ajmp,0x5083,0x05083,yes,entry,23,1,"0x05619 8e 01 mov 0x01,r6",,
0x0561C,common,0x561C,ajmp,0x5078,0x05078,yes,entry,24,0,,,
0x0561E,common,0x561E,ajmp,0x506D,0x0506D,yes,other,23,1,"0x0561D 78 01 mov r0,#0x01",,
0x05620,common,0x5620,ajmp,0x5062,0x05062,yes,entry,24,0,,,
0x05622,common,0x5622,ajmp,0x5059,0x05059,yes,other,23,1,"0x05621 62 01 xrl 0x01,a",,
0x05624,common,0x5624,ajmp,0x5051,0x05051,yes,other,24,0,,,
0x05625,common,0x5625,acall,0x5201,0x05201,yes,other,0,24,,,
0x05626,common,0x5626,ajmp,0x504A,0x0504A,yes,other,23,1,,,
0x05628,common,0x5628,ajmp,0x5042,0x05042,yes,other,24,0,,,
0x0562A,common,0x562A,ajmp,0x503B,0x0503B,yes,other,23,1,"0x05629 42 01 orl 0x01,a",,
0x0562C,common,0x562C,ajmp,0x5033,0x05033,yes,entry,24,0,,,
0x0562E,common,0x562E,ajmp,0x502B,0x0502B,yes,other,24,0,,,
0x05630,common,0x5630,ajmp,0x5024,0x05024,yes,entry,24,0,,,
0x05632,common,0x5632,ajmp,0x501C,0x0501C,yes,other,23,1,"0x05631 24 01 add a,#0x01",,
0x05634,common,0x5634,ajmp,0x5015,0x05015,yes,other,24,0,,,
0x05636,common,0x5636,ajmp,0x500D,0x0500D,yes,other,23,1,0x05635 15 01 dec 0x01,,
0x05638,common,0x5638,ajmp,0x5005,0x05005,yes,other,24,0,,,
0x0565B,common,0x565B,ajmp,0x5500,0x05500,yes,other,24,0,,,
0x05671,common,0x5671,acall,0x5336,0x05336,yes,other,1,23,"0x0566F 75 00 71 mov 0x00,#0x71",,
0x0567A,common,0x567A,acall,0x5254,0x05254,yes,other,24,0,,,
0x05686,common,0x5686,ajmp,0x5244,0x05244,yes,other,24,0,,,
0x056AA,common,0x56AA,acall,0x5254,0x05254,yes,other,24,0,,,
0x056B6,common,0x56B6,ajmp,0x5244,0x05244,yes,other,24,0,,,
0x057A7,common,0x57A7,ajmp,0x5244,0x05244,yes,other,24,0,,,
0x057D7,common,0x57D7,ajmp,0x5244,0x05244,yes,other,24,0,,,
0x057F7,common,0x57F7,ajmp,0x5243,0x05243,yes,other,24,0,,,
0x05827,common,0x5827,ajmp,0x5A43,0x05A43,yes,entry,24,0,,,
0x05918,common,0x5918,ajmp,0x5A43,0x05A43,yes,entry,24,0,,,
0x05948,common,0x5948,ajmp,0x5A43,0x05A43,yes,entry,24,0,,,
0x05977,common,0x5977,ajmp,0x5A43,0x05A43,yes,entry,24,0,,,
0x059A7,common,0x59A7,ajmp,0x5A43,0x05A43,yes,entry,24,0,,,
0x05A7B,common,0x5A7B,ajmp,0x5A43,0x05A43,yes,entry,24,0,,,
0x05A98,common,0x5A98,ajmp,0x5A43,0x05A43,yes,entry,24,0,,,
0x05AC8,common,0x5AC8,ajmp,0x5A43,0x05A43,yes,entry,24,0,,,
0x05AFA,common,0x5AFA,acall,0x5A55,0x05A55,yes,other,24,0,,,
0x05B07,common,0x5B07,ajmp,0x5A46,0x05A46,yes,other,24,0,,,
0x05B2A,common,0x5B2A,acall,0x5A55,0x05A55,yes,other,24,0,,,
0x05B37,common,0x5B37,ajmp,0x5A46,0x05A46,yes,other,24,0,,,
0x05BB9,common,0x5BB9,ajmp,0x5A44,0x05A44,yes,entry,24,0,,,
0x05BE9,common,0x5BE9,ajmp,0x5A44,0x05A44,yes,entry,24,0,,,
0x05C18,common,0x5C18,ajmp,0x5A43,0x05A43,yes,entry,24,0,,,
0x05C48,common,0x5C48,ajmp,0x5A43,0x05A43,yes,entry,24,0,,,
0x05C88,common,0x5C88,ajmp,0x5A43,0x05A43,yes,entry,24,0,,,
0x05CB8,common,0x5CB8,ajmp,0x5A43,0x05A43,yes,entry,24,0,,,
0x05CE7,common,0x5CE7,ajmp,0x5A43,0x05A43,yes,entry,0,24,0x05CE6 40 41 jc 0x5d29,,
0x05D17,common,0x5D17,ajmp,0x5A43,0x05A43,yes,entry,0,24,0x05D16 40 41 jc 0x5d59,,
0x05D49,common,0x5D49,ajmp,0x5A44,0x05A44,yes,entry,24,0,,,
0x05D79,common,0x5D79,ajmp,0x5A44,0x05A44,yes,entry,24,0,,,
0x05DA8,common,0x5DA8,ajmp,0x5A43,0x05A43,yes,entry,24,0,,,
0x05DD8,common,0x5DD8,ajmp,0x5A43,0x05A43,yes,entry,24,0,,,
0x05DFA,common,0x5DFA,acall,0x5A55,0x05A55,yes,other,24,0,,,
0x05E07,common,0x5E07,ajmp,0x5A46,0x05A46,yes,other,24,0,,,
0x05E2A,common,0x5E2A,acall,0x5A55,0x05A55,yes,other,24,0,,,
0x05E37,common,0x5E37,ajmp,0x5A46,0x05A46,yes,other,24,0,,,
0x05EB9,common,0x5EB9,ajmp,0x5A44,0x05A44,yes,entry,24,0,,,
0x05EE9,common,0x5EE9,ajmp,0x5A44,0x05A44,yes,entry,24,0,,,
0x05F18,common,0x5F18,ajmp,0x5A43,0x05A43,yes,entry,24,0,,,
0x05F48,common,0x5F48,ajmp,0x5A43,0x05A43,yes,entry,24,0,,,
0x05F7A,common,0x5F7A,acall,0x5A55,0x05A55,yes,other,24,0,,,
0x05F87,common,0x5F87,ajmp,0x5A46,0x05A46,yes,other,24,0,,,
0x05FAA,common,0x5FAA,acall,0x5A55,0x05A55,yes,other,24,0,,,
0x05FB7,common,0x5FB7,ajmp,0x5A46,0x05A46,yes,other,24,0,,,
0x06039,common,0x6039,ajmp,0x6244,0x06244,yes,other,24,0,,,
0x06069,common,0x6069,ajmp,0x6244,0x06244,yes,other,24,0,,,
0x06098,common,0x6098,ajmp,0x6243,0x06243,yes,entry,24,0,,,
0x060C8,common,0x60C8,ajmp,0x6243,0x06243,yes,entry,24,0,,,
0x06162,common,0x6162,ajmp,0x6237,0x06237,yes,other,24,0,,,
0x06166,common,0x6166,ajmp,0x6237,0x06237,yes,other,23,1,0x06165 05 41 inc 0x41,,
0x0616A,common,0x616A,ajmp,0x6237,0x06237,yes,other,23,1,0x06169 05 41 inc 0x41,,
0x0616E,common,0x616E,ajmp,0x6237,0x06237,yes,other,0,24,0x0616D 05 41 inc 0x41,,
0x06172,common,0x6172,ajmp,0x6237,0x06237,yes,other,0,24,0x06171 05 41 inc 0x41,,
0x06176,common,0x6176,ajmp,0x6237,0x06237,yes,other,0,24,0x06175 05 41 inc 0x41,,
0x06186,common,0x6186,ajmp,0x6237,0x06237,yes,other,0,24,0x06185 05 41 inc 0x41,,
0x0618A,common,0x618A,ajmp,0x6237,0x06237,yes,other,0,24,0x06189 05 41 inc 0x41,,
0x0618E,common,0x618E,ajmp,0x6237,0x06237,yes,other,0,24,0x0618D 05 41 inc 0x41,,
0x061B2,common,0x61B2,ajmp,0x6000,0x06000,yes,other,24,0,,,
0x061E8,common,0x61E8,ajmp,0x6000,0x06000,yes,other,24,0,,,
0x0621E,common,0x621E,ajmp,0x6000,0x06000,yes,other,24,0,,,
0x06246,common,0x6246,acall,0x65BC,0x065BC,yes,other,20,4,0x06245 a6 b1 db 0xa6,,
0x06259,common,0x6259,ajmp,0x6121,0x06121,yes,other,24,0,,,
0x0625A,common,0x625A,ajmp,0x6121,0x06121,yes,other,0,24,,,
0x0625B,common,0x625B,ajmp,0x6126,0x06126,yes,other,23,1,,,
0x06261,common,0x6261,acall,0x65A6,0x065A6,yes,other,23,1,"0x06260 bc b1 a6 cjne r4,#0xb1,0x6209",,
0x0626F,common,0x626F,ajmp,0x6116,0x06116,yes,other,24,0,,,
0x0627C,common,0x627C,ajmp,0x6126,0x06126,yes,other,24,0,,,
0x0627F,common,0x627F,acall,0x6137,0x06137,yes,other,24,0,,,
0x06287,common,0x6287,acall,0x6500,0x06500,yes,other,1,23,"0x06285 85 9b b1 mov 0xb1,0x9b",,
0x06291,common,0x6291,ajmp,0x6126,0x06126,yes,other,24,0,,,
0x0629B,common,0x629B,acall,0x65C8,0x065C8,yes,other,0,24,"0x0629A a0 b1 orl c,/p3.1",,
0x062A7,common,0x62A7,ajmp,0x6000,0x06000,yes,other,24,0,,,
0x062BF,common,0x62BF,ajmp,0x6000,0x06000,yes,other,24,0,,,
0x062CB,common,0x62CB,ajmp,0x6000,0x06000,yes,other,24,0,,,
0x062EF,common,0x62EF,ajmp,0x6000,0x06000,yes,other,24,0,,,
0x06313,common,0x6313,ajmp,0x6000,0x06000,yes,other,24,0,,,
0x0632B,common,0x632B,ajmp,0x6000,0x06000,yes,other,24,0,,,
0x06333,common,0x6333,acall,0x6013,0x06013,yes,entry,24,0,,,
0x0633B,common,0x633B,ajmp,0x6123,0x06123,yes,entry,24,0,,,
0x06345,common,0x6345,acall,0x6132,0x06132,yes,other,0,24,"0x06344 30 31 32 jnb 0x26.1,0x6379",,
0x06378,common,0x6378,acall,0x6130,0x06130,yes,other,24,0,,,
0x06382,common,0x6382,ajmp,0x611F,0x0611F,yes,other,24,0,,,
0x0638A,common,0x638A,acall,0x600F,0x0600F,yes,other,24,0,,,
0x063C6,common,0x63C6,ajmp,0x6126,0x06126,yes,other,24,0,,,
0x063C9,common,0x63C9,acall,0x6137,0x06137,yes,other,24,0,,,
0x063D5,common,0x63D5,acall,0x65C8,0x065C8,yes,other,3,21,0x063D4 a6 b1 db 0xa6,,
0x063D8,common,0x63D8,acall,0x65A6,0x065A6,yes,other,24,0,,,
0x063E4,common,0x63E4,acall,0x612C,0x0612C,yes,other,24,0,,,
0x063E7,common,0x63E7,ajmp,0x611B,0x0611B,yes,entry,24,0,,,
0x063F0,common,0x63F0,ajmp,0x6000,0x06000,yes,other,23,1,0x063EF 05 01 inc 0x01,,
0x063F3,common,0x63F3,acall,0x6030,0x06030,yes,other,0,24,"0x063F2 30 11 30 jnb 0x22.1,0x6425",,
0x063F5,common,0x63F5,acall,0x6001,0x06001,yes,other,23,1,"0x063F4 30 11 01 jnb 0x22.1,0x63f8",,
0x063F6,common,0x63F6,ajmp,0x6000,0x06000,yes,other,0,24,"0x063F4 30 11 01 jnb 0x22.1,0x63f8",,
0x063FB,common,0x63FB,ajmp,0x609A,0x0609A,yes,other,24,0,,,
0x0642C,common,0x642C,ajmp,0x6000,0x06000,yes,other,24,0,,,
0x06430,common,0x6430,ajmp,0x6004,0x06004,yes,other,24,0,,,
0x06444,common,0x6444,ajmp,0x6100,0x06100,yes,other,24,0,,,
0x06505,common,0x6505,ajmp,0x6216,0x06216,yes,other,24,0,,,
0x0650A,common,0x650A,ajmp,0x6000,0x06000,yes,other,24,0,,,
0x06510,common,0x6510,acall,0x6040,0x06040,yes,other,24,0,,,
0x06546,common,0x6546,ajmp,0x6180,0x06180,yes,other,24,0,,,
0x0657C,common,0x657C,acall,0x6140,0x06140,yes,other,24,0,,,
0x065B2,common,0x65B2,ajmp,0x6280,0x06280,yes,other,24,0,,,
0x065D7,common,0x65D7,ajmp,0x6016,0x06016,yes,other,24,0,,,
0x065DC,common,0x65DC,acall,0x6200,0x06200,yes,other,24,0,,,
0x06612,common,0x6612,ajmp,0x6470,0x06470,yes,other,24,0,,,
0x06614,common,0x6614,acall,0x63BC,0x063BC,yes,other,23,1,0x06613 70 71 jnz 0x6686,,
0x06621,common,0x6621,ajmp,0x6131,0x06131,yes,other,24,0,,,
0x06622,common,0x6622,acall,0x6133,0x06133,yes,other,0,24,,,
0x06625,common,0x6625,ajmp,0x6275,0x06275,yes,other,24,0,,,
0x06627,common,0x6627,ajmp,0x63FF,0x063FF,yes,other,23,1,"0x06626 75 61 ff mov 0x61,#0xff",,
0x06669,common,0x6669,acall,0x647D,0x0647D,yes,other,0,24,"0x06668 b8 91 7d cjne r0,#0x91,0x66e8",,
0x0667A,common,0x667A,acall,0x647B,0x0647B,yes,other,24,0,,,
0x06685,common,0x6685,acall,0x65B3,0x065B3,yes,entry,5,19,"0x06684 af b1 mov r7,0xb1",,
0x06692,common,0x6692,ajmp,0x6470,0x06470,yes,other,24,0,,,
0x06694,common,0x6694,acall,0x63BC,0x063BC,yes,other,23,1,0x06693 70 71 jnz 0x6706,,
0x066A1,common,0x66A1,ajmp,0x6131,0x06131,yes,other,24,0,,,
0x066A2,common,0x66A2,acall,0x6133,0x06133,yes,other,0,24,,,
0x066A5,common,0x66A5,ajmp,0x6275,0x06275,yes,other,24,0,,,
0x066A7,common,0x66A7,ajmp,0x63FF,0x063FF,yes,other,23,1,"0x066A6 75 61 ff mov 0x61,#0xff",,
0x066E9,common,0x66E9,acall,0x647D,0x0647D,yes,other,0,24,"0x066E8 b8 91 7d cjne r0,#0x91,0x6768",,
0x066FA,common,0x66FA,acall,0x64E2,0x064E2,yes,other,24,0,,,
0x06712,common,0x6712,ajmp,0x6470,0x06470,yes,other,24,0,,,
0x06714,common,0x6714,acall,0x637B,0x0637B,yes,other,23,1,0x06713 70 71 jnz 0x6786,,
0x06721,common,0x6721,ajmp,0x6131,0x06131,yes,other,24,0,,,
0x06722,common,0x6722,acall,0x6133,0x06133,yes,other,0,24,,,
0x06725,common,0x6725,ajmp,0x6275,0x06275,yes,other,24,0,,,
0x06727,common,0x6727,ajmp,0x636A,0x0636A,yes,other,23,1,"0x06726 75 61 6a mov 0x61,#0x6a",,
0x06769,common,0x6769,acall,0x647D,0x0647D,yes,other,0,24,"0x06768 b8 91 7d cjne r0,#0x91,0x67e8",,
0x06792,common,0x6792,ajmp,0x6470,0x06470,yes,other,24,0,,,
0x06794,common,0x6794,acall,0x63BC,0x063BC,yes,other,23,1,0x06793 70 71 jnz 0x6806,,
0x06797,common,0x6797,acall,0x625D,0x0625D,yes,other,0,24,"0x06796 7c 51 mov r4,#0x51",,
0x067A1,common,0x67A1,ajmp,0x6131,0x06131,yes,other,24,0,,,
0x067A2,common,0x67A2,acall,0x6133,0x06133,yes,other,0,24,,,
0x067A5,common,0x67A5,ajmp,0x6275,0x06275,yes,other,24,0,,,
0x067A7,common,0x67A7,ajmp,0x636A,0x0636A,yes,other,23,1,"0x067A6 75 61 6a mov 0x61,#0x6a",,
0x067F9,common,0x67F9,acall,0x63E3,0x063E3,yes,other,3,21,0x067F7 b6 9b 71 db 0xb6,,
0x06805,common,0x6805,acall,0x6DB3,0x06DB3,yes,other,1,23,"0x06804 af b1 mov r7,0xb1",,
0x06812,common,0x6812,ajmp,0x6C70,0x06C70,yes,other,24,0,,,
0x06814,common,0x6814,ajmp,0x6C79,0x06C79,yes,other,23,1,0x06813 70 81 jnz 0x6796,,
0x06821,common,0x6821,ajmp,0x6931,0x06931,yes,entry,24,0,,,
0x06822,common,0x6822,acall,0x6933,0x06933,yes,other,0,24,,,
0x06825,common,0x6825,ajmp,0x6A75,0x06A75,yes,other,24,0,,,
0x06827,common,0x6827,ajmp,0x6BFF,0x06BFF,yes,other,23,1,"0x06826 75 61 ff mov 0x61,#0xff",,
0x06869,common,0x6869,acall,0x6C7D,0x06C7D,yes,other,0,24,"0x06868 b8 91 7d cjne r0,#0x91,0x68e8",,
0x06879,common,0x6879,acall,0x6BFF,0x06BFF,yes,other,3,21,0x06877 b6 e7 71 db 0xb6,,
0x0687B,common,0x687B,ajmp,0x6F8D,0x06F8D,yes,other,24,0,,,
0x06880,common,0x6880,acall,0x6BBC,0x06BBC,yes,other,2,22,"0x0687F 7c 71 mov r4,#0x71",,
0x06885,common,0x6885,acall,0x6DB3,0x06DB3,yes,other,1,23,"0x06884 af b1 mov r7,0xb1",,
0x06892,common,0x6892,ajmp,0x6C70,0x06C70,yes,other,24,0,,,
0x06894,common,0x6894,ajmp,0x6C79,0x06C79,yes,other,23,1,0x06893 70 81 jnz 0x6816,,
0x068A1,common,0x68A1,ajmp,0x6931,0x06931,yes,entry,24,0,,,
0x068A2,common,0x68A2,acall,0x6933,0x06933,yes,other,0,24,,,
0x068A5,common,0x68A5,ajmp,0x6A75,0x06A75,yes,other,24,0,,,
0x068A7,common,0x68A7,ajmp,0x6BFF,0x06BFF,yes,other,23,1,"0x068A6 75 61 ff mov 0x61,#0xff",,
0x068E9,common,0x68E9,acall,0x6C7D,0x06C7D,yes,other,0,24,"0x068E8 dd 91 djnz r5,0x687b",,
0x068F9,common,0x68F9,acall,0x6BFF,0x06BFF,yes,other,24,0,,,
0x068FB,common,0x68FB,ajmp,0x6F8D,0x06F8D,yes,other,24,0,,,
0x06900,common,0x6900,acall,0x6BBC,0x06BBC,yes,other,2,22,"0x068FF 7c 71 mov r4,#0x71",,
0x06902,common,0x6902,acall,0x6ED2,0x06ED2,yes,other,3,21,"0x06901 bc d1 d2 cjne r4,#0xd1,0x68d6",,
0x06961,common,0x6961,acall,0x6DB1,0x06DB1,yes,other,24,0,,,
0x06962,common,0x6962,acall,0x6DB1,0x06DB1,yes,other,0,24,,,
0x06963,common,0x6963,acall,0x6D46,0x06D46,yes,other,23,1,,,
0x06990,common,0x6990,ajmp,0x6A41,0x06A41,yes,other,21,3,"0x0698E bc bc 41 cjne r4,#0xbc,0x69d2",,
0x06991,common,0x6991,ajmp,0x6A41,0x06A41,yes,other,2,22,"0x0698F bc 41 41 cjne r4,#0x41,0x69d3",,
0x06992,common,0x6992,ajmp,0x6A41,0x06A41,yes,other,21,3,,,
0x06993,common,0x6993,ajmp,0x6A49,0x06A49,yes,other,3,21,,,
0x0699D,common,0x699D,ajmp,0x6C05,0x06C05,yes,other,23,1,"0x0699B be 5a 81 cjne r6,#0x5a,0x691f",,
0x069A1,common,0x69A1,acall,0x6E04,0x06E04,yes,other,24,0,,,
0x069AE,common,0x69AE,ajmp,0x68D8,0x068D8,yes,other,24,0,,,
0x069B7,common,0x69B7,acall,0x6B94,0x06B94,yes,entry,23,1,0x069B6 c0 71 push 0x71,,
0x069CF,common,0x69CF,ajmp,0x6BAE,0x06BAE,yes,other,24,0,,,
0x069D1,common,0x69D1,ajmp,0x6F16,0x06F16,yes,other,23,1,"0x069D0 ae e1 mov r6,0xe1",,
0x069F8,common,0x69F8,ajmp,0x68D1,0x068D1,yes,other,24,0,,,
0x069F9,common,0x69F9,acall,0x6E09,0x06E09,yes,other,0,24,,,
0x06AD6,common,0x6AD6,acall,0x6C92,0x06C92,yes,other,0,24,"0x06AD5 95 91 subb a,0x91",,
0x06AD9,common,0x6AD9,acall,0x6C97,0x06C97,yes,other,24,0,,,
0x06AF3,common,0x6AF3,ajmp,0x681F,0x0681F,yes,other,24,0,,,
0x06AF5,common,0x6AF5,ajmp,0x6827,0x06827,yes,other,24,0,,,
0x06AF7,common,0x6AF7,ajmp,0x682F,0x0682F,yes,other,24,0,,,
0x06AF9,common,0x6AF9,ajmp,0x6837,0x06837,yes,other,24,0,,,
0x06AFB,common,0x6AFB,ajmp,0x683F,0x0683F,yes,other,24,0,,,
0x06AFD,common,0x6AFD,ajmp,0x685E,0x0685E,yes,other,24,0,,,
0x06AFF,common,0x6AFF,ajmp,0x6802,0x06802,yes,other,24,0,,,
0x06B11,common,0x6B11,ajmp,0x6800,0x06800,yes,other,23,1,"0x06B10 34 01 addc a,#0x01",,
0x06B14,common,0x6B14,ajmp,0x6804,0x06804,yes,entry,24,0,,,
0x06B19,common,0x6B19,ajmp,0x6869,0x06869,yes,other,24,0,,,
0x06B1B,common,0x6B1B,ajmp,0x687D,0x0687D,yes,other,24,0,,,
0x06B1D,common,0x6B1D,ajmp,0x687A,0x0687A,yes,other,23,1,"0x06B1C 7d 01 mov r5,#0x01",,
0x06B1F,common,0x6B1F,ajmp,0x6875,0x06875,yes,other,22,2,"0x06B1E 7a 01 mov r2,#0x01",,
0x06B21,common,0x6B21,ajmp,0x6872,0x06872,yes,other,21,3,"0x06B20 75 01 72 mov 0x01,#0x72",,
0x06B23,common,0x6B23,ajmp,0x686B,0x0686B,yes,other,23,1,0x06B22 72 01 db 0x72,,
0x06B25,common,0x6B25,ajmp,0x6874,0x06874,yes,other,24,0,,,
0x06B27,common,0x6B27,ajmp,0x684D,0x0684D,yes,other,23,1,"0x06B26 74 01 mov a,#0x01",,
0x06B29,common,0x6B29,ajmp,0x6815,0x06815,yes,entry,24,0,,,
0x06B2B,common,0x6B2B,ajmp,0x683B,0x0683B,yes,other,23,1,0x06B2A 15 01 dec 0x01,,
0x06B2D,common,0x6B2D,ajmp,0x6834,0x06834,yes,other,24,0,,,
0x06B2F,common,0x6B2F,ajmp,0x6823,0x06823,yes,other,23,1,"0x06B2E 34 01 addc a,#0x01",,
0x06B31,common,0x6B31,ajmp,0x6832,0x06832,yes,other,24,0,,,
0x06B33,common,0x6B33,ajmp,0x6821,0x06821,yes,other,24,0,,,
0x06B34,common,0x6B34,ajmp,0x6901,0x06901,yes,other,0,24,,,
0x06B35,common,0x6B35,ajmp,0x6848,0x06848,yes,other,23,1,,,
0x06B37,common,0x6B37,ajmp,0x6810,0x06810,yes,other,24,0,,,
0x06B39,common,0x6B39,ajmp,0x683A,0x0683A,yes,other,23,1,"0x06B38 10 01 3a jbc 0x20.1,0x6b75",,
0x06B3B,common,0x6B3B,ajmp,0x6838,0x06838,yes,other,24,0,,,
0x06B3D,common,0x6B3D,ajmp,0x6830,0x06830,yes,other,24,0,,,
0x06B3F,common,0x6B3F,ajmp,0x6828,0x06828,yes,other,23,1,"0x06B3E 30 01 28 jnb 0x20.1,0x6b69",,
0x06B41,common,0x6B41,ajmp,0x6820,0x06820,yes,other,24,0,,,
0x06B43,common,0x6B43,ajmp,0x6818,0x06818,yes,other,23,1,"0x06B42 20 01 18 jb 0x20.1,0x6b5d",,
0x06B45,common,0x6B45,ajmp,0x682B,0x0682B,yes,other,24,0,,,
0x06B47,common,0x6B47,ajmp,0x6840,0x06840,yes,other,24,0,,,
0x06B49,common,0x6B49,ajmp,0x6850,0x06850,yes,other,23,1,0x06B48 40 01 jc 0x6b4b,,
0x06B4B,common,0x6B4B,ajmp,0x6851,0x06851,yes,other,22,2,0x06B4A 50 01 jnc 0x6b4d,,
0x06B4C,common,0x6B4C,acall,0x6A00,0x06A00,yes,entry,2,22,,,
0x06B6A,common,0x6B6A,acall,0x6B00,0x06B00,yes,entry,24,0,,,
0x06B6D,common,0x6B6D,ajmp,0x6800,0x06800,yes,other,24,0,,,
0x06B70,common,0x6B70,acall,0x6B01,0x06B01,yes,other,24,0,,,
0x06B71,common,0x6B71,ajmp,0x6884,0x06884,yes,entry,0,24,,,
0x06B75,common,0x6B75,ajmp,0x687C,0x0687C,yes,entry,0,24,0x06B74 70 01 jnz 0x6b77,,
0x06B77,common,0x6B77,ajmp,0x6841,0x06841,yes,other,1,23,"0x06B76 7c 01 mov r4,#0x01",,
0x06B78,common,0x6B78,ajmp,0x6A01,0x06A01,yes,other,22,2,,,
0x06B79,common,0x6B79,ajmp,0x6849,0x06849,yes,other,2,22,,,
0x06B7B,common,0x6B7B,ajmp,0x6802,0x06802,yes,other,24,0,,,
0x06B92,common,0x6B92,ajmp,0x6807,0x06807,yes,other,24,0,,,
0x06BB2,common,0x6BB2,acall,0x6807,0x06807,yes,other,1,23,"0x06BB0 10 07 11 jbc 0x20.7,0x6bc4",,
0x06C06,common,0x6C06,ajmp,0x6817,0x06817,yes,other,24,0,,,
0x06C0B,common,0x6C0B,ajmp,0x6817,0x06817,yes,other,24,0,,,
0x06C2D,common,0x6C2D,ajmp,0x6800,0x06800,yes,other,24,0,,,
0x06C55,common,0x6C55,ajmp,0x6800,0x06800,yes,other,24,0,,,
0x06C74,common,0x6C74,ajmp,0x6817,0x06817,yes,other,24,0,,,
0x06C79,common,0x6C79,ajmp,0x6817,0x06817,yes,other,24,0,,,
0x06C87,common,0x6C87,ajmp,0x6800,0x06800,yes,other,24,0,,,
0x06C91,common,0x6C91,ajmp,0x6800,0x06800,yes,other,1,23,"0x06C8F 10 00 01 jbc 0x20.0,0x6c93",,
0x06CE7,common,0x6CE7,ajmp,0x6818,0x06818,yes,other,24,0,,,
0x06D0E,common,0x6D0E,ajmp,0x6800,0x06800,yes,other,24,0,,,
0x06D2D,common,0x6D2D,ajmp,0x6818,0x06818,yes,other,24,0,,,
0x06D40,common,0x6D40,ajmp,0x6800,0x06800,yes,other,24,0,,,
0x06D68,common,0x6D68,ajmp,0x6800,0x06800,yes,other,24,0,,,
0x06D77,common,0x6D77,acall,0x6B07,0x06B07,yes,other,24,0,,,
0x06DAA,common,0x6DAA,ajmp,0x6A15,0x06A15,yes,entry,24,0,,,
0x06DAD,common,0x6DAD,ajmp,0x6A15,0x06A15,yes,entry,24,0,,,
0x06DB0,common,0x6DB0,ajmp,0x6817,0x06817,yes,other,24,0,,,
0x06DB3,common,0x6DB3,acall,0x6817,0x06817,yes,other,24,0,,,
0x06DB5,common,0x6DB5,ajmp,0x6811,0x06811,yes,other,24,0,,,
0x06DB6,common,0x6DB6,acall,0x6817,0x06817,yes,other,0,24,,,
0x06DB9,common,0x6DB9,acall,0x6817,0x06817,yes,other,0,24,0x06DB8 02 11 17 ljmp 0x1117,,
0x06DD0,common,0x6DD0,ajmp,0x6800,0x06800,yes,other,24,0,,,
0x06DD6,common,0x6DD6,ajmp,0x6820,0x06820,yes,other,24,0,,,
0x06DDC,common,0x6DDC,ajmp,0x6800,0x06800,yes,other,24,0,,,
0x06DE2,common,0x6DE2,ajmp,0x68C8,0x068C8,yes,other,24,0,,,
0x06DE5,common,0x6DE5,ajmp,0x6AC8,0x06AC8,yes,entry,24,0,,,
0x06DEC,common,0x6DEC,ajmp,0x6818,0x06818,yes,other,24,0,,,
0x06DF2,common,0x6DF2,ajmp,0x6818,0x06818,yes,other,24,0,,,
0x06E34,common,0x6E34,ajmp,0x681C,0x0681C,yes,other,24,0,,,
0x06E3A,common,0x6E3A,ajmp,0x681C,0x0681C,yes,other,0,24,"0x06E39 10 01 1c jbc 0x20.1,0x6e58",,
0x06E3C,common,0x6E3C,ajmp,0x6803,0x06803,yes,entry,24,0,,,
0x06E3F,common,0x6E3F,ajmp,0x6801,0x06801,yes,other,24,0,,,
0x06E40,common,0x6E40,ajmp,0x681C,0x0681C,yes,other,0,24,,,
0x06E48,common,0x6E48,ajmp,0x6901,0x06901,yes,other,24,0,,,
0x06E49,common,0x6E49,ajmp,0x681C,0x0681C,yes,other,0,24,,,
0x06E4F,common,0x6E4F,ajmp,0x681C,0x0681C,yes,other,0,24,0x06E4E 12 01 1c lcall 0x011c,,
0x06E51,common,0x6E51,acall,0x68FF,0x068FF,yes,entry,24,0,,,
0x06E54,common,0x6E54,ajmp,0x6A12,0x06A12,yes,entry,24,0,,,
0x06E58,common,0x6E58,ajmp,0x681C,0x0681C,yes,other,24,0,,,
0x06E5E,common,0x6E5E,ajmp,0x681C,0x0681C,yes,other,24,0,,,
0x06E68,common,0x6E68,ajmp,0x6A10,0x06A10,yes,other,22,2,"0x06E67 10 41 10 jbc 0x28.1,0x6e7a",,
0x06E6E,common,0x6E6E,ajmp,0x6A10,0x06A10,yes,other,23,1,"0x06E6D 10 41 10 jbc 0x28.1,0x6e80",,
0x06E74,common,0x6E74,ajmp,0x6A10,0x06A10,yes,other,23,1,"0x06E73 10 41 10 jbc 0x28.1,0x6e86",,
0x06E7A,common,0x6E7A,ajmp,0x6A10,0x06A10,yes,other,23,1,"0x06E79 10 41 10 jbc 0x28.1,0x6e8c",,
0x06E7E,common,0x6E7E,ajmp,0x6903,0x06903,yes,other,24,0,,,
0x06E87,common,0x6E87,ajmp,0x6899,0x06899,yes,other,23,1,0x06E85 02 32 01 ljmp 0x3201,,
0x06E89,common,0x6E89,ajmp,0x6811,0x06811,yes,other,24,0,,,
0x06E8A,common,0x6E8A,acall,0x6800,0x06800,yes,other,0,24,,,
0x06E9D,common,0x6E9D,ajmp,0x6811,0x06811,yes,other,24,0,,,
0x06E9E,common,0x6E9E,acall,0x6841,0x06841,yes,other,0,24,,,
0x06E9F,common,0x6E9F,ajmp,0x6A31,0x06A31,yes,other,23,1,,,
0x06EA0,common,0x6EA0,acall,0x6971,0x06971,yes,other,1,23,,,
0x06EA1,common,0x6EA1,acall,0x6B21,0x06B21,yes,other,22,2,,,
0x06EA2,common,0x6EA2,ajmp,0x6951,0x06951,yes,other,2,22,,,
0x06EA3,common,0x6EA3,acall,0x6A61,0x06A61,yes,other,21,3,,,
0x06EA4,common,0x6EA4,ajmp,0x6B11,0x06B11,yes,other,3,21,,,
0x06EA5,common,0x6EA5,acall,0x6811,0x06811,yes,other,20,4,,,
0x06EA6,common,0x6EA6,acall,0x6811,0x06811,yes,other,4,20,,,
0x06EA7,common,0x6EA7,acall,0x6811,0x06811,yes,other,19,5,,,
0x06EA8,common,0x6EA8,acall,0x6811,0x06811,yes,other,5,19,,,
0x06EA9,common,0x6EA9,acall,0x6811,0x06811,yes,other,18,6,,,
0x06EAA,common,0x6EAA,acall,0x6811,0x06811,yes,other,6,18,,,
0x06EAB,common,0x6EAB,acall,0x6811,0x06811,yes,other,17,7,,,
0x06EAC,common,0x6EAC,acall,0x6807,0x06807,yes,other,7,17,,,
0x06EB5,common,0x6EB5,acall,0x6B03,0x06B03,yes,other,24,0,,,
0x06EB8,common,0x6EB8,ajmp,0x6807,0x06807,yes,other,0,24,"0x06EB7 30 01 07 jnb 0x20.1,0x6ec1",,
0x06EBC,common,0x6EBC,ajmp,0x6871,0x06871,yes,other,0,24,0x06EBB 70 01 jnz 0x6ebe,,
0x06EBD,common,0x6EBD,acall,0x6B03,0x06B03,yes,other,23,1,,,
0x06EC0,common,0x6EC0,ajmp,0x6807,0x06807,yes,other,0,24,"0x06EBF 30 01 07 jnb 0x20.1,0x6ec9",,
0x06EC5,common,0x6EC5,ajmp,0x6B12,0x06B12,yes,other,24,0,,,
0x06ECC,common,0x6ECC,ajmp,0x6807,0x06807,yes,other,22,2,"0x06ECA 10 30 01 jbc 0x26.0,0x6ece",,
0x06ECE,common,0x6ECE,acall,0x6870,0x06870,yes,other,24,0,,,
0x06ED2,common,0x6ED2,ajmp,0x6807,0x06807,yes,other,0,24,"0x06ED1 30 01 07 jnb 0x20.1,0x6edb",,
0x06ED8,common,0x6ED8,ajmp,0x6807,0x06807,yes,other,0,24,"0x06ED7 30 01 07 jnb 0x20.1,0x6ee1",,
0x06EDD,common,0x6EDD,ajmp,0x6B80,0x06B80,yes,other,23,1,0x06EDC 05 61 inc 0x61,,
0x06EE5,common,0x6EE5,acall,0x6B03,0x06B03,yes,other,24,0,,,
0x06EE8,common,0x6EE8,ajmp,0x6807,0x06807,yes,other,0,24,"0x06EE7 30 01 07 jnb 0x20.1,0x6ef1",,
0x06EED,common,0x6EED,ajmp,0x6B00,0x06B00,yes,entry,23,1,0x06EEC 02 61 00 ljmp 0x6100,,
0x06EF2,common,0x6EF2,ajmp,0x6AFC,0x06AFC,yes,other,24,0,,,
0x06EF8,common,0x6EF8,ajmp,0x6819,0x06819,yes,other,0,24,"0x06EF7 30 01 19 jnb 0x20.1,0x6f13",,
0x0700E,common,0x700E,ajmp,0x700E,0x0700E,yes,other,0,24,0x0700D 60 01 jz 0x7010,,
0x07031,common,0x7031,ajmp,0x7006,0x07006,yes,other,0,24,"0x07030 bb 01 06 cjne r3,#0x01,0x7039",,
0x0704A,common,0x704A,ajmp,0x7006,0x07006,yes,other,0,24,"0x07049 bb 01 06 cjne r3,#0x01,0x7052",,
0x07058,common,0x7058,ajmp,0x70F3,0x070F3,yes,entry,1,23,"0x07056 bb fe 01 cjne r3,#0xfe,0x705a",,
0x0705D,common,0x705D,ajmp,0x700D,0x0700D,yes,other,0,24,"0x0705C bb 01 0d cjne r3,#0x01,0x706c",,
0x07149,common,0x7149,ajmp,0x7093,0x07093,yes,other,0,24,"0x07148 74 01 mov a,#0x01",,
0x0715B,common,0x715B,ajmp,0x7093,0x07093,yes,other,0,24,"0x0715A 74 01 mov a,#0x01",,
0x07164,common,0x7164,ajmp,0x7093,0x07093,yes,other,0,24,"0x07163 74 01 mov a,#0x01",,
0x071BB,common,0x71BB,ajmp,0x76B9,0x076B9,yes,erased,1,23,"0x071B9 b8 00 c1 cjne r0,#0x00,0x717d",,
0x07268,common,0x7268,ajmp,0x7412,0x07412,yes,erased,1,23,0x07266 12 72 81 lcall 0x7281,,
0x0726A,common,0x726A,acall,0x73B9,0x073B9,yes,erased,2,22,0x07269 12 71 b9 lcall 0x71b9,,
0x0727C,common,0x727C,acall,0x73B9,0x073B9,yes,erased,0,24,0x0727B 12 71 b9 lcall 0x71b9,,
0x0801C,bank0,0x801C,ajmp,0x8074,0x08074,yes,entry,1,23,"0x0801A 90 19 01 mov dptr,#0x1901",,
0x08036,bank0,0x8036,acall,0x8351,0x08351,yes,other,0,24,0x08035 12 71 51 lcall 0x7151,,
0x08037,bank0,0x8037,acall,0x8280,0x08280,yes,other,0,24,0x08035 12 71 51 lcall 0x7151,,
0x0803D,bank0,0x803D,ajmp,0x8080,0x08080,yes,other,23,1,"0x0803C 94 01 subb a,#0x01",,
0x08041,bank0,0x8041,ajmp,0x841A,0x0841A,yes,other,0,24,0x08040 02 81 1a ljmp 0x811a,,
0x08044,bank0,0x8044,ajmp,0x845D,0x0845D,yes,other,24,0,,,
0x08047,bank0,0x8047,ajmp,0x849D,0x0849D,yes,entry,24,0,,,
0x0804A,bank0,0x804A,ajmp,0x84DF,0x084DF,yes,other,0,24,0x08049 05 81 inc 0x81,,
0x0804E,bank0,0x804E,acall,0x8107,0x08107,yes,other,0,24,0x0804D 82 31 db 0x82,,
0x08073,bank0,0x8073,ajmp,0x8012,0x08012,yes,other,1,23,"0x08071 90 06 01 mov dptr,#0x0601",,
0x08079,bank0,0x8079,ajmp,0x80F0,0x080F0,yes,other,5,19,"0x08077 90 06 01 mov dptr,#0x0601",,
0x08088,bank0,0x8088,ajmp,0x8012,0x08012,yes,other,2,22,"0x08087 44 01 orl a,#0x01",,
0x08090,bank0,0x8090,ajmp,0x8402,0x08402,yes,other,6,18,"0x0808F 74 81 mov a,#0x81",,
0x08224,bank0,0x8224,ajmp,0x8774,0x08774,yes,other,9,15,"0x08222 90 08 e1 mov dptr,#0x08e1",,
0x08273,bank0,0x8273,acall,0x8590,0x08590,yes,other,0,24,0x08271 12 bc b1 lcall 0xbcb1,,
0x08276,bank0,0x8276,ajmp,0x87E0,0x087E0,yes,entry,11,13,"0x08274 90 08 e1 mov dptr,#0x08e1",,
0x08292,bank0,0x8292,acall,0x8522,0x08522,yes,other,0,24,0x08290 12 bc b1 lcall 0xbcb1,,
0x0830F,bank0,0x830F,ajmp,0x80F0,0x080F0,yes,other,0,24,"0x0830E 44 01 orl a,#0x01",,
0x0831F,bank0,0x831F,ajmp,0x87F0,0x087F0,yes,entry,1,23,"0x0831D 90 08 e1 mov dptr,#0x08e1",,
0x0836F,bank0,0x836F,ajmp,0x807A,0x0807A,yes,other,0,24,"0x0836E 7b 01 mov r3,#0x01",,
0x08373,bank0,0x8373,ajmp,0x8012,0x08012,yes,other,0,24,"0x08372 79 01 mov r1,#0x01",,
0x08388,bank0,0x8388,ajmp,0x80C8,0x080C8,yes,other,0,24,"0x08387 74 01 mov a,#0x01",,
0x083BD,bank0,0x83BD,ajmp,0x8093,0x08093,yes,other,0,24,"0x083BC 74 01 mov a,#0x01",,
0x08445,bank0,0x8445,ajmp,0x8080,0x08080,yes,other,0,24,"0x08444 7f 01 mov r7,#0x01",,
0x08452,bank0,0x8452,ajmp,0x8080,0x08080,yes,other,0,24,"0x08451 7e 01 mov r6,#0x01",,
0x08532,bank0,0x8532,acall,0x8412,0x08412,yes,other,0,24,0x08530 12 d0 91 lcall 0xd091,,
0x0853D,bank0,0x853D,acall,0x8467,0x08467,yes,entry,0,24,0x0853C 12 91 67 lcall 0x9167,,
0x08540,bank0,0x8540,acall,0x852C,0x0852C,yes,other,0,24,0x0853F 12 b1 2c lcall 0xb12c,,
0x085B7,bank0,0x85B7,ajmp,0x8012,0x08012,yes,other,2,22,"0x085B6 7f 01 mov r7,#0x01",,
0x085F1,bank0,0x85F1,ajmp,0x8012,0x08012,yes,other,1,23,"0x085F0 7f 01 mov r7,#0x01",,
0x08620,bank0,0x8620,ajmp,0x802F,0x0802F,yes,other,0,24,"0x0861F 74 01 mov a,#0x01",,
0x08630,bank0,0x8630,ajmp,0x8080,0x08080,yes,other,3,21,"0x0862E 75 69 01 mov 0x69,#0x01",,
0x08663,bank0,0x8663,acall,0x8351,0x08351,yes,other,1,23,0x08662 12 71 51 lcall 0x7151,,
0x08664,bank0,0x8664,acall,0x8286,0x08286,yes,entry,0,24,0x08662 12 71 51 lcall 0x7151,,
0x08666,bank0,0x8666,ajmp,0x8400,0x08400,yes,other,1,23,0x08665 86 81 db 0x86,,
0x0866F,bank0,0x866F,ajmp,0x8405,0x08405,yes,entry,0,24,0x0866E 86 81 db 0x86,,
0x0868A,bank0,0x868A,acall,0x8280,0x08280,yes,other,0,24,0x08689 80 51 sjmp 0x86dc,,
0x08697,bank0,0x8697,ajmp,0x83F0,0x083F0,yes,entry,0,24,"0x08696 74 61 mov a,#0x61",,
0x086A3,bank0,0x86A3,ajmp,0x83F0,0x083F0,yes,entry,0,24,"0x086A2 74 61 mov a,#0x61",,
0x086AA,bank0,0x86AA,acall,0x8190,0x08190,yes,other,0,24,0x086A9 80 31 sjmp 0x86dc,,
0x086AF,bank0,0x86AF,ajmp,0x83F0,0x083F0,yes,entry,0,24,"0x086AE 74 61 mov a,#0x61",,
0x086C1,bank0,0x86C1,ajmp,0x83F0,0x083F0,yes,entry,0,24,"0x086C0 74 61 mov a,#0x61",,
0x086CA,bank0,0x86CA,ajmp,0x83F0,0x083F0,yes,entry,0,24,"0x086C9 74 61 mov a,#0x61",,
0x086D6,bank0,0x86D6,ajmp,0x83F0,0x083F0,yes,entry,0,24,"0x086D5 74 61 mov a,#0x61",,
0x086F5,bank0,0x86F5,ajmp,0x8093,0x08093,yes,other,0,24,"0x086F4 74 01 mov a,#0x01",,
0x08721,bank0,0x8721,ajmp,0x8093,0x08093,yes,other,0,24,"0x08720 74 01 mov a,#0x01",,
0x08733,bank0,0x8733,acall,0x82E0,0x082E0,yes,other,1,23,"0x08731 90 0a 51 mov dptr,#0x0a51",,
0x0873C,bank0,0x873C,acall,0x82EE,0x082EE,yes,entry,1,23,"0x0873A 90 0a 51 mov dptr,#0x0a51",,
0x08753,bank0,0x8753,ajmp,0x8003,0x08003,yes,other,0,24,"0x08752 b4 01 03 cjne a,#0x01,0x8758",,
0x08776,bank0,0x8776,ajmp,0x8011,0x08011,yes,entry,0,24,"0x08775 b4 01 11 cjne a,#0x01,0x8789",,
0x08777,bank0,0x8777,acall,0x8090,0x08090,yes,other,0,24,"0x08775 b4 01 11 cjne a,#0x01,0x8789",,
0x08784,bank0,0x8784,ajmp,0x82E0,0x082E0,yes,other,1,23,"0x08782 90 07 41 mov dptr,#0x0741",,
0x08791,bank0,0x8791,ajmp,0x8011,0x08011,yes,entry,0,24,"0x08790 b4 01 11 cjne a,#0x01,0x87a4",,
0x08792,bank0,0x8792,acall,0x8090,0x08090,yes,other,0,24,"0x08790 b4 01 11 cjne a,#0x01,0x87a4",,
0x0879F,bank0,0x879F,ajmp,0x82E0,0x082E0,yes,other,1,23,"0x0879D 90 07 41 mov dptr,#0x0741",,
0x087AE,bank0,0x87AE,ajmp,0x82E0,0x082E0,yes,other,1,23,"0x087AC 90 07 41 mov dptr,#0x0741",,
0x087BF,bank0,0x87BF,ajmp,0x83F0,0x083F0,yes,entry,1,23,"0x087BD 90 04 61 mov dptr,#0x0461",,
0x087FA,bank0,0x87FA,acall,0x8312,0x08312,yes,other,0,24,0x087F9 60 71 jz 0x886c,,
0x0883B,bank0,0x883B,ajmp,0x8880,0x08880,yes,entry,0,24,"0x0883A 7f 01 mov r7,#0x01",,
0x08848,bank0,0x8848,ajmp,0x8880,0x08880,yes,entry,0,24,"0x08847 7e 01 mov r6,#0x01",,
0x0885D,bank0,0x885D,ajmp,0x88F0,0x088F0,yes,other,0,24,"0x0885C 44 01 orl a,#0x01",,
0x08897,bank0,0x8897,acall,0x89A3,0x089A3,yes,other,0,24,0x08895 02 89 31 ljmp 0x8931,,
0x088A0,bank0,0x88A0,acall,0x89A3,0x089A3,yes,other,0,24,0x0889E 02 89 31 ljmp 0x8931,,
0x088AA,bank0,0x88AA,acall,0x89E0,0x089E0,yes,entry,0,24,0x088A8 02 89 31 ljmp 0x8931,,
0x088B2,bank0,0x88B2,acall,0x89E0,0x089E0,yes,entry,0,24,0x088B0 02 89 31 ljmp 0x8931,,
0x088B5,bank0,0x88B5,ajmp,0x8808,0x08808,yes,other,0,24,"0x088B4 b4 01 08 cjne a,#0x01,0x88bf",,
0x08900,bank0,0x8900,ajmp,0x8812,0x08812,yes,entry,0,24,"0x088FF 74 01 mov a,#0x01",,
0x08944,bank0,0x8944,acall,0x8AE0,0x08AE0,yes,other,1,23,"0x08942 90 07 51 mov dptr,#0x0751",,
0x0898C,bank0,0x898C,acall,0x8AE0,0x08AE0,yes,other,1,23,"0x0898A 90 07 51 mov dptr,#0x0751",,
0x0899F,bank0,0x899F,acall,0x8AE0,0x08AE0,yes,other,1,23,"0x0899D 90 07 51 mov dptr,#0x0751",,
0x089F0,bank0,0x89F0,acall,0x8AE0,0x08AE0,yes,other,1,23,"0x089EE 90 07 51 mov dptr,#0x0751",,
0x08A0E,bank0,0x8A0E,ajmp,0x8F12,0x08F12,yes,other,0,24,"0x08A0D 30 e1 12 jnb acc.1,0x8a22",,
0x08A27,bank0,0x8A27,ajmp,0x8AE0,0x08AE0,yes,other,2,22,"0x08A25 90 07 41 mov dptr,#0x0741",,
0x08A5B,bank0,0x8A5B,ajmp,0x8990,0x08990,yes,other,0,24,0x08A5A 70 21 jnz 0x8a7d,,
0x08ACD,bank0,0x8ACD,ajmp,0x8BF0,0x08BF0,yes,other,1,23,"0x08ACB 90 04 61 mov dptr,#0x0461",,
0x08BC9,bank0,0x8BC9,ajmp,0x8893,0x08893,yes,other,0,24,"0x08BC8 74 01 mov a,#0x01",,
0x08BD6,bank0,0x8BD6,ajmp,0x8BF0,0x08BF0,yes,other,1,23,"0x08BD4 90 04 61 mov dptr,#0x0461",,
0x08C55,bank0,0x8C55,ajmp,0x8AE0,0x08AE0,yes,other,1,23,"0x08C53 90 07 41 mov dptr,#0x0741",,
0x08C72,bank0,0x8C72,ajmp,0x8B80,0x08B80,yes,other,3,21,"0x08C70 90 04 61 mov dptr,#0x0461",,
0x08CB5,bank0,0x8CB5,ajmp,0x8AE0,0x08AE0,yes,other,1,23,"0x08CB3 90 07 41 mov dptr,#0x0741",,
0x08CD5,bank0,0x8CD5,ajmp,0x8BE0,0x08BE0,yes,entry,1,23,"0x08CD3 90 04 61 mov dptr,#0x0461",,
0x08CFE,bank0,0x8CFE,ajmp,0x8BE0,0x08BE0,yes,entry,4,20,"0x08CFC 90 04 61 mov dptr,#0x0461",,
0x08D10,bank0,0x8D10,ajmp,0x8B74,0x08B74,yes,other,1,23,"0x08D0E 90 04 61 mov dptr,#0x0461",,
0x08D1E,bank0,0x8D1E,ajmp,0x8BE0,0x08BE0,yes,entry,4,20,"0x08D1C 90 04 61 mov dptr,#0x0461",,
0x08D59,bank0,0x8D59,ajmp,0x8840,0x08840,yes,entry,0,24,"0x08D58 94 01 subb a,#0x01",,
0x08DD4,bank0,0x8DD4,ajmp,0x8850,0x08850,yes,other,0,24,"0x08DD3 94 01 subb a,#0x01",,
0x08DE6,bank0,0x8DE6,ajmp,0x8840,0x08840,yes,entry,0,24,"0x08DE5 94 01 subb a,#0x01",,
0x08E80,bank0,0x8E80,ajmp,0x8850,0x08850,yes,other,0,24,"0x08E7F 94 01 subb a,#0x01",,
0x08E88,bank0,0x8E88,ajmp,0x8840,0x08840,yes,entry,0,24,"0x08E87 94 01 subb a,#0x01",,
0x08E8D,bank0,0x8E8D,acall,0x8AE0,0x08AE0,yes,other,1,23,"0x08E8B 90 07 51 mov dptr,#0x0751",,
0x08EFD,bank0,0x8EFD,ajmp,0x88E4,0x088E4,yes,entry,0,24,0x08EFC 80 01 sjmp 0x8eff,,
0x08F3F,bank0,0x8F3F,ajmp,0x8EB1,0x08EB1,yes,other,1,23,0x08F3E 12 c1 b1 lcall 0xc1b1,,
0x08F40,bank0,0x8F40,acall,0x8DEF,0x08DEF,yes,entry,0,24,0x08F3E 12 c1 b1 lcall 0xc1b1,,
0x08F43,bank0,0x8F43,acall,0x8890,0x08890,yes,other,0,24,0x08F42 60 11 jz 0x8f55,,
0x08F8E,bank0,0x8F8E,ajmp,0x88F0,0x088F0,yes,other,0,24,"0x08F8D 74 01 mov a,#0x01",,
0x08FBE,bank0,0x8FBE,ajmp,0x8F05,0x08F05,yes,other,0,24,"0x08FBD 20 e1 05 jb acc.1,0x8fc5",,
0x08FD7,bank0,0x8FD7,ajmp,0x8802,0x08802,yes,other,1,23,"0x08FD6 7f 01 mov r7,#0x01",,
0x0901D,bank0,0x901D,ajmp,0x90F0,0x090F0,yes,other,0,24,"0x0901C 74 01 mov a,#0x01",,
0x09032,bank0,0x9032,ajmp,0x96BE,0x096BE,yes,entry,0,24,0x09031 12 c1 be lcall 0xc1be,,
0x0903E,bank0,0x903E,ajmp,0x90F0,0x090F0,yes,other,3,21,"0x0903D 44 01 orl a,#0x01",,
0x09064,bank0,0x9064,acall,0x9380,0x09380,yes,other,3,21,0x09062 12 c3 71 lcall 0xc371,,
0x09099,bank0,0x9099,acall,0x9322,0x09322,yes,entry,3,21,0x09097 12 c3 71 lcall 0xc371,,
0x090B7,bank0,0x90B7,ajmp,0x90F0,0x090F0,yes,other,2,22,"0x090B6 44 01 orl a,#0x01",,
0x090F8,bank0,0x90F8,ajmp,0x962C,0x0962C,yes,other,0,24,0x090F7 02 c1 2c ljmp 0xc12c,,
0x090FB,bank0,0x90FB,ajmp,0x9624,0x09624,yes,other,0,24,0x090FA 12 c1 24 lcall 0xc124,,
0x0918B,bank0,0x918B,acall,0x9351,0x09351,yes,other,0,24,0x0918A 12 71 51 lcall 0x7151,,
0x0918C,bank0,0x918C,acall,0x9291,0x09291,yes,other,0,24,0x0918A 12 71 51 lcall 0x7151,,
0x0918D,bank0,0x918D,acall,0x94AF,0x094AF,yes,entry,23,1,,,
0x09190,bank0,0x9190,acall,0x94B5,0x094B5,yes,other,24,0,,,
0x09192,bank0,0x9192,ajmp,0x9091,0x09091,yes,other,23,1,"0x09191 b5 01 91 cjne a,0x01,0x9125",,
0x09193,bank0,0x9193,acall,0x94BD,0x094BD,yes,other,0,24,"0x09191 b5 01 91 cjne a,0x01,0x9125",,
0x09196,bank0,0x9196,acall,0x94C5,0x094C5,yes,other,0,24,"0x09194 bd 02 91 cjne r5,#0x02,0x9128",,
0x09199,bank0,0x9199,acall,0x94CD,0x094CD,yes,entry,24,0,,,
0x0919C,bank0,0x919C,acall,0x94D5,0x094D5,yes,entry,24,0,,,
0x0919F,bank0,0x919F,acall,0x94DD,0x094DD,yes,other,0,24,0x0919E 05 91 inc 0x91,,
0x091A2,bank0,0x91A2,acall,0x94E5,0x094E5,yes,other,24,0,,,
0x091A5,bank0,0x91A5,acall,0x94ED,0x094ED,yes,entry,24,0,,,
0x091A8,bank0,0x91A8,acall,0x94F5,0x094F5,yes,other,24,0,,,
0x091AD,bank0,0x91AD,acall,0x94FB,0x094FB,yes,other,24,0,,,
0x091B9,bank0,0x91B9,ajmp,0x90F0,0x090F0,yes,other,1,23,"0x091B8 44 01 orl a,#0x01",,
0x0922A,bank0,0x922A,acall,0x9012,0x09012,yes,other,1,23,"0x09228 90 16 11 mov dptr,#0x1611",,
0x09285,bank0,0x9285,acall,0x9351,0x09351,yes,other,0,24,0x09284 12 71 51 lcall 0x7151,,
0x09286,bank0,0x9286,acall,0x9292,0x09292,yes,entry,0,24,0x09284 12 71 51 lcall 0x7151,,
0x09291,bank0,0x9291,acall,0x9620,0x09620,yes,entry,1,23,"0x09290 92 d1 mov psw.1,c",,
0x09339,bank0,0x9339,ajmp,0x9006,0x09006,yes,other,0,24,"0x09338 b4 01 06 cjne a,#0x01,0x9341",,
0x0935F,bank0,0x935F,ajmp,0x93F0,0x093F0,yes,other,0,24,"0x0935E 74 61 mov a,#0x61",,
0x09379,bank0,0x9379,ajmp,0x93F0,0x093F0,yes,other,0,24,"0x09378 74 61 mov a,#0x61",,
0x09393,bank0,0x9393,ajmp,0x93F0,0x093F0,yes,other,0,24,"0x09392 74 61 mov a,#0x61",,
0x0939F,bank0,0x939F,ajmp,0x93F0,0x093F0,yes,other,0,24,"0x0939E 74 61 mov a,#0x61",,
0x093CC,bank0,0x93CC,acall,0x92E0,0x092E0,yes,entry,1,23,"0x093CA 90 07 51 mov dptr,#0x0751",,
0x093DE,bank0,0x93DE,ajmp,0x970E,0x0970E,yes,entry,0,24,"0x093DD 30 e1 0e jnb acc.1,0x93ee",,
0x093F2,bank0,0x93F2,ajmp,0x90F0,0x090F0,yes,other,0,24,"0x093F1 74 01 mov a,#0x01",,
0x09441,bank0,0x9441,ajmp,0x9093,0x09093,yes,other,1,23,"0x09440 74 01 mov a,#0x01",,
0x09498,bank0,0x9498,acall,0x9090,0x09090,yes,other,1,23,"0x09496 30 e7 11 jnb acc.7,0x94aa",,
0x0949B,bank0,0x949B,ajmp,0x92E0,0x092E0,yes,entry,3,21,"0x09499 90 07 41 mov dptr,#0x0741",,
0x094E6,bank0,0x94E6,acall,0x9280,0x09280,yes,other,3,21,"0x094E4 90 0a 51 mov dptr,#0x0a51",,
0x094EF,bank0,0x94EF,acall,0x92BF,0x092BF,yes,other,1,23,"0x094ED 90 0a 51 mov dptr,#0x0a51",,
0x094F4,bank0,0x94F4,ajmp,0x93F0,0x093F0,yes,other,0,24,"0x094F3 74 61 mov a,#0x61",,
0x094FD,bank0,0x94FD,ajmp,0x93F0,0x093F0,yes,other,0,24,"0x094FC 74 61 mov a,#0x61",,
0x09506,bank0,0x9506,ajmp,0x937F,0x0937F,yes,entry,0,24,"0x09505 7e 61 mov r6,#0x61",,
0x0950B,bank0,0x950B,acall,0x92EE,0x092EE,yes,entry,3,21,"0x09509 90 0a 51 mov dptr,#0x0a51",,
0x09513,bank0,0x9513,acall,0x92EE,0x092EE,yes,entry,1,23,"0x09511 90 0a 51 mov dptr,#0x0a51",,
0x09531,bank0,0x9531,ajmp,0x9093,0x09093,yes,other,0,24,"0x09530 74 01 mov a,#0x01",,
0x09535,bank0,0x9535,acall,0x9112,0x09112,yes,other,1,23,"0x09533 90 07 31 mov dptr,#0x0731",,
0x0957B,bank0,0x957B,acall,0x9230,0x09230,yes,other,1,23,"0x09579 90 0a 51 mov dptr,#0x0a51",,
0x095D2,bank0,0x95D2,acall,0x9174,0x09174,yes,other,1,23,"0x095D0 90 07 31 mov dptr,#0x0731",,
0x095DA,bank0,0x95DA,ajmp,0x90F0,0x090F0,yes,other,0,24,"0x095D9 74 01 mov a,#0x01",,
0x095FB,bank0,0x95FB,ajmp,0x9012,0x09012,yes,other,1,23,"0x095FA 74 01 mov a,#0x01",,
0x0961C,bank0,0x961C,ajmp,0x9674,0x09674,yes,other,1,23,"0x0961A 90 08 c1 mov dptr,#0x08c1",,
0x09628,bank0,0x9628,ajmp,0x973F,0x0973F,yes,other,0,24,"0x09627 30 e1 3f jnb acc.1,0x9669",,
0x0964C,bank0,0x964C,ajmp,0x96F0,0x096F0,yes,other,1,23,"0x0964A 90 08 c1 mov dptr,#0x08c1",,
0x0966F,bank0,0x966F,acall,0x9220,0x09220,yes,other,1,23,"0x0966D 90 0a 51 mov dptr,#0x0a51",,
0x096AF,bank0,0x96AF,ajmp,0x92E0,0x092E0,yes,entry,3,21,"0x096AD 90 07 41 mov dptr,#0x0741",,
0x096CE,bank0,0x96CE,ajmp,0x96F0,0x096F0,yes,other,1,23,"0x096CC 90 08 c1 mov dptr,#0x08c1",,
0x09709,bank0,0x9709,ajmp,0x9704,0x09704,yes,entry,2,22,"0x09708 30 e1 04 jnb acc.1,0x970f",,
0x0970C,bank0,0x970C,ajmp,0x9080,0x09080,yes,other,0,24,"0x0970B 7f 01 mov r7,#0x01",,
0x0972D,bank0,0x972D,ajmp,0x970F,0x0970F,yes,entry,0,24,"0x0972C 30 e1 0f jnb acc.1,0x973e",,
0x09745,bank0,0x9745,ajmp,0x90E4,0x090E4,yes,entry,0,24,0x09744 80 01 sjmp 0x9747,,
0x09777,bank0,0x9777,acall,0x9093,0x09093,yes,other,1,23,"0x09776 74 11 mov a,#0x11",,
0x097B7,bank0,0x97B7,acall,0x9193,0x09193,yes,other,0,24,"0x097B6 74 31 mov a,#0x31",,
0x097D3,bank0,0x97D3,ajmp,0x92E0,0x092E0,yes,entry,1,23,"0x097D1 90 07 41 mov dptr,#0x0741",,
0x097D7,bank0,0x97D7,ajmp,0x9190,0x09190,yes,other,1,23,"0x097D5 30 e0 21 jnb acc.0,0x97f9",,
0x09847,bank0,0x9847,ajmp,0x9993,0x09993,yes,entry,1,23,"0x09846 74 21 mov a,#0x21",,
0x09896,bank0,0x9896,ajmp,0x9F6A,0x09F6A,yes,other,0,24,"0x09895 30 e1 6a jnb acc.1,0x9902",,
0x098BF,bank0,0x98BF,ajmp,0x9AE0,0x09AE0,yes,other,1,23,"0x098BD 90 07 41 mov dptr,#0x0741",,
0x098C3,bank0,0x98C3,ajmp,0x9990,0x09990,yes,other,1,23,"0x098C1 30 e0 21 jnb acc.0,0x98e5",,
0x0993F,bank0,0x993F,ajmp,0x9EE0,0x09EE0,yes,other,1,23,"0x0993D 90 08 c1 mov dptr,#0x08c1",,
0x09A2E,bank0,0x9A2E,acall,0x9940,0x09940,yes,other,0,24,0x09A2C 12 bb 31 lcall 0xbb31,,
0x09A36,bank0,0x9A36,acall,0x9940,0x09940,yes,other,0,24,0x09A34 12 bb 31 lcall 0xbb31,,
0x09A3E,bank0,0x9A3E,acall,0x9950,0x09950,yes,other,0,24,0x09A3C 12 bb 31 lcall 0xbb31,,
0x09ADD,bank0,0x9ADD,acall,0x9F12,0x09F12,yes,other,2,22,"0x09ADC 24 f1 add a,#0xf1",,
0x09AFF,bank0,0x9AFF,acall,0x9B90,0x09B90,yes,other,0,24,0x09AFD 12 bc 71 lcall 0xbc71,,
0x09B17,bank0,0x9B17,ajmp,0x98F0,0x098F0,yes,other,0,24,"0x09B16 44 01 orl a,#0x01",,
0x09C73,bank0,0x9C73,acall,0x99F0,0x099F0,yes,other,0,24,0x09C72 70 31 jnz 0x9ca5,,
0x09CAB,bank0,0x9CAB,ajmp,0x9807,0x09807,yes,entry,0,24,"0x09CAA b4 01 07 cjne a,#0x01,0x9cb4",,
0x09CD0,bank0,0x9CD0,ajmp,0x9812,0x09812,yes,other,0,24,"0x09CCF 7f 01 mov r7,#0x01",,
0x09CD6,bank0,0x9CD6,ajmp,0x9CE0,0x09CE0,yes,other,2,22,"0x09CD4 90 07 81 mov dptr,#0x0781",,
0x09CE1,bank0,0x9CE1,ajmp,0x9CE0,0x09CE0,yes,other,1,23,"0x09CDF 90 07 81 mov dptr,#0x0781",,
0x09CE9,bank0,0x9CE9,ajmp,0x9EE0,0x09EE0,yes,other,1,23,"0x09CE7 90 08 c1 mov dptr,#0x08c1",,
0x09D85,bank0,0x9D85,acall,0x9BFD,0x09BFD,yes,entry,0,24,"0x09D84 74 71 mov a,#0x71",,
0x09D8E,bank0,0x9D8E,ajmp,0x9F0A,0x09F0A,yes,other,0,24,"0x09D8D 30 e1 0a jnb acc.1,0x9d9a",,
0x09D9C,bank0,0x9D9C,ajmp,0x9812,0x09812,yes,other,0,24,"0x09D9B 7f 01 mov r7,#0x01",,
0x09E31,bank0,0x9E31,acall,0x9AE0,0x09AE0,yes,other,1,23,"0x09E2F 90 07 51 mov dptr,#0x0751",,
0x09E3B,bank0,0x9E3B,ajmp,0x9F10,0x09F10,yes,other,0,24,"0x09E3A 20 e1 10 jb acc.1,0x9e4d",,
0x09E4F,bank0,0x9E4F,acall,0x9AE0,0x09AE0,yes,other,1,23,"0x09E4D 90 07 51 mov dptr,#0x0751",,
0x09E59,bank0,0x9E59,ajmp,0x9F10,0x09F10,yes,other,0,24,"0x09E58 30 e1 10 jnb acc.1,0x9e6b",,
0x09E6D,bank0,0x9E6D,acall,0x9AE0,0x09AE0,yes,other,1,23,"0x09E6B 90 07 51 mov dptr,#0x0751",,
0x09E77,bank0,0x9E77,ajmp,0x9F10,0x09F10,yes,other,0,24,"0x09E76 30 e1 10 jnb acc.1,0x9e89",,
0x09E8B,bank0,0x9E8B,ajmp,0x9EE0,0x09EE0,yes,other,1,23,"0x09E89 90 08 c1 mov dptr,#0x08c1",,
0x09E93,bank0,0x9E93,ajmp,0x9EE0,0x09EE0,yes,other,1,23,"0x09E91 90 08 c1 mov dptr,#0x08c1",,
0x09E9B,bank0,0x9E9B,ajmp,0x9EE0,0x09EE0,yes,other,1,23,"0x09E99 90 08 c1 mov dptr,#0x08c1",,
0x09EA3,bank0,0x9EA3,ajmp,0x9EE0,0x09EE0,yes,other,1,23,"0x09EA1 90 08 c1 mov dptr,#0x08c1",,
0x09EAB,bank0,0x9EAB,ajmp,0x9EE0,0x09EE0,yes,other,1,23,"0x09EA9 90 08 c1 mov dptr,#0x08c1",,
0x09F1A,bank0,0x9F1A,acall,0x9AE0,0x09AE0,yes,other,1,23,"0x09F18 90 07 51 mov dptr,#0x0751",,
0x09F24,bank0,0x9F24,ajmp,0x9F10,0x09F10,yes,other,0,24,"0x09F23 20 e1 10 jb acc.1,0x9f36",,
0x09F2B,bank0,0x9F2B,ajmp,0x9812,0x09812,yes,other,0,24,"0x09F2A 74 01 mov a,#0x01",,
0x09F38,bank0,0x9F38,acall,0x9AE0,0x09AE0,yes,other,1,23,"0x09F36 90 07 51 mov dptr,#0x0751",,
0x09F42,bank0,0x9F42,ajmp,0x9F10,0x09F10,yes,other,0,24,"0x09F41 30 e1 10 jnb acc.1,0x9f54",,
0x09F56,bank0,0x9F56,acall,0x9AE0,0x09AE0,yes,other,1,23,"0x09F54 90 07 51 mov dptr,#0x0751",,
0x09F60,bank0,0x9F60,ajmp,0x9F13,0x09F13,yes,other,0,24,"0x09F5F 30 e1 13 jnb acc.1,0x9f75",,
0x09F77,bank0,0x9F77,acall,0x9AE0,0x09AE0,yes,other,1,23,"0x09F75 90 07 51 mov dptr,#0x0751",,
0x09F81,bank0,0x9F81,ajmp,0x9F09,0x09F09,yes,other,0,24,"0x09F80 20 e1 09 jb acc.1,0x9f8c",,
0x0A01D,bank0,0xA01D,ajmp,0xA012,0x0A012,yes,other,0,24,"0x0A01C 7f 01 mov r7,#0x01",,
0x0A02B,bank0,0xA02B,ajmp,0xA6E0,0x0A6E0,yes,other,1,23,"0x0A029 90 08 c1 mov dptr,#0x08c1",,
0x0A049,bank0,0xA049,acall,0xA012,0x0A012,yes,other,6,18,0x0A048 60 11 jz 0xa05b,,
0x0A061,bank0,0xA061,acall,0xA090,0x0A090,yes,entry,0,24,"0x0A05F 30 e5 11 jnb acc.5,0xa073",,
0x0A07B,bank0,0xA07B,ajmp,0xA539,0x0A539,yes,entry,0,24,0x0A07A 02 a1 39 ljmp 0xa139,,
0x0A08C,bank0,0xA08C,ajmp,0xA5C8,0x0A5C8,yes,entry,0,24,0x0A08B 02 a1 c8 ljmp 0xa1c8,,
0x0A0A9,bank0,0xA0A9,ajmp,0xA74E,0x0A74E,yes,other,0,24,"0x0A0A8 30 e1 4e jnb acc.1,0xa0f9",,
0x0A0B2,bank0,0xA0B2,ajmp,0xA5C8,0x0A5C8,yes,entry,0,24,0x0A0B1 02 a1 c8 ljmp 0xa1c8,,
0x0A0E4,bank0,0xA0E4,acall,0xA090,0x0A090,yes,entry,0,24,0x0A0E3 50 11 jnc 0xa0f6,,
0x0A0F1,bank0,0xA0F1,ajmp,0xA5C8,0x0A5C8,yes,entry,0,24,0x0A0F0 02 a1 c8 ljmp 0xa1c8,,
0x0A0F4,bank0,0xA0F4,ajmp,0xA569,0x0A569,yes,other,0,24,0x0A0F3 02 a1 69 ljmp 0xa169,,
0x0A0F7,bank0,0xA0F7,ajmp,0xA572,0x0A572,yes,other,0,24,0x0A0F6 02 a1 72 ljmp 0xa172,,
0x0A108,bank0,0xA108,ajmp,0xA040,0x0A040,yes,entry,0,24,"0x0A107 94 01 subb a,#0x01",,
0x0A125,bank0,0xA125,ajmp,0xA5C8,0x0A5C8,yes,entry,0,24,0x0A124 02 a1 c8 ljmp 0xa1c8,,
0x0A134,bank0,0xA134,ajmp,0xA5C8,0x0A5C8,yes,entry,0,24,0x0A133 02 a1 c8 ljmp 0xa1c8,,
0x0A137,bank0,0xA137,ajmp,0xA5A8,0x0A5A8,yes,other,0,24,0x0A136 02 a1 a8 ljmp 0xa1a8,,
0x0A13B,bank0,0xA13B,acall,0xA390,0x0A390,yes,other,0,24,0x0A139 12 bc 71 lcall 0xbc71,,
0x0A147,bank0,0xA147,ajmp,0xA72E,0x0A72E,yes,other,0,24,"0x0A146 30 e1 2e jnb acc.1,0xa177",,
0x0A176,bank0,0xA176,acall,0xA212,0x0A212,yes,other,1,23,0x0A175 80 51 sjmp 0xa1c8,,
0x0A1DF,bank0,0xA1DF,ajmp,0xA00C,0x0A00C,yes,other,0,24,"0x0A1DE b4 01 0c cjne a,#0x01,0xa1ed",,
0x0A1E9,bank0,0xA1E9,ajmp,0xA6F0,0x0A6F0,yes,entry,0,24,"0x0A1E8 74 c1 mov a,#0xc1",,
0x0A211,bank0,0xA211,ajmp,0xA708,0x0A708,yes,other,0,24,"0x0A210 30 e1 08 jnb acc.1,0xa21b",,
0x0A264,bank0,0xA264,ajmp,0xA093,0x0A093,yes,other,2,22,"0x0A263 74 01 mov a,#0x01",,
0x0A300,bank0,0xA300,ajmp,0xA06F,0x0A06F,yes,other,0,24,"0x0A2FF 54 01 anl a,#0x01",,
0x0A306,bank0,0xA306,ajmp,0xA0F0,0x0A0F0,yes,entry,0,24,"0x0A305 64 01 xrl a,#0x01",,
0x0A310,bank0,0xA310,ajmp,0xA222,0x0A222,yes,other,0,24,0x0A30E 12 90 41 lcall 0x9041,,
0x0A32B,bank0,0xA32B,ajmp,0xA713,0x0A713,yes,entry,0,24,"0x0A32A 20 e1 13 jb acc.1,0xa340",,
0x0A332,bank0,0xA332,ajmp,0xA70C,0x0A70C,yes,other,2,22,"0x0A331 30 e1 0c jnb acc.1,0xa340",,
0x0A342,bank0,0xA342,acall,0xA2E0,0x0A2E0,yes,entry,1,23,"0x0A340 90 08 51 mov dptr,#0x0851",,
0x0A34B,bank0,0xA34B,acall,0xA351,0x0A351,yes,other,0,24,0x0A34A 12 71 51 lcall 0x7151,,
0x0A34C,bank0,0xA34C,acall,0xA2A3,0x0A2A3,yes,entry,0,24,0x0A34A 12 71 51 lcall 0x7151,,
0x0A352,bank0,0xA352,ajmp,0xA0A3,0x0A0A3,yes,other,0,24,0x0A351 87 01 db 0x87,,
0x0A38C,bank0,0xA38C,ajmp,0xA703,0x0A703,yes,entry,0,24,"0x0A38B 20 e1 03 jb acc.1,0xa391",,
0x0A3BD,bank0,0xA3BD,acall,0xA2E0,0x0A2E0,yes,entry,1,23,"0x0A3BB 90 07 51 mov dptr,#0x0751",,
0x0A41A,bank0,0xA41A,ajmp,0xA709,0x0A709,yes,other,0,24,"0x0A419 30 e1 09 jnb acc.1,0xa425",,
0x0A437,bank0,0xA437,acall,0xA04C,0x0A04C,yes,entry,0,24,0x0A435 12 bb 11 lcall 0xbb11,,
0x0A441,bank0,0xA441,acall,0xA064,0x0A064,yes,other,0,24,0x0A43F 12 bb 11 lcall 0xbb11,,
0x0A44D,bank0,0xA44D,acall,0xA064,0x0A064,yes,other,0,24,0x0A44B 12 bb 11 lcall 0xbb11,,
0x0A4DD,bank0,0xA4DD,ajmp,0xA112,0x0A112,yes,other,0,24,0x0A4DB 12 be 21 lcall 0xbe21,,
0x0A4F3,bank0,0xA4F3,acall,0xA090,0x0A090,yes,entry,0,24,"0x0A4F1 20 e5 11 jb acc.5,0xa505",,
0x0A56F,bank0,0xA56F,ajmp,0xA757,0x0A757,yes,entry,0,24,"0x0A56E 20 e1 57 jb acc.1,0xa5c8",,
0x0A581,bank0,0xA581,ajmp,0xA050,0x0A050,yes,entry,0,24,"0x0A580 94 01 subb a,#0x01",,
0x0A59D,bank0,0xA59D,ajmp,0xA0EF,0x0A0EF,yes,other,0,24,0x0A59B 12 b9 01 lcall 0xb901,,
0x0A5A0,bank0,0xA5A0,ajmp,0xA190,0x0A190,yes,entry,0,24,0x0A59F 70 21 jnz 0xa5c2,,
0x0A5BB,bank0,0xA5BB,ajmp,0xA060,0x0A060,yes,entry,0,24,"0x0A5BA 64 01 xrl a,#0x01",,
0x0A5CD,bank0,0xA5CD,ajmp,0xA703,0x0A703,yes,entry,0,24,"0x0A5CC 30 e1 03 jnb acc.1,0xa5d2",,
0x0A5E8,bank0,0xA5E8,ajmp,0xA2E0,0x0A2E0,yes,entry,2,22,"0x0A5E6 90 07 41 mov dptr,#0x0741",,
0x0A5EF,bank0,0xA5EF,ajmp,0xA460,0x0A460,yes,other,0,24,0x0A5ED 12 bb 81 lcall 0xbb81,,
0x0A603,bank0,0xA603,ajmp,0xA460,0x0A460,yes,other,0,24,0x0A601 12 bb 81 lcall 0xbb81,,
0x0A618,bank0,0xA618,ajmp,0xA112,0x0A112,yes,other,0,24,0x0A616 12 be 21 lcall 0xbe21,,
0x0A61B,bank0,0xA61B,ajmp,0xA460,0x0A460,yes,other,0,24,0x0A619 12 bb 81 lcall 0xbb81,,
0x0A638,bank0,0xA638,ajmp,0xA460,0x0A460,yes,other,0,24,0x0A636 12 bb 81 lcall 0xbb81,,
0x0A669,bank0,0xA669,acall,0xA090,0x0A090,yes,entry,1,23,"0x0A667 30 e7 11 jnb acc.7,0xa67b",,
0x0A66F,bank0,0xA66F,ajmp,0xA00A,0x0A00A,yes,other,0,24,"0x0A66E b4 01 0a cjne a,#0x01,0xa67b",,
0x0A673,bank0,0xA673,ajmp,0xA2E0,0x0A2E0,yes,entry,1,23,"0x0A671 90 07 41 mov dptr,#0x0741",,
0x0A683,bank0,0xA683,acall,0xA351,0x0A351,yes,other,0,24,0x0A682 12 71 51 lcall 0x7151,,
0x0A684,bank0,0xA684,acall,0xA2A6,0x0A2A6,yes,other,0,24,0x0A682 12 71 51 lcall 0x7151,,
0x0A687,bank0,0xA687,ajmp,0xA0A6,0x0A0A6,yes,other,24,0,,,
0x0A689,bank0,0xA689,acall,0xA502,0x0A502,yes,entry,23,1,0x0A688 a6 b1 db 0xa6,,
0x0A750,bank0,0xA750,ajmp,0xA775,0x0A775,yes,other,0,24,"0x0A74F 20 e1 75 jb acc.1,0xa7c7",,
0x0A76E,bank0,0xA76E,ajmp,0xA757,0x0A757,yes,entry,0,24,"0x0A76D 20 e1 57 jb acc.1,0xa7c7",,
0x0A814,bank0,0xA814,acall,0xAAF0,0x0AAF0,yes,other,1,23,"0x0A812 90 07 51 mov dptr,#0x0751",,
0x0A81A,bank0,0xA81A,acall,0xAAE0,0x0AAE0,yes,other,1,23,"0x0A818 90 07 51 mov dptr,#0x0751",,
0x0A82D,bank0,0xA82D,ajmp,0xAAE0,0x0AAE0,yes,other,2,22,"0x0A82B 90 07 41 mov dptr,#0x0741",,
0x0A831,bank0,0xA831,acall,0xA8E4,0x0A8E4,yes,other,1,23,"0x0A82F 20 e0 11 jb acc.0,0xa843",,
0x0A89B,bank0,0xA89B,ajmp,0xA8F0,0x0A8F0,yes,other,0,24,"0x0A89A 44 01 orl a,#0x01",,
0x0A8B1,bank0,0xA8B1,ajmp,0xA880,0x0A880,yes,other,0,24,"0x0A8B0 7f 01 mov r7,#0x01",,
0x0A8BE,bank0,0xA8BE,ajmp,0xA880,0x0A880,yes,other,0,24,"0x0A8BD 7e 01 mov r6,#0x01",,
0x0A901,bank0,0xA901,ajmp,0xAA22,0x0AA22,yes,entry,0,24,0x0A8FF 12 90 41 lcall 0x9041,,
0x0A92C,bank0,0xA92C,ajmp,0xAE5C,0x0AE5C,yes,other,0,24,0x0A92B 12 c1 5c lcall 0xc15c,,
0x0A95A,bank0,0xA95A,ajmp,0xAE54,0x0AE54,yes,other,0,24,0x0A959 02 c1 54 ljmp 0xc154,,
0x0A95D,bank0,0xA95D,ajmp,0xAE5C,0x0AE5C,yes,other,1,23,0x0A95C 12 c1 5c lcall 0xc15c,,
0x0A96C,bank0,0xA96C,ajmp,0xAE5C,0x0AE5C,yes,other,0,24,0x0A96B 12 c1 5c lcall 0xc15c,,
0x0A980,bank0,0xA980,ajmp,0xA807,0x0A807,yes,entry,0,24,"0x0A97F b4 01 07 cjne a,#0x01,0xa989",,
0x0A984,bank0,0xA984,ajmp,0xAAE0,0x0AAE0,yes,other,1,23,"0x0A982 90 07 41 mov dptr,#0x0741",,
0x0A992,bank0,0xA992,ajmp,0xAAE0,0x0AAE0,yes,other,1,23,"0x0A990 90 07 41 mov dptr,#0x0741",,
0x0A9A7,bank0,0xA9A7,ajmp,0xAAE0,0x0AAE0,yes,other,3,21,"0x0A9A5 90 07 41 mov dptr,#0x0741",,
0x0A9B9,bank0,0xA9B9,ajmp,0xAF05,0x0AF05,yes,other,0,24,"0x0A9B8 20 e1 05 jb acc.1,0xa9c0",,
0x0A9DD,bank0,0xA9DD,ajmp,0xA802,0x0A802,yes,entry,1,23,"0x0A9DB 75 f0 01 mov 0xf0,#0x01",,
0x0A9E3,bank0,0xA9E3,ajmp,0xAAE0,0x0AAE0,yes,other,1,23,"0x0A9E1 90 07 41 mov dptr,#0x0741",,
0x0A9F1,bank0,0xA9F1,ajmp,0xAF05,0x0AF05,yes,other,0,24,"0x0A9F0 20 e1 05 jb acc.1,0xa9f8",,
0x0AA09,bank0,0xAA09,ajmp,0xAF02,0x0AF02,yes,other,2,22,"0x0AA08 20 e1 02 jb acc.1,0xaa0d",,
0x0AA18,bank0,0xAA18,ajmp,0xAF02,0x0AF02,yes,other,0,24,"0x0AA17 30 e1 02 jnb acc.1,0xaa1c",,
0x0AAA7,bank0,0xAAA7,ajmp,0xA87F,0x0A87F,yes,other,0,24,"0x0AAA6 7d 01 mov r5,#0x01",,
0x0AB00,bank0,0xAB00,ajmp,0xA807,0x0A807,yes,entry,0,24,"0x0AAFF bf 01 07 cjne r7,#0x01,0xab09",,
0x0AB4A,bank0,0xAB4A,acall,0xA840,0x0A840,yes,other,0,24,"0x0AB49 94 11 subb a,#0x11",,
0x0AB65,bank0,0xAB65,ajmp,0xA806,0x0A806,yes,entry,0,24,"0x0AB64 bf 01 06 cjne r7,#0x01,0xab6d",,
0x0AB98,bank0,0xAB98,ajmp,0xA8F0,0x0A8F0,yes,other,0,24,"0x0AB97 44 01 orl a,#0x01",,
0x0ABA3,bank0,0xABA3,ajmp,0xAF1B,0x0AF1B,yes,other,0,24,"0x0ABA2 30 e1 1b jnb acc.1,0xabc0",,
0x0ABB1,bank0,0xABB1,ajmp,0xAECB,0x0AECB,yes,entry,0,24,0x0ABB0 12 c1 cb lcall 0xc1cb,,
0x0ABB5,bank0,0xABB5,ajmp,0xA870,0x0A870,yes,other,0,24,"0x0ABB4 64 01 xrl a,#0x01",,
0x0ABBA,bank0,0xABBA,acall,0xAAE0,0x0AAE0,yes,other,1,23,"0x0ABB8 90 07 51 mov dptr,#0x0751",,
0x0ABC5,bank0,0xABC5,ajmp,0xA8F0,0x0A8F0,yes,other,0,24,"0x0ABC4 44 01 orl a,#0x01",,
0x0ABC9,bank0,0xABC9,ajmp,0xAAE0,0x0AAE0,yes,other,1,23,"0x0ABC7 90 07 41 mov dptr,#0x0741",,
0x0ABEA,bank0,0xABEA,acall,0xAA30,0x0AA30,yes,other,1,23,"0x0ABE8 90 07 51 mov dptr,#0x0751",,
0x0ABEC,bank0,0xABEC,ajmp,0xAF15,0x0AF15,yes,other,2,22,"0x0ABEB 30 e1 15 jnb acc.1,0xac03",,
0x0AC02,bank0,0xAC02,acall,0xAAE0,0x0AAE0,yes,other,1,23,"0x0AC00 90 07 51 mov dptr,#0x0751",,
0x0AC0D,bank0,0xAC0D,ajmp,0xA806,0x0A806,yes,entry,0,24,"0x0AC0C b4 01 06 cjne a,#0x01,0xac15",,
0x0AC19,bank0,0xAC19,acall,0xAAE0,0x0AAE0,yes,other,2,22,"0x0AC17 90 07 51 mov dptr,#0x0751",,
0x0AC23,bank0,0xAC23,ajmp,0xAF08,0x0AF08,yes,other,0,24,"0x0AC22 30 e1 08 jnb acc.1,0xac2d",,
0x0AC32,bank0,0xAC32,acall,0xAAE0,0x0AAE0,yes,other,1,23,"0x0AC30 90 07 51 mov dptr,#0x0751",,
0x0AC5D,bank0,0xAC5D,ajmp,0xAAE0,0x0AAE0,yes,other,1,23,"0x0AC5B 90 07 41 mov dptr,#0x0741",,
0x0AC97,bank0,0xAC97,ajmp,0xACB4,0x0ACB4,yes,entry,0,24,0x0AC95 12 ba 81 lcall 0xba81,,
0x0ACA9,bank0,0xACA9,ajmp,0xACB4,0x0ACB4,yes,entry,0,24,0x0ACA7 12 ba 81 lcall 0xba81,,
0x0ACC8,bank0,0xACC8,ajmp,0xA893,0x0A893,yes,other,0,24,"0x0ACC7 74 01 mov a,#0x01",,
0x0ACEA,bank0,0xACEA,ajmp,0xA9CA,0x0A9CA,yes,other,0,24,"0x0ACE9 b4 21 ca cjne a,#0x21,0xacb6",,
0x0ACF0,bank0,0xACF0,ajmp,0xA8F0,0x0A8F0,yes,other,2,22,"0x0ACEF 74 01 mov a,#0x01",,
0x0AD19,bank0,0xAD19,ajmp,0xAAE0,0x0AAE0,yes,other,4,20,"0x0AD17 90 07 41 mov dptr,#0x0741",,
0x0AD37,bank0,0xAD37,ajmp,0xA8F0,0x0A8F0,yes,other,0,24,"0x0AD36 44 01 orl a,#0x01",,
0x0AD48,bank0,0xAD48,ajmp,0xAAE0,0x0AAE0,yes,other,1,23,"0x0AD46 90 07 41 mov dptr,#0x0741",,
0x0AD59,bank0,0xAD59,acall,0xABE0,0x0ABE0,yes,other,3,21,"0x0AD57 90 04 71 mov dptr,#0x0471",,
0x0AD7B,bank0,0xAD7B,ajmp,0xABE4,0x0ABE4,yes,entry,0,24,0x0AD79 12 b4 61 lcall 0xb461,,
0x0AD9E,bank0,0xAD9E,ajmp,0xAF02,0x0AF02,yes,other,2,22,"0x0AD9D 7f e1 mov r7,#0xe1",,
0x0ADB6,bank0,0xADB6,acall,0xAF70,0x0AF70,yes,other,0,24,"0x0ADB5 24 f1 add a,#0xf1",,
0x0ADDC,bank0,0xADDC,ajmp,0xA812,0x0A812,yes,entry,6,18,"0x0ADDB 7f 01 mov r7,#0x01",,
0x0AE1A,bank0,0xAE1A,ajmp,0xA812,0x0A812,yes,entry,4,20,"0x0AE19 7f 01 mov r7,#0x01",,
0x0AE41,bank0,0xAE41,ajmp,0xA8F0,0x0A8F0,yes,other,0,24,"0x0AE40 74 01 mov a,#0x01",,
0x0AE72,bank0,0xAE72,ajmp,0xA8F0,0x0A8F0,yes,other,0,24,"0x0AE71 44 01 orl a,#0x01",,
0x0AE98,bank0,0xAE98,acall,0xACF0,0x0ACF0,yes,other,1,23,"0x0AE96 90 07 91 mov dptr,#0x0791",,
0x0AF3F,bank0,0xAF3F,acall,0xAC12,0x0AC12,yes,other,1,23,"0x0AF3D 90 07 91 mov dptr,#0x0791",,
0x0AF44,bank0,0xAF44,ajmp,0xA912,0x0A912,yes,other,4,20,"0x0AF43 74 21 mov a,#0x21",,
0x0B044,bank0,0xB044,acall,0xB7E0,0x0B7E0,yes,entry,1,23,"0x0B042 90 16 f1 mov dptr,#0x16f1",,
0x0B055,bank0,0xB055,acall,0xB7E0,0x0B7E0,yes,entry,1,23,"0x0B053 90 16 f1 mov dptr,#0x16f1",,
0x0B076,bank0,0xB076,ajmp,0xB008,0x0B008,yes,entry,0,24,"0x0B075 b4 01 08 cjne a,#0x01,0xb080",,
0x0B094,bank0,0xB094,ajmp,0xB741,0x0B741,yes,other,0,24,"0x0B093 20 e1 41 jb acc.1,0xb0d7",,
0x0B095,bank0,0xB095,ajmp,0xB278,0x0B278,yes,entry,0,24,"0x0B093 20 e1 41 jb acc.1,0xb0d7",,
0x0B0C7,bank0,0xB0C7,ajmp,0xB0F0,0x0B0F0,yes,entry,0,24,"0x0B0C6 44 01 orl a,#0x01",,
0x0B0D4,bank0,0xB0D4,ajmp,0xB0F0,0x0B0F0,yes,entry,2,22,"0x0B0D3 74 01 mov a,#0x01",,
0x0B0EF,bank0,0xB0EF,ajmp,0xB080,0x0B080,yes,entry,0,24,"0x0B0EE 7f 01 mov r7,#0x01",,
0x0B0FC,bank0,0xB0FC,ajmp,0xB080,0x0B080,yes,entry,0,24,"0x0B0FB 7e 01 mov r6,#0x01",,
0x0B11A,bank0,0xB11A,ajmp,0xB022,0x0B022,yes,other,0,24,"0x0B119 7f 01 mov r7,#0x01",,
0x0B127,bank0,0xB127,ajmp,0xB022,0x0B022,yes,other,0,24,"0x0B126 7f 01 mov r7,#0x01",,
0x0B135,bank0,0xB135,ajmp,0xB2E0,0x0B2E0,yes,other,1,23,"0x0B133 90 07 41 mov dptr,#0x0741",,
0x0B146,bank0,0xB146,ajmp,0xB710,0x0B710,yes,entry,2,22,"0x0B145 20 e1 10 jb acc.1,0xb158",,
0x0B183,bank0,0xB183,acall,0xB012,0x0B012,yes,entry,0,24,0x0B182 80 11 sjmp 0xb195,,
0x0B1AC,bank0,0xB1AC,acall,0xB512,0x0B512,yes,other,0,24,0x0B1AB 12 b1 12 lcall 0xb112,,
0x0B1EC,bank0,0xB1EC,ajmp,0xB7F0,0x0B7F0,yes,other,0,24,"0x0B1EB 74 e1 mov a,#0xe1",,
0x0B1EF,bank0,0xB1EF,ajmp,0xB1D3,0x0B1D3,yes,other,0,24,0x0B1EE 80 21 sjmp 0xb211,,
0x0B1F6,bank0,0xB1F6,ajmp,0xB790,0x0B790,yes,other,0,24,"0x0B1F5 94 e1 subb a,#0xe1",,
0x0B262,bank0,0xB262,ajmp,0xB080,0x0B080,yes,entry,1,23,"0x0B260 75 f0 01 mov 0xf0,#0x01",,
0x0B2A4,bank0,0xB2A4,acall,0xB2E0,0x0B2E0,yes,other,1,23,"0x0B2A2 90 0a 51 mov dptr,#0x0a51",,
0x0B2AD,bank0,0xB2AD,ajmp,0xB050,0x0B050,yes,other,0,24,"0x0B2AC 94 01 subb a,#0x01",,
0x0B2DF,bank0,0xB2DF,ajmp,0xB050,0x0B050,yes,other,0,24,"0x0B2DE 94 01 subb a,#0x01",,
0x0B30B,bank0,0xB30B,ajmp,0xB040,0x0B040,yes,other,0,24,"0x0B30A 94 01 subb a,#0x01",,
0x0B370,bank0,0xB370,acall,0xB2E0,0x0B2E0,yes,other,1,23,"0x0B36E 90 0a 51 mov dptr,#0x0a51",,
0x0B3B4,bank0,0xB3B4,ajmp,0xB0F0,0x0B0F0,yes,entry,0,24,"0x0B3B3 44 01 orl a,#0x01",,
0x0B456,bank0,0xB456,ajmp,0xB006,0x0B006,yes,other,0,24,0x0B455 70 01 jnz 0xb458,,
0x0B45F,bank0,0xB45F,acall,0xB622,0x0B622,yes,other,2,22,0x0B45E 80 d1 sjmp 0xb431,,
0x0B4EF,bank0,0xB4EF,acall,0xB012,0x0B012,yes,entry,1,23,0x0B4EE 80 11 sjmp 0xb501,,
0x0B519,bank0,0xB519,ajmp,0xB012,0x0B012,yes,entry,0,24,"0x0B518 74 01 mov a,#0x01",,
0x0B52C,bank0,0xB52C,acall,0xB090,0x0B090,yes,other,2,22,0x0B52B 40 11 jc 0xb53e,,
0x0B54A,bank0,0xB54A,ajmp,0xB0F0,0x0B0F0,yes,entry,0,24,"0x0B549 44 01 orl a,#0x01",,
0x0B54E,bank0,0xB54E,ajmp,0xB574,0x0B574,yes,entry,1,23,"0x0B54C 90 08 a1 mov dptr,#0x08a1",,
0x0B564,bank0,0xB564,acall,0xB190,0x0B190,yes,entry,0,24,0x0B563 40 31 jc 0xb596,,
0x0B57F,bank0,0xB57F,acall,0xB6E0,0x0B6E0,yes,other,1,23,"0x0B57D 90 06 d1 mov dptr,#0x06d1",,
0x0B591,bank0,0xB591,acall,0xB674,0x0B674,yes,entry,1,23,"0x0B58F 90 06 d1 mov dptr,#0x06d1",,
0x0B5CA,bank0,0xB5CA,ajmp,0xB5F0,0x0B5F0,yes,other,1,23,"0x0B5C8 90 08 a1 mov dptr,#0x08a1",,
0x0B5E8,bank0,0xB5E8,ajmp,0xB00E,0x0B00E,yes,other,0,24,"0x0B5E7 b4 01 0e cjne a,#0x01,0xb5f8",,
0x0B5EC,bank0,0xB5EC,acall,0xB2E0,0x0B2E0,yes,other,1,23,"0x0B5EA 90 07 51 mov dptr,#0x0751",,
0x0B649,bank0,0xB649,acall,0xB012,0x0B012,yes,entry,1,23,0x0B648 80 11 sjmp 0xb65b,,
0x0B6D1,bank0,0xB6D1,acall,0xB6E0,0x0B6E0,yes,other,1,23,"0x0B6CF 90 06 d1 mov dptr,#0x06d1",,
0x0B6E3,bank0,0xB6E3,acall,0xB674,0x0B674,yes,entry,1,23,"0x0B6E1 90 06 d1 mov dptr,#0x06d1",,
0x0B73E,bank0,0xB73E,acall,0xB2E0,0x0B2E0,yes,other,1,23,"0x0B73C 90 07 51 mov dptr,#0x0751",,
0x0B7A9,bank0,0xB7A9,acall,0xB012,0x0B012,yes,entry,1,23,0x0B7A8 80 11 sjmp 0xb7bb,,
0x0B827,bank0,0xB827,acall,0xB8C3,0x0B8C3,yes,other,2,22,"0x0B826 74 11 mov a,#0x11",,
0x0B846,bank0,0xB846,ajmp,0xBA12,0x0BA12,yes,other,1,23,"0x0B844 30 e3 41 jnb acc.3,0xb888",,
0x0B849,bank0,0xB849,acall,0xBBFF,0x0BBFF,yes,other,0,24,0x0B847 12 bc 71 lcall 0xbc71,,
0x0B85D,bank0,0xB85D,acall,0xB8D3,0x0B8D3,yes,other,1,23,"0x0B85B bf e0 11 cjne r7,#0xe0,0xb86f",,
0x0B895,bank0,0xB895,ajmp,0xBF28,0x0BF28,yes,other,0,24,"0x0B894 20 e1 28 jb acc.1,0xb8bf",,
0x0B89C,bank0,0xB89C,ajmp,0xBE91,0x0BE91,yes,other,1,23,0x0B89B 02 c1 91 ljmp 0xc191,,
0x0B89D,bank0,0xB89D,acall,0xBC90,0x0BC90,yes,other,0,24,0x0B89B 02 c1 91 ljmp 0xc191,,
0x0B8A3,bank0,0xB8A3,ajmp,0xBF0B,0x0BF0B,yes,entry,0,24,"0x0B8A2 30 e1 0b jnb acc.1,0xb8b0",,
0x0B8AD,bank0,0xB8AD,ajmp,0xB8F0,0x0B8F0,yes,other,0,24,"0x0B8AC 74 01 mov a,#0x01",,
0x0B8BD,bank0,0xB8BD,ajmp,0xBE99,0x0BE99,yes,other,0,24,0x0B8BC 12 c1 99 lcall 0xc199,,
0x0B8C8,bank0,0xB8C8,ajmp,0xB822,0x0B822,yes,other,0,24,"0x0B8C7 7f 01 mov r7,#0x01",,
0x0B8D5,bank0,0xB8D5,ajmp,0xB822,0x0B822,yes,other,0,24,"0x0B8D4 7f 01 mov r7,#0x01",,
0x0B8E2,bank0,0xB8E2,ajmp,0xB822,0x0B822,yes,other,0,24,"0x0B8E1 7f 01 mov r7,#0x01",,
0x0B8EF,bank0,0xB8EF,ajmp,0xB822,0x0B822,yes,other,0,24,"0x0B8EE 7f 01 mov r7,#0x01",,
0x0B8FC,bank0,0xB8FC,ajmp,0xB822,0x0B822,yes,other,0,24,"0x0B8FB 7f 01 mov r7,#0x01",,
0x0B909,bank0,0xB909,ajmp,0xB822,0x0B822,yes,other,0,24,"0x0B908 7f 01 mov r7,#0x01",,
0x0B916,bank0,0xB916,ajmp,0xB822,0x0B822,yes,other,0,24,"0x0B915 7f 01 mov r7,#0x01",,
0x0B923,bank0,0xB923,ajmp,0xB822,0x0B822,yes,other,0,24,"0x0B922 7f 01 mov r7,#0x01",,
0x0B930,bank0,0xB930,ajmp,0xB822,0x0B822,yes,other,0,24,"0x0B92F 7f 01 mov r7,#0x01",,
0x0B938,bank0,0xB938,ajmp,0xBEF0,0x0BEF0,yes,entry,1,23,"0x0B936 90 08 c1 mov dptr,#0x08c1",,
0x0B93C,bank0,0xB93C,acall,0xBAE0,0x0BAE0,yes,other,1,23,"0x0B93A 90 0a 51 mov dptr,#0x0a51",,
0x0B986,bank0,0xB986,acall,0xBAE0,0x0BAE0,yes,other,1,23,"0x0B984 90 0a 51 mov dptr,#0x0a51",,
0x0B9DD,bank0,0xB9DD,ajmp,0xB822,0x0B822,yes,other,0,24,"0x0B9DC 64 01 xrl a,#0x01",,
0x0B9FB,bank0,0xB9FB,ajmp,0xB812,0x0B812,yes,entry,1,23,"0x0B9F9 75 f0 01 mov 0xf0,#0x01",,
0x0BA29,bank0,0xBA29,acall,0xBC93,0x0BC93,yes,other,0,24,"0x0BA27 90 63 91 mov dptr,#0x6391",,
0x0BA40,bank0,0xBA40,ajmp,0xB8E0,0x0B8E0,yes,other,1,23,"0x0BA3E 90 19 01 mov dptr,#0x1901",,
0x0BA76,bank0,0xBA76,acall,0xBAE0,0x0BAE0,yes,other,1,23,"0x0BA74 90 0a 51 mov dptr,#0x0a51",,
0x0BA91,bank0,0xBA91,ajmp,0xB893,0x0B893,yes,other,0,24,"0x0BA90 74 01 mov a,#0x01",,
0x0BAA4,bank0,0xBAA4,acall,0xBB10,0x0BB10,yes,other,2,22,0x0BAA3 12 71 10 lcall 0x7110,,
0x0BAE1,bank0,0xBAE1,ajmp,0xB802,0x0B802,yes,other,1,23,"0x0BADF 75 f0 01 mov 0xf0,#0x01",,
0x0BB07,bank0,0xBB07,ajmp,0xB8F0,0x0B8F0,yes,other,0,24,"0x0BB06 44 01 orl a,#0x01",,
0x0BB0B,bank0,0xBB0B,ajmp,0xB8E0,0x0B8E0,yes,other,1,23,"0x0BB09 90 19 01 mov dptr,#0x1901",,
0x0BB0E,bank0,0xBB0E,ajmp,0xB8F0,0x0B8F0,yes,other,0,24,"0x0BB0D 44 01 orl a,#0x01",,
0x0BB42,bank0,0xBB42,acall,0xBAE0,0x0BAE0,yes,other,1,23,"0x0BB40 90 07 51 mov dptr,#0x0751",,
0x0BB86,bank0,0xBB86,ajmp,0xB822,0x0B822,yes,other,0,24,"0x0BB85 64 01 xrl a,#0x01",,
0x0BBEE,bank0,0xBBEE,ajmp,0xBBE0,0x0BBE0,yes,entry,1,23,"0x0BBEC 90 04 61 mov dptr,#0x0461",,
0x0BC05,bank0,0xBC05,ajmp,0xB8A3,0x0B8A3,yes,other,0,24,"0x0BC04 74 01 mov a,#0x01",,
0x0BC12,bank0,0xBC12,acall,0xBB10,0x0BB10,yes,other,0,24,0x0BC11 02 71 10 ljmp 0x7110,,
0x0BC8F,bank0,0xBC8F,acall,0xBCE0,0x0BCE0,yes,other,1,23,"0x0BC8D 90 04 91 mov dptr,#0x0491",,
0x0BCB3,bank0,0xBCB3,ajmp,0xBF74,0x0BF74,yes,other,1,23,"0x0BCB1 90 08 e1 mov dptr,#0x08e1",,
0x0BCED,bank0,0xBCED,ajmp,0xB893,0x0B893,yes,other,0,24,"0x0BCEC 74 01 mov a,#0x01",,
0x0BD05,bank0,0xBD05,ajmp,0xBAE0,0x0BAE0,yes,other,1,23,"0x0BD03 90 07 41 mov dptr,#0x0741",,
0x0BD2C,bank0,0xBD2C,ajmp,0xB8FC,0x0B8FC,yes,other,0,24,"0x0BD2B 34 01 addc a,#0x01",,
0x0BD7D,bank0,0xBD7D,acall,0xBB10,0x0BB10,yes,other,0,24,0x0BD7C 02 71 10 ljmp 0x7110,,
0x0BD89,bank0,0xBD89,acall,0xBB10,0x0BB10,yes,other,0,24,0x0BD88 02 71 10 ljmp 0x7110,,
0x0BDFF,bank0,0xBDFF,ajmp,0xB8E0,0x0B8E0,yes,other,1,23,"0x0BDFD 90 16 01 mov dptr,#0x1601",,
0x0BE0B,bank0,0xBE0B,acall,0xBB10,0x0BB10,yes,other,0,24,0x0BE0A 02 71 10 ljmp 0x7110,,
0x0BE2F,bank0,0xBE2F,acall,0xBCF0,0x0BCF0,yes,other,0,24,"0x0BE2E 74 91 mov a,#0x91",,
0x0BF0A,bank0,0xBF0A,ajmp,0xBB90,0x0BB90,yes,other,0,24,"0x0BF09 94 61 subb a,#0x61",,
0x0BF2D,bank0,0xBF2D,acall,0xB806,0x0B806,yes,other,0,24,"0x0BF2C 90 11 06 mov dptr,#0x1106",,
0x0BF49,bank0,0xBF49,acall,0xB802,0x0B802,yes,other,0,24,"0x0BF48 90 11 02 mov dptr,#0x1102",,
0x0BFF1,bank0,0xBFF1,acall,0xBB10,0x0BB10,yes,other,0,24,0x0BFF0 12 71 10 lcall 0x7110,,
0x0C000,bank0,0xC000,acall,0xC310,0x0C310,yes,other,0,24,0x0BFFF 12 71 10 lcall 0x7110,,
0x0C006,bank0,0xC006,ajmp,0xC093,0x0C093,yes,entry,0,24,"0x0C005 74 01 mov a,#0x01",,
0x0C03E,bank0,0xC03E,acall,0xC012,0x0C012,yes,other,1,23,"0x0C03C 90 16 11 mov dptr,#0x1611",,
0x0C05B,bank0,0xC05B,acall,0xC0F0,0x0C0F0,yes,other,1,23,"0x0C059 90 16 11 mov dptr,#0x1611",,
0x0C078,bank0,0xC078,ajmp,0xC0E0,0x0C0E0,yes,other,1,23,"0x0C076 90 16 01 mov dptr,#0x1601",,
0x0C080,bank0,0xC080,ajmp,0xC0E0,0x0C0E0,yes,other,1,23,"0x0C07E 90 16 01 mov dptr,#0x1601",,
0x0C0A7,bank0,0xC0A7,ajmp,0xC0E0,0x0C0E0,yes,other,2,22,"0x0C0A5 90 16 01 mov dptr,#0x1601",,
0x0C0B2,bank0,0xC0B2,ajmp,0xC0E0,0x0C0E0,yes,other,2,22,"0x0C0B0 90 16 01 mov dptr,#0x1601",,
0x0C0BD,bank0,0xC0BD,ajmp,0xC704,0x0C704,yes,other,2,22,"0x0C0BC 30 e1 04 jnb acc.1,0xc0c3",,
0x0C0C4,bank0,0xC0C4,ajmp,0xC022,0x0C022,yes,other,0,24,"0x0C0C3 7f 01 mov r7,#0x01",,
0x0C0CE,bank0,0xC0CE,ajmp,0xC707,0x0C707,yes,other,2,22,"0x0C0CD 30 e1 07 jnb acc.1,0xc0d7",,
0x0C0D5,bank0,0xC0D5,ajmp,0xC022,0x0C022,yes,other,0,24,"0x0C0D4 7f 01 mov r7,#0x01",,
0x0C0E2,bank0,0xC0E2,ajmp,0xC022,0x0C022,yes,other,0,24,"0x0C0E1 7f 01 mov r7,#0x01",,
0x0C0EF,bank0,0xC0EF,ajmp,0xC022,0x0C022,yes,other,0,24,"0x0C0EE 7f 01 mov r7,#0x01",,
0x0C0FB,bank0,0xC0FB,ajmp,0xC022,0x0C022,yes,other,0,24,"0x0C0FA 7f 01 mov r7,#0x01",,
0x0C107,bank0,0xC107,ajmp,0xC022,0x0C022,yes,other,0,24,"0x0C106 7f 01 mov r7,#0x01",,
0x0C113,bank0,0xC113,ajmp,0xC022,0x0C022,yes,other,0,24,"0x0C112 7f 01 mov r7,#0x01",,
0x0C11F,bank0,0xC11F,ajmp,0xC022,0x0C022,yes,other,0,24,"0x0C11E 7f 01 mov r7,#0x01",,
0x0C169,bank0,0xC169,ajmp,0xC0F0,0x0C0F0,yes,other,0,24,"0x0C168 44 01 orl a,#0x01",,
0x0C18C,bank0,0xC18C,ajmp,0xC022,0x0C022,yes,other,0,24,"0x0C18B 7f 01 mov r7,#0x01",,
0x0C1B9,bank0,0xC1B9,ajmp,0xC022,0x0C022,yes,other,0,24,"0x0C1B8 7f 01 mov r7,#0x01",,
0x0C1C6,bank0,0xC1C6,ajmp,0xC022,0x0C022,yes,other,0,24,"0x0C1C5 7f 01 mov r7,#0x01",,
0x0C1D3,bank0,0xC1D3,ajmp,0xC022,0x0C022,yes,other,0,24,"0x0C1D2 7f 01 mov r7,#0x01",,
0x0C1E2,bank0,0xC1E2,ajmp,0xC022,0x0C022,yes,other,0,24,"0x0C1E1 7f 01 mov r7,#0x01",,
0x0C1EF,bank0,0xC1EF,ajmp,0xC022,0x0C022,yes,other,0,24,"0x0C1EE 7f 01 mov r7,#0x01",,
0x0C1FC,bank0,0xC1FC,ajmp,0xC022,0x0C022,yes,other,0,24,"0x0C1FB 7f 01 mov r7,#0x01",,
0x0C213,bank0,0xC213,ajmp,0xC07F,0x0C07F,yes,other,0,24,0x0C211 12 c2 01 lcall 0xc201,,
0x0C215,bank0,0xC215,ajmp,0xC012,0x0C012,yes,other,1,23,"0x0C214 7f 01 mov r7,#0x01",,
0x0C223,bank0,0xC223,ajmp,0xC090,0x0C090,yes,entry,0,24,0x0C221 02 c2 01 ljmp 0xc201,,
0x0C22C,bank0,0xC22C,ajmp,0xC022,0x0C022,yes,other,0,24,"0x0C22B 7f 01 mov r7,#0x01",,
0x0C259,bank0,0xC259,ajmp,0xC022,0x0C022,yes,other,0,24,"0x0C258 7f 01 mov r7,#0x01",,
0x0C276,bank0,0xC276,ajmp,0xC022,0x0C022,yes,other,0,24,"0x0C275 7f 01 mov r7,#0x01",,
0x0C280,bank0,0xC280,ajmp,0xC022,0x0C022,yes,other,0,24,"0x0C27F 7f 01 mov r7,#0x01",,
0x0C2A0,bank0,0xC2A0,ajmp,0xC022,0x0C022,yes,other,0,24,"0x0C29F 7f 01 mov r7,#0x01",,
0x0C2CA,bank0,0xC2CA,ajmp,0xC022,0x0C022,yes,other,0,24,"0x0C2C9 7f 01 mov r7,#0x01",,
0x0C304,bank0,0xC304,ajmp,0xC0F0,0x0C0F0,yes,other,0,24,"0x0C303 44 01 orl a,#0x01",,
0x0C327,bank0,0xC327,ajmp,0xC022,0x0C022,yes,other,0,24,"0x0C326 7f 01 mov r7,#0x01",,
0x0C344,bank0,0xC344,ajmp,0xC022,0x0C022,yes,other,0,24,"0x0C343 7f 01 mov r7,#0x01",,
0x0C351,bank0,0xC351,ajmp,0xC022,0x0C022,yes,other,0,24,"0x0C350 7f 01 mov r7,#0x01",,
0x0C35E,bank0,0xC35E,ajmp,0xC022,0x0C022,yes,other,0,24,"0x0C35D 7f 01 mov r7,#0x01",,
0x0C365,bank0,0xC365,ajmp,0xC274,0x0C274,yes,other,1,23,"0x0C363 90 16 41 mov dptr,#0x1641",,
0x0C36C,bank0,0xC36C,ajmp,0xC274,0x0C274,yes,other,1,23,"0x0C36A 90 16 41 mov dptr,#0x1641",,
0x0C399,bank0,0xC399,ajmp,0xC022,0x0C022,yes,other,0,24,"0x0C398 7f 01 mov r7,#0x01",,
0x0C41A,bank0,0xC41A,ajmp,0xC022,0x0C022,yes,other,0,24,"0x0C419 7f 01 mov r7,#0x01",,
0x0C444,bank0,0xC444,ajmp,0xC0F0,0x0C0F0,yes,other,0,24,"0x0C443 44 01 orl a,#0x01",,
0x0C463,bank0,0xC463,ajmp,0xC022,0x0C022,yes,other,0,24,"0x0C462 7f 01 mov r7,#0x01",,
0x0C48C,bank0,0xC48C,ajmp,0xC0F0,0x0C0F0,yes,other,0,24,"0x0C48B 44 01 orl a,#0x01",,
0x0C4E1,bank0,0xC4E1,ajmp,0xC022,0x0C022,yes,other,0,24,"0x0C4E0 7f 01 mov r7,#0x01",,
0x0C4ED,bank0,0xC4ED,ajmp,0xC0D3,0x0C0D3,yes,other,1,23,"0x0C4EB 20 e4 01 jb acc.4,0xc4ef",,
0x0C4F5,bank0,0xC4F5,ajmp,0xC0E0,0x0C0E0,yes,other,1,23,"0x0C4F3 90 16 01 mov dptr,#0x1601",,
0x0C527,bank0,0xC527,ajmp,0xC019,0x0C019,yes,other,0,24,"0x0C526 b4 01 19 cjne a,#0x01,0xc542",,
0x0C56B,bank0,0xC56B,ajmp,0xC705,0x0C705,yes,other,0,24,"0x0C56A 20 e1 05 jb acc.1,0xc572",,
0x0C574,bank0,0xC574,ajmp,0xC2E0,0x0C2E0,yes,other,2,22,"0x0C572 90 07 41 mov dptr,#0x0741",,
0x0C57A,bank0,0xC57A,acall,0xC580,0x0C580,yes,other,0,24,"0x0C579 7f b1 mov r7,#0xb1",,
0x0C5C9,bank0,0xC5C9,ajmp,0xC705,0x0C705,yes,other,0,24,"0x0C5C8 20 e1 05 jb acc.1,0xc5d0",,
0x0C5D2,bank0,0xC5D2,ajmp,0xC2E0,0x0C2E0,yes,other,2,22,"0x0C5D0 90 07 41 mov dptr,#0x0741",,
0x0C63A,bank0,0xC63A,ajmp,0xC112,0x0C112,yes,entry,0,24,"0x0C639 7f 21 mov r7,#0x21",,
0x0C640,bank0,0xC640,acall,0xC3E0,0x0C3E0,yes,entry,4,20,"0x0C63E 90 04 71 mov dptr,#0x0471",,
0x0C64F,bank0,0xC64F,ajmp,0xC112,0x0C112,yes,entry,0,24,"0x0C64E 7f 21 mov r7,#0x21",,
0x0C672,bank0,0xC672,acall,0xC3E0,0x0C3E0,yes,entry,3,21,"0x0C670 90 04 71 mov dptr,#0x0471",,
0x0C70B,bank0,0xC70B,acall,0xC2E0,0x0C2E0,yes,other,1,23,"0x0C709 90 07 51 mov dptr,#0x0751",,
0x0C722,bank0,0xC722,ajmp,0xC2E0,0x0C2E0,yes,other,2,22,"0x0C720 90 07 41 mov dptr,#0x0741",,
0x0C743,bank0,0xC743,acall,0xC230,0x0C230,yes,other,1,23,"0x0C741 90 07 51 mov dptr,#0x0751",,
0x0C745,bank0,0xC745,ajmp,0xC715,0x0C715,yes,other,2,22,"0x0C744 30 e1 15 jnb acc.1,0xc75c",,
0x0C75B,bank0,0xC75B,acall,0xC2E0,0x0C2E0,yes,other,1,23,"0x0C759 90 07 51 mov dptr,#0x0751",,
0x0C769,bank0,0xC769,ajmp,0xC017,0x0C017,yes,entry,0,24,"0x0C768 b4 01 17 cjne a,#0x01,0xc782",,
0x0C87A,bank0,0xC87A,acall,0xCAEF,0x0CAEF,yes,entry,1,23,"0x0C878 90 0a 51 mov dptr,#0x0a51",,
0x0C8A9,bank0,0xC8A9,acall,0xC812,0x0C812,yes,entry,0,24,0x0C8A8 60 11 jz 0xc8bb,,
0x0C8AC,bank0,0xC8AC,acall,0xCAEF,0x0CAEF,yes,entry,0,24,0x0C8AA 12 c2 51 lcall 0xc251,,
0x0C8BA,bank0,0xC8BA,ajmp,0xC822,0x0C822,yes,entry,0,24,0x0C8B8 12 c2 01 lcall 0xc201,,
0x0C92F,bank0,0xC92F,ajmp,0xCAE0,0x0CAE0,yes,other,1,23,"0x0C92D 90 07 41 mov dptr,#0x0741",,
0x0C983,bank0,0xC983,ajmp,0xC8EF,0x0C8EF,yes,other,0,24,0x0C981 12 b9 01 lcall 0xb901,,
0x0C9B0,bank0,0xC9B0,acall,0xCE22,0x0CE22,yes,other,3,21,"0x0C9AE 75 67 d1 mov 0x67,#0xd1",,
0x0C9EC,bank0,0xC9EC,acall,0xC8E5,0x0C8E5,yes,other,1,23,"0x0C9EA bf 06 11 cjne r7,#0x06,0xc9fe",,
0x0C9F4,bank0,0xC9F4,acall,0xCA22,0x0CA22,yes,other,1,23,"0x0C9F2 75 67 51 mov 0x67,#0x51",,
0x0CA4E,bank0,0xCA4E,acall,0xCAE0,0x0CAE0,yes,other,1,23,"0x0CA4C 90 07 51 mov dptr,#0x0751",,
0x0CA61,bank0,0xCA61,ajmp,0xC812,0x0C812,yes,entry,1,23,"0x0CA5F 75 f0 01 mov 0xf0,#0x01",,
0x0CA7F,bank0,0xCA7F,ajmp,0xC822,0x0C822,yes,entry,0,24,"0x0CA7E 7f 01 mov r7,#0x01",,
0x0CA8B,bank0,0xCA8B,acall,0xCD12,0x0CD12,yes,other,4,20,0x0CA8A 12 b1 12 lcall 0xb112,,
0x0CACB,bank0,0xCACB,acall,0xCD12,0x0CD12,yes,other,1,23,"0x0CACA 7f b1 mov r7,#0xb1",,
0x0CAED,bank0,0xCAED,ajmp,0xCAE0,0x0CAE0,yes,other,1,23,"0x0CAEB 90 07 41 mov dptr,#0x0741",,
0x0CAFB,bank0,0xCAFB,ajmp,0xCA22,0x0CA22,yes,other,0,24,0x0CAF9 12 c2 41 lcall 0xc241,,
0x0CB05,bank0,0xCB05,acall,0xC9E0,0x0C9E0,yes,other,1,23,"0x0CB03 90 06 31 mov dptr,#0x0631",,
0x0CB1E,bank0,0xCB1E,ajmp,0xC974,0x0C974,yes,other,1,23,"0x0CB1C 90 16 21 mov dptr,#0x1621",,
0x0CB29,bank0,0xCB29,ajmp,0xC974,0x0C974,yes,other,1,23,"0x0CB27 90 16 21 mov dptr,#0x1621",,
0x0CB40,bank0,0xCB40,acall,0xC874,0x0C874,yes,entry,1,23,"0x0CB3E 90 1c 11 mov dptr,#0x1c11",,
0x0CBBC,bank0,0xCBBC,ajmp,0xC822,0x0C822,yes,entry,0,24,"0x0CBBB 7f 01 mov r7,#0x01",,
0x0CBD6,bank0,0xCBD6,ajmp,0xC822,0x0C822,yes,entry,0,24,"0x0CBD5 7f 01 mov r7,#0x01",,
0x0CBF6,bank0,0xCBF6,ajmp,0xC822,0x0C822,yes,entry,0,24,"0x0CBF5 7f 01 mov r7,#0x01",,
0x0CC10,bank0,0xCC10,ajmp,0xC822,0x0C822,yes,entry,0,24,"0x0CC0F 7f 01 mov r7,#0x01",,
0x0CC2A,bank0,0xCC2A,ajmp,0xC822,0x0C822,yes,entry,0,24,"0x0CC29 7f 01 mov r7,#0x01",,
0x0CC92,bank0,0xCC92,ajmp,0xC8F0,0x0C8F0,yes,entry,0,24,"0x0CC91 74 01 mov a,#0x01",,
0x0CC9A,bank0,0xCC9A,acall,0xCA12,0x0CA12,yes,other,1,23,0x0CC98 12 cc 51 lcall 0xcc51,,
0x0CCA3,bank0,0xCCA3,ajmp,0xCBE4,0x0CBE4,yes,other,0,24,0x0CCA1 12 b4 61 lcall 0xb461,,
0x0CCBB,bank0,0xCCBB,ajmp,0xCF06,0x0CF06,yes,other,0,24,"0x0CCBA 20 e1 06 jb acc.1,0xccc3",,
0x0CCD6,bank0,0xCCD6,ajmp,0xC8F0,0x0C8F0,yes,entry,0,24,"0x0CCD5 74 01 mov a,#0x01",,
0x0CCDA,bank0,0xCCDA,acall,0xCA12,0x0CA12,yes,other,1,23,0x0CCD8 12 cc 51 lcall 0xcc51,,
0x0CD0A,bank0,0xCD0A,acall,0xCE12,0x0CE12,yes,other,3,21,0x0CD08 12 c4 d1 lcall 0xc4d1,,
0x0CD27,bank0,0xCD27,acall,0xC806,0x0C806,yes,entry,0,24,"0x0CD26 90 11 06 mov dptr,#0x1106",,
0x0CD3A,bank0,0xCD3A,ajmp,0xC9E0,0x0C9E0,yes,other,1,23,"0x0CD38 30 e2 21 jnb acc.2,0xcd5c",,
0x0CD63,bank0,0xCD63,ajmp,0xC9A3,0x0C9A3,yes,other,0,24,0x0CD62 70 21 jnz 0xcd85,,
0x0CDD9,bank0,0xCDD9,acall,0xC8F0,0x0C8F0,yes,entry,1,23,"0x0CDD7 90 16 11 mov dptr,#0x1611",,
0x0CE12,bank0,0xCE12,ajmp,0xCA70,0x0CA70,yes,other,0,24,0x0CE10 12 d0 41 lcall 0xd041,,
0x0CE64,bank0,0xCE64,ajmp,0xCBF5,0x0CBF5,yes,entry,0,24,"0x0CE63 24 61 add a,#0x61",,
0x0CE6F,bank0,0xCE6F,ajmp,0xCA70,0x0CA70,yes,other,0,24,0x0CE6D 12 d0 41 lcall 0xd041,,
0x0CE75,bank0,0xCE75,ajmp,0xCE22,0x0CE22,yes,other,0,24,0x0CE74 60 c1 jz 0xce37,,
0x0CE7B,bank0,0xCE7B,ajmp,0xCBF5,0x0CBF5,yes,entry,0,24,"0x0CE7A 24 61 add a,#0x61",,
0x0CEA6,bank0,0xCEA6,ajmp,0xCAE0,0x0CAE0,yes,other,0,24,0x0CEA5 50 41 jnc 0xcee8,,
0x0CEEF,bank0,0xCEEF,acall,0xC850,0x0C850,yes,other,0,24,"0x0CEEE 94 11 subb a,#0x11",,
0x0CF15,bank0,0xCF15,ajmp,0xC9F5,0x0C9F5,yes,other,0,24,"0x0CF14 24 21 add a,#0x21",,
0x0CF3C,bank0,0xCF3C,ajmp,0xC9F5,0x0C9F5,yes,other,0,24,"0x0CF3B 24 21 add a,#0x21",,
0x0CF7A,bank0,0xCF7A,ajmp,0xCAE0,0x0CAE0,yes,other,1,23,"0x0CF78 90 07 41 mov dptr,#0x0741",,
0x0CF9A,bank0,0xCF9A,ajmp,0xC8F0,0x0C8F0,yes,entry,0,24,"0x0CF99 74 01 mov a,#0x01",,
0x0CFAA,bank0,0xCFAA,ajmp,0xCC12,0x0CC12,yes,entry,0,24,"0x0CFA9 7f 81 mov r7,#0x81",,
0x0CFD3,bank0,0xCFD3,ajmp,0xC8F0,0x0C8F0,yes,entry,0,24,"0x0CFD2 44 01 orl a,#0x01",,
0x0CFE6,bank0,0xCFE6,ajmp,0xCF90,0x0CF90,yes,entry,1,23,"0x0CFE4 b4 fd e1 cjne a,#0xfd,0xcfc8",,
0x0CFF0,bank0,0xCFF0,ajmp,0xCAE0,0x0CAE0,yes,other,1,23,"0x0CFEE 90 07 41 mov dptr,#0x0741",,
0x0D00B,bank0,0xD00B,ajmp,0xD093,0x0D093,yes,other,0,24,"0x0D00A 74 01 mov a,#0x01",,
0x0D02F,bank0,0xD02F,ajmp,0xD093,0x0D093,yes,other,0,24,"0x0D02E 74 01 mov a,#0x01",,
0x0D036,bank0,0xD036,acall,0xD377,0x0D377,yes,other,0,24,0x0D035 02 71 77 ljmp 0x7177,,
0x0D061,bank0,0xD061,ajmp,0xD0F0,0x0D0F0,yes,other,0,24,"0x0D060 74 01 mov a,#0x01",,
0x0D067,bank0,0xD067,ajmp,0xD074,0x0D074,yes,entry,1,23,"0x0D065 90 1f 01 mov dptr,#0x1f01",,
0x0D06F,bank0,0xD06F,ajmp,0xD0F0,0x0D0F0,yes,other,0,24,"0x0D06E 74 01 mov a,#0x01",,
0x0D088,bank0,0xD088,ajmp,0xD0F0,0x0D0F0,yes,other,2,22,"0x0D087 74 01 mov a,#0x01",,
0x0D0AD,bank0,0xD0AD,acall,0xD0E0,0x0D0E0,yes,other,2,22,"0x0D0AB 90 1c 11 mov dptr,#0x1c11",,
0x0D149,bank0,0xD149,acall,0xD351,0x0D351,yes,entry,0,24,0x0D148 12 71 51 lcall 0x7151,,
0x0D14A,bank0,0xD14A,acall,0xD2D1,0x0D2D1,yes,other,0,24,0x0D148 12 71 51 lcall 0x7151,,
0x0D14B,bank0,0xD14B,acall,0xD673,0x0D673,yes,entry,23,1,,,
0x0D14E,bank0,0xD14E,acall,0xD698,0x0D698,yes,other,24,0,,,
0x0D151,bank0,0xD151,acall,0xD673,0x0D673,yes,entry,24,0,,,
0x0D154,bank0,0xD154,acall,0xD698,0x0D698,yes,other,24,0,,,
0x0D157,bank0,0xD157,acall,0xD6C0,0x0D6C0,yes,other,24,0,,,
0x0D15A,bank0,0xD15A,acall,0xD6EF,0x0D6EF,yes,other,24,0,,,
0x0D15D,bank0,0xD15D,acall,0xD6C0,0x0D6C0,yes,other,24,0,,,
0x0D160,bank0,0xD160,acall,0xD6EF,0x0D6EF,yes,other,24,0,,,
0x0D164,bank0,0xD164,ajmp,0xD136,0x0D136,yes,other,0,24,0x0D163 d2 21 setb 0x24.1,,
0x0D16A,bank0,0xD16A,ajmp,0xD138,0x0D138,yes,other,0,24,0x0D169 d2 21 setb 0x24.1,,
0x0D1A1,bank0,0xD1A1,ajmp,0xD012,0x0D012,yes,other,0,24,"0x0D1A0 44 01 orl a,#0x01",,
0x0D1BF,bank0,0xD1BF,ajmp,0xD490,0x0D490,yes,other,0,24,0x0D1BD 02 d2 81 ljmp 0xd281,,
0x0D1D2,bank0,0xD1D2,acall,0xD012,0x0D012,yes,other,1,23,"0x0D1D0 90 1c 11 mov dptr,#0x1c11",,
0x0D1DD,bank0,0xD1DD,acall,0xD012,0x0D012,yes,other,1,23,"0x0D1DB 90 1c 11 mov dptr,#0x1c11",,
0x0D1FA,bank0,0xD1FA,acall,0xD012,0x0D012,yes,other,1,23,"0x0D1F8 90 1c 11 mov dptr,#0x1c11",,
0x0D1FF,bank0,0xD1FF,ajmp,0xD012,0x0D012,yes,other,1,23,"0x0D1FE 44 01 orl a,#0x01",,
0x0D205,bank0,0xD205,acall,0xD012,0x0D012,yes,other,1,23,"0x0D203 90 1c 11 mov dptr,#0x1c11",,
0x0D220,bank0,0xD220,ajmp,0xD490,0x0D490,yes,other,0,24,0x0D21E 02 d2 81 ljmp 0xd281,,
0x0D25E,bank0,0xD25E,ajmp,0xD012,0x0D012,yes,other,1,23,"0x0D25D 44 01 orl a,#0x01",,
0x0D2D7,bank0,0xD2D7,ajmp,0xD3E0,0x0D3E0,yes,other,1,23,"0x0D2D5 90 08 61 mov dptr,#0x0861",,
0x0D2EC,bank0,0xD2EC,ajmp,0xD0F0,0x0D0F0,yes,other,1,23,"0x0D2EA 90 1c 01 mov dptr,#0x1c01",,
0x0D402,bank0,0xD402,acall,0xD090,0x0D090,yes,other,1,23,"0x0D400 b4 a3 11 cjne a,#0xa3,0xd414",,
0x0D436,bank0,0xD436,acall,0xD351,0x0D351,yes,entry,0,24,0x0D435 12 71 51 lcall 0x7151,,
0x0D437,bank0,0xD437,acall,0xD2D4,0x0D2D4,yes,other,0,24,0x0D435 12 71 51 lcall 0x7151,,
0x0D43D,bank0,0xD43D,acall,0xD4D4,0x0D4D4,yes,entry,22,2,0x0D43C 87 91 db 0x87,,
0x0D45B,bank0,0xD45B,ajmp,0xD5D4,0x0D5D4,yes,entry,24,0,,,
0x0D45D,bank0,0xD45D,acall,0xD6A2,0x0D6A2,yes,entry,24,0,,,
0x0D493,bank0,0xD493,ajmp,0xD0F0,0x0D0F0,yes,other,0,24,"0x0D492 74 01 mov a,#0x01",,
0x0D49B,bank0,0xD49B,ajmp,0xD070,0x0D070,yes,other,0,24,"0x0D49A 64 01 xrl a,#0x01",,
0x0D4A0,bank0,0xD4A0,ajmp,0xD0E0,0x0D0E0,yes,other,1,23,"0x0D49E 90 1b 01 mov dptr,#0x1b01",,
0x0D4AC,bank0,0xD4AC,acall,0xD002,0x0D002,yes,entry,4,20,"0x0D4AB 90 11 02 mov dptr,#0x1102",,
0x0D4B2,bank0,0xD4B2,acall,0xD006,0x0D006,yes,other,1,23,"0x0D4B1 90 11 06 mov dptr,#0x1106",,
0x0D4FE,bank0,0xD4FE,ajmp,0xD012,0x0D012,yes,other,0,24,"0x0D4FD 7f 01 mov r7,#0x01",,
0x0D501,bank0,0xD501,acall,0xD4C2,0x0D4C2,yes,entry,0,24,0x0D4FF 12 d9 91 lcall 0xd991,,
0x0D52F,bank0,0xD52F,ajmp,0xD40A,0x0D40A,yes,other,0,24,"0x0D52E b4 81 0a cjne a,#0x81,0xd53b",,
0x0D578,bank0,0xD578,ajmp,0xD0F0,0x0D0F0,yes,other,0,24,"0x0D577 44 01 orl a,#0x01",,
0x0D5C3,bank0,0xD5C3,ajmp,0xD012,0x0D012,yes,other,0,24,"0x0D5C2 7f 01 mov r7,#0x01",,
0x0D5C6,bank0,0xD5C6,acall,0xD4C2,0x0D4C2,yes,entry,0,24,0x0D5C4 12 d9 91 lcall 0xd991,,
0x0D5D6,bank0,0xD5D6,ajmp,0xD074,0x0D074,yes,entry,0,24,"0x0D5D4 90 15 01 mov dptr,#0x1501",,
0x0D5E0,bank0,0xD5E0,ajmp,0xD708,0x0D708,yes,other,0,24,"0x0D5DF 30 e1 08 jnb acc.1,0xd5ea",,
0x0D5E9,bank0,0xD5E9,acall,0xD790,0x0D790,yes,other,0,24,0x0D5E8 80 f1 sjmp 0xd5db,,
0x0D5F1,bank0,0xD5F1,ajmp,0xD7E8,0x0D7E8,yes,other,0,24,"0x0D5F0 30 e1 e8 jnb acc.1,0xd5db",,
0x0D64C,bank0,0xD64C,ajmp,0xD080,0x0D080,yes,other,1,23,"0x0D64A 75 0b 01 mov 0x0b,#0x01",,
0x0D655,bank0,0xD655,ajmp,0xD0F0,0x0D0F0,yes,other,0,24,"0x0D653 90 15 01 mov dptr,#0x1501",,
0x0D675,bank0,0xD675,ajmp,0xD000,0x0D000,yes,other,1,23,"0x0D673 75 f7 01 mov 0xf7,#0x01",,
0x0D679,bank0,0xD679,ajmp,0xD000,0x0D000,yes,other,1,23,"0x0D677 75 f7 01 mov 0xf7,#0x01",,
0x0D67D,bank0,0xD67D,ajmp,0xD000,0x0D000,yes,other,1,23,"0x0D67B 75 f7 01 mov 0xf7,#0x01",,
0x0D681,bank0,0xD681,ajmp,0xD000,0x0D000,yes,other,1,23,"0x0D67F 75 f7 01 mov 0xf7,#0x01",,
0x0D6B7,bank0,0xD6B7,ajmp,0xD074,0x0D074,yes,entry,1,23,"0x0D6B5 90 1f 01 mov dptr,#0x1f01",,
0x0D6BF,bank0,0xD6BF,ajmp,0xD0F0,0x0D0F0,yes,other,0,24,"0x0D6BE 74 01 mov a,#0x01",,
0x0D70A,bank0,0xD70A,ajmp,0xD07F,0x0D07F,yes,other,0,24,"0x0D709 7d 01 mov r5,#0x01",,
0x0D73B,bank0,0xD73B,acall,0xD722,0x0D722,yes,entry,1,23,"0x0D739 b4 0e f1 cjne a,#0x0e,0xd72d",,
0x0D74D,bank0,0xD74D,acall,0xD722,0x0D722,yes,entry,1,23,"0x0D74B b4 0e f1 cjne a,#0x0e,0xd73f",,
0x0D753,bank0,0xD753,acall,0xD0F0,0x0D0F0,yes,other,0,24,"0x0D751 90 15 11 mov dptr,#0x1511",,
0x0D762,bank0,0xD762,ajmp,0xD702,0x0D702,yes,entry,0,24,"0x0D761 20 e1 02 jb acc.1,0xd766",,
0x0D778,bank0,0xD778,acall,0xD302,0x0D302,yes,other,1,23,"0x0D777 20 71 02 jb 0x2e.1,0xd77c",,
0x0D78E,bank0,0xD78E,ajmp,0xD0E4,0x0D0E4,yes,other,1,23,"0x0D78C 90 15 01 mov dptr,#0x1501",,
0x0D79C,bank0,0xD79C,ajmp,0xD0F0,0x0D0F0,yes,other,0,24,"0x0D79A 90 15 01 mov dptr,#0x1501",,
0x0D7DB,bank0,0xD7DB,ajmp,0xD703,0x0D703,yes,entry,1,23,"0x0D7DA 20 e1 03 jb acc.1,0xd7e0",,
0x0D7EF,bank0,0xD7EF,ajmp,0xD009,0x0D009,yes,other,0,24,"0x0D7EE bb 01 09 cjne r3,#0x01,0xd7fa",,
0x0D7FB,bank0,0xD7FB,ajmp,0xD01E,0x0D01E,yes,entry,0,24,"0x0D7FA b4 01 1e cjne a,#0x01,0xd81b",,
0x0D825,bank0,0xD825,ajmp,0xD802,0x0D802,yes,other,0,24,"0x0D824 7b 01 mov r3,#0x01",,
0x0D82D,bank0,0xD82D,ajmp,0xD802,0x0D802,yes,other,2,22,"0x0D82C 7b 01 mov r3,#0x01",,
0x0D83A,bank0,0xD83A,acall,0xD8F0,0x0D8F0,yes,other,0,24,"0x0D838 90 15 11 mov dptr,#0x1511",,
0x0D882,bank0,0xD882,ajmp,0xD893,0x0D893,yes,other,0,24,"0x0D881 74 01 mov a,#0x01",,
0x0D892,bank0,0xD892,ajmp,0xD822,0x0D822,yes,other,0,24,"0x0D891 7d 01 mov r5,#0x01",,
0x0D8A9,bank0,0xD8A9,ajmp,0xD812,0x0D812,yes,other,0,24,"0x0D8A8 7f 01 mov r7,#0x01",,
0x0D8D1,bank0,0xD8D1,ajmp,0xDF07,0x0DF07,yes,entry,0,24,"0x0D8D0 20 e1 07 jb acc.1,0xd8da",,
0x0D8D8,bank0,0xD8D8,ajmp,0xD8F0,0x0D8F0,yes,other,0,24,"0x0D8D7 44 01 orl a,#0x01",,
0x0D8E0,bank0,0xD8E0,ajmp,0xDE74,0x0DE74,yes,entry,2,22,0x0D8DF 12 c1 74 lcall 0xc174,,
0x0D8FF,bank0,0xD8FF,ajmp,0xDCE0,0x0DCE0,yes,other,2,22,"0x0D8FD 90 00 81 mov dptr,#0x0081",,
0x0D913,bank0,0xD913,ajmp,0xD8F0,0x0D8F0,yes,other,1,23,"0x0D912 44 01 orl a,#0x01",,
0x0D966,bank0,0xD966,acall,0xDFE0,0x0DFE0,yes,other,1,23,"0x0D964 90 16 f1 mov dptr,#0x16f1",,
0x0D96D,bank0,0xD96D,ajmp,0xD800,0x0D800,yes,other,0,24,"0x0D96C 90 01 00 mov dptr,#0x0100",,
0x0D9E8,bank0,0xD9E8,ajmp,0xDEE7,0x0DEE7,yes,entry,0,24,0x0D9E7 12 c1 e7 lcall 0xc1e7,,
0x0DA07,bank0,0xDA07,ajmp,0xD8F0,0x0D8F0,yes,other,0,24,"0x0DA06 44 01 orl a,#0x01",,
0x0DA1B,bank0,0xDA1B,ajmp,0xDE91,0x0DE91,yes,entry,0,24,0x0DA1A 12 c1 91 lcall 0xc191,,
0x0DA1C,bank0,0xDA1C,acall,0xDC7F,0x0DC7F,yes,entry,0,24,0x0DA1A 12 c1 91 lcall 0xc191,,
0x0DAA6,bank0,0xDAA6,ajmp,0xDE99,0x0DE99,yes,other,2,22,0x0DAA5 12 c1 99 lcall 0xc199,,
0x0DAE0,bank0,0xDAE0,ajmp,0xD893,0x0D893,yes,other,0,24,"0x0DADF 74 01 mov a,#0x01",,
0x0DAE8,bank0,0xDAE8,ajmp,0xD893,0x0D893,yes,other,1,23,"0x0DAE7 74 01 mov a,#0x01",,
0x0DB50,bank0,0xDB50,ajmp,0xD893,0x0D893,yes,other,0,24,"0x0DB4F 74 01 mov a,#0x01",,
0x0DB5D,bank0,0xDB5D,ajmp,0xD893,0x0D893,yes,other,0,24,"0x0DB5C 74 01 mov a,#0x01",,
0x0DB73,bank0,0xDB73,ajmp,0xD893,0x0D893,yes,other,0,24,"0x0DB72 74 01 mov a,#0x01",,
0x0DBAB,bank0,0xDBAB,ajmp,0xD8F0,0x0D8F0,yes,other,0,24,"0x0DBA9 90 12 01 mov dptr,#0x1201",,
0x0DBB7,bank0,0xDBB7,ajmp,0xD80E,0x0D80E,yes,other,1,23,"0x0DBB5 bf 00 01 cjne r7,#0x00,0xdbb9",,
0x0DBC4,bank0,0xDBC4,ajmp,0xD8F0,0x0D8F0,yes,other,0,24,"0x0DBC2 90 12 01 mov dptr,#0x1201",,
0x0DBD0,bank0,0xDBD0,ajmp,0xD80E,0x0D80E,yes,other,1,23,"0x0DBCE bf 00 01 cjne r7,#0x00,0xdbd2",,
0x0DC20,bank0,0xDC20,ajmp,0xD874,0x0D874,yes,other,0,24,"0x0DC1E 90 12 01 mov dptr,#0x1201",,
0x0DC30,bank0,0xDC30,ajmp,0xD874,0x0D874,yes,other,0,24,"0x0DC2E 90 12 01 mov dptr,#0x1201",,
0x0DC42,bank0,0xDC42,ajmp,0xD874,0x0D874,yes,other,0,24,"0x0DC40 90 12 01 mov dptr,#0x1201",,
0x0DC53,bank0,0xDC53,ajmp,0xD8F0,0x0D8F0,yes,other,0,24,"0x0DC51 90 12 01 mov dptr,#0x1201",,
0x0DC65,bank0,0xDC65,ajmp,0xD8F0,0x0D8F0,yes,other,1,23,"0x0DC64 44 01 orl a,#0x01",,
0x0DC6C,bank0,0xDC6C,ajmp,0xD8F0,0x0D8F0,yes,other,0,24,"0x0DC6B 44 01 orl a,#0x01",,
0x0DC73,bank0,0xDC73,ajmp,0xD8F0,0x0D8F0,yes,other,0,24,"0x0DC72 44 01 orl a,#0x01",,
0x0DC91,bank0,0xDC91,ajmp,0xD8F0,0x0D8F0,yes,other,1,23,"0x0DC90 74 01 mov a,#0x01",,
0x0DC95,bank0,0xDC95,ajmp,0xD802,0x0D802,yes,other,0,24,"0x0DC94 7f 01 mov r7,#0x01",,
0x0DCA6,bank0,0xDCA6,ajmp,0xD812,0x0D812,yes,other,0,24,"0x0DCA5 7f 01 mov r7,#0x01",,
0x0DCA9,bank0,0xDCA9,acall,0xDCC2,0x0DCC2,yes,other,0,24,0x0DCA7 12 d9 91 lcall 0xd991,,
0x0DCC2,bank0,0xDCC2,ajmp,0xD812,0x0D812,yes,other,0,24,"0x0DCC1 7f 01 mov r7,#0x01",,
0x0DCC5,bank0,0xDCC5,acall,0xDCC2,0x0DCC2,yes,other,0,24,0x0DCC3 12 d9 91 lcall 0xd991,,
0x0DCCC,bank0,0xDCCC,ajmp,0xD802,0x0D802,yes,other,0,24,"0x0DCCB 7f 01 mov r7,#0x01",,
0x0DCD1,bank0,0xDCD1,ajmp,0xD802,0x0D802,yes,other,0,24,"0x0DCD0 7f 01 mov r7,#0x01",,
0x0DCE2,bank0,0xDCE2,ajmp,0xD8F0,0x0D8F0,yes,other,0,24,"0x0DCE1 44 01 orl a,#0x01",,
0x0DCF6,bank0,0xDCF6,ajmp,0xD802,0x0D802,yes,other,0,24,"0x0DCF5 7f 01 mov r7,#0x01",,
0x0DD02,bank0,0xDD02,ajmp,0xD812,0x0D812,yes,other,0,24,"0x0DD01 7f 01 mov r7,#0x01",,
0x0DD05,bank0,0xDD05,acall,0xDCC2,0x0DCC2,yes,other,0,24,0x0DD03 12 d9 91 lcall 0xd991,,
0x0DD0C,bank0,0xDD0C,ajmp,0xD802,0x0D802,yes,other,0,24,"0x0DD0B 7f 01 mov r7,#0x01",,
0x0DD18,bank0,0xDD18,ajmp,0xD812,0x0D812,yes,other,0,24,"0x0DD17 7f 01 mov r7,#0x01",,
0x0DD1B,bank0,0xDD1B,acall,0xDCC2,0x0DCC2,yes,other,0,24,0x0DD19 12 d9 91 lcall 0xd991,,
0x0DD2D,bank0,0xDD2D,acall,0xD9B4,0x0D9B4,yes,other,0,24,"0x0DD2C e5 31 mov a,0x31",,
0x0DD85,bank0,0xDD85,ajmp,0xD812,0x0D812,yes,other,1,23,"0x0DD83 75 f0 01 mov 0xf0,#0x01",,
0x0DD9E,bank0,0xDD9E,acall,0xD814,0x0D814,yes,entry,0,24,0x0DD9D 60 11 jz 0xddb0,,
0x0DDA1,bank0,0xDDA1,acall,0xD824,0x0D824,yes,entry,0,24,0x0DDA0 60 11 jz 0xddb3,,
0x0DDBC,bank0,0xDDBC,acall,0xDB51,0x0DB51,yes,other,0,24,0x0DDBB 12 71 51 lcall 0x7151,,
0x0DDBD,bank0,0xDDBD,acall,0xDADD,0x0DADD,yes,other,0,24,0x0DDBB 12 71 51 lcall 0x7151,,
0x0DDC3,bank0,0xDDC3,ajmp,0xDCDD,0x0DCDD,yes,entry,1,23,"0x0DDC2 f5 81 mov 0x81,a",,
0x0DDCE,bank0,0xDDCE,ajmp,0xD8B4,0x0D8B4,yes,other,23,1,"0x0DDCD de 01 djnz r6,0xddd0",,
0x0DE21,bank0,0xDE21,ajmp,0xD922,0x0D922,yes,entry,1,23,0x0DE1F 12 dd 21 lcall 0xdd21,,
0x0DE6C,bank0,0xDE6C,acall,0xDFE0,0x0DFE0,yes,other,1,23,"0x0DE6A 90 16 f1 mov dptr,#0x16f1",,
0x0DE80,bank0,0xDE80,ajmp,0xD8F0,0x0D8F0,yes,other,0,24,"0x0DE7F 44 01 orl a,#0x01",,
0x0DE8D,bank0,0xDE8D,ajmp,0xD874,0x0D874,yes,other,0,24,"0x0DE8B 90 30 01 mov dptr,#0x3001",,
0x0DEA1,bank0,0xDEA1,ajmp,0xD8F0,0x0D8F0,yes,other,2,22,"0x0DEA0 74 01 mov a,#0x01",,
0x0DECB,bank0,0xDECB,ajmp,0xDEE0,0x0DEE0,yes,other,1,23,"0x0DEC9 90 09 c1 mov dptr,#0x09c1",,
0x0DEE9,bank0,0xDEE9,ajmp,0xD874,0x0D874,yes,other,0,24,"0x0DEE7 90 30 01 mov dptr,#0x3001",,
0x0DF01,bank0,0xDF01,acall,0xDFEF,0x0DFEF,yes,other,0,24,0x0DF00 60 f1 jz 0xdef3,,
0x0DF11,bank0,0xDF11,ajmp,0xD8F0,0x0D8F0,yes,other,0,24,"0x0DF0F 90 30 01 mov dptr,#0x3001",,
0x0DF1A,bank0,0xDF1A,ajmp,0xD8F0,0x0D8F0,yes,other,0,24,"0x0DF18 90 30 01 mov dptr,#0x3001",,
0x0DF31,bank0,0xDF31,ajmp,0xD822,0x0D822,yes,other,0,24,0x0DF30 50 01 jnc 0xdf33,,
0x0DF48,bank0,0xDF48,ajmp,0xD822,0x0D822,yes,other,0,24,0x0DF47 50 01 jnc 0xdf4a,,
0x0DF60,bank0,0xDF60,ajmp,0xDEF0,0x0DEF0,yes,entry,2,22,"0x0DF5E 90 09 c1 mov dptr,#0x09c1",,
0x0DF74,bank0,0xDF74,ajmp,0xD822,0x0D822,yes,other,0,24,0x0DF73 50 01 jnc 0xdf76,,
0x0DF8C,bank0,0xDF8C,ajmp,0xDEF0,0x0DEF0,yes,entry,2,22,"0x0DF8A 90 09 c1 mov dptr,#0x09c1",,
0x0DF9C,bank0,0xDF9C,ajmp,0xD822,0x0D822,yes,other,0,24,0x0DF9B 50 01 jnc 0xdf9e,,
0x0DFE4,bank0,0xDFE4,ajmp,0xD815,0x0D815,yes,other,0,24,"0x0DFE3 b4 01 15 cjne a,#0x01,0xdffb",,
0x0E015,bank0,0xE015,ajmp,0xE015,0x0E015,yes,other,0,24,"0x0E014 b4 01 15 cjne a,#0x01,0xe02c",,
0x0E019,bank0,0xE019,ajmp,0xE1E0,0x0E1E0,yes,other,2,22,"0x0E017 90 18 21 mov dptr,#0x1821",,
0x0E044,bank0,0xE044,ajmp,0xE6F0,0x0E6F0,yes,entry,2,22,"0x0E042 90 09 c1 mov dptr,#0x09c1",,
0x0E052,bank0,0xE052,ajmp,0xE1EF,0x0E1EF,yes,entry,0,24,"0x0E050 90 15 21 mov dptr,#0x1521",,
0x0E060,bank0,0xE060,ajmp,0xE0E5,0x0E0E5,yes,other,1,23,"0x0E05E 75 3b 01 mov 0x3b,#0x01",,
0x0E06E,bank0,0xE06E,ajmp,0xE505,0x0E505,yes,other,0,24,"0x0E06D b4 a1 05 cjne a,#0xa1,0xe075",,
0x0E07B,bank0,0xE07B,ajmp,0xE749,0x0E749,yes,other,0,24,0x0E07A 12 e1 49 lcall 0xe149,,
0x0E082,bank0,0xE082,acall,0xE0E5,0x0E0E5,yes,other,0,24,"0x0E080 90 15 11 mov dptr,#0x1511",,
0x0E09F,bank0,0xE09F,acall,0xE0F0,0x0E0F0,yes,entry,0,24,"0x0E09D 90 15 11 mov dptr,#0x1511",,
0x0E0BD,bank0,0xE0BD,acall,0xE090,0x0E090,yes,other,1,23,"0x0E0BB b4 a3 11 cjne a,#0xa3,0xe0cf",,
0x0E0D5,bank0,0xE0D5,ajmp,0xE749,0x0E749,yes,other,0,24,0x0E0D4 12 e1 49 lcall 0xe149,,
0x0E0E7,bank0,0xE0E7,ajmp,0xE012,0x0E012,yes,other,0,24,"0x0E0E6 7f 01 mov r7,#0x01",,
0x0E0EA,bank0,0xE0EA,acall,0xE4C2,0x0E4C2,yes,entry,0,24,0x0E0E8 12 d9 91 lcall 0xd991,,
0x0E100,bank0,0xE100,ajmp,0xE746,0x0E746,yes,other,1,23,"0x0E0FF 30 e1 46 jnb acc.1,0xe148",,
0x0E123,bank0,0xE123,ajmp,0xE761,0x0E761,yes,entry,0,24,0x0E122 12 e1 61 lcall 0xe161,,
0x0E124,bank0,0xE124,ajmp,0xE302,0x0E302,yes,entry,0,24,0x0E122 12 e1 61 lcall 0xe161,,
0x0E126,bank0,0xE126,acall,0xE377,0x0E377,yes,other,1,23,0x0E125 02 71 77 ljmp 0x7177,,
0x0E141,bank0,0xE141,ajmp,0xE761,0x0E761,yes,entry,0,24,0x0E140 12 e1 61 lcall 0xe161,,
0x0E142,bank0,0xE142,ajmp,0xE312,0x0E312,yes,other,0,24,0x0E140 12 e1 61 lcall 0xe161,,
0x0E144,bank0,0xE144,acall,0xE377,0x0E377,yes,other,1,23,0x0E143 12 71 77 lcall 0x7177,,
0x0E167,bank0,0xE167,ajmp,0xE093,0x0E093,yes,other,0,24,"0x0E166 74 01 mov a,#0x01",,
0x0E193,bank0,0xE193,acall,0xE0E0,0x0E0E0,yes,other,0,24,"0x0E191 90 20 11 mov dptr,#0x2011",,
0x0E196,bank0,0xE196,ajmp,0xE0F0,0x0E0F0,yes,entry,0,24,"0x0E195 44 01 orl a,#0x01",,
0x0E1AF,bank0,0xE1AF,acall,0xE021,0x0E021,yes,entry,0,24,"0x0E1AE 90 11 21 mov dptr,#0x1121",,
0x0E1B0,bank0,0xE1B0,ajmp,0xE1E0,0x0E1E0,yes,other,0,24,"0x0E1AE 90 11 21 mov dptr,#0x1121",,
0x0E1B6,bank0,0xE1B6,acall,0xE020,0x0E020,yes,other,0,24,"0x0E1B5 90 11 20 mov dptr,#0x1120",,
0x0E1C7,bank0,0xE1C7,acall,0xE0E0,0x0E0E0,yes,other,0,24,"0x0E1C5 90 20 11 mov dptr,#0x2011",,
0x0E1CA,bank0,0xE1CA,ajmp,0xE0F0,0x0E0F0,yes,entry,0,24,"0x0E1C9 44 01 orl a,#0x01",,
0x0E1D6,bank0,0xE1D6,acall,0xE020,0x0E020,yes,other,0,24,"0x0E1D5 90 11 20 mov dptr,#0x1120",,
0x0E1E3,bank0,0xE1E3,ajmp,0xE0F2,0x0E0F2,yes,other,0,24,"0x0E1E2 90 01 f2 mov dptr,#0x01f2",,
0x0E1F2,bank0,0xE1F2,ajmp,0xE0C2,0x0E0C2,yes,entry,0,24,"0x0E1F0 75 8b 01 mov 0x8b,#0x01",,
0x0E1F8,bank0,0xE1F8,acall,0xE020,0x0E020,yes,other,3,21,"0x0E1F7 90 11 20 mov dptr,#0x1120",,
0x0E20C,bank0,0xE20C,ajmp,0xE0C2,0x0E0C2,yes,entry,0,24,"0x0E20A 75 8b 01 mov 0x8b,#0x01",,
0x0E210,bank0,0xE210,ajmp,0xE0F2,0x0E0F2,yes,other,2,22,"0x0E20F 90 01 f2 mov dptr,#0x01f2",,
0x0E219,bank0,0xE219,ajmp,0xE0F2,0x0E0F2,yes,other,1,23,"0x0E218 90 01 f2 mov dptr,#0x01f2",,
0x0E22D,bank0,0xE22D,ajmp,0xE0C2,0x0E0C2,yes,entry,0,24,"0x0E22B 75 8b 01 mov 0x8b,#0x01",,
0x0E243,bank0,0xE243,acall,0xE020,0x0E020,yes,other,0,24,"0x0E242 90 11 20 mov dptr,#0x1120",,
0x0E24F,bank0,0xE24F,acall,0xE021,0x0E021,yes,entry,0,24,"0x0E24E 90 11 21 mov dptr,#0x1121",,
0x0E250,bank0,0xE250,ajmp,0xE1E0,0x0E1E0,yes,other,0,24,"0x0E24E 90 11 21 mov dptr,#0x1121",,
0x0E270,bank0,0xE270,ajmp,0xE080,0x0E080,yes,entry,0,24,"0x0E26E 90 15 01 mov dptr,#0x1501",,
0x0E27C,bank0,0xE27C,acall,0xE074,0x0E074,yes,other,0,24,"0x0E27A 90 15 11 mov dptr,#0x1511",,
0x0E28D,bank0,0xE28D,ajmp,0xE7F1,0x0E7F1,yes,other,0,24,"0x0E28C 30 e1 f1 jnb acc.1,0xe280",,
0x0E28E,bank0,0xE28E,acall,0xE790,0x0E790,yes,entry,0,24,"0x0E28C 30 e1 f1 jnb acc.1,0xe280",,
0x0E2AD,bank0,0xE2AD,ajmp,0xE7D1,0x0E7D1,yes,other,0,24,"0x0E2AC 30 e1 d1 jnb acc.1,0xe280",,
0x0E2AE,bank0,0xE2AE,acall,0xE690,0x0E690,yes,entry,0,24,"0x0E2AC 30 e1 d1 jnb acc.1,0xe280",,
0x0E2CC,bank0,0xE2CC,ajmp,0xE7B2,0x0E7B2,yes,other,3,21,"0x0E2CB 30 e1 b2 jnb acc.1,0xe280",,
0x0E2DE,bank0,0xE2DE,ajmp,0xE590,0x0E590,yes,other,0,24,0x0E2DD 80 a1 sjmp 0xe280,,
0x0E303,bank0,0xE303,acall,0xE021,0x0E021,yes,entry,0,24,"0x0E302 90 11 21 mov dptr,#0x1121",,
0x0E304,bank0,0xE304,ajmp,0xE1E0,0x0E1E0,yes,other,0,24,"0x0E302 90 11 21 mov dptr,#0x1121",,
0x0E30A,bank0,0xE30A,acall,0xE020,0x0E020,yes,other,0,24,"0x0E309 90 11 20 mov dptr,#0x1120",,
0x0E311,bank0,0xE311,acall,0xE0E0,0x0E0E0,yes,other,0,24,"0x0E30F 90 20 11 mov dptr,#0x2011",,
0x0E314,bank0,0xE314,ajmp,0xE0F0,0x0E0F0,yes,entry,0,24,"0x0E313 44 01 orl a,#0x01",,
0x0E326,bank0,0xE326,acall,0xE1E0,0x0E1E0,yes,other,0,24,"0x0E324 90 10 31 mov dptr,#0x1031",,
0x0E34C,bank0,0xE34C,acall,0xE1EE,0x0E1EE,yes,other,0,24,"0x0E34A 90 10 31 mov dptr,#0x1031",,
0x0E3EB,bank0,0xE3EB,ajmp,0xE070,0x0E070,yes,entry,0,24,"0x0E3EA 64 01 xrl a,#0x01",,
0x0E406,bank0,0xE406,acall,0xE741,0x0E741,yes,entry,0,24,0x0E405 12 f1 41 lcall 0xf141,,
0x0E407,bank0,0xE407,ajmp,0xE290,0x0E290,yes,other,0,24,0x0E405 12 f1 41 lcall 0xf141,,
0x0E413,bank0,0xE413,acall,0xE741,0x0E741,yes,entry,0,24,0x0E412 12 f1 41 lcall 0xf141,,
0x0E414,bank0,0xE414,ajmp,0xE290,0x0E290,yes,other,1,23,0x0E412 12 f1 41 lcall 0xf141,,
0x0E42E,bank0,0xE42E,ajmp,0xE009,0x0E009,yes,other,0,24,0x0E42D 70 01 jnz 0xe430,,
0x0E434,bank0,0xE434,acall,0xE70F,0x0E70F,yes,other,0,24,0x0E433 12 f1 0f lcall 0xf10f,,
0x0E4B4,bank0,0xE4B4,acall,0xE70F,0x0E70F,yes,other,0,24,0x0E4B3 12 f1 0f lcall 0xf10f,,
0x0E4D2,bank0,0xE4D2,ajmp,0xE012,0x0E012,yes,other,0,24,"0x0E4D1 7f 01 mov r7,#0x01",,
0x0E4E5,bank0,0xE4E5,ajmp,0xE0F0,0x0E0F0,yes,entry,0,24,"0x0E4E4 74 01 mov a,#0x01",,
0x0E4FC,bank0,0xE4FC,ajmp,0xE022,0x0E022,yes,other,2,22,"0x0E4FB 7f 01 mov r7,#0x01",,
0x0E4FF,bank0,0xE4FF,acall,0xE751,0x0E751,yes,other,0,24,0x0E4FE 12 f1 51 lcall 0xf151,,
0x0E500,bank0,0xE500,acall,0xE214,0x0E214,yes,other,0,24,0x0E4FE 12 f1 51 lcall 0xf151,,
0x0E507,bank0,0xE507,ajmp,0xE012,0x0E012,yes,other,0,24,"0x0E506 74 01 mov a,#0x01",,
0x0E509,bank0,0xE509,acall,0xE707,0x0E707,yes,other,1,23,0x0E508 12 f1 07 lcall 0xf107,,
0x0E511,bank0,0xE511,ajmp,0xE012,0x0E012,yes,other,0,24,"0x0E510 7f 01 mov r7,#0x01",,
0x0E519,bank0,0xE519,ajmp,0xE022,0x0E022,yes,other,0,24,"0x0E518 7f 01 mov r7,#0x01",,
0x0E51F,bank0,0xE51F,acall,0xE751,0x0E751,yes,other,0,24,0x0E51E 12 f1 51 lcall 0xf151,,
0x0E520,bank0,0xE520,acall,0xE274,0x0E274,yes,other,0,24,0x0E51E 12 f1 51 lcall 0xf151,,
0x0E52A,bank0,0xE52A,acall,0xE708,0x0E708,yes,other,0,24,0x0E529 12 f1 08 lcall 0xf108,,
0x0E532,bank0,0xE532,ajmp,0xE012,0x0E012,yes,other,0,24,"0x0E531 7f 01 mov r7,#0x01",,
0x0E53A,bank0,0xE53A,ajmp,0xE022,0x0E022,yes,other,0,24,"0x0E539 7f 01 mov r7,#0x01",,
0x0E552,bank0,0xE552,acall,0xE707,0x0E707,yes,other,0,24,0x0E551 12 f1 07 lcall 0xf107,,
0x0E563,bank0,0xE563,ajmp,0xE022,0x0E022,yes,other,0,24,"0x0E562 7f 01 mov r7,#0x01",,
0x0E569,bank0,0xE569,acall,0xE759,0x0E759,yes,entry,0,24,0x0E568 12 f1 59 lcall 0xf159,,
0x0E579,bank0,0xE579,acall,0xE560,0x0E560,yes,other,0,24,0x0E577 12 e5 b1 lcall 0xe5b1,,
0x0E58B,bank0,0xE58B,ajmp,0xE612,0x0E612,yes,other,0,24,"0x0E58A 7f c1 mov r7,#0xc1",,
0x0E58E,bank0,0xE58E,acall,0xE560,0x0E560,yes,other,0,24,0x0E58C 12 e5 b1 lcall 0xe5b1,,
0x0E598,bank0,0xE598,acall,0xE3F0,0x0E3F0,yes,other,1,23,"0x0E596 90 22 71 mov dptr,#0x2271",,
0x0E59C,bank0,0xE59C,acall,0xE260,0x0E260,yes,other,0,24,"0x0E59B 64 51 xrl a,#0x51",,
0x0E5A4,bank0,0xE5A4,ajmp,0xE022,0x0E022,yes,other,1,23,"0x0E5A3 7f 01 mov r7,#0x01",,
0x0E5AA,bank0,0xE5AA,acall,0xE759,0x0E759,yes,entry,0,24,0x0E5A9 12 f1 59 lcall 0xf159,,
0x0E5B2,bank0,0xE5B2,ajmp,0xE07A,0x0E07A,yes,entry,0,24,"0x0E5B1 7b 01 mov r3,#0x01",,
0x0E5C4,bank0,0xE5C4,acall,0xE751,0x0E751,yes,other,0,24,0x0E5C3 12 f1 51 lcall 0xf151,,
0x0E5C5,bank0,0xE5C5,acall,0xE274,0x0E274,yes,other,0,24,0x0E5C3 12 f1 51 lcall 0xf151,,
0x0E5D1,bank0,0xE5D1,acall,0xE708,0x0E708,yes,other,0,24,0x0E5D0 12 f1 08 lcall 0xf108,,
0x0E5D9,bank0,0xE5D9,ajmp,0xE012,0x0E012,yes,other,0,24,"0x0E5D8 7f 01 mov r7,#0x01",,
0x0E5E1,bank0,0xE5E1,ajmp,0xE022,0x0E022,yes,other,0,24,"0x0E5E0 7f 01 mov r7,#0x01",,
0x0E5EC,bank0,0xE5EC,acall,0xE759,0x0E759,yes,entry,0,24,0x0E5EB 12 f1 59 lcall 0xf159,,
0x0E5F9,bank0,0xE5F9,acall,0xE751,0x0E751,yes,other,0,24,0x0E5F8 12 f1 51 lcall 0xf151,,
0x0E5FA,bank0,0xE5FA,acall,0xE274,0x0E274,yes,other,0,24,0x0E5F8 12 f1 51 lcall 0xf151,,
0x0E602,bank0,0xE602,acall,0xE707,0x0E707,yes,other,0,24,0x0E601 12 f1 07 lcall 0xf107,,
0x0E60A,bank0,0xE60A,ajmp,0xE012,0x0E012,yes,other,0,24,"0x0E609 7f 01 mov r7,#0x01",,
0x0E612,bank0,0xE612,ajmp,0xE022,0x0E022,yes,other,0,24,"0x0E611 7f 01 mov r7,#0x01",,
0x0E61D,bank0,0xE61D,acall,0xE759,0x0E759,yes,entry,0,24,0x0E61C 12 f1 59 lcall 0xf159,,
0x0E642,bank0,0xE642,ajmp,0xE703,0x0E703,yes,entry,0,24,"0x0E641 30 e1 03 jnb acc.1,0xe647",,
0x0E645,bank0,0xE645,ajmp,0xE022,0x0E022,yes,other,0,24,"0x0E644 7f 01 mov r7,#0x01",,
0x0E668,bank0,0xE668,ajmp,0xE703,0x0E703,yes,entry,0,24,"0x0E667 20 e1 03 jb acc.1,0xe66d",,
0x0E66B,bank0,0xE66B,ajmp,0xE022,0x0E022,yes,other,0,24,"0x0E66A 7f 01 mov r7,#0x01",,
0x0E69E,bank0,0xE69E,ajmp,0xE0F0,0x0E0F0,yes,entry,0,24,"0x0E69D 74 01 mov a,#0x01",,
0x0E6AC,bank0,0xE6AC,ajmp,0xE022,0x0E022,yes,other,1,23,"0x0E6AB 7f 01 mov r7,#0x01",,
0x0E6C1,bank0,0xE6C1,acall,0xE2F0,0x0E2F0,yes,other,1,23,"0x0E6BF 90 0a 51 mov dptr,#0x0a51",,
0x0E6CF,bank0,0xE6CF,acall,0xE274,0x0E274,yes,other,1,23,"0x0E6CD 90 0a 51 mov dptr,#0x0a51",,
0x0E6D4,bank0,0xE6D4,acall,0xE77E,0x0E77E,yes,entry,0,24,0x0E6D3 12 f1 7e lcall 0xf17e,,
0x0E6F1,bank0,0xE6F1,acall,0xE789,0x0E789,yes,other,0,24,0x0E6F0 12 f1 89 lcall 0xf189,,
0x0E6FA,bank0,0xE6FA,acall,0xE2E0,0x0E2E0,yes,other,2,22,"0x0E6F8 90 0a 51 mov dptr,#0x0a51",,
0x0E718,bank0,0xE718,ajmp,0xE012,0x0E012,yes,other,0,24,"0x0E717 7f 01 mov r7,#0x01",,
0x0E724,bank0,0xE724,acall,0xE2E0,0x0E2E0,yes,other,3,21,"0x0E722 90 0a 51 mov dptr,#0x0a51",,
0x0E73B,bank0,0xE73B,acall,0xE2E0,0x0E2E0,yes,other,2,22,"0x0E739 90 0a 51 mov dptr,#0x0a51",,
0x0E74E,bank0,0xE74E,acall,0xE77E,0x0E77E,yes,entry,0,24,0x0E74D 12 f1 7e lcall 0xf17e,,
0x0E762,bank0,0xE762,acall,0xE789,0x0E789,yes,other,0,24,0x0E761 12 f1 89 lcall 0xf189,,
0x0E76B,bank0,0xE76B,acall,0xE2E0,0x0E2E0,yes,other,2,22,"0x0E769 90 0a 51 mov dptr,#0x0a51",,
0x0E789,bank0,0xE789,ajmp,0xE012,0x0E012,yes,other,0,24,"0x0E788 7f 01 mov r7,#0x01",,
0x0E792,bank0,0xE792,acall,0xE2E0,0x0E2E0,yes,other,1,23,"0x0E790 90 0a 51 mov dptr,#0x0a51",,
0x0E7A9,bank0,0xE7A9,acall,0xE2F0,0x0E2F0,yes,other,1,23,"0x0E7A7 90 0a 51 mov dptr,#0x0a51",,
0x0E7AD,bank0,0xE7AD,acall,0xE2E0,0x0E2E0,yes,other,1,23,"0x0E7AB 90 0a 51 mov dptr,#0x0a51",,
0x0E7C5,bank0,0xE7C5,ajmp,0xE022,0x0E022,yes,other,0,24,"0x0E7C4 7f 01 mov r7,#0x01",,
0x0E7EC,bank0,0xE7EC,acall,0xE274,0x0E274,yes,other,1,23,"0x0E7EA 90 0a 51 mov dptr,#0x0a51",,
0x0E7F8,bank0,0xE7F8,acall,0xE2E0,0x0E2E0,yes,other,1,23,"0x0E7F6 90 0a 51 mov dptr,#0x0a51",,
0x0E815,bank0,0xE815,acall,0xEF07,0x0EF07,yes,other,0,24,0x0E814 12 f1 07 lcall 0xf107,,
0x0E82E,bank0,0xE82E,ajmp,0xE812,0x0E812,yes,other,0,24,"0x0E82D 7f 01 mov r7,#0x01",,
0x0E83A,bank0,0xE83A,acall,0xE890,0x0E890,yes,entry,0,24,0x0E839 60 11 jz 0xe84c,,
0x0E83D,bank0,0xE83D,acall,0xEAE0,0x0EAE0,yes,entry,2,22,"0x0E83B 90 0a 51 mov dptr,#0x0a51",,
0x0E84B,bank0,0xE84B,acall,0xE9E4,0x0E9E4,yes,other,0,24,0x0E84A 60 31 jz 0xe87d,,
0x0E852,bank0,0xE852,acall,0xEAE0,0x0EAE0,yes,entry,1,23,"0x0E850 90 0a 51 mov dptr,#0x0a51",,
0x0E87C,bank0,0xE87C,acall,0xEE90,0x0EE90,yes,entry,0,24,"0x0E87A b4 10 d1 cjne a,#0x10,0xe84e",,
0x0E87F,bank0,0xE87F,acall,0xEAE0,0x0EAE0,yes,entry,3,21,"0x0E87D 90 0a 51 mov dptr,#0x0a51",,
0x0E88E,bank0,0xE88E,ajmp,0xE822,0x0E822,yes,other,1,23,"0x0E88D 7f 01 mov r7,#0x01",,
0x0E89A,bank0,0xE89A,acall,0xEB3C,0x0EB3C,yes,other,2,22,0x0E899 12 71 3c lcall 0x713c,,
0x0E8B8,bank0,0xE8B8,acall,0xEB1C,0x0EB1C,yes,other,2,22,0x0E8B7 12 71 1c lcall 0x711c,,
0x0E8BF,bank0,0xE8BF,ajmp,0xE822,0x0E822,yes,other,0,24,"0x0E8BE 7f 01 mov r7,#0x01",,
0x0E8D2,bank0,0xE8D2,acall,0xEF08,0x0EF08,yes,entry,0,24,0x0E8D1 12 f1 08 lcall 0xf108,,
0x0E8DA,bank0,0xE8DA,ajmp,0xE812,0x0E812,yes,other,0,24,"0x0E8D9 7f 01 mov r7,#0x01",,
0x0E8E2,bank0,0xE8E2,ajmp,0xE822,0x0E822,yes,other,0,24,"0x0E8E1 7f 01 mov r7,#0x01",,
0x0E8E8,bank0,0xE8E8,acall,0xEF16,0x0EF16,yes,other,0,24,0x0E8E7 12 f1 16 lcall 0xf116,,
0x0E91B,bank0,0xE91B,ajmp,0xE8E5,0x0E8E5,yes,other,0,24,"0x0E91A e5 01 mov a,0x01",,
0x0E91D,bank0,0xE91D,ajmp,0xE8E5,0x0E8E5,yes,other,1,23,"0x0E91C e5 01 mov a,0x01",,
0x0E91F,bank0,0xE91F,ajmp,0xE8EA,0x0E8EA,yes,entry,2,22,"0x0E91E e5 01 mov a,0x01",,
0x0E92A,bank0,0xE92A,ajmp,0xE8E5,0x0E8E5,yes,other,0,24,"0x0E929 e5 01 mov a,0x01",,
0x0E92C,bank0,0xE92C,ajmp,0xE8E5,0x0E8E5,yes,other,1,23,"0x0E92B e5 01 mov a,0x01",,
0x0E92E,bank0,0xE92E,ajmp,0xE8EB,0x0E8EB,yes,other,2,22,"0x0E92D e5 01 mov a,0x01",,
0x0E939,bank0,0xE939,ajmp,0xE8E5,0x0E8E5,yes,other,0,24,"0x0E938 e5 01 mov a,0x01",,
0x0E93B,bank0,0xE93B,ajmp,0xE8E5,0x0E8E5,yes,other,1,23,"0x0E93A e5 01 mov a,0x01",,
0x0E93D,bank0,0xE93D,ajmp,0xE8E8,0x0E8E8,yes,other,2,22,"0x0E93C e5 01 mov a,0x01",,
0x0E947,bank0,0xE947,ajmp,0xE8E5,0x0E8E5,yes,other,0,24,"0x0E946 e5 01 mov a,0x01",,
0x0E949,bank0,0xE949,ajmp,0xE8E5,0x0E8E5,yes,other,1,23,"0x0E948 e5 01 mov a,0x01",,
0x0E94B,bank0,0xE94B,ajmp,0xE830,0x0E830,yes,other,2,22,"0x0E94A e5 01 mov a,0x01",,
0x0E95A,bank0,0xE95A,acall,0xEF18,0x0EF18,yes,other,0,24,0x0E959 12 f1 18 lcall 0xf118,,
0x0E968,bank0,0xE968,acall,0xEF16,0x0EF16,yes,other,1,23,0x0E967 12 f1 16 lcall 0xf116,,
0x0E96C,bank0,0xE96C,ajmp,0xEA74,0x0EA74,yes,other,1,23,"0x0E96A 90 1c 41 mov dptr,#0x1c41",,
0x0E984,bank0,0xE984,ajmp,0xE81C,0x0E81C,yes,entry,0,24,0x0E983 70 01 jnz 0xe986,,
0x0E98E,bank0,0xE98E,acall,0xEF61,0x0EF61,yes,other,0,24,0x0E98D 12 f1 61 lcall 0xf161,,
0x0E98F,bank0,0xE98F,ajmp,0xEB12,0x0EB12,yes,entry,0,24,0x0E98D 12 f1 61 lcall 0xf161,,
0x0E991,bank0,0xE991,acall,0xEF6D,0x0EF6D,yes,entry,1,23,0x0E990 12 f1 6d lcall 0xf16d,,
0x0E996,bank0,0xE996,acall,0xEF0F,0x0EF0F,yes,other,1,23,0x0E995 12 f1 0f lcall 0xf10f,,
0x0E9A2,bank0,0xE9A2,acall,0xEF65,0x0EF65,yes,entry,0,24,0x0E9A1 12 f1 65 lcall 0xf165,,
0x0E9A5,bank0,0xE9A5,acall,0xEF6D,0x0EF6D,yes,entry,1,23,0x0E9A4 12 f1 6d lcall 0xf16d,,
0x0E9AA,bank0,0xE9AA,acall,0xEF0F,0x0EF0F,yes,other,1,23,0x0E9A9 12 f1 0f lcall 0xf10f,,
0x0E9B3,bank0,0xE9B3,acall,0xEF61,0x0EF61,yes,other,0,24,0x0E9B2 12 f1 61 lcall 0xf161,,
0x0E9B4,bank0,0xE9B4,ajmp,0xEB12,0x0EB12,yes,entry,2,22,0x0E9B2 12 f1 61 lcall 0xf161,,
0x0E9B6,bank0,0xE9B6,acall,0xEF6D,0x0EF6D,yes,entry,3,21,0x0E9B5 12 f1 6d lcall 0xf16d,,
0x0E9BB,bank0,0xE9BB,acall,0xEF0F,0x0EF0F,yes,other,1,23,0x0E9BA 12 f1 0f lcall 0xf10f,,
0x0E9D2,bank0,0xE9D2,acall,0xEF18,0x0EF18,yes,other,0,24,0x0E9D1 12 f1 18 lcall 0xf118,,
0x0E9ED,bank0,0xE9ED,acall,0xEF16,0x0EF16,yes,other,0,24,0x0E9EC 12 f1 16 lcall 0xf116,,
0x0EA04,bank0,0xEA04,ajmp,0xEFF0,0x0EFF0,yes,other,2,22,0x0EA03 b2 e1 cpl acc.1,,
0x0EA3A,bank0,0xEA3A,ajmp,0xE812,0x0E812,yes,other,1,23,"0x0EA39 7f 01 mov r7,#0x01",,
0x0EA42,bank0,0xEA42,ajmp,0xE822,0x0E822,yes,other,0,24,"0x0EA41 7f 01 mov r7,#0x01",,
0x0EA50,bank0,0xEA50,acall,0xED12,0x0ED12,yes,entry,1,23,0x0EA4E 12 f0 b1 lcall 0xf0b1,,
0x0EA58,bank0,0xEA58,ajmp,0xE822,0x0E822,yes,other,0,24,"0x0EA57 7f 01 mov r7,#0x01",,
0x0EA5E,bank0,0xEA5E,acall,0xEF21,0x0EF21,yes,other,0,24,0x0EA5D 12 f1 21 lcall 0xf121,,
0x0EA5F,bank0,0xEA5F,ajmp,0xE974,0x0E974,yes,other,0,24,0x0EA5D 12 f1 21 lcall 0xf121,,
0x0EA61,bank0,0xEA61,ajmp,0xE812,0x0E812,yes,other,1,23,"0x0EA60 74 01 mov a,#0x01",,
0x0EA63,bank0,0xEA63,acall,0xEF77,0x0EF77,yes,other,2,22,0x0EA62 12 f1 77 lcall 0xf177,,
0x0EA68,bank0,0xEA68,ajmp,0xEC12,0x0EC12,yes,entry,1,23,0x0EA66 12 f0 81 lcall 0xf081,,
0x0EA6A,bank0,0xEA6A,acall,0xEF28,0x0EF28,yes,entry,2,22,0x0EA69 12 f1 28 lcall 0xf128,,
0x0EA73,bank0,0xEA73,ajmp,0xE822,0x0E822,yes,other,0,24,"0x0EA72 7f 01 mov r7,#0x01",,
0x0EA87,bank0,0xEA87,ajmp,0xE812,0x0E812,yes,other,2,22,"0x0EA86 7f 01 mov r7,#0x01",,
0x0EA8F,bank0,0xEA8F,ajmp,0xE822,0x0E822,yes,other,0,24,"0x0EA8E 7f 01 mov r7,#0x01",,
0x0EA95,bank0,0xEA95,acall,0xEF89,0x0EF89,yes,other,0,24,0x0EA94 12 f1 89 lcall 0xf189,,
0x0EAA0,bank0,0xEAA0,ajmp,0xE812,0x0E812,yes,other,0,24,"0x0EA9F 7f 01 mov r7,#0x01",,
0x0EAA8,bank0,0xEAA8,ajmp,0xE822,0x0E822,yes,other,0,24,"0x0EAA7 7f 01 mov r7,#0x01",,
0x0EAB9,bank0,0xEAB9,ajmp,0xE812,0x0E812,yes,other,0,24,"0x0EAB8 7f 01 mov r7,#0x01",,
0x0EAC1,bank0,0xEAC1,ajmp,0xE822,0x0E822,yes,other,0,24,"0x0EAC0 7f 01 mov r7,#0x01",,
0x0EAC7,bank0,0xEAC7,ajmp,0xE812,0x0E812,yes,other,0,24,"0x0EAC6 7f 01 mov r7,#0x01",,
0x0EAEA,bank0,0xEAEA,ajmp,0xE8F0,0x0E8F0,yes,other,0,24,"0x0EAE9 74 01 mov a,#0x01",,
0x0EB46,bank0,0xEB46,ajmp,0xE812,0x0E812,yes,other,0,24,"0x0EB45 7f 01 mov r7,#0x01",,
0x0EB64,bank0,0xEB64,ajmp,0xEEE0,0x0EEE0,yes,other,1,23,"0x0EB62 90 00 c1 mov dptr,#0x00c1",,
0x0EB70,bank0,0xEB70,ajmp,0xEEF0,0x0EEF0,yes,entry,1,23,"0x0EB6E 90 0f c1 mov dptr,#0x0fc1",,
0x0EB74,bank0,0xEB74,ajmp,0xEEE0,0x0EEE0,yes,other,1,23,"0x0EB72 90 00 c1 mov dptr,#0x00c1",,
0x0EB8D,bank0,0xEB8D,ajmp,0xEEE0,0x0EEE0,yes,other,1,23,"0x0EB8B 90 00 c1 mov dptr,#0x00c1",,
0x0EB94,bank0,0xEB94,acall,0xEE7F,0x0EE7F,yes,other,1,23,0x0EB92 12 ea d1 lcall 0xead1,,
0x0EBC7,bank0,0xEBC7,ajmp,0xE8E0,0x0E8E0,yes,other,15,9,"0x0EBC5 90 16 01 mov dptr,#0x1601",,
0x0EBDD,bank0,0xEBDD,acall,0xEB51,0x0EB51,yes,other,0,24,0x0EBDC 12 71 51 lcall 0x7151,,
0x0EBDE,bank0,0xEBDE,acall,0xEAEB,0x0EAEB,yes,other,0,24,0x0EBDC 12 71 51 lcall 0x7151,,
0x0EBE4,bank0,0xEBE4,ajmp,0xE8EC,0x0E8EC,yes,other,24,0,,,
0x0EBFC,bank0,0xEBFC,acall,0xEF2F,0x0EF2F,yes,other,0,24,0x0EBFB 12 f1 2f lcall 0xf12f,,
0x0EC11,bank0,0xEC11,ajmp,0xE990,0x0E990,yes,entry,0,24,0x0EC10 80 21 sjmp 0xec33,,
0x0EC16,bank0,0xEC16,ajmp,0xE8F0,0x0E8F0,yes,other,0,24,"0x0EC15 74 01 mov a,#0x01",,
0x0EC25,bank0,0xEC25,acall,0xEF2F,0x0EF2F,yes,other,0,24,0x0EC24 12 f1 2f lcall 0xf12f,,
0x0EC43,bank0,0xEC43,acall,0xEF2F,0x0EF2F,yes,other,0,24,0x0EC42 12 f1 2f lcall 0xf12f,,
0x0EC46,bank0,0xEC46,ajmp,0xE812,0x0E812,yes,other,0,24,"0x0EC45 7d 01 mov r5,#0x01",,
0x0EC49,bank0,0xEC49,acall,0xEDEF,0x0EDEF,yes,entry,2,22,0x0EC47 12 e6 b1 lcall 0xe6b1,,
0x0EC63,bank0,0xEC63,acall,0xEF2F,0x0EF2F,yes,other,0,24,0x0EC62 12 f1 2f lcall 0xf12f,,
0x0EC66,bank0,0xEC66,ajmp,0xE812,0x0E812,yes,other,0,24,"0x0EC65 7d 01 mov r5,#0x01",,
0x0EC70,bank0,0xEC70,ajmp,0xE821,0x0E821,yes,other,0,24,"0x0EC6F bf 01 21 cjne r7,#0x01,0xec93",,
0x0EC71,bank0,0xEC71,ajmp,0xE990,0x0E990,yes,entry,0,24,"0x0EC6F bf 01 21 cjne r7,#0x01,0xec93",,
0x0EC76,bank0,0xEC76,acall,0xEF0F,0x0EF0F,yes,other,0,24,0x0EC75 12 f1 0f lcall 0xf10f,,
0x0EC7D,bank0,0xEC7D,ajmp,0xE80C,0x0E80C,yes,entry,0,24,"0x0EC7C b4 01 0c cjne a,#0x01,0xec8b",,
0x0ECC9,bank0,0xECC9,acall,0xEDEF,0x0EDEF,yes,entry,1,23,0x0ECC7 12 e6 b1 lcall 0xe6b1,,
0x0ECE8,bank0,0xECE8,ajmp,0xE808,0x0E808,yes,other,0,24,"0x0ECE7 bf 01 08 cjne r7,#0x01,0xecf2",,
0x0ED2F,bank0,0xED2F,acall,0xEE7E,0x0EE7E,yes,entry,0,24,"0x0ED2E 7f d1 mov r7,#0xd1",,
0x0ED54,bank0,0xED54,ajmp,0xEA74,0x0EA74,yes,other,3,21,"0x0ED52 90 1c 41 mov dptr,#0x1c41",,
0x0ED69,bank0,0xED69,ajmp,0xE8E0,0x0E8E0,yes,other,1,23,"0x0ED67 90 16 01 mov dptr,#0x1601",,
0x0ED70,bank0,0xED70,acall,0xEE7F,0x0EE7F,yes,other,1,23,0x0ED6E 12 ea d1 lcall 0xead1,,
0x0ED95,bank0,0xED95,ajmp,0xE812,0x0E812,yes,other,0,24,"0x0ED94 7f 01 mov r7,#0x01",,
0x0EDB5,bank0,0xEDB5,ajmp,0xEAEF,0x0EAEF,yes,other,1,23,"0x0EDB3 90 0a 41 mov dptr,#0x0a41",,
0x0EDBD,bank0,0xEDBD,acall,0xEF21,0x0EF21,yes,other,0,24,0x0EDBC 12 f1 21 lcall 0xf121,,
0x0EDBE,bank0,0xEDBE,ajmp,0xE974,0x0E974,yes,other,0,24,0x0EDBC 12 f1 21 lcall 0xf121,,
0x0EDC2,bank0,0xEDC2,acall,0xEF77,0x0EF77,yes,other,0,24,0x0EDC1 12 f1 77 lcall 0xf177,,
0x0EDCA,bank0,0xEDCA,acall,0xEF28,0x0EF28,yes,entry,2,22,0x0EDC9 12 f1 28 lcall 0xf128,,
0x0EDD3,bank0,0xEDD3,ajmp,0xE822,0x0E822,yes,other,0,24,"0x0EDD2 7f 01 mov r7,#0x01",,
0x0EDD9,bank0,0xEDD9,acall,0xEF21,0x0EF21,yes,other,0,24,0x0EDD8 12 f1 21 lcall 0xf121,,
0x0EDDA,bank0,0xEDDA,ajmp,0xE9A3,0x0E9A3,yes,other,0,24,0x0EDD8 12 f1 21 lcall 0xf121,,
0x0EDED,bank0,0xEDED,acall,0xEF28,0x0EF28,yes,entry,0,24,0x0EDEC 12 f1 28 lcall 0xf128,,
0x0EE0A,bank0,0xEE0A,ajmp,0xE822,0x0E822,yes,other,0,24,"0x0EE09 7f 01 mov r7,#0x01",,
0x0EE10,bank0,0xEE10,acall,0xEF21,0x0EF21,yes,other,0,24,0x0EE0F 12 f1 21 lcall 0xf121,,
0x0EE11,bank0,0xEE11,ajmp,0xE974,0x0E974,yes,other,0,24,0x0EE0F 12 f1 21 lcall 0xf121,,
0x0EE18,bank0,0xEE18,acall,0xEF28,0x0EF28,yes,entry,4,20,0x0EE17 12 f1 28 lcall 0xf128,,
0x0EE30,bank0,0xEE30,ajmp,0xECE0,0x0ECE0,yes,other,1,23,"0x0EE2E 90 0f 81 mov dptr,#0x0f81",,
0x0EE38,bank0,0xEE38,acall,0xEF38,0x0EF38,yes,other,0,24,0x0EE37 12 f1 38 lcall 0xf138,,
0x0EE4A,bank0,0xEE4A,ajmp,0xE822,0x0E822,yes,other,0,24,"0x0EE49 7f 01 mov r7,#0x01",,
0x0EE50,bank0,0xEE50,acall,0xEF21,0x0EF21,yes,other,0,24,0x0EE4F 12 f1 21 lcall 0xf121,,
0x0EE51,bank0,0xEE51,ajmp,0xE9A3,0x0E9A3,yes,other,0,24,0x0EE4F 12 f1 21 lcall 0xf121,,
0x0EE5D,bank0,0xEE5D,ajmp,0xEC12,0x0EC12,yes,entry,1,23,0x0EE5B 12 f0 81 lcall 0xf081,,
0x0EE5F,bank0,0xEE5F,acall,0xEF28,0x0EF28,yes,entry,2,22,0x0EE5E 12 f1 28 lcall 0xf128,,
0x0EE77,bank0,0xEE77,ajmp,0xECE0,0x0ECE0,yes,other,1,23,"0x0EE75 90 0f 81 mov dptr,#0x0f81",,
0x0EE7F,bank0,0xEE7F,acall,0xEF38,0x0EF38,yes,other,0,24,0x0EE7E 12 f1 38 lcall 0xf138,,
0x0EE91,bank0,0xEE91,ajmp,0xE822,0x0E822,yes,other,0,24,"0x0EE90 7f 01 mov r7,#0x01",,
0x0EE97,bank0,0xEE97,acall,0xEF21,0x0EF21,yes,other,0,24,0x0EE96 12 f1 21 lcall 0xf121,,
0x0EE98,bank0,0xEE98,ajmp,0xE974,0x0E974,yes,other,0,24,0x0EE96 12 f1 21 lcall 0xf121,,
0x0EE9F,bank0,0xEE9F,acall,0xEF28,0x0EF28,yes,entry,2,22,0x0EE9E 12 f1 28 lcall 0xf128,,
0x0EEB7,bank0,0xEEB7,ajmp,0xECE0,0x0ECE0,yes,other,1,23,"0x0EEB5 90 0f 81 mov dptr,#0x0f81",,
0x0EEBF,bank0,0xEEBF,acall,0xEF38,0x0EF38,yes,other,0,24,0x0EEBE 12 f1 38 lcall 0xf138,,
0x0EED1,bank0,0xEED1,ajmp,0xE822,0x0E822,yes,other,0,24,"0x0EED0 7f 01 mov r7,#0x01",,
0x0EED7,bank0,0xEED7,acall,0xEF21,0x0EF21,yes,other,0,24,0x0EED6 12 f1 21 lcall 0xf121,,
0x0EED8,bank0,0xEED8,ajmp,0xE9A3,0x0E9A3,yes,other,0,24,0x0EED6 12 f1 21 lcall 0xf121,,
0x0EEE0,bank0,0xEEE0,acall,0xEF28,0x0EF28,yes,entry,3,21,0x0EEDF 12 f1 28 lcall 0xf128,,
0x0EEF8,bank0,0xEEF8,ajmp,0xECE0,0x0ECE0,yes,other,1,23,"0x0EEF6 90 0f 81 mov dptr,#0x0f81",,
0x0EF00,bank0,0xEF00,acall,0xEF38,0x0EF38,yes,other,0,24,0x0EEFF 12 f1 38 lcall 0xf138,,
0x0EF12,bank0,0xEF12,ajmp,0xE822,0x0E822,yes,other,0,24,"0x0EF11 7f 01 mov r7,#0x01",,
0x0EF1B,bank0,0xEF1B,ajmp,0xED12,0x0ED12,yes,entry,1,23,0x0EF19 12 f0 a1 lcall 0xf0a1,,
0x0EF23,bank0,0xEF23,ajmp,0xE822,0x0E822,yes,other,0,24,"0x0EF22 7f 01 mov r7,#0x01",,
0x0EF2B,bank0,0xEF2B,ajmp,0xE87E,0x0E87E,yes,other,0,24,"0x0EF2A 74 01 mov a,#0x01",,
0x0EF4E,bank0,0xEF4E,ajmp,0xE914,0x0E914,yes,other,0,24,0x0EF4D 60 21 jz 0xef70,,
0x0EFEB,bank0,0xEFEB,acall,0xEDF0,0x0EDF0,yes,other,1,23,"0x0EFE9 90 0f b1 mov dptr,#0x0fb1",,
0x0EFEF,bank0,0xEFEF,ajmp,0xECE0,0x0ECE0,yes,other,1,23,"0x0EFED 90 0f 81 mov dptr,#0x0f81",,
0x0F051,bank0,0xF051,ajmp,0xF040,0x0F040,yes,entry,0,24,"0x0F050 94 01 subb a,#0x01",,
0x0F05F,bank0,0xF05F,ajmp,0xF040,0x0F040,yes,entry,3,21,"0x0F05E 94 01 subb a,#0x01",,
0x0F067,bank0,0xF067,ajmp,0xF0F0,0x0F0F0,yes,other,0,24,"0x0F066 44 01 orl a,#0x01",,
0x0F0BE,bank0,0xF0BE,ajmp,0xF07D,0x0F07D,yes,other,0,24,"0x0F0BD 7b 01 mov r3,#0x01",,
0x0F0C2,bank0,0xF0C2,ajmp,0xF022,0x0F022,yes,other,2,22,"0x0F0C1 7f 01 mov r7,#0x01",,
0x0F0DB,bank0,0xF0DB,ajmp,0xF0A3,0x0F0A3,yes,other,0,24,"0x0F0DA 74 01 mov a,#0x01",,
0x0F0EB,bank0,0xF0EB,ajmp,0xF022,0x0F022,yes,other,0,24,"0x0F0EA 7f 01 mov r7,#0x01",,
0x0F112,bank0,0xF112,ajmp,0xF002,0x0F002,yes,other,1,23,"0x0F110 75 f0 01 mov 0xf0,#0x01",,
0x0F11A,bank0,0xF11A,ajmp,0xF1F0,0x0F1F0,yes,entry,2,22,"0x0F118 90 16 21 mov dptr,#0x1621",,
0x0F12D,bank0,0xF12D,ajmp,0xF022,0x0F022,yes,other,1,23,"0x0F12C 7f 01 mov r7,#0x01",,
0x0F13A,bank0,0xF13A,ajmp,0xF4E0,0x0F4E0,yes,erased,1,23,"0x0F138 90 0f 81 mov dptr,#0x0f81",,
0x0F186,bank0,0xF186,acall,0xF2E0,0x0F2E0,yes,other,1,23,"0x0F184 90 0a 51 mov dptr,#0x0a51",,
0x0F202,bank0,0xF202,ajmp,0xF07D,0x0F07D,yes,other,0,24,"0x0F201 7b 01 mov r3,#0x01",,
0x0F206,bank0,0xF206,ajmp,0xF012,0x0F012,yes,other,2,22,"0x0F205 7f 01 mov r7,#0x01",,
0x0F231,bank0,0xF231,ajmp,0xF0F0,0x0F0F0,yes,other,0,24,"0x0F230 44 01 orl a,#0x01",,
0x0F23E,bank0,0xF23E,ajmp,0xF060,0x0F060,yes,other,0,24,"0x0F23D 64 01 xrl a,#0x01",,
0x0F24E,bank0,0xF24E,acall,0xF7E9,0x0F7E9,yes,erased,0,24,0x0F24D 02 f1 e9 ljmp 0xf1e9,,
0x0F252,bank0,0xF252,ajmp,0xF0E0,0x0F0E0,yes,other,1,23,"0x0F250 90 0e 01 mov dptr,#0x0e01",,
0x0F255,bank0,0xF255,acall,0xF351,0x0F351,yes,entry,0,24,0x0F254 12 71 51 lcall 0x7151,,
0x0F256,bank0,0xF256,acall,0xF2F2,0x0F2F2,yes,other,0,24,0x0F254 12 71 51 lcall 0x7151,,
0x0F25C,bank0,0xF25C,ajmp,0xF0F3,0x0F0F3,yes,entry,24,0,,,
0x0F264,bank0,0xF264,ajmp,0xF706,0x0F706,yes,erased,24,0,,,
0x0F27B,bank0,0xF27B,ajmp,0xF074,0x0F074,yes,other,1,23,"0x0F279 90 0e 01 mov dptr,#0x0e01",,
0x0F27D,bank0,0xF27D,ajmp,0xF0F0,0x0F0F0,yes,other,2,22,"0x0F27C 74 01 mov a,#0x01",,
0x0F2A6,bank0,0xF2A6,ajmp,0xF725,0x0F725,yes,erased,0,24,"0x0F2A5 30 e1 25 jnb acc.1,0xf2cd",,
0x0F2AF,bank0,0xF2AF,ajmp,0xF074,0x0F074,yes,other,1,23,"0x0F2AD 90 0e 01 mov dptr,#0x0e01",,
0x0F2BD,bank0,0xF2BD,ajmp,0xF612,0x0F612,yes,erased,1,23,0x0F2BB 12 f4 c1 lcall 0xf4c1,,
0x0F2C9,bank0,0xF2C9,ajmp,0xF002,0x0F002,yes,other,1,23,"0x0F2C8 7f 01 mov r7,#0x01",,
0x0F2D2,bank0,0xF2D2,ajmp,0xF703,0x0F703,yes,erased,0,24,"0x0F2D1 20 e1 03 jb acc.1,0xf2d7",,
0x0F2EA,bank0,0xF2EA,ajmp,0xF703,0x0F703,yes,erased,0,24,"0x0F2E9 20 e1 03 jb acc.1,0xf2ef",,
0x0F30D,bank0,0xF30D,ajmp,0xF32F,0x0F32F,yes,entry,0,24,"0x0F30C 74 61 mov a,#0x61",,
0x0F326,bank0,0xF326,acall,0xF012,0x0F012,yes,other,2,22,"0x0F325 7b 11 mov r3,#0x11",,
0x0F33B,bank0,0xF33B,ajmp,0xF3F0,0x0F3F0,yes,other,1,23,"0x0F339 90 0f 61 mov dptr,#0x0f61",,
0x0F389,bank0,0xF389,ajmp,0xF074,0x0F074,yes,other,1,23,"0x0F387 90 0e 01 mov dptr,#0x0e01",,
0x0F399,bank0,0xF399,ajmp,0xF707,0x0F707,yes,erased,0,24,"0x0F398 30 e1 07 jnb acc.1,0xf3a2",,
0x0F39D,bank0,0xF39D,ajmp,0xF074,0x0F074,yes,other,1,23,"0x0F39B 90 0e 01 mov dptr,#0x0e01",,
0x0F3A8,bank0,0xF3A8,ajmp,0xF012,0x0F012,yes,other,1,23,"0x0F3A6 75 f0 01 mov 0xf0,#0x01",,
0x0F3C8,bank0,0xF3C8,acall,0xF170,0x0F170,yes,other,1,23,0x0F3C6 12 f4 31 lcall 0xf431,,
0x0F3E3,bank0,0xF3E3,ajmp,0xF17F,0x0F17F,yes,other,3,21,0x0F3E1 12 f2 21 lcall 0xf221,,
0x0F3E8,bank0,0xF3E8,ajmp,0xF212,0x0F212,yes,entry,0,24,0x0F3E6 12 90 41 lcall 0x9041,,
0x0F3EB,bank0,0xF3EB,ajmp,0xF612,0x0F612,yes,erased,8,16,0x0F3E9 12 f4 c1 lcall 0xf4c1,,
0x0F3F7,bank0,0xF3F7,ajmp,0xF012,0x0F012,yes,other,1,23,"0x0F3F6 7f 01 mov r7,#0x01",,
0x0F407,bank0,0xF407,acall,0xF170,0x0F170,yes,other,1,23,0x0F405 12 f4 31 lcall 0xf431,,
0x0F40F,bank0,0xF40F,ajmp,0xF074,0x0F074,yes,other,1,23,"0x0F40D 90 0e 01 mov dptr,#0x0e01",,
0x0F426,bank0,0xF426,ajmp,0xF074,0x0F074,yes,other,1,23,"0x0F424 90 0e 01 mov dptr,#0x0e01",,
0x0F42E,bank0,0xF42E,ajmp,0xF0F0,0x0F0F0,yes,other,1,23,"0x0F42C 90 0e 01 mov dptr,#0x0e01",,
0x0F440,bank0,0xF440,ajmp,0xF07D,0x0F07D,yes,other,0,24,"0x0F43F 7b 01 mov r3,#0x01",,
0x0F444,bank0,0xF444,ajmp,0xF012,0x0F012,yes,other,2,22,"0x0F443 7f 01 mov r7,#0x01",,
0x0F451,bank0,0xF451,ajmp,0xF0F0,0x0F0F0,yes,other,0,24,"0x0F450 74 01 mov a,#0x01",,
0x0F45E,bank0,0xF45E,ajmp,0xF07D,0x0F07D,yes,other,0,24,"0x0F45D 7b 01 mov r3,#0x01",,
0x0F462,bank0,0xF462,ajmp,0xF012,0x0F012,yes,other,2,22,"0x0F461 7f 01 mov r7,#0x01",,
0x0F476,bank0,0xF476,ajmp,0xF07D,0x0F07D,yes,other,0,24,"0x0F475 7b 01 mov r3,#0x01",,
0x0F47A,bank0,0xF47A,ajmp,0xF012,0x0F012,yes,other,2,22,"0x0F479 7f 01 mov r7,#0x01",,
0x0F488,bank0,0xF488,ajmp,0xF012,0x0F012,yes,other,1,23,"0x0F487 7f 01 mov r7,#0x01",,
0x0FE0B,bank0,0xFE0B,ajmp,0xF874,0x0F874,yes,erased,0,24,"0x0FE09 90 15 01 mov dptr,#0x1501",,
0x0FE14,bank0,0xFE14,ajmp,0xFF0A,0x0FF0A,yes,erased,0,24,"0x0FE13 30 e1 0a jnb acc.1,0xfe20",,
0x0FE25,bank0,0xFE25,ajmp,0xFFE8,0x0FFE8,yes,erased,0,24,"0x0FE24 30 e1 e8 jnb acc.1,0xfe0f",,
0x0FE2D,bank0,0xFE2D,ajmp,0xFF90,0x0FF90,yes,erased,1,23,"0x0FE2B 30 e3 e1 jnb acc.3,0xfe0f",,
0x0FE3B,bank0,0xFE3B,ajmp,0xF80F,0x0F80F,yes,erased,0,24,"0x0FE3A b4 01 0f cjne a,#0x01,0xfe4c",,
0x0FE51,bank0,0xFE51,ajmp,0xF81E,0x0F81E,yes,erased,0,24,"0x0FE50 b4 01 1e cjne a,#0x01,0xfe71",,
0x0FE8B,bank0,0xFE8B,ajmp,0xF8F0,0x0F8F0,yes,erased,0,24,"0x0FE8A 74 01 mov a,#0x01",,
0x0FE9C,bank0,0xFE9C,ajmp,0xF8F0,0x0F8F0,yes,erased,0,24,"0x0FE9A 90 15 01 mov dptr,#0x1501",,
0x0FED6,bank0,0xFED6,ajmp,0xF874,0x0F874,yes,erased,1,23,"0x0FED4 90 1f 01 mov dptr,#0x1f01",,
0x0FEDE,bank0,0xFEDE,ajmp,0xF8F0,0x0F8F0,yes,erased,0,24,"0x0FEDD 74 01 mov a,#0x01",,
0x10013,bank1,0x8013,acall,0x86E0,0x106E0,yes,other,1,23,"0x10011 90 06 d1 mov dptr,#0x06d1",,
0x10114,bank1,0x8114,ajmp,0x84E0,0x104E0,yes,other,1,23,"0x10112 90 09 81 mov dptr,#0x0981",,
0x10124,bank1,0x8124,acall,0x80E0,0x100E0,yes,entry,1,23,"0x10122 90 08 11 mov dptr,#0x0811",,
0x10142,bank1,0x8142,ajmp,0x80F0,0x100F0,yes,other,0,24,"0x10141 74 01 mov a,#0x01",,
0x10151,bank1,0x8151,ajmp,0x81F0,0x101F0,yes,other,1,23,"0x1014F 90 06 21 mov dptr,#0x0621",,
0x1019E,bank1,0x819E,ajmp,0x8070,0x10070,yes,other,0,24,"0x1019D 54 01 anl a,#0x01",,
0x101A6,bank1,0x81A6,ajmp,0x8070,0x10070,yes,other,0,24,"0x101A5 54 01 anl a,#0x01",,
0x101CF,bank1,0x81CF,ajmp,0x80F0,0x100F0,yes,other,0,24,"0x101CE 44 01 orl a,#0x01",,
0x10204,bank1,0x8204,ajmp,0x80E0,0x100E0,yes,entry,1,23,"0x10202 90 08 01 mov dptr,#0x0801",,
0x10232,bank1,0x8232,ajmp,0x80E0,0x100E0,yes,entry,1,23,"0x10230 90 08 01 mov dptr,#0x0801",,
0x10282,bank1,0x8282,ajmp,0x8070,0x10070,yes,other,0,24,"0x10281 54 01 anl a,#0x01",,
0x1028A,bank1,0x828A,ajmp,0x8070,0x10070,yes,other,0,24,"0x10289 54 01 anl a,#0x01",,
0x1029D,bank1,0x829D,ajmp,0x80E0,0x100E0,yes,entry,1,23,"0x1029B 90 08 01 mov dptr,#0x0801",,
0x102C8,bank1,0x82C8,ajmp,0x8012,0x10012,yes,other,2,22,"0x102C7 7a 01 mov r2,#0x01",,
0x102D4,bank1,0x82D4,ajmp,0x80E0,0x100E0,yes,entry,1,23,"0x102D2 90 08 01 mov dptr,#0x0801",,
0x102DB,bank1,0x82DB,ajmp,0x82E0,0x102E0,yes,other,2,22,"0x102D9 90 07 41 mov dptr,#0x0741",,
0x102DE,bank1,0x82DE,ajmp,0x8070,0x10070,yes,other,0,24,"0x102DD 54 01 anl a,#0x01",,
0x102EB,bank1,0x82EB,ajmp,0x80E0,0x100E0,yes,entry,1,23,"0x102E9 90 08 01 mov dptr,#0x0801",,
0x102FA,bank1,0x82FA,ajmp,0x837A,0x1037A,yes,other,0,24,"0x102F8 90 85 61 mov dptr,#0x8561",,
0x102FC,bank1,0x82FC,acall,0x8012,0x10012,yes,other,2,22,"0x102FB 7a 11 mov r2,#0x11",,
0x10308,bank1,0x8308,ajmp,0x80E0,0x100E0,yes,entry,2,22,"0x10306 90 08 01 mov dptr,#0x0801",,
0x10311,bank1,0x8311,ajmp,0x80F0,0x100F0,yes,other,0,24,"0x10310 74 01 mov a,#0x01",,
0x1034C,bank1,0x834C,ajmp,0x8612,0x10612,yes,other,0,24,0x1034A 12 85 c1 lcall 0x85c1,,
0x10363,bank1,0x8363,ajmp,0x80E0,0x100E0,yes,entry,2,22,"0x10361 90 08 01 mov dptr,#0x0801",,
0x1036A,bank1,0x836A,ajmp,0x80E0,0x100E0,yes,entry,1,23,"0x10368 90 08 01 mov dptr,#0x0801",,
0x1037A,bank1,0x837A,ajmp,0x8090,0x10090,yes,other,0,24,"0x10379 54 01 anl a,#0x01",,
0x10387,bank1,0x8387,ajmp,0x80F0,0x100F0,yes,other,0,24,"0x10386 44 01 orl a,#0x01",,
0x10392,bank1,0x8392,ajmp,0x87E0,0x107E0,yes,other,1,23,"0x10390 90 06 e1 mov dptr,#0x06e1",,
0x103A8,bank1,0x83A8,ajmp,0x82F0,0x102F0,yes,entry,2,22,"0x103A6 90 16 41 mov dptr,#0x1641",,
0x103BC,bank1,0x83BC,ajmp,0x8074,0x10074,yes,other,4,20,"0x103BA 90 08 01 mov dptr,#0x0801",,
0x103CB,bank1,0x83CB,ajmp,0x80F0,0x100F0,yes,other,0,24,"0x103CA 74 01 mov a,#0x01",,
0x103D6,bank1,0x83D6,acall,0x83E0,0x103E0,yes,entry,1,23,"0x103D4 90 04 71 mov dptr,#0x0471",,
0x103FA,bank1,0x83FA,ajmp,0x80E0,0x100E0,yes,entry,1,23,"0x103F8 90 08 01 mov dptr,#0x0801",,
0x10431,bank1,0x8431,ajmp,0x80E0,0x100E0,yes,entry,1,23,"0x1042F 90 08 01 mov dptr,#0x0801",,
0x10438,bank1,0x8438,ajmp,0x80E0,0x100E0,yes,entry,2,22,"0x10436 90 08 01 mov dptr,#0x0801",,
0x1043F,bank1,0x843F,ajmp,0x87E0,0x107E0,yes,other,1,23,"0x1043D 90 06 e1 mov dptr,#0x06e1",,
0x10460,bank1,0x8460,ajmp,0x8000,0x10000,yes,other,24,0,,,
0x1046F,bank1,0x846F,ajmp,0x86FA,0x106FA,yes,entry,24,0,,,
0x104A2,bank1,0x84A2,acall,0x86FF,0x106FF,yes,other,24,0,,,
0x104B1,bank1,0x84B1,ajmp,0x8100,0x10100,yes,other,24,0,,,
0x104EA,bank1,0x84EA,ajmp,0x8300,0x10300,yes,entry,24,0,,,
0x10565,bank1,0x8565,ajmp,0x8000,0x10000,yes,other,24,0,,,
0x105BE,bank1,0x85BE,acall,0x80F0,0x100F0,yes,other,1,23,"0x105BC 90 1c 11 mov dptr,#0x1c11",,
0x105FA,bank1,0x85FA,acall,0x873F,0x1073F,yes,other,0,24,"0x105F9 90 f1 3f mov dptr,#0xf13f",,
0x105FF,bank1,0x85FF,ajmp,0x80F0,0x100F0,yes,other,0,24,"0x105FD 90 15 01 mov dptr,#0x1501",,
0x10606,bank1,0x8606,ajmp,0x80F0,0x100F0,yes,other,0,24,"0x10604 90 15 01 mov dptr,#0x1501",,
0x1063D,bank1,0x863D,ajmp,0x80F0,0x100F0,yes,other,0,24,"0x1063B 90 15 01 mov dptr,#0x1501",,
0x10646,bank1,0x8646,ajmp,0x80F0,0x100F0,yes,other,0,24,"0x10644 90 15 01 mov dptr,#0x1501",,
0x10676,bank1,0x8676,ajmp,0x80F0,0x100F0,yes,other,0,24,"0x10674 90 15 01 mov dptr,#0x1501",,
0x1067E,bank1,0x867E,ajmp,0x80F0,0x100F0,yes,other,0,24,"0x1067C 90 15 01 mov dptr,#0x1501",,
0x106A9,bank1,0x86A9,ajmp,0x80F0,0x100F0,yes,other,0,24,"0x106A7 90 15 01 mov dptr,#0x1501",,
0x106B2,bank1,0x86B2,ajmp,0x80F0,0x100F0,yes,other,0,24,"0x106B0 90 15 01 mov dptr,#0x1501",,
0x106C1,bank1,0x86C1,ajmp,0x80F0,0x100F0,yes,other,0,24,"0x106BF 90 15 01 mov dptr,#0x1501",,
0x106CE,bank1,0x86CE,ajmp,0x8707,0x10707,yes,entry,0,24,"0x106CD 20 e1 07 jb acc.1,0x86d7",,
0x106D3,bank1,0x86D3,ajmp,0x8022,0x10022,yes,other,0,24,"0x106D2 dd 01 djnz r5,0x86d5",,
0x106D6,bank1,0x86D6,acall,0x8790,0x10790,yes,other,0,24,0x106D5 80 f1 sjmp 0x86c8,,
0x1072C,bank1,0x872C,ajmp,0x80F0,0x100F0,yes,other,0,24,"0x1072B 44 01 orl a,#0x01",,
0x10792,bank1,0x8792,ajmp,0x87EC,0x107EC,yes,other,2,22,"0x10791 30 e1 ec jnb acc.1,0x8780",,
0x10799,bank1,0x8799,acall,0x8640,0x10640,yes,entry,0,24,0x10797 12 8b d1 lcall 0x8bd1,,
0x1079E,bank1,0x879E,ajmp,0x8412,0x10412,yes,entry,0,24,0x1079C 12 90 81 lcall 0x9081,,
0x107AA,bank1,0x87AA,ajmp,0x8070,0x10070,yes,other,0,24,"0x107A9 54 01 anl a,#0x01",,
0x107B4,bank1,0x87B4,ajmp,0x87E0,0x107E0,yes,other,1,23,"0x107B2 90 06 e1 mov dptr,#0x06e1",,
0x107C5,bank1,0x87C5,ajmp,0x8022,0x10022,yes,other,1,23,"0x107C3 b9 08 01 cjne r1,#0x08,0x87c7",,
0x107E0,bank1,0x87E0,acall,0x8493,0x10493,yes,other,0,24,"0x107DE 90 a6 91 mov dptr,#0xa691",,
0x10802,bank1,0x8802,ajmp,0x8822,0x10822,yes,other,1,23,"0x10800 b5 f0 01 cjne a,0xf0,0x8804",,
0x1080B,bank1,0x880B,ajmp,0x88F0,0x108F0,yes,entry,0,24,"0x1080A 74 01 mov a,#0x01",,
0x10821,bank1,0x8821,acall,0x8AF0,0x10AF0,yes,entry,1,23,"0x1081F 90 04 51 mov dptr,#0x0451",,
0x10825,bank1,0x8825,ajmp,0x88E0,0x108E0,yes,other,0,24,"0x10823 90 20 01 mov dptr,#0x2001",,
0x1083B,bank1,0x883B,ajmp,0x88F0,0x108F0,yes,entry,1,23,"0x10839 90 22 01 mov dptr,#0x2201",,
0x10846,bank1,0x8846,ajmp,0x8822,0x10822,yes,other,1,23,"0x10844 bf 00 01 cjne r7,#0x00,0x8848",,
0x10850,bank1,0x8850,ajmp,0x8822,0x10822,yes,other,0,24,"0x1084F df 01 djnz r7,0x8852",,
0x10870,bank1,0x8870,ajmp,0x8804,0x10804,yes,other,0,24,"0x1086F b5 01 04 cjne a,0x01,0x8876",,
0x10878,bank1,0x8878,ajmp,0x8822,0x10822,yes,other,0,24,"0x10877 74 01 mov a,#0x01",,
0x1087C,bank1,0x887C,ajmp,0x8806,0x10806,yes,other,0,24,"0x1087B b5 01 06 cjne a,0x01,0x8884",,
0x108AA,bank1,0x88AA,ajmp,0x8822,0x10822,yes,other,0,24,"0x108A9 88 01 mov 0x01,r0",,
0x108B2,bank1,0x88B2,ajmp,0x88E9,0x108E9,yes,other,0,24,"0x108B1 88 01 mov 0x01,r0",,
0x108FB,bank1,0x88FB,ajmp,0x8817,0x10817,yes,other,0,24,"0x108FA b4 01 17 cjne a,#0x01,0x8914",,
0x1091A,bank1,0x891A,ajmp,0x8838,0x10838,yes,other,0,24,"0x10919 b4 01 38 cjne a,#0x01,0x8954",,
0x10942,bank1,0x8942,acall,0x8FE0,0x10FE0,yes,other,1,23,"0x10940 90 09 f1 mov dptr,#0x09f1",,
0x10959,bank1,0x8959,acall,0x8FF0,0x10FF0,yes,other,2,22,"0x10957 90 09 f1 mov dptr,#0x09f1",,
0x1096F,bank1,0x896F,ajmp,0x8809,0x10809,yes,other,0,24,"0x1096E b4 01 09 cjne a,#0x01,0x897a",,
0x1097D,bank1,0x897D,acall,0x8FE0,0x10FE0,yes,other,2,22,"0x1097B 90 09 f1 mov dptr,#0x09f1",,
0x1098B,bank1,0x898B,acall,0x8FE0,0x10FE0,yes,other,1,23,"0x10989 90 09 f1 mov dptr,#0x09f1",,
0x1099F,bank1,0x899F,ajmp,0x8822,0x10822,yes,other,0,24,0x1099E 80 01 sjmp 0x89a1,,
0x109A3,bank1,0x89A3,acall,0x8FE0,0x10FE0,yes,other,1,23,"0x109A1 90 09 f1 mov dptr,#0x09f1",,
0x109B7,bank1,0x89B7,acall,0x8FE0,0x10FE0,yes,other,1,23,"0x109B5 90 09 f1 mov dptr,#0x09f1",,
0x109BE,bank1,0x89BE,acall,0x8FE0,0x10FE0,yes,other,1,23,"0x109BC 90 09 f1 mov dptr,#0x09f1",,
0x109CA,bank1,0x89CA,acall,0x8FE0,0x10FE0,yes,other,1,23,"0x109C8 90 09 f1 mov dptr,#0x09f1",,
0x109DD,bank1,0x89DD,ajmp,0x8822,0x10822,yes,other,0,24,0x109DC 80 01 sjmp 0x89df,,
0x109E1,bank1,0x89E1,acall,0x8FE0,0x10FE0,yes,other,1,23,"0x109DF 90 09 f1 mov dptr,#0x09f1",,
0x10A13,bank1,0x8A13,acall,0x8B90,0x10B90,yes,other,0,24,0x10A11 12 ab 71 lcall 0xab71,,
0x10AD3,bank1,0x8AD3,ajmp,0x88F0,0x108F0,yes,entry,0,24,"0x10AD2 74 01 mov a,#0x01",,
0x10AF5,bank1,0x8AF5,ajmp,0x8860,0x10860,yes,other,0,24,"0x10AF4 54 01 anl a,#0x01",,
0x10B06,bank1,0x8B06,ajmp,0x8860,0x10860,yes,other,0,24,"0x10B05 54 01 anl a,#0x01",,
0x10B1D,bank1,0x8B1D,ajmp,0x8FE0,0x10FE0,yes,other,1,23,"0x10B1B 90 06 e1 mov dptr,#0x06e1",,
0x10B4B,bank1,0x8B4B,ajmp,0x8FE0,0x10FE0,yes,other,1,23,"0x10B49 90 06 e1 mov dptr,#0x06e1",,
0x10B56,bank1,0x8B56,ajmp,0x8870,0x10870,yes,other,0,24,"0x10B55 54 01 anl a,#0x01",,
0x10B69,bank1,0x8B69,acall,0x8E40,0x10E40,yes,entry,0,24,0x10B67 12 8b d1 lcall 0x8bd1,,
0x10B71,bank1,0x8B71,ajmp,0x88F0,0x108F0,yes,entry,0,24,"0x10B70 44 01 orl a,#0x01",,
0x10B9A,bank1,0x8B9A,ajmp,0x88F0,0x108F0,yes,entry,0,24,"0x10B99 74 01 mov a,#0x01",,
0x10BA5,bank1,0x8BA5,ajmp,0x8FE0,0x10FE0,yes,other,1,23,"0x10BA3 90 06 e1 mov dptr,#0x06e1",,
0x10BC7,bank1,0x8BC7,ajmp,0x8FE0,0x10FE0,yes,other,2,22,"0x10BC5 90 06 e1 mov dptr,#0x06e1",,
0x10C40,bank1,0x8C40,acall,0x8802,0x10802,yes,other,0,24,"0x10C3F b4 11 02 cjne a,#0x11,0x8c44",,
0x10C93,bank1,0x8C93,acall,0x8802,0x10802,yes,other,0,24,"0x10C92 b4 11 02 cjne a,#0x11,0x8c97",,
0x10CAC,bank1,0x8CAC,acall,0x8CE0,0x10CE0,yes,entry,2,22,"0x10CAA 90 04 91 mov dptr,#0x0491",,
0x10CF4,bank1,0x8CF4,ajmp,0x8FE0,0x10FE0,yes,other,1,23,"0x10CF2 90 06 e1 mov dptr,#0x06e1",,
0x10D4C,bank1,0x8D4C,acall,0x8890,0x10890,yes,other,2,22,0x10D4B 80 11 sjmp 0x8d5e,,
0x10D6F,bank1,0x8D6F,ajmp,0x8FE0,0x10FE0,yes,other,1,23,"0x10D6D 90 06 e1 mov dptr,#0x06e1",,
0x10D82,bank1,0x8D82,acall,0x8990,0x10990,yes,other,0,24,0x10D80 02 8b 31 ljmp 0x8b31,,
0x10D8B,bank1,0x8D8B,ajmp,0x8FE0,0x10FE0,yes,other,2,22,"0x10D89 90 06 e1 mov dptr,#0x06e1",,
0x10DB1,bank1,0x8DB1,ajmp,0x8FE0,0x10FE0,yes,other,2,22,"0x10DAF 90 06 e1 mov dptr,#0x06e1",,
0x10DBB,bank1,0x8DBB,acall,0x8990,0x10990,yes,other,0,24,0x10DB9 02 8b 31 ljmp 0x8b31,,
0x10DC6,bank1,0x8DC6,ajmp,0x88E0,0x108E0,yes,other,1,23,"0x10DC4 90 08 01 mov dptr,#0x0801",,
0x10DE3,bank1,0x8DE3,acall,0x8990,0x10990,yes,other,0,24,0x10DE1 02 8b 31 ljmp 0x8b31,,
0x10DEE,bank1,0x8DEE,ajmp,0x88E0,0x108E0,yes,other,1,23,"0x10DEC 90 08 01 mov dptr,#0x0801",,
0x10DF9,bank1,0x8DF9,acall,0x8A90,0x10A90,yes,other,0,24,0x10DF8 60 51 jz 0x8e4b,,
0x10E2E,bank1,0x8E2E,ajmp,0x8F0B,0x10F0B,yes,entry,0,24,"0x10E2D 20 e1 0b jb acc.1,0x8e3b",,
0x10E57,bank1,0x8E57,ajmp,0x887C,0x1087C,yes,other,2,22,"0x10E56 7e 01 mov r6,#0x01",,
0x10E59,bank1,0x8E59,acall,0x8D90,0x10D90,yes,other,3,21,"0x10E58 7c b1 mov r4,#0xb1",,
0x10E6C,bank1,0x8E6C,acall,0x8F80,0x10F80,yes,other,0,24,"0x10E6B 7c f1 mov r4,#0xf1",,
0x10EA9,bank1,0x8EA9,acall,0x8C7C,0x10C7C,yes,other,0,24,0x10EA8 80 91 sjmp 0x8e3b,,
0x10F0D,bank1,0x8F0D,acall,0x8EE0,0x10EE0,yes,other,1,23,"0x10F0B 90 06 d1 mov dptr,#0x06d1",,
0x10F16,bank1,0x8F16,ajmp,0x8E06,0x10E06,yes,other,2,22,"0x10F15 b4 c1 06 cjne a,#0xc1,0x8f1e",,
0x10F19,bank1,0x8F19,ajmp,0x8E12,0x10E12,yes,other,0,24,"0x10F18 7c c1 mov r4,#0xc1",,
0x10F2F,bank1,0x8F2F,ajmp,0x8E05,0x10E05,yes,entry,0,24,"0x10F2E b4 c1 05 cjne a,#0xc1,0x8f36",,
0x10F41,bank1,0x8F41,acall,0x8890,0x10890,yes,other,0,24,0x10F40 60 11 jz 0x8f53,,
0x10F44,bank1,0x8F44,acall,0x8EE0,0x10EE0,yes,other,2,22,"0x10F42 90 06 d1 mov dptr,#0x06d1",,
0x10F51,bank1,0x8F51,acall,0x8EF0,0x10EF0,yes,other,1,23,"0x10F4F 90 06 d1 mov dptr,#0x06d1",,
0x10F73,bank1,0x8F73,ajmp,0x88E0,0x108E0,yes,other,1,23,"0x10F71 90 08 01 mov dptr,#0x0801",,
0x10FAD,bank1,0x8FAD,ajmp,0x8FE0,0x10FE0,yes,other,1,23,"0x10FAB 90 06 e1 mov dptr,#0x06e1",,
0x10FC0,bank1,0x8FC0,ajmp,0x8FE0,0x10FE0,yes,other,1,23,"0x10FBE 90 06 e1 mov dptr,#0x06e1",,
0x10FD2,bank1,0x8FD2,ajmp,0x8FE0,0x10FE0,yes,other,1,23,"0x10FD0 90 06 e1 mov dptr,#0x06e1",,
0x10FD7,bank1,0x8FD7,ajmp,0x8990,0x10990,yes,other,0,24,0x10FD6 70 21 jnz 0x8ff9,,
0x10FE0,bank1,0x8FE0,ajmp,0x8FE0,0x10FE0,yes,other,1,23,"0x10FDE 90 06 e1 mov dptr,#0x06e1",,
0x10FEA,bank1,0x8FEA,ajmp,0x8870,0x10870,yes,other,0,24,"0x10FE9 54 01 anl a,#0x01",,
0x10FF4,bank1,0x8FF4,ajmp,0x8FE0,0x10FE0,yes,other,1,23,"0x10FF2 90 06 e1 mov dptr,#0x06e1",,
0x10FFC,bank1,0x8FFC,ajmp,0x8FE0,0x10FE0,yes,other,1,23,"0x10FFA 90 06 e1 mov dptr,#0x06e1",,
0x1100A,bank1,0x900A,ajmp,0x97E0,0x117E0,yes,entry,1,23,"0x11008 90 06 e1 mov dptr,#0x06e1",,
0x11040,bank1,0x9040,ajmp,0x97E0,0x117E0,yes,entry,1,23,"0x1103E 90 06 e1 mov dptr,#0x06e1",,
0x1104E,bank1,0x904E,ajmp,0x97E0,0x117E0,yes,entry,2,22,"0x1104C 90 06 e1 mov dptr,#0x06e1",,
0x1105A,bank1,0x905A,ajmp,0x97E0,0x117E0,yes,entry,1,23,"0x11058 90 06 e1 mov dptr,#0x06e1",,
0x11068,bank1,0x9068,ajmp,0x97E0,0x117E0,yes,entry,1,23,"0x11066 90 06 e1 mov dptr,#0x06e1",,
0x1107B,bank1,0x907B,ajmp,0x97E0,0x117E0,yes,entry,5,19,"0x11079 90 06 e1 mov dptr,#0x06e1",,
0x11090,bank1,0x9090,acall,0x9478,0x11478,yes,other,0,24,0x1108F 12 91 78 lcall 0x9178,,
0x110A2,bank1,0x90A2,ajmp,0x9090,0x11090,yes,other,0,24,"0x110A1 64 01 xrl a,#0x01",,
0x110BD,bank1,0x90BD,ajmp,0x9070,0x11070,yes,other,2,22,"0x110BC 54 01 anl a,#0x01",,
0x110CD,bank1,0x90CD,ajmp,0x9030,0x11030,yes,other,0,24,"0x110CC b4 01 30 cjne a,#0x01,0x90ff",,
0x110D9,bank1,0x90D9,ajmp,0x9002,0x11002,yes,entry,0,24,"0x110D8 b4 01 02 cjne a,#0x01,0x90dd",,
0x110E8,bank1,0x90E8,acall,0x9112,0x11112,yes,other,0,24,0x110E7 80 31 sjmp 0x911a,,
0x11114,bank1,0x9114,ajmp,0x9002,0x11002,yes,entry,0,24,"0x11113 b4 01 02 cjne a,#0x01,0x9118",,
0x11148,bank1,0x9148,acall,0x9090,0x11090,yes,other,0,24,0x11147 70 11 jnz 0x915a,,
0x11166,bank1,0x9166,ajmp,0x9002,0x11002,yes,entry,0,24,"0x11165 b4 01 02 cjne a,#0x01,0x916a",,
0x111A7,bank1,0x91A7,ajmp,0x90E0,0x110E0,yes,entry,1,23,"0x111A5 90 08 01 mov dptr,#0x0801",,
0x111AF,bank1,0x91AF,acall,0x93E0,0x113E0,yes,other,1,23,"0x111AD 90 04 71 mov dptr,#0x0471",,
0x111BA,bank1,0x91BA,acall,0x9014,0x11014,yes,other,0,24,0x111B9 60 11 jz 0x91cc,,
0x111D1,bank1,0x91D1,acall,0x94FA,0x114FA,yes,entry,2,22,0x111D0 02 91 fa ljmp 0x91fa,,
0x111E0,bank1,0x91E0,acall,0x94FA,0x114FA,yes,entry,0,24,0x111DF 02 91 fa ljmp 0x91fa,,
0x111E3,bank1,0x91E3,acall,0x94FA,0x114FA,yes,entry,0,24,0x111E2 02 91 fa ljmp 0x91fa,,
0x111E6,bank1,0x91E6,acall,0x94FA,0x114FA,yes,entry,0,24,0x111E5 02 91 fa ljmp 0x91fa,,
0x111F4,bank1,0x91F4,acall,0x94D0,0x114D0,yes,entry,0,24,"0x111F3 90 91 d0 mov dptr,#0x91d0",,
0x11207,bank1,0x9207,ajmp,0x9002,0x11002,yes,entry,0,24,"0x11206 b4 01 02 cjne a,#0x01,0x920b",,
0x1120A,bank1,0x920A,ajmp,0x9322,0x11322,yes,entry,0,24,0x11209 80 61 sjmp 0x926c,,
0x1120C,bank1,0x920C,ajmp,0x9362,0x11362,yes,entry,24,0,,,
0x1122E,bank1,0x922E,ajmp,0x96CC,0x116CC,yes,other,24,0,,,
0x1123C,bank1,0x923C,ajmp,0x9362,0x11362,yes,entry,24,0,,,
0x1125E,bank1,0x925E,ajmp,0x96CC,0x116CC,yes,other,24,0,,,
0x11295,bank1,0x9295,ajmp,0x900F,0x1100F,yes,entry,0,24,0x11294 80 01 sjmp 0x9297,,
0x112CD,bank1,0x92CD,ajmp,0x90F0,0x110F0,yes,other,0,24,"0x112CC 44 01 orl a,#0x01",,
0x11318,bank1,0x9318,acall,0x9080,0x11080,yes,other,0,24,0x11317 40 11 jc 0x932a,,
0x11320,bank1,0x9320,ajmp,0x9002,0x11002,yes,entry,0,24,"0x1131F b4 01 02 cjne a,#0x01,0x9324",,
0x11325,bank1,0x9325,acall,0x9090,0x11090,yes,other,0,24,"0x11324 74 11 mov a,#0x11",,
0x11380,bank1,0x9380,ajmp,0x9003,0x11003,yes,other,0,24,"0x1137F b4 01 03 cjne a,#0x01,0x9385",,
0x11387,bank1,0x9387,ajmp,0x9363,0x11363,yes,other,24,0,,,
0x113A8,bank1,0x93A8,ajmp,0x96CC,0x116CC,yes,other,24,0,,,
0x113B7,bank1,0x93B7,ajmp,0x9363,0x11363,yes,other,24,0,,,
0x113D8,bank1,0x93D8,ajmp,0x96CC,0x116CC,yes,other,0,24,0x113D7 02 c1 cc ljmp 0xc1cc,,
0x113E7,bank1,0x93E7,ajmp,0x9363,0x11363,yes,other,24,0,,,
0x11408,bank1,0x9408,ajmp,0x96CC,0x116CC,yes,other,24,0,,,
0x11434,bank1,0x9434,acall,0x92E0,0x112E0,yes,other,5,19,"0x11432 90 07 51 mov dptr,#0x0751",,
0x1144C,bank1,0x944C,ajmp,0x900A,0x1100A,yes,other,0,24,0x1144B 50 01 jnc 0x944e,,
0x11477,bank1,0x9477,ajmp,0x9040,0x11040,yes,other,0,24,"0x11476 94 01 subb a,#0x01",,
0x114BC,bank1,0x94BC,ajmp,0x9022,0x11022,yes,entry,0,24,0x114BB 60 01 jz 0x94be,,
0x114C5,bank1,0x94C5,ajmp,0x91E0,0x111E0,yes,other,1,23,"0x114C3 90 06 21 mov dptr,#0x0621",,
0x1153A,bank1,0x953A,acall,0x97F0,0x117F0,yes,other,2,22,"0x11538 90 06 f1 mov dptr,#0x06f1",,
0x1154B,bank1,0x954B,ajmp,0x90F0,0x110F0,yes,other,0,24,"0x1154A 74 01 mov a,#0x01",,
0x11599,bank1,0x9599,ajmp,0x90E0,0x110E0,yes,entry,1,23,"0x11597 90 08 01 mov dptr,#0x0801",,
0x1159E,bank1,0x959E,ajmp,0x9022,0x11022,yes,entry,0,24,0x1159D 70 01 jnz 0x95a0,,
0x115A6,bank1,0x95A6,ajmp,0x9040,0x11040,yes,other,0,24,"0x115A5 94 01 subb a,#0x01",,
0x115D3,bank1,0x95D3,ajmp,0x9022,0x11022,yes,entry,1,23,0x115D2 80 01 sjmp 0x95d5,,
0x11624,bank1,0x9624,acall,0x91E0,0x111E0,yes,other,1,23,"0x11622 90 06 31 mov dptr,#0x0631",,
0x1163D,bank1,0x963D,ajmp,0x9070,0x11070,yes,other,0,24,"0x1163C 54 01 anl a,#0x01",,
0x1163F,bank1,0x963F,acall,0x9712,0x11712,yes,other,1,23,0x1163E 70 f1 jnz 0x9631,,
0x11652,bank1,0x9652,acall,0x91E0,0x111E0,yes,other,2,22,"0x11650 90 06 31 mov dptr,#0x0631",,
0x116D5,bank1,0x96D5,ajmp,0x9723,0x11723,yes,other,0,24,"0x116D4 10 e1 23 jbc acc.1,0x96fa",,
0x1170E,bank1,0x970E,ajmp,0x97F0,0x117F0,yes,other,0,24,"0x1170D 10 e1 f0 jbc acc.1,0x9700",,
0x1171E,bank1,0x971E,ajmp,0x9779,0x11779,yes,other,2,22,"0x1171C 10 e4 e1 jbc acc.4,0x9700",,
0x11720,bank1,0x9720,ajmp,0x9510,0x11510,yes,other,3,21,"0x1171F 79 a1 mov r1,#0xa1",,
0x11747,bank1,0x9747,ajmp,0x9022,0x11022,yes,entry,1,23,"0x11745 b5 f0 01 cjne a,0xf0,0x9749",,
0x11756,bank1,0x9756,ajmp,0x9707,0x11707,yes,other,0,24,"0x11755 30 e1 07 jnb acc.1,0x975f",,
0x11763,bank1,0x9763,ajmp,0x9012,0x11012,yes,other,2,22,"0x11762 7f 01 mov r7,#0x01",,
0x11779,bank1,0x9779,ajmp,0x9709,0x11709,yes,other,0,24,"0x11778 20 e1 09 jb acc.1,0x9784",,
0x117A0,bank1,0x97A0,acall,0x97E0,0x117E0,yes,entry,0,24,"0x1179E 90 05 f1 mov dptr,#0x05f1",,
0x117A7,bank1,0x97A7,acall,0x97F0,0x117F0,yes,other,0,24,"0x117A5 90 05 f1 mov dptr,#0x05f1",,
0x117D6,bank1,0x97D6,ajmp,0x901A,0x1101A,yes,other,0,24,"0x117D5 b4 01 1a cjne a,#0x01,0x97f2",,
0x117DA,bank1,0x97DA,ajmp,0x92E0,0x112E0,yes,other,1,23,"0x117D8 90 07 41 mov dptr,#0x0741",,
0x117DD,bank1,0x97DD,ajmp,0x9070,0x11070,yes,other,0,24,"0x117DC 54 01 anl a,#0x01",,
0x11814,bank1,0x9814,ajmp,0x9AF0,0x11AF0,yes,entry,1,23,"0x11812 90 08 41 mov dptr,#0x0841",,
0x1181C,bank1,0x981C,ajmp,0x98F0,0x118F0,yes,other,0,24,"0x1181B 44 01 orl a,#0x01",,
0x11827,bank1,0x9827,ajmp,0x9890,0x11890,yes,entry,0,24,"0x11826 74 01 mov a,#0x01",,
0x1182A,bank1,0x982A,acall,0x9FF0,0x11FF0,yes,entry,0,24,"0x11828 90 05 f1 mov dptr,#0x05f1",,
0x11852,bank1,0x9852,ajmp,0x9854,0x11854,yes,other,2,22,"0x11851 44 01 orl a,#0x01",,
0x11884,bank1,0x9884,ajmp,0x9AE0,0x11AE0,yes,other,2,22,"0x11882 90 07 41 mov dptr,#0x0741",,
0x11887,bank1,0x9887,ajmp,0x9870,0x11870,yes,other,0,24,"0x11886 54 01 anl a,#0x01",,
0x1188F,bank1,0x988F,ajmp,0x9812,0x11812,yes,entry,0,24,"0x1188E b4 01 12 cjne a,#0x01,0x98a3",,
0x118BC,bank1,0x98BC,acall,0x9802,0x11802,yes,other,0,24,0x118BA 02 ac 11 ljmp 0xac11,,
0x118CE,bank1,0x98CE,ajmp,0x9CE0,0x11CE0,yes,other,8,16,"0x118CC 90 06 81 mov dptr,#0x0681",,
0x118D7,bank1,0x98D7,ajmp,0x9A90,0x11A90,yes,other,1,23,0x118D5 12 9a 41 lcall 0x9a41,,
0x118F1,bank1,0x98F1,ajmp,0x980B,0x1180B,yes,other,0,24,"0x118F0 b4 01 0b cjne a,#0x01,0x98fe",,
0x11912,bank1,0x9912,ajmp,0x9890,0x11890,yes,entry,0,24,"0x11911 74 01 mov a,#0x01",,
0x1191B,bank1,0x991B,ajmp,0x98F0,0x118F0,yes,other,1,23,"0x11919 90 1c 01 mov dptr,#0x1c01",,
0x1191F,bank1,0x991F,ajmp,0x9F18,0x11F18,yes,other,0,24,"0x1191E 30 e1 18 jnb acc.1,0x9939",,
0x11947,bank1,0x9947,ajmp,0x9C74,0x11C74,yes,entry,1,23,"0x11945 90 06 81 mov dptr,#0x0681",,
0x11964,bank1,0x9964,ajmp,0x98F0,0x118F0,yes,other,2,22,"0x11963 74 01 mov a,#0x01",,
0x1197F,bank1,0x997F,ajmp,0x98F0,0x118F0,yes,other,1,23,"0x1197D 90 1c 01 mov dptr,#0x1c01",,
0x11986,bank1,0x9986,ajmp,0x9F13,0x11F13,yes,entry,0,24,"0x11985 30 e1 13 jnb acc.1,0x999b",,
0x11993,bank1,0x9993,acall,0x9812,0x11812,yes,entry,1,23,"0x11991 90 06 11 mov dptr,#0x0611",,
0x119C2,bank1,0x99C2,ajmp,0x9802,0x11802,yes,other,1,23,0x119C0 02 9a 01 ljmp 0x9a01,,
0x119D1,bank1,0x99D1,ajmp,0x9CE0,0x11CE0,yes,other,1,23,"0x119CF 90 06 81 mov dptr,#0x0681",,
0x119E2,bank1,0x99E2,ajmp,0x9874,0x11874,yes,other,1,23,"0x119E0 90 1c 01 mov dptr,#0x1c01",,
0x119E8,bank1,0x99E8,ajmp,0x9C74,0x11C74,yes,entry,4,20,"0x119E6 90 06 81 mov dptr,#0x0681",,
0x119EA,bank1,0x99EA,ajmp,0x9CF0,0x11CF0,yes,other,5,19,"0x119E9 74 81 mov a,#0x81",,
0x119EF,bank1,0x99EF,ajmp,0x9C74,0x11C74,yes,entry,1,23,"0x119ED 90 06 81 mov dptr,#0x0681",,
0x119F6,bank1,0x99F6,ajmp,0x9874,0x11874,yes,other,1,23,"0x119F4 90 1c 01 mov dptr,#0x1c01",,
0x119FC,bank1,0x99FC,ajmp,0x9C74,0x11C74,yes,entry,1,23,"0x119FA 90 06 81 mov dptr,#0x0681",,
0x11A09,bank1,0x9A09,ajmp,0x9C74,0x11C74,yes,entry,1,23,"0x11A07 90 06 81 mov dptr,#0x0681",,
0x11A16,bank1,0x9A16,ajmp,0x9C74,0x11C74,yes,entry,1,23,"0x11A14 90 06 81 mov dptr,#0x0681",,
0x11A29,bank1,0x9A29,ajmp,0x9C74,0x11C74,yes,entry,1,23,"0x11A27 90 06 81 mov dptr,#0x0681",,
0x11A32,bank1,0x9A32,ajmp,0x98F0,0x118F0,yes,other,0,24,"0x11A31 74 01 mov a,#0x01",,
0x11A36,bank1,0x9A36,ajmp,0x9C74,0x11C74,yes,entry,1,23,"0x11A34 90 06 81 mov dptr,#0x0681",,
0x11A3E,bank1,0x9A3E,ajmp,0x9CF0,0x11CF0,yes,other,1,23,"0x11A3C 90 06 81 mov dptr,#0x0681",,
0x11A6F,bank1,0x9A6F,ajmp,0x98F0,0x118F0,yes,other,1,23,"0x11A6E 74 01 mov a,#0x01",,
0x11A73,bank1,0x9A73,ajmp,0x9C74,0x11C74,yes,entry,1,23,"0x11A71 90 06 81 mov dptr,#0x0681",,
0x11A7A,bank1,0x9A7A,acall,0x98E0,0x118E0,yes,other,1,23,"0x11A78 90 1c 11 mov dptr,#0x1c11",,
0x11A8B,bank1,0x9A8B,acall,0x9CF0,0x11CF0,yes,other,1,23,"0x11A89 90 06 91 mov dptr,#0x0691",,
0x11A90,bank1,0x9A90,acall,0x9CE0,0x11CE0,yes,other,1,23,"0x11A8E 90 06 91 mov dptr,#0x0691",,
0x11AAE,bank1,0x9AAE,acall,0x99E0,0x119E0,yes,entry,1,23,"0x11AAC 90 1c 31 mov dptr,#0x1c31",,
0x11AE0,bank1,0x9AE0,ajmp,0x9A02,0x11A02,yes,other,0,24,0x11ADE 02 a8 41 ljmp 0xa841,,
0x11B2B,bank1,0x9B2B,ajmp,0x9808,0x11808,yes,other,0,24,"0x11B2A b4 01 08 cjne a,#0x01,0x9b35",,
0x11B49,bank1,0x9B49,acall,0x9F74,0x11F74,yes,other,1,23,"0x11B47 90 16 f1 mov dptr,#0x16f1",,
0x11B60,bank1,0x9B60,ajmp,0x9874,0x11874,yes,other,0,24,"0x11B5E 90 30 01 mov dptr,#0x3001",,
0x11B6E,bank1,0x9B6E,ajmp,0x98F0,0x118F0,yes,other,3,21,"0x11B6D 74 01 mov a,#0x01",,
0x11B7A,bank1,0x9B7A,ajmp,0x98F0,0x118F0,yes,other,4,20,"0x11B79 74 01 mov a,#0x01",,
0x11B7E,bank1,0x9B7E,ajmp,0x9874,0x11874,yes,other,0,24,"0x11B7C 90 30 01 mov dptr,#0x3001",,
0x11B8B,bank1,0x9B8B,ajmp,0x9F0B,0x11F0B,yes,other,0,24,"0x11B8A 20 e1 0b jb acc.1,0x9b98",,
0x11B9E,bank1,0x9B9E,ajmp,0x99F0,0x119F0,yes,entry,1,23,"0x11B9C 90 08 21 mov dptr,#0x0821",,
0x11BB9,bank1,0x9BB9,ajmp,0x99E0,0x119E0,yes,entry,1,23,"0x11BB7 90 08 21 mov dptr,#0x0821",,
0x11BD4,bank1,0x9BD4,acall,0x98F9,0x118F9,yes,other,0,24,0x11BD3 40 11 jc 0x9be6,,
0x11BFC,bank1,0x9BFC,acall,0x98F0,0x118F0,yes,other,1,23,"0x11BFA 90 1c 11 mov dptr,#0x1c11",,
0x11C22,bank1,0x9C22,ajmp,0x9990,0x11990,yes,other,1,23,0x11C21 80 21 sjmp 0x9c44,,
0x11C2D,bank1,0x9C2D,ajmp,0x9990,0x11990,yes,other,1,23,0x11C2C 80 21 sjmp 0x9c4f,,
0x11C55,bank1,0x9C55,ajmp,0x9874,0x11874,yes,other,0,24,"0x11C53 90 30 01 mov dptr,#0x3001",,
0x11C6F,bank1,0x9C6F,ajmp,0x9DF0,0x11DF0,yes,other,1,23,"0x11C6E 74 a1 mov a,#0xa1",,
0x11C8B,bank1,0x9C8B,ajmp,0x9874,0x11874,yes,other,0,24,"0x11C89 90 30 01 mov dptr,#0x3001",,
0x11C98,bank1,0x9C98,ajmp,0x9F0B,0x11F0B,yes,other,0,24,"0x11C97 20 e1 0b jb acc.1,0x9ca5",,
0x11CCC,bank1,0x9CCC,ajmp,0x9808,0x11808,yes,other,0,24,"0x11CCB b4 01 08 cjne a,#0x01,0x9cd6",,
0x11CFC,bank1,0x9CFC,acall,0x98E0,0x118E0,yes,other,1,23,"0x11CFA 90 1c 11 mov dptr,#0x1c11",,
0x11D17,bank1,0x9D17,ajmp,0x9F17,0x11F17,yes,other,2,22,"0x11D16 30 e1 17 jnb acc.1,0x9d30",,
0x11D34,bank1,0x9D34,acall,0x98F0,0x118F0,yes,other,1,23,"0x11D32 90 1c 11 mov dptr,#0x1c11",,
0x11D62,bank1,0x9D62,ajmp,0x9990,0x11990,yes,other,0,24,0x11D61 70 21 jnz 0x9d84,,
0x11D8D,bank1,0x9D8D,acall,0x98E0,0x118E0,yes,other,1,23,"0x11D8B 90 1c 11 mov dptr,#0x1c11",,
0x11DA6,bank1,0x9DA6,acall,0x98E0,0x118E0,yes,other,1,23,"0x11DA4 90 1c 11 mov dptr,#0x1c11",,
0x11DA9,bank1,0x9DA9,ajmp,0x9F24,0x11F24,yes,entry,0,24,"0x11DA8 30 e1 24 jnb acc.1,0x9dcf",,
0x11E05,bank1,0x9E05,acall,0x98F0,0x118F0,yes,other,1,23,"0x11E03 90 1c 11 mov dptr,#0x1c11",,
0x11E41,bank1,0x9E41,ajmp,0x9CF0,0x11CF0,yes,other,3,21,"0x11E40 74 81 mov a,#0x81",,
0x11E5A,bank1,0x9E5A,ajmp,0x9974,0x11974,yes,other,1,23,"0x11E58 90 1c 21 mov dptr,#0x1c21",,
0x11E7A,bank1,0x9E7A,ajmp,0x9974,0x11974,yes,other,1,23,"0x11E78 90 16 21 mov dptr,#0x1621",,
0x11E87,bank1,0x9E87,ajmp,0x9974,0x11974,yes,other,1,23,"0x11E85 90 1c 21 mov dptr,#0x1c21",,
0x11E89,bank1,0x9E89,ajmp,0x98F0,0x118F0,yes,other,2,22,"0x11E88 74 01 mov a,#0x01",,
0x11EB3,bank1,0x9EB3,ajmp,0x980D,0x1180D,yes,other,0,24,0x11EB2 50 01 jnc 0x9eb5,,
0x11EB7,bank1,0x9EB7,ajmp,0x980D,0x1180D,yes,other,0,24,0x11EB6 50 01 jnc 0x9eb9,,
0x11EBB,bank1,0x9EBB,ajmp,0x980D,0x1180D,yes,other,0,24,0x11EBA 50 01 jnc 0x9ebd,,
0x11EBE,bank1,0x9EBE,ajmp,0x9F05,0x11F05,yes,other,0,24,"0x11EBD 30 e1 05 jnb acc.1,0x9ec5",,
0x11EC3,bank1,0x9EC3,ajmp,0x980D,0x1180D,yes,other,0,24,0x11EC2 50 01 jnc 0x9ec5,,
0x11EED,bank1,0x9EED,ajmp,0x98E4,0x118E4,yes,other,1,23,"0x11EEB b4 2f 01 cjne a,#0x2f,0x9eef",,
0x11F75,bank1,0x9F75,acall,0x9BE0,0x11BE0,yes,entry,1,23,"0x11F73 90 04 71 mov dptr,#0x0471",,
0x11F9E,bank1,0x9F9E,ajmp,0x9990,0x11990,yes,other,0,24,"0x11F9C b4 7b 21 cjne a,#0x7b,0x9fc0",,
0x11FBC,bank1,0x9FBC,acall,0x9874,0x11874,yes,other,1,23,"0x11FBA 90 08 11 mov dptr,#0x0811",,
0x12056,bank1,0xA056,ajmp,0xA612,0x12612,yes,other,1,23,0x12054 12 9f c1 lcall 0x9fc1,,
0x12058,bank1,0xA058,ajmp,0xA5BF,0x125BF,yes,other,2,22,0x12057 12 a1 bf lcall 0xa1bf,,
0x12061,bank1,0xA061,ajmp,0xA52D,0x1252D,yes,other,0,24,0x12060 12 a1 2d lcall 0xa12d,,
0x12069,bank1,0xA069,ajmp,0xA070,0x12070,yes,other,0,24,"0x12068 54 01 anl a,#0x01",,
0x120D1,bank1,0xA0D1,ajmp,0xA070,0x12070,yes,other,0,24,"0x120D0 54 01 anl a,#0x01",,
0x120E3,bank1,0xA0E3,ajmp,0xA4E0,0x124E0,yes,other,2,22,"0x120E1 90 09 81 mov dptr,#0x0981",,
0x120EF,bank1,0xA0EF,ajmp,0xA52C,0x1252C,yes,entry,0,24,0x120EE 02 a1 2c ljmp 0xa12c,,
0x12135,bank1,0xA135,ajmp,0xA5BE,0x125BE,yes,other,0,24,0x12134 02 a1 be ljmp 0xa1be,,
0x1213C,bank1,0xA13C,ajmp,0xA060,0x12060,yes,entry,0,24,"0x1213B 54 01 anl a,#0x01",,
0x12151,bank1,0xA151,ajmp,0xA5BE,0x125BE,yes,other,0,24,0x12150 02 a1 be ljmp 0xa1be,,
0x1215A,bank1,0xA15A,ajmp,0xA5BE,0x125BE,yes,other,0,24,0x12159 02 a1 be ljmp 0xa1be,,
0x12165,bank1,0xA165,ajmp,0xA5BE,0x125BE,yes,other,0,24,0x12164 02 a1 be ljmp 0xa1be,,
0x121AB,bank1,0xA1AB,ajmp,0xA2E0,0x122E0,yes,other,1,23,"0x121A9 90 07 41 mov dptr,#0x0741",,
0x121AE,bank1,0xA1AE,ajmp,0xA060,0x12060,yes,entry,0,24,"0x121AD 54 01 anl a,#0x01",,
0x121C4,bank1,0xA1C4,ajmp,0xA060,0x12060,yes,entry,0,24,"0x121C3 54 01 anl a,#0x01",,
0x121CC,bank1,0xA1CC,ajmp,0xA060,0x12060,yes,entry,0,24,"0x121CB 54 01 anl a,#0x01",,
0x12216,bank1,0xA216,ajmp,0xA022,0x12022,yes,other,0,24,0x12215 60 01 jz 0xa218,,
0x1221D,bank1,0xA21D,ajmp,0xA060,0x12060,yes,entry,0,24,"0x1221C 54 01 anl a,#0x01",,
0x1221F,bank1,0xA21F,ajmp,0xA112,0x12112,yes,other,1,23,0x1221E 60 21 jz 0xa241,,
0x1222A,bank1,0xA22A,ajmp,0xA060,0x12060,yes,entry,0,24,"0x12229 54 01 anl a,#0x01",,
0x12253,bank1,0xA253,ajmp,0xA060,0x12060,yes,entry,0,24,"0x12252 54 01 anl a,#0x01",,
0x1228C,bank1,0xA28C,ajmp,0xA002,0x12002,yes,entry,0,24,"0x1228B b4 01 02 cjne a,#0x01,0xa290",,
0x12298,bank1,0xA298,ajmp,0xA002,0x12002,yes,entry,0,24,"0x12297 90 01 02 mov dptr,#0x0102",,
0x122A2,bank1,0xA2A2,acall,0xA090,0x12090,yes,other,1,23,0x122A1 80 11 sjmp 0xa2b4,,
0x122CD,bank1,0xA2CD,ajmp,0xA0F0,0x120F0,yes,other,0,24,"0x122CC 44 01 orl a,#0x01",,
0x122DC,bank1,0xA2DC,ajmp,0xA134,0x12134,yes,entry,0,24,"0x122DB 90 21 34 mov dptr,#0x2134",,
0x12328,bank1,0xA328,ajmp,0xA0F0,0x120F0,yes,other,2,22,"0x12327 74 01 mov a,#0x01",,
0x1234D,bank1,0xA34D,acall,0xA179,0x12179,yes,entry,0,24,0x1234C 80 31 sjmp 0xa37f,,
0x1234F,bank1,0xA34F,acall,0xA37B,0x1237B,yes,entry,1,23,"0x1234E 79 71 mov r1,#0x71",,
0x12364,bank1,0xA364,ajmp,0xA012,0x12012,yes,other,0,24,"0x12363 7a 01 mov r2,#0x01",,
0x1238E,bank1,0xA38E,ajmp,0xA060,0x12060,yes,entry,0,24,"0x1238D 54 01 anl a,#0x01",,
0x123CE,bank1,0xA3CE,ajmp,0xA112,0x12112,yes,other,2,22,0x123CD 80 21 sjmp 0xa3f0,,
0x12418,bank1,0xA418,ajmp,0xA112,0x12112,yes,other,1,23,0x12417 70 21 jnz 0xa43a,,
0x12463,bank1,0xA463,acall,0xA73F,0x1273F,yes,entry,0,24,"0x12462 90 f1 3f mov dptr,#0xf13f",,
0x12479,bank1,0xA479,ajmp,0xA002,0x12002,yes,entry,0,24,"0x12478 b4 01 02 cjne a,#0x01,0xa47d",,
0x124EA,bank1,0xA4EA,acall,0xA090,0x12090,yes,other,0,24,0x124E9 80 11 sjmp 0xa4fc,,
0x124FF,bank1,0xA4FF,ajmp,0xA022,0x12022,yes,other,1,23,0x124FD 12 a5 01 lcall 0xa501,,
0x12506,bank1,0xA506,ajmp,0xA070,0x12070,yes,other,0,24,"0x12505 54 01 anl a,#0x01",,
0x12618,bank1,0xA618,ajmp,0xA085,0x12085,yes,other,2,22,"0x12616 85 00 01 mov 0x01,0x00",,
0x12686,bank1,0xA686,ajmp,0xA088,0x12088,yes,other,0,24,"0x12685 89 01 mov 0x01,r1",,
0x126CC,bank1,0xA6CC,ajmp,0xA0F8,0x120F8,yes,entry,0,24,0x126CB 80 01 sjmp 0xa6ce,,
0x12744,bank1,0xA744,ajmp,0xA074,0x12074,yes,entry,1,23,"0x12742 90 1f 01 mov dptr,#0x1f01",,
0x12755,bank1,0xA755,ajmp,0xA743,0x12743,yes,other,0,24,"0x12754 20 e1 43 jb acc.1,0xa79a",,
0x1279F,bank1,0xA79F,ajmp,0xA7F0,0x127F0,yes,other,0,24,0x1279E c2 e1 clr 0xe1,,
0x1280B,bank1,0xA80B,acall,0xA9E0,0x129E0,yes,other,1,23,"0x12809 90 08 31 mov dptr,#0x0831",,
0x1284C,bank1,0xA84C,ajmp,0xAF03,0x12F03,yes,entry,0,24,"0x1284B 30 e1 03 jnb acc.1,0xa851",,
0x12879,bank1,0xA879,ajmp,0xA87D,0x1287D,yes,other,0,24,"0x12878 7c 01 mov r4,#0x01",,
0x1288E,bank1,0xA88E,ajmp,0xAFF0,0x12FF0,yes,other,0,24,0x1288D c2 e1 clr 0xe1,,
0x12893,bank1,0xA893,ajmp,0xA87D,0x1287D,yes,other,0,24,"0x12892 7c 01 mov r4,#0x01",,
0x1290D,bank1,0xA90D,ajmp,0xA801,0x12801,yes,other,0,24,"0x1290C b5 01 01 cjne a,0x01,0xa910",,
0x1290E,bank1,0xA90E,ajmp,0xA822,0x12822,yes,other,0,24,"0x1290C b5 01 01 cjne a,0x01,0xa910",,
0x12981,bank1,0xA981,ajmp,0xADE0,0x12DE0,yes,other,1,23,"0x1297F 90 08 a1 mov dptr,#0x08a1",,
0x1299C,bank1,0xA99C,ajmp,0xA802,0x12802,yes,entry,0,24,"0x1299B b5 01 02 cjne a,0x01,0xa9a0",,
0x129A6,bank1,0xA9A6,acall,0xAEFD,0x12EFD,yes,other,0,24,"0x129A5 24 d1 add a,#0xd1",,
0x129E6,bank1,0xA9E6,ajmp,0xA870,0x12870,yes,other,0,24,"0x129E5 54 01 anl a,#0x01",,
0x129F1,bank1,0xA9F1,ajmp,0xA870,0x12870,yes,other,0,24,"0x129F0 94 01 subb a,#0x01",,
0x129FC,bank1,0xA9FC,ajmp,0xA812,0x12812,yes,entry,2,22,"0x129FB 7d 01 mov r5,#0x01",,
0x12A76,bank1,0xAA76,ajmp,0xAC12,0x12C12,yes,other,1,23,"0x12A75 74 81 mov a,#0x81",,
0x12A7D,bank1,0xAA7D,ajmp,0xAC12,0x12C12,yes,other,1,23,"0x12A7C 7c 81 mov r4,#0x81",,
0x12AC9,bank1,0xAAC9,acall,0xACE0,0x12CE0,yes,entry,1,23,"0x12AC7 90 04 91 mov dptr,#0x0491",,
0x12AEC,bank1,0xAAEC,ajmp,0xAC90,0x12C90,yes,entry,0,24,"0x12AEB 74 81 mov a,#0x81",,
0x12B0A,bank1,0xAB0A,acall,0xA9F0,0x129F0,yes,other,9,15,"0x12B08 90 08 31 mov dptr,#0x0831",,
0x12B1F,bank1,0xAB1F,acall,0xA9F0,0x129F0,yes,other,5,19,"0x12B1D 90 08 31 mov dptr,#0x0831",,
0x12B9C,bank1,0xAB9C,ajmp,0xADF5,0x12DF5,yes,entry,0,24,0x12B9B 12 a1 f5 lcall 0xa1f5,,
0x12BAD,bank1,0xABAD,ajmp,0xAC12,0x12C12,yes,other,2,22,0x12BAB 12 90 81 lcall 0x9081,,
0x12BAF,bank1,0xABAF,acall,0xAC99,0x12C99,yes,entry,4,20,0x12BAE 12 91 99 lcall 0x9199,,
0x12BBA,bank1,0xABBA,ajmp,0xA812,0x12812,yes,entry,0,24,0x12BB8 12 80 01 lcall 0x8001,,
0x12BBF,bank1,0xABBF,acall,0xACE8,0x12CE8,yes,other,0,24,0x12BBE 12 91 e8 lcall 0x91e8,,
0x12BE3,bank1,0xABE3,ajmp,0xAE1C,0x12E1C,yes,entry,0,24,0x12BE2 12 c1 1c lcall 0xc11c,,
0x12BF6,bank1,0xABF6,acall,0xA812,0x12812,yes,entry,1,23,0x12BF4 12 a2 11 lcall 0xa211,,
0x12C00,bank1,0xAC00,ajmp,0xADF6,0x12DF6,yes,other,0,24,0x12BFF 12 a1 f6 lcall 0xa1f6,,
0x12C0F,bank1,0xAC0F,ajmp,0xAF22,0x12F22,yes,entry,0,24,0x12C0D 12 d5 e1 lcall 0xd5e1,,
0x12C34,bank1,0xAC34,ajmp,0xAF00,0x12F00,yes,other,0,24,0x12C33 02 e1 00 ljmp 0xe100,,
0x12C3B,bank1,0xAC3B,ajmp,0xAF06,0x12F06,yes,entry,2,22,"0x12C3A 30 e1 06 jnb acc.1,0xac43",,
0x12C5C,bank1,0xAC5C,ajmp,0xABF0,0x12BF0,yes,entry,0,24,"0x12C5A 90 05 61 mov dptr,#0x0561",,
0x12C63,bank1,0xAC63,ajmp,0xA820,0x12820,yes,entry,0,24,"0x12C62 24 01 add a,#0x01",,
0x12C7A,bank1,0xAC7A,ajmp,0xA822,0x12822,yes,other,1,23,"0x12C78 b4 07 01 cjne a,#0x07,0xac7c",,
0x12C7E,bank1,0xAC7E,ajmp,0xACE0,0x12CE0,yes,entry,1,23,"0x12C7C 90 06 81 mov dptr,#0x0681",,
0x12CFA,bank1,0xACFA,acall,0xACE0,0x12CE0,yes,entry,1,23,"0x12CF8 90 04 91 mov dptr,#0x0491",,
0x12DAF,bank1,0xADAF,ajmp,0xA807,0x12807,yes,other,0,24,"0x12DAE b5 01 07 cjne a,0x01,0xadb8",,
0x12DBF,bank1,0xADBF,ajmp,0xA990,0x12990,yes,entry,0,24,"0x12DBD 20 e5 21 jb acc.5,0xade1",,
0x12E03,bank1,0xAE03,ajmp,0xA822,0x12822,yes,other,3,21,"0x12E01 20 e2 01 jb acc.2,0xae05",,
0x12E28,bank1,0xAE28,ajmp,0xA8F0,0x128F0,yes,entry,0,24,"0x12E27 74 01 mov a,#0x01",,
0x12E43,bank1,0xAE43,ajmp,0xA890,0x12890,yes,entry,0,24,"0x12E42 7e 01 mov r6,#0x01",,
0x12EC9,bank1,0xAEC9,ajmp,0xA822,0x12822,yes,other,0,24,"0x12EC8 94 01 subb a,#0x01",,
0x12ED4,bank1,0xAED4,ajmp,0xA812,0x12812,yes,entry,0,24,"0x12ED3 79 01 mov r1,#0x01",,
0x12F20,bank1,0xAF20,ajmp,0xA80F,0x1280F,yes,other,0,24,"0x12F1F b5 01 0f cjne a,0x01,0xaf31",,
0x12F30,bank1,0xAF30,acall,0xAE22,0x12E22,yes,other,0,24,0x12F2E 02 b0 d1 ljmp 0xb0d1,,
0x12F50,bank1,0xAF50,acall,0xAE09,0x12E09,yes,other,0,24,0x12F4E 02 b0 d1 ljmp 0xb0d1,,
0x12F76,bank1,0xAF76,acall,0xAC0C,0x12C0C,yes,other,24,0,,,
0x12FD6,bank1,0xAFD6,acall,0xAC0C,0x12C0C,yes,other,24,0,,,
0x13016,bank1,0xB016,acall,0xB40C,0x1340C,yes,entry,24,0,,,
0x13056,bank1,0xB056,acall,0xB40D,0x1340D,yes,other,1,23,"0x13054 20 0e 91 jb 0x21.6,0xafe8",,
0x13096,bank1,0xB096,acall,0xB40D,0x1340D,yes,other,24,0,,,
0x130FE,bank1,0xB0FE,acall,0xB002,0x13002,yes,other,0,24,"0x130FD b4 11 02 cjne a,#0x11,0xb102",,
0x13104,bank1,0xB104,acall,0xB580,0x13580,yes,other,0,24,"0x13102 90 af b1 mov dptr,#0xafb1",,
0x13109,bank1,0xB109,acall,0xB380,0x13380,yes,other,2,22,"0x13107 90 b0 71 mov dptr,#0xb071",,
0x1310E,bank1,0xB10E,acall,0xB780,0x13780,yes,entry,0,24,"0x1310C 90 af f1 mov dptr,#0xaff1",,
0x13113,bank1,0xB113,acall,0xB180,0x13180,yes,other,0,24,"0x13111 90 b0 31 mov dptr,#0xb031",,
0x13118,bank1,0xB118,acall,0xB7ED,0x137ED,yes,other,0,24,"0x13116 90 af f1 mov dptr,#0xaff1",,
0x13187,bank1,0xB187,acall,0xB580,0x13580,yes,other,0,24,"0x13185 90 b0 b1 mov dptr,#0xb0b1",,
0x1318D,bank1,0xB18D,acall,0xB493,0x13493,yes,other,0,24,"0x1318B 90 af 91 mov dptr,#0xaf91",,
0x131A5,bank1,0xB1A5,ajmp,0xB680,0x13680,yes,entry,0,24,"0x131A3 90 b0 c1 mov dptr,#0xb0c1",,
0x131AB,bank1,0xB1AB,ajmp,0xB593,0x13593,yes,entry,0,24,"0x131A9 90 af a1 mov dptr,#0xafa1",,
0x131C2,bank1,0xB1C2,ajmp,0xB330,0x13330,yes,other,0,24,0x131C1 80 61 sjmp 0xb224,,
0x131C4,bank1,0xB1C4,ajmp,0xB701,0x13701,yes,other,1,23,"0x131C3 30 e1 01 jnb acc.1,0xb1c7",,
0x131C5,bank1,0xB1C5,ajmp,0xB022,0x13022,yes,other,0,24,"0x131C3 30 e1 01 jnb acc.1,0xb1c7",,
0x131CC,bank1,0xB1CC,ajmp,0xB001,0x13001,yes,other,0,24,"0x131CB b4 01 01 cjne a,#0x01,0xb1cf",,
0x131CD,bank1,0xB1CD,ajmp,0xB022,0x13022,yes,other,0,24,"0x131CB b4 01 01 cjne a,#0x01,0xb1cf",,
0x131DA,bank1,0xB1DA,ajmp,0xB090,0x13090,yes,entry,1,23,"0x131D9 74 01 mov a,#0x01",,
0x1320E,bank1,0xB20E,ajmp,0xB090,0x13090,yes,entry,1,23,"0x1320D 74 01 mov a,#0x01",,
0x13281,bank1,0xB281,acall,0xB0C3,0x130C3,yes,entry,0,24,0x13280 80 11 sjmp 0xb293,,
0x132AB,bank1,0xB2AB,ajmp,0xB022,0x13022,yes,other,0,24,"0x132A9 30 e5 01 jnb acc.5,0xb2ad",,
0x132B7,bank1,0xB2B7,ajmp,0xB01B,0x1301B,yes,other,0,24,"0x132B6 b5 01 1b cjne a,0x01,0xb2d4",,
0x132CD,bank1,0xB2CD,ajmp,0xB090,0x13090,yes,entry,0,24,"0x132CC ab 01 mov r3,0x01",,
0x1331F,bank1,0xB31F,ajmp,0xB022,0x13022,yes,other,2,22,"0x1331D 20 e0 01 jb acc.0,0xb321",,
0x13365,bank1,0xB365,acall,0xB090,0x13090,yes,entry,0,24,0x13364 60 11 jz 0xb377,,
0x13370,bank1,0xB370,ajmp,0xB005,0x13005,yes,other,0,24,"0x1336F b5 01 05 cjne a,0x01,0xb377",,
0x133A7,bank1,0xB3A7,ajmp,0xB060,0x13060,yes,other,0,24,"0x133A6 54 01 anl a,#0x01",,
0x133C2,bank1,0xB3C2,ajmp,0xB02C,0x1302C,yes,other,1,23,"0x133C1 90 01 2c mov dptr,#0x012c",,
0x133F1,bank1,0xB3F1,acall,0xB4E0,0x134E0,yes,other,5,19,"0x133EF 90 04 91 mov dptr,#0x0491",,
0x1346E,bank1,0xB46E,ajmp,0xB01D,0x1301D,yes,other,0,24,"0x1346D b5 01 1d cjne a,0x01,0xb48d",,
0x1347E,bank1,0xB47E,ajmp,0xB0FF,0x130FF,yes,entry,1,23,"0x1347D 63 01 ff xrl 0x01,#0xff",,
0x13481,bank1,0xB481,ajmp,0xB029,0x13029,yes,other,0,24,"0x13480 74 01 mov a,#0x01",,
0x13485,bank1,0xB485,ajmp,0xB00A,0x1300A,yes,entry,0,24,0x13484 50 01 jnc 0xb487,,
0x134AD,bank1,0xB4AD,ajmp,0xB0FF,0x130FF,yes,entry,1,23,"0x134AC 63 01 ff xrl 0x01,#0xff",,
0x134B0,bank1,0xB4B0,ajmp,0xB029,0x13029,yes,other,0,24,"0x134AF 74 01 mov a,#0x01",,
0x134B4,bank1,0xB4B4,ajmp,0xB00A,0x1300A,yes,entry,0,24,0x134B3 50 01 jnc 0xb4b6,,
0x134DA,bank1,0xB4DA,ajmp,0xB002,0x13002,yes,other,0,24,"0x134D9 b4 01 02 cjne a,#0x01,0xb4de",,
0x134F6,bank1,0xB4F6,ajmp,0xB0F4,0x130F4,yes,entry,1,23,"0x134F5 90 01 f4 mov dptr,#0x01f4",,
0x13504,bank1,0xB504,acall,0xB590,0x13590,yes,entry,0,24,0x13503 50 b1 jnc 0xb4b6,,
0x1353D,bank1,0xB53D,ajmp,0xB00A,0x1300A,yes,entry,0,24,0x1353C 50 01 jnc 0xb53f,,
0x135A0,bank1,0xB5A0,ajmp,0xB022,0x13022,yes,other,0,24,0x1359F 50 01 jnc 0xb5a2,,
0x13693,bank1,0xB693,acall,0xB3E0,0x133E0,yes,other,0,24,"0x13691 90 05 71 mov dptr,#0x0571",,
0x13696,bank1,0xB696,ajmp,0xB00E,0x1300E,yes,entry,0,24,"0x13695 b5 01 0e cjne a,0x01,0xb6a6",,
0x136A2,bank1,0xB6A2,ajmp,0xB002,0x13002,yes,other,0,24,"0x136A1 b5 01 02 cjne a,0x01,0xb6a6",,
0x136B6,bank1,0xB6B6,acall,0xB3F0,0x133F0,yes,other,0,24,"0x136B4 90 05 71 mov dptr,#0x0571",,
0x13703,bank1,0xB703,ajmp,0xB002,0x13002,yes,other,0,24,"0x13702 b4 01 02 cjne a,#0x01,0xb707",,
0x1372E,bank1,0xB72E,ajmp,0xB022,0x13022,yes,other,0,24,"0x1372C 10 e5 01 jbc acc.5,0xb730",,
0x13742,bank1,0xB742,ajmp,0xB212,0x13212,yes,other,0,24,0x13740 12 b8 41 lcall 0xb841,,
0x13745,bank1,0xB745,ajmp,0xB790,0x13790,yes,other,0,24,0x13743 12 b8 e1 lcall 0xb8e1,,
0x13759,bank1,0xB759,ajmp,0xB722,0x13722,yes,entry,0,24,0x13757 12 b8 e1 lcall 0xb8e1,,
0x1375C,bank1,0xB75C,ajmp,0xB07B,0x1307B,yes,other,0,24,"0x1375B 7c 01 mov r4,#0x01",,
0x1376F,bank1,0xB76F,ajmp,0xB222,0x13222,yes,other,0,24,0x1376D 12 b8 41 lcall 0xb841,,
0x1377C,bank1,0xB77C,acall,0xB612,0x13612,yes,other,0,24,0x1377B 70 d1 jnz 0xb74e,,
0x137C3,bank1,0xB7C3,ajmp,0xB130,0x13130,yes,other,1,23,0x137C1 02 b3 21 ljmp 0xb321,,
0x137C9,bank1,0xB7C9,ajmp,0xB190,0x13190,yes,entry,5,19,0x137C7 02 b3 21 ljmp 0xb321,,
0x137D8,bank1,0xB7D8,ajmp,0xB374,0x13374,yes,other,0,24,"0x137D6 90 05 61 mov dptr,#0x0561",,
0x1381E,bank1,0xB81E,ajmp,0xB990,0x13990,yes,other,0,24,0x1381D 70 21 jnz 0xb840,,
0x13836,bank1,0xB836,ajmp,0xBF74,0x13F74,yes,other,0,24,"0x13834 90 05 e1 mov dptr,#0x05e1",,
0x1388A,bank1,0xB88A,acall,0xBA22,0x13A22,yes,entry,1,23,0x13888 02 c7 51 ljmp 0xc751,,
0x1389D,bank1,0xB89D,ajmp,0xB874,0x13874,yes,entry,1,23,"0x1389B 90 04 01 mov dptr,#0x0401",,
0x13952,bank1,0xB952,acall,0xBCE0,0x13CE0,yes,other,1,23,"0x13950 90 04 91 mov dptr,#0x0491",,
0x13993,bank1,0xB993,ajmp,0xB822,0x13822,yes,other,0,24,"0x13991 30 e5 01 jnb acc.5,0xb995",,
0x139D1,bank1,0xB9D1,acall,0xBCE0,0x13CE0,yes,other,2,22,"0x139CF 90 04 91 mov dptr,#0x0491",,
0x13A01,bank1,0xBA01,acall,0xBCE0,0x13CE0,yes,other,3,21,"0x139FF 90 04 91 mov dptr,#0x0491",,
0x13A09,bank1,0xBA09,acall,0xB8B4,0x138B4,yes,entry,0,24,0x13A08 80 11 sjmp 0xba1b,,
0x13A5D,bank1,0xBA5D,ajmp,0xB80A,0x1380A,yes,entry,0,24,"0x13A5C b5 01 0a cjne a,0x01,0xba69",,
0x13A61,bank1,0xBA61,ajmp,0xBDE0,0x13DE0,yes,other,1,23,"0x13A5F 90 04 a1 mov dptr,#0x04a1",,
0x13A92,bank1,0xBA92,ajmp,0xBDE0,0x13DE0,yes,other,3,21,"0x13A90 90 04 a1 mov dptr,#0x04a1",,
0x13AA8,bank1,0xBAA8,acall,0xBCE0,0x13CE0,yes,other,3,21,"0x13AA6 90 04 91 mov dptr,#0x0491",,
0x13AAD,bank1,0xBAAD,ajmp,0xB8F0,0x138F0,yes,other,1,23,"0x13AAC 44 01 orl a,#0x01",,
0x13AB7,bank1,0xBAB7,ajmp,0xB890,0x13890,yes,entry,0,24,"0x13AB6 44 01 orl a,#0x01",,
0x13AC1,bank1,0xBAC1,acall,0xBCE0,0x13CE0,yes,other,3,21,"0x13ABF 90 04 91 mov dptr,#0x0491",,
0x13AE9,bank1,0xBAE9,ajmp,0xB880,0x13880,yes,other,0,24,"0x13AE8 90 01 80 mov dptr,#0x0180",,
0x13AFC,bank1,0xBAFC,ajmp,0xB880,0x13880,yes,other,3,21,"0x13AFB 90 01 80 mov dptr,#0x0180",,
0x13B17,bank1,0xBB17,acall,0xB938,0x13938,yes,entry,1,23,"0x13B16 90 31 38 mov dptr,#0x3138",,
0x13B35,bank1,0xBB35,acall,0xBCE0,0x13CE0,yes,other,2,22,"0x13B33 90 04 91 mov dptr,#0x0491",,
0x13B41,bank1,0xBB41,acall,0xB938,0x13938,yes,entry,1,23,"0x13B40 90 31 38 mov dptr,#0x3138",,
0x13B78,bank1,0xBB78,ajmp,0xB815,0x13815,yes,entry,0,24,"0x13B77 b4 01 15 cjne a,#0x01,0xbb8f",,
0x13B7B,bank1,0xBB7B,ajmp,0xB880,0x13880,yes,other,1,23,"0x13B7A 90 01 80 mov dptr,#0x0180",,
0x13B8C,bank1,0xBB8C,ajmp,0xB8F0,0x138F0,yes,other,0,24,"0x13B8B 44 01 orl a,#0x01",,
0x13B90,bank1,0xBB90,ajmp,0xB880,0x13880,yes,other,0,24,"0x13B8F 90 01 80 mov dptr,#0x0180",,
0x13BA1,bank1,0xBBA1,ajmp,0xB8F0,0x138F0,yes,other,0,24,"0x13BA0 44 01 orl a,#0x01",,
0x13BA6,bank1,0xBBA6,acall,0xBCE0,0x13CE0,yes,other,1,23,"0x13BA4 90 04 91 mov dptr,#0x0491",,
0x13BAB,bank1,0xBBAB,ajmp,0xB803,0x13803,yes,other,0,24,"0x13BAA b4 01 03 cjne a,#0x01,0xbbb0",,
0x13BD5,bank1,0xBBD5,acall,0xBCE0,0x13CE0,yes,other,3,21,"0x13BD3 90 04 91 mov dptr,#0x0491",,
0x13BDD,bank1,0xBBDD,ajmp,0xB880,0x13880,yes,other,0,24,"0x13BDC 90 01 80 mov dptr,#0x0180",,
0x13BFA,bank1,0xBBFA,ajmp,0xB807,0x13807,yes,other,0,24,"0x13BF9 b4 01 07 cjne a,#0x01,0xbc03",,
0x13BFD,bank1,0xBBFD,ajmp,0xB880,0x13880,yes,other,0,24,"0x13BFC 90 01 80 mov dptr,#0x0180",,
0x13C06,bank1,0xBC06,ajmp,0xB880,0x13880,yes,other,0,24,"0x13C05 90 01 80 mov dptr,#0x0180",,
0x13C23,bank1,0xBC23,ajmp,0xB807,0x13807,yes,other,0,24,"0x13C22 b4 01 07 cjne a,#0x01,0xbc2c",,
0x13C26,bank1,0xBC26,ajmp,0xB880,0x13880,yes,other,0,24,"0x13C25 90 01 80 mov dptr,#0x0180",,
0x13C5A,bank1,0xBC5A,acall,0xB938,0x13938,yes,entry,1,23,"0x13C59 90 31 38 mov dptr,#0x3138",,
0x13C78,bank1,0xBC78,acall,0xB938,0x13938,yes,entry,0,24,"0x13C77 90 31 38 mov dptr,#0x3138",,
0x13CA7,bank1,0xBCA7,ajmp,0xB8F0,0x138F0,yes,other,0,24,"0x13CA6 44 01 orl a,#0x01",,
0x13CB5,bank1,0xBCB5,acall,0xBCE0,0x13CE0,yes,other,1,23,"0x13CB3 90 04 91 mov dptr,#0x0491",,
0x13CBA,bank1,0xBCBA,acall,0xB8F0,0x138F0,yes,other,1,23,"0x13CB9 44 11 orl a,#0x11",,
0x13D12,bank1,0xBD12,acall,0xBCE0,0x13CE0,yes,other,1,23,"0x13D10 90 04 91 mov dptr,#0x0491",,
0x13D42,bank1,0xBD42,ajmp,0xB8F0,0x138F0,yes,other,0,24,"0x13D41 44 01 orl a,#0x01",,
0x13D47,bank1,0xBD47,acall,0xBCE0,0x13CE0,yes,other,1,23,"0x13D45 90 04 91 mov dptr,#0x0491",,
0x13D4C,bank1,0xBD4C,ajmp,0xB9F0,0x139F0,yes,entry,1,23,"0x13D4B 44 21 orl a,#0x21",,
0x13D5D,bank1,0xBD5D,acall,0xB802,0x13802,yes,other,0,24,"0x13D5C b4 11 02 cjne a,#0x11,0xbd61",,
0x13D71,bank1,0xBD71,acall,0xBCE0,0x13CE0,yes,other,2,22,"0x13D6F 90 04 91 mov dptr,#0x0491",,
0x13DB9,bank1,0xBDB9,ajmp,0xB807,0x13807,yes,other,0,24,"0x13DB8 b4 01 07 cjne a,#0x01,0xbdc2",,
0x13DC6,bank1,0xBDC6,ajmp,0xB880,0x13880,yes,other,1,23,"0x13DC5 90 01 80 mov dptr,#0x0180",,
0x13DE3,bank1,0xBDE3,ajmp,0xB807,0x13807,yes,other,0,24,"0x13DE2 b4 01 07 cjne a,#0x01,0xbdec",,
0x13DE6,bank1,0xBDE6,ajmp,0xB880,0x13880,yes,other,0,24,"0x13DE5 90 01 80 mov dptr,#0x0180",,
0x13DF6,bank1,0xBDF6,ajmp,0xB9F0,0x139F0,yes,entry,1,23,"0x13DF5 44 21 orl a,#0x21",,
0x13DF9,bank1,0xBDF9,ajmp,0xB880,0x13880,yes,other,0,24,"0x13DF8 90 01 80 mov dptr,#0x0180",,
0x13E04,bank1,0xBE04,ajmp,0xB807,0x13807,yes,other,1,23,"0x13E03 b4 01 07 cjne a,#0x01,0xbe0d",,
0x13E07,bank1,0xBE07,ajmp,0xB880,0x13880,yes,other,0,24,"0x13E06 90 01 80 mov dptr,#0x0180",,
0x13E1F,bank1,0xBE1F,acall,0xBC90,0x13C90,yes,other,0,24,0x13E1D 02 be 91 ljmp 0xbe91,,
0x13E3C,bank1,0xBE3C,acall,0xBCE0,0x13CE0,yes,other,1,23,"0x13E3A 90 04 91 mov dptr,#0x0491",,
0x13E41,bank1,0xBE41,ajmp,0xB8F0,0x138F0,yes,other,1,23,"0x13E40 44 01 orl a,#0x01",,
0x13E5A,bank1,0xBE5A,ajmp,0xB835,0x13835,yes,other,0,24,"0x13E59 b4 01 35 cjne a,#0x01,0xbe91",,
0x13E6F,bank1,0xBE6F,ajmp,0xB802,0x13802,yes,other,0,24,"0x13E6E b4 01 02 cjne a,#0x01,0xbe73",,
0x13EA4,bank1,0xBEA4,ajmp,0xB802,0x13802,yes,other,0,24,"0x13EA3 b4 01 02 cjne a,#0x01,0xbea8",,
0x13F1F,bank1,0xBF1F,ajmp,0xB8F0,0x138F0,yes,other,1,23,"0x13F1E 44 01 orl a,#0x01",,
0x13F26,bank1,0xBF26,ajmp,0xB809,0x13809,yes,other,1,23,"0x13F25 b4 01 09 cjne a,#0x01,0xbf31",,
0x13F91,bank1,0xBF91,ajmp,0xB822,0x13822,yes,other,2,22,"0x13F8F 20 e0 01 jb acc.0,0xbf93",,
0x13FB8,bank1,0xBFB8,ajmp,0xB8F0,0x138F0,yes,other,0,24,"0x13FB7 44 01 orl a,#0x01",,
0x13FC7,bank1,0xBFC7,ajmp,0xB822,0x13822,yes,other,0,24,0x13FC6 70 01 jnz 0xbfc9,,
0x13FEF,bank1,0xBFEF,ajmp,0xB8B4,0x138B4,yes,entry,0,24,"0x13FEE 24 01 add a,#0x01",,
0x13FFD,bank1,0xBFFD,acall,0xBCE0,0x13CE0,yes,other,1,23,"0x13FFB 90 04 91 mov dptr,#0x0491",,
0x14003,bank1,0xC003,ajmp,0xC70D,0x1470D,yes,other,2,22,"0x14002 20 e1 0d jb acc.1,0xc012",,
0x1400C,bank1,0xC00C,ajmp,0xC040,0x14040,yes,other,0,24,"0x1400B 24 01 add a,#0x01",,
0x14017,bank1,0xC017,ajmp,0xC040,0x14040,yes,other,0,24,"0x14016 24 01 add a,#0x01",,
0x14019,bank1,0xC019,ajmp,0xC0F0,0x140F0,yes,entry,1,23,0x14018 40 01 jc 0xc01b,,
0x14022,bank1,0xC022,ajmp,0xC050,0x14050,yes,other,0,24,"0x14021 24 01 add a,#0x01",,
0x14026,bank1,0xC026,ajmp,0xC0F0,0x140F0,yes,entry,0,24,"0x14025 7a 01 mov r2,#0x01",,
0x1402F,bank1,0xC02F,ajmp,0xC0F0,0x140F0,yes,entry,0,24,0x1402E 40 01 jc 0xc031,,
0x14073,bank1,0xC073,ajmp,0xC190,0x14190,yes,other,1,23,0x14072 60 21 jz 0xc095,,
0x140AD,bank1,0xC0AD,ajmp,0xC0B4,0x140B4,yes,other,2,22,"0x140AC 24 01 add a,#0x01",,
0x140C1,bank1,0xC0C1,ajmp,0xC70D,0x1470D,yes,other,2,22,"0x140C0 20 e1 0d jb acc.1,0xc0d0",,
0x140CA,bank1,0xC0CA,ajmp,0xC040,0x14040,yes,other,0,24,"0x140C9 24 01 add a,#0x01",,
0x140D5,bank1,0xC0D5,ajmp,0xC040,0x14040,yes,other,0,24,"0x140D4 24 01 add a,#0x01",,
0x140D7,bank1,0xC0D7,ajmp,0xC0F0,0x140F0,yes,entry,1,23,0x140D6 40 01 jc 0xc0d9,,
0x140E0,bank1,0xC0E0,ajmp,0xC050,0x14050,yes,other,0,24,"0x140DF 24 01 add a,#0x01",,
0x140E4,bank1,0xC0E4,ajmp,0xC0F0,0x140F0,yes,entry,0,24,"0x140E3 7a 01 mov r2,#0x01",,
0x140ED,bank1,0xC0ED,ajmp,0xC0F0,0x140F0,yes,entry,0,24,0x140EC 40 01 jc 0xc0ef,,
0x14122,bank1,0xC122,ajmp,0xC022,0x14022,yes,other,3,21,"0x14120 20 e0 01 jb acc.0,0xc124",,
0x1414C,bank1,0xC14C,ajmp,0xC5E0,0x145E0,yes,other,1,23,"0x1414A 90 04 a1 mov dptr,#0x04a1",,
0x1417C,bank1,0xC17C,acall,0xC5E0,0x145E0,yes,other,1,23,"0x1417A 90 04 b1 mov dptr,#0x04b1",,
0x141B4,bank1,0xC1B4,ajmp,0xC5E0,0x145E0,yes,other,1,23,"0x141B2 90 04 a1 mov dptr,#0x04a1",,
0x141D2,bank1,0xC1D2,acall,0xC5E0,0x145E0,yes,other,1,23,"0x141D0 90 04 b1 mov dptr,#0x04b1",,
0x14208,bank1,0xC208,ajmp,0xC022,0x14022,yes,other,0,24,0x14207 70 01 jnz 0xc20a,,
0x14260,bank1,0xC260,ajmp,0xC7B4,0x147B4,yes,entry,0,24,0x1425E 02 c2 e1 ljmp 0xc2e1,,
0x14268,bank1,0xC268,acall,0xC5B3,0x145B3,yes,other,0,24,0x14267 12 b1 b3 lcall 0xb1b3,,
0x14285,bank1,0xC285,ajmp,0xC77A,0x1477A,yes,other,0,24,0x14284 60 e1 jz 0xc267,,
0x142B1,bank1,0xC2B1,acall,0xC5B3,0x145B3,yes,other,0,24,0x142B0 12 b1 b3 lcall 0xb1b3,,
0x142BB,bank1,0xC2BB,ajmp,0xC090,0x14090,yes,entry,0,24,"0x142BA 54 01 anl a,#0x01",,
0x142E6,bank1,0xC2E6,ajmp,0xC732,0x14732,yes,entry,2,22,"0x142E5 30 e1 32 jnb acc.1,0xc31a",,
0x1431F,bank1,0xC31F,acall,0xC5B3,0x145B3,yes,other,0,24,0x1431E 12 b1 b3 lcall 0xb1b3,,
0x1434A,bank1,0xC34A,ajmp,0xC090,0x14090,yes,entry,0,24,"0x14349 7a 01 mov r2,#0x01",,
0x143B8,bank1,0xC3B8,ajmp,0xC040,0x14040,yes,other,0,24,"0x143B7 94 01 subb a,#0x01",,
0x143E1,bank1,0xC3E1,ajmp,0xC290,0x14290,yes,entry,0,24,0x143E0 40 41 jc 0xc423,,
0x14454,bank1,0xC454,ajmp,0xC040,0x14040,yes,other,0,24,"0x14453 94 01 subb a,#0x01",,
0x14465,bank1,0xC465,ajmp,0xC07F,0x1407F,yes,other,0,24,"0x14464 8b 01 mov 0x01,r3",,
0x14484,bank1,0xC484,ajmp,0xC012,0x14012,yes,entry,1,23,"0x14483 7f 01 mov r7,#0x01",,
0x1448C,bank1,0xC48C,ajmp,0xC003,0x14003,yes,other,2,22,"0x1448B 85 01 03 mov 0x03,0x01",,
0x1449E,bank1,0xC49E,ajmp,0xC003,0x14003,yes,other,2,22,"0x1449D 85 01 03 mov 0x03,0x01",,
0x144C9,bank1,0xC4C9,ajmp,0xC0F0,0x140F0,yes,entry,0,24,"0x144C8 44 01 orl a,#0x01",,
0x144EC,bank1,0xC4EC,ajmp,0xC0F0,0x140F0,yes,entry,1,23,"0x144EA 90 1c 01 mov dptr,#0x1c01",,
0x1450A,bank1,0xC50A,ajmp,0xC0F0,0x140F0,yes,entry,1,23,"0x14508 90 1c 01 mov dptr,#0x1c01",,
0x14510,bank1,0xC510,ajmp,0xC290,0x14290,yes,entry,0,24,0x1450E 12 c5 41 lcall 0xc541,,
0x14516,bank1,0xC516,ajmp,0xC710,0x14710,yes,other,0,24,"0x14515 20 e1 10 jb acc.1,0xc528",,
0x1451C,bank1,0xC51C,acall,0xC774,0x14774,yes,other,0,24,"0x1451B de f1 djnz r6,0xc50e",,
0x14525,bank1,0xC525,ajmp,0xC2D3,0x142D3,yes,entry,0,24,0x14523 12 c5 41 lcall 0xc541,,
0x1452B,bank1,0xC52B,acall,0xC790,0x14790,yes,other,1,23,0x1452A 70 f1 jnz 0xc51d,,
0x1453E,bank1,0xC53E,ajmp,0xC2C3,0x142C3,yes,other,0,24,0x1453C 12 c5 41 lcall 0xc541,,
0x14576,bank1,0xC576,ajmp,0xC0F0,0x140F0,yes,entry,1,23,"0x14574 90 1c 01 mov dptr,#0x1c01",,
0x1457C,bank1,0xC57C,ajmp,0xC290,0x14290,yes,entry,0,24,0x1457A 12 c5 41 lcall 0xc541,,
0x14582,bank1,0xC582,ajmp,0xC705,0x14705,yes,entry,0,24,"0x14581 20 e1 05 jb acc.1,0xc589",,
0x14588,bank1,0xC588,acall,0xC774,0x14774,yes,other,0,24,"0x14587 de f1 djnz r6,0xc57a",,
0x14591,bank1,0xC591,ajmp,0xC2C3,0x142C3,yes,other,0,24,0x1458F 12 c5 41 lcall 0xc541,,
0x1459C,bank1,0xC59C,ajmp,0xC2D3,0x142D3,yes,entry,0,24,0x1459A 12 c5 41 lcall 0xc541,,
0x145A7,bank1,0xC5A7,ajmp,0xC070,0x14070,yes,other,0,24,"0x145A6 94 01 subb a,#0x01",,
0x145C8,bank1,0xC5C8,ajmp,0xC748,0x14748,yes,other,0,24,"0x145C7 30 e1 48 jnb acc.1,0xc612",,
0x145DF,bank1,0xC5DF,acall,0xC4E0,0x144E0,yes,entry,2,22,"0x145DD 90 04 91 mov dptr,#0x0491",,
0x14625,bank1,0xC625,ajmp,0xC060,0x14060,yes,entry,0,24,"0x14624 54 01 anl a,#0x01",,
0x1464C,bank1,0xC64C,ajmp,0xC060,0x14060,yes,entry,0,24,"0x1464B 54 01 anl a,#0x01",,
0x14654,bank1,0xC654,ajmp,0xC060,0x14060,yes,entry,0,24,"0x14653 54 01 anl a,#0x01",,
0x1465E,bank1,0xC65E,ajmp,0xC070,0x14070,yes,other,0,24,"0x1465D 54 01 anl a,#0x01",,
0x14666,bank1,0xC666,ajmp,0xC0F0,0x140F0,yes,entry,0,24,"0x14665 44 01 orl a,#0x01",,
0x14670,bank1,0xC670,acall,0xC112,0x14112,yes,other,0,24,"0x1466F 7f 31 mov r7,#0x31",,
0x14679,bank1,0xC679,ajmp,0xC070,0x14070,yes,other,0,24,"0x14678 54 01 anl a,#0x01",,
0x146A3,bank1,0xC6A3,ajmp,0xC070,0x14070,yes,other,0,24,"0x146A2 54 01 anl a,#0x01",,
0x146DF,bank1,0xC6DF,ajmp,0xC0F0,0x140F0,yes,entry,2,22,"0x146DE 74 01 mov a,#0x01",,
0x146EF,bank1,0xC6EF,acall,0xC414,0x14414,yes,other,24,0,,,
0x14711,bank1,0xC711,ajmp,0xC5E0,0x145E0,yes,other,1,23,"0x1470F 90 03 a1 mov dptr,#0x03a1",,
0x14730,bank1,0xC730,ajmp,0xC5F0,0x145F0,yes,entry,1,23,"0x1472E 90 03 a1 mov dptr,#0x03a1",,
0x14739,bank1,0xC739,ajmp,0xC4F0,0x144F0,yes,entry,0,24,"0x14738 74 81 mov a,#0x81",,
0x1477E,bank1,0xC77E,ajmp,0xC022,0x14022,yes,other,1,23,"0x1477C 20 e0 01 jb acc.0,0xc780",,
0x14786,bank1,0xC786,ajmp,0xC022,0x14022,yes,other,0,24,"0x14784 b4 64 01 cjne a,#0x64,0xc788",,
0x147A9,bank1,0xC7A9,ajmp,0xC57A,0x1457A,yes,entry,1,23,"0x147A7 90 c7 a1 mov dptr,#0xc7a1",,
0x147FB,bank1,0xC7FB,ajmp,0xC302,0x14302,yes,entry,6,18,0x147F9 02 c8 61 ljmp 0xc861,,
0x14803,bank1,0xC803,acall,0xCEE7,0x14EE7,yes,other,0,24,0x14802 02 d1 e7 ljmp 0xd1e7,,
0x14837,bank1,0xC837,ajmp,0xC807,0x14807,yes,other,0,24,"0x14836 b4 01 07 cjne a,#0x01,0xc840",,
0x1483D,bank1,0xC83D,ajmp,0xC8F0,0x148F0,yes,entry,2,22,"0x1483C 74 01 mov a,#0x01",,
0x1489D,bank1,0xC89D,ajmp,0xCF1B,0x14F1B,yes,other,0,24,"0x1489C 30 e1 1b jnb acc.1,0xc8ba",,
0x1490E,bank1,0xC90E,acall,0xC902,0x14902,yes,other,3,21,0x1490C 02 c9 31 ljmp 0xc931,,
0x1493A,bank1,0xC93A,ajmp,0xC822,0x14822,yes,other,0,24,0x14939 70 01 jnz 0xc93c,,
0x14952,bank1,0xC952,ajmp,0xCF24,0x14F24,yes,entry,0,24,"0x14951 30 e1 24 jnb acc.1,0xc978",,
0x14976,bank1,0xC976,ajmp,0xC8F0,0x148F0,yes,entry,0,24,"0x14975 74 01 mov a,#0x01",,
0x14995,bank1,0xC995,ajmp,0xCBF0,0x14BF0,yes,other,1,23,"0x14993 90 03 61 mov dptr,#0x0361",,
0x149C4,bank1,0xC9C4,acall,0xCA90,0x14A90,yes,other,1,23,"0x149C2 20 e2 51 jb acc.2,0xca16",,
0x149D1,bank1,0xC9D1,ajmp,0xCBE0,0x14BE0,yes,other,2,22,"0x149CF 90 03 61 mov dptr,#0x0361",,
0x149D6,bank1,0xC9D6,ajmp,0xCBF0,0x14BF0,yes,other,1,23,"0x149D4 90 03 61 mov dptr,#0x0361",,
0x149E2,bank1,0xC9E2,ajmp,0xCBF0,0x14BF0,yes,other,1,23,"0x149E0 90 03 61 mov dptr,#0x0361",,
0x14A35,bank1,0xCA35,ajmp,0xCBF0,0x14BF0,yes,other,1,23,"0x14A33 90 03 61 mov dptr,#0x0361",,
0x14A44,bank1,0xCA44,acall,0xCE90,0x14E90,yes,other,1,23,"0x14A42 20 e2 d1 jb acc.2,0xca16",,
0x14A51,bank1,0xCA51,ajmp,0xCBE0,0x14BE0,yes,other,1,23,"0x14A4F 90 03 61 mov dptr,#0x0361",,
0x14A55,bank1,0xCA55,ajmp,0xC840,0x14840,yes,other,0,24,"0x14A54 24 01 add a,#0x01",,
0x14A5A,bank1,0xCA5A,ajmp,0xCBF0,0x14BF0,yes,other,1,23,"0x14A58 90 03 61 mov dptr,#0x0361",,
0x14A5E,bank1,0xCA5E,ajmp,0xCBE0,0x14BE0,yes,other,1,23,"0x14A5C 90 03 61 mov dptr,#0x0361",,
0x14A66,bank1,0xCA66,acall,0xC8E4,0x148E4,yes,other,0,24,0x14A65 80 11 sjmp 0xca78,,
0x14A6A,bank1,0xCA6A,ajmp,0xCBF0,0x14BF0,yes,other,1,23,"0x14A68 90 03 61 mov dptr,#0x0361",,
0x14A77,bank1,0xCA77,ajmp,0xC822,0x14822,yes,other,0,24,0x14A76 60 01 jz 0xca79,,
0x14A87,bank1,0xCA87,ajmp,0xC868,0x14868,yes,other,1,23,"0x14A86 90 01 68 mov dptr,#0x0168",,
0x14AF7,bank1,0xCAF7,ajmp,0xCDE0,0x14DE0,yes,entry,2,22,"0x14AF5 90 03 a1 mov dptr,#0x03a1",,
0x14B0A,bank1,0xCB0A,ajmp,0xCDE0,0x14DE0,yes,entry,1,23,"0x14B08 90 03 a1 mov dptr,#0x03a1",,
0x14B0F,bank1,0xCB0F,ajmp,0xC822,0x14822,yes,other,0,24,0x14B0E 60 01 jz 0xcb11,,
0x14B40,bank1,0xCB40,ajmp,0xC8E4,0x148E4,yes,other,0,24,0x14B3F 50 01 jnc 0xcb42,,
0x14B4A,bank1,0xCB4A,ajmp,0xC822,0x14822,yes,other,2,22,0x14B49 70 01 jnz 0xcb4c,,
0x14B64,bank1,0xCB64,ajmp,0xC8E4,0x148E4,yes,other,0,24,0x14B63 50 01 jnc 0xcb66,,
0x14B79,bank1,0xCB79,ajmp,0xC8E4,0x148E4,yes,other,0,24,0x14B78 50 01 jnc 0xcb7b,,
0x14BC8,bank1,0xCBC8,ajmp,0xC822,0x14822,yes,other,0,24,0x14BC7 40 01 jc 0xcbca,,
0x14BEE,bank1,0xCBEE,ajmp,0xC840,0x14840,yes,other,0,24,"0x14BED 24 01 add a,#0x01",,
0x14BF0,bank1,0xCBF0,ajmp,0xC8F0,0x148F0,yes,entry,1,23,0x14BEF 40 01 jc 0xcbf2,,
0x14C25,bank1,0xCC25,ajmp,0xC822,0x14822,yes,other,0,24,"0x14C23 b4 64 01 cjne a,#0x64,0xcc27",,
0x14C5A,bank1,0xCC5A,ajmp,0xC8ED,0x148ED,yes,entry,0,24,"0x14C59 7d 01 mov r5,#0x01",,
0x14CE6,bank1,0xCCE6,ajmp,0xC8F0,0x148F0,yes,entry,0,24,"0x14CE5 44 01 orl a,#0x01",,
0x14D07,bank1,0xCD07,acall,0xC990,0x14990,yes,other,0,24,0x14D06 80 31 sjmp 0xcd39,,
0x14D6C,bank1,0xCD6C,ajmp,0xCF04,0x14F04,yes,entry,0,24,"0x14D6B 30 e1 04 jnb acc.1,0xcd72",,
0x14D73,bank1,0xCD73,ajmp,0xCFD2,0x14FD2,yes,other,0,24,0x14D72 d2 e1 setb acc.1,,
0x14D96,bank1,0xCD96,ajmp,0xC822,0x14822,yes,other,0,24,0x14D95 40 01 jc 0xcd98,,
0x14DCA,bank1,0xCDCA,acall,0xCD90,0x14D90,yes,other,1,23,0x14DC8 02 cf b1 ljmp 0xcfb1,,
0x14DCD,bank1,0xCDCD,acall,0xCFE0,0x14FE0,yes,other,3,21,"0x14DCB 90 03 f1 mov dptr,#0x03f1",,
0x14DDF,bank1,0xCDDF,ajmp,0xC87C,0x1487C,yes,other,3,21,"0x14DDD 85 03 01 mov 0x01,0x03",,
0x14DE6,bank1,0xCDE6,acall,0xCCE0,0x14CE0,yes,other,2,22,"0x14DE4 90 04 91 mov dptr,#0x0491",,
0x14E09,bank1,0xCE09,ajmp,0xC803,0x14803,yes,other,1,23,"0x14E08 85 01 03 mov 0x03,0x01",,
0x14E12,bank1,0xCE12,acall,0xCCE0,0x14CE0,yes,other,2,22,"0x14E10 90 04 91 mov dptr,#0x0491",,
0x14E79,bank1,0xCE79,ajmp,0xC812,0x14812,yes,entry,0,24,"0x14E78 7f 01 mov r7,#0x01",,
0x14F8B,bank1,0xCF8B,ajmp,0xC812,0x14812,yes,entry,0,24,"0x14F8A b4 01 12 cjne a,#0x01,0xcf9f",,
0x14FE6,bank1,0xCFE6,ajmp,0xC8F0,0x148F0,yes,entry,1,23,"0x14FE4 20 e3 01 jb acc.3,0xcfe8",,
0x150B8,bank1,0xD0B8,ajmp,0xD022,0x15022,yes,other,1,23,"0x150B6 b5 00 01 cjne a,0x00,0xd0ba",,
0x150DB,bank1,0xD0DB,ajmp,0xD5F0,0x155F0,yes,other,1,23,"0x150D9 90 04 a1 mov dptr,#0x04a1",,
0x150E4,bank1,0xD0E4,acall,0xD6B8,0x156B8,yes,other,0,24,0x150E3 02 d1 b8 ljmp 0xd1b8,,
0x150E7,bank1,0xD0E7,acall,0xD67E,0x1567E,yes,entry,0,24,0x150E6 02 d1 7e ljmp 0xd17e,,
0x150F4,bank1,0xD0F4,acall,0xD6BC,0x156BC,yes,other,0,24,0x150F3 12 d1 bc lcall 0xd1bc,,
0x15106,bank1,0xD106,ajmp,0xD090,0x15090,yes,other,1,23,"0x15105 90 01 90 mov dptr,#0x0190",,
0x15128,bank1,0xD128,ajmp,0xD00C,0x1500C,yes,entry,0,24,"0x15127 b4 01 0c cjne a,#0x01,0xd136",,
0x1512B,bank1,0xD12B,ajmp,0xD090,0x15090,yes,other,0,24,"0x1512A 90 01 90 mov dptr,#0x0190",,
0x1515A,bank1,0xD15A,ajmp,0xD6F0,0x156F0,yes,other,2,22,"0x15158 90 03 c1 mov dptr,#0x03c1",,
0x151B9,bank1,0xD1B9,acall,0xD66F,0x1566F,yes,other,0,24,0x151B8 12 d1 6f lcall 0xd16f,,
0x151BE,bank1,0xD1BE,acall,0xD4E0,0x154E0,yes,other,1,23,"0x151BC 90 04 91 mov dptr,#0x0491",,
0x152AF,bank1,0xD2AF,ajmp,0xD07A,0x1507A,yes,other,0,24,"0x152AE 7b 01 mov r3,#0x01",,
0x15310,bank1,0xD310,ajmp,0xD0E4,0x150E4,yes,other,1,23,0x1530F 50 01 jnc 0xd312,,
0x15319,bank1,0xD319,ajmp,0xD002,0x15002,yes,other,2,22,"0x15318 85 01 02 mov 0x02,0x01",,
0x1531D,bank1,0xD31D,ajmp,0xD07C,0x1507C,yes,other,2,22,"0x1531B 85 00 01 mov 0x01,0x00",,
0x15333,bank1,0xD333,ajmp,0xD6E0,0x156E0,yes,other,1,23,"0x15331 90 03 c1 mov dptr,#0x03c1",,
0x15336,bank1,0xD336,ajmp,0xD001,0x15001,yes,other,0,24,"0x15335 b5 01 01 cjne a,0x01,0xd339",,
0x15337,bank1,0xD337,ajmp,0xD022,0x15022,yes,other,0,24,"0x15335 b5 01 01 cjne a,0x01,0xd339",,
0x1533D,bank1,0xD33D,ajmp,0xD5E0,0x155E0,yes,other,1,23,"0x1533B 90 03 a1 mov dptr,#0x03a1",,
0x15343,bank1,0xD343,ajmp,0xD0F0,0x150F0,yes,other,0,24,"0x15342 44 01 orl a,#0x01",,
0x1535E,bank1,0xD35E,ajmp,0xD050,0x15050,yes,entry,0,24,"0x1535D 24 01 add a,#0x01",,
0x15362,bank1,0xD362,ajmp,0xD0F0,0x150F0,yes,other,0,24,"0x15361 79 01 mov r1,#0x01",,
0x153CB,bank1,0xD3CB,ajmp,0xD3EF,0x153EF,yes,entry,0,24,"0x153C9 bd de 61 cjne r5,#0xde,0xd42d",,
0x153E3,bank1,0xD3E3,acall,0xD4E0,0x154E0,yes,other,4,20,"0x153E1 90 04 91 mov dptr,#0x0491",,
0x15407,bank1,0xD407,ajmp,0xD07C,0x1507C,yes,other,4,20,"0x15405 85 03 01 mov 0x01,0x03",,
0x15413,bank1,0xD413,ajmp,0xD003,0x15003,yes,entry,1,23,"0x15412 85 01 03 mov 0x03,0x01",,
0x15450,bank1,0xD450,ajmp,0xD07C,0x1507C,yes,other,3,21,"0x1544E 85 03 01 mov 0x01,0x03",,
0x1545C,bank1,0xD45C,ajmp,0xD003,0x15003,yes,entry,1,23,"0x1545B 85 01 03 mov 0x03,0x01",,
0x15471,bank1,0xD471,ajmp,0xD0E4,0x150E4,yes,other,0,24,0x15470 80 01 sjmp 0xd473,,
0x154BD,bank1,0xD4BD,ajmp,0xD5E0,0x155E0,yes,other,1,23,"0x154BB 90 03 a1 mov dptr,#0x03a1",,
0x154C0,bank1,0xD4C0,ajmp,0xD0F0,0x150F0,yes,other,0,24,"0x154BF 44 01 orl a,#0x01",,
0x154D9,bank1,0xD4D9,ajmp,0xD022,0x15022,yes,other,3,21,"0x154D7 10 e4 01 jbc acc.4,0xd4db",,
0x154F4,bank1,0xD4F4,ajmp,0xD00C,0x1500C,yes,entry,0,24,0x154F3 50 01 jnc 0xd4f6,,
0x15502,bank1,0xD502,acall,0xD482,0x15482,yes,other,1,23,0x15501 12 91 82 lcall 0x9182,,
0x15509,bank1,0xD509,acall,0xD493,0x15493,yes,entry,0,24,0x15508 12 91 93 lcall 0x9193,,
0x1551F,bank1,0xD51F,ajmp,0xD040,0x15040,yes,other,0,24,"0x1551E 24 01 add a,#0x01",,
0x15521,bank1,0xD521,ajmp,0xD0F0,0x150F0,yes,other,1,23,0x15520 40 01 jc 0xd523,,
0x15564,bank1,0xD564,ajmp,0xD707,0x15707,yes,other,0,24,"0x15563 20 e1 07 jb acc.1,0xd56d",,
0x1556C,bank1,0xD56C,ajmp,0xD022,0x15022,yes,other,1,23,"0x1556A 30 e4 01 jnb acc.4,0xd56e",,
0x155D1,bank1,0xD5D1,ajmp,0xD040,0x15040,yes,other,0,24,"0x155D0 94 01 subb a,#0x01",,
0x1560C,bank1,0xD60C,ajmp,0xD040,0x15040,yes,other,0,24,"0x1560B 24 01 add a,#0x01",,
0x1560E,bank1,0xD60E,ajmp,0xD0F0,0x150F0,yes,other,1,23,0x1560D 40 01 jc 0xd610,,
0x1562E,bank1,0xD62E,ajmp,0xD701,0x15701,yes,entry,0,24,"0x1562D 20 e1 01 jb acc.1,0xd631",,
0x1562F,bank1,0xD62F,ajmp,0xD022,0x15022,yes,other,0,24,"0x1562D 20 e1 01 jb acc.1,0xd631",,
0x1563A,bank1,0xD63A,acall,0xD3E0,0x153E0,yes,other,1,23,"0x15638 90 03 71 mov dptr,#0x0371",,
0x15698,bank1,0xD698,ajmp,0xD015,0x15015,yes,entry,0,24,"0x15697 b5 01 15 cjne a,0x01,0xd6af",,
0x156A6,bank1,0xD6A6,ajmp,0xD022,0x15022,yes,other,0,24,0x156A5 40 01 jc 0xd6a8,,
0x156B5,bank1,0xD6B5,ajmp,0xD022,0x15022,yes,other,0,24,0x156B4 80 01 sjmp 0xd6b7,,
0x156B9,bank1,0xD6B9,ajmp,0xD790,0x15790,yes,other,1,23,0x156B7 12 d6 e1 lcall 0xd6e1,,
0x156D5,bank1,0xD6D5,ajmp,0xD022,0x15022,yes,other,1,23,0x156D4 50 01 jnc 0xd6d7,,
0x156E3,bank1,0xD6E3,ajmp,0xD5E0,0x155E0,yes,other,1,23,"0x156E1 90 03 a1 mov dptr,#0x03a1",,
0x15710,bank1,0xD710,ajmp,0xD0F0,0x150F0,yes,other,0,24,"0x1570F 7d 01 mov r5,#0x01",,
0x15714,bank1,0xD714,acall,0xD5E0,0x155E0,yes,other,1,23,"0x15712 90 03 b1 mov dptr,#0x03b1",,
0x1572A,bank1,0xD72A,acall,0xD5E0,0x155E0,yes,other,1,23,"0x15728 90 03 b1 mov dptr,#0x03b1",,
0x15739,bank1,0xD739,acall,0xD5F0,0x155F0,yes,other,1,23,"0x15737 90 03 b1 mov dptr,#0x03b1",,
0x1574C,bank1,0xD74C,ajmp,0xD0F0,0x150F0,yes,other,0,24,"0x1574B 7d 01 mov r5,#0x01",,
0x15758,bank1,0xD758,ajmp,0xD02D,0x1502D,yes,other,0,24,"0x15757 7e 01 mov r6,#0x01",,
0x1575D,bank1,0xD75D,ajmp,0xD0F0,0x150F0,yes,other,0,24,"0x1575C 7e 01 mov r6,#0x01",,
0x15765,bank1,0xD765,ajmp,0xD00B,0x1500B,yes,other,0,24,0x15764 50 01 jnc 0xd767,,
0x15769,bank1,0xD769,ajmp,0xD00B,0x1500B,yes,other,0,24,0x15768 50 01 jnc 0xd76b,,
0x1577F,bank1,0xD77F,ajmp,0xD0F0,0x150F0,yes,other,0,24,0x1577E 40 01 jc 0xd781,,
0x15791,bank1,0xD791,ajmp,0xD040,0x15040,yes,other,0,24,"0x15790 24 01 add a,#0x01",,
0x1579F,bank1,0xD79F,ajmp,0xD290,0x15290,yes,other,0,24,0x1579E 80 41 sjmp 0xd7e1,,
0x157B0,bank1,0xD7B0,ajmp,0xD0F0,0x150F0,yes,other,0,24,0x157AF 40 01 jc 0xd7b2,,
0x157C2,bank1,0xD7C2,ajmp,0xD040,0x15040,yes,other,0,24,"0x157C1 24 01 add a,#0x01",,
0x157D9,bank1,0xD7D9,ajmp,0xD0F0,0x150F0,yes,other,0,24,"0x157D8 7d 01 mov r5,#0x01",,
0x157EB,bank1,0xD7EB,ajmp,0xD0F0,0x150F0,yes,other,0,24,"0x157EA 7d 01 mov r5,#0x01",,
0x15821,bank1,0xD821,ajmp,0xD87B,0x1587B,yes,other,0,24,"0x15820 8c 01 mov 0x01,r4",,
0x1585D,bank1,0xD85D,ajmp,0xD97A,0x1597A,yes,other,0,24,0x1585C 80 21 sjmp 0xd87f,,
0x15877,bank1,0xD877,ajmp,0xD87B,0x1587B,yes,other,0,24,"0x15876 8c 01 mov 0x01,r4",,
0x15889,bank1,0xD889,ajmp,0xD8FF,0x158FF,yes,other,2,22,"0x15888 63 01 ff xrl 0x01,#0xff",,
0x15890,bank1,0xD890,ajmp,0xD840,0x15840,yes,other,2,22,"0x1588F 24 01 add a,#0x01",,
0x15892,bank1,0xD892,ajmp,0xD8F0,0x158F0,yes,other,3,21,0x15891 40 01 jc 0xd894,,
0x158E4,bank1,0xD8E4,acall,0xDFFA,0x15FFA,yes,other,0,24,"0x158E3 92 f1 mov b.1,c",,
0x158EB,bank1,0xD8EB,acall,0xDF13,0x15F13,yes,other,0,24,"0x158EA a2 f1 mov c,b.1",,
0x158EF,bank1,0xD8EF,ajmp,0xD822,0x15822,yes,entry,0,24,0x158EE 40 01 jc 0xd8f1,,
0x158F2,bank1,0xD8F2,ajmp,0xD8F9,0x158F9,yes,entry,0,24,"0x158F1 24 01 add a,#0x01",,
0x15910,bank1,0xD910,acall,0xDCE0,0x15CE0,yes,other,2,22,"0x1590E 90 04 91 mov dptr,#0x0491",,
0x1591F,bank1,0xD91F,ajmp,0xD879,0x15879,yes,other,0,24,"0x1591E 7a 01 mov r2,#0x01",,
0x15925,bank1,0xD925,ajmp,0xD879,0x15879,yes,other,0,24,"0x15924 7a 01 mov r2,#0x01",,
0x1594E,bank1,0xD94E,ajmp,0xDC90,0x15C90,yes,other,1,23,0x1594C 12 e7 81 lcall 0xe781,,
0x15967,bank1,0xD967,ajmp,0xD822,0x15822,yes,entry,1,23,"0x15965 30 e4 01 jnb acc.4,0xd969",,
0x15991,bank1,0xD991,ajmp,0xD80C,0x1580C,yes,other,0,24,0x15990 50 01 jnc 0xd993,,
0x1599D,bank1,0xD99D,acall,0xDC82,0x15C82,yes,entry,1,23,0x1599C 12 91 82 lcall 0x9182,,
0x159A4,bank1,0xD9A4,acall,0xDC93,0x15C93,yes,other,0,24,0x159A3 12 91 93 lcall 0x9193,,
0x159C9,bank1,0xD9C9,ajmp,0xD890,0x15890,yes,other,0,24,"0x159C8 8a 01 mov 0x01,r2",,
0x159D3,bank1,0xD9D3,acall,0xDCE0,0x15CE0,yes,other,1,23,"0x159D1 90 04 91 mov dptr,#0x0491",,
0x159E7,bank1,0xD9E7,ajmp,0xD880,0x15880,yes,other,2,22,"0x159E5 75 f0 01 mov 0xf0,#0x01",,
0x159F0,bank1,0xD9F0,ajmp,0xD880,0x15880,yes,other,2,22,"0x159EE 75 f0 01 mov 0xf0,#0x01",,
0x159F9,bank1,0xD9F9,ajmp,0xD880,0x15880,yes,other,2,22,"0x159F7 75 f0 01 mov 0xf0,#0x01",,
0x15A19,bank1,0xDA19,ajmp,0xD80B,0x1580B,yes,entry,0,24,0x15A18 50 01 jnc 0xda1b,,
0x15A2F,bank1,0xDA2F,ajmp,0xD820,0x15820,yes,other,3,21,"0x15A2E 24 01 add a,#0x01",,
0x15A79,bank1,0xDA79,ajmp,0xDF0D,0x15F0D,yes,other,2,22,"0x15A78 30 e1 0d jnb acc.1,0xda88",,
0x15A7E,bank1,0xDA7E,ajmp,0xD8F0,0x158F0,yes,other,0,24,"0x15A7D 44 01 orl a,#0x01",,
0x15A97,bank1,0xDA97,ajmp,0xD822,0x15822,yes,entry,1,23,"0x15A95 20 e0 01 jb acc.0,0xda99",,
0x15AAA,bank1,0xDAAA,ajmp,0xD8F0,0x158F0,yes,other,0,24,"0x15AA9 44 01 orl a,#0x01",,
0x15ACB,bank1,0xDACB,ajmp,0xD990,0x15990,yes,other,1,23,0x15ACA 80 21 sjmp 0xdaed,,
0x15AF4,bank1,0xDAF4,ajmp,0xD8A9,0x158A9,yes,entry,1,23,"0x15AF3 a8 01 mov r0,0x01",,
0x15B0C,bank1,0xDB0C,ajmp,0xDD90,0x15D90,yes,other,0,24,"0x15B0B 74 a1 mov a,#0xa1",,
0x15B12,bank1,0xDB12,acall,0xDE74,0x15E74,yes,other,3,21,0x15B11 c2 d1 clr 0xd1,,
0x15B1D,bank1,0xDB1D,ajmp,0xD822,0x15822,yes,entry,2,22,0x15B1C 50 01 jnc 0xdb1f,,
0x15B33,bank1,0xDB33,ajmp,0xD822,0x15822,yes,entry,2,22,0x15B32 50 01 jnc 0xdb35,,
0x15B48,bank1,0xDB48,acall,0xDCE0,0x15CE0,yes,other,2,22,"0x15B46 90 04 91 mov dptr,#0x0491",,
0x15B50,bank1,0xDB50,acall,0xDCE0,0x15CE0,yes,other,1,23,"0x15B4E 90 04 91 mov dptr,#0x0491",,
0x15B58,bank1,0xDB58,acall,0xDCE0,0x15CE0,yes,other,1,23,"0x15B56 90 04 91 mov dptr,#0x0491",,
0x15B5E,bank1,0xDB5E,acall,0xDCF0,0x15CF0,yes,other,2,22,"0x15B5C 90 04 91 mov dptr,#0x0491",,
0x15B73,bank1,0xDB73,ajmp,0xD822,0x15822,yes,entry,2,22,0x15B72 50 01 jnc 0xdb75,,
0x15B84,bank1,0xDB84,ajmp,0xD822,0x15822,yes,entry,2,22,0x15B83 50 01 jnc 0xdb86,,
0x15BC7,bank1,0xDBC7,acall,0xDCF0,0x15CF0,yes,other,1,23,"0x15BC5 90 03 91 mov dptr,#0x0391",,
0x15BD9,bank1,0xDBD9,ajmp,0xD890,0x15890,yes,other,2,22,"0x15BD8 74 01 mov a,#0x01",,
0x15BFE,bank1,0xDBFE,ajmp,0xDD90,0x15D90,yes,other,0,24,"0x15BFD 74 a1 mov a,#0xa1",,
0x15C53,bank1,0xDC53,ajmp,0xDD90,0x15D90,yes,other,0,24,"0x15C52 74 a1 mov a,#0xa1",,
0x15C69,bank1,0xDC69,ajmp,0xDD90,0x15D90,yes,other,0,24,"0x15C68 74 a1 mov a,#0xa1",,
0x15C7F,bank1,0xDC7F,ajmp,0xDD90,0x15D90,yes,other,0,24,"0x15C7E 74 a1 mov a,#0xa1",,
0x15CBD,bank1,0xDCBD,ajmp,0xD802,0x15802,yes,other,24,0,,,
0x15CCD,bank1,0xDCCD,acall,0xD812,0x15812,yes,other,0,24,"0x15CCC 10 11 12 jbc 0x22.1,0xdce1",,
0x15CDD,bank1,0xDCDD,ajmp,0xD922,0x15922,yes,entry,0,24,"0x15CDC 20 21 22 jb 0x24.1,0xdd01",,
0x15CED,bank1,0xDCED,acall,0xD932,0x15932,yes,other,0,24,"0x15CEC 30 31 32 jnb 0x26.1,0xdd21",,
0x15CFD,bank1,0xDCFD,ajmp,0xDA42,0x15A42,yes,other,0,24,0x15CFC 40 41 jc 0xdd3f,,
0x15D0D,bank1,0xDD0D,acall,0xDA52,0x15A52,yes,other,0,24,0x15D0C 50 51 jnc 0xdd5f,,
0x15DBD,bank1,0xDDBD,ajmp,0xD802,0x15802,yes,other,24,0,,,
0x15DCD,bank1,0xDDCD,acall,0xD812,0x15812,yes,other,0,24,"0x15DCC 10 11 12 jbc 0x22.1,0xdde1",,
0x15DDD,bank1,0xDDDD,ajmp,0xD922,0x15922,yes,entry,0,24,"0x15DDC 20 21 22 jb 0x24.1,0xde01",,
0x15DED,bank1,0xDDED,acall,0xD932,0x15932,yes,other,0,24,"0x15DEC 30 31 32 jnb 0x26.1,0xde21",,
0x15DFD,bank1,0xDDFD,ajmp,0xDA42,0x15A42,yes,other,0,24,0x15DFC 40 41 jc 0xde3f,,
0x15E0D,bank1,0xDE0D,acall,0xDA52,0x15A52,yes,other,0,24,0x15E0C 50 51 jnc 0xde5f,,
0x15E44,bank1,0xDE44,ajmp,0xDBE0,0x15BE0,yes,other,0,24,"0x15E42 90 05 61 mov dptr,#0x0561",,
0x15E69,bank1,0xDE69,ajmp,0xDD90,0x15D90,yes,other,1,23,"0x15E68 74 a1 mov a,#0xa1",,
0x15E72,bank1,0xDE72,ajmp,0xD8F0,0x158F0,yes,other,1,23,"0x15E70 90 1c 01 mov dptr,#0x1c01",,
0x15E76,bank1,0xDE76,ajmp,0xDF2D,0x15F2D,yes,other,0,24,"0x15E75 30 e1 2d jnb acc.1,0xdea5",,
0x15E83,bank1,0xDE83,ajmp,0xDBE0,0x15BE0,yes,other,0,24,"0x15E81 90 05 61 mov dptr,#0x0561",,
0x15EB1,bank1,0xDEB1,ajmp,0xDBF0,0x15BF0,yes,other,0,24,"0x15EAF 90 05 61 mov dptr,#0x0561",,
0x15EB8,bank1,0xDEB8,ajmp,0xD820,0x15820,yes,other,0,24,"0x15EB7 24 01 add a,#0x01",,
0x15ECC,bank1,0xDECC,ajmp,0xD822,0x15822,yes,entry,0,24,"0x15ECA b4 c0 01 cjne a,#0xc0,0xdece",,
0x15EDD,bank1,0xDEDD,ajmp,0xDCE0,0x15CE0,yes,other,3,21,"0x15EDB 90 06 81 mov dptr,#0x0681",,
0x15EF2,bank1,0xDEF2,ajmp,0xD873,0x15873,yes,other,0,24,"0x15EF1 b5 01 73 cjne a,0x01,0xdf67",,
0x15F02,bank1,0xDF02,ajmp,0xD863,0x15863,yes,other,0,24,"0x15F01 b5 01 63 cjne a,0x01,0xdf67",,
0x15F17,bank1,0xDF17,ajmp,0xD84E,0x1584E,yes,other,0,24,"0x15F16 b5 01 4e cjne a,0x01,0xdf67",,
0x15F3C,bank1,0xDF3C,ajmp,0xD829,0x15829,yes,entry,0,24,"0x15F3B b5 01 29 cjne a,0x01,0xdf67",,
0x15F40,bank1,0xDF40,ajmp,0xDEF0,0x15EF0,yes,other,1,23,"0x15F3E 90 03 c1 mov dptr,#0x03c1",,
0x15F4D,bank1,0xDF4D,ajmp,0xDDE0,0x15DE0,yes,other,2,22,"0x15F4B 90 03 a1 mov dptr,#0x03a1",,
0x16040,bank1,0xE040,acall,0xE4E0,0x164E0,yes,other,1,23,"0x1603E 90 04 91 mov dptr,#0x0491",,
0x1604A,bank1,0xE04A,acall,0xE4E0,0x164E0,yes,other,3,21,"0x16048 90 04 91 mov dptr,#0x0491",,
0x16054,bank1,0xE054,acall,0xE4E0,0x164E0,yes,other,1,23,"0x16052 90 04 91 mov dptr,#0x0491",,
0x1605C,bank1,0xE05C,acall,0xE4F0,0x164F0,yes,other,2,22,"0x1605A 90 04 91 mov dptr,#0x0491",,
0x16066,bank1,0xE066,acall,0xE4E0,0x164E0,yes,other,4,20,"0x16064 90 04 91 mov dptr,#0x0491",,
0x160A9,bank1,0xE0A9,ajmp,0xE090,0x16090,yes,entry,0,24,"0x160A8 74 01 mov a,#0x01",,
0x160E0,bank1,0xE0E0,ajmp,0xE001,0x16001,yes,entry,0,24,"0x160DF b5 01 01 cjne a,0x01,0xe0e3",,
0x160E1,bank1,0xE0E1,ajmp,0xE022,0x16022,yes,entry,0,24,"0x160DF b5 01 01 cjne a,0x01,0xe0e3",,
0x16102,bank1,0xE102,ajmp,0xE5E0,0x165E0,yes,other,1,23,"0x16100 90 03 a1 mov dptr,#0x03a1",,
0x16159,bank1,0xE159,ajmp,0xE090,0x16090,yes,entry,0,24,"0x16158 74 01 mov a,#0x01",,
0x16162,bank1,0xE162,ajmp,0xE0F0,0x160F0,yes,other,1,23,"0x16160 90 1c 01 mov dptr,#0x1c01",,
0x16166,bank1,0xE166,ajmp,0xE76F,0x1676F,yes,other,0,24,"0x16165 30 e1 6f jnb acc.1,0xe1d7",,
0x16173,bank1,0xE173,acall,0xE4E0,0x164E0,yes,other,1,23,"0x16171 90 03 91 mov dptr,#0x0391",,
0x16184,bank1,0xE184,ajmp,0xE5F9,0x165F9,yes,other,4,20,0x16182 12 9e a1 lcall 0x9ea1,,
0x1618B,bank1,0xE18B,ajmp,0xE000,0x16000,yes,other,0,24,"0x1618A 85 01 00 mov 0x00,0x01",,
0x161DC,bank1,0xE1DC,ajmp,0xE040,0x16040,yes,other,0,24,"0x161DB 24 01 add a,#0x01",,
0x16244,bank1,0xE244,ajmp,0xE090,0x16090,yes,entry,0,24,"0x16243 74 01 mov a,#0x01",,
0x1624D,bank1,0xE24D,ajmp,0xE0F0,0x160F0,yes,other,1,23,"0x1624B 90 1c 01 mov dptr,#0x1c01",,
0x16253,bank1,0xE253,ajmp,0xE7FB,0x167FB,yes,other,0,24,"0x16252 30 e1 fb jnb acc.1,0xe250",,
0x1626C,bank1,0xE26C,acall,0xE4E0,0x164E0,yes,other,1,23,"0x1626A 90 03 91 mov dptr,#0x0391",,
0x16278,bank1,0xE278,ajmp,0xE590,0x16590,yes,other,1,23,0x16276 12 9e a1 lcall 0x9ea1,,
0x1629D,bank1,0xE29D,ajmp,0xE0F0,0x160F0,yes,other,0,24,"0x1629C 64 01 xrl a,#0x01",,
0x162DC,bank1,0xE2DC,ajmp,0xE002,0x16002,yes,other,0,24,"0x162DB b4 01 02 cjne a,#0x01,0xe2e0",,
0x162F1,bank1,0xE2F1,ajmp,0xE5E0,0x165E0,yes,other,2,22,"0x162EF 90 03 a1 mov dptr,#0x03a1",,
0x162F4,bank1,0xE2F4,ajmp,0xE724,0x16724,yes,entry,0,24,"0x162F3 20 e1 24 jb acc.1,0xe31a",,
0x1630F,bank1,0xE30F,ajmp,0xE090,0x16090,yes,entry,0,24,"0x1630E 74 01 mov a,#0x01",,
0x16354,bank1,0xE354,ajmp,0xE080,0x16080,yes,other,0,24,0x16352 02 e5 01 ljmp 0xe501,,
0x16356,bank1,0xE356,acall,0xE090,0x16090,yes,entry,1,23,0x16355 80 11 sjmp 0xe368,,
0x16367,bank1,0xE367,ajmp,0xE090,0x16090,yes,entry,0,24,0x16365 02 e5 01 ljmp 0xe501,,
0x16390,bank1,0xE390,ajmp,0xE0F0,0x160F0,yes,other,1,23,"0x1638E 90 1c 01 mov dptr,#0x1c01",,
0x1639E,bank1,0xE39E,ajmp,0xE711,0x16711,yes,entry,0,24,"0x1639D 30 e1 11 jnb acc.1,0xe3b1",,
0x1639F,bank1,0xE39F,acall,0xE054,0x16054,yes,other,0,24,"0x1639D 30 e1 11 jnb acc.1,0xe3b1",,
0x163D1,bank1,0xE3D1,ajmp,0xE5E0,0x165E0,yes,other,1,23,"0x163CF 90 03 a1 mov dptr,#0x03a1",,
0x163E0,bank1,0xE3E0,ajmp,0xE590,0x16590,yes,other,0,24,"0x163DF 74 a1 mov a,#0xa1",,
0x163E9,bank1,0xE3E9,ajmp,0xE0F0,0x160F0,yes,other,1,23,"0x163E7 90 1c 01 mov dptr,#0x1c01",,
0x16406,bank1,0xE406,ajmp,0xE0F0,0x160F0,yes,other,1,23,"0x16404 90 1c 01 mov dptr,#0x1c01",,
0x1640E,bank1,0xE40E,ajmp,0xE717,0x16717,yes,other,0,24,"0x1640D 30 e1 17 jnb acc.1,0xe427",,
0x16426,bank1,0xE426,ajmp,0xE012,0x16012,yes,other,0,24,0x16424 02 e5 01 ljmp 0xe501,,
0x1642C,bank1,0xE42C,ajmp,0xE003,0x16003,yes,other,0,24,0x1642A 02 e5 01 ljmp 0xe501,,
0x16446,bank1,0xE446,ajmp,0xE241,0x16241,yes,other,24,0,,,
0x16447,bank1,0xE447,ajmp,0xE203,0x16203,yes,other,0,24,,,
0x16458,bank1,0xE458,acall,0xE251,0x16251,yes,entry,24,0,,,
0x16459,bank1,0xE459,acall,0xE203,0x16203,yes,other,0,24,,,
0x164C9,bank1,0xE4C9,ajmp,0xE0F0,0x160F0,yes,other,1,23,"0x164C7 90 1c 01 mov dptr,#0x1c01",,
0x164D4,bank1,0xE4D4,ajmp,0xE012,0x16012,yes,other,0,24,"0x164D3 7b 01 mov r3,#0x01",,
0x164EE,bank1,0xE4EE,ajmp,0xE75F,0x1675F,yes,other,0,24,"0x164ED 30 e1 5f jnb acc.1,0xe54f",,
0x16513,bank1,0xE513,ajmp,0xE009,0x16009,yes,other,0,24,"0x16512 b4 01 09 cjne a,#0x01,0xe51e",,
0x16517,bank1,0xE517,ajmp,0xE5E0,0x165E0,yes,other,1,23,"0x16515 90 03 a1 mov dptr,#0x03a1",,
0x16523,bank1,0xE523,ajmp,0xE5E0,0x165E0,yes,other,2,22,"0x16521 90 03 a1 mov dptr,#0x03a1",,
0x16526,bank1,0xE526,ajmp,0xE7F0,0x167F0,yes,other,0,24,0x16525 c2 e1 clr 0xe1,,
0x1652F,bank1,0xE52F,ajmp,0xE5E0,0x165E0,yes,other,1,23,"0x1652D 90 03 a1 mov dptr,#0x03a1",,
0x1653B,bank1,0xE53B,ajmp,0xE5E0,0x165E0,yes,other,1,23,"0x16539 90 03 a1 mov dptr,#0x03a1",,
0x16554,bank1,0xE554,ajmp,0xE040,0x16040,yes,other,0,24,"0x16553 24 01 add a,#0x01",,
0x1655D,bank1,0xE55D,ajmp,0xE5F0,0x165F0,yes,other,1,23,"0x1655B 90 03 a1 mov dptr,#0x03a1",,
0x16569,bank1,0xE569,ajmp,0xE090,0x16090,yes,entry,0,24,"0x16568 74 01 mov a,#0x01",,
0x1656C,bank1,0xE56C,ajmp,0xE4F0,0x164F0,yes,other,2,22,"0x1656A 90 06 81 mov dptr,#0x0681",,
0x16571,bank1,0xE571,ajmp,0xE5E0,0x165E0,yes,other,1,23,"0x1656F 90 03 a1 mov dptr,#0x03a1",,
0x165CB,bank1,0xE5CB,ajmp,0xE0FB,0x160FB,yes,entry,0,24,0x165CA 80 01 sjmp 0xe5cd,,
0x1660E,bank1,0xE60E,ajmp,0xE0E4,0x160E4,yes,other,0,24,0x1660D 50 01 jnc 0xe610,,
0x16618,bank1,0xE618,acall,0xE4E0,0x164E0,yes,other,1,23,"0x16616 90 04 91 mov dptr,#0x0491",,
0x16661,bank1,0xE661,acall,0xE4E0,0x164E0,yes,other,1,23,"0x1665F 90 04 91 mov dptr,#0x0491",,
0x1669D,bank1,0xE69D,ajmp,0xE0FB,0x160FB,yes,entry,0,24,0x1669C 80 01 sjmp 0xe69f,,
0x166C0,bank1,0xE6C0,ajmp,0xE0FB,0x160FB,yes,entry,0,24,0x166BF 80 01 sjmp 0xe6c2,,
0x166FF,bank1,0xE6FF,ajmp,0xE07A,0x1607A,yes,other,1,23,"0x166FE 79 01 mov r1,#0x01",,
0x1671B,bank1,0xE71B,ajmp,0xE07B,0x1607B,yes,other,0,24,"0x1671A 8a 01 mov 0x01,r2",,
0x16726,bank1,0xE726,ajmp,0xE012,0x16012,yes,other,0,24,"0x16725 88 01 mov 0x01,r0",,
0x16766,bank1,0xE766,ajmp,0xE0F0,0x160F0,yes,other,1,23,"0x16764 90 1c 01 mov dptr,#0x1c01",,
0x16777,bank1,0xE777,ajmp,0xE022,0x16022,yes,entry,0,24,0x16776 50 01 jnc 0xe779,,
0x1678C,bank1,0xE78C,ajmp,0xE707,0x16707,yes,other,2,22,"0x1678B 30 e1 07 jnb acc.1,0xe795",,
0x1679B,bank1,0xE79B,ajmp,0xE070,0x16070,yes,entry,0,24,"0x1679A 94 01 subb a,#0x01",,
0x167DF,bank1,0xE7DF,ajmp,0xE0F5,0x160F5,yes,other,17,7,0x167DD 02 00 01 ljmp 0x0001,,
0x167E1,bank1,0xE7E1,ajmp,0xE0E9,0x160E9,yes,entry,16,8,"0x167E0 f5 01 mov 0x01,a",,
0x167E3,bank1,0xE7E3,ajmp,0xE0DE,0x160DE,yes,other,24,0,,,
0x167E5,bank1,0xE7E5,ajmp,0xE0D3,0x160D3,yes,other,23,1,"0x167E4 de 01 djnz r6,0xe7e7",,
0x167E7,bank1,0xE7E7,ajmp,0xE0C8,0x160C8,yes,entry,24,0,,,
0x167E9,bank1,0xE7E9,ajmp,0xE0BE,0x160BE,yes,other,24,0,,,
0x167EB,bank1,0xE7EB,ajmp,0xE0B3,0x160B3,yes,other,23,1,"0x167EA be 01 b3 cjne r6,#0x01,0xe7a0",,
0x167ED,bank1,0xE7ED,ajmp,0xE0A9,0x160A9,yes,other,24,0,,,
0x167EF,bank1,0xE7EF,ajmp,0xE09E,0x1609E,yes,entry,23,1,"0x167EE a9 01 mov r1,0x01",,
0x167F1,bank1,0xE7F1,ajmp,0xE094,0x16094,yes,entry,24,0,,,
0x167F3,bank1,0xE7F3,ajmp,0xE08A,0x1608A,yes,entry,23,1,"0x167F2 94 01 subb a,#0x01",,
0x167F5,bank1,0xE7F5,ajmp,0xE081,0x16081,yes,entry,22,2,"0x167F4 8a 01 mov 0x01,r2",,
0x167F6,bank1,0xE7F6,ajmp,0xE401,0x16401,yes,other,2,22,,,
0x167F7,bank1,0xE7F7,ajmp,0xE077,0x16077,yes,other,21,3,,,
0x167F9,bank1,0xE7F9,ajmp,0xE06E,0x1606E,yes,other,20,4,0x167F8 77 01 db 0x77,,
0x167FB,bank1,0xE7FB,ajmp,0xE064,0x16064,yes,entry,24,0,,,
0x167FD,bank1,0xE7FD,ajmp,0xE05B,0x1605B,yes,other,23,1,"0x167FC 64 01 xrl a,#0x01",,
0x167FF,bank1,0xE7FF,ajmp,0xE853,0x16853,yes,other,24,0,,,
0x16801,bank1,0xE801,ajmp,0xE84A,0x1684A,yes,entry,23,1,"0x16800 53 01 4a anl 0x01,#0x4a",,
0x16803,bank1,0xE803,ajmp,0xE841,0x16841,yes,other,24,0,,,
0x16804,bank1,0xE804,ajmp,0xEA01,0x16A01,yes,other,0,24,,,
0x16805,bank1,0xE805,ajmp,0xE839,0x16839,yes,other,23,1,,,
0x16807,bank1,0xE807,ajmp,0xE831,0x16831,yes,other,24,0,,,
0x16808,bank1,0xE808,acall,0xE901,0x16901,yes,other,0,24,,,
0x16809,bank1,0xE809,ajmp,0xE829,0x16829,yes,other,23,1,,,
0x1680B,bank1,0xE80B,ajmp,0xE821,0x16821,yes,other,24,0,,,
0x1680C,bank1,0xE80C,ajmp,0xE901,0x16901,yes,other,0,24,,,
0x1680D,bank1,0xE80D,ajmp,0xE81A,0x1681A,yes,other,23,1,,,
0x1680F,bank1,0xE80F,ajmp,0xE812,0x16812,yes,other,24,0,,,
0x16811,bank1,0xE811,ajmp,0xE80B,0x1680B,yes,other,23,1,0x16810 12 01 0b lcall 0x010b,,
0x16813,bank1,0xE813,ajmp,0xE804,0x16804,yes,other,24,0,,,
0x16824,bank1,0xE824,acall,0xEE00,0x16E00,yes,other,24,0,,,
0x1682A,bank1,0xE82A,ajmp,0xEE00,0x16E00,yes,other,24,0,,,
0x16894,bank1,0xE894,acall,0xE900,0x16900,yes,other,24,0,,,
0x168A3,bank1,0xE8A3,acall,0xE990,0x16990,yes,other,1,23,0x168A1 02 e9 31 ljmp 0xe931,,
0x168B2,bank1,0xE8B2,ajmp,0xE8FD,0x168FD,yes,other,0,24,"0x168B1 74 01 mov a,#0x01",,
0x168BF,bank1,0xE8BF,acall,0xED12,0x16D12,yes,other,2,22,"0x168BD 90 e7 b1 mov dptr,#0xe7b1",,
0x168D6,bank1,0xE8D6,acall,0xED12,0x16D12,yes,other,1,23,"0x168D4 90 e7 b1 mov dptr,#0xe7b1",,
0x1690E,bank1,0xE90E,ajmp,0xE87C,0x1687C,yes,other,0,24,"0x1690D 8b 01 mov 0x01,r3",,
0x16918,bank1,0xE918,ajmp,0xE8E4,0x168E4,yes,other,0,24,0x16917 80 01 sjmp 0xe91a,,
0x16941,bank1,0xE941,acall,0xE81A,0x1681A,yes,other,24,0,,,
0x1694B,bank1,0xE94B,acall,0xE81B,0x1681B,yes,other,24,0,,,
0x16983,bank1,0xE983,ajmp,0xEA19,0x16A19,yes,other,24,0,,,
0x16993,bank1,0xE993,acall,0xE819,0x16819,yes,other,24,0,,,
0x169AB,bank1,0xE9AB,acall,0xEE18,0x16E18,yes,other,24,0,,,
0x16A35,bank1,0xEA35,acall,0xE828,0x16828,yes,other,1,23,"0x16A33 ba 28 11 cjne r2,#0x28,0xea47",,
0x16A85,bank1,0xEA85,ajmp,0xEA26,0x16A26,yes,other,24,0,,,
0x16AA3,bank1,0xEAA3,ajmp,0xEC24,0x16C24,yes,other,0,24,"0x16AA1 b8 24 81 cjne r0,#0x24,0xea25",,
0x16B23,bank1,0xEB23,acall,0xEF26,0x16F26,yes,other,23,1,"0x16B22 25 f1 add a,0xf1",,
0x16B3D,bank1,0xEB3D,ajmp,0xEC36,0x16C36,yes,other,24,0,,,
0x16B49,bank1,0xEB49,ajmp,0xE835,0x16835,yes,other,0,24,"0x16B48 35 01 addc a,0x01",,
0x16B7F,bank1,0xEB7F,acall,0xED36,0x16D36,yes,other,0,24,"0x16B7E 35 b1 addc a,0xb1",,
0x16B92,bank1,0xEB92,acall,0xE9FB,0x169FB,yes,other,24,0,,,
0x16BA2,bank1,0xEBA2,acall,0xE954,0x16954,yes,other,22,2,"0x16BA1 b4 31 54 cjne a,#0x31,0xebf8",,
0x16BA4,bank1,0xEBA4,acall,0xE98B,0x1698B,yes,other,23,1,"0x16BA3 54 31 anl a,#0x31",,
0x16BA6,bank1,0xEBA6,acall,0xE9C3,0x169C3,yes,other,22,2,"0x16BA5 8b 31 mov 0x31,r3",,
0x16BA8,bank1,0xEBA8,acall,0xE9FA,0x169FA,yes,other,24,0,,,
0x16BAF,bank1,0xEBAF,ajmp,0xED32,0x16D32,yes,other,24,0,,,
0x16BCB,bank1,0xEBCB,ajmp,0xEB39,0x16B39,yes,other,24,0,,,
0x16BDD,bank1,0xEBDD,acall,0xED3A,0x16D3A,yes,other,24,0,,,
0x16C05,bank1,0xEC05,ajmp,0xEE37,0x16E37,yes,other,24,0,,,
0x16C39,bank1,0xEC39,ajmp,0xE91F,0x1691F,yes,other,24,0,,,
0x16C55,bank1,0xEC55,acall,0xEE1D,0x16E1D,yes,other,24,0,,,
0x16C61,bank1,0xEC61,ajmp,0xE81B,0x1681B,yes,other,24,0,,,
0x16CC1,bank1,0xECC1,acall,0xEA1E,0x16A1E,yes,other,21,3,"0x16CC0 20 51 1e jb 0x2a.1,0xece1",,
0x16CDD,bank1,0xECDD,acall,0xE91F,0x1691F,yes,other,24,0,,,
0x16CF3,bank1,0xECF3,ajmp,0xEB1D,0x16B1D,yes,other,24,0,,,
0x16EA2,bank1,0xEEA2,acall,0xE9CE,0x169CE,yes,other,24,0,,,
0x16F3A,bank1,0xEF3A,ajmp,0xEF35,0x16F35,yes,other,0,24,"0x16F39 20 e1 35 jb acc.1,0xef71",,
0x16F8E,bank1,0xEF8E,acall,0xE890,0x16890,yes,other,0,24,0x16F8D 80 11 sjmp 0xefa0,,
0x1701D,bank1,0xF01D,ajmp,0xF212,0x17212,yes,other,1,23,"0x1701B 90 f0 41 mov dptr,#0xf041",,
0x17027,bank1,0xF027,acall,0xF312,0x17312,yes,other,1,23,"0x17025 90 f0 71 mov dptr,#0xf071",,
0x17031,bank1,0xF031,ajmp,0xF512,0x17512,yes,erased,1,23,"0x1702F 90 f0 a1 mov dptr,#0xf0a1",,
0x1703B,bank1,0xF03B,acall,0xF612,0x17612,yes,erased,1,23,"0x17039 90 f0 d1 mov dptr,#0xf0d1",,
0x17042,bank1,0xF042,acall,0xF701,0x17701,yes,erased,0,24,0x17041 02 f1 01 ljmp 0xf101,,
0x17043,bank1,0xF043,ajmp,0xF002,0x17002,yes,other,0,24,0x17041 02 f1 01 ljmp 0xf101,,
0x17045,bank1,0xF045,acall,0xF702,0x17702,yes,erased,1,23,0x17044 02 f1 02 ljmp 0xf102,,
0x17048,bank1,0xF048,acall,0xF704,0x17704,yes,erased,0,24,0x17047 02 f1 04 ljmp 0xf104,,
0x1704B,bank1,0xF04B,acall,0xF706,0x17706,yes,erased,0,24,0x1704A 02 f1 06 ljmp 0xf106,,
0x1704E,bank1,0xF04E,acall,0xF709,0x17709,yes,erased,0,24,0x1704D 02 f1 09 ljmp 0xf109,,
0x17051,bank1,0xF051,acall,0xF70C,0x1770C,yes,erased,0,24,0x17050 02 f1 0c ljmp 0xf10c,,
0x17054,bank1,0xF054,acall,0xF70D,0x1770D,yes,erased,0,24,0x17053 02 f1 0d ljmp 0xf10d,,
0x17057,bank1,0xF057,acall,0xF710,0x17710,yes,erased,0,24,0x17056 02 f1 10 ljmp 0xf110,,
0x1705A,bank1,0xF05A,acall,0xF713,0x17713,yes,erased,0,24,0x17059 02 f1 13 ljmp 0xf113,,
0x1705D,bank1,0xF05D,acall,0xF716,0x17716,yes,erased,0,24,0x1705C 02 f1 16 ljmp 0xf116,,
0x17060,bank1,0xF060,acall,0xF719,0x17719,yes,erased,0,24,0x1705F 02 f1 19 ljmp 0xf119,,
0x17063,bank1,0xF063,acall,0xF71C,0x1771C,yes,erased,0,24,0x17062 02 f1 1c ljmp 0xf11c,,
0x17066,bank1,0xF066,acall,0xF71F,0x1771F,yes,erased,0,24,0x17065 02 f1 1f ljmp 0xf11f,,
0x17069,bank1,0xF069,acall,0xF722,0x17722,yes,erased,0,24,0x17068 02 f1 22 ljmp 0xf122,,
0x1706C,bank1,0xF06C,acall,0xF723,0x17723,yes,erased,0,24,0x1706B 02 f1 23 ljmp 0xf123,,
0x1706F,bank1,0xF06F,acall,0xF726,0x17726,yes,erased,0,24,0x1706E 02 f1 26 ljmp 0xf126,,
0x17072,bank1,0xF072,acall,0xF727,0x17727,yes,erased,0,24,0x17071 02 f1 27 ljmp 0xf127,,
0x17075,bank1,0xF075,acall,0xF727,0x17727,yes,erased,0,24,0x17074 02 f1 27 ljmp 0xf127,,
0x17078,bank1,0xF078,acall,0xF727,0x17727,yes,erased,0,24,0x17077 02 f1 27 ljmp 0xf127,,
0x1707B,bank1,0xF07B,acall,0xF727,0x17727,yes,erased,0,24,0x1707A 02 f1 27 ljmp 0xf127,,
0x1707E,bank1,0xF07E,acall,0xF727,0x17727,yes,erased,0,24,0x1707D 02 f1 27 ljmp 0xf127,,
0x17081,bank1,0xF081,acall,0xF727,0x17727,yes,erased,0,24,0x17080 02 f1 27 ljmp 0xf127,,
0x17084,bank1,0xF084,acall,0xF727,0x17727,yes,erased,0,24,0x17083 02 f1 27 ljmp 0xf127,,
0x17087,bank1,0xF087,acall,0xF727,0x17727,yes,erased,0,24,0x17086 02 f1 27 ljmp 0xf127,,
0x1708A,bank1,0xF08A,acall,0xF727,0x17727,yes,erased,0,24,0x17089 02 f1 27 ljmp 0xf127,,
0x1708D,bank1,0xF08D,acall,0xF727,0x17727,yes,erased,0,24,0x1708C 02 f1 27 ljmp 0xf127,,
0x17090,bank1,0xF090,acall,0xF727,0x17727,yes,erased,0,24,0x1708F 02 f1 27 ljmp 0xf127,,
0x17093,bank1,0xF093,acall,0xF727,0x17727,yes,erased,0,24,0x17092 02 f1 27 ljmp 0xf127,,
0x17096,bank1,0xF096,acall,0xF727,0x17727,yes,erased,0,24,0x17095 02 f1 27 ljmp 0xf127,,
0x17099,bank1,0xF099,acall,0xF727,0x17727,yes,erased,0,24,0x17098 02 f1 27 ljmp 0xf127,,
0x1709C,bank1,0xF09C,acall,0xF727,0x17727,yes,erased,0,24,0x1709B 02 f1 27 ljmp 0xf127,,
0x1709F,bank1,0xF09F,acall,0xF727,0x17727,yes,erased,0,24,0x1709E 02 f1 27 ljmp 0xf127,,
0x170A2,bank1,0xF0A2,acall,0xF728,0x17728,yes,erased,0,24,0x170A1 02 f1 28 ljmp 0xf128,,
0x170A5,bank1,0xF0A5,acall,0xF728,0x17728,yes,erased,0,24,0x170A4 02 f1 28 ljmp 0xf128,,
0x170A8,bank1,0xF0A8,acall,0xF728,0x17728,yes,erased,0,24,0x170A7 02 f1 28 ljmp 0xf128,,
0x170AB,bank1,0xF0AB,acall,0xF728,0x17728,yes,erased,0,24,0x170AA 02 f1 28 ljmp 0xf128,,
0x170AE,bank1,0xF0AE,acall,0xF728,0x17728,yes,erased,0,24,0x170AD 02 f1 28 ljmp 0xf128,,
0x170B1,bank1,0xF0B1,acall,0xF729,0x17729,yes,erased,0,24,0x170B0 02 f1 29 ljmp 0xf129,,
0x170B4,bank1,0xF0B4,acall,0xF73C,0x1773C,yes,erased,0,24,0x170B3 02 f1 3c ljmp 0xf13c,,
0x170B7,bank1,0xF0B7,acall,0xF73C,0x1773C,yes,erased,0,24,0x170B6 02 f1 3c ljmp 0xf13c,,
0x170BA,bank1,0xF0BA,acall,0xF73C,0x1773C,yes,erased,0,24,0x170B9 02 f1 3c ljmp 0xf13c,,
0x170BD,bank1,0xF0BD,acall,0xF73C,0x1773C,yes,erased,0,24,0x170BC 02 f1 3c ljmp 0xf13c,,
0x170C0,bank1,0xF0C0,acall,0xF73C,0x1773C,yes,erased,0,24,0x170BF 02 f1 3c ljmp 0xf13c,,
0x170C3,bank1,0xF0C3,acall,0xF73C,0x1773C,yes,erased,0,24,0x170C2 02 f1 3c ljmp 0xf13c,,
0x170C6,bank1,0xF0C6,acall,0xF73C,0x1773C,yes,erased,0,24,0x170C5 02 f1 3c ljmp 0xf13c,,
0x170C9,bank1,0xF0C9,acall,0xF73C,0x1773C,yes,erased,0,24,0x170C8 02 f1 3c ljmp 0xf13c,,
0x170CC,bank1,0xF0CC,acall,0xF73C,0x1773C,yes,erased,0,24,0x170CB 02 f1 3c ljmp 0xf13c,,
0x170CF,bank1,0xF0CF,acall,0xF73C,0x1773C,yes,erased,0,24,0x170CE 02 f1 3c ljmp 0xf13c,,
0x170D2,bank1,0xF0D2,acall,0xF73D,0x1773D,yes,erased,0,24,0x170D1 02 f1 3d ljmp 0xf13d,,
0x170D5,bank1,0xF0D5,acall,0xF73E,0x1773E,yes,erased,0,24,0x170D4 02 f1 3e ljmp 0xf13e,,
0x170D8,bank1,0xF0D8,acall,0xF73E,0x1773E,yes,erased,0,24,0x170D7 02 f1 3e ljmp 0xf13e,,
0x170DB,bank1,0xF0DB,acall,0xF73E,0x1773E,yes,erased,0,24,0x170DA 02 f1 3e ljmp 0xf13e,,
0x170DE,bank1,0xF0DE,acall,0xF73E,0x1773E,yes,erased,0,24,0x170DD 02 f1 3e ljmp 0xf13e,,
0x170E1,bank1,0xF0E1,acall,0xF73E,0x1773E,yes,erased,0,24,0x170E0 02 f1 3e ljmp 0xf13e,,
0x170E4,bank1,0xF0E4,acall,0xF73E,0x1773E,yes,erased,0,24,0x170E3 02 f1 3e ljmp 0xf13e,,
0x170E7,bank1,0xF0E7,acall,0xF73E,0x1773E,yes,erased,0,24,0x170E6 02 f1 3e ljmp 0xf13e,,
0x170EA,bank1,0xF0EA,acall,0xF73E,0x1773E,yes,erased,0,24,0x170E9 02 f1 3e ljmp 0xf13e,,
0x170ED,bank1,0xF0ED,acall,0xF73E,0x1773E,yes,erased,0,24,0x170EC 02 f1 3e ljmp 0xf13e,,
0x170F0,bank1,0xF0F0,acall,0xF73E,0x1773E,yes,erased,0,24,0x170EF 02 f1 3e ljmp 0xf13e,,
0x170F3,bank1,0xF0F3,acall,0xF73E,0x1773E,yes,erased,0,24,0x170F2 02 f1 3e ljmp 0xf13e,,
0x170F6,bank1,0xF0F6,acall,0xF73E,0x1773E,yes,erased,0,24,0x170F5 02 f1 3e ljmp 0xf13e,,
0x170F9,bank1,0xF0F9,acall,0xF73E,0x1773E,yes,erased,0,24,0x170F8 02 f1 3e ljmp 0xf13e,,
0x170FC,bank1,0xF0FC,acall,0xF73E,0x1773E,yes,erased,0,24,0x170FB 02 f1 3e ljmp 0xf13e,,
0x170FF,bank1,0xF0FF,acall,0xF73E,0x1773E,yes,erased,0,24,0x170FE 02 f1 3e ljmp 0xf13e,,
0x17107,bank1,0xF107,acall,0xF78A,0x1778A,yes,erased,0,24,0x17106 02 f1 8a ljmp 0xf18a,,
0x1710A,bank1,0xF10A,acall,0xF796,0x17796,yes,erased,1,23,0x17109 02 f1 96 ljmp 0xf196,,
0x17124,bank1,0xF124,acall,0xF798,0x17798,yes,erased,0,24,0x17123 02 f1 98 ljmp 0xf198,,
0x1713F,bank1,0xF13F,ajmp,0xF602,0x17602,yes,erased,24,0,,,
0x1714F,bank1,0xF14F,acall,0xF012,0x17012,yes,entry,24,0,,,
0x17165,bank1,0xF165,ajmp,0xF01A,0x1701A,yes,other,0,24,"0x17164 b4 01 1a cjne a,#0x01,0xf181",,
0x1717F,bank1,0xF17F,ajmp,0xF0F0,0x170F0,yes,other,0,24,"0x1717E 44 01 orl a,#0x01",,
0x171AF,bank1,0xF1AF,acall,0xF7F8,0x177F8,yes,erased,0,24,0x171AE 12 f1 f8 lcall 0xf1f8,,
0x171C1,bank1,0xF1C1,ajmp,0xF2E0,0x172E0,yes,entry,1,23,"0x171BF 90 07 41 mov dptr,#0x0741",,
0x171C4,bank1,0xF1C4,ajmp,0xF060,0x17060,yes,other,0,24,"0x171C3 54 01 anl a,#0x01",,
0x171F6,bank1,0xF1F6,acall,0xF753,0x17753,yes,erased,0,24,0x171F5 02 f1 53 ljmp 0xf153,,
0x1721E,bank1,0xF21E,ajmp,0xF022,0x17022,yes,entry,0,24,"0x1721D b4 01 22 cjne a,#0x01,0xf242",,
0x17234,bank1,0xF234,ajmp,0xF7F0,0x177F0,yes,erased,0,24,0x17233 b2 e1 cpl acc.1,,
0x17244,bank1,0xF244,acall,0xF753,0x17753,yes,erased,0,24,0x17243 02 f1 53 ljmp 0xf153,,
0x1724B,bank1,0xF24B,ajmp,0xF024,0x17024,yes,other,0,24,"0x1724A b4 01 24 cjne a,#0x01,0xf271",,
0x1725F,bank1,0xF25F,acall,0xF074,0x17074,yes,entry,0,24,0x1725E 70 11 jnz 0xf271,,
0x17273,bank1,0xF273,acall,0xF753,0x17753,yes,erased,0,24,0x17272 02 f1 53 ljmp 0xf153,,
0x1728A,bank1,0xF28A,acall,0xF3E0,0x173E0,yes,other,1,23,"0x17288 90 04 71 mov dptr,#0x0471",,
0x172A7,bank1,0xF2A7,acall,0xF3E0,0x173E0,yes,other,1,23,"0x172A5 90 04 71 mov dptr,#0x0471",,
0x172C4,bank1,0xF2C4,acall,0xF3E0,0x173E0,yes,other,1,23,"0x172C2 90 04 71 mov dptr,#0x0471",,
0x17324,bank1,0xF324,ajmp,0xF00D,0x1700D,yes,other,0,24,"0x17323 b4 01 0d cjne a,#0x01,0xf333",,
0x17339,bank1,0xF339,ajmp,0xF00D,0x1700D,yes,other,0,24,"0x17338 b4 01 0d cjne a,#0x01,0xf348",,
0x1734E,bank1,0xF34E,ajmp,0xF00D,0x1700D,yes,other,0,24,"0x1734D b4 01 0d cjne a,#0x01,0xf35d",,
0x17363,bank1,0xF363,ajmp,0xF01B,0x1701B,yes,entry,0,24,"0x17362 b4 01 1b cjne a,#0x01,0xf380",,
0x17386,bank1,0xF386,ajmp,0xF02E,0x1702E,yes,other,0,24,"0x17385 b4 01 2e cjne a,#0x01,0xf3b6",,
0x17394,bank1,0xF394,ajmp,0xF070,0x17070,yes,other,0,24,"0x17393 54 01 anl a,#0x01",,
0x1739F,bank1,0xF39F,ajmp,0xF212,0x17212,yes,other,0,24,"0x1739E 7f 41 mov r7,#0x41",,
0x173AA,bank1,0xF3AA,ajmp,0xF0F0,0x170F0,yes,other,0,24,"0x173A9 44 01 orl a,#0x01",,
