# bank-call-regions.csv -- generated by ec/tools/bank_call_regions.py; do not
# edit by hand. Re-derive with `python3 ec/tools/bank_call_regions.py
# ec/firmware/GMxMGxx_11.800 --write`, and gate a change with the same command
# plus `--check`.
# Two populations in one file, keyed on `file_offset` alone and sorted by it:
# `family` is `bucket-c` for a common-area `ljmp`/`lcall` to a banked address,
# and `paged` for a 2-byte `ajmp`/`acall`. The two sets are disjoint by
# construction, so one sort key has no tie to break.
#
# `in_data_region` is `no` when no span in ec/annotations/data-regions.yaml
# contains the site, and that NEVER means "a call" -- it means this method did
# not place the row. `region_name`/`region_shape`/`region_confidence`/
# `region_stride`/`entry_offset` are empty exactly when it is `no`.
#
# `entry_aligned` is THREE-valued, and which of the three a row gets is decided
# by `region_confidence`:
#   yes / no   the region is `read-by-hand`, so its `region_stride` is a claim
#              about a uniform entry grid, and the cell says whether this site
#              is on that grid -- `entry_offset % region_stride == 0`, both
#              columns being here so the test is checkable from the row alone.
#   (empty)    the region is `inferred` (its extent was extended by pattern, so
#              the grid is not a claim -- common-0656-address-table's `note`
#              says its stride is not uniform) or `inferred-unchecked` (the tier
#              --check cannot reach). The question is UNDEFINED there, not
#              false, and `region_confidence` says which in the row itself.
# An empty cell is therefore not the same absence as `in_data_region=no`:
# `no` means the question does not arise, `yes` with an empty `entry_aligned`
# means a region was found and the question is undefined for it.
# For a `repeat-bytes` region the stride is the pattern LENGTH, so "aligned"
# there means on a pattern boundary rather than on a field boundary. The rule
# and its boundary are argued in
# docs/findings/bank-call-regions-csv.md.
#
# Nothing here is a behavioural claim. No register was read back, no EC was
# opened, no capture was read: both inputs are committed files. No `status:` in
# registers.yaml moves -- these are addresses in a code image, not XDATA
# registers -- and nothing here is evidence about the laptop. A region being
# listed is not proof its site is a table entry; see
# docs/findings/ec-data-regions.md "Limits" and docs/findings.md 4c.
#
# This file is a SIBLING of annotations/bank-call-targets.csv and
# annotations/bank-paged-call-targets.csv, not another column on either.
# Those two are unchanged, as is build_ec_decompile.py's CALL_TARGET_COLUMNS;
# docs/findings/ec-data-regions.md "Reading the column in the tools" gives the
# reason, and the argument for the committed sibling is in
# docs/findings/bank-call-regions-csv.md.
file_offset,family,region,runtime,opcode,target,anchored,frame_onto,frame_over,in_data_region,region_name,region_shape,region_confidence,region_stride,entry_offset,entry_aligned
0x00008,paged,common,0x0008,acall,0x0050,no,0,8,no,,,,,,
0x0000F,paged,common,0x000F,acall,0x0056,no,0,15,no,,,,,,
0x00017,paged,common,0x0017,acall,0x005C,no,0,23,no,,,,,,
0x0001F,paged,common,0x001F,acall,0x0062,no,0,24,no,,,,,,
0x00027,paged,common,0x0027,acall,0x0068,no,0,24,no,,,,,,
0x00036,paged,common,0x0036,acall,0x006E,no,0,24,no,,,,,,
0x00039,paged,common,0x0039,acall,0x0074,no,0,24,no,,,,,,
0x0003C,paged,common,0x003C,acall,0x007A,yes,1,23,no,,,,,,
0x00058,paged,common,0x0058,acall,0x0134,yes,24,0,no,,,,,,
0x00061,paged,common,0x0061,acall,0x0080,yes,1,23,no,,,,,,
0x00064,paged,common,0x0064,acall,0x0086,yes,1,23,no,,,,,,
0x00067,paged,common,0x0067,acall,0x0092,yes,1,23,no,,,,,,
0x0006A,paged,common,0x006A,acall,0x0098,yes,1,23,no,,,,,,
0x0006D,paged,common,0x006D,acall,0x009E,no,0,24,no,,,,,,
0x00071,paged,common,0x0071,ajmp,0x04C0,no,0,24,no,,,,,,
0x00075,paged,common,0x0075,ajmp,0x0074,no,0,24,no,,,,,,
0x0007A,paged,common,0x007A,acall,0x000A,no,0,24,no,,,,,,
0x000A2,paged,common,0x00A2,ajmp,0x00F2,no,0,24,no,,,,,,
0x000C0,paged,common,0x00C0,ajmp,0x0046,no,0,24,no,,,,,,
0x000C7,paged,common,0x00C7,ajmp,0x0002,yes,24,0,no,,,,,,
0x000D4,paged,common,0x00D4,ajmp,0x0093,no,0,24,no,,,,,,
0x000E6,paged,common,0x00E6,ajmp,0x000E,no,0,24,no,,,,,,
0x00115,paged,common,0x0115,acall,0x0005,no,0,24,no,,,,,,
0x0011C,paged,common,0x011C,acall,0x0001,no,0,24,no,,,,,,
0x0011D,paged,common,0x011D,ajmp,0x0074,no,0,24,no,,,,,,
0x00124,paged,common,0x0124,acall,0x008C,no,0,24,no,,,,,,
0x00127,paged,common,0x0127,acall,0x00A4,yes,1,23,no,,,,,,
0x0012A,paged,common,0x012A,acall,0x00AA,no,0,24,no,,,,,,
0x0012D,paged,common,0x012D,acall,0x00B0,yes,1,23,no,,,,,,
0x00137,paged,common,0x0137,acall,0x0006,no,0,24,no,,,,,,
0x0013E,paged,common,0x013E,acall,0x0002,no,0,24,no,,,,,,
0x00176,paged,common,0x0176,acall,0x00F0,no,0,24,no,,,,,,
0x0017A,paged,common,0x017A,ajmp,0x0012,yes,1,23,no,,,,,,
0x00181,bucket-c,common,0x0181,ljmp,0x9011,yes,1,23,no,,,,,,
0x00183,paged,common,0x0183,acall,0x0006,no,0,24,no,,,,,,
0x0018A,paged,common,0x018A,acall,0x00B6,no,0,24,no,,,,,,
0x00194,paged,common,0x0194,acall,0x0006,no,0,24,no,,,,,,
0x0019B,paged,common,0x019B,acall,0x0002,no,0,24,no,,,,,,
0x001C2,paged,common,0x01C2,ajmp,0x0012,no,0,24,no,,,,,,
0x001CE,paged,common,0x01CE,acall,0x0090,no,0,24,no,,,,,,
0x001D8,paged,common,0x01D8,ajmp,0x0090,yes,3,21,no,,,,,,
0x001DA,paged,common,0x01DA,acall,0x0006,yes,4,20,no,,,,,,
0x001E1,paged,common,0x01E1,acall,0x00BC,no,0,24,no,,,,,,
0x001E4,paged,common,0x01E4,acall,0x00C8,no,0,24,no,,,,,,
0x001E7,paged,common,0x01E7,acall,0x00CE,no,0,24,no,,,,,,
0x001EA,paged,common,0x01EA,acall,0x00D4,no,0,24,no,,,,,,
0x001ED,paged,common,0x01ED,acall,0x00E6,no,0,24,no,,,,,,
0x001F0,paged,common,0x01F0,acall,0x0007,no,0,24,no,,,,,,
0x001F7,paged,common,0x01F7,acall,0x0003,no,0,24,no,,,,,,
0x001FD,paged,common,0x01FD,acall,0x00EC,no,0,24,no,,,,,,
0x00204,paged,common,0x0204,ajmp,0x04C0,no,0,24,no,,,,,,
0x00217,paged,common,0x0217,acall,0x0105,no,0,24,no,,,,,,
0x0024A,paged,common,0x024A,ajmp,0x0000,yes,1,23,no,,,,,,
0x0024E,paged,common,0x024E,ajmp,0x0000,yes,1,23,no,,,,,,
0x00252,paged,common,0x0252,ajmp,0x0000,yes,1,23,no,,,,,,
0x00256,paged,common,0x0256,ajmp,0x0000,yes,1,23,no,,,,,,
0x00298,paged,common,0x0298,ajmp,0x0080,no,0,24,no,,,,,,
0x002A3,paged,common,0x02A3,acall,0x0006,no,0,24,no,,,,,,
0x002AA,paged,common,0x02AA,acall,0x0002,no,0,24,no,,,,,,
0x002D8,paged,common,0x02D8,ajmp,0x06E4,yes,1,23,no,,,,,,
0x002E8,paged,common,0x02E8,acall,0x0090,no,0,24,no,,,,,,
0x002EB,paged,common,0x02EB,ajmp,0x0012,yes,2,22,no,,,,,,
0x002F4,paged,common,0x02F4,acall,0x0006,no,0,24,no,,,,,,
0x002FB,paged,common,0x02FB,acall,0x00C2,yes,1,23,no,,,,,,
0x00301,paged,common,0x0301,acall,0x0007,no,0,24,no,,,,,,
0x00308,paged,common,0x0308,acall,0x0003,no,0,24,no,,,,,,
0x0030B,paged,common,0x030B,ajmp,0x00F0,no,0,24,no,,,,,,
0x00310,paged,common,0x0310,acall,0x00DA,no,0,24,no,,,,,,
0x00317,paged,common,0x0317,ajmp,0x0704,yes,1,23,no,,,,,,
0x0031C,bucket-c,common,0x031C,ljmp,0xD236,no,0,24,no,,,,,,
0x00320,paged,common,0x0320,acall,0x0007,no,0,24,no,,,,,,
0x00327,paged,common,0x0327,acall,0x0003,no,0,24,no,,,,,,
0x0032A,bucket-c,common,0x032A,ljmp,0xF002,no,0,24,no,,,,,,
0x0032D,paged,common,0x032D,acall,0x00E0,yes,1,23,no,,,,,,
0x00330,paged,common,0x0330,acall,0x00F2,no,0,24,yes,common-032f-ljmp-table,ljmp-table,read-by-hand,3,1,no
0x00333,paged,common,0x0333,acall,0x00F8,no,0,24,yes,common-032f-ljmp-table,ljmp-table,read-by-hand,3,4,no
0x00336,paged,common,0x0336,acall,0x00FE,no,0,24,yes,common-032f-ljmp-table,ljmp-table,read-by-hand,3,7,no
0x00378,bucket-c,common,0x0378,lcall,0x8202,yes,13,11,yes,common-032f-ljmp-table,ljmp-table,read-by-hand,3,73,no
0x0037B,bucket-c,common,0x037B,lcall,0x8802,yes,13,11,yes,common-032f-ljmp-table,ljmp-table,read-by-hand,3,76,no
0x0037E,bucket-c,common,0x037E,lcall,0x8E02,yes,14,10,yes,common-032f-ljmp-table,ljmp-table,read-by-hand,3,79,no
0x00381,bucket-c,common,0x0381,lcall,0x9402,yes,15,9,yes,common-032f-ljmp-table,ljmp-table,read-by-hand,3,82,no
0x00384,bucket-c,common,0x0384,lcall,0x9A02,yes,15,9,yes,common-032f-ljmp-table,ljmp-table,read-by-hand,3,85,no
0x00387,bucket-c,common,0x0387,lcall,0xA002,yes,15,9,yes,common-032f-ljmp-table,ljmp-table,read-by-hand,3,88,no
0x0038A,bucket-c,common,0x038A,lcall,0xA602,yes,15,9,yes,common-032f-ljmp-table,ljmp-table,read-by-hand,3,91,no
0x0038D,bucket-c,common,0x038D,lcall,0xAC02,yes,15,9,yes,common-032f-ljmp-table,ljmp-table,read-by-hand,3,94,no
0x00390,bucket-c,common,0x0390,lcall,0xB202,yes,15,9,yes,common-032f-ljmp-table,ljmp-table,read-by-hand,3,97,no
0x00393,bucket-c,common,0x0393,lcall,0xB802,yes,15,9,yes,common-032f-ljmp-table,ljmp-table,read-by-hand,3,100,no
0x00396,bucket-c,common,0x0396,lcall,0xBE02,yes,14,10,yes,common-032f-ljmp-table,ljmp-table,read-by-hand,3,103,no
0x00399,bucket-c,common,0x0399,lcall,0xC402,yes,13,11,yes,common-032f-ljmp-table,ljmp-table,read-by-hand,3,106,no
0x0039C,bucket-c,common,0x039C,lcall,0xCA02,yes,12,12,yes,common-032f-ljmp-table,ljmp-table,read-by-hand,3,109,no
0x0039F,bucket-c,common,0x039F,lcall,0xD002,yes,12,12,yes,common-032f-ljmp-table,ljmp-table,read-by-hand,3,112,no
0x003A2,bucket-c,common,0x03A2,lcall,0xD602,yes,12,12,yes,common-032f-ljmp-table,ljmp-table,read-by-hand,3,115,no
0x003A5,bucket-c,common,0x03A5,lcall,0xDC02,yes,11,13,yes,common-032f-ljmp-table,ljmp-table,read-by-hand,3,118,no
0x003A8,bucket-c,common,0x03A8,lcall,0xE202,yes,11,13,yes,common-032f-ljmp-table,ljmp-table,read-by-hand,3,121,no
0x003AB,bucket-c,common,0x03AB,lcall,0xE802,yes,10,14,yes,common-032f-ljmp-table,ljmp-table,read-by-hand,3,124,no
0x003AE,bucket-c,common,0x03AE,lcall,0xEE02,yes,10,14,yes,common-032f-ljmp-table,ljmp-table,read-by-hand,3,127,no
0x003B1,bucket-c,common,0x03B1,lcall,0xF402,yes,10,14,yes,common-032f-ljmp-table,ljmp-table,read-by-hand,3,130,no
0x003B4,bucket-c,common,0x03B4,lcall,0xFA02,yes,10,14,yes,common-032f-ljmp-table,ljmp-table,read-by-hand,3,133,no
0x00498,paged,common,0x0498,acall,0x004D,no,0,24,no,,,,,,
0x0049F,paged,common,0x049F,acall,0x004C,no,0,24,no,,,,,,
0x004A6,paged,common,0x04A6,acall,0x004C,no,0,24,no,,,,,,
0x004B1,paged,common,0x04B1,ajmp,0x02F0,no,0,24,no,,,,,,
0x004B8,paged,common,0x04B8,acall,0x0050,yes,2,22,no,,,,,,
0x004BB,bucket-c,common,0x04BB,ljmp,0xF090,yes,1,23,no,,,,,,
0x004C4,paged,common,0x04C4,acall,0x0051,no,0,24,no,,,,,,
0x004C5,paged,common,0x04C5,acall,0x02E0,no,0,24,no,,,,,,
0x004CC,paged,common,0x04CC,acall,0x0050,no,0,24,no,,,,,,
0x004D8,paged,common,0x04D8,acall,0x04E0,yes,1,23,no,,,,,,
0x004E9,paged,common,0x04E9,acall,0x04E0,yes,1,23,no,,,,,,
0x004EC,paged,common,0x04EC,ajmp,0x0729,no,0,24,no,,,,,,
0x004F7,paged,common,0x04F7,ajmp,0x0714,no,0,24,no,,,,,,
0x00504,bucket-c,common,0x0504,lcall,0x9000,no,0,24,no,,,,,,
0x00509,paged,common,0x0509,ajmp,0x00F0,yes,3,21,no,,,,,,
0x00512,paged,common,0x0512,ajmp,0x0003,no,0,24,no,,,,,,
0x00515,bucket-c,common,0x0515,ljmp,0xF090,no,0,24,no,,,,,,
0x00519,paged,common,0x0519,acall,0x0474,yes,2,22,no,,,,,,
0x0051F,paged,common,0x051F,acall,0x0050,no,0,24,no,,,,,,
0x0056C,paged,common,0x056C,acall,0x0010,no,0,24,no,,,,,,
0x00573,paged,common,0x0573,ajmp,0x002F,yes,3,21,no,,,,,,
0x00578,paged,common,0x0578,acall,0x0010,no,0,24,no,,,,,,
0x0057F,paged,common,0x057F,ajmp,0x008C,yes,3,21,no,,,,,,
0x00584,paged,common,0x0584,acall,0x0010,no,0,24,no,,,,,,
0x0058B,bucket-c,common,0x058B,ljmp,0x9B80,yes,1,23,no,,,,,,
0x00590,paged,common,0x0590,acall,0x0010,no,0,24,no,,,,,,
0x00595,bucket-c,common,0x0595,ljmp,0x9006,yes,2,22,no,,,,,,
0x0059A,paged,common,0x059A,acall,0x0310,no,0,24,no,,,,,,
0x005A0,paged,common,0x05A0,ajmp,0x0093,no,0,24,no,,,,,,
0x005A7,paged,common,0x05A7,acall,0x0377,no,0,24,no,,,,,,
0x005C7,paged,common,0x05C7,ajmp,0x02EF,yes,3,21,no,,,,,,
0x005D2,paged,common,0x05D2,ajmp,0x02EF,no,0,24,no,,,,,,
0x005D7,paged,common,0x05D7,ajmp,0x0212,no,0,24,no,,,,,,
0x005F3,paged,common,0x05F3,acall,0x0007,no,0,24,no,,,,,,
0x005F7,paged,common,0x05F7,ajmp,0x00F0,no,0,24,no,,,,,,
0x005FB,paged,common,0x05FB,acall,0x0007,no,0,24,no,,,,,,
0x005FF,bucket-c,common,0x05FF,ljmp,0xF090,no,0,24,no,,,,,,
0x00602,paged,common,0x0602,acall,0x004D,yes,1,23,no,,,,,,
0x0060A,paged,common,0x060A,acall,0x0000,no,0,24,no,,,,,,
0x00610,paged,common,0x0610,acall,0x0001,no,0,24,no,,,,,,
0x00611,paged,common,0x0611,ajmp,0x00F0,no,0,24,no,,,,,,
0x00614,paged,common,0x0614,acall,0x0002,no,0,24,no,,,,,,
0x00615,bucket-c,common,0x0615,ljmp,0xF090,no,0,24,no,,,,,,
0x00618,paged,common,0x0618,acall,0x0003,yes,1,23,no,,,,,,
0x0061C,paged,common,0x061C,acall,0x0014,no,0,24,no,,,,,,
0x00620,paged,common,0x0620,acall,0x0018,no,0,24,no,,,,,,
0x00624,paged,common,0x0624,acall,0x001C,no,0,24,no,,,,,,
0x00628,paged,common,0x0628,acall,0x0020,no,0,24,no,,,,,,
0x0062C,paged,common,0x062C,acall,0x0024,yes,1,23,no,,,,,,
0x00630,paged,common,0x0630,acall,0x0028,no,0,24,no,,,,,,
0x00634,paged,common,0x0634,acall,0x0050,no,0,24,no,,,,,,
0x00644,paged,common,0x0644,acall,0x0051,no,0,24,no,,,,,,
0x00645,paged,common,0x0645,acall,0x02E0,no,0,24,no,,,,,,
0x0066C,paged,common,0x066C,ajmp,0x0014,no,0,24,yes,common-0656-address-table,addresses,inferred,2,22,
0x00674,paged,common,0x0674,ajmp,0x0026,yes,24,0,yes,common-0656-address-table,addresses,inferred,2,30,
0x00676,paged,common,0x0676,ajmp,0x0029,yes,24,0,yes,common-0656-address-table,addresses,inferred,2,32,
0x00678,paged,common,0x0678,ajmp,0x002C,yes,24,0,yes,common-0656-address-table,addresses,inferred,2,34,
0x0067A,paged,common,0x067A,ajmp,0x002F,yes,24,0,yes,common-0656-address-table,addresses,inferred,2,36,
0x0067C,paged,common,0x067C,ajmp,0x008C,yes,24,0,yes,common-0656-address-table,addresses,inferred,2,38,
0x0067E,bucket-c,common,0x067E,ljmp,0x9B01,yes,23,1,yes,common-0656-address-table,addresses,inferred,2,40,
0x00680,paged,common,0x0680,ajmp,0x00E3,yes,2,22,yes,common-0656-address-table,addresses,inferred,2,42,
0x00682,paged,common,0x0682,ajmp,0x00E6,yes,24,0,yes,common-0656-address-table,addresses,inferred,2,44,
0x00684,paged,common,0x0684,ajmp,0x00E9,yes,24,0,yes,common-0656-address-table,addresses,inferred,2,46,
0x00686,bucket-c,common,0x0686,ljmp,0xFD03,yes,24,0,yes,common-0656-address-table,addresses,inferred,2,48,
0x0068A,paged,common,0x068A,ajmp,0x00EC,no,0,24,yes,common-0656-address-table,addresses,inferred,2,52,
0x0068C,paged,common,0x068C,ajmp,0x00EF,yes,24,0,yes,common-0656-address-table,addresses,inferred,2,54,
0x0069B,paged,common,0x069B,ajmp,0x0203,yes,24,0,yes,common-0656-address-table,addresses,inferred,2,69,
0x006BB,paged,common,0x06BB,acall,0x0303,yes,24,0,yes,common-0656-address-table,addresses,inferred,2,101,
0x006DB,paged,common,0x06DB,ajmp,0x0503,yes,24,0,yes,common-0656-address-table,addresses,inferred,2,133,
0x006FB,paged,common,0x06FB,acall,0x0603,yes,24,0,yes,common-0656-address-table,addresses,inferred,2,165,
0x0071D,paged,common,0x071D,ajmp,0x0004,yes,24,0,yes,common-0656-address-table,addresses,inferred,2,199,
0x0073D,paged,common,0x073D,acall,0x0104,yes,24,0,yes,common-0656-address-table,addresses,inferred,2,231,
0x0075D,paged,common,0x075D,ajmp,0x0304,yes,24,0,yes,common-0656-address-table,addresses,inferred,2,263,
0x0077D,paged,common,0x077D,acall,0x0404,yes,24,0,yes,common-0656-address-table,addresses,inferred,2,295,
0x00787,paged,common,0x0787,acall,0x0004,yes,1,23,yes,common-0656-address-table,addresses,inferred,2,305,
0x00795,paged,common,0x0795,ajmp,0x0100,yes,24,0,yes,common-0656-address-table,addresses,inferred,2,319,
0x007A2,paged,common,0x07A2,ajmp,0x00FF,yes,24,0,yes,common-0656-address-table,addresses,inferred,2,332,
0x007C5,paged,common,0x07C5,acall,0x00F0,no,0,24,no,,,,,,
0x007C9,paged,common,0x07C9,ajmp,0x00F0,yes,1,23,no,,,,,,
0x007CD,bucket-c,common,0x07CD,ljmp,0xF022,yes,1,23,no,,,,,,
0x007D1,paged,common,0x07D1,acall,0x00F0,no,0,24,no,,,,,,
0x007D5,bucket-c,common,0x07D5,ljmp,0xF090,yes,1,23,no,,,,,,
0x007D8,paged,common,0x07D8,acall,0x0006,yes,2,22,no,,,,,,
0x007DF,paged,common,0x07DF,acall,0x0002,no,0,24,no,,,,,,
0x007FD,paged,common,0x07FD,ajmp,0x0706,no,0,24,no,,,,,,
0x00801,paged,common,0x0801,ajmp,0x0912,yes,1,23,no,,,,,,
0x00844,bucket-c,common,0x0844,ljmp,0xEF64,yes,1,23,no,,,,,,
0x00847,paged,common,0x0847,ajmp,0x0860,yes,2,22,no,,,,,,
0x00860,paged,common,0x0860,ajmp,0x0822,yes,1,23,no,,,,,,
0x00898,paged,common,0x0898,ajmp,0x08EF,no,0,24,no,,,,,,
0x008A3,paged,common,0x08A3,ajmp,0x080A,no,0,24,no,,,,,,
0x008C1,paged,common,0x08C1,ajmp,0x0809,no,0,24,no,,,,,,
0x008FF,paged,common,0x08FF,ajmp,0x08F0,no,0,24,no,,,,,,
0x00907,paged,common,0x0907,ajmp,0x0F15,no,0,24,no,,,,,,
0x0091F,paged,common,0x091F,ajmp,0x0822,no,0,24,no,,,,,,
0x00931,paged,common,0x0931,ajmp,0x08C2,no,0,24,no,,,,,,
0x0094D,paged,common,0x094D,ajmp,0x08F0,no,0,24,no,,,,,,
0x009B4,paged,common,0x09B4,ajmp,0x08F0,no,0,24,no,,,,,,
0x009E0,paged,common,0x09E0,ajmp,0x0FEF,no,0,24,no,,,,,,
0x009F1,paged,common,0x09F1,acall,0x0890,no,0,24,no,,,,,,
0x00A32,paged,common,0x0A32,ajmp,0x0AEE,no,0,24,no,,,,,,
0x00A37,paged,common,0x0A37,ajmp,0x0A22,no,0,24,no,,,,,,
0x00A47,paged,common,0x0A47,ajmp,0x0F08,no,0,24,no,,,,,,
0x00A68,paged,common,0x0A68,ajmp,0x0804,no,0,24,no,,,,,,
0x00A6C,bucket-c,common,0x0A6C,ljmp,0xF090,no,0,24,no,,,,,,
0x00A78,paged,common,0x0A78,ajmp,0x0AEF,yes,2,22,no,,,,,,
0x00A7D,paged,common,0x0A7D,ajmp,0x0A22,no,0,24,no,,,,,,
0x00A90,paged,common,0x0A90,ajmp,0x0F45,no,0,24,no,,,,,,
0x00AA9,paged,common,0x0AA9,ajmp,0x0F2C,no,0,24,no,,,,,,
0x00AB3,paged,common,0x0AB3,ajmp,0x0AEE,no,0,24,no,,,,,,
0x00AB8,paged,common,0x0AB8,ajmp,0x0A80,no,0,24,no,,,,,,
0x00ABF,paged,common,0x0ABF,ajmp,0x08F0,no,0,24,no,,,,,,
0x00AD4,bucket-c,common,0x0AD4,ljmp,0xD257,no,0,24,no,,,,,,
0x00B00,paged,common,0x0B00,ajmp,0x08F0,no,0,24,no,,,,,,
0x00B03,bucket-c,common,0x0B03,lcall,0xEF70,no,0,24,no,,,,,,
0x00B3F,paged,common,0x0B3F,ajmp,0x0880,no,0,24,no,,,,,,
0x00B41,bucket-c,common,0x0B41,lcall,0xEFB4,yes,1,23,no,,,,,,
0x00B47,paged,common,0x0B47,ajmp,0x0A7E,no,0,24,no,,,,,,
0x00B49,paged,common,0x0B49,ajmp,0x0880,yes,1,23,no,,,,,,
0x00B53,paged,common,0x0B53,ajmp,0x08EE,yes,1,23,no,,,,,,
0x00B9C,paged,common,0x0B9C,acall,0x08F0,no,0,24,no,,,,,,
0x00BCA,paged,common,0x0BCA,ajmp,0x0AE0,yes,1,23,no,,,,,,
0x00BD8,paged,common,0x0BD8,acall,0x08F0,no,0,24,no,,,,,,
0x00BDC,paged,common,0x0BDC,acall,0x090F,no,0,24,no,,,,,,
0x00BE4,paged,common,0x0BE4,ajmp,0x0F06,no,0,24,no,,,,,,
0x00BEF,paged,common,0x0BEF,ajmp,0x0A3F,no,0,24,no,,,,,,
0x00C06,paged,common,0x0C06,acall,0x0B2C,yes,24,0,no,,,,,,
0x00C0A,paged,common,0x0C0A,acall,0x0803,yes,24,0,no,,,,,,
0x00C18,paged,common,0x0C18,ajmp,0x0914,yes,24,0,no,,,,,,
0x00C1E,paged,common,0x0C1E,acall,0x0930,yes,24,0,no,,,,,,
0x00C3C,paged,common,0x0C3C,ajmp,0x0B6D,yes,24,0,no,,,,,,
0x00C63,paged,common,0x0C63,ajmp,0x0845,yes,24,0,no,,,,,,
0x00C67,paged,common,0x0C67,acall,0x0A4A,yes,24,0,no,,,,,,
0x00CAC,paged,common,0x0CAC,ajmp,0x08F0,no,0,24,no,,,,,,
0x00CBC,paged,common,0x0CBC,ajmp,0x0AF0,no,0,24,no,,,,,,
0x00CC9,paged,common,0x0CC9,acall,0x0907,no,0,24,no,,,,,,
0x00CCC,paged,common,0x0CCC,acall,0x0912,no,0,24,no,,,,,,
0x00D6A,paged,common,0x0D6A,ajmp,0x0F02,no,0,24,no,,,,,,
0x00D6B,bucket-c,common,0x0D6B,ljmp,0xD230,no,0,24,no,,,,,,
0x00D73,paged,common,0x0D73,ajmp,0x0F02,no,0,24,no,,,,,,
0x00D74,bucket-c,common,0x0D74,ljmp,0xD236,no,0,24,no,,,,,,
0x00D93,paged,common,0x0D93,acall,0x0824,no,0,24,no,,,,,,
0x00DD4,paged,common,0x0DD4,acall,0x0B51,yes,1,23,no,,,,,,
0x00DD5,paged,common,0x0DD5,acall,0x0A0D,no,0,24,no,,,,,,
0x00DE6,paged,common,0x0DE6,ajmp,0x080C,yes,19,5,no,,,,,,
0x00E28,bucket-c,common,0x0E28,ljmp,0xD237,yes,1,23,no,,,,,,
0x00E63,paged,common,0x0E63,acall,0x0FC2,no,0,24,no,,,,,,
0x00E74,paged,common,0x0E74,ajmp,0x0875,no,0,24,no,,,,,,
0x00E90,paged,common,0x0E90,acall,0x08D2,no,0,24,no,,,,,,
0x00E9B,paged,common,0x0E9B,ajmp,0x0875,no,0,24,no,,,,,,
0x00F16,paged,common,0x0F16,acall,0x0DE6,no,0,24,no,,,,,,
0x00F19,paged,common,0x0F19,ajmp,0x0844,no,0,24,no,,,,,,
0x00F21,paged,common,0x0F21,ajmp,0x08F6,no,0,24,no,,,,,,
0x00F54,paged,common,0x0F54,ajmp,0x0AF5,yes,1,23,no,,,,,,
0x00F65,paged,common,0x0F65,acall,0x09A1,yes,2,22,no,,,,,,
0x00F66,paged,common,0x0F66,ajmp,0x0D74,no,0,24,no,,,,,,
0x00F6B,paged,common,0x0F6B,acall,0x09A2,no,0,24,no,,,,,,
0x00F71,paged,common,0x0F71,ajmp,0x0802,yes,2,22,no,,,,,,
0x00F7F,paged,common,0x0F7F,ajmp,0x0850,no,0,24,no,,,,,,
0x00FBA,paged,common,0x0FBA,ajmp,0x0893,no,0,24,no,,,,,,
0x00FDC,paged,common,0x0FDC,acall,0x08CA,no,0,24,no,,,,,,
0x00FFD,paged,common,0x0FFD,ajmp,0x08F0,no,0,24,no,,,,,,
0x0100E,paged,common,0x100E,acall,0x1050,no,0,24,no,,,,,,
0x0102F,paged,common,0x102F,ajmp,0x1215,yes,24,0,no,,,,,,
0x01032,paged,common,0x1032,ajmp,0x1217,yes,24,0,no,,,,,,
0x01035,paged,common,0x1035,acall,0x1017,yes,24,0,no,,,,,,
0x01037,paged,common,0x1037,ajmp,0x1011,yes,24,0,no,,,,,,
0x01038,paged,common,0x1038,acall,0x1017,no,0,24,no,,,,,,
0x0103B,paged,common,0x103B,acall,0x1017,no,0,24,no,,,,,,
0x01049,paged,common,0x1049,acall,0x100A,yes,23,1,no,,,,,,
0x01052,paged,common,0x1052,acall,0x1000,no,0,24,no,,,,,,
0x01103,paged,common,0x1103,acall,0x10C0,no,0,24,no,,,,,,
0x01110,paged,common,0x1110,acall,0x14C2,no,0,24,no,,,,,,
0x01117,paged,common,0x1117,acall,0x10C0,no,0,24,no,,,,,,
0x01124,paged,common,0x1124,acall,0x14C2,no,0,24,no,,,,,,
0x0112B,paged,common,0x112B,acall,0x10C0,no,0,24,no,,,,,,
0x01138,paged,common,0x1138,acall,0x14C2,no,0,24,no,,,,,,
0x0113F,paged,common,0x113F,acall,0x10C0,no,0,24,no,,,,,,
0x0114C,paged,common,0x114C,acall,0x14C2,no,0,24,no,,,,,,
0x01154,paged,common,0x1154,acall,0x1000,yes,1,23,no,,,,,,
0x0115A,paged,common,0x115A,acall,0x1000,yes,1,23,no,,,,,,
0x01160,paged,common,0x1160,acall,0x1000,yes,1,23,no,,,,,,
0x01166,paged,common,0x1166,acall,0x1000,yes,1,23,no,,,,,,
0x0116C,paged,common,0x116C,acall,0x1000,yes,1,23,no,,,,,,
0x01170,paged,common,0x1170,ajmp,0x1102,no,0,24,no,,,,,,
0x01172,paged,common,0x1172,acall,0x1000,yes,2,22,no,,,,,,
0x01178,paged,common,0x1178,acall,0x1000,yes,1,23,no,,,,,,
0x0117E,paged,common,0x117E,acall,0x1000,yes,1,23,no,,,,,,
0x01184,paged,common,0x1184,acall,0x1000,yes,2,22,no,,,,,,
0x0118A,paged,common,0x118A,acall,0x1000,yes,2,22,no,,,,,,
0x01190,paged,common,0x1190,acall,0x1000,yes,1,23,no,,,,,,
0x01196,paged,common,0x1196,acall,0x1000,yes,1,23,no,,,,,,
0x0119C,paged,common,0x119C,acall,0x1000,yes,1,23,no,,,,,,
0x011A2,paged,common,0x11A2,acall,0x1000,yes,1,23,no,,,,,,
0x011A8,paged,common,0x11A8,acall,0x1000,yes,1,23,no,,,,,,
0x011AE,paged,common,0x11AE,acall,0x1000,yes,1,23,no,,,,,,
0x011B4,paged,common,0x11B4,acall,0x1000,yes,1,23,no,,,,,,
0x011BA,paged,common,0x11BA,acall,0x1000,yes,2,22,no,,,,,,
0x011C0,paged,common,0x11C0,acall,0x1000,yes,1,23,no,,,,,,
0x011C6,paged,common,0x11C6,acall,0x1000,yes,1,23,no,,,,,,
0x011CC,paged,common,0x11CC,acall,0x1000,yes,1,23,no,,,,,,
0x011D2,paged,common,0x11D2,acall,0x1000,yes,1,23,no,,,,,,
0x011D8,paged,common,0x11D8,acall,0x1000,yes,1,23,no,,,,,,
0x011DE,paged,common,0x11DE,acall,0x1000,yes,1,23,no,,,,,,
0x011E4,paged,common,0x11E4,acall,0x1000,yes,1,23,no,,,,,,
0x011EA,paged,common,0x11EA,acall,0x1000,yes,1,23,no,,,,,,
0x011F0,paged,common,0x11F0,acall,0x1000,yes,1,23,no,,,,,,
0x011F6,paged,common,0x11F6,acall,0x1000,yes,1,23,no,,,,,,
0x011FC,paged,common,0x11FC,acall,0x1000,yes,2,22,no,,,,,,
0x01200,paged,common,0x1200,ajmp,0x1302,no,0,24,no,,,,,,
0x01202,paged,common,0x1202,acall,0x1000,yes,2,22,no,,,,,,
0x01208,paged,common,0x1208,acall,0x1000,yes,2,22,no,,,,,,
0x0120E,paged,common,0x120E,acall,0x1000,yes,1,23,no,,,,,,
0x01214,paged,common,0x1214,acall,0x1000,yes,2,22,no,,,,,,
0x0121A,paged,common,0x121A,acall,0x1000,yes,2,22,no,,,,,,
0x01220,paged,common,0x1220,acall,0x1000,yes,1,23,no,,,,,,
0x01226,paged,common,0x1226,acall,0x1000,yes,1,23,no,,,,,,
0x0122C,paged,common,0x122C,acall,0x1000,yes,1,23,no,,,,,,
0x01232,paged,common,0x1232,acall,0x1000,yes,1,23,no,,,,,,
0x01238,paged,common,0x1238,acall,0x1000,yes,1,23,no,,,,,,
0x0123E,paged,common,0x123E,acall,0x1000,yes,1,23,no,,,,,,
0x01244,paged,common,0x1244,acall,0x1000,yes,1,23,no,,,,,,
0x0124A,paged,common,0x124A,acall,0x1000,yes,1,23,no,,,,,,
0x01250,paged,common,0x1250,acall,0x1000,yes,1,23,no,,,,,,
0x01256,paged,common,0x1256,acall,0x1000,yes,1,23,no,,,,,,
0x0125C,paged,common,0x125C,acall,0x1000,yes,2,22,no,,,,,,
0x01260,paged,common,0x1260,acall,0x1302,no,0,24,no,,,,,,
0x01262,paged,common,0x1262,acall,0x1000,yes,2,22,no,,,,,,
0x01268,paged,common,0x1268,acall,0x1000,yes,2,22,no,,,,,,
0x0126E,paged,common,0x126E,acall,0x1000,yes,1,23,no,,,,,,
0x01274,paged,common,0x1274,acall,0x1000,yes,2,22,no,,,,,,
0x0127A,paged,common,0x127A,acall,0x1000,yes,1,23,no,,,,,,
0x01280,paged,common,0x1280,acall,0x1000,yes,2,22,no,,,,,,
0x01286,paged,common,0x1286,acall,0x1000,yes,2,22,no,,,,,,
0x0128C,paged,common,0x128C,acall,0x1000,yes,2,22,no,,,,,,
0x01292,paged,common,0x1292,acall,0x1000,yes,2,22,no,,,,,,
0x01298,paged,common,0x1298,acall,0x1000,yes,2,22,no,,,,,,
0x0129E,paged,common,0x129E,acall,0x1000,yes,2,22,no,,,,,,
0x012A4,paged,common,0x12A4,acall,0x1000,yes,2,22,no,,,,,,
0x012AA,paged,common,0x12AA,acall,0x1000,yes,2,22,no,,,,,,
0x012B0,paged,common,0x12B0,acall,0x1000,yes,2,22,no,,,,,,
0x012B6,paged,common,0x12B6,acall,0x1000,yes,2,22,no,,,,,,
0x012BC,paged,common,0x12BC,acall,0x1000,yes,2,22,no,,,,,,
0x012C0,paged,common,0x12C0,ajmp,0x1402,no,0,24,no,,,,,,
0x012C2,paged,common,0x12C2,acall,0x1000,yes,2,22,no,,,,,,
0x012C8,paged,common,0x12C8,acall,0x1000,yes,2,22,no,,,,,,
0x012CE,paged,common,0x12CE,acall,0x1000,yes,1,23,no,,,,,,
0x012D4,paged,common,0x12D4,acall,0x1000,yes,1,23,no,,,,,,
0x012DA,paged,common,0x12DA,acall,0x1000,yes,1,23,no,,,,,,
0x012E0,paged,common,0x12E0,acall,0x1000,yes,2,22,no,,,,,,
0x012E6,paged,common,0x12E6,acall,0x1000,yes,2,22,no,,,,,,
0x012EC,paged,common,0x12EC,acall,0x1000,yes,2,22,no,,,,,,
0x012F2,paged,common,0x12F2,acall,0x1000,yes,2,22,no,,,,,,
0x012F8,paged,common,0x12F8,acall,0x1000,yes,2,22,no,,,,,,
0x012FE,paged,common,0x12FE,acall,0x1000,yes,2,22,no,,,,,,
0x01304,paged,common,0x1304,acall,0x1000,yes,2,22,no,,,,,,
0x0130A,paged,common,0x130A,acall,0x1000,yes,2,22,no,,,,,,
0x01310,paged,common,0x1310,acall,0x1000,yes,2,22,no,,,,,,
0x01316,paged,common,0x1316,acall,0x1000,yes,2,22,no,,,,,,
0x0131C,paged,common,0x131C,acall,0x1000,yes,1,23,no,,,,,,
0x01320,paged,common,0x1320,acall,0x1402,no,0,24,no,,,,,,
0x01322,paged,common,0x1322,acall,0x1000,yes,2,22,no,,,,,,
0x01328,paged,common,0x1328,acall,0x1000,yes,2,22,no,,,,,,
0x0132E,paged,common,0x132E,acall,0x1000,yes,2,22,no,,,,,,
0x01334,paged,common,0x1334,acall,0x1000,yes,1,23,no,,,,,,
0x0133A,paged,common,0x133A,acall,0x1000,yes,1,23,no,,,,,,
0x01340,paged,common,0x1340,acall,0x1000,yes,1,23,no,,,,,,
0x01346,paged,common,0x1346,acall,0x1000,yes,1,23,no,,,,,,
0x0134C,paged,common,0x134C,acall,0x1000,yes,1,23,no,,,,,,
0x01352,paged,common,0x1352,acall,0x1000,yes,1,23,no,,,,,,
0x01358,paged,common,0x1358,acall,0x1000,yes,1,23,no,,,,,,
0x0135E,paged,common,0x135E,acall,0x1000,yes,1,23,no,,,,,,
0x01364,paged,common,0x1364,acall,0x1000,yes,1,23,no,,,,,,
0x0136A,paged,common,0x136A,acall,0x1000,yes,2,22,no,,,,,,
0x0136E,paged,common,0x136E,ajmp,0x1502,no,0,24,no,,,,,,
0x01370,paged,common,0x1370,acall,0x1000,yes,2,22,no,,,,,,
0x01376,paged,common,0x1376,acall,0x1000,yes,2,22,no,,,,,,
0x0137C,paged,common,0x137C,acall,0x1000,yes,1,23,no,,,,,,
0x01382,paged,common,0x1382,acall,0x1000,yes,1,23,no,,,,,,
0x01388,paged,common,0x1388,acall,0x1000,yes,1,23,no,,,,,,
0x0138E,paged,common,0x138E,acall,0x1000,yes,2,22,no,,,,,,
0x01394,paged,common,0x1394,acall,0x1000,yes,2,22,no,,,,,,
0x0139A,paged,common,0x139A,acall,0x1000,yes,2,22,no,,,,,,
0x013A0,paged,common,0x13A0,acall,0x1000,yes,2,22,no,,,,,,
0x013A6,paged,common,0x13A6,acall,0x1000,yes,2,22,no,,,,,,
0x013AC,paged,common,0x13AC,acall,0x1000,yes,2,22,no,,,,,,
0x013B2,paged,common,0x13B2,acall,0x1000,yes,2,22,no,,,,,,
0x013B8,paged,common,0x13B8,acall,0x1000,yes,2,22,no,,,,,,
0x013BE,paged,common,0x13BE,acall,0x1000,yes,2,22,no,,,,,,
0x013C4,paged,common,0x13C4,acall,0x1000,yes,2,22,no,,,,,,
0x013CA,paged,common,0x13CA,acall,0x1000,yes,2,22,no,,,,,,
0x013CE,paged,common,0x13CE,acall,0x1502,no,0,24,no,,,,,,
0x013D0,paged,common,0x13D0,acall,0x1000,yes,2,22,no,,,,,,
0x013D6,paged,common,0x13D6,acall,0x1000,yes,2,22,no,,,,,,
0x013DC,paged,common,0x13DC,acall,0x1000,yes,1,23,no,,,,,,
0x013E2,paged,common,0x13E2,acall,0x1000,yes,1,23,no,,,,,,
0x013E8,paged,common,0x13E8,acall,0x1000,yes,1,23,no,,,,,,
0x013EE,paged,common,0x13EE,acall,0x1000,yes,1,23,no,,,,,,
0x013F4,paged,common,0x13F4,acall,0x1000,yes,1,23,no,,,,,,
0x013FA,paged,common,0x13FA,acall,0x1000,yes,1,23,no,,,,,,
0x01400,paged,common,0x1400,acall,0x1000,yes,1,23,no,,,,,,
0x01406,paged,common,0x1406,acall,0x1000,yes,1,23,no,,,,,,
0x0140C,paged,common,0x140C,acall,0x1000,yes,1,23,no,,,,,,
0x01412,paged,common,0x1412,acall,0x1000,yes,1,23,no,,,,,,
0x01418,paged,common,0x1418,acall,0x1000,yes,1,23,no,,,,,,
0x0141E,paged,common,0x141E,acall,0x1000,yes,1,23,no,,,,,,
0x01424,paged,common,0x1424,acall,0x1000,yes,1,23,no,,,,,,
0x0142A,paged,common,0x142A,acall,0x1000,yes,2,22,no,,,,,,
0x0142E,paged,common,0x142E,ajmp,0x1602,no,0,24,no,,,,,,
0x01430,paged,common,0x1430,acall,0x1000,yes,2,22,no,,,,,,
0x01436,paged,common,0x1436,acall,0x1000,yes,2,22,no,,,,,,
0x0143C,paged,common,0x143C,acall,0x1000,yes,1,23,no,,,,,,
0x01442,paged,common,0x1442,acall,0x1000,yes,1,23,no,,,,,,
0x01448,paged,common,0x1448,acall,0x1000,yes,2,22,no,,,,,,
0x0144E,paged,common,0x144E,acall,0x1000,yes,1,23,no,,,,,,
0x01454,paged,common,0x1454,acall,0x1000,yes,1,23,no,,,,,,
0x0145A,paged,common,0x145A,acall,0x1000,yes,1,23,no,,,,,,
0x01460,paged,common,0x1460,acall,0x1000,yes,1,23,no,,,,,,
0x01466,paged,common,0x1466,acall,0x1000,yes,1,23,no,,,,,,
0x0146C,paged,common,0x146C,acall,0x1000,yes,1,23,no,,,,,,
0x01472,paged,common,0x1472,acall,0x1000,yes,1,23,no,,,,,,
0x01478,paged,common,0x1478,acall,0x1000,yes,1,23,no,,,,,,
0x0147E,paged,common,0x147E,acall,0x1000,yes,1,23,no,,,,,,
0x01484,paged,common,0x1484,acall,0x1000,yes,1,23,no,,,,,,
0x0148A,paged,common,0x148A,acall,0x1000,yes,2,22,no,,,,,,
0x0148E,paged,common,0x148E,acall,0x1602,no,0,24,no,,,,,,
0x01490,paged,common,0x1490,acall,0x1000,yes,2,22,no,,,,,,
0x01496,paged,common,0x1496,acall,0x1000,yes,2,22,no,,,,,,
0x0149C,paged,common,0x149C,acall,0x1000,yes,1,23,no,,,,,,
0x014A2,paged,common,0x14A2,acall,0x1000,yes,1,23,no,,,,,,
0x014A8,paged,common,0x14A8,acall,0x1000,yes,1,23,no,,,,,,
0x014AE,paged,common,0x14AE,acall,0x1000,yes,1,23,no,,,,,,
0x014B4,paged,common,0x14B4,acall,0x1000,yes,1,23,no,,,,,,
0x014BA,paged,common,0x14BA,acall,0x1000,yes,2,22,no,,,,,,
0x014C0,paged,common,0x14C0,acall,0x1000,yes,2,22,no,,,,,,
0x014C6,paged,common,0x14C6,acall,0x1000,yes,2,22,no,,,,,,
0x014CC,paged,common,0x14CC,acall,0x1000,yes,2,22,no,,,,,,
0x014D2,paged,common,0x14D2,acall,0x1000,yes,1,23,no,,,,,,
0x014D8,paged,common,0x14D8,acall,0x1000,yes,1,23,no,,,,,,
0x014DE,paged,common,0x14DE,acall,0x1000,no,0,24,no,,,,,,
0x014E4,paged,common,0x14E4,acall,0x1000,yes,1,23,no,,,,,,
0x014EA,paged,common,0x14EA,acall,0x1000,yes,2,22,no,,,,,,
0x014F0,paged,common,0x14F0,acall,0x1000,yes,2,22,no,,,,,,
0x014F6,paged,common,0x14F6,acall,0x1000,yes,1,23,no,,,,,,
0x014FC,paged,common,0x14FC,acall,0x1000,no,0,24,no,,,,,,
0x01502,paged,common,0x1502,acall,0x1000,no,0,24,no,,,,,,
0x01508,paged,common,0x1508,acall,0x1000,yes,1,23,no,,,,,,
0x0150E,paged,common,0x150E,acall,0x1000,yes,2,22,no,,,,,,
0x01514,paged,common,0x1514,acall,0x1014,no,0,24,no,,,,,,
0x0151A,paged,common,0x151A,acall,0x1000,no,0,24,no,,,,,,
0x01520,paged,common,0x1520,acall,0x1000,no,0,24,no,,,,,,
0x01526,paged,common,0x1526,acall,0x1000,no,0,24,no,,,,,,
0x0152C,paged,common,0x152C,acall,0x1000,no,0,24,no,,,,,,
0x01532,paged,common,0x1532,acall,0x1000,no,0,24,no,,,,,,
0x01538,paged,common,0x1538,acall,0x1000,no,0,24,no,,,,,,
0x0153E,paged,common,0x153E,acall,0x1000,no,0,24,no,,,,,,
0x01544,paged,common,0x1544,acall,0x1000,no,0,24,no,,,,,,
0x0154A,paged,common,0x154A,acall,0x1000,yes,1,23,no,,,,,,
0x0154E,paged,common,0x154E,ajmp,0x1002,no,0,24,no,,,,,,
0x01550,paged,common,0x1550,acall,0x1000,yes,2,22,no,,,,,,
0x01556,paged,common,0x1556,acall,0x1000,yes,1,23,no,,,,,,
0x0155C,paged,common,0x155C,acall,0x1000,yes,1,23,no,,,,,,
0x01562,paged,common,0x1562,acall,0x1000,yes,1,23,no,,,,,,
0x01568,paged,common,0x1568,acall,0x1000,yes,1,23,no,,,,,,
0x0156E,paged,common,0x156E,acall,0x1000,yes,2,22,no,,,,,,
0x01574,paged,common,0x1574,acall,0x1000,yes,1,23,no,,,,,,
0x0157A,paged,common,0x157A,acall,0x1000,yes,1,23,no,,,,,,
0x01580,paged,common,0x1580,acall,0x1000,yes,1,23,no,,,,,,
0x01586,paged,common,0x1586,acall,0x1000,yes,1,23,no,,,,,,
0x0158C,paged,common,0x158C,acall,0x1000,yes,1,23,no,,,,,,
0x01592,paged,common,0x1592,acall,0x1000,no,0,24,no,,,,,,
0x01598,paged,common,0x1598,acall,0x1000,no,0,24,no,,,,,,
0x0159C,paged,common,0x159C,acall,0x1202,no,0,24,no,,,,,,
0x0159E,paged,common,0x159E,acall,0x1000,yes,1,23,no,,,,,,
0x015A2,paged,common,0x15A2,ajmp,0x1202,yes,1,23,no,,,,,,
0x015A4,paged,common,0x15A4,acall,0x1000,yes,2,22,no,,,,,,
0x015AA,paged,common,0x15AA,acall,0x1000,no,0,24,no,,,,,,
0x015B0,paged,common,0x15B0,acall,0x1000,yes,1,23,no,,,,,,
0x015B6,paged,common,0x15B6,acall,0x1000,yes,2,22,no,,,,,,
0x015BA,paged,common,0x15BA,ajmp,0x1402,yes,1,23,no,,,,,,
0x015BC,paged,common,0x15BC,acall,0x1000,yes,2,22,no,,,,,,
0x015C2,paged,common,0x15C2,acall,0x1000,no,0,24,no,,,,,,
0x015C8,paged,common,0x15C8,acall,0x1000,no,0,24,no,,,,,,
0x015CE,paged,common,0x15CE,acall,0x1000,yes,2,22,no,,,,,,
0x015D4,paged,common,0x15D4,acall,0x1000,no,0,24,no,,,,,,
0x015DA,paged,common,0x15DA,acall,0x1000,yes,2,22,no,,,,,,
0x015E0,paged,common,0x15E0,acall,0x1000,no,0,24,no,,,,,,
0x015E3,paged,common,0x15E3,ajmp,0x163C,no,0,24,no,,,,,,
0x015E6,paged,common,0x15E6,acall,0x1000,no,0,24,no,,,,,,
0x015E9,paged,common,0x15E9,ajmp,0x1634,no,0,24,no,,,,,,
0x015EC,paged,common,0x15EC,acall,0x1000,yes,1,23,no,,,,,,
0x015F2,paged,common,0x15F2,acall,0x1000,no,0,24,no,,,,,,
0x015F8,paged,common,0x15F8,acall,0x1000,yes,1,23,no,,,,,,
0x015FE,paged,common,0x15FE,acall,0x1000,no,0,24,no,,,,,,
0x01602,paged,common,0x1602,ajmp,0x1202,no,0,24,no,,,,,,
0x01604,paged,common,0x1604,acall,0x1000,yes,1,23,no,,,,,,
0x0160A,paged,common,0x160A,acall,0x1000,no,0,24,no,,,,,,
0x01610,paged,common,0x1610,acall,0x1000,no,0,24,no,,,,,,
0x01616,paged,common,0x1616,acall,0x1000,no,0,24,no,,,,,,
0x0161C,paged,common,0x161C,acall,0x1000,yes,2,22,no,,,,,,
0x01622,paged,common,0x1622,acall,0x1000,no,0,24,no,,,,,,
0x01628,paged,common,0x1628,acall,0x1000,no,0,24,no,,,,,,
0x0162E,paged,common,0x162E,acall,0x1000,yes,1,23,no,,,,,,
0x01634,paged,common,0x1634,acall,0x1000,no,0,24,no,,,,,,
0x01638,paged,common,0x1638,acall,0x1402,no,0,24,no,,,,,,
0x0163A,paged,common,0x163A,acall,0x1000,yes,1,23,no,,,,,,
0x01640,paged,common,0x1640,acall,0x1014,no,0,24,no,,,,,,
0x01646,paged,common,0x1646,acall,0x1014,no,0,24,no,,,,,,
0x0164C,paged,common,0x164C,acall,0x1014,no,0,24,no,,,,,,
0x01652,paged,common,0x1652,acall,0x1014,no,0,24,no,,,,,,
0x01656,paged,common,0x1656,ajmp,0x1402,yes,1,23,no,,,,,,
0x01658,paged,common,0x1658,acall,0x1014,yes,2,22,no,,,,,,
0x0165E,paged,common,0x165E,acall,0x1014,no,0,24,no,,,,,,
0x01661,paged,common,0x1661,acall,0x1760,no,0,24,no,,,,,,
0x01664,paged,common,0x1664,acall,0x1014,yes,1,23,no,,,,,,
0x0166A,paged,common,0x166A,acall,0x1014,no,0,24,no,,,,,,
0x01670,paged,common,0x1670,acall,0x1014,yes,1,23,no,,,,,,
0x01676,paged,common,0x1676,acall,0x1014,no,0,24,no,,,,,,
0x0167C,paged,common,0x167C,acall,0x1000,no,0,24,no,,,,,,
0x01682,paged,common,0x1682,acall,0x1000,no,0,24,no,,,,,,
0x01688,paged,common,0x1688,acall,0x1000,no,0,24,no,,,,,,
0x0168E,paged,common,0x168E,acall,0x1000,no,0,24,no,,,,,,
0x01694,paged,common,0x1694,acall,0x1000,no,0,24,no,,,,,,
0x0169A,paged,common,0x169A,acall,0x1000,no,0,24,no,,,,,,
0x016A0,paged,common,0x16A0,acall,0x1000,no,0,24,no,,,,,,
0x016A6,paged,common,0x16A6,acall,0x1000,no,0,24,no,,,,,,
0x016AC,paged,common,0x16AC,acall,0x1000,no,0,24,no,,,,,,
0x016B2,paged,common,0x16B2,acall,0x1000,yes,2,22,no,,,,,,
0x016B8,paged,common,0x16B8,acall,0x1000,yes,2,22,no,,,,,,
0x016BE,paged,common,0x16BE,acall,0x1000,no,0,24,no,,,,,,
0x016C2,paged,common,0x16C2,ajmp,0x1302,yes,1,23,no,,,,,,
0x016C4,paged,common,0x16C4,acall,0x1000,yes,2,22,no,,,,,,
0x016CA,paged,common,0x16CA,acall,0x1000,no,0,24,no,,,,,,
0x016D0,paged,common,0x16D0,acall,0x1000,yes,2,22,no,,,,,,
0x016D6,paged,common,0x16D6,acall,0x1000,yes,2,22,no,,,,,,
0x016DC,paged,common,0x16DC,acall,0x1000,yes,2,22,no,,,,,,
0x016E2,paged,common,0x16E2,acall,0x1000,no,0,24,no,,,,,,
0x016E8,paged,common,0x16E8,acall,0x1000,no,0,24,no,,,,,,
0x016EC,paged,common,0x16EC,acall,0x1002,yes,1,23,no,,,,,,
0x016EE,paged,common,0x16EE,acall,0x1000,yes,2,22,no,,,,,,
0x016F4,paged,common,0x16F4,acall,0x1000,no,0,24,no,,,,,,
0x016FA,paged,common,0x16FA,acall,0x1000,no,0,24,no,,,,,,
0x016FE,paged,common,0x16FE,ajmp,0x1702,yes,1,23,no,,,,,,
0x01700,paged,common,0x1700,acall,0x1000,yes,2,22,no,,,,,,
0x01706,paged,common,0x1706,acall,0x1000,yes,2,22,no,,,,,,
0x0170C,paged,common,0x170C,acall,0x1000,no,0,24,no,,,,,,
0x01712,paged,common,0x1712,acall,0x1000,no,0,24,no,,,,,,
0x01718,paged,common,0x1718,acall,0x1000,no,0,24,no,,,,,,
0x0171B,paged,common,0x171B,acall,0x1754,no,0,24,no,,,,,,
0x0171E,paged,common,0x171E,acall,0x1014,yes,1,23,no,,,,,,
0x01721,paged,common,0x1721,acall,0x1796,no,0,24,no,,,,,,
0x01724,paged,common,0x1724,acall,0x1014,no,0,24,no,,,,,,
0x0172A,paged,common,0x172A,acall,0x1014,no,0,24,no,,,,,,
0x01730,paged,common,0x1730,acall,0x1014,no,0,24,no,,,,,,
0x01736,paged,common,0x1736,acall,0x1014,no,0,24,no,,,,,,
0x0173C,paged,common,0x173C,acall,0x1000,yes,1,23,no,,,,,,
0x01742,paged,common,0x1742,acall,0x1000,no,0,24,no,,,,,,
0x01748,paged,common,0x1748,acall,0x1000,yes,2,22,no,,,,,,
0x0174E,paged,common,0x174E,acall,0x1000,yes,2,22,no,,,,,,
0x01754,paged,common,0x1754,acall,0x1000,no,0,24,no,,,,,,
0x0175A,paged,common,0x175A,acall,0x1000,yes,2,22,no,,,,,,
0x01760,paged,common,0x1760,acall,0x1000,yes,2,22,no,,,,,,
0x01764,paged,common,0x1764,ajmp,0x1002,no,0,24,no,,,,,,
0x01766,paged,common,0x1766,acall,0x1000,yes,1,23,no,,,,,,
0x0176C,paged,common,0x176C,acall,0x1000,no,0,24,no,,,,,,
0x01772,paged,common,0x1772,acall,0x1000,no,0,24,no,,,,,,
0x01778,paged,common,0x1778,acall,0x1000,no,0,24,no,,,,,,
0x0177E,paged,common,0x177E,acall,0x1000,no,0,24,no,,,,,,
0x01784,paged,common,0x1784,acall,0x1000,no,0,24,no,,,,,,
0x0178A,paged,common,0x178A,acall,0x1000,no,0,24,no,,,,,,
0x01790,paged,common,0x1790,acall,0x1000,no,0,24,no,,,,,,
0x01796,paged,common,0x1796,acall,0x1000,no,0,24,no,,,,,,
0x0179C,paged,common,0x179C,acall,0x1000,no,0,24,no,,,,,,
0x0179F,paged,common,0x179F,ajmp,0x1664,no,0,24,no,,,,,,
0x017A2,paged,common,0x17A2,acall,0x1000,yes,1,23,no,,,,,,
0x017A8,paged,common,0x17A8,acall,0x1000,no,0,24,no,,,,,,
0x017AE,paged,common,0x17AE,acall,0x1000,no,0,24,no,,,,,,
0x017B4,paged,common,0x17B4,acall,0x1000,no,0,24,no,,,,,,
0x017BA,paged,common,0x17BA,acall,0x1000,no,0,24,no,,,,,,
0x017C0,paged,common,0x17C0,acall,0x1000,no,0,24,no,,,,,,
0x017C6,paged,common,0x17C6,acall,0x1000,yes,1,23,no,,,,,,
0x017CC,paged,common,0x17CC,acall,0x1000,yes,2,22,no,,,,,,
0x017CF,paged,common,0x17CF,ajmp,0x16A1,no,0,24,no,,,,,,
0x017D0,paged,common,0x17D0,ajmp,0x1502,no,0,24,no,,,,,,
0x017D2,paged,common,0x17D2,acall,0x1000,yes,1,23,no,,,,,,
0x017D5,paged,common,0x17D5,ajmp,0x164C,no,0,24,no,,,,,,
0x017D8,paged,common,0x17D8,acall,0x1000,no,0,24,no,,,,,,
0x017DE,paged,common,0x17DE,acall,0x1000,yes,2,22,no,,,,,,
0x017E4,paged,common,0x17E4,acall,0x1000,yes,2,22,no,,,,,,
0x017EA,paged,common,0x17EA,acall,0x1000,no,0,24,no,,,,,,
0x017F0,paged,common,0x17F0,acall,0x1000,no,0,24,no,,,,,,
0x017F6,paged,common,0x17F6,acall,0x1000,no,0,24,no,,,,,,
0x017FA,paged,common,0x17FA,ajmp,0x1502,yes,1,23,no,,,,,,
0x017FC,paged,common,0x17FC,acall,0x1000,yes,2,22,no,,,,,,
0x01802,paged,common,0x1802,acall,0x1800,no,0,24,no,,,,,,
0x01808,paged,common,0x1808,acall,0x1800,yes,2,22,no,,,,,,
0x0180E,paged,common,0x180E,acall,0x1800,no,0,24,no,,,,,,
0x01811,paged,common,0x1811,ajmp,0x1EA9,no,0,24,no,,,,,,
0x01814,paged,common,0x1814,acall,0x1800,yes,1,23,no,,,,,,
0x0181A,paged,common,0x181A,acall,0x1800,no,0,24,no,,,,,,
0x01820,paged,common,0x1820,acall,0x1800,no,0,24,no,,,,,,
0x01826,paged,common,0x1826,acall,0x1800,no,0,24,no,,,,,,
0x0182C,paged,common,0x182C,acall,0x1800,no,0,24,no,,,,,,
0x01832,paged,common,0x1832,acall,0x1800,yes,1,23,no,,,,,,
0x01838,paged,common,0x1838,acall,0x1800,yes,2,22,no,,,,,,
0x0183E,paged,common,0x183E,acall,0x1800,yes,2,22,no,,,,,,
0x01844,paged,common,0x1844,acall,0x1800,no,0,24,no,,,,,,
0x0184A,paged,common,0x184A,acall,0x1800,no,0,24,no,,,,,,
0x01850,paged,common,0x1850,acall,0x1800,yes,2,22,no,,,,,,
0x01856,paged,common,0x1856,acall,0x1800,no,0,24,no,,,,,,
0x0185C,paged,common,0x185C,acall,0x1800,no,0,24,no,,,,,,
0x01860,paged,common,0x1860,ajmp,0x1C02,yes,1,23,no,,,,,,
0x01862,paged,common,0x1862,acall,0x1800,yes,2,22,no,,,,,,
0x01868,paged,common,0x1868,acall,0x1800,yes,2,22,no,,,,,,
0x0186E,paged,common,0x186E,acall,0x1800,no,0,24,no,,,,,,
0x01874,paged,common,0x1874,acall,0x1800,yes,2,22,no,,,,,,
0x0187A,paged,common,0x187A,acall,0x1800,no,0,24,no,,,,,,
0x01880,paged,common,0x1880,acall,0x1800,no,0,24,no,,,,,,
0x01886,paged,common,0x1886,acall,0x1800,no,0,24,no,,,,,,
0x0188C,paged,common,0x188C,acall,0x1814,no,0,24,no,,,,,,
0x01892,paged,common,0x1892,acall,0x1814,no,0,24,no,,,,,,
0x01898,paged,common,0x1898,acall,0x1814,yes,1,23,no,,,,,,
0x0189E,paged,common,0x189E,acall,0x1814,yes,2,22,no,,,,,,
0x018A4,paged,common,0x18A4,acall,0x1814,no,0,24,no,,,,,,
0x018AA,paged,common,0x18AA,acall,0x1814,yes,1,23,no,,,,,,
0x018B0,paged,common,0x18B0,acall,0x1814,no,0,24,no,,,,,,
0x018B3,paged,common,0x18B3,ajmp,0x1CC5,no,0,24,no,,,,,,
0x018B6,paged,common,0x18B6,acall,0x1814,yes,1,23,no,,,,,,
0x018BC,paged,common,0x18BC,acall,0x1814,no,0,24,no,,,,,,
0x018C0,paged,common,0x18C0,ajmp,0x1B02,no,0,24,no,,,,,,
0x018C2,paged,common,0x18C2,acall,0x1814,yes,1,23,no,,,,,,
0x018C5,paged,common,0x18C5,ajmp,0x1C8A,no,0,24,no,,,,,,
0x018C8,paged,common,0x18C8,acall,0x1814,yes,1,23,no,,,,,,
0x018CE,paged,common,0x18CE,acall,0x1814,yes,1,23,no,,,,,,
0x018D4,paged,common,0x18D4,acall,0x1814,yes,2,22,no,,,,,,
0x018DA,paged,common,0x18DA,acall,0x1814,no,0,24,no,,,,,,
0x018E0,paged,common,0x18E0,acall,0x1814,no,0,24,no,,,,,,
0x018E6,paged,common,0x18E6,acall,0x1814,no,0,24,no,,,,,,
0x018EC,paged,common,0x18EC,acall,0x1814,no,0,24,no,,,,,,
0x018F2,paged,common,0x18F2,acall,0x1814,yes,1,23,no,,,,,,
0x018F8,paged,common,0x18F8,acall,0x1814,no,0,24,no,,,,,,
0x018FE,paged,common,0x18FE,acall,0x1814,yes,1,23,no,,,,,,
0x01904,paged,common,0x1904,acall,0x1814,no,0,24,no,,,,,,
0x0190A,paged,common,0x190A,acall,0x1814,yes,1,23,no,,,,,,
0x01910,paged,common,0x1910,acall,0x1814,yes,1,23,no,,,,,,
0x01914,paged,common,0x1914,ajmp,0x1C02,no,0,24,no,,,,,,
0x01916,paged,common,0x1916,acall,0x1814,yes,1,23,no,,,,,,
0x0191C,paged,common,0x191C,acall,0x1814,no,0,24,no,,,,,,
0x01922,paged,common,0x1922,acall,0x1814,yes,1,23,no,,,,,,
0x01928,paged,common,0x1928,acall,0x1814,no,0,24,no,,,,,,
0x0192E,paged,common,0x192E,acall,0x1814,no,0,24,no,,,,,,
0x01934,paged,common,0x1934,acall,0x1814,no,0,24,no,,,,,,
0x01938,paged,common,0x1938,ajmp,0x1802,yes,1,23,no,,,,,,
0x0193A,paged,common,0x193A,acall,0x1814,yes,2,22,no,,,,,,
0x01940,paged,common,0x1940,acall,0x1814,yes,1,23,no,,,,,,
0x01946,paged,common,0x1946,acall,0x1814,no,0,24,no,,,,,,
0x0194C,paged,common,0x194C,acall,0x1814,yes,1,23,no,,,,,,
0x01952,paged,common,0x1952,acall,0x1814,no,0,24,no,,,,,,
0x01958,paged,common,0x1958,acall,0x1814,no,0,24,no,,,,,,
0x0195E,paged,common,0x195E,acall,0x1800,no,0,24,no,,,,,,
0x01964,paged,common,0x1964,acall,0x1800,no,0,24,no,,,,,,
0x0196A,paged,common,0x196A,acall,0x1800,yes,2,22,no,,,,,,
0x01970,paged,common,0x1970,acall,0x1800,yes,2,22,no,,,,,,
0x01976,paged,common,0x1976,acall,0x1800,no,0,24,no,,,,,,
0x0197C,paged,common,0x197C,acall,0x1814,no,0,24,no,,,,,,
0x01982,paged,common,0x1982,acall,0x1814,no,0,24,no,,,,,,
0x01985,paged,common,0x1985,ajmp,0x1E0C,no,0,24,no,,,,,,
0x01988,paged,common,0x1988,acall,0x1800,no,0,24,no,,,,,,
0x0198B,paged,common,0x198B,ajmp,0x1EE7,no,0,24,no,,,,,,
0x0198E,paged,common,0x198E,acall,0x1800,no,0,24,no,,,,,,
0x01992,paged,common,0x1992,acall,0x1C02,yes,1,23,no,,,,,,
0x01994,paged,common,0x1994,acall,0x1800,yes,2,22,no,,,,,,
0x0199A,paged,common,0x199A,acall,0x1800,no,0,24,no,,,,,,
0x019A0,paged,common,0x19A0,acall,0x1800,no,0,24,no,,,,,,
0x019A6,paged,common,0x19A6,acall,0x1800,no,0,24,no,,,,,,
0x019A9,paged,common,0x19A9,ajmp,0x1E18,no,0,24,no,,,,,,
0x019AC,paged,common,0x19AC,acall,0x1800,no,0,24,no,,,,,,
0x019B2,paged,common,0x19B2,acall,0x1800,yes,2,22,no,,,,,,
0x019B8,paged,common,0x19B8,acall,0x1800,yes,2,22,no,,,,,,
0x019BC,paged,common,0x19BC,ajmp,0x1C02,yes,1,23,no,,,,,,
0x019BE,paged,common,0x19BE,acall,0x1800,yes,2,22,no,,,,,,
0x019C4,paged,common,0x19C4,acall,0x1800,no,0,24,no,,,,,,
0x019CA,paged,common,0x19CA,acall,0x1800,no,0,24,no,,,,,,
0x019D0,paged,common,0x19D0,acall,0x1800,yes,1,23,no,,,,,,
0x019D6,paged,common,0x19D6,acall,0x1800,yes,1,23,no,,,,,,
0x019DC,paged,common,0x19DC,acall,0x1800,no,0,24,no,,,,,,
0x019DF,paged,common,0x19DF,ajmp,0x1E74,no,0,24,no,,,,,,
0x019E2,paged,common,0x19E2,acall,0x1800,yes,1,23,no,,,,,,
0x019E8,paged,common,0x19E8,acall,0x1800,yes,1,23,no,,,,,,
0x019EE,paged,common,0x19EE,acall,0x1800,yes,2,22,no,,,,,,
0x019F4,paged,common,0x19F4,acall,0x1800,no,0,24,no,,,,,,
0x019FA,paged,common,0x19FA,acall,0x1800,yes,2,22,no,,,,,,
0x01A00,paged,common,0x1A00,acall,0x1800,yes,1,23,no,,,,,,
0x01A06,paged,common,0x1A06,acall,0x1800,no,0,24,no,,,,,,
0x01A0C,paged,common,0x1A0C,acall,0x1800,yes,1,23,no,,,,,,
0x01A12,paged,common,0x1A12,acall,0x1800,yes,1,23,no,,,,,,
0x01A18,paged,common,0x1A18,acall,0x1800,no,0,24,no,,,,,,
0x01A1E,paged,common,0x1A1E,acall,0x1800,no,0,24,no,,,,,,
0x01A24,paged,common,0x1A24,acall,0x1800,no,0,24,no,,,,,,
0x01A27,paged,common,0x1A27,ajmp,0x1EB1,no,0,24,no,,,,,,
0x01A28,paged,common,0x1A28,acall,0x1D02,no,0,24,no,,,,,,
0x01A2A,paged,common,0x1A2A,acall,0x1800,yes,1,23,no,,,,,,
0x01A30,paged,common,0x1A30,acall,0x1800,no,0,24,no,,,,,,
0x01A36,paged,common,0x1A36,acall,0x1800,yes,1,23,no,,,,,,
0x01A3C,paged,common,0x1A3C,acall,0x1800,no,0,24,no,,,,,,
0x01A3F,paged,common,0x1A3F,ajmp,0x1ED9,no,0,24,no,,,,,,
0x01A42,paged,common,0x1A42,acall,0x1800,yes,1,23,no,,,,,,
0x01A45,paged,common,0x1A45,ajmp,0x1ED8,no,0,24,no,,,,,,
0x01A48,paged,common,0x1A48,acall,0x1800,yes,1,23,no,,,,,,
0x01A4E,paged,common,0x1A4E,acall,0x1800,no,0,24,no,,,,,,
0x01A54,paged,common,0x1A54,acall,0x1800,yes,1,23,no,,,,,,
0x01A5A,paged,common,0x1A5A,acall,0x1800,no,0,24,no,,,,,,
0x01A60,paged,common,0x1A60,acall,0x1800,no,0,24,no,,,,,,
0x01A63,paged,common,0x1A63,ajmp,0x1E54,no,0,24,no,,,,,,
0x01A66,paged,common,0x1A66,acall,0x1800,yes,1,23,no,,,,,,
0x01A6C,paged,common,0x1A6C,acall,0x1800,yes,1,23,no,,,,,,
0x01A72,paged,common,0x1A72,acall,0x1800,no,0,24,no,,,,,,
0x01A78,paged,common,0x1A78,acall,0x1800,no,0,24,no,,,,,,
0x01A7B,paged,common,0x1A7B,ajmp,0x1E6C,no,0,24,no,,,,,,
0x01A7E,paged,common,0x1A7E,acall,0x1800,no,0,24,no,,,,,,
0x01A84,paged,common,0x1A84,acall,0x1800,yes,2,22,no,,,,,,
0x01A8A,paged,common,0x1A8A,acall,0x1800,no,0,24,no,,,,,,
0x01A90,paged,common,0x1A90,acall,0x1800,no,0,24,no,,,,,,
0x01A96,paged,common,0x1A96,acall,0x1800,no,0,24,no,,,,,,
0x01A9A,paged,common,0x1A9A,acall,0x1902,no,0,24,no,,,,,,
0x01A9C,paged,common,0x1A9C,acall,0x1800,yes,1,23,no,,,,,,
0x01AA2,paged,common,0x1AA2,acall,0x1800,no,0,24,no,,,,,,
0x01AA8,paged,common,0x1AA8,acall,0x1800,no,0,24,no,,,,,,
0x01AAE,paged,common,0x1AAE,acall,0x1800,yes,1,23,no,,,,,,
0x01AB4,paged,common,0x1AB4,acall,0x1800,no,0,24,no,,,,,,
0x01AB7,paged,common,0x1AB7,ajmp,0x1E84,no,0,24,no,,,,,,
0x01ABA,paged,common,0x1ABA,acall,0x1800,no,0,24,no,,,,,,
0x01ABD,paged,common,0x1ABD,ajmp,0x1E7C,no,0,24,no,,,,,,
0x01AC0,paged,common,0x1AC0,acall,0x1800,yes,1,23,no,,,,,,
0x01AF4,paged,common,0x1AF4,ajmp,0x1870,no,0,24,no,,,,,,
0x01B03,paged,common,0x1B03,ajmp,0x19EB,no,0,24,no,,,,,,
0x01B1A,paged,common,0x1B1A,ajmp,0x19EB,no,0,24,no,,,,,,
0x01B2E,paged,common,0x1B2E,ajmp,0x18F0,no,0,24,no,,,,,,
0x01B39,paged,common,0x1B39,acall,0x18C0,yes,1,23,no,,,,,,
0x01B44,paged,common,0x1B44,ajmp,0x19E2,no,0,24,no,,,,,,
0x01B47,bucket-c,common,0x1B47,ljmp,0xC333,no,0,24,no,,,,,,
0x01B5F,paged,common,0x1B5F,ajmp,0x1990,yes,1,23,no,,,,,,
0x01B68,paged,common,0x1B68,acall,0x18C0,yes,1,23,no,,,,,,
0x01B73,paged,common,0x1B73,ajmp,0x19E2,no,0,24,no,,,,,,
0x01B76,bucket-c,common,0x1B76,ljmp,0xC333,no,0,24,no,,,,,,
0x01B8C,paged,common,0x1B8C,acall,0x1812,yes,1,23,no,,,,,,
0x01B8E,paged,common,0x1B8E,ajmp,0x19EB,yes,2,22,no,,,,,,
0x01BA2,paged,common,0x1BA2,ajmp,0x18F0,no,0,24,no,,,,,,
0x01BEB,paged,common,0x1BEB,ajmp,0x18F0,no,0,24,no,,,,,,
0x01C08,paged,common,0x1C08,acall,0x1E90,yes,1,23,no,,,,,,
0x01C1D,paged,common,0x1C1D,acall,0x1E90,yes,1,23,no,,,,,,
0x01C50,paged,common,0x1C50,ajmp,0x1806,yes,2,22,no,,,,,,
0x01C7B,paged,common,0x1C7B,acall,0x1B10,no,0,24,no,,,,,,
0x01C8A,paged,common,0x1C8A,ajmp,0x1812,yes,1,23,no,,,,,,
0x01C8C,paged,common,0x1C8C,acall,0x1B10,yes,2,22,no,,,,,,
0x01C92,paged,common,0x1C92,ajmp,0x1893,no,0,24,no,,,,,,
0x01CD4,paged,common,0x1CD4,acall,0x1AEF,yes,1,23,no,,,,,,
0x01CDF,paged,common,0x1CDF,acall,0x1AE0,yes,1,23,no,,,,,,
0x01CF2,paged,common,0x1CF2,acall,0x1AE0,yes,1,23,no,,,,,,
0x01D19,paged,common,0x1D19,ajmp,0x19F5,no,0,24,no,,,,,,
0x01D22,paged,common,0x1D22,acall,0x1AEF,yes,1,23,no,,,,,,
0x01D2C,paged,common,0x1D2C,ajmp,0x1F22,no,0,24,no,,,,,,
0x01D34,paged,common,0x1D34,ajmp,0x18FF,no,0,24,no,,,,,,
0x01D3B,paged,common,0x1D3B,ajmp,0x184F,no,0,24,no,,,,,,
0x01D40,paged,common,0x1D40,ajmp,0x19DC,no,0,24,no,,,,,,
0x01D43,bucket-c,common,0x1D43,ljmp,0xC333,yes,1,23,no,,,,,,
0x01D52,paged,common,0x1D52,acall,0x1AE0,yes,1,23,no,,,,,,
0x01D63,paged,common,0x1D63,ajmp,0x19DF,no,0,24,no,,,,,,
0x01D66,bucket-c,common,0x1D66,ljmp,0xC333,yes,1,23,no,,,,,,
0x01D82,paged,common,0x1D82,ajmp,0x19DC,no,0,24,no,,,,,,
0x01D85,bucket-c,common,0x1D85,ljmp,0xC333,yes,1,23,no,,,,,,
0x01D94,paged,common,0x1D94,acall,0x1AE0,yes,1,23,no,,,,,,
0x01DA1,paged,common,0x1DA1,ajmp,0x19DF,no,0,24,no,,,,,,
0x01DA4,bucket-c,common,0x1DA4,ljmp,0xC333,yes,1,23,no,,,,,,
0x01DB3,paged,common,0x1DB3,acall,0x1AE0,yes,1,23,no,,,,,,
0x01DC5,paged,common,0x1DC5,ajmp,0x180E,yes,2,22,no,,,,,,
0x01DC8,paged,common,0x1DC8,ajmp,0x19DC,no,0,24,no,,,,,,
0x01DCB,bucket-c,common,0x1DCB,ljmp,0xC333,yes,1,23,no,,,,,,
0x01DDA,paged,common,0x1DDA,acall,0x1AE0,yes,1,23,no,,,,,,
0x01DE6,paged,common,0x1DE6,ajmp,0x19DC,no,0,24,no,,,,,,
0x01DE9,bucket-c,common,0x1DE9,ljmp,0xC333,yes,1,23,no,,,,,,
0x01DF8,paged,common,0x1DF8,acall,0x1AE0,yes,1,23,no,,,,,,
0x01E04,paged,common,0x1E04,ajmp,0x19DC,no,0,24,no,,,,,,
0x01E07,bucket-c,common,0x1E07,ljmp,0xC333,yes,1,23,no,,,,,,
0x01E21,paged,common,0x1E21,ajmp,0x1805,no,0,24,no,,,,,,
0x01E37,paged,common,0x1E37,acall,0x1B60,no,0,24,no,,,,,,
0x01E62,paged,common,0x1E62,ajmp,0x1822,no,0,24,no,,,,,,
0x01E85,paged,common,0x1E85,ajmp,0x1860,no,0,24,no,,,,,,
0x01E8B,paged,common,0x1E8B,ajmp,0x1870,no,0,24,no,,,,,,
0x01EA0,bucket-c,common,0x1EA0,ljmp,0x801F,yes,4,20,no,,,,,,
0x01EC1,paged,common,0x1EC1,acall,0x187F,yes,1,23,no,,,,,,
0x01EE1,bucket-c,common,0x1EE1,lcall,0x800F,no,0,24,no,,,,,,
0x01F00,paged,common,0x1F00,ajmp,0x1805,no,0,24,no,,,,,,
0x01F14,paged,common,0x1F14,ajmp,0x1870,no,0,24,no,,,,,,
0x01F1A,paged,common,0x1F1A,ajmp,0x1870,no,0,24,no,,,,,,
0x01F22,paged,common,0x1F22,ajmp,0x1B20,yes,1,23,no,,,,,,
0x01F2E,paged,common,0x1F2E,ajmp,0x1A30,no,0,24,no,,,,,,
0x01F31,paged,common,0x1F31,acall,0x1830,yes,2,22,no,,,,,,
0x01F59,paged,common,0x1F59,acall,0x1830,yes,1,23,no,,,,,,
0x01F74,bucket-c,common,0x1F74,lcall,0x800A,no,0,24,no,,,,,,
0x01F8E,paged,common,0x1F8E,ajmp,0x1870,no,0,24,no,,,,,,
0x01F94,paged,common,0x1F94,ajmp,0x1979,no,0,24,no,,,,,,
0x01FAE,paged,common,0x1FAE,ajmp,0x1979,no,0,24,no,,,,,,
0x01FBB,paged,common,0x1FBB,ajmp,0x1A7B,yes,1,23,no,,,,,,
0x01FBF,paged,common,0x1FBF,ajmp,0x1979,no,0,24,no,,,,,,
0x01FD7,paged,common,0x1FD7,ajmp,0x1979,no,0,24,no,,,,,,
0x01FE8,paged,common,0x1FE8,ajmp,0x1979,no,0,24,no,,,,,,
0x02007,paged,common,0x2007,ajmp,0x201A,no,0,24,no,,,,,,
0x0200C,paged,common,0x200C,ajmp,0x2179,no,0,24,no,,,,,,
0x0201D,paged,common,0x201D,ajmp,0x2179,no,0,24,no,,,,,,
0x0202C,paged,common,0x202C,ajmp,0x2179,no,0,24,no,,,,,,
0x0205E,bucket-c,common,0x205E,ljmp,0x8020,yes,3,21,no,,,,,,
0x02067,paged,common,0x2067,ajmp,0x200E,no,0,24,no,,,,,,
0x02074,bucket-c,common,0x2074,lcall,0x8011,no,0,24,no,,,,,,
0x02076,paged,common,0x2076,acall,0x2090,no,0,24,no,,,,,,
0x02097,paged,common,0x2097,ajmp,0x2179,no,0,24,no,,,,,,
0x0209D,paged,common,0x209D,ajmp,0x2179,no,0,24,no,,,,,,
0x020B2,paged,common,0x20B2,acall,0x2310,no,0,24,no,,,,,,
0x020D3,paged,common,0x20D3,ajmp,0x2070,no,0,24,no,,,,,,
0x020DB,paged,common,0x20DB,ajmp,0x2707,no,0,24,no,,,,,,
0x020E1,bucket-c,common,0x20E1,lcall,0x8028,no,0,24,no,,,,,,
0x020EF,paged,common,0x20EF,acall,0x2080,no,0,24,no,,,,,,
0x0213B,paged,common,0x213B,ajmp,0x2013,no,0,24,no,,,,,,
0x0215D,paged,common,0x215D,ajmp,0x2070,no,0,24,no,,,,,,
0x0216B,paged,common,0x216B,acall,0x2012,no,0,24,no,,,,,,
0x02190,paged,common,0x2190,ajmp,0x2009,no,0,24,no,,,,,,
0x021AF,paged,common,0x21AF,ajmp,0x2151,yes,24,0,yes,common-219c-ff-triples,ff-triples,read-by-hand,3,19,no
0x021B0,paged,common,0x21B0,acall,0x22FF,no,0,24,yes,common-219c-ff-triples,ff-triples,read-by-hand,3,20,no
0x021C6,bucket-c,common,0x21C6,lcall,0xE000,yes,24,0,no,,,,,,
0x021CD,paged,common,0x21CD,ajmp,0x2714,yes,1,23,no,,,,,,
0x021D0,paged,common,0x21D0,ajmp,0x27F0,no,0,24,no,,,,,,
0x021E5,paged,common,0x21E5,ajmp,0x20C8,no,0,24,no,,,,,,
0x02202,paged,common,0x2202,ajmp,0x207E,no,0,24,no,,,,,,
0x0222F,paged,common,0x222F,acall,0x2345,no,0,24,no,,,,,,
0x02236,paged,common,0x2236,acall,0x237B,no,0,24,no,,,,,,
0x0225B,paged,common,0x225B,acall,0x2790,no,0,24,no,,,,,,
0x02289,paged,common,0x2289,acall,0x25E0,yes,1,23,no,,,,,,
0x022B1,paged,common,0x22B1,ajmp,0x20F0,yes,3,21,no,,,,,,
0x022BA,paged,common,0x22BA,ajmp,0x2070,no,0,24,no,,,,,,
0x022C6,paged,common,0x22C6,acall,0x2790,no,0,24,no,,,,,,
0x022D7,paged,common,0x22D7,ajmp,0x2040,no,0,24,no,,,,,,
0x02312,paged,common,0x2312,ajmp,0x207B,no,0,24,no,,,,,,
0x02330,paged,common,0x2330,ajmp,0x20F0,no,0,24,no,,,,,,
0x0238D,paged,common,0x238D,ajmp,0x20F0,yes,1,23,no,,,,,,
0x023AF,paged,common,0x23AF,acall,0x2012,yes,2,22,no,,,,,,
0x023B4,bucket-c,common,0x23B4,ljmp,0xC333,yes,5,19,no,,,,,,
0x023CB,paged,common,0x23CB,acall,0x25E0,yes,1,23,no,,,,,,
0x023D7,paged,common,0x23D7,ajmp,0x2022,no,0,24,no,,,,,,
0x023DF,paged,common,0x23DF,ajmp,0x20FF,no,0,24,no,,,,,,
0x023E6,paged,common,0x23E6,ajmp,0x202F,no,0,24,no,,,,,,
0x023F0,paged,common,0x23F0,ajmp,0x202F,no,0,24,no,,,,,,
0x02401,bucket-c,common,0x2401,ljmp,0xC333,yes,5,19,no,,,,,,
0x02411,bucket-c,common,0x2411,ljmp,0xC333,yes,2,22,no,,,,,,
0x02429,bucket-c,common,0x2429,ljmp,0xC333,no,0,24,no,,,,,,
0x02439,bucket-c,common,0x2439,ljmp,0xC333,no,0,24,no,,,,,,
0x02441,paged,common,0x2441,ajmp,0x20F0,yes,1,23,no,,,,,,
0x02459,bucket-c,common,0x2459,ljmp,0x8022,yes,1,23,no,,,,,,
0x0247F,paged,common,0x247F,ajmp,0x20F0,no,0,24,no,,,,,,
0x024C0,paged,common,0x24C0,acall,0x2690,no,0,24,no,,,,,,
0x024E8,paged,common,0x24E8,ajmp,0x207E,no,0,24,no,,,,,,
0x02514,paged,common,0x2514,ajmp,0x2080,no,0,24,no,,,,,,
0x0251F,bucket-c,common,0x251F,lcall,0xEF44,yes,1,23,no,,,,,,
0x02579,bucket-c,common,0x2579,ljmp,0xF549,no,0,24,no,,,,,,
0x025D4,bucket-c,common,0x25D4,ljmp,0xE4FD,no,0,24,no,,,,,,
0x02604,paged,common,0x2604,ajmp,0x20F0,no,0,24,no,,,,,,
0x02617,paged,common,0x2617,ajmp,0x20E9,no,0,24,no,,,,,,
0x02626,paged,common,0x2626,ajmp,0x20F0,no,0,24,no,,,,,,
0x02658,paged,common,0x2658,ajmp,0x20C8,no,0,24,no,,,,,,
0x0265E,bucket-c,common,0x265E,ljmp,0xC333,no,0,24,no,,,,,,
0x0266E,paged,common,0x266E,acall,0x2730,no,0,24,no,,,,,,
0x02687,bucket-c,common,0x2687,ljmp,0xC333,yes,2,22,no,,,,,,
0x026A1,paged,common,0x26A1,acall,0x20AF,no,0,24,no,,,,,,
0x026CF,bucket-c,common,0x26CF,ljmp,0xC333,yes,2,22,no,,,,,,
0x026E7,paged,common,0x26E7,ajmp,0x20E5,yes,1,23,no,,,,,,
0x02725,bucket-c,common,0x2725,ljmp,0xC333,no,0,24,no,,,,,,
0x0273E,paged,common,0x273E,ajmp,0x20E5,yes,1,23,no,,,,,,
0x0275F,paged,common,0x275F,ajmp,0x20E5,yes,1,23,no,,,,,,
0x02777,paged,common,0x2777,ajmp,0x20E5,yes,1,23,no,,,,,,
0x02785,paged,common,0x2785,ajmp,0x207A,no,0,24,no,,,,,,
0x02791,bucket-c,common,0x2791,ljmp,0xF012,no,0,24,no,,,,,,
0x027A8,paged,common,0x27A8,ajmp,0x20F0,yes,1,23,no,,,,,,
0x027B6,paged,common,0x27B6,ajmp,0x20F0,yes,1,23,no,,,,,,
0x027BB,bucket-c,common,0x27BB,ljmp,0xF090,yes,1,23,no,,,,,,
0x027C8,paged,common,0x27C8,acall,0x2005,no,0,24,no,,,,,,
0x027D8,paged,common,0x27D8,acall,0x2005,no,0,24,no,,,,,,
0x027F0,paged,common,0x27F0,ajmp,0x2020,no,0,24,no,,,,,,
0x027F9,bucket-c,common,0x27F9,lcall,0x900B,yes,1,23,no,,,,,,
0x0280A,paged,common,0x280A,ajmp,0x28F0,no,0,24,no,,,,,,
0x02823,paged,common,0x2823,ajmp,0x2CF0,yes,1,23,no,,,,,,
0x0282F,paged,common,0x282F,ajmp,0x2CE0,yes,1,23,no,,,,,,
0x0283D,paged,common,0x283D,ajmp,0x2CE0,yes,1,23,no,,,,,,
0x02843,paged,common,0x2843,ajmp,0x2CE0,yes,1,23,no,,,,,,
0x02853,paged,common,0x2853,acall,0x28C2,yes,1,23,no,,,,,,
0x0286E,bucket-c,common,0x286E,ljmp,0xF012,yes,1,23,no,,,,,,
0x02889,paged,common,0x2889,ajmp,0x2E12,yes,1,23,no,,,,,,
0x0294D,paged,common,0x294D,ajmp,0x2AEF,yes,4,20,no,,,,,,
0x02994,paged,common,0x2994,ajmp,0x28F0,no,0,24,no,,,,,,
0x029A9,bucket-c,common,0x29A9,ljmp,0xE4F0,no,0,24,no,,,,,,
0x029B7,paged,common,0x29B7,acall,0x2890,no,0,24,no,,,,,,
0x029D3,paged,common,0x29D3,acall,0x2B3C,no,0,24,no,,,,,,
0x029DB,paged,common,0x29DB,acall,0x2B1C,no,0,24,no,,,,,,
0x029EA,paged,common,0x29EA,ajmp,0x2812,yes,1,23,no,,,,,,
0x029EC,paged,common,0x29EC,acall,0x2B25,yes,2,22,no,,,,,,
0x02A1A,paged,common,0x2A1A,ajmp,0x2925,yes,24,0,no,,,,,,
0x02A3C,paged,common,0x2A3C,ajmp,0x28C8,no,0,24,no,,,,,,
0x02A47,paged,common,0x2A47,ajmp,0x287E,no,0,24,no,,,,,,
0x02A4B,paged,common,0x2A4B,ajmp,0x2802,no,0,24,no,,,,,,
0x02A55,paged,common,0x2A55,ajmp,0x28C8,no,0,24,no,,,,,,
0x02AA0,paged,common,0x2AA0,ajmp,0x2822,yes,1,23,no,,,,,,
0x02AD3,paged,common,0x2AD3,acall,0x28E0,yes,1,23,no,,,,,,
0x02AD6,paged,common,0x2AD6,ajmp,0x2F02,no,0,24,no,,,,,,
0x02AD7,bucket-c,common,0x2AD7,ljmp,0x800B,no,0,24,no,,,,,,
0x02AE9,paged,common,0x2AE9,ajmp,0x2E78,yes,1,23,no,,,,,,
0x02B36,paged,common,0x2B36,ajmp,0x2893,no,0,24,no,,,,,,
0x02B45,paged,common,0x2B45,ajmp,0x2893,no,0,24,no,,,,,,
0x02B54,paged,common,0x2B54,acall,0x2A93,yes,1,23,no,,,,,,
0x02B67,paged,common,0x2B67,ajmp,0x2E12,yes,1,23,no,,,,,,
0x02B87,paged,common,0x2B87,ajmp,0x2808,no,0,24,no,,,,,,
0x02BB3,paged,common,0x2BB3,ajmp,0x2804,no,0,24,no,,,,,,
0x02BB7,bucket-c,common,0x2BB7,ljmp,0xF090,no,0,24,no,,,,,,
0x02BC7,bucket-c,common,0x2BC7,ljmp,0xEFF6,no,0,24,no,,,,,,
0x02BCC,paged,common,0x2BCC,ajmp,0x2DE6,no,0,24,no,,,,,,
0x02BD1,bucket-c,common,0x2BD1,ljmp,0xEFF6,no,0,24,no,,,,,,
0x02BEA,paged,common,0x2BEA,acall,0x2874,no,0,24,no,,,,,,
0x02C05,paged,common,0x2C05,acall,0x2CF6,no,0,24,no,,,,,,
0x02C1E,paged,common,0x2C1E,ajmp,0x2F03,no,0,24,no,,,,,,
0x02C39,paged,common,0x2C39,ajmp,0x2816,yes,1,23,no,,,,,,
0x02C86,paged,common,0x2C86,ajmp,0x2893,no,0,24,no,,,,,,
0x02C9F,paged,common,0x2C9F,acall,0x2A93,yes,1,23,no,,,,,,
0x02CB2,paged,common,0x2CB2,ajmp,0x2E22,yes,1,23,no,,,,,,
0x02CBD,paged,common,0x2CBD,ajmp,0x2B12,no,0,24,no,,,,,,
0x02CC0,paged,common,0x2CC0,acall,0x2EE4,yes,2,22,no,,,,,,
0x02D18,paged,common,0x2D18,ajmp,0x2B78,no,0,24,no,,,,,,
0x02D3B,bucket-c,common,0x2D3B,ljmp,0x801D,no,0,24,no,,,,,,
0x02D7F,paged,common,0x2D7F,ajmp,0x2803,no,0,24,no,,,,,,
0x02DAE,paged,common,0x2DAE,acall,0x2A93,yes,1,23,no,,,,,,
0x02DBA,paged,common,0x2DBA,acall,0x2E30,yes,1,23,no,,,,,,
0x02DBC,paged,common,0x2DBC,ajmp,0x2B0A,yes,2,22,no,,,,,,
0x02DC4,paged,common,0x2DC4,ajmp,0x2802,no,0,24,no,,,,,,
0x02DCF,paged,common,0x2DCF,acall,0x2E90,yes,1,23,no,,,,,,
0x02DE7,paged,common,0x2DE7,acall,0x2806,yes,5,19,no,,,,,,
0x02DEE,paged,common,0x2DEE,ajmp,0x2EC2,yes,1,23,no,,,,,,
0x02DF6,paged,common,0x2DF6,ajmp,0x28EF,yes,1,23,no,,,,,,
0x02E00,paged,common,0x2E00,ajmp,0x2BD2,no,0,24,no,,,,,,
0x02E05,paged,common,0x2E05,ajmp,0x2812,yes,3,21,no,,,,,,
0x02E14,paged,common,0x2E14,ajmp,0x2812,yes,13,11,no,,,,,,
0x02E2B,paged,common,0x2E2B,ajmp,0x28E0,yes,1,23,no,,,,,,
0x02E2F,paged,common,0x2E2F,acall,0x2A93,yes,1,23,no,,,,,,
0x02E6F,paged,common,0x2E6F,ajmp,0x28F0,no,0,24,no,,,,,,
0x02E7C,paged,common,0x2E7C,ajmp,0x2806,yes,2,22,no,,,,,,
0x02E82,paged,common,0x2E82,ajmp,0x28F0,no,0,24,no,,,,,,
0x02E89,paged,common,0x2E89,ajmp,0x2809,no,0,24,no,,,,,,
0x02EB9,bucket-c,common,0x2EB9,ljmp,0x8005,yes,1,23,no,,,,,,
0x02ED9,paged,common,0x2ED9,ajmp,0x2EE4,yes,1,23,no,,,,,,
0x02EE0,paged,common,0x2EE0,ajmp,0x2BD2,no,0,24,no,,,,,,
0x02F10,paged,common,0x2F10,acall,0x2A93,yes,1,23,no,,,,,,
0x02F30,paged,common,0x2F30,ajmp,0x2BC2,no,0,24,no,,,,,,
0x02F54,paged,common,0x2F54,acall,0x2AE0,yes,1,23,no,,,,,,
0x02F83,paged,common,0x2F83,ajmp,0x2E22,yes,5,19,no,,,,,,
0x02F9D,paged,common,0x2F9D,ajmp,0x2812,no,0,24,no,,,,,,
0x02FB0,bucket-c,common,0x2FB0,ljmp,0xA632,yes,1,23,no,,,,,,
0x02FEA,bucket-c,common,0x2FEA,ljmp,0x8020,no,0,24,no,,,,,,
0x0301C,bucket-c,common,0x301C,ljmp,0x800B,no,0,24,no,,,,,,
0x03029,paged,common,0x3029,ajmp,0x3012,no,0,24,no,,,,,,
0x03031,paged,common,0x3031,ajmp,0x3708,no,0,24,no,,,,,,
0x03051,paged,common,0x3051,acall,0x307F,yes,3,21,no,,,,,,
0x03053,paged,common,0x3053,ajmp,0x3012,yes,4,20,no,,,,,,
0x0306C,bucket-c,common,0x306C,ljmp,0xD21B,no,0,24,no,,,,,,
0x0307E,bucket-c,common,0x307E,ljmp,0x800B,no,0,24,no,,,,,,
0x0308B,paged,common,0x308B,ajmp,0x3012,no,0,24,no,,,,,,
0x030AA,paged,common,0x30AA,acall,0x30F0,no,0,24,no,,,,,,
0x030AE,paged,common,0x30AE,ajmp,0x30F0,yes,1,23,no,,,,,,
0x030B2,bucket-c,common,0x30B2,ljmp,0xF022,yes,1,23,no,,,,,,
0x03101,paged,common,0x3101,ajmp,0x3006,no,0,24,no,,,,,,
0x0315F,paged,common,0x315F,ajmp,0x3010,no,0,24,no,,,,,,
0x0318E,paged,common,0x318E,ajmp,0x307D,no,0,24,no,,,,,,
0x031A8,paged,common,0x31A8,ajmp,0x3046,no,0,24,no,,,,,,
0x031CA,paged,common,0x31CA,acall,0x3040,no,0,24,no,,,,,,
0x031FC,paged,common,0x31FC,acall,0x3040,no,0,24,no,,,,,,
0x03227,paged,common,0x3227,ajmp,0x3060,no,0,24,no,,,,,,
0x03240,paged,common,0x3240,acall,0x311D,no,0,24,no,,,,,,
0x0324E,paged,common,0x324E,acall,0x36E4,yes,1,23,no,,,,,,
0x03277,paged,common,0x3277,ajmp,0x307D,no,0,24,no,,,,,,
0x03291,paged,common,0x3291,ajmp,0x3046,no,0,24,no,,,,,,
0x032B5,paged,common,0x32B5,acall,0x3040,no,0,24,no,,,,,,
0x032E2,paged,common,0x32E2,acall,0x3040,no,0,24,no,,,,,,
0x03313,paged,common,0x3313,ajmp,0x36E6,yes,3,21,no,,,,,,
0x03341,paged,common,0x3341,ajmp,0x36E4,yes,3,21,no,,,,,,
0x03355,paged,common,0x3355,acall,0x36E4,yes,2,22,no,,,,,,
0x0336B,paged,common,0x336B,ajmp,0x3378,yes,1,23,no,,,,,,
0x03370,paged,common,0x3370,ajmp,0x30FF,no,0,24,no,,,,,,
0x0337A,paged,common,0x337A,ajmp,0x30EE,no,0,24,no,,,,,,
0x0338A,paged,common,0x338A,ajmp,0x3122,yes,1,23,no,,,,,,
0x033A5,bucket-c,common,0x33A5,ljmp,0xE4F6,no,0,24,no,,,,,,
0x033B2,paged,common,0x33B2,ajmp,0x330F,no,0,24,no,,,,,,
0x033CD,paged,common,0x33CD,acall,0x3230,no,0,24,no,,,,,,
0x033D0,paged,common,0x33D0,ajmp,0x3330,yes,2,22,no,,,,,,
0x033F5,paged,common,0x33F5,acall,0x34E6,no,0,24,no,,,,,,
0x0340A,paged,common,0x340A,acall,0x34E6,no,0,24,no,,,,,,
0x03427,paged,common,0x3427,ajmp,0x3178,no,0,24,no,,,,,,
0x034E4,paged,common,0x34E4,ajmp,0x307D,yes,2,22,no,,,,,,
0x0350F,paged,common,0x350F,ajmp,0x307D,no,0,24,no,,,,,,
0x03574,paged,common,0x3574,ajmp,0x35E6,no,0,24,no,,,,,,
0x03596,paged,common,0x3596,ajmp,0x300C,no,0,24,no,,,,,,
0x035C7,paged,common,0x35C7,acall,0x3612,yes,1,23,no,,,,,,
0x035E9,paged,common,0x35E9,acall,0x3712,no,0,24,no,,,,,,
0x03603,paged,common,0x3603,ajmp,0x35E6,yes,1,23,no,,,,,,
0x03606,paged,common,0x3606,ajmp,0x3016,no,0,24,no,,,,,,
0x0360A,paged,common,0x360A,ajmp,0x30C2,no,0,24,no,,,,,,
0x0365E,paged,common,0x365E,ajmp,0x307D,no,0,24,no,,,,,,
0x03684,paged,common,0x3684,ajmp,0x307D,no,0,24,no,,,,,,
0x03696,paged,common,0x3696,ajmp,0x3012,no,0,24,no,,,,,,
0x036BA,paged,common,0x36BA,ajmp,0x307D,no,0,24,no,,,,,,
0x036CC,paged,common,0x36CC,ajmp,0x3012,no,0,24,no,,,,,,
0x036F3,paged,common,0x36F3,ajmp,0x30F0,no,0,24,no,,,,,,
0x03718,bucket-c,common,0x3718,ljmp,0x802F,no,0,24,no,,,,,,
0x03781,paged,common,0x3781,acall,0x3090,no,0,24,no,,,,,,
0x0378F,paged,common,0x378F,acall,0x3074,yes,1,23,no,,,,,,
0x03791,paged,common,0x3791,ajmp,0x30F0,yes,2,22,no,,,,,,
0x03795,paged,common,0x3795,acall,0x30E0,yes,1,23,no,,,,,,
0x0379A,paged,common,0x379A,ajmp,0x30E5,no,0,24,no,,,,,,
0x037A1,paged,common,0x37A1,acall,0x30C2,no,0,24,no,,,,,,
0x037AF,paged,common,0x37AF,acall,0x3028,no,0,24,no,,,,,,
0x037B2,paged,common,0x37B2,acall,0x30D2,no,0,24,no,,,,,,
0x037B4,bucket-c,common,0x37B4,lcall,0xE4FE,yes,1,23,no,,,,,,
0x037C6,paged,common,0x37C6,acall,0x3080,no,0,24,no,,,,,,
0x037D4,paged,common,0x37D4,acall,0x3080,no,0,24,no,,,,,,
0x037D6,bucket-c,common,0x37D6,ljmp,0xAF32,yes,1,23,no,,,,,,
0x037DD,paged,common,0x37DD,acall,0x30C2,no,0,24,no,,,,,,
0x037F1,paged,common,0x37F1,ajmp,0x300B,no,0,24,no,,,,,,
0x0381F,paged,common,0x381F,ajmp,0x3846,no,0,24,no,,,,,,
0x03826,paged,common,0x3826,ajmp,0x3808,no,0,24,no,,,,,,
0x03869,paged,common,0x3869,ajmp,0x3FEF,no,0,24,no,,,,,,
0x03874,bucket-c,common,0x3874,ljmp,0xD233,yes,1,23,no,,,,,,
0x03892,paged,common,0x3892,ajmp,0x3922,yes,1,23,no,,,,,,
0x038A0,paged,common,0x38A0,ajmp,0x3FE4,yes,1,23,no,,,,,,
0x038A4,paged,common,0x38A4,ajmp,0x3802,no,0,24,no,,,,,,
0x038A7,paged,common,0x38A7,ajmp,0x3FE4,yes,2,22,no,,,,,,
0x038AE,paged,common,0x38AE,ajmp,0x3F7D,yes,2,22,no,,,,,,
0x038B0,paged,common,0x38B0,ajmp,0x38E4,yes,3,21,no,,,,,,
0x038B5,paged,common,0x38B5,ajmp,0x3F7D,yes,1,23,no,,,,,,
0x038B7,paged,common,0x38B7,ajmp,0x387F,yes,2,22,no,,,,,,
0x038B9,paged,common,0x38B9,ajmp,0x3802,yes,3,21,no,,,,,,
0x038BC,paged,common,0x38BC,ajmp,0x3F7D,yes,5,19,no,,,,,,
0x038BE,paged,common,0x38BE,ajmp,0x387F,yes,6,18,no,,,,,,
0x038C3,paged,common,0x38C3,ajmp,0x3F12,yes,9,15,no,,,,,,
0x038CC,paged,common,0x38CC,acall,0x3EE4,yes,1,23,no,,,,,,
0x038D9,paged,common,0x38D9,ajmp,0x3B78,yes,1,23,no,,,,,,
0x0398A,bucket-c,common,0x398A,lcall,0xEFF0,yes,1,23,no,,,,,,
0x03992,bucket-c,common,0x3992,lcall,0xE024,yes,1,23,no,,,,,,
0x039AB,paged,common,0x39AB,ajmp,0x38C2,no,0,24,no,,,,,,
0x039D5,bucket-c,common,0x39D5,lcall,0xE012,yes,1,23,no,,,,,,
0x039D9,paged,common,0x39D9,acall,0x3A93,yes,3,21,no,,,,,,
0x039E5,paged,common,0x39E5,acall,0x3E80,yes,1,23,no,,,,,,
0x039EF,paged,common,0x39EF,ajmp,0x3B76,yes,1,23,no,,,,,,
0x03A02,paged,common,0x3A02,ajmp,0x38F0,no,0,24,no,,,,,,
0x03A4D,paged,common,0x3A4D,acall,0x3A93,yes,1,23,no,,,,,,
0x03A59,paged,common,0x3A59,acall,0x3E80,yes,1,23,no,,,,,,
0x03A6A,paged,common,0x3A6A,acall,0x3806,no,0,24,no,,,,,,
0x03A71,paged,common,0x3A71,acall,0x3802,no,0,24,no,,,,,,
0x03A72,bucket-c,common,0x3A72,ljmp,0xE020,no,0,24,no,,,,,,
0x03A79,bucket-c,common,0x3A79,ljmp,0xE064,yes,4,20,no,,,,,,
0x03A80,paged,common,0x3A80,ajmp,0x382F,no,0,24,no,,,,,,
0x03A83,paged,common,0x3A83,ajmp,0x3880,no,0,24,no,,,,,,
0x03A8E,paged,common,0x3A8E,acall,0x3806,no,0,24,no,,,,,,
0x03A95,paged,common,0x3A95,acall,0x3802,no,0,24,no,,,,,,
0x03A96,bucket-c,common,0x3A96,ljmp,0xE020,no,0,24,no,,,,,,
0x03A9D,paged,common,0x3A9D,ajmp,0x38E0,yes,4,20,no,,,,,,
0x03AA4,paged,common,0x3AA4,ajmp,0x388C,no,0,24,no,,,,,,
0x03AA7,paged,common,0x3AA7,ajmp,0x3880,yes,1,23,no,,,,,,
0x03AA9,paged,common,0x3AA9,ajmp,0x3990,yes,2,22,no,,,,,,
0x03AB2,paged,common,0x3AB2,acall,0x3806,no,0,24,no,,,,,,
0x03AB9,paged,common,0x3AB9,acall,0x3802,no,0,24,no,,,,,,
0x03ABA,bucket-c,common,0x3ABA,ljmp,0xE020,no,0,24,no,,,,,,
0x03AC7,bucket-c,common,0x3AC7,ljmp,0x9B7F,yes,2,22,no,,,,,,
0x03ACA,paged,common,0x3ACA,ajmp,0x3822,yes,3,21,no,,,,,,
0x03AE7,bucket-c,common,0x3AE7,ljmp,0xF090,yes,1,23,no,,,,,,
0x03AF8,paged,common,0x3AF8,acall,0x3806,yes,24,0,no,,,,,,
0x03AFA,paged,common,0x3AFA,acall,0x3802,yes,24,0,no,,,,,,
0x03AFE,paged,common,0x3AFE,ajmp,0x3817,yes,2,22,no,,,,,,
0x03B05,paged,common,0x3B05,acall,0x3806,yes,24,0,no,,,,,,
0x03B07,paged,common,0x3B07,acall,0x3802,yes,24,0,no,,,,,,
0x03B12,paged,common,0x3B12,acall,0x3806,yes,24,0,no,,,,,,
0x03B14,paged,common,0x3B14,acall,0x3802,yes,24,0,no,,,,,,
0x03B34,paged,common,0x3B34,ajmp,0x3893,no,0,24,no,,,,,,
0x03B72,paged,common,0x3B72,ajmp,0x3893,no,0,24,no,,,,,,
0x03B9E,paged,common,0x3B9E,ajmp,0x3893,no,0,24,no,,,,,,
0x03BB0,paged,common,0x3BB0,ajmp,0x3893,no,0,24,no,,,,,,
0x03BB9,paged,common,0x3BB9,ajmp,0x3893,no,0,24,no,,,,,,
0x03BC0,paged,common,0x3BC0,acall,0x38F0,no,0,24,no,,,,,,
0x03BC3,paged,common,0x3BC3,acall,0x3802,no,0,24,no,,,,,,
0x03BD2,paged,common,0x3BD2,ajmp,0x3893,no,0,24,no,,,,,,
0x03BED,paged,common,0x3BED,acall,0x3822,no,0,24,no,,,,,,
0x03BF1,paged,common,0x3BF1,ajmp,0x3893,no,0,24,no,,,,,,
0x03C06,bucket-c,common,0x3C06,ljmp,0xAD32,no,0,24,no,,,,,,
0x03C72,paged,common,0x3C72,ajmp,0x3F64,no,0,24,no,,,,,,
0x03C7D,paged,common,0x3C7D,acall,0x39C2,no,0,24,no,,,,,,
0x03C9E,paged,common,0x3C9E,ajmp,0x3F05,no,0,24,no,,,,,,
0x03CAC,paged,common,0x3CAC,acall,0x3980,no,0,24,no,,,,,,
0x03CB0,paged,common,0x3CB0,acall,0x3960,no,0,24,no,,,,,,
0x03CB6,paged,common,0x3CB6,ajmp,0x3AED,no,0,24,no,,,,,,
0x03CBE,paged,common,0x3CBE,acall,0x3930,no,0,24,no,,,,,,
0x03CFF,paged,common,0x3CFF,ajmp,0x3802,no,0,24,no,,,,,,
0x03D04,paged,common,0x3D04,ajmp,0x3802,no,0,24,no,,,,,,
0x03D09,paged,common,0x3D09,ajmp,0x3802,no,0,24,no,,,,,,
0x03D0E,paged,common,0x3D0E,ajmp,0x3802,no,0,24,no,,,,,,
0x03D13,paged,common,0x3D13,ajmp,0x3802,no,0,24,no,,,,,,
0x03D18,paged,common,0x3D18,ajmp,0x3802,no,0,24,no,,,,,,
0x03D1D,paged,common,0x3D1D,ajmp,0x3802,no,0,24,no,,,,,,
0x03D22,paged,common,0x3D22,ajmp,0x3802,no,0,24,no,,,,,,
0x03D27,paged,common,0x3D27,ajmp,0x3802,no,0,24,no,,,,,,
0x03D3A,paged,common,0x3D3A,acall,0x3F12,no,0,24,no,,,,,,
0x03D50,bucket-c,common,0x3D50,lcall,0xD254,yes,1,23,no,,,,,,
0x03D62,bucket-c,common,0x3D62,ljmp,0xE4FF,no,0,24,no,,,,,,
0x03D77,paged,common,0x3D77,ajmp,0x3812,no,0,24,no,,,,,,
0x03D9D,paged,common,0x3D9D,ajmp,0x38F6,no,0,24,no,,,,,,
0x03DA1,bucket-c,common,0x3DA1,lcall,0xE490,yes,1,23,no,,,,,,
0x03DC6,paged,common,0x3DC6,ajmp,0x3AEA,no,0,24,no,,,,,,
0x03DE1,paged,common,0x3DE1,ajmp,0x3FF6,no,0,24,no,,,,,,
0x03DF7,paged,common,0x3DF7,ajmp,0x3812,yes,1,23,no,,,,,,
0x03E0F,paged,common,0x3E0F,ajmp,0x3FF6,no,0,24,no,,,,,,
0x03E26,paged,common,0x3E26,ajmp,0x3812,yes,1,23,no,,,,,,
0x03E2C,paged,common,0x3E2C,ajmp,0x3812,no,0,24,no,,,,,,
0x03EB2,paged,common,0x3EB2,ajmp,0x3804,no,0,24,no,,,,,,
0x03EB6,bucket-c,common,0x3EB6,ljmp,0xF07F,no,0,24,no,,,,,,
0x03EE9,paged,common,0x3EE9,ajmp,0x3812,no,0,24,no,,,,,,
0x03F34,paged,common,0x3F34,acall,0x38AF,no,0,24,no,,,,,,
0x03F54,paged,common,0x3F54,ajmp,0x3F03,no,0,24,no,,,,,,
0x03F6E,paged,common,0x3F6E,ajmp,0x3812,yes,2,22,no,,,,,,
0x03FA5,paged,common,0x3FA5,acall,0x3922,no,0,24,no,,,,,,
0x03FE5,bucket-c,common,0x3FE5,lcall,0x8003,yes,3,21,no,,,,,,
0x03FEC,paged,common,0x3FEC,ajmp,0x3A92,no,0,24,no,,,,,,
0x03FFA,paged,common,0x3FFA,acall,0x3890,no,0,24,no,,,,,,
0x04008,paged,common,0x4008,acall,0x4690,yes,1,23,no,,,,,,
0x04023,bucket-c,common,0x4023,ljmp,0xD21A,yes,1,23,no,,,,,,
0x04036,paged,common,0x4036,ajmp,0x4112,no,0,24,no,,,,,,
0x0403B,paged,common,0x403B,ajmp,0x4012,yes,2,22,no,,,,,,
0x04054,paged,common,0x4054,ajmp,0x4012,no,0,24,no,,,,,,
0x04065,paged,common,0x4065,acall,0x4351,no,0,24,no,,,,,,
0x04066,paged,common,0x4066,acall,0x4240,no,0,24,no,,,,,,
0x04096,paged,common,0x4096,ajmp,0x4228,yes,24,0,no,,,,,,
0x0409A,paged,common,0x409A,ajmp,0x4378,no,0,24,no,,,,,,
0x040A0,paged,common,0x40A0,ajmp,0x422E,no,0,24,no,,,,,,
0x040AB,paged,common,0x40AB,ajmp,0x422E,no,0,24,no,,,,,,
0x040AF,paged,common,0x40AF,ajmp,0x4378,no,0,24,no,,,,,,
0x040B5,paged,common,0x40B5,ajmp,0x422E,no,0,24,no,,,,,,
0x040B9,paged,common,0x40B9,ajmp,0x43A3,no,0,24,no,,,,,,
0x040CB,paged,common,0x40CB,ajmp,0x42F0,no,0,24,no,,,,,,
0x040D1,paged,common,0x40D1,ajmp,0x4378,no,0,24,no,,,,,,
0x040E2,paged,common,0x40E2,ajmp,0x4298,no,0,24,no,,,,,,
0x040E7,paged,common,0x40E7,ajmp,0x4298,yes,1,23,no,,,,,,
0x040ED,paged,common,0x40ED,ajmp,0x4380,no,0,24,no,,,,,,
0x040FC,paged,common,0x40FC,ajmp,0x46E4,yes,1,23,no,,,,,,
0x04105,paged,common,0x4105,ajmp,0x43A3,no,0,24,no,,,,,,
0x0413D,paged,common,0x413D,acall,0x4212,no,0,24,no,,,,,,
0x04160,bucket-c,common,0x4160,ljmp,0x8018,yes,1,23,no,,,,,,
0x0417C,bucket-c,common,0x417C,ljmp,0x8002,no,0,24,no,,,,,,
0x04180,paged,common,0x4180,ajmp,0x4012,no,0,24,no,,,,,,
0x0418B,paged,common,0x418B,ajmp,0x4012,no,0,24,no,,,,,,
0x0419D,paged,common,0x419D,ajmp,0x4622,yes,1,23,no,,,,,,
0x041B7,paged,common,0x41B7,ajmp,0x4025,no,0,24,no,,,,,,
0x041C3,bucket-c,common,0x41C3,lcall,0x900A,yes,1,23,no,,,,,,
0x041C9,paged,common,0x41C9,ajmp,0x4033,no,0,24,no,,,,,,
0x041EF,paged,common,0x41EF,acall,0x4351,no,0,24,no,,,,,,
0x041F0,paged,common,0x41F0,acall,0x4242,no,0,24,no,,,,,,
0x04204,paged,common,0x4204,acall,0x4191,no,0,24,no,,,,,,
0x04205,paged,common,0x4205,acall,0x4442,yes,21,3,no,,,,,,
0x04211,paged,common,0x4211,acall,0x4642,yes,24,0,no,,,,,,
0x04221,paged,common,0x4221,ajmp,0x4302,yes,1,23,no,,,,,,
0x0423F,paged,common,0x423F,acall,0x4202,yes,1,23,no,,,,,,
0x0424C,paged,common,0x424C,acall,0x4351,no,0,24,no,,,,,,
0x0424D,paged,common,0x424D,acall,0x4242,no,0,24,no,,,,,,
0x0425B,paged,common,0x425B,acall,0x4737,no,0,24,no,,,,,,
0x04271,paged,common,0x4271,acall,0x4443,yes,21,3,no,,,,,,
0x0427C,bucket-c,common,0x427C,lcall,0xA543,no,0,24,no,,,,,,
0x0428B,paged,common,0x428B,ajmp,0x41AA,yes,7,17,no,,,,,,
0x042A4,paged,common,0x42A4,acall,0x4643,yes,14,10,no,,,,,,
0x042B6,paged,common,0x42B6,acall,0x4743,yes,1,23,no,,,,,,
0x0430B,paged,common,0x430B,ajmp,0x4102,yes,1,23,no,,,,,,
0x0439B,paged,common,0x439B,ajmp,0x43E0,yes,1,23,no,,,,,,
0x043C2,paged,common,0x43C2,ajmp,0x4093,no,0,24,no,,,,,,
0x043D1,bucket-c,common,0x43D1,ljmp,0xF012,no,0,24,no,,,,,,
0x0443C,bucket-c,common,0x443C,ljmp,0xF012,no,0,24,no,,,,,,
0x0445B,paged,common,0x445B,ajmp,0x40F0,no,0,24,no,,,,,,
0x04539,paged,common,0x4539,acall,0x4612,yes,1,23,no,,,,,,
0x04554,paged,common,0x4554,ajmp,0x43F5,no,0,24,no,,,,,,
0x04616,paged,common,0x4616,ajmp,0x40F0,yes,2,22,no,,,,,,
0x04671,paged,common,0x4671,acall,0x4612,yes,1,23,no,,,,,,
0x046D5,paged,common,0x46D5,ajmp,0x4007,no,0,24,no,,,,,,
0x0476E,paged,common,0x476E,ajmp,0x4022,no,0,24,no,,,,,,
0x047CD,paged,common,0x47CD,ajmp,0x4212,yes,1,23,no,,,,,,
0x0480B,paged,common,0x480B,ajmp,0x4880,no,0,24,no,,,,,,
0x04816,paged,common,0x4816,acall,0x4FF0,no,0,24,no,,,,,,
0x0481D,paged,common,0x481D,ajmp,0x4FA9,no,0,24,no,,,,,,
0x04820,paged,common,0x4820,ajmp,0x4880,yes,1,23,no,,,,,,
0x04822,bucket-c,common,0x4822,ljmp,0xE4FB,yes,2,22,no,,,,,,
0x0484F,paged,common,0x484F,ajmp,0x480A,no,0,24,no,,,,,,
0x04870,paged,common,0x4870,acall,0x4F02,no,0,24,no,,,,,,
0x04890,paged,common,0x4890,ajmp,0x480B,no,0,24,no,,,,,,
0x048B6,paged,common,0x48B6,ajmp,0x4A12,yes,1,23,no,,,,,,
0x048CD,paged,common,0x48CD,ajmp,0x4912,yes,1,23,no,,,,,,
0x048F0,paged,common,0x48F0,ajmp,0x480A,no,0,24,no,,,,,,
0x048FB,paged,common,0x48FB,acall,0x48EF,yes,1,23,no,,,,,,
0x04907,paged,common,0x4907,acall,0x4FF0,no,0,24,no,,,,,,
0x0490A,paged,common,0x490A,ajmp,0x4880,no,0,24,no,,,,,,
0x04915,paged,common,0x4915,ajmp,0x4A74,yes,1,23,no,,,,,,
0x0491B,paged,common,0x491B,acall,0x4D12,yes,1,23,no,,,,,,
0x04935,paged,common,0x4935,acall,0x4F12,no,0,24,no,,,,,,
0x0494F,paged,common,0x494F,ajmp,0x481C,yes,24,0,no,,,,,,
0x0495C,paged,common,0x495C,acall,0x4805,yes,24,0,no,,,,,,
0x0495E,paged,common,0x495E,acall,0x4801,yes,23,1,no,,,,,,
0x0495F,paged,common,0x495F,ajmp,0x4802,yes,1,23,no,,,,,,
0x0496A,paged,common,0x496A,acall,0x481C,yes,24,0,no,,,,,,
0x04971,paged,common,0x4971,acall,0x4805,yes,24,0,no,,,,,,
0x04973,paged,common,0x4973,acall,0x4801,yes,23,1,no,,,,,,
0x04974,paged,common,0x4974,ajmp,0x4804,yes,1,23,no,,,,,,
0x04986,paged,common,0x4986,acall,0x4806,yes,24,0,no,,,,,,
0x04988,paged,common,0x4988,acall,0x4802,yes,24,0,no,,,,,,
0x0498A,paged,common,0x498A,ajmp,0x481C,yes,23,1,no,,,,,,
0x0499B,paged,common,0x499B,acall,0x4804,yes,24,0,no,,,,,,
0x0499D,paged,common,0x499D,acall,0x4800,yes,24,0,no,,,,,,
0x049A3,paged,common,0x49A3,ajmp,0x4D1C,yes,24,0,no,,,,,,
0x049B0,paged,common,0x49B0,acall,0x4855,no,0,24,no,,,,,,
0x049B2,paged,common,0x49B2,acall,0x4854,yes,1,23,no,,,,,,
0x049B4,paged,common,0x49B4,ajmp,0x481C,yes,2,22,no,,,,,,
0x049B8,paged,common,0x49B8,acall,0x4D1C,yes,24,0,no,,,,,,
0x049C5,paged,common,0x49C5,acall,0x4855,yes,2,22,no,,,,,,
0x049C7,paged,common,0x49C7,acall,0x4854,yes,23,1,no,,,,,,
0x049DC,paged,common,0x49DC,acall,0x481C,yes,24,0,no,,,,,,
0x049DE,paged,common,0x49DE,ajmp,0x491C,yes,24,0,no,,,,,,
0x049E2,paged,common,0x49E2,ajmp,0x4916,yes,24,0,no,,,,,,
0x049EF,paged,common,0x49EF,acall,0x4916,yes,24,0,no,,,,,,
0x04A14,paged,common,0x4A14,ajmp,0x4C00,no,0,24,no,,,,,,
0x04A22,paged,common,0x4A22,ajmp,0x4830,yes,24,0,no,,,,,,
0x04A39,paged,common,0x4A39,ajmp,0x4893,no,0,24,no,,,,,,
0x04A53,paged,common,0x4A53,ajmp,0x4893,no,0,24,no,,,,,,
0x04A6F,paged,common,0x4A6F,ajmp,0x4893,no,0,24,no,,,,,,
0x04A95,paged,common,0x4A95,ajmp,0x4893,no,0,24,no,,,,,,
0x04AB4,paged,common,0x4AB4,ajmp,0x48FF,no,0,24,no,,,,,,
0x04B25,paged,common,0x4B25,ajmp,0x4802,yes,1,23,no,,,,,,
0x04C2B,paged,common,0x4C2B,ajmp,0x48F0,yes,1,23,no,,,,,,
0x04DC8,bucket-c,common,0x4DC8,ljmp,0xF690,no,0,24,no,,,,,,
0x04EC1,bucket-c,common,0x4EC1,ljmp,0xF6E4,no,0,24,no,,,,,,
0x04F84,bucket-c,common,0x4F84,ljmp,0xF090,yes,1,23,no,,,,,,
0x053D7,paged,common,0x53D7,ajmp,0x5070,no,0,24,no,,,,,,
0x05439,paged,common,0x5439,acall,0x527D,no,0,24,no,,,,,,
0x0544A,paged,common,0x544A,acall,0x52C8,no,0,24,no,,,,,,
0x0545A,paged,common,0x545A,ajmp,0x51E0,yes,1,23,no,,,,,,
0x054F8,paged,common,0x54F8,ajmp,0x5060,no,0,24,no,,,,,,
0x05529,bucket-c,common,0x5529,ljmp,0xA3E0,no,0,24,no,,,,,,
0x05556,paged,common,0x5556,ajmp,0x5009,no,0,24,no,,,,,,
0x0555E,paged,common,0x555E,ajmp,0x5012,yes,1,23,no,,,,,,
0x055D7,paged,common,0x55D7,acall,0x5003,yes,24,0,yes,common-055a8-be-words,be-words,read-by-hand,2,47,no
0x055DA,bucket-c,common,0x55DA,ljmp,0xF902,no,0,24,yes,common-055a8-be-words,be-words,read-by-hand,2,50,yes
0x055DC,bucket-c,common,0x55DC,ljmp,0xEC02,yes,23,1,yes,common-055a8-be-words,be-words,read-by-hand,2,52,yes
0x055DE,bucket-c,common,0x55DE,ljmp,0xE002,yes,2,22,yes,common-055a8-be-words,be-words,read-by-hand,2,54,yes
0x055E0,bucket-c,common,0x55E0,ljmp,0xD402,yes,21,3,yes,common-055a8-be-words,be-words,read-by-hand,2,56,yes
0x055E2,bucket-c,common,0x55E2,ljmp,0xC802,yes,4,20,yes,common-055a8-be-words,be-words,read-by-hand,2,58,yes
0x055E4,bucket-c,common,0x55E4,ljmp,0xBC02,yes,19,5,yes,common-055a8-be-words,be-words,read-by-hand,2,60,yes
0x055E6,bucket-c,common,0x55E6,ljmp,0xAF02,no,0,24,yes,common-055a8-be-words,be-words,read-by-hand,2,62,yes
0x055E8,bucket-c,common,0x55E8,ljmp,0xA302,yes,6,18,yes,common-055a8-be-words,be-words,read-by-hand,2,64,yes
0x055EA,bucket-c,common,0x55EA,ljmp,0x9702,yes,17,7,yes,common-055a8-be-words,be-words,read-by-hand,2,66,yes
0x055EC,bucket-c,common,0x55EC,ljmp,0x8B02,yes,8,16,yes,common-055a8-be-words,be-words,read-by-hand,2,68,yes
0x05604,paged,common,0x5604,ajmp,0x50FE,yes,6,18,yes,common-055a8-be-words,be-words,read-by-hand,2,92,yes
0x05606,paged,common,0x5606,ajmp,0x50F3,yes,24,0,yes,common-055a8-be-words,be-words,read-by-hand,2,94,yes
0x05608,paged,common,0x5608,ajmp,0x50E8,yes,24,0,yes,common-055a8-be-words,be-words,read-by-hand,2,96,yes
0x0560A,paged,common,0x560A,ajmp,0x50DD,yes,24,0,yes,common-055a8-be-words,be-words,read-by-hand,2,98,yes
0x0560C,paged,common,0x560C,ajmp,0x50D2,yes,23,1,yes,common-055a8-be-words,be-words,read-by-hand,2,100,yes
0x0560E,paged,common,0x560E,ajmp,0x50C6,yes,22,2,yes,common-055a8-be-words,be-words,read-by-hand,2,102,yes
0x05610,paged,common,0x5610,ajmp,0x50BB,yes,24,0,yes,common-055a8-be-words,be-words,read-by-hand,2,104,yes
0x05612,paged,common,0x5612,ajmp,0x50B0,yes,23,1,yes,common-055a8-be-words,be-words,read-by-hand,2,106,yes
0x05614,paged,common,0x5614,ajmp,0x50A5,yes,23,1,yes,common-055a8-be-words,be-words,read-by-hand,2,108,yes
0x05616,paged,common,0x5616,ajmp,0x509A,yes,24,0,yes,common-055a8-be-words,be-words,read-by-hand,2,110,yes
0x05618,paged,common,0x5618,ajmp,0x508E,yes,24,0,yes,common-055a8-be-words,be-words,read-by-hand,2,112,yes
0x0561A,paged,common,0x561A,ajmp,0x5083,yes,23,1,yes,common-055a8-be-words,be-words,read-by-hand,2,114,yes
0x0561C,paged,common,0x561C,ajmp,0x5078,yes,24,0,yes,common-055a8-be-words,be-words,read-by-hand,2,116,yes
0x0561E,paged,common,0x561E,ajmp,0x506D,yes,23,1,yes,common-055a8-be-words,be-words,read-by-hand,2,118,yes
0x05620,paged,common,0x5620,ajmp,0x5062,yes,24,0,yes,common-055a8-be-words,be-words,read-by-hand,2,120,yes
0x05622,paged,common,0x5622,ajmp,0x5059,yes,23,1,yes,common-055a8-be-words,be-words,read-by-hand,2,122,yes
0x05624,paged,common,0x5624,ajmp,0x5051,yes,24,0,yes,common-055a8-be-words,be-words,read-by-hand,2,124,yes
0x05625,paged,common,0x5625,acall,0x5201,no,0,24,yes,common-055a8-be-words,be-words,read-by-hand,2,125,no
0x05626,paged,common,0x5626,ajmp,0x504A,yes,23,1,yes,common-055a8-be-words,be-words,read-by-hand,2,126,yes
0x05628,paged,common,0x5628,ajmp,0x5042,yes,24,0,yes,common-055a8-be-words,be-words,read-by-hand,2,128,yes
0x0562A,paged,common,0x562A,ajmp,0x503B,yes,23,1,yes,common-055a8-be-words,be-words,read-by-hand,2,130,yes
0x0562C,paged,common,0x562C,ajmp,0x5033,yes,24,0,yes,common-055a8-be-words,be-words,read-by-hand,2,132,yes
0x0562E,paged,common,0x562E,ajmp,0x502B,yes,24,0,yes,common-055a8-be-words,be-words,read-by-hand,2,134,yes
0x05630,paged,common,0x5630,ajmp,0x5024,yes,24,0,yes,common-055a8-be-words,be-words,read-by-hand,2,136,yes
0x05632,paged,common,0x5632,ajmp,0x501C,yes,23,1,yes,common-055a8-be-words,be-words,read-by-hand,2,138,yes
0x05634,paged,common,0x5634,ajmp,0x5015,yes,24,0,yes,common-055a8-be-words,be-words,read-by-hand,2,140,yes
0x05636,paged,common,0x5636,ajmp,0x500D,yes,23,1,yes,common-055a8-be-words,be-words,read-by-hand,2,142,yes
0x05638,paged,common,0x5638,ajmp,0x5005,yes,24,0,yes,common-055a8-be-words,be-words,read-by-hand,2,144,yes
0x0565B,paged,common,0x565B,ajmp,0x5500,yes,24,0,yes,common-055a8-be-words,be-words,read-by-hand,2,179,no
0x05671,paged,common,0x5671,acall,0x5336,yes,1,23,yes,common-055a8-be-words,be-words,read-by-hand,2,201,no
0x0567A,paged,common,0x567A,acall,0x5254,yes,24,0,no,,,,,,
0x05686,paged,common,0x5686,ajmp,0x5244,yes,24,0,no,,,,,,
0x056AA,paged,common,0x56AA,acall,0x5254,yes,24,0,no,,,,,,
0x056B6,paged,common,0x56B6,ajmp,0x5244,yes,24,0,no,,,,,,
0x057A7,paged,common,0x57A7,ajmp,0x5244,yes,24,0,no,,,,,,
0x057D7,paged,common,0x57D7,ajmp,0x5244,yes,24,0,no,,,,,,
0x057F7,paged,common,0x57F7,ajmp,0x5243,yes,24,0,no,,,,,,
0x05827,paged,common,0x5827,ajmp,0x5A43,yes,24,0,no,,,,,,
0x05918,paged,common,0x5918,ajmp,0x5A43,yes,24,0,no,,,,,,
0x05948,paged,common,0x5948,ajmp,0x5A43,yes,24,0,no,,,,,,
0x05977,paged,common,0x5977,ajmp,0x5A43,yes,24,0,no,,,,,,
0x059A7,paged,common,0x59A7,ajmp,0x5A43,yes,24,0,no,,,,,,
0x05A7B,paged,common,0x5A7B,ajmp,0x5A43,yes,24,0,no,,,,,,
0x05A98,paged,common,0x5A98,ajmp,0x5A43,yes,24,0,no,,,,,,
0x05AC8,paged,common,0x5AC8,ajmp,0x5A43,yes,24,0,no,,,,,,
0x05AFA,paged,common,0x5AFA,acall,0x5A55,yes,24,0,no,,,,,,
0x05B07,paged,common,0x5B07,ajmp,0x5A46,yes,24,0,no,,,,,,
0x05B2A,paged,common,0x5B2A,acall,0x5A55,yes,24,0,no,,,,,,
0x05B37,paged,common,0x5B37,ajmp,0x5A46,yes,24,0,no,,,,,,
0x05BB9,paged,common,0x5BB9,ajmp,0x5A44,yes,24,0,no,,,,,,
0x05BE9,paged,common,0x5BE9,ajmp,0x5A44,yes,24,0,no,,,,,,
0x05C18,paged,common,0x5C18,ajmp,0x5A43,yes,24,0,no,,,,,,
0x05C48,paged,common,0x5C48,ajmp,0x5A43,yes,24,0,no,,,,,,
0x05C88,paged,common,0x5C88,ajmp,0x5A43,yes,24,0,no,,,,,,
0x05CB8,paged,common,0x5CB8,ajmp,0x5A43,yes,24,0,no,,,,,,
0x05CE7,paged,common,0x5CE7,ajmp,0x5A43,no,0,24,no,,,,,,
0x05D17,paged,common,0x5D17,ajmp,0x5A43,no,0,24,no,,,,,,
0x05D49,paged,common,0x5D49,ajmp,0x5A44,yes,24,0,no,,,,,,
0x05D79,paged,common,0x5D79,ajmp,0x5A44,yes,24,0,no,,,,,,
0x05DA8,paged,common,0x5DA8,ajmp,0x5A43,yes,24,0,no,,,,,,
0x05DD8,paged,common,0x5DD8,ajmp,0x5A43,yes,24,0,no,,,,,,
0x05DFA,paged,common,0x5DFA,acall,0x5A55,yes,24,0,no,,,,,,
0x05E07,paged,common,0x5E07,ajmp,0x5A46,yes,24,0,no,,,,,,
0x05E2A,paged,common,0x5E2A,acall,0x5A55,yes,24,0,no,,,,,,
0x05E37,paged,common,0x5E37,ajmp,0x5A46,yes,24,0,no,,,,,,
0x05EB9,paged,common,0x5EB9,ajmp,0x5A44,yes,24,0,no,,,,,,
0x05EE9,paged,common,0x5EE9,ajmp,0x5A44,yes,24,0,no,,,,,,
0x05F18,paged,common,0x5F18,ajmp,0x5A43,yes,24,0,no,,,,,,
0x05F48,paged,common,0x5F48,ajmp,0x5A43,yes,24,0,no,,,,,,
0x05F7A,paged,common,0x5F7A,acall,0x5A55,yes,24,0,no,,,,,,
0x05F87,paged,common,0x5F87,ajmp,0x5A46,yes,24,0,no,,,,,,
0x05FAA,paged,common,0x5FAA,acall,0x5A55,yes,24,0,no,,,,,,
0x05FB7,paged,common,0x5FB7,ajmp,0x5A46,yes,24,0,no,,,,,,
0x06039,paged,common,0x6039,ajmp,0x6244,yes,24,0,no,,,,,,
0x06069,paged,common,0x6069,ajmp,0x6244,yes,24,0,no,,,,,,
0x06098,paged,common,0x6098,ajmp,0x6243,yes,24,0,no,,,,,,
0x060C8,paged,common,0x60C8,ajmp,0x6243,yes,24,0,no,,,,,,
0x06162,paged,common,0x6162,ajmp,0x6237,yes,24,0,no,,,,,,
0x06166,paged,common,0x6166,ajmp,0x6237,yes,23,1,no,,,,,,
0x0616A,paged,common,0x616A,ajmp,0x6237,yes,23,1,no,,,,,,
0x0616E,paged,common,0x616E,ajmp,0x6237,no,0,24,no,,,,,,
0x06172,paged,common,0x6172,ajmp,0x6237,no,0,24,no,,,,,,
0x06176,paged,common,0x6176,ajmp,0x6237,no,0,24,no,,,,,,
0x06186,paged,common,0x6186,ajmp,0x6237,no,0,24,no,,,,,,
0x0618A,paged,common,0x618A,ajmp,0x6237,no,0,24,no,,,,,,
0x0618E,paged,common,0x618E,ajmp,0x6237,no,0,24,no,,,,,,
0x061B2,paged,common,0x61B2,ajmp,0x6000,yes,24,0,no,,,,,,
0x061E8,paged,common,0x61E8,ajmp,0x6000,yes,24,0,no,,,,,,
0x0621E,paged,common,0x621E,ajmp,0x6000,yes,24,0,no,,,,,,
0x06246,paged,common,0x6246,acall,0x65BC,yes,20,4,no,,,,,,
0x06259,paged,common,0x6259,ajmp,0x6121,yes,24,0,no,,,,,,
0x0625A,paged,common,0x625A,ajmp,0x6121,no,0,24,no,,,,,,
0x0625B,paged,common,0x625B,ajmp,0x6126,yes,23,1,no,,,,,,
0x06261,paged,common,0x6261,acall,0x65A6,yes,23,1,no,,,,,,
0x0626F,paged,common,0x626F,ajmp,0x6116,yes,24,0,no,,,,,,
0x0627C,paged,common,0x627C,ajmp,0x6126,yes,24,0,no,,,,,,
0x0627F,paged,common,0x627F,acall,0x6137,yes,24,0,no,,,,,,
0x06287,paged,common,0x6287,acall,0x6500,yes,1,23,no,,,,,,
0x06291,paged,common,0x6291,ajmp,0x6126,yes,24,0,no,,,,,,
0x0629B,paged,common,0x629B,acall,0x65C8,no,0,24,no,,,,,,
0x062A7,paged,common,0x62A7,ajmp,0x6000,yes,24,0,no,,,,,,
0x062BF,paged,common,0x62BF,ajmp,0x6000,yes,24,0,no,,,,,,
0x062CB,paged,common,0x62CB,ajmp,0x6000,yes,24,0,no,,,,,,
0x062EF,paged,common,0x62EF,ajmp,0x6000,yes,24,0,no,,,,,,
0x06313,paged,common,0x6313,ajmp,0x6000,yes,24,0,no,,,,,,
0x0632B,paged,common,0x632B,ajmp,0x6000,yes,24,0,no,,,,,,
0x06333,paged,common,0x6333,acall,0x6013,yes,24,0,no,,,,,,
0x0633B,paged,common,0x633B,ajmp,0x6123,yes,24,0,no,,,,,,
0x06345,paged,common,0x6345,acall,0x6132,no,0,24,no,,,,,,
0x06378,paged,common,0x6378,acall,0x6130,yes,24,0,no,,,,,,
0x06382,paged,common,0x6382,ajmp,0x611F,yes,24,0,no,,,,,,
0x0638A,paged,common,0x638A,acall,0x600F,yes,24,0,no,,,,,,
0x063C6,paged,common,0x63C6,ajmp,0x6126,yes,24,0,no,,,,,,
0x063C9,paged,common,0x63C9,acall,0x6137,yes,24,0,no,,,,,,
0x063D5,paged,common,0x63D5,acall,0x65C8,yes,3,21,no,,,,,,
0x063D8,paged,common,0x63D8,acall,0x65A6,yes,24,0,no,,,,,,
0x063E4,paged,common,0x63E4,acall,0x612C,yes,24,0,no,,,,,,
0x063E7,paged,common,0x63E7,ajmp,0x611B,yes,24,0,no,,,,,,
0x063F0,paged,common,0x63F0,ajmp,0x6000,yes,23,1,no,,,,,,
0x063F3,paged,common,0x63F3,acall,0x6030,no,0,24,no,,,,,,
0x063F5,paged,common,0x63F5,acall,0x6001,yes,23,1,no,,,,,,
0x063F6,paged,common,0x63F6,ajmp,0x6000,no,0,24,no,,,,,,
0x063FB,paged,common,0x63FB,ajmp,0x609A,yes,24,0,no,,,,,,
0x0642C,paged,common,0x642C,ajmp,0x6000,yes,24,0,no,,,,,,
0x06430,paged,common,0x6430,ajmp,0x6004,yes,24,0,no,,,,,,
0x06444,paged,common,0x6444,ajmp,0x6100,yes,24,0,no,,,,,,
0x06505,paged,common,0x6505,ajmp,0x6216,yes,24,0,no,,,,,,
0x0650A,paged,common,0x650A,ajmp,0x6000,yes,24,0,no,,,,,,
0x06510,paged,common,0x6510,acall,0x6040,yes,24,0,no,,,,,,
0x06546,paged,common,0x6546,ajmp,0x6180,yes,24,0,no,,,,,,
0x0657C,paged,common,0x657C,acall,0x6140,yes,24,0,no,,,,,,
0x065B2,paged,common,0x65B2,ajmp,0x6280,yes,24,0,no,,,,,,
0x065D7,paged,common,0x65D7,ajmp,0x6016,yes,24,0,no,,,,,,
0x065DC,paged,common,0x65DC,acall,0x6200,yes,24,0,no,,,,,,
0x06612,paged,common,0x6612,ajmp,0x6470,yes,24,0,no,,,,,,
0x06614,paged,common,0x6614,acall,0x63BC,yes,23,1,no,,,,,,
0x06621,paged,common,0x6621,ajmp,0x6131,yes,24,0,no,,,,,,
0x06622,paged,common,0x6622,acall,0x6133,no,0,24,no,,,,,,
0x06625,paged,common,0x6625,ajmp,0x6275,yes,24,0,no,,,,,,
0x06627,paged,common,0x6627,ajmp,0x63FF,yes,23,1,no,,,,,,
0x06669,paged,common,0x6669,acall,0x647D,no,0,24,no,,,,,,
0x0667A,paged,common,0x667A,acall,0x647B,yes,24,0,no,,,,,,
0x06685,paged,common,0x6685,acall,0x65B3,yes,5,19,no,,,,,,
0x06692,paged,common,0x6692,ajmp,0x6470,yes,24,0,no,,,,,,
0x06694,paged,common,0x6694,acall,0x63BC,yes,23,1,no,,,,,,
0x066A1,paged,common,0x66A1,ajmp,0x6131,yes,24,0,no,,,,,,
0x066A2,paged,common,0x66A2,acall,0x6133,no,0,24,no,,,,,,
0x066A5,paged,common,0x66A5,ajmp,0x6275,yes,24,0,no,,,,,,
0x066A7,paged,common,0x66A7,ajmp,0x63FF,yes,23,1,no,,,,,,
0x066E9,paged,common,0x66E9,acall,0x647D,no,0,24,no,,,,,,
0x066FA,paged,common,0x66FA,acall,0x64E2,yes,24,0,no,,,,,,
0x06712,paged,common,0x6712,ajmp,0x6470,yes,24,0,no,,,,,,
0x06714,paged,common,0x6714,acall,0x637B,yes,23,1,no,,,,,,
0x06721,paged,common,0x6721,ajmp,0x6131,yes,24,0,no,,,,,,
0x06722,paged,common,0x6722,acall,0x6133,no,0,24,no,,,,,,
0x06725,paged,common,0x6725,ajmp,0x6275,yes,24,0,no,,,,,,
0x06727,paged,common,0x6727,ajmp,0x636A,yes,23,1,no,,,,,,
0x06769,paged,common,0x6769,acall,0x647D,no,0,24,no,,,,,,
0x06792,paged,common,0x6792,ajmp,0x6470,yes,24,0,no,,,,,,
0x06794,paged,common,0x6794,acall,0x63BC,yes,23,1,no,,,,,,
0x06797,paged,common,0x6797,acall,0x625D,no,0,24,no,,,,,,
0x067A1,paged,common,0x67A1,ajmp,0x6131,yes,24,0,no,,,,,,
0x067A2,paged,common,0x67A2,acall,0x6133,no,0,24,no,,,,,,
0x067A5,paged,common,0x67A5,ajmp,0x6275,yes,24,0,no,,,,,,
0x067A7,paged,common,0x67A7,ajmp,0x636A,yes,23,1,no,,,,,,
0x067F9,paged,common,0x67F9,acall,0x63E3,yes,3,21,no,,,,,,
0x06805,paged,common,0x6805,acall,0x6DB3,yes,1,23,no,,,,,,
0x06812,paged,common,0x6812,ajmp,0x6C70,yes,24,0,no,,,,,,
0x06814,paged,common,0x6814,ajmp,0x6C79,yes,23,1,no,,,,,,
0x06821,paged,common,0x6821,ajmp,0x6931,yes,24,0,no,,,,,,
0x06822,paged,common,0x6822,acall,0x6933,no,0,24,no,,,,,,
0x06825,paged,common,0x6825,ajmp,0x6A75,yes,24,0,no,,,,,,
0x06827,paged,common,0x6827,ajmp,0x6BFF,yes,23,1,no,,,,,,
0x06869,paged,common,0x6869,acall,0x6C7D,no,0,24,no,,,,,,
0x06879,paged,common,0x6879,acall,0x6BFF,yes,3,21,no,,,,,,
0x0687B,paged,common,0x687B,ajmp,0x6F8D,yes,24,0,no,,,,,,
0x06880,paged,common,0x6880,acall,0x6BBC,yes,2,22,no,,,,,,
0x06885,paged,common,0x6885,acall,0x6DB3,yes,1,23,no,,,,,,
0x06892,paged,common,0x6892,ajmp,0x6C70,yes,24,0,no,,,,,,
0x06894,paged,common,0x6894,ajmp,0x6C79,yes,23,1,no,,,,,,
0x068A1,paged,common,0x68A1,ajmp,0x6931,yes,24,0,no,,,,,,
0x068A2,paged,common,0x68A2,acall,0x6933,no,0,24,no,,,,,,
0x068A5,paged,common,0x68A5,ajmp,0x6A75,yes,24,0,no,,,,,,
0x068A7,paged,common,0x68A7,ajmp,0x6BFF,yes,23,1,no,,,,,,
0x068E9,paged,common,0x68E9,acall,0x6C7D,no,0,24,no,,,,,,
0x068F9,paged,common,0x68F9,acall,0x6BFF,yes,24,0,no,,,,,,
0x068FB,paged,common,0x68FB,ajmp,0x6F8D,yes,24,0,no,,,,,,
0x06900,paged,common,0x6900,acall,0x6BBC,yes,2,22,no,,,,,,
0x06902,paged,common,0x6902,acall,0x6ED2,yes,3,21,no,,,,,,
0x06952,bucket-c,common,0x6952,ljmp,0xFF17,yes,24,0,yes,common-690b-ff-triples,ff-triples,read-by-hand,3,71,no
0x06961,paged,common,0x6961,acall,0x6DB1,yes,24,0,no,,,,,,
0x06962,paged,common,0x6962,acall,0x6DB1,no,0,24,no,,,,,,
0x06963,paged,common,0x6963,acall,0x6D46,yes,23,1,no,,,,,,
0x06990,paged,common,0x6990,ajmp,0x6A41,yes,21,3,no,,,,,,
0x06991,paged,common,0x6991,ajmp,0x6A41,yes,2,22,no,,,,,,
0x06992,paged,common,0x6992,ajmp,0x6A41,yes,21,3,no,,,,,,
0x06993,paged,common,0x6993,ajmp,0x6A49,yes,3,21,no,,,,,,
0x0699D,paged,common,0x699D,ajmp,0x6C05,yes,23,1,no,,,,,,
0x069A1,paged,common,0x69A1,acall,0x6E04,yes,24,0,no,,,,,,
0x069AE,paged,common,0x69AE,ajmp,0x68D8,yes,24,0,no,,,,,,
0x069B7,paged,common,0x69B7,acall,0x6B94,yes,23,1,no,,,,,,
0x069CF,paged,common,0x69CF,ajmp,0x6BAE,yes,24,0,no,,,,,,
0x069D1,paged,common,0x69D1,ajmp,0x6F16,yes,23,1,no,,,,,,
0x069F8,paged,common,0x69F8,ajmp,0x68D1,yes,24,0,no,,,,,,
0x069F9,paged,common,0x69F9,acall,0x6E09,no,0,24,no,,,,,,
0x06AD6,paged,common,0x6AD6,acall,0x6C92,no,0,24,no,,,,,,
0x06AD9,paged,common,0x6AD9,acall,0x6C97,yes,24,0,no,,,,,,
0x06AF3,paged,common,0x6AF3,ajmp,0x681F,yes,24,0,no,,,,,,
0x06AF5,paged,common,0x6AF5,ajmp,0x6827,yes,24,0,no,,,,,,
0x06AF7,paged,common,0x6AF7,ajmp,0x682F,yes,24,0,no,,,,,,
0x06AF9,paged,common,0x6AF9,ajmp,0x6837,yes,24,0,no,,,,,,
0x06AFB,paged,common,0x6AFB,ajmp,0x683F,yes,24,0,no,,,,,,
0x06AFD,paged,common,0x6AFD,ajmp,0x685E,yes,24,0,no,,,,,,
0x06AFF,paged,common,0x6AFF,ajmp,0x6802,yes,24,0,no,,,,,,
0x06B11,paged,common,0x6B11,ajmp,0x6800,yes,23,1,no,,,,,,
0x06B14,paged,common,0x6B14,ajmp,0x6804,yes,24,0,no,,,,,,
0x06B19,paged,common,0x6B19,ajmp,0x6869,yes,24,0,no,,,,,,
0x06B1B,paged,common,0x6B1B,ajmp,0x687D,yes,24,0,no,,,,,,
0x06B1D,paged,common,0x6B1D,ajmp,0x687A,yes,23,1,no,,,,,,
0x06B1F,paged,common,0x6B1F,ajmp,0x6875,yes,22,2,no,,,,,,
0x06B21,paged,common,0x6B21,ajmp,0x6872,yes,21,3,no,,,,,,
0x06B23,paged,common,0x6B23,ajmp,0x686B,yes,23,1,no,,,,,,
0x06B25,paged,common,0x6B25,ajmp,0x6874,yes,24,0,no,,,,,,
0x06B27,paged,common,0x6B27,ajmp,0x684D,yes,23,1,no,,,,,,
0x06B29,paged,common,0x6B29,ajmp,0x6815,yes,24,0,no,,,,,,
0x06B2B,paged,common,0x6B2B,ajmp,0x683B,yes,23,1,no,,,,,,
0x06B2D,paged,common,0x6B2D,ajmp,0x6834,yes,24,0,no,,,,,,
0x06B2F,paged,common,0x6B2F,ajmp,0x6823,yes,23,1,no,,,,,,
0x06B31,paged,common,0x6B31,ajmp,0x6832,yes,24,0,no,,,,,,
0x06B33,paged,common,0x6B33,ajmp,0x6821,yes,24,0,no,,,,,,
0x06B34,paged,common,0x6B34,ajmp,0x6901,no,0,24,no,,,,,,
0x06B35,paged,common,0x6B35,ajmp,0x6848,yes,23,1,no,,,,,,
0x06B37,paged,common,0x6B37,ajmp,0x6810,yes,24,0,no,,,,,,
0x06B39,paged,common,0x6B39,ajmp,0x683A,yes,23,1,no,,,,,,
0x06B3B,paged,common,0x6B3B,ajmp,0x6838,yes,24,0,no,,,,,,
0x06B3D,paged,common,0x6B3D,ajmp,0x6830,yes,24,0,no,,,,,,
0x06B3F,paged,common,0x6B3F,ajmp,0x6828,yes,23,1,no,,,,,,
0x06B41,paged,common,0x6B41,ajmp,0x6820,yes,24,0,no,,,,,,
0x06B43,paged,common,0x6B43,ajmp,0x6818,yes,23,1,no,,,,,,
0x06B45,paged,common,0x6B45,ajmp,0x682B,yes,24,0,no,,,,,,
0x06B47,paged,common,0x6B47,ajmp,0x6840,yes,24,0,no,,,,,,
0x06B49,paged,common,0x6B49,ajmp,0x6850,yes,23,1,no,,,,,,
0x06B4B,paged,common,0x6B4B,ajmp,0x6851,yes,22,2,no,,,,,,
0x06B4C,paged,common,0x6B4C,acall,0x6A00,yes,2,22,no,,,,,,
0x06B6A,paged,common,0x6B6A,acall,0x6B00,yes,24,0,no,,,,,,
0x06B6D,paged,common,0x6B6D,ajmp,0x6800,yes,24,0,no,,,,,,
0x06B70,paged,common,0x6B70,acall,0x6B01,yes,24,0,no,,,,,,
0x06B71,paged,common,0x6B71,ajmp,0x6884,no,0,24,no,,,,,,
0x06B75,paged,common,0x6B75,ajmp,0x687C,no,0,24,no,,,,,,
0x06B77,paged,common,0x6B77,ajmp,0x6841,yes,1,23,no,,,,,,
0x06B78,paged,common,0x6B78,ajmp,0x6A01,yes,22,2,no,,,,,,
0x06B79,paged,common,0x6B79,ajmp,0x6849,yes,2,22,no,,,,,,
0x06B7B,paged,common,0x6B7B,ajmp,0x6802,yes,24,0,no,,,,,,
0x06B92,paged,common,0x6B92,ajmp,0x6807,yes,24,0,no,,,,,,
0x06BB2,paged,common,0x6BB2,acall,0x6807,yes,1,23,no,,,,,,
0x06C06,paged,common,0x6C06,ajmp,0x6817,yes,24,0,no,,,,,,
0x06C0B,paged,common,0x6C0B,ajmp,0x6817,yes,24,0,no,,,,,,
0x06C2D,paged,common,0x6C2D,ajmp,0x6800,yes,24,0,no,,,,,,
0x06C55,paged,common,0x6C55,ajmp,0x6800,yes,24,0,no,,,,,,
0x06C74,paged,common,0x6C74,ajmp,0x6817,yes,24,0,no,,,,,,
0x06C79,paged,common,0x6C79,ajmp,0x6817,yes,24,0,no,,,,,,
0x06C87,paged,common,0x6C87,ajmp,0x6800,yes,24,0,no,,,,,,
0x06C91,paged,common,0x6C91,ajmp,0x6800,yes,1,23,no,,,,,,
0x06CE7,paged,common,0x6CE7,ajmp,0x6818,yes,24,0,no,,,,,,
0x06D0E,paged,common,0x6D0E,ajmp,0x6800,yes,24,0,no,,,,,,
0x06D2D,paged,common,0x6D2D,ajmp,0x6818,yes,24,0,no,,,,,,
0x06D40,paged,common,0x6D40,ajmp,0x6800,yes,24,0,no,,,,,,
0x06D68,paged,common,0x6D68,ajmp,0x6800,yes,24,0,no,,,,,,
0x06D77,paged,common,0x6D77,acall,0x6B07,yes,24,0,no,,,,,,
0x06DAA,paged,common,0x6DAA,ajmp,0x6A15,yes,24,0,no,,,,,,
0x06DAD,paged,common,0x6DAD,ajmp,0x6A15,yes,24,0,no,,,,,,
0x06DB0,paged,common,0x6DB0,ajmp,0x6817,yes,24,0,no,,,,,,
0x06DB3,paged,common,0x6DB3,acall,0x6817,yes,24,0,no,,,,,,
0x06DB5,paged,common,0x6DB5,ajmp,0x6811,yes,24,0,no,,,,,,
0x06DB6,paged,common,0x6DB6,acall,0x6817,no,0,24,no,,,,,,
0x06DB9,paged,common,0x6DB9,acall,0x6817,no,0,24,no,,,,,,
0x06DD0,paged,common,0x6DD0,ajmp,0x6800,yes,24,0,no,,,,,,
0x06DD6,paged,common,0x6DD6,ajmp,0x6820,yes,24,0,no,,,,,,
0x06DDC,paged,common,0x6DDC,ajmp,0x6800,yes,24,0,no,,,,,,
0x06DE2,paged,common,0x6DE2,ajmp,0x68C8,yes,24,0,no,,,,,,
0x06DE5,paged,common,0x6DE5,ajmp,0x6AC8,yes,24,0,no,,,,,,
0x06DEC,paged,common,0x6DEC,ajmp,0x6818,yes,24,0,no,,,,,,
0x06DF2,paged,common,0x6DF2,ajmp,0x6818,yes,24,0,no,,,,,,
0x06E34,paged,common,0x6E34,ajmp,0x681C,yes,24,0,no,,,,,,
0x06E3A,paged,common,0x6E3A,ajmp,0x681C,no,0,24,no,,,,,,
0x06E3C,paged,common,0x6E3C,ajmp,0x6803,yes,24,0,no,,,,,,
0x06E3F,paged,common,0x6E3F,ajmp,0x6801,yes,24,0,no,,,,,,
0x06E40,paged,common,0x6E40,ajmp,0x681C,no,0,24,no,,,,,,
0x06E48,paged,common,0x6E48,ajmp,0x6901,yes,24,0,no,,,,,,
0x06E49,paged,common,0x6E49,ajmp,0x681C,no,0,24,no,,,,,,
0x06E4F,paged,common,0x6E4F,ajmp,0x681C,no,0,24,no,,,,,,
0x06E51,paged,common,0x6E51,acall,0x68FF,yes,24,0,no,,,,,,
0x06E54,paged,common,0x6E54,ajmp,0x6A12,yes,24,0,no,,,,,,
0x06E58,paged,common,0x6E58,ajmp,0x681C,yes,24,0,no,,,,,,
0x06E5E,paged,common,0x6E5E,ajmp,0x681C,yes,24,0,no,,,,,,
0x06E68,paged,common,0x6E68,ajmp,0x6A10,yes,22,2,yes,common-6e65-repeat-bytes,repeat-bytes,read-by-hand,6,3,no
0x06E6E,paged,common,0x6E6E,ajmp,0x6A10,yes,23,1,yes,common-6e65-repeat-bytes,repeat-bytes,read-by-hand,6,9,no
0x06E74,paged,common,0x6E74,ajmp,0x6A10,yes,23,1,yes,common-6e65-repeat-bytes,repeat-bytes,read-by-hand,6,15,no
0x06E7A,paged,common,0x6E7A,ajmp,0x6A10,yes,23,1,yes,common-6e65-repeat-bytes,repeat-bytes,read-by-hand,6,21,no
0x06E7E,paged,common,0x6E7E,ajmp,0x6903,yes,24,0,yes,common-6e7d-be-words,be-words,read-by-hand,2,1,no
0x06E83,bucket-c,common,0x6E83,ljmp,0xAA02,yes,24,0,yes,common-6e7d-be-words,be-words,read-by-hand,2,6,yes
0x06E87,paged,common,0x6E87,ajmp,0x6899,yes,23,1,yes,common-6e7d-be-words,be-words,read-by-hand,2,10,yes
0x06E89,paged,common,0x6E89,ajmp,0x6811,yes,24,0,yes,common-6e7d-be-words,be-words,read-by-hand,2,12,yes
0x06E8A,paged,common,0x6E8A,acall,0x6800,no,0,24,yes,common-6e7d-be-words,be-words,read-by-hand,2,13,no
0x06E9D,paged,common,0x6E9D,ajmp,0x6811,yes,24,0,no,,,,,,
0x06E9E,paged,common,0x6E9E,acall,0x6841,no,0,24,no,,,,,,
0x06E9F,paged,common,0x6E9F,ajmp,0x6A31,yes,23,1,no,,,,,,
0x06EA0,paged,common,0x6EA0,acall,0x6971,yes,1,23,no,,,,,,
0x06EA1,paged,common,0x6EA1,acall,0x6B21,yes,22,2,no,,,,,,
0x06EA2,paged,common,0x6EA2,ajmp,0x6951,yes,2,22,no,,,,,,
0x06EA3,paged,common,0x6EA3,acall,0x6A61,yes,21,3,no,,,,,,
0x06EA4,paged,common,0x6EA4,ajmp,0x6B11,yes,3,21,no,,,,,,
0x06EA5,paged,common,0x6EA5,acall,0x6811,yes,20,4,no,,,,,,
0x06EA6,paged,common,0x6EA6,acall,0x6811,yes,4,20,no,,,,,,
0x06EA7,paged,common,0x6EA7,acall,0x6811,yes,19,5,no,,,,,,
0x06EA8,paged,common,0x6EA8,acall,0x6811,yes,5,19,no,,,,,,
0x06EA9,paged,common,0x6EA9,acall,0x6811,yes,18,6,no,,,,,,
0x06EAA,paged,common,0x6EAA,acall,0x6811,yes,6,18,no,,,,,,
0x06EAB,paged,common,0x6EAB,acall,0x6811,yes,17,7,no,,,,,,
0x06EAC,paged,common,0x6EAC,acall,0x6807,yes,7,17,no,,,,,,
0x06EB5,paged,common,0x6EB5,acall,0x6B03,yes,24,0,no,,,,,,
0x06EB8,paged,common,0x6EB8,ajmp,0x6807,no,0,24,no,,,,,,
0x06EBC,paged,common,0x6EBC,ajmp,0x6871,no,0,24,no,,,,,,
0x06EBD,paged,common,0x6EBD,acall,0x6B03,yes,23,1,no,,,,,,
0x06EC0,paged,common,0x6EC0,ajmp,0x6807,no,0,24,no,,,,,,
0x06EC5,paged,common,0x6EC5,ajmp,0x6B12,yes,24,0,no,,,,,,
0x06ECC,paged,common,0x6ECC,ajmp,0x6807,yes,22,2,no,,,,,,
0x06ECE,paged,common,0x6ECE,acall,0x6870,yes,24,0,no,,,,,,
0x06ED2,paged,common,0x6ED2,ajmp,0x6807,no,0,24,no,,,,,,
0x06ED8,paged,common,0x6ED8,ajmp,0x6807,no,0,24,no,,,,,,
0x06EDD,paged,common,0x6EDD,ajmp,0x6B80,yes,23,1,no,,,,,,
0x06EE5,paged,common,0x6EE5,acall,0x6B03,yes,24,0,no,,,,,,
0x06EE8,paged,common,0x6EE8,ajmp,0x6807,no,0,24,no,,,,,,
0x06EED,paged,common,0x6EED,ajmp,0x6B00,yes,23,1,no,,,,,,
0x06EF2,paged,common,0x6EF2,ajmp,0x6AFC,yes,24,0,no,,,,,,
0x06EF8,paged,common,0x6EF8,ajmp,0x6819,no,0,24,no,,,,,,
0x0700E,paged,common,0x700E,ajmp,0x700E,no,0,24,no,,,,,,
0x07017,bucket-c,common,0x7017,ljmp,0xB404,no,0,24,no,,,,,,
0x07021,bucket-c,common,0x7021,ljmp,0xB404,no,0,24,no,,,,,,
0x07031,paged,common,0x7031,ajmp,0x7006,no,0,24,no,,,,,,
0x0703A,bucket-c,common,0x703A,ljmp,0xE722,no,0,24,no,,,,,,
0x0703F,bucket-c,common,0x703F,ljmp,0xE322,yes,1,23,no,,,,,,
0x0704A,paged,common,0x704A,ajmp,0x7006,no,0,24,no,,,,,,
0x07053,bucket-c,common,0x7053,ljmp,0xF722,no,0,24,no,,,,,,
0x07058,paged,common,0x7058,ajmp,0x70F3,yes,1,23,no,,,,,,
0x0705D,paged,common,0x705D,ajmp,0x700D,no,0,24,no,,,,,,
0x07149,paged,common,0x7149,ajmp,0x7093,no,0,24,no,,,,,,
0x0714D,bucket-c,common,0x714D,ljmp,0x93F9,no,0,24,no,,,,,,
0x0715B,paged,common,0x715B,ajmp,0x7093,no,0,24,no,,,,,,
0x07164,paged,common,0x7164,ajmp,0x7093,no,0,24,no,,,,,,
0x0716D,bucket-c,common,0x716D,ljmp,0x9368,no,0,24,no,,,,,,
0x071BB,paged,common,0x71BB,ajmp,0x76B9,yes,1,23,no,,,,,,
0x07268,paged,common,0x7268,ajmp,0x7412,yes,1,23,no,,,,,,
0x0726A,paged,common,0x726A,acall,0x73B9,yes,2,22,no,,,,,,
0x0727C,paged,common,0x727C,acall,0x73B9,no,0,24,no,,,,,,
0x0801C,paged,bank0,0x801C,ajmp,0x8074,yes,1,23,no,,,,,,
0x08036,paged,bank0,0x8036,acall,0x8351,no,0,24,no,,,,,,
0x08037,paged,bank0,0x8037,acall,0x8280,no,0,24,no,,,,,,
0x0803D,paged,bank0,0x803D,ajmp,0x8080,yes,6,18,no,,,,,,
0x08041,paged,bank0,0x8041,ajmp,0x841A,no,0,24,no,,,,,,
0x08044,paged,bank0,0x8044,ajmp,0x845D,yes,14,10,no,,,,,,
0x08047,paged,bank0,0x8047,ajmp,0x849D,yes,17,7,no,,,,,,
0x0804A,paged,bank0,0x804A,ajmp,0x84DF,no,0,24,no,,,,,,
0x0804E,paged,bank0,0x804E,acall,0x8107,no,0,24,no,,,,,,
0x08073,paged,bank0,0x8073,ajmp,0x8012,yes,1,23,no,,,,,,
0x08079,paged,bank0,0x8079,ajmp,0x80F0,yes,5,19,no,,,,,,
0x08088,paged,bank0,0x8088,ajmp,0x8012,yes,2,22,no,,,,,,
0x08090,paged,bank0,0x8090,ajmp,0x8402,yes,6,18,no,,,,,,
0x08224,paged,bank0,0x8224,ajmp,0x8774,yes,9,15,no,,,,,,
0x08273,paged,bank0,0x8273,acall,0x8590,no,0,24,no,,,,,,
0x08276,paged,bank0,0x8276,ajmp,0x87E0,yes,11,13,no,,,,,,
0x08292,paged,bank0,0x8292,acall,0x8522,no,0,24,no,,,,,,
0x0830F,paged,bank0,0x830F,ajmp,0x80F0,no,0,24,no,,,,,,
0x0831F,paged,bank0,0x831F,ajmp,0x87F0,yes,1,23,no,,,,,,
0x0836F,paged,bank0,0x836F,ajmp,0x807A,no,0,24,no,,,,,,
0x08373,paged,bank0,0x8373,ajmp,0x8012,no,0,24,no,,,,,,
0x08388,paged,bank0,0x8388,ajmp,0x80C8,no,0,24,no,,,,,,
0x083BD,paged,bank0,0x83BD,ajmp,0x8093,no,0,24,no,,,,,,
0x08445,paged,bank0,0x8445,ajmp,0x8080,no,0,24,no,,,,,,
0x08452,paged,bank0,0x8452,ajmp,0x8080,no,0,24,no,,,,,,
0x08532,paged,bank0,0x8532,acall,0x8412,no,0,24,no,,,,,,
0x0853D,paged,bank0,0x853D,acall,0x8467,no,0,24,no,,,,,,
0x08540,paged,bank0,0x8540,acall,0x852C,no,0,24,no,,,,,,
0x085B7,paged,bank0,0x85B7,ajmp,0x8012,yes,2,22,no,,,,,,
0x085F1,paged,bank0,0x85F1,ajmp,0x8012,yes,1,23,no,,,,,,
0x08620,paged,bank0,0x8620,ajmp,0x802F,no,0,24,no,,,,,,
0x08630,paged,bank0,0x8630,ajmp,0x8080,yes,3,21,no,,,,,,
0x08663,paged,bank0,0x8663,acall,0x8351,yes,1,23,no,,,,,,
0x08664,paged,bank0,0x8664,acall,0x8286,no,0,24,no,,,,,,
0x08666,paged,bank0,0x8666,ajmp,0x8400,yes,1,23,no,,,,,,
0x0866F,paged,bank0,0x866F,ajmp,0x8405,no,0,24,no,,,,,,
0x0868A,paged,bank0,0x868A,acall,0x8280,no,0,24,no,,,,,,
0x08697,paged,bank0,0x8697,ajmp,0x83F0,no,0,24,no,,,,,,
0x086A3,paged,bank0,0x86A3,ajmp,0x83F0,no,0,24,no,,,,,,
0x086AA,paged,bank0,0x86AA,acall,0x8190,no,0,24,no,,,,,,
0x086AF,paged,bank0,0x86AF,ajmp,0x83F0,no,0,24,no,,,,,,
0x086C1,paged,bank0,0x86C1,ajmp,0x83F0,no,0,24,no,,,,,,
0x086CA,paged,bank0,0x86CA,ajmp,0x83F0,no,0,24,no,,,,,,
0x086D6,paged,bank0,0x86D6,ajmp,0x83F0,no,0,24,no,,,,,,
0x086F5,paged,bank0,0x86F5,ajmp,0x8093,no,0,24,no,,,,,,
0x08721,paged,bank0,0x8721,ajmp,0x8093,no,0,24,no,,,,,,
0x08733,paged,bank0,0x8733,acall,0x82E0,yes,1,23,no,,,,,,
0x0873C,paged,bank0,0x873C,acall,0x82EE,yes,1,23,no,,,,,,
0x08753,paged,bank0,0x8753,ajmp,0x8003,no,0,24,no,,,,,,
0x08776,paged,bank0,0x8776,ajmp,0x8011,no,0,24,no,,,,,,
0x08777,paged,bank0,0x8777,acall,0x8090,no,0,24,no,,,,,,
0x08784,paged,bank0,0x8784,ajmp,0x82E0,yes,1,23,no,,,,,,
0x08791,paged,bank0,0x8791,ajmp,0x8011,no,0,24,no,,,,,,
0x08792,paged,bank0,0x8792,acall,0x8090,no,0,24,no,,,,,,
0x0879F,paged,bank0,0x879F,ajmp,0x82E0,yes,1,23,no,,,,,,
0x087AE,paged,bank0,0x87AE,ajmp,0x82E0,yes,1,23,no,,,,,,
0x087BF,paged,bank0,0x87BF,ajmp,0x83F0,yes,1,23,no,,,,,,
0x087FA,paged,bank0,0x87FA,acall,0x8312,no,0,24,no,,,,,,
0x0883B,paged,bank0,0x883B,ajmp,0x8880,no,0,24,no,,,,,,
0x08848,paged,bank0,0x8848,ajmp,0x8880,no,0,24,no,,,,,,
0x0885D,paged,bank0,0x885D,ajmp,0x88F0,no,0,24,no,,,,,,
0x08897,paged,bank0,0x8897,acall,0x89A3,no,0,24,no,,,,,,
0x088A0,paged,bank0,0x88A0,acall,0x89A3,no,0,24,no,,,,,,
0x088AA,paged,bank0,0x88AA,acall,0x89E0,no,0,24,no,,,,,,
0x088B2,paged,bank0,0x88B2,acall,0x89E0,no,0,24,no,,,,,,
0x088B5,paged,bank0,0x88B5,ajmp,0x8808,no,0,24,no,,,,,,
0x08900,paged,bank0,0x8900,ajmp,0x8812,no,0,24,no,,,,,,
0x08944,paged,bank0,0x8944,acall,0x8AE0,yes,1,23,no,,,,,,
0x0898C,paged,bank0,0x898C,acall,0x8AE0,yes,1,23,no,,,,,,
0x0899F,paged,bank0,0x899F,acall,0x8AE0,yes,1,23,no,,,,,,
0x089F0,paged,bank0,0x89F0,acall,0x8AE0,yes,1,23,no,,,,,,
0x08A0E,paged,bank0,0x8A0E,ajmp,0x8F12,no,0,24,no,,,,,,
0x08A27,paged,bank0,0x8A27,ajmp,0x8AE0,yes,2,22,no,,,,,,
0x08A5B,paged,bank0,0x8A5B,ajmp,0x8990,no,0,24,no,,,,,,
0x08ACD,paged,bank0,0x8ACD,ajmp,0x8BF0,yes,1,23,no,,,,,,
0x08BC9,paged,bank0,0x8BC9,ajmp,0x8893,no,0,24,no,,,,,,
0x08BD6,paged,bank0,0x8BD6,ajmp,0x8BF0,yes,1,23,no,,,,,,
0x08C55,paged,bank0,0x8C55,ajmp,0x8AE0,yes,1,23,no,,,,,,
0x08C72,paged,bank0,0x8C72,ajmp,0x8B80,yes,3,21,no,,,,,,
0x08CB5,paged,bank0,0x8CB5,ajmp,0x8AE0,yes,1,23,no,,,,,,
0x08CD5,paged,bank0,0x8CD5,ajmp,0x8BE0,yes,1,23,no,,,,,,
0x08CFE,paged,bank0,0x8CFE,ajmp,0x8BE0,yes,4,20,no,,,,,,
0x08D10,paged,bank0,0x8D10,ajmp,0x8B74,yes,1,23,no,,,,,,
0x08D1E,paged,bank0,0x8D1E,ajmp,0x8BE0,yes,4,20,no,,,,,,
0x08D59,paged,bank0,0x8D59,ajmp,0x8840,no,0,24,no,,,,,,
0x08DD4,paged,bank0,0x8DD4,ajmp,0x8850,no,0,24,no,,,,,,
0x08DE6,paged,bank0,0x8DE6,ajmp,0x8840,no,0,24,no,,,,,,
0x08E80,paged,bank0,0x8E80,ajmp,0x8850,no,0,24,no,,,,,,
0x08E88,paged,bank0,0x8E88,ajmp,0x8840,no,0,24,no,,,,,,
0x08E8D,paged,bank0,0x8E8D,acall,0x8AE0,yes,1,23,no,,,,,,
0x08EFD,paged,bank0,0x8EFD,ajmp,0x88E4,no,0,24,no,,,,,,
0x08F3F,paged,bank0,0x8F3F,ajmp,0x8EB1,yes,1,23,no,,,,,,
0x08F40,paged,bank0,0x8F40,acall,0x8DEF,no,0,24,no,,,,,,
0x08F43,paged,bank0,0x8F43,acall,0x8890,no,0,24,no,,,,,,
0x08F8E,paged,bank0,0x8F8E,ajmp,0x88F0,no,0,24,no,,,,,,
0x08FBE,paged,bank0,0x8FBE,ajmp,0x8F05,no,0,24,no,,,,,,
0x08FD7,paged,bank0,0x8FD7,ajmp,0x8802,yes,1,23,no,,,,,,
0x0901D,paged,bank0,0x901D,ajmp,0x90F0,no,0,24,no,,,,,,
0x09032,paged,bank0,0x9032,ajmp,0x96BE,no,0,24,no,,,,,,
0x0903E,paged,bank0,0x903E,ajmp,0x90F0,yes,3,21,no,,,,,,
0x09064,paged,bank0,0x9064,acall,0x9380,yes,3,21,no,,,,,,
0x09099,paged,bank0,0x9099,acall,0x9322,yes,3,21,no,,,,,,
0x090B7,paged,bank0,0x90B7,ajmp,0x90F0,yes,2,22,no,,,,,,
0x090F8,paged,bank0,0x90F8,ajmp,0x962C,no,0,24,no,,,,,,
0x090FB,paged,bank0,0x90FB,ajmp,0x9624,no,0,24,no,,,,,,
0x0918B,paged,bank0,0x918B,acall,0x9351,no,0,24,no,,,,,,
0x0918C,paged,bank0,0x918C,acall,0x9291,no,0,24,no,,,,,,
0x0918D,paged,bank0,0x918D,acall,0x94AF,yes,1,23,no,,,,,,
0x09190,paged,bank0,0x9190,acall,0x94B5,yes,5,19,no,,,,,,
0x09192,paged,bank0,0x9192,ajmp,0x9091,yes,6,18,no,,,,,,
0x09193,paged,bank0,0x9193,acall,0x94BD,no,0,24,no,,,,,,
0x09196,paged,bank0,0x9196,acall,0x94C5,no,0,24,no,,,,,,
0x09199,paged,bank0,0x9199,acall,0x94CD,yes,14,10,no,,,,,,
0x0919C,paged,bank0,0x919C,acall,0x94D5,yes,17,7,no,,,,,,
0x0919F,paged,bank0,0x919F,acall,0x94DD,no,0,24,no,,,,,,
0x091A2,paged,bank0,0x91A2,acall,0x94E5,yes,23,1,no,,,,,,
0x091A5,paged,bank0,0x91A5,acall,0x94ED,yes,24,0,no,,,,,,
0x091A8,paged,bank0,0x91A8,acall,0x94F5,yes,24,0,no,,,,,,
0x091AD,paged,bank0,0x91AD,acall,0x94FB,yes,24,0,no,,,,,,
0x091B9,paged,bank0,0x91B9,ajmp,0x90F0,yes,1,23,no,,,,,,
0x0922A,paged,bank0,0x922A,acall,0x9012,yes,1,23,no,,,,,,
0x09285,paged,bank0,0x9285,acall,0x9351,no,0,24,no,,,,,,
0x09286,paged,bank0,0x9286,acall,0x9292,no,0,24,no,,,,,,
0x09291,paged,bank0,0x9291,acall,0x9620,yes,1,23,no,,,,,,
0x09339,paged,bank0,0x9339,ajmp,0x9006,no,0,24,no,,,,,,
0x0935F,paged,bank0,0x935F,ajmp,0x93F0,no,0,24,no,,,,,,
0x09379,paged,bank0,0x9379,ajmp,0x93F0,no,0,24,no,,,,,,
0x09393,paged,bank0,0x9393,ajmp,0x93F0,no,0,24,no,,,,,,
0x0939F,paged,bank0,0x939F,ajmp,0x93F0,no,0,24,no,,,,,,
0x093CC,paged,bank0,0x93CC,acall,0x92E0,yes,1,23,no,,,,,,
0x093DE,paged,bank0,0x93DE,ajmp,0x970E,no,0,24,no,,,,,,
0x093F2,paged,bank0,0x93F2,ajmp,0x90F0,no,0,24,no,,,,,,
0x09441,paged,bank0,0x9441,ajmp,0x9093,yes,1,23,no,,,,,,
0x09498,paged,bank0,0x9498,acall,0x9090,yes,1,23,no,,,,,,
0x0949B,paged,bank0,0x949B,ajmp,0x92E0,yes,3,21,no,,,,,,
0x094E6,paged,bank0,0x94E6,acall,0x9280,yes,3,21,no,,,,,,
0x094EF,paged,bank0,0x94EF,acall,0x92BF,yes,1,23,no,,,,,,
0x094F4,paged,bank0,0x94F4,ajmp,0x93F0,no,0,24,no,,,,,,
0x094FD,paged,bank0,0x94FD,ajmp,0x93F0,no,0,24,no,,,,,,
0x09506,paged,bank0,0x9506,ajmp,0x937F,no,0,24,no,,,,,,
0x0950B,paged,bank0,0x950B,acall,0x92EE,yes,3,21,no,,,,,,
0x09513,paged,bank0,0x9513,acall,0x92EE,yes,1,23,no,,,,,,
0x09531,paged,bank0,0x9531,ajmp,0x9093,no,0,24,no,,,,,,
0x09535,paged,bank0,0x9535,acall,0x9112,yes,1,23,no,,,,,,
0x0957B,paged,bank0,0x957B,acall,0x9230,yes,1,23,no,,,,,,
0x095D2,paged,bank0,0x95D2,acall,0x9174,yes,1,23,no,,,,,,
0x095DA,paged,bank0,0x95DA,ajmp,0x90F0,no,0,24,no,,,,,,
0x095FB,paged,bank0,0x95FB,ajmp,0x9012,yes,1,23,no,,,,,,
0x0961C,paged,bank0,0x961C,ajmp,0x9674,yes,1,23,no,,,,,,
0x09628,paged,bank0,0x9628,ajmp,0x973F,no,0,24,no,,,,,,
0x0964C,paged,bank0,0x964C,ajmp,0x96F0,yes,1,23,no,,,,,,
0x0966F,paged,bank0,0x966F,acall,0x9220,yes,1,23,no,,,,,,
0x096AF,paged,bank0,0x96AF,ajmp,0x92E0,yes,3,21,no,,,,,,
0x096CE,paged,bank0,0x96CE,ajmp,0x96F0,yes,1,23,no,,,,,,
0x09709,paged,bank0,0x9709,ajmp,0x9704,yes,2,22,no,,,,,,
0x0970C,paged,bank0,0x970C,ajmp,0x9080,no,0,24,no,,,,,,
0x0972D,paged,bank0,0x972D,ajmp,0x970F,no,0,24,no,,,,,,
0x09745,paged,bank0,0x9745,ajmp,0x90E4,no,0,24,no,,,,,,
0x09777,paged,bank0,0x9777,acall,0x9093,yes,1,23,no,,,,,,
0x097B7,paged,bank0,0x97B7,acall,0x9193,no,0,24,no,,,,,,
0x097D3,paged,bank0,0x97D3,ajmp,0x92E0,yes,1,23,no,,,,,,
0x097D7,paged,bank0,0x97D7,ajmp,0x9190,yes,1,23,no,,,,,,
0x09847,paged,bank0,0x9847,ajmp,0x9993,yes,1,23,no,,,,,,
0x09896,paged,bank0,0x9896,ajmp,0x9F6A,no,0,24,no,,,,,,
0x098BF,paged,bank0,0x98BF,ajmp,0x9AE0,yes,1,23,no,,,,,,
0x098C3,paged,bank0,0x98C3,ajmp,0x9990,yes,1,23,no,,,,,,
0x0993F,paged,bank0,0x993F,ajmp,0x9EE0,yes,1,23,no,,,,,,
0x09A2E,paged,bank0,0x9A2E,acall,0x9940,no,0,24,no,,,,,,
0x09A36,paged,bank0,0x9A36,acall,0x9940,no,0,24,no,,,,,,
0x09A3E,paged,bank0,0x9A3E,acall,0x9950,no,0,24,no,,,,,,
0x09ADD,paged,bank0,0x9ADD,acall,0x9F12,yes,2,22,no,,,,,,
0x09AFF,paged,bank0,0x9AFF,acall,0x9B90,no,0,24,no,,,,,,
0x09B17,paged,bank0,0x9B17,ajmp,0x98F0,no,0,24,no,,,,,,
0x09C73,paged,bank0,0x9C73,acall,0x99F0,no,0,24,no,,,,,,
0x09CAB,paged,bank0,0x9CAB,ajmp,0x9807,no,0,24,no,,,,,,
0x09CD0,paged,bank0,0x9CD0,ajmp,0x9812,no,0,24,no,,,,,,
0x09CD6,paged,bank0,0x9CD6,ajmp,0x9CE0,yes,2,22,no,,,,,,
0x09CE1,paged,bank0,0x9CE1,ajmp,0x9CE0,yes,1,23,no,,,,,,
0x09CE9,paged,bank0,0x9CE9,ajmp,0x9EE0,yes,1,23,no,,,,,,
0x09D85,paged,bank0,0x9D85,acall,0x9BFD,no,0,24,no,,,,,,
0x09D8E,paged,bank0,0x9D8E,ajmp,0x9F0A,no,0,24,no,,,,,,
0x09D9C,paged,bank0,0x9D9C,ajmp,0x9812,no,0,24,no,,,,,,
0x09E31,paged,bank0,0x9E31,acall,0x9AE0,yes,1,23,no,,,,,,
0x09E3B,paged,bank0,0x9E3B,ajmp,0x9F10,no,0,24,no,,,,,,
0x09E4F,paged,bank0,0x9E4F,acall,0x9AE0,yes,1,23,no,,,,,,
0x09E59,paged,bank0,0x9E59,ajmp,0x9F10,no,0,24,no,,,,,,
0x09E6D,paged,bank0,0x9E6D,acall,0x9AE0,yes,1,23,no,,,,,,
0x09E77,paged,bank0,0x9E77,ajmp,0x9F10,no,0,24,no,,,,,,
0x09E8B,paged,bank0,0x9E8B,ajmp,0x9EE0,yes,1,23,no,,,,,,
0x09E93,paged,bank0,0x9E93,ajmp,0x9EE0,yes,1,23,no,,,,,,
0x09E9B,paged,bank0,0x9E9B,ajmp,0x9EE0,yes,1,23,no,,,,,,
0x09EA3,paged,bank0,0x9EA3,ajmp,0x9EE0,yes,1,23,no,,,,,,
0x09EAB,paged,bank0,0x9EAB,ajmp,0x9EE0,yes,1,23,no,,,,,,
0x09F1A,paged,bank0,0x9F1A,acall,0x9AE0,yes,1,23,no,,,,,,
0x09F24,paged,bank0,0x9F24,ajmp,0x9F10,no,0,24,no,,,,,,
0x09F2B,paged,bank0,0x9F2B,ajmp,0x9812,no,0,24,no,,,,,,
0x09F38,paged,bank0,0x9F38,acall,0x9AE0,yes,1,23,no,,,,,,
0x09F42,paged,bank0,0x9F42,ajmp,0x9F10,no,0,24,no,,,,,,
0x09F56,paged,bank0,0x9F56,acall,0x9AE0,yes,1,23,no,,,,,,
0x09F60,paged,bank0,0x9F60,ajmp,0x9F13,no,0,24,no,,,,,,
0x09F77,paged,bank0,0x9F77,acall,0x9AE0,yes,1,23,no,,,,,,
0x09F81,paged,bank0,0x9F81,ajmp,0x9F09,no,0,24,no,,,,,,
0x0A01D,paged,bank0,0xA01D,ajmp,0xA012,no,0,24,no,,,,,,
0x0A02B,paged,bank0,0xA02B,ajmp,0xA6E0,yes,1,23,no,,,,,,
0x0A049,paged,bank0,0xA049,acall,0xA012,yes,6,18,no,,,,,,
0x0A061,paged,bank0,0xA061,acall,0xA090,no,0,24,no,,,,,,
0x0A07B,paged,bank0,0xA07B,ajmp,0xA539,no,0,24,no,,,,,,
0x0A08C,paged,bank0,0xA08C,ajmp,0xA5C8,no,0,24,no,,,,,,
0x0A0A9,paged,bank0,0xA0A9,ajmp,0xA74E,no,0,24,no,,,,,,
0x0A0B2,paged,bank0,0xA0B2,ajmp,0xA5C8,no,0,24,no,,,,,,
0x0A0E4,paged,bank0,0xA0E4,acall,0xA090,no,0,24,no,,,,,,
0x0A0F1,paged,bank0,0xA0F1,ajmp,0xA5C8,no,0,24,no,,,,,,
0x0A0F4,paged,bank0,0xA0F4,ajmp,0xA569,no,0,24,no,,,,,,
0x0A0F7,paged,bank0,0xA0F7,ajmp,0xA572,no,0,24,no,,,,,,
0x0A108,paged,bank0,0xA108,ajmp,0xA040,no,0,24,no,,,,,,
0x0A125,paged,bank0,0xA125,ajmp,0xA5C8,no,0,24,no,,,,,,
0x0A134,paged,bank0,0xA134,ajmp,0xA5C8,no,0,24,no,,,,,,
0x0A137,paged,bank0,0xA137,ajmp,0xA5A8,no,0,24,no,,,,,,
0x0A13B,paged,bank0,0xA13B,acall,0xA390,no,0,24,no,,,,,,
0x0A147,paged,bank0,0xA147,ajmp,0xA72E,no,0,24,no,,,,,,
0x0A176,paged,bank0,0xA176,acall,0xA212,yes,1,23,no,,,,,,
0x0A1DF,paged,bank0,0xA1DF,ajmp,0xA00C,no,0,24,no,,,,,,
0x0A1E9,paged,bank0,0xA1E9,ajmp,0xA6F0,no,0,24,no,,,,,,
0x0A211,paged,bank0,0xA211,ajmp,0xA708,no,0,24,no,,,,,,
0x0A264,paged,bank0,0xA264,ajmp,0xA093,yes,2,22,no,,,,,,
0x0A300,paged,bank0,0xA300,ajmp,0xA06F,no,0,24,no,,,,,,
0x0A306,paged,bank0,0xA306,ajmp,0xA0F0,no,0,24,no,,,,,,
0x0A310,paged,bank0,0xA310,ajmp,0xA222,no,0,24,no,,,,,,
0x0A32B,paged,bank0,0xA32B,ajmp,0xA713,no,0,24,no,,,,,,
0x0A332,paged,bank0,0xA332,ajmp,0xA70C,yes,2,22,no,,,,,,
0x0A342,paged,bank0,0xA342,acall,0xA2E0,yes,1,23,no,,,,,,
0x0A34B,paged,bank0,0xA34B,acall,0xA351,no,0,24,no,,,,,,
0x0A34C,paged,bank0,0xA34C,acall,0xA2A3,no,0,24,no,,,,,,
0x0A352,paged,bank0,0xA352,ajmp,0xA0A3,no,0,24,no,,,,,,
0x0A38C,paged,bank0,0xA38C,ajmp,0xA703,no,0,24,no,,,,,,
0x0A3BD,paged,bank0,0xA3BD,acall,0xA2E0,yes,1,23,no,,,,,,
0x0A41A,paged,bank0,0xA41A,ajmp,0xA709,no,0,24,no,,,,,,
0x0A437,paged,bank0,0xA437,acall,0xA04C,no,0,24,no,,,,,,
0x0A441,paged,bank0,0xA441,acall,0xA064,no,0,24,no,,,,,,
0x0A44D,paged,bank0,0xA44D,acall,0xA064,no,0,24,no,,,,,,
0x0A4DD,paged,bank0,0xA4DD,ajmp,0xA112,no,0,24,no,,,,,,
0x0A4F3,paged,bank0,0xA4F3,acall,0xA090,no,0,24,no,,,,,,
0x0A56F,paged,bank0,0xA56F,ajmp,0xA757,no,0,24,no,,,,,,
0x0A581,paged,bank0,0xA581,ajmp,0xA050,no,0,24,no,,,,,,
0x0A59D,paged,bank0,0xA59D,ajmp,0xA0EF,no,0,24,no,,,,,,
0x0A5A0,paged,bank0,0xA5A0,ajmp,0xA190,no,0,24,no,,,,,,
0x0A5BB,paged,bank0,0xA5BB,ajmp,0xA060,no,0,24,no,,,,,,
0x0A5CD,paged,bank0,0xA5CD,ajmp,0xA703,no,0,24,no,,,,,,
0x0A5E8,paged,bank0,0xA5E8,ajmp,0xA2E0,yes,2,22,no,,,,,,
0x0A5EF,paged,bank0,0xA5EF,ajmp,0xA460,no,0,24,no,,,,,,
0x0A603,paged,bank0,0xA603,ajmp,0xA460,no,0,24,no,,,,,,
0x0A618,paged,bank0,0xA618,ajmp,0xA112,no,0,24,no,,,,,,
0x0A61B,paged,bank0,0xA61B,ajmp,0xA460,no,0,24,no,,,,,,
0x0A638,paged,bank0,0xA638,ajmp,0xA460,no,0,24,no,,,,,,
0x0A669,paged,bank0,0xA669,acall,0xA090,yes,1,23,no,,,,,,
0x0A66F,paged,bank0,0xA66F,ajmp,0xA00A,no,0,24,no,,,,,,
0x0A673,paged,bank0,0xA673,ajmp,0xA2E0,yes,1,23,no,,,,,,
0x0A683,paged,bank0,0xA683,acall,0xA351,no,0,24,no,,,,,,
0x0A684,paged,bank0,0xA684,acall,0xA2A6,no,0,24,no,,,,,,
0x0A687,paged,bank0,0xA687,ajmp,0xA0A6,yes,4,20,no,,,,,,
0x0A689,paged,bank0,0xA689,acall,0xA502,yes,5,19,no,,,,,,
0x0A750,paged,bank0,0xA750,ajmp,0xA775,no,0,24,no,,,,,,
0x0A76E,paged,bank0,0xA76E,ajmp,0xA757,no,0,24,no,,,,,,
0x0A814,paged,bank0,0xA814,acall,0xAAF0,yes,1,23,no,,,,,,
0x0A81A,paged,bank0,0xA81A,acall,0xAAE0,yes,1,23,no,,,,,,
0x0A82D,paged,bank0,0xA82D,ajmp,0xAAE0,yes,2,22,no,,,,,,
0x0A831,paged,bank0,0xA831,acall,0xA8E4,yes,1,23,no,,,,,,
0x0A89B,paged,bank0,0xA89B,ajmp,0xA8F0,no,0,24,no,,,,,,
0x0A8B1,paged,bank0,0xA8B1,ajmp,0xA880,no,0,24,no,,,,,,
0x0A8BE,paged,bank0,0xA8BE,ajmp,0xA880,no,0,24,no,,,,,,
0x0A901,paged,bank0,0xA901,ajmp,0xAA22,no,0,24,no,,,,,,
0x0A92C,paged,bank0,0xA92C,ajmp,0xAE5C,no,0,24,no,,,,,,
0x0A95A,paged,bank0,0xA95A,ajmp,0xAE54,no,0,24,no,,,,,,
0x0A95D,paged,bank0,0xA95D,ajmp,0xAE5C,yes,1,23,no,,,,,,
0x0A96C,paged,bank0,0xA96C,ajmp,0xAE5C,no,0,24,no,,,,,,
0x0A980,paged,bank0,0xA980,ajmp,0xA807,no,0,24,no,,,,,,
0x0A984,paged,bank0,0xA984,ajmp,0xAAE0,yes,1,23,no,,,,,,
0x0A992,paged,bank0,0xA992,ajmp,0xAAE0,yes,1,23,no,,,,,,
0x0A9A7,paged,bank0,0xA9A7,ajmp,0xAAE0,yes,3,21,no,,,,,,
0x0A9B9,paged,bank0,0xA9B9,ajmp,0xAF05,no,0,24,no,,,,,,
0x0A9DD,paged,bank0,0xA9DD,ajmp,0xA802,yes,1,23,no,,,,,,
0x0A9E3,paged,bank0,0xA9E3,ajmp,0xAAE0,yes,1,23,no,,,,,,
0x0A9F1,paged,bank0,0xA9F1,ajmp,0xAF05,no,0,24,no,,,,,,
0x0AA09,paged,bank0,0xAA09,ajmp,0xAF02,yes,2,22,no,,,,,,
0x0AA18,paged,bank0,0xAA18,ajmp,0xAF02,no,0,24,no,,,,,,
0x0AAA7,paged,bank0,0xAAA7,ajmp,0xA87F,no,0,24,no,,,,,,
0x0AB00,paged,bank0,0xAB00,ajmp,0xA807,no,0,24,no,,,,,,
0x0AB4A,paged,bank0,0xAB4A,acall,0xA840,no,0,24,no,,,,,,
0x0AB65,paged,bank0,0xAB65,ajmp,0xA806,no,0,24,no,,,,,,
0x0AB98,paged,bank0,0xAB98,ajmp,0xA8F0,no,0,24,no,,,,,,
0x0ABA3,paged,bank0,0xABA3,ajmp,0xAF1B,no,0,24,no,,,,,,
0x0ABB1,paged,bank0,0xABB1,ajmp,0xAECB,no,0,24,no,,,,,,
0x0ABB5,paged,bank0,0xABB5,ajmp,0xA870,no,0,24,no,,,,,,
0x0ABBA,paged,bank0,0xABBA,acall,0xAAE0,yes,1,23,no,,,,,,
0x0ABC5,paged,bank0,0xABC5,ajmp,0xA8F0,no,0,24,no,,,,,,
0x0ABC9,paged,bank0,0xABC9,ajmp,0xAAE0,yes,1,23,no,,,,,,
0x0ABEA,paged,bank0,0xABEA,acall,0xAA30,yes,1,23,no,,,,,,
0x0ABEC,paged,bank0,0xABEC,ajmp,0xAF15,yes,2,22,no,,,,,,
0x0AC02,paged,bank0,0xAC02,acall,0xAAE0,yes,1,23,no,,,,,,
0x0AC0D,paged,bank0,0xAC0D,ajmp,0xA806,no,0,24,no,,,,,,
0x0AC19,paged,bank0,0xAC19,acall,0xAAE0,yes,2,22,no,,,,,,
0x0AC23,paged,bank0,0xAC23,ajmp,0xAF08,no,0,24,no,,,,,,
0x0AC32,paged,bank0,0xAC32,acall,0xAAE0,yes,1,23,no,,,,,,
0x0AC5D,paged,bank0,0xAC5D,ajmp,0xAAE0,yes,1,23,no,,,,,,
0x0AC97,paged,bank0,0xAC97,ajmp,0xACB4,no,0,24,no,,,,,,
0x0ACA9,paged,bank0,0xACA9,ajmp,0xACB4,no,0,24,no,,,,,,
0x0ACC8,paged,bank0,0xACC8,ajmp,0xA893,no,0,24,no,,,,,,
0x0ACEA,paged,bank0,0xACEA,ajmp,0xA9CA,no,0,24,no,,,,,,
0x0ACF0,paged,bank0,0xACF0,ajmp,0xA8F0,yes,2,22,no,,,,,,
0x0AD19,paged,bank0,0xAD19,ajmp,0xAAE0,yes,4,20,no,,,,,,
0x0AD37,paged,bank0,0xAD37,ajmp,0xA8F0,no,0,24,no,,,,,,
0x0AD48,paged,bank0,0xAD48,ajmp,0xAAE0,yes,1,23,no,,,,,,
0x0AD59,paged,bank0,0xAD59,acall,0xABE0,yes,3,21,no,,,,,,
0x0AD7B,paged,bank0,0xAD7B,ajmp,0xABE4,no,0,24,no,,,,,,
0x0AD9E,paged,bank0,0xAD9E,ajmp,0xAF02,yes,2,22,no,,,,,,
0x0ADB6,paged,bank0,0xADB6,acall,0xAF70,no,0,24,no,,,,,,
0x0ADDC,paged,bank0,0xADDC,ajmp,0xA812,yes,6,18,no,,,,,,
0x0AE1A,paged,bank0,0xAE1A,ajmp,0xA812,yes,4,20,no,,,,,,
0x0AE41,paged,bank0,0xAE41,ajmp,0xA8F0,no,0,24,no,,,,,,
0x0AE72,paged,bank0,0xAE72,ajmp,0xA8F0,no,0,24,no,,,,,,
0x0AE98,paged,bank0,0xAE98,acall,0xACF0,yes,1,23,no,,,,,,
0x0AF3F,paged,bank0,0xAF3F,acall,0xAC12,yes,1,23,no,,,,,,
0x0AF44,paged,bank0,0xAF44,ajmp,0xA912,yes,4,20,no,,,,,,
0x0B044,paged,bank0,0xB044,acall,0xB7E0,yes,1,23,no,,,,,,
0x0B055,paged,bank0,0xB055,acall,0xB7E0,yes,1,23,no,,,,,,
0x0B076,paged,bank0,0xB076,ajmp,0xB008,no,0,24,no,,,,,,
0x0B094,paged,bank0,0xB094,ajmp,0xB741,no,0,24,no,,,,,,
0x0B095,paged,bank0,0xB095,ajmp,0xB278,no,0,24,no,,,,,,
0x0B0C7,paged,bank0,0xB0C7,ajmp,0xB0F0,no,0,24,no,,,,,,
0x0B0D4,paged,bank0,0xB0D4,ajmp,0xB0F0,yes,2,22,no,,,,,,
0x0B0EF,paged,bank0,0xB0EF,ajmp,0xB080,no,0,24,no,,,,,,
0x0B0FC,paged,bank0,0xB0FC,ajmp,0xB080,no,0,24,no,,,,,,
0x0B11A,paged,bank0,0xB11A,ajmp,0xB022,no,0,24,no,,,,,,
0x0B127,paged,bank0,0xB127,ajmp,0xB022,no,0,24,no,,,,,,
0x0B135,paged,bank0,0xB135,ajmp,0xB2E0,yes,1,23,no,,,,,,
0x0B146,paged,bank0,0xB146,ajmp,0xB710,yes,2,22,no,,,,,,
0x0B183,paged,bank0,0xB183,acall,0xB012,no,0,24,no,,,,,,
0x0B1AC,paged,bank0,0xB1AC,acall,0xB512,no,0,24,no,,,,,,
0x0B1EC,paged,bank0,0xB1EC,ajmp,0xB7F0,no,0,24,no,,,,,,
0x0B1EF,paged,bank0,0xB1EF,ajmp,0xB1D3,no,0,24,no,,,,,,
0x0B1F6,paged,bank0,0xB1F6,ajmp,0xB790,no,0,24,no,,,,,,
0x0B262,paged,bank0,0xB262,ajmp,0xB080,yes,1,23,no,,,,,,
0x0B2A4,paged,bank0,0xB2A4,acall,0xB2E0,yes,1,23,no,,,,,,
0x0B2AD,paged,bank0,0xB2AD,ajmp,0xB050,no,0,24,no,,,,,,
0x0B2DF,paged,bank0,0xB2DF,ajmp,0xB050,no,0,24,no,,,,,,
0x0B30B,paged,bank0,0xB30B,ajmp,0xB040,no,0,24,no,,,,,,
0x0B370,paged,bank0,0xB370,acall,0xB2E0,yes,1,23,no,,,,,,
0x0B3B4,paged,bank0,0xB3B4,ajmp,0xB0F0,no,0,24,no,,,,,,
0x0B456,paged,bank0,0xB456,ajmp,0xB006,no,0,24,no,,,,,,
0x0B45F,paged,bank0,0xB45F,acall,0xB622,yes,2,22,no,,,,,,
0x0B4EF,paged,bank0,0xB4EF,acall,0xB012,yes,1,23,no,,,,,,
0x0B519,paged,bank0,0xB519,ajmp,0xB012,no,0,24,no,,,,,,
0x0B52C,paged,bank0,0xB52C,acall,0xB090,yes,2,22,no,,,,,,
0x0B54A,paged,bank0,0xB54A,ajmp,0xB0F0,no,0,24,no,,,,,,
0x0B54E,paged,bank0,0xB54E,ajmp,0xB574,yes,1,23,no,,,,,,
0x0B564,paged,bank0,0xB564,acall,0xB190,no,0,24,no,,,,,,
0x0B57F,paged,bank0,0xB57F,acall,0xB6E0,yes,1,23,no,,,,,,
0x0B591,paged,bank0,0xB591,acall,0xB674,yes,1,23,no,,,,,,
0x0B5CA,paged,bank0,0xB5CA,ajmp,0xB5F0,yes,1,23,no,,,,,,
0x0B5E8,paged,bank0,0xB5E8,ajmp,0xB00E,no,0,24,no,,,,,,
0x0B5EC,paged,bank0,0xB5EC,acall,0xB2E0,yes,1,23,no,,,,,,
0x0B649,paged,bank0,0xB649,acall,0xB012,yes,1,23,no,,,,,,
0x0B6D1,paged,bank0,0xB6D1,acall,0xB6E0,yes,1,23,no,,,,,,
0x0B6E3,paged,bank0,0xB6E3,acall,0xB674,yes,1,23,no,,,,,,
0x0B73E,paged,bank0,0xB73E,acall,0xB2E0,yes,1,23,no,,,,,,
0x0B7A9,paged,bank0,0xB7A9,acall,0xB012,yes,1,23,no,,,,,,
0x0B827,paged,bank0,0xB827,acall,0xB8C3,yes,2,22,no,,,,,,
0x0B846,paged,bank0,0xB846,ajmp,0xBA12,yes,1,23,no,,,,,,
0x0B849,paged,bank0,0xB849,acall,0xBBFF,no,0,24,no,,,,,,
0x0B85D,paged,bank0,0xB85D,acall,0xB8D3,yes,1,23,no,,,,,,
0x0B895,paged,bank0,0xB895,ajmp,0xBF28,no,0,24,no,,,,,,
0x0B89C,paged,bank0,0xB89C,ajmp,0xBE91,yes,1,23,no,,,,,,
0x0B89D,paged,bank0,0xB89D,acall,0xBC90,no,0,24,no,,,,,,
0x0B8A3,paged,bank0,0xB8A3,ajmp,0xBF0B,no,0,24,no,,,,,,
0x0B8AD,paged,bank0,0xB8AD,ajmp,0xB8F0,no,0,24,no,,,,,,
0x0B8BD,paged,bank0,0xB8BD,ajmp,0xBE99,no,0,24,no,,,,,,
0x0B8C8,paged,bank0,0xB8C8,ajmp,0xB822,no,0,24,no,,,,,,
0x0B8D5,paged,bank0,0xB8D5,ajmp,0xB822,no,0,24,no,,,,,,
0x0B8E2,paged,bank0,0xB8E2,ajmp,0xB822,no,0,24,no,,,,,,
0x0B8EF,paged,bank0,0xB8EF,ajmp,0xB822,no,0,24,no,,,,,,
0x0B8FC,paged,bank0,0xB8FC,ajmp,0xB822,no,0,24,no,,,,,,
0x0B909,paged,bank0,0xB909,ajmp,0xB822,no,0,24,no,,,,,,
0x0B916,paged,bank0,0xB916,ajmp,0xB822,no,0,24,no,,,,,,
0x0B923,paged,bank0,0xB923,ajmp,0xB822,no,0,24,no,,,,,,
0x0B930,paged,bank0,0xB930,ajmp,0xB822,no,0,24,no,,,,,,
0x0B938,paged,bank0,0xB938,ajmp,0xBEF0,yes,1,23,no,,,,,,
0x0B93C,paged,bank0,0xB93C,acall,0xBAE0,yes,1,23,no,,,,,,
0x0B986,paged,bank0,0xB986,acall,0xBAE0,yes,1,23,no,,,,,,
0x0B9DD,paged,bank0,0xB9DD,ajmp,0xB822,no,0,24,no,,,,,,
0x0B9FB,paged,bank0,0xB9FB,ajmp,0xB812,yes,1,23,no,,,,,,
0x0BA29,paged,bank0,0xBA29,acall,0xBC93,no,0,24,no,,,,,,
0x0BA40,paged,bank0,0xBA40,ajmp,0xB8E0,yes,1,23,no,,,,,,
0x0BA76,paged,bank0,0xBA76,acall,0xBAE0,yes,1,23,no,,,,,,
0x0BA91,paged,bank0,0xBA91,ajmp,0xB893,no,0,24,no,,,,,,
0x0BAA4,paged,bank0,0xBAA4,acall,0xBB10,yes,2,22,no,,,,,,
0x0BAE1,paged,bank0,0xBAE1,ajmp,0xB802,yes,1,23,no,,,,,,
0x0BB07,paged,bank0,0xBB07,ajmp,0xB8F0,no,0,24,no,,,,,,
0x0BB0B,paged,bank0,0xBB0B,ajmp,0xB8E0,yes,1,23,no,,,,,,
0x0BB0E,paged,bank0,0xBB0E,ajmp,0xB8F0,no,0,24,no,,,,,,
0x0BB42,paged,bank0,0xBB42,acall,0xBAE0,yes,1,23,no,,,,,,
0x0BB86,paged,bank0,0xBB86,ajmp,0xB822,no,0,24,no,,,,,,
0x0BBEE,paged,bank0,0xBBEE,ajmp,0xBBE0,yes,1,23,no,,,,,,
0x0BC05,paged,bank0,0xBC05,ajmp,0xB8A3,no,0,24,no,,,,,,
0x0BC12,paged,bank0,0xBC12,acall,0xBB10,no,0,24,no,,,,,,
0x0BC8F,paged,bank0,0xBC8F,acall,0xBCE0,yes,1,23,no,,,,,,
0x0BCB3,paged,bank0,0xBCB3,ajmp,0xBF74,yes,1,23,no,,,,,,
0x0BCED,paged,bank0,0xBCED,ajmp,0xB893,no,0,24,no,,,,,,
0x0BD05,paged,bank0,0xBD05,ajmp,0xBAE0,yes,1,23,no,,,,,,
0x0BD2C,paged,bank0,0xBD2C,ajmp,0xB8FC,no,0,24,no,,,,,,
0x0BD7D,paged,bank0,0xBD7D,acall,0xBB10,no,0,24,no,,,,,,
0x0BD89,paged,bank0,0xBD89,acall,0xBB10,no,0,24,no,,,,,,
0x0BDFF,paged,bank0,0xBDFF,ajmp,0xB8E0,yes,1,23,no,,,,,,
0x0BE0B,paged,bank0,0xBE0B,acall,0xBB10,no,0,24,no,,,,,,
0x0BE2F,paged,bank0,0xBE2F,acall,0xBCF0,no,0,24,no,,,,,,
0x0BF0A,paged,bank0,0xBF0A,ajmp,0xBB90,no,0,24,no,,,,,,
0x0BF2D,paged,bank0,0xBF2D,acall,0xB806,no,0,24,no,,,,,,
0x0BF49,paged,bank0,0xBF49,acall,0xB802,no,0,24,no,,,,,,
0x0BFF1,paged,bank0,0xBFF1,acall,0xBB10,no,0,24,no,,,,,,
0x0C000,paged,bank0,0xC000,acall,0xC310,no,0,24,no,,,,,,
0x0C006,paged,bank0,0xC006,ajmp,0xC093,no,0,24,no,,,,,,
0x0C03E,paged,bank0,0xC03E,acall,0xC012,yes,1,23,no,,,,,,
0x0C05B,paged,bank0,0xC05B,acall,0xC0F0,yes,1,23,no,,,,,,
0x0C078,paged,bank0,0xC078,ajmp,0xC0E0,yes,1,23,no,,,,,,
0x0C080,paged,bank0,0xC080,ajmp,0xC0E0,yes,1,23,no,,,,,,
0x0C0A7,paged,bank0,0xC0A7,ajmp,0xC0E0,yes,2,22,no,,,,,,
0x0C0B2,paged,bank0,0xC0B2,ajmp,0xC0E0,yes,2,22,no,,,,,,
0x0C0BD,paged,bank0,0xC0BD,ajmp,0xC704,yes,2,22,no,,,,,,
0x0C0C4,paged,bank0,0xC0C4,ajmp,0xC022,no,0,24,no,,,,,,
0x0C0CE,paged,bank0,0xC0CE,ajmp,0xC707,yes,2,22,no,,,,,,
0x0C0D5,paged,bank0,0xC0D5,ajmp,0xC022,no,0,24,no,,,,,,
0x0C0E2,paged,bank0,0xC0E2,ajmp,0xC022,no,0,24,no,,,,,,
0x0C0EF,paged,bank0,0xC0EF,ajmp,0xC022,no,0,24,no,,,,,,
0x0C0FB,paged,bank0,0xC0FB,ajmp,0xC022,no,0,24,no,,,,,,
0x0C107,paged,bank0,0xC107,ajmp,0xC022,no,0,24,no,,,,,,
0x0C113,paged,bank0,0xC113,ajmp,0xC022,no,0,24,no,,,,,,
0x0C11F,paged,bank0,0xC11F,ajmp,0xC022,no,0,24,no,,,,,,
0x0C169,paged,bank0,0xC169,ajmp,0xC0F0,no,0,24,no,,,,,,
0x0C18C,paged,bank0,0xC18C,ajmp,0xC022,no,0,24,no,,,,,,
0x0C1B9,paged,bank0,0xC1B9,ajmp,0xC022,no,0,24,no,,,,,,
0x0C1C6,paged,bank0,0xC1C6,ajmp,0xC022,no,0,24,no,,,,,,
0x0C1D3,paged,bank0,0xC1D3,ajmp,0xC022,no,0,24,no,,,,,,
0x0C1E2,paged,bank0,0xC1E2,ajmp,0xC022,no,0,24,no,,,,,,
0x0C1EF,paged,bank0,0xC1EF,ajmp,0xC022,no,0,24,no,,,,,,
0x0C1FC,paged,bank0,0xC1FC,ajmp,0xC022,no,0,24,no,,,,,,
0x0C213,paged,bank0,0xC213,ajmp,0xC07F,no,0,24,no,,,,,,
0x0C215,paged,bank0,0xC215,ajmp,0xC012,yes,1,23,no,,,,,,
0x0C223,paged,bank0,0xC223,ajmp,0xC090,no,0,24,no,,,,,,
0x0C22C,paged,bank0,0xC22C,ajmp,0xC022,no,0,24,no,,,,,,
0x0C259,paged,bank0,0xC259,ajmp,0xC022,no,0,24,no,,,,,,
0x0C276,paged,bank0,0xC276,ajmp,0xC022,no,0,24,no,,,,,,
0x0C280,paged,bank0,0xC280,ajmp,0xC022,no,0,24,no,,,,,,
0x0C2A0,paged,bank0,0xC2A0,ajmp,0xC022,no,0,24,no,,,,,,
0x0C2CA,paged,bank0,0xC2CA,ajmp,0xC022,no,0,24,no,,,,,,
0x0C304,paged,bank0,0xC304,ajmp,0xC0F0,no,0,24,no,,,,,,
0x0C327,paged,bank0,0xC327,ajmp,0xC022,no,0,24,no,,,,,,
0x0C344,paged,bank0,0xC344,ajmp,0xC022,no,0,24,no,,,,,,
0x0C351,paged,bank0,0xC351,ajmp,0xC022,no,0,24,no,,,,,,
0x0C35E,paged,bank0,0xC35E,ajmp,0xC022,no,0,24,no,,,,,,
0x0C365,paged,bank0,0xC365,ajmp,0xC274,yes,1,23,no,,,,,,
0x0C36C,paged,bank0,0xC36C,ajmp,0xC274,yes,1,23,no,,,,,,
0x0C399,paged,bank0,0xC399,ajmp,0xC022,no,0,24,no,,,,,,
0x0C41A,paged,bank0,0xC41A,ajmp,0xC022,no,0,24,no,,,,,,
0x0C444,paged,bank0,0xC444,ajmp,0xC0F0,no,0,24,no,,,,,,
0x0C463,paged,bank0,0xC463,ajmp,0xC022,no,0,24,no,,,,,,
0x0C48C,paged,bank0,0xC48C,ajmp,0xC0F0,no,0,24,no,,,,,,
0x0C4E1,paged,bank0,0xC4E1,ajmp,0xC022,no,0,24,no,,,,,,
0x0C4ED,paged,bank0,0xC4ED,ajmp,0xC0D3,yes,1,23,no,,,,,,
0x0C4F5,paged,bank0,0xC4F5,ajmp,0xC0E0,yes,1,23,no,,,,,,
0x0C527,paged,bank0,0xC527,ajmp,0xC019,no,0,24,no,,,,,,
0x0C56B,paged,bank0,0xC56B,ajmp,0xC705,no,0,24,no,,,,,,
0x0C574,paged,bank0,0xC574,ajmp,0xC2E0,yes,2,22,no,,,,,,
0x0C57A,paged,bank0,0xC57A,acall,0xC580,no,0,24,no,,,,,,
0x0C5C9,paged,bank0,0xC5C9,ajmp,0xC705,no,0,24,no,,,,,,
0x0C5D2,paged,bank0,0xC5D2,ajmp,0xC2E0,yes,2,22,no,,,,,,
0x0C63A,paged,bank0,0xC63A,ajmp,0xC112,no,0,24,no,,,,,,
0x0C640,paged,bank0,0xC640,acall,0xC3E0,yes,4,20,no,,,,,,
0x0C64F,paged,bank0,0xC64F,ajmp,0xC112,no,0,24,no,,,,,,
0x0C672,paged,bank0,0xC672,acall,0xC3E0,yes,3,21,no,,,,,,
0x0C70B,paged,bank0,0xC70B,acall,0xC2E0,yes,1,23,no,,,,,,
0x0C722,paged,bank0,0xC722,ajmp,0xC2E0,yes,2,22,no,,,,,,
0x0C743,paged,bank0,0xC743,acall,0xC230,yes,1,23,no,,,,,,
0x0C745,paged,bank0,0xC745,ajmp,0xC715,yes,2,22,no,,,,,,
0x0C75B,paged,bank0,0xC75B,acall,0xC2E0,yes,1,23,no,,,,,,
0x0C769,paged,bank0,0xC769,ajmp,0xC017,no,0,24,no,,,,,,
0x0C87A,paged,bank0,0xC87A,acall,0xCAEF,yes,1,23,no,,,,,,
0x0C8A9,paged,bank0,0xC8A9,acall,0xC812,no,0,24,no,,,,,,
0x0C8AC,paged,bank0,0xC8AC,acall,0xCAEF,no,0,24,no,,,,,,
0x0C8BA,paged,bank0,0xC8BA,ajmp,0xC822,no,0,24,no,,,,,,
0x0C92F,paged,bank0,0xC92F,ajmp,0xCAE0,yes,1,23,no,,,,,,
0x0C983,paged,bank0,0xC983,ajmp,0xC8EF,no,0,24,no,,,,,,
0x0C9B0,paged,bank0,0xC9B0,acall,0xCE22,yes,3,21,no,,,,,,
0x0C9EC,paged,bank0,0xC9EC,acall,0xC8E5,yes,1,23,no,,,,,,
0x0C9F4,paged,bank0,0xC9F4,acall,0xCA22,yes,1,23,no,,,,,,
0x0CA4E,paged,bank0,0xCA4E,acall,0xCAE0,yes,1,23,no,,,,,,
0x0CA61,paged,bank0,0xCA61,ajmp,0xC812,yes,1,23,no,,,,,,
0x0CA7F,paged,bank0,0xCA7F,ajmp,0xC822,no,0,24,no,,,,,,
0x0CA8B,paged,bank0,0xCA8B,acall,0xCD12,yes,4,20,no,,,,,,
0x0CACB,paged,bank0,0xCACB,acall,0xCD12,yes,1,23,no,,,,,,
0x0CAED,paged,bank0,0xCAED,ajmp,0xCAE0,yes,1,23,no,,,,,,
0x0CAFB,paged,bank0,0xCAFB,ajmp,0xCA22,no,0,24,no,,,,,,
0x0CB05,paged,bank0,0xCB05,acall,0xC9E0,yes,1,23,no,,,,,,
0x0CB1E,paged,bank0,0xCB1E,ajmp,0xC974,yes,1,23,no,,,,,,
0x0CB29,paged,bank0,0xCB29,ajmp,0xC974,yes,1,23,no,,,,,,
0x0CB40,paged,bank0,0xCB40,acall,0xC874,yes,1,23,no,,,,,,
0x0CBBC,paged,bank0,0xCBBC,ajmp,0xC822,no,0,24,no,,,,,,
0x0CBD6,paged,bank0,0xCBD6,ajmp,0xC822,no,0,24,no,,,,,,
0x0CBF6,paged,bank0,0xCBF6,ajmp,0xC822,no,0,24,no,,,,,,
0x0CC10,paged,bank0,0xCC10,ajmp,0xC822,no,0,24,no,,,,,,
0x0CC2A,paged,bank0,0xCC2A,ajmp,0xC822,no,0,24,no,,,,,,
0x0CC92,paged,bank0,0xCC92,ajmp,0xC8F0,no,0,24,no,,,,,,
0x0CC9A,paged,bank0,0xCC9A,acall,0xCA12,yes,1,23,no,,,,,,
0x0CCA3,paged,bank0,0xCCA3,ajmp,0xCBE4,no,0,24,no,,,,,,
0x0CCBB,paged,bank0,0xCCBB,ajmp,0xCF06,no,0,24,no,,,,,,
0x0CCD6,paged,bank0,0xCCD6,ajmp,0xC8F0,no,0,24,no,,,,,,
0x0CCDA,paged,bank0,0xCCDA,acall,0xCA12,yes,1,23,no,,,,,,
0x0CD0A,paged,bank0,0xCD0A,acall,0xCE12,yes,3,21,no,,,,,,
0x0CD27,paged,bank0,0xCD27,acall,0xC806,no,0,24,no,,,,,,
0x0CD3A,paged,bank0,0xCD3A,ajmp,0xC9E0,yes,1,23,no,,,,,,
0x0CD63,paged,bank0,0xCD63,ajmp,0xC9A3,no,0,24,no,,,,,,
0x0CDD9,paged,bank0,0xCDD9,acall,0xC8F0,yes,1,23,no,,,,,,
0x0CE12,paged,bank0,0xCE12,ajmp,0xCA70,no,0,24,no,,,,,,
0x0CE64,paged,bank0,0xCE64,ajmp,0xCBF5,no,0,24,no,,,,,,
0x0CE6F,paged,bank0,0xCE6F,ajmp,0xCA70,no,0,24,no,,,,,,
0x0CE75,paged,bank0,0xCE75,ajmp,0xCE22,no,0,24,no,,,,,,
0x0CE7B,paged,bank0,0xCE7B,ajmp,0xCBF5,no,0,24,no,,,,,,
0x0CEA6,paged,bank0,0xCEA6,ajmp,0xCAE0,no,0,24,no,,,,,,
0x0CEEF,paged,bank0,0xCEEF,acall,0xC850,no,0,24,no,,,,,,
0x0CF15,paged,bank0,0xCF15,ajmp,0xC9F5,no,0,24,no,,,,,,
0x0CF3C,paged,bank0,0xCF3C,ajmp,0xC9F5,no,0,24,no,,,,,,
0x0CF7A,paged,bank0,0xCF7A,ajmp,0xCAE0,yes,1,23,no,,,,,,
0x0CF9A,paged,bank0,0xCF9A,ajmp,0xC8F0,no,0,24,no,,,,,,
0x0CFAA,paged,bank0,0xCFAA,ajmp,0xCC12,no,0,24,no,,,,,,
0x0CFD3,paged,bank0,0xCFD3,ajmp,0xC8F0,no,0,24,no,,,,,,
0x0CFE6,paged,bank0,0xCFE6,ajmp,0xCF90,yes,1,23,no,,,,,,
0x0CFF0,paged,bank0,0xCFF0,ajmp,0xCAE0,yes,1,23,no,,,,,,
0x0D00B,paged,bank0,0xD00B,ajmp,0xD093,no,0,24,no,,,,,,
0x0D02F,paged,bank0,0xD02F,ajmp,0xD093,no,0,24,no,,,,,,
0x0D036,paged,bank0,0xD036,acall,0xD377,no,0,24,no,,,,,,
0x0D061,paged,bank0,0xD061,ajmp,0xD0F0,no,0,24,no,,,,,,
0x0D067,paged,bank0,0xD067,ajmp,0xD074,yes,1,23,no,,,,,,
0x0D06F,paged,bank0,0xD06F,ajmp,0xD0F0,no,0,24,no,,,,,,
0x0D088,paged,bank0,0xD088,ajmp,0xD0F0,yes,2,22,no,,,,,,
0x0D0AD,paged,bank0,0xD0AD,acall,0xD0E0,yes,2,22,no,,,,,,
0x0D149,paged,bank0,0xD149,acall,0xD351,no,0,24,no,,,,,,
0x0D14A,paged,bank0,0xD14A,acall,0xD2D1,no,0,24,no,,,,,,
0x0D14B,paged,bank0,0xD14B,acall,0xD673,yes,1,23,no,,,,,,
0x0D14E,paged,bank0,0xD14E,acall,0xD698,yes,5,19,no,,,,,,
0x0D151,paged,bank0,0xD151,acall,0xD673,yes,8,16,no,,,,,,
0x0D154,paged,bank0,0xD154,acall,0xD698,yes,11,13,no,,,,,,
0x0D157,paged,bank0,0xD157,acall,0xD6C0,yes,14,10,no,,,,,,
0x0D15A,paged,bank0,0xD15A,acall,0xD6EF,yes,17,7,no,,,,,,
0x0D15D,paged,bank0,0xD15D,acall,0xD6C0,yes,20,4,no,,,,,,
0x0D160,paged,bank0,0xD160,acall,0xD6EF,yes,23,1,no,,,,,,
0x0D164,paged,bank0,0xD164,ajmp,0xD136,no,0,24,no,,,,,,
0x0D16A,paged,bank0,0xD16A,ajmp,0xD138,no,0,24,no,,,,,,
0x0D1A1,paged,bank0,0xD1A1,ajmp,0xD012,no,0,24,no,,,,,,
0x0D1BF,paged,bank0,0xD1BF,ajmp,0xD490,no,0,24,no,,,,,,
0x0D1D2,paged,bank0,0xD1D2,acall,0xD012,yes,1,23,no,,,,,,
0x0D1DD,paged,bank0,0xD1DD,acall,0xD012,yes,1,23,no,,,,,,
0x0D1FA,paged,bank0,0xD1FA,acall,0xD012,yes,1,23,no,,,,,,
0x0D1FF,paged,bank0,0xD1FF,ajmp,0xD012,yes,1,23,no,,,,,,
0x0D205,paged,bank0,0xD205,acall,0xD012,yes,1,23,no,,,,,,
0x0D220,paged,bank0,0xD220,ajmp,0xD490,no,0,24,no,,,,,,
0x0D25E,paged,bank0,0xD25E,ajmp,0xD012,yes,1,23,no,,,,,,
0x0D2D7,paged,bank0,0xD2D7,ajmp,0xD3E0,yes,1,23,no,,,,,,
0x0D2EC,paged,bank0,0xD2EC,ajmp,0xD0F0,yes,1,23,no,,,,,,
0x0D402,paged,bank0,0xD402,acall,0xD090,yes,1,23,no,,,,,,
0x0D436,paged,bank0,0xD436,acall,0xD351,no,0,24,no,,,,,,
0x0D437,paged,bank0,0xD437,acall,0xD2D4,no,0,24,no,,,,,,
0x0D43D,paged,bank0,0xD43D,acall,0xD4D4,yes,5,19,no,,,,,,
0x0D45B,paged,bank0,0xD45B,ajmp,0xD5D4,yes,24,0,no,,,,,,
0x0D45D,paged,bank0,0xD45D,acall,0xD6A2,yes,24,0,no,,,,,,
0x0D493,paged,bank0,0xD493,ajmp,0xD0F0,no,0,24,no,,,,,,
0x0D49B,paged,bank0,0xD49B,ajmp,0xD070,no,0,24,no,,,,,,
0x0D4A0,paged,bank0,0xD4A0,ajmp,0xD0E0,yes,1,23,no,,,,,,
0x0D4AC,paged,bank0,0xD4AC,acall,0xD002,yes,4,20,no,,,,,,
0x0D4B2,paged,bank0,0xD4B2,acall,0xD006,yes,1,23,no,,,,,,
0x0D4FE,paged,bank0,0xD4FE,ajmp,0xD012,no,0,24,no,,,,,,
0x0D501,paged,bank0,0xD501,acall,0xD4C2,no,0,24,no,,,,,,
0x0D52F,paged,bank0,0xD52F,ajmp,0xD40A,no,0,24,no,,,,,,
0x0D578,paged,bank0,0xD578,ajmp,0xD0F0,no,0,24,no,,,,,,
0x0D5C3,paged,bank0,0xD5C3,ajmp,0xD012,no,0,24,no,,,,,,
0x0D5C6,paged,bank0,0xD5C6,acall,0xD4C2,no,0,24,no,,,,,,
0x0D5D6,paged,bank0,0xD5D6,ajmp,0xD074,no,0,24,no,,,,,,
0x0D5E0,paged,bank0,0xD5E0,ajmp,0xD708,no,0,24,no,,,,,,
0x0D5E9,paged,bank0,0xD5E9,acall,0xD790,no,0,24,no,,,,,,
0x0D5F1,paged,bank0,0xD5F1,ajmp,0xD7E8,no,0,24,no,,,,,,
0x0D64C,paged,bank0,0xD64C,ajmp,0xD080,yes,1,23,no,,,,,,
0x0D655,paged,bank0,0xD655,ajmp,0xD0F0,no,0,24,no,,,,,,
0x0D675,paged,bank0,0xD675,ajmp,0xD000,yes,1,23,no,,,,,,
0x0D679,paged,bank0,0xD679,ajmp,0xD000,yes,1,23,no,,,,,,
0x0D67D,paged,bank0,0xD67D,ajmp,0xD000,yes,1,23,no,,,,,,
0x0D681,paged,bank0,0xD681,ajmp,0xD000,yes,1,23,no,,,,,,
0x0D6B7,paged,bank0,0xD6B7,ajmp,0xD074,yes,1,23,no,,,,,,
0x0D6BF,paged,bank0,0xD6BF,ajmp,0xD0F0,no,0,24,no,,,,,,
0x0D70A,paged,bank0,0xD70A,ajmp,0xD07F,no,0,24,no,,,,,,
0x0D73B,paged,bank0,0xD73B,acall,0xD722,yes,1,23,no,,,,,,
0x0D74D,paged,bank0,0xD74D,acall,0xD722,yes,1,23,no,,,,,,
0x0D753,paged,bank0,0xD753,acall,0xD0F0,no,0,24,no,,,,,,
0x0D762,paged,bank0,0xD762,ajmp,0xD702,no,0,24,no,,,,,,
0x0D778,paged,bank0,0xD778,acall,0xD302,yes,1,23,no,,,,,,
0x0D78E,paged,bank0,0xD78E,ajmp,0xD0E4,yes,1,23,no,,,,,,
0x0D79C,paged,bank0,0xD79C,ajmp,0xD0F0,no,0,24,no,,,,,,
0x0D7DB,paged,bank0,0xD7DB,ajmp,0xD703,yes,1,23,no,,,,,,
0x0D7EF,paged,bank0,0xD7EF,ajmp,0xD009,no,0,24,no,,,,,,
0x0D7FB,paged,bank0,0xD7FB,ajmp,0xD01E,no,0,24,no,,,,,,
0x0D825,paged,bank0,0xD825,ajmp,0xD802,no,0,24,no,,,,,,
0x0D82D,paged,bank0,0xD82D,ajmp,0xD802,yes,2,22,no,,,,,,
0x0D83A,paged,bank0,0xD83A,acall,0xD8F0,no,0,24,no,,,,,,
0x0D882,paged,bank0,0xD882,ajmp,0xD893,no,0,24,no,,,,,,
0x0D892,paged,bank0,0xD892,ajmp,0xD822,no,0,24,no,,,,,,
0x0D8A9,paged,bank0,0xD8A9,ajmp,0xD812,no,0,24,no,,,,,,
0x0D8D1,paged,bank0,0xD8D1,ajmp,0xDF07,no,0,24,no,,,,,,
0x0D8D8,paged,bank0,0xD8D8,ajmp,0xD8F0,no,0,24,no,,,,,,
0x0D8E0,paged,bank0,0xD8E0,ajmp,0xDE74,yes,2,22,no,,,,,,
0x0D8FF,paged,bank0,0xD8FF,ajmp,0xDCE0,yes,2,22,no,,,,,,
0x0D913,paged,bank0,0xD913,ajmp,0xD8F0,yes,1,23,no,,,,,,
0x0D966,paged,bank0,0xD966,acall,0xDFE0,yes,1,23,no,,,,,,
0x0D96D,paged,bank0,0xD96D,ajmp,0xD800,no,0,24,no,,,,,,
0x0D9E8,paged,bank0,0xD9E8,ajmp,0xDEE7,no,0,24,no,,,,,,
0x0DA07,paged,bank0,0xDA07,ajmp,0xD8F0,no,0,24,no,,,,,,
0x0DA1B,paged,bank0,0xDA1B,ajmp,0xDE91,no,0,24,no,,,,,,
0x0DA1C,paged,bank0,0xDA1C,acall,0xDC7F,no,0,24,no,,,,,,
0x0DAA6,paged,bank0,0xDAA6,ajmp,0xDE99,yes,2,22,no,,,,,,
0x0DAE0,paged,bank0,0xDAE0,ajmp,0xD893,no,0,24,no,,,,,,
0x0DAE8,paged,bank0,0xDAE8,ajmp,0xD893,yes,1,23,no,,,,,,
0x0DB50,paged,bank0,0xDB50,ajmp,0xD893,no,0,24,no,,,,,,
0x0DB5D,paged,bank0,0xDB5D,ajmp,0xD893,no,0,24,no,,,,,,
0x0DB73,paged,bank0,0xDB73,ajmp,0xD893,no,0,24,no,,,,,,
0x0DBAB,paged,bank0,0xDBAB,ajmp,0xD8F0,no,0,24,no,,,,,,
0x0DBB7,paged,bank0,0xDBB7,ajmp,0xD80E,yes,1,23,no,,,,,,
0x0DBC4,paged,bank0,0xDBC4,ajmp,0xD8F0,no,0,24,no,,,,,,
0x0DBD0,paged,bank0,0xDBD0,ajmp,0xD80E,yes,1,23,no,,,,,,
0x0DC20,paged,bank0,0xDC20,ajmp,0xD874,no,0,24,no,,,,,,
0x0DC30,paged,bank0,0xDC30,ajmp,0xD874,no,0,24,no,,,,,,
0x0DC42,paged,bank0,0xDC42,ajmp,0xD874,no,0,24,no,,,,,,
0x0DC53,paged,bank0,0xDC53,ajmp,0xD8F0,no,0,24,no,,,,,,
0x0DC65,paged,bank0,0xDC65,ajmp,0xD8F0,yes,1,23,no,,,,,,
0x0DC6C,paged,bank0,0xDC6C,ajmp,0xD8F0,no,0,24,no,,,,,,
0x0DC73,paged,bank0,0xDC73,ajmp,0xD8F0,no,0,24,no,,,,,,
0x0DC91,paged,bank0,0xDC91,ajmp,0xD8F0,yes,1,23,no,,,,,,
0x0DC95,paged,bank0,0xDC95,ajmp,0xD802,no,0,24,no,,,,,,
0x0DCA6,paged,bank0,0xDCA6,ajmp,0xD812,no,0,24,no,,,,,,
0x0DCA9,paged,bank0,0xDCA9,acall,0xDCC2,no,0,24,no,,,,,,
0x0DCC2,paged,bank0,0xDCC2,ajmp,0xD812,no,0,24,no,,,,,,
0x0DCC5,paged,bank0,0xDCC5,acall,0xDCC2,no,0,24,no,,,,,,
0x0DCCC,paged,bank0,0xDCCC,ajmp,0xD802,no,0,24,no,,,,,,
0x0DCD1,paged,bank0,0xDCD1,ajmp,0xD802,no,0,24,no,,,,,,
0x0DCE2,paged,bank0,0xDCE2,ajmp,0xD8F0,no,0,24,no,,,,,,
0x0DCF6,paged,bank0,0xDCF6,ajmp,0xD802,no,0,24,no,,,,,,
0x0DD02,paged,bank0,0xDD02,ajmp,0xD812,no,0,24,no,,,,,,
0x0DD05,paged,bank0,0xDD05,acall,0xDCC2,no,0,24,no,,,,,,
0x0DD0C,paged,bank0,0xDD0C,ajmp,0xD802,no,0,24,no,,,,,,
0x0DD18,paged,bank0,0xDD18,ajmp,0xD812,no,0,24,no,,,,,,
0x0DD1B,paged,bank0,0xDD1B,acall,0xDCC2,no,0,24,no,,,,,,
0x0DD2D,paged,bank0,0xDD2D,acall,0xD9B4,no,0,24,no,,,,,,
0x0DD85,paged,bank0,0xDD85,ajmp,0xD812,yes,1,23,no,,,,,,
0x0DD9E,paged,bank0,0xDD9E,acall,0xD814,no,0,24,no,,,,,,
0x0DDA1,paged,bank0,0xDDA1,acall,0xD824,no,0,24,no,,,,,,
0x0DDBC,paged,bank0,0xDDBC,acall,0xDB51,no,0,24,no,,,,,,
0x0DDBD,paged,bank0,0xDDBD,acall,0xDADD,no,0,24,no,,,,,,
0x0DDC3,paged,bank0,0xDDC3,ajmp,0xDCDD,yes,1,23,no,,,,,,
0x0DDCE,paged,bank0,0xDDCE,ajmp,0xD8B4,yes,17,7,no,,,,,,
0x0DE21,paged,bank0,0xDE21,ajmp,0xD922,yes,1,23,no,,,,,,
0x0DE6C,paged,bank0,0xDE6C,acall,0xDFE0,yes,1,23,no,,,,,,
0x0DE80,paged,bank0,0xDE80,ajmp,0xD8F0,no,0,24,no,,,,,,
0x0DE8D,paged,bank0,0xDE8D,ajmp,0xD874,no,0,24,no,,,,,,
0x0DEA1,paged,bank0,0xDEA1,ajmp,0xD8F0,yes,2,22,no,,,,,,
0x0DECB,paged,bank0,0xDECB,ajmp,0xDEE0,yes,1,23,no,,,,,,
0x0DEE9,paged,bank0,0xDEE9,ajmp,0xD874,no,0,24,no,,,,,,
0x0DF01,paged,bank0,0xDF01,acall,0xDFEF,no,0,24,no,,,,,,
0x0DF11,paged,bank0,0xDF11,ajmp,0xD8F0,no,0,24,no,,,,,,
0x0DF1A,paged,bank0,0xDF1A,ajmp,0xD8F0,no,0,24,no,,,,,,
0x0DF31,paged,bank0,0xDF31,ajmp,0xD822,no,0,24,no,,,,,,
0x0DF48,paged,bank0,0xDF48,ajmp,0xD822,no,0,24,no,,,,,,
0x0DF60,paged,bank0,0xDF60,ajmp,0xDEF0,yes,2,22,no,,,,,,
0x0DF74,paged,bank0,0xDF74,ajmp,0xD822,no,0,24,no,,,,,,
0x0DF8C,paged,bank0,0xDF8C,ajmp,0xDEF0,yes,2,22,no,,,,,,
0x0DF9C,paged,bank0,0xDF9C,ajmp,0xD822,no,0,24,no,,,,,,
0x0DFE4,paged,bank0,0xDFE4,ajmp,0xD815,no,0,24,no,,,,,,
0x0E015,paged,bank0,0xE015,ajmp,0xE015,no,0,24,no,,,,,,
0x0E019,paged,bank0,0xE019,ajmp,0xE1E0,yes,2,22,no,,,,,,
0x0E044,paged,bank0,0xE044,ajmp,0xE6F0,yes,2,22,no,,,,,,
0x0E052,paged,bank0,0xE052,ajmp,0xE1EF,no,0,24,no,,,,,,
0x0E060,paged,bank0,0xE060,ajmp,0xE0E5,yes,1,23,no,,,,,,
0x0E06E,paged,bank0,0xE06E,ajmp,0xE505,no,0,24,no,,,,,,
0x0E07B,paged,bank0,0xE07B,ajmp,0xE749,no,0,24,no,,,,,,
0x0E082,paged,bank0,0xE082,acall,0xE0E5,no,0,24,no,,,,,,
0x0E09F,paged,bank0,0xE09F,acall,0xE0F0,no,0,24,no,,,,,,
0x0E0BD,paged,bank0,0xE0BD,acall,0xE090,yes,1,23,no,,,,,,
0x0E0D5,paged,bank0,0xE0D5,ajmp,0xE749,no,0,24,no,,,,,,
0x0E0E7,paged,bank0,0xE0E7,ajmp,0xE012,no,0,24,no,,,,,,
0x0E0EA,paged,bank0,0xE0EA,acall,0xE4C2,no,0,24,no,,,,,,
0x0E100,paged,bank0,0xE100,ajmp,0xE746,yes,1,23,no,,,,,,
0x0E123,paged,bank0,0xE123,ajmp,0xE761,no,0,24,no,,,,,,
0x0E124,paged,bank0,0xE124,ajmp,0xE302,no,0,24,no,,,,,,
0x0E126,paged,bank0,0xE126,acall,0xE377,yes,1,23,no,,,,,,
0x0E141,paged,bank0,0xE141,ajmp,0xE761,no,0,24,no,,,,,,
0x0E142,paged,bank0,0xE142,ajmp,0xE312,no,0,24,no,,,,,,
0x0E144,paged,bank0,0xE144,acall,0xE377,yes,1,23,no,,,,,,
0x0E167,paged,bank0,0xE167,ajmp,0xE093,no,0,24,no,,,,,,
0x0E193,paged,bank0,0xE193,acall,0xE0E0,no,0,24,no,,,,,,
0x0E196,paged,bank0,0xE196,ajmp,0xE0F0,no,0,24,no,,,,,,
0x0E1AF,paged,bank0,0xE1AF,acall,0xE021,no,0,24,no,,,,,,
0x0E1B0,paged,bank0,0xE1B0,ajmp,0xE1E0,no,0,24,no,,,,,,
0x0E1B6,paged,bank0,0xE1B6,acall,0xE020,no,0,24,no,,,,,,
0x0E1C7,paged,bank0,0xE1C7,acall,0xE0E0,no,0,24,no,,,,,,
0x0E1CA,paged,bank0,0xE1CA,ajmp,0xE0F0,no,0,24,no,,,,,,
0x0E1D6,paged,bank0,0xE1D6,acall,0xE020,no,0,24,no,,,,,,
0x0E1E3,paged,bank0,0xE1E3,ajmp,0xE0F2,no,0,24,no,,,,,,
0x0E1F2,paged,bank0,0xE1F2,ajmp,0xE0C2,no,0,24,no,,,,,,
0x0E1F8,paged,bank0,0xE1F8,acall,0xE020,yes,3,21,no,,,,,,
0x0E20C,paged,bank0,0xE20C,ajmp,0xE0C2,no,0,24,no,,,,,,
0x0E210,paged,bank0,0xE210,ajmp,0xE0F2,yes,2,22,no,,,,,,
0x0E219,paged,bank0,0xE219,ajmp,0xE0F2,yes,1,23,no,,,,,,
0x0E22D,paged,bank0,0xE22D,ajmp,0xE0C2,no,0,24,no,,,,,,
0x0E243,paged,bank0,0xE243,acall,0xE020,no,0,24,no,,,,,,
0x0E24F,paged,bank0,0xE24F,acall,0xE021,no,0,24,no,,,,,,
0x0E250,paged,bank0,0xE250,ajmp,0xE1E0,no,0,24,no,,,,,,
0x0E270,paged,bank0,0xE270,ajmp,0xE080,no,0,24,no,,,,,,
0x0E27C,paged,bank0,0xE27C,acall,0xE074,no,0,24,no,,,,,,
0x0E28D,paged,bank0,0xE28D,ajmp,0xE7F1,no,0,24,no,,,,,,
0x0E28E,paged,bank0,0xE28E,acall,0xE790,no,0,24,no,,,,,,
0x0E2AD,paged,bank0,0xE2AD,ajmp,0xE7D1,no,0,24,no,,,,,,
0x0E2AE,paged,bank0,0xE2AE,acall,0xE690,no,0,24,no,,,,,,
0x0E2CC,paged,bank0,0xE2CC,ajmp,0xE7B2,yes,3,21,no,,,,,,
0x0E2DE,paged,bank0,0xE2DE,ajmp,0xE590,no,0,24,no,,,,,,
0x0E303,paged,bank0,0xE303,acall,0xE021,no,0,24,no,,,,,,
0x0E304,paged,bank0,0xE304,ajmp,0xE1E0,no,0,24,no,,,,,,
0x0E30A,paged,bank0,0xE30A,acall,0xE020,no,0,24,no,,,,,,
0x0E311,paged,bank0,0xE311,acall,0xE0E0,no,0,24,no,,,,,,
0x0E314,paged,bank0,0xE314,ajmp,0xE0F0,no,0,24,no,,,,,,
0x0E326,paged,bank0,0xE326,acall,0xE1E0,no,0,24,no,,,,,,
0x0E34C,paged,bank0,0xE34C,acall,0xE1EE,no,0,24,no,,,,,,
0x0E3EB,paged,bank0,0xE3EB,ajmp,0xE070,no,0,24,no,,,,,,
0x0E406,paged,bank0,0xE406,acall,0xE741,no,0,24,no,,,,,,
0x0E407,paged,bank0,0xE407,ajmp,0xE290,no,0,24,no,,,,,,
0x0E413,paged,bank0,0xE413,acall,0xE741,no,0,24,no,,,,,,
0x0E414,paged,bank0,0xE414,ajmp,0xE290,yes,1,23,no,,,,,,
0x0E42E,paged,bank0,0xE42E,ajmp,0xE009,no,0,24,no,,,,,,
0x0E434,paged,bank0,0xE434,acall,0xE70F,no,0,24,no,,,,,,
0x0E4B4,paged,bank0,0xE4B4,acall,0xE70F,no,0,24,no,,,,,,
0x0E4D2,paged,bank0,0xE4D2,ajmp,0xE012,no,0,24,no,,,,,,
0x0E4E5,paged,bank0,0xE4E5,ajmp,0xE0F0,no,0,24,no,,,,,,
0x0E4FC,paged,bank0,0xE4FC,ajmp,0xE022,yes,2,22,no,,,,,,
0x0E4FF,paged,bank0,0xE4FF,acall,0xE751,no,0,24,no,,,,,,
0x0E500,paged,bank0,0xE500,acall,0xE214,no,0,24,no,,,,,,
0x0E507,paged,bank0,0xE507,ajmp,0xE012,no,0,24,no,,,,,,
0x0E509,paged,bank0,0xE509,acall,0xE707,yes,1,23,no,,,,,,
0x0E511,paged,bank0,0xE511,ajmp,0xE012,no,0,24,no,,,,,,
0x0E519,paged,bank0,0xE519,ajmp,0xE022,no,0,24,no,,,,,,
0x0E51F,paged,bank0,0xE51F,acall,0xE751,no,0,24,no,,,,,,
0x0E520,paged,bank0,0xE520,acall,0xE274,no,0,24,no,,,,,,
0x0E52A,paged,bank0,0xE52A,acall,0xE708,no,0,24,no,,,,,,
0x0E532,paged,bank0,0xE532,ajmp,0xE012,no,0,24,no,,,,,,
0x0E53A,paged,bank0,0xE53A,ajmp,0xE022,no,0,24,no,,,,,,
0x0E552,paged,bank0,0xE552,acall,0xE707,no,0,24,no,,,,,,
0x0E563,paged,bank0,0xE563,ajmp,0xE022,no,0,24,no,,,,,,
0x0E569,paged,bank0,0xE569,acall,0xE759,no,0,24,no,,,,,,
0x0E579,paged,bank0,0xE579,acall,0xE560,no,0,24,no,,,,,,
0x0E58B,paged,bank0,0xE58B,ajmp,0xE612,no,0,24,no,,,,,,
0x0E58E,paged,bank0,0xE58E,acall,0xE560,no,0,24,no,,,,,,
0x0E598,paged,bank0,0xE598,acall,0xE3F0,yes,1,23,no,,,,,,
0x0E59C,paged,bank0,0xE59C,acall,0xE260,no,0,24,no,,,,,,
0x0E5A4,paged,bank0,0xE5A4,ajmp,0xE022,yes,1,23,no,,,,,,
0x0E5AA,paged,bank0,0xE5AA,acall,0xE759,no,0,24,no,,,,,,
0x0E5B2,paged,bank0,0xE5B2,ajmp,0xE07A,no,0,24,no,,,,,,
0x0E5C4,paged,bank0,0xE5C4,acall,0xE751,no,0,24,no,,,,,,
0x0E5C5,paged,bank0,0xE5C5,acall,0xE274,no,0,24,no,,,,,,
0x0E5D1,paged,bank0,0xE5D1,acall,0xE708,no,0,24,no,,,,,,
0x0E5D9,paged,bank0,0xE5D9,ajmp,0xE012,no,0,24,no,,,,,,
0x0E5E1,paged,bank0,0xE5E1,ajmp,0xE022,no,0,24,no,,,,,,
0x0E5EC,paged,bank0,0xE5EC,acall,0xE759,no,0,24,no,,,,,,
0x0E5F9,paged,bank0,0xE5F9,acall,0xE751,no,0,24,no,,,,,,
0x0E5FA,paged,bank0,0xE5FA,acall,0xE274,no,0,24,no,,,,,,
0x0E602,paged,bank0,0xE602,acall,0xE707,no,0,24,no,,,,,,
0x0E60A,paged,bank0,0xE60A,ajmp,0xE012,no,0,24,no,,,,,,
0x0E612,paged,bank0,0xE612,ajmp,0xE022,no,0,24,no,,,,,,
0x0E61D,paged,bank0,0xE61D,acall,0xE759,no,0,24,no,,,,,,
0x0E642,paged,bank0,0xE642,ajmp,0xE703,no,0,24,no,,,,,,
0x0E645,paged,bank0,0xE645,ajmp,0xE022,no,0,24,no,,,,,,
0x0E668,paged,bank0,0xE668,ajmp,0xE703,no,0,24,no,,,,,,
0x0E66B,paged,bank0,0xE66B,ajmp,0xE022,no,0,24,no,,,,,,
0x0E69E,paged,bank0,0xE69E,ajmp,0xE0F0,no,0,24,no,,,,,,
0x0E6AC,paged,bank0,0xE6AC,ajmp,0xE022,yes,1,23,no,,,,,,
0x0E6C1,paged,bank0,0xE6C1,acall,0xE2F0,yes,1,23,no,,,,,,
0x0E6CF,paged,bank0,0xE6CF,acall,0xE274,yes,1,23,no,,,,,,
0x0E6D4,paged,bank0,0xE6D4,acall,0xE77E,no,0,24,no,,,,,,
0x0E6F1,paged,bank0,0xE6F1,acall,0xE789,no,0,24,no,,,,,,
0x0E6FA,paged,bank0,0xE6FA,acall,0xE2E0,yes,2,22,no,,,,,,
0x0E718,paged,bank0,0xE718,ajmp,0xE012,no,0,24,no,,,,,,
0x0E724,paged,bank0,0xE724,acall,0xE2E0,yes,3,21,no,,,,,,
0x0E73B,paged,bank0,0xE73B,acall,0xE2E0,yes,2,22,no,,,,,,
0x0E74E,paged,bank0,0xE74E,acall,0xE77E,no,0,24,no,,,,,,
0x0E762,paged,bank0,0xE762,acall,0xE789,no,0,24,no,,,,,,
0x0E76B,paged,bank0,0xE76B,acall,0xE2E0,yes,2,22,no,,,,,,
0x0E789,paged,bank0,0xE789,ajmp,0xE012,no,0,24,no,,,,,,
0x0E792,paged,bank0,0xE792,acall,0xE2E0,yes,1,23,no,,,,,,
0x0E7A9,paged,bank0,0xE7A9,acall,0xE2F0,yes,1,23,no,,,,,,
0x0E7AD,paged,bank0,0xE7AD,acall,0xE2E0,yes,1,23,no,,,,,,
0x0E7C5,paged,bank0,0xE7C5,ajmp,0xE022,no,0,24,no,,,,,,
0x0E7EC,paged,bank0,0xE7EC,acall,0xE274,yes,1,23,no,,,,,,
0x0E7F8,paged,bank0,0xE7F8,acall,0xE2E0,yes,1,23,no,,,,,,
0x0E815,paged,bank0,0xE815,acall,0xEF07,no,0,24,no,,,,,,
0x0E82E,paged,bank0,0xE82E,ajmp,0xE812,no,0,24,no,,,,,,
0x0E83A,paged,bank0,0xE83A,acall,0xE890,no,0,24,no,,,,,,
0x0E83D,paged,bank0,0xE83D,acall,0xEAE0,yes,2,22,no,,,,,,
0x0E84B,paged,bank0,0xE84B,acall,0xE9E4,no,0,24,no,,,,,,
0x0E852,paged,bank0,0xE852,acall,0xEAE0,yes,1,23,no,,,,,,
0x0E87C,paged,bank0,0xE87C,acall,0xEE90,no,0,24,no,,,,,,
0x0E87F,paged,bank0,0xE87F,acall,0xEAE0,yes,3,21,no,,,,,,
0x0E88E,paged,bank0,0xE88E,ajmp,0xE822,yes,1,23,no,,,,,,
0x0E89A,paged,bank0,0xE89A,acall,0xEB3C,yes,2,22,no,,,,,,
0x0E8B8,paged,bank0,0xE8B8,acall,0xEB1C,yes,2,22,no,,,,,,
0x0E8BF,paged,bank0,0xE8BF,ajmp,0xE822,no,0,24,no,,,,,,
0x0E8D2,paged,bank0,0xE8D2,acall,0xEF08,no,0,24,no,,,,,,
0x0E8DA,paged,bank0,0xE8DA,ajmp,0xE812,no,0,24,no,,,,,,
0x0E8E2,paged,bank0,0xE8E2,ajmp,0xE822,no,0,24,no,,,,,,
0x0E8E8,paged,bank0,0xE8E8,acall,0xEF16,no,0,24,no,,,,,,
0x0E91B,paged,bank0,0xE91B,ajmp,0xE8E5,no,0,24,no,,,,,,
0x0E91D,paged,bank0,0xE91D,ajmp,0xE8E5,yes,1,23,no,,,,,,
0x0E91F,paged,bank0,0xE91F,ajmp,0xE8EA,yes,2,22,no,,,,,,
0x0E92A,paged,bank0,0xE92A,ajmp,0xE8E5,no,0,24,no,,,,,,
0x0E92C,paged,bank0,0xE92C,ajmp,0xE8E5,yes,1,23,no,,,,,,
0x0E92E,paged,bank0,0xE92E,ajmp,0xE8EB,yes,2,22,no,,,,,,
0x0E939,paged,bank0,0xE939,ajmp,0xE8E5,no,0,24,no,,,,,,
0x0E93B,paged,bank0,0xE93B,ajmp,0xE8E5,yes,1,23,no,,,,,,
0x0E93D,paged,bank0,0xE93D,ajmp,0xE8E8,yes,2,22,no,,,,,,
0x0E947,paged,bank0,0xE947,ajmp,0xE8E5,no,0,24,no,,,,,,
0x0E949,paged,bank0,0xE949,ajmp,0xE8E5,yes,1,23,no,,,,,,
0x0E94B,paged,bank0,0xE94B,ajmp,0xE830,yes,2,22,no,,,,,,
0x0E95A,paged,bank0,0xE95A,acall,0xEF18,no,0,24,no,,,,,,
0x0E968,paged,bank0,0xE968,acall,0xEF16,yes,1,23,no,,,,,,
0x0E96C,paged,bank0,0xE96C,ajmp,0xEA74,yes,1,23,no,,,,,,
0x0E984,paged,bank0,0xE984,ajmp,0xE81C,no,0,24,no,,,,,,
0x0E98E,paged,bank0,0xE98E,acall,0xEF61,no,0,24,no,,,,,,
0x0E98F,paged,bank0,0xE98F,ajmp,0xEB12,no,0,24,no,,,,,,
0x0E991,paged,bank0,0xE991,acall,0xEF6D,yes,1,23,no,,,,,,
0x0E996,paged,bank0,0xE996,acall,0xEF0F,yes,1,23,no,,,,,,
0x0E9A2,paged,bank0,0xE9A2,acall,0xEF65,no,0,24,no,,,,,,
0x0E9A5,paged,bank0,0xE9A5,acall,0xEF6D,yes,1,23,no,,,,,,
0x0E9AA,paged,bank0,0xE9AA,acall,0xEF0F,yes,1,23,no,,,,,,
0x0E9B3,paged,bank0,0xE9B3,acall,0xEF61,no,0,24,no,,,,,,
0x0E9B4,paged,bank0,0xE9B4,ajmp,0xEB12,yes,2,22,no,,,,,,
0x0E9B6,paged,bank0,0xE9B6,acall,0xEF6D,yes,3,21,no,,,,,,
0x0E9BB,paged,bank0,0xE9BB,acall,0xEF0F,yes,1,23,no,,,,,,
0x0E9D2,paged,bank0,0xE9D2,acall,0xEF18,no,0,24,no,,,,,,
0x0E9ED,paged,bank0,0xE9ED,acall,0xEF16,no,0,24,no,,,,,,
0x0EA04,paged,bank0,0xEA04,ajmp,0xEFF0,yes,2,22,no,,,,,,
0x0EA3A,paged,bank0,0xEA3A,ajmp,0xE812,yes,1,23,no,,,,,,
0x0EA42,paged,bank0,0xEA42,ajmp,0xE822,no,0,24,no,,,,,,
0x0EA50,paged,bank0,0xEA50,acall,0xED12,yes,1,23,no,,,,,,
0x0EA58,paged,bank0,0xEA58,ajmp,0xE822,no,0,24,no,,,,,,
0x0EA5E,paged,bank0,0xEA5E,acall,0xEF21,no,0,24,no,,,,,,
0x0EA5F,paged,bank0,0xEA5F,ajmp,0xE974,no,0,24,no,,,,,,
0x0EA61,paged,bank0,0xEA61,ajmp,0xE812,yes,1,23,no,,,,,,
0x0EA63,paged,bank0,0xEA63,acall,0xEF77,yes,2,22,no,,,,,,
0x0EA68,paged,bank0,0xEA68,ajmp,0xEC12,yes,1,23,no,,,,,,
0x0EA6A,paged,bank0,0xEA6A,acall,0xEF28,yes,2,22,no,,,,,,
0x0EA73,paged,bank0,0xEA73,ajmp,0xE822,no,0,24,no,,,,,,
0x0EA87,paged,bank0,0xEA87,ajmp,0xE812,yes,2,22,no,,,,,,
0x0EA8F,paged,bank0,0xEA8F,ajmp,0xE822,no,0,24,no,,,,,,
0x0EA95,paged,bank0,0xEA95,acall,0xEF89,no,0,24,no,,,,,,
0x0EAA0,paged,bank0,0xEAA0,ajmp,0xE812,no,0,24,no,,,,,,
0x0EAA8,paged,bank0,0xEAA8,ajmp,0xE822,no,0,24,no,,,,,,
0x0EAB9,paged,bank0,0xEAB9,ajmp,0xE812,no,0,24,no,,,,,,
0x0EAC1,paged,bank0,0xEAC1,ajmp,0xE822,no,0,24,no,,,,,,
0x0EAC7,paged,bank0,0xEAC7,ajmp,0xE812,no,0,24,no,,,,,,
0x0EAEA,paged,bank0,0xEAEA,ajmp,0xE8F0,no,0,24,no,,,,,,
0x0EB46,paged,bank0,0xEB46,ajmp,0xE812,no,0,24,no,,,,,,
0x0EB64,paged,bank0,0xEB64,ajmp,0xEEE0,yes,1,23,no,,,,,,
0x0EB70,paged,bank0,0xEB70,ajmp,0xEEF0,yes,1,23,no,,,,,,
0x0EB74,paged,bank0,0xEB74,ajmp,0xEEE0,yes,1,23,no,,,,,,
0x0EB8D,paged,bank0,0xEB8D,ajmp,0xEEE0,yes,1,23,no,,,,,,
0x0EB94,paged,bank0,0xEB94,acall,0xEE7F,yes,1,23,no,,,,,,
0x0EBC7,paged,bank0,0xEBC7,ajmp,0xE8E0,yes,15,9,no,,,,,,
0x0EBDD,paged,bank0,0xEBDD,acall,0xEB51,no,0,24,no,,,,,,
0x0EBDE,paged,bank0,0xEBDE,acall,0xEAEB,no,0,24,no,,,,,,
0x0EBE4,paged,bank0,0xEBE4,ajmp,0xE8EC,yes,7,17,no,,,,,,
0x0EBFC,paged,bank0,0xEBFC,acall,0xEF2F,no,0,24,no,,,,,,
0x0EC11,paged,bank0,0xEC11,ajmp,0xE990,no,0,24,no,,,,,,
0x0EC16,paged,bank0,0xEC16,ajmp,0xE8F0,no,0,24,no,,,,,,
0x0EC25,paged,bank0,0xEC25,acall,0xEF2F,no,0,24,no,,,,,,
0x0EC43,paged,bank0,0xEC43,acall,0xEF2F,no,0,24,no,,,,,,
0x0EC46,paged,bank0,0xEC46,ajmp,0xE812,no,0,24,no,,,,,,
0x0EC49,paged,bank0,0xEC49,acall,0xEDEF,yes,2,22,no,,,,,,
0x0EC63,paged,bank0,0xEC63,acall,0xEF2F,no,0,24,no,,,,,,
0x0EC66,paged,bank0,0xEC66,ajmp,0xE812,no,0,24,no,,,,,,
0x0EC70,paged,bank0,0xEC70,ajmp,0xE821,no,0,24,no,,,,,,
0x0EC71,paged,bank0,0xEC71,ajmp,0xE990,no,0,24,no,,,,,,
0x0EC76,paged,bank0,0xEC76,acall,0xEF0F,no,0,24,no,,,,,,
0x0EC7D,paged,bank0,0xEC7D,ajmp,0xE80C,no,0,24,no,,,,,,
0x0ECC9,paged,bank0,0xECC9,acall,0xEDEF,yes,1,23,no,,,,,,
0x0ECE8,paged,bank0,0xECE8,ajmp,0xE808,no,0,24,no,,,,,,
0x0ED2F,paged,bank0,0xED2F,acall,0xEE7E,no,0,24,no,,,,,,
0x0ED54,paged,bank0,0xED54,ajmp,0xEA74,yes,3,21,no,,,,,,
0x0ED69,paged,bank0,0xED69,ajmp,0xE8E0,yes,1,23,no,,,,,,
0x0ED70,paged,bank0,0xED70,acall,0xEE7F,yes,1,23,no,,,,,,
0x0ED95,paged,bank0,0xED95,ajmp,0xE812,no,0,24,no,,,,,,
0x0EDB5,paged,bank0,0xEDB5,ajmp,0xEAEF,yes,1,23,no,,,,,,
0x0EDBD,paged,bank0,0xEDBD,acall,0xEF21,no,0,24,no,,,,,,
0x0EDBE,paged,bank0,0xEDBE,ajmp,0xE974,no,0,24,no,,,,,,
0x0EDC2,paged,bank0,0xEDC2,acall,0xEF77,no,0,24,no,,,,,,
0x0EDCA,paged,bank0,0xEDCA,acall,0xEF28,yes,2,22,no,,,,,,
0x0EDD3,paged,bank0,0xEDD3,ajmp,0xE822,no,0,24,no,,,,,,
0x0EDD9,paged,bank0,0xEDD9,acall,0xEF21,no,0,24,no,,,,,,
0x0EDDA,paged,bank0,0xEDDA,ajmp,0xE9A3,no,0,24,no,,,,,,
0x0EDED,paged,bank0,0xEDED,acall,0xEF28,no,0,24,no,,,,,,
0x0EE0A,paged,bank0,0xEE0A,ajmp,0xE822,no,0,24,no,,,,,,
0x0EE10,paged,bank0,0xEE10,acall,0xEF21,no,0,24,no,,,,,,
0x0EE11,paged,bank0,0xEE11,ajmp,0xE974,no,0,24,no,,,,,,
0x0EE18,paged,bank0,0xEE18,acall,0xEF28,yes,4,20,no,,,,,,
0x0EE30,paged,bank0,0xEE30,ajmp,0xECE0,yes,1,23,no,,,,,,
0x0EE38,paged,bank0,0xEE38,acall,0xEF38,no,0,24,no,,,,,,
0x0EE4A,paged,bank0,0xEE4A,ajmp,0xE822,no,0,24,no,,,,,,
0x0EE50,paged,bank0,0xEE50,acall,0xEF21,no,0,24,no,,,,,,
0x0EE51,paged,bank0,0xEE51,ajmp,0xE9A3,no,0,24,no,,,,,,
0x0EE5D,paged,bank0,0xEE5D,ajmp,0xEC12,yes,1,23,no,,,,,,
0x0EE5F,paged,bank0,0xEE5F,acall,0xEF28,yes,2,22,no,,,,,,
0x0EE77,paged,bank0,0xEE77,ajmp,0xECE0,yes,1,23,no,,,,,,
0x0EE7F,paged,bank0,0xEE7F,acall,0xEF38,no,0,24,no,,,,,,
0x0EE91,paged,bank0,0xEE91,ajmp,0xE822,no,0,24,no,,,,,,
0x0EE97,paged,bank0,0xEE97,acall,0xEF21,no,0,24,no,,,,,,
0x0EE98,paged,bank0,0xEE98,ajmp,0xE974,no,0,24,no,,,,,,
0x0EE9F,paged,bank0,0xEE9F,acall,0xEF28,yes,2,22,no,,,,,,
0x0EEB7,paged,bank0,0xEEB7,ajmp,0xECE0,yes,1,23,no,,,,,,
0x0EEBF,paged,bank0,0xEEBF,acall,0xEF38,no,0,24,no,,,,,,
0x0EED1,paged,bank0,0xEED1,ajmp,0xE822,no,0,24,no,,,,,,
0x0EED7,paged,bank0,0xEED7,acall,0xEF21,no,0,24,no,,,,,,
0x0EED8,paged,bank0,0xEED8,ajmp,0xE9A3,no,0,24,no,,,,,,
0x0EEE0,paged,bank0,0xEEE0,acall,0xEF28,yes,3,21,no,,,,,,
0x0EEF8,paged,bank0,0xEEF8,ajmp,0xECE0,yes,1,23,no,,,,,,
0x0EF00,paged,bank0,0xEF00,acall,0xEF38,no,0,24,no,,,,,,
0x0EF12,paged,bank0,0xEF12,ajmp,0xE822,no,0,24,no,,,,,,
0x0EF1B,paged,bank0,0xEF1B,ajmp,0xED12,yes,1,23,no,,,,,,
0x0EF23,paged,bank0,0xEF23,ajmp,0xE822,no,0,24,no,,,,,,
0x0EF2B,paged,bank0,0xEF2B,ajmp,0xE87E,no,0,24,no,,,,,,
0x0EF4E,paged,bank0,0xEF4E,ajmp,0xE914,no,0,24,no,,,,,,
0x0EFEB,paged,bank0,0xEFEB,acall,0xEDF0,yes,1,23,no,,,,,,
0x0EFEF,paged,bank0,0xEFEF,ajmp,0xECE0,yes,1,23,no,,,,,,
0x0F051,paged,bank0,0xF051,ajmp,0xF040,no,0,24,no,,,,,,
0x0F05F,paged,bank0,0xF05F,ajmp,0xF040,yes,3,21,no,,,,,,
0x0F067,paged,bank0,0xF067,ajmp,0xF0F0,no,0,24,no,,,,,,
0x0F0BE,paged,bank0,0xF0BE,ajmp,0xF07D,no,0,24,no,,,,,,
0x0F0C2,paged,bank0,0xF0C2,ajmp,0xF022,yes,2,22,no,,,,,,
0x0F0DB,paged,bank0,0xF0DB,ajmp,0xF0A3,no,0,24,no,,,,,,
0x0F0EB,paged,bank0,0xF0EB,ajmp,0xF022,no,0,24,no,,,,,,
0x0F112,paged,bank0,0xF112,ajmp,0xF002,yes,1,23,no,,,,,,
0x0F11A,paged,bank0,0xF11A,ajmp,0xF1F0,yes,2,22,no,,,,,,
0x0F12D,paged,bank0,0xF12D,ajmp,0xF022,yes,1,23,no,,,,,,
0x0F13A,paged,bank0,0xF13A,ajmp,0xF4E0,yes,1,23,no,,,,,,
0x0F186,paged,bank0,0xF186,acall,0xF2E0,yes,1,23,no,,,,,,
0x0F202,paged,bank0,0xF202,ajmp,0xF07D,no,0,24,no,,,,,,
0x0F206,paged,bank0,0xF206,ajmp,0xF012,yes,2,22,no,,,,,,
0x0F231,paged,bank0,0xF231,ajmp,0xF0F0,no,0,24,no,,,,,,
0x0F23E,paged,bank0,0xF23E,ajmp,0xF060,no,0,24,no,,,,,,
0x0F24E,paged,bank0,0xF24E,acall,0xF7E9,no,0,24,no,,,,,,
0x0F252,paged,bank0,0xF252,ajmp,0xF0E0,yes,1,23,no,,,,,,
0x0F255,paged,bank0,0xF255,acall,0xF351,no,0,24,no,,,,,,
0x0F256,paged,bank0,0xF256,acall,0xF2F2,no,0,24,no,,,,,,
0x0F25C,paged,bank0,0xF25C,ajmp,0xF0F3,yes,7,17,no,,,,,,
0x0F264,paged,bank0,0xF264,ajmp,0xF706,yes,15,9,no,,,,,,
0x0F27B,paged,bank0,0xF27B,ajmp,0xF074,yes,1,23,no,,,,,,
0x0F27D,paged,bank0,0xF27D,ajmp,0xF0F0,yes,2,22,no,,,,,,
0x0F2A6,paged,bank0,0xF2A6,ajmp,0xF725,no,0,24,no,,,,,,
0x0F2AF,paged,bank0,0xF2AF,ajmp,0xF074,yes,1,23,no,,,,,,
0x0F2BD,paged,bank0,0xF2BD,ajmp,0xF612,yes,1,23,no,,,,,,
0x0F2C9,paged,bank0,0xF2C9,ajmp,0xF002,yes,1,23,no,,,,,,
0x0F2D2,paged,bank0,0xF2D2,ajmp,0xF703,no,0,24,no,,,,,,
0x0F2EA,paged,bank0,0xF2EA,ajmp,0xF703,no,0,24,no,,,,,,
0x0F30D,paged,bank0,0xF30D,ajmp,0xF32F,no,0,24,no,,,,,,
0x0F326,paged,bank0,0xF326,acall,0xF012,yes,2,22,no,,,,,,
0x0F33B,paged,bank0,0xF33B,ajmp,0xF3F0,yes,1,23,no,,,,,,
0x0F389,paged,bank0,0xF389,ajmp,0xF074,yes,1,23,no,,,,,,
0x0F399,paged,bank0,0xF399,ajmp,0xF707,no,0,24,no,,,,,,
0x0F39D,paged,bank0,0xF39D,ajmp,0xF074,yes,1,23,no,,,,,,
0x0F3A8,paged,bank0,0xF3A8,ajmp,0xF012,yes,1,23,no,,,,,,
0x0F3C8,paged,bank0,0xF3C8,acall,0xF170,yes,1,23,no,,,,,,
0x0F3E3,paged,bank0,0xF3E3,ajmp,0xF17F,yes,3,21,no,,,,,,
0x0F3E8,paged,bank0,0xF3E8,ajmp,0xF212,no,0,24,no,,,,,,
0x0F3EB,paged,bank0,0xF3EB,ajmp,0xF612,yes,8,16,no,,,,,,
0x0F3F7,paged,bank0,0xF3F7,ajmp,0xF012,yes,1,23,no,,,,,,
0x0F407,paged,bank0,0xF407,acall,0xF170,yes,1,23,no,,,,,,
0x0F40F,paged,bank0,0xF40F,ajmp,0xF074,yes,1,23,no,,,,,,
0x0F426,paged,bank0,0xF426,ajmp,0xF074,yes,1,23,no,,,,,,
0x0F42E,paged,bank0,0xF42E,ajmp,0xF0F0,yes,1,23,no,,,,,,
0x0F440,paged,bank0,0xF440,ajmp,0xF07D,no,0,24,no,,,,,,
0x0F444,paged,bank0,0xF444,ajmp,0xF012,yes,2,22,no,,,,,,
0x0F451,paged,bank0,0xF451,ajmp,0xF0F0,no,0,24,no,,,,,,
0x0F45E,paged,bank0,0xF45E,ajmp,0xF07D,no,0,24,no,,,,,,
0x0F462,paged,bank0,0xF462,ajmp,0xF012,yes,2,22,no,,,,,,
0x0F476,paged,bank0,0xF476,ajmp,0xF07D,no,0,24,no,,,,,,
0x0F47A,paged,bank0,0xF47A,ajmp,0xF012,yes,2,22,no,,,,,,
0x0F488,paged,bank0,0xF488,ajmp,0xF012,yes,1,23,no,,,,,,
0x0FE0B,paged,bank0,0xFE0B,ajmp,0xF874,no,0,24,no,,,,,,
0x0FE14,paged,bank0,0xFE14,ajmp,0xFF0A,no,0,24,no,,,,,,
0x0FE25,paged,bank0,0xFE25,ajmp,0xFFE8,no,0,24,no,,,,,,
0x0FE2D,paged,bank0,0xFE2D,ajmp,0xFF90,yes,1,23,no,,,,,,
0x0FE3B,paged,bank0,0xFE3B,ajmp,0xF80F,no,0,24,no,,,,,,
0x0FE51,paged,bank0,0xFE51,ajmp,0xF81E,no,0,24,no,,,,,,
0x0FE8B,paged,bank0,0xFE8B,ajmp,0xF8F0,no,0,24,no,,,,,,
0x0FE9C,paged,bank0,0xFE9C,ajmp,0xF8F0,no,0,24,no,,,,,,
0x0FED6,paged,bank0,0xFED6,ajmp,0xF874,yes,1,23,no,,,,,,
0x0FEDE,paged,bank0,0xFEDE,ajmp,0xF8F0,no,0,24,no,,,,,,
0x10013,paged,bank1,0x8013,acall,0x86E0,yes,1,23,no,,,,,,
0x10114,paged,bank1,0x8114,ajmp,0x84E0,yes,1,23,no,,,,,,
0x10124,paged,bank1,0x8124,acall,0x80E0,yes,1,23,no,,,,,,
0x10142,paged,bank1,0x8142,ajmp,0x80F0,no,0,24,no,,,,,,
0x10151,paged,bank1,0x8151,ajmp,0x81F0,yes,1,23,no,,,,,,
0x1019E,paged,bank1,0x819E,ajmp,0x8070,no,0,24,no,,,,,,
0x101A6,paged,bank1,0x81A6,ajmp,0x8070,no,0,24,no,,,,,,
0x101CF,paged,bank1,0x81CF,ajmp,0x80F0,no,0,24,no,,,,,,
0x10204,paged,bank1,0x8204,ajmp,0x80E0,yes,1,23,no,,,,,,
0x10232,paged,bank1,0x8232,ajmp,0x80E0,yes,1,23,no,,,,,,
0x10282,paged,bank1,0x8282,ajmp,0x8070,no,0,24,no,,,,,,
0x1028A,paged,bank1,0x828A,ajmp,0x8070,no,0,24,no,,,,,,
0x1029D,paged,bank1,0x829D,ajmp,0x80E0,yes,1,23,no,,,,,,
0x102C8,paged,bank1,0x82C8,ajmp,0x8012,yes,2,22,no,,,,,,
0x102D4,paged,bank1,0x82D4,ajmp,0x80E0,yes,1,23,no,,,,,,
0x102DB,paged,bank1,0x82DB,ajmp,0x82E0,yes,2,22,no,,,,,,
0x102DE,paged,bank1,0x82DE,ajmp,0x8070,no,0,24,no,,,,,,
0x102EB,paged,bank1,0x82EB,ajmp,0x80E0,yes,1,23,no,,,,,,
0x102FA,paged,bank1,0x82FA,ajmp,0x837A,no,0,24,no,,,,,,
0x102FC,paged,bank1,0x82FC,acall,0x8012,yes,2,22,no,,,,,,
0x10308,paged,bank1,0x8308,ajmp,0x80E0,yes,2,22,no,,,,,,
0x10311,paged,bank1,0x8311,ajmp,0x80F0,no,0,24,no,,,,,,
0x1034C,paged,bank1,0x834C,ajmp,0x8612,no,0,24,no,,,,,,
0x10363,paged,bank1,0x8363,ajmp,0x80E0,yes,2,22,no,,,,,,
0x1036A,paged,bank1,0x836A,ajmp,0x80E0,yes,1,23,no,,,,,,
0x1037A,paged,bank1,0x837A,ajmp,0x8090,no,0,24,no,,,,,,
0x10387,paged,bank1,0x8387,ajmp,0x80F0,no,0,24,no,,,,,,
0x10392,paged,bank1,0x8392,ajmp,0x87E0,yes,1,23,no,,,,,,
0x103A8,paged,bank1,0x83A8,ajmp,0x82F0,yes,2,22,no,,,,,,
0x103BC,paged,bank1,0x83BC,ajmp,0x8074,yes,4,20,no,,,,,,
0x103CB,paged,bank1,0x83CB,ajmp,0x80F0,no,0,24,no,,,,,,
0x103D6,paged,bank1,0x83D6,acall,0x83E0,yes,1,23,no,,,,,,
0x103FA,paged,bank1,0x83FA,ajmp,0x80E0,yes,1,23,no,,,,,,
0x10431,paged,bank1,0x8431,ajmp,0x80E0,yes,1,23,no,,,,,,
0x10438,paged,bank1,0x8438,ajmp,0x80E0,yes,2,22,no,,,,,,
0x1043F,paged,bank1,0x843F,ajmp,0x87E0,yes,1,23,no,,,,,,
0x10460,paged,bank1,0x8460,ajmp,0x8000,yes,24,0,no,,,,,,
0x1046F,paged,bank1,0x846F,ajmp,0x86FA,yes,24,0,no,,,,,,
0x104A2,paged,bank1,0x84A2,acall,0x86FF,yes,24,0,no,,,,,,
0x104B1,paged,bank1,0x84B1,ajmp,0x8100,yes,24,0,no,,,,,,
0x104EA,paged,bank1,0x84EA,ajmp,0x8300,yes,24,0,no,,,,,,
0x10565,paged,bank1,0x8565,ajmp,0x8000,yes,24,0,no,,,,,,
0x105BE,paged,bank1,0x85BE,acall,0x80F0,yes,1,23,no,,,,,,
0x105FA,paged,bank1,0x85FA,acall,0x873F,no,0,24,no,,,,,,
0x105FF,paged,bank1,0x85FF,ajmp,0x80F0,no,0,24,no,,,,,,
0x10606,paged,bank1,0x8606,ajmp,0x80F0,no,0,24,no,,,,,,
0x1063D,paged,bank1,0x863D,ajmp,0x80F0,no,0,24,no,,,,,,
0x10646,paged,bank1,0x8646,ajmp,0x80F0,no,0,24,no,,,,,,
0x10676,paged,bank1,0x8676,ajmp,0x80F0,no,0,24,no,,,,,,
0x1067E,paged,bank1,0x867E,ajmp,0x80F0,no,0,24,no,,,,,,
0x106A9,paged,bank1,0x86A9,ajmp,0x80F0,no,0,24,no,,,,,,
0x106B2,paged,bank1,0x86B2,ajmp,0x80F0,no,0,24,no,,,,,,
0x106C1,paged,bank1,0x86C1,ajmp,0x80F0,no,0,24,no,,,,,,
0x106CE,paged,bank1,0x86CE,ajmp,0x8707,no,0,24,no,,,,,,
0x106D3,paged,bank1,0x86D3,ajmp,0x8022,no,0,24,no,,,,,,
0x106D6,paged,bank1,0x86D6,acall,0x8790,no,0,24,no,,,,,,
0x1072C,paged,bank1,0x872C,ajmp,0x80F0,no,0,24,no,,,,,,
0x10792,paged,bank1,0x8792,ajmp,0x87EC,yes,2,22,no,,,,,,
0x10799,paged,bank1,0x8799,acall,0x8640,no,0,24,no,,,,,,
0x1079E,paged,bank1,0x879E,ajmp,0x8412,no,0,24,no,,,,,,
0x107AA,paged,bank1,0x87AA,ajmp,0x8070,no,0,24,no,,,,,,
0x107B4,paged,bank1,0x87B4,ajmp,0x87E0,yes,1,23,no,,,,,,
0x107C5,paged,bank1,0x87C5,ajmp,0x8022,yes,1,23,no,,,,,,
0x107E0,paged,bank1,0x87E0,acall,0x8493,no,0,24,no,,,,,,
0x10802,paged,bank1,0x8802,ajmp,0x8822,yes,1,23,no,,,,,,
0x1080B,paged,bank1,0x880B,ajmp,0x88F0,no,0,24,no,,,,,,
0x10821,paged,bank1,0x8821,acall,0x8AF0,yes,1,23,no,,,,,,
0x10825,paged,bank1,0x8825,ajmp,0x88E0,no,0,24,no,,,,,,
0x1083B,paged,bank1,0x883B,ajmp,0x88F0,yes,1,23,no,,,,,,
0x10846,paged,bank1,0x8846,ajmp,0x8822,yes,1,23,no,,,,,,
0x10850,paged,bank1,0x8850,ajmp,0x8822,no,0,24,no,,,,,,
0x10870,paged,bank1,0x8870,ajmp,0x8804,no,0,24,no,,,,,,
0x10878,paged,bank1,0x8878,ajmp,0x8822,no,0,24,no,,,,,,
0x1087C,paged,bank1,0x887C,ajmp,0x8806,no,0,24,no,,,,,,
0x108AA,paged,bank1,0x88AA,ajmp,0x8822,no,0,24,no,,,,,,
0x108B2,paged,bank1,0x88B2,ajmp,0x88E9,no,0,24,no,,,,,,
0x108FB,paged,bank1,0x88FB,ajmp,0x8817,no,0,24,no,,,,,,
0x1091A,paged,bank1,0x891A,ajmp,0x8838,no,0,24,no,,,,,,
0x10942,paged,bank1,0x8942,acall,0x8FE0,yes,1,23,no,,,,,,
0x10959,paged,bank1,0x8959,acall,0x8FF0,yes,2,22,no,,,,,,
0x1096F,paged,bank1,0x896F,ajmp,0x8809,no,0,24,no,,,,,,
0x1097D,paged,bank1,0x897D,acall,0x8FE0,yes,2,22,no,,,,,,
0x1098B,paged,bank1,0x898B,acall,0x8FE0,yes,1,23,no,,,,,,
0x1099F,paged,bank1,0x899F,ajmp,0x8822,no,0,24,no,,,,,,
0x109A3,paged,bank1,0x89A3,acall,0x8FE0,yes,1,23,no,,,,,,
0x109B7,paged,bank1,0x89B7,acall,0x8FE0,yes,1,23,no,,,,,,
0x109BE,paged,bank1,0x89BE,acall,0x8FE0,yes,1,23,no,,,,,,
0x109CA,paged,bank1,0x89CA,acall,0x8FE0,yes,1,23,no,,,,,,
0x109DD,paged,bank1,0x89DD,ajmp,0x8822,no,0,24,no,,,,,,
0x109E1,paged,bank1,0x89E1,acall,0x8FE0,yes,1,23,no,,,,,,
0x10A13,paged,bank1,0x8A13,acall,0x8B90,no,0,24,no,,,,,,
0x10AD3,paged,bank1,0x8AD3,ajmp,0x88F0,no,0,24,no,,,,,,
0x10AF5,paged,bank1,0x8AF5,ajmp,0x8860,no,0,24,no,,,,,,
0x10B06,paged,bank1,0x8B06,ajmp,0x8860,no,0,24,no,,,,,,
0x10B1D,paged,bank1,0x8B1D,ajmp,0x8FE0,yes,1,23,no,,,,,,
0x10B4B,paged,bank1,0x8B4B,ajmp,0x8FE0,yes,1,23,no,,,,,,
0x10B56,paged,bank1,0x8B56,ajmp,0x8870,no,0,24,no,,,,,,
0x10B69,paged,bank1,0x8B69,acall,0x8E40,no,0,24,no,,,,,,
0x10B71,paged,bank1,0x8B71,ajmp,0x88F0,no,0,24,no,,,,,,
0x10B9A,paged,bank1,0x8B9A,ajmp,0x88F0,no,0,24,no,,,,,,
0x10BA5,paged,bank1,0x8BA5,ajmp,0x8FE0,yes,1,23,no,,,,,,
0x10BC7,paged,bank1,0x8BC7,ajmp,0x8FE0,yes,2,22,no,,,,,,
0x10C40,paged,bank1,0x8C40,acall,0x8802,no,0,24,no,,,,,,
0x10C93,paged,bank1,0x8C93,acall,0x8802,no,0,24,no,,,,,,
0x10CAC,paged,bank1,0x8CAC,acall,0x8CE0,yes,2,22,no,,,,,,
0x10CF4,paged,bank1,0x8CF4,ajmp,0x8FE0,yes,1,23,no,,,,,,
0x10D4C,paged,bank1,0x8D4C,acall,0x8890,yes,2,22,no,,,,,,
0x10D6F,paged,bank1,0x8D6F,ajmp,0x8FE0,yes,1,23,no,,,,,,
0x10D82,paged,bank1,0x8D82,acall,0x8990,no,0,24,no,,,,,,
0x10D8B,paged,bank1,0x8D8B,ajmp,0x8FE0,yes,2,22,no,,,,,,
0x10DB1,paged,bank1,0x8DB1,ajmp,0x8FE0,yes,2,22,no,,,,,,
0x10DBB,paged,bank1,0x8DBB,acall,0x8990,no,0,24,no,,,,,,
0x10DC6,paged,bank1,0x8DC6,ajmp,0x88E0,yes,1,23,no,,,,,,
0x10DE3,paged,bank1,0x8DE3,acall,0x8990,no,0,24,no,,,,,,
0x10DEE,paged,bank1,0x8DEE,ajmp,0x88E0,yes,1,23,no,,,,,,
0x10DF9,paged,bank1,0x8DF9,acall,0x8A90,no,0,24,no,,,,,,
0x10E2E,paged,bank1,0x8E2E,ajmp,0x8F0B,no,0,24,no,,,,,,
0x10E57,paged,bank1,0x8E57,ajmp,0x887C,yes,2,22,no,,,,,,
0x10E59,paged,bank1,0x8E59,acall,0x8D90,yes,3,21,no,,,,,,
0x10E6C,paged,bank1,0x8E6C,acall,0x8F80,no,0,24,no,,,,,,
0x10EA9,paged,bank1,0x8EA9,acall,0x8C7C,no,0,24,no,,,,,,
0x10F0D,paged,bank1,0x8F0D,acall,0x8EE0,yes,1,23,no,,,,,,
0x10F16,paged,bank1,0x8F16,ajmp,0x8E06,yes,2,22,no,,,,,,
0x10F19,paged,bank1,0x8F19,ajmp,0x8E12,no,0,24,no,,,,,,
0x10F2F,paged,bank1,0x8F2F,ajmp,0x8E05,no,0,24,no,,,,,,
0x10F41,paged,bank1,0x8F41,acall,0x8890,no,0,24,no,,,,,,
0x10F44,paged,bank1,0x8F44,acall,0x8EE0,yes,2,22,no,,,,,,
0x10F51,paged,bank1,0x8F51,acall,0x8EF0,yes,1,23,no,,,,,,
0x10F73,paged,bank1,0x8F73,ajmp,0x88E0,yes,1,23,no,,,,,,
0x10FAD,paged,bank1,0x8FAD,ajmp,0x8FE0,yes,1,23,no,,,,,,
0x10FC0,paged,bank1,0x8FC0,ajmp,0x8FE0,yes,1,23,no,,,,,,
0x10FD2,paged,bank1,0x8FD2,ajmp,0x8FE0,yes,1,23,no,,,,,,
0x10FD7,paged,bank1,0x8FD7,ajmp,0x8990,no,0,24,no,,,,,,
0x10FE0,paged,bank1,0x8FE0,ajmp,0x8FE0,yes,1,23,no,,,,,,
0x10FEA,paged,bank1,0x8FEA,ajmp,0x8870,no,0,24,no,,,,,,
0x10FF4,paged,bank1,0x8FF4,ajmp,0x8FE0,yes,1,23,no,,,,,,
0x10FFC,paged,bank1,0x8FFC,ajmp,0x8FE0,yes,1,23,no,,,,,,
0x1100A,paged,bank1,0x900A,ajmp,0x97E0,yes,1,23,no,,,,,,
0x11040,paged,bank1,0x9040,ajmp,0x97E0,yes,1,23,no,,,,,,
0x1104E,paged,bank1,0x904E,ajmp,0x97E0,yes,2,22,no,,,,,,
0x1105A,paged,bank1,0x905A,ajmp,0x97E0,yes,1,23,no,,,,,,
0x11068,paged,bank1,0x9068,ajmp,0x97E0,yes,1,23,no,,,,,,
0x1107B,paged,bank1,0x907B,ajmp,0x97E0,yes,5,19,no,,,,,,
0x11090,paged,bank1,0x9090,acall,0x9478,no,0,24,no,,,,,,
0x110A2,paged,bank1,0x90A2,ajmp,0x9090,no,0,24,no,,,,,,
0x110BD,paged,bank1,0x90BD,ajmp,0x9070,yes,2,22,no,,,,,,
0x110CD,paged,bank1,0x90CD,ajmp,0x9030,no,0,24,no,,,,,,
0x110D9,paged,bank1,0x90D9,ajmp,0x9002,no,0,24,no,,,,,,
0x110E8,paged,bank1,0x90E8,acall,0x9112,no,0,24,no,,,,,,
0x11114,paged,bank1,0x9114,ajmp,0x9002,no,0,24,no,,,,,,
0x11148,paged,bank1,0x9148,acall,0x9090,no,0,24,no,,,,,,
0x11166,paged,bank1,0x9166,ajmp,0x9002,no,0,24,no,,,,,,
0x111A7,paged,bank1,0x91A7,ajmp,0x90E0,yes,1,23,no,,,,,,
0x111AF,paged,bank1,0x91AF,acall,0x93E0,yes,1,23,no,,,,,,
0x111BA,paged,bank1,0x91BA,acall,0x9014,no,0,24,no,,,,,,
0x111D1,paged,bank1,0x91D1,acall,0x94FA,yes,2,22,no,,,,,,
0x111E0,paged,bank1,0x91E0,acall,0x94FA,no,0,24,no,,,,,,
0x111E3,paged,bank1,0x91E3,acall,0x94FA,no,0,24,no,,,,,,
0x111E6,paged,bank1,0x91E6,acall,0x94FA,no,0,24,no,,,,,,
0x111F4,paged,bank1,0x91F4,acall,0x94D0,no,0,24,no,,,,,,
0x11207,paged,bank1,0x9207,ajmp,0x9002,no,0,24,no,,,,,,
0x1120A,paged,bank1,0x920A,ajmp,0x9322,no,0,24,no,,,,,,
0x1120C,paged,bank1,0x920C,ajmp,0x9362,yes,24,0,no,,,,,,
0x1122E,paged,bank1,0x922E,ajmp,0x96CC,yes,24,0,no,,,,,,
0x1123C,paged,bank1,0x923C,ajmp,0x9362,yes,24,0,no,,,,,,
0x1125E,paged,bank1,0x925E,ajmp,0x96CC,yes,24,0,no,,,,,,
0x11295,paged,bank1,0x9295,ajmp,0x900F,no,0,24,no,,,,,,
0x112CD,paged,bank1,0x92CD,ajmp,0x90F0,no,0,24,no,,,,,,
0x11318,paged,bank1,0x9318,acall,0x9080,no,0,24,no,,,,,,
0x11320,paged,bank1,0x9320,ajmp,0x9002,no,0,24,no,,,,,,
0x11325,paged,bank1,0x9325,acall,0x9090,no,0,24,no,,,,,,
0x11380,paged,bank1,0x9380,ajmp,0x9003,no,0,24,no,,,,,,
0x11387,paged,bank1,0x9387,ajmp,0x9363,yes,24,0,no,,,,,,
0x113A8,paged,bank1,0x93A8,ajmp,0x96CC,yes,24,0,no,,,,,,
0x113B7,paged,bank1,0x93B7,ajmp,0x9363,yes,24,0,no,,,,,,
0x113D8,paged,bank1,0x93D8,ajmp,0x96CC,no,0,24,no,,,,,,
0x113E7,paged,bank1,0x93E7,ajmp,0x9363,yes,24,0,no,,,,,,
0x11408,paged,bank1,0x9408,ajmp,0x96CC,yes,24,0,no,,,,,,
0x11434,paged,bank1,0x9434,acall,0x92E0,yes,5,19,no,,,,,,
0x1144C,paged,bank1,0x944C,ajmp,0x900A,no,0,24,no,,,,,,
0x11477,paged,bank1,0x9477,ajmp,0x9040,no,0,24,no,,,,,,
0x114BC,paged,bank1,0x94BC,ajmp,0x9022,no,0,24,no,,,,,,
0x114C5,paged,bank1,0x94C5,ajmp,0x91E0,yes,1,23,no,,,,,,
0x1153A,paged,bank1,0x953A,acall,0x97F0,yes,2,22,no,,,,,,
0x1154B,paged,bank1,0x954B,ajmp,0x90F0,no,0,24,no,,,,,,
0x11599,paged,bank1,0x9599,ajmp,0x90E0,yes,1,23,no,,,,,,
0x1159E,paged,bank1,0x959E,ajmp,0x9022,no,0,24,no,,,,,,
0x115A6,paged,bank1,0x95A6,ajmp,0x9040,no,0,24,no,,,,,,
0x115D3,paged,bank1,0x95D3,ajmp,0x9022,yes,1,23,no,,,,,,
0x11624,paged,bank1,0x9624,acall,0x91E0,yes,1,23,no,,,,,,
0x1163D,paged,bank1,0x963D,ajmp,0x9070,no,0,24,no,,,,,,
0x1163F,paged,bank1,0x963F,acall,0x9712,yes,1,23,no,,,,,,
0x11652,paged,bank1,0x9652,acall,0x91E0,yes,2,22,no,,,,,,
0x116D5,paged,bank1,0x96D5,ajmp,0x9723,no,0,24,no,,,,,,
0x1170E,paged,bank1,0x970E,ajmp,0x97F0,no,0,24,no,,,,,,
0x1171E,paged,bank1,0x971E,ajmp,0x9779,yes,2,22,no,,,,,,
0x11720,paged,bank1,0x9720,ajmp,0x9510,yes,3,21,no,,,,,,
0x11747,paged,bank1,0x9747,ajmp,0x9022,yes,1,23,no,,,,,,
0x11756,paged,bank1,0x9756,ajmp,0x9707,no,0,24,no,,,,,,
0x11763,paged,bank1,0x9763,ajmp,0x9012,yes,2,22,no,,,,,,
0x11779,paged,bank1,0x9779,ajmp,0x9709,no,0,24,no,,,,,,
0x117A0,paged,bank1,0x97A0,acall,0x97E0,no,0,24,no,,,,,,
0x117A7,paged,bank1,0x97A7,acall,0x97F0,no,0,24,no,,,,,,
0x117D6,paged,bank1,0x97D6,ajmp,0x901A,no,0,24,no,,,,,,
0x117DA,paged,bank1,0x97DA,ajmp,0x92E0,yes,1,23,no,,,,,,
0x117DD,paged,bank1,0x97DD,ajmp,0x9070,no,0,24,no,,,,,,
0x11814,paged,bank1,0x9814,ajmp,0x9AF0,yes,1,23,no,,,,,,
0x1181C,paged,bank1,0x981C,ajmp,0x98F0,no,0,24,no,,,,,,
0x11827,paged,bank1,0x9827,ajmp,0x9890,no,0,24,no,,,,,,
0x1182A,paged,bank1,0x982A,acall,0x9FF0,no,0,24,no,,,,,,
0x11852,paged,bank1,0x9852,ajmp,0x9854,yes,2,22,no,,,,,,
0x11884,paged,bank1,0x9884,ajmp,0x9AE0,yes,2,22,no,,,,,,
0x11887,paged,bank1,0x9887,ajmp,0x9870,no,0,24,no,,,,,,
0x1188F,paged,bank1,0x988F,ajmp,0x9812,no,0,24,no,,,,,,
0x118BC,paged,bank1,0x98BC,acall,0x9802,no,0,24,no,,,,,,
0x118CE,paged,bank1,0x98CE,ajmp,0x9CE0,yes,8,16,no,,,,,,
0x118D7,paged,bank1,0x98D7,ajmp,0x9A90,yes,1,23,no,,,,,,
0x118F1,paged,bank1,0x98F1,ajmp,0x980B,no,0,24,no,,,,,,
0x11912,paged,bank1,0x9912,ajmp,0x9890,no,0,24,no,,,,,,
0x1191B,paged,bank1,0x991B,ajmp,0x98F0,yes,1,23,no,,,,,,
0x1191F,paged,bank1,0x991F,ajmp,0x9F18,no,0,24,no,,,,,,
0x11947,paged,bank1,0x9947,ajmp,0x9C74,yes,1,23,no,,,,,,
0x11964,paged,bank1,0x9964,ajmp,0x98F0,yes,2,22,no,,,,,,
0x1197F,paged,bank1,0x997F,ajmp,0x98F0,yes,1,23,no,,,,,,
0x11986,paged,bank1,0x9986,ajmp,0x9F13,no,0,24,no,,,,,,
0x11993,paged,bank1,0x9993,acall,0x9812,yes,1,23,no,,,,,,
0x119C2,paged,bank1,0x99C2,ajmp,0x9802,yes,1,23,no,,,,,,
0x119D1,paged,bank1,0x99D1,ajmp,0x9CE0,yes,1,23,no,,,,,,
0x119E2,paged,bank1,0x99E2,ajmp,0x9874,yes,1,23,no,,,,,,
0x119E8,paged,bank1,0x99E8,ajmp,0x9C74,yes,4,20,no,,,,,,
0x119EA,paged,bank1,0x99EA,ajmp,0x9CF0,yes,5,19,no,,,,,,
0x119EF,paged,bank1,0x99EF,ajmp,0x9C74,yes,1,23,no,,,,,,
0x119F6,paged,bank1,0x99F6,ajmp,0x9874,yes,1,23,no,,,,,,
0x119FC,paged,bank1,0x99FC,ajmp,0x9C74,yes,1,23,no,,,,,,
0x11A09,paged,bank1,0x9A09,ajmp,0x9C74,yes,1,23,no,,,,,,
0x11A16,paged,bank1,0x9A16,ajmp,0x9C74,yes,1,23,no,,,,,,
0x11A29,paged,bank1,0x9A29,ajmp,0x9C74,yes,1,23,no,,,,,,
0x11A32,paged,bank1,0x9A32,ajmp,0x98F0,no,0,24,no,,,,,,
0x11A36,paged,bank1,0x9A36,ajmp,0x9C74,yes,1,23,no,,,,,,
0x11A3E,paged,bank1,0x9A3E,ajmp,0x9CF0,yes,1,23,no,,,,,,
0x11A6F,paged,bank1,0x9A6F,ajmp,0x98F0,yes,1,23,no,,,,,,
0x11A73,paged,bank1,0x9A73,ajmp,0x9C74,yes,1,23,no,,,,,,
0x11A7A,paged,bank1,0x9A7A,acall,0x98E0,yes,1,23,no,,,,,,
0x11A8B,paged,bank1,0x9A8B,acall,0x9CF0,yes,1,23,no,,,,,,
0x11A90,paged,bank1,0x9A90,acall,0x9CE0,yes,1,23,no,,,,,,
0x11AAE,paged,bank1,0x9AAE,acall,0x99E0,yes,1,23,no,,,,,,
0x11AE0,paged,bank1,0x9AE0,ajmp,0x9A02,no,0,24,no,,,,,,
0x11B2B,paged,bank1,0x9B2B,ajmp,0x9808,no,0,24,no,,,,,,
0x11B49,paged,bank1,0x9B49,acall,0x9F74,yes,1,23,no,,,,,,
0x11B60,paged,bank1,0x9B60,ajmp,0x9874,no,0,24,no,,,,,,
0x11B6E,paged,bank1,0x9B6E,ajmp,0x98F0,yes,3,21,no,,,,,,
0x11B7A,paged,bank1,0x9B7A,ajmp,0x98F0,yes,4,20,no,,,,,,
0x11B7E,paged,bank1,0x9B7E,ajmp,0x9874,no,0,24,no,,,,,,
0x11B8B,paged,bank1,0x9B8B,ajmp,0x9F0B,no,0,24,no,,,,,,
0x11B9E,paged,bank1,0x9B9E,ajmp,0x99F0,yes,1,23,no,,,,,,
0x11BB9,paged,bank1,0x9BB9,ajmp,0x99E0,yes,1,23,no,,,,,,
0x11BD4,paged,bank1,0x9BD4,acall,0x98F9,no,0,24,no,,,,,,
0x11BFC,paged,bank1,0x9BFC,acall,0x98F0,yes,1,23,no,,,,,,
0x11C22,paged,bank1,0x9C22,ajmp,0x9990,yes,1,23,no,,,,,,
0x11C2D,paged,bank1,0x9C2D,ajmp,0x9990,yes,1,23,no,,,,,,
0x11C55,paged,bank1,0x9C55,ajmp,0x9874,no,0,24,no,,,,,,
0x11C6F,paged,bank1,0x9C6F,ajmp,0x9DF0,yes,1,23,no,,,,,,
0x11C8B,paged,bank1,0x9C8B,ajmp,0x9874,no,0,24,no,,,,,,
0x11C98,paged,bank1,0x9C98,ajmp,0x9F0B,no,0,24,no,,,,,,
0x11CCC,paged,bank1,0x9CCC,ajmp,0x9808,no,0,24,no,,,,,,
0x11CFC,paged,bank1,0x9CFC,acall,0x98E0,yes,1,23,no,,,,,,
0x11D17,paged,bank1,0x9D17,ajmp,0x9F17,yes,2,22,no,,,,,,
0x11D34,paged,bank1,0x9D34,acall,0x98F0,yes,1,23,no,,,,,,
0x11D62,paged,bank1,0x9D62,ajmp,0x9990,no,0,24,no,,,,,,
0x11D8D,paged,bank1,0x9D8D,acall,0x98E0,yes,1,23,no,,,,,,
0x11DA6,paged,bank1,0x9DA6,acall,0x98E0,yes,1,23,no,,,,,,
0x11DA9,paged,bank1,0x9DA9,ajmp,0x9F24,no,0,24,no,,,,,,
0x11E05,paged,bank1,0x9E05,acall,0x98F0,yes,1,23,no,,,,,,
0x11E41,paged,bank1,0x9E41,ajmp,0x9CF0,yes,3,21,no,,,,,,
0x11E5A,paged,bank1,0x9E5A,ajmp,0x9974,yes,1,23,no,,,,,,
0x11E7A,paged,bank1,0x9E7A,ajmp,0x9974,yes,1,23,no,,,,,,
0x11E87,paged,bank1,0x9E87,ajmp,0x9974,yes,1,23,no,,,,,,
0x11E89,paged,bank1,0x9E89,ajmp,0x98F0,yes,2,22,no,,,,,,
0x11EB3,paged,bank1,0x9EB3,ajmp,0x980D,no,0,24,no,,,,,,
0x11EB7,paged,bank1,0x9EB7,ajmp,0x980D,no,0,24,no,,,,,,
0x11EBB,paged,bank1,0x9EBB,ajmp,0x980D,no,0,24,no,,,,,,
0x11EBE,paged,bank1,0x9EBE,ajmp,0x9F05,no,0,24,no,,,,,,
0x11EC3,paged,bank1,0x9EC3,ajmp,0x980D,no,0,24,no,,,,,,
0x11EED,paged,bank1,0x9EED,ajmp,0x98E4,yes,1,23,no,,,,,,
0x11F75,paged,bank1,0x9F75,acall,0x9BE0,yes,1,23,no,,,,,,
0x11F9E,paged,bank1,0x9F9E,ajmp,0x9990,no,0,24,no,,,,,,
0x11FBC,paged,bank1,0x9FBC,acall,0x9874,yes,1,23,no,,,,,,
0x12056,paged,bank1,0xA056,ajmp,0xA612,yes,1,23,no,,,,,,
0x12058,paged,bank1,0xA058,ajmp,0xA5BF,yes,2,22,no,,,,,,
0x12061,paged,bank1,0xA061,ajmp,0xA52D,no,0,24,no,,,,,,
0x12069,paged,bank1,0xA069,ajmp,0xA070,no,0,24,no,,,,,,
0x120D1,paged,bank1,0xA0D1,ajmp,0xA070,no,0,24,no,,,,,,
0x120E3,paged,bank1,0xA0E3,ajmp,0xA4E0,yes,2,22,no,,,,,,
0x120EF,paged,bank1,0xA0EF,ajmp,0xA52C,no,0,24,no,,,,,,
0x12135,paged,bank1,0xA135,ajmp,0xA5BE,no,0,24,no,,,,,,
0x1213C,paged,bank1,0xA13C,ajmp,0xA060,no,0,24,no,,,,,,
0x12151,paged,bank1,0xA151,ajmp,0xA5BE,no,0,24,no,,,,,,
0x1215A,paged,bank1,0xA15A,ajmp,0xA5BE,no,0,24,no,,,,,,
0x12165,paged,bank1,0xA165,ajmp,0xA5BE,no,0,24,no,,,,,,
0x121AB,paged,bank1,0xA1AB,ajmp,0xA2E0,yes,1,23,no,,,,,,
0x121AE,paged,bank1,0xA1AE,ajmp,0xA060,no,0,24,no,,,,,,
0x121C4,paged,bank1,0xA1C4,ajmp,0xA060,no,0,24,no,,,,,,
0x121CC,paged,bank1,0xA1CC,ajmp,0xA060,no,0,24,no,,,,,,
0x12216,paged,bank1,0xA216,ajmp,0xA022,no,0,24,no,,,,,,
0x1221D,paged,bank1,0xA21D,ajmp,0xA060,no,0,24,no,,,,,,
0x1221F,paged,bank1,0xA21F,ajmp,0xA112,yes,1,23,no,,,,,,
0x1222A,paged,bank1,0xA22A,ajmp,0xA060,no,0,24,no,,,,,,
0x12253,paged,bank1,0xA253,ajmp,0xA060,no,0,24,no,,,,,,
0x1228C,paged,bank1,0xA28C,ajmp,0xA002,no,0,24,no,,,,,,
0x12298,paged,bank1,0xA298,ajmp,0xA002,no,0,24,no,,,,,,
0x122A2,paged,bank1,0xA2A2,acall,0xA090,yes,1,23,no,,,,,,
0x122CD,paged,bank1,0xA2CD,ajmp,0xA0F0,no,0,24,no,,,,,,
0x122DC,paged,bank1,0xA2DC,ajmp,0xA134,no,0,24,no,,,,,,
0x12328,paged,bank1,0xA328,ajmp,0xA0F0,yes,2,22,no,,,,,,
0x1234D,paged,bank1,0xA34D,acall,0xA179,no,0,24,no,,,,,,
0x1234F,paged,bank1,0xA34F,acall,0xA37B,yes,1,23,no,,,,,,
0x12364,paged,bank1,0xA364,ajmp,0xA012,no,0,24,no,,,,,,
0x1238E,paged,bank1,0xA38E,ajmp,0xA060,no,0,24,no,,,,,,
0x123CE,paged,bank1,0xA3CE,ajmp,0xA112,yes,2,22,no,,,,,,
0x12418,paged,bank1,0xA418,ajmp,0xA112,yes,1,23,no,,,,,,
0x12463,paged,bank1,0xA463,acall,0xA73F,no,0,24,no,,,,,,
0x12479,paged,bank1,0xA479,ajmp,0xA002,no,0,24,no,,,,,,
0x124EA,paged,bank1,0xA4EA,acall,0xA090,no,0,24,no,,,,,,
0x124FF,paged,bank1,0xA4FF,ajmp,0xA022,yes,1,23,no,,,,,,
0x12506,paged,bank1,0xA506,ajmp,0xA070,no,0,24,no,,,,,,
0x12618,paged,bank1,0xA618,ajmp,0xA085,yes,2,22,no,,,,,,
0x12686,paged,bank1,0xA686,ajmp,0xA088,no,0,24,no,,,,,,
0x126CC,paged,bank1,0xA6CC,ajmp,0xA0F8,no,0,24,no,,,,,,
0x12744,paged,bank1,0xA744,ajmp,0xA074,yes,1,23,no,,,,,,
0x12755,paged,bank1,0xA755,ajmp,0xA743,no,0,24,no,,,,,,
0x1279F,paged,bank1,0xA79F,ajmp,0xA7F0,no,0,24,no,,,,,,
0x1280B,paged,bank1,0xA80B,acall,0xA9E0,yes,1,23,no,,,,,,
0x1284C,paged,bank1,0xA84C,ajmp,0xAF03,no,0,24,no,,,,,,
0x12879,paged,bank1,0xA879,ajmp,0xA87D,no,0,24,no,,,,,,
0x1288E,paged,bank1,0xA88E,ajmp,0xAFF0,no,0,24,no,,,,,,
0x12893,paged,bank1,0xA893,ajmp,0xA87D,no,0,24,no,,,,,,
0x1290D,paged,bank1,0xA90D,ajmp,0xA801,no,0,24,no,,,,,,
0x1290E,paged,bank1,0xA90E,ajmp,0xA822,no,0,24,no,,,,,,
0x12981,paged,bank1,0xA981,ajmp,0xADE0,yes,1,23,no,,,,,,
0x1299C,paged,bank1,0xA99C,ajmp,0xA802,no,0,24,no,,,,,,
0x129A6,paged,bank1,0xA9A6,acall,0xAEFD,no,0,24,no,,,,,,
0x129E6,paged,bank1,0xA9E6,ajmp,0xA870,no,0,24,no,,,,,,
0x129F1,paged,bank1,0xA9F1,ajmp,0xA870,no,0,24,no,,,,,,
0x129FC,paged,bank1,0xA9FC,ajmp,0xA812,yes,2,22,no,,,,,,
0x12A76,paged,bank1,0xAA76,ajmp,0xAC12,yes,1,23,no,,,,,,
0x12A7D,paged,bank1,0xAA7D,ajmp,0xAC12,yes,1,23,no,,,,,,
0x12AC9,paged,bank1,0xAAC9,acall,0xACE0,yes,1,23,no,,,,,,
0x12AEC,paged,bank1,0xAAEC,ajmp,0xAC90,no,0,24,no,,,,,,
0x12B0A,paged,bank1,0xAB0A,acall,0xA9F0,yes,9,15,no,,,,,,
0x12B1F,paged,bank1,0xAB1F,acall,0xA9F0,yes,5,19,no,,,,,,
0x12B9C,paged,bank1,0xAB9C,ajmp,0xADF5,no,0,24,no,,,,,,
0x12BAD,paged,bank1,0xABAD,ajmp,0xAC12,yes,2,22,no,,,,,,
0x12BAF,paged,bank1,0xABAF,acall,0xAC99,yes,4,20,no,,,,,,
0x12BBA,paged,bank1,0xABBA,ajmp,0xA812,no,0,24,no,,,,,,
0x12BBF,paged,bank1,0xABBF,acall,0xACE8,no,0,24,no,,,,,,
0x12BE3,paged,bank1,0xABE3,ajmp,0xAE1C,no,0,24,no,,,,,,
0x12BF6,paged,bank1,0xABF6,acall,0xA812,yes,1,23,no,,,,,,
0x12C00,paged,bank1,0xAC00,ajmp,0xADF6,no,0,24,no,,,,,,
0x12C0F,paged,bank1,0xAC0F,ajmp,0xAF22,no,0,24,no,,,,,,
0x12C34,paged,bank1,0xAC34,ajmp,0xAF00,no,0,24,no,,,,,,
0x12C3B,paged,bank1,0xAC3B,ajmp,0xAF06,yes,2,22,no,,,,,,
0x12C5C,paged,bank1,0xAC5C,ajmp,0xABF0,no,0,24,no,,,,,,
0x12C63,paged,bank1,0xAC63,ajmp,0xA820,no,0,24,no,,,,,,
0x12C7A,paged,bank1,0xAC7A,ajmp,0xA822,yes,1,23,no,,,,,,
0x12C7E,paged,bank1,0xAC7E,ajmp,0xACE0,yes,1,23,no,,,,,,
0x12CFA,paged,bank1,0xACFA,acall,0xACE0,yes,1,23,no,,,,,,
0x12DAF,paged,bank1,0xADAF,ajmp,0xA807,no,0,24,no,,,,,,
0x12DBF,paged,bank1,0xADBF,ajmp,0xA990,no,0,24,no,,,,,,
0x12E03,paged,bank1,0xAE03,ajmp,0xA822,yes,3,21,no,,,,,,
0x12E28,paged,bank1,0xAE28,ajmp,0xA8F0,no,0,24,no,,,,,,
0x12E43,paged,bank1,0xAE43,ajmp,0xA890,no,0,24,no,,,,,,
0x12EC9,paged,bank1,0xAEC9,ajmp,0xA822,no,0,24,no,,,,,,
0x12ED4,paged,bank1,0xAED4,ajmp,0xA812,no,0,24,no,,,,,,
0x12F20,paged,bank1,0xAF20,ajmp,0xA80F,no,0,24,no,,,,,,
0x12F30,paged,bank1,0xAF30,acall,0xAE22,no,0,24,no,,,,,,
0x12F50,paged,bank1,0xAF50,acall,0xAE09,no,0,24,no,,,,,,
0x12F76,paged,bank1,0xAF76,acall,0xAC0C,yes,24,0,no,,,,,,
0x12FD6,paged,bank1,0xAFD6,acall,0xAC0C,yes,24,0,no,,,,,,
0x13016,paged,bank1,0xB016,acall,0xB40C,yes,24,0,no,,,,,,
0x13056,paged,bank1,0xB056,acall,0xB40D,yes,1,23,no,,,,,,
0x13096,paged,bank1,0xB096,acall,0xB40D,yes,24,0,no,,,,,,
0x130FE,paged,bank1,0xB0FE,acall,0xB002,no,0,24,no,,,,,,
0x13104,paged,bank1,0xB104,acall,0xB580,no,0,24,no,,,,,,
0x13109,paged,bank1,0xB109,acall,0xB380,yes,2,22,no,,,,,,
0x1310E,paged,bank1,0xB10E,acall,0xB780,no,0,24,no,,,,,,
0x13113,paged,bank1,0xB113,acall,0xB180,no,0,24,no,,,,,,
0x13118,paged,bank1,0xB118,acall,0xB7ED,no,0,24,no,,,,,,
0x13187,paged,bank1,0xB187,acall,0xB580,no,0,24,no,,,,,,
0x1318D,paged,bank1,0xB18D,acall,0xB493,no,0,24,no,,,,,,
0x131A5,paged,bank1,0xB1A5,ajmp,0xB680,no,0,24,no,,,,,,
0x131AB,paged,bank1,0xB1AB,ajmp,0xB593,no,0,24,no,,,,,,
0x131C2,paged,bank1,0xB1C2,ajmp,0xB330,no,0,24,no,,,,,,
0x131C4,paged,bank1,0xB1C4,ajmp,0xB701,yes,1,23,no,,,,,,
0x131C5,paged,bank1,0xB1C5,ajmp,0xB022,no,0,24,no,,,,,,
0x131CC,paged,bank1,0xB1CC,ajmp,0xB001,no,0,24,no,,,,,,
0x131CD,paged,bank1,0xB1CD,ajmp,0xB022,no,0,24,no,,,,,,
0x131DA,paged,bank1,0xB1DA,ajmp,0xB090,yes,1,23,no,,,,,,
0x1320E,paged,bank1,0xB20E,ajmp,0xB090,yes,1,23,no,,,,,,
0x13281,paged,bank1,0xB281,acall,0xB0C3,no,0,24,no,,,,,,
0x132AB,paged,bank1,0xB2AB,ajmp,0xB022,no,0,24,no,,,,,,
0x132B7,paged,bank1,0xB2B7,ajmp,0xB01B,no,0,24,no,,,,,,
0x132CD,paged,bank1,0xB2CD,ajmp,0xB090,no,0,24,no,,,,,,
0x1331F,paged,bank1,0xB31F,ajmp,0xB022,yes,2,22,no,,,,,,
0x13365,paged,bank1,0xB365,acall,0xB090,no,0,24,no,,,,,,
0x13370,paged,bank1,0xB370,ajmp,0xB005,no,0,24,no,,,,,,
0x133A7,paged,bank1,0xB3A7,ajmp,0xB060,no,0,24,no,,,,,,
0x133C2,paged,bank1,0xB3C2,ajmp,0xB02C,yes,1,23,no,,,,,,
0x133F1,paged,bank1,0xB3F1,acall,0xB4E0,yes,5,19,no,,,,,,
0x1346E,paged,bank1,0xB46E,ajmp,0xB01D,no,0,24,no,,,,,,
0x1347E,paged,bank1,0xB47E,ajmp,0xB0FF,yes,1,23,no,,,,,,
0x13481,paged,bank1,0xB481,ajmp,0xB029,no,0,24,no,,,,,,
0x13485,paged,bank1,0xB485,ajmp,0xB00A,no,0,24,no,,,,,,
0x134AD,paged,bank1,0xB4AD,ajmp,0xB0FF,yes,1,23,no,,,,,,
0x134B0,paged,bank1,0xB4B0,ajmp,0xB029,no,0,24,no,,,,,,
0x134B4,paged,bank1,0xB4B4,ajmp,0xB00A,no,0,24,no,,,,,,
0x134DA,paged,bank1,0xB4DA,ajmp,0xB002,no,0,24,no,,,,,,
0x134F6,paged,bank1,0xB4F6,ajmp,0xB0F4,yes,1,23,no,,,,,,
0x13504,paged,bank1,0xB504,acall,0xB590,no,0,24,no,,,,,,
0x1353D,paged,bank1,0xB53D,ajmp,0xB00A,no,0,24,no,,,,,,
0x135A0,paged,bank1,0xB5A0,ajmp,0xB022,no,0,24,no,,,,,,
0x13693,paged,bank1,0xB693,acall,0xB3E0,no,0,24,no,,,,,,
0x13696,paged,bank1,0xB696,ajmp,0xB00E,no,0,24,no,,,,,,
0x136A2,paged,bank1,0xB6A2,ajmp,0xB002,no,0,24,no,,,,,,
0x136B6,paged,bank1,0xB6B6,acall,0xB3F0,no,0,24,no,,,,,,
0x13703,paged,bank1,0xB703,ajmp,0xB002,no,0,24,no,,,,,,
0x1372E,paged,bank1,0xB72E,ajmp,0xB022,no,0,24,no,,,,,,
0x13742,paged,bank1,0xB742,ajmp,0xB212,no,0,24,no,,,,,,
0x13745,paged,bank1,0xB745,ajmp,0xB790,no,0,24,no,,,,,,
0x13759,paged,bank1,0xB759,ajmp,0xB722,no,0,24,no,,,,,,
0x1375C,paged,bank1,0xB75C,ajmp,0xB07B,no,0,24,no,,,,,,
0x1376F,paged,bank1,0xB76F,ajmp,0xB222,no,0,24,no,,,,,,
0x1377C,paged,bank1,0xB77C,acall,0xB612,no,0,24,no,,,,,,
0x137C3,paged,bank1,0xB7C3,ajmp,0xB130,yes,1,23,no,,,,,,
0x137C9,paged,bank1,0xB7C9,ajmp,0xB190,yes,5,19,no,,,,,,
0x137D8,paged,bank1,0xB7D8,ajmp,0xB374,no,0,24,no,,,,,,
0x1381E,paged,bank1,0xB81E,ajmp,0xB990,no,0,24,no,,,,,,
0x13836,paged,bank1,0xB836,ajmp,0xBF74,no,0,24,no,,,,,,
0x1388A,paged,bank1,0xB88A,acall,0xBA22,yes,1,23,no,,,,,,
0x1389D,paged,bank1,0xB89D,ajmp,0xB874,yes,1,23,no,,,,,,
0x13952,paged,bank1,0xB952,acall,0xBCE0,yes,1,23,no,,,,,,
0x13993,paged,bank1,0xB993,ajmp,0xB822,no,0,24,no,,,,,,
0x139D1,paged,bank1,0xB9D1,acall,0xBCE0,yes,2,22,no,,,,,,
0x13A01,paged,bank1,0xBA01,acall,0xBCE0,yes,3,21,no,,,,,,
0x13A09,paged,bank1,0xBA09,acall,0xB8B4,no,0,24,no,,,,,,
0x13A5D,paged,bank1,0xBA5D,ajmp,0xB80A,no,0,24,no,,,,,,
0x13A61,paged,bank1,0xBA61,ajmp,0xBDE0,yes,1,23,no,,,,,,
0x13A92,paged,bank1,0xBA92,ajmp,0xBDE0,yes,3,21,no,,,,,,
0x13AA8,paged,bank1,0xBAA8,acall,0xBCE0,yes,3,21,no,,,,,,
0x13AAD,paged,bank1,0xBAAD,ajmp,0xB8F0,yes,1,23,no,,,,,,
0x13AB7,paged,bank1,0xBAB7,ajmp,0xB890,no,0,24,no,,,,,,
0x13AC1,paged,bank1,0xBAC1,acall,0xBCE0,yes,3,21,no,,,,,,
0x13AE9,paged,bank1,0xBAE9,ajmp,0xB880,no,0,24,no,,,,,,
0x13AFC,paged,bank1,0xBAFC,ajmp,0xB880,yes,3,21,no,,,,,,
0x13B17,paged,bank1,0xBB17,acall,0xB938,yes,1,23,no,,,,,,
0x13B35,paged,bank1,0xBB35,acall,0xBCE0,yes,2,22,no,,,,,,
0x13B41,paged,bank1,0xBB41,acall,0xB938,yes,1,23,no,,,,,,
0x13B78,paged,bank1,0xBB78,ajmp,0xB815,no,0,24,no,,,,,,
0x13B7B,paged,bank1,0xBB7B,ajmp,0xB880,yes,1,23,no,,,,,,
0x13B8C,paged,bank1,0xBB8C,ajmp,0xB8F0,no,0,24,no,,,,,,
0x13B90,paged,bank1,0xBB90,ajmp,0xB880,no,0,24,no,,,,,,
0x13BA1,paged,bank1,0xBBA1,ajmp,0xB8F0,no,0,24,no,,,,,,
0x13BA6,paged,bank1,0xBBA6,acall,0xBCE0,yes,1,23,no,,,,,,
0x13BAB,paged,bank1,0xBBAB,ajmp,0xB803,no,0,24,no,,,,,,
0x13BD5,paged,bank1,0xBBD5,acall,0xBCE0,yes,3,21,no,,,,,,
0x13BDD,paged,bank1,0xBBDD,ajmp,0xB880,no,0,24,no,,,,,,
0x13BFA,paged,bank1,0xBBFA,ajmp,0xB807,no,0,24,no,,,,,,
0x13BFD,paged,bank1,0xBBFD,ajmp,0xB880,no,0,24,no,,,,,,
0x13C06,paged,bank1,0xBC06,ajmp,0xB880,no,0,24,no,,,,,,
0x13C23,paged,bank1,0xBC23,ajmp,0xB807,no,0,24,no,,,,,,
0x13C26,paged,bank1,0xBC26,ajmp,0xB880,no,0,24,no,,,,,,
0x13C5A,paged,bank1,0xBC5A,acall,0xB938,yes,1,23,no,,,,,,
0x13C78,paged,bank1,0xBC78,acall,0xB938,no,0,24,no,,,,,,
0x13CA7,paged,bank1,0xBCA7,ajmp,0xB8F0,no,0,24,no,,,,,,
0x13CB5,paged,bank1,0xBCB5,acall,0xBCE0,yes,1,23,no,,,,,,
0x13CBA,paged,bank1,0xBCBA,acall,0xB8F0,yes,1,23,no,,,,,,
0x13D12,paged,bank1,0xBD12,acall,0xBCE0,yes,1,23,no,,,,,,
0x13D42,paged,bank1,0xBD42,ajmp,0xB8F0,no,0,24,no,,,,,,
0x13D47,paged,bank1,0xBD47,acall,0xBCE0,yes,1,23,no,,,,,,
0x13D4C,paged,bank1,0xBD4C,ajmp,0xB9F0,yes,1,23,no,,,,,,
0x13D5D,paged,bank1,0xBD5D,acall,0xB802,no,0,24,no,,,,,,
0x13D71,paged,bank1,0xBD71,acall,0xBCE0,yes,2,22,no,,,,,,
0x13DB9,paged,bank1,0xBDB9,ajmp,0xB807,no,0,24,no,,,,,,
0x13DC6,paged,bank1,0xBDC6,ajmp,0xB880,yes,1,23,no,,,,,,
0x13DE3,paged,bank1,0xBDE3,ajmp,0xB807,no,0,24,no,,,,,,
0x13DE6,paged,bank1,0xBDE6,ajmp,0xB880,no,0,24,no,,,,,,
0x13DF6,paged,bank1,0xBDF6,ajmp,0xB9F0,yes,1,23,no,,,,,,
0x13DF9,paged,bank1,0xBDF9,ajmp,0xB880,no,0,24,no,,,,,,
0x13E04,paged,bank1,0xBE04,ajmp,0xB807,yes,1,23,no,,,,,,
0x13E07,paged,bank1,0xBE07,ajmp,0xB880,no,0,24,no,,,,,,
0x13E1F,paged,bank1,0xBE1F,acall,0xBC90,no,0,24,no,,,,,,
0x13E3C,paged,bank1,0xBE3C,acall,0xBCE0,yes,1,23,no,,,,,,
0x13E41,paged,bank1,0xBE41,ajmp,0xB8F0,yes,1,23,no,,,,,,
0x13E5A,paged,bank1,0xBE5A,ajmp,0xB835,no,0,24,no,,,,,,
0x13E6F,paged,bank1,0xBE6F,ajmp,0xB802,no,0,24,no,,,,,,
0x13EA4,paged,bank1,0xBEA4,ajmp,0xB802,no,0,24,no,,,,,,
0x13F1F,paged,bank1,0xBF1F,ajmp,0xB8F0,yes,1,23,no,,,,,,
0x13F26,paged,bank1,0xBF26,ajmp,0xB809,yes,1,23,no,,,,,,
0x13F91,paged,bank1,0xBF91,ajmp,0xB822,yes,2,22,no,,,,,,
0x13FB8,paged,bank1,0xBFB8,ajmp,0xB8F0,no,0,24,no,,,,,,
0x13FC7,paged,bank1,0xBFC7,ajmp,0xB822,no,0,24,no,,,,,,
0x13FEF,paged,bank1,0xBFEF,ajmp,0xB8B4,no,0,24,no,,,,,,
0x13FFD,paged,bank1,0xBFFD,acall,0xBCE0,yes,1,23,no,,,,,,
0x14003,paged,bank1,0xC003,ajmp,0xC70D,yes,2,22,no,,,,,,
0x1400C,paged,bank1,0xC00C,ajmp,0xC040,no,0,24,no,,,,,,
0x14017,paged,bank1,0xC017,ajmp,0xC040,no,0,24,no,,,,,,
0x14019,paged,bank1,0xC019,ajmp,0xC0F0,yes,1,23,no,,,,,,
0x14022,paged,bank1,0xC022,ajmp,0xC050,no,0,24,no,,,,,,
0x14026,paged,bank1,0xC026,ajmp,0xC0F0,no,0,24,no,,,,,,
0x1402F,paged,bank1,0xC02F,ajmp,0xC0F0,no,0,24,no,,,,,,
0x14073,paged,bank1,0xC073,ajmp,0xC190,yes,1,23,no,,,,,,
0x140AD,paged,bank1,0xC0AD,ajmp,0xC0B4,yes,2,22,no,,,,,,
0x140C1,paged,bank1,0xC0C1,ajmp,0xC70D,yes,2,22,no,,,,,,
0x140CA,paged,bank1,0xC0CA,ajmp,0xC040,no,0,24,no,,,,,,
0x140D5,paged,bank1,0xC0D5,ajmp,0xC040,no,0,24,no,,,,,,
0x140D7,paged,bank1,0xC0D7,ajmp,0xC0F0,yes,1,23,no,,,,,,
0x140E0,paged,bank1,0xC0E0,ajmp,0xC050,no,0,24,no,,,,,,
0x140E4,paged,bank1,0xC0E4,ajmp,0xC0F0,no,0,24,no,,,,,,
0x140ED,paged,bank1,0xC0ED,ajmp,0xC0F0,no,0,24,no,,,,,,
0x14122,paged,bank1,0xC122,ajmp,0xC022,yes,3,21,no,,,,,,
0x1414C,paged,bank1,0xC14C,ajmp,0xC5E0,yes,1,23,no,,,,,,
0x1417C,paged,bank1,0xC17C,acall,0xC5E0,yes,1,23,no,,,,,,
0x141B4,paged,bank1,0xC1B4,ajmp,0xC5E0,yes,1,23,no,,,,,,
0x141D2,paged,bank1,0xC1D2,acall,0xC5E0,yes,1,23,no,,,,,,
0x14208,paged,bank1,0xC208,ajmp,0xC022,no,0,24,no,,,,,,
0x14260,paged,bank1,0xC260,ajmp,0xC7B4,no,0,24,no,,,,,,
0x14268,paged,bank1,0xC268,acall,0xC5B3,no,0,24,no,,,,,,
0x14285,paged,bank1,0xC285,ajmp,0xC77A,no,0,24,no,,,,,,
0x142B1,paged,bank1,0xC2B1,acall,0xC5B3,no,0,24,no,,,,,,
0x142BB,paged,bank1,0xC2BB,ajmp,0xC090,no,0,24,no,,,,,,
0x142E6,paged,bank1,0xC2E6,ajmp,0xC732,yes,2,22,no,,,,,,
0x1431F,paged,bank1,0xC31F,acall,0xC5B3,no,0,24,no,,,,,,
0x1434A,paged,bank1,0xC34A,ajmp,0xC090,no,0,24,no,,,,,,
0x143B8,paged,bank1,0xC3B8,ajmp,0xC040,no,0,24,no,,,,,,
0x143E1,paged,bank1,0xC3E1,ajmp,0xC290,no,0,24,no,,,,,,
0x14454,paged,bank1,0xC454,ajmp,0xC040,no,0,24,no,,,,,,
0x14465,paged,bank1,0xC465,ajmp,0xC07F,no,0,24,no,,,,,,
0x14484,paged,bank1,0xC484,ajmp,0xC012,yes,1,23,no,,,,,,
0x1448C,paged,bank1,0xC48C,ajmp,0xC003,yes,2,22,no,,,,,,
0x1449E,paged,bank1,0xC49E,ajmp,0xC003,yes,2,22,no,,,,,,
0x144C9,paged,bank1,0xC4C9,ajmp,0xC0F0,no,0,24,no,,,,,,
0x144EC,paged,bank1,0xC4EC,ajmp,0xC0F0,yes,1,23,no,,,,,,
0x1450A,paged,bank1,0xC50A,ajmp,0xC0F0,yes,1,23,no,,,,,,
0x14510,paged,bank1,0xC510,ajmp,0xC290,no,0,24,no,,,,,,
0x14516,paged,bank1,0xC516,ajmp,0xC710,no,0,24,no,,,,,,
0x1451C,paged,bank1,0xC51C,acall,0xC774,no,0,24,no,,,,,,
0x14525,paged,bank1,0xC525,ajmp,0xC2D3,no,0,24,no,,,,,,
0x1452B,paged,bank1,0xC52B,acall,0xC790,yes,1,23,no,,,,,,
0x1453E,paged,bank1,0xC53E,ajmp,0xC2C3,no,0,24,no,,,,,,
0x14576,paged,bank1,0xC576,ajmp,0xC0F0,yes,1,23,no,,,,,,
0x1457C,paged,bank1,0xC57C,ajmp,0xC290,no,0,24,no,,,,,,
0x14582,paged,bank1,0xC582,ajmp,0xC705,no,0,24,no,,,,,,
0x14588,paged,bank1,0xC588,acall,0xC774,no,0,24,no,,,,,,
0x14591,paged,bank1,0xC591,ajmp,0xC2C3,no,0,24,no,,,,,,
0x1459C,paged,bank1,0xC59C,ajmp,0xC2D3,no,0,24,no,,,,,,
0x145A7,paged,bank1,0xC5A7,ajmp,0xC070,no,0,24,no,,,,,,
0x145C8,paged,bank1,0xC5C8,ajmp,0xC748,no,0,24,no,,,,,,
0x145DF,paged,bank1,0xC5DF,acall,0xC4E0,yes,2,22,no,,,,,,
0x14625,paged,bank1,0xC625,ajmp,0xC060,no,0,24,no,,,,,,
0x1464C,paged,bank1,0xC64C,ajmp,0xC060,no,0,24,no,,,,,,
0x14654,paged,bank1,0xC654,ajmp,0xC060,no,0,24,no,,,,,,
0x1465E,paged,bank1,0xC65E,ajmp,0xC070,no,0,24,no,,,,,,
0x14666,paged,bank1,0xC666,ajmp,0xC0F0,no,0,24,no,,,,,,
0x14670,paged,bank1,0xC670,acall,0xC112,no,0,24,no,,,,,,
0x14679,paged,bank1,0xC679,ajmp,0xC070,no,0,24,no,,,,,,
0x146A3,paged,bank1,0xC6A3,ajmp,0xC070,no,0,24,no,,,,,,
0x146DF,paged,bank1,0xC6DF,ajmp,0xC0F0,yes,2,22,no,,,,,,
0x146EF,paged,bank1,0xC6EF,acall,0xC414,yes,24,0,no,,,,,,
0x14711,paged,bank1,0xC711,ajmp,0xC5E0,yes,1,23,no,,,,,,
0x14730,paged,bank1,0xC730,ajmp,0xC5F0,yes,1,23,no,,,,,,
0x14739,paged,bank1,0xC739,ajmp,0xC4F0,no,0,24,no,,,,,,
0x1477E,paged,bank1,0xC77E,ajmp,0xC022,yes,1,23,no,,,,,,
0x14786,paged,bank1,0xC786,ajmp,0xC022,no,0,24,no,,,,,,
0x147A9,paged,bank1,0xC7A9,ajmp,0xC57A,yes,1,23,no,,,,,,
0x147FB,paged,bank1,0xC7FB,ajmp,0xC302,yes,6,18,no,,,,,,
0x14803,paged,bank1,0xC803,acall,0xCEE7,no,0,24,no,,,,,,
0x14837,paged,bank1,0xC837,ajmp,0xC807,no,0,24,no,,,,,,
0x1483D,paged,bank1,0xC83D,ajmp,0xC8F0,yes,2,22,no,,,,,,
0x1489D,paged,bank1,0xC89D,ajmp,0xCF1B,no,0,24,no,,,,,,
0x1490E,paged,bank1,0xC90E,acall,0xC902,yes,3,21,no,,,,,,
0x1493A,paged,bank1,0xC93A,ajmp,0xC822,no,0,24,no,,,,,,
0x14952,paged,bank1,0xC952,ajmp,0xCF24,no,0,24,no,,,,,,
0x14976,paged,bank1,0xC976,ajmp,0xC8F0,no,0,24,no,,,,,,
0x14995,paged,bank1,0xC995,ajmp,0xCBF0,yes,1,23,no,,,,,,
0x149C4,paged,bank1,0xC9C4,acall,0xCA90,yes,1,23,no,,,,,,
0x149D1,paged,bank1,0xC9D1,ajmp,0xCBE0,yes,2,22,no,,,,,,
0x149D6,paged,bank1,0xC9D6,ajmp,0xCBF0,yes,1,23,no,,,,,,
0x149E2,paged,bank1,0xC9E2,ajmp,0xCBF0,yes,1,23,no,,,,,,
0x14A35,paged,bank1,0xCA35,ajmp,0xCBF0,yes,1,23,no,,,,,,
0x14A44,paged,bank1,0xCA44,acall,0xCE90,yes,1,23,no,,,,,,
0x14A51,paged,bank1,0xCA51,ajmp,0xCBE0,yes,1,23,no,,,,,,
0x14A55,paged,bank1,0xCA55,ajmp,0xC840,no,0,24,no,,,,,,
0x14A5A,paged,bank1,0xCA5A,ajmp,0xCBF0,yes,1,23,no,,,,,,
0x14A5E,paged,bank1,0xCA5E,ajmp,0xCBE0,yes,1,23,no,,,,,,
0x14A66,paged,bank1,0xCA66,acall,0xC8E4,no,0,24,no,,,,,,
0x14A6A,paged,bank1,0xCA6A,ajmp,0xCBF0,yes,1,23,no,,,,,,
0x14A77,paged,bank1,0xCA77,ajmp,0xC822,no,0,24,no,,,,,,
0x14A87,paged,bank1,0xCA87,ajmp,0xC868,yes,1,23,no,,,,,,
0x14AF7,paged,bank1,0xCAF7,ajmp,0xCDE0,yes,2,22,no,,,,,,
0x14B0A,paged,bank1,0xCB0A,ajmp,0xCDE0,yes,1,23,no,,,,,,
0x14B0F,paged,bank1,0xCB0F,ajmp,0xC822,no,0,24,no,,,,,,
0x14B40,paged,bank1,0xCB40,ajmp,0xC8E4,no,0,24,no,,,,,,
0x14B4A,paged,bank1,0xCB4A,ajmp,0xC822,yes,2,22,no,,,,,,
0x14B64,paged,bank1,0xCB64,ajmp,0xC8E4,no,0,24,no,,,,,,
0x14B79,paged,bank1,0xCB79,ajmp,0xC8E4,no,0,24,no,,,,,,
0x14BC8,paged,bank1,0xCBC8,ajmp,0xC822,no,0,24,no,,,,,,
0x14BEE,paged,bank1,0xCBEE,ajmp,0xC840,no,0,24,no,,,,,,
0x14BF0,paged,bank1,0xCBF0,ajmp,0xC8F0,yes,1,23,no,,,,,,
0x14C25,paged,bank1,0xCC25,ajmp,0xC822,no,0,24,no,,,,,,
0x14C5A,paged,bank1,0xCC5A,ajmp,0xC8ED,no,0,24,no,,,,,,
0x14CE6,paged,bank1,0xCCE6,ajmp,0xC8F0,no,0,24,no,,,,,,
0x14D07,paged,bank1,0xCD07,acall,0xC990,no,0,24,no,,,,,,
0x14D6C,paged,bank1,0xCD6C,ajmp,0xCF04,no,0,24,no,,,,,,
0x14D73,paged,bank1,0xCD73,ajmp,0xCFD2,no,0,24,no,,,,,,
0x14D96,paged,bank1,0xCD96,ajmp,0xC822,no,0,24,no,,,,,,
0x14DCA,paged,bank1,0xCDCA,acall,0xCD90,yes,1,23,no,,,,,,
0x14DCD,paged,bank1,0xCDCD,acall,0xCFE0,yes,3,21,no,,,,,,
0x14DDF,paged,bank1,0xCDDF,ajmp,0xC87C,yes,3,21,no,,,,,,
0x14DE6,paged,bank1,0xCDE6,acall,0xCCE0,yes,2,22,no,,,,,,
0x14E09,paged,bank1,0xCE09,ajmp,0xC803,yes,1,23,no,,,,,,
0x14E12,paged,bank1,0xCE12,acall,0xCCE0,yes,2,22,no,,,,,,
0x14E79,paged,bank1,0xCE79,ajmp,0xC812,no,0,24,no,,,,,,
0x14F8B,paged,bank1,0xCF8B,ajmp,0xC812,no,0,24,no,,,,,,
0x14FE6,paged,bank1,0xCFE6,ajmp,0xC8F0,yes,1,23,no,,,,,,
0x150B8,paged,bank1,0xD0B8,ajmp,0xD022,yes,1,23,no,,,,,,
0x150DB,paged,bank1,0xD0DB,ajmp,0xD5F0,yes,1,23,no,,,,,,
0x150E4,paged,bank1,0xD0E4,acall,0xD6B8,no,0,24,no,,,,,,
0x150E7,paged,bank1,0xD0E7,acall,0xD67E,no,0,24,no,,,,,,
0x150F4,paged,bank1,0xD0F4,acall,0xD6BC,no,0,24,no,,,,,,
0x15106,paged,bank1,0xD106,ajmp,0xD090,yes,1,23,no,,,,,,
0x15128,paged,bank1,0xD128,ajmp,0xD00C,no,0,24,no,,,,,,
0x1512B,paged,bank1,0xD12B,ajmp,0xD090,no,0,24,no,,,,,,
0x1515A,paged,bank1,0xD15A,ajmp,0xD6F0,yes,2,22,no,,,,,,
0x151B9,paged,bank1,0xD1B9,acall,0xD66F,no,0,24,no,,,,,,
0x151BE,paged,bank1,0xD1BE,acall,0xD4E0,yes,1,23,no,,,,,,
0x152AF,paged,bank1,0xD2AF,ajmp,0xD07A,no,0,24,no,,,,,,
0x15310,paged,bank1,0xD310,ajmp,0xD0E4,yes,1,23,no,,,,,,
0x15319,paged,bank1,0xD319,ajmp,0xD002,yes,2,22,no,,,,,,
0x1531D,paged,bank1,0xD31D,ajmp,0xD07C,yes,2,22,no,,,,,,
0x15333,paged,bank1,0xD333,ajmp,0xD6E0,yes,1,23,no,,,,,,
0x15336,paged,bank1,0xD336,ajmp,0xD001,no,0,24,no,,,,,,
0x15337,paged,bank1,0xD337,ajmp,0xD022,no,0,24,no,,,,,,
0x1533D,paged,bank1,0xD33D,ajmp,0xD5E0,yes,1,23,no,,,,,,
0x15343,paged,bank1,0xD343,ajmp,0xD0F0,no,0,24,no,,,,,,
0x1535E,paged,bank1,0xD35E,ajmp,0xD050,no,0,24,no,,,,,,
0x15362,paged,bank1,0xD362,ajmp,0xD0F0,no,0,24,no,,,,,,
0x153CB,paged,bank1,0xD3CB,ajmp,0xD3EF,no,0,24,no,,,,,,
0x153E3,paged,bank1,0xD3E3,acall,0xD4E0,yes,4,20,no,,,,,,
0x15407,paged,bank1,0xD407,ajmp,0xD07C,yes,4,20,no,,,,,,
0x15413,paged,bank1,0xD413,ajmp,0xD003,yes,1,23,no,,,,,,
0x15450,paged,bank1,0xD450,ajmp,0xD07C,yes,3,21,no,,,,,,
0x1545C,paged,bank1,0xD45C,ajmp,0xD003,yes,1,23,no,,,,,,
0x15471,paged,bank1,0xD471,ajmp,0xD0E4,no,0,24,no,,,,,,
0x154BD,paged,bank1,0xD4BD,ajmp,0xD5E0,yes,1,23,no,,,,,,
0x154C0,paged,bank1,0xD4C0,ajmp,0xD0F0,no,0,24,no,,,,,,
0x154D9,paged,bank1,0xD4D9,ajmp,0xD022,yes,3,21,no,,,,,,
0x154F4,paged,bank1,0xD4F4,ajmp,0xD00C,no,0,24,no,,,,,,
0x15502,paged,bank1,0xD502,acall,0xD482,yes,1,23,no,,,,,,
0x15509,paged,bank1,0xD509,acall,0xD493,no,0,24,no,,,,,,
0x1551F,paged,bank1,0xD51F,ajmp,0xD040,no,0,24,no,,,,,,
0x15521,paged,bank1,0xD521,ajmp,0xD0F0,yes,1,23,no,,,,,,
0x15564,paged,bank1,0xD564,ajmp,0xD707,no,0,24,no,,,,,,
0x1556C,paged,bank1,0xD56C,ajmp,0xD022,yes,1,23,no,,,,,,
0x155D1,paged,bank1,0xD5D1,ajmp,0xD040,no,0,24,no,,,,,,
0x1560C,paged,bank1,0xD60C,ajmp,0xD040,no,0,24,no,,,,,,
0x1560E,paged,bank1,0xD60E,ajmp,0xD0F0,yes,1,23,no,,,,,,
0x1562E,paged,bank1,0xD62E,ajmp,0xD701,no,0,24,no,,,,,,
0x1562F,paged,bank1,0xD62F,ajmp,0xD022,no,0,24,no,,,,,,
0x1563A,paged,bank1,0xD63A,acall,0xD3E0,yes,1,23,no,,,,,,
0x15698,paged,bank1,0xD698,ajmp,0xD015,no,0,24,no,,,,,,
0x156A6,paged,bank1,0xD6A6,ajmp,0xD022,no,0,24,no,,,,,,
0x156B5,paged,bank1,0xD6B5,ajmp,0xD022,no,0,24,no,,,,,,
0x156B9,paged,bank1,0xD6B9,ajmp,0xD790,yes,1,23,no,,,,,,
0x156D5,paged,bank1,0xD6D5,ajmp,0xD022,yes,1,23,no,,,,,,
0x156E3,paged,bank1,0xD6E3,ajmp,0xD5E0,yes,1,23,no,,,,,,
0x15710,paged,bank1,0xD710,ajmp,0xD0F0,no,0,24,no,,,,,,
0x15714,paged,bank1,0xD714,acall,0xD5E0,yes,1,23,no,,,,,,
0x1572A,paged,bank1,0xD72A,acall,0xD5E0,yes,1,23,no,,,,,,
0x15739,paged,bank1,0xD739,acall,0xD5F0,yes,1,23,no,,,,,,
0x1574C,paged,bank1,0xD74C,ajmp,0xD0F0,no,0,24,no,,,,,,
0x15758,paged,bank1,0xD758,ajmp,0xD02D,no,0,24,no,,,,,,
0x1575D,paged,bank1,0xD75D,ajmp,0xD0F0,no,0,24,no,,,,,,
0x15765,paged,bank1,0xD765,ajmp,0xD00B,no,0,24,no,,,,,,
0x15769,paged,bank1,0xD769,ajmp,0xD00B,no,0,24,no,,,,,,
0x1577F,paged,bank1,0xD77F,ajmp,0xD0F0,no,0,24,no,,,,,,
0x15791,paged,bank1,0xD791,ajmp,0xD040,no,0,24,no,,,,,,
0x1579F,paged,bank1,0xD79F,ajmp,0xD290,no,0,24,no,,,,,,
0x157B0,paged,bank1,0xD7B0,ajmp,0xD0F0,no,0,24,no,,,,,,
0x157C2,paged,bank1,0xD7C2,ajmp,0xD040,no,0,24,no,,,,,,
0x157D9,paged,bank1,0xD7D9,ajmp,0xD0F0,no,0,24,no,,,,,,
0x157EB,paged,bank1,0xD7EB,ajmp,0xD0F0,no,0,24,no,,,,,,
0x15821,paged,bank1,0xD821,ajmp,0xD87B,no,0,24,no,,,,,,
0x1585D,paged,bank1,0xD85D,ajmp,0xD97A,no,0,24,no,,,,,,
0x15877,paged,bank1,0xD877,ajmp,0xD87B,no,0,24,no,,,,,,
0x15889,paged,bank1,0xD889,ajmp,0xD8FF,yes,2,22,no,,,,,,
0x15890,paged,bank1,0xD890,ajmp,0xD840,yes,2,22,no,,,,,,
0x15892,paged,bank1,0xD892,ajmp,0xD8F0,yes,3,21,no,,,,,,
0x158E4,paged,bank1,0xD8E4,acall,0xDFFA,no,0,24,no,,,,,,
0x158EB,paged,bank1,0xD8EB,acall,0xDF13,no,0,24,no,,,,,,
0x158EF,paged,bank1,0xD8EF,ajmp,0xD822,no,0,24,no,,,,,,
0x158F2,paged,bank1,0xD8F2,ajmp,0xD8F9,no,0,24,no,,,,,,
0x15910,paged,bank1,0xD910,acall,0xDCE0,yes,2,22,no,,,,,,
0x1591F,paged,bank1,0xD91F,ajmp,0xD879,no,0,24,no,,,,,,
0x15925,paged,bank1,0xD925,ajmp,0xD879,no,0,24,no,,,,,,
0x1594E,paged,bank1,0xD94E,ajmp,0xDC90,yes,1,23,no,,,,,,
0x15967,paged,bank1,0xD967,ajmp,0xD822,yes,1,23,no,,,,,,
0x15991,paged,bank1,0xD991,ajmp,0xD80C,no,0,24,no,,,,,,
0x1599D,paged,bank1,0xD99D,acall,0xDC82,yes,1,23,no,,,,,,
0x159A4,paged,bank1,0xD9A4,acall,0xDC93,no,0,24,no,,,,,,
0x159C9,paged,bank1,0xD9C9,ajmp,0xD890,no,0,24,no,,,,,,
0x159D3,paged,bank1,0xD9D3,acall,0xDCE0,yes,1,23,no,,,,,,
0x159E7,paged,bank1,0xD9E7,ajmp,0xD880,yes,2,22,no,,,,,,
0x159F0,paged,bank1,0xD9F0,ajmp,0xD880,yes,2,22,no,,,,,,
0x159F9,paged,bank1,0xD9F9,ajmp,0xD880,yes,2,22,no,,,,,,
0x15A19,paged,bank1,0xDA19,ajmp,0xD80B,no,0,24,no,,,,,,
0x15A2F,paged,bank1,0xDA2F,ajmp,0xD820,yes,3,21,no,,,,,,
0x15A79,paged,bank1,0xDA79,ajmp,0xDF0D,yes,2,22,no,,,,,,
0x15A7E,paged,bank1,0xDA7E,ajmp,0xD8F0,no,0,24,no,,,,,,
0x15A97,paged,bank1,0xDA97,ajmp,0xD822,yes,1,23,no,,,,,,
0x15AAA,paged,bank1,0xDAAA,ajmp,0xD8F0,no,0,24,no,,,,,,
0x15ACB,paged,bank1,0xDACB,ajmp,0xD990,yes,1,23,no,,,,,,
0x15AF4,paged,bank1,0xDAF4,ajmp,0xD8A9,yes,1,23,no,,,,,,
0x15B0C,paged,bank1,0xDB0C,ajmp,0xDD90,no,0,24,no,,,,,,
0x15B12,paged,bank1,0xDB12,acall,0xDE74,yes,3,21,no,,,,,,
0x15B1D,paged,bank1,0xDB1D,ajmp,0xD822,yes,2,22,no,,,,,,
0x15B33,paged,bank1,0xDB33,ajmp,0xD822,yes,2,22,no,,,,,,
0x15B48,paged,bank1,0xDB48,acall,0xDCE0,yes,2,22,no,,,,,,
0x15B50,paged,bank1,0xDB50,acall,0xDCE0,yes,1,23,no,,,,,,
0x15B58,paged,bank1,0xDB58,acall,0xDCE0,yes,1,23,no,,,,,,
0x15B5E,paged,bank1,0xDB5E,acall,0xDCF0,yes,2,22,no,,,,,,
0x15B73,paged,bank1,0xDB73,ajmp,0xD822,yes,2,22,no,,,,,,
0x15B84,paged,bank1,0xDB84,ajmp,0xD822,yes,2,22,no,,,,,,
0x15BC7,paged,bank1,0xDBC7,acall,0xDCF0,yes,1,23,no,,,,,,
0x15BD9,paged,bank1,0xDBD9,ajmp,0xD890,yes,2,22,no,,,,,,
0x15BFE,paged,bank1,0xDBFE,ajmp,0xDD90,no,0,24,no,,,,,,
0x15C53,paged,bank1,0xDC53,ajmp,0xDD90,no,0,24,no,,,,,,
0x15C69,paged,bank1,0xDC69,ajmp,0xDD90,no,0,24,no,,,,,,
0x15C7F,paged,bank1,0xDC7F,ajmp,0xDD90,no,0,24,no,,,,,,
0x15CBD,paged,bank1,0xDCBD,ajmp,0xD802,yes,24,0,no,,,,,,
0x15CCD,paged,bank1,0xDCCD,acall,0xD812,no,0,24,no,,,,,,
0x15CDD,paged,bank1,0xDCDD,ajmp,0xD922,no,0,24,no,,,,,,
0x15CED,paged,bank1,0xDCED,acall,0xD932,no,0,24,no,,,,,,
0x15CFD,paged,bank1,0xDCFD,ajmp,0xDA42,no,0,24,no,,,,,,
0x15D0D,paged,bank1,0xDD0D,acall,0xDA52,no,0,24,no,,,,,,
0x15DBD,paged,bank1,0xDDBD,ajmp,0xD802,yes,24,0,no,,,,,,
0x15DCD,paged,bank1,0xDDCD,acall,0xD812,no,0,24,no,,,,,,
0x15DDD,paged,bank1,0xDDDD,ajmp,0xD922,no,0,24,no,,,,,,
0x15DED,paged,bank1,0xDDED,acall,0xD932,no,0,24,no,,,,,,
0x15DFD,paged,bank1,0xDDFD,ajmp,0xDA42,no,0,24,no,,,,,,
0x15E0D,paged,bank1,0xDE0D,acall,0xDA52,no,0,24,no,,,,,,
0x15E44,paged,bank1,0xDE44,ajmp,0xDBE0,no,0,24,no,,,,,,
0x15E69,paged,bank1,0xDE69,ajmp,0xDD90,yes,1,23,no,,,,,,
0x15E72,paged,bank1,0xDE72,ajmp,0xD8F0,yes,1,23,no,,,,,,
0x15E76,paged,bank1,0xDE76,ajmp,0xDF2D,no,0,24,no,,,,,,
0x15E83,paged,bank1,0xDE83,ajmp,0xDBE0,no,0,24,no,,,,,,
0x15EB1,paged,bank1,0xDEB1,ajmp,0xDBF0,no,0,24,no,,,,,,
0x15EB8,paged,bank1,0xDEB8,ajmp,0xD820,no,0,24,no,,,,,,
0x15ECC,paged,bank1,0xDECC,ajmp,0xD822,no,0,24,no,,,,,,
0x15EDD,paged,bank1,0xDEDD,ajmp,0xDCE0,yes,3,21,no,,,,,,
0x15EF2,paged,bank1,0xDEF2,ajmp,0xD873,no,0,24,no,,,,,,
0x15F02,paged,bank1,0xDF02,ajmp,0xD863,no,0,24,no,,,,,,
0x15F17,paged,bank1,0xDF17,ajmp,0xD84E,no,0,24,no,,,,,,
0x15F3C,paged,bank1,0xDF3C,ajmp,0xD829,no,0,24,no,,,,,,
0x15F40,paged,bank1,0xDF40,ajmp,0xDEF0,yes,1,23,no,,,,,,
0x15F4D,paged,bank1,0xDF4D,ajmp,0xDDE0,yes,2,22,no,,,,,,
0x16040,paged,bank1,0xE040,acall,0xE4E0,yes,1,23,no,,,,,,
0x1604A,paged,bank1,0xE04A,acall,0xE4E0,yes,3,21,no,,,,,,
0x16054,paged,bank1,0xE054,acall,0xE4E0,yes,1,23,no,,,,,,
0x1605C,paged,bank1,0xE05C,acall,0xE4F0,yes,2,22,no,,,,,,
0x16066,paged,bank1,0xE066,acall,0xE4E0,yes,4,20,no,,,,,,
0x160A9,paged,bank1,0xE0A9,ajmp,0xE090,no,0,24,no,,,,,,
0x160E0,paged,bank1,0xE0E0,ajmp,0xE001,no,0,24,no,,,,,,
0x160E1,paged,bank1,0xE0E1,ajmp,0xE022,no,0,24,no,,,,,,
0x16102,paged,bank1,0xE102,ajmp,0xE5E0,yes,1,23,no,,,,,,
0x16159,paged,bank1,0xE159,ajmp,0xE090,no,0,24,no,,,,,,
0x16162,paged,bank1,0xE162,ajmp,0xE0F0,yes,1,23,no,,,,,,
0x16166,paged,bank1,0xE166,ajmp,0xE76F,no,0,24,no,,,,,,
0x16173,paged,bank1,0xE173,acall,0xE4E0,yes,1,23,no,,,,,,
0x16184,paged,bank1,0xE184,ajmp,0xE5F9,yes,4,20,no,,,,,,
0x1618B,paged,bank1,0xE18B,ajmp,0xE000,no,0,24,no,,,,,,
0x161DC,paged,bank1,0xE1DC,ajmp,0xE040,no,0,24,no,,,,,,
0x16244,paged,bank1,0xE244,ajmp,0xE090,no,0,24,no,,,,,,
0x1624D,paged,bank1,0xE24D,ajmp,0xE0F0,yes,1,23,no,,,,,,
0x16253,paged,bank1,0xE253,ajmp,0xE7FB,no,0,24,no,,,,,,
0x1626C,paged,bank1,0xE26C,acall,0xE4E0,yes,1,23,no,,,,,,
0x16278,paged,bank1,0xE278,ajmp,0xE590,yes,1,23,no,,,,,,
0x1629D,paged,bank1,0xE29D,ajmp,0xE0F0,no,0,24,no,,,,,,
0x162DC,paged,bank1,0xE2DC,ajmp,0xE002,no,0,24,no,,,,,,
0x162F1,paged,bank1,0xE2F1,ajmp,0xE5E0,yes,2,22,no,,,,,,
0x162F4,paged,bank1,0xE2F4,ajmp,0xE724,no,0,24,no,,,,,,
0x1630F,paged,bank1,0xE30F,ajmp,0xE090,no,0,24,no,,,,,,
0x16354,paged,bank1,0xE354,ajmp,0xE080,no,0,24,no,,,,,,
0x16356,paged,bank1,0xE356,acall,0xE090,yes,1,23,no,,,,,,
0x16367,paged,bank1,0xE367,ajmp,0xE090,no,0,24,no,,,,,,
0x16390,paged,bank1,0xE390,ajmp,0xE0F0,yes,1,23,no,,,,,,
0x1639E,paged,bank1,0xE39E,ajmp,0xE711,no,0,24,no,,,,,,
0x1639F,paged,bank1,0xE39F,acall,0xE054,no,0,24,no,,,,,,
0x163D1,paged,bank1,0xE3D1,ajmp,0xE5E0,yes,1,23,no,,,,,,
0x163E0,paged,bank1,0xE3E0,ajmp,0xE590,no,0,24,no,,,,,,
0x163E9,paged,bank1,0xE3E9,ajmp,0xE0F0,yes,1,23,no,,,,,,
0x16406,paged,bank1,0xE406,ajmp,0xE0F0,yes,1,23,no,,,,,,
0x1640E,paged,bank1,0xE40E,ajmp,0xE717,no,0,24,no,,,,,,
0x16426,paged,bank1,0xE426,ajmp,0xE012,no,0,24,no,,,,,,
0x1642C,paged,bank1,0xE42C,ajmp,0xE003,no,0,24,no,,,,,,
0x16446,paged,bank1,0xE446,ajmp,0xE241,yes,24,0,no,,,,,,
0x16447,paged,bank1,0xE447,ajmp,0xE203,no,0,24,no,,,,,,
0x16458,paged,bank1,0xE458,acall,0xE251,yes,24,0,no,,,,,,
0x16459,paged,bank1,0xE459,acall,0xE203,no,0,24,no,,,,,,
0x164C9,paged,bank1,0xE4C9,ajmp,0xE0F0,yes,1,23,no,,,,,,
0x164D4,paged,bank1,0xE4D4,ajmp,0xE012,no,0,24,no,,,,,,
0x164EE,paged,bank1,0xE4EE,ajmp,0xE75F,no,0,24,no,,,,,,
0x16513,paged,bank1,0xE513,ajmp,0xE009,no,0,24,no,,,,,,
0x16517,paged,bank1,0xE517,ajmp,0xE5E0,yes,1,23,no,,,,,,
0x16523,paged,bank1,0xE523,ajmp,0xE5E0,yes,2,22,no,,,,,,
0x16526,paged,bank1,0xE526,ajmp,0xE7F0,no,0,24,no,,,,,,
0x1652F,paged,bank1,0xE52F,ajmp,0xE5E0,yes,1,23,no,,,,,,
0x1653B,paged,bank1,0xE53B,ajmp,0xE5E0,yes,1,23,no,,,,,,
0x16554,paged,bank1,0xE554,ajmp,0xE040,no,0,24,no,,,,,,
0x1655D,paged,bank1,0xE55D,ajmp,0xE5F0,yes,1,23,no,,,,,,
0x16569,paged,bank1,0xE569,ajmp,0xE090,no,0,24,no,,,,,,
0x1656C,paged,bank1,0xE56C,ajmp,0xE4F0,yes,2,22,no,,,,,,
0x16571,paged,bank1,0xE571,ajmp,0xE5E0,yes,1,23,no,,,,,,
0x165CB,paged,bank1,0xE5CB,ajmp,0xE0FB,no,0,24,no,,,,,,
0x1660E,paged,bank1,0xE60E,ajmp,0xE0E4,no,0,24,no,,,,,,
0x16618,paged,bank1,0xE618,acall,0xE4E0,yes,1,23,no,,,,,,
0x16661,paged,bank1,0xE661,acall,0xE4E0,yes,1,23,no,,,,,,
0x1669D,paged,bank1,0xE69D,ajmp,0xE0FB,no,0,24,no,,,,,,
0x166C0,paged,bank1,0xE6C0,ajmp,0xE0FB,no,0,24,no,,,,,,
0x166FF,paged,bank1,0xE6FF,ajmp,0xE07A,yes,1,23,no,,,,,,
0x1671B,paged,bank1,0xE71B,ajmp,0xE07B,no,0,24,no,,,,,,
0x16726,paged,bank1,0xE726,ajmp,0xE012,no,0,24,no,,,,,,
0x16766,paged,bank1,0xE766,ajmp,0xE0F0,yes,1,23,no,,,,,,
0x16777,paged,bank1,0xE777,ajmp,0xE022,no,0,24,no,,,,,,
0x1678C,paged,bank1,0xE78C,ajmp,0xE707,yes,2,22,no,,,,,,
0x1679B,paged,bank1,0xE79B,ajmp,0xE070,no,0,24,no,,,,,,
0x167DF,paged,bank1,0xE7DF,ajmp,0xE0F5,yes,17,7,no,,,,,,
0x167E1,paged,bank1,0xE7E1,ajmp,0xE0E9,yes,16,8,no,,,,,,
0x167E3,paged,bank1,0xE7E3,ajmp,0xE0DE,yes,24,0,no,,,,,,
0x167E5,paged,bank1,0xE7E5,ajmp,0xE0D3,yes,23,1,no,,,,,,
0x167E7,paged,bank1,0xE7E7,ajmp,0xE0C8,yes,24,0,no,,,,,,
0x167E9,paged,bank1,0xE7E9,ajmp,0xE0BE,yes,24,0,no,,,,,,
0x167EB,paged,bank1,0xE7EB,ajmp,0xE0B3,yes,23,1,no,,,,,,
0x167ED,paged,bank1,0xE7ED,ajmp,0xE0A9,yes,24,0,no,,,,,,
0x167EF,paged,bank1,0xE7EF,ajmp,0xE09E,yes,23,1,no,,,,,,
0x167F1,paged,bank1,0xE7F1,ajmp,0xE094,yes,24,0,no,,,,,,
0x167F3,paged,bank1,0xE7F3,ajmp,0xE08A,yes,23,1,no,,,,,,
0x167F5,paged,bank1,0xE7F5,ajmp,0xE081,yes,22,2,no,,,,,,
0x167F6,paged,bank1,0xE7F6,ajmp,0xE401,yes,2,22,no,,,,,,
0x167F7,paged,bank1,0xE7F7,ajmp,0xE077,yes,21,3,no,,,,,,
0x167F9,paged,bank1,0xE7F9,ajmp,0xE06E,yes,20,4,no,,,,,,
0x167FB,paged,bank1,0xE7FB,ajmp,0xE064,yes,24,0,no,,,,,,
0x167FD,paged,bank1,0xE7FD,ajmp,0xE05B,yes,23,1,no,,,,,,
0x167FF,paged,bank1,0xE7FF,ajmp,0xE853,yes,24,0,no,,,,,,
0x16801,paged,bank1,0xE801,ajmp,0xE84A,yes,23,1,no,,,,,,
0x16803,paged,bank1,0xE803,ajmp,0xE841,yes,24,0,no,,,,,,
0x16804,paged,bank1,0xE804,ajmp,0xEA01,no,0,24,no,,,,,,
0x16805,paged,bank1,0xE805,ajmp,0xE839,yes,23,1,no,,,,,,
0x16807,paged,bank1,0xE807,ajmp,0xE831,yes,24,0,no,,,,,,
0x16808,paged,bank1,0xE808,acall,0xE901,no,0,24,no,,,,,,
0x16809,paged,bank1,0xE809,ajmp,0xE829,yes,23,1,no,,,,,,
0x1680B,paged,bank1,0xE80B,ajmp,0xE821,yes,24,0,no,,,,,,
0x1680C,paged,bank1,0xE80C,ajmp,0xE901,no,0,24,no,,,,,,
0x1680D,paged,bank1,0xE80D,ajmp,0xE81A,yes,23,1,no,,,,,,
0x1680F,paged,bank1,0xE80F,ajmp,0xE812,yes,24,0,no,,,,,,
0x16811,paged,bank1,0xE811,ajmp,0xE80B,yes,23,1,no,,,,,,
0x16813,paged,bank1,0xE813,ajmp,0xE804,yes,24,0,no,,,,,,
0x16824,paged,bank1,0xE824,acall,0xEE00,yes,24,0,no,,,,,,
0x1682A,paged,bank1,0xE82A,ajmp,0xEE00,yes,24,0,no,,,,,,
0x16894,paged,bank1,0xE894,acall,0xE900,yes,24,0,no,,,,,,
0x168A3,paged,bank1,0xE8A3,acall,0xE990,yes,1,23,no,,,,,,
0x168B2,paged,bank1,0xE8B2,ajmp,0xE8FD,no,0,24,no,,,,,,
0x168BF,paged,bank1,0xE8BF,acall,0xED12,yes,2,22,no,,,,,,
0x168D6,paged,bank1,0xE8D6,acall,0xED12,yes,1,23,no,,,,,,
0x1690E,paged,bank1,0xE90E,ajmp,0xE87C,no,0,24,no,,,,,,
0x16918,paged,bank1,0xE918,ajmp,0xE8E4,no,0,24,no,,,,,,
0x16941,paged,bank1,0xE941,acall,0xE81A,yes,24,0,no,,,,,,
0x1694B,paged,bank1,0xE94B,acall,0xE81B,yes,24,0,no,,,,,,
0x16983,paged,bank1,0xE983,ajmp,0xEA19,yes,24,0,no,,,,,,
0x16993,paged,bank1,0xE993,acall,0xE819,yes,24,0,no,,,,,,
0x169AB,paged,bank1,0xE9AB,acall,0xEE18,yes,24,0,no,,,,,,
0x16A35,paged,bank1,0xEA35,acall,0xE828,yes,1,23,no,,,,,,
0x16A85,paged,bank1,0xEA85,ajmp,0xEA26,yes,24,0,no,,,,,,
0x16AA3,paged,bank1,0xEAA3,ajmp,0xEC24,no,0,24,no,,,,,,
0x16B23,paged,bank1,0xEB23,acall,0xEF26,yes,23,1,no,,,,,,
0x16B3D,paged,bank1,0xEB3D,ajmp,0xEC36,yes,24,0,no,,,,,,
0x16B49,paged,bank1,0xEB49,ajmp,0xE835,no,0,24,no,,,,,,
0x16B7F,paged,bank1,0xEB7F,acall,0xED36,no,0,24,no,,,,,,
0x16B92,paged,bank1,0xEB92,acall,0xE9FB,yes,24,0,no,,,,,,
0x16BA2,paged,bank1,0xEBA2,acall,0xE954,yes,22,2,no,,,,,,
0x16BA4,paged,bank1,0xEBA4,acall,0xE98B,yes,23,1,no,,,,,,
0x16BA6,paged,bank1,0xEBA6,acall,0xE9C3,yes,22,2,no,,,,,,
0x16BA8,paged,bank1,0xEBA8,acall,0xE9FA,yes,24,0,no,,,,,,
0x16BAF,paged,bank1,0xEBAF,ajmp,0xED32,yes,24,0,no,,,,,,
0x16BCB,paged,bank1,0xEBCB,ajmp,0xEB39,yes,24,0,no,,,,,,
0x16BDD,paged,bank1,0xEBDD,acall,0xED3A,yes,24,0,no,,,,,,
0x16C05,paged,bank1,0xEC05,ajmp,0xEE37,yes,24,0,no,,,,,,
0x16C39,paged,bank1,0xEC39,ajmp,0xE91F,yes,24,0,no,,,,,,
0x16C55,paged,bank1,0xEC55,acall,0xEE1D,yes,24,0,no,,,,,,
0x16C61,paged,bank1,0xEC61,ajmp,0xE81B,yes,24,0,no,,,,,,
0x16CC1,paged,bank1,0xECC1,acall,0xEA1E,yes,21,3,no,,,,,,
0x16CDD,paged,bank1,0xECDD,acall,0xE91F,yes,24,0,no,,,,,,
0x16CF3,paged,bank1,0xECF3,ajmp,0xEB1D,yes,24,0,no,,,,,,
0x16EA2,paged,bank1,0xEEA2,acall,0xE9CE,yes,24,0,no,,,,,,
0x16F3A,paged,bank1,0xEF3A,ajmp,0xEF35,no,0,24,no,,,,,,
0x16F8E,paged,bank1,0xEF8E,acall,0xE890,no,0,24,no,,,,,,
0x1701D,paged,bank1,0xF01D,ajmp,0xF212,yes,1,23,no,,,,,,
0x17027,paged,bank1,0xF027,acall,0xF312,yes,1,23,no,,,,,,
0x17031,paged,bank1,0xF031,ajmp,0xF512,yes,1,23,no,,,,,,
0x1703B,paged,bank1,0xF03B,acall,0xF612,yes,1,23,no,,,,,,
0x17042,paged,bank1,0xF042,acall,0xF701,no,0,24,no,,,,,,
0x17043,paged,bank1,0xF043,ajmp,0xF002,no,0,24,no,,,,,,
0x17045,paged,bank1,0xF045,acall,0xF702,yes,1,23,no,,,,,,
0x17048,paged,bank1,0xF048,acall,0xF704,no,0,24,no,,,,,,
0x1704B,paged,bank1,0xF04B,acall,0xF706,no,0,24,no,,,,,,
0x1704E,paged,bank1,0xF04E,acall,0xF709,no,0,24,no,,,,,,
0x17051,paged,bank1,0xF051,acall,0xF70C,no,0,24,no,,,,,,
0x17054,paged,bank1,0xF054,acall,0xF70D,no,0,24,no,,,,,,
0x17057,paged,bank1,0xF057,acall,0xF710,no,0,24,no,,,,,,
0x1705A,paged,bank1,0xF05A,acall,0xF713,no,0,24,no,,,,,,
0x1705D,paged,bank1,0xF05D,acall,0xF716,no,0,24,no,,,,,,
0x17060,paged,bank1,0xF060,acall,0xF719,no,0,24,no,,,,,,
0x17063,paged,bank1,0xF063,acall,0xF71C,no,0,24,no,,,,,,
0x17066,paged,bank1,0xF066,acall,0xF71F,no,0,24,no,,,,,,
0x17069,paged,bank1,0xF069,acall,0xF722,no,0,24,no,,,,,,
0x1706C,paged,bank1,0xF06C,acall,0xF723,no,0,24,no,,,,,,
0x1706F,paged,bank1,0xF06F,acall,0xF726,no,0,24,no,,,,,,
0x17072,paged,bank1,0xF072,acall,0xF727,no,0,24,no,,,,,,
0x17075,paged,bank1,0xF075,acall,0xF727,no,0,24,no,,,,,,
0x17078,paged,bank1,0xF078,acall,0xF727,no,0,24,no,,,,,,
0x1707B,paged,bank1,0xF07B,acall,0xF727,no,0,24,no,,,,,,
0x1707E,paged,bank1,0xF07E,acall,0xF727,no,0,24,no,,,,,,
0x17081,paged,bank1,0xF081,acall,0xF727,no,0,24,no,,,,,,
0x17084,paged,bank1,0xF084,acall,0xF727,no,0,24,no,,,,,,
0x17087,paged,bank1,0xF087,acall,0xF727,no,0,24,no,,,,,,
0x1708A,paged,bank1,0xF08A,acall,0xF727,no,0,24,no,,,,,,
0x1708D,paged,bank1,0xF08D,acall,0xF727,no,0,24,no,,,,,,
0x17090,paged,bank1,0xF090,acall,0xF727,no,0,24,no,,,,,,
0x17093,paged,bank1,0xF093,acall,0xF727,no,0,24,no,,,,,,
0x17096,paged,bank1,0xF096,acall,0xF727,no,0,24,no,,,,,,
0x17099,paged,bank1,0xF099,acall,0xF727,no,0,24,no,,,,,,
0x1709C,paged,bank1,0xF09C,acall,0xF727,no,0,24,no,,,,,,
0x1709F,paged,bank1,0xF09F,acall,0xF727,no,0,24,no,,,,,,
0x170A2,paged,bank1,0xF0A2,acall,0xF728,no,0,24,no,,,,,,
0x170A5,paged,bank1,0xF0A5,acall,0xF728,no,0,24,no,,,,,,
0x170A8,paged,bank1,0xF0A8,acall,0xF728,no,0,24,no,,,,,,
0x170AB,paged,bank1,0xF0AB,acall,0xF728,no,0,24,no,,,,,,
0x170AE,paged,bank1,0xF0AE,acall,0xF728,no,0,24,no,,,,,,
0x170B1,paged,bank1,0xF0B1,acall,0xF729,no,0,24,no,,,,,,
0x170B4,paged,bank1,0xF0B4,acall,0xF73C,no,0,24,no,,,,,,
0x170B7,paged,bank1,0xF0B7,acall,0xF73C,no,0,24,no,,,,,,
0x170BA,paged,bank1,0xF0BA,acall,0xF73C,no,0,24,no,,,,,,
0x170BD,paged,bank1,0xF0BD,acall,0xF73C,no,0,24,no,,,,,,
0x170C0,paged,bank1,0xF0C0,acall,0xF73C,no,0,24,no,,,,,,
0x170C3,paged,bank1,0xF0C3,acall,0xF73C,no,0,24,no,,,,,,
0x170C6,paged,bank1,0xF0C6,acall,0xF73C,no,0,24,no,,,,,,
0x170C9,paged,bank1,0xF0C9,acall,0xF73C,no,0,24,no,,,,,,
0x170CC,paged,bank1,0xF0CC,acall,0xF73C,no,0,24,no,,,,,,
0x170CF,paged,bank1,0xF0CF,acall,0xF73C,no,0,24,no,,,,,,
0x170D2,paged,bank1,0xF0D2,acall,0xF73D,no,0,24,no,,,,,,
0x170D5,paged,bank1,0xF0D5,acall,0xF73E,no,0,24,no,,,,,,
0x170D8,paged,bank1,0xF0D8,acall,0xF73E,no,0,24,no,,,,,,
0x170DB,paged,bank1,0xF0DB,acall,0xF73E,no,0,24,no,,,,,,
0x170DE,paged,bank1,0xF0DE,acall,0xF73E,no,0,24,no,,,,,,
0x170E1,paged,bank1,0xF0E1,acall,0xF73E,no,0,24,no,,,,,,
0x170E4,paged,bank1,0xF0E4,acall,0xF73E,no,0,24,no,,,,,,
0x170E7,paged,bank1,0xF0E7,acall,0xF73E,no,0,24,no,,,,,,
0x170EA,paged,bank1,0xF0EA,acall,0xF73E,no,0,24,no,,,,,,
0x170ED,paged,bank1,0xF0ED,acall,0xF73E,no,0,24,no,,,,,,
0x170F0,paged,bank1,0xF0F0,acall,0xF73E,no,0,24,no,,,,,,
0x170F3,paged,bank1,0xF0F3,acall,0xF73E,no,0,24,no,,,,,,
0x170F6,paged,bank1,0xF0F6,acall,0xF73E,no,0,24,no,,,,,,
0x170F9,paged,bank1,0xF0F9,acall,0xF73E,no,0,24,no,,,,,,
0x170FC,paged,bank1,0xF0FC,acall,0xF73E,no,0,24,no,,,,,,
0x170FF,paged,bank1,0xF0FF,acall,0xF73E,no,0,24,no,,,,,,
0x17107,paged,bank1,0xF107,acall,0xF78A,no,0,24,no,,,,,,
0x1710A,paged,bank1,0xF10A,acall,0xF796,yes,1,23,no,,,,,,
0x17124,paged,bank1,0xF124,acall,0xF798,no,0,24,no,,,,,,
0x1713F,paged,bank1,0xF13F,ajmp,0xF602,yes,24,0,no,,,,,,
0x1714F,paged,bank1,0xF14F,acall,0xF012,yes,24,0,no,,,,,,
0x17165,paged,bank1,0xF165,ajmp,0xF01A,no,0,24,no,,,,,,
0x1717F,paged,bank1,0xF17F,ajmp,0xF0F0,no,0,24,no,,,,,,
0x171AF,paged,bank1,0xF1AF,acall,0xF7F8,no,0,24,no,,,,,,
0x171C1,paged,bank1,0xF1C1,ajmp,0xF2E0,yes,1,23,no,,,,,,
0x171C4,paged,bank1,0xF1C4,ajmp,0xF060,no,0,24,no,,,,,,
0x171F6,paged,bank1,0xF1F6,acall,0xF753,no,0,24,no,,,,,,
0x1721E,paged,bank1,0xF21E,ajmp,0xF022,no,0,24,no,,,,,,
0x17234,paged,bank1,0xF234,ajmp,0xF7F0,no,0,24,no,,,,,,
0x17244,paged,bank1,0xF244,acall,0xF753,no,0,24,no,,,,,,
0x1724B,paged,bank1,0xF24B,ajmp,0xF024,no,0,24,no,,,,,,
0x1725F,paged,bank1,0xF25F,acall,0xF074,no,0,24,no,,,,,,
0x17273,paged,bank1,0xF273,acall,0xF753,no,0,24,no,,,,,,
0x1728A,paged,bank1,0xF28A,acall,0xF3E0,yes,1,23,no,,,,,,
0x172A7,paged,bank1,0xF2A7,acall,0xF3E0,yes,1,23,no,,,,,,
0x172C4,paged,bank1,0xF2C4,acall,0xF3E0,yes,1,23,no,,,,,,
0x17324,paged,bank1,0xF324,ajmp,0xF00D,no,0,24,no,,,,,,
0x17339,paged,bank1,0xF339,ajmp,0xF00D,no,0,24,no,,,,,,
0x1734E,paged,bank1,0xF34E,ajmp,0xF00D,no,0,24,no,,,,,,
0x17363,paged,bank1,0xF363,ajmp,0xF01B,no,0,24,no,,,,,,
0x17386,paged,bank1,0xF386,ajmp,0xF02E,no,0,24,no,,,,,,
0x17394,paged,bank1,0xF394,ajmp,0xF070,no,0,24,no,,,,,,
0x1739F,paged,bank1,0xF39F,ajmp,0xF212,no,0,24,no,,,,,,
0x173AA,paged,bank1,0xF3AA,ajmp,0xF0F0,no,0,24,no,,,,,,
