addr,kind,site_runtime,branch,test,arm,arm_start,callee,region,insns,xdata,code_pointers,code_immediates,callees,unattributed,dp_causes,ends,status,window
0x0046,arm,0xE280,0xE286,"xrl a,#0x64 ; jnz  0xe2a0",taken,0xE2A0,,bank0,83,0x0045 write ; 0x0046 read ; 0x0083 r+w ; 0x1036 write ; 0x1120 write ; 0x1121 r+w ; 0x1304 read ; 0x1500 read ; 0x1510 read ; 0x1514 read ; 0x2011 r+w,,,0x1978 ; 0x0200,0,,tail jump to a callee; loop back to 0xE2D8; loop back to 0xE280; loop back to 0xE2A0; loop back to 0xE2E2; loop back to 0xE2F6; loop back to 0xE31C; loop back to 0xE31A,complete,"0xE2A0 mov dptr,#0x0046 ; 0xE2A3 movx a,@dptr ; 0xE2A4 xrl a,#0x66 ; 0xE2A6 jnz 0xe2c0 ; 0xE2A8 mov dptr,#0x1500 ; 0xE2AB movx a,@dptr ; 0xE2AC jnb acc.1,0xe280 ; 0xE2AF mov dptr,#0x1500 ; 0xE2B2 movx a,@dptr ; 0xE2B3 jb acc.3,0xe2bb ; 0xE2B6 mov dptr,#0x1504 ; 0xE2B9 sjmp 0xe2d8 | 0xE2C0 mov dptr,#0x0046 ; 0xE2C3 movx a,@dptr ; 0xE2C4 cjne a,#0x6c,0xe2e7 ; 0xE2C7 mov dptr,#0x1510 ; 0xE2CA movx a,@dptr ; 0xE2CB jnb acc.1,0xe280 ; 0xE2CE mov dptr,#0x1510 ; 0xE2D1 movx a,@dptr ; 0xE2D2 jb acc.3,0xe2df ; 0xE2D5 mov dptr,#0x1514 ; 0xE2D8 movx a,@dptr ; 0xE2D9 mov dptr,#0x0083 ; 0xE2DC movx @dptr,a ; 0xE2DD sjmp 0xe280 | 0xE280 mov dptr,#0x0046 ; 0xE283 movx a,@dptr ; 0xE284 xrl a,#0x64 ; 0xE286 jnz 0xe2a0 ; 0xE288 mov dptr,#0x1304 ; 0xE28B movx a,@dptr ; 0xE28C jnb acc.1,0xe280 ; 0xE28F mov dptr,#0x1304 ; 0xE292 movx a,@dptr ; 0xE293 jb acc.3,0xe29b ; 0xE296 mov dptr,#0x130a ; 0xE299 sjmp 0xe2d8 | 0xE2BB mov dptr,#0x1504 ; 0xE2BE sjmp 0xe2e2 | 0xE2E7 mov dptr,#0x0083 ; 0xE2EA movx a,@dptr ; 0xE2EB cjne a,#0x95,0xe2f6 ; 0xE2EE mov dptr,#0x0045 ; 0xE2F1 mov a,#0x33 ; 0xE2F3 movx @dptr,a ; 0xE2F4 sjmp 0xe31c | 0xE2DF mov dptr,#0x1514 ; 0xE2E2 movx a,@dptr ; 0xE2E3 mov dptr,#0x0083 ; 0xE2E6 movx @dptr,a ; 0xE2E7 mov dptr,#0x0083 ; 0xE2EA movx a,@dptr ; 0xE2EB cjne a,#0x95,0xe2f6 ; 0xE2EE mov dptr,#0x0045 ; 0xE2F1 mov a,#0x33 ; 0xE2F3 movx @dptr,a ; 0xE2F4 sjmp 0xe31c | 0xE29B mov dptr,#0x130a ; 0xE29E sjmp 0xe2e2 | 0xE2F6 mov dptr,#0x0083 ; 0xE2F9 movx a,@dptr ; 0xE2FA xrl a,#0xaf ; 0xE2FC jnz 0xe280 ; 0xE2FE mov dptr,#0x1036 ; 0xE301 movx @dptr,a ; 0xE302 mov dptr,#0x1121 ; 0xE305 movx a,@dptr ; 0xE306 anl a,#0xf7 ; 0xE308 movx @dptr,a ; 0xE309 mov dptr,#0x1120 ; 0xE30C mov a,#0x08 ; 0xE30E movx @dptr,a ; 0xE30F mov dptr,#0x2011 ; 0xE312 movx a,@dptr ; 0xE313 orl a,#0x01 ; 0xE315 movx @dptr,a ; 0xE316 setb 0xd8.0 ; 0xE318 setb 0xd8.1 ; 0xE31A sjmp 0xe31a | 0xE31C lcall 0x1978 ; 0xE31F nop ; 0xE320 ljmp 0x0200"
0x0046,arm,0xE280,0xE286,"xrl a,#0x64 ; jnz  0xe2a0",fall-through,0xE288,,bank0,98,0x0045 write ; 0x0046 read ; 0x0083 r+w ; 0x1036 write ; 0x1120 write ; 0x1121 r+w ; 0x1304 read ; 0x130A read ; 0x1500 read ; 0x1510 read ; 0x1514 read ; 0x2011 r+w,,,0x1978 ; 0x0200,0,,tail jump to a callee; loop back to 0xE280; loop back to 0xE29B; loop back to 0xE2D8; loop back to 0xE2E7; loop back to 0xE2E2; loop back to 0xE31A; loop back to 0xE2F6; loop back to 0xE31C,complete,"0xE288 mov dptr,#0x1304 ; 0xE28B movx a,@dptr ; 0xE28C jnb acc.1,0xe280 ; 0xE28F mov dptr,#0x1304 ; 0xE292 movx a,@dptr ; 0xE293 jb acc.3,0xe29b ; 0xE296 mov dptr,#0x130a ; 0xE299 sjmp 0xe2d8 | 0xE280 mov dptr,#0x0046 ; 0xE283 movx a,@dptr ; 0xE284 xrl a,#0x64 ; 0xE286 jnz 0xe2a0 ; 0xE288 mov dptr,#0x1304 ; 0xE28B movx a,@dptr ; 0xE28C jnb acc.1,0xe280 ; 0xE28F mov dptr,#0x1304 ; 0xE292 movx a,@dptr ; 0xE293 jb acc.3,0xe29b ; 0xE296 mov dptr,#0x130a ; 0xE299 sjmp 0xe2d8 | 0xE29B mov dptr,#0x130a ; 0xE29E sjmp 0xe2e2 | 0xE2D8 movx a,@dptr ; 0xE2D9 mov dptr,#0x0083 ; 0xE2DC movx @dptr,a ; 0xE2DD sjmp 0xe280 | 0xE2A0 mov dptr,#0x0046 ; 0xE2A3 movx a,@dptr ; 0xE2A4 xrl a,#0x66 ; 0xE2A6 jnz 0xe2c0 ; 0xE2A8 mov dptr,#0x1500 ; 0xE2AB movx a,@dptr ; 0xE2AC jnb acc.1,0xe280 ; 0xE2AF mov dptr,#0x1500 ; 0xE2B2 movx a,@dptr ; 0xE2B3 jb acc.3,0xe2bb ; 0xE2B6 mov dptr,#0x1504 ; 0xE2B9 sjmp 0xe2d8 | 0xE2E2 movx a,@dptr ; 0xE2E3 mov dptr,#0x0083 ; 0xE2E6 movx @dptr,a ; 0xE2E7 mov dptr,#0x0083 ; 0xE2EA movx a,@dptr ; 0xE2EB cjne a,#0x95,0xe2f6 ; 0xE2EE mov dptr,#0x0045 ; 0xE2F1 mov a,#0x33 ; 0xE2F3 movx @dptr,a ; 0xE2F4 sjmp 0xe31c | 0xE2C0 mov dptr,#0x0046 ; 0xE2C3 movx a,@dptr ; 0xE2C4 cjne a,#0x6c,0xe2e7 ; 0xE2C7 mov dptr,#0x1510 ; 0xE2CA movx a,@dptr ; 0xE2CB jnb acc.1,0xe280 ; 0xE2CE mov dptr,#0x1510 ; 0xE2D1 movx a,@dptr ; 0xE2D2 jb acc.3,0xe2df ; 0xE2D5 mov dptr,#0x1514 ; 0xE2D8 movx a,@dptr ; 0xE2D9 mov dptr,#0x0083 ; 0xE2DC movx @dptr,a ; 0xE2DD sjmp 0xe280 | 0xE2BB mov dptr,#0x1504 ; 0xE2BE sjmp 0xe2e2 | 0xE2F6 mov dptr,#0x0083 ; 0xE2F9 movx a,@dptr ; 0xE2FA xrl a,#0xaf ; 0xE2FC jnz 0xe280 ; 0xE2FE mov dptr,#0x1036 ; 0xE301 movx @dptr,a ; 0xE302 mov dptr,#0x1121 ; 0xE305 movx a,@dptr ; 0xE306 anl a,#0xf7 ; 0xE308 movx @dptr,a ; 0xE309 mov dptr,#0x1120 ; 0xE30C mov a,#0x08 ; 0xE30E movx @dptr,a ; 0xE30F mov dptr,#0x2011 ; 0xE312 movx a,@dptr ; 0xE313 orl a,#0x01 ; 0xE315 movx @dptr,a ; 0xE316 setb 0xd8.0 ; 0xE318 setb 0xd8.1 ; 0xE31A sjmp 0xe31a | 0xE31C lcall 0x1978 ; 0xE31F nop ; 0xE320 ljmp 0x0200 | 0xE2DF mov dptr,#0x1514 ; 0xE2E2 movx a,@dptr ; 0xE2E3 mov dptr,#0x0083 ; 0xE2E6 movx @dptr,a ; 0xE2E7 mov dptr,#0x0083 ; 0xE2EA movx a,@dptr ; 0xE2EB cjne a,#0x95,0xe2f6 ; 0xE2EE mov dptr,#0x0045 ; 0xE2F1 mov a,#0x33 ; 0xE2F3 movx @dptr,a ; 0xE2F4 sjmp 0xe31c"
0x0046,callee,0xE280,,,,,0x1978,bank0,2,,,0xA710,,0,,tail jump to a callee,resolved,"0x1978 mov dptr,#0xa710 ; 0x197B ljmp 0x1114"
0x0046,callee,0xE280,,,,,0x0200,bank0,74,0x0045 write ; 0x1000 r+w ; 0x103B write ; 0x103C write ; 0x103D write ; 0x103E write ; 0x103F read ; 0x1042 write ; 0x16E7 r+w ; 0x3105 write,,,,0,,tail jump to a callee; loop back to 0x0272; loop back to 0x028E,resolved,"0x0200 lcall 0x05e8 ; 0x0203 mov 0x81,#0xc0 ; 0x0206 lcall 0x1048 ; 0x0209 mov dptr,#0x1042 ; 0x020C mov a,#0x07 ; 0x020E movx @dptr,a ; 0x020F mov dptr,#0x16e7 ; 0x0212 movx a,@dptr ; 0x0213 orl a,#0x80 ; 0x0215 movx @dptr,a ; 0x0216 mov dptr,#0x3105 ; 0x0219 mov a,#0x04 ; 0x021B movx @dptr,a ; 0x021C mov r7,#0x03 ; 0x021E lcall 0x0fe6 ; 0x0221 clr a ; 0x0222 mov dptr,#0x103e ; 0x0225 movx @dptr,a ; 0x0226 mov dptr,#0x103d ; 0x0229 movx @dptr,a ; 0x022A mov dptr,#0x103c ; 0x022D movx @dptr,a ; 0x022E mov dptr,#0x103b ; 0x0231 movx @dptr,a ; 0x0232 mov dptr,#0x103f ; 0x0235 movx a,@dptr ; 0x0236 mov 0x65,a ; 0x0238 lcall 0x14f8 ; 0x023B mov a,r7 ; 0x023C xrl a,#0x33 ; 0x023E jnz 0x0269 ; 0x0240 mov dptr,#0x1000 ; 0x0243 movx a,@dptr ; 0x0244 anl a,#0x7f ; 0x0246 movx @dptr,a ; 0x0247 nop ; 0x0248 mov 0xf7,#0x01 ; 0x024B nop ; 0x024C mov 0xf7,#0x01 ; 0x024F nop ; 0x0250 mov 0xf7,#0x01 ; 0x0253 nop ; 0x0254 mov 0xf7,#0x01 ; 0x0257 nop ; 0x0258 nop ; 0x0259 clr a ; 0x025A mov dptr,#0x0045 ; 0x025D movx @dptr,a ; 0x025E lcall 0x14fe ; 0x0261 lcall 0x0e84 ; 0x0264 lcall 0x063c ; 0x0267 sjmp 0x0272 | 0x0269 lcall 0x0f58 ; 0x026C lcall 0x1504 ; 0x026F lcall 0x0609 ; 0x0272 lcall 0x150a ; 0x0275 cjne r7,#0xff,0x0272 ; 0x0278 lcall 0x1510 ; 0x027B lcall 0x0c86 ; 0x027E lcall 0x063c ; 0x0281 nop ; 0x0282 nop ; 0x0283 nop ; 0x0284 nop ; 0x0285 lcall 0x3a60 ; 0x0288 mov a,r7 ; 0x0289 jnz 0x028e ; 0x028B lcall 0x3578 ; 0x028E mov a,0x26 ; 0x0290 jnz 0x0272 ; 0x0292 mov a,0x27 ; 0x0294 jnz 0x0272 ; 0x0296 mov 0x87,#0x01 ; 0x0299 sjmp 0x0272"
0x0046,arm,0xE2A0,0xE2A6,"xrl a,#0x66 ; jnz  0xe2c0",taken,0xE2C0,,bank0,83,0x0045 write ; 0x0046 read ; 0x0083 r+w ; 0x1036 write ; 0x1120 write ; 0x1121 r+w ; 0x1304 read ; 0x1500 read ; 0x1510 read ; 0x1514 read ; 0x2011 r+w,,,0x1978 ; 0x0200,0,,tail jump to a callee; loop back to 0xE280; loop back to 0xE2D8; loop back to 0xE2F6; loop back to 0xE31C; loop back to 0xE31A; loop back to 0xE2C0; loop back to 0xE2E2,complete,"0xE2C0 mov dptr,#0x0046 ; 0xE2C3 movx a,@dptr ; 0xE2C4 cjne a,#0x6c,0xe2e7 ; 0xE2C7 mov dptr,#0x1510 ; 0xE2CA movx a,@dptr ; 0xE2CB jnb acc.1,0xe280 ; 0xE2CE mov dptr,#0x1510 ; 0xE2D1 movx a,@dptr ; 0xE2D2 jb acc.3,0xe2df ; 0xE2D5 mov dptr,#0x1514 ; 0xE2D8 movx a,@dptr ; 0xE2D9 mov dptr,#0x0083 ; 0xE2DC movx @dptr,a ; 0xE2DD sjmp 0xe280 | 0xE2E7 mov dptr,#0x0083 ; 0xE2EA movx a,@dptr ; 0xE2EB cjne a,#0x95,0xe2f6 ; 0xE2EE mov dptr,#0x0045 ; 0xE2F1 mov a,#0x33 ; 0xE2F3 movx @dptr,a ; 0xE2F4 sjmp 0xe31c | 0xE280 mov dptr,#0x0046 ; 0xE283 movx a,@dptr ; 0xE284 xrl a,#0x64 ; 0xE286 jnz 0xe2a0 ; 0xE288 mov dptr,#0x1304 ; 0xE28B movx a,@dptr ; 0xE28C jnb acc.1,0xe280 ; 0xE28F mov dptr,#0x1304 ; 0xE292 movx a,@dptr ; 0xE293 jb acc.3,0xe29b ; 0xE296 mov dptr,#0x130a ; 0xE299 sjmp 0xe2d8 | 0xE2DF mov dptr,#0x1514 ; 0xE2E2 movx a,@dptr ; 0xE2E3 mov dptr,#0x0083 ; 0xE2E6 movx @dptr,a ; 0xE2E7 mov dptr,#0x0083 ; 0xE2EA movx a,@dptr ; 0xE2EB cjne a,#0x95,0xe2f6 ; 0xE2EE mov dptr,#0x0045 ; 0xE2F1 mov a,#0x33 ; 0xE2F3 movx @dptr,a ; 0xE2F4 sjmp 0xe31c | 0xE2F6 mov dptr,#0x0083 ; 0xE2F9 movx a,@dptr ; 0xE2FA xrl a,#0xaf ; 0xE2FC jnz 0xe280 ; 0xE2FE mov dptr,#0x1036 ; 0xE301 movx @dptr,a ; 0xE302 mov dptr,#0x1121 ; 0xE305 movx a,@dptr ; 0xE306 anl a,#0xf7 ; 0xE308 movx @dptr,a ; 0xE309 mov dptr,#0x1120 ; 0xE30C mov a,#0x08 ; 0xE30E movx @dptr,a ; 0xE30F mov dptr,#0x2011 ; 0xE312 movx a,@dptr ; 0xE313 orl a,#0x01 ; 0xE315 movx @dptr,a ; 0xE316 setb 0xd8.0 ; 0xE318 setb 0xd8.1 ; 0xE31A sjmp 0xe31a | 0xE31C lcall 0x1978 ; 0xE31F nop ; 0xE320 ljmp 0x0200 | 0xE2A0 mov dptr,#0x0046 ; 0xE2A3 movx a,@dptr ; 0xE2A4 xrl a,#0x66 ; 0xE2A6 jnz 0xe2c0 ; 0xE2A8 mov dptr,#0x1500 ; 0xE2AB movx a,@dptr ; 0xE2AC jnb acc.1,0xe280 ; 0xE2AF mov dptr,#0x1500 ; 0xE2B2 movx a,@dptr ; 0xE2B3 jb acc.3,0xe2bb ; 0xE2B6 mov dptr,#0x1504 ; 0xE2B9 sjmp 0xe2d8 | 0xE29B mov dptr,#0x130a ; 0xE29E sjmp 0xe2e2 | 0xE2BB mov dptr,#0x1504 ; 0xE2BE sjmp 0xe2e2"
0x0046,arm,0xE2A0,0xE2A6,"xrl a,#0x66 ; jnz  0xe2c0",fall-through,0xE2A8,,bank0,98,0x0045 write ; 0x0046 read ; 0x0083 r+w ; 0x1036 write ; 0x1120 write ; 0x1121 r+w ; 0x1304 read ; 0x1500 read ; 0x1504 read ; 0x1510 read ; 0x1514 read ; 0x2011 r+w,,,0x1978 ; 0x0200,0,,tail jump to a callee; loop back to 0xE280; loop back to 0xE2D8; loop back to 0xE2BB; loop back to 0xE2E2; loop back to 0xE2E7; loop back to 0xE31A; loop back to 0xE2F6; loop back to 0xE31C,complete,"0xE2A8 mov dptr,#0x1500 ; 0xE2AB movx a,@dptr ; 0xE2AC jnb acc.1,0xe280 ; 0xE2AF mov dptr,#0x1500 ; 0xE2B2 movx a,@dptr ; 0xE2B3 jb acc.3,0xe2bb ; 0xE2B6 mov dptr,#0x1504 ; 0xE2B9 sjmp 0xe2d8 | 0xE280 mov dptr,#0x0046 ; 0xE283 movx a,@dptr ; 0xE284 xrl a,#0x64 ; 0xE286 jnz 0xe2a0 ; 0xE288 mov dptr,#0x1304 ; 0xE28B movx a,@dptr ; 0xE28C jnb acc.1,0xe280 ; 0xE28F mov dptr,#0x1304 ; 0xE292 movx a,@dptr ; 0xE293 jb acc.3,0xe29b ; 0xE296 mov dptr,#0x130a ; 0xE299 sjmp 0xe2d8 | 0xE2BB mov dptr,#0x1504 ; 0xE2BE sjmp 0xe2e2 | 0xE2D8 movx a,@dptr ; 0xE2D9 mov dptr,#0x0083 ; 0xE2DC movx @dptr,a ; 0xE2DD sjmp 0xe280 | 0xE2A0 mov dptr,#0x0046 ; 0xE2A3 movx a,@dptr ; 0xE2A4 xrl a,#0x66 ; 0xE2A6 jnz 0xe2c0 ; 0xE2A8 mov dptr,#0x1500 ; 0xE2AB movx a,@dptr ; 0xE2AC jnb acc.1,0xe280 ; 0xE2AF mov dptr,#0x1500 ; 0xE2B2 movx a,@dptr ; 0xE2B3 jb acc.3,0xe2bb ; 0xE2B6 mov dptr,#0x1504 ; 0xE2B9 sjmp 0xe2d8 | 0xE29B mov dptr,#0x130a ; 0xE29E sjmp 0xe2e2 | 0xE2E2 movx a,@dptr ; 0xE2E3 mov dptr,#0x0083 ; 0xE2E6 movx @dptr,a ; 0xE2E7 mov dptr,#0x0083 ; 0xE2EA movx a,@dptr ; 0xE2EB cjne a,#0x95,0xe2f6 ; 0xE2EE mov dptr,#0x0045 ; 0xE2F1 mov a,#0x33 ; 0xE2F3 movx @dptr,a ; 0xE2F4 sjmp 0xe31c | 0xE2C0 mov dptr,#0x0046 ; 0xE2C3 movx a,@dptr ; 0xE2C4 cjne a,#0x6c,0xe2e7 ; 0xE2C7 mov dptr,#0x1510 ; 0xE2CA movx a,@dptr ; 0xE2CB jnb acc.1,0xe280 ; 0xE2CE mov dptr,#0x1510 ; 0xE2D1 movx a,@dptr ; 0xE2D2 jb acc.3,0xe2df ; 0xE2D5 mov dptr,#0x1514 ; 0xE2D8 movx a,@dptr ; 0xE2D9 mov dptr,#0x0083 ; 0xE2DC movx @dptr,a ; 0xE2DD sjmp 0xe280 | 0xE2F6 mov dptr,#0x0083 ; 0xE2F9 movx a,@dptr ; 0xE2FA xrl a,#0xaf ; 0xE2FC jnz 0xe280 ; 0xE2FE mov dptr,#0x1036 ; 0xE301 movx @dptr,a ; 0xE302 mov dptr,#0x1121 ; 0xE305 movx a,@dptr ; 0xE306 anl a,#0xf7 ; 0xE308 movx @dptr,a ; 0xE309 mov dptr,#0x1120 ; 0xE30C mov a,#0x08 ; 0xE30E movx @dptr,a ; 0xE30F mov dptr,#0x2011 ; 0xE312 movx a,@dptr ; 0xE313 orl a,#0x01 ; 0xE315 movx @dptr,a ; 0xE316 setb 0xd8.0 ; 0xE318 setb 0xd8.1 ; 0xE31A sjmp 0xe31a | 0xE31C lcall 0x1978 ; 0xE31F nop ; 0xE320 ljmp 0x0200 | 0xE2DF mov dptr,#0x1514 ; 0xE2E2 movx a,@dptr ; 0xE2E3 mov dptr,#0x0083 ; 0xE2E6 movx @dptr,a ; 0xE2E7 mov dptr,#0x0083 ; 0xE2EA movx a,@dptr ; 0xE2EB cjne a,#0x95,0xe2f6 ; 0xE2EE mov dptr,#0x0045 ; 0xE2F1 mov a,#0x33 ; 0xE2F3 movx @dptr,a ; 0xE2F4 sjmp 0xe31c"
0x0046,callee,0xE2A0,,,,,0x1978,bank0,2,,,0xA710,,0,,tail jump to a callee,resolved,"0x1978 mov dptr,#0xa710 ; 0x197B ljmp 0x1114"
0x0046,callee,0xE2A0,,,,,0x0200,bank0,74,0x0045 write ; 0x1000 r+w ; 0x103B write ; 0x103C write ; 0x103D write ; 0x103E write ; 0x103F read ; 0x1042 write ; 0x16E7 r+w ; 0x3105 write,,,,0,,tail jump to a callee; loop back to 0x0272; loop back to 0x028E,resolved,"0x0200 lcall 0x05e8 ; 0x0203 mov 0x81,#0xc0 ; 0x0206 lcall 0x1048 ; 0x0209 mov dptr,#0x1042 ; 0x020C mov a,#0x07 ; 0x020E movx @dptr,a ; 0x020F mov dptr,#0x16e7 ; 0x0212 movx a,@dptr ; 0x0213 orl a,#0x80 ; 0x0215 movx @dptr,a ; 0x0216 mov dptr,#0x3105 ; 0x0219 mov a,#0x04 ; 0x021B movx @dptr,a ; 0x021C mov r7,#0x03 ; 0x021E lcall 0x0fe6 ; 0x0221 clr a ; 0x0222 mov dptr,#0x103e ; 0x0225 movx @dptr,a ; 0x0226 mov dptr,#0x103d ; 0x0229 movx @dptr,a ; 0x022A mov dptr,#0x103c ; 0x022D movx @dptr,a ; 0x022E mov dptr,#0x103b ; 0x0231 movx @dptr,a ; 0x0232 mov dptr,#0x103f ; 0x0235 movx a,@dptr ; 0x0236 mov 0x65,a ; 0x0238 lcall 0x14f8 ; 0x023B mov a,r7 ; 0x023C xrl a,#0x33 ; 0x023E jnz 0x0269 ; 0x0240 mov dptr,#0x1000 ; 0x0243 movx a,@dptr ; 0x0244 anl a,#0x7f ; 0x0246 movx @dptr,a ; 0x0247 nop ; 0x0248 mov 0xf7,#0x01 ; 0x024B nop ; 0x024C mov 0xf7,#0x01 ; 0x024F nop ; 0x0250 mov 0xf7,#0x01 ; 0x0253 nop ; 0x0254 mov 0xf7,#0x01 ; 0x0257 nop ; 0x0258 nop ; 0x0259 clr a ; 0x025A mov dptr,#0x0045 ; 0x025D movx @dptr,a ; 0x025E lcall 0x14fe ; 0x0261 lcall 0x0e84 ; 0x0264 lcall 0x063c ; 0x0267 sjmp 0x0272 | 0x0269 lcall 0x0f58 ; 0x026C lcall 0x1504 ; 0x026F lcall 0x0609 ; 0x0272 lcall 0x150a ; 0x0275 cjne r7,#0xff,0x0272 ; 0x0278 lcall 0x1510 ; 0x027B lcall 0x0c86 ; 0x027E lcall 0x063c ; 0x0281 nop ; 0x0282 nop ; 0x0283 nop ; 0x0284 nop ; 0x0285 lcall 0x3a60 ; 0x0288 mov a,r7 ; 0x0289 jnz 0x028e ; 0x028B lcall 0x3578 ; 0x028E mov a,0x26 ; 0x0290 jnz 0x0272 ; 0x0292 mov a,0x27 ; 0x0294 jnz 0x0272 ; 0x0296 mov 0x87,#0x01 ; 0x0299 sjmp 0x0272"
0x06E6,arm,0x849D,0x84A1,"jnb  acc.7,0x84a9 -- USER (bit 7)",taken,0x84A9,,bank0,31,0x06E6 read,,,0xB9D8 ; 0xCFB4 ; 0xCFB7 ; 0x1642 ; 0x8F20 ; 0xAAC6 ; 0xB889 ; 0xCFBA ; 0xCFBD ; 0x1642 ; 0x8F20 ; 0xAAC6 ; 0xB889,0,DPTR carried across a call,tail jump to a callee; loop back to 0x84B2; loop back to 0x84DE; loop back to 0x84CF,complete,"0x84A9 lcall 0xb9d8 ; 0x84AC jz 0x84b2 ; 0x84AE movx a,@dptr ; 0x84AF cjne a,#0x02,0x84b7 ; 0x84B2 lcall 0xcfb4 ; 0x84B5 sjmp 0x84de | 0x84B7 mov dptr,#0x06e6 ; 0x84BA movx a,@dptr ; 0x84BB cjne a,#0x03,0x84c3 ; 0x84BE lcall 0xcfb7 ; 0x84C1 sjmp 0x84de | 0x84DE lcall 0x1642 ; 0x84E1 lcall 0x8f20 ; 0x84E4 lcall 0xaac6 ; 0x84E7 ljmp 0xb889 | 0x84C3 mov dptr,#0x06e6 ; 0x84C6 movx a,@dptr ; 0x84C7 xrl a,#0x04 ; 0x84C9 jz 0x84cf ; 0x84CB movx a,@dptr ; 0x84CC cjne a,#0x05,0x84d4 ; 0x84CF lcall 0xcfba ; 0x84D2 sjmp 0x84de | 0x84D4 mov dptr,#0x06e6 ; 0x84D7 movx a,@dptr ; 0x84D8 jb acc.7,0x84de ; 0x84DB lcall 0xcfbd ; 0x84DE lcall 0x1642 ; 0x84E1 lcall 0x8f20 ; 0x84E4 lcall 0xaac6 ; 0x84E7 ljmp 0xb889"
0x06E6,arm,0x849D,0x84A1,"jnb  acc.7,0x84a9 -- USER (bit 7)",fall-through,0x84A4,,bank0,6,,,,0xCF48 ; 0x1642 ; 0x8F20 ; 0xAAC6 ; 0xB889,0,,tail jump to a callee,complete,0x84A4 lcall 0xcf48 ; 0x84A7 sjmp 0x84de | 0x84DE lcall 0x1642 ; 0x84E1 lcall 0x8f20 ; 0x84E4 lcall 0xaac6 ; 0x84E7 ljmp 0xb889
0x06E6,callee,0x849D,,,,,0xB9D8,bank0,4,0x06E6 read,,,,0,,ret,resolved,"0xB9D8 mov dptr,#0x06e6 ; 0xB9DB movx a,@dptr ; 0xB9DC xrl a,#0x01 ; 0xB9DE ret"
0x06E6,callee,0x849D,,,,,0xCFB4,bank0,1,,,,,0,,tail jump to a callee,resolved,0xCFB4 ljmp 0x18b2
0x06E6,callee,0x849D,,,,,0xCFB7,bank0,1,,,,,0,,tail jump to a callee,resolved,0xCFB7 ljmp 0x18b8
0x06E6,callee,0x849D,,,,,0x1642,bank0,2,,,0x8A04,,0,,tail jump to a callee,resolved,"0x1642 mov dptr,#0x8a04 ; 0x1645 ljmp 0x1114"
0x06E6,callee,0x849D,,,,,0x8F20,bank0,98,0x0440 read ; 0x073C read ; 0x0815 read ; 0x0817 r+w ; 0x081E r+w ; 0x081F r+w ; 0x0A59 r+w ; 0x0A5A r+w ; 0x0A5B r+w ; 0x0A5C write,,,,0,DPTR carried across a call,tail jump to a callee; loop back to 0x8F28; loop back to 0x8F34; loop back to 0x8F9B; loop back to 0x8F6E; loop back to 0x8FC5; ret; loop back to 0x8F8A,resolved,"0x8F20 mov dptr,#0x081e ; 0x8F23 movx a,@dptr ; 0x8F24 jnz 0x8f28 ; 0x8F26 inc dptr ; 0x8F27 movx a,@dptr ; 0x8F28 jz 0x8f34 ; 0x8F2A mov dptr,#0x081e ; 0x8F2D mov a,#0xff ; 0x8F2F mov 0xf0,a ; 0x8F31 lcall 0x70e4 ; 0x8F34 mov dptr,#0x0815 ; 0x8F37 movx a,@dptr ; 0x8F38 jb acc.0,0x8f3e ; 0x8F3B ljmp 0x8fdb | 0x8F3E lcall 0xc1b1 ; 0x8F41 mov a,r7 ; 0x8F42 jz 0x8f55 ; 0x8F44 mov dptr,#0x0817 ; 0x8F47 movx a,@dptr ; 0x8F48 jnz 0x8f4d ; 0x8F4A ljmp 0x9040 | 0x8F55 mov dptr,#0x0817 ; 0x8F58 movx a,@dptr ; 0x8F59 dec a ; 0x8F5A jz 0x8f93 ; 0x8F5C dec a ; 0x8F5D jz 0x8fa3 ; 0x8F5F add a,#0x02 ; 0x8F61 jz 0x8f66 ; 0x8F63 ljmp 0x9040 | 0x8F4D clr a ; 0x8F4E movx @dptr,a ; 0x8F4F lcall 0xc2a2 ; 0x8F52 ljmp 0xc478 | 0x8F93 mov dptr,#0x081e ; 0x8F96 movx a,@dptr ; 0x8F97 jnz 0x8f9b ; 0x8F99 inc dptr ; 0x8F9A movx a,@dptr ; 0x8F9B jz 0x8fa0 ; 0x8F9D ljmp 0x9040 | 0x8FA3 lcall 0xc349 ; 0x8FA6 mov a,r7 ; 0x8FA7 jz 0x8fac ; 0x8FA9 ljmp 0x9040 | 0x8F66 mov dptr,#0x081e ; 0x8F69 movx a,@dptr ; 0x8F6A jnz 0x8f6e ; 0x8F6C inc dptr ; 0x8F6D movx a,@dptr ; 0x8F6E jz 0x8f73 ; 0x8F70 ljmp 0x9040 | 0x8FA0 ljmp 0x902a | 0x8FAC lcall 0xc2aa ; 0x8FAF lcall 0xbc14 ; 0x8FB2 anl a,#0xfe ; 0x8FB4 movx @dptr,a ; 0x8FB5 mov dptr,#0x073c ; 0x8FB8 movx a,@dptr ; 0x8FB9 jnb acc.0,0x8fc5 ; 0x8FBC movx a,@dptr ; 0x8FBD jb acc.1,0x8fc5 ; 0x8FC0 movx a,@dptr ; 0x8FC1 anl a,#0xf8 ; 0x8FC3 jz 0x9040 ; 0x8FC5 mov dptr,#0x0a59 ; 0x8FC8 mov a,#0x02 ; 0x8FCA movx @dptr,a ; 0x8FCB clr a ; 0x8FCC inc dptr ; 0x8FCD movx @dptr,a ; 0x8FCE inc dptr ; 0x8FCF movx @dptr,a ; 0x8FD0 inc dptr ; 0x8FD1 movx @dptr,a ; 0x8FD2 mov r3,#0x5a ; 0x8FD4 mov r5,#0x88 ; 0x8FD6 mov r7,#0x01 ; 0x8FD8 ljmp 0x445e | 0x8F73 mov dptr,#0x081e ; 0x8F76 clr a ; 0x8F77 movx @dptr,a ; 0x8F78 inc dptr ; 0x8F79 mov a,#0x0a ; 0x8F7B movx @dptr,a ; 0x8F7C mov dptr,#0x0440 ; 0x8F7F movx a,@dptr ; 0x8F80 jnz 0x8f8a ; 0x8F82 mov dptr,#0x081e ; 0x8F85 movx @dptr,a ; 0x8F86 inc dptr ; 0x8F87 mov a,#0x28 ; 0x8F89 movx @dptr,a ; 0x8F8A mov dptr,#0x0817 ; 0x8F8D mov a,#0x01 ; 0x8F8F movx @dptr,a ; 0x8F90 ljmp 0xc48f | 0x9040 ret"
0x06E6,callee,0x849D,,,,,0xAAC6,bank0,93,0x0440 read ; 0x0760 read ; 0x07A6 read ; 0x0D14 r+w,,,,0,,tail jump to a callee; loop back to 0xAAE5; ret; loop back to 0xAB09; loop back to 0xAB18; loop back to 0xAB5C; loop back to 0xAB30; loop back to 0xAB41; loop back to 0xAB61; loop back to 0xAB6D,resolved,"0xAAC6 mov dptr,#0x07a6 ; 0xAAC9 movx a,@dptr ; 0xAACA jnb acc.6,0xaad0 ; 0xAACD ljmp 0xab6d | 0xAAD0 mov dptr,#0x0760 ; 0xAAD3 movx a,@dptr ; 0xAAD4 xrl a,#0x0b ; 0xAAD6 jz 0xaae5 ; 0xAAD8 movx a,@dptr ; 0xAAD9 xrl a,#0x0f ; 0xAADB jz 0xaae5 ; 0xAADD movx a,@dptr ; 0xAADE xrl a,#0x10 ; 0xAAE0 jz 0xaae5 ; 0xAAE2 ljmp 0xab6d | 0xAAE5 mov dptr,#0x0440 ; 0xAAE8 movx a,@dptr ; 0xAAE9 jnz 0xaaed ; 0xAAEB sjmp 0xab5c | 0xAAED mov dptr,#0x0d14 ; 0xAAF0 movx a,@dptr ; 0xAAF1 clr c ; 0xAAF2 subb a,#0xf0 ; 0xAAF4 jnc 0xab09 ; 0xAAF6 movx a,@dptr ; 0xAAF7 clr c ; 0xAAF8 subb a,#0x18 ; 0xAAFA jc 0xab09 ; 0xAAFC lcall 0xc31f ; 0xAAFF cjne r7,#0x01,0xab09 ; 0xAB02 mov dptr,#0x0d14 ; 0xAB05 mov a,#0xfe ; 0xAB07 movx @dptr,a ; 0xAB08 ret | 0xAB5C mov dptr,#0x0d14 ; 0xAB5F movx @dptr,a ; 0xAB60 ret | 0xAB09 mov dptr,#0x0d14 ; 0xAB0C movx a,@dptr ; 0xAB0D cjne a,#0xfe,0xab18 ; 0xAB10 lcall 0xc31f ; 0xAB13 mov a,r7 ; 0xAB14 jnz 0xab18 ; 0xAB16 sjmp 0xab5c | 0xAB18 mov dptr,#0x0d14 ; 0xAB1B movx a,@dptr ; 0xAB1C jz 0xab30 ; 0xAB1E movx a,@dptr ; 0xAB1F setb c ; 0xAB20 subb a,#0x10 ; 0xAB22 jnc 0xab30 ; 0xAB24 lcall 0xc31f ; 0xAB27 mov a,r7 ; 0xAB28 jnz 0xab30 ; 0xAB2A mov dptr,#0x0d14 ; 0xAB2D inc a ; 0xAB2E movx @dptr,a ; 0xAB2F ret | 0xAB30 mov dptr,#0x0d14 ; 0xAB33 movx a,@dptr ; 0xAB34 jnz 0xab41 ; 0xAB36 lcall 0xc31f ; 0xAB39 mov a,r7 ; 0xAB3A jnz 0xab41 ; 0xAB3C mov dptr,#0x0d14 ; 0xAB3F inc a ; 0xAB40 movx @dptr,a ; 0xAB41 mov dptr,#0x0d14 ; 0xAB44 movx a,@dptr ; 0xAB45 jz 0xab6d ; 0xAB47 movx a,@dptr ; 0xAB48 clr c ; 0xAB49 subb a,#0x11 ; 0xAB4B jc 0xab61 ; 0xAB4D movx a,@dptr ; 0xAB4E subb a,#0x18 ; 0xAB50 jnc 0xab61 ; 0xAB52 lcall 0xc31f ; 0xAB55 mov a,r7 ; 0xAB56 jnz 0xab61 ; 0xAB58 lcall 0xaa90 ; 0xAB5B clr a ; 0xAB5C mov dptr,#0x0d14 ; 0xAB5F movx @dptr,a ; 0xAB60 ret | 0xAB6D ret | 0xAB61 lcall 0xc31f ; 0xAB64 cjne r7,#0x01,0xab6d ; 0xAB67 mov dptr,#0x0d14 ; 0xAB6A movx a,@dptr ; 0xAB6B inc a ; 0xAB6C movx @dptr,a ; 0xAB6D ret"
0x06E6,callee,0x849D,,,,,0xB889,bank0,31,0x07A4 read ; 0x0897 r+w ; 0x09EE r+w,,,,0,,tail jump to a callee; ret; loop back to 0xB8BF,resolved,"0xB889 mov dptr,#0x07a4 ; 0xB88C movx a,@dptr ; 0xB88D jnb acc.2,0xb89e ; 0xB890 mov dptr,#0x09ee ; 0xB893 movx a,@dptr ; 0xB894 jb acc.1,0xb8bf ; 0xB897 movx a,@dptr ; 0xB898 orl a,#0x02 ; 0xB89A movx @dptr,a ; 0xB89B ljmp 0xc191 | 0xB89E mov dptr,#0x09ee ; 0xB8A1 movx a,@dptr ; 0xB8A2 jnb acc.1,0xb8b0 ; 0xB8A5 movx a,@dptr ; 0xB8A6 anl a,#0xfd ; 0xB8A8 movx @dptr,a ; 0xB8A9 mov dptr,#0x0897 ; 0xB8AC mov a,#0x01 ; 0xB8AE movx @dptr,a ; 0xB8AF ret | 0xB8BF ret | 0xB8B0 mov dptr,#0x0897 ; 0xB8B3 movx a,@dptr ; 0xB8B4 jz 0xb8bf ; 0xB8B6 movx a,@dptr ; 0xB8B7 dec a ; 0xB8B8 movx @dptr,a ; 0xB8B9 movx a,@dptr ; 0xB8BA jnz 0xb8bf ; 0xB8BC lcall 0xc199 ; 0xB8BF ret"
0x06E6,callee,0x849D,,,,,0xCFBA,bank0,1,,,,,0,,tail jump to a callee,resolved,0xCFBA ljmp 0x18be
0x06E6,callee,0x849D,,,,,0xCFBD,bank0,2,,,,,0,,tail jump to a callee,resolved,0xCFBD lcall 0xccfc ; 0xCFC0 ljmp 0x18c4
0x06E6,callee,0x849D,,,,,0xCF48,bank0,42,0x06E6 r+w ; 0x06E8 read ; 0x06E9 read ; 0x0741 r+w ; 0x0816 write,,,,0,,tail jump to a callee; loop back to 0xCF50; loop back to 0xCF66; loop back to 0xCF64; ret,resolved,"0xCF48 mov dptr,#0x06e8 ; 0xCF4B movx a,@dptr ; 0xCF4C jnz 0xcf50 ; 0xCF4E inc dptr ; 0xCF4F movx a,@dptr ; 0xCF50 jz 0xcf66 ; 0xCF52 mov dptr,#0x06e8 ; 0xCF55 mov a,#0xff ; 0xCF57 mov 0xf0,a ; 0xCF59 lcall 0x70e4 ; 0xCF5C mov dptr,#0x06e8 ; 0xCF5F movx a,@dptr ; 0xCF60 jnz 0xcf64 ; 0xCF62 inc dptr ; 0xCF63 movx a,@dptr ; 0xCF64 jnz 0xcf95 ; 0xCF66 mov dptr,#0x06e6 ; 0xCF69 movx a,@dptr ; 0xCF6A add a,#0x7e ; 0xCF6C jz 0xcf87 ; 0xCF6E dec a ; 0xCF6F jz 0xcf8a ; 0xCF71 dec a ; 0xCF72 jz 0xcf8d ; 0xCF74 add a,#0x03 ; 0xCF76 jnz 0xcf90 ; 0xCF78 mov dptr,#0x0741 ; 0xCF7B movx a,@dptr ; 0xCF7C anl a,#0x7f ; 0xCF7E movx @dptr,a ; 0xCF7F clr a ; 0xCF80 mov dptr,#0x0816 ; 0xCF83 movx @dptr,a ; 0xCF84 ljmp 0xcde4 | 0xCF95 ret | 0xCF87 ljmp 0xce9e | 0xCF8A ljmp 0xcee9 | 0xCF8D ljmp 0xce37 | 0xCF90 clr a ; 0xCF91 mov dptr,#0x06e6 ; 0xCF94 movx @dptr,a ; 0xCF95 ret"
0x06E6,arm,0x84C3,0x84C9,"xrl a,#0x04 ; jz   0x84cf",taken,0x84CF,,bank0,6,,,,0xCFBA ; 0x1642 ; 0x8F20 ; 0xAAC6 ; 0xB889,0,,tail jump to a callee,complete,0x84CF lcall 0xcfba ; 0x84D2 sjmp 0x84de | 0x84DE lcall 0x1642 ; 0x84E1 lcall 0x8f20 ; 0x84E4 lcall 0xaac6 ; 0x84E7 ljmp 0xb889
0x06E6,arm,0x84C3,0x84C9,"xrl a,#0x04 ; jz   0x84cf",fall-through,0x84CB,,bank0,12,0x06E6 read,,,0xCFBA ; 0xCFBD ; 0x1642 ; 0x8F20 ; 0xAAC6 ; 0xB889,0,,tail jump to a callee; loop back to 0x84DE,complete,"0x84CB movx a,@dptr ; 0x84CC cjne a,#0x05,0x84d4 ; 0x84CF lcall 0xcfba ; 0x84D2 sjmp 0x84de | 0x84D4 mov dptr,#0x06e6 ; 0x84D7 movx a,@dptr ; 0x84D8 jb acc.7,0x84de ; 0x84DB lcall 0xcfbd ; 0x84DE lcall 0x1642 ; 0x84E1 lcall 0x8f20 ; 0x84E4 lcall 0xaac6 ; 0x84E7 ljmp 0xb889"
0x06E6,callee,0x84C3,,,,,0xCFBA,bank0,1,,,,,0,,tail jump to a callee,resolved,0xCFBA ljmp 0x18be
0x06E6,callee,0x84C3,,,,,0x1642,bank0,2,,,0x8A04,,0,,tail jump to a callee,resolved,"0x1642 mov dptr,#0x8a04 ; 0x1645 ljmp 0x1114"
0x06E6,callee,0x84C3,,,,,0x8F20,bank0,98,0x0440 read ; 0x073C read ; 0x0815 read ; 0x0817 r+w ; 0x081E r+w ; 0x081F r+w ; 0x0A59 r+w ; 0x0A5A r+w ; 0x0A5B r+w ; 0x0A5C write,,,,0,DPTR carried across a call,tail jump to a callee; loop back to 0x8F28; loop back to 0x8F34; loop back to 0x8F9B; loop back to 0x8F6E; loop back to 0x8FC5; ret; loop back to 0x8F8A,resolved,"0x8F20 mov dptr,#0x081e ; 0x8F23 movx a,@dptr ; 0x8F24 jnz 0x8f28 ; 0x8F26 inc dptr ; 0x8F27 movx a,@dptr ; 0x8F28 jz 0x8f34 ; 0x8F2A mov dptr,#0x081e ; 0x8F2D mov a,#0xff ; 0x8F2F mov 0xf0,a ; 0x8F31 lcall 0x70e4 ; 0x8F34 mov dptr,#0x0815 ; 0x8F37 movx a,@dptr ; 0x8F38 jb acc.0,0x8f3e ; 0x8F3B ljmp 0x8fdb | 0x8F3E lcall 0xc1b1 ; 0x8F41 mov a,r7 ; 0x8F42 jz 0x8f55 ; 0x8F44 mov dptr,#0x0817 ; 0x8F47 movx a,@dptr ; 0x8F48 jnz 0x8f4d ; 0x8F4A ljmp 0x9040 | 0x8F55 mov dptr,#0x0817 ; 0x8F58 movx a,@dptr ; 0x8F59 dec a ; 0x8F5A jz 0x8f93 ; 0x8F5C dec a ; 0x8F5D jz 0x8fa3 ; 0x8F5F add a,#0x02 ; 0x8F61 jz 0x8f66 ; 0x8F63 ljmp 0x9040 | 0x8F4D clr a ; 0x8F4E movx @dptr,a ; 0x8F4F lcall 0xc2a2 ; 0x8F52 ljmp 0xc478 | 0x8F93 mov dptr,#0x081e ; 0x8F96 movx a,@dptr ; 0x8F97 jnz 0x8f9b ; 0x8F99 inc dptr ; 0x8F9A movx a,@dptr ; 0x8F9B jz 0x8fa0 ; 0x8F9D ljmp 0x9040 | 0x8FA3 lcall 0xc349 ; 0x8FA6 mov a,r7 ; 0x8FA7 jz 0x8fac ; 0x8FA9 ljmp 0x9040 | 0x8F66 mov dptr,#0x081e ; 0x8F69 movx a,@dptr ; 0x8F6A jnz 0x8f6e ; 0x8F6C inc dptr ; 0x8F6D movx a,@dptr ; 0x8F6E jz 0x8f73 ; 0x8F70 ljmp 0x9040 | 0x8FA0 ljmp 0x902a | 0x8FAC lcall 0xc2aa ; 0x8FAF lcall 0xbc14 ; 0x8FB2 anl a,#0xfe ; 0x8FB4 movx @dptr,a ; 0x8FB5 mov dptr,#0x073c ; 0x8FB8 movx a,@dptr ; 0x8FB9 jnb acc.0,0x8fc5 ; 0x8FBC movx a,@dptr ; 0x8FBD jb acc.1,0x8fc5 ; 0x8FC0 movx a,@dptr ; 0x8FC1 anl a,#0xf8 ; 0x8FC3 jz 0x9040 ; 0x8FC5 mov dptr,#0x0a59 ; 0x8FC8 mov a,#0x02 ; 0x8FCA movx @dptr,a ; 0x8FCB clr a ; 0x8FCC inc dptr ; 0x8FCD movx @dptr,a ; 0x8FCE inc dptr ; 0x8FCF movx @dptr,a ; 0x8FD0 inc dptr ; 0x8FD1 movx @dptr,a ; 0x8FD2 mov r3,#0x5a ; 0x8FD4 mov r5,#0x88 ; 0x8FD6 mov r7,#0x01 ; 0x8FD8 ljmp 0x445e | 0x8F73 mov dptr,#0x081e ; 0x8F76 clr a ; 0x8F77 movx @dptr,a ; 0x8F78 inc dptr ; 0x8F79 mov a,#0x0a ; 0x8F7B movx @dptr,a ; 0x8F7C mov dptr,#0x0440 ; 0x8F7F movx a,@dptr ; 0x8F80 jnz 0x8f8a ; 0x8F82 mov dptr,#0x081e ; 0x8F85 movx @dptr,a ; 0x8F86 inc dptr ; 0x8F87 mov a,#0x28 ; 0x8F89 movx @dptr,a ; 0x8F8A mov dptr,#0x0817 ; 0x8F8D mov a,#0x01 ; 0x8F8F movx @dptr,a ; 0x8F90 ljmp 0xc48f | 0x9040 ret"
0x06E6,callee,0x84C3,,,,,0xAAC6,bank0,93,0x0440 read ; 0x0760 read ; 0x07A6 read ; 0x0D14 r+w,,,,0,,tail jump to a callee; loop back to 0xAAE5; ret; loop back to 0xAB09; loop back to 0xAB18; loop back to 0xAB5C; loop back to 0xAB30; loop back to 0xAB41; loop back to 0xAB61; loop back to 0xAB6D,resolved,"0xAAC6 mov dptr,#0x07a6 ; 0xAAC9 movx a,@dptr ; 0xAACA jnb acc.6,0xaad0 ; 0xAACD ljmp 0xab6d | 0xAAD0 mov dptr,#0x0760 ; 0xAAD3 movx a,@dptr ; 0xAAD4 xrl a,#0x0b ; 0xAAD6 jz 0xaae5 ; 0xAAD8 movx a,@dptr ; 0xAAD9 xrl a,#0x0f ; 0xAADB jz 0xaae5 ; 0xAADD movx a,@dptr ; 0xAADE xrl a,#0x10 ; 0xAAE0 jz 0xaae5 ; 0xAAE2 ljmp 0xab6d | 0xAAE5 mov dptr,#0x0440 ; 0xAAE8 movx a,@dptr ; 0xAAE9 jnz 0xaaed ; 0xAAEB sjmp 0xab5c | 0xAAED mov dptr,#0x0d14 ; 0xAAF0 movx a,@dptr ; 0xAAF1 clr c ; 0xAAF2 subb a,#0xf0 ; 0xAAF4 jnc 0xab09 ; 0xAAF6 movx a,@dptr ; 0xAAF7 clr c ; 0xAAF8 subb a,#0x18 ; 0xAAFA jc 0xab09 ; 0xAAFC lcall 0xc31f ; 0xAAFF cjne r7,#0x01,0xab09 ; 0xAB02 mov dptr,#0x0d14 ; 0xAB05 mov a,#0xfe ; 0xAB07 movx @dptr,a ; 0xAB08 ret | 0xAB5C mov dptr,#0x0d14 ; 0xAB5F movx @dptr,a ; 0xAB60 ret | 0xAB09 mov dptr,#0x0d14 ; 0xAB0C movx a,@dptr ; 0xAB0D cjne a,#0xfe,0xab18 ; 0xAB10 lcall 0xc31f ; 0xAB13 mov a,r7 ; 0xAB14 jnz 0xab18 ; 0xAB16 sjmp 0xab5c | 0xAB18 mov dptr,#0x0d14 ; 0xAB1B movx a,@dptr ; 0xAB1C jz 0xab30 ; 0xAB1E movx a,@dptr ; 0xAB1F setb c ; 0xAB20 subb a,#0x10 ; 0xAB22 jnc 0xab30 ; 0xAB24 lcall 0xc31f ; 0xAB27 mov a,r7 ; 0xAB28 jnz 0xab30 ; 0xAB2A mov dptr,#0x0d14 ; 0xAB2D inc a ; 0xAB2E movx @dptr,a ; 0xAB2F ret | 0xAB30 mov dptr,#0x0d14 ; 0xAB33 movx a,@dptr ; 0xAB34 jnz 0xab41 ; 0xAB36 lcall 0xc31f ; 0xAB39 mov a,r7 ; 0xAB3A jnz 0xab41 ; 0xAB3C mov dptr,#0x0d14 ; 0xAB3F inc a ; 0xAB40 movx @dptr,a ; 0xAB41 mov dptr,#0x0d14 ; 0xAB44 movx a,@dptr ; 0xAB45 jz 0xab6d ; 0xAB47 movx a,@dptr ; 0xAB48 clr c ; 0xAB49 subb a,#0x11 ; 0xAB4B jc 0xab61 ; 0xAB4D movx a,@dptr ; 0xAB4E subb a,#0x18 ; 0xAB50 jnc 0xab61 ; 0xAB52 lcall 0xc31f ; 0xAB55 mov a,r7 ; 0xAB56 jnz 0xab61 ; 0xAB58 lcall 0xaa90 ; 0xAB5B clr a ; 0xAB5C mov dptr,#0x0d14 ; 0xAB5F movx @dptr,a ; 0xAB60 ret | 0xAB6D ret | 0xAB61 lcall 0xc31f ; 0xAB64 cjne r7,#0x01,0xab6d ; 0xAB67 mov dptr,#0x0d14 ; 0xAB6A movx a,@dptr ; 0xAB6B inc a ; 0xAB6C movx @dptr,a ; 0xAB6D ret"
0x06E6,callee,0x84C3,,,,,0xB889,bank0,31,0x07A4 read ; 0x0897 r+w ; 0x09EE r+w,,,,0,,tail jump to a callee; ret; loop back to 0xB8BF,resolved,"0xB889 mov dptr,#0x07a4 ; 0xB88C movx a,@dptr ; 0xB88D jnb acc.2,0xb89e ; 0xB890 mov dptr,#0x09ee ; 0xB893 movx a,@dptr ; 0xB894 jb acc.1,0xb8bf ; 0xB897 movx a,@dptr ; 0xB898 orl a,#0x02 ; 0xB89A movx @dptr,a ; 0xB89B ljmp 0xc191 | 0xB89E mov dptr,#0x09ee ; 0xB8A1 movx a,@dptr ; 0xB8A2 jnb acc.1,0xb8b0 ; 0xB8A5 movx a,@dptr ; 0xB8A6 anl a,#0xfd ; 0xB8A8 movx @dptr,a ; 0xB8A9 mov dptr,#0x0897 ; 0xB8AC mov a,#0x01 ; 0xB8AE movx @dptr,a ; 0xB8AF ret | 0xB8BF ret | 0xB8B0 mov dptr,#0x0897 ; 0xB8B3 movx a,@dptr ; 0xB8B4 jz 0xb8bf ; 0xB8B6 movx a,@dptr ; 0xB8B7 dec a ; 0xB8B8 movx @dptr,a ; 0xB8B9 movx a,@dptr ; 0xB8BA jnz 0xb8bf ; 0xB8BC lcall 0xc199 ; 0xB8BF ret"
0x06E6,callee,0x84C3,,,,,0xCFBD,bank0,2,,,,,0,,tail jump to a callee,resolved,0xCFBD lcall 0xccfc ; 0xCFC0 ljmp 0x18c4
0x06E6,arm,0x84D4,0x84D8,"jb   acc.7,0x84de -- USER (bit 7)",taken,0x84DE,,bank0,4,,,,0x1642 ; 0x8F20 ; 0xAAC6 ; 0xB889,0,,tail jump to a callee,complete,0x84DE lcall 0x1642 ; 0x84E1 lcall 0x8f20 ; 0x84E4 lcall 0xaac6 ; 0x84E7 ljmp 0xb889
0x06E6,arm,0x84D4,0x84D8,"jb   acc.7,0x84de -- USER (bit 7)",fall-through,0x84DB,,bank0,5,,,,0xCFBD ; 0x1642 ; 0x8F20 ; 0xAAC6 ; 0xB889,0,,tail jump to a callee,complete,0x84DB lcall 0xcfbd ; 0x84DE lcall 0x1642 ; 0x84E1 lcall 0x8f20 ; 0x84E4 lcall 0xaac6 ; 0x84E7 ljmp 0xb889
0x06E6,callee,0x84D4,,,,,0x1642,bank0,2,,,0x8A04,,0,,tail jump to a callee,resolved,"0x1642 mov dptr,#0x8a04 ; 0x1645 ljmp 0x1114"
0x06E6,callee,0x84D4,,,,,0x8F20,bank0,98,0x0440 read ; 0x073C read ; 0x0815 read ; 0x0817 r+w ; 0x081E r+w ; 0x081F r+w ; 0x0A59 r+w ; 0x0A5A r+w ; 0x0A5B r+w ; 0x0A5C write,,,,0,DPTR carried across a call,tail jump to a callee; loop back to 0x8F28; loop back to 0x8F34; loop back to 0x8F9B; loop back to 0x8F6E; loop back to 0x8FC5; ret; loop back to 0x8F8A,resolved,"0x8F20 mov dptr,#0x081e ; 0x8F23 movx a,@dptr ; 0x8F24 jnz 0x8f28 ; 0x8F26 inc dptr ; 0x8F27 movx a,@dptr ; 0x8F28 jz 0x8f34 ; 0x8F2A mov dptr,#0x081e ; 0x8F2D mov a,#0xff ; 0x8F2F mov 0xf0,a ; 0x8F31 lcall 0x70e4 ; 0x8F34 mov dptr,#0x0815 ; 0x8F37 movx a,@dptr ; 0x8F38 jb acc.0,0x8f3e ; 0x8F3B ljmp 0x8fdb | 0x8F3E lcall 0xc1b1 ; 0x8F41 mov a,r7 ; 0x8F42 jz 0x8f55 ; 0x8F44 mov dptr,#0x0817 ; 0x8F47 movx a,@dptr ; 0x8F48 jnz 0x8f4d ; 0x8F4A ljmp 0x9040 | 0x8F55 mov dptr,#0x0817 ; 0x8F58 movx a,@dptr ; 0x8F59 dec a ; 0x8F5A jz 0x8f93 ; 0x8F5C dec a ; 0x8F5D jz 0x8fa3 ; 0x8F5F add a,#0x02 ; 0x8F61 jz 0x8f66 ; 0x8F63 ljmp 0x9040 | 0x8F4D clr a ; 0x8F4E movx @dptr,a ; 0x8F4F lcall 0xc2a2 ; 0x8F52 ljmp 0xc478 | 0x8F93 mov dptr,#0x081e ; 0x8F96 movx a,@dptr ; 0x8F97 jnz 0x8f9b ; 0x8F99 inc dptr ; 0x8F9A movx a,@dptr ; 0x8F9B jz 0x8fa0 ; 0x8F9D ljmp 0x9040 | 0x8FA3 lcall 0xc349 ; 0x8FA6 mov a,r7 ; 0x8FA7 jz 0x8fac ; 0x8FA9 ljmp 0x9040 | 0x8F66 mov dptr,#0x081e ; 0x8F69 movx a,@dptr ; 0x8F6A jnz 0x8f6e ; 0x8F6C inc dptr ; 0x8F6D movx a,@dptr ; 0x8F6E jz 0x8f73 ; 0x8F70 ljmp 0x9040 | 0x8FA0 ljmp 0x902a | 0x8FAC lcall 0xc2aa ; 0x8FAF lcall 0xbc14 ; 0x8FB2 anl a,#0xfe ; 0x8FB4 movx @dptr,a ; 0x8FB5 mov dptr,#0x073c ; 0x8FB8 movx a,@dptr ; 0x8FB9 jnb acc.0,0x8fc5 ; 0x8FBC movx a,@dptr ; 0x8FBD jb acc.1,0x8fc5 ; 0x8FC0 movx a,@dptr ; 0x8FC1 anl a,#0xf8 ; 0x8FC3 jz 0x9040 ; 0x8FC5 mov dptr,#0x0a59 ; 0x8FC8 mov a,#0x02 ; 0x8FCA movx @dptr,a ; 0x8FCB clr a ; 0x8FCC inc dptr ; 0x8FCD movx @dptr,a ; 0x8FCE inc dptr ; 0x8FCF movx @dptr,a ; 0x8FD0 inc dptr ; 0x8FD1 movx @dptr,a ; 0x8FD2 mov r3,#0x5a ; 0x8FD4 mov r5,#0x88 ; 0x8FD6 mov r7,#0x01 ; 0x8FD8 ljmp 0x445e | 0x8F73 mov dptr,#0x081e ; 0x8F76 clr a ; 0x8F77 movx @dptr,a ; 0x8F78 inc dptr ; 0x8F79 mov a,#0x0a ; 0x8F7B movx @dptr,a ; 0x8F7C mov dptr,#0x0440 ; 0x8F7F movx a,@dptr ; 0x8F80 jnz 0x8f8a ; 0x8F82 mov dptr,#0x081e ; 0x8F85 movx @dptr,a ; 0x8F86 inc dptr ; 0x8F87 mov a,#0x28 ; 0x8F89 movx @dptr,a ; 0x8F8A mov dptr,#0x0817 ; 0x8F8D mov a,#0x01 ; 0x8F8F movx @dptr,a ; 0x8F90 ljmp 0xc48f | 0x9040 ret"
0x06E6,callee,0x84D4,,,,,0xAAC6,bank0,93,0x0440 read ; 0x0760 read ; 0x07A6 read ; 0x0D14 r+w,,,,0,,tail jump to a callee; loop back to 0xAAE5; ret; loop back to 0xAB09; loop back to 0xAB18; loop back to 0xAB5C; loop back to 0xAB30; loop back to 0xAB41; loop back to 0xAB61; loop back to 0xAB6D,resolved,"0xAAC6 mov dptr,#0x07a6 ; 0xAAC9 movx a,@dptr ; 0xAACA jnb acc.6,0xaad0 ; 0xAACD ljmp 0xab6d | 0xAAD0 mov dptr,#0x0760 ; 0xAAD3 movx a,@dptr ; 0xAAD4 xrl a,#0x0b ; 0xAAD6 jz 0xaae5 ; 0xAAD8 movx a,@dptr ; 0xAAD9 xrl a,#0x0f ; 0xAADB jz 0xaae5 ; 0xAADD movx a,@dptr ; 0xAADE xrl a,#0x10 ; 0xAAE0 jz 0xaae5 ; 0xAAE2 ljmp 0xab6d | 0xAAE5 mov dptr,#0x0440 ; 0xAAE8 movx a,@dptr ; 0xAAE9 jnz 0xaaed ; 0xAAEB sjmp 0xab5c | 0xAAED mov dptr,#0x0d14 ; 0xAAF0 movx a,@dptr ; 0xAAF1 clr c ; 0xAAF2 subb a,#0xf0 ; 0xAAF4 jnc 0xab09 ; 0xAAF6 movx a,@dptr ; 0xAAF7 clr c ; 0xAAF8 subb a,#0x18 ; 0xAAFA jc 0xab09 ; 0xAAFC lcall 0xc31f ; 0xAAFF cjne r7,#0x01,0xab09 ; 0xAB02 mov dptr,#0x0d14 ; 0xAB05 mov a,#0xfe ; 0xAB07 movx @dptr,a ; 0xAB08 ret | 0xAB5C mov dptr,#0x0d14 ; 0xAB5F movx @dptr,a ; 0xAB60 ret | 0xAB09 mov dptr,#0x0d14 ; 0xAB0C movx a,@dptr ; 0xAB0D cjne a,#0xfe,0xab18 ; 0xAB10 lcall 0xc31f ; 0xAB13 mov a,r7 ; 0xAB14 jnz 0xab18 ; 0xAB16 sjmp 0xab5c | 0xAB18 mov dptr,#0x0d14 ; 0xAB1B movx a,@dptr ; 0xAB1C jz 0xab30 ; 0xAB1E movx a,@dptr ; 0xAB1F setb c ; 0xAB20 subb a,#0x10 ; 0xAB22 jnc 0xab30 ; 0xAB24 lcall 0xc31f ; 0xAB27 mov a,r7 ; 0xAB28 jnz 0xab30 ; 0xAB2A mov dptr,#0x0d14 ; 0xAB2D inc a ; 0xAB2E movx @dptr,a ; 0xAB2F ret | 0xAB30 mov dptr,#0x0d14 ; 0xAB33 movx a,@dptr ; 0xAB34 jnz 0xab41 ; 0xAB36 lcall 0xc31f ; 0xAB39 mov a,r7 ; 0xAB3A jnz 0xab41 ; 0xAB3C mov dptr,#0x0d14 ; 0xAB3F inc a ; 0xAB40 movx @dptr,a ; 0xAB41 mov dptr,#0x0d14 ; 0xAB44 movx a,@dptr ; 0xAB45 jz 0xab6d ; 0xAB47 movx a,@dptr ; 0xAB48 clr c ; 0xAB49 subb a,#0x11 ; 0xAB4B jc 0xab61 ; 0xAB4D movx a,@dptr ; 0xAB4E subb a,#0x18 ; 0xAB50 jnc 0xab61 ; 0xAB52 lcall 0xc31f ; 0xAB55 mov a,r7 ; 0xAB56 jnz 0xab61 ; 0xAB58 lcall 0xaa90 ; 0xAB5B clr a ; 0xAB5C mov dptr,#0x0d14 ; 0xAB5F movx @dptr,a ; 0xAB60 ret | 0xAB6D ret | 0xAB61 lcall 0xc31f ; 0xAB64 cjne r7,#0x01,0xab6d ; 0xAB67 mov dptr,#0x0d14 ; 0xAB6A movx a,@dptr ; 0xAB6B inc a ; 0xAB6C movx @dptr,a ; 0xAB6D ret"
0x06E6,callee,0x84D4,,,,,0xB889,bank0,31,0x07A4 read ; 0x0897 r+w ; 0x09EE r+w,,,,0,,tail jump to a callee; ret; loop back to 0xB8BF,resolved,"0xB889 mov dptr,#0x07a4 ; 0xB88C movx a,@dptr ; 0xB88D jnb acc.2,0xb89e ; 0xB890 mov dptr,#0x09ee ; 0xB893 movx a,@dptr ; 0xB894 jb acc.1,0xb8bf ; 0xB897 movx a,@dptr ; 0xB898 orl a,#0x02 ; 0xB89A movx @dptr,a ; 0xB89B ljmp 0xc191 | 0xB89E mov dptr,#0x09ee ; 0xB8A1 movx a,@dptr ; 0xB8A2 jnb acc.1,0xb8b0 ; 0xB8A5 movx a,@dptr ; 0xB8A6 anl a,#0xfd ; 0xB8A8 movx @dptr,a ; 0xB8A9 mov dptr,#0x0897 ; 0xB8AC mov a,#0x01 ; 0xB8AE movx @dptr,a ; 0xB8AF ret | 0xB8BF ret | 0xB8B0 mov dptr,#0x0897 ; 0xB8B3 movx a,@dptr ; 0xB8B4 jz 0xb8bf ; 0xB8B6 movx a,@dptr ; 0xB8B7 dec a ; 0xB8B8 movx @dptr,a ; 0xB8B9 movx a,@dptr ; 0xB8BA jnz 0xb8bf ; 0xB8BC lcall 0xc199 ; 0xB8BF ret"
0x06E6,callee,0x84D4,,,,,0xCFBD,bank0,2,,,,,0,,tail jump to a callee,resolved,0xCFBD lcall 0xccfc ; 0xCFC0 ljmp 0x18c4
0x06E6,arm,0x9C48,0x9C4E,"xrl a,#0x03 ; jz   0x9c57",taken,0x9C57,,bank0,48,0x0823 r+w ; 0x0828 r+w ; 0x0829 r+w ; 0x1807 write,0x6234,,,0,,tail jump to a callee; ret; loop back to 0x9C87; loop back to 0x9CA5,complete,"0x9C57 mov dptr,#0x0823 ; 0x9C5A movx a,@dptr ; 0x9C5B jnb acc.6,0x9c7d ; 0x9C5E mov dptr,#0x0829 ; 0x9C61 movx a,@dptr ; 0x9C62 jz 0x9c69 ; 0x9C64 movx a,@dptr ; 0x9C65 add a,#0xfe ; 0x9C67 sjmp 0x9c87 | 0x9C7D mov dptr,#0x0829 ; 0x9C80 movx a,@dptr ; 0x9C81 xrl a,#0x14 ; 0x9C83 jz 0x9c92 ; 0x9C85 movx a,@dptr ; 0x9C86 inc a ; 0x9C87 movx @dptr,a ; 0x9C88 movx a,@dptr ; 0x9C89 mov dptr,#0x6234 ; 0x9C8C movc a,@a+dptr ; 0x9C8D mov dptr,#0x1807 ; 0x9C90 movx @dptr,a ; 0x9C91 ret | 0x9C69 mov dptr,#0x0828 ; 0x9C6C movx a,@dptr ; 0x9C6D inc a ; 0x9C6E movx @dptr,a ; 0x9C6F movx a,@dptr ; 0x9C70 xrl a,#0x14 ; 0x9C72 jnz 0x9ca5 ; 0x9C74 movx @dptr,a ; 0x9C75 mov dptr,#0x0823 ; 0x9C78 movx a,@dptr ; 0x9C79 anl a,#0xbf ; 0x9C7B movx @dptr,a ; 0x9C7C ret | 0x9C92 mov dptr,#0x0828 ; 0x9C95 movx a,@dptr ; 0x9C96 inc a ; 0x9C97 movx @dptr,a ; 0x9C98 movx a,@dptr ; 0x9C99 cjne a,#0x0a,0x9ca5 ; 0x9C9C clr a ; 0x9C9D movx @dptr,a ; 0x9C9E mov dptr,#0x0823 ; 0x9CA1 movx a,@dptr ; 0x9CA2 orl a,#0x40 ; 0x9CA4 movx @dptr,a ; 0x9CA5 ret"
0x06E6,arm,0x9C48,0x9C4E,"xrl a,#0x03 ; jz   0x9c57",fall-through,0x9C50,,bank0,52,0x0466 read ; 0x0823 r+w ; 0x0828 r+w ; 0x0829 r+w ; 0x1807 write,0x6234,,,0,,tail jump to a callee; ret; loop back to 0x9C87; loop back to 0x9CA5,complete,"0x9C50 mov dptr,#0x0466 ; 0x9C53 movx a,@dptr ; 0x9C54 jnb acc.4,0x9ca5 ; 0x9C57 mov dptr,#0x0823 ; 0x9C5A movx a,@dptr ; 0x9C5B jnb acc.6,0x9c7d ; 0x9C5E mov dptr,#0x0829 ; 0x9C61 movx a,@dptr ; 0x9C62 jz 0x9c69 ; 0x9C64 movx a,@dptr ; 0x9C65 add a,#0xfe ; 0x9C67 sjmp 0x9c87 | 0x9CA5 ret | 0x9C7D mov dptr,#0x0829 ; 0x9C80 movx a,@dptr ; 0x9C81 xrl a,#0x14 ; 0x9C83 jz 0x9c92 ; 0x9C85 movx a,@dptr ; 0x9C86 inc a ; 0x9C87 movx @dptr,a ; 0x9C88 movx a,@dptr ; 0x9C89 mov dptr,#0x6234 ; 0x9C8C movc a,@a+dptr ; 0x9C8D mov dptr,#0x1807 ; 0x9C90 movx @dptr,a ; 0x9C91 ret | 0x9C69 mov dptr,#0x0828 ; 0x9C6C movx a,@dptr ; 0x9C6D inc a ; 0x9C6E movx @dptr,a ; 0x9C6F movx a,@dptr ; 0x9C70 xrl a,#0x14 ; 0x9C72 jnz 0x9ca5 ; 0x9C74 movx @dptr,a ; 0x9C75 mov dptr,#0x0823 ; 0x9C78 movx a,@dptr ; 0x9C79 anl a,#0xbf ; 0x9C7B movx @dptr,a ; 0x9C7C ret | 0x9C92 mov dptr,#0x0828 ; 0x9C95 movx a,@dptr ; 0x9C96 inc a ; 0x9C97 movx @dptr,a ; 0x9C98 movx a,@dptr ; 0x9C99 cjne a,#0x0a,0x9ca5 ; 0x9C9C clr a ; 0x9C9D movx @dptr,a ; 0x9C9E mov dptr,#0x0823 ; 0x9CA1 movx a,@dptr ; 0x9CA2 orl a,#0x40 ; 0x9CA4 movx @dptr,a ; 0x9CA5 ret"
0x06E6,arm,0xA3DD,0xA3E3,"xrl a,#0x05 ; jnz  0xa425",taken,0xA425,,bank0,1,,,,,0,,ret,complete,0xA425 ret
0x06E6,arm,0xA3DD,0xA3E3,"xrl a,#0x05 ; jnz  0xa425",fall-through,0xA3E5,,bank0,10,0x0767 r+w ; 0x097F r+w,,,0xC389,0,,ret,complete,"0xA3E5 lcall 0xc389 ; 0xA3E8 mov dptr,#0x097f ; 0xA3EB movx a,@dptr ; 0xA3EC orl a,#0x02 ; 0xA3EE movx @dptr,a ; 0xA3EF mov dptr,#0x0767 ; 0xA3F2 movx a,@dptr ; 0xA3F3 anl a,#0xef ; 0xA3F5 movx @dptr,a ; 0xA3F6 ret"
0x06E6,callee,0xA3DD,,,,,0xC389,bank0,5,0x1607 r+w,,,,0,,ret,resolved,"0xC389 mov dptr,#0x1607 ; 0xC38C movx a,@dptr ; 0xC38D anl a,#0xfb ; 0xC38F movx @dptr,a ; 0xC390 ret"
0x06E6,arm,0xA505,0xA50B,"xrl a,#0x05 ; jz   0xa519",taken,0xA519,,bank0,5,0x084D write,,,0xA4D6 ; 0xA725,0,,tail jump to a callee,complete,"0xA519 lcall 0xa4d6 ; 0xA51C clr a ; 0xA51D mov dptr,#0x084d ; 0xA520 movx @dptr,a ; 0xA521 ljmp 0xa725"
0x06E6,arm,0xA505,0xA50B,"xrl a,#0x05 ; jz   0xa519",fall-through,0xA50D,,bank0,212,0x0466 read ; 0x0490 read ; 0x06E6 read ; 0x0741 read ; 0x0767 read ; 0x0769 read ; 0x076A read ; 0x076B read ; 0x076F read ; 0x078C r+w ; 0x07C3 read ; 0x0825 write ; 0x0826 r+w ; 0x0827 write ; 0x084D r+w ; 0x09CC r+w ; 0x09CE read ; 0x1803 r+w ; 0x1805 write ; 0x1808 r+w,,,0xA4D6 ; 0xA725 ; 0xB9D8 ; 0xA747 ; 0xA747 ; 0xB9D8 ; 0xA747 ; 0xC03C ; 0xB901 ; 0xB90E ; 0xBA36 ; 0xA73B ; 0xC058 ; 0xB9D8 ; 0xA663 ; 0xA678 ; 0xBB81 ; 0xBB81 ; 0xBA23 ; 0xBB80 ; 0xBE21 ; 0xBB81 ; 0xBA23 ; 0xBB80 ; 0xBB81 ; 0xBA23 ; 0xBB80 ; 0xA426 ; 0xA716 ; 0xBB6A ; 0x7151 ; 0xA0A6,0,DPTR carried across a call,tail jump to a callee; loop back to 0xA519; ret; loop back to 0xA54F; loop back to 0xA5C8; loop back to 0xA587; loop back to 0xA58D; loop back to 0xA5C2; loop back to 0xA5AF; loop back to 0xA5B6; loop back to 0xA5DE; loop back to 0xA601; loop back to 0xA663; loop back to 0xA60A; loop back to 0xA619; loop back to 0xA622; loop back to 0xA636; loop back to 0xA63F; loop back to 0xA653; loop back to 0xA67B,complete,"0xA50D movx a,@dptr ; 0xA50E xrl a,#0x03 ; 0xA510 jz 0xa519 ; 0xA512 mov dptr,#0x0466 ; 0xA515 movx a,@dptr ; 0xA516 jnb acc.4,0xa524 ; 0xA519 lcall 0xa4d6 ; 0xA51C clr a ; 0xA51D mov dptr,#0x084d ; 0xA520 movx @dptr,a ; 0xA521 ljmp 0xa725 | 0xA524 mov dptr,#0x078c ; 0xA527 movx a,@dptr ; 0xA528 jnb acc.4,0xa552 ; 0xA52B movx a,@dptr ; 0xA52C anl a,#0xef ; 0xA52E movx @dptr,a ; 0xA52F movx a,@dptr ; 0xA530 mov r7,a ; 0xA531 swap a ; 0xA532 rrc a ; 0xA533 anl a,#0x07 ; 0xA535 mov dptr,#0x0826 ; 0xA538 movx @dptr,a ; 0xA539 mov dptr,#0x0490 ; 0xA53C movx a,@dptr ; 0xA53D mov dptr,#0x0826 ; 0xA540 jnb acc.0,0xa54a ; 0xA543 movx a,@dptr ; 0xA544 mov dptr,#0x0825 ; 0xA547 movx @dptr,a ; 0xA548 sjmp 0xa54f | 0xA552 mov dptr,#0x09ce ; 0xA555 movx a,@dptr ; 0xA556 jz 0xa5c8 ; 0xA558 mov dptr,#0x0769 ; 0xA55B movx a,@dptr ; 0xA55C jnz 0xa5c8 ; 0xA55E mov dptr,#0x076a ; 0xA561 movx a,@dptr ; 0xA562 jnz 0xa5c8 ; 0xA564 mov dptr,#0x076b ; 0xA567 movx a,@dptr ; 0xA568 jnz 0xa5c8 ; 0xA56A mov dptr,#0x078c ; 0xA56D movx a,@dptr ; 0xA56E jb acc.1,0xa5c8 ; 0xA571 lcall 0xb9d8 ; 0xA574 jnz 0xa5c8 ; 0xA576 mov dptr,#0x09ce ; 0xA579 movx a,@dptr ; 0xA57A setb c ; 0xA57B subb a,#0x02 ; 0xA57D jnc 0xa58d ; 0xA57F movx a,@dptr ; 0xA580 subb a,#0x01 ; 0xA582 jnc 0xa587 ; 0xA584 lcall 0xa747 ; 0xA587 clr a ; 0xA588 mov dptr,#0x084d ; 0xA58B movx @dptr,a ; 0xA58C ret | 0xA54A movx a,@dptr ; 0xA54B mov dptr,#0x0827 ; 0xA54E movx @dptr,a ; 0xA54F lcall 0xa747 ; 0xA552 mov dptr,#0x09ce ; 0xA555 movx a,@dptr ; 0xA556 jz 0xa5c8 ; 0xA558 mov dptr,#0x0769 ; 0xA55B movx a,@dptr ; 0xA55C jnz 0xa5c8 ; 0xA55E mov dptr,#0x076a ; 0xA561 movx a,@dptr ; 0xA562 jnz 0xa5c8 ; 0xA564 mov dptr,#0x076b ; 0xA567 movx a,@dptr ; 0xA568 jnz 0xa5c8 ; 0xA56A mov dptr,#0x078c ; 0xA56D movx a,@dptr ; 0xA56E jb acc.1,0xa5c8 ; 0xA571 lcall 0xb9d8 ; 0xA574 jnz 0xa5c8 ; 0xA576 mov dptr,#0x09ce ; 0xA579 movx a,@dptr ; 0xA57A setb c ; 0xA57B subb a,#0x02 ; 0xA57D jnc 0xa58d ; 0xA57F movx a,@dptr ; 0xA580 subb a,#0x01 ; 0xA582 jnc 0xa587 ; 0xA584 lcall 0xa747 ; 0xA587 clr a ; 0xA588 mov dptr,#0x084d ; 0xA58B movx @dptr,a ; 0xA58C ret | 0xA5C8 mov dptr,#0x078c ; 0xA5CB movx a,@dptr ; 0xA5CC jnb acc.1,0xa5d2 ; 0xA5CF ljmp 0xc03c | 0xA58D mov dptr,#0x084d ; 0xA590 mov a,#0x18 ; 0xA592 movx @dptr,a ; 0xA593 mov dptr,#0x07c3 ; 0xA596 movx a,@dptr ; 0xA597 xrl a,#0x06 ; 0xA599 jz 0xa5c2 ; 0xA59B lcall 0xb901 ; 0xA59E mov a,r7 ; 0xA59F jnz 0xa5c2 ; 0xA5A1 mov dptr,#0x07c3 ; 0xA5A4 movx a,@dptr ; 0xA5A5 xrl a,#0x07 ; 0xA5A7 jz 0xa5af ; 0xA5A9 lcall 0xb90e ; 0xA5AC mov a,r7 ; 0xA5AD jz 0xa5b6 ; 0xA5AF lcall 0xba36 ; 0xA5B2 xrl a,#0x08 ; 0xA5B4 jz 0xa5c2 ; 0xA5B6 mov dptr,#0x07c3 ; 0xA5B9 movx a,@dptr ; 0xA5BA xrl a,#0x01 ; 0xA5BC jz 0xa5c2 ; 0xA5BE movx a,@dptr ; 0xA5BF cjne a,#0x0d,0xa5c5 ; 0xA5C2 ljmp 0xa73b | 0xA5D2 lcall 0xc058 ; 0xA5D5 mov dptr,#0x084d ; 0xA5D8 movx a,@dptr ; 0xA5D9 jz 0xa5de ; 0xA5DB movx a,@dptr ; 0xA5DC dec a ; 0xA5DD movx @dptr,a ; 0xA5DE lcall 0xb9d8 ; 0xA5E1 jz 0xa5e6 ; 0xA5E3 ljmp 0xa663 | 0xA5C5 ljmp 0xa678 | 0xA5E6 mov dptr,#0x0741 ; 0xA5E9 movx a,@dptr ; 0xA5EA jb acc.2,0xa663 ; 0xA5ED lcall 0xbb81 ; 0xA5F0 jz 0xa601 ; 0xA5F2 movx a,@dptr ; 0xA5F3 xrl a,#0x02 ; 0xA5F5 jz 0xa601 ; 0xA5F7 movx a,@dptr ; 0xA5F8 xrl a,#0x03 ; 0xA5FA jz 0xa601 ; 0xA5FC movx a,@dptr ; 0xA5FD xrl a,#0x04 ; 0xA5FF jnz 0xa663 ; 0xA601 lcall 0xbb81 ; 0xA604 jz 0xa60a ; 0xA606 movx a,@dptr ; 0xA607 cjne a,#0x02,0xa619 ; 0xA60A lcall 0xba23 ; 0xA60D mov dptr,#0x1803 ; 0xA610 lcall 0xbb80 ; 0xA613 jz 0xa619 ; 0xA615 clr a ; 0xA616 lcall 0xbe21 ; 0xA619 lcall 0xbb81 ; 0xA61C jz 0xa622 ; 0xA61E movx a,@dptr ; 0xA61F cjne a,#0x03,0xa636 ; 0xA622 lcall 0xba23 ; 0xA625 mov dptr,#0x1805 ; 0xA628 lcall 0xbb80 ; 0xA62B jz 0xa636 ; 0xA62D clr a ; 0xA62E mov dptr,#0x1803 ; 0xA631 movx @dptr,a ; 0xA632 mov dptr,#0x1808 ; 0xA635 movx @dptr,a ; 0xA636 lcall 0xbb81 ; 0xA639 jz 0xa63f ; 0xA63B movx a,@dptr ; 0xA63C cjne a,#0x04,0xa653 ; 0xA63F lcall 0xba23 ; 0xA642 mov dptr,#0x1808 ; 0xA645 lcall 0xbb80 ; 0xA648 jz 0xa653 ; 0xA64A clr a ; 0xA64B mov dptr,#0x1805 ; 0xA64E movx @dptr,a ; 0xA64F mov dptr,#0x1803 ; 0xA652 movx @dptr,a ; 0xA653 mov dptr,#0x09cc ; 0xA656 movx a,@dptr ; 0xA657 cjne a,#0x2e,0xa65d ; 0xA65A clr a ; 0xA65B movx @dptr,a ; 0xA65C ret | 0xA663 mov dptr,#0x0767 ; 0xA666 movx a,@dptr ; 0xA667 jnb acc.7,0xa67b ; 0xA66A mov dptr,#0x06e6 ; 0xA66D movx a,@dptr ; 0xA66E cjne a,#0x01,0xa67b ; 0xA671 mov dptr,#0x0741 ; 0xA674 movx a,@dptr ; 0xA675 jb acc.2,0xa67b ; 0xA678 ljmp 0xa426 | 0xA65D mov dptr,#0x09cc ; 0xA660 ljmp 0xa716 | 0xA67B lcall 0xbb6a ; 0xA67E mov dptr,#0x076f ; 0xA681 movx a,@dptr ; 0xA682 lcall 0x7151 ; 0xA685 mov @r0,0x9e ; 0xA687 ajmp 0xa0a6"
0x06E6,callee,0xA505,,,,,0xA4D6,bank0,6,0x1803 write,,,,0,,ret,resolved,"0xA4D6 clr a ; 0xA4D7 mov dptr,#0x1803 ; 0xA4DA movx @dptr,a ; 0xA4DB lcall 0xbe21 ; 0xA4DE lcall 0xbb6a ; 0xA4E1 ret"
0x06E6,callee,0xA505,,,,,0xA725,bank0,3,0x0857 write,,,,0,,ret,resolved,"0xA725 mov dptr,#0x0857 ; 0xA728 movx @dptr,a ; 0xA729 ret"
0x06E6,callee,0xA505,,,,,0xB9D8,bank0,4,0x06E6 read,,,,0,,ret,resolved,"0xB9D8 mov dptr,#0x06e6 ; 0xB9DB movx a,@dptr ; 0xB9DC xrl a,#0x01 ; 0xB9DE ret"
0x06E6,callee,0xA505,,,,,0xA747,bank0,62,0x073C read ; 0x0766 read ; 0x0767 read ; 0x0769 r+w ; 0x076A r+w ; 0x076B r+w ; 0x076C read ; 0x076D read ; 0x076E read ; 0x0782 read ; 0x078C read ; 0x07C5 read ; 0x1803 write ; 0x1805 write ; 0x1808 write,,,,0,,ret; loop back to 0xA7C7; loop back to 0xA769; loop back to 0xA7A9,resolved,"0xA747 mov dptr,#0x073c ; 0xA74A movx a,@dptr ; 0xA74B jnb acc.0,0xa7c7 ; 0xA74E movx a,@dptr ; 0xA74F jb acc.1,0xa7c7 ; 0xA752 movx a,@dptr ; 0xA753 anl a,#0xf8 ; 0xA755 jnz 0xa7c7 ; 0xA757 mov dptr,#0x0766 ; 0xA75A movx a,@dptr ; 0xA75B jb acc.4,0xa769 ; 0xA75E movx a,@dptr ; 0xA75F jb acc.5,0xa769 ; 0xA762 mov dptr,#0x0782 ; 0xA765 movx a,@dptr ; 0xA766 jnb acc.6,0xa7c7 ; 0xA769 mov dptr,#0x078c ; 0xA76C movx a,@dptr ; 0xA76D jb acc.1,0xa7c7 ; 0xA770 mov dptr,#0x0767 ; 0xA773 movx a,@dptr ; 0xA774 jb acc.7,0xa7c7 ; 0xA777 mov dptr,#0x07c5 ; 0xA77A movx a,@dptr ; 0xA77B anl a,#0x07 ; 0xA77D jnz 0xa7c7 ; 0xA77F mov dptr,#0x076a ; 0xA782 movx a,@dptr ; 0xA783 mov r7,a ; 0xA784 mov dptr,#0x0769 ; 0xA787 movx a,@dptr ; 0xA788 orl a,r7 ; 0xA789 mov r7,a ; 0xA78A mov dptr,#0x076b ; 0xA78D movx a,@dptr ; 0xA78E orl a,r7 ; 0xA78F jnz 0xa7a9 ; 0xA791 mov dptr,#0x076c ; 0xA794 movx a,@dptr ; 0xA795 mov dptr,#0x0769 ; 0xA798 movx @dptr,a ; 0xA799 mov dptr,#0x076d ; 0xA79C movx a,@dptr ; 0xA79D mov dptr,#0x076a ; 0xA7A0 movx @dptr,a ; 0xA7A1 mov dptr,#0x076e ; 0xA7A4 movx a,@dptr ; 0xA7A5 mov dptr,#0x076b ; 0xA7A8 movx @dptr,a ; 0xA7A9 mov dptr,#0x076a ; 0xA7AC lcall 0xbc9f ; 0xA7AF mov dptr,#0x1805 ; 0xA7B2 movx @dptr,a ; 0xA7B3 mov dptr,#0x076b ; 0xA7B6 lcall 0xbc9f ; 0xA7B9 mov dptr,#0x1808 ; 0xA7BC movx @dptr,a ; 0xA7BD mov dptr,#0x0769 ; 0xA7C0 lcall 0xbc9f ; 0xA7C3 mov dptr,#0x1803 ; 0xA7C6 movx @dptr,a ; 0xA7C7 ret"
0x06E6,callee,0xA505,,,,,0xC03C,bank0,13,0x1611 write ; 0x1613 write ; 0x1616 write,,,,0,DPTR carried across a call,ret,resolved,"0xC03C mov dptr,#0x1611 ; 0xC03F lcall 0xc4f0 ; 0xC042 anl a,#0xfd ; 0xC044 movx @dptr,a ; 0xC045 mov dptr,#0x1613 ; 0xC048 lcall 0xc4f0 ; 0xC04B anl a,#0xf7 ; 0xC04D movx @dptr,a ; 0xC04E mov dptr,#0x1616 ; 0xC051 lcall 0xc4f0 ; 0xC054 anl a,#0xbf ; 0xC056 movx @dptr,a ; 0xC057 ret"
0x06E6,callee,0xA505,,,,,0xB901,bank0,7,0x0770 read,,,,0,,ret,resolved,"0xB901 mov dptr,#0x0770 ; 0xB904 movx a,@dptr ; 0xB905 cjne a,#0x06,0xb90b ; 0xB908 mov r7,#0x01 ; 0xB90A ret | 0xB90B mov r7,#0x00 ; 0xB90D ret"
0x06E6,callee,0xA505,,,,,0xB90E,bank0,7,0x0770 read,,,,0,,ret,resolved,"0xB90E mov dptr,#0x0770 ; 0xB911 movx a,@dptr ; 0xB912 cjne a,#0x07,0xb918 ; 0xB915 mov r7,#0x01 ; 0xB917 ret | 0xB918 mov r7,#0x00 ; 0xB91A ret"
0x06E6,callee,0xA505,,,,,0xBA36,bank0,4,0x074C read,,,,0,,ret,resolved,"0xBA36 mov dptr,#0x074c ; 0xBA39 movx a,@dptr ; 0xBA3A anl a,#0x0f ; 0xBA3C ret"
0x06E6,callee,0xA505,,,,,0xA73B,bank0,2,,,,,0,,ret,resolved,0xA73B lcall 0xa747 ; 0xA73E ret
0x06E6,callee,0xA505,,,,,0xC058,bank0,8,0x1611 write ; 0x1613 write ; 0x1616 write,,,,0,,ret,resolved,"0xC058 clr a ; 0xC059 mov dptr,#0x1611 ; 0xC05C movx @dptr,a ; 0xC05D mov dptr,#0x1613 ; 0xC060 movx @dptr,a ; 0xC061 mov dptr,#0x1616 ; 0xC064 movx @dptr,a ; 0xC065 ret"
0x06E6,callee,0xA505,,,,,0xA663,bank0,16,0x06E6 read ; 0x0741 read ; 0x0767 read ; 0x076F read,,,,0,,tail jump to a callee; loop back to 0xA67B,resolved,"0xA663 mov dptr,#0x0767 ; 0xA666 movx a,@dptr ; 0xA667 jnb acc.7,0xa67b ; 0xA66A mov dptr,#0x06e6 ; 0xA66D movx a,@dptr ; 0xA66E cjne a,#0x01,0xa67b ; 0xA671 mov dptr,#0x0741 ; 0xA674 movx a,@dptr ; 0xA675 jb acc.2,0xa67b ; 0xA678 ljmp 0xa426 | 0xA67B lcall 0xbb6a ; 0xA67E mov dptr,#0x076f ; 0xA681 movx a,@dptr ; 0xA682 lcall 0x7151 ; 0xA685 mov @r0,0x9e ; 0xA687 ajmp 0xa0a6"
0x06E6,callee,0xA505,,,,,0xA678,bank0,1,,,,,0,,tail jump to a callee,resolved,0xA678 ljmp 0xa426
0x06E6,callee,0xA505,,,,,0xBB81,bank0,4,0x07C5 read,,,,0,,ret,resolved,"0xBB81 mov dptr,#0x07c5 ; 0xBB84 movx a,@dptr ; 0xBB85 xrl a,#0x01 ; 0xBB87 ret"
0x06E6,callee,0xA505,,,,,0xBA23,bank0,12,0x0826 read ; 0x09CC read,0x6391,,,0,,ret,resolved,"0xBA23 mov dptr,#0x09cc ; 0xBA26 movx a,@dptr ; 0xBA27 mov dptr,#0x6391 ; 0xBA2A movc a,@a+dptr ; 0xBA2B mov r7,a ; 0xBA2C mov dptr,#0x0826 ; 0xBA2F movx a,@dptr ; 0xBA30 mov r6,a ; 0xBA31 mov a,r7 ; 0xBA32 mov 0xf0,r6 ; 0xBA34 mul ab ; 0xBA35 ret"
0x06E6,callee,0xA505,,,,,0xBB80,bank0,5,0x07C5 read,,,,1,DPTR inherited from the caller,ret,partial: DPTR inherited from the caller,"0xBB80 movx @dptr,a ; 0xBB81 mov dptr,#0x07c5 ; 0xBB84 movx a,@dptr ; 0xBB85 xrl a,#0x01 ; 0xBB87 ret"
0x06E6,callee,0xA505,,,,,0xBE21,bank0,5,0x1805 write ; 0x1808 write,,,,0,,ret,resolved,"0xBE21 mov dptr,#0x1805 ; 0xBE24 movx @dptr,a ; 0xBE25 mov dptr,#0x1808 ; 0xBE28 movx @dptr,a ; 0xBE29 ret"
0x06E6,callee,0xA505,,,,,0xA426,bank0,109,0x0852 r+w ; 0x0853 r+w ; 0x0854 r+w ; 0x09CE read ; 0x1803 write ; 0x1805 write ; 0x1808 write,,,,0,,tail jump to a callee; loop back to 0xA435; loop back to 0xA43F; loop back to 0xA44B; loop back to 0xA457; loop back to 0xA47B; loop back to 0xA4A3; loop back to 0xA4AD; loop back to 0xA49C; ret; loop back to 0xA4CB; loop back to 0xA4D5; loop back to 0xA4C4,resolved,"0xA426 mov dptr,#0x0855 ; 0xA429 mov r3,#0x60 ; 0xA42B mov r2,#0xea ; 0xA42D lcall 0xbcf5 ; 0xA430 jnc 0xa435 ; 0xA432 lcall 0xbb78 ; 0xA435 lcall 0xbb11 ; 0xA438 orl a,r4 ; 0xA439 jnz 0xa43f ; 0xA43B mov dptr,#0x0852 ; 0xA43E movx @dptr,a ; 0xA43F lcall 0xbb11 ; 0xA442 xrl a,#0x19 ; 0xA444 orl a,r4 ; 0xA445 jnz 0xa44b ; 0xA447 mov dptr,#0x0853 ; 0xA44A movx @dptr,a ; 0xA44B lcall 0xbb11 ; 0xA44E xrl a,#0x32 ; 0xA450 orl a,r4 ; 0xA451 jnz 0xa457 ; 0xA453 mov dptr,#0x0854 ; 0xA456 movx @dptr,a ; 0xA457 mov dptr,#0x0855 ; 0xA45A lcall 0xbade ; 0xA45D mov dptr,#0x0852 ; 0xA460 movx a,@dptr ; 0xA461 clr c ; 0xA462 subb a,#0x64 ; 0xA464 jnc 0xa485 ; 0xA466 mov dptr,#0x09ce ; 0xA469 movx a,@dptr ; 0xA46A mov dptr,#0x0852 ; 0xA46D jz 0xa474 ; 0xA46F lcall 0xbc95 ; 0xA472 sjmp 0xa47b | 0xA485 mov dptr,#0x0853 ; 0xA488 movx a,@dptr ; 0xA489 clr c ; 0xA48A subb a,#0x64 ; 0xA48C jnc 0xa4ad ; 0xA48E mov dptr,#0x09ce ; 0xA491 movx a,@dptr ; 0xA492 mov dptr,#0x0853 ; 0xA495 jz 0xa49c ; 0xA497 lcall 0xbc95 ; 0xA49A sjmp 0xa4a3 | 0xA474 movx a,@dptr ; 0xA475 mov dptr,#0x632d ; 0xA478 lcall 0xba2a ; 0xA47B mov dptr,#0x1803 ; 0xA47E movx @dptr,a ; 0xA47F mov dptr,#0x0852 ; 0xA482 movx a,@dptr ; 0xA483 inc a ; 0xA484 movx @dptr,a ; 0xA485 mov dptr,#0x0853 ; 0xA488 movx a,@dptr ; 0xA489 clr c ; 0xA48A subb a,#0x64 ; 0xA48C jnc 0xa4ad ; 0xA48E mov dptr,#0x09ce ; 0xA491 movx a,@dptr ; 0xA492 mov dptr,#0x0853 ; 0xA495 jz 0xa49c ; 0xA497 lcall 0xbc95 ; 0xA49A sjmp 0xa4a3 | 0xA4AD mov dptr,#0x0854 ; 0xA4B0 movx a,@dptr ; 0xA4B1 clr c ; 0xA4B2 subb a,#0x64 ; 0xA4B4 jnc 0xa4d5 ; 0xA4B6 mov dptr,#0x09ce ; 0xA4B9 movx a,@dptr ; 0xA4BA mov dptr,#0x0854 ; 0xA4BD jz 0xa4c4 ; 0xA4BF lcall 0xbc95 ; 0xA4C2 sjmp 0xa4cb | 0xA49C movx a,@dptr ; 0xA49D mov dptr,#0x632d ; 0xA4A0 lcall 0xba2a ; 0xA4A3 mov dptr,#0x1805 ; 0xA4A6 movx @dptr,a ; 0xA4A7 mov dptr,#0x0853 ; 0xA4AA movx a,@dptr ; 0xA4AB inc a ; 0xA4AC movx @dptr,a ; 0xA4AD mov dptr,#0x0854 ; 0xA4B0 movx a,@dptr ; 0xA4B1 clr c ; 0xA4B2 subb a,#0x64 ; 0xA4B4 jnc 0xa4d5 ; 0xA4B6 mov dptr,#0x09ce ; 0xA4B9 movx a,@dptr ; 0xA4BA mov dptr,#0x0854 ; 0xA4BD jz 0xa4c4 ; 0xA4BF lcall 0xbc95 ; 0xA4C2 sjmp 0xa4cb | 0xA4D5 ret | 0xA4C4 movx a,@dptr ; 0xA4C5 mov dptr,#0x632d ; 0xA4C8 lcall 0xba2a ; 0xA4CB mov dptr,#0x1808 ; 0xA4CE movx @dptr,a ; 0xA4CF mov dptr,#0x0854 ; 0xA4D2 movx a,@dptr ; 0xA4D3 inc a ; 0xA4D4 movx @dptr,a ; 0xA4D5 ret"
0x06E6,callee,0xA505,,,,,0xA716,bank0,4,,,,,2,DPTR inherited from the caller,ret,partial: DPTR inherited from the caller,"0xA716 movx a,@dptr ; 0xA717 inc a ; 0xA718 movx @dptr,a ; 0xA719 ret"
0x06E6,callee,0xA505,,,,,0xBB6A,bank0,13,0x0852 write ; 0x0853 write ; 0x0854 write ; 0x0855 r+w ; 0x0856 write,,,,0,,ret,resolved,"0xBB6A mov dptr,#0x0852 ; 0xBB6D mov a,#0xff ; 0xBB6F movx @dptr,a ; 0xBB70 mov dptr,#0x0853 ; 0xBB73 movx @dptr,a ; 0xBB74 mov dptr,#0x0854 ; 0xBB77 movx @dptr,a ; 0xBB78 clr a ; 0xBB79 mov dptr,#0x0855 ; 0xBB7C movx @dptr,a ; 0xBB7D inc dptr ; 0xBB7E movx @dptr,a ; 0xBB7F ret"
0x06E6,callee,0xA505,,,,,0x7151,bank0,27,,,,,0,,DPTR built at run time (a store to DPL/DPH); indirect jump -- target not resolvable from the bytes; tail jump to a callee; loop back to 0x716C; loop back to 0x7161; loop back to 0x7156,unresolved: indirect jump -- target not resolvable from the bytes,"0x7151 pop 0x83 ; 0x7153 pop 0x82 ; 0x7155 mov r0,a ; 0x7156 clr a ; 0x7157 movc a,@a+dptr ; 0x7158 jnz 0x716c ; 0x715A mov a,#0x01 ; 0x715C movc a,@a+dptr ; 0x715D jnz 0x716c ; 0x715F inc dptr ; 0x7160 inc dptr ; 0x7161 movc a,@a+dptr ; 0x7162 mov r0,a ; 0x7163 mov a,#0x01 ; 0x7165 movc a,@a+dptr ; 0x7166 mov 0x82,a ; 0x7168 mov 0x83,r0 ; 0x716A clr a ; 0x716B jmp @a+dptr | 0x716C mov a,#0x02 ; 0x716E movc a,@a+dptr ; 0x716F xrl a,r0 ; 0x7170 jz 0x7161 ; 0x7172 inc dptr ; 0x7173 inc dptr ; 0x7174 inc dptr ; 0x7175 sjmp 0x7156"
0x06E6,callee,0xA505,,,,,0xA0A6,bank0,72,0x08A7 read ; 0x0A4A read ; 0x0A4B read,,,,1,DPTR inherited from the caller,tail jump to a callee; loop back to 0xA118; loop back to 0xA116; loop back to 0xA0CD; loop back to 0xA0CB; loop back to 0xA0E5; loop back to 0xA0F6; loop back to 0xA136,partial: DPTR inherited from the caller,"0xA0A6 movc a,@a+pc ; 0xA0A7 movx a,@dptr ; 0xA0A8 jnb acc.1,0xa0f9 ; 0xA0AB mov dptr,#0x08a7 ; 0xA0AE movx a,@dptr ; 0xA0AF jz 0xa0b4 ; 0xA0B1 ljmp 0xa1c8 | 0xA0F9 lcall 0xbc85 ; 0xA0FC setb c ; 0xA0FD mov dptr,#0x0a4b ; 0xA100 movx a,@dptr ; 0xA101 subb a,#0x43 ; 0xA103 mov dptr,#0x0a4a ; 0xA106 movx a,@dptr ; 0xA107 subb a,#0x01 ; 0xA109 jc 0xa118 ; 0xA10B lcall 0xb9c6 ; 0xA10E mov a,r7 ; 0xA10F xrl a,#0xe0 ; 0xA111 jnz 0xa116 ; 0xA113 mov a,r6 ; 0xA114 xrl a,#0x2e ; 0xA116 jz 0xa136 ; 0xA118 setb c ; 0xA119 mov dptr,#0x0a4b ; 0xA11C movx a,@dptr ; 0xA11D subb a,#0xb0 ; 0xA11F lcall 0xbef0 ; 0xA122 jnc 0xa127 ; 0xA124 ljmp 0xa1c8 | 0xA0B4 clr c ; 0xA0B5 mov dptr,#0x0a4b ; 0xA0B8 movx a,@dptr ; 0xA0B9 subb a,#0xeb ; 0xA0BB lcall 0xbef0 ; 0xA0BE jnc 0xa0cd ; 0xA0C0 lcall 0xb9c6 ; 0xA0C3 mov a,r7 ; 0xA0C4 xrl a,#0xe0 ; 0xA0C6 jnz 0xa0cb ; 0xA0C8 mov a,r6 ; 0xA0C9 xrl a,#0x2e ; 0xA0CB jz 0xa0e5 ; 0xA0CD clr c ; 0xA0CE mov dptr,#0x0a4b ; 0xA0D1 movx a,@dptr ; 0xA0D2 subb a,#0x75 ; 0xA0D4 lcall 0xbef0 ; 0xA0D7 jnc 0xa0f6 ; 0xA0D9 lcall 0xb9c6 ; 0xA0DC clr c ; 0xA0DD mov a,r7 ; 0xA0DE subb a,#0xe0 ; 0xA0E0 mov a,r6 ; 0xA0E1 subb a,#0x2e ; 0xA0E3 jnc 0xa0f6 ; 0xA0E5 mov dptr,#0x08a9 ; 0xA0E8 lcall 0xbade ; 0xA0EB lcall 0xbd46 ; 0xA0EE jnc 0xa0f3 ; 0xA0F0 ljmp 0xa1c8 | 0xA136 ljmp 0xa1a8 | 0xA127 lcall 0xb9c6 ; 0xA12A clr c ; 0xA12B mov a,r7 ; 0xA12C subb a,#0xe0 ; 0xA12E mov a,r6 ; 0xA12F subb a,#0x2e ; 0xA131 jc 0xa136 ; 0xA133 ljmp 0xa1c8 | 0xA0F6 ljmp 0xa172 | 0xA0F3 ljmp 0xa169"
0x06E6,arm,0xC88C,0xC892,"xrl a,#0x03 ; jnz  0xc8bb",taken,0xC8BB,,bank0,1,,,,,0,,ret,complete,0xC8BB ret
0x06E6,arm,0xC88C,0xC892,"xrl a,#0x03 ; jnz  0xc8bb",fall-through,0xC894,,bank0,19,0x0480 read ; 0x04AB read,,,0xC0DA ; 0xC251 ; 0xC209 ; 0x0ECC ; 0xC201,0,,ret; loop back to 0xC8A4; loop back to 0xC8BB,complete,"0xC894 mov dptr,#0x04ab ; 0xC897 movx a,@dptr ; 0xC898 setb c ; 0xC899 subb a,#0x06 ; 0xC89B jnc 0xc8a4 ; 0xC89D mov dptr,#0x0480 ; 0xC8A0 movx a,@dptr ; 0xC8A1 jnb acc.0,0xc8bb ; 0xC8A4 lcall 0xc0da ; 0xC8A7 mov a,r7 ; 0xC8A8 jz 0xc8bb ; 0xC8AA lcall 0xc251 ; 0xC8AD mov a,r7 ; 0xC8AE jnz 0xc8bb ; 0xC8B0 lcall 0xc209 ; 0xC8B3 mov r7,#0x14 ; 0xC8B5 lcall 0x0ecc ; 0xC8B8 lcall 0xc201 ; 0xC8BB ret"
0x06E6,callee,0xC88C,,,,,0xC0DA,bank0,7,0x3202 read,,,,0,,ret,resolved,"0xC0DA mov dptr,#0x3202 ; 0xC0DD movx a,@dptr ; 0xC0DE jb acc.0,0xc0e4 ; 0xC0E1 mov r7,#0x01 ; 0xC0E3 ret | 0xC0E4 mov r7,#0x00 ; 0xC0E6 ret"
0x06E6,callee,0xC88C,,,,,0xC251,bank0,7,0x1665 read,,,,0,,ret,resolved,"0xC251 mov dptr,#0x1665 ; 0xC254 movx a,@dptr ; 0xC255 jb acc.0,0xc25b ; 0xC258 mov r7,#0x01 ; 0xC25A ret | 0xC25B mov r7,#0x00 ; 0xC25D ret"
0x06E6,callee,0xC88C,,,,,0xC209,bank0,5,0x1604 r+w,,,,0,,ret,resolved,"0xC209 mov dptr,#0x1604 ; 0xC20C movx a,@dptr ; 0xC20D anl a,#0xfd ; 0xC20F movx @dptr,a ; 0xC210 ret"
0x06E6,callee,0xC88C,,,,,0x0ECC,bank0,16,,,,,0,,tail jump to a callee; ret; loop back to 0x0EDA; loop back to 0x0ED4,resolved,"0x0ECC clr 0x8e ; 0x0ECE clr 0xab ; 0x0ED0 nop ; 0x0ED1 nop ; 0x0ED2 nop ; 0x0ED3 nop ; 0x0ED4 mov a,r7 ; 0x0ED5 jz 0x0ee4 ; 0x0ED7 lcall 0x0ee8 ; 0x0EDA jnb tcon.7,0x0eda ; 0x0EDD clr 0x8e ; 0x0EDF clr 0x8f ; 0x0EE1 dec r7 ; 0x0EE2 sjmp 0x0ed4 | 0x0EE4 setb ie.3 ; 0x0EE6 ret"
0x06E6,callee,0xC88C,,,,,0xC201,bank0,5,0x1604 r+w,,,,0,,ret,resolved,"0xC201 mov dptr,#0x1604 ; 0xC204 movx a,@dptr ; 0xC205 orl a,#0x02 ; 0xC207 movx @dptr,a ; 0xC208 ret"
0x06E6,arm,0xD496,0xD49C,"xrl a,#0x01 ; jnz  0xd507",taken,0xD507,,bank0,1,,,,,0,,ret,complete,0xD507 ret
0x06E6,arm,0xD496,0xD49C,"xrl a,#0x01 ; jnz  0xd507",fall-through,0xD49E,,bank0,15,0x1102 write ; 0x1106 r+w ; 0x1B01 r+w ; 0x1B05 write,,,,0,,ret,complete,"0xD49E mov dptr,#0x1b01 ; 0xD4A1 movx a,@dptr ; 0xD4A2 orl a,#0x10 ; 0xD4A4 movx @dptr,a ; 0xD4A5 mov dptr,#0x1b05 ; 0xD4A8 mov a,#0x10 ; 0xD4AA movx @dptr,a ; 0xD4AB mov dptr,#0x1102 ; 0xD4AE mov a,#0x02 ; 0xD4B0 movx @dptr,a ; 0xD4B1 mov dptr,#0x1106 ; 0xD4B4 movx a,@dptr ; 0xD4B5 orl a,#0x02 ; 0xD4B7 movx @dptr,a ; 0xD4B8 ret"
0x06E6,arm,0xF239,0xF23F,"xrl a,#0x01 ; jz   0xf247",taken,0xF247,,bank0,12,0x0E01 read ; 0x0E04 read,,,0xF1E9 ; 0x7151 ; 0xF0F3,0,,tail jump to a callee; loop back to 0xF25A,complete,"0xF247 mov dptr,#0x0e04 ; 0xF24A movx a,@dptr ; 0xF24B jnz 0xf250 ; 0xF24D ljmp 0xf1e9 | 0xF250 mov dptr,#0x0e01 ; 0xF253 movx a,@dptr ; 0xF254 lcall 0x7151 ; 0xF257 movx @r0,a ; 0xF258 jnz 0xf25a ; 0xF25A movx @r0,a ; 0xF25B mov r0,a ; 0xF25C ajmp 0xf0f3"
0x06E6,arm,0xF239,0xF23F,"xrl a,#0x01 ; jz   0xf247",fall-through,0xF241,,bank0,4,0x0E04 write,,,,0,,ret,complete,"0xF241 clr a ; 0xF242 mov dptr,#0x0e04 ; 0xF245 movx @dptr,a ; 0xF246 ret"
0x06E6,callee,0xF239,,,,,0xF1E9,bank0,32,0x0E02 r+w ; 0x0E03 r+w ; 0x0E04 r+w ; 0x0E05 r+w ; 0x0E06 write,,,,0,DPTR carried across a call,ret; loop back to 0xF215; loop back to 0xF220,resolved,"0xF1E9 clr a ; 0xF1EA mov dptr,#0x0e03 ; 0xF1ED movx @dptr,a ; 0xF1EE mov a,#0x80 ; 0xF1F0 lcall 0xf495 ; 0xF1F3 inc dptr ; 0xF1F4 mov a,#0x02 ; 0xF1F6 movx @dptr,a ; 0xF1F7 mov r6,#0x0e ; 0xF1F9 inc dptr ; 0xF1FA mov a,#0x0e ; 0xF1FC movx @dptr,a ; 0xF1FD inc dptr ; 0xF1FE mov a,#0xa0 ; 0xF200 movx @dptr,a ; 0xF201 mov r3,#0x01 ; 0xF203 mov r5,#0x80 ; 0xF205 mov r7,#0x01 ; 0xF207 lcall 0x4777 ; 0xF20A mov dptr,#0x0e02 ; 0xF20D mov a,r7 ; 0xF20E movx @dptr,a ; 0xF20F movx a,@dptr ; 0xF210 jnz 0xf215 ; 0xF212 lcall 0xf4a4 ; 0xF215 mov dptr,#0x0e03 ; 0xF218 movx a,@dptr ; 0xF219 jnz 0xf220 ; 0xF21B mov dptr,#0x0e04 ; 0xF21E inc a ; 0xF21F movx @dptr,a ; 0xF220 ret"
0x06E6,callee,0xF239,,,,,0x7151,bank0,27,,,,,0,,DPTR built at run time (a store to DPL/DPH); indirect jump -- target not resolvable from the bytes; tail jump to a callee; loop back to 0x716C; loop back to 0x7161; loop back to 0x7156,unresolved: indirect jump -- target not resolvable from the bytes,"0x7151 pop 0x83 ; 0x7153 pop 0x82 ; 0x7155 mov r0,a ; 0x7156 clr a ; 0x7157 movc a,@a+dptr ; 0x7158 jnz 0x716c ; 0x715A mov a,#0x01 ; 0x715C movc a,@a+dptr ; 0x715D jnz 0x716c ; 0x715F inc dptr ; 0x7160 inc dptr ; 0x7161 movc a,@a+dptr ; 0x7162 mov r0,a ; 0x7163 mov a,#0x01 ; 0x7165 movc a,@a+dptr ; 0x7166 mov 0x82,a ; 0x7168 mov 0x83,r0 ; 0x716A clr a ; 0x716B jmp @a+dptr | 0x716C mov a,#0x02 ; 0x716E movc a,@a+dptr ; 0x716F xrl a,r0 ; 0x7170 jz 0x7161 ; 0x7172 inc dptr ; 0x7173 inc dptr ; 0x7174 inc dptr ; 0x7175 sjmp 0x7156"
0x06E6,callee,0xF239,,,,,0xF0F3,bank0,7,0x0A56 r+w ; 0x0A57 write,,,,0,,ret,resolved,"0xF0F3 mov dptr,#0x0a56 ; 0xF0F6 mov a,#0x0f ; 0xF0F8 movx @dptr,a ; 0xF0F9 inc dptr ; 0xF0FA mov a,#0x60 ; 0xF0FC movx @dptr,a ; 0xF0FD ret"
0x06E6,arm,0x910C,0x9110,"jb   acc.7,0x911a -- USER (bit 7)",taken,0x911A,,bank1,49,0x0472 read ; 0x0476 read ; 0x0480 read ; 0x06E3 read ; 0x06E6 read,,,0x1A14 ; 0x1984 ; 0x19A8 ; 0x1990,0,,tail jump to a callee; loop back to 0x9125; loop back to 0x9151; loop back to 0x915A; loop back to 0x9161; ret; loop back to 0x916A; loop back to 0x9177,complete,"0x911A mov dptr,#0x0476 ; 0x911D movx a,@dptr ; 0x911E anl a,#0x20 ; 0x9120 jnz 0x9125 ; 0x9122 lcall 0x1a14 ; 0x9125 mov dptr,#0x0480 ; 0x9128 movx a,@dptr ; 0x9129 anl a,#0x10 ; 0x912B jnz 0x9161 ; 0x912D lcall 0x1984 ; 0x9130 mov a,r7 ; 0x9131 jz 0x9151 ; 0x9133 mov dptr,#0x0472 ; 0x9136 movx a,@dptr ; 0x9137 anl a,#0x20 ; 0x9139 jnz 0x9151 ; 0x913B lcall 0x19a8 ; 0x913E mov a,r7 ; 0x913F jz 0x915a ; 0x9141 mov dptr,#0x0472 ; 0x9144 movx a,@dptr ; 0x9145 anl a,#0x08 ; 0x9147 jnz 0x915a ; 0x9149 mov dptr,#0x0472 ; 0x914C movx a,@dptr ; 0x914D anl a,#0x02 ; 0x914F jnz 0x915a ; 0x9151 mov dptr,#0x06e6 ; 0x9154 movx a,@dptr ; 0x9155 cjne a,#0x03,0x9161 ; 0x9158 sjmp 0x9161 | 0x9161 mov dptr,#0x06e6 ; 0x9164 movx a,@dptr ; 0x9165 cjne a,#0x01,0x916a ; 0x9168 sjmp 0x9177 | 0x915A mov dptr,#0x06e3 ; 0x915D movx a,@dptr ; 0x915E jnb acc.0,0x9151 ; 0x9161 mov dptr,#0x06e6 ; 0x9164 movx a,@dptr ; 0x9165 cjne a,#0x01,0x916a ; 0x9168 sjmp 0x9177 | 0x916A cjne a,#0x03,0x916f ; 0x916D sjmp 0x9177 | 0x9177 ret | 0x916F lcall 0x1990 ; 0x9172 mov a,r7 ; 0x9173 jz 0x9177 ; 0x9175 sjmp 0x9177"
0x06E6,arm,0x910C,0x9110,"jb   acc.7,0x911a -- USER (bit 7)",fall-through,0x9113,,bank1,48,0x0472 read ; 0x0480 read ; 0x06E3 read ; 0x06E6 read,,,0x1A14 ; 0x1984 ; 0x19A8 ; 0x1990,0,,tail jump to a callee; loop back to 0x9122; loop back to 0x9151; loop back to 0x915A; loop back to 0x9161; ret; loop back to 0x916A; loop back to 0x9177,complete,"0x9113 cjne a,#0x01,0x9118 ; 0x9116 sjmp 0x9122 | 0x9118 sjmp 0x9122 | 0x9122 lcall 0x1a14 ; 0x9125 mov dptr,#0x0480 ; 0x9128 movx a,@dptr ; 0x9129 anl a,#0x10 ; 0x912B jnz 0x9161 ; 0x912D lcall 0x1984 ; 0x9130 mov a,r7 ; 0x9131 jz 0x9151 ; 0x9133 mov dptr,#0x0472 ; 0x9136 movx a,@dptr ; 0x9137 anl a,#0x20 ; 0x9139 jnz 0x9151 ; 0x913B lcall 0x19a8 ; 0x913E mov a,r7 ; 0x913F jz 0x915a ; 0x9141 mov dptr,#0x0472 ; 0x9144 movx a,@dptr ; 0x9145 anl a,#0x08 ; 0x9147 jnz 0x915a ; 0x9149 mov dptr,#0x0472 ; 0x914C movx a,@dptr ; 0x914D anl a,#0x02 ; 0x914F jnz 0x915a ; 0x9151 mov dptr,#0x06e6 ; 0x9154 movx a,@dptr ; 0x9155 cjne a,#0x03,0x9161 ; 0x9158 sjmp 0x9161 | 0x9161 mov dptr,#0x06e6 ; 0x9164 movx a,@dptr ; 0x9165 cjne a,#0x01,0x916a ; 0x9168 sjmp 0x9177 | 0x915A mov dptr,#0x06e3 ; 0x915D movx a,@dptr ; 0x915E jnb acc.0,0x9151 ; 0x9161 mov dptr,#0x06e6 ; 0x9164 movx a,@dptr ; 0x9165 cjne a,#0x01,0x916a ; 0x9168 sjmp 0x9177 | 0x916A cjne a,#0x03,0x916f ; 0x916D sjmp 0x9177 | 0x9177 ret | 0x916F lcall 0x1990 ; 0x9172 mov a,r7 ; 0x9173 jz 0x9177 ; 0x9175 sjmp 0x9177"
0x06E6,callee,0x910C,,,,,0x1A14,bank1,2,,,0xAA04,,0,,tail jump to a callee,resolved,"0x1A14 mov dptr,#0xaa04 ; 0x1A17 ljmp 0x1100"
0x06E6,callee,0x910C,,,,,0x1984,bank1,2,,,0xC10C,,0,,tail jump to a callee,resolved,"0x1984 mov dptr,#0xc10c ; 0x1987 ljmp 0x1100"
0x06E6,callee,0x910C,,,,,0x19A8,bank1,2,,,0xC118,,0,,tail jump to a callee,resolved,"0x19A8 mov dptr,#0xc118 ; 0x19AB ljmp 0x1100"
0x06E6,callee,0x910C,,,,,0x1990,bank1,2,,,0xC391,,0,,tail jump to a callee,resolved,"0x1990 mov dptr,#0xc391 ; 0x1993 ljmp 0x1100"
0x06E6,arm,0xA411,0xA417,"anl a,#0x80 ; jnz  0xa43a -- USER (bit 7)",taken,0xA43A,,bank1,1,,,,,0,,ret,complete,0xA43A ret
0x06E6,arm,0xA411,0xA417,"anl a,#0x80 ; jnz  0xa43a -- USER (bit 7)",fall-through,0xA419,,bank1,8,0x0750 write,,,0x8B8F ; 0x9ED4,0,,tail jump to a callee; ret,complete,"0xA419 lcall 0x8b8f ; 0xA41C mov a,#0xe8 ; 0xA41E lcall 0x9ed4 ; 0xA421 sjmp 0xa44c | 0xA44C clr a ; 0xA44D mov dptr,#0x0750 ; 0xA450 movx @dptr,a ; 0xA451 ret"
0x06E6,callee,0xA411,,,,,0x8B8F,bank1,19,0x0459 write ; 0x0480 r+w ; 0x06E1 r+w ; 0x097F r+w,,,,0,,ret,resolved,"0x8B8F mov dptr,#0x0480 ; 0x8B92 movx a,@dptr ; 0x8B93 anl a,#0xef ; 0x8B95 movx @dptr,a ; 0x8B96 mov dptr,#0x0459 ; 0x8B99 mov a,#0x01 ; 0x8B9B movx @dptr,a ; 0x8B9C mov dptr,#0x097f ; 0x8B9F movx a,@dptr ; 0x8BA0 anl a,#0xfe ; 0x8BA2 movx @dptr,a ; 0x8BA3 mov dptr,#0x06e1 ; 0x8BA6 movx a,@dptr ; 0x8BA7 orl a,#0xa0 ; 0x8BA9 movx @dptr,a ; 0x8BAA lcall 0x19ae ; 0x8BAD lcall 0x199c ; 0x8BB0 setb c ; 0x8BB1 ret"
0x06E6,callee,0xA411,,,,,0x9ED4,bank1,18,0x09BF r+w,,,,1,DPTR built at run time (a store to DPL/DPH),DPTR built at run time (a store to DPL/DPH); ret; loop back to 0x9EEF,partial: DPTR built at run time (a store to DPL/DPH),"0x9ED4 push 0xe0 ; 0x9ED6 mov dptr,#0x09bf ; 0x9ED9 movx a,@dptr ; 0x9EDA mov dptr,#0x0990 ; 0x9EDD add a,0x82 ; 0x9EDF mov 0x82,a ; 0x9EE1 pop 0xe0 ; 0x9EE3 movx @dptr,a ; 0x9EE4 push 0xe0 ; 0x9EE6 mov dptr,#0x09bf ; 0x9EE9 movx a,@dptr ; 0x9EEA inc a ; 0x9EEB cjne a,#0x2f,0x9eef ; 0x9EEE clr a ; 0x9EEF mov dptr,#0x09bf ; 0x9EF2 movx @dptr,a ; 0x9EF3 pop 0xe0 ; 0x9EF5 ret"
0x08EB,arm,0x8931,0x8937,"anl a,#0x48 ; jz   0x8942",taken,0x8942,,bank0,255,0x043E read ; 0x044F read ; 0x0460 r+w ; 0x0461 write ; 0x0468 r+w ; 0x0469 read ; 0x0490 read ; 0x049F read ; 0x0741 read ; 0x0751 r+w ; 0x075B write ; 0x0768 r+w ; 0x0782 read ; 0x07C6 read ; 0x0824 r+w ; 0x085F r+w ; 0x086C r+w ; 0x08E7 read ; 0x09E4 r+w ; 0x1804 r+w,,,0xE389 ; 0xBEA3 ; 0x8F0E ; 0xE389 ; 0xA73F ; 0xBBE6 ; 0xBB22 ; 0x8F0F ; 0x8F0F ; 0xBB40 ; 0xBCCB ; 0xBC4F ; 0x8B14 ; 0x8B14 ; 0xBDE6 ; 0xBAD4 ; 0xBC5F ; 0xBDE6 ; 0xBCDA ; 0xBAD3 ; 0xBC5F ; 0xBEAA ; 0xBCDA ; 0xBAD3 ; 0xBDF2 ; 0xBEAA ; 0xBDF2 ; 0x8C46,2,DPTR built at run time (a store to DPL/DPH) ; DPTR carried across a call,tail jump to a callee; loop back to 0x899D; loop back to 0x896F; ret; loop back to 0x89D7; loop back to 0x8A1D; loop back to 0x8A09; loop back to 0x8A04; loop back to 0x8A22; loop back to 0x8A25; loop back to 0x8A54; loop back to 0x8A7D; DPTR built at run time (a store to DPL/DPH); loop back to 0x8ABD; loop back to 0x8A91; loop back to 0x8B03; loop back to 0x8A8E,complete,"0x8942 mov dptr,#0x0751 ; 0x8945 movx a,@dptr ; 0x8946 jnb acc.6,0x8998 ; 0x8949 mov dptr,#0x085f ; 0x894C movx a,@dptr ; 0x894D clr c ; 0x894E subb a,#0x3c ; 0x8950 jc 0x899d ; 0x8952 clr a ; 0x8953 movx @dptr,a ; 0x8954 mov dptr,#0x0490 ; 0x8957 movx a,@dptr ; 0x8958 jnb acc.0,0x8967 ; 0x895B lcall 0xe389 ; 0x895E lcall 0xbea3 ; 0x8961 mov dptr,#0x086c ; 0x8964 movx @dptr,a ; 0x8965 sjmp 0x896f | 0x8998 clr a ; 0x8999 mov dptr,#0x085f ; 0x899C movx @dptr,a ; 0x899D mov dptr,#0x0751 ; 0x89A0 movx a,@dptr ; 0x89A1 jnb acc.6,0x89c2 ; 0x89A4 mov dptr,#0x0768 ; 0x89A7 movx a,@dptr ; 0x89A8 jnb acc.2,0x89ae ; 0x89AB ljmp 0x8f0e | 0x8967 lcall 0xe389 ; 0x896A mov dptr,#0x086c ; 0x896D mov a,r7 ; 0x896E movx @dptr,a ; 0x896F mov dptr,#0x086c ; 0x8972 movx a,@dptr ; 0x8973 clr c ; 0x8974 subb a,#0x50 ; 0x8976 jnc 0x899d ; 0x8978 mov dptr,#0x043e ; 0x897B movx a,@dptr ; 0x897C clr c ; 0x897D subb a,#0x46 ; 0x897F jnc 0x899d ; 0x8981 mov dptr,#0x044f ; 0x8984 movx a,@dptr ; 0x8985 clr c ; 0x8986 subb a,#0x46 ; 0x8988 jnc 0x899d ; 0x898A mov dptr,#0x0751 ; 0x898D movx a,@dptr ; 0x898E anl a,#0xbf ; 0x8990 movx @dptr,a ; 0x8991 mov r7,#0xac ; 0x8993 lcall 0xa73f ; 0x8996 sjmp 0x899d | 0x89C2 mov dptr,#0x0768 ; 0x89C5 movx a,@dptr ; 0x89C6 jnb acc.2,0x89ee ; 0x89C9 movx a,@dptr ; 0x89CA anl a,#0xfb ; 0x89CC movx @dptr,a ; 0x89CD lcall 0xbbe6 ; 0x89D0 jc 0x89d4 ; 0x89D2 sjmp 0x89d7 | 0x89AE movx a,@dptr ; 0x89AF orl a,#0x04 ; 0x89B1 movx @dptr,a ; 0x89B2 lcall 0xbb22 ; 0x89B5 mov a,#0xc8 ; 0x89B7 lcall 0x8f0f ; 0x89BA mov dptr,#0x0824 ; 0x89BD movx a,@dptr ; 0x89BE anl a,#0x7f ; 0x89C0 movx @dptr,a ; 0x89C1 ret | 0x89EE mov dptr,#0x0751 ; 0x89F1 movx a,@dptr ; 0x89F2 jnb acc.7,0x8a09 ; 0x89F5 mov dptr,#0x0782 ; 0x89F8 movx a,@dptr ; 0x89F9 mov dptr,#0x08e7 ; 0x89FC jb acc.2,0x8a04 ; 0x89FF movx a,@dptr ; 0x8A00 add a,#0x04 ; 0x8A02 sjmp 0x8a1d | 0x89D4 mov dptr,#0x0469 ; 0x89D7 movx a,@dptr ; 0x89D8 mov dptr,#0x1804 ; 0x89DB movx @dptr,a ; 0x89DC mov dptr,#0x1804 ; 0x89DF movx a,@dptr ; 0x89E0 mov dptr,#0x075b ; 0x89E3 movx @dptr,a ; 0x89E4 mov dptr,#0x1804 ; 0x89E7 movx a,@dptr ; 0x89E8 mov dptr,#0x1809 ; 0x89EB lcall 0x8f0f ; 0x89EE mov dptr,#0x0751 ; 0x89F1 movx a,@dptr ; 0x89F2 jnb acc.7,0x8a09 ; 0x89F5 mov dptr,#0x0782 ; 0x89F8 movx a,@dptr ; 0x89F9 mov dptr,#0x08e7 ; 0x89FC jb acc.2,0x8a04 ; 0x89FF movx a,@dptr ; 0x8A00 add a,#0x04 ; 0x8A02 sjmp 0x8a1d | 0x8A09 mov dptr,#0x049f ; 0x8A0C movx a,@dptr ; 0x8A0D jnb acc.1,0x8a22 ; 0x8A10 lcall 0xbb40 ; 0x8A13 mov r7,a ; 0x8A14 cjne r7,#0x10,0x8a22 ; 0x8A17 mov dptr,#0x08e7 ; 0x8A1A movx a,@dptr ; 0x8A1B add a,#0x0c ; 0x8A1D lcall 0xbccb ; 0x8A20 sjmp 0x8a25 | 0x8A04 movx a,@dptr ; 0x8A05 add a,#0x08 ; 0x8A07 sjmp 0x8a1d | 0x8A22 lcall 0xbc4f ; 0x8A25 mov dptr,#0x0741 ; 0x8A28 movx a,@dptr ; 0x8A29 jb acc.0,0x8a2f ; 0x8A2C ljmp 0x8b14 | 0x8A2F mov dptr,#0x07c6 ; 0x8A32 movx a,@dptr ; 0x8A33 jb acc.2,0x8a39 ; 0x8A36 ljmp 0x8b14 | 0x8A39 mov dptr,#0x0460 ; 0x8A3C movx a,@dptr ; 0x8A3D setb c ; 0x8A3E subb a,#0x03 ; 0x8A40 jnc 0x8a98 ; 0x8A42 lcall 0xbde6 ; 0x8A45 setb c ; 0x8A46 lcall 0xbad4 ; 0x8A49 jc 0x8a64 ; 0x8A4B lcall 0xbc5f ; 0x8A4E jb acc.7,0x8a54 ; 0x8A51 mov a,#0x80 ; 0x8A53 movx @dptr,a ; 0x8A54 mov dptr,#0x0460 ; 0x8A57 movx a,@dptr ; 0x8A58 xrl a,#0x03 ; 0x8A5A jnz 0x8a7d ; 0x8A5C mov dptr,#0x09e4 ; 0x8A5F mov a,#0xff ; 0x8A61 movx @dptr,a ; 0x8A62 sjmp 0x8a7d | 0x8A98 mov dptr,#0x0460 ; 0x8A9B lcall 0xbde6 ; 0x8A9E mov r7,a ; 0x8A9F mov dptr,#0x043e ; 0x8AA2 movx a,@dptr ; 0x8AA3 setb c ; 0x8AA4 subb a,r7 ; 0x8AA5 jc 0x8aaf ; 0x8AA7 mov dptr,#0x0460 ; 0x8AAA movx a,@dptr ; 0x8AAB inc a ; 0x8AAC movx @dptr,a ; 0x8AAD sjmp 0x8abd | 0x8A64 lcall 0xbcda ; 0x8A67 lcall 0xbad3 ; 0x8A6A jnc 0x8a76 ; 0x8A6C lcall 0xbc5f ; 0x8A6F jnb acc.7,0x8a7d ; 0x8A72 clr a ; 0x8A73 movx @dptr,a ; 0x8A74 sjmp 0x8a7d | 0x8A7D lcall 0xbeaa ; 0x8A80 jc 0x8abd ; 0x8A82 movx a,@dptr ; 0x8A83 mov dptr,#0x0460 ; 0x8A86 jnb acc.7,0x8a8e ; 0x8A89 movx a,@dptr ; 0x8A8A inc a ; 0x8A8B movx @dptr,a ; 0x8A8C sjmp 0x8a91 | 0x8AAF lcall 0xbcda ; 0x8AB2 lcall 0xbad3 ; 0x8AB5 jnc 0x8abd ; 0x8AB7 mov dptr,#0x0460 ; 0x8ABA movx a,@dptr ; 0x8ABB dec a ; 0x8ABC movx @dptr,a ; 0x8ABD mov dptr,#0x0460 ; 0x8AC0 movx a,@dptr ; 0x8AC1 add a,#0x20 ; 0x8AC3 mov 0x82,a ; 0x8AC5 clr a ; 0x8AC6 addc a,#0x0f ; 0x8AC8 mov 0x83,a ; 0x8ACA movx a,@dptr ; 0x8ACB mov dptr,#0x0461 ; 0x8ACE movx @dptr,a ; 0x8ACF mov dptr,#0x0468 ; 0x8AD2 movx a,@dptr ; 0x8AD3 add a,#0x30 ; 0x8AD5 mov 0x82,a ; 0x8AD7 clr a ; 0x8AD8 addc a,#0x0f ; 0x8ADA mov 0x83,a ; 0x8ADC setb c ; 0x8ADD lcall 0xbdf2 ; 0x8AE0 jc 0x8aea ; 0x8AE2 mov dptr,#0x0468 ; 0x8AE5 movx a,@dptr ; 0x8AE6 inc a ; 0x8AE7 movx @dptr,a ; 0x8AE8 sjmp 0x8b03 | 0x8A76 mov dptr,#0x09e4 ; 0x8A79 movx a,@dptr ; 0x8A7A anl a,#0x80 ; 0x8A7C movx @dptr,a ; 0x8A7D lcall 0xbeaa ; 0x8A80 jc 0x8abd ; 0x8A82 movx a,@dptr ; 0x8A83 mov dptr,#0x0460 ; 0x8A86 jnb acc.7,0x8a8e ; 0x8A89 movx a,@dptr ; 0x8A8A inc a ; 0x8A8B movx @dptr,a ; 0x8A8C sjmp 0x8a91 | 0x8A8E movx a,@dptr ; 0x8A8F dec a ; 0x8A90 movx @dptr,a ; 0x8A91 clr a ; 0x8A92 mov dptr,#0x09e4 ; 0x8A95 movx @dptr,a ; 0x8A96 sjmp 0x8abd | 0x8AEA mov dptr,#0x0468 ; 0x8AED movx a,@dptr ; 0x8AEE add a,#0x40 ; 0x8AF0 mov 0x82,a ; 0x8AF2 clr a ; 0x8AF3 addc a,#0x0f ; 0x8AF5 mov 0x83,a ; 0x8AF7 clr c ; 0x8AF8 lcall 0xbdf2 ; 0x8AFB jnc 0x8b03 ; 0x8AFD mov dptr,#0x0468 ; 0x8B00 movx a,@dptr ; 0x8B01 dec a ; 0x8B02 movx @dptr,a ; 0x8B03 mov dptr,#0x0468 ; 0x8B06 movx a,@dptr ; 0x8B07 add a,#0x50 ; 0x8B09 mov 0x82,a ; 0x8B0B clr a ; 0x8B0C addc a,#0x0f ; 0x8B0E mov 0x83,a ; 0x8B10 movx a,@dptr ; 0x8B11 ljmp 0x8c46"
0x08EB,arm,0x8931,0x8937,"anl a,#0x48 ; jz   0x8942",fall-through,0x8939,,bank0,4,0x08EB write,,,0xBB22 ; 0x8F09,0,DPTR carried across a call,tail jump to a callee,complete,"0x8939 lcall 0xbb22 ; 0x893C mov a,#0xc8 ; 0x893E movx @dptr,a ; 0x893F ljmp 0x8f09"
0x08EB,callee,0x8931,,,,,0xE389,bank0,35,0x0435 read ; 0x0439 read ; 0x0A50 r+w ; 0x0A51 r+w ; 0x0A52 r+w ; 0x0A53 r+w,,,,0,,ret,resolved,"0xE389 mov dptr,#0x0435 ; 0xE38C movx a,@dptr ; 0xE38D mov dptr,#0x0434 ; 0xE390 lcall 0xe3c4 ; 0xE393 mov dptr,#0x0a50 ; 0xE396 mov a,r6 ; 0xE397 movx @dptr,a ; 0xE398 inc dptr ; 0xE399 mov a,r7 ; 0xE39A movx @dptr,a ; 0xE39B mov dptr,#0x0439 ; 0xE39E movx a,@dptr ; 0xE39F mov dptr,#0x0438 ; 0xE3A2 lcall 0xe3c4 ; 0xE3A5 mov dptr,#0x0a52 ; 0xE3A8 mov a,r6 ; 0xE3A9 movx @dptr,a ; 0xE3AA inc dptr ; 0xE3AB mov a,r7 ; 0xE3AC movx @dptr,a ; 0xE3AD mov dptr,#0x0a52 ; 0xE3B0 movx a,@dptr ; 0xE3B1 mov r4,a ; 0xE3B2 inc dptr ; 0xE3B3 movx a,@dptr ; 0xE3B4 mov r5,a ; 0xE3B5 mov dptr,#0x0a50 ; 0xE3B8 movx a,@dptr ; 0xE3B9 mov r6,a ; 0xE3BA inc dptr ; 0xE3BB movx a,@dptr ; 0xE3BC mov r7,a ; 0xE3BD lcall 0x707d ; 0xE3C0 lcall 0xe3c9 ; 0xE3C3 ret"
0x08EB,callee,0x8931,,,,,0xBEA3,bank0,5,0x044C read,,,,0,,ret,resolved,"0xBEA3 mov dptr,#0x044c ; 0xBEA6 movx a,@dptr ; 0xBEA7 clr c ; 0xBEA8 subb a,r7 ; 0xBEA9 ret"
0x08EB,callee,0x8931,,,,,0x8F0E,bank0,1,,,,,0,,ret,resolved,0x8F0E ret
0x08EB,callee,0x8931,,,,,0xA73F,bank0,4,,,,,0,,tail jump to a callee,resolved,"0xA73F mov 0x6a,r7 ; 0xA741 mov a,0x6a ; 0xA743 mov r7,a ; 0xA744 ljmp 0x1666"
0x08EB,callee,0x8931,,,,,0xBBE6,bank0,8,0x0461 read ; 0x0469 read,,,,0,,ret,resolved,"0xBBE6 mov dptr,#0x0469 ; 0xBBE9 setb c ; 0xBBEA movx a,@dptr ; 0xBBEB mov r7,a ; 0xBBEC mov dptr,#0x0461 ; 0xBBEF movx a,@dptr ; 0xBBF0 subb a,r7 ; 0xBBF1 ret"
0x08EB,callee,0x8931,,,,,0xBB22,bank0,8,0x075B write ; 0x1804 r+w,,,,0,,ret,resolved,"0xBB22 mov a,#0xc8 ; 0xBB24 mov dptr,#0x1804 ; 0xBB27 movx @dptr,a ; 0xBB28 movx a,@dptr ; 0xBB29 mov dptr,#0x075b ; 0xBB2C movx @dptr,a ; 0xBB2D mov dptr,#0x1809 ; 0xBB30 ret"
0x08EB,callee,0x8931,,,,,0x8F0F,bank0,9,0x075C write,,,,2,DPTR inherited from the caller,ret,partial: DPTR inherited from the caller,"0x8F0F movx @dptr,a ; 0x8F10 movx a,@dptr ; 0x8F11 mov dptr,#0x075c ; 0x8F14 movx @dptr,a ; 0x8F15 mov r7,#0xa7 ; 0x8F17 lcall 0xa73f ; 0x8F1A mov r7,#0x43 ; 0x8F1C lcall 0xa73f ; 0x8F1F ret"
0x08EB,callee,0x8931,,,,,0xBB40,bank0,4,0x0751 read,,,,0,,ret,resolved,"0xBB40 mov dptr,#0x0751 ; 0xBB43 movx a,@dptr ; 0xBB44 anl a,#0x90 ; 0xBB46 ret"
0x08EB,callee,0x8931,,,,,0xBCCB,bank0,10,0x08E6 read ; 0x0A47 r+w ; 0x0A48 write,,,,0,,ret,resolved,"0xBCCB mov r6,a ; 0xBCCC mov dptr,#0x08e6 ; 0xBCCF movx a,@dptr ; 0xBCD0 addc a,#0x00 ; 0xBCD2 mov dptr,#0x0a47 ; 0xBCD5 movx @dptr,a ; 0xBCD6 inc dptr ; 0xBCD7 xch a,r6 ; 0xBCD8 movx @dptr,a ; 0xBCD9 ret"
0x08EB,callee,0x8931,,,,,0xBC4F,bank0,12,0x08E6 read ; 0x08E7 read ; 0x0A47 r+w ; 0x0A48 write,,,,0,,ret,resolved,"0xBC4F mov dptr,#0x08e6 ; 0xBC52 movx a,@dptr ; 0xBC53 mov r7,a ; 0xBC54 inc dptr ; 0xBC55 movx a,@dptr ; 0xBC56 mov dptr,#0x0a47 ; 0xBC59 xch a,r7 ; 0xBC5A movx @dptr,a ; 0xBC5B inc dptr ; 0xBC5C mov a,r7 ; 0xBC5D movx @dptr,a ; 0xBC5E ret"
0x08EB,callee,0x8931,,,,,0x8B14,bank0,429,0x043E r+w ; 0x0440 read ; 0x044F read ; 0x0456 read ; 0x0460 r+w ; 0x0461 r+w ; 0x0468 r+w ; 0x0469 r+w ; 0x0670 r+w ; 0x0672 r+w ; 0x0673 r+w ; 0x070A r+w ; 0x0741 read ; 0x0787 read ; 0x07C5 read ; 0x07C6 read ; 0x0986 r+w ; 0x0989 r+w ; 0x09E4 r+w ; 0x1804 r+w ; 0x1809 r+w,0x0460,,,0,DPTR carried across a call,tail jump to a callee; loop back to 0x8B47; loop back to 0x8B6D; DPTR built at run time (a store to DPL/DPH); loop back to 0x8BBC; loop back to 0x8B81; loop back to 0x8C28; loop back to 0x8B7E; loop back to 0x8C69; loop back to 0x8C7F; loop back to 0x8CA9; loop back to 0x8CB3; loop back to 0x8CDF; loop back to 0x8CF1; loop back to 0x8D1C; loop back to 0x8D5F; loop back to 0x8D91; loop back to 0x8D71,resolved,"0x8B14 mov dptr,#0x0460 ; 0x8B17 movx a,@dptr ; 0x8B18 setb c ; 0x8B19 subb a,#0x03 ; 0x8B1B jnc 0x8b88 ; 0x8B1D mov dptr,#0x0a47 ; 0x8B20 lcall 0xb987 ; 0x8B23 lcall 0xbce9 ; 0x8B26 push 0x83 ; 0x8B28 push 0x82 ; 0x8B2A mov dptr,#0x0460 ; 0x8B2D movx a,@dptr ; 0x8B2E pop 0x82 ; 0x8B30 pop 0x83 ; 0x8B32 lcall 0xbb5e ; 0x8B35 mov r5,a ; 0x8B36 mov dptr,#0x043e ; 0x8B39 movx a,@dptr ; 0x8B3A setb c ; 0x8B3B subb a,r5 ; 0x8B3C jc 0x8b57 ; 0x8B3E lcall 0xbc5f ; 0x8B41 jb acc.7,0x8b47 ; 0x8B44 mov a,#0x80 ; 0x8B46 movx @dptr,a ; 0x8B47 mov dptr,#0x0460 ; 0x8B4A movx a,@dptr ; 0x8B4B xrl a,#0x03 ; 0x8B4D jnz 0x8b6d ; 0x8B4F mov dptr,#0x09e4 ; 0x8B52 mov a,#0xff ; 0x8B54 movx @dptr,a ; 0x8B55 sjmp 0x8b6d | 0x8B88 mov dptr,#0x0a47 ; 0x8B8B lcall 0xb987 ; 0x8B8E lcall 0xbce9 ; 0x8B91 push 0x83 ; 0x8B93 push 0x82 ; 0x8B95 mov dptr,#0x0460 ; 0x8B98 movx a,@dptr ; 0x8B99 pop 0x82 ; 0x8B9B pop 0x83 ; 0x8B9D lcall 0xbb5e ; 0x8BA0 mov r5,a ; 0x8BA1 mov dptr,#0x043e ; 0x8BA4 movx a,@dptr ; 0x8BA5 setb c ; 0x8BA6 subb a,r5 ; 0x8BA7 jc 0x8bb1 ; 0x8BA9 mov dptr,#0x0460 ; 0x8BAC movx a,@dptr ; 0x8BAD inc a ; 0x8BAE movx @dptr,a ; 0x8BAF sjmp 0x8bbc | 0x8B57 lcall 0xbabf ; 0x8B5A jnc 0x8b66 ; 0x8B5C lcall 0xbc5f ; 0x8B5F jnb acc.7,0x8b6d ; 0x8B62 clr a ; 0x8B63 movx @dptr,a ; 0x8B64 sjmp 0x8b6d | 0x8B6D lcall 0xbeaa ; 0x8B70 jc 0x8bbc ; 0x8B72 movx a,@dptr ; 0x8B73 mov dptr,#0x0460 ; 0x8B76 jnb acc.7,0x8b7e ; 0x8B79 movx a,@dptr ; 0x8B7A inc a ; 0x8B7B movx @dptr,a ; 0x8B7C sjmp 0x8b81 | 0x8BB1 lcall 0xbabf ; 0x8BB4 jnc 0x8bbc ; 0x8BB6 mov dptr,#0x0460 ; 0x8BB9 movx a,@dptr ; 0x8BBA dec a ; 0x8BBB movx @dptr,a ; 0x8BBC mov dptr,#0x0460 ; 0x8BBF lcall 0xbe5d ; 0x8BC2 lcall 0xba77 ; 0x8BC5 clr a ; 0x8BC6 movc a,@a+dptr ; 0x8BC7 mov r2,a ; 0x8BC8 mov a,#0x01 ; 0x8BCA movc a,@a+dptr ; 0x8BCB add a,r7 ; 0x8BCC mov 0x82,a ; 0x8BCE mov a,r2 ; 0x8BCF addc a,r6 ; 0x8BD0 mov 0x83,a ; 0x8BD2 clr a ; 0x8BD3 movc a,@a+dptr ; 0x8BD4 mov dptr,#0x0461 ; 0x8BD7 movx @dptr,a ; 0x8BD8 mov 0x82,r5 ; 0x8BDA mov 0x83,r4 ; 0x8BDC mov a,#0x02 ; 0x8BDE movc a,@a+dptr ; 0x8BDF mov r6,a ; 0x8BE0 mov a,#0x03 ; 0x8BE2 lcall 0xbcee ; 0x8BE5 push 0x83 ; 0x8BE7 push 0x82 ; 0x8BE9 mov dptr,#0x0468 ; 0x8BEC movx a,@dptr ; 0x8BED pop 0x82 ; 0x8BEF pop 0x83 ; 0x8BF1 lcall 0xbb5e ; 0x8BF4 mov r5,a ; 0x8BF5 mov dptr,#0x044f ; 0x8BF8 movx a,@dptr ; 0x8BF9 setb c ; 0x8BFA subb a,r5 ; 0x8BFB jc 0x8c05 ; 0x8BFD mov dptr,#0x0468 ; 0x8C00 movx a,@dptr ; 0x8C01 inc a ; 0x8C02 movx @dptr,a ; 0x8C03 sjmp 0x8c28 | 0x8B66 mov dptr,#0x09e4 ; 0x8B69 movx a,@dptr ; 0x8B6A anl a,#0x80 ; 0x8B6C movx @dptr,a ; 0x8B6D lcall 0xbeaa ; 0x8B70 jc 0x8bbc ; 0x8B72 movx a,@dptr ; 0x8B73 mov dptr,#0x0460 ; 0x8B76 jnb acc.7,0x8b7e ; 0x8B79 movx a,@dptr ; 0x8B7A inc a ; 0x8B7B movx @dptr,a ; 0x8B7C sjmp 0x8b81 | 0x8B7E movx a,@dptr ; 0x8B7F dec a ; 0x8B80 movx @dptr,a ; 0x8B81 clr a ; 0x8B82 mov dptr,#0x09e4 ; 0x8B85 movx @dptr,a ; 0x8B86 sjmp 0x8bbc | 0x8C05 mov dptr,#0x0468 ; 0x8C08 movx a,@dptr ; 0x8C09 add a,#0x10 ; 0x8C0B mov r5,a ; 0x8C0C clr a ; 0x8C0D rlc a ; 0x8C0E mov r4,a ; 0x8C0F mov a,r7 ; 0x8C10 add a,r5 ; 0x8C11 mov 0x82,a ; 0x8C13 mov a,r6 ; 0x8C14 addc a,r4 ; 0x8C15 mov 0x83,a ; 0x8C17 clr a ; 0x8C18 movc a,@a+dptr ; 0x8C19 mov r7,a ; 0x8C1A mov dptr,#0x044f ; 0x8C1D movx a,@dptr ; 0x8C1E clr c ; 0x8C1F subb a,r7 ; 0x8C20 jnc 0x8c28 ; 0x8C22 mov dptr,#0x0468 ; 0x8C25 movx a,@dptr ; 0x8C26 dec a ; 0x8C27 movx @dptr,a ; 0x8C28 mov dptr,#0x0468 ; 0x8C2B lcall 0xbe5d ; 0x8C2E movx a,@dptr ; 0x8C2F mov r4,a ; 0x8C30 inc dptr ; 0x8C31 movx a,@dptr ; 0x8C32 mov 0x82,a ; 0x8C34 mov 0x83,r4 ; 0x8C36 mov a,#0x02 ; 0x8C38 movc a,@a+dptr ; 0x8C39 mov r4,a ; 0x8C3A mov a,#0x03 ; 0x8C3C movc a,@a+dptr ; 0x8C3D add a,r7 ; 0x8C3E mov 0x82,a ; 0x8C40 mov a,r4 ; 0x8C41 addc a,r6 ; 0x8C42 mov 0x83,a ; 0x8C44 clr a ; 0x8C45 movc a,@a+dptr ; 0x8C46 mov dptr,#0x0469 ; 0x8C49 movx @dptr,a ; 0x8C4A mov r5,#0x03 ; 0x8C4C mov dptr,#0x0787 ; 0x8C4F movx a,@dptr ; 0x8C50 jnb acc.7,0x8c69 ; 0x8C53 mov dptr,#0x0741 ; 0x8C56 movx a,@dptr ; 0x8C57 jnb acc.0,0x8c69 ; 0x8C5A mov dptr,#0x0787 ; 0x8C5D movx a,@dptr ; 0x8C5E anl a,#0x7f ; 0x8C60 setb c ; 0x8C61 subb a,#0x00 ; 0x8C63 jc 0x8c69 ; 0x8C65 movx a,@dptr ; 0x8C66 anl a,#0x7f ; 0x8C68 mov r5,a ; 0x8C69 mov dptr,#0x0456 ; 0x8C6C movx a,@dptr ; 0x8C6D jb acc.7,0x8c75 ; 0x8C70 mov dptr,#0x0461 ; 0x8C73 sjmp 0x8c7f | 0x8C75 lcall 0xbbe6 ; 0x8C78 jc 0x8c7c ; 0x8C7A sjmp 0x8c7f | 0x8C7F movx a,@dptr ; 0x8C80 mov dptr,#0x0670 ; 0x8C83 movx @dptr,a ; 0x8C84 mov r2,#0x00 ; 0x8C86 lcall 0xbae7 ; 0x8C89 mov a,r2 ; 0x8C8A addc a,r6 ; 0x8C8B mov r6,a ; 0x8C8C clr c ; 0x8C8D mov a,r7 ; 0x8C8E subb a,#0xe4 ; 0x8C90 mov a,r6 ; 0x8C91 subb a,#0x0c ; 0x8C93 jc 0x8ca9 ; 0x8C95 mov dptr,#0x0670 ; 0x8C98 movx a,@dptr ; 0x8C99 subb a,#0xa0 ; 0x8C9B jnc 0x8ca9 ; 0x8C9D mov dptr,#0x0440 ; 0x8CA0 movx a,@dptr ; 0x8CA1 jnz 0x8ca9 ; 0x8CA3 mov dptr,#0x0670 ; 0x8CA6 mov a,#0xa0 ; 0x8CA8 movx @dptr,a ; 0x8CA9 mov dptr,#0x07c5 ; 0x8CAC movx a,@dptr ; 0x8CAD jb acc.7,0x8cb3 ; 0x8CB0 ljmp 0x8de0 | 0x8C7C mov dptr,#0x0469 ; 0x8C7F movx a,@dptr ; 0x8C80 mov dptr,#0x0670 ; 0x8C83 movx @dptr,a ; 0x8C84 mov r2,#0x00 ; 0x8C86 lcall 0xbae7 ; 0x8C89 mov a,r2 ; 0x8C8A addc a,r6 ; 0x8C8B mov r6,a ; 0x8C8C clr c ; 0x8C8D mov a,r7 ; 0x8C8E subb a,#0xe4 ; 0x8C90 mov a,r6 ; 0x8C91 subb a,#0x0c ; 0x8C93 jc 0x8ca9 ; 0x8C95 mov dptr,#0x0670 ; 0x8C98 movx a,@dptr ; 0x8C99 subb a,#0xa0 ; 0x8C9B jnc 0x8ca9 ; 0x8C9D mov dptr,#0x0440 ; 0x8CA0 movx a,@dptr ; 0x8CA1 jnz 0x8ca9 ; 0x8CA3 mov dptr,#0x0670 ; 0x8CA6 mov a,#0xa0 ; 0x8CA8 movx @dptr,a ; 0x8CA9 mov dptr,#0x07c5 ; 0x8CAC movx a,@dptr ; 0x8CAD jb acc.7,0x8cb3 ; 0x8CB0 ljmp 0x8de0 | 0x8CB3 mov dptr,#0x0741 ; 0x8CB6 movx a,@dptr ; 0x8CB7 jb acc.0,0x8cbd ; 0x8CBA ljmp 0x8de0 | 0x8CBD mov dptr,#0x07c6 ; 0x8CC0 movx a,@dptr ; 0x8CC1 jb acc.2,0x8cc7 ; 0x8CC4 ljmp 0x8de0 | 0x8CC7 mov dptr,#0x070a ; 0x8CCA movx a,@dptr ; 0x8CCB inc a ; 0x8CCC movx @dptr,a ; 0x8CCD mov dptr,#0x1804 ; 0x8CD0 movx a,@dptr ; 0x8CD1 jnz 0x8cdf ; 0x8CD3 mov dptr,#0x0461 ; 0x8CD6 movx a,@dptr ; 0x8CD7 jz 0x8cdf ; 0x8CD9 mov dptr,#0x0672 ; 0x8CDC mov a,#0x14 ; 0x8CDE movx @dptr,a ; 0x8CDF mov dptr,#0x1809 ; 0x8CE2 movx a,@dptr ; 0x8CE3 jnz 0x8cf1 ; 0x8CE5 mov dptr,#0x0469 ; 0x8CE8 movx a,@dptr ; 0x8CE9 jz 0x8cf1 ; 0x8CEB mov dptr,#0x0673 ; 0x8CEE mov a,#0x14 ; 0x8CF0 movx @dptr,a ; 0x8CF1 mov dptr,#0x0672 ; 0x8CF4 movx a,@dptr ; 0x8CF5 jz 0x8cfc ; 0x8CF7 lcall 0xbeb4 ; 0x8CFA sjmp 0x8d5f | 0x8CFC mov dptr,#0x0461 ; 0x8CFF movx a,@dptr ; 0x8D00 jnz 0x8d16 ; 0x8D02 mov dptr,#0x0986 ; 0x8D05 movx a,@dptr ; 0x8D06 jnz 0x8d0e ; 0x8D08 mov dptr,#0x1804 ; 0x8D0B movx @dptr,a ; 0x8D0C sjmp 0x8d1c | 0x8D5F mov dptr,#0x0673 ; 0x8D62 movx a,@dptr ; 0x8D63 jz 0x8d71 ; 0x8D65 movx a,@dptr ; 0x8D66 dec a ; 0x8D67 movx @dptr,a ; 0x8D68 mov dptr,#0x1809 ; 0x8D6B mov a,#0x3c ; 0x8D6D movx @dptr,a ; 0x8D6E ljmp 0x8f03 | 0x8D16 mov dptr,#0x0986 ; 0x8D19 mov a,#0xb4 ; 0x8D1B movx @dptr,a ; 0x8D1C mov dptr,#0x0461 ; 0x8D1F movx a,@dptr ; 0x8D20 mov r7,a ; 0x8D21 mov dptr,#0x1804 ; 0x8D24 movx a,@dptr ; 0x8D25 xrl a,r7 ; 0x8D26 jz 0x8d5f ; 0x8D28 lcall 0xbebe ; 0x8D2B jnz 0x8d5f ; 0x8D2D mov dptr,#0x1804 ; 0x8D30 lcall 0xbbe9 ; 0x8D33 jc 0x8d4a ; 0x8D35 mov dptr,#0x1804 ; 0x8D38 movx a,@dptr ; 0x8D39 subb a,#0xc8 ; 0x8D3B jnc 0x8d42 ; 0x8D3D movx a,@dptr ; 0x8D3E inc a ; 0x8D3F movx @dptr,a ; 0x8D40 sjmp 0x8d5f | 0x8D0E mov dptr,#0x0461 ; 0x8D11 mov a,#0x3c ; 0x8D13 movx @dptr,a ; 0x8D14 sjmp 0x8d1c | 0x8D71 mov dptr,#0x0469 ; 0x8D74 movx a,@dptr ; 0x8D75 jnz 0x8d8b ; 0x8D77 mov dptr,#0x0989 ; 0x8D7A movx a,@dptr ; 0x8D7B jnz 0x8d83 ; 0x8D7D mov dptr,#0x1809 ; 0x8D80 movx @dptr,a ; 0x8D81 sjmp 0x8d91 | 0x8D4A mov dptr,#0x1804 ; 0x8D4D clr c ; 0x8D4E lcall 0xbbea ; 0x8D51 jnc 0x8d5f ; 0x8D53 mov dptr,#0x1804 ; 0x8D56 movx a,@dptr ; 0x8D57 clr c ; 0x8D58 subb a,#0x01 ; 0x8D5A jc 0x8d5f ; 0x8D5C movx a,@dptr ; 0x8D5D dec a ; 0x8D5E movx @dptr,a ; 0x8D5F mov dptr,#0x0673 ; 0x8D62 movx a,@dptr ; 0x8D63 jz 0x8d71 ; 0x8D65 movx a,@dptr ; 0x8D66 dec a ; 0x8D67 movx @dptr,a ; 0x8D68 mov dptr,#0x1809 ; 0x8D6B mov a,#0x3c ; 0x8D6D movx @dptr,a ; 0x8D6E ljmp 0x8f03 | 0x8D42 mov dptr,#0x1804 ; 0x8D45 mov a,#0xc8 ; 0x8D47 movx @dptr,a ; 0x8D48 sjmp 0x8d5f | 0x8D8B mov dptr,#0x0989 ; 0x8D8E mov a,#0xb4 ; 0x8D90 movx @dptr,a ; 0x8D91 mov dptr,#0x0469 ; 0x8D94 movx a,@dptr ; 0x8D95 mov r7,a ; 0x8D96 mov dptr,#0x1809 ; 0x8D99 movx a,@dptr ; 0x8D9A xrl a,r7 ; 0x8D9B jnz 0x8da0 ; 0x8D9D ljmp 0x8f03 | 0x8D83 mov dptr,#0x0469 ; 0x8D86 mov a,#0x3c ; 0x8D88 movx @dptr,a ; 0x8D89 sjmp 0x8d91 | 0x8DA0 lcall 0xbebe ; 0x8DA3 jz 0x8da8 ; 0x8DA5 ljmp 0x8f03 | 0x8DA8 setb c ; 0x8DA9 lcall 0xbe68 ; 0x8DAC jc 0x8dc5 ; 0x8DAE mov dptr,#0x1809 ; 0x8DB1 movx a,@dptr ; 0x8DB2 subb a,#0xc8 ; 0x8DB4 jnc 0x8dbc ; 0x8DB6 movx a,@dptr ; 0x8DB7 inc a ; 0x8DB8 movx @dptr,a ; 0x8DB9 ljmp 0x8f03 | 0x8DC5 clr c ; 0x8DC6 lcall 0xbe68 ; 0x8DC9 jc 0x8dce ; 0x8DCB ljmp 0x8f03 | 0x8DBC mov dptr,#0x1809 ; 0x8DBF mov a,#0xc8 ; 0x8DC1 movx @dptr,a ; 0x8DC2 ljmp 0x8f03 | 0x8DCE mov dptr,#0x1809 ; 0x8DD1 movx a,@dptr ; 0x8DD2 clr c ; 0x8DD3 subb a,#0x01 ; 0x8DD5 jnc 0x8dda ; 0x8DD7 ljmp 0x8f03 | 0x8DDA movx a,@dptr ; 0x8DDB dec a ; 0x8DDC movx @dptr,a ; 0x8DDD ljmp 0x8f03"
0x08EB,callee,0x8931,,,,,0xBDE6,bank0,8,,,,,2,DPTR inherited from the caller ; DPTR built at run time (a store to DPL/DPH),DPTR built at run time (a store to DPL/DPH); ret,partial: DPTR inherited from the caller ; DPTR built at run time (a store to DPL/DPH),"0xBDE6 movx a,@dptr ; 0xBDE7 add a,#0x00 ; 0xBDE9 mov 0x82,a ; 0xBDEB clr a ; 0xBDEC addc a,#0x0f ; 0xBDEE mov 0x83,a ; 0xBDF0 movx a,@dptr ; 0xBDF1 ret"
0x08EB,callee,0x8931,,,,,0xBAD4,bank0,5,0x043E read,,,,0,,ret,resolved,"0xBAD4 mov r7,a ; 0xBAD5 mov dptr,#0x043e ; 0xBAD8 movx a,@dptr ; 0xBAD9 subb a,r7 ; 0xBADA ret"
0x08EB,callee,0x8931,,,,,0xBC5F,bank0,6,0x09E4 r+w,,,,0,,ret,resolved,"0xBC5F mov dptr,#0x09e4 ; 0xBC62 movx a,@dptr ; 0xBC63 inc a ; 0xBC64 movx @dptr,a ; 0xBC65 movx a,@dptr ; 0xBC66 ret"
0x08EB,callee,0x8931,,,,,0xBCDA,bank0,9,0x0460 read,,,,1,DPTR built at run time (a store to DPL/DPH),DPTR built at run time (a store to DPL/DPH); ret,partial: DPTR built at run time (a store to DPL/DPH),"0xBCDA mov dptr,#0x0460 ; 0xBCDD movx a,@dptr ; 0xBCDE add a,#0x10 ; 0xBCE0 mov 0x82,a ; 0xBCE2 clr a ; 0xBCE3 addc a,#0x0f ; 0xBCE5 mov 0x83,a ; 0xBCE7 movx a,@dptr ; 0xBCE8 ret"
0x08EB,callee,0x8931,,,,,0xBAD3,bank0,6,0x043E read,,,,0,,ret,resolved,"0xBAD3 clr c ; 0xBAD4 mov r7,a ; 0xBAD5 mov dptr,#0x043e ; 0xBAD8 movx a,@dptr ; 0xBAD9 subb a,r7 ; 0xBADA ret"
0x08EB,callee,0x8931,,,,,0xBEAA,bank0,6,0x09E4 read,,,,0,,ret,resolved,"0xBEAA mov dptr,#0x09e4 ; 0xBEAD movx a,@dptr ; 0xBEAE anl a,#0x7f ; 0xBEB0 setb c ; 0xBEB1 subb a,#0x32 ; 0xBEB3 ret"
0x08EB,callee,0x8931,,,,,0xBDF2,bank0,6,0x044F read,,,,1,DPTR inherited from the caller,ret,partial: DPTR inherited from the caller,"0xBDF2 movx a,@dptr ; 0xBDF3 mov r7,a ; 0xBDF4 mov dptr,#0x044f ; 0xBDF7 movx a,@dptr ; 0xBDF8 subb a,r7 ; 0xBDF9 ret"
0x08EB,callee,0x8931,,,,,0x8C46,bank0,246,0x0440 read ; 0x0456 read ; 0x0461 r+w ; 0x0469 r+w ; 0x0670 r+w ; 0x0672 r+w ; 0x0673 r+w ; 0x070A r+w ; 0x0741 read ; 0x0787 read ; 0x07C5 read ; 0x07C6 read ; 0x0986 r+w ; 0x0989 r+w ; 0x1804 r+w ; 0x1809 r+w,,,,0,,tail jump to a callee; loop back to 0x8C69; loop back to 0x8C7F; loop back to 0x8CA9; loop back to 0x8CB3; loop back to 0x8CDF; loop back to 0x8CF1; loop back to 0x8D1C; loop back to 0x8D5F; loop back to 0x8D91; loop back to 0x8D71,resolved,"0x8C46 mov dptr,#0x0469 ; 0x8C49 movx @dptr,a ; 0x8C4A mov r5,#0x03 ; 0x8C4C mov dptr,#0x0787 ; 0x8C4F movx a,@dptr ; 0x8C50 jnb acc.7,0x8c69 ; 0x8C53 mov dptr,#0x0741 ; 0x8C56 movx a,@dptr ; 0x8C57 jnb acc.0,0x8c69 ; 0x8C5A mov dptr,#0x0787 ; 0x8C5D movx a,@dptr ; 0x8C5E anl a,#0x7f ; 0x8C60 setb c ; 0x8C61 subb a,#0x00 ; 0x8C63 jc 0x8c69 ; 0x8C65 movx a,@dptr ; 0x8C66 anl a,#0x7f ; 0x8C68 mov r5,a ; 0x8C69 mov dptr,#0x0456 ; 0x8C6C movx a,@dptr ; 0x8C6D jb acc.7,0x8c75 ; 0x8C70 mov dptr,#0x0461 ; 0x8C73 sjmp 0x8c7f | 0x8C75 lcall 0xbbe6 ; 0x8C78 jc 0x8c7c ; 0x8C7A sjmp 0x8c7f | 0x8C7F movx a,@dptr ; 0x8C80 mov dptr,#0x0670 ; 0x8C83 movx @dptr,a ; 0x8C84 mov r2,#0x00 ; 0x8C86 lcall 0xbae7 ; 0x8C89 mov a,r2 ; 0x8C8A addc a,r6 ; 0x8C8B mov r6,a ; 0x8C8C clr c ; 0x8C8D mov a,r7 ; 0x8C8E subb a,#0xe4 ; 0x8C90 mov a,r6 ; 0x8C91 subb a,#0x0c ; 0x8C93 jc 0x8ca9 ; 0x8C95 mov dptr,#0x0670 ; 0x8C98 movx a,@dptr ; 0x8C99 subb a,#0xa0 ; 0x8C9B jnc 0x8ca9 ; 0x8C9D mov dptr,#0x0440 ; 0x8CA0 movx a,@dptr ; 0x8CA1 jnz 0x8ca9 ; 0x8CA3 mov dptr,#0x0670 ; 0x8CA6 mov a,#0xa0 ; 0x8CA8 movx @dptr,a ; 0x8CA9 mov dptr,#0x07c5 ; 0x8CAC movx a,@dptr ; 0x8CAD jb acc.7,0x8cb3 ; 0x8CB0 ljmp 0x8de0 | 0x8C7C mov dptr,#0x0469 ; 0x8C7F movx a,@dptr ; 0x8C80 mov dptr,#0x0670 ; 0x8C83 movx @dptr,a ; 0x8C84 mov r2,#0x00 ; 0x8C86 lcall 0xbae7 ; 0x8C89 mov a,r2 ; 0x8C8A addc a,r6 ; 0x8C8B mov r6,a ; 0x8C8C clr c ; 0x8C8D mov a,r7 ; 0x8C8E subb a,#0xe4 ; 0x8C90 mov a,r6 ; 0x8C91 subb a,#0x0c ; 0x8C93 jc 0x8ca9 ; 0x8C95 mov dptr,#0x0670 ; 0x8C98 movx a,@dptr ; 0x8C99 subb a,#0xa0 ; 0x8C9B jnc 0x8ca9 ; 0x8C9D mov dptr,#0x0440 ; 0x8CA0 movx a,@dptr ; 0x8CA1 jnz 0x8ca9 ; 0x8CA3 mov dptr,#0x0670 ; 0x8CA6 mov a,#0xa0 ; 0x8CA8 movx @dptr,a ; 0x8CA9 mov dptr,#0x07c5 ; 0x8CAC movx a,@dptr ; 0x8CAD jb acc.7,0x8cb3 ; 0x8CB0 ljmp 0x8de0 | 0x8CB3 mov dptr,#0x0741 ; 0x8CB6 movx a,@dptr ; 0x8CB7 jb acc.0,0x8cbd ; 0x8CBA ljmp 0x8de0 | 0x8CBD mov dptr,#0x07c6 ; 0x8CC0 movx a,@dptr ; 0x8CC1 jb acc.2,0x8cc7 ; 0x8CC4 ljmp 0x8de0 | 0x8CC7 mov dptr,#0x070a ; 0x8CCA movx a,@dptr ; 0x8CCB inc a ; 0x8CCC movx @dptr,a ; 0x8CCD mov dptr,#0x1804 ; 0x8CD0 movx a,@dptr ; 0x8CD1 jnz 0x8cdf ; 0x8CD3 mov dptr,#0x0461 ; 0x8CD6 movx a,@dptr ; 0x8CD7 jz 0x8cdf ; 0x8CD9 mov dptr,#0x0672 ; 0x8CDC mov a,#0x14 ; 0x8CDE movx @dptr,a ; 0x8CDF mov dptr,#0x1809 ; 0x8CE2 movx a,@dptr ; 0x8CE3 jnz 0x8cf1 ; 0x8CE5 mov dptr,#0x0469 ; 0x8CE8 movx a,@dptr ; 0x8CE9 jz 0x8cf1 ; 0x8CEB mov dptr,#0x0673 ; 0x8CEE mov a,#0x14 ; 0x8CF0 movx @dptr,a ; 0x8CF1 mov dptr,#0x0672 ; 0x8CF4 movx a,@dptr ; 0x8CF5 jz 0x8cfc ; 0x8CF7 lcall 0xbeb4 ; 0x8CFA sjmp 0x8d5f | 0x8CFC mov dptr,#0x0461 ; 0x8CFF movx a,@dptr ; 0x8D00 jnz 0x8d16 ; 0x8D02 mov dptr,#0x0986 ; 0x8D05 movx a,@dptr ; 0x8D06 jnz 0x8d0e ; 0x8D08 mov dptr,#0x1804 ; 0x8D0B movx @dptr,a ; 0x8D0C sjmp 0x8d1c | 0x8D5F mov dptr,#0x0673 ; 0x8D62 movx a,@dptr ; 0x8D63 jz 0x8d71 ; 0x8D65 movx a,@dptr ; 0x8D66 dec a ; 0x8D67 movx @dptr,a ; 0x8D68 mov dptr,#0x1809 ; 0x8D6B mov a,#0x3c ; 0x8D6D movx @dptr,a ; 0x8D6E ljmp 0x8f03 | 0x8D16 mov dptr,#0x0986 ; 0x8D19 mov a,#0xb4 ; 0x8D1B movx @dptr,a ; 0x8D1C mov dptr,#0x0461 ; 0x8D1F movx a,@dptr ; 0x8D20 mov r7,a ; 0x8D21 mov dptr,#0x1804 ; 0x8D24 movx a,@dptr ; 0x8D25 xrl a,r7 ; 0x8D26 jz 0x8d5f ; 0x8D28 lcall 0xbebe ; 0x8D2B jnz 0x8d5f ; 0x8D2D mov dptr,#0x1804 ; 0x8D30 lcall 0xbbe9 ; 0x8D33 jc 0x8d4a ; 0x8D35 mov dptr,#0x1804 ; 0x8D38 movx a,@dptr ; 0x8D39 subb a,#0xc8 ; 0x8D3B jnc 0x8d42 ; 0x8D3D movx a,@dptr ; 0x8D3E inc a ; 0x8D3F movx @dptr,a ; 0x8D40 sjmp 0x8d5f | 0x8D0E mov dptr,#0x0461 ; 0x8D11 mov a,#0x3c ; 0x8D13 movx @dptr,a ; 0x8D14 sjmp 0x8d1c | 0x8D71 mov dptr,#0x0469 ; 0x8D74 movx a,@dptr ; 0x8D75 jnz 0x8d8b ; 0x8D77 mov dptr,#0x0989 ; 0x8D7A movx a,@dptr ; 0x8D7B jnz 0x8d83 ; 0x8D7D mov dptr,#0x1809 ; 0x8D80 movx @dptr,a ; 0x8D81 sjmp 0x8d91 | 0x8D4A mov dptr,#0x1804 ; 0x8D4D clr c ; 0x8D4E lcall 0xbbea ; 0x8D51 jnc 0x8d5f ; 0x8D53 mov dptr,#0x1804 ; 0x8D56 movx a,@dptr ; 0x8D57 clr c ; 0x8D58 subb a,#0x01 ; 0x8D5A jc 0x8d5f ; 0x8D5C movx a,@dptr ; 0x8D5D dec a ; 0x8D5E movx @dptr,a ; 0x8D5F mov dptr,#0x0673 ; 0x8D62 movx a,@dptr ; 0x8D63 jz 0x8d71 ; 0x8D65 movx a,@dptr ; 0x8D66 dec a ; 0x8D67 movx @dptr,a ; 0x8D68 mov dptr,#0x1809 ; 0x8D6B mov a,#0x3c ; 0x8D6D movx @dptr,a ; 0x8D6E ljmp 0x8f03 | 0x8D42 mov dptr,#0x1804 ; 0x8D45 mov a,#0xc8 ; 0x8D47 movx @dptr,a ; 0x8D48 sjmp 0x8d5f | 0x8D8B mov dptr,#0x0989 ; 0x8D8E mov a,#0xb4 ; 0x8D90 movx @dptr,a ; 0x8D91 mov dptr,#0x0469 ; 0x8D94 movx a,@dptr ; 0x8D95 mov r7,a ; 0x8D96 mov dptr,#0x1809 ; 0x8D99 movx a,@dptr ; 0x8D9A xrl a,r7 ; 0x8D9B jnz 0x8da0 ; 0x8D9D ljmp 0x8f03 | 0x8D83 mov dptr,#0x0469 ; 0x8D86 mov a,#0x3c ; 0x8D88 movx @dptr,a ; 0x8D89 sjmp 0x8d91 | 0x8DA0 lcall 0xbebe ; 0x8DA3 jz 0x8da8 ; 0x8DA5 ljmp 0x8f03 | 0x8DA8 setb c ; 0x8DA9 lcall 0xbe68 ; 0x8DAC jc 0x8dc5 ; 0x8DAE mov dptr,#0x1809 ; 0x8DB1 movx a,@dptr ; 0x8DB2 subb a,#0xc8 ; 0x8DB4 jnc 0x8dbc ; 0x8DB6 movx a,@dptr ; 0x8DB7 inc a ; 0x8DB8 movx @dptr,a ; 0x8DB9 ljmp 0x8f03 | 0x8DC5 clr c ; 0x8DC6 lcall 0xbe68 ; 0x8DC9 jc 0x8dce ; 0x8DCB ljmp 0x8f03 | 0x8DBC mov dptr,#0x1809 ; 0x8DBF mov a,#0xc8 ; 0x8DC1 movx @dptr,a ; 0x8DC2 ljmp 0x8f03 | 0x8DCE mov dptr,#0x1809 ; 0x8DD1 movx a,@dptr ; 0x8DD2 clr c ; 0x8DD3 subb a,#0x01 ; 0x8DD5 jnc 0x8dda ; 0x8DD7 ljmp 0x8f03 | 0x8DDA movx a,@dptr ; 0x8DDB dec a ; 0x8DDC movx @dptr,a ; 0x8DDD ljmp 0x8f03"
0x08EB,callee,0x8931,,,,,0x8F09,bank0,4,0x075C write,,,,1,DPTR inherited from the caller,ret,partial: DPTR inherited from the caller,"0x8F09 movx a,@dptr ; 0x8F0A mov dptr,#0x075c ; 0x8F0D movx @dptr,a ; 0x8F0E ret"
0x08EB,arm,0xB489,0xB48D,"jnb  acc.7,0xb4a7 -- USER (bit 7)",taken,0xB4A7,,bank0,1,,,,,0,,ret,complete,0xB4A7 ret
0x08EB,arm,0xB489,0xB48D,"jnb  acc.7,0xb4a7 -- USER (bit 7)",fall-through,0xB490,,bank0,4,0x08EB r+w,,,0xC478,0,,tail jump to a callee,complete,"0xB490 movx a,@dptr ; 0xB491 anl a,#0x7f ; 0xB493 movx @dptr,a ; 0xB494 ljmp 0xc478"
0x08EB,callee,0xB489,,,,,0xC478,bank0,12,0x08EB read ; 0x160A r+w,,,,0,,tail jump to a callee; ret; loop back to 0xC48E; loop back to 0xC487,resolved,"0xC478 lcall 0xb8f4 ; 0xC47B mov a,r7 ; 0xC47C jz 0xc487 ; 0xC47E mov dptr,#0x08eb ; 0xC481 movx a,@dptr ; 0xC482 jb acc.7,0xc48e ; 0xC485 sjmp 0xc487 | 0xC487 mov dptr,#0x160a ; 0xC48A movx a,@dptr ; 0xC48B orl a,#0x01 ; 0xC48D movx @dptr,a ; 0xC48E ret"
0x08EB,arm,0xB497,0xB49B,"jnb  acc.7,0xb4a7 -- USER (bit 7)",taken,0xB4A7,,bank0,1,,,,,0,,ret,complete,0xB4A7 ret
0x08EB,arm,0xB497,0xB49B,"jnb  acc.7,0xb4a7 -- USER (bit 7)",fall-through,0xB49E,,bank0,7,0x09CF r+w,,,,0,,ret; loop back to 0xB4A7,complete,"0xB49E mov dptr,#0x09cf ; 0xB4A1 movx a,@dptr ; 0xB4A2 jz 0xb4a7 ; 0xB4A4 movx a,@dptr ; 0xB4A5 dec a ; 0xB4A6 movx @dptr,a ; 0xB4A7 ret"
0x08EB,arm,0xB501,0xB505,"jb   acc.5,0xb556 -- HIGH (bit 5)",taken,0xB556,,bank0,63,0x047F write ; 0x06D1 r+w ; 0x089C r+w ; 0x089D r+w ; 0x08A1 write ; 0x08EB r+w ; 0x09E6 r+w ; 0x09E7 r+w ; 0x1804 read ; 0x1809 read,,,0xB93D ; 0xBB55 ; 0xBBDD ; 0x163C ; 0xBADE ; 0xBD5D ; 0xBD6B,0,,DPTR built at run time (a store to DPL/DPH); ret; loop back to 0xB59C; loop back to 0xB5A7; loop back to 0xB5D2; loop back to 0xB5B2,complete,"0xB556 setb c ; 0xB557 mov dptr,#0x089d ; 0xB55A movx a,@dptr ; 0xB55B subb a,#0x58 ; 0xB55D mov dptr,#0x089c ; 0xB560 movx a,@dptr ; 0xB561 subb a,#0x02 ; 0xB563 jc 0xb596 ; 0xB565 mov dptr,#0x0a47 ; 0xB568 lcall 0xb93d ; 0xB56B mov a,#0x02 ; 0xB56D lcall 0xbb55 ; 0xB570 jc 0xb59c ; 0xB572 mov 0x82,r7 ; 0xB574 mov 0x83,r6 ; 0xB576 mov a,#0x03 ; 0xB578 lcall 0xbbdd ; 0xB57B jc 0xb59c ; 0xB57D mov dptr,#0x06d1 ; 0xB580 movx a,@dptr ; 0xB581 jnz 0xb59c ; 0xB583 mov dptr,#0x047f ; 0xB586 mov a,#0x32 ; 0xB588 movx @dptr,a ; 0xB589 mov a,#0x27 ; 0xB58B mov r5,a ; 0xB58C lcall 0x163c ; 0xB58F mov dptr,#0x06d1 ; 0xB592 mov a,#0xfa ; 0xB594 movx @dptr,a ; 0xB595 ret | 0xB596 mov dptr,#0x089c ; 0xB599 lcall 0xbade ; 0xB59C mov dptr,#0x1804 ; 0xB59F movx a,@dptr ; 0xB5A0 jz 0xb5a7 ; 0xB5A2 lcall 0xbd5d ; 0xB5A5 jc 0xb5d2 ; 0xB5A7 mov dptr,#0x1809 ; 0xB5AA movx a,@dptr ; 0xB5AB jz 0xb5b2 ; 0xB5AD lcall 0xbd6b ; 0xB5B0 jc 0xb5d2 ; 0xB5B2 mov dptr,#0x08eb ; 0xB5B5 movx a,@dptr ; 0xB5B6 anl a,#0xdf ; 0xB5B8 movx @dptr,a ; 0xB5B9 mov dptr,#0x09e6 ; 0xB5BC movx a,@dptr ; 0xB5BD anl a,#0xfe ; 0xB5BF movx @dptr,a ; 0xB5C0 mov dptr,#0x09e7 ; 0xB5C3 movx a,@dptr ; 0xB5C4 anl a,#0xfe ; 0xB5C6 movx @dptr,a ; 0xB5C7 clr a ; 0xB5C8 mov dptr,#0x08a1 ; 0xB5CB movx @dptr,a ; 0xB5CC mov dptr,#0x089c ; 0xB5CF movx @dptr,a ; 0xB5D0 inc dptr ; 0xB5D1 movx @dptr,a ; 0xB5D2 ret"
0x08EB,arm,0xB501,0xB505,"jb   acc.5,0xb556 -- HIGH (bit 5)",fall-through,0xB508,,bank0,36,0x08A1 write ; 0x08EB r+w ; 0x09E6 r+w ; 0x1804 read ; 0x1809 read,,,0xB93D ; 0xBB55 ; 0xBBDE ; 0xB5D2 ; 0xBD5D ; 0xB5D2 ; 0xB5CC ; 0xBD6B ; 0xB5D2,0,,DPTR built at run time (a store to DPL/DPH); tail jump to a callee; loop back to 0xB522; loop back to 0xB52D; loop back to 0xB53E,complete,"0xB508 mov dptr,#0x0a47 ; 0xB50B lcall 0xb93d ; 0xB50E clr a ; 0xB50F lcall 0xbb55 ; 0xB512 jnc 0xb522 ; 0xB514 mov 0x82,r7 ; 0xB516 mov 0x83,r6 ; 0xB518 mov a,#0x01 ; 0xB51A lcall 0xbbde ; 0xB51D jnc 0xb522 ; 0xB51F ljmp 0xb5d2 | 0xB522 mov dptr,#0x1804 ; 0xB525 movx a,@dptr ; 0xB526 jz 0xb52d ; 0xB528 lcall 0xbd5d ; 0xB52B jc 0xb53e ; 0xB52D mov dptr,#0x1809 ; 0xB530 movx a,@dptr ; 0xB531 jnz 0xb536 ; 0xB533 ljmp 0xb5d2 | 0xB53E mov dptr,#0x08eb ; 0xB541 movx a,@dptr ; 0xB542 orl a,#0x20 ; 0xB544 movx @dptr,a ; 0xB545 mov dptr,#0x09e6 ; 0xB548 movx a,@dptr ; 0xB549 orl a,#0x01 ; 0xB54B movx @dptr,a ; 0xB54C mov dptr,#0x08a1 ; 0xB54F mov a,#0x04 ; 0xB551 movx @dptr,a ; 0xB552 clr a ; 0xB553 ljmp 0xb5cc | 0xB536 lcall 0xbd6b ; 0xB539 jc 0xb53e ; 0xB53B ljmp 0xb5d2"
0x08EB,callee,0xB501,,,,,0xB93D,bank0,8,,,,,2,DPTR inherited from the caller,DPTR built at run time (a store to DPL/DPH); ret,partial: DPTR inherited from the caller,"0xB93D movx a,@dptr ; 0xB93E mov r6,a ; 0xB93F inc dptr ; 0xB940 movx a,@dptr ; 0xB941 mov r7,a ; 0xB942 mov 0x82,a ; 0xB944 mov 0x83,r6 ; 0xB946 ret"
0x08EB,callee,0xB501,,,,,0xBB55,bank0,7,0x043E read,,,,0,,ret,resolved,"0xBB55 setb c ; 0xBB56 movc a,@a+dptr ; 0xBB57 mov r5,a ; 0xBB58 mov dptr,#0x043e ; 0xBB5B movx a,@dptr ; 0xBB5C subb a,r5 ; 0xBB5D ret"
0x08EB,callee,0xB501,,,,,0xBBDD,bank0,7,0x044F read,,,,0,,ret,resolved,"0xBBDD setb c ; 0xBBDE movc a,@a+dptr ; 0xBBDF mov r7,a ; 0xBBE0 mov dptr,#0x044f ; 0xBBE3 movx a,@dptr ; 0xBBE4 subb a,r7 ; 0xBBE5 ret"
0x08EB,callee,0xB501,,,,,0x163C,bank0,2,,,0x88F0,,0,,tail jump to a callee,resolved,"0x163C mov dptr,#0x88f0 ; 0x163F ljmp 0x1114"
0x08EB,callee,0xB501,,,,,0xBADE,bank0,3,,,,,0,,tail jump to a callee,resolved,"0xBADE clr a ; 0xBADF mov 0xf0,#0x01 ; 0xBAE2 ljmp 0x70e4"
0x08EB,callee,0xB501,,,,,0xBD5D,bank0,8,0x0464 read ; 0x0465 read,,,,0,,ret,resolved,"0xBD5D clr c ; 0xBD5E mov dptr,#0x0465 ; 0xBD61 movx a,@dptr ; 0xBD62 subb a,#0x64 ; 0xBD64 mov dptr,#0x0464 ; 0xBD67 movx a,@dptr ; 0xBD68 subb a,#0x00 ; 0xBD6A ret"
0x08EB,callee,0xB501,,,,,0xBD6B,bank0,8,0x046C read ; 0x046D read,,,,0,,ret,resolved,"0xBD6B clr c ; 0xBD6C mov dptr,#0x046d ; 0xBD6F movx a,@dptr ; 0xBD70 subb a,#0x64 ; 0xBD72 mov dptr,#0x046c ; 0xBD75 movx a,@dptr ; 0xBD76 subb a,#0x00 ; 0xBD78 ret"
0x08EB,callee,0xB501,,,,,0xBBDE,bank0,6,0x044F read,,,,0,,ret,resolved,"0xBBDE movc a,@a+dptr ; 0xBBDF mov r7,a ; 0xBBE0 mov dptr,#0x044f ; 0xBBE3 movx a,@dptr ; 0xBBE4 subb a,r7 ; 0xBBE5 ret"
0x08EB,callee,0xB501,,,,,0xB5D2,bank0,1,,,,,0,,ret,resolved,0xB5D2 ret
0x08EB,callee,0xB501,,,,,0xB5CC,bank0,5,0x089C r+w ; 0x089D write,,,,0,,ret,resolved,"0xB5CC mov dptr,#0x089c ; 0xB5CF movx @dptr,a ; 0xB5D0 inc dptr ; 0xB5D1 movx @dptr,a ; 0xB5D2 ret"
0x08EB,arm,0xB65B,0xB65F,"jb   acc.3,0xb6a8 -- ? (bit 3)",taken,0xB6A8,,bank0,73,0x047F write ; 0x06D1 r+w ; 0x089E r+w ; 0x089F r+w ; 0x08A2 write ; 0x08EB r+w ; 0x09E6 r+w ; 0x09E7 r+w,0x0A47,,0xBA77 ; 0xBDA5 ; 0x163C ; 0xBADE ; 0xB93D ; 0xBB56 ; 0xBBDE ; 0xB989 ; 0xBDA6,0,,DPTR built at run time (a store to DPL/DPH); ret; loop back to 0xB6EE; loop back to 0xB736,complete,"0xB6A8 mov dptr,#0x0a47 ; 0xB6AB lcall 0xba77 ; 0xB6AE mov a,#0x0a ; 0xB6B0 movc a,@a+dptr ; 0xB6B1 mov 0xf0,#0x0a ; 0xB6B4 mul ab ; 0xB6B5 mov r7,a ; 0xB6B6 setb c ; 0xB6B7 mov dptr,#0x089f ; 0xB6BA movx a,@dptr ; 0xB6BB subb a,r7 ; 0xB6BC mov dptr,#0x089e ; 0xB6BF movx a,@dptr ; 0xB6C0 subb a,0xf0 ; 0xB6C2 jc 0xb6e8 ; 0xB6C4 mov 0x82,r5 ; 0xB6C6 mov 0x83,r4 ; 0xB6C8 mov a,#0x0b ; 0xB6CA lcall 0xbda5 ; 0xB6CD jc 0xb6ee ; 0xB6CF mov dptr,#0x06d1 ; 0xB6D2 movx a,@dptr ; 0xB6D3 jnz 0xb6ee ; 0xB6D5 mov dptr,#0x047f ; 0xB6D8 mov a,#0x33 ; 0xB6DA movx @dptr,a ; 0xB6DB mov a,#0x27 ; 0xB6DD mov r5,a ; 0xB6DE lcall 0x163c ; 0xB6E1 mov dptr,#0x06d1 ; 0xB6E4 mov a,#0xfa ; 0xB6E6 movx @dptr,a ; 0xB6E7 ret | 0xB6E8 mov dptr,#0x089e ; 0xB6EB lcall 0xbade ; 0xB6EE mov dptr,#0x0a47 ; 0xB6F1 lcall 0xb93d ; 0xB6F4 mov a,#0x07 ; 0xB6F6 clr c ; 0xB6F7 lcall 0xbb56 ; 0xB6FA jnc 0xb736 ; 0xB6FC mov 0x82,r7 ; 0xB6FE mov 0x83,r6 ; 0xB700 mov a,#0x08 ; 0xB702 clr c ; 0xB703 lcall 0xbbde ; 0xB706 jnc 0xb736 ; 0xB708 mov dptr,#0x0a47 ; 0xB70B lcall 0xb989 ; 0xB70E mov a,#0x09 ; 0xB710 clr c ; 0xB711 lcall 0xbda6 ; 0xB714 jnc 0xb736 ; 0xB716 mov dptr,#0x08eb ; 0xB719 movx a,@dptr ; 0xB71A anl a,#0xf7 ; 0xB71C movx @dptr,a ; 0xB71D mov dptr,#0x09e6 ; 0xB720 movx a,@dptr ; 0xB721 anl a,#0xfd ; 0xB723 movx @dptr,a ; 0xB724 mov dptr,#0x09e7 ; 0xB727 movx a,@dptr ; 0xB728 anl a,#0xfd ; 0xB72A movx @dptr,a ; 0xB72B clr a ; 0xB72C mov dptr,#0x08a2 ; 0xB72F movx @dptr,a ; 0xB730 mov dptr,#0x089e ; 0xB733 movx @dptr,a ; 0xB734 inc dptr ; 0xB735 movx @dptr,a ; 0xB736 ret"
0x08EB,arm,0xB65B,0xB65F,"jb   acc.3,0xb6a8 -- ? (bit 3)",fall-through,0xB662,,bank0,31,0x08A2 write ; 0x08EB r+w ; 0x09E6 r+w,,,0xB93D ; 0xBB55 ; 0xB736 ; 0xBBDD ; 0xB736 ; 0xB989 ; 0xBDA5 ; 0xB736 ; 0xB730,0,,tail jump to a callee; DPTR built at run time (a store to DPL/DPH),complete,"0xB662 mov dptr,#0x0a47 ; 0xB665 lcall 0xb93d ; 0xB668 mov a,#0x04 ; 0xB66A lcall 0xbb55 ; 0xB66D jnc 0xb672 ; 0xB66F ljmp 0xb736 | 0xB672 mov 0x82,r7 ; 0xB674 mov 0x83,r6 ; 0xB676 mov a,#0x05 ; 0xB678 lcall 0xbbdd ; 0xB67B jnc 0xb680 ; 0xB67D ljmp 0xb736 | 0xB680 mov dptr,#0x0a47 ; 0xB683 lcall 0xb989 ; 0xB686 mov a,#0x06 ; 0xB688 lcall 0xbda5 ; 0xB68B jnc 0xb690 ; 0xB68D ljmp 0xb736 | 0xB690 mov dptr,#0x08eb ; 0xB693 movx a,@dptr ; 0xB694 orl a,#0x08 ; 0xB696 movx @dptr,a ; 0xB697 mov dptr,#0x09e6 ; 0xB69A movx a,@dptr ; 0xB69B orl a,#0x02 ; 0xB69D movx @dptr,a ; 0xB69E mov dptr,#0x08a2 ; 0xB6A1 mov a,#0x04 ; 0xB6A3 movx @dptr,a ; 0xB6A4 clr a ; 0xB6A5 ljmp 0xb730"
0x08EB,callee,0xB65B,,,,,0xBA77,bank0,8,,,,,2,DPTR inherited from the caller,DPTR built at run time (a store to DPL/DPH); ret,partial: DPTR inherited from the caller,"0xBA77 movx a,@dptr ; 0xBA78 mov r4,a ; 0xBA79 inc dptr ; 0xBA7A movx a,@dptr ; 0xBA7B mov r5,a ; 0xBA7C mov 0x82,a ; 0xBA7E mov 0x83,r4 ; 0xBA80 ret"
0x08EB,callee,0xB65B,,,,,0xBDA5,bank0,7,0x0875 read,,,,0,,ret,resolved,"0xBDA5 setb c ; 0xBDA6 movc a,@a+dptr ; 0xBDA7 mov r7,a ; 0xBDA8 mov dptr,#0x0875 ; 0xBDAB movx a,@dptr ; 0xBDAC subb a,r7 ; 0xBDAD ret"
0x08EB,callee,0xB65B,,,,,0x163C,bank0,2,,,0x88F0,,0,,tail jump to a callee,resolved,"0x163C mov dptr,#0x88f0 ; 0x163F ljmp 0x1114"
0x08EB,callee,0xB65B,,,,,0xBADE,bank0,3,,,,,0,,tail jump to a callee,resolved,"0xBADE clr a ; 0xBADF mov 0xf0,#0x01 ; 0xBAE2 ljmp 0x70e4"
0x08EB,callee,0xB65B,,,,,0xB93D,bank0,8,,,,,2,DPTR inherited from the caller,DPTR built at run time (a store to DPL/DPH); ret,partial: DPTR inherited from the caller,"0xB93D movx a,@dptr ; 0xB93E mov r6,a ; 0xB93F inc dptr ; 0xB940 movx a,@dptr ; 0xB941 mov r7,a ; 0xB942 mov 0x82,a ; 0xB944 mov 0x83,r6 ; 0xB946 ret"
0x08EB,callee,0xB65B,,,,,0xBB56,bank0,6,0x043E read,,,,0,,ret,resolved,"0xBB56 movc a,@a+dptr ; 0xBB57 mov r5,a ; 0xBB58 mov dptr,#0x043e ; 0xBB5B movx a,@dptr ; 0xBB5C subb a,r5 ; 0xBB5D ret"
0x08EB,callee,0xB65B,,,,,0xBBDE,bank0,6,0x044F read,,,,0,,ret,resolved,"0xBBDE movc a,@a+dptr ; 0xBBDF mov r7,a ; 0xBBE0 mov dptr,#0x044f ; 0xBBE3 movx a,@dptr ; 0xBBE4 subb a,r7 ; 0xBBE5 ret"
0x08EB,callee,0xB65B,,,,,0xB989,bank0,5,,,,,1,DPTR inherited from the caller,DPTR built at run time (a store to DPL/DPH); ret,partial: DPTR inherited from the caller,"0xB989 inc dptr ; 0xB98A movx a,@dptr ; 0xB98B mov 0x82,a ; 0xB98D mov 0x83,r6 ; 0xB98F ret"
0x08EB,callee,0xB65B,,,,,0xBDA6,bank0,6,0x0875 read,,,,0,,ret,resolved,"0xBDA6 movc a,@a+dptr ; 0xBDA7 mov r7,a ; 0xBDA8 mov dptr,#0x0875 ; 0xBDAB movx a,@dptr ; 0xBDAC subb a,r7 ; 0xBDAD ret"
0x08EB,callee,0xB65B,,,,,0xBB55,bank0,7,0x043E read,,,,0,,ret,resolved,"0xBB55 setb c ; 0xBB56 movc a,@a+dptr ; 0xBB57 mov r5,a ; 0xBB58 mov dptr,#0x043e ; 0xBB5B movx a,@dptr ; 0xBB5C subb a,r5 ; 0xBB5D ret"
0x08EB,callee,0xB65B,,,,,0xB736,bank0,1,,,,,0,,ret,resolved,0xB736 ret
0x08EB,callee,0xB65B,,,,,0xBBDD,bank0,7,0x044F read,,,,0,,ret,resolved,"0xBBDD setb c ; 0xBBDE movc a,@a+dptr ; 0xBBDF mov r7,a ; 0xBBE0 mov dptr,#0x044f ; 0xBBE3 movx a,@dptr ; 0xBBE4 subb a,r7 ; 0xBBE5 ret"
0x08EB,callee,0xB65B,,,,,0xB730,bank0,5,0x089E r+w ; 0x089F write,,,,0,,ret,resolved,"0xB730 mov dptr,#0x089e ; 0xB733 movx @dptr,a ; 0xB734 inc dptr ; 0xB735 movx @dptr,a ; 0xB736 ret"
0x08EB,arm,0xB7BB,0xB7BF,"jb   acc.6,0xb7fe -- FAN BOOST (bit 6)",taken,0xB7FE,,bank0,34,0x043E read ; 0x044F read ; 0x08A0 write ; 0x08EB r+w,0x0A47,,0xB93D ; 0xB989 ; 0xBC37,0,,DPTR built at run time (a store to DPL/DPH); ret; loop back to 0xB83A,complete,"0xB7FE mov dptr,#0x0a47 ; 0xB801 lcall 0xb93d ; 0xB804 mov a,#0x0f ; 0xB806 movc a,@a+dptr ; 0xB807 mov r5,a ; 0xB808 mov dptr,#0x043e ; 0xB80B movx a,@dptr ; 0xB80C clr c ; 0xB80D subb a,r5 ; 0xB80E jnc 0xb83a ; 0xB810 mov 0x82,r7 ; 0xB812 mov 0x83,r6 ; 0xB814 mov a,#0x10 ; 0xB816 movc a,@a+dptr ; 0xB817 mov r7,a ; 0xB818 mov dptr,#0x044f ; 0xB81B movx a,@dptr ; 0xB81C clr c ; 0xB81D subb a,r7 ; 0xB81E jnc 0xb83a ; 0xB820 mov dptr,#0x0a47 ; 0xB823 lcall 0xb989 ; 0xB826 mov a,#0x11 ; 0xB828 clr c ; 0xB829 lcall 0xbc37 ; 0xB82C jnc 0xb83a ; 0xB82E mov dptr,#0x08eb ; 0xB831 movx a,@dptr ; 0xB832 anl a,#0xbf ; 0xB834 movx @dptr,a ; 0xB835 clr a ; 0xB836 mov dptr,#0x08a0 ; 0xB839 movx @dptr,a ; 0xB83A ret"
0x08EB,arm,0xB7BB,0xB7BF,"jb   acc.6,0xb7fe -- FAN BOOST (bit 6)",fall-through,0xB7C2,,bank0,34,0x08A0 r+w ; 0x08EB r+w,,,0xB93D ; 0xBB55 ; 0xBBDD ; 0xB989 ; 0xBC37,0,,DPTR built at run time (a store to DPL/DPH); ret; tail jump to a callee; loop back to 0xB835; loop back to 0xB83A,complete,"0xB7C2 mov dptr,#0x0a47 ; 0xB7C5 lcall 0xb93d ; 0xB7C8 mov a,#0x0c ; 0xB7CA lcall 0xbb55 ; 0xB7CD jc 0xb7fc ; 0xB7CF mov 0x82,r7 ; 0xB7D1 mov 0x83,r6 ; 0xB7D3 mov a,#0x0d ; 0xB7D5 lcall 0xbbdd ; 0xB7D8 jc 0xb835 ; 0xB7DA mov dptr,#0x0a47 ; 0xB7DD lcall 0xb989 ; 0xB7E0 mov a,#0x0e ; 0xB7E2 setb c ; 0xB7E3 lcall 0xbc37 ; 0xB7E6 jc 0xb835 ; 0xB7E8 mov dptr,#0x08a0 ; 0xB7EB movx a,@dptr ; 0xB7EC inc a ; 0xB7ED movx @dptr,a ; 0xB7EE movx a,@dptr ; 0xB7EF setb c ; 0xB7F0 subb a,#0x0a ; 0xB7F2 jc 0xb83a ; 0xB7F4 mov dptr,#0x08eb ; 0xB7F7 movx a,@dptr ; 0xB7F8 orl a,#0x40 ; 0xB7FA movx @dptr,a ; 0xB7FB ret | 0xB7FC sjmp 0xb835 | 0xB835 clr a ; 0xB836 mov dptr,#0x08a0 ; 0xB839 movx @dptr,a ; 0xB83A ret"
0x08EB,callee,0xB7BB,,,,,0xB93D,bank0,8,,,,,2,DPTR inherited from the caller,DPTR built at run time (a store to DPL/DPH); ret,partial: DPTR inherited from the caller,"0xB93D movx a,@dptr ; 0xB93E mov r6,a ; 0xB93F inc dptr ; 0xB940 movx a,@dptr ; 0xB941 mov r7,a ; 0xB942 mov 0x82,a ; 0xB944 mov 0x83,r6 ; 0xB946 ret"
0x08EB,callee,0xB7BB,,,,,0xB989,bank0,5,,,,,1,DPTR inherited from the caller,DPTR built at run time (a store to DPL/DPH); ret,partial: DPTR inherited from the caller,"0xB989 inc dptr ; 0xB98A movx a,@dptr ; 0xB98B mov 0x82,a ; 0xB98D mov 0x83,r6 ; 0xB98F ret"
0x08EB,callee,0xB7BB,,,,,0xBC37,bank0,6,0x044C read,,,,0,,ret,resolved,"0xBC37 movc a,@a+dptr ; 0xBC38 mov r7,a ; 0xBC39 mov dptr,#0x044c ; 0xBC3C movx a,@dptr ; 0xBC3D subb a,r7 ; 0xBC3E ret"
0x08EB,callee,0xB7BB,,,,,0xBB55,bank0,7,0x043E read,,,,0,,ret,resolved,"0xBB55 setb c ; 0xBB56 movc a,@a+dptr ; 0xBB57 mov r5,a ; 0xBB58 mov dptr,#0x043e ; 0xBB5B movx a,@dptr ; 0xBB5C subb a,r5 ; 0xBB5D ret"
0x08EB,callee,0xB7BB,,,,,0xBBDD,bank0,7,0x044F read,,,,0,,ret,resolved,"0xBBDD setb c ; 0xBBDE movc a,@a+dptr ; 0xBBDF mov r7,a ; 0xBBE0 mov dptr,#0x044f ; 0xBBE3 movx a,@dptr ; 0xBBE4 subb a,r7 ; 0xBBE5 ret"
0x08EB,arm,0xC47E,0xC482,"jb   acc.7,0xc48e -- USER (bit 7)",taken,0xC48E,,bank0,1,,,,,0,,ret,complete,0xC48E ret
0x08EB,arm,0xC47E,0xC482,"jb   acc.7,0xc48e -- USER (bit 7)",fall-through,0xC485,,bank0,6,0x160A r+w,,,,0,,tail jump to a callee; ret,complete,"0xC485 sjmp 0xc487 | 0xC487 mov dptr,#0x160a ; 0xC48A movx a,@dptr ; 0xC48B orl a,#0x01 ; 0xC48D movx @dptr,a ; 0xC48E ret"
0x08EB,arm,0xC860,0xC864,"jb   acc.7,0xc877 -- USER (bit 7)",taken,0xC877,,bank0,1,,,,,0,,ret,complete,0xC877 ret
0x08EB,arm,0xC860,0xC864,"jb   acc.7,0xc877 -- USER (bit 7)",fall-through,0xC867,,bank0,9,0x08EB r+w ; 0x09CF write,,,0xC48F,0,,ret,complete,"0xC867 lcall 0xc48f ; 0xC86A mov dptr,#0x08eb ; 0xC86D movx a,@dptr ; 0xC86E orl a,#0x80 ; 0xC870 movx @dptr,a ; 0xC871 mov dptr,#0x09cf ; 0xC874 mov a,#0x0a ; 0xC876 movx @dptr,a ; 0xC877 ret"
0x08EB,callee,0xC860,,,,,0xC48F,bank0,5,0x160A r+w,,,,0,,ret,resolved,"0xC48F mov dptr,#0x160a ; 0xC492 movx a,@dptr ; 0xC493 anl a,#0xfe ; 0xC495 movx @dptr,a ; 0xC496 ret"
0x08EB,arm,0xCD34,0xCD38,"jnb  acc.2,0xcd5c -- ? (bit 2)",taken,0xCD5C,,bank0,22,0x077E r+w ; 0x077F r+w,,,0xD73D ; 0x5597 ; 0xD6F4 ; 0x0EA2 ; 0xD065,0,,tail jump to a callee; ret; loop back to 0xCD85; loop back to 0xCD83,complete,"0xCD5C mov dptr,#0x077e ; 0xCD5F movx a,@dptr ; 0xCD60 xrl a,#0xa5 ; 0xCD62 jnz 0xcd85 ; 0xCD64 inc dptr ; 0xCD65 movx a,@dptr ; 0xCD66 cjne a,#0x78,0xcd85 ; 0xCD69 clr a ; 0xCD6A mov dptr,#0x077e ; 0xCD6D movx @dptr,a ; 0xCD6E inc dptr ; 0xCD6F movx @dptr,a ; 0xCD70 lcall 0xd73d ; 0xCD73 clr a ; 0xCD74 mov r7,a ; 0xCD75 lcall 0x5597 ; 0xCD78 lcall 0xd6f4 ; 0xCD7B mov r7,#0x0a ; 0xCD7D lcall 0x0ea2 ; 0xCD80 lcall 0xd065 ; 0xCD83 sjmp 0xcd83 | 0xCD85 ret"
0x08EB,arm,0xCD34,0xCD38,"jnb  acc.2,0xcd5c -- ? (bit 2)",fall-through,0xCD3B,,bank0,17,0x07FD write ; 0x07FE write ; 0x07FF write ; 0x08EB r+w ; 0x1063 write,,,0xD065,0,,tail jump to a callee; loop back to 0xCD5A,complete,"0xCD3B movx a,@dptr ; 0xCD3C anl a,#0xfb ; 0xCD3E movx @dptr,a ; 0xCD3F mov dptr,#0x1063 ; 0xCD42 mov a,#0x18 ; 0xCD44 movx @dptr,a ; 0xCD45 lcall 0xd065 ; 0xCD48 mov dptr,#0x07fe ; 0xCD4B mov a,#0x55 ; 0xCD4D movx @dptr,a ; 0xCD4E mov dptr,#0x07ff ; 0xCD51 mov a,#0xaa ; 0xCD53 movx @dptr,a ; 0xCD54 mov dptr,#0x07fd ; 0xCD57 mov a,#0x5a ; 0xCD59 movx @dptr,a ; 0xCD5A sjmp 0xcd5a"
0x08EB,callee,0xCD34,,,,,0xD73D,bank0,12,,,,,2,DPTR inherited from the caller,ret; loop back to 0xD73F,partial: DPTR inherited from the caller,"0xD73D clr a ; 0xD73E mov r7,a ; 0xD73F lcall 0xd872 ; 0xD742 movx a,@dptr ; 0xD743 mov r6,a ; 0xD744 lcall 0xd894 ; 0xD747 mov a,r6 ; 0xD748 movx @dptr,a ; 0xD749 inc r7 ; 0xD74A mov a,r7 ; 0xD74B cjne a,#0x0e,0xd73f ; 0xD74E ret"
0x08EB,callee,0xCD34,,,,,0x5597,bank0,10,0x009F write,,,,0,,ret,resolved,"0x5597 mov a,r7 ; 0x5598 jnz 0x55a1 ; 0x559A mov dptr,#0x009f ; 0x559D mov a,#0x4f ; 0x559F movx @dptr,a ; 0x55A0 ret | 0x55A1 mov dptr,#0x009f ; 0x55A4 mov a,#0x0f ; 0x55A6 movx @dptr,a ; 0x55A7 ret"
0x08EB,callee,0xCD34,,,,,0xD6F4,bank0,19,0x0A59 write,,,,0,,tail jump to a callee,resolved,"0xD6F4 lcall 0x5349 ; 0xD6F7 lcall 0x549b ; 0xD6FA clr a ; 0xD6FB mov r7,a ; 0xD6FC lcall 0x530e ; 0xD6FF lcall 0x549b ; 0xD702 clr a ; 0xD703 mov dptr,#0x0a59 ; 0xD706 movx @dptr,a ; 0xD707 mov r3,#0xf0 ; 0xD709 mov r5,#0x01 ; 0xD70B mov r7,#0xd7 ; 0xD70D lcall 0x537f ; 0xD710 lcall 0x54c2 ; 0xD713 lcall 0x549b ; 0xD716 mov dptr,#0x0a5a ; 0xD719 lcall 0xd889 ; 0xD71C lcall 0x53af ; 0xD71F ljmp 0x54c2"
0x08EB,callee,0xCD34,,,,,0x0EA2,bank0,21,0x0A56 r+w,,,,0,,tail jump to a callee; ret; loop back to 0x0EB7; loop back to 0x0EAE,resolved,"0x0EA2 mov dptr,#0x0a56 ; 0x0EA5 mov a,r7 ; 0x0EA6 movx @dptr,a ; 0x0EA7 clr 0x8e ; 0x0EA9 clr 0xab ; 0x0EAB lcall 0x05e8 ; 0x0EAE mov dptr,#0x0a56 ; 0x0EB1 movx a,@dptr ; 0x0EB2 jz 0x0ec6 ; 0x0EB4 lcall 0x0ee8 ; 0x0EB7 jnb tcon.7,0x0eb7 ; 0x0EBA clr 0x8e ; 0x0EBC clr 0x8f ; 0x0EBE mov dptr,#0x0a56 ; 0x0EC1 movx a,@dptr ; 0x0EC2 dec a ; 0x0EC3 movx @dptr,a ; 0x0EC4 sjmp 0x0eae | 0x0EC6 lcall 0x05ef ; 0x0EC9 setb ie.3 ; 0x0ECB ret"
0x08EB,callee,0xCD34,,,,,0xD065,bank0,10,0x1F01 write ; 0x1F06 write ; 0x1F07 write,,,,0,,ret,resolved,"0xD065 mov dptr,#0x1f01 ; 0xD068 mov a,#0x20 ; 0xD06A movx @dptr,a ; 0xD06B mov dptr,#0x1f06 ; 0xD06E mov a,#0x01 ; 0xD070 movx @dptr,a ; 0xD071 mov dptr,#0x1f07 ; 0xD074 mov a,#0x5a ; 0xD076 movx @dptr,a ; 0xD077 ret"
0x08EB,arm,0xA916,0xA91C,"anl a,#0x10 ; jz   0xa921",taken,0xA921,,bank1,77,0x0440 read ; 0x0442 read ; 0x0456 read ; 0x0626 read ; 0x078B read ; 0x0804 r+w ; 0x0805 read ; 0x0808 read ; 0x080C read ; 0x080D read ; 0x080E read ; 0x08A1 read ; 0x08A2 read ; 0x08AC read ; 0x08BA read,,,0xA9B3 ; 0xA9B3 ; 0x88A4 ; 0x88A4 ; 0x88A4 ; 0x88A4 ; 0x88A4 ; 0x88A4 ; 0x88A4 ; 0x88A4 ; 0x88A4 ; 0x88F0,0,,tail jump to a callee; ret; loop back to 0xA947; loop back to 0xA997; loop back to 0xA9B3,complete,"0xA921 mov dptr,#0x0440 ; 0xA924 movx a,@dptr ; 0xA925 jnz 0xa92a ; 0xA927 ljmp 0xa9b3 | 0xA92A mov dptr,#0x080d ; 0xA92D movx a,@dptr ; 0xA92E jz 0xa933 ; 0xA930 ljmp 0xa9b3 | 0xA933 mov dptr,#0x0442 ; 0xA936 movx a,@dptr ; 0xA937 anl a,#0x10 ; 0xA939 jnz 0xa9b3 ; 0xA93B mov dptr,#0x078b ; 0xA93E movx a,@dptr ; 0xA93F dec a ; 0xA940 mov r1,a ; 0xA941 subb a,#0x05 ; 0xA943 jc 0xa947 ; 0xA945 clr a ; 0xA946 mov r1,a ; 0xA947 mov dptr,#0x080e ; 0xA94A movx a,@dptr ; 0xA94B mov r0,a ; 0xA94C lcall 0x88a4 ; 0xA94F mov dptr,#0x080c ; 0xA952 movx a,@dptr ; 0xA953 mov r0,a ; 0xA954 lcall 0x88a4 ; 0xA957 mov dptr,#0x0808 ; 0xA95A movx a,@dptr ; 0xA95B mov r0,a ; 0xA95C lcall 0x88a4 ; 0xA95F mov dptr,#0x0805 ; 0xA962 movx a,@dptr ; 0xA963 mov r0,a ; 0xA964 lcall 0x88a4 ; 0xA967 mov dptr,#0x0626 ; 0xA96A movx a,@dptr ; 0xA96B mov r0,a ; 0xA96C lcall 0x88a4 ; 0xA96F mov dptr,#0x08ac ; 0xA972 movx a,@dptr ; 0xA973 mov r0,a ; 0xA974 lcall 0x88a4 ; 0xA977 mov dptr,#0x08ba ; 0xA97A movx a,@dptr ; 0xA97B mov r0,a ; 0xA97C lcall 0x88a4 ; 0xA97F mov dptr,#0x08a1 ; 0xA982 movx a,@dptr ; 0xA983 mov r0,a ; 0xA984 lcall 0x88a4 ; 0xA987 mov dptr,#0x08a2 ; 0xA98A movx a,@dptr ; 0xA98B mov r0,a ; 0xA98C lcall 0x88a4 ; 0xA98F mov a,r1 ; 0xA990 clr c ; 0xA991 subb a,#0x05 ; 0xA993 jc 0xa997 ; 0xA995 mov r1,#0x04 ; 0xA997 mov dptr,#0x0804 ; 0xA99A movx a,@dptr ; 0xA99B cjne a,0x01,0xa9a0 ; 0xA99E sjmp 0xa9b3 | 0xA9B3 ret | 0xA9A0 mov a,r1 ; 0xA9A1 mov dptr,#0x0804 ; 0xA9A4 movx @dptr,a ; 0xA9A5 add a,#0xd1 ; 0xA9A7 mov r5,a ; 0xA9A8 mov dptr,#0x0456 ; 0xA9AB movx a,@dptr ; 0xA9AC anl a,#0x80 ; 0xA9AE jz 0xa9b3 ; 0xA9B0 lcall 0x88f0 ; 0xA9B3 ret"
0x08EB,arm,0xA916,0xA91C,"anl a,#0x10 ; jz   0xa921",fall-through,0xA91E,,bank1,1,,,,0xA9B3,0,,tail jump to a callee,complete,0xA91E ljmp 0xa9b3
0x08EB,callee,0xA916,,,,,0xA9B3,bank1,1,,,,,0,,ret,resolved,0xA9B3 ret
0x08EB,callee,0xA916,,,,,0x88A4,bank1,6,,,,,0,,ret; loop back to 0x88AB,resolved,"0x88A4 mov a,r1 ; 0x88A5 clr c ; 0x88A6 subb a,r0 ; 0x88A7 jnc 0x88ab ; 0x88A9 mov 0x01,r0 ; 0x88AB ret"
0x08EB,callee,0xA916,,,,,0x88F0,bank1,19,0x0440 read ; 0x06E6 read ; 0x070F r+w,,,,1,DPTR built at run time (a store to DPL/DPH),DPTR built at run time (a store to DPL/DPH); ret; loop back to 0x8914,partial: DPTR built at run time (a store to DPL/DPH),"0x88F0 mov dptr,#0x0440 ; 0x88F3 movx a,@dptr ; 0x88F4 jz 0x8914 ; 0x88F6 mov dptr,#0x06e6 ; 0x88F9 movx a,@dptr ; 0x88FA cjne a,#0x01,0x8914 ; 0x88FD mov dptr,#0x070f ; 0x8900 movx a,@dptr ; 0x8901 inc a ; 0x8902 anl a,#0x0f ; 0x8904 mov dptr,#0x070f ; 0x8907 movx @dptr,a ; 0x8908 mov dptr,#0x0710 ; 0x890B add a,0x82 ; 0x890D mov 0x82,a ; 0x890F mov a,r5 ; 0x8910 movx @dptr,a ; 0x8911 lcall 0x19ea ; 0x8914 ret"
0x1102,arm,0x3A70,0x3A74,"jb   acc.2,0x3acb -- ? (bit 2)",taken,0x3ACB,,common,1,,,,,0,,ret,complete,0x3ACB ret
0x1102,arm,0x3A70,0x3A74,"jb   acc.2,0x3acb -- ? (bit 2)",fall-through,0x3A77,,common,8,0x1702 read,,,0x012F,0,,tail jump to a callee; ret; loop back to 0x3ACB,complete,"0x3A77 mov dptr,#0x1702 ; 0x3A7A movx a,@dptr ; 0x3A7B xrl a,#0x17 ; 0x3A7D jnz 0x3acb ; 0x3A7F lcall 0x012f ; 0x3A82 mov r7,#0x01 ; 0x3A84 sjmp 0x3acb | 0x3ACB ret"
0x1102,callee,0x3A70,,,,,0x012F,common,44,0x0043 write ; 0x1102 write ; 0x1106 r+w ; 0x1700 write ; 0x170A read ; 0x170E read ; 0x200B write,,,,0,,tail jump to a callee; loop back to 0x0162; loop back to 0x014B; loop back to 0x0189,resolved,"0x012F mov dptr,#0x170a ; 0x0132 movx a,@dptr ; 0x0133 jnb acc.3,0x0172 ; 0x0136 mov dptr,#0x1106 ; 0x0139 movx a,@dptr ; 0x013A anl a,#0xfb ; 0x013C movx @dptr,a ; 0x013D mov dptr,#0x1102 ; 0x0140 mov a,#0x04 ; 0x0142 movx @dptr,a ; 0x0143 jnb 0x2c.0,0x015f ; 0x0146 clr a ; 0x0147 mov dptr,#0x0043 ; 0x014A movx @dptr,a ; 0x014B mov dptr,#0x170a ; 0x014E movx a,@dptr ; 0x014F jb acc.0,0x0162 ; 0x0152 clr a ; 0x0153 mov dptr,#0x200b ; 0x0156 movx @dptr,a ; 0x0157 lcall 0x07f0 ; 0x015A cjne a,#0x05,0x014b ; 0x015D sjmp 0x0162 | 0x0172 mov dptr,#0x1700 ; 0x0175 mov a,#0x11 ; 0x0177 movx @dptr,a ; 0x0178 mov dptr,#0x1701 ; 0x017B lcall 0x07d6 ; 0x017E mov r0,#0xaa ; 0x0180 mov @r0,#0x02 ; 0x0182 mov dptr,#0x1106 ; 0x0185 movx a,@dptr ; 0x0186 orl a,#0x04 ; 0x0188 movx @dptr,a ; 0x0189 ljmp 0x11b6 | 0x015F lcall 0x07b6 ; 0x0162 mov r0,#0x84 ; 0x0164 mov @r0,#0x02 ; 0x0166 lcall 0x07e7 ; 0x0169 mov dptr,#0x170e ; 0x016C movx a,@dptr ; 0x016D mov r0,#0x99 ; 0x016F mov @r0,a ; 0x0170 sjmp 0x0189"
0x1102,arm,0x3A94,0x3A98,"jb   acc.3,0x3acb -- ? (bit 3)",taken,0x3ACB,,common,1,,,,,0,,ret,complete,0x3ACB ret
0x1102,arm,0x3A94,0x3A98,"jb   acc.3,0x3acb -- ? (bit 3)",fall-through,0x3A9B,,common,8,0x1701 read,,,0x018C,0,,tail jump to a callee; ret; loop back to 0x3ACB,complete,"0x3A9B mov dptr,#0x1701 ; 0x3A9E movx a,@dptr ; 0x3A9F xrl a,#0x17 ; 0x3AA1 jnz 0x3acb ; 0x3AA3 lcall 0x018c ; 0x3AA6 mov r7,#0x01 ; 0x3AA8 sjmp 0x3acb | 0x3ACB ret"
0x1102,callee,0x3A94,,,,,0x018C,common,41,0x0043 write ; 0x1102 write ; 0x1106 r+w ; 0x1709 read ; 0x170D read ; 0x200B write,,,,0,,tail jump to a callee; loop back to 0x01BF; loop back to 0x01A8; loop back to 0x01E0,resolved,"0x018C mov dptr,#0x1709 ; 0x018F movx a,@dptr ; 0x0190 jnb acc.3,0x01cf ; 0x0193 mov dptr,#0x1106 ; 0x0196 movx a,@dptr ; 0x0197 anl a,#0xf7 ; 0x0199 movx @dptr,a ; 0x019A mov dptr,#0x1102 ; 0x019D mov a,#0x08 ; 0x019F movx @dptr,a ; 0x01A0 jnb 0x2c.0,0x01bc ; 0x01A3 clr a ; 0x01A4 mov dptr,#0x0043 ; 0x01A7 movx @dptr,a ; 0x01A8 mov dptr,#0x1709 ; 0x01AB movx a,@dptr ; 0x01AC jb acc.0,0x01bf ; 0x01AF clr a ; 0x01B0 mov dptr,#0x200b ; 0x01B3 movx @dptr,a ; 0x01B4 lcall 0x07f0 ; 0x01B7 cjne a,#0x05,0x01a8 ; 0x01BA sjmp 0x01bf | 0x01CF mov dptr,#0x1700 ; 0x01D2 lcall 0x07d0 ; 0x01D5 mov r0,#0xaa ; 0x01D7 mov @r0,#0x01 ; 0x01D9 mov dptr,#0x1106 ; 0x01DC movx a,@dptr ; 0x01DD orl a,#0x08 ; 0x01DF movx @dptr,a ; 0x01E0 ljmp 0x11bc | 0x01BC lcall 0x07b6 ; 0x01BF mov r0,#0x84 ; 0x01C1 mov @r0,#0x01 ; 0x01C3 lcall 0x07e7 ; 0x01C6 mov dptr,#0x170d ; 0x01C9 movx a,@dptr ; 0x01CA mov r0,#0x98 ; 0x01CC mov @r0,a ; 0x01CD sjmp 0x01e0"
0x1102,arm,0x3AB8,0x3ABC,"jb   acc.4,0x3acb -- TURBO (bit 4)",taken,0x3ACB,,common,1,,,,,0,,ret,complete,0x3ACB ret
0x1102,arm,0x3AB8,0x3ABC,"jb   acc.4,0x3acb -- TURBO (bit 4)",fall-through,0x3ABF,,common,6,0x1700 read,,,0x029B,0,,ret; loop back to 0x3ACB,complete,"0x3ABF mov dptr,#0x1700 ; 0x3AC2 movx a,@dptr ; 0x3AC3 cjne a,#0x17,0x3acb ; 0x3AC6 lcall 0x029b ; 0x3AC9 mov r7,#0x01 ; 0x3ACB ret"
0x1102,callee,0x3AB8,,,,,0x029B,common,52,0x0043 write ; 0x1102 write ; 0x1106 r+w ; 0x1708 read ; 0x170C read ; 0x200B write,,,,0,,tail jump to a callee; loop back to 0x02D6; loop back to 0x02B7; loop back to 0x02FA,resolved,"0x029B mov dptr,#0x1708 ; 0x029E movx a,@dptr ; 0x029F jnb acc.3,0x02e9 ; 0x02A2 mov dptr,#0x1106 ; 0x02A5 movx a,@dptr ; 0x02A6 anl a,#0xef ; 0x02A8 movx @dptr,a ; 0x02A9 mov dptr,#0x1102 ; 0x02AC mov a,#0x10 ; 0x02AE movx @dptr,a ; 0x02AF jnb 0x2c.0,0x02cb ; 0x02B2 clr a ; 0x02B3 mov dptr,#0x0043 ; 0x02B6 movx @dptr,a ; 0x02B7 mov dptr,#0x1708 ; 0x02BA movx a,@dptr ; 0x02BB jb acc.0,0x02d6 ; 0x02BE clr a ; 0x02BF mov dptr,#0x200b ; 0x02C2 movx @dptr,a ; 0x02C3 lcall 0x07f0 ; 0x02C6 cjne a,#0x05,0x02b7 ; 0x02C9 sjmp 0x02d6 | 0x02E9 mov dptr,#0x1701 ; 0x02EC lcall 0x07d0 ; 0x02EF clr a ; 0x02F0 mov r0,#0xaa ; 0x02F2 mov @r0,a ; 0x02F3 mov dptr,#0x1106 ; 0x02F6 movx a,@dptr ; 0x02F7 orl a,#0x10 ; 0x02F9 movx @dptr,a ; 0x02FA ljmp 0x11c2 | 0x02CB clr a ; 0x02CC mov dptr,#0x200b ; 0x02CF movx @dptr,a ; 0x02D0 movx @dptr,a ; 0x02D1 movx @dptr,a ; 0x02D2 movx @dptr,a ; 0x02D3 movx @dptr,a ; 0x02D4 movx @dptr,a ; 0x02D5 movx @dptr,a ; 0x02D6 lcall 0x07c1 ; 0x02D9 clr a ; 0x02DA mov r0,#0x84 ; 0x02DC mov @r0,a ; 0x02DD lcall 0x07e7 ; 0x02E0 mov dptr,#0x170c ; 0x02E3 movx a,@dptr ; 0x02E4 mov r0,#0x97 ; 0x02E6 mov @r0,a ; 0x02E7 sjmp 0x02fa"
0x1106,arm,0x3A69,0x3A6D,"jnb  acc.2,0x3acb -- ? (bit 2)",taken,0x3ACB,,common,1,,,,,0,,ret,complete,0x3ACB ret
0x1106,arm,0x3A69,0x3A6D,"jnb  acc.2,0x3acb -- ? (bit 2)",fall-through,0x3A70,,common,11,0x1102 read ; 0x1702 read,,,0x012F,0,,tail jump to a callee; ret; loop back to 0x3ACB,complete,"0x3A70 mov dptr,#0x1102 ; 0x3A73 movx a,@dptr ; 0x3A74 jb acc.2,0x3acb ; 0x3A77 mov dptr,#0x1702 ; 0x3A7A movx a,@dptr ; 0x3A7B xrl a,#0x17 ; 0x3A7D jnz 0x3acb ; 0x3A7F lcall 0x012f ; 0x3A82 mov r7,#0x01 ; 0x3A84 sjmp 0x3acb | 0x3ACB ret"
0x1106,callee,0x3A69,,,,,0x012F,common,44,0x0043 write ; 0x1102 write ; 0x1106 r+w ; 0x1700 write ; 0x170A read ; 0x170E read ; 0x200B write,,,,0,,tail jump to a callee; loop back to 0x0162; loop back to 0x014B; loop back to 0x0189,resolved,"0x012F mov dptr,#0x170a ; 0x0132 movx a,@dptr ; 0x0133 jnb acc.3,0x0172 ; 0x0136 mov dptr,#0x1106 ; 0x0139 movx a,@dptr ; 0x013A anl a,#0xfb ; 0x013C movx @dptr,a ; 0x013D mov dptr,#0x1102 ; 0x0140 mov a,#0x04 ; 0x0142 movx @dptr,a ; 0x0143 jnb 0x2c.0,0x015f ; 0x0146 clr a ; 0x0147 mov dptr,#0x0043 ; 0x014A movx @dptr,a ; 0x014B mov dptr,#0x170a ; 0x014E movx a,@dptr ; 0x014F jb acc.0,0x0162 ; 0x0152 clr a ; 0x0153 mov dptr,#0x200b ; 0x0156 movx @dptr,a ; 0x0157 lcall 0x07f0 ; 0x015A cjne a,#0x05,0x014b ; 0x015D sjmp 0x0162 | 0x0172 mov dptr,#0x1700 ; 0x0175 mov a,#0x11 ; 0x0177 movx @dptr,a ; 0x0178 mov dptr,#0x1701 ; 0x017B lcall 0x07d6 ; 0x017E mov r0,#0xaa ; 0x0180 mov @r0,#0x02 ; 0x0182 mov dptr,#0x1106 ; 0x0185 movx a,@dptr ; 0x0186 orl a,#0x04 ; 0x0188 movx @dptr,a ; 0x0189 ljmp 0x11b6 | 0x015F lcall 0x07b6 ; 0x0162 mov r0,#0x84 ; 0x0164 mov @r0,#0x02 ; 0x0166 lcall 0x07e7 ; 0x0169 mov dptr,#0x170e ; 0x016C movx a,@dptr ; 0x016D mov r0,#0x99 ; 0x016F mov @r0,a ; 0x0170 sjmp 0x0189"
0x1106,arm,0x3A8D,0x3A91,"jnb  acc.3,0x3acb -- ? (bit 3)",taken,0x3ACB,,common,1,,,,,0,,ret,complete,0x3ACB ret
0x1106,arm,0x3A8D,0x3A91,"jnb  acc.3,0x3acb -- ? (bit 3)",fall-through,0x3A94,,common,11,0x1102 read ; 0x1701 read,,,0x018C,0,,tail jump to a callee; ret; loop back to 0x3ACB,complete,"0x3A94 mov dptr,#0x1102 ; 0x3A97 movx a,@dptr ; 0x3A98 jb acc.3,0x3acb ; 0x3A9B mov dptr,#0x1701 ; 0x3A9E movx a,@dptr ; 0x3A9F xrl a,#0x17 ; 0x3AA1 jnz 0x3acb ; 0x3AA3 lcall 0x018c ; 0x3AA6 mov r7,#0x01 ; 0x3AA8 sjmp 0x3acb | 0x3ACB ret"
0x1106,callee,0x3A8D,,,,,0x018C,common,41,0x0043 write ; 0x1102 write ; 0x1106 r+w ; 0x1709 read ; 0x170D read ; 0x200B write,,,,0,,tail jump to a callee; loop back to 0x01BF; loop back to 0x01A8; loop back to 0x01E0,resolved,"0x018C mov dptr,#0x1709 ; 0x018F movx a,@dptr ; 0x0190 jnb acc.3,0x01cf ; 0x0193 mov dptr,#0x1106 ; 0x0196 movx a,@dptr ; 0x0197 anl a,#0xf7 ; 0x0199 movx @dptr,a ; 0x019A mov dptr,#0x1102 ; 0x019D mov a,#0x08 ; 0x019F movx @dptr,a ; 0x01A0 jnb 0x2c.0,0x01bc ; 0x01A3 clr a ; 0x01A4 mov dptr,#0x0043 ; 0x01A7 movx @dptr,a ; 0x01A8 mov dptr,#0x1709 ; 0x01AB movx a,@dptr ; 0x01AC jb acc.0,0x01bf ; 0x01AF clr a ; 0x01B0 mov dptr,#0x200b ; 0x01B3 movx @dptr,a ; 0x01B4 lcall 0x07f0 ; 0x01B7 cjne a,#0x05,0x01a8 ; 0x01BA sjmp 0x01bf | 0x01CF mov dptr,#0x1700 ; 0x01D2 lcall 0x07d0 ; 0x01D5 mov r0,#0xaa ; 0x01D7 mov @r0,#0x01 ; 0x01D9 mov dptr,#0x1106 ; 0x01DC movx a,@dptr ; 0x01DD orl a,#0x08 ; 0x01DF movx @dptr,a ; 0x01E0 ljmp 0x11bc | 0x01BC lcall 0x07b6 ; 0x01BF mov r0,#0x84 ; 0x01C1 mov @r0,#0x01 ; 0x01C3 lcall 0x07e7 ; 0x01C6 mov dptr,#0x170d ; 0x01C9 movx a,@dptr ; 0x01CA mov r0,#0x98 ; 0x01CC mov @r0,a ; 0x01CD sjmp 0x01e0"
0x1106,arm,0x3AB1,0x3AB5,"jnb  acc.4,0x3acb -- TURBO (bit 4)",taken,0x3ACB,,common,1,,,,,0,,ret,complete,0x3ACB ret
0x1106,arm,0x3AB1,0x3AB5,"jnb  acc.4,0x3acb -- TURBO (bit 4)",fall-through,0x3AB8,,common,9,0x1102 read ; 0x1700 read,,,0x029B,0,,ret; loop back to 0x3ACB,complete,"0x3AB8 mov dptr,#0x1102 ; 0x3ABB movx a,@dptr ; 0x3ABC jb acc.4,0x3acb ; 0x3ABF mov dptr,#0x1700 ; 0x3AC2 movx a,@dptr ; 0x3AC3 cjne a,#0x17,0x3acb ; 0x3AC6 lcall 0x029b ; 0x3AC9 mov r7,#0x01 ; 0x3ACB ret"
0x1106,callee,0x3AB1,,,,,0x029B,common,52,0x0043 write ; 0x1102 write ; 0x1106 r+w ; 0x1708 read ; 0x170C read ; 0x200B write,,,,0,,tail jump to a callee; loop back to 0x02D6; loop back to 0x02B7; loop back to 0x02FA,resolved,"0x029B mov dptr,#0x1708 ; 0x029E movx a,@dptr ; 0x029F jnb acc.3,0x02e9 ; 0x02A2 mov dptr,#0x1106 ; 0x02A5 movx a,@dptr ; 0x02A6 anl a,#0xef ; 0x02A8 movx @dptr,a ; 0x02A9 mov dptr,#0x1102 ; 0x02AC mov a,#0x10 ; 0x02AE movx @dptr,a ; 0x02AF jnb 0x2c.0,0x02cb ; 0x02B2 clr a ; 0x02B3 mov dptr,#0x0043 ; 0x02B6 movx @dptr,a ; 0x02B7 mov dptr,#0x1708 ; 0x02BA movx a,@dptr ; 0x02BB jb acc.0,0x02d6 ; 0x02BE clr a ; 0x02BF mov dptr,#0x200b ; 0x02C2 movx @dptr,a ; 0x02C3 lcall 0x07f0 ; 0x02C6 cjne a,#0x05,0x02b7 ; 0x02C9 sjmp 0x02d6 | 0x02E9 mov dptr,#0x1701 ; 0x02EC lcall 0x07d0 ; 0x02EF clr a ; 0x02F0 mov r0,#0xaa ; 0x02F2 mov @r0,a ; 0x02F3 mov dptr,#0x1106 ; 0x02F6 movx a,@dptr ; 0x02F7 orl a,#0x10 ; 0x02F9 movx @dptr,a ; 0x02FA ljmp 0x11c2 | 0x02CB clr a ; 0x02CC mov dptr,#0x200b ; 0x02CF movx @dptr,a ; 0x02D0 movx @dptr,a ; 0x02D1 movx @dptr,a ; 0x02D2 movx @dptr,a ; 0x02D3 movx @dptr,a ; 0x02D4 movx @dptr,a ; 0x02D5 movx @dptr,a ; 0x02D6 lcall 0x07c1 ; 0x02D9 clr a ; 0x02DA mov r0,#0x84 ; 0x02DC mov @r0,a ; 0x02DD lcall 0x07e7 ; 0x02E0 mov dptr,#0x170c ; 0x02E3 movx a,@dptr ; 0x02E4 mov r0,#0x97 ; 0x02E6 mov @r0,a ; 0x02E7 sjmp 0x02fa"
