addr,boot_verdict,boot_value,direct_sites,regions
0x0000,cleared,0x00,4,bank1=2 common=1 pd-image=1
0x0001,cleared,0x00,7,pd-image=7
0x0002,cleared,0x00,7,pd-image=7
0x0003,cleared,0x00,21,pd-image=21
0x0004,written-unknown,unknown,16,common=1 pd-image=15
0x0005,cleared,0x00,20,pd-image=20
0x0006,cleared,0x00,9,pd-image=9
0x0007,cleared,0x00,12,pd-image=12
0x0008,cleared,0x00,7,pd-image=7
0x0009,cleared,0x00,3,pd-image=3
0x000A,cleared,0x00,5,pd-image=5
0x000B,cleared,0x00,6,pd-image=6
0x000C,cleared,0x00,5,pd-image=5
0x000D,cleared,0x00,3,pd-image=3
0x000E,cleared,0x00,3,pd-image=3
0x000F,cleared,0x00,4,pd-image=4
0x0010,cleared,0x00,3,pd-image=3
0x0011,cleared,0x00,2,pd-image=2
0x0012,cleared,0x00,1,pd-image=1
0x0013,cleared,0x00,1,pd-image=1
0x0014,cleared,0x00,1,pd-image=1
0x0015,cleared,0x00,1,pd-image=1
0x0016,cleared,0x00,1,pd-image=1
0x0017,cleared,0x00,1,pd-image=1
0x0018,cleared,0x00,3,common=1 pd-image=2
0x0019,cleared,0x00,4,common=4
0x001A,cleared,0x00,6,common=3 pd-image=3
0x001B,cleared,0x00,5,common=3 pd-image=2
0x001C,cleared,0x00,3,common=3
0x001D,cleared,0x00,2,pd-image=2
0x001E,cleared,0x00,0,
0x001F,cleared,0x00,8,pd-image=8
0x0020,cleared,0x00,0,
0x0021,cleared,0x00,4,pd-image=4
0x0022,cleared,0x00,7,pd-image=7
0x0023,cleared,0x00,7,common=3 pd-image=4
0x0024,cleared,0x00,4,common=3 pd-image=1
0x0025,cleared,0x00,3,common=3
0x0026,cleared,0x00,6,common=6
0x0027,cleared,0x00,6,bank0=5 common=1
0x0028,cleared,0x00,1,pd-image=1
0x0029,cleared,0x00,0,
0x002A,cleared,0x00,0,
0x002B,cleared,0x00,0,
0x002C,cleared,0x00,0,
0x002D,cleared,0x00,0,
0x002E,cleared,0x00,0,
0x002F,cleared,0x00,0,
0x0030,cleared,0x00,0,
0x0031,cleared,0x00,0,
0x0032,cleared,0x00,0,
0x0033,cleared,0x00,0,
0x0034,cleared,0x00,0,
0x0035,cleared,0x00,0,
0x0036,cleared,0x00,0,
0x0037,cleared,0x00,0,
0x0038,cleared,0x00,0,
0x0039,cleared,0x00,0,
0x003A,cleared,0x00,0,
0x003B,cleared,0x00,0,
0x003C,cleared,0x00,0,
0x003D,cleared,0x00,0,
0x003E,cleared,0x00,0,
0x003F,cleared,0x00,0,
0x0040,cleared,0x00,0,
0x0041,cleared,0x00,0,
0x0042,cleared,0x00,0,
0x0043,cleared,0x00,4,common=4
0x0044,cleared,0x00,0,
0x0045,cleared,0x00,7,bank0=5 bank1=1 common=1
0x0046,cleared,0x00,8,bank0=8
0x0047,cleared,0x00,0,
0x0048,cleared,0x00,0,
0x0049,cleared,0x00,0,
0x004A,cleared,0x00,0,
0x004B,cleared,0x00,7,common=7
0x004C,cleared,0x00,4,common=4
0x004D,cleared,0x00,2,common=2
0x004E,cleared,0x00,0,
0x004F,cleared,0x00,0,
0x0050,cleared,0x00,0,
0x0051,cleared,0x00,0,
0x0052,cleared,0x00,0,
0x0053,cleared,0x00,0,
0x0054,cleared,0x00,0,
0x0055,cleared,0x00,0,
0x0056,cleared,0x00,0,
0x0057,cleared,0x00,0,
0x0058,cleared,0x00,0,
0x0059,cleared,0x00,0,
0x005A,cleared,0x00,0,
0x005B,cleared,0x00,0,
0x005C,cleared,0x00,0,
0x005D,cleared,0x00,0,
0x005E,cleared,0x00,0,
0x005F,cleared,0x00,0,
0x0060,cleared,0x00,0,
0x0061,cleared,0x00,0,
0x0062,cleared,0x00,0,
0x0063,cleared,0x00,0,
0x0064,cleared,0x00,0,
0x0065,cleared,0x00,0,
0x0066,cleared,0x00,0,
0x0067,cleared,0x00,0,
0x0068,cleared,0x00,0,
0x0069,cleared,0x00,0,
0x006A,cleared,0x00,0,
0x006B,cleared,0x00,0,
0x006C,cleared,0x00,0,
0x006D,cleared,0x00,0,
0x006E,cleared,0x00,0,
0x006F,cleared,0x00,0,
0x0070,cleared,0x00,0,
0x0071,cleared,0x00,0,
0x0072,cleared,0x00,0,
0x0073,cleared,0x00,0,
0x0074,cleared,0x00,0,
0x0075,cleared,0x00,0,
0x0076,cleared,0x00,0,
0x0077,cleared,0x00,0,
0x0078,cleared,0x00,0,
0x0079,cleared,0x00,0,
0x007A,cleared,0x00,0,
0x007B,cleared,0x00,0,
0x007C,cleared,0x00,0,
0x007D,cleared,0x00,0,
0x007E,cleared,0x00,3,common=3
0x007F,cleared,0x00,0,
0x0080,cleared,0x00,26,common=26
0x0081,cleared,0x00,5,bank0=1 common=4
0x0082,cleared,0x00,0,
0x0083,cleared,0x00,16,bank0=16
0x0084,cleared,0x00,4,bank0=4
0x0085,cleared,0x00,0,
0x0086,cleared,0x00,0,
0x0087,cleared,0x00,0,
0x0088,cleared,0x00,0,
0x0089,cleared,0x00,0,
0x008A,cleared,0x00,0,
0x008B,cleared,0x00,0,
0x008C,cleared,0x00,0,
0x008D,cleared,0x00,2,bank1=1 common=1
0x008E,cleared,0x00,1,common=1
0x008F,cleared,0x00,1,common=1
0x0090,cleared,0x00,2,common=2
0x0091,cleared,0x00,0,
0x0092,cleared,0x00,0,
0x0093,cleared,0x00,0,
0x0094,cleared,0x00,9,common=9
0x0095,cleared,0x00,6,common=6
0x0096,cleared,0x00,9,common=9
0x0097,cleared,0x00,2,common=2
0x0098,cleared,0x00,2,common=2
0x0099,cleared,0x00,1,common=1
0x009A,cleared,0x00,2,common=2
0x009B,cleared,0x00,8,common=8
0x009C,cleared,0x00,4,common=4
0x009D,cleared,0x00,7,common=7
0x009E,cleared,0x00,1,common=1
0x009F,cleared,0x00,18,bank0=2 common=16
0x00A0,cleared,0x00,4,pd-image=4
0x00A1,cleared,0x00,3,pd-image=3
0x00A2,cleared,0x00,1,pd-image=1
0x00A3,cleared,0x00,1,pd-image=1
0x00A4,cleared,0x00,0,
0x00A5,cleared,0x00,0,
0x00A6,cleared,0x00,0,
0x00A7,cleared,0x00,0,
0x00A8,cleared,0x00,0,
0x00A9,cleared,0x00,0,
0x00AA,cleared,0x00,0,
0x00AB,cleared,0x00,0,
0x00AC,cleared,0x00,0,
0x00AD,cleared,0x00,0,
0x00AE,cleared,0x00,1,common=1
0x00AF,cleared,0x00,0,
0x00B0,cleared,0x00,0,
0x00B1,cleared,0x00,0,
0x00B2,cleared,0x00,0,
0x00B3,cleared,0x00,0,
0x00B4,cleared,0x00,0,
0x00B5,cleared,0x00,0,
0x00B6,cleared,0x00,1,pd-image=1
0x00B7,cleared,0x00,0,
0x00B8,cleared,0x00,1,pd-image=1
0x00B9,cleared,0x00,0,
0x00BA,cleared,0x00,0,
0x00BB,cleared,0x00,0,
0x00BC,cleared,0x00,1,pd-image=1
0x00BD,cleared,0x00,7,pd-image=7
0x00BE,cleared,0x00,2,pd-image=2
0x00BF,cleared,0x00,0,
0x00C0,cleared,0x00,9,bank0=6 pd-image=3
0x00C1,cleared,0x00,3,bank0=3
0x00C2,cleared,0x00,0,
0x00C3,cleared,0x00,0,
0x00C4,cleared,0x00,0,
0x00C5,cleared,0x00,0,
0x00C6,cleared,0x00,0,
0x00C7,cleared,0x00,0,
0x00C8,cleared,0x00,3,pd-image=3
0x00C9,cleared,0x00,0,
0x00CA,cleared,0x00,0,
0x00CB,cleared,0x00,0,
0x00CC,cleared,0x00,0,
0x00CD,cleared,0x00,0,
0x00CE,cleared,0x00,0,
0x00CF,cleared,0x00,0,
0x00D0,cleared,0x00,4,bank0=2 pd-image=2
0x00D1,cleared,0x00,1,pd-image=1
0x00D2,cleared,0x00,1,pd-image=1
0x00D3,cleared,0x00,3,pd-image=3
0x00D4,cleared,0x00,2,pd-image=2
0x00D5,cleared,0x00,1,pd-image=1
0x00D6,cleared,0x00,1,pd-image=1
0x00D7,cleared,0x00,0,
0x00D8,cleared,0x00,11,bank0=11
0x00D9,cleared,0x00,6,bank0=6
0x00DA,cleared,0x00,7,bank0=7
0x00DB,cleared,0x00,2,bank0=2
0x00DC,cleared,0x00,1,bank0=1
0x00DD,cleared,0x00,3,bank0=3
0x00DE,cleared,0x00,1,bank0=1
0x00DF,cleared,0x00,2,bank0=2
0x00E0,cleared,0x00,1,common=1
0x00E1,cleared,0x00,0,
0x00E2,cleared,0x00,3,pd-image=3
0x00E3,cleared,0x00,0,
0x00E4,cleared,0x00,0,
0x00E5,cleared,0x00,0,
0x00E6,cleared,0x00,0,
0x00E7,cleared,0x00,0,
0x00E8,cleared,0x00,0,
0x00E9,cleared,0x00,0,
0x00EA,cleared,0x00,0,
0x00EB,cleared,0x00,0,
0x00EC,cleared,0x00,0,
0x00ED,cleared,0x00,0,
0x00EE,cleared,0x00,0,
0x00EF,cleared,0x00,0,
0x00F0,cleared,0x00,0,
0x00F1,cleared,0x00,0,
0x00F2,cleared,0x00,1,common=1
0x00F3,cleared,0x00,1,common=1
0x00F4,cleared,0x00,2,common=2
0x00F5,cleared,0x00,5,bank0=1 common=4
0x00F6,cleared,0x00,0,
0x00F7,cleared,0x00,0,
0x00F8,cleared,0x00,0,
0x00F9,cleared,0x00,0,
0x00FA,cleared,0x00,1,common=1
0x00FB,cleared,0x00,1,common=1
0x00FC,cleared,0x00,3,common=3
0x00FD,cleared,0x00,0,
0x00FE,cleared,0x00,0,
0x00FF,cleared,0x00,1,common=1
0x0100,cleared,0x00,1,bank0=1
0x0101,cleared,0x00,0,
0x0102,cleared,0x00,1,bank1=1
0x0103,cleared,0x00,0,
0x0104,cleared,0x00,0,
0x0105,cleared,0x00,0,
0x0106,cleared,0x00,0,
0x0107,cleared,0x00,0,
0x0108,cleared,0x00,0,
0x0109,cleared,0x00,0,
0x010A,cleared,0x00,0,
0x010B,cleared,0x00,0,
0x010C,cleared,0x00,0,
0x010D,cleared,0x00,0,
0x010E,cleared,0x00,0,
0x010F,cleared,0x00,0,
0x0110,cleared,0x00,0,
0x0111,cleared,0x00,0,
0x0112,cleared,0x00,0,
0x0113,cleared,0x00,0,
0x0114,cleared,0x00,0,
0x0115,cleared,0x00,0,
0x0116,cleared,0x00,0,
0x0117,cleared,0x00,0,
0x0118,cleared,0x00,0,
0x0119,cleared,0x00,0,
0x011A,cleared,0x00,0,
0x011B,cleared,0x00,0,
0x011C,cleared,0x00,0,
0x011D,cleared,0x00,0,
0x011E,cleared,0x00,0,
0x011F,cleared,0x00,0,
0x0120,cleared,0x00,0,
0x0121,cleared,0x00,0,
0x0122,cleared,0x00,0,
0x0123,cleared,0x00,0,
0x0124,cleared,0x00,0,
0x0125,cleared,0x00,0,
0x0126,cleared,0x00,0,
0x0127,cleared,0x00,0,
0x0128,cleared,0x00,0,
0x0129,cleared,0x00,0,
0x012A,cleared,0x00,0,
0x012B,cleared,0x00,0,
0x012C,cleared,0x00,1,bank1=1
0x012D,cleared,0x00,0,
0x012E,cleared,0x00,0,
0x012F,cleared,0x00,0,
0x0130,cleared,0x00,0,
0x0131,cleared,0x00,0,
0x0132,cleared,0x00,0,
0x0133,cleared,0x00,0,
0x0134,cleared,0x00,0,
0x0135,cleared,0x00,0,
0x0136,cleared,0x00,0,
0x0137,cleared,0x00,0,
0x0138,cleared,0x00,0,
0x0139,cleared,0x00,0,
0x013A,cleared,0x00,0,
0x013B,cleared,0x00,0,
0x013C,cleared,0x00,0,
0x013D,cleared,0x00,0,
0x013E,cleared,0x00,0,
0x013F,cleared,0x00,0,
0x0140,cleared,0x00,0,
0x0141,cleared,0x00,0,
0x0142,cleared,0x00,0,
0x0143,cleared,0x00,0,
0x0144,cleared,0x00,0,
0x0145,cleared,0x00,0,
0x0146,cleared,0x00,0,
0x0147,cleared,0x00,0,
0x0148,cleared,0x00,0,
0x0149,cleared,0x00,0,
0x014A,cleared,0x00,0,
0x014B,cleared,0x00,0,
0x014C,cleared,0x00,0,
0x014D,cleared,0x00,0,
0x014E,cleared,0x00,0,
0x014F,cleared,0x00,0,
0x0150,cleared,0x00,0,
0x0151,cleared,0x00,1,pd-image=1
0x0152,cleared,0x00,0,
0x0153,cleared,0x00,0,
0x0154,cleared,0x00,1,pd-image=1
0x0155,cleared,0x00,0,
0x0156,cleared,0x00,0,
0x0157,cleared,0x00,1,pd-image=1
0x0158,cleared,0x00,0,
0x0159,cleared,0x00,0,
0x015A,cleared,0x00,1,pd-image=1
0x015B,cleared,0x00,0,
0x015C,cleared,0x00,0,
0x015D,cleared,0x00,1,pd-image=1
0x015E,cleared,0x00,0,
0x015F,cleared,0x00,0,
0x0160,cleared,0x00,0,
0x0161,cleared,0x00,0,
0x0162,cleared,0x00,0,
0x0163,cleared,0x00,0,
0x0164,cleared,0x00,0,
0x0165,cleared,0x00,0,
0x0166,cleared,0x00,0,
0x0167,cleared,0x00,0,
0x0168,cleared,0x00,1,bank1=1
0x0169,cleared,0x00,0,
0x016A,cleared,0x00,0,
0x016B,cleared,0x00,0,
0x016C,cleared,0x00,0,
0x016D,cleared,0x00,0,
0x016E,cleared,0x00,0,
0x016F,cleared,0x00,0,
0x0170,cleared,0x00,0,
0x0171,cleared,0x00,0,
0x0172,cleared,0x00,0,
0x0173,cleared,0x00,0,
0x0174,cleared,0x00,0,
0x0175,cleared,0x00,0,
0x0176,cleared,0x00,0,
0x0177,cleared,0x00,0,
0x0178,cleared,0x00,0,
0x0179,cleared,0x00,0,
0x017A,cleared,0x00,0,
0x017B,cleared,0x00,0,
0x017C,cleared,0x00,0,
0x017D,cleared,0x00,0,
0x017E,cleared,0x00,0,
0x017F,cleared,0x00,0,
0x0180,cleared,0x00,12,bank1=12
0x0181,cleared,0x00,0,
0x0182,cleared,0x00,0,
0x0183,cleared,0x00,0,
0x0184,cleared,0x00,0,
0x0185,cleared,0x00,0,
0x0186,cleared,0x00,0,
0x0187,cleared,0x00,0,
0x0188,cleared,0x00,0,
0x0189,cleared,0x00,0,
0x018A,cleared,0x00,0,
0x018B,cleared,0x00,0,
0x018C,cleared,0x00,0,
0x018D,cleared,0x00,0,
0x018E,cleared,0x00,0,
0x018F,cleared,0x00,0,
0x0190,cleared,0x00,2,bank1=2
0x0191,cleared,0x00,0,
0x0192,cleared,0x00,0,
0x0193,cleared,0x00,0,
0x0194,cleared,0x00,0,
0x0195,cleared,0x00,0,
0x0196,cleared,0x00,0,
0x0197,cleared,0x00,0,
0x0198,cleared,0x00,0,
0x0199,cleared,0x00,0,
0x019A,cleared,0x00,0,
0x019B,cleared,0x00,0,
0x019C,cleared,0x00,0,
0x019D,cleared,0x00,0,
0x019E,cleared,0x00,0,
0x019F,cleared,0x00,0,
0x01A0,cleared,0x00,0,
0x01A1,cleared,0x00,0,
0x01A2,cleared,0x00,0,
0x01A3,cleared,0x00,0,
0x01A4,cleared,0x00,0,
0x01A5,cleared,0x00,0,
0x01A6,cleared,0x00,0,
0x01A7,cleared,0x00,0,
0x01A8,cleared,0x00,0,
0x01A9,cleared,0x00,0,
0x01AA,cleared,0x00,0,
0x01AB,cleared,0x00,0,
0x01AC,cleared,0x00,0,
0x01AD,cleared,0x00,0,
0x01AE,cleared,0x00,0,
0x01AF,cleared,0x00,0,
0x01B0,cleared,0x00,0,
0x01B1,cleared,0x00,0,
0x01B2,cleared,0x00,0,
0x01B3,cleared,0x00,0,
0x01B4,cleared,0x00,0,
0x01B5,cleared,0x00,0,
0x01B6,cleared,0x00,0,
0x01B7,cleared,0x00,0,
0x01B8,cleared,0x00,0,
0x01B9,cleared,0x00,0,
0x01BA,cleared,0x00,0,
0x01BB,cleared,0x00,0,
0x01BC,cleared,0x00,0,
0x01BD,cleared,0x00,0,
0x01BE,cleared,0x00,0,
0x01BF,cleared,0x00,0,
0x01C0,cleared,0x00,0,
0x01C1,cleared,0x00,0,
0x01C2,cleared,0x00,0,
0x01C3,cleared,0x00,0,
0x01C4,cleared,0x00,0,
0x01C5,cleared,0x00,0,
0x01C6,cleared,0x00,0,
0x01C7,cleared,0x00,0,
0x01C8,cleared,0x00,0,
0x01C9,cleared,0x00,0,
0x01CA,cleared,0x00,0,
0x01CB,cleared,0x00,0,
0x01CC,cleared,0x00,0,
0x01CD,cleared,0x00,0,
0x01CE,cleared,0x00,0,
0x01CF,cleared,0x00,0,
0x01D0,cleared,0x00,0,
0x01D1,cleared,0x00,0,
0x01D2,cleared,0x00,0,
0x01D3,cleared,0x00,0,
0x01D4,cleared,0x00,0,
0x01D5,cleared,0x00,0,
0x01D6,cleared,0x00,0,
0x01D7,cleared,0x00,0,
0x01D8,cleared,0x00,0,
0x01D9,cleared,0x00,0,
0x01DA,cleared,0x00,0,
0x01DB,cleared,0x00,0,
0x01DC,cleared,0x00,0,
0x01DD,cleared,0x00,0,
0x01DE,cleared,0x00,0,
0x01DF,cleared,0x00,0,
0x01E0,cleared,0x00,0,
0x01E1,cleared,0x00,0,
0x01E2,cleared,0x00,0,
0x01E3,cleared,0x00,0,
0x01E4,cleared,0x00,0,
0x01E5,cleared,0x00,0,
0x01E6,cleared,0x00,0,
0x01E7,cleared,0x00,0,
0x01E8,cleared,0x00,0,
0x01E9,cleared,0x00,0,
0x01EA,cleared,0x00,0,
0x01EB,cleared,0x00,0,
0x01EC,cleared,0x00,0,
0x01ED,cleared,0x00,0,
0x01EE,cleared,0x00,0,
0x01EF,cleared,0x00,0,
0x01F0,cleared,0x00,0,
0x01F1,cleared,0x00,0,
0x01F2,cleared,0x00,3,bank0=3
0x01F3,cleared,0x00,0,
0x01F4,cleared,0x00,1,bank1=1
0x01F5,cleared,0x00,0,
0x01F6,cleared,0x00,0,
0x01F7,cleared,0x00,0,
0x01F8,cleared,0x00,0,
0x01F9,cleared,0x00,0,
0x01FA,cleared,0x00,0,
0x01FB,cleared,0x00,0,
0x01FC,cleared,0x00,0,
0x01FD,cleared,0x00,0,
0x01FE,cleared,0x00,0,
0x01FF,cleared,0x00,0,
0x0200,cleared,0x00,3,bank0=1 pd-image=2
0x0201,cleared,0x00,0,
0x0202,cleared,0x00,1,bank0=1
0x0203,cleared,0x00,0,
0x0204,cleared,0x00,2,pd-image=2
0x0205,cleared,0x00,0,
0x0206,cleared,0x00,2,pd-image=2
0x0207,cleared,0x00,0,
0x0208,cleared,0x00,3,common=1 pd-image=2
0x0209,cleared,0x00,1,pd-image=1
0x020A,cleared,0x00,3,pd-image=3
0x020B,cleared,0x00,0,
0x020C,cleared,0x00,0,
0x020D,cleared,0x00,0,
0x020E,cleared,0x00,0,
0x020F,cleared,0x00,0,
0x0210,cleared,0x00,0,
0x0211,cleared,0x00,2,common=2
0x0212,cleared,0x00,0,
0x0213,cleared,0x00,1,common=1
0x0214,cleared,0x00,0,
0x0215,cleared,0x00,0,
0x0216,cleared,0x00,0,
0x0217,cleared,0x00,0,
0x0218,cleared,0x00,0,
0x0219,cleared,0x00,0,
0x021A,cleared,0x00,0,
0x021B,cleared,0x00,0,
0x021C,cleared,0x00,0,
0x021D,cleared,0x00,0,
0x021E,cleared,0x00,0,
0x021F,cleared,0x00,0,
0x0220,cleared,0x00,0,
0x0221,cleared,0x00,0,
0x0222,cleared,0x00,0,
0x0223,cleared,0x00,0,
0x0224,cleared,0x00,0,
0x0225,cleared,0x00,0,
0x0226,cleared,0x00,0,
0x0227,cleared,0x00,0,
0x0228,cleared,0x00,0,
0x0229,cleared,0x00,0,
0x022A,cleared,0x00,0,
0x022B,cleared,0x00,0,
0x022C,cleared,0x00,0,
0x022D,cleared,0x00,0,
0x022E,cleared,0x00,0,
0x022F,cleared,0x00,0,
0x0230,cleared,0x00,0,
0x0231,cleared,0x00,0,
0x0232,cleared,0x00,0,
0x0233,cleared,0x00,0,
0x0234,cleared,0x00,0,
0x0235,cleared,0x00,0,
0x0236,cleared,0x00,0,
0x0237,cleared,0x00,0,
0x0238,cleared,0x00,0,
0x0239,cleared,0x00,0,
0x023A,cleared,0x00,0,
0x023B,cleared,0x00,0,
0x023C,cleared,0x00,0,
0x023D,cleared,0x00,0,
0x023E,cleared,0x00,0,
0x023F,cleared,0x00,0,
0x0240,cleared,0x00,0,
0x0241,cleared,0x00,0,
0x0242,cleared,0x00,0,
0x0243,cleared,0x00,0,
0x0244,cleared,0x00,0,
0x0245,cleared,0x00,0,
0x0246,cleared,0x00,0,
0x0247,cleared,0x00,0,
0x0248,cleared,0x00,0,
0x0249,cleared,0x00,0,
0x024A,cleared,0x00,0,
0x024B,cleared,0x00,0,
0x024C,cleared,0x00,0,
0x024D,cleared,0x00,0,
0x024E,cleared,0x00,0,
0x024F,cleared,0x00,0,
0x0250,cleared,0x00,0,
0x0251,cleared,0x00,0,
0x0252,cleared,0x00,0,
0x0253,cleared,0x00,0,
0x0254,cleared,0x00,0,
0x0255,cleared,0x00,0,
0x0256,cleared,0x00,0,
0x0257,cleared,0x00,0,
0x0258,cleared,0x00,0,
0x0259,cleared,0x00,0,
0x025A,cleared,0x00,0,
0x025B,cleared,0x00,0,
0x025C,cleared,0x00,0,
0x025D,cleared,0x00,0,
0x025E,cleared,0x00,0,
0x025F,cleared,0x00,0,
0x0260,cleared,0x00,0,
0x0261,cleared,0x00,0,
0x0262,cleared,0x00,0,
0x0263,cleared,0x00,0,
0x0264,cleared,0x00,0,
0x0265,cleared,0x00,0,
0x0266,cleared,0x00,0,
0x0267,cleared,0x00,0,
0x0268,cleared,0x00,0,
0x0269,cleared,0x00,0,
0x026A,cleared,0x00,0,
0x026B,cleared,0x00,0,
0x026C,cleared,0x00,0,
0x026D,cleared,0x00,0,
0x026E,cleared,0x00,0,
0x026F,cleared,0x00,0,
0x0270,cleared,0x00,0,
0x0271,cleared,0x00,0,
0x0272,cleared,0x00,0,
0x0273,cleared,0x00,0,
0x0274,cleared,0x00,0,
0x0275,cleared,0x00,0,
0x0276,cleared,0x00,0,
0x0277,cleared,0x00,0,
0x0278,cleared,0x00,0,
0x0279,cleared,0x00,0,
0x027A,cleared,0x00,0,
0x027B,cleared,0x00,0,
0x027C,cleared,0x00,0,
0x027D,cleared,0x00,0,
0x027E,cleared,0x00,0,
0x027F,cleared,0x00,0,
0x0280,cleared,0x00,0,
0x0281,cleared,0x00,0,
0x0282,cleared,0x00,0,
0x0283,cleared,0x00,0,
0x0284,cleared,0x00,0,
0x0285,cleared,0x00,0,
0x0286,cleared,0x00,0,
0x0287,cleared,0x00,0,
0x0288,cleared,0x00,0,
0x0289,cleared,0x00,0,
0x028A,cleared,0x00,0,
0x028B,cleared,0x00,0,
0x028C,cleared,0x00,0,
0x028D,cleared,0x00,0,
0x028E,cleared,0x00,0,
0x028F,cleared,0x00,0,
0x0290,cleared,0x00,0,
0x0291,cleared,0x00,0,
0x0292,cleared,0x00,0,
0x0293,cleared,0x00,0,
0x0294,cleared,0x00,0,
0x0295,cleared,0x00,0,
0x0296,cleared,0x00,0,
0x0297,cleared,0x00,0,
0x0298,cleared,0x00,0,
0x0299,cleared,0x00,0,
0x029A,cleared,0x00,0,
0x029B,cleared,0x00,0,
0x029C,cleared,0x00,0,
0x029D,cleared,0x00,0,
0x029E,cleared,0x00,0,
0x029F,cleared,0x00,0,
0x02A0,cleared,0x00,0,
0x02A1,cleared,0x00,0,
0x02A2,cleared,0x00,0,
0x02A3,cleared,0x00,0,
0x02A4,cleared,0x00,0,
0x02A5,cleared,0x00,0,
0x02A6,cleared,0x00,0,
0x02A7,cleared,0x00,0,
0x02A8,cleared,0x00,0,
0x02A9,cleared,0x00,0,
0x02AA,cleared,0x00,0,
0x02AB,cleared,0x00,0,
0x02AC,cleared,0x00,0,
0x02AD,cleared,0x00,0,
0x02AE,cleared,0x00,0,
0x02AF,cleared,0x00,0,
0x02B0,cleared,0x00,0,
0x02B1,cleared,0x00,0,
0x02B2,cleared,0x00,0,
0x02B3,cleared,0x00,0,
0x02B4,cleared,0x00,0,
0x02B5,cleared,0x00,0,
0x02B6,cleared,0x00,0,
0x02B7,cleared,0x00,0,
0x02B8,cleared,0x00,0,
0x02B9,cleared,0x00,0,
0x02BA,cleared,0x00,0,
0x02BB,cleared,0x00,0,
0x02BC,cleared,0x00,0,
0x02BD,cleared,0x00,0,
0x02BE,cleared,0x00,0,
0x02BF,cleared,0x00,0,
0x02C0,cleared,0x00,0,
0x02C1,cleared,0x00,0,
0x02C2,cleared,0x00,0,
0x02C3,cleared,0x00,0,
0x02C4,cleared,0x00,0,
0x02C5,cleared,0x00,0,
0x02C6,cleared,0x00,0,
0x02C7,cleared,0x00,0,
0x02C8,cleared,0x00,0,
0x02C9,cleared,0x00,0,
0x02CA,cleared,0x00,0,
0x02CB,cleared,0x00,0,
0x02CC,cleared,0x00,0,
0x02CD,cleared,0x00,0,
0x02CE,cleared,0x00,0,
0x02CF,cleared,0x00,0,
0x02D0,cleared,0x00,0,
0x02D1,cleared,0x00,0,
0x02D2,cleared,0x00,0,
0x02D3,cleared,0x00,0,
0x02D4,cleared,0x00,0,
0x02D5,cleared,0x00,0,
0x02D6,cleared,0x00,0,
0x02D7,cleared,0x00,0,
0x02D8,cleared,0x00,0,
0x02D9,cleared,0x00,0,
0x02DA,cleared,0x00,0,
0x02DB,cleared,0x00,0,
0x02DC,cleared,0x00,0,
0x02DD,cleared,0x00,0,
0x02DE,cleared,0x00,0,
0x02DF,cleared,0x00,0,
0x02E0,cleared,0x00,0,
0x02E1,cleared,0x00,0,
0x02E2,cleared,0x00,0,
0x02E3,cleared,0x00,1,bank1=1
0x02E4,cleared,0x00,0,
0x02E5,cleared,0x00,0,
0x02E6,cleared,0x00,0,
0x02E7,cleared,0x00,0,
0x02E8,cleared,0x00,0,
0x02E9,cleared,0x00,0,
0x02EA,cleared,0x00,0,
0x02EB,cleared,0x00,0,
0x02EC,cleared,0x00,0,
0x02ED,cleared,0x00,0,
0x02EE,cleared,0x00,0,
0x02EF,cleared,0x00,0,
0x02F0,cleared,0x00,0,
0x02F1,cleared,0x00,0,
0x02F2,cleared,0x00,1,bank1=1
0x02F3,cleared,0x00,0,
0x02F4,cleared,0x00,0,
0x02F5,cleared,0x00,0,
0x02F6,cleared,0x00,0,
0x02F7,cleared,0x00,0,
0x02F8,cleared,0x00,0,
0x02F9,cleared,0x00,0,
0x02FA,cleared,0x00,0,
0x02FB,cleared,0x00,0,
0x02FC,cleared,0x00,0,
0x02FD,cleared,0x00,0,
0x02FE,cleared,0x00,0,
0x02FF,cleared,0x00,0,
0x0300,cleared,0x00,6,bank1=3 pd-image=3
0x0301,cleared,0x00,2,pd-image=2
0x0302,cleared,0x00,0,
0x0303,cleared,0x00,0,
0x0304,cleared,0x00,0,
0x0305,cleared,0x00,0,
0x0306,cleared,0x00,0,
0x0307,cleared,0x00,0,
0x0308,cleared,0x00,3,bank1=3
0x0309,cleared,0x00,0,
0x030A,cleared,0x00,4,bank1=4
0x030B,cleared,0x00,3,bank1=3
0x030C,cleared,0x00,1,bank1=1
0x030D,cleared,0x00,8,bank1=8
0x030E,cleared,0x00,4,bank0=1 bank1=3
0x030F,cleared,0x00,1,bank0=1
0x0310,cleared,0x00,2,bank1=2
0x0311,cleared,0x00,0,
0x0312,cleared,0x00,2,bank1=2
0x0313,cleared,0x00,0,
0x0314,cleared,0x00,2,bank0=1 bank1=1
0x0315,cleared,0x00,1,bank0=1
0x0316,cleared,0x00,1,bank1=1
0x0317,cleared,0x00,0,
0x0318,cleared,0x00,7,bank0=1 bank1=6
0x0319,cleared,0x00,4,bank1=4
0x031A,cleared,0x00,1,bank1=1
0x031B,cleared,0x00,0,
0x031C,cleared,0x00,2,bank1=2
0x031D,cleared,0x00,1,bank1=1
0x031E,cleared,0x00,2,bank1=2
0x031F,cleared,0x00,2,bank1=2
0x0320,cleared,0x00,1,bank1=1
0x0321,cleared,0x00,0,
0x0322,cleared,0x00,0,
0x0323,cleared,0x00,0,
0x0324,cleared,0x00,0,
0x0325,cleared,0x00,0,
0x0326,cleared,0x00,0,
0x0327,cleared,0x00,0,
0x0328,cleared,0x00,0,
0x0329,cleared,0x00,0,
0x032A,cleared,0x00,1,bank1=1
0x032B,cleared,0x00,1,bank1=1
0x032C,cleared,0x00,0,
0x032D,cleared,0x00,0,
0x032E,cleared,0x00,0,
0x032F,cleared,0x00,0,
0x0330,cleared,0x00,0,
0x0331,cleared,0x00,0,
0x0332,cleared,0x00,1,bank1=1
0x0333,cleared,0x00,0,
0x0334,cleared,0x00,0,
0x0335,cleared,0x00,0,
0x0336,cleared,0x00,1,bank1=1
0x0337,cleared,0x00,0,
0x0338,cleared,0x00,0,
0x0339,cleared,0x00,0,
0x033A,cleared,0x00,0,
0x033B,cleared,0x00,0,
0x033C,cleared,0x00,0,
0x033D,cleared,0x00,0,
0x033E,cleared,0x00,0,
0x033F,cleared,0x00,0,
0x0340,cleared,0x00,3,bank1=3
0x0341,cleared,0x00,0,
0x0342,cleared,0x00,15,bank1=15
0x0343,cleared,0x00,5,bank1=5
0x0344,cleared,0x00,2,bank1=2
0x0345,cleared,0x00,1,bank1=1
0x0346,cleared,0x00,0,
0x0347,cleared,0x00,4,bank1=4
0x0348,cleared,0x00,4,bank1=4
0x0349,cleared,0x00,2,bank1=2
0x034A,cleared,0x00,0,
0x034B,cleared,0x00,0,
0x034C,cleared,0x00,0,
0x034D,cleared,0x00,1,bank1=1
0x034E,cleared,0x00,1,bank1=1
0x034F,cleared,0x00,0,
0x0350,cleared,0x00,0,
0x0351,cleared,0x00,0,
0x0352,cleared,0x00,0,
0x0353,cleared,0x00,0,
0x0354,cleared,0x00,0,
0x0355,cleared,0x00,0,
0x0356,cleared,0x00,0,
0x0357,cleared,0x00,0,
0x0358,cleared,0x00,0,
0x0359,cleared,0x00,0,
0x035A,cleared,0x00,0,
0x035B,cleared,0x00,0,
0x035C,cleared,0x00,0,
0x035D,cleared,0x00,0,
0x035E,cleared,0x00,0,
0x035F,cleared,0x00,0,
0x0360,cleared,0x00,2,bank1=2
0x0361,cleared,0x00,9,bank1=9
0x0362,cleared,0x00,4,bank1=4
0x0363,cleared,0x00,5,bank1=5
0x0364,cleared,0x00,0,
0x0365,cleared,0x00,3,bank1=3
0x0366,cleared,0x00,3,bank1=3
0x0367,cleared,0x00,24,bank1=24
0x0368,cleared,0x00,3,bank1=3
0x0369,cleared,0x00,3,bank1=3
0x036A,cleared,0x00,4,bank1=4
0x036B,cleared,0x00,0,
0x036C,cleared,0x00,7,bank1=7
0x036D,cleared,0x00,5,bank1=5
0x036E,cleared,0x00,1,bank1=1
0x036F,cleared,0x00,0,
0x0370,cleared,0x00,3,bank1=3
0x0371,cleared,0x00,1,bank1=1
0x0372,cleared,0x00,1,bank1=1
0x0373,cleared,0x00,1,bank1=1
0x0374,cleared,0x00,0,
0x0375,cleared,0x00,1,bank1=1
0x0376,cleared,0x00,0,
0x0377,cleared,0x00,1,bank1=1
0x0378,cleared,0x00,3,bank1=3
0x0379,cleared,0x00,0,
0x037A,cleared,0x00,1,bank1=1
0x037B,cleared,0x00,0,
0x037C,cleared,0x00,1,bank1=1
0x037D,cleared,0x00,0,
0x037E,cleared,0x00,1,bank1=1
0x037F,cleared,0x00,0,
0x0380,cleared,0x00,2,bank1=2
0x0381,cleared,0x00,0,
0x0382,cleared,0x00,8,bank1=8
0x0383,cleared,0x00,2,bank1=2
0x0384,cleared,0x00,4,bank1=4
0x0385,cleared,0x00,0,
0x0386,cleared,0x00,3,bank1=3
0x0387,cleared,0x00,2,bank1=2
0x0388,cleared,0x00,6,bank1=6
0x0389,cleared,0x00,3,bank1=3
0x038A,cleared,0x00,1,bank1=1
0x038B,cleared,0x00,1,bank1=1
0x038C,cleared,0x00,1,bank1=1
0x038D,cleared,0x00,1,bank1=1
0x038E,cleared,0x00,1,bank1=1
0x038F,cleared,0x00,1,bank1=1
0x0390,cleared,0x00,1,bank1=1
0x0391,cleared,0x00,3,bank1=3
0x0392,cleared,0x00,4,bank1=4
0x0393,cleared,0x00,4,bank1=4
0x0394,cleared,0x00,12,bank1=12
0x0395,cleared,0x00,1,bank1=1
0x0396,cleared,0x00,2,bank1=2
0x0397,cleared,0x00,14,bank1=14
0x0398,cleared,0x00,9,bank0=4 bank1=5
0x0399,cleared,0x00,14,bank0=1 bank1=13
0x039A,cleared,0x00,3,bank1=3
0x039B,cleared,0x00,6,bank1=6
0x039C,cleared,0x00,5,bank1=5
0x039D,cleared,0x00,3,bank1=3
0x039E,cleared,0x00,2,bank1=2
0x039F,cleared,0x00,0,
0x03A0,cleared,0x00,6,bank1=6
0x03A1,cleared,0x00,17,bank1=17
0x03A2,cleared,0x00,5,bank1=5
0x03A3,cleared,0x00,11,bank1=11
0x03A4,cleared,0x00,2,bank1=2
0x03A5,cleared,0x00,4,bank1=4
0x03A6,cleared,0x00,1,bank1=1
0x03A7,cleared,0x00,0,
0x03A8,cleared,0x00,6,bank1=6
0x03A9,cleared,0x00,2,bank1=2
0x03AA,cleared,0x00,1,bank1=1
0x03AB,cleared,0x00,5,bank1=5
0x03AC,cleared,0x00,2,bank1=2
0x03AD,cleared,0x00,0,
0x03AE,cleared,0x00,3,bank1=3
0x03AF,cleared,0x00,2,bank1=2
0x03B0,cleared,0x00,3,bank1=3
0x03B1,cleared,0x00,3,bank1=3
0x03B2,cleared,0x00,1,bank1=1
0x03B3,cleared,0x00,1,bank1=1
0x03B4,cleared,0x00,1,bank1=1
0x03B5,cleared,0x00,4,bank1=4
0x03B6,cleared,0x00,6,bank1=6
0x03B7,cleared,0x00,0,
0x03B8,cleared,0x00,9,bank1=9
0x03B9,cleared,0x00,0,
0x03BA,cleared,0x00,3,bank1=3
0x03BB,cleared,0x00,2,bank1=2
0x03BC,cleared,0x00,3,bank1=3
0x03BD,cleared,0x00,3,bank1=3
0x03BE,cleared,0x00,2,bank1=2
0x03BF,cleared,0x00,4,bank1=4
0x03C0,cleared,0x00,2,bank1=2
0x03C1,cleared,0x00,3,bank1=3
0x03C2,cleared,0x00,2,bank1=2
0x03C3,cleared,0x00,11,bank1=11
0x03C4,cleared,0x00,12,bank1=12
0x03C5,cleared,0x00,1,bank1=1
0x03C6,cleared,0x00,0,
0x03C7,cleared,0x00,1,bank1=1
0x03C8,cleared,0x00,0,
0x03C9,cleared,0x00,2,bank1=2
0x03CA,cleared,0x00,1,bank1=1
0x03CB,cleared,0x00,1,bank1=1
0x03CC,cleared,0x00,3,bank1=3
0x03CD,cleared,0x00,2,bank1=2
0x03CE,cleared,0x00,2,bank1=2
0x03CF,cleared,0x00,2,bank1=2
0x03D0,cleared,0x00,3,bank1=3
0x03D1,cleared,0x00,0,
0x03D2,cleared,0x00,2,bank1=2
0x03D3,cleared,0x00,0,
0x03D4,cleared,0x00,0,
0x03D5,cleared,0x00,0,
0x03D6,cleared,0x00,0,
0x03D7,cleared,0x00,0,
0x03D8,cleared,0x00,0,
0x03D9,cleared,0x00,0,
0x03DA,cleared,0x00,0,
0x03DB,cleared,0x00,0,
0x03DC,cleared,0x00,0,
0x03DD,cleared,0x00,0,
0x03DE,cleared,0x00,1,bank1=1
0x03DF,cleared,0x00,0,
0x03E0,cleared,0x00,5,bank1=5
0x03E1,cleared,0x00,0,
0x03E2,cleared,0x00,2,bank1=2
0x03E3,cleared,0x00,0,
0x03E4,cleared,0x00,2,bank1=2
0x03E5,cleared,0x00,0,
0x03E6,cleared,0x00,2,bank1=2
0x03E7,cleared,0x00,0,
0x03E8,cleared,0x00,2,bank1=2
0x03E9,cleared,0x00,0,
0x03EA,cleared,0x00,2,bank1=2
0x03EB,cleared,0x00,0,
0x03EC,cleared,0x00,1,bank1=1
0x03ED,cleared,0x00,0,
0x03EE,cleared,0x00,1,bank1=1
0x03EF,cleared,0x00,0,
0x03F0,cleared,0x00,1,bank1=1
0x03F1,cleared,0x00,1,bank1=1
0x03F2,cleared,0x00,1,bank1=1
0x03F3,cleared,0x00,0,
0x03F4,cleared,0x00,1,bank1=1
0x03F5,cleared,0x00,0,
0x03F6,cleared,0x00,9,bank1=9
0x03F7,cleared,0x00,1,bank1=1
0x03F8,cleared,0x00,9,bank1=9
0x03F9,cleared,0x00,1,bank1=1
0x03FA,cleared,0x00,3,bank1=3
0x03FB,cleared,0x00,5,bank1=5
0x03FC,cleared,0x00,4,bank1=4
0x03FD,cleared,0x00,0,
0x03FE,cleared,0x00,2,bank1=2
0x03FF,cleared,0x00,6,bank1=6
0x0400,cleared,0x00,8,bank1=4 pd-image=4
0x0401,cleared,0x00,1,bank1=1
0x0402,cleared,0x00,3,bank1=3
0x0403,cleared,0x00,11,bank1=11
0x0404,cleared,0x00,14,bank0=1 bank1=10 pd-image=3
0x0405,cleared,0x00,0,
0x0406,cleared,0x00,0,
0x0407,cleared,0x00,0,
0x0408,cleared,0x00,9,bank1=2 pd-image=7
0x0409,cleared,0x00,0,
0x040A,cleared,0x00,3,bank1=3
0x040B,cleared,0x00,0,
0x040C,cleared,0x00,4,bank1=2 pd-image=2
0x040D,cleared,0x00,0,
0x040E,cleared,0x00,2,bank1=2
0x040F,cleared,0x00,0,
0x0410,cleared,0x00,6,bank1=1 pd-image=5
0x0411,cleared,0x00,0,
0x0412,cleared,0x00,0,
0x0413,cleared,0x00,0,
0x0414,cleared,0x00,0,
0x0415,cleared,0x00,0,
0x0416,cleared,0x00,0,
0x0417,cleared,0x00,0,
0x0418,cleared,0x00,5,pd-image=5
0x0419,cleared,0x00,0,
0x041A,cleared,0x00,0,
0x041B,cleared,0x00,0,
0x041C,cleared,0x00,3,pd-image=3
0x041D,cleared,0x00,0,
0x041E,cleared,0x00,0,
0x041F,cleared,0x00,0,
0x0420,cleared,0x00,12,bank1=1 pd-image=11
0x0421,cleared,0x00,0,
0x0422,cleared,0x00,0,
0x0423,cleared,0x00,0,
0x0424,cleared,0x00,12,pd-image=12
0x0425,cleared,0x00,0,
0x0426,cleared,0x00,1,pd-image=1
0x0427,cleared,0x00,0,
0x0428,cleared,0x00,3,pd-image=3
0x0429,cleared,0x00,2,pd-image=2
0x042A,cleared,0x00,2,pd-image=2
0x042B,cleared,0x00,0,
0x042C,cleared,0x00,6,pd-image=6
0x042D,cleared,0x00,0,
0x042E,cleared,0x00,0,
0x042F,cleared,0x00,9,pd-image=9
0x0430,cleared,0x00,0,
0x0431,cleared,0x00,0,
0x0432,cleared,0x00,14,bank0=1 bank1=11 pd-image=2
0x0433,cleared,0x00,5,pd-image=5
0x0434,cleared,0x00,16,bank0=2 bank1=8 pd-image=6
0x0435,cleared,0x00,2,bank0=2
0x0436,cleared,0x00,17,bank0=1 bank1=16
0x0437,cleared,0x00,6,bank1=1 pd-image=5
0x0438,cleared,0x00,14,bank0=2 bank1=12
0x0439,cleared,0x00,3,bank0=2 bank1=1
0x043A,cleared,0x00,6,bank1=3 pd-image=3
0x043B,cleared,0x00,2,pd-image=2
0x043C,cleared,0x00,10,bank1=10
0x043D,cleared,0x00,1,bank0=1
0x043E,cleared,0x00,15,bank0=10 bank1=5
0x043F,cleared,0x00,3,bank0=1 bank1=2
0x0440,cleared,0x00,43,bank0=13 bank1=27 common=3
0x0441,cleared,0x00,0,
0x0442,cleared,0x00,11,bank0=2 bank1=9
0x0443,cleared,0x00,2,bank1=2
0x0444,cleared,0x00,0,
0x0445,cleared,0x00,0,
0x0446,cleared,0x00,0,
0x0447,cleared,0x00,0,
0x0448,cleared,0x00,3,bank1=3
0x0449,cleared,0x00,4,bank0=1 bank1=3
0x044A,cleared,0x00,0,
0x044B,cleared,0x00,6,bank0=6
0x044C,cleared,0x00,7,bank0=2 bank1=5
0x044D,cleared,0x00,0,
0x044E,cleared,0x00,0,
0x044F,cleared,0x00,14,bank0=10 bank1=4
0x0450,cleared,0x00,2,bank1=2
0x0451,cleared,0x00,1,bank1=1
0x0452,cleared,0x00,1,bank1=1
0x0453,cleared,0x00,0,
0x0454,cleared,0x00,2,bank0=1 bank1=1
0x0455,cleared,0x00,2,bank0=1 bank1=1
0x0456,cleared,0x00,12,bank0=6 bank1=6
0x0457,cleared,0x00,5,bank1=4 pd-image=1
0x0458,cleared,0x00,5,bank0=1 bank1=3 pd-image=1
0x0459,cleared,0x00,6,bank0=1 bank1=5
0x045A,cleared,0x00,22,bank0=2 bank1=20
0x045B,cleared,0x00,12,bank0=3 bank1=9
0x045C,cleared,0x00,2,bank1=2
0x045D,cleared,0x00,5,bank0=1 bank1=4
0x045E,cleared,0x00,2,bank1=2
0x045F,cleared,0x00,10,bank1=10
0x0460,cleared,0x00,24,bank0=23 bank1=1
0x0461,cleared,0x00,9,bank0=9
0x0462,cleared,0x00,0,
0x0463,cleared,0x00,2,bank0=2
0x0464,cleared,0x00,3,bank0=3
0x0465,cleared,0x00,1,bank0=1
0x0466,cleared,0x00,6,bank0=3 bank1=3
0x0467,cleared,0x00,0,
0x0468,cleared,0x00,17,bank0=16 bank1=1
0x0469,cleared,0x00,10,bank0=10
0x046A,cleared,0x00,4,bank0=4
0x046B,cleared,0x00,4,bank0=4
0x046C,cleared,0x00,3,bank0=3
0x046D,cleared,0x00,1,bank0=1
0x046E,cleared,0x00,2,bank0=2
0x046F,cleared,0x00,3,bank0=3
0x0470,cleared,0x00,2,bank1=2
0x0471,cleared,0x00,9,bank0=3 bank1=6
0x0472,cleared,0x00,14,bank1=14
0x0473,cleared,0x00,0,
0x0474,cleared,0x00,2,pd-image=2
0x0475,cleared,0x00,2,pd-image=2
0x0476,cleared,0x00,18,bank0=11 bank1=7
0x0477,cleared,0x00,0,
0x0478,cleared,0x00,0,
0x0479,cleared,0x00,0,
0x047A,cleared,0x00,0,
0x047B,cleared,0x00,11,bank1=11
0x047C,cleared,0x00,4,bank1=4
0x047D,cleared,0x00,1,bank1=1
0x047E,cleared,0x00,12,bank0=3 bank1=9
0x047F,cleared,0x00,5,bank0=2 bank1=3
0x0480,cleared,0x00,10,bank0=1 bank1=9
0x0481,cleared,0x00,0,
0x0482,cleared,0x00,0,
0x0483,cleared,0x00,0,
0x0484,cleared,0x00,0,
0x0485,cleared,0x00,0,
0x0486,cleared,0x00,0,
0x0487,cleared,0x00,0,
0x0488,cleared,0x00,0,
0x0489,cleared,0x00,0,
0x048A,cleared,0x00,2,bank1=2
0x048B,cleared,0x00,2,bank1=2
0x048C,cleared,0x00,6,bank1=6
0x048D,cleared,0x00,4,bank1=4
0x048E,cleared,0x00,2,bank1=2
0x048F,cleared,0x00,1,bank1=1
0x0490,cleared,0x00,102,bank0=32 bank1=70
0x0491,cleared,0x00,44,bank0=1 bank1=36 pd-image=7
0x0492,cleared,0x00,16,bank0=2 bank1=14
0x0493,cleared,0x00,9,bank1=9
0x0494,cleared,0x00,24,bank0=1 bank1=23
0x0495,cleared,0x00,20,bank1=12 pd-image=8
0x0496,cleared,0x00,6,bank0=2 bank1=4
0x0497,cleared,0x00,68,bank0=4 bank1=64
0x0498,cleared,0x00,4,bank1=4
0x0499,cleared,0x00,8,bank1=6 pd-image=2
0x049A,cleared,0x00,3,bank1=3
0x049B,cleared,0x00,3,bank1=3
0x049C,cleared,0x00,5,bank1=5
0x049D,cleared,0x00,11,bank1=7 pd-image=4
0x049E,cleared,0x00,3,bank1=3
0x049F,cleared,0x00,15,bank0=10 bank1=2 pd-image=3
0x04A0,cleared,0x00,9,bank1=9
0x04A1,cleared,0x00,8,bank1=5 pd-image=3
0x04A2,cleared,0x00,11,bank0=1 bank1=5 pd-image=5
0x04A3,cleared,0x00,6,bank0=1 pd-image=5
0x04A4,cleared,0x00,3,bank1=1 pd-image=2
0x04A5,cleared,0x00,3,pd-image=3
0x04A6,cleared,0x00,7,bank0=1 bank1=2 pd-image=4
0x04A7,cleared,0x00,2,bank0=1 bank1=1
0x04A8,cleared,0x00,2,bank1=1 pd-image=1
0x04A9,cleared,0x00,0,
0x04AA,cleared,0x00,1,bank1=1
0x04AB,cleared,0x00,16,bank0=8 bank1=8
0x04AC,cleared,0x00,2,bank1=2
0x04AD,cleared,0x00,1,bank1=1
0x04AE,cleared,0x00,6,bank1=6
0x04AF,cleared,0x00,1,bank1=1
0x04B0,cleared,0x00,0,
0x04B1,cleared,0x00,2,bank1=2
0x04B2,cleared,0x00,0,
0x04B3,cleared,0x00,0,
0x04B4,cleared,0x00,0,
0x04B5,cleared,0x00,0,
0x04B6,cleared,0x00,0,
0x04B7,cleared,0x00,0,
0x04B8,cleared,0x00,0,
0x04B9,cleared,0x00,0,
0x04BA,cleared,0x00,0,
0x04BB,cleared,0x00,1,bank1=1
0x04BC,cleared,0x00,0,
0x04BD,cleared,0x00,1,bank1=1
0x04BE,cleared,0x00,3,bank1=3
0x04BF,cleared,0x00,1,bank1=1
0x04C0,cleared,0x00,0,
0x04C1,cleared,0x00,0,
0x04C2,cleared,0x00,0,
0x04C3,cleared,0x00,0,
0x04C4,cleared,0x00,0,
0x04C5,cleared,0x00,0,
0x04C6,cleared,0x00,0,
0x04C7,cleared,0x00,0,
0x04C8,cleared,0x00,0,
0x04C9,cleared,0x00,0,
0x04CA,cleared,0x00,0,
0x04CB,cleared,0x00,0,
0x04CC,cleared,0x00,0,
0x04CD,cleared,0x00,0,
0x04CE,cleared,0x00,0,
0x04CF,cleared,0x00,0,
0x04D0,cleared,0x00,0,
0x04D1,cleared,0x00,0,
0x04D2,cleared,0x00,0,
0x04D3,cleared,0x00,0,
0x04D4,cleared,0x00,0,
0x04D5,cleared,0x00,0,
0x04D6,cleared,0x00,0,
0x04D7,cleared,0x00,0,
0x04D8,cleared,0x00,0,
0x04D9,cleared,0x00,0,
0x04DA,cleared,0x00,0,
0x04DB,cleared,0x00,0,
0x04DC,cleared,0x00,0,
0x04DD,cleared,0x00,1,bank0=1
0x04DE,cleared,0x00,0,
0x04DF,cleared,0x00,0,
0x04E0,cleared,0x00,0,
0x04E1,cleared,0x00,0,
0x04E2,cleared,0x00,0,
0x04E3,cleared,0x00,0,
0x04E4,cleared,0x00,0,
0x04E5,cleared,0x00,0,
0x04E6,cleared,0x00,0,
0x04E7,cleared,0x00,0,
0x04E8,cleared,0x00,0,
0x04E9,cleared,0x00,0,
0x04EA,cleared,0x00,0,
0x04EB,cleared,0x00,0,
0x04EC,cleared,0x00,0,
0x04ED,cleared,0x00,0,
0x04EE,cleared,0x00,0,
0x04EF,cleared,0x00,0,
0x04F0,cleared,0x00,0,
0x04F1,cleared,0x00,0,
0x04F2,cleared,0x00,6,bank1=6
0x04F3,cleared,0x00,0,
0x04F4,cleared,0x00,3,bank1=3
0x04F5,cleared,0x00,0,
0x04F6,cleared,0x00,3,bank1=3
0x04F7,cleared,0x00,0,
0x04F8,cleared,0x00,1,bank1=1
0x04F9,cleared,0x00,0,
0x04FA,cleared,0x00,0,
0x04FB,cleared,0x00,0,
0x04FC,cleared,0x00,5,bank1=5
0x04FD,cleared,0x00,0,
0x04FE,cleared,0x00,10,bank0=1 bank1=9
0x04FF,cleared,0x00,6,bank1=6
0x0500,cleared,0x00,0,
0x0501,cleared,0x00,0,
0x0502,cleared,0x00,7,bank1=7
0x0503,cleared,0x00,1,bank1=1
0x0504,cleared,0x00,2,bank1=2
0x0505,cleared,0x00,1,bank1=1
0x0506,cleared,0x00,9,bank1=9
0x0507,cleared,0x00,1,bank1=1
0x0508,cleared,0x00,3,bank1=3
0x0509,cleared,0x00,1,bank1=1
0x050A,cleared,0x00,2,bank1=2
0x050B,cleared,0x00,1,bank1=1
0x050C,cleared,0x00,1,bank1=1
0x050D,cleared,0x00,1,bank1=1
0x050E,cleared,0x00,3,bank1=3
0x050F,cleared,0x00,0,
0x0510,cleared,0x00,1,bank1=1
0x0511,cleared,0x00,0,
0x0512,cleared,0x00,1,bank1=1
0x0513,cleared,0x00,0,
0x0514,cleared,0x00,34,bank1=34
0x0515,cleared,0x00,0,
0x0516,cleared,0x00,3,bank1=3
0x0517,cleared,0x00,0,
0x0518,cleared,0x00,5,bank1=5
0x0519,cleared,0x00,1,bank1=1
0x051A,cleared,0x00,1,bank1=1
0x051B,cleared,0x00,1,bank1=1
0x051C,cleared,0x00,3,bank1=3
0x051D,cleared,0x00,0,
0x051E,cleared,0x00,1,bank1=1
0x051F,cleared,0x00,0,
0x0520,cleared,0x00,1,bank1=1
0x0521,cleared,0x00,0,
0x0522,cleared,0x00,10,bank0=1 bank1=9
0x0523,cleared,0x00,1,bank0=1
0x0524,cleared,0x00,9,bank1=9
0x0525,cleared,0x00,1,bank1=1
0x0526,cleared,0x00,3,bank1=3
0x0527,cleared,0x00,1,bank1=1
0x0528,cleared,0x00,2,bank1=2
0x0529,cleared,0x00,1,bank1=1
0x052A,cleared,0x00,3,bank1=3
0x052B,cleared,0x00,0,
0x052C,cleared,0x00,0,
0x052D,cleared,0x00,0,
0x052E,cleared,0x00,2,bank1=2
0x052F,cleared,0x00,0,
0x0530,cleared,0x00,0,
0x0531,cleared,0x00,0,
0x0532,cleared,0x00,1,bank1=1
0x0533,cleared,0x00,0,
0x0534,cleared,0x00,1,bank1=1
0x0535,cleared,0x00,0,
0x0536,cleared,0x00,1,bank1=1
0x0537,cleared,0x00,0,
0x0538,cleared,0x00,1,bank1=1
0x0539,cleared,0x00,13,bank0=1 bank1=12
0x053A,cleared,0x00,2,bank1=2
0x053B,cleared,0x00,0,
0x053C,cleared,0x00,2,bank1=2
0x053D,cleared,0x00,0,
0x053E,cleared,0x00,2,bank1=2
0x053F,cleared,0x00,0,
0x0540,cleared,0x00,2,bank1=2
0x0541,cleared,0x00,0,
0x0542,cleared,0x00,3,bank1=3
0x0543,cleared,0x00,0,
0x0544,cleared,0x00,2,bank1=2
0x0545,cleared,0x00,0,
0x0546,cleared,0x00,2,bank1=2
0x0547,cleared,0x00,0,
0x0548,cleared,0x00,2,bank1=2
0x0549,cleared,0x00,0,
0x054A,cleared,0x00,0,
0x054B,cleared,0x00,0,
0x054C,cleared,0x00,6,bank1=6
0x054D,cleared,0x00,1,bank1=1
0x054E,cleared,0x00,1,bank1=1
0x054F,cleared,0x00,0,
0x0550,cleared,0x00,0,
0x0551,cleared,0x00,0,
0x0552,cleared,0x00,0,
0x0553,cleared,0x00,0,
0x0554,cleared,0x00,0,
0x0555,cleared,0x00,0,
0x0556,cleared,0x00,0,
0x0557,cleared,0x00,0,
0x0558,cleared,0x00,0,
0x0559,cleared,0x00,0,
0x055A,cleared,0x00,0,
0x055B,cleared,0x00,0,
0x055C,cleared,0x00,0,
0x055D,cleared,0x00,0,
0x055E,cleared,0x00,0,
0x055F,cleared,0x00,3,bank1=3
0x0560,cleared,0x00,5,bank1=5
0x0561,cleared,0x00,5,bank1=5
0x0562,cleared,0x00,1,bank1=1
0x0563,cleared,0x00,2,bank1=2
0x0564,cleared,0x00,2,bank1=2
0x0565,cleared,0x00,0,
0x0566,cleared,0x00,1,bank1=1
0x0567,cleared,0x00,4,bank1=4
0x0568,cleared,0x00,5,bank1=5
0x0569,cleared,0x00,0,
0x056A,cleared,0x00,7,bank1=7
0x056B,cleared,0x00,6,bank1=6
0x056C,cleared,0x00,1,bank1=1
0x056D,cleared,0x00,0,
0x056E,cleared,0x00,2,bank1=2
0x056F,cleared,0x00,0,
0x0570,cleared,0x00,0,
0x0571,cleared,0x00,2,bank1=2
0x0572,cleared,0x00,7,bank1=7
0x0573,cleared,0x00,2,bank1=2
0x0574,cleared,0x00,7,bank1=7
0x0575,cleared,0x00,9,bank1=9
0x0576,cleared,0x00,3,bank1=3
0x0577,cleared,0x00,3,bank1=3
0x0578,cleared,0x00,3,bank1=3
0x0579,cleared,0x00,2,bank1=2
0x057A,cleared,0x00,2,bank1=2
0x057B,cleared,0x00,3,bank1=3
0x057C,cleared,0x00,3,bank1=3
0x057D,cleared,0x00,3,bank1=3
0x057E,cleared,0x00,0,
0x057F,cleared,0x00,0,
0x0580,cleared,0x00,0,
0x0581,cleared,0x00,0,
0x0582,cleared,0x00,0,
0x0583,cleared,0x00,0,
0x0584,cleared,0x00,0,
0x0585,cleared,0x00,0,
0x0586,cleared,0x00,0,
0x0587,cleared,0x00,0,
0x0588,cleared,0x00,0,
0x0589,cleared,0x00,0,
0x058A,cleared,0x00,0,
0x058B,cleared,0x00,0,
0x058C,cleared,0x00,0,
0x058D,cleared,0x00,0,
0x058E,cleared,0x00,0,
0x058F,cleared,0x00,0,
0x0590,cleared,0x00,0,
0x0591,cleared,0x00,0,
0x0592,cleared,0x00,0,
0x0593,cleared,0x00,0,
0x0594,cleared,0x00,0,
0x0595,cleared,0x00,0,
0x0596,cleared,0x00,0,
0x0597,cleared,0x00,0,
0x0598,cleared,0x00,0,
0x0599,cleared,0x00,0,
0x059A,cleared,0x00,0,
0x059B,cleared,0x00,0,
0x059C,cleared,0x00,0,
0x059D,cleared,0x00,0,
0x059E,cleared,0x00,0,
0x059F,cleared,0x00,0,
0x05A0,cleared,0x00,0,
0x05A1,cleared,0x00,0,
0x05A2,cleared,0x00,0,
0x05A3,cleared,0x00,0,
0x05A4,cleared,0x00,0,
0x05A5,cleared,0x00,0,
0x05A6,cleared,0x00,0,
0x05A7,cleared,0x00,0,
0x05A8,cleared,0x00,0,
0x05A9,cleared,0x00,0,
0x05AA,cleared,0x00,0,
0x05AB,cleared,0x00,0,
0x05AC,cleared,0x00,0,
0x05AD,cleared,0x00,0,
0x05AE,cleared,0x00,0,
0x05AF,cleared,0x00,0,
0x05B0,cleared,0x00,0,
0x05B1,cleared,0x00,0,
0x05B2,cleared,0x00,1,bank1=1
0x05B3,cleared,0x00,0,
0x05B4,cleared,0x00,0,
0x05B5,cleared,0x00,0,
0x05B6,cleared,0x00,0,
0x05B7,cleared,0x00,0,
0x05B8,cleared,0x00,0,
0x05B9,cleared,0x00,2,bank1=2
0x05BA,cleared,0x00,0,
0x05BB,cleared,0x00,0,
0x05BC,cleared,0x00,0,
0x05BD,cleared,0x00,0,
0x05BE,cleared,0x00,0,
0x05BF,cleared,0x00,0,
0x05C0,cleared,0x00,0,
0x05C1,cleared,0x00,0,
0x05C2,cleared,0x00,1,bank1=1
0x05C3,cleared,0x00,0,
0x05C4,cleared,0x00,0,
0x05C5,cleared,0x00,0,
0x05C6,cleared,0x00,0,
0x05C7,cleared,0x00,0,
0x05C8,cleared,0x00,0,
0x05C9,cleared,0x00,0,
0x05CA,cleared,0x00,0,
0x05CB,cleared,0x00,0,
0x05CC,cleared,0x00,1,bank1=1
0x05CD,cleared,0x00,0,
0x05CE,cleared,0x00,0,
0x05CF,cleared,0x00,0,
0x05D0,cleared,0x00,0,
0x05D1,cleared,0x00,0,
0x05D2,cleared,0x00,0,
0x05D3,cleared,0x00,0,
0x05D4,cleared,0x00,0,
0x05D5,cleared,0x00,0,
0x05D6,cleared,0x00,0,
0x05D7,cleared,0x00,0,
0x05D8,cleared,0x00,0,
0x05D9,cleared,0x00,0,
0x05DA,cleared,0x00,0,
0x05DB,cleared,0x00,0,
0x05DC,cleared,0x00,0,
0x05DD,cleared,0x00,0,
0x05DE,cleared,0x00,0,
0x05DF,cleared,0x00,0,
0x05E0,cleared,0x00,1,bank1=1
0x05E1,cleared,0x00,1,bank1=1
0x05E2,cleared,0x00,0,
0x05E3,cleared,0x00,1,bank1=1
0x05E4,cleared,0x00,1,bank1=1
0x05E5,cleared,0x00,0,
0x05E6,cleared,0x00,0,
0x05E7,cleared,0x00,0,
0x05E8,cleared,0x00,0,
0x05E9,cleared,0x00,0,
0x05EA,cleared,0x00,0,
0x05EB,cleared,0x00,0,
0x05EC,cleared,0x00,0,
0x05ED,cleared,0x00,0,
0x05EE,cleared,0x00,0,
0x05EF,cleared,0x00,0,
0x05F0,cleared,0x00,3,bank1=3
0x05F1,cleared,0x00,3,bank1=3
0x05F2,cleared,0x00,2,bank1=2
0x05F3,cleared,0x00,2,bank1=2
0x05F4,cleared,0x00,2,bank1=2
0x05F5,cleared,0x00,2,bank1=2
0x05F6,cleared,0x00,3,bank1=3
0x05F7,cleared,0x00,0,
0x05F8,cleared,0x00,0,
0x05F9,cleared,0x00,0,
0x05FA,cleared,0x00,0,
0x05FB,cleared,0x00,0,
0x05FC,cleared,0x00,0,
0x05FD,cleared,0x00,0,
0x05FE,cleared,0x00,0,
0x05FF,cleared,0x00,0,
0x0600,cleared,0x00,2,bank0=2
0x0601,cleared,0x00,2,bank0=2
0x0602,cleared,0x00,3,bank0=3
0x0603,cleared,0x00,2,bank0=2
0x0604,cleared,0x00,2,bank0=2
0x0605,cleared,0x00,2,bank0=2
0x0606,cleared,0x00,4,bank0=4
0x0607,cleared,0x00,3,bank0=3
0x0608,cleared,0x00,5,bank0=3 bank1=2
0x0609,cleared,0x00,3,bank0=3
0x060A,cleared,0x00,7,bank0=2 bank1=5
0x060B,cleared,0x00,2,bank0=2
0x060C,cleared,0x00,3,bank0=2 bank1=1
0x060D,cleared,0x00,2,bank0=2
0x060E,cleared,0x00,4,bank0=2 bank1=2
0x060F,cleared,0x00,2,bank0=2
0x0610,cleared,0x00,12,bank0=10 bank1=2
0x0611,cleared,0x00,1,bank1=1
0x0612,cleared,0x00,0,
0x0613,cleared,0x00,1,bank1=1
0x0614,cleared,0x00,0,
0x0615,cleared,0x00,1,bank1=1
0x0616,cleared,0x00,0,
0x0617,cleared,0x00,0,
0x0618,cleared,0x00,0,
0x0619,cleared,0x00,0,
0x061A,cleared,0x00,0,
0x061B,cleared,0x00,0,
0x061C,cleared,0x00,0,
0x061D,cleared,0x00,0,
0x061E,cleared,0x00,0,
0x061F,cleared,0x00,0,
0x0620,cleared,0x00,4,bank1=4
0x0621,cleared,0x00,2,bank1=2
0x0622,cleared,0x00,6,bank0=2 bank1=4
0x0623,cleared,0x00,7,bank1=7
0x0624,cleared,0x00,0,
0x0625,cleared,0x00,0,
0x0626,cleared,0x00,4,bank1=4
0x0627,cleared,0x00,5,bank1=5
0x0628,cleared,0x00,2,bank1=2
0x0629,cleared,0x00,0,
0x062A,cleared,0x00,0,
0x062B,cleared,0x00,0,
0x062C,cleared,0x00,0,
0x062D,cleared,0x00,0,
0x062E,cleared,0x00,3,bank1=3
0x062F,cleared,0x00,0,
0x0630,cleared,0x00,1,bank1=1
0x0631,cleared,0x00,3,bank0=1 bank1=2
0x0632,cleared,0x00,0,
0x0633,cleared,0x00,3,bank0=1 bank1=2
0x0634,cleared,0x00,0,
0x0635,cleared,0x00,1,bank1=1
0x0636,cleared,0x00,3,bank1=2 common=1
0x0637,cleared,0x00,2,bank1=2
0x0638,cleared,0x00,1,bank1=1
0x0639,cleared,0x00,1,bank1=1
0x063A,cleared,0x00,1,bank1=1
0x063B,cleared,0x00,0,
0x063C,cleared,0x00,0,
0x063D,cleared,0x00,0,
0x063E,cleared,0x00,0,
0x063F,cleared,0x00,0,
0x0640,cleared,0x00,0,
0x0641,cleared,0x00,0,
0x0642,cleared,0x00,0,
0x0643,cleared,0x00,0,
0x0644,cleared,0x00,0,
0x0645,cleared,0x00,0,
0x0646,cleared,0x00,9,bank1=9
0x0647,cleared,0x00,0,
0x0648,cleared,0x00,3,bank1=3
0x0649,cleared,0x00,0,
0x064A,cleared,0x00,0,
0x064B,cleared,0x00,0,
0x064C,cleared,0x00,0,
0x064D,cleared,0x00,0,
0x064E,cleared,0x00,0,
0x064F,cleared,0x00,0,
0x0650,cleared,0x00,0,
0x0651,cleared,0x00,0,
0x0652,cleared,0x00,0,
0x0653,cleared,0x00,0,
0x0654,cleared,0x00,0,
0x0655,cleared,0x00,0,
0x0656,cleared,0x00,0,
0x0657,cleared,0x00,0,
0x0658,cleared,0x00,0,
0x0659,cleared,0x00,0,
0x065A,cleared,0x00,0,
0x065B,cleared,0x00,0,
0x065C,cleared,0x00,0,
0x065D,cleared,0x00,0,
0x065E,cleared,0x00,0,
0x065F,cleared,0x00,0,
0x0660,cleared,0x00,1,pd-image=1
0x0661,cleared,0x00,2,pd-image=2
0x0662,cleared,0x00,0,
0x0663,cleared,0x00,0,
0x0664,cleared,0x00,0,
0x0665,cleared,0x00,6,pd-image=6
0x0666,cleared,0x00,3,pd-image=3
0x0667,cleared,0x00,5,pd-image=5
0x0668,cleared,0x00,0,
0x0669,cleared,0x00,0,
0x066A,cleared,0x00,0,
0x066B,cleared,0x00,4,pd-image=4
0x066C,cleared,0x00,2,pd-image=2
0x066D,cleared,0x00,1,pd-image=1
0x066E,cleared,0x00,2,pd-image=2
0x066F,cleared,0x00,1,pd-image=1
0x0670,cleared,0x00,15,bank0=9 pd-image=6
0x0671,cleared,0x00,0,
0x0672,cleared,0x00,6,bank0=4 pd-image=2
0x0673,cleared,0x00,2,bank0=2
0x0674,cleared,0x00,0,
0x0675,cleared,0x00,8,pd-image=8
0x0676,cleared,0x00,0,
0x0677,cleared,0x00,4,pd-image=4
0x0678,cleared,0x00,3,bank1=2 pd-image=1
0x0679,cleared,0x00,3,bank1=2 pd-image=1
0x067A,cleared,0x00,1,pd-image=1
0x067B,cleared,0x00,1,pd-image=1
0x067C,cleared,0x00,2,bank1=2
0x067D,cleared,0x00,2,bank1=2
0x067E,cleared,0x00,2,bank1=2
0x067F,cleared,0x00,0,
0x0680,cleared,0x00,19,bank1=19
0x0681,cleared,0x00,15,bank1=15
0x0682,cleared,0x00,3,bank1=3
0x0683,cleared,0x00,2,bank1=2
0x0684,cleared,0x00,0,
0x0685,cleared,0x00,0,
0x0686,cleared,0x00,2,bank1=2
0x0687,cleared,0x00,0,
0x0688,cleared,0x00,0,
0x0689,cleared,0x00,0,
0x068A,cleared,0x00,4,bank1=4
0x068B,cleared,0x00,12,bank1=12
0x068C,cleared,0x00,13,bank1=13
0x068D,cleared,0x00,9,bank1=9
0x068E,cleared,0x00,0,
0x068F,cleared,0x00,0,
0x0690,cleared,0x00,0,
0x0691,cleared,0x00,2,bank1=2
0x0692,cleared,0x00,0,
0x0693,cleared,0x00,0,
0x0694,cleared,0x00,8,bank1=6 pd-image=2
0x0695,cleared,0x00,0,
0x0696,cleared,0x00,1,bank1=1
0x0697,cleared,0x00,0,
0x0698,cleared,0x00,0,
0x0699,cleared,0x00,8,bank1=2 pd-image=6
0x069A,cleared,0x00,5,pd-image=5
0x069B,cleared,0x00,6,pd-image=6
0x069C,cleared,0x00,0,
0x069D,cleared,0x00,3,bank1=3
0x069E,cleared,0x00,0,
0x069F,cleared,0x00,0,
0x06A0,cleared,0x00,0,
0x06A1,cleared,0x00,0,
0x06A2,cleared,0x00,0,
0x06A3,cleared,0x00,0,
0x06A4,cleared,0x00,0,
0x06A5,cleared,0x00,0,
0x06A6,cleared,0x00,0,
0x06A7,cleared,0x00,0,
0x06A8,cleared,0x00,0,
0x06A9,cleared,0x00,0,
0x06AA,cleared,0x00,0,
0x06AB,cleared,0x00,0,
0x06AC,cleared,0x00,0,
0x06AD,cleared,0x00,0,
0x06AE,cleared,0x00,0,
0x06AF,cleared,0x00,0,
0x06B0,cleared,0x00,0,
0x06B1,cleared,0x00,0,
0x06B2,cleared,0x00,0,
0x06B3,cleared,0x00,0,
0x06B4,cleared,0x00,0,
0x06B5,cleared,0x00,0,
0x06B6,cleared,0x00,0,
0x06B7,cleared,0x00,0,
0x06B8,cleared,0x00,0,
0x06B9,cleared,0x00,0,
0x06BA,cleared,0x00,0,
0x06BB,cleared,0x00,0,
0x06BC,cleared,0x00,0,
0x06BD,cleared,0x00,0,
0x06BE,cleared,0x00,0,
0x06BF,cleared,0x00,0,
0x06C0,cleared,0x00,2,bank1=2
0x06C1,cleared,0x00,0,
0x06C2,cleared,0x00,15,bank0=3 bank1=12
0x06C3,cleared,0x00,2,bank1=2
0x06C4,cleared,0x00,1,bank1=1
0x06C5,cleared,0x00,4,bank0=1 bank1=3
0x06C6,cleared,0x00,3,bank1=3
0x06C7,cleared,0x00,0,
0x06C8,cleared,0x00,0,
0x06C9,cleared,0x00,0,
0x06CA,cleared,0x00,0,
0x06CB,cleared,0x00,0,
0x06CC,cleared,0x00,5,bank0=2 bank1=3
0x06CD,cleared,0x00,3,bank1=3
0x06CE,cleared,0x00,5,bank1=5
0x06CF,cleared,0x00,5,bank1=5
0x06D0,cleared,0x00,3,bank1=3
0x06D1,cleared,0x00,8,bank0=4 bank1=4
0x06D2,cleared,0x00,3,bank1=3
0x06D3,cleared,0x00,0,
0x06D4,cleared,0x00,5,bank1=5
0x06D5,cleared,0x00,0,
0x06D6,cleared,0x00,1,bank1=1
0x06D7,cleared,0x00,0,
0x06D8,cleared,0x00,2,bank1=2
0x06D9,cleared,0x00,3,bank1=3
0x06DA,cleared,0x00,5,bank1=5
0x06DB,cleared,0x00,4,bank0=2 bank1=2
0x06DC,cleared,0x00,0,
0x06DD,cleared,0x00,0,
0x06DE,cleared,0x00,0,
0x06DF,cleared,0x00,0,
0x06E0,cleared,0x00,0,
0x06E1,cleared,0x00,23,bank1=23
0x06E2,cleared,0x00,3,bank0=3
0x06E3,cleared,0x00,5,bank0=2 bank1=3
0x06E4,cleared,0x00,3,bank1=3
0x06E5,cleared,0x00,0,
0x06E6,cleared,0x00,65,bank0=34 bank1=31
0x06E7,cleared,0x00,11,bank0=11
0x06E8,cleared,0x00,6,bank0=6
0x06E9,cleared,0x00,0,
0x06EA,cleared,0x00,5,bank0=5
0x06EB,cleared,0x00,1,bank0=1
0x06EC,cleared,0x00,2,bank0=2
0x06ED,cleared,0x00,0,
0x06EE,cleared,0x00,0,
0x06EF,cleared,0x00,0,
0x06F0,cleared,0x00,0,
0x06F1,cleared,0x00,1,bank1=1
0x06F2,cleared,0x00,2,bank1=2
0x06F3,cleared,0x00,1,bank1=1
0x06F4,cleared,0x00,0,
0x06F5,cleared,0x00,0,
0x06F6,cleared,0x00,0,
0x06F7,cleared,0x00,1,bank1=1
0x06F8,cleared,0x00,6,bank1=6
0x06F9,cleared,0x00,3,bank1=3
0x06FA,cleared,0x00,1,bank1=1
0x06FB,cleared,0x00,5,bank1=5
0x06FC,cleared,0x00,5,bank1=5
0x06FD,cleared,0x00,4,bank1=4
0x06FE,cleared,0x00,4,bank1=4
0x06FF,cleared,0x00,10,bank1=10
0x0700,cleared,0x00,1,bank1=1
0x0701,cleared,0x00,0,
0x0702,cleared,0x00,1,bank1=1
0x0703,cleared,0x00,0,
0x0704,cleared,0x00,6,bank0=1 bank1=5
0x0705,cleared,0x00,2,bank1=2
0x0706,cleared,0x00,1,bank1=1
0x0707,cleared,0x00,3,bank1=3
0x0708,cleared,0x00,0,
0x0709,cleared,0x00,3,bank1=3
0x070A,cleared,0x00,3,bank0=3
0x070B,cleared,0x00,2,bank1=2
0x070C,cleared,0x00,6,bank1=6
0x070D,cleared,0x00,4,bank1=4
0x070E,cleared,0x00,2,bank1=2
0x070F,cleared,0x00,2,bank1=2
0x0710,cleared,0x00,1,bank1=1
0x0711,cleared,0x00,0,
0x0712,cleared,0x00,0,
0x0713,cleared,0x00,0,
0x0714,cleared,0x00,0,
0x0715,cleared,0x00,0,
0x0716,cleared,0x00,0,
0x0717,cleared,0x00,0,
0x0718,cleared,0x00,0,
0x0719,cleared,0x00,0,
0x071A,cleared,0x00,0,
0x071B,cleared,0x00,0,
0x071C,cleared,0x00,0,
0x071D,cleared,0x00,0,
0x071E,cleared,0x00,0,
0x071F,cleared,0x00,0,
0x0720,cleared,0x00,13,bank0=1 bank1=12
0x0721,cleared,0x00,0,
0x0722,cleared,0x00,2,bank1=2
0x0723,cleared,0x00,16,bank0=10 bank1=6
0x0724,cleared,0x00,9,bank1=9
0x0725,cleared,0x00,3,bank0=1 bank1=2
0x0726,cleared,0x00,0,
0x0727,cleared,0x00,0,
0x0728,cleared,0x00,0,
0x0729,cleared,0x00,0,
0x072A,cleared,0x00,0,
0x072B,cleared,0x00,0,
0x072C,cleared,0x00,3,bank1=3
0x072D,cleared,0x00,4,bank0=1 bank1=3
0x072E,cleared,0x00,0,
0x072F,cleared,0x00,0,
0x0730,cleared,0x00,2,bank0=2
0x0731,cleared,0x00,2,bank0=2
0x0732,cleared,0x00,1,bank0=1
0x0733,cleared,0x00,1,bank0=1
0x0734,cleared,0x00,1,bank0=1
0x0735,cleared,0x00,2,bank0=2
0x0736,cleared,0x00,1,bank0=1
0x0737,cleared,0x00,2,bank0=2
0x0738,cleared,0x00,0,
0x0739,cleared,0x00,1,bank0=1
0x073A,cleared,0x00,2,bank0=2
0x073B,cleared,0x00,0,
0x073C,cleared,0x00,14,bank0=12 bank1=1 common=1
0x073D,cleared,0x00,0,
0x073E,cleared,0x00,0,
0x073F,cleared,0x00,4,bank0=3 bank1=1
0x0740,cleared,0x00,1,bank0=1
0x0741,cleared,0x00,35,bank0=30 bank1=5
0x0742,cleared,0x00,1,bank0=1
0x0743,cleared,0x00,7,bank0=7
0x0744,cleared,0x00,1,bank0=1
0x0745,cleared,0x00,1,bank0=1
0x0746,cleared,0x00,1,bank0=1
0x0747,cleared,0x00,0,
0x0748,cleared,0x00,0,
0x0749,cleared,0x00,0,
0x074A,cleared,0x00,0,
0x074B,cleared,0x00,0,
0x074C,cleared,0x00,9,bank0=7 bank1=2
0x074D,cleared,0x00,0,
0x074E,cleared,0x00,4,bank0=2 common=2
0x074F,cleared,0x00,0,
0x0750,cleared,0x00,5,bank1=5
0x0751,cleared,0x00,29,bank0=28 bank1=1
0x0752,cleared,0x00,0,
0x0753,cleared,0x00,0,
0x0754,cleared,0x00,0,
0x0755,cleared,0x00,2,bank1=2
0x0756,cleared,0x00,10,bank1=10
0x0757,cleared,0x00,2,bank1=2
0x0758,cleared,0x00,4,bank1=4
0x0759,cleared,0x00,0,
0x075A,cleared,0x00,0,
0x075B,cleared,0x00,3,bank0=3
0x075C,cleared,0x00,3,bank0=3
0x075D,cleared,0x00,2,bank0=2
0x075E,cleared,0x00,2,bank0=1 bank1=1
0x075F,cleared,0x00,1,bank1=1
0x0760,cleared,0x00,3,bank0=1 bank1=1 common=1
0x0761,cleared,0x00,0,
0x0762,cleared,0x00,3,bank1=3
0x0763,cleared,0x00,3,bank1=3
0x0764,cleared,0x00,1,bank1=1
0x0765,cleared,0x00,0,
0x0766,cleared,0x00,7,bank0=5 bank1=2
0x0767,cleared,0x00,10,bank0=10
0x0768,cleared,0x00,8,bank0=5 bank1=3
0x0769,cleared,0x00,4,bank0=4
0x076A,cleared,0x00,4,bank0=4
0x076B,cleared,0x00,4,bank0=4
0x076C,cleared,0x00,1,bank0=1
0x076D,cleared,0x00,1,bank0=1
0x076E,cleared,0x00,1,bank0=1
0x076F,cleared,0x00,2,bank0=2
0x0770,cleared,0x00,9,bank0=9
0x0771,cleared,0x00,0,
0x0772,cleared,0x00,0,
0x0773,cleared,0x00,0,
0x0774,cleared,0x00,0,
0x0775,cleared,0x00,0,
0x0776,cleared,0x00,0,
0x0777,cleared,0x00,0,
0x0778,cleared,0x00,0,
0x0779,cleared,0x00,0,
0x077A,cleared,0x00,0,
0x077B,cleared,0x00,0,
0x077C,cleared,0x00,0,
0x077D,cleared,0x00,0,
0x077E,cleared,0x00,2,bank0=2
0x077F,cleared,0x00,0,
0x0780,cleared,0x00,4,bank0=4
0x0781,cleared,0x00,2,bank0=2
0x0782,cleared,0x00,11,bank0=11
0x0783,cleared,0x00,5,bank0=5
0x0784,cleared,0x00,5,bank0=5
0x0785,cleared,0x00,5,bank0=5
0x0786,cleared,0x00,4,bank0=4
0x0787,cleared,0x00,5,bank0=5
0x0788,cleared,0x00,4,bank0=4
0x0789,cleared,0x00,0,
0x078A,cleared,0x00,0,
0x078B,cleared,0x00,3,bank0=2 bank1=1
0x078C,cleared,0x00,7,bank0=7
0x078D,cleared,0x00,0,
0x078E,cleared,0x00,2,bank0=2
0x078F,cleared,0x00,0,
0x0790,cleared,0x00,4,bank0=4
0x0791,cleared,0x00,2,bank0=2
0x0792,cleared,0x00,1,bank0=1
0x0793,cleared,0x00,2,bank0=2
0x0794,cleared,0x00,1,bank0=1
0x0795,cleared,0x00,2,bank0=2
0x0796,cleared,0x00,1,bank0=1
0x0797,cleared,0x00,1,bank0=1
0x0798,cleared,0x00,1,bank0=1
0x0799,cleared,0x00,1,bank0=1
0x079A,cleared,0x00,4,bank0=4
0x079B,cleared,0x00,1,bank0=1
0x079C,cleared,0x00,1,bank0=1
0x079D,cleared,0x00,2,bank0=2
0x079E,cleared,0x00,0,
0x079F,cleared,0x00,0,
0x07A0,cleared,0x00,0,
0x07A1,cleared,0x00,4,pd-image=4
0x07A2,cleared,0x00,0,
0x07A3,cleared,0x00,4,pd-image=4
0x07A4,cleared,0x00,4,bank0=2 bank1=2
0x07A5,cleared,0x00,5,bank0=5
0x07A6,cleared,0x00,7,bank0=7
0x07A7,cleared,0x00,2,bank0=2
0x07A8,cleared,0x00,2,bank0=2
0x07A9,cleared,0x00,1,bank0=1
0x07AA,cleared,0x00,1,bank0=1
0x07AB,cleared,0x00,0,
0x07AC,cleared,0x00,0,
0x07AD,cleared,0x00,0,
0x07AE,cleared,0x00,0,
0x07AF,cleared,0x00,0,
0x07B0,cleared,0x00,0,
0x07B1,cleared,0x00,0,
0x07B2,cleared,0x00,0,
0x07B3,cleared,0x00,0,
0x07B4,cleared,0x00,0,
0x07B5,cleared,0x00,0,
0x07B6,cleared,0x00,0,
0x07B7,cleared,0x00,0,
0x07B8,cleared,0x00,0,
0x07B9,cleared,0x00,0,
0x07BA,cleared,0x00,0,
0x07BB,cleared,0x00,0,
0x07BC,cleared,0x00,0,
0x07BD,cleared,0x00,0,
0x07BE,cleared,0x00,0,
0x07BF,cleared,0x00,4,pd-image=4
0x07C0,cleared,0x00,1,pd-image=1
0x07C1,cleared,0x00,1,pd-image=1
0x07C2,cleared,0x00,1,pd-image=1
0x07C3,cleared,0x00,8,bank0=8
0x07C4,cleared,0x00,8,bank0=5 pd-image=3
0x07C5,cleared,0x00,10,bank0=10
0x07C6,cleared,0x00,12,bank0=11 common=1
0x07C7,cleared,0x00,0,
0x07C8,cleared,0x00,0,
0x07C9,cleared,0x00,15,pd-image=15
0x07CA,cleared,0x00,11,pd-image=11
0x07CB,cleared,0x00,2,pd-image=2
0x07CC,cleared,0x00,6,pd-image=6
0x07CD,cleared,0x00,5,pd-image=5
0x07CE,cleared,0x00,2,pd-image=2
0x07CF,cleared,0x00,55,pd-image=55
0x07D0,cleared,0x00,254,pd-image=254
0x07D1,cleared,0x00,76,pd-image=76
0x07D2,cleared,0x00,47,pd-image=47
0x07D3,cleared,0x00,11,bank0=4 pd-image=7
0x07D4,cleared,0x00,70,bank0=2 pd-image=68
0x07D5,cleared,0x00,28,bank0=4 pd-image=24
0x07D6,cleared,0x00,142,pd-image=142
0x07D7,cleared,0x00,71,pd-image=71
0x07D8,cleared,0x00,34,bank0=1 pd-image=33
0x07D9,cleared,0x00,16,bank0=1 pd-image=15
0x07DA,cleared,0x00,53,bank0=1 pd-image=52
0x07DB,cleared,0x00,21,pd-image=21
0x07DC,cleared,0x00,19,pd-image=19
0x07DD,cleared,0x00,20,pd-image=20
0x07DE,cleared,0x00,8,pd-image=8
0x07DF,cleared,0x00,15,pd-image=15
0x07E0,cleared,0x00,9,pd-image=9
0x07E1,cleared,0x00,11,pd-image=11
0x07E2,cleared,0x00,15,pd-image=15
0x07E3,cleared,0x00,9,pd-image=9
0x07E4,cleared,0x00,4,pd-image=4
0x07E5,cleared,0x00,10,pd-image=10
0x07E6,cleared,0x00,6,pd-image=6
0x07E7,cleared,0x00,3,pd-image=3
0x07E8,cleared,0x00,3,pd-image=3
0x07E9,cleared,0x00,3,pd-image=3
0x07EA,cleared,0x00,2,pd-image=2
0x07EB,cleared,0x00,0,
0x07EC,cleared,0x00,2,pd-image=2
0x07ED,cleared,0x00,1,pd-image=1
0x07EE,cleared,0x00,3,pd-image=3
0x07EF,cleared,0x00,0,
0x07F0,cleared,0x00,0,
0x07F1,cleared,0x00,0,
0x07F2,cleared,0x00,3,bank0=2 bank1=1
0x07F3,cleared,0x00,9,bank1=4 pd-image=5
0x07F4,cleared,0x00,0,
0x07F5,cleared,0x00,6,pd-image=6
0x07F6,cleared,0x00,9,bank1=5 pd-image=4
0x07F7,cleared,0x00,2,pd-image=2
0x07F8,cleared,0x00,3,pd-image=3
0x07F9,cleared,0x00,3,pd-image=3
0x07FA,cleared,0x00,4,pd-image=4
0x07FB,cleared,0x00,5,pd-image=5
0x07FC,cleared,0x00,1,pd-image=1
0x07FD,spared,none,7,bank0=3 bank1=4
0x07FE,spared,none,9,bank0=3 bank1=4 pd-image=2
0x07FF,spared,none,8,bank0=3 bank1=4 pd-image=1
0x0800,cleared,0x00,7,bank1=6 pd-image=1
0x0801,cleared,0x00,17,bank1=17
0x0802,cleared,0x00,2,bank1=1 pd-image=1
0x0803,cleared,0x00,142,bank1=3 pd-image=139
0x0804,cleared,0x00,12,bank1=2 pd-image=10
0x0805,cleared,0x00,9,bank1=3 pd-image=6
0x0806,cleared,0x00,25,bank0=5 bank1=3 pd-image=17
0x0807,cleared,0x00,9,pd-image=9
0x0808,cleared,0x00,1,bank1=1
0x0809,cleared,0x00,39,bank1=2 pd-image=37
0x080A,cleared,0x00,22,pd-image=22
0x080B,cleared,0x00,11,bank1=1 pd-image=10
0x080C,cleared,0x00,29,bank0=4 bank1=3 pd-image=22
0x080D,cleared,0x00,78,bank1=4 pd-image=74
0x080E,cleared,0x00,17,bank1=3 pd-image=14
0x080F,cleared,0x00,33,bank0=3 bank1=2 pd-image=28
0x0810,cleared,0x00,3,pd-image=3
0x0811,cleared,0x00,7,bank1=2 pd-image=5
0x0812,cleared,0x00,9,pd-image=9
0x0813,cleared,0x00,4,pd-image=4
0x0814,cleared,0x00,8,pd-image=8
0x0815,cleared,0x00,17,bank0=2 pd-image=15
0x0816,cleared,0x00,9,bank0=5 pd-image=4
0x0817,cleared,0x00,21,bank0=9 bank1=3 pd-image=9
0x0818,cleared,0x00,1,bank1=1
0x0819,cleared,0x00,7,bank1=1 pd-image=6
0x081A,cleared,0x00,2,bank1=1 pd-image=1
0x081B,cleared,0x00,9,bank1=1 pd-image=8
0x081C,cleared,0x00,1,bank1=1
0x081D,cleared,0x00,4,bank0=1 bank1=2 pd-image=1
0x081E,cleared,0x00,20,bank0=10 bank1=1 pd-image=9
0x081F,cleared,0x00,7,bank1=1 pd-image=6
0x0820,cleared,0x00,6,bank1=6
0x0821,cleared,0x00,8,bank1=2 pd-image=6
0x0822,cleared,0x00,5,bank1=3 pd-image=2
0x0823,cleared,0x00,8,bank0=3 bank1=2 pd-image=3
0x0824,cleared,0x00,6,bank0=3 bank1=3
0x0825,cleared,0x00,13,bank0=6 bank1=1 pd-image=6
0x0826,cleared,0x00,30,bank0=13 bank1=3 pd-image=14
0x0827,cleared,0x00,12,bank0=6 bank1=1 pd-image=5
0x0828,cleared,0x00,3,bank0=2 bank1=1
0x0829,cleared,0x00,3,bank0=2 bank1=1
0x082A,cleared,0x00,4,pd-image=4
0x082B,cleared,0x00,0,
0x082C,cleared,0x00,2,pd-image=2
0x082D,cleared,0x00,0,
0x082E,cleared,0x00,5,pd-image=5
0x082F,cleared,0x00,4,bank1=4
0x0830,cleared,0x00,3,bank1=3
0x0831,cleared,0x00,3,bank1=3
0x0832,cleared,0x00,89,bank0=4 bank1=23 pd-image=62
0x0833,cleared,0x00,11,pd-image=11
0x0834,cleared,0x00,60,bank1=35 pd-image=25
0x0835,cleared,0x00,11,bank1=2 pd-image=9
0x0836,cleared,0x00,18,bank1=7 pd-image=11
0x0837,cleared,0x00,8,bank1=1 pd-image=7
0x0838,cleared,0x00,9,bank0=1 bank1=1 pd-image=7
0x0839,cleared,0x00,6,bank1=1 pd-image=5
0x083A,cleared,0x00,17,bank0=3 bank1=1 pd-image=13
0x083B,cleared,0x00,17,bank0=3 bank1=1 pd-image=13
0x083C,cleared,0x00,8,bank1=3 pd-image=5
0x083D,cleared,0x00,39,bank1=3 pd-image=36
0x083E,cleared,0x00,8,bank1=3 pd-image=5
0x083F,cleared,0x00,2,pd-image=2
0x0840,cleared,0x00,0,
0x0841,cleared,0x00,15,bank1=1 pd-image=14
0x0842,cleared,0x00,0,
0x0843,cleared,0x00,1,bank1=1
0x0844,cleared,0x00,1,bank1=1
0x0845,cleared,0x00,11,bank1=6 pd-image=5
0x0846,cleared,0x00,7,bank1=3 common=1 pd-image=3
0x0847,cleared,0x00,0,
0x0848,cleared,0x00,15,bank1=6 pd-image=9
0x0849,cleared,0x00,8,pd-image=8
0x084A,cleared,0x00,2,pd-image=2
0x084B,cleared,0x00,0,
0x084C,cleared,0x00,12,bank0=4 pd-image=8
0x084D,cleared,0x00,7,bank0=4 pd-image=3
0x084E,cleared,0x00,3,bank1=3
0x084F,cleared,0x00,5,bank0=5
0x0850,cleared,0x00,10,bank0=1 bank1=1 pd-image=8
0x0851,cleared,0x00,8,bank0=1 pd-image=7
0x0852,cleared,0x00,23,bank0=5 pd-image=18
0x0853,cleared,0x00,8,bank0=5 pd-image=3
0x0854,cleared,0x00,6,bank0=5 pd-image=1
0x0855,cleared,0x00,19,bank0=4 pd-image=15
0x0856,cleared,0x00,13,pd-image=13
0x0857,cleared,0x00,13,bank0=9 pd-image=4
0x0858,cleared,0x00,9,bank0=1 pd-image=8
0x0859,cleared,0x00,9,bank0=2 pd-image=7
0x085A,cleared,0x00,7,bank1=2 pd-image=5
0x085B,cleared,0x00,6,bank1=2 pd-image=4
0x085C,cleared,0x00,7,pd-image=7
0x085D,cleared,0x00,4,pd-image=4
0x085E,cleared,0x00,16,pd-image=16
0x085F,cleared,0x00,6,bank0=4 pd-image=2
0x0860,cleared,0x00,9,bank0=7 pd-image=2
0x0861,cleared,0x00,3,bank0=1 pd-image=2
0x0862,cleared,0x00,5,bank0=3 pd-image=2
0x0863,cleared,0x00,9,bank0=6 pd-image=3
0x0864,cleared,0x00,8,bank0=4 pd-image=4
0x0865,cleared,0x00,10,bank0=10
0x0866,cleared,0x00,12,bank0=12
0x0867,cleared,0x00,15,bank0=9 pd-image=6
0x0868,cleared,0x00,11,bank0=9 pd-image=2
0x0869,cleared,0x00,8,bank0=8
0x086A,cleared,0x00,2,bank0=2
0x086B,cleared,0x00,14,bank0=14
0x086C,cleared,0x00,14,bank0=14
0x086D,cleared,0x00,2,bank0=2
0x086E,cleared,0x00,7,bank0=7
0x086F,cleared,0x00,15,bank0=7 bank1=8
0x0870,cleared,0x00,0,
0x0871,cleared,0x00,0,
0x0872,cleared,0x00,3,bank0=3
0x0873,cleared,0x00,9,bank0=9
0x0874,cleared,0x00,2,bank0=1 bank1=1
0x0875,cleared,0x00,2,bank0=2
0x0876,cleared,0x00,0,
0x0877,cleared,0x00,0,
0x0878,cleared,0x00,0,
0x0879,cleared,0x00,0,
0x087A,cleared,0x00,3,bank0=3
0x087B,cleared,0x00,9,bank0=9
0x087C,cleared,0x00,2,bank0=1 bank1=1
0x087D,cleared,0x00,0,
0x087E,cleared,0x00,0,
0x087F,cleared,0x00,0,
0x0880,cleared,0x00,0,
0x0881,cleared,0x00,0,
0x0882,cleared,0x00,0,
0x0883,cleared,0x00,0,
0x0884,cleared,0x00,0,
0x0885,cleared,0x00,0,
0x0886,cleared,0x00,0,
0x0887,cleared,0x00,0,
0x0888,cleared,0x00,0,
0x0889,cleared,0x00,0,
0x088A,cleared,0x00,3,bank0=3
0x088B,cleared,0x00,2,bank0=2
0x088C,cleared,0x00,0,
0x088D,cleared,0x00,0,
0x088E,cleared,0x00,0,
0x088F,cleared,0x00,0,
0x0890,cleared,0x00,3,bank0=2 bank1=1
0x0891,cleared,0x00,0,
0x0892,cleared,0x00,0,
0x0893,cleared,0x00,2,bank0=2
0x0894,cleared,0x00,3,bank1=3
0x0895,cleared,0x00,3,bank1=3
0x0896,cleared,0x00,4,bank1=4
0x0897,cleared,0x00,2,bank0=2
0x0898,cleared,0x00,4,bank1=4
0x0899,cleared,0x00,4,bank0=4
0x089A,cleared,0x00,3,bank0=3
0x089B,cleared,0x00,0,
0x089C,cleared,0x00,3,bank0=3
0x089D,cleared,0x00,1,bank0=1
0x089E,cleared,0x00,3,bank0=3
0x089F,cleared,0x00,1,bank0=1
0x08A0,cleared,0x00,2,bank0=2
0x08A1,cleared,0x00,3,bank0=2 bank1=1
0x08A2,cleared,0x00,3,bank0=2 bank1=1
0x08A3,cleared,0x00,1,bank0=1
0x08A4,cleared,0x00,0,
0x08A5,cleared,0x00,3,bank0=3
0x08A6,cleared,0x00,1,bank0=1
0x08A7,cleared,0x00,4,bank0=3 bank1=1
0x08A8,cleared,0x00,2,bank0=1 bank1=1
0x08A9,cleared,0x00,4,bank0=4
0x08AA,cleared,0x00,1,bank0=1
0x08AB,cleared,0x00,0,
0x08AC,cleared,0x00,5,bank0=4 bank1=1
0x08AD,cleared,0x00,7,bank0=7
0x08AE,cleared,0x00,0,
0x08AF,cleared,0x00,2,bank0=2
0x08B0,cleared,0x00,0,
0x08B1,cleared,0x00,0,
0x08B2,cleared,0x00,0,
0x08B3,cleared,0x00,0,
0x08B4,cleared,0x00,0,
0x08B5,cleared,0x00,0,
0x08B6,cleared,0x00,0,
0x08B7,cleared,0x00,0,
0x08B8,cleared,0x00,7,bank0=7
0x08B9,cleared,0x00,4,bank0=4
0x08BA,cleared,0x00,2,bank0=1 bank1=1
0x08BB,cleared,0x00,9,bank0=9
0x08BC,cleared,0x00,0,
0x08BD,cleared,0x00,2,bank0=2
0x08BE,cleared,0x00,2,bank0=2
0x08BF,cleared,0x00,2,bank0=2
0x08C0,cleared,0x00,12,bank0=12
0x08C1,cleared,0x00,12,bank0=12
0x08C2,cleared,0x00,3,bank0=3
0x08C3,cleared,0x00,9,bank0=9
0x08C4,cleared,0x00,10,bank0=10
0x08C5,cleared,0x00,9,bank0=9
0x08C6,cleared,0x00,7,bank0=7
0x08C7,cleared,0x00,5,bank0=5
0x08C8,cleared,0x00,5,bank0=5
0x08C9,cleared,0x00,3,bank0=3
0x08CA,cleared,0x00,3,bank0=3
0x08CB,cleared,0x00,3,bank0=3
0x08CC,cleared,0x00,5,bank0=5
0x08CD,cleared,0x00,1,bank0=1
0x08CE,cleared,0x00,3,bank0=3
0x08CF,cleared,0x00,1,bank0=1
0x08D0,cleared,0x00,1,bank0=1
0x08D1,cleared,0x00,0,
0x08D2,cleared,0x00,1,bank0=1
0x08D3,cleared,0x00,0,
0x08D4,cleared,0x00,1,bank0=1
0x08D5,cleared,0x00,0,
0x08D6,cleared,0x00,1,bank0=1
0x08D7,cleared,0x00,0,
0x08D8,cleared,0x00,1,bank0=1
0x08D9,cleared,0x00,0,
0x08DA,cleared,0x00,1,bank0=1
0x08DB,cleared,0x00,0,
0x08DC,cleared,0x00,1,bank0=1
0x08DD,cleared,0x00,0,
0x08DE,cleared,0x00,1,bank0=1
0x08DF,cleared,0x00,0,
0x08E0,cleared,0x00,3,bank0=3
0x08E1,cleared,0x00,4,bank0=4
0x08E2,cleared,0x00,17,bank0=12 bank1=5
0x08E3,cleared,0x00,2,bank1=2
0x08E4,cleared,0x00,4,bank1=4
0x08E5,cleared,0x00,0,
0x08E6,cleared,0x00,11,bank0=11
0x08E7,cleared,0x00,4,bank0=4
0x08E8,cleared,0x00,0,
0x08E9,cleared,0x00,1,bank0=1
0x08EA,cleared,0x00,4,bank0=4
0x08EB,cleared,0x00,21,bank0=20 bank1=1
0x08EC,cleared,0x00,6,bank0=6
0x08ED,cleared,0x00,0,
0x08EE,cleared,0x00,0,
0x08EF,cleared,0x00,0,
0x08F0,cleared,0x00,0,
0x08F1,cleared,0x00,0,
0x08F2,cleared,0x00,0,
0x08F3,cleared,0x00,0,
0x08F4,cleared,0x00,0,
0x08F5,cleared,0x00,0,
0x08F6,cleared,0x00,0,
0x08F7,cleared,0x00,0,
0x08F8,cleared,0x00,1,pd-image=1
0x08F9,cleared,0x00,0,
0x08FA,cleared,0x00,0,
0x08FB,cleared,0x00,0,
0x08FC,cleared,0x00,0,
0x08FD,cleared,0x00,0,
0x08FE,cleared,0x00,1,bank0=1
0x08FF,cleared,0x00,0,
0x0900,cleared,0x00,0,
0x0901,cleared,0x00,0,
0x0902,cleared,0x00,0,
0x0903,cleared,0x00,0,
0x0904,cleared,0x00,0,
0x0905,cleared,0x00,0,
0x0906,cleared,0x00,0,
0x0907,cleared,0x00,0,
0x0908,cleared,0x00,0,
0x0909,cleared,0x00,0,
0x090A,cleared,0x00,0,
0x090B,cleared,0x00,0,
0x090C,cleared,0x00,0,
0x090D,cleared,0x00,0,
0x090E,cleared,0x00,0,
0x090F,cleared,0x00,0,
0x0910,cleared,0x00,0,
0x0911,cleared,0x00,0,
0x0912,cleared,0x00,0,
0x0913,cleared,0x00,0,
0x0914,cleared,0x00,0,
0x0915,cleared,0x00,0,
0x0916,cleared,0x00,0,
0x0917,cleared,0x00,0,
0x0918,cleared,0x00,0,
0x0919,cleared,0x00,0,
0x091A,cleared,0x00,0,
0x091B,cleared,0x00,0,
0x091C,cleared,0x00,0,
0x091D,cleared,0x00,0,
0x091E,cleared,0x00,0,
0x091F,cleared,0x00,0,
0x0920,cleared,0x00,0,
0x0921,cleared,0x00,0,
0x0922,cleared,0x00,0,
0x0923,cleared,0x00,0,
0x0924,cleared,0x00,0,
0x0925,cleared,0x00,0,
0x0926,cleared,0x00,0,
0x0927,cleared,0x00,0,
0x0928,cleared,0x00,0,
0x0929,cleared,0x00,0,
0x092A,cleared,0x00,0,
0x092B,cleared,0x00,0,
0x092C,cleared,0x00,0,
0x092D,cleared,0x00,0,
0x092E,cleared,0x00,0,
0x092F,cleared,0x00,0,
0x0930,cleared,0x00,0,
0x0931,cleared,0x00,0,
0x0932,cleared,0x00,0,
0x0933,cleared,0x00,0,
0x0934,cleared,0x00,0,
0x0935,cleared,0x00,0,
0x0936,cleared,0x00,0,
0x0937,cleared,0x00,0,
0x0938,cleared,0x00,0,
0x0939,cleared,0x00,0,
0x093A,cleared,0x00,0,
0x093B,cleared,0x00,0,
0x093C,cleared,0x00,0,
0x093D,cleared,0x00,0,
0x093E,cleared,0x00,0,
0x093F,cleared,0x00,0,
0x0940,cleared,0x00,0,
0x0941,cleared,0x00,1,pd-image=1
0x0942,cleared,0x00,0,
0x0943,cleared,0x00,0,
0x0944,cleared,0x00,0,
0x0945,cleared,0x00,2,pd-image=2
0x0946,cleared,0x00,0,
0x0947,cleared,0x00,0,
0x0948,cleared,0x00,0,
0x0949,cleared,0x00,0,
0x094A,cleared,0x00,0,
0x094B,cleared,0x00,0,
0x094C,cleared,0x00,0,
0x094D,cleared,0x00,0,
0x094E,cleared,0x00,0,
0x094F,cleared,0x00,0,
0x0950,cleared,0x00,0,
0x0951,cleared,0x00,0,
0x0952,cleared,0x00,0,
0x0953,cleared,0x00,0,
0x0954,cleared,0x00,0,
0x0955,cleared,0x00,0,
0x0956,cleared,0x00,0,
0x0957,cleared,0x00,0,
0x0958,cleared,0x00,0,
0x0959,cleared,0x00,0,
0x095A,cleared,0x00,0,
0x095B,cleared,0x00,0,
0x095C,cleared,0x00,0,
0x095D,cleared,0x00,0,
0x095E,cleared,0x00,0,
0x095F,cleared,0x00,0,
0x0960,cleared,0x00,0,
0x0961,cleared,0x00,0,
0x0962,cleared,0x00,0,
0x0963,cleared,0x00,0,
0x0964,cleared,0x00,0,
0x0965,cleared,0x00,0,
0x0966,cleared,0x00,0,
0x0967,cleared,0x00,0,
0x0968,cleared,0x00,0,
0x0969,cleared,0x00,0,
0x096A,cleared,0x00,0,
0x096B,cleared,0x00,0,
0x096C,cleared,0x00,0,
0x096D,cleared,0x00,0,
0x096E,cleared,0x00,0,
0x096F,cleared,0x00,0,
0x0970,cleared,0x00,0,
0x0971,cleared,0x00,0,
0x0972,cleared,0x00,0,
0x0973,cleared,0x00,0,
0x0974,cleared,0x00,7,bank1=7
0x0975,cleared,0x00,11,bank1=11
0x0976,cleared,0x00,15,bank1=15
0x0977,cleared,0x00,0,
0x0978,cleared,0x00,2,bank1=2
0x0979,cleared,0x00,2,bank1=2
0x097A,cleared,0x00,12,bank0=1 bank1=11
0x097B,cleared,0x00,5,bank1=5
0x097C,cleared,0x00,5,bank1=5
0x097D,cleared,0x00,2,bank1=2
0x097E,cleared,0x00,6,bank1=3 pd-image=3
0x097F,cleared,0x00,10,bank0=1 bank1=8 pd-image=1
0x0980,cleared,0x00,4,bank1=2 pd-image=2
0x0981,cleared,0x00,2,bank1=2
0x0982,cleared,0x00,2,bank1=2
0x0983,cleared,0x00,22,bank0=11 bank1=11
0x0984,cleared,0x00,6,bank0=3 pd-image=3
0x0985,cleared,0x00,11,bank0=10 bank1=1
0x0986,cleared,0x00,5,bank0=4 bank1=1
0x0987,cleared,0x00,0,
0x0988,cleared,0x00,8,bank0=5 pd-image=3
0x0989,cleared,0x00,2,bank0=2
0x098A,cleared,0x00,0,
0x098B,cleared,0x00,1,pd-image=1
0x098C,cleared,0x00,4,bank0=4
0x098D,cleared,0x00,1,common=1
0x098E,cleared,0x00,1,common=1
0x098F,cleared,0x00,1,common=1
0x0990,cleared,0x00,1,bank1=1
0x0991,cleared,0x00,0,
0x0992,cleared,0x00,0,
0x0993,cleared,0x00,0,
0x0994,cleared,0x00,0,
0x0995,cleared,0x00,0,
0x0996,cleared,0x00,0,
0x0997,cleared,0x00,0,
0x0998,cleared,0x00,0,
0x0999,cleared,0x00,0,
0x099A,cleared,0x00,0,
0x099B,cleared,0x00,0,
0x099C,cleared,0x00,0,
0x099D,cleared,0x00,0,
0x099E,cleared,0x00,0,
0x099F,cleared,0x00,0,
0x09A0,cleared,0x00,0,
0x09A1,cleared,0x00,0,
0x09A2,cleared,0x00,0,
0x09A3,cleared,0x00,0,
0x09A4,cleared,0x00,0,
0x09A5,cleared,0x00,0,
0x09A6,cleared,0x00,0,
0x09A7,cleared,0x00,0,
0x09A8,cleared,0x00,0,
0x09A9,cleared,0x00,0,
0x09AA,cleared,0x00,0,
0x09AB,cleared,0x00,0,
0x09AC,cleared,0x00,0,
0x09AD,cleared,0x00,0,
0x09AE,cleared,0x00,0,
0x09AF,cleared,0x00,0,
0x09B0,cleared,0x00,1,pd-image=1
0x09B1,cleared,0x00,0,
0x09B2,cleared,0x00,0,
0x09B3,cleared,0x00,0,
0x09B4,cleared,0x00,0,
0x09B5,cleared,0x00,0,
0x09B6,cleared,0x00,0,
0x09B7,cleared,0x00,4,pd-image=4
0x09B8,cleared,0x00,0,
0x09B9,cleared,0x00,0,
0x09BA,cleared,0x00,0,
0x09BB,cleared,0x00,0,
0x09BC,cleared,0x00,0,
0x09BD,cleared,0x00,0,
0x09BE,cleared,0x00,0,
0x09BF,cleared,0x00,6,bank0=3 bank1=3
0x09C0,cleared,0x00,2,bank0=2
0x09C1,cleared,0x00,4,bank0=4
0x09C2,cleared,0x00,1,bank0=1
0x09C3,cleared,0x00,1,bank0=1
0x09C4,cleared,0x00,0,
0x09C5,cleared,0x00,0,
0x09C6,cleared,0x00,0,
0x09C7,cleared,0x00,2,bank0=2
0x09C8,cleared,0x00,2,bank0=2
0x09C9,cleared,0x00,9,bank0=9
0x09CA,cleared,0x00,5,bank0=5
0x09CB,cleared,0x00,0,
0x09CC,cleared,0x00,3,bank0=3
0x09CD,cleared,0x00,2,bank0=2
0x09CE,cleared,0x00,7,bank0=6 bank1=1
0x09CF,cleared,0x00,4,bank0=4
0x09D0,cleared,0x00,0,
0x09D1,cleared,0x00,0,
0x09D2,cleared,0x00,0,
0x09D3,cleared,0x00,0,
0x09D4,cleared,0x00,0,
0x09D5,cleared,0x00,0,
0x09D6,cleared,0x00,0,
0x09D7,cleared,0x00,0,
0x09D8,cleared,0x00,0,
0x09D9,cleared,0x00,2,pd-image=2
0x09DA,cleared,0x00,0,
0x09DB,cleared,0x00,4,pd-image=4
0x09DC,cleared,0x00,2,pd-image=2
0x09DD,cleared,0x00,0,
0x09DE,cleared,0x00,0,
0x09DF,cleared,0x00,0,
0x09E0,cleared,0x00,0,
0x09E1,cleared,0x00,0,
0x09E2,cleared,0x00,0,
0x09E3,cleared,0x00,5,bank0=1 bank1=4
0x09E4,cleared,0x00,8,bank0=8
0x09E5,cleared,0x00,0,
0x09E6,cleared,0x00,6,bank0=5 bank1=1
0x09E7,cleared,0x00,3,bank0=3
0x09E8,cleared,0x00,0,
0x09E9,cleared,0x00,3,bank0=3
0x09EA,cleared,0x00,3,bank0=3
0x09EB,cleared,0x00,3,bank0=3
0x09EC,cleared,0x00,0,
0x09ED,cleared,0x00,0,
0x09EE,cleared,0x00,5,bank0=5
0x09EF,cleared,0x00,2,bank0=2
0x09F0,cleared,0x00,3,bank1=3
0x09F1,cleared,0x00,9,bank1=9
0x09F2,cleared,0x00,3,bank1=3
0x09F3,cleared,0x00,0,
0x09F4,cleared,0x00,0,
0x09F5,cleared,0x00,0,
0x09F6,cleared,0x00,1,bank1=1
0x09F7,cleared,0x00,0,
0x09F8,cleared,0x00,0,
0x09F9,cleared,0x00,2,pd-image=2
0x09FA,cleared,0x00,1,pd-image=1
0x09FB,cleared,0x00,0,
0x09FC,cleared,0x00,0,
0x09FD,cleared,0x00,0,
0x09FE,cleared,0x00,0,
0x09FF,cleared,0x00,0,
0x0A00,cleared,0x00,5,bank0=4 common=1
0x0A01,cleared,0x00,4,common=4
0x0A02,cleared,0x00,1,common=1
0x0A03,cleared,0x00,4,common=4
0x0A04,cleared,0x00,5,common=5
0x0A05,cleared,0x00,3,common=3
0x0A06,cleared,0x00,2,common=2
0x0A07,cleared,0x00,1,common=1
0x0A08,cleared,0x00,3,common=3
0x0A09,cleared,0x00,2,common=2
0x0A0A,cleared,0x00,1,common=1
0x0A0B,cleared,0x00,3,common=3
0x0A0C,cleared,0x00,2,common=2
0x0A0D,cleared,0x00,3,common=3
0x0A0E,cleared,0x00,6,common=6
0x0A0F,cleared,0x00,3,common=3
0x0A10,cleared,0x00,2,common=2
0x0A11,cleared,0x00,2,common=2
0x0A12,cleared,0x00,4,common=4
0x0A13,cleared,0x00,2,common=2
0x0A14,cleared,0x00,4,common=4
0x0A15,cleared,0x00,2,common=2
0x0A16,cleared,0x00,2,common=2
0x0A17,cleared,0x00,8,common=8
0x0A18,cleared,0x00,0,
0x0A19,cleared,0x00,0,
0x0A1A,cleared,0x00,1,common=1
0x0A1B,cleared,0x00,2,common=2
0x0A1C,cleared,0x00,0,
0x0A1D,cleared,0x00,5,common=5
0x0A1E,cleared,0x00,4,common=4
0x0A1F,cleared,0x00,0,
0x0A20,cleared,0x00,0,
0x0A21,cleared,0x00,1,common=1
0x0A22,cleared,0x00,1,common=1
0x0A23,cleared,0x00,1,common=1
0x0A24,cleared,0x00,1,common=1
0x0A25,cleared,0x00,1,common=1
0x0A26,cleared,0x00,0,
0x0A27,cleared,0x00,0,
0x0A28,cleared,0x00,0,
0x0A29,cleared,0x00,1,common=1
0x0A2A,cleared,0x00,2,common=2
0x0A2B,cleared,0x00,0,
0x0A2C,cleared,0x00,2,common=2
0x0A2D,cleared,0x00,0,
0x0A2E,cleared,0x00,2,common=2
0x0A2F,cleared,0x00,2,common=2
0x0A30,cleared,0x00,1,bank0=1
0x0A31,cleared,0x00,0,
0x0A32,cleared,0x00,1,bank0=1
0x0A33,cleared,0x00,2,bank0=2
0x0A34,cleared,0x00,1,bank0=1
0x0A35,cleared,0x00,3,bank0=3
0x0A36,cleared,0x00,0,
0x0A37,cleared,0x00,1,bank0=1
0x0A38,cleared,0x00,2,bank0=2
0x0A39,cleared,0x00,0,
0x0A3A,cleared,0x00,1,bank0=1
0x0A3B,cleared,0x00,2,bank0=2
0x0A3C,cleared,0x00,0,
0x0A3D,cleared,0x00,2,bank0=2
0x0A3E,cleared,0x00,2,bank0=2
0x0A3F,cleared,0x00,0,
0x0A40,cleared,0x00,1,bank0=1
0x0A41,cleared,0x00,4,bank0=1 pd-image=3
0x0A42,cleared,0x00,1,pd-image=1
0x0A43,cleared,0x00,2,bank0=2
0x0A44,cleared,0x00,1,bank0=1
0x0A45,cleared,0x00,5,bank0=2 pd-image=3
0x0A46,cleared,0x00,1,bank0=1
0x0A47,cleared,0x00,121,bank0=87 common=34
0x0A48,cleared,0x00,36,bank0=13 common=23
0x0A49,cleared,0x00,59,bank0=37 common=21 pd-image=1
0x0A4A,cleared,0x00,30,bank0=20 common=10
0x0A4B,cleared,0x00,47,bank0=33 common=14
0x0A4C,cleared,0x00,47,bank0=20 common=24 pd-image=3
0x0A4D,cleared,0x00,50,bank0=24 common=26
0x0A4E,cleared,0x00,14,bank0=4 common=10
0x0A4F,cleared,0x00,18,bank0=12 common=6
0x0A50,cleared,0x00,27,bank0=19 common=6 pd-image=2
0x0A51,cleared,0x00,42,bank0=29 common=10 pd-image=3
0x0A52,cleared,0x00,26,bank0=4 common=13 pd-image=9
0x0A53,cleared,0x00,11,bank0=10 common=1
0x0A54,cleared,0x00,65,bank0=32 common=33
0x0A55,cleared,0x00,19,bank0=8 common=11
0x0A56,cleared,0x00,52,bank0=19 common=31 pd-image=2
0x0A57,cleared,0x00,18,bank0=5 common=13
0x0A58,cleared,0x00,28,bank0=13 common=15
0x0A59,cleared,0x00,45,bank0=35 common=8 pd-image=2
0x0A5A,cleared,0x00,8,bank0=5 common=3
0x0A5B,cleared,0x00,6,bank0=4 common=2
0x0A5C,cleared,0x00,5,common=5
0x0A5D,cleared,0x00,1,pd-image=1
0x0A5E,cleared,0x00,4,common=4
0x0A5F,cleared,0x00,2,common=2
0x0A60,cleared,0x00,4,common=4
0x0A61,cleared,0x00,2,common=1 pd-image=1
0x0A62,cleared,0x00,0,
0x0A63,cleared,0x00,0,
0x0A64,cleared,0x00,0,
0x0A65,cleared,0x00,1,pd-image=1
0x0A66,cleared,0x00,0,
0x0A67,cleared,0x00,0,
0x0A68,cleared,0x00,0,
0x0A69,cleared,0x00,8,pd-image=8
0x0A6A,cleared,0x00,2,pd-image=2
0x0A6B,cleared,0x00,6,pd-image=6
0x0A6C,cleared,0x00,0,
0x0A6D,cleared,0x00,16,pd-image=16
0x0A6E,cleared,0x00,0,
0x0A6F,cleared,0x00,0,
0x0A70,cleared,0x00,0,
0x0A71,cleared,0x00,1,pd-image=1
0x0A72,cleared,0x00,1,pd-image=1
0x0A73,cleared,0x00,0,
0x0A74,cleared,0x00,1,pd-image=1
0x0A75,cleared,0x00,0,
0x0A76,cleared,0x00,0,
0x0A77,cleared,0x00,0,
0x0A78,cleared,0x00,0,
0x0A79,cleared,0x00,0,
0x0A7A,cleared,0x00,2,pd-image=2
0x0A7B,cleared,0x00,2,pd-image=2
0x0A7C,cleared,0x00,0,
0x0A7D,cleared,0x00,1,pd-image=1
0x0A7E,cleared,0x00,0,
0x0A7F,cleared,0x00,2,pd-image=2
0x0A80,cleared,0x00,0,
0x0A81,cleared,0x00,0,
0x0A82,cleared,0x00,1,pd-image=1
0x0A83,cleared,0x00,0,
0x0A84,cleared,0x00,0,
0x0A85,cleared,0x00,0,
0x0A86,cleared,0x00,7,pd-image=7
0x0A87,cleared,0x00,0,
0x0A88,cleared,0x00,0,
0x0A89,cleared,0x00,6,pd-image=6
0x0A8A,cleared,0x00,0,
0x0A8B,cleared,0x00,12,pd-image=12
0x0A8C,cleared,0x00,3,pd-image=3
0x0A8D,cleared,0x00,2,pd-image=2
0x0A8E,cleared,0x00,0,
0x0A8F,cleared,0x00,28,pd-image=28
0x0A90,cleared,0x00,0,
0x0A91,cleared,0x00,0,
0x0A92,cleared,0x00,0,
0x0A93,cleared,0x00,4,pd-image=4
0x0A94,cleared,0x00,3,pd-image=3
0x0A95,cleared,0x00,2,pd-image=2
0x0A96,cleared,0x00,1,pd-image=1
0x0A97,cleared,0x00,0,
0x0A98,cleared,0x00,128,pd-image=128
0x0A99,cleared,0x00,0,
0x0A9A,cleared,0x00,0,
0x0A9B,cleared,0x00,0,
0x0A9C,cleared,0x00,4,pd-image=4
0x0A9D,cleared,0x00,0,
0x0A9E,cleared,0x00,0,
0x0A9F,cleared,0x00,1,pd-image=1
0x0AA0,cleared,0x00,0,
0x0AA1,cleared,0x00,0,
0x0AA2,cleared,0x00,0,
0x0AA3,cleared,0x00,0,
0x0AA4,cleared,0x00,0,
0x0AA5,cleared,0x00,0,
0x0AA6,cleared,0x00,0,
0x0AA7,cleared,0x00,0,
0x0AA8,cleared,0x00,0,
0x0AA9,cleared,0x00,0,
0x0AAA,cleared,0x00,1,bank1=1
0x0AAB,cleared,0x00,0,
0x0AAC,cleared,0x00,0,
0x0AAD,cleared,0x00,0,
0x0AAE,cleared,0x00,0,
0x0AAF,cleared,0x00,1,pd-image=1
0x0AB0,cleared,0x00,1,pd-image=1
0x0AB1,cleared,0x00,1,pd-image=1
0x0AB2,cleared,0x00,2,pd-image=2
0x0AB3,cleared,0x00,2,pd-image=2
0x0AB4,cleared,0x00,0,
0x0AB5,cleared,0x00,0,
0x0AB6,cleared,0x00,1,pd-image=1
0x0AB7,cleared,0x00,0,
0x0AB8,cleared,0x00,1,pd-image=1
0x0AB9,cleared,0x00,0,
0x0ABA,cleared,0x00,0,
0x0ABB,cleared,0x00,0,
0x0ABC,cleared,0x00,0,
0x0ABD,cleared,0x00,0,
0x0ABE,cleared,0x00,5,bank1=4 pd-image=1
0x0ABF,cleared,0x00,1,pd-image=1
0x0AC0,cleared,0x00,0,
0x0AC1,cleared,0x00,0,
0x0AC2,cleared,0x00,0,
0x0AC3,cleared,0x00,2,pd-image=2
0x0AC4,cleared,0x00,0,
0x0AC5,cleared,0x00,0,
0x0AC6,cleared,0x00,0,
0x0AC7,cleared,0x00,3,pd-image=3
0x0AC8,cleared,0x00,0,
0x0AC9,cleared,0x00,0,
0x0ACA,cleared,0x00,0,
0x0ACB,cleared,0x00,1,pd-image=1
0x0ACC,cleared,0x00,0,
0x0ACD,cleared,0x00,0,
0x0ACE,cleared,0x00,0,
0x0ACF,cleared,0x00,1,pd-image=1
0x0AD0,cleared,0x00,0,
0x0AD1,cleared,0x00,0,
0x0AD2,cleared,0x00,0,
0x0AD3,cleared,0x00,1,pd-image=1
0x0AD4,cleared,0x00,0,
0x0AD5,cleared,0x00,0,
0x0AD6,cleared,0x00,0,
0x0AD7,cleared,0x00,1,pd-image=1
0x0AD8,cleared,0x00,0,
0x0AD9,cleared,0x00,0,
0x0ADA,cleared,0x00,0,
0x0ADB,cleared,0x00,1,pd-image=1
0x0ADC,cleared,0x00,0,
0x0ADD,cleared,0x00,0,
0x0ADE,cleared,0x00,0,
0x0ADF,cleared,0x00,3,pd-image=3
0x0AE0,cleared,0x00,0,
0x0AE1,cleared,0x00,0,
0x0AE2,cleared,0x00,0,
0x0AE3,cleared,0x00,2,pd-image=2
0x0AE4,cleared,0x00,0,
0x0AE5,cleared,0x00,0,
0x0AE6,cleared,0x00,3,pd-image=3
0x0AE7,cleared,0x00,0,
0x0AE8,cleared,0x00,2,pd-image=2
0x0AE9,cleared,0x00,1,pd-image=1
0x0AEA,cleared,0x00,1,pd-image=1
0x0AEB,cleared,0x00,1,pd-image=1
0x0AEC,cleared,0x00,2,pd-image=2
0x0AED,cleared,0x00,2,pd-image=2
0x0AEE,cleared,0x00,1,pd-image=1
0x0AEF,cleared,0x00,1,pd-image=1
0x0AF0,cleared,0x00,1,pd-image=1
0x0AF1,cleared,0x00,2,pd-image=2
0x0AF2,cleared,0x00,0,
0x0AF3,cleared,0x00,0,
0x0AF4,cleared,0x00,0,
0x0AF5,cleared,0x00,0,
0x0AF6,cleared,0x00,0,
0x0AF7,cleared,0x00,0,
0x0AF8,cleared,0x00,0,
0x0AF9,cleared,0x00,0,
0x0AFA,cleared,0x00,0,
0x0AFB,cleared,0x00,0,
0x0AFC,cleared,0x00,0,
0x0AFD,cleared,0x00,0,
0x0AFE,cleared,0x00,0,
0x0AFF,cleared,0x00,0,
0x0B00,cleared,0x00,3,bank1=2 common=1
0x0B01,cleared,0x00,0,
0x0B02,cleared,0x00,0,
0x0B03,cleared,0x00,0,
0x0B04,cleared,0x00,0,
0x0B05,cleared,0x00,1,pd-image=1
0x0B06,cleared,0x00,0,
0x0B07,cleared,0x00,0,
0x0B08,cleared,0x00,0,
0x0B09,cleared,0x00,0,
0x0B0A,cleared,0x00,0,
0x0B0B,cleared,0x00,0,
0x0B0C,cleared,0x00,0,
0x0B0D,cleared,0x00,0,
0x0B0E,cleared,0x00,0,
0x0B0F,cleared,0x00,0,
0x0B10,cleared,0x00,0,
0x0B11,cleared,0x00,0,
0x0B12,cleared,0x00,0,
0x0B13,cleared,0x00,0,
0x0B14,cleared,0x00,0,
0x0B15,cleared,0x00,0,
0x0B16,cleared,0x00,0,
0x0B17,cleared,0x00,0,
0x0B18,cleared,0x00,0,
0x0B19,cleared,0x00,0,
0x0B1A,cleared,0x00,0,
0x0B1B,cleared,0x00,0,
0x0B1C,cleared,0x00,0,
0x0B1D,cleared,0x00,0,
0x0B1E,cleared,0x00,0,
0x0B1F,cleared,0x00,0,
0x0B20,cleared,0x00,0,
0x0B21,cleared,0x00,0,
0x0B22,cleared,0x00,0,
0x0B23,cleared,0x00,0,
0x0B24,cleared,0x00,0,
0x0B25,cleared,0x00,0,
0x0B26,cleared,0x00,0,
0x0B27,cleared,0x00,0,
0x0B28,cleared,0x00,0,
0x0B29,cleared,0x00,0,
0x0B2A,cleared,0x00,0,
0x0B2B,cleared,0x00,0,
0x0B2C,cleared,0x00,0,
0x0B2D,cleared,0x00,0,
0x0B2E,cleared,0x00,0,
0x0B2F,cleared,0x00,0,
0x0B30,cleared,0x00,0,
0x0B31,cleared,0x00,0,
0x0B32,cleared,0x00,0,
0x0B33,cleared,0x00,0,
0x0B34,cleared,0x00,0,
0x0B35,cleared,0x00,0,
0x0B36,cleared,0x00,0,
0x0B37,cleared,0x00,0,
0x0B38,cleared,0x00,0,
0x0B39,cleared,0x00,0,
0x0B3A,cleared,0x00,0,
0x0B3B,cleared,0x00,0,
0x0B3C,cleared,0x00,0,
0x0B3D,cleared,0x00,0,
0x0B3E,cleared,0x00,0,
0x0B3F,cleared,0x00,0,
0x0B40,cleared,0x00,0,
0x0B41,cleared,0x00,0,
0x0B42,cleared,0x00,0,
0x0B43,cleared,0x00,0,
0x0B44,cleared,0x00,0,
0x0B45,cleared,0x00,0,
0x0B46,cleared,0x00,0,
0x0B47,cleared,0x00,0,
0x0B48,cleared,0x00,0,
0x0B49,cleared,0x00,0,
0x0B4A,cleared,0x00,0,
0x0B4B,cleared,0x00,0,
0x0B4C,cleared,0x00,0,
0x0B4D,cleared,0x00,0,
0x0B4E,cleared,0x00,0,
0x0B4F,cleared,0x00,0,
0x0B50,cleared,0x00,0,
0x0B51,cleared,0x00,0,
0x0B52,cleared,0x00,0,
0x0B53,cleared,0x00,0,
0x0B54,cleared,0x00,0,
0x0B55,cleared,0x00,0,
0x0B56,cleared,0x00,0,
0x0B57,cleared,0x00,0,
0x0B58,cleared,0x00,0,
0x0B59,cleared,0x00,0,
0x0B5A,cleared,0x00,0,
0x0B5B,cleared,0x00,0,
0x0B5C,cleared,0x00,0,
0x0B5D,cleared,0x00,0,
0x0B5E,cleared,0x00,0,
0x0B5F,cleared,0x00,0,
0x0B60,cleared,0x00,0,
0x0B61,cleared,0x00,0,
0x0B62,cleared,0x00,0,
0x0B63,cleared,0x00,0,
0x0B64,cleared,0x00,0,
0x0B65,cleared,0x00,0,
0x0B66,cleared,0x00,0,
0x0B67,cleared,0x00,0,
0x0B68,cleared,0x00,0,
0x0B69,cleared,0x00,0,
0x0B6A,cleared,0x00,0,
0x0B6B,cleared,0x00,0,
0x0B6C,cleared,0x00,0,
0x0B6D,cleared,0x00,0,
0x0B6E,cleared,0x00,0,
0x0B6F,cleared,0x00,0,
0x0B70,cleared,0x00,0,
0x0B71,cleared,0x00,0,
0x0B72,cleared,0x00,1,bank1=1
0x0B73,cleared,0x00,0,
0x0B74,cleared,0x00,0,
0x0B75,cleared,0x00,0,
0x0B76,cleared,0x00,0,
0x0B77,cleared,0x00,0,
0x0B78,cleared,0x00,0,
0x0B79,cleared,0x00,0,
0x0B7A,cleared,0x00,0,
0x0B7B,cleared,0x00,0,
0x0B7C,cleared,0x00,0,
0x0B7D,cleared,0x00,0,
0x0B7E,cleared,0x00,0,
0x0B7F,cleared,0x00,0,
0x0B80,cleared,0x00,0,
0x0B81,cleared,0x00,0,
0x0B82,cleared,0x00,0,
0x0B83,cleared,0x00,0,
0x0B84,cleared,0x00,0,
0x0B85,cleared,0x00,0,
0x0B86,cleared,0x00,0,
0x0B87,cleared,0x00,0,
0x0B88,cleared,0x00,0,
0x0B89,cleared,0x00,0,
0x0B8A,cleared,0x00,0,
0x0B8B,cleared,0x00,0,
0x0B8C,cleared,0x00,0,
0x0B8D,cleared,0x00,0,
0x0B8E,cleared,0x00,0,
0x0B8F,cleared,0x00,0,
0x0B90,cleared,0x00,0,
0x0B91,cleared,0x00,0,
0x0B92,cleared,0x00,0,
0x0B93,cleared,0x00,0,
0x0B94,cleared,0x00,0,
0x0B95,cleared,0x00,0,
0x0B96,cleared,0x00,0,
0x0B97,cleared,0x00,0,
0x0B98,cleared,0x00,0,
0x0B99,cleared,0x00,0,
0x0B9A,cleared,0x00,0,
0x0B9B,cleared,0x00,0,
0x0B9C,cleared,0x00,0,
0x0B9D,cleared,0x00,0,
0x0B9E,cleared,0x00,0,
0x0B9F,cleared,0x00,0,
0x0BA0,cleared,0x00,0,
0x0BA1,cleared,0x00,0,
0x0BA2,cleared,0x00,0,
0x0BA3,cleared,0x00,0,
0x0BA4,cleared,0x00,0,
0x0BA5,cleared,0x00,0,
0x0BA6,cleared,0x00,0,
0x0BA7,cleared,0x00,0,
0x0BA8,cleared,0x00,0,
0x0BA9,cleared,0x00,0,
0x0BAA,cleared,0x00,0,
0x0BAB,cleared,0x00,0,
0x0BAC,cleared,0x00,0,
0x0BAD,cleared,0x00,0,
0x0BAE,cleared,0x00,0,
0x0BAF,cleared,0x00,0,
0x0BB0,cleared,0x00,2,bank1=2
0x0BB1,cleared,0x00,0,
0x0BB2,cleared,0x00,0,
0x0BB3,cleared,0x00,0,
0x0BB4,cleared,0x00,0,
0x0BB5,cleared,0x00,0,
0x0BB6,cleared,0x00,0,
0x0BB7,cleared,0x00,0,
0x0BB8,cleared,0x00,0,
0x0BB9,cleared,0x00,0,
0x0BBA,cleared,0x00,0,
0x0BBB,cleared,0x00,0,
0x0BBC,cleared,0x00,0,
0x0BBD,cleared,0x00,0,
0x0BBE,cleared,0x00,0,
0x0BBF,cleared,0x00,0,
0x0BC0,cleared,0x00,0,
0x0BC1,cleared,0x00,0,
0x0BC2,cleared,0x00,0,
0x0BC3,cleared,0x00,0,
0x0BC4,cleared,0x00,0,
0x0BC5,cleared,0x00,0,
0x0BC6,cleared,0x00,0,
0x0BC7,cleared,0x00,0,
0x0BC8,cleared,0x00,0,
0x0BC9,cleared,0x00,0,
0x0BCA,cleared,0x00,0,
0x0BCB,cleared,0x00,0,
0x0BCC,cleared,0x00,0,
0x0BCD,cleared,0x00,0,
0x0BCE,cleared,0x00,0,
0x0BCF,cleared,0x00,0,
0x0BD0,cleared,0x00,0,
0x0BD1,cleared,0x00,0,
0x0BD2,cleared,0x00,0,
0x0BD3,cleared,0x00,0,
0x0BD4,cleared,0x00,0,
0x0BD5,cleared,0x00,0,
0x0BD6,cleared,0x00,0,
0x0BD7,cleared,0x00,0,
0x0BD8,cleared,0x00,0,
0x0BD9,cleared,0x00,0,
0x0BDA,cleared,0x00,0,
0x0BDB,cleared,0x00,0,
0x0BDC,cleared,0x00,0,
0x0BDD,cleared,0x00,0,
0x0BDE,cleared,0x00,0,
0x0BDF,cleared,0x00,0,
0x0BE0,cleared,0x00,0,
0x0BE1,cleared,0x00,0,
0x0BE2,cleared,0x00,0,
0x0BE3,cleared,0x00,0,
0x0BE4,cleared,0x00,0,
0x0BE5,cleared,0x00,0,
0x0BE6,cleared,0x00,0,
0x0BE7,cleared,0x00,0,
0x0BE8,cleared,0x00,0,
0x0BE9,cleared,0x00,0,
0x0BEA,cleared,0x00,0,
0x0BEB,cleared,0x00,0,
0x0BEC,cleared,0x00,0,
0x0BED,cleared,0x00,1,common=1
0x0BEE,cleared,0x00,0,
0x0BEF,cleared,0x00,0,
0x0BF0,cleared,0x00,0,
0x0BF1,cleared,0x00,0,
0x0BF2,cleared,0x00,0,
0x0BF3,cleared,0x00,0,
0x0BF4,cleared,0x00,0,
0x0BF5,cleared,0x00,0,
0x0BF6,cleared,0x00,0,
0x0BF7,cleared,0x00,0,
0x0BF8,cleared,0x00,0,
0x0BF9,cleared,0x00,0,
0x0BFA,cleared,0x00,0,
0x0BFB,cleared,0x00,0,
0x0BFC,cleared,0x00,0,
0x0BFD,cleared,0x00,8,common=8
0x0BFE,cleared,0x00,11,common=11
0x0BFF,cleared,0x00,2,common=2
0x0C00,cleared,0x00,0,
0x0C01,cleared,0x00,0,
0x0C02,cleared,0x00,0,
0x0C03,cleared,0x00,0,
0x0C04,cleared,0x00,0,
0x0C05,cleared,0x00,0,
0x0C06,cleared,0x00,0,
0x0C07,cleared,0x00,0,
0x0C08,cleared,0x00,0,
0x0C09,cleared,0x00,0,
0x0C0A,cleared,0x00,0,
0x0C0B,cleared,0x00,0,
0x0C0C,cleared,0x00,0,
0x0C0D,cleared,0x00,0,
0x0C0E,cleared,0x00,0,
0x0C0F,cleared,0x00,0,
0x0C10,cleared,0x00,0,
0x0C11,cleared,0x00,0,
0x0C12,cleared,0x00,0,
0x0C13,cleared,0x00,0,
0x0C14,cleared,0x00,0,
0x0C15,cleared,0x00,0,
0x0C16,cleared,0x00,0,
0x0C17,cleared,0x00,0,
0x0C18,cleared,0x00,0,
0x0C19,cleared,0x00,0,
0x0C1A,cleared,0x00,0,
0x0C1B,cleared,0x00,0,
0x0C1C,cleared,0x00,0,
0x0C1D,cleared,0x00,0,
0x0C1E,cleared,0x00,0,
0x0C1F,cleared,0x00,0,
0x0C20,cleared,0x00,0,
0x0C21,cleared,0x00,0,
0x0C22,cleared,0x00,0,
0x0C23,cleared,0x00,0,
0x0C24,cleared,0x00,0,
0x0C25,cleared,0x00,0,
0x0C26,cleared,0x00,0,
0x0C27,cleared,0x00,0,
0x0C28,cleared,0x00,0,
0x0C29,cleared,0x00,0,
0x0C2A,cleared,0x00,0,
0x0C2B,cleared,0x00,0,
0x0C2C,cleared,0x00,0,
0x0C2D,cleared,0x00,0,
0x0C2E,cleared,0x00,0,
0x0C2F,cleared,0x00,0,
0x0C30,cleared,0x00,0,
0x0C31,cleared,0x00,0,
0x0C32,cleared,0x00,0,
0x0C33,cleared,0x00,0,
0x0C34,cleared,0x00,0,
0x0C35,cleared,0x00,0,
0x0C36,cleared,0x00,0,
0x0C37,cleared,0x00,0,
0x0C38,cleared,0x00,0,
0x0C39,cleared,0x00,0,
0x0C3A,cleared,0x00,0,
0x0C3B,cleared,0x00,0,
0x0C3C,cleared,0x00,0,
0x0C3D,cleared,0x00,0,
0x0C3E,cleared,0x00,0,
0x0C3F,cleared,0x00,0,
0x0C40,cleared,0x00,0,
0x0C41,cleared,0x00,0,
0x0C42,cleared,0x00,0,
0x0C43,cleared,0x00,0,
0x0C44,cleared,0x00,0,
0x0C45,cleared,0x00,0,
0x0C46,cleared,0x00,0,
0x0C47,cleared,0x00,0,
0x0C48,cleared,0x00,0,
0x0C49,cleared,0x00,0,
0x0C4A,cleared,0x00,0,
0x0C4B,cleared,0x00,0,
0x0C4C,cleared,0x00,0,
0x0C4D,cleared,0x00,0,
0x0C4E,cleared,0x00,0,
0x0C4F,cleared,0x00,0,
0x0C50,cleared,0x00,0,
0x0C51,cleared,0x00,0,
0x0C52,cleared,0x00,0,
0x0C53,cleared,0x00,0,
0x0C54,cleared,0x00,0,
0x0C55,cleared,0x00,0,
0x0C56,cleared,0x00,0,
0x0C57,cleared,0x00,0,
0x0C58,cleared,0x00,0,
0x0C59,cleared,0x00,0,
0x0C5A,cleared,0x00,0,
0x0C5B,cleared,0x00,0,
0x0C5C,cleared,0x00,0,
0x0C5D,cleared,0x00,0,
0x0C5E,cleared,0x00,0,
0x0C5F,cleared,0x00,0,
0x0C60,cleared,0x00,0,
0x0C61,cleared,0x00,0,
0x0C62,cleared,0x00,0,
0x0C63,cleared,0x00,0,
0x0C64,cleared,0x00,0,
0x0C65,cleared,0x00,0,
0x0C66,cleared,0x00,0,
0x0C67,cleared,0x00,0,
0x0C68,cleared,0x00,0,
0x0C69,cleared,0x00,0,
0x0C6A,cleared,0x00,0,
0x0C6B,cleared,0x00,0,
0x0C6C,cleared,0x00,0,
0x0C6D,cleared,0x00,0,
0x0C6E,cleared,0x00,0,
0x0C6F,cleared,0x00,0,
0x0C70,cleared,0x00,0,
0x0C71,cleared,0x00,0,
0x0C72,cleared,0x00,0,
0x0C73,cleared,0x00,0,
0x0C74,cleared,0x00,0,
0x0C75,cleared,0x00,0,
0x0C76,cleared,0x00,0,
0x0C77,cleared,0x00,0,
0x0C78,cleared,0x00,0,
0x0C79,cleared,0x00,0,
0x0C7A,cleared,0x00,0,
0x0C7B,cleared,0x00,0,
0x0C7C,cleared,0x00,0,
0x0C7D,cleared,0x00,0,
0x0C7E,cleared,0x00,0,
0x0C7F,cleared,0x00,0,
0x0C80,cleared,0x00,0,
0x0C81,cleared,0x00,0,
0x0C82,cleared,0x00,0,
0x0C83,cleared,0x00,0,
0x0C84,cleared,0x00,0,
0x0C85,cleared,0x00,0,
0x0C86,cleared,0x00,0,
0x0C87,cleared,0x00,0,
0x0C88,cleared,0x00,0,
0x0C89,cleared,0x00,0,
0x0C8A,cleared,0x00,0,
0x0C8B,cleared,0x00,0,
0x0C8C,cleared,0x00,0,
0x0C8D,cleared,0x00,0,
0x0C8E,cleared,0x00,0,
0x0C8F,cleared,0x00,0,
0x0C90,cleared,0x00,0,
0x0C91,cleared,0x00,0,
0x0C92,cleared,0x00,0,
0x0C93,cleared,0x00,0,
0x0C94,cleared,0x00,0,
0x0C95,cleared,0x00,0,
0x0C96,cleared,0x00,0,
0x0C97,cleared,0x00,0,
0x0C98,cleared,0x00,0,
0x0C99,cleared,0x00,0,
0x0C9A,cleared,0x00,0,
0x0C9B,cleared,0x00,0,
0x0C9C,cleared,0x00,0,
0x0C9D,cleared,0x00,0,
0x0C9E,cleared,0x00,0,
0x0C9F,cleared,0x00,0,
0x0CA0,cleared,0x00,0,
0x0CA1,cleared,0x00,0,
0x0CA2,cleared,0x00,0,
0x0CA3,cleared,0x00,0,
0x0CA4,cleared,0x00,0,
0x0CA5,cleared,0x00,0,
0x0CA6,cleared,0x00,0,
0x0CA7,cleared,0x00,0,
0x0CA8,cleared,0x00,0,
0x0CA9,cleared,0x00,0,
0x0CAA,cleared,0x00,0,
0x0CAB,cleared,0x00,0,
0x0CAC,cleared,0x00,0,
0x0CAD,cleared,0x00,0,
0x0CAE,cleared,0x00,0,
0x0CAF,cleared,0x00,0,
0x0CB0,cleared,0x00,0,
0x0CB1,cleared,0x00,0,
0x0CB2,cleared,0x00,0,
0x0CB3,cleared,0x00,0,
0x0CB4,cleared,0x00,0,
0x0CB5,cleared,0x00,0,
0x0CB6,cleared,0x00,0,
0x0CB7,cleared,0x00,0,
0x0CB8,cleared,0x00,0,
0x0CB9,cleared,0x00,0,
0x0CBA,cleared,0x00,0,
0x0CBB,cleared,0x00,0,
0x0CBC,cleared,0x00,0,
0x0CBD,cleared,0x00,0,
0x0CBE,cleared,0x00,0,
0x0CBF,cleared,0x00,0,
0x0CC0,cleared,0x00,0,
0x0CC1,cleared,0x00,0,
0x0CC2,cleared,0x00,0,
0x0CC3,cleared,0x00,0,
0x0CC4,cleared,0x00,0,
0x0CC5,cleared,0x00,0,
0x0CC6,cleared,0x00,0,
0x0CC7,cleared,0x00,0,
0x0CC8,cleared,0x00,0,
0x0CC9,cleared,0x00,0,
0x0CCA,cleared,0x00,0,
0x0CCB,cleared,0x00,0,
0x0CCC,cleared,0x00,0,
0x0CCD,cleared,0x00,0,
0x0CCE,cleared,0x00,0,
0x0CCF,cleared,0x00,0,
0x0CD0,cleared,0x00,0,
0x0CD1,cleared,0x00,0,
0x0CD2,cleared,0x00,0,
0x0CD3,cleared,0x00,0,
0x0CD4,cleared,0x00,0,
0x0CD5,cleared,0x00,0,
0x0CD6,cleared,0x00,0,
0x0CD7,cleared,0x00,0,
0x0CD8,cleared,0x00,0,
0x0CD9,cleared,0x00,0,
0x0CDA,cleared,0x00,0,
0x0CDB,cleared,0x00,0,
0x0CDC,cleared,0x00,0,
0x0CDD,cleared,0x00,0,
0x0CDE,cleared,0x00,0,
0x0CDF,cleared,0x00,0,
0x0CE0,cleared,0x00,0,
0x0CE1,cleared,0x00,0,
0x0CE2,cleared,0x00,0,
0x0CE3,cleared,0x00,0,
0x0CE4,cleared,0x00,3,bank1=3
0x0CE5,cleared,0x00,0,
0x0CE6,cleared,0x00,0,
0x0CE7,cleared,0x00,0,
0x0CE8,cleared,0x00,0,
0x0CE9,cleared,0x00,0,
0x0CEA,cleared,0x00,0,
0x0CEB,cleared,0x00,0,
0x0CEC,cleared,0x00,0,
0x0CED,cleared,0x00,0,
0x0CEE,cleared,0x00,1,bank1=1
0x0CEF,cleared,0x00,0,
0x0CF0,cleared,0x00,0,
0x0CF1,cleared,0x00,0,
0x0CF2,cleared,0x00,0,
0x0CF3,cleared,0x00,0,
0x0CF4,cleared,0x00,0,
0x0CF5,cleared,0x00,0,
0x0CF6,cleared,0x00,0,
0x0CF7,cleared,0x00,0,
0x0CF8,cleared,0x00,0,
0x0CF9,cleared,0x00,0,
0x0CFA,cleared,0x00,0,
0x0CFB,cleared,0x00,0,
0x0CFC,cleared,0x00,0,
0x0CFD,cleared,0x00,0,
0x0CFE,cleared,0x00,0,
0x0CFF,cleared,0x00,0,
0x0D00,cleared,0x00,0,
0x0D01,cleared,0x00,0,
0x0D02,cleared,0x00,0,
0x0D03,cleared,0x00,0,
0x0D04,cleared,0x00,8,bank0=8
0x0D05,cleared,0x00,2,bank0=2
0x0D06,cleared,0x00,0,
0x0D07,cleared,0x00,0,
0x0D08,cleared,0x00,0,
0x0D09,cleared,0x00,0,
0x0D0A,cleared,0x00,0,
0x0D0B,cleared,0x00,0,
0x0D0C,cleared,0x00,0,
0x0D0D,cleared,0x00,0,
0x0D0E,cleared,0x00,0,
0x0D0F,cleared,0x00,0,
0x0D10,cleared,0x00,0,
0x0D11,cleared,0x00,0,
0x0D12,cleared,0x00,0,
0x0D13,cleared,0x00,0,
0x0D14,cleared,0x00,10,bank0=10
0x0D15,cleared,0x00,2,bank0=1 common=1
0x0D16,cleared,0x00,1,bank1=1
0x0D17,cleared,0x00,0,
0x0D18,cleared,0x00,0,
0x0D19,cleared,0x00,0,
0x0D1A,cleared,0x00,0,
0x0D1B,cleared,0x00,0,
0x0D1C,cleared,0x00,0,
0x0D1D,cleared,0x00,0,
0x0D1E,cleared,0x00,0,
0x0D1F,cleared,0x00,0,
0x0D20,cleared,0x00,0,
0x0D21,cleared,0x00,0,
0x0D22,cleared,0x00,0,
0x0D23,cleared,0x00,0,
0x0D24,cleared,0x00,0,
0x0D25,cleared,0x00,0,
0x0D26,cleared,0x00,0,
0x0D27,cleared,0x00,0,
0x0D28,cleared,0x00,0,
0x0D29,cleared,0x00,0,
0x0D2A,cleared,0x00,0,
0x0D2B,cleared,0x00,0,
0x0D2C,cleared,0x00,0,
0x0D2D,cleared,0x00,0,
0x0D2E,cleared,0x00,0,
0x0D2F,cleared,0x00,0,
0x0D30,cleared,0x00,0,
0x0D31,cleared,0x00,0,
0x0D32,cleared,0x00,0,
0x0D33,cleared,0x00,0,
0x0D34,cleared,0x00,0,
0x0D35,cleared,0x00,0,
0x0D36,cleared,0x00,0,
0x0D37,cleared,0x00,0,
0x0D38,cleared,0x00,0,
0x0D39,cleared,0x00,0,
0x0D3A,cleared,0x00,0,
0x0D3B,cleared,0x00,0,
0x0D3C,cleared,0x00,0,
0x0D3D,cleared,0x00,0,
0x0D3E,cleared,0x00,0,
0x0D3F,cleared,0x00,0,
0x0D40,cleared,0x00,0,
0x0D41,cleared,0x00,0,
0x0D42,cleared,0x00,0,
0x0D43,cleared,0x00,0,
0x0D44,cleared,0x00,0,
0x0D45,cleared,0x00,0,
0x0D46,cleared,0x00,0,
0x0D47,cleared,0x00,0,
0x0D48,cleared,0x00,1,bank1=1
0x0D49,cleared,0x00,0,
0x0D4A,cleared,0x00,0,
0x0D4B,cleared,0x00,0,
0x0D4C,cleared,0x00,0,
0x0D4D,cleared,0x00,0,
0x0D4E,cleared,0x00,0,
0x0D4F,cleared,0x00,0,
0x0D50,cleared,0x00,0,
0x0D51,cleared,0x00,0,
0x0D52,cleared,0x00,0,
0x0D53,cleared,0x00,0,
0x0D54,cleared,0x00,0,
0x0D55,cleared,0x00,0,
0x0D56,cleared,0x00,0,
0x0D57,cleared,0x00,0,
0x0D58,cleared,0x00,0,
0x0D59,cleared,0x00,0,
0x0D5A,cleared,0x00,0,
0x0D5B,cleared,0x00,0,
0x0D5C,cleared,0x00,0,
0x0D5D,cleared,0x00,0,
0x0D5E,cleared,0x00,0,
0x0D5F,cleared,0x00,0,
0x0D60,cleared,0x00,0,
0x0D61,cleared,0x00,0,
0x0D62,cleared,0x00,0,
0x0D63,cleared,0x00,0,
0x0D64,cleared,0x00,0,
0x0D65,cleared,0x00,0,
0x0D66,cleared,0x00,0,
0x0D67,cleared,0x00,0,
0x0D68,cleared,0x00,0,
0x0D69,cleared,0x00,0,
0x0D6A,cleared,0x00,0,
0x0D6B,cleared,0x00,0,
0x0D6C,cleared,0x00,0,
0x0D6D,cleared,0x00,0,
0x0D6E,cleared,0x00,0,
0x0D6F,cleared,0x00,0,
0x0D70,cleared,0x00,0,
0x0D71,cleared,0x00,0,
0x0D72,cleared,0x00,0,
0x0D73,cleared,0x00,0,
0x0D74,cleared,0x00,0,
0x0D75,cleared,0x00,0,
0x0D76,cleared,0x00,0,
0x0D77,cleared,0x00,0,
0x0D78,cleared,0x00,0,
0x0D79,cleared,0x00,0,
0x0D7A,cleared,0x00,0,
0x0D7B,cleared,0x00,0,
0x0D7C,cleared,0x00,0,
0x0D7D,cleared,0x00,0,
0x0D7E,cleared,0x00,0,
0x0D7F,cleared,0x00,0,
0x0D80,cleared,0x00,0,
0x0D81,cleared,0x00,0,
0x0D82,cleared,0x00,0,
0x0D83,cleared,0x00,0,
0x0D84,cleared,0x00,0,
0x0D85,cleared,0x00,0,
0x0D86,cleared,0x00,0,
0x0D87,cleared,0x00,0,
0x0D88,cleared,0x00,0,
0x0D89,cleared,0x00,0,
0x0D8A,cleared,0x00,0,
0x0D8B,cleared,0x00,0,
0x0D8C,cleared,0x00,0,
0x0D8D,cleared,0x00,0,
0x0D8E,cleared,0x00,0,
0x0D8F,cleared,0x00,0,
0x0D90,cleared,0x00,0,
0x0D91,cleared,0x00,0,
0x0D92,cleared,0x00,0,
0x0D93,cleared,0x00,0,
0x0D94,cleared,0x00,0,
0x0D95,cleared,0x00,0,
0x0D96,cleared,0x00,0,
0x0D97,cleared,0x00,0,
0x0D98,cleared,0x00,0,
0x0D99,cleared,0x00,0,
0x0D9A,cleared,0x00,0,
0x0D9B,cleared,0x00,0,
0x0D9C,cleared,0x00,0,
0x0D9D,cleared,0x00,0,
0x0D9E,cleared,0x00,0,
0x0D9F,cleared,0x00,0,
0x0DA0,cleared,0x00,0,
0x0DA1,cleared,0x00,0,
0x0DA2,cleared,0x00,0,
0x0DA3,cleared,0x00,0,
0x0DA4,cleared,0x00,0,
0x0DA5,cleared,0x00,0,
0x0DA6,cleared,0x00,0,
0x0DA7,cleared,0x00,0,
0x0DA8,cleared,0x00,0,
0x0DA9,cleared,0x00,0,
0x0DAA,cleared,0x00,0,
0x0DAB,cleared,0x00,0,
0x0DAC,cleared,0x00,0,
0x0DAD,cleared,0x00,0,
0x0DAE,cleared,0x00,0,
0x0DAF,cleared,0x00,0,
0x0DB0,cleared,0x00,4,common=4
0x0DB1,cleared,0x00,2,common=2
0x0DB2,cleared,0x00,2,common=2
0x0DB3,cleared,0x00,0,
0x0DB4,cleared,0x00,0,
0x0DB5,cleared,0x00,0,
0x0DB6,cleared,0x00,0,
0x0DB7,cleared,0x00,0,
0x0DB8,cleared,0x00,0,
0x0DB9,cleared,0x00,0,
0x0DBA,cleared,0x00,0,
0x0DBB,cleared,0x00,0,
0x0DBC,cleared,0x00,0,
0x0DBD,cleared,0x00,0,
0x0DBE,cleared,0x00,0,
0x0DBF,cleared,0x00,0,
0x0DC0,cleared,0x00,0,
0x0DC1,cleared,0x00,0,
0x0DC2,cleared,0x00,0,
0x0DC3,cleared,0x00,0,
0x0DC4,cleared,0x00,0,
0x0DC5,cleared,0x00,0,
0x0DC6,cleared,0x00,0,
0x0DC7,cleared,0x00,0,
0x0DC8,cleared,0x00,0,
0x0DC9,cleared,0x00,0,
0x0DCA,cleared,0x00,0,
0x0DCB,cleared,0x00,0,
0x0DCC,cleared,0x00,0,
0x0DCD,cleared,0x00,0,
0x0DCE,cleared,0x00,0,
0x0DCF,cleared,0x00,0,
0x0DD0,cleared,0x00,0,
0x0DD1,cleared,0x00,0,
0x0DD2,cleared,0x00,0,
0x0DD3,cleared,0x00,0,
0x0DD4,cleared,0x00,0,
0x0DD5,cleared,0x00,0,
0x0DD6,cleared,0x00,0,
0x0DD7,cleared,0x00,0,
0x0DD8,cleared,0x00,0,
0x0DD9,cleared,0x00,0,
0x0DDA,cleared,0x00,0,
0x0DDB,cleared,0x00,0,
0x0DDC,cleared,0x00,0,
0x0DDD,cleared,0x00,0,
0x0DDE,cleared,0x00,0,
0x0DDF,cleared,0x00,0,
0x0DE0,cleared,0x00,0,
0x0DE1,cleared,0x00,0,
0x0DE2,cleared,0x00,0,
0x0DE3,cleared,0x00,0,
0x0DE4,cleared,0x00,0,
0x0DE5,cleared,0x00,0,
0x0DE6,cleared,0x00,0,
0x0DE7,cleared,0x00,0,
0x0DE8,cleared,0x00,0,
0x0DE9,cleared,0x00,0,
0x0DEA,cleared,0x00,0,
0x0DEB,cleared,0x00,0,
0x0DEC,cleared,0x00,0,
0x0DED,cleared,0x00,0,
0x0DEE,cleared,0x00,0,
0x0DEF,cleared,0x00,0,
0x0DF0,cleared,0x00,0,
0x0DF1,cleared,0x00,0,
0x0DF2,cleared,0x00,0,
0x0DF3,cleared,0x00,0,
0x0DF4,cleared,0x00,0,
0x0DF5,cleared,0x00,0,
0x0DF6,cleared,0x00,0,
0x0DF7,cleared,0x00,0,
0x0DF8,cleared,0x00,0,
0x0DF9,cleared,0x00,0,
0x0DFA,cleared,0x00,0,
0x0DFB,cleared,0x00,0,
0x0DFC,cleared,0x00,0,
0x0DFD,cleared,0x00,0,
0x0DFE,cleared,0x00,0,
0x0DFF,cleared,0x00,0,
0x0E00,cleared,0x00,4,bank0=3 common=1
0x0E01,cleared,0x00,8,bank0=8
0x0E02,cleared,0x00,4,bank0=4
0x0E03,cleared,0x00,3,bank0=3
0x0E04,cleared,0x00,3,bank0=3
0x0E05,cleared,0x00,3,bank0=3
0x0E06,cleared,0x00,1,bank0=1
0x0E07,cleared,0x00,2,bank0=2
0x0E08,cleared,0x00,1,bank0=1
0x0E09,cleared,0x00,0,
0x0E0A,cleared,0x00,0,
0x0E0B,cleared,0x00,3,bank0=3
0x0E0C,cleared,0x00,0,
0x0E0D,cleared,0x00,0,
0x0E0E,cleared,0x00,0,
0x0E0F,cleared,0x00,0,
0x0E10,cleared,0x00,0,
0x0E11,cleared,0x00,0,
0x0E12,cleared,0x00,0,
0x0E13,cleared,0x00,0,
0x0E14,cleared,0x00,0,
0x0E15,cleared,0x00,0,
0x0E16,cleared,0x00,0,
0x0E17,cleared,0x00,0,
0x0E18,cleared,0x00,0,
0x0E19,cleared,0x00,0,
0x0E1A,cleared,0x00,0,
0x0E1B,cleared,0x00,0,
0x0E1C,cleared,0x00,0,
0x0E1D,cleared,0x00,0,
0x0E1E,cleared,0x00,0,
0x0E1F,cleared,0x00,0,
0x0E20,cleared,0x00,0,
0x0E21,cleared,0x00,0,
0x0E22,cleared,0x00,0,
0x0E23,cleared,0x00,0,
0x0E24,cleared,0x00,0,
0x0E25,cleared,0x00,0,
0x0E26,cleared,0x00,0,
0x0E27,cleared,0x00,0,
0x0E28,cleared,0x00,0,
0x0E29,cleared,0x00,0,
0x0E2A,cleared,0x00,0,
0x0E2B,cleared,0x00,0,
0x0E2C,cleared,0x00,0,
0x0E2D,cleared,0x00,0,
0x0E2E,cleared,0x00,0,
0x0E2F,cleared,0x00,0,
0x0E30,cleared,0x00,0,
0x0E31,cleared,0x00,0,
0x0E32,cleared,0x00,0,
0x0E33,cleared,0x00,0,
0x0E34,cleared,0x00,0,
0x0E35,cleared,0x00,0,
0x0E36,cleared,0x00,0,
0x0E37,cleared,0x00,0,
0x0E38,cleared,0x00,0,
0x0E39,cleared,0x00,0,
0x0E3A,cleared,0x00,0,
0x0E3B,cleared,0x00,0,
0x0E3C,cleared,0x00,0,
0x0E3D,cleared,0x00,0,
0x0E3E,cleared,0x00,0,
0x0E3F,cleared,0x00,0,
0x0E40,cleared,0x00,0,
0x0E41,cleared,0x00,0,
0x0E42,cleared,0x00,0,
0x0E43,cleared,0x00,0,
0x0E44,cleared,0x00,0,
0x0E45,cleared,0x00,0,
0x0E46,cleared,0x00,0,
0x0E47,cleared,0x00,0,
0x0E48,cleared,0x00,0,
0x0E49,cleared,0x00,0,
0x0E4A,cleared,0x00,0,
0x0E4B,cleared,0x00,0,
0x0E4C,cleared,0x00,0,
0x0E4D,cleared,0x00,0,
0x0E4E,cleared,0x00,0,
0x0E4F,cleared,0x00,0,
0x0E50,cleared,0x00,0,
0x0E51,cleared,0x00,0,
0x0E52,cleared,0x00,0,
0x0E53,cleared,0x00,0,
0x0E54,cleared,0x00,0,
0x0E55,cleared,0x00,0,
0x0E56,cleared,0x00,0,
0x0E57,cleared,0x00,0,
0x0E58,cleared,0x00,0,
0x0E59,cleared,0x00,0,
0x0E5A,cleared,0x00,0,
0x0E5B,cleared,0x00,0,
0x0E5C,cleared,0x00,0,
0x0E5D,cleared,0x00,0,
0x0E5E,cleared,0x00,0,
0x0E5F,cleared,0x00,0,
0x0E60,cleared,0x00,0,
0x0E61,cleared,0x00,0,
0x0E62,cleared,0x00,0,
0x0E63,cleared,0x00,0,
0x0E64,cleared,0x00,0,
0x0E65,cleared,0x00,0,
0x0E66,cleared,0x00,0,
0x0E67,cleared,0x00,0,
0x0E68,cleared,0x00,0,
0x0E69,cleared,0x00,0,
0x0E6A,cleared,0x00,0,
0x0E6B,cleared,0x00,0,
0x0E6C,cleared,0x00,0,
0x0E6D,cleared,0x00,0,
0x0E6E,cleared,0x00,0,
0x0E6F,cleared,0x00,0,
0x0E70,cleared,0x00,0,
0x0E71,cleared,0x00,0,
0x0E72,cleared,0x00,0,
0x0E73,cleared,0x00,0,
0x0E74,cleared,0x00,0,
0x0E75,cleared,0x00,0,
0x0E76,cleared,0x00,0,
0x0E77,cleared,0x00,0,
0x0E78,cleared,0x00,0,
0x0E79,cleared,0x00,0,
0x0E7A,cleared,0x00,0,
0x0E7B,cleared,0x00,0,
0x0E7C,cleared,0x00,0,
0x0E7D,cleared,0x00,0,
0x0E7E,cleared,0x00,0,
0x0E7F,cleared,0x00,0,
0x0E80,cleared,0x00,0,
0x0E81,cleared,0x00,0,
0x0E82,cleared,0x00,0,
0x0E83,cleared,0x00,0,
0x0E84,cleared,0x00,0,
0x0E85,cleared,0x00,0,
0x0E86,cleared,0x00,0,
0x0E87,cleared,0x00,0,
0x0E88,cleared,0x00,0,
0x0E89,cleared,0x00,0,
0x0E8A,cleared,0x00,0,
0x0E8B,cleared,0x00,0,
0x0E8C,cleared,0x00,0,
0x0E8D,cleared,0x00,0,
0x0E8E,cleared,0x00,0,
0x0E8F,cleared,0x00,0,
0x0E90,cleared,0x00,0,
0x0E91,cleared,0x00,0,
0x0E92,cleared,0x00,0,
0x0E93,cleared,0x00,0,
0x0E94,cleared,0x00,0,
0x0E95,cleared,0x00,0,
0x0E96,cleared,0x00,0,
0x0E97,cleared,0x00,0,
0x0E98,cleared,0x00,0,
0x0E99,cleared,0x00,0,
0x0E9A,cleared,0x00,0,
0x0E9B,cleared,0x00,0,
0x0E9C,cleared,0x00,0,
0x0E9D,cleared,0x00,0,
0x0E9E,cleared,0x00,0,
0x0E9F,cleared,0x00,0,
0x0EA0,cleared,0x00,0,
0x0EA1,cleared,0x00,0,
0x0EA2,cleared,0x00,0,
0x0EA3,cleared,0x00,0,
0x0EA4,cleared,0x00,0,
0x0EA5,cleared,0x00,0,
0x0EA6,cleared,0x00,0,
0x0EA7,cleared,0x00,0,
0x0EA8,cleared,0x00,3,bank0=3
0x0EA9,cleared,0x00,1,bank0=1
0x0EAA,cleared,0x00,1,bank0=1
0x0EAB,cleared,0x00,1,bank0=1
0x0EAC,cleared,0x00,1,bank0=1
0x0EAD,cleared,0x00,1,bank0=1
0x0EAE,cleared,0x00,1,bank0=1
0x0EAF,cleared,0x00,1,bank0=1
0x0EB0,cleared,0x00,0,
0x0EB1,cleared,0x00,0,
0x0EB2,cleared,0x00,0,
0x0EB3,cleared,0x00,0,
0x0EB4,cleared,0x00,0,
0x0EB5,cleared,0x00,0,
0x0EB6,cleared,0x00,0,
0x0EB7,cleared,0x00,0,
0x0EB8,cleared,0x00,1,bank0=1
0x0EB9,cleared,0x00,0,
0x0EBA,cleared,0x00,0,
0x0EBB,cleared,0x00,0,
0x0EBC,cleared,0x00,0,
0x0EBD,cleared,0x00,0,
0x0EBE,cleared,0x00,0,
0x0EBF,cleared,0x00,0,
0x0EC0,cleared,0x00,0,
0x0EC1,cleared,0x00,0,
0x0EC2,cleared,0x00,0,
0x0EC3,cleared,0x00,0,
0x0EC4,cleared,0x00,0,
0x0EC5,cleared,0x00,0,
0x0EC6,cleared,0x00,0,
0x0EC7,cleared,0x00,0,
0x0EC8,cleared,0x00,0,
0x0EC9,cleared,0x00,0,
0x0ECA,cleared,0x00,0,
0x0ECB,cleared,0x00,0,
0x0ECC,cleared,0x00,0,
0x0ECD,cleared,0x00,0,
0x0ECE,cleared,0x00,0,
0x0ECF,cleared,0x00,0,
0x0ED0,cleared,0x00,0,
0x0ED1,cleared,0x00,0,
0x0ED2,cleared,0x00,0,
0x0ED3,cleared,0x00,0,
0x0ED4,cleared,0x00,0,
0x0ED5,cleared,0x00,0,
0x0ED6,cleared,0x00,0,
0x0ED7,cleared,0x00,0,
0x0ED8,cleared,0x00,0,
0x0ED9,cleared,0x00,0,
0x0EDA,cleared,0x00,0,
0x0EDB,cleared,0x00,0,
0x0EDC,cleared,0x00,0,
0x0EDD,cleared,0x00,0,
0x0EDE,cleared,0x00,0,
0x0EDF,cleared,0x00,0,
0x0EE0,cleared,0x00,0,
0x0EE1,cleared,0x00,0,
0x0EE2,cleared,0x00,0,
0x0EE3,cleared,0x00,0,
0x0EE4,cleared,0x00,0,
0x0EE5,cleared,0x00,0,
0x0EE6,cleared,0x00,0,
0x0EE7,cleared,0x00,0,
0x0EE8,cleared,0x00,0,
0x0EE9,cleared,0x00,0,
0x0EEA,cleared,0x00,0,
0x0EEB,cleared,0x00,0,
0x0EEC,cleared,0x00,0,
0x0EED,cleared,0x00,0,
0x0EEE,cleared,0x00,0,
0x0EEF,cleared,0x00,0,
0x0EF0,cleared,0x00,0,
0x0EF1,cleared,0x00,0,
0x0EF2,cleared,0x00,0,
0x0EF3,cleared,0x00,0,
0x0EF4,cleared,0x00,0,
0x0EF5,cleared,0x00,0,
0x0EF6,cleared,0x00,0,
0x0EF7,cleared,0x00,0,
0x0EF8,cleared,0x00,0,
0x0EF9,cleared,0x00,0,
0x0EFA,cleared,0x00,0,
0x0EFB,cleared,0x00,0,
0x0EFC,cleared,0x00,0,
0x0EFD,cleared,0x00,0,
0x0EFE,cleared,0x00,0,
0x0EFF,cleared,0x00,0,
0x0F00,cleared,0x00,0,
0x0F01,cleared,0x00,0,
0x0F02,cleared,0x00,0,
0x0F03,cleared,0x00,0,
0x0F04,cleared,0x00,0,
0x0F05,cleared,0x00,0,
0x0F06,cleared,0x00,0,
0x0F07,cleared,0x00,0,
0x0F08,cleared,0x00,0,
0x0F09,cleared,0x00,0,
0x0F0A,cleared,0x00,0,
0x0F0B,cleared,0x00,0,
0x0F0C,cleared,0x00,0,
0x0F0D,cleared,0x00,0,
0x0F0E,cleared,0x00,0,
0x0F0F,cleared,0x00,0,
0x0F10,cleared,0x00,0,
0x0F11,cleared,0x00,0,
0x0F12,cleared,0x00,0,
0x0F13,cleared,0x00,0,
0x0F14,cleared,0x00,0,
0x0F15,cleared,0x00,0,
0x0F16,cleared,0x00,0,
0x0F17,cleared,0x00,0,
0x0F18,cleared,0x00,0,
0x0F19,cleared,0x00,0,
0x0F1A,cleared,0x00,0,
0x0F1B,cleared,0x00,0,
0x0F1C,cleared,0x00,0,
0x0F1D,cleared,0x00,0,
0x0F1E,cleared,0x00,0,
0x0F1F,cleared,0x00,0,
0x0F20,cleared,0x00,0,
0x0F21,cleared,0x00,0,
0x0F22,cleared,0x00,0,
0x0F23,cleared,0x00,0,
0x0F24,cleared,0x00,0,
0x0F25,cleared,0x00,0,
0x0F26,cleared,0x00,0,
0x0F27,cleared,0x00,0,
0x0F28,cleared,0x00,0,
0x0F29,cleared,0x00,0,
0x0F2A,cleared,0x00,0,
0x0F2B,cleared,0x00,0,
0x0F2C,cleared,0x00,0,
0x0F2D,cleared,0x00,0,
0x0F2E,cleared,0x00,0,
0x0F2F,cleared,0x00,0,
0x0F30,cleared,0x00,0,
0x0F31,cleared,0x00,0,
0x0F32,cleared,0x00,0,
0x0F33,cleared,0x00,0,
0x0F34,cleared,0x00,0,
0x0F35,cleared,0x00,0,
0x0F36,cleared,0x00,0,
0x0F37,cleared,0x00,0,
0x0F38,cleared,0x00,0,
0x0F39,cleared,0x00,0,
0x0F3A,cleared,0x00,0,
0x0F3B,cleared,0x00,0,
0x0F3C,cleared,0x00,0,
0x0F3D,cleared,0x00,0,
0x0F3E,cleared,0x00,0,
0x0F3F,cleared,0x00,0,
0x0F40,cleared,0x00,0,
0x0F41,cleared,0x00,0,
0x0F42,cleared,0x00,0,
0x0F43,cleared,0x00,0,
0x0F44,cleared,0x00,0,
0x0F45,cleared,0x00,0,
0x0F46,cleared,0x00,0,
0x0F47,cleared,0x00,0,
0x0F48,cleared,0x00,0,
0x0F49,cleared,0x00,0,
0x0F4A,cleared,0x00,0,
0x0F4B,cleared,0x00,0,
0x0F4C,cleared,0x00,0,
0x0F4D,cleared,0x00,0,
0x0F4E,cleared,0x00,0,
0x0F4F,cleared,0x00,0,
0x0F50,cleared,0x00,0,
0x0F51,cleared,0x00,0,
0x0F52,cleared,0x00,0,
0x0F53,cleared,0x00,0,
0x0F54,cleared,0x00,0,
0x0F55,cleared,0x00,0,
0x0F56,cleared,0x00,0,
0x0F57,cleared,0x00,0,
0x0F58,cleared,0x00,0,
0x0F59,cleared,0x00,0,
0x0F5A,cleared,0x00,0,
0x0F5B,cleared,0x00,0,
0x0F5C,cleared,0x00,0,
0x0F5D,cleared,0x00,1,bank0=1
0x0F5E,cleared,0x00,0,
0x0F5F,cleared,0x00,2,bank0=2
0x0F60,cleared,0x00,22,bank0=22
0x0F61,cleared,0x00,1,bank0=1
0x0F62,cleared,0x00,1,bank0=1
0x0F63,cleared,0x00,1,bank0=1
0x0F64,cleared,0x00,1,bank0=1
0x0F65,cleared,0x00,1,bank0=1
0x0F66,cleared,0x00,1,bank0=1
0x0F67,cleared,0x00,1,bank0=1
0x0F68,cleared,0x00,1,bank0=1
0x0F69,cleared,0x00,0,
0x0F6A,cleared,0x00,0,
0x0F6B,cleared,0x00,0,
0x0F6C,cleared,0x00,0,
0x0F6D,cleared,0x00,0,
0x0F6E,cleared,0x00,0,
0x0F6F,cleared,0x00,0,
0x0F70,cleared,0x00,0,
0x0F71,cleared,0x00,0,
0x0F72,cleared,0x00,0,
0x0F73,cleared,0x00,0,
0x0F74,cleared,0x00,0,
0x0F75,cleared,0x00,0,
0x0F76,cleared,0x00,0,
0x0F77,cleared,0x00,0,
0x0F78,cleared,0x00,0,
0x0F79,cleared,0x00,0,
0x0F7A,cleared,0x00,0,
0x0F7B,cleared,0x00,0,
0x0F7C,cleared,0x00,0,
0x0F7D,cleared,0x00,0,
0x0F7E,cleared,0x00,0,
0x0F7F,cleared,0x00,0,
0x0F80,cleared,0x00,10,bank0=7 bank1=3
0x0F81,cleared,0x00,6,bank0=6
0x0F82,cleared,0x00,2,bank0=2
0x0F83,cleared,0x00,1,bank0=1
0x0F84,cleared,0x00,1,bank0=1
0x0F85,cleared,0x00,1,bank0=1
0x0F86,cleared,0x00,1,bank0=1
0x0F87,cleared,0x00,1,bank0=1
0x0F88,cleared,0x00,0,
0x0F89,cleared,0x00,0,
0x0F8A,cleared,0x00,0,
0x0F8B,cleared,0x00,0,
0x0F8C,cleared,0x00,0,
0x0F8D,cleared,0x00,0,
0x0F8E,cleared,0x00,0,
0x0F8F,cleared,0x00,0,
0x0F90,cleared,0x00,0,
0x0F91,cleared,0x00,0,
0x0F92,cleared,0x00,0,
0x0F93,cleared,0x00,0,
0x0F94,cleared,0x00,0,
0x0F95,cleared,0x00,0,
0x0F96,cleared,0x00,0,
0x0F97,cleared,0x00,0,
0x0F98,cleared,0x00,0,
0x0F99,cleared,0x00,0,
0x0F9A,cleared,0x00,0,
0x0F9B,cleared,0x00,0,
0x0F9C,cleared,0x00,0,
0x0F9D,cleared,0x00,0,
0x0F9E,cleared,0x00,0,
0x0F9F,cleared,0x00,0,
0x0FA0,cleared,0x00,7,bank0=6 bank1=1
0x0FA1,cleared,0x00,0,
0x0FA2,cleared,0x00,0,
0x0FA3,cleared,0x00,0,
0x0FA4,cleared,0x00,0,
0x0FA5,cleared,0x00,0,
0x0FA6,cleared,0x00,0,
0x0FA7,cleared,0x00,0,
0x0FA8,cleared,0x00,0,
0x0FA9,cleared,0x00,0,
0x0FAA,cleared,0x00,0,
0x0FAB,cleared,0x00,0,
0x0FAC,cleared,0x00,0,
0x0FAD,cleared,0x00,0,
0x0FAE,cleared,0x00,0,
0x0FAF,cleared,0x00,0,
0x0FB0,cleared,0x00,1,bank0=1
0x0FB1,cleared,0x00,1,bank0=1
0x0FB2,cleared,0x00,2,bank0=2
0x0FB3,cleared,0x00,3,bank0=3
0x0FB4,cleared,0x00,2,bank0=2
0x0FB5,cleared,0x00,1,bank0=1
0x0FB6,cleared,0x00,1,bank0=1
0x0FB7,cleared,0x00,1,bank0=1
0x0FB8,cleared,0x00,1,bank0=1
0x0FB9,cleared,0x00,0,
0x0FBA,cleared,0x00,0,
0x0FBB,cleared,0x00,0,
0x0FBC,cleared,0x00,0,
0x0FBD,cleared,0x00,0,
0x0FBE,cleared,0x00,0,
0x0FBF,cleared,0x00,0,
0x0FC0,cleared,0x00,7,bank0=7
0x0FC1,cleared,0x00,1,bank0=1
0x0FC2,cleared,0x00,1,bank0=1
0x0FC3,cleared,0x00,2,bank0=2
0x0FC4,cleared,0x00,0,
0x0FC5,cleared,0x00,0,
0x0FC6,cleared,0x00,0,
0x0FC7,cleared,0x00,0,
0x0FC8,cleared,0x00,0,
0x0FC9,cleared,0x00,0,
0x0FCA,cleared,0x00,0,
0x0FCB,cleared,0x00,0,
0x0FCC,cleared,0x00,0,
0x0FCD,cleared,0x00,0,
0x0FCE,cleared,0x00,0,
0x0FCF,cleared,0x00,0,
0x0FD0,cleared,0x00,0,
0x0FD1,cleared,0x00,0,
0x0FD2,cleared,0x00,0,
0x0FD3,cleared,0x00,0,
0x0FD4,cleared,0x00,0,
0x0FD5,cleared,0x00,0,
0x0FD6,cleared,0x00,0,
0x0FD7,cleared,0x00,0,
0x0FD8,cleared,0x00,0,
0x0FD9,cleared,0x00,0,
0x0FDA,cleared,0x00,0,
0x0FDB,cleared,0x00,0,
0x0FDC,cleared,0x00,0,
0x0FDD,cleared,0x00,0,
0x0FDE,cleared,0x00,0,
0x0FDF,cleared,0x00,0,
0x0FE0,cleared,0x00,0,
0x0FE1,cleared,0x00,0,
0x0FE2,cleared,0x00,0,
0x0FE3,cleared,0x00,0,
0x0FE4,cleared,0x00,0,
0x0FE5,cleared,0x00,0,
0x0FE6,cleared,0x00,0,
0x0FE7,cleared,0x00,0,
0x0FE8,cleared,0x00,0,
0x0FE9,cleared,0x00,0,
0x0FEA,cleared,0x00,0,
0x0FEB,cleared,0x00,0,
0x0FEC,cleared,0x00,0,
0x0FED,cleared,0x00,0,
0x0FEE,cleared,0x00,0,
0x0FEF,cleared,0x00,0,
0x0FF0,cleared,0x00,0,
0x0FF1,cleared,0x00,0,
0x0FF2,cleared,0x00,0,
0x0FF3,cleared,0x00,0,
0x0FF4,cleared,0x00,0,
0x0FF5,cleared,0x00,0,
0x0FF6,cleared,0x00,0,
0x0FF7,cleared,0x00,0,
0x0FF8,cleared,0x00,0,
0x0FF9,cleared,0x00,0,
0x0FFA,cleared,0x00,0,
0x0FFB,cleared,0x00,0,
0x0FFC,cleared,0x00,0,
0x0FFD,cleared,0x00,0,
0x0FFE,cleared,0x00,0,
0x0FFF,cleared,0x00,0,
0x1001,written,0x3f,1,common=1
0x9000,cleared,0x00,1,common=1
0x9001,cleared,0x00,0,
0x9002,cleared,0x00,0,
0x9003,cleared,0x00,0,
0x9004,cleared,0x00,4,bank0=3 pd-image=1
0x9005,cleared,0x00,0,
0x9006,cleared,0x00,0,
0x9007,cleared,0x00,4,bank0=1 pd-image=3
0x9008,cleared,0x00,2,pd-image=2
0x9009,cleared,0x00,0,
0x900A,cleared,0x00,14,bank0=5 common=6 pd-image=3
0x900B,cleared,0x00,0,
0x900C,cleared,0x00,0,
0x900D,cleared,0x00,0,
0x900E,cleared,0x00,0,
0x900F,cleared,0x00,0,
0x9010,cleared,0x00,0,
0x9011,cleared,0x00,0,
0x9012,cleared,0x00,0,
0x9013,cleared,0x00,0,
0x9014,cleared,0x00,0,
0x9015,cleared,0x00,0,
0x9016,cleared,0x00,0,
0x9017,cleared,0x00,0,
0x9018,cleared,0x00,0,
0x9019,cleared,0x00,0,
0x901A,cleared,0x00,0,
0x901B,cleared,0x00,0,
0x901C,cleared,0x00,0,
0x901D,cleared,0x00,0,
0x901E,cleared,0x00,0,
0x901F,cleared,0x00,0,
0x9020,cleared,0x00,0,
0x9021,cleared,0x00,0,
0x9022,cleared,0x00,0,
0x9023,cleared,0x00,0,
0x9024,cleared,0x00,0,
0x9025,cleared,0x00,0,
0x9026,cleared,0x00,0,
0x9027,cleared,0x00,0,
0x9028,cleared,0x00,0,
0x9029,cleared,0x00,0,
0x902A,cleared,0x00,0,
0x902B,cleared,0x00,0,
0x902C,cleared,0x00,0,
0x902D,cleared,0x00,0,
0x902E,cleared,0x00,0,
0x902F,cleared,0x00,0,
0x9030,cleared,0x00,0,
0x9031,cleared,0x00,0,
0x9032,cleared,0x00,0,
0x9033,cleared,0x00,0,
0x9034,cleared,0x00,0,
0x9035,cleared,0x00,0,
0x9036,cleared,0x00,0,
0x9037,cleared,0x00,0,
0x9038,cleared,0x00,0,
0x9039,cleared,0x00,0,
0x903A,cleared,0x00,0,
0x903B,cleared,0x00,0,
0x903C,cleared,0x00,0,
0x903D,cleared,0x00,0,
0x903E,cleared,0x00,0,
0x903F,cleared,0x00,0,
0x9040,cleared,0x00,0,
0x9041,cleared,0x00,0,
0x9042,cleared,0x00,0,
0x9043,cleared,0x00,0,
0x9044,cleared,0x00,0,
0x9045,cleared,0x00,0,
0x9046,cleared,0x00,0,
0x9047,cleared,0x00,0,
0x9048,cleared,0x00,0,
0x9049,cleared,0x00,0,
0x904A,cleared,0x00,0,
0x904B,cleared,0x00,0,
0x904C,cleared,0x00,0,
0x904D,cleared,0x00,0,
0x904E,cleared,0x00,0,
0x904F,cleared,0x00,0,
0x9050,cleared,0x00,0,
0x9051,cleared,0x00,0,
0x9052,cleared,0x00,0,
0x9053,cleared,0x00,0,
0x9054,cleared,0x00,0,
0x9055,cleared,0x00,0,
0x9056,cleared,0x00,0,
0x9057,cleared,0x00,0,
0x9058,cleared,0x00,0,
0x9059,cleared,0x00,0,
0x905A,cleared,0x00,0,
0x905B,cleared,0x00,0,
0x905C,cleared,0x00,0,
0x905D,cleared,0x00,0,
0x905E,cleared,0x00,0,
0x905F,cleared,0x00,0,
0x9060,cleared,0x00,0,
0x9061,cleared,0x00,0,
0x9062,cleared,0x00,0,
0x9063,cleared,0x00,0,
0x9064,cleared,0x00,0,
0x9065,cleared,0x00,0,
0x9066,cleared,0x00,0,
0x9067,cleared,0x00,0,
0x9068,cleared,0x00,0,
0x9069,cleared,0x00,0,
0x906A,cleared,0x00,0,
0x906B,cleared,0x00,0,
0x906C,cleared,0x00,0,
0x906D,cleared,0x00,0,
0x906E,cleared,0x00,0,
0x906F,cleared,0x00,0,
0x9070,cleared,0x00,0,
0x9071,cleared,0x00,0,
0x9072,cleared,0x00,0,
0x9073,cleared,0x00,0,
0x9074,cleared,0x00,0,
0x9075,cleared,0x00,0,
0x9076,cleared,0x00,0,
0x9077,cleared,0x00,0,
0x9078,cleared,0x00,0,
0x9079,cleared,0x00,0,
0x907A,cleared,0x00,0,
0x907B,cleared,0x00,0,
0x907C,cleared,0x00,0,
0x907D,cleared,0x00,0,
0x907E,cleared,0x00,0,
0x907F,cleared,0x00,0,
0x9080,cleared,0x00,0,
0x9081,cleared,0x00,0,
0x9082,cleared,0x00,0,
0x9083,cleared,0x00,0,
0x9084,cleared,0x00,0,
0x9085,cleared,0x00,0,
0x9086,cleared,0x00,0,
0x9087,cleared,0x00,0,
0x9088,cleared,0x00,0,
0x9089,cleared,0x00,0,
0x908A,cleared,0x00,0,
0x908B,cleared,0x00,0,
0x908C,cleared,0x00,0,
0x908D,cleared,0x00,0,
0x908E,cleared,0x00,0,
0x908F,cleared,0x00,0,
0x9090,cleared,0x00,0,
0x9091,cleared,0x00,0,
0x9092,cleared,0x00,0,
0x9093,cleared,0x00,0,
0x9094,cleared,0x00,0,
0x9095,cleared,0x00,0,
0x9096,cleared,0x00,0,
0x9097,cleared,0x00,0,
0x9098,cleared,0x00,0,
0x9099,cleared,0x00,0,
0x909A,cleared,0x00,0,
0x909B,cleared,0x00,0,
0x909C,cleared,0x00,0,
0x909D,cleared,0x00,0,
0x909E,cleared,0x00,0,
0x909F,cleared,0x00,0,
0x90A0,cleared,0x00,0,
0x90A1,cleared,0x00,0,
0x90A2,cleared,0x00,0,
0x90A3,cleared,0x00,0,
0x90A4,cleared,0x00,0,
0x90A5,cleared,0x00,0,
0x90A6,cleared,0x00,0,
0x90A7,cleared,0x00,0,
0x90A8,cleared,0x00,0,
0x90A9,cleared,0x00,0,
0x90AA,cleared,0x00,0,
0x90AB,cleared,0x00,0,
0x90AC,cleared,0x00,0,
0x90AD,cleared,0x00,0,
0x90AE,cleared,0x00,0,
0x90AF,cleared,0x00,0,
0x90B0,cleared,0x00,0,
0x90B1,cleared,0x00,0,
0x90B2,cleared,0x00,0,
0x90B3,cleared,0x00,0,
0x90B4,cleared,0x00,0,
0x90B5,cleared,0x00,0,
0x90B6,cleared,0x00,0,
0x90B7,cleared,0x00,0,
0x90B8,cleared,0x00,0,
0x90B9,cleared,0x00,0,
0x90BA,cleared,0x00,0,
0x90BB,cleared,0x00,0,
0x90BC,cleared,0x00,0,
0x90BD,cleared,0x00,0,
0x90BE,cleared,0x00,0,
0x90BF,cleared,0x00,0,
0x90C0,cleared,0x00,0,
0x90C1,cleared,0x00,0,
0x90C2,cleared,0x00,0,
0x90C3,cleared,0x00,0,
0x90C4,cleared,0x00,0,
0x90C5,cleared,0x00,0,
0x90C6,cleared,0x00,0,
0x90C7,cleared,0x00,0,
0x90C8,cleared,0x00,0,
0x90C9,cleared,0x00,0,
0x90CA,cleared,0x00,0,
0x90CB,cleared,0x00,0,
0x90CC,cleared,0x00,0,
0x90CD,cleared,0x00,0,
0x90CE,cleared,0x00,0,
0x90CF,cleared,0x00,0,
0x90D0,cleared,0x00,0,
0x90D1,cleared,0x00,0,
0x90D2,cleared,0x00,0,
0x90D3,cleared,0x00,0,
0x90D4,cleared,0x00,0,
0x90D5,cleared,0x00,0,
0x90D6,cleared,0x00,0,
0x90D7,cleared,0x00,0,
0x90D8,cleared,0x00,0,
0x90D9,cleared,0x00,0,
0x90DA,cleared,0x00,0,
0x90DB,cleared,0x00,0,
0x90DC,cleared,0x00,0,
0x90DD,cleared,0x00,0,
0x90DE,cleared,0x00,0,
0x90DF,cleared,0x00,0,
0x90E0,cleared,0x00,0,
0x90E1,cleared,0x00,0,
0x90E2,cleared,0x00,0,
0x90E3,cleared,0x00,0,
0x90E4,cleared,0x00,0,
0x90E5,cleared,0x00,0,
0x90E6,cleared,0x00,0,
0x90E7,cleared,0x00,0,
0x90E8,cleared,0x00,0,
0x90E9,cleared,0x00,0,
0x90EA,cleared,0x00,0,
0x90EB,cleared,0x00,0,
0x90EC,cleared,0x00,0,
0x90ED,cleared,0x00,0,
0x90EE,cleared,0x00,0,
0x90EF,cleared,0x00,0,
0x90F0,cleared,0x00,0,
0x90F1,cleared,0x00,0,
0x90F2,cleared,0x00,0,
0x90F3,cleared,0x00,0,
0x90F4,cleared,0x00,0,
0x90F5,cleared,0x00,0,
0x90F6,cleared,0x00,0,
0x90F7,cleared,0x00,0,
0x90F8,cleared,0x00,0,
0x90F9,cleared,0x00,0,
0x90FA,cleared,0x00,0,
0x90FB,cleared,0x00,0,
0x90FC,cleared,0x00,0,
0x90FD,cleared,0x00,0,
0x90FE,cleared,0x00,0,
0x90FF,cleared,0x00,0,
0x9100,cleared,0x00,0,
0x9101,cleared,0x00,0,
0x9102,cleared,0x00,0,
0x9103,cleared,0x00,0,
0x9104,cleared,0x00,0,
0x9105,cleared,0x00,0,
0x9106,cleared,0x00,0,
0x9107,cleared,0x00,0,
0x9108,cleared,0x00,0,
0x9109,cleared,0x00,0,
0x910A,cleared,0x00,0,
0x910B,cleared,0x00,0,
0x910C,cleared,0x00,0,
0x910D,cleared,0x00,0,
0x910E,cleared,0x00,0,
0x910F,cleared,0x00,0,
0x9110,cleared,0x00,0,
0x9111,cleared,0x00,0,
0x9112,cleared,0x00,0,
0x9113,cleared,0x00,0,
0x9114,cleared,0x00,0,
0x9115,cleared,0x00,0,
0x9116,cleared,0x00,0,
0x9117,cleared,0x00,0,
0x9118,cleared,0x00,0,
0x9119,cleared,0x00,0,
0x911A,cleared,0x00,0,
0x911B,cleared,0x00,0,
0x911C,cleared,0x00,0,
0x911D,cleared,0x00,0,
0x911E,cleared,0x00,0,
0x911F,cleared,0x00,0,
0x9120,cleared,0x00,0,
0x9121,cleared,0x00,0,
0x9122,cleared,0x00,0,
0x9123,cleared,0x00,0,
0x9124,cleared,0x00,0,
0x9125,cleared,0x00,0,
0x9126,cleared,0x00,0,
0x9127,cleared,0x00,0,
0x9128,cleared,0x00,0,
0x9129,cleared,0x00,0,
0x912A,cleared,0x00,0,
0x912B,cleared,0x00,0,
0x912C,cleared,0x00,0,
0x912D,cleared,0x00,0,
0x912E,cleared,0x00,0,
0x912F,cleared,0x00,0,
0x9130,cleared,0x00,0,
0x9131,cleared,0x00,0,
0x9132,cleared,0x00,0,
0x9133,cleared,0x00,0,
0x9134,cleared,0x00,0,
0x9135,cleared,0x00,0,
0x9136,cleared,0x00,0,
0x9137,cleared,0x00,0,
0x9138,cleared,0x00,0,
0x9139,cleared,0x00,0,
0x913A,cleared,0x00,0,
0x913B,cleared,0x00,0,
0x913C,cleared,0x00,0,
0x913D,cleared,0x00,0,
0x913E,cleared,0x00,0,
0x913F,cleared,0x00,0,
0x9140,cleared,0x00,0,
0x9141,cleared,0x00,0,
0x9142,cleared,0x00,0,
0x9143,cleared,0x00,0,
0x9144,cleared,0x00,0,
0x9145,cleared,0x00,0,
0x9146,cleared,0x00,0,
0x9147,cleared,0x00,0,
0x9148,cleared,0x00,0,
0x9149,cleared,0x00,0,
0x914A,cleared,0x00,0,
0x914B,cleared,0x00,0,
0x914C,cleared,0x00,0,
0x914D,cleared,0x00,0,
0x914E,cleared,0x00,0,
0x914F,cleared,0x00,0,
0x9150,cleared,0x00,0,
0x9151,cleared,0x00,0,
0x9152,cleared,0x00,0,
0x9153,cleared,0x00,0,
0x9154,cleared,0x00,0,
0x9155,cleared,0x00,0,
0x9156,cleared,0x00,0,
0x9157,cleared,0x00,0,
0x9158,cleared,0x00,0,
0x9159,cleared,0x00,0,
0x915A,cleared,0x00,0,
0x915B,cleared,0x00,0,
0x915C,cleared,0x00,0,
0x915D,cleared,0x00,0,
0x915E,cleared,0x00,0,
0x915F,cleared,0x00,0,
0x9160,cleared,0x00,0,
0x9161,cleared,0x00,0,
0x9162,cleared,0x00,0,
0x9163,cleared,0x00,0,
0x9164,cleared,0x00,0,
0x9165,cleared,0x00,0,
0x9166,cleared,0x00,0,
0x9167,cleared,0x00,0,
0x9168,cleared,0x00,0,
0x9169,cleared,0x00,0,
0x916A,cleared,0x00,0,
0x916B,cleared,0x00,0,
0x916C,cleared,0x00,0,
0x916D,cleared,0x00,0,
0x916E,cleared,0x00,0,
0x916F,cleared,0x00,0,
0x9170,cleared,0x00,0,
0x9171,cleared,0x00,0,
0x9172,cleared,0x00,0,
0x9173,cleared,0x00,0,
0x9174,cleared,0x00,0,
0x9175,cleared,0x00,0,
0x9176,cleared,0x00,0,
0x9177,cleared,0x00,0,
0x9178,cleared,0x00,0,
0x9179,cleared,0x00,0,
0x917A,cleared,0x00,0,
0x917B,cleared,0x00,0,
0x917C,cleared,0x00,0,
0x917D,cleared,0x00,0,
0x917E,cleared,0x00,0,
0x917F,cleared,0x00,0,
0x9180,cleared,0x00,0,
0x9181,cleared,0x00,0,
0x9182,cleared,0x00,0,
0x9183,cleared,0x00,0,
0x9184,cleared,0x00,0,
0x9185,cleared,0x00,0,
0x9186,cleared,0x00,0,
0x9187,cleared,0x00,0,
0x9188,cleared,0x00,0,
0x9189,cleared,0x00,0,
0x918A,cleared,0x00,0,
0x918B,cleared,0x00,0,
0x918C,cleared,0x00,0,
0x918D,cleared,0x00,0,
0x918E,cleared,0x00,0,
0x918F,cleared,0x00,0,
0x9190,cleared,0x00,0,
0x9191,cleared,0x00,0,
0x9192,cleared,0x00,0,
0x9193,cleared,0x00,0,
0x9194,cleared,0x00,0,
0x9195,cleared,0x00,0,
0x9196,cleared,0x00,0,
0x9197,cleared,0x00,0,
0x9198,cleared,0x00,0,
0x9199,cleared,0x00,0,
0x919A,cleared,0x00,0,
0x919B,cleared,0x00,0,
0x919C,cleared,0x00,0,
0x919D,cleared,0x00,0,
0x919E,cleared,0x00,0,
0x919F,cleared,0x00,0,
0x91A0,cleared,0x00,0,
0x91A1,cleared,0x00,0,
0x91A2,cleared,0x00,0,
0x91A3,cleared,0x00,0,
0x91A4,cleared,0x00,0,
0x91A5,cleared,0x00,0,
0x91A6,cleared,0x00,0,
0x91A7,cleared,0x00,0,
0x91A8,cleared,0x00,0,
0x91A9,cleared,0x00,0,
0x91AA,cleared,0x00,0,
0x91AB,cleared,0x00,0,
0x91AC,cleared,0x00,0,
0x91AD,cleared,0x00,0,
0x91AE,cleared,0x00,0,
0x91AF,cleared,0x00,0,
0x91B0,cleared,0x00,0,
0x91B1,cleared,0x00,0,
0x91B2,cleared,0x00,0,
0x91B3,cleared,0x00,0,
0x91B4,cleared,0x00,0,
0x91B5,cleared,0x00,0,
0x91B6,cleared,0x00,0,
0x91B7,cleared,0x00,0,
0x91B8,cleared,0x00,0,
0x91B9,cleared,0x00,0,
0x91BA,cleared,0x00,0,
0x91BB,cleared,0x00,0,
0x91BC,cleared,0x00,0,
0x91BD,cleared,0x00,0,
0x91BE,cleared,0x00,0,
0x91BF,cleared,0x00,0,
0x91C0,cleared,0x00,0,
0x91C1,cleared,0x00,0,
0x91C2,cleared,0x00,0,
0x91C3,cleared,0x00,0,
0x91C4,cleared,0x00,0,
0x91C5,cleared,0x00,0,
0x91C6,cleared,0x00,0,
0x91C7,cleared,0x00,0,
0x91C8,cleared,0x00,0,
0x91C9,cleared,0x00,0,
0x91CA,cleared,0x00,0,
0x91CB,cleared,0x00,0,
0x91CC,cleared,0x00,0,
0x91CD,cleared,0x00,0,
0x91CE,cleared,0x00,0,
0x91CF,cleared,0x00,0,
0x91D0,cleared,0x00,1,bank1=1
0x91D1,cleared,0x00,0,
0x91D2,cleared,0x00,0,
0x91D3,cleared,0x00,0,
0x91D4,cleared,0x00,0,
0x91D5,cleared,0x00,0,
0x91D6,cleared,0x00,0,
0x91D7,cleared,0x00,0,
0x91D8,cleared,0x00,0,
0x91D9,cleared,0x00,0,
0x91DA,cleared,0x00,0,
0x91DB,cleared,0x00,0,
0x91DC,cleared,0x00,0,
0x91DD,cleared,0x00,0,
0x91DE,cleared,0x00,0,
0x91DF,cleared,0x00,0,
0x91E0,cleared,0x00,0,
0x91E1,cleared,0x00,0,
0x91E2,cleared,0x00,0,
0x91E3,cleared,0x00,0,
0x91E4,cleared,0x00,0,
0x91E5,cleared,0x00,0,
0x91E6,cleared,0x00,0,
0x91E7,cleared,0x00,0,
0x91E8,cleared,0x00,0,
0x91E9,cleared,0x00,0,
0x91EA,cleared,0x00,0,
0x91EB,cleared,0x00,0,
0x91EC,cleared,0x00,0,
0x91ED,cleared,0x00,0,
0x91EE,cleared,0x00,0,
0x91EF,cleared,0x00,0,
0x91F0,cleared,0x00,0,
0x91F1,cleared,0x00,0,
0x91F2,cleared,0x00,0,
0x91F3,cleared,0x00,0,
0x91F4,cleared,0x00,0,
0x91F5,cleared,0x00,0,
0x91F6,cleared,0x00,0,
0x91F7,cleared,0x00,0,
0x91F8,cleared,0x00,0,
0x91F9,cleared,0x00,0,
0x91FA,cleared,0x00,0,
0x91FB,cleared,0x00,0,
0x91FC,cleared,0x00,0,
0x91FD,cleared,0x00,0,
0x91FE,cleared,0x00,0,
0x91FF,cleared,0x00,0,
0x9200,cleared,0x00,0,
0x9201,cleared,0x00,0,
0x9202,cleared,0x00,0,
0x9203,cleared,0x00,0,
0x9204,cleared,0x00,0,
0x9205,cleared,0x00,0,
0x9206,cleared,0x00,0,
0x9207,cleared,0x00,0,
0x9208,cleared,0x00,0,
0x9209,cleared,0x00,0,
0x920A,cleared,0x00,0,
0x920B,cleared,0x00,0,
0x920C,cleared,0x00,1,bank1=1
0x920D,cleared,0x00,0,
0x920E,cleared,0x00,0,
0x920F,cleared,0x00,0,
0x9210,cleared,0x00,0,
0x9211,cleared,0x00,0,
0x9212,cleared,0x00,0,
0x9213,cleared,0x00,0,
0x9214,cleared,0x00,0,
0x9215,cleared,0x00,0,
0x9216,cleared,0x00,0,
0x9217,cleared,0x00,0,
0x9218,cleared,0x00,0,
0x9219,cleared,0x00,0,
0x921A,cleared,0x00,0,
0x921B,cleared,0x00,0,
0x921C,cleared,0x00,0,
0x921D,cleared,0x00,0,
0x921E,cleared,0x00,0,
0x921F,cleared,0x00,0,
0x9220,cleared,0x00,0,
0x9221,cleared,0x00,0,
0x9222,cleared,0x00,0,
0x9223,cleared,0x00,0,
0x9224,cleared,0x00,0,
0x9225,cleared,0x00,0,
0x9226,cleared,0x00,0,
0x9227,cleared,0x00,0,
0x9228,cleared,0x00,0,
0x9229,cleared,0x00,0,
0x922A,cleared,0x00,0,
0x922B,cleared,0x00,0,
0x922C,cleared,0x00,0,
0x922D,cleared,0x00,0,
0x922E,cleared,0x00,0,
0x922F,cleared,0x00,0,
0x9230,cleared,0x00,0,
0x9231,cleared,0x00,0,
0x9232,cleared,0x00,0,
0x9233,cleared,0x00,0,
0x9234,cleared,0x00,0,
0x9235,cleared,0x00,0,
0x9236,cleared,0x00,0,
0x9237,cleared,0x00,0,
0x9238,cleared,0x00,0,
0x9239,cleared,0x00,0,
0x923A,cleared,0x00,0,
0x923B,cleared,0x00,0,
0x923C,cleared,0x00,1,bank1=1
0x923D,cleared,0x00,0,
0x923E,cleared,0x00,0,
0x923F,cleared,0x00,0,
0x9240,cleared,0x00,0,
0x9241,cleared,0x00,0,
0x9242,cleared,0x00,0,
0x9243,cleared,0x00,0,
0x9244,cleared,0x00,0,
0x9245,cleared,0x00,0,
0x9246,cleared,0x00,0,
0x9247,cleared,0x00,0,
0x9248,cleared,0x00,0,
0x9249,cleared,0x00,0,
0x924A,cleared,0x00,0,
0x924B,cleared,0x00,0,
0x924C,cleared,0x00,0,
0x924D,cleared,0x00,0,
0x924E,cleared,0x00,0,
0x924F,cleared,0x00,0,
0x9250,cleared,0x00,0,
0x9251,cleared,0x00,0,
0x9252,cleared,0x00,0,
0x9253,cleared,0x00,0,
0x9254,cleared,0x00,0,
0x9255,cleared,0x00,0,
0x9256,cleared,0x00,0,
0x9257,cleared,0x00,0,
0x9258,cleared,0x00,0,
0x9259,cleared,0x00,0,
0x925A,cleared,0x00,0,
0x925B,cleared,0x00,0,
0x925C,cleared,0x00,0,
0x925D,cleared,0x00,0,
0x925E,cleared,0x00,0,
0x925F,cleared,0x00,0,
0x9260,cleared,0x00,0,
0x9261,cleared,0x00,0,
0x9262,cleared,0x00,0,
0x9263,cleared,0x00,0,
0x9264,cleared,0x00,0,
0x9265,cleared,0x00,0,
0x9266,cleared,0x00,0,
0x9267,cleared,0x00,0,
0x9268,cleared,0x00,0,
0x9269,cleared,0x00,0,
0x926A,cleared,0x00,0,
0x926B,cleared,0x00,0,
0x926C,cleared,0x00,0,
0x926D,cleared,0x00,0,
0x926E,cleared,0x00,0,
0x926F,cleared,0x00,0,
0x9270,cleared,0x00,0,
0x9271,cleared,0x00,0,
0x9272,cleared,0x00,0,
0x9273,cleared,0x00,0,
0x9274,cleared,0x00,0,
0x9275,cleared,0x00,0,
0x9276,cleared,0x00,0,
0x9277,cleared,0x00,0,
0x9278,cleared,0x00,0,
0x9279,cleared,0x00,0,
0x927A,cleared,0x00,0,
0x927B,cleared,0x00,0,
0x927C,cleared,0x00,0,
0x927D,cleared,0x00,0,
0x927E,cleared,0x00,0,
0x927F,cleared,0x00,0,
0x9280,cleared,0x00,0,
0x9281,cleared,0x00,0,
0x9282,cleared,0x00,0,
0x9283,cleared,0x00,0,
0x9284,cleared,0x00,0,
0x9285,cleared,0x00,0,
0x9286,cleared,0x00,0,
0x9287,cleared,0x00,0,
0x9288,cleared,0x00,0,
0x9289,cleared,0x00,0,
0x928A,cleared,0x00,0,
0x928B,cleared,0x00,0,
0x928C,cleared,0x00,0,
0x928D,cleared,0x00,0,
0x928E,cleared,0x00,0,
0x928F,cleared,0x00,0,
0x9290,cleared,0x00,0,
0x9291,cleared,0x00,0,
0x9292,cleared,0x00,0,
0x9293,cleared,0x00,0,
0x9294,cleared,0x00,0,
0x9295,cleared,0x00,0,
0x9296,cleared,0x00,0,
0x9297,cleared,0x00,0,
0x9298,cleared,0x00,0,
0x9299,cleared,0x00,0,
0x929A,cleared,0x00,0,
0x929B,cleared,0x00,0,
0x929C,cleared,0x00,0,
0x929D,cleared,0x00,0,
0x929E,cleared,0x00,0,
0x929F,cleared,0x00,0,
0x92A0,cleared,0x00,0,
0x92A1,cleared,0x00,0,
0x92A2,cleared,0x00,0,
0x92A3,cleared,0x00,0,
0x92A4,cleared,0x00,0,
0x92A5,cleared,0x00,0,
0x92A6,cleared,0x00,0,
0x92A7,cleared,0x00,0,
0x92A8,cleared,0x00,0,
0x92A9,cleared,0x00,0,
0x92AA,cleared,0x00,0,
0x92AB,cleared,0x00,0,
0x92AC,cleared,0x00,0,
0x92AD,cleared,0x00,0,
0x92AE,cleared,0x00,0,
0x92AF,cleared,0x00,0,
0x92B0,cleared,0x00,0,
0x92B1,cleared,0x00,0,
0x92B2,cleared,0x00,0,
0x92B3,cleared,0x00,0,
0x92B4,cleared,0x00,0,
0x92B5,cleared,0x00,0,
0x92B6,cleared,0x00,0,
0x92B7,cleared,0x00,0,
0x92B8,cleared,0x00,0,
0x92B9,cleared,0x00,0,
0x92BA,cleared,0x00,0,
0x92BB,cleared,0x00,0,
0x92BC,cleared,0x00,0,
0x92BD,cleared,0x00,0,
0x92BE,cleared,0x00,0,
0x92BF,cleared,0x00,0,
0x92C0,cleared,0x00,0,
0x92C1,cleared,0x00,0,
0x92C2,cleared,0x00,0,
0x92C3,cleared,0x00,0,
0x92C4,cleared,0x00,0,
0x92C5,cleared,0x00,0,
0x92C6,cleared,0x00,0,
0x92C7,cleared,0x00,0,
0x92C8,cleared,0x00,0,
0x92C9,cleared,0x00,0,
0x92CA,cleared,0x00,0,
0x92CB,cleared,0x00,0,
0x92CC,cleared,0x00,0,
0x92CD,cleared,0x00,0,
0x92CE,cleared,0x00,0,
0x92CF,cleared,0x00,0,
0x92D0,cleared,0x00,0,
0x92D1,cleared,0x00,0,
0x92D2,cleared,0x00,0,
0x92D3,cleared,0x00,0,
0x92D4,cleared,0x00,0,
0x92D5,cleared,0x00,0,
0x92D6,cleared,0x00,0,
0x92D7,cleared,0x00,0,
0x92D8,cleared,0x00,0,
0x92D9,cleared,0x00,0,
0x92DA,cleared,0x00,0,
0x92DB,cleared,0x00,0,
0x92DC,cleared,0x00,0,
0x92DD,cleared,0x00,0,
0x92DE,cleared,0x00,0,
0x92DF,cleared,0x00,0,
0x92E0,cleared,0x00,0,
0x92E1,cleared,0x00,0,
0x92E2,cleared,0x00,0,
0x92E3,cleared,0x00,0,
0x92E4,cleared,0x00,0,
0x92E5,cleared,0x00,0,
0x92E6,cleared,0x00,0,
0x92E7,cleared,0x00,0,
0x92E8,cleared,0x00,0,
0x92E9,cleared,0x00,0,
0x92EA,cleared,0x00,0,
0x92EB,cleared,0x00,0,
0x92EC,cleared,0x00,0,
0x92ED,cleared,0x00,0,
0x92EE,cleared,0x00,0,
0x92EF,cleared,0x00,0,
0x92F0,cleared,0x00,0,
0x92F1,cleared,0x00,0,
0x92F2,cleared,0x00,0,
0x92F3,cleared,0x00,0,
0x92F4,cleared,0x00,0,
0x92F5,cleared,0x00,0,
0x92F6,cleared,0x00,0,
0x92F7,cleared,0x00,1,common=1
0x92F8,cleared,0x00,0,
0x92F9,cleared,0x00,0,
0x92FA,cleared,0x00,0,
0x92FB,cleared,0x00,0,
0x92FC,cleared,0x00,0,
0x92FD,cleared,0x00,0,
0x92FE,cleared,0x00,0,
0x92FF,cleared,0x00,0,
0x9300,cleared,0x00,0,
0x9301,cleared,0x00,0,
0x9302,cleared,0x00,0,
0x9303,cleared,0x00,0,
0x9304,cleared,0x00,0,
0x9305,cleared,0x00,0,
0x9306,cleared,0x00,0,
0x9307,cleared,0x00,0,
0x9308,cleared,0x00,0,
0x9309,cleared,0x00,0,
0x930A,cleared,0x00,0,
0x930B,cleared,0x00,0,
0x930C,cleared,0x00,0,
0x930D,cleared,0x00,0,
0x930E,cleared,0x00,0,
0x930F,cleared,0x00,0,
0x9310,cleared,0x00,0,
0x9311,cleared,0x00,0,
0x9312,cleared,0x00,0,
0x9313,cleared,0x00,0,
0x9314,cleared,0x00,0,
0x9315,cleared,0x00,0,
0x9316,cleared,0x00,0,
0x9317,cleared,0x00,0,
0x9318,cleared,0x00,0,
0x9319,cleared,0x00,0,
0x931A,cleared,0x00,0,
0x931B,cleared,0x00,0,
0x931C,cleared,0x00,0,
0x931D,cleared,0x00,0,
0x931E,cleared,0x00,0,
0x931F,cleared,0x00,0,
0x9320,cleared,0x00,0,
0x9321,cleared,0x00,0,
0x9322,cleared,0x00,0,
0x9323,cleared,0x00,0,
0x9324,cleared,0x00,0,
0x9325,cleared,0x00,0,
0x9326,cleared,0x00,0,
0x9327,cleared,0x00,0,
0x9328,cleared,0x00,0,
0x9329,cleared,0x00,0,
0x932A,cleared,0x00,0,
0x932B,cleared,0x00,0,
0x932C,cleared,0x00,0,
0x932D,cleared,0x00,0,
0x932E,cleared,0x00,0,
0x932F,cleared,0x00,0,
0x9330,cleared,0x00,0,
0x9331,cleared,0x00,0,
0x9332,cleared,0x00,0,
0x9333,cleared,0x00,0,
0x9334,cleared,0x00,0,
0x9335,cleared,0x00,0,
0x9336,cleared,0x00,0,
0x9337,cleared,0x00,0,
0x9338,cleared,0x00,0,
0x9339,cleared,0x00,0,
0x933A,cleared,0x00,0,
0x933B,cleared,0x00,0,
0x933C,cleared,0x00,0,
0x933D,cleared,0x00,0,
0x933E,cleared,0x00,0,
0x933F,cleared,0x00,0,
0x9340,cleared,0x00,0,
0x9341,cleared,0x00,0,
0x9342,cleared,0x00,0,
0x9343,cleared,0x00,0,
0x9344,cleared,0x00,0,
0x9345,cleared,0x00,0,
0x9346,cleared,0x00,0,
0x9347,cleared,0x00,0,
0x9348,cleared,0x00,0,
0x9349,cleared,0x00,0,
0x934A,cleared,0x00,0,
0x934B,cleared,0x00,0,
0x934C,cleared,0x00,0,
0x934D,cleared,0x00,0,
0x934E,cleared,0x00,0,
0x934F,cleared,0x00,0,
0x9350,cleared,0x00,0,
0x9351,cleared,0x00,0,
0x9352,cleared,0x00,0,
0x9353,cleared,0x00,0,
0x9354,cleared,0x00,0,
0x9355,cleared,0x00,0,
0x9356,cleared,0x00,0,
0x9357,cleared,0x00,0,
0x9358,cleared,0x00,0,
0x9359,cleared,0x00,0,
0x935A,cleared,0x00,0,
0x935B,cleared,0x00,0,
0x935C,cleared,0x00,0,
0x935D,cleared,0x00,0,
0x935E,cleared,0x00,0,
0x935F,cleared,0x00,0,
0x9360,cleared,0x00,0,
0x9361,cleared,0x00,0,
0x9362,cleared,0x00,0,
0x9363,cleared,0x00,0,
0x9364,cleared,0x00,0,
0x9365,cleared,0x00,0,
0x9366,cleared,0x00,0,
0x9367,cleared,0x00,0,
0x9368,cleared,0x00,0,
0x9369,cleared,0x00,0,
0x936A,cleared,0x00,0,
0x936B,cleared,0x00,0,
0x936C,cleared,0x00,0,
0x936D,cleared,0x00,0,
0x936E,cleared,0x00,0,
0x936F,cleared,0x00,0,
0x9370,cleared,0x00,0,
0x9371,cleared,0x00,0,
0x9372,cleared,0x00,0,
0x9373,cleared,0x00,0,
0x9374,cleared,0x00,0,
0x9375,cleared,0x00,0,
0x9376,cleared,0x00,0,
0x9377,cleared,0x00,0,
0x9378,cleared,0x00,0,
0x9379,cleared,0x00,0,
0x937A,cleared,0x00,0,
0x937B,cleared,0x00,0,
0x937C,cleared,0x00,0,
0x937D,cleared,0x00,0,
0x937E,cleared,0x00,0,
0x937F,cleared,0x00,0,
0x9380,cleared,0x00,0,
0x9381,cleared,0x00,0,
0x9382,cleared,0x00,0,
0x9383,cleared,0x00,0,
0x9384,cleared,0x00,0,
0x9385,cleared,0x00,0,
0x9386,cleared,0x00,1,bank1=1
0x9387,cleared,0x00,0,
0x9388,cleared,0x00,0,
0x9389,cleared,0x00,0,
0x938A,cleared,0x00,0,
0x938B,cleared,0x00,0,
0x938C,cleared,0x00,0,
0x938D,cleared,0x00,0,
0x938E,cleared,0x00,0,
0x938F,cleared,0x00,0,
0x9390,cleared,0x00,0,
0x9391,cleared,0x00,0,
0x9392,cleared,0x00,0,
0x9393,cleared,0x00,0,
0x9394,cleared,0x00,0,
0x9395,cleared,0x00,0,
0x9396,cleared,0x00,0,
0x9397,cleared,0x00,0,
0x9398,cleared,0x00,0,
0x9399,cleared,0x00,0,
0x939A,cleared,0x00,0,
0x939B,cleared,0x00,0,
0x939C,cleared,0x00,0,
0x939D,cleared,0x00,0,
0x939E,cleared,0x00,0,
0x939F,cleared,0x00,0,
0x93A0,cleared,0x00,0,
0x93A1,cleared,0x00,0,
0x93A2,cleared,0x00,0,
0x93A3,cleared,0x00,0,
0x93A4,cleared,0x00,0,
0x93A5,cleared,0x00,0,
0x93A6,cleared,0x00,0,
0x93A7,cleared,0x00,0,
0x93A8,cleared,0x00,0,
0x93A9,cleared,0x00,0,
0x93AA,cleared,0x00,0,
0x93AB,cleared,0x00,0,
0x93AC,cleared,0x00,0,
0x93AD,cleared,0x00,0,
0x93AE,cleared,0x00,0,
0x93AF,cleared,0x00,0,
0x93B0,cleared,0x00,0,
0x93B1,cleared,0x00,0,
0x93B2,cleared,0x00,0,
0x93B3,cleared,0x00,0,
0x93B4,cleared,0x00,0,
0x93B5,cleared,0x00,0,
0x93B6,cleared,0x00,1,bank1=1
0x93B7,cleared,0x00,0,
0x93B8,cleared,0x00,0,
0x93B9,cleared,0x00,0,
0x93BA,cleared,0x00,0,
0x93BB,cleared,0x00,0,
0x93BC,cleared,0x00,0,
0x93BD,cleared,0x00,0,
0x93BE,cleared,0x00,0,
0x93BF,cleared,0x00,0,
0x93C0,cleared,0x00,0,
0x93C1,cleared,0x00,0,
0x93C2,cleared,0x00,0,
0x93C3,cleared,0x00,0,
0x93C4,cleared,0x00,0,
0x93C5,cleared,0x00,0,
0x93C6,cleared,0x00,0,
0x93C7,cleared,0x00,0,
0x93C8,cleared,0x00,0,
0x93C9,cleared,0x00,0,
0x93CA,cleared,0x00,0,
0x93CB,cleared,0x00,0,
0x93CC,cleared,0x00,0,
0x93CD,cleared,0x00,0,
0x93CE,cleared,0x00,0,
0x93CF,cleared,0x00,0,
0x93D0,cleared,0x00,0,
0x93D1,cleared,0x00,0,
0x93D2,cleared,0x00,0,
0x93D3,cleared,0x00,0,
0x93D4,cleared,0x00,0,
0x93D5,cleared,0x00,0,
0x93D6,cleared,0x00,0,
0x93D7,cleared,0x00,0,
0x93D8,cleared,0x00,0,
0x93D9,cleared,0x00,0,
0x93DA,cleared,0x00,0,
0x93DB,cleared,0x00,0,
0x93DC,cleared,0x00,0,
0x93DD,cleared,0x00,0,
0x93DE,cleared,0x00,0,
0x93DF,cleared,0x00,0,
0x93E0,cleared,0x00,0,
0x93E1,cleared,0x00,0,
0x93E2,cleared,0x00,0,
0x93E3,cleared,0x00,0,
0x93E4,cleared,0x00,0,
0x93E5,cleared,0x00,0,
0x93E6,cleared,0x00,1,bank1=1
0x93E7,cleared,0x00,0,
0x93E8,cleared,0x00,0,
0x93E9,cleared,0x00,0,
0x93EA,cleared,0x00,0,
0x93EB,cleared,0x00,0,
0x93EC,cleared,0x00,0,
0x93ED,cleared,0x00,0,
0x93EE,cleared,0x00,0,
0x93EF,cleared,0x00,0,
0x93F0,cleared,0x00,0,
0x93F1,cleared,0x00,0,
0x93F2,cleared,0x00,0,
0x93F3,cleared,0x00,0,
0x93F4,cleared,0x00,0,
0x93F5,cleared,0x00,0,
0x93F6,cleared,0x00,0,
0x93F7,cleared,0x00,0,
0x93F8,cleared,0x00,0,
0x93F9,cleared,0x00,0,
0x93FA,cleared,0x00,0,
0x93FB,cleared,0x00,0,
0x93FC,cleared,0x00,0,
0x93FD,cleared,0x00,0,
0x93FE,cleared,0x00,0,
0x93FF,cleared,0x00,0,
0x9400,cleared,0x00,0,
0x9401,cleared,0x00,0,
0x9402,cleared,0x00,0,
0x9403,cleared,0x00,0,
0x9404,cleared,0x00,0,
0x9405,cleared,0x00,0,
0x9406,cleared,0x00,0,
0x9407,cleared,0x00,0,
0x9408,cleared,0x00,0,
0x9409,cleared,0x00,0,
0x940A,cleared,0x00,0,
0x940B,cleared,0x00,0,
0x940C,cleared,0x00,0,
0x940D,cleared,0x00,0,
0x940E,cleared,0x00,0,
0x940F,cleared,0x00,0,
0x9410,cleared,0x00,0,
0x9411,cleared,0x00,0,
0x9412,cleared,0x00,0,
0x9413,cleared,0x00,0,
0x9414,cleared,0x00,0,
0x9415,cleared,0x00,0,
0x9416,cleared,0x00,0,
0x9417,cleared,0x00,0,
0x9418,cleared,0x00,0,
0x9419,cleared,0x00,0,
0x941A,cleared,0x00,0,
0x941B,cleared,0x00,0,
0x941C,cleared,0x00,0,
0x941D,cleared,0x00,0,
0x941E,cleared,0x00,0,
0x941F,cleared,0x00,0,
0x9420,cleared,0x00,0,
0x9421,cleared,0x00,0,
0x9422,cleared,0x00,0,
0x9423,cleared,0x00,0,
0x9424,cleared,0x00,0,
0x9425,cleared,0x00,0,
0x9426,cleared,0x00,0,
0x9427,cleared,0x00,0,
0x9428,cleared,0x00,0,
0x9429,cleared,0x00,0,
0x942A,cleared,0x00,0,
0x942B,cleared,0x00,0,
0x942C,cleared,0x00,0,
0x942D,cleared,0x00,0,
0x942E,cleared,0x00,0,
0x942F,cleared,0x00,0,
0x9430,cleared,0x00,0,
0x9431,cleared,0x00,0,
0x9432,cleared,0x00,0,
0x9433,cleared,0x00,0,
0x9434,cleared,0x00,0,
0x9435,cleared,0x00,0,
0x9436,cleared,0x00,0,
0x9437,cleared,0x00,0,
0x9438,cleared,0x00,0,
0x9439,cleared,0x00,0,
0x943A,cleared,0x00,0,
0x943B,cleared,0x00,0,
0x943C,cleared,0x00,0,
0x943D,cleared,0x00,0,
0x943E,cleared,0x00,0,
0x943F,cleared,0x00,0,
0x9440,cleared,0x00,0,
0x9441,cleared,0x00,0,
0x9442,cleared,0x00,0,
0x9443,cleared,0x00,0,
0x9444,cleared,0x00,0,
0x9445,cleared,0x00,0,
0x9446,cleared,0x00,0,
0x9447,cleared,0x00,0,
0x9448,cleared,0x00,0,
0x9449,cleared,0x00,0,
0x944A,cleared,0x00,0,
0x944B,cleared,0x00,0,
0x944C,cleared,0x00,0,
0x944D,cleared,0x00,0,
0x944E,cleared,0x00,0,
0x944F,cleared,0x00,0,
0x9450,cleared,0x00,0,
0x9451,cleared,0x00,0,
0x9452,cleared,0x00,0,
0x9453,cleared,0x00,0,
0x9454,cleared,0x00,0,
0x9455,cleared,0x00,0,
0x9456,cleared,0x00,0,
0x9457,cleared,0x00,0,
0x9458,cleared,0x00,0,
0x9459,cleared,0x00,0,
0x945A,cleared,0x00,0,
0x945B,cleared,0x00,0,
0x945C,cleared,0x00,0,
0x945D,cleared,0x00,0,
0x945E,cleared,0x00,0,
0x945F,cleared,0x00,0,
0x9460,cleared,0x00,0,
0x9461,cleared,0x00,0,
0x9462,cleared,0x00,0,
0x9463,cleared,0x00,0,
0x9464,cleared,0x00,0,
0x9465,cleared,0x00,0,
0x9466,cleared,0x00,0,
0x9467,cleared,0x00,0,
0x9468,cleared,0x00,0,
0x9469,cleared,0x00,0,
0x946A,cleared,0x00,0,
0x946B,cleared,0x00,0,
0x946C,cleared,0x00,0,
0x946D,cleared,0x00,0,
0x946E,cleared,0x00,0,
0x946F,cleared,0x00,0,
0x9470,cleared,0x00,0,
0x9471,cleared,0x00,0,
0x9472,cleared,0x00,0,
0x9473,cleared,0x00,0,
0x9474,cleared,0x00,0,
0x9475,cleared,0x00,0,
0x9476,cleared,0x00,0,
0x9477,cleared,0x00,0,
0x9478,cleared,0x00,0,
0x9479,cleared,0x00,0,
0x947A,cleared,0x00,0,
0x947B,cleared,0x00,0,
0x947C,cleared,0x00,0,
0x947D,cleared,0x00,0,
0x947E,cleared,0x00,0,
0x947F,cleared,0x00,0,
0x9480,cleared,0x00,0,
0x9481,cleared,0x00,0,
0x9482,cleared,0x00,0,
0x9483,cleared,0x00,0,
0x9484,cleared,0x00,0,
0x9485,cleared,0x00,0,
0x9486,cleared,0x00,0,
0x9487,cleared,0x00,0,
0x9488,cleared,0x00,0,
0x9489,cleared,0x00,0,
0x948A,cleared,0x00,0,
0x948B,cleared,0x00,0,
0x948C,cleared,0x00,0,
0x948D,cleared,0x00,0,
0x948E,cleared,0x00,0,
0x948F,cleared,0x00,0,
0x9490,cleared,0x00,0,
0x9491,cleared,0x00,0,
0x9492,cleared,0x00,0,
0x9493,cleared,0x00,0,
0x9494,cleared,0x00,0,
0x9495,cleared,0x00,0,
0x9496,cleared,0x00,0,
0x9497,cleared,0x00,0,
0x9498,cleared,0x00,0,
0x9499,cleared,0x00,0,
0x949A,cleared,0x00,0,
0x949B,cleared,0x00,0,
0x949C,cleared,0x00,0,
0x949D,cleared,0x00,0,
0x949E,cleared,0x00,0,
0x949F,cleared,0x00,0,
0x94A0,cleared,0x00,1,bank1=1
0x94A1,cleared,0x00,0,
0x94A2,cleared,0x00,0,
0x94A3,cleared,0x00,0,
0x94A4,cleared,0x00,0,
0x94A5,cleared,0x00,0,
0x94A6,cleared,0x00,0,
0x94A7,cleared,0x00,0,
0x94A8,cleared,0x00,0,
0x94A9,cleared,0x00,0,
0x94AA,cleared,0x00,0,
0x94AB,cleared,0x00,0,
0x94AC,cleared,0x00,0,
0x94AD,cleared,0x00,0,
0x94AE,cleared,0x00,0,
0x94AF,cleared,0x00,0,
0x94B0,cleared,0x00,0,
0x94B1,cleared,0x00,0,
0x94B2,cleared,0x00,0,
0x94B3,cleared,0x00,0,
0x94B4,cleared,0x00,0,
0x94B5,cleared,0x00,0,
0x94B6,cleared,0x00,0,
0x94B7,cleared,0x00,0,
0x94B8,cleared,0x00,0,
0x94B9,cleared,0x00,0,
0x94BA,cleared,0x00,0,
0x94BB,cleared,0x00,0,
0x94BC,cleared,0x00,0,
0x94BD,cleared,0x00,0,
0x94BE,cleared,0x00,0,
0x94BF,cleared,0x00,0,
0x94C0,cleared,0x00,0,
0x94C1,cleared,0x00,0,
0x94C2,cleared,0x00,0,
0x94C3,cleared,0x00,0,
0x94C4,cleared,0x00,0,
0x94C5,cleared,0x00,0,
0x94C6,cleared,0x00,0,
0x94C7,cleared,0x00,0,
0x94C8,cleared,0x00,0,
0x94C9,cleared,0x00,0,
0x94CA,cleared,0x00,0,
0x94CB,cleared,0x00,0,
0x94CC,cleared,0x00,0,
0x94CD,cleared,0x00,0,
0x94CE,cleared,0x00,0,
0x94CF,cleared,0x00,0,
0x94D0,cleared,0x00,0,
0x94D1,cleared,0x00,0,
0x94D2,cleared,0x00,0,
0x94D3,cleared,0x00,0,
0x94D4,cleared,0x00,0,
0x94D5,cleared,0x00,0,
0x94D6,cleared,0x00,0,
0x94D7,cleared,0x00,0,
0x94D8,cleared,0x00,0,
0x94D9,cleared,0x00,0,
0x94DA,cleared,0x00,0,
0x94DB,cleared,0x00,0,
0x94DC,cleared,0x00,0,
0x94DD,cleared,0x00,0,
0x94DE,cleared,0x00,0,
0x94DF,cleared,0x00,0,
0x94E0,cleared,0x00,0,
0x94E1,cleared,0x00,0,
0x94E2,cleared,0x00,0,
0x94E3,cleared,0x00,0,
0x94E4,cleared,0x00,0,
0x94E5,cleared,0x00,0,
0x94E6,cleared,0x00,0,
0x94E7,cleared,0x00,0,
0x94E8,cleared,0x00,0,
0x94E9,cleared,0x00,0,
0x94EA,cleared,0x00,0,
0x94EB,cleared,0x00,0,
0x94EC,cleared,0x00,0,
0x94ED,cleared,0x00,0,
0x94EE,cleared,0x00,0,
0x94EF,cleared,0x00,0,
0x94F0,cleared,0x00,0,
0x94F1,cleared,0x00,0,
0x94F2,cleared,0x00,0,
0x94F3,cleared,0x00,0,
0x94F4,cleared,0x00,0,
0x94F5,cleared,0x00,0,
0x94F6,cleared,0x00,0,
0x94F7,cleared,0x00,0,
0x94F8,cleared,0x00,0,
0x94F9,cleared,0x00,0,
0x94FA,cleared,0x00,0,
0x94FB,cleared,0x00,0,
0x94FC,cleared,0x00,0,
0x94FD,cleared,0x00,0,
0x94FE,cleared,0x00,0,
0x94FF,cleared,0x00,0,
0x9500,cleared,0x00,0,
0x9501,cleared,0x00,0,
0x9502,cleared,0x00,0,
0x9503,cleared,0x00,0,
0x9504,cleared,0x00,0,
0x9505,cleared,0x00,0,
0x9506,cleared,0x00,0,
0x9507,cleared,0x00,0,
0x9508,cleared,0x00,0,
0x9509,cleared,0x00,0,
0x950A,cleared,0x00,0,
0x950B,cleared,0x00,0,
0x950C,cleared,0x00,0,
0x950D,cleared,0x00,0,
0x950E,cleared,0x00,0,
0x950F,cleared,0x00,0,
0x9510,cleared,0x00,0,
0x9511,cleared,0x00,0,
0x9512,cleared,0x00,0,
0x9513,cleared,0x00,0,
0x9514,cleared,0x00,0,
0x9515,cleared,0x00,0,
0x9516,cleared,0x00,0,
0x9517,cleared,0x00,0,
0x9518,cleared,0x00,0,
0x9519,cleared,0x00,0,
0x951A,cleared,0x00,0,
0x951B,cleared,0x00,0,
0x951C,cleared,0x00,0,
0x951D,cleared,0x00,0,
0x951E,cleared,0x00,0,
0x951F,cleared,0x00,0,
0x9520,cleared,0x00,0,
0x9521,cleared,0x00,0,
0x9522,cleared,0x00,0,
0x9523,cleared,0x00,0,
0x9524,cleared,0x00,0,
0x9525,cleared,0x00,0,
0x9526,cleared,0x00,0,
0x9527,cleared,0x00,0,
0x9528,cleared,0x00,0,
0x9529,cleared,0x00,0,
0x952A,cleared,0x00,0,
0x952B,cleared,0x00,0,
0x952C,cleared,0x00,0,
0x952D,cleared,0x00,0,
0x952E,cleared,0x00,0,
0x952F,cleared,0x00,0,
0x9530,cleared,0x00,0,
0x9531,cleared,0x00,0,
0x9532,cleared,0x00,0,
0x9533,cleared,0x00,0,
0x9534,cleared,0x00,0,
0x9535,cleared,0x00,0,
0x9536,cleared,0x00,0,
0x9537,cleared,0x00,0,
0x9538,cleared,0x00,0,
0x9539,cleared,0x00,0,
0x953A,cleared,0x00,0,
0x953B,cleared,0x00,0,
0x953C,cleared,0x00,0,
0x953D,cleared,0x00,0,
0x953E,cleared,0x00,0,
0x953F,cleared,0x00,0,
0x9540,cleared,0x00,0,
0x9541,cleared,0x00,0,
0x9542,cleared,0x00,0,
0x9543,cleared,0x00,0,
0x9544,cleared,0x00,0,
0x9545,cleared,0x00,0,
0x9546,cleared,0x00,0,
0x9547,cleared,0x00,0,
0x9548,cleared,0x00,0,
0x9549,cleared,0x00,0,
0x954A,cleared,0x00,0,
0x954B,cleared,0x00,0,
0x954C,cleared,0x00,0,
0x954D,cleared,0x00,0,
0x954E,cleared,0x00,0,
0x954F,cleared,0x00,0,
0x9550,cleared,0x00,0,
0x9551,cleared,0x00,0,
0x9552,cleared,0x00,0,
0x9553,cleared,0x00,0,
0x9554,cleared,0x00,0,
0x9555,cleared,0x00,0,
0x9556,cleared,0x00,0,
0x9557,cleared,0x00,0,
0x9558,cleared,0x00,0,
0x9559,cleared,0x00,0,
0x955A,cleared,0x00,0,
0x955B,cleared,0x00,0,
0x955C,cleared,0x00,0,
0x955D,cleared,0x00,0,
0x955E,cleared,0x00,0,
0x955F,cleared,0x00,0,
0x9560,cleared,0x00,0,
0x9561,cleared,0x00,0,
0x9562,cleared,0x00,0,
0x9563,cleared,0x00,0,
0x9564,cleared,0x00,0,
0x9565,cleared,0x00,0,
0x9566,cleared,0x00,0,
0x9567,cleared,0x00,0,
0x9568,cleared,0x00,0,
0x9569,cleared,0x00,0,
0x956A,cleared,0x00,0,
0x956B,cleared,0x00,0,
0x956C,cleared,0x00,0,
0x956D,cleared,0x00,0,
0x956E,cleared,0x00,0,
0x956F,cleared,0x00,0,
0x9570,cleared,0x00,0,
0x9571,cleared,0x00,0,
0x9572,cleared,0x00,0,
0x9573,cleared,0x00,0,
0x9574,cleared,0x00,0,
0x9575,cleared,0x00,0,
0x9576,cleared,0x00,0,
0x9577,cleared,0x00,0,
0x9578,cleared,0x00,0,
0x9579,cleared,0x00,0,
0x957A,cleared,0x00,0,
0x957B,cleared,0x00,0,
0x957C,cleared,0x00,0,
0x957D,cleared,0x00,0,
0x957E,cleared,0x00,0,
0x957F,cleared,0x00,0,
0x9580,cleared,0x00,0,
0x9581,cleared,0x00,0,
0x9582,cleared,0x00,0,
0x9583,cleared,0x00,0,
0x9584,cleared,0x00,0,
0x9585,cleared,0x00,0,
0x9586,cleared,0x00,0,
0x9587,cleared,0x00,0,
0x9588,cleared,0x00,0,
0x9589,cleared,0x00,0,
0x958A,cleared,0x00,0,
0x958B,cleared,0x00,0,
0x958C,cleared,0x00,0,
0x958D,cleared,0x00,0,
0x958E,cleared,0x00,0,
0x958F,cleared,0x00,0,
0x9590,cleared,0x00,0,
0x9591,cleared,0x00,0,
0x9592,cleared,0x00,0,
0x9593,cleared,0x00,0,
0x9594,cleared,0x00,0,
0x9595,cleared,0x00,0,
0x9596,cleared,0x00,0,
0x9597,cleared,0x00,0,
0x9598,cleared,0x00,0,
0x9599,cleared,0x00,0,
0x959A,cleared,0x00,0,
0x959B,cleared,0x00,0,
0x959C,cleared,0x00,0,
0x959D,cleared,0x00,0,
0x959E,cleared,0x00,0,
0x959F,cleared,0x00,0,
0x95A0,cleared,0x00,0,
0x95A1,cleared,0x00,0,
0x95A2,cleared,0x00,0,
0x95A3,cleared,0x00,0,
0x95A4,cleared,0x00,0,
0x95A5,cleared,0x00,0,
0x95A6,cleared,0x00,0,
0x95A7,cleared,0x00,0,
0x95A8,cleared,0x00,0,
0x95A9,cleared,0x00,0,
0x95AA,cleared,0x00,0,
0x95AB,cleared,0x00,0,
0x95AC,cleared,0x00,0,
0x95AD,cleared,0x00,0,
0x95AE,cleared,0x00,0,
0x95AF,cleared,0x00,0,
0x95B0,cleared,0x00,0,
0x95B1,cleared,0x00,0,
0x95B2,cleared,0x00,0,
0x95B3,cleared,0x00,0,
0x95B4,cleared,0x00,0,
0x95B5,cleared,0x00,0,
0x95B6,cleared,0x00,0,
0x95B7,cleared,0x00,0,
0x95B8,cleared,0x00,0,
0x95B9,cleared,0x00,0,
0x95BA,cleared,0x00,0,
0x95BB,cleared,0x00,0,
0x95BC,cleared,0x00,0,
0x95BD,cleared,0x00,0,
0x95BE,cleared,0x00,0,
0x95BF,cleared,0x00,0,
0x95C0,cleared,0x00,0,
0x95C1,cleared,0x00,0,
0x95C2,cleared,0x00,0,
0x95C3,cleared,0x00,0,
0x95C4,cleared,0x00,0,
0x95C5,cleared,0x00,0,
0x95C6,cleared,0x00,0,
0x95C7,cleared,0x00,0,
0x95C8,cleared,0x00,0,
0x95C9,cleared,0x00,0,
0x95CA,cleared,0x00,0,
0x95CB,cleared,0x00,0,
0x95CC,cleared,0x00,0,
0x95CD,cleared,0x00,0,
0x95CE,cleared,0x00,0,
0x95CF,cleared,0x00,0,
0x95D0,cleared,0x00,0,
0x95D1,cleared,0x00,0,
0x95D2,cleared,0x00,0,
0x95D3,cleared,0x00,0,
0x95D4,cleared,0x00,0,
0x95D5,cleared,0x00,0,
0x95D6,cleared,0x00,0,
0x95D7,cleared,0x00,0,
0x95D8,cleared,0x00,0,
0x95D9,cleared,0x00,0,
0x95DA,cleared,0x00,0,
0x95DB,cleared,0x00,0,
0x95DC,cleared,0x00,0,
0x95DD,cleared,0x00,0,
0x95DE,cleared,0x00,0,
0x95DF,cleared,0x00,0,
0x95E0,cleared,0x00,0,
0x95E1,cleared,0x00,0,
0x95E2,cleared,0x00,0,
0x95E3,cleared,0x00,0,
0x95E4,cleared,0x00,0,
0x95E5,cleared,0x00,0,
0x95E6,cleared,0x00,0,
0x95E7,cleared,0x00,0,
0x95E8,cleared,0x00,0,
0x95E9,cleared,0x00,0,
0x95EA,cleared,0x00,0,
0x95EB,cleared,0x00,0,
0x95EC,cleared,0x00,0,
0x95ED,cleared,0x00,0,
0x95EE,cleared,0x00,0,
0x95EF,cleared,0x00,0,
0x95F0,cleared,0x00,0,
0x95F1,cleared,0x00,0,
0x95F2,cleared,0x00,0,
0x95F3,cleared,0x00,0,
0x95F4,cleared,0x00,0,
0x95F5,cleared,0x00,0,
0x95F6,cleared,0x00,0,
0x95F7,cleared,0x00,0,
0x95F8,cleared,0x00,0,
0x95F9,cleared,0x00,0,
0x95FA,cleared,0x00,0,
0x95FB,cleared,0x00,0,
0x95FC,cleared,0x00,0,
0x95FD,cleared,0x00,0,
0x95FE,cleared,0x00,0,
0x95FF,cleared,0x00,0,
0x9600,cleared,0x00,0,
0x9601,cleared,0x00,0,
0x9602,cleared,0x00,0,
0x9603,cleared,0x00,0,
0x9604,cleared,0x00,0,
0x9605,cleared,0x00,0,
0x9606,cleared,0x00,0,
0x9607,cleared,0x00,0,
0x9608,cleared,0x00,0,
0x9609,cleared,0x00,0,
0x960A,cleared,0x00,0,
0x960B,cleared,0x00,0,
0x960C,cleared,0x00,0,
0x960D,cleared,0x00,0,
0x960E,cleared,0x00,0,
0x960F,cleared,0x00,0,
0x9610,cleared,0x00,0,
0x9611,cleared,0x00,0,
0x9612,cleared,0x00,0,
0x9613,cleared,0x00,0,
0x9614,cleared,0x00,0,
0x9615,cleared,0x00,0,
0x9616,cleared,0x00,0,
0x9617,cleared,0x00,0,
0x9618,cleared,0x00,0,
0x9619,cleared,0x00,0,
0x961A,cleared,0x00,0,
0x961B,cleared,0x00,0,
0x961C,cleared,0x00,0,
0x961D,cleared,0x00,0,
0x961E,cleared,0x00,0,
0x961F,cleared,0x00,0,
0x9620,cleared,0x00,0,
0x9621,cleared,0x00,0,
0x9622,cleared,0x00,0,
0x9623,cleared,0x00,0,
0x9624,cleared,0x00,0,
0x9625,cleared,0x00,0,
0x9626,cleared,0x00,0,
0x9627,cleared,0x00,0,
0x9628,cleared,0x00,0,
0x9629,cleared,0x00,0,
0x962A,cleared,0x00,0,
0x962B,cleared,0x00,0,
0x962C,cleared,0x00,0,
0x962D,cleared,0x00,0,
0x962E,cleared,0x00,0,
0x962F,cleared,0x00,0,
0x9630,cleared,0x00,0,
0x9631,cleared,0x00,0,
0x9632,cleared,0x00,0,
0x9633,cleared,0x00,0,
0x9634,cleared,0x00,0,
0x9635,cleared,0x00,0,
0x9636,cleared,0x00,0,
0x9637,cleared,0x00,0,
0x9638,cleared,0x00,0,
0x9639,cleared,0x00,0,
0x963A,cleared,0x00,0,
0x963B,cleared,0x00,0,
0x963C,cleared,0x00,0,
0x963D,cleared,0x00,0,
0x963E,cleared,0x00,0,
0x963F,cleared,0x00,0,
0x9640,cleared,0x00,0,
0x9641,cleared,0x00,0,
0x9642,cleared,0x00,0,
0x9643,cleared,0x00,0,
0x9644,cleared,0x00,0,
0x9645,cleared,0x00,0,
0x9646,cleared,0x00,0,
0x9647,cleared,0x00,0,
0x9648,cleared,0x00,0,
0x9649,cleared,0x00,0,
0x964A,cleared,0x00,0,
0x964B,cleared,0x00,0,
0x964C,cleared,0x00,0,
0x964D,cleared,0x00,0,
0x964E,cleared,0x00,0,
0x964F,cleared,0x00,0,
0x9650,cleared,0x00,0,
0x9651,cleared,0x00,0,
0x9652,cleared,0x00,0,
0x9653,cleared,0x00,0,
0x9654,cleared,0x00,0,
0x9655,cleared,0x00,0,
0x9656,cleared,0x00,0,
0x9657,cleared,0x00,0,
0x9658,cleared,0x00,0,
0x9659,cleared,0x00,0,
0x965A,cleared,0x00,0,
0x965B,cleared,0x00,0,
0x965C,cleared,0x00,0,
0x965D,cleared,0x00,0,
0x965E,cleared,0x00,0,
0x965F,cleared,0x00,0,
0x9660,cleared,0x00,0,
0x9661,cleared,0x00,0,
0x9662,cleared,0x00,0,
0x9663,cleared,0x00,0,
0x9664,cleared,0x00,0,
0x9665,cleared,0x00,0,
0x9666,cleared,0x00,0,
0x9667,cleared,0x00,0,
0x9668,cleared,0x00,0,
0x9669,cleared,0x00,0,
0x966A,cleared,0x00,0,
0x966B,cleared,0x00,0,
0x966C,cleared,0x00,0,
0x966D,cleared,0x00,0,
0x966E,cleared,0x00,0,
0x966F,cleared,0x00,0,
0x9670,cleared,0x00,0,
0x9671,cleared,0x00,0,
0x9672,cleared,0x00,0,
0x9673,cleared,0x00,0,
0x9674,cleared,0x00,0,
0x9675,cleared,0x00,0,
0x9676,cleared,0x00,0,
0x9677,cleared,0x00,0,
0x9678,cleared,0x00,0,
0x9679,cleared,0x00,0,
0x967A,cleared,0x00,0,
0x967B,cleared,0x00,0,
0x967C,cleared,0x00,0,
0x967D,cleared,0x00,0,
0x967E,cleared,0x00,0,
0x967F,cleared,0x00,0,
0x9680,cleared,0x00,0,
0x9681,cleared,0x00,0,
0x9682,cleared,0x00,0,
0x9683,cleared,0x00,0,
0x9684,cleared,0x00,0,
0x9685,cleared,0x00,0,
0x9686,cleared,0x00,0,
0x9687,cleared,0x00,0,
0x9688,cleared,0x00,0,
0x9689,cleared,0x00,0,
0x968A,cleared,0x00,0,
0x968B,cleared,0x00,0,
0x968C,cleared,0x00,0,
0x968D,cleared,0x00,0,
0x968E,cleared,0x00,0,
0x968F,cleared,0x00,0,
0x9690,cleared,0x00,0,
0x9691,cleared,0x00,0,
0x9692,cleared,0x00,0,
0x9693,cleared,0x00,0,
0x9694,cleared,0x00,0,
0x9695,cleared,0x00,0,
0x9696,cleared,0x00,0,
0x9697,cleared,0x00,0,
0x9698,cleared,0x00,0,
0x9699,cleared,0x00,0,
0x969A,cleared,0x00,0,
0x969B,cleared,0x00,0,
0x969C,cleared,0x00,0,
0x969D,cleared,0x00,0,
0x969E,cleared,0x00,0,
0x969F,cleared,0x00,0,
0x96A0,cleared,0x00,0,
0x96A1,cleared,0x00,0,
0x96A2,cleared,0x00,0,
0x96A3,cleared,0x00,0,
0x96A4,cleared,0x00,0,
0x96A5,cleared,0x00,0,
0x96A6,cleared,0x00,0,
0x96A7,cleared,0x00,0,
0x96A8,cleared,0x00,0,
0x96A9,cleared,0x00,0,
0x96AA,cleared,0x00,0,
0x96AB,cleared,0x00,0,
0x96AC,cleared,0x00,0,
0x96AD,cleared,0x00,0,
0x96AE,cleared,0x00,0,
0x96AF,cleared,0x00,0,
0x96B0,cleared,0x00,0,
0x96B1,cleared,0x00,0,
0x96B2,cleared,0x00,0,
0x96B3,cleared,0x00,0,
0x96B4,cleared,0x00,0,
0x96B5,cleared,0x00,0,
0x96B6,cleared,0x00,0,
0x96B7,cleared,0x00,0,
0x96B8,cleared,0x00,0,
0x96B9,cleared,0x00,0,
0x96BA,cleared,0x00,0,
0x96BB,cleared,0x00,0,
0x96BC,cleared,0x00,0,
0x96BD,cleared,0x00,0,
0x96BE,cleared,0x00,0,
0x96BF,cleared,0x00,0,
0x96C0,cleared,0x00,0,
0x96C1,cleared,0x00,0,
0x96C2,cleared,0x00,0,
0x96C3,cleared,0x00,0,
0x96C4,cleared,0x00,0,
0x96C5,cleared,0x00,0,
0x96C6,cleared,0x00,0,
0x96C7,cleared,0x00,0,
0x96C8,cleared,0x00,0,
0x96C9,cleared,0x00,0,
0x96CA,cleared,0x00,0,
0x96CB,cleared,0x00,0,
0x96CC,cleared,0x00,0,
0x96CD,cleared,0x00,0,
0x96CE,cleared,0x00,0,
0x96CF,cleared,0x00,0,
0x96D0,cleared,0x00,0,
0x96D1,cleared,0x00,0,
0x96D2,cleared,0x00,0,
0x96D3,cleared,0x00,0,
0x96D4,cleared,0x00,0,
0x96D5,cleared,0x00,0,
0x96D6,cleared,0x00,0,
0x96D7,cleared,0x00,0,
0x96D8,cleared,0x00,0,
0x96D9,cleared,0x00,0,
0x96DA,cleared,0x00,0,
0x96DB,cleared,0x00,0,
0x96DC,cleared,0x00,0,
0x96DD,cleared,0x00,0,
0x96DE,cleared,0x00,0,
0x96DF,cleared,0x00,0,
0x96E0,cleared,0x00,0,
0x96E1,cleared,0x00,0,
0x96E2,cleared,0x00,0,
0x96E3,cleared,0x00,0,
0x96E4,cleared,0x00,0,
0x96E5,cleared,0x00,0,
0x96E6,cleared,0x00,0,
0x96E7,cleared,0x00,0,
0x96E8,cleared,0x00,0,
0x96E9,cleared,0x00,0,
0x96EA,cleared,0x00,0,
0x96EB,cleared,0x00,0,
0x96EC,cleared,0x00,0,
0x96ED,cleared,0x00,0,
0x96EE,cleared,0x00,0,
0x96EF,cleared,0x00,0,
0x96F0,cleared,0x00,0,
0x96F1,cleared,0x00,0,
0x96F2,cleared,0x00,0,
0x96F3,cleared,0x00,0,
0x96F4,cleared,0x00,0,
0x96F5,cleared,0x00,0,
0x96F6,cleared,0x00,0,
0x96F7,cleared,0x00,0,
0x96F8,cleared,0x00,0,
0x96F9,cleared,0x00,0,
0x96FA,cleared,0x00,0,
0x96FB,cleared,0x00,0,
0x96FC,cleared,0x00,0,
0x96FD,cleared,0x00,0,
0x96FE,cleared,0x00,0,
0x96FF,cleared,0x00,0,
0x9700,cleared,0x00,0,
0x9701,cleared,0x00,0,
0x9702,cleared,0x00,0,
0x9703,cleared,0x00,0,
0x9704,cleared,0x00,0,
0x9705,cleared,0x00,0,
0x9706,cleared,0x00,0,
0x9707,cleared,0x00,0,
0x9708,cleared,0x00,0,
0x9709,cleared,0x00,0,
0x970A,cleared,0x00,0,
0x970B,cleared,0x00,0,
0x970C,cleared,0x00,0,
0x970D,cleared,0x00,0,
0x970E,cleared,0x00,0,
0x970F,cleared,0x00,0,
0x9710,cleared,0x00,0,
0x9711,cleared,0x00,0,
0x9712,cleared,0x00,0,
0x9713,cleared,0x00,0,
0x9714,cleared,0x00,0,
0x9715,cleared,0x00,0,
0x9716,cleared,0x00,0,
0x9717,cleared,0x00,0,
0x9718,cleared,0x00,0,
0x9719,cleared,0x00,0,
0x971A,cleared,0x00,0,
0x971B,cleared,0x00,0,
0x971C,cleared,0x00,0,
0x971D,cleared,0x00,0,
0x971E,cleared,0x00,0,
0x971F,cleared,0x00,0,
0x9720,cleared,0x00,0,
0x9721,cleared,0x00,0,
0x9722,cleared,0x00,0,
0x9723,cleared,0x00,0,
0x9724,cleared,0x00,0,
0x9725,cleared,0x00,0,
0x9726,cleared,0x00,0,
0x9727,cleared,0x00,0,
0x9728,cleared,0x00,0,
0x9729,cleared,0x00,0,
0x972A,cleared,0x00,0,
0x972B,cleared,0x00,0,
0x972C,cleared,0x00,0,
0x972D,cleared,0x00,0,
0x972E,cleared,0x00,0,
0x972F,cleared,0x00,0,
0x9730,cleared,0x00,0,
0x9731,cleared,0x00,0,
0x9732,cleared,0x00,0,
0x9733,cleared,0x00,0,
0x9734,cleared,0x00,0,
0x9735,cleared,0x00,0,
0x9736,cleared,0x00,0,
0x9737,cleared,0x00,0,
0x9738,cleared,0x00,0,
0x9739,cleared,0x00,0,
0x973A,cleared,0x00,0,
0x973B,cleared,0x00,0,
0x973C,cleared,0x00,0,
0x973D,cleared,0x00,0,
0x973E,cleared,0x00,0,
0x973F,cleared,0x00,0,
0x9740,cleared,0x00,0,
0x9741,cleared,0x00,0,
0x9742,cleared,0x00,0,
0x9743,cleared,0x00,0,
0x9744,cleared,0x00,0,
0x9745,cleared,0x00,0,
0x9746,cleared,0x00,0,
0x9747,cleared,0x00,0,
0x9748,cleared,0x00,0,
0x9749,cleared,0x00,0,
0x974A,cleared,0x00,0,
0x974B,cleared,0x00,0,
0x974C,cleared,0x00,0,
0x974D,cleared,0x00,0,
0x974E,cleared,0x00,0,
0x974F,cleared,0x00,0,
0x9750,cleared,0x00,0,
0x9751,cleared,0x00,0,
0x9752,cleared,0x00,0,
0x9753,cleared,0x00,0,
0x9754,cleared,0x00,0,
0x9755,cleared,0x00,0,
0x9756,cleared,0x00,0,
0x9757,cleared,0x00,0,
0x9758,cleared,0x00,0,
0x9759,cleared,0x00,0,
0x975A,cleared,0x00,0,
0x975B,cleared,0x00,0,
0x975C,cleared,0x00,0,
0x975D,cleared,0x00,0,
0x975E,cleared,0x00,0,
0x975F,cleared,0x00,0,
0x9760,cleared,0x00,0,
0x9761,cleared,0x00,0,
0x9762,cleared,0x00,0,
0x9763,cleared,0x00,0,
0x9764,cleared,0x00,0,
0x9765,cleared,0x00,0,
0x9766,cleared,0x00,0,
0x9767,cleared,0x00,0,
0x9768,cleared,0x00,0,
0x9769,cleared,0x00,0,
0x976A,cleared,0x00,0,
0x976B,cleared,0x00,0,
0x976C,cleared,0x00,0,
0x976D,cleared,0x00,0,
0x976E,cleared,0x00,0,
0x976F,cleared,0x00,0,
0x9770,cleared,0x00,0,
0x9771,cleared,0x00,0,
0x9772,cleared,0x00,0,
0x9773,cleared,0x00,0,
0x9774,cleared,0x00,0,
0x9775,cleared,0x00,0,
0x9776,cleared,0x00,0,
0x9777,cleared,0x00,0,
0x9778,cleared,0x00,0,
0x9779,cleared,0x00,0,
0x977A,cleared,0x00,0,
0x977B,cleared,0x00,0,
0x977C,cleared,0x00,0,
0x977D,cleared,0x00,0,
0x977E,cleared,0x00,0,
0x977F,cleared,0x00,0,
0x9780,cleared,0x00,0,
0x9781,cleared,0x00,0,
0x9782,cleared,0x00,0,
0x9783,cleared,0x00,0,
0x9784,cleared,0x00,0,
0x9785,cleared,0x00,0,
0x9786,cleared,0x00,0,
0x9787,cleared,0x00,0,
0x9788,cleared,0x00,0,
0x9789,cleared,0x00,0,
0x978A,cleared,0x00,0,
0x978B,cleared,0x00,0,
0x978C,cleared,0x00,0,
0x978D,cleared,0x00,0,
0x978E,cleared,0x00,0,
0x978F,cleared,0x00,0,
0x9790,cleared,0x00,0,
0x9791,cleared,0x00,0,
0x9792,cleared,0x00,0,
0x9793,cleared,0x00,0,
0x9794,cleared,0x00,0,
0x9795,cleared,0x00,0,
0x9796,cleared,0x00,0,
0x9797,cleared,0x00,0,
0x9798,cleared,0x00,0,
0x9799,cleared,0x00,0,
0x979A,cleared,0x00,0,
0x979B,cleared,0x00,0,
0x979C,cleared,0x00,0,
0x979D,cleared,0x00,0,
0x979E,cleared,0x00,0,
0x979F,cleared,0x00,0,
0x97A0,cleared,0x00,0,
0x97A1,cleared,0x00,0,
0x97A2,cleared,0x00,0,
0x97A3,cleared,0x00,0,
0x97A4,cleared,0x00,0,
0x97A5,cleared,0x00,0,
0x97A6,cleared,0x00,0,
0x97A7,cleared,0x00,0,
0x97A8,cleared,0x00,0,
0x97A9,cleared,0x00,0,
0x97AA,cleared,0x00,0,
0x97AB,cleared,0x00,0,
0x97AC,cleared,0x00,0,
0x97AD,cleared,0x00,0,
0x97AE,cleared,0x00,0,
0x97AF,cleared,0x00,0,
0x97B0,cleared,0x00,0,
0x97B1,cleared,0x00,0,
0x97B2,cleared,0x00,0,
0x97B3,cleared,0x00,0,
0x97B4,cleared,0x00,0,
0x97B5,cleared,0x00,0,
0x97B6,cleared,0x00,0,
0x97B7,cleared,0x00,0,
0x97B8,cleared,0x00,0,
0x97B9,cleared,0x00,0,
0x97BA,cleared,0x00,0,
0x97BB,cleared,0x00,0,
0x97BC,cleared,0x00,0,
0x97BD,cleared,0x00,0,
0x97BE,cleared,0x00,0,
0x97BF,cleared,0x00,0,
0x97C0,cleared,0x00,0,
0x97C1,cleared,0x00,0,
0x97C2,cleared,0x00,0,
0x97C3,cleared,0x00,0,
0x97C4,cleared,0x00,0,
0x97C5,cleared,0x00,0,
0x97C6,cleared,0x00,0,
0x97C7,cleared,0x00,0,
0x97C8,cleared,0x00,0,
0x97C9,cleared,0x00,0,
0x97CA,cleared,0x00,0,
0x97CB,cleared,0x00,0,
0x97CC,cleared,0x00,0,
0x97CD,cleared,0x00,0,
0x97CE,cleared,0x00,0,
0x97CF,cleared,0x00,0,
0x97D0,cleared,0x00,0,
0x97D1,cleared,0x00,0,
0x97D2,cleared,0x00,0,
0x97D3,cleared,0x00,0,
0x97D4,cleared,0x00,0,
0x97D5,cleared,0x00,0,
0x97D6,cleared,0x00,0,
0x97D7,cleared,0x00,0,
0x97D8,cleared,0x00,0,
0x97D9,cleared,0x00,0,
0x97DA,cleared,0x00,0,
0x97DB,cleared,0x00,0,
0x97DC,cleared,0x00,0,
0x97DD,cleared,0x00,0,
0x97DE,cleared,0x00,0,
0x97DF,cleared,0x00,0,
0x97E0,cleared,0x00,0,
0x97E1,cleared,0x00,0,
0x97E2,cleared,0x00,0,
0x97E3,cleared,0x00,0,
0x97E4,cleared,0x00,0,
0x97E5,cleared,0x00,0,
0x97E6,cleared,0x00,0,
0x97E7,cleared,0x00,0,
0x97E8,cleared,0x00,0,
0x97E9,cleared,0x00,0,
0x97EA,cleared,0x00,0,
0x97EB,cleared,0x00,0,
0x97EC,cleared,0x00,0,
0x97ED,cleared,0x00,0,
0x97EE,cleared,0x00,0,
0x97EF,cleared,0x00,0,
0x97F0,cleared,0x00,0,
0x97F1,cleared,0x00,0,
0x97F2,cleared,0x00,0,
0x97F3,cleared,0x00,0,
0x97F4,cleared,0x00,0,
0x97F5,cleared,0x00,0,
0x97F6,cleared,0x00,0,
0x97F7,cleared,0x00,0,
0x97F8,cleared,0x00,0,
0x97F9,cleared,0x00,0,
0x97FA,cleared,0x00,0,
0x97FB,cleared,0x00,0,
0x97FC,cleared,0x00,0,
0x97FD,cleared,0x00,0,
0x97FE,cleared,0x00,0,
0x97FF,cleared,0x00,0,
