scope,addr,name,annotated,also_in,inbound,lcall,ljmp,ajmp,acall,callers,named_callers,cited_by,citing
bank0,DFA0,FUN_CODE_dfa0,no,,2,2,0,0,0,2,2,3,bank0:DFDF bank0:E010 bank0:E014
common,07B6,FUN_CODE_07b6,no,bank1,2,2,0,0,0,2,2,3,common:012F common:018C common:029B
bank1,D16F,FUN_CODE_d16f,no,,1,1,0,0,0,1,1,3,bank1:D0C4 bank1:D17E bank1:D1B8
bank1,E5D6,FUN_CODE_e5d6,no,,1,1,0,0,0,1,1,3,bank1:E57E bank1:E582 bank1:E5A7
common,07E7,FUN_CODE_07e7,no,bank1,3,3,0,0,0,3,3,2,common:012F common:018C
bank0,9A0D,FUN_CODE_9a0d,no,,2,0,2,0,0,2,2,2,bank0:94D0 bank0:9917
bank1,AF32,FUN_CODE_af32,no,,2,2,0,0,0,2,2,2,bank1:AF06 bank1:B841
bank1,BBA4,FUN_CODE_bba4,no,,2,0,2,0,0,2,2,2,bank1:B98D bank1:BABF
bank1,CC2D,FUN_CODE_cc2d,no,,2,2,0,0,0,2,2,2,bank1:C8E3 bank1:D219
bank1,DEC4,FUN_CODE_dec4,no,,2,2,0,0,0,2,1,2,bank1:9A41 bank1:9A78
common,07D0,FUN_CODE_07d0,no,bank1,2,2,0,0,0,2,2,2,common:018C common:029B
common,0E72,FUN_CODE_0e72,no,bank1,2,2,0,0,0,2,1,2,common:001B common:05B6
pd,06EA,FUN_CODE_06ea,no,,2,2,0,0,0,2,2,2,pd:88BE pd:D83D
bank0,F0A1,FUN_CODE_f0a1,no,,1,1,0,0,0,1,1,2,bank0:EF17 bank1:EFDA
bank0,F1E9,FUN_CODE_f1e9,no,,1,0,1,0,0,1,1,2,bank0:F239 bank0:F495
bank1,8F6B,FUN_CODE_8f6b,no,,1,1,0,0,0,1,1,2,bank1:9008 bank1:AB7F
bank1,A8DF,FUN_CODE_a8df,no,,1,0,1,0,0,1,1,2,bank1:A841 bank1:A8E9
bank1,A8E4,FUN_CODE_a8e4,no,,1,0,1,0,0,1,1,2,bank1:A841 bank1:A8E9
bank1,CA16,FUN_CODE_ca16,no,,1,0,1,0,0,1,1,2,bank1:C9BE bank1:CA3E
bank1,D235,FUN_CODE_d235,no,,1,1,0,0,0,1,1,2,bank1:C8F6 bank1:D236
common,0E5E,FUN_CODE_0e5e,no,bank1,1,1,0,0,0,1,1,2,common:000B common:0530
common,0E7D,FUN_CODE_0e7d,no,bank1,1,1,0,0,0,1,1,2,common:001B common:05B6
common,1510,FUN_CODE_1510,no,bank1,3,3,0,0,0,3,1,1,bank0:EBD5
common,1E1A,FUN_CODE_1e1a,no,bank1,3,2,1,0,0,2,1,1,bank0:AA90
common,4AC4,FUN_CODE_4ac4,no,bank1,3,3,0,0,0,2,1,1,bank1:4874
bank0,C26E,FUN_CODE_c26e,no,,2,2,0,0,0,2,1,1,bank0:C278
bank0,D673,FUN_CODE_d673,no,,2,0,0,0,2,1,1,1,bank0:D091
common,2A84,FUN_CODE_2a84,no,bank1,2,2,0,0,0,1,1,1,common:2990
common,2CB3,FUN_CODE_2cb3,no,bank1,2,0,2,0,0,2,1,1,bank1:2C70
common,4AB8,FUN_CODE_4ab8,no,bank1,2,2,0,0,0,2,1,1,bank0:445E
common,4AE0,FUN_CODE_4ae0,no,bank1,2,2,0,0,0,2,2,1,bank1:4874
common,4B0F,FUN_CODE_4b0f,no,bank1,2,2,0,0,0,2,1,1,bank0:445E
common,711C,FUN_CODE_711c,no,bank1,2,2,0,0,0,2,1,1,bank0:E896
common,713C,FUN_CODE_713c,no,bank1,2,2,0,0,0,2,1,1,bank0:E896
common,71B9,FUN_CODE_71b9,no,bank1,2,2,0,0,0,1,1,1,bank0:724B
pd,7CE0,FUN_CODE_7ce0,no,,2,2,0,0,0,2,2,1,pd:1820
pd,A0E6,FUN_CODE_a0e6,no,,2,2,0,0,0,1,1,1,pd:7580
pd,E6C0,FUN_CODE_e6c0,no,,2,2,0,0,0,1,1,1,pd:7580
pd,F775,FUN_CODE_f775,no,,2,1,1,0,0,2,2,1,pd:BBE7
bank0,9277,FUN_CODE_9277,no,,1,1,0,0,0,1,1,1,bank0:924C
bank0,A426,FUN_CODE_a426,no,,1,0,1,0,0,1,1,1,bank0:A678
bank0,C49F,FUN_CODE_c49f,no,,1,1,0,0,0,1,1,1,bank0:90FE
bank0,C4C9,FUN_CODE_c4c9,no,,1,1,0,0,0,1,1,1,bank0:CC64
bank0,C4D1,FUN_CODE_c4d1,no,,1,1,0,0,0,1,1,1,bank0:CCFC
bank0,D5DB,FUN_CODE_d5db,no,,1,0,1,0,0,1,0,1,bank0:D5D4
bank0,E033,FUN_CODE_e033,no,,1,1,0,0,0,1,1,1,bank0:DF78
bank0,E6F4,FUN_CODE_e6f4,no,,1,0,1,0,0,1,0,1,bank0:E6B1
bank1,17FE,FUN_CODE_17fe,no,,1,1,0,0,0,1,1,1,bank1:9199
bank1,9FF0,FUN_CODE_9ff0,no,,1,1,0,0,0,1,1,1,bank1:9FC1
bank1,A24E,FUN_CODE_a24e,no,,1,1,0,0,0,1,1,1,bank1:AB64
bank1,A8C5,FUN_CODE_a8c5,no,,1,0,1,0,0,1,1,1,bank1:A841
bank1,B33B,FUN_CODE_b33b,no,,1,0,1,0,0,1,1,1,bank1:AD85
bank1,B43B,FUN_CODE_b43b,no,,1,0,1,0,0,1,0,1,bank1:B415
bank1,B784,FUN_CODE_b784,no,,1,1,0,0,0,1,1,1,bank1:B728
bank1,B88C,FUN_CODE_b88c,no,,1,1,0,0,0,1,1,1,bank1:B841
bank1,BCB3,FUN_CODE_bcb3,no,,1,0,1,0,0,1,1,1,bank1:BA43
bank1,BE10,FUN_CODE_be10,no,,1,0,1,0,0,1,1,1,bank1:BA43
bank1,BFBB,FUN_CODE_bfbb,no,,1,1,0,0,0,1,1,1,bank1:ABEE
bank1,C392,FUN_CODE_c392,no,,1,1,0,0,0,1,1,1,bank1:C352
bank1,CBAB,FUN_CODE_cbab,no,,1,0,1,0,0,1,1,1,bank1:C8F6
bank1,D4D3,FUN_CODE_d4d3,no,,1,1,0,0,0,1,1,1,bank1:AB75
bank1,D524,FUN_CODE_d524,no,,1,1,0,0,0,1,1,1,bank1:ABA8
bank1,D5B4,FUN_CODE_d5b4,no,,1,1,0,0,0,1,1,1,bank1:C8EA
bank1,D5E1,FUN_CODE_d5e1,no,,1,1,0,0,0,1,1,1,bank1:AC0D
bank1,D8F9,FUN_CODE_d8f9,no,,1,1,0,0,0,1,1,1,bank1:C700
bank1,D946,FUN_CODE_d946,no,,1,1,0,0,0,1,1,1,bank1:AB9B
bank1,DB0B,FUN_CODE_db0b,no,,1,0,1,0,0,1,1,1,bank1:AC84
bank1,DE3C,FUN_CODE_de3c,no,,1,0,1,0,0,1,1,1,bank1:AC36
bank1,E100,FUN_CODE_e100,no,,1,0,1,0,0,1,1,1,bank1:AC11
bank1,E322,FUN_CODE_e322,no,,1,0,1,0,0,1,1,1,bank1:703F
bank1,E9CE,FUN_CODE_e9ce,no,,1,0,0,0,1,1,1,1,bank1:E954
bank1,F040,FUN_CODE_f040,no,,1,0,1,0,0,1,1,1,bank1:F012
bank1,F1F8,FUN_CODE_f1f8,no,,1,1,0,0,0,1,1,1,bank1:F198
common,05E7,FUN_CODE_05e7,no,bank1,1,0,1,0,0,1,1,1,common:002B
common,07D6,FUN_CODE_07d6,no,bank1,1,1,0,0,0,1,1,1,common:012F
common,1048,FUN_CODE_1048,no,bank1,1,1,0,0,0,1,1,1,common:0200
common,11B6,FUN_CODE_11b6,no,bank1,1,0,1,0,0,1,1,1,common:012F
common,11BC,FUN_CODE_11bc,no,bank1,1,0,1,0,0,1,1,1,common:018C
common,14C8,FUN_CODE_14c8,no,bank1,1,1,0,0,0,1,1,1,common:0556
common,30DF,FUN_CODE_30df,no,bank1,1,1,0,0,0,1,1,1,common:2DE3
common,451A,FUN_CODE_451a,no,bank1,1,0,1,0,0,1,1,1,bank0:445E
common,4AEF,FUN_CODE_4aef,no,bank1,1,1,0,0,0,1,1,1,bank0:445E
common,4C5D,FUN_CODE_4c5d,no,bank1,1,1,0,0,0,1,1,1,bank0:5349
common,4D96,FUN_CODE_4d96,no,bank1,1,1,0,0,0,1,1,1,bank0:537F
common,4E2C,FUN_CODE_4e2c,no,bank1,1,1,0,0,0,1,1,1,bank0:549B
common,4ECD,FUN_CODE_4ecd,no,bank1,1,1,0,0,0,1,1,1,bank0:54C2
common,4F3E,FUN_CODE_4f3e,no,bank1,1,1,0,0,0,1,1,1,bank0:53AF
common,4FED,FUN_CODE_4fed,no,bank1,1,1,0,0,0,1,1,1,bank0:53AF
common,50DE,FUN_CODE_50de,no,bank1,1,1,0,0,0,1,1,1,bank0:53AF
common,51C8,FUN_CODE_51c8,no,bank1,1,1,0,0,0,1,1,1,bank0:541D
common,7281,FUN_CODE_7281,no,bank1,1,1,0,0,0,1,1,1,bank0:724B
pd,0DC9,FUN_CODE_0dc9,no,,1,1,0,0,0,1,1,1,pd:DFB2
pd,3883,FUN_CODE_3883,no,,1,1,0,0,0,1,1,1,pd:CCB7
pd,7B14,FUN_CODE_7b14,no,,1,0,1,0,0,1,1,1,pd:F786
pd,987F,FUN_CODE_987f,no,,1,1,0,0,0,1,1,1,pd:C0EF
pd,A000,FUN_CODE_a000,no,,1,0,0,0,1,1,1,1,pd:A339
pd,B73F,FUN_CODE_b73f,no,,1,1,0,0,0,1,1,1,pd:C755
pd,B8DB,FUN_CODE_b8db,no,,1,1,0,0,0,1,1,1,pd:ABBF
pd,B9A1,FUN_CODE_b9a1,no,,1,1,0,0,0,1,1,1,pd:C755
pd,CBB0,FUN_CODE_cbb0,no,,1,1,0,0,0,1,1,1,pd:EF79
pd,D435,FUN_CODE_d435,no,,1,0,1,0,0,1,1,1,pd:E458
pd,D72E,FUN_CODE_d72e,no,,1,1,0,0,0,1,1,1,pd:C2FA
pd,E757,FUN_CODE_e757,no,,1,1,0,0,0,1,1,1,pd:A339
pd,E8D4,FUN_CODE_e8d4,no,,1,1,0,0,0,1,1,1,pd:DF6A
pd,E902,FUN_CODE_e902,no,,1,1,0,0,0,1,1,1,pd:DA44
pd,EE8B,FUN_CODE_ee8b,no,,1,1,0,0,0,1,1,1,pd:C2FA
common,1100,bl51_bank_select_0,yes,bank1,264,0,264,0,0,264,68,0,
bank1,8886,read_xdata_pair_to_r1r2,yes,,98,98,0,0,0,58,41,0,
bank1,888C,write_r1r2_to_xdata_pair,yes,,86,86,0,0,0,36,22,0,
bank1,8892,read_xdata_pair_to_r3r4,yes,,59,59,0,0,0,43,35,0,
bank1,8863,cmp_r3r4_against_r1r2_16bit,yes,,58,58,0,0,0,34,25,0,
bank1,889E,write_r3r4_to_xdata_pair,yes,,57,57,0,0,0,20,17,0,
pd,0FAF,read4xdata_to_r4_r7,yes,,55,50,5,0,0,38,34,0,
pd,9028,make_dptr_r6_minus_3_9028,yes,,50,50,0,0,0,10,7,0,
pd,104D,write4_inline_args,yes,,44,44,0,0,0,18,15,0,
bank0,4777,stage_0a54_0a55_then_dispatch,yes,,36,36,0,0,0,27,23,0,
common,2990,advance_bfe_counter_publish_at_bfd,yes,bank1,34,32,2,0,0,5,1,0,
pd,1041,write4xdata_from_r4_r7,yes,,33,31,2,0,0,24,20,0,
bank1,885B,sub_r1r2_from_r3r4,yes,,32,32,0,0,0,24,18,0,
pd,10BC,add_full_product_to_dptr,yes,,29,14,15,0,0,29,29,0,
pd,349B,dph_plus_double_a_349b,yes,,27,27,0,0,0,7,5,0,
bank1,88F0,push_r5_into_070f_ring_when_gates_pass,yes,,25,25,0,0,0,22,21,0,
bank1,198A,trampoline_to_c1e7,yes,,22,22,0,0,0,20,14,0,
common,1114,bl51_bank_select_1,yes,bank1,21,0,21,0,0,21,20,0,
common,4A69,code_word_to_dptr_4a69,yes,bank1,21,21,0,0,0,6,2,0,
bank1,8898,read_xdata_pair_to_b_and_a,yes,,20,20,0,0,0,19,7,0,
bank1,A5E6,mul_16_round_shift_subtract,yes,,20,20,0,0,0,13,9,0,
pd,122F,add_dptr_to_word_0d0e_ea_guard,yes,,20,13,7,0,0,19,18,0,
bank0,B9D8,read_06e6_xor_01,yes,,19,19,0,0,0,17,11,0,
bank1,19A8,trampoline_to_c118,yes,,19,19,0,0,0,19,16,0,
pd,10E8,store_3byte_r3r2r1,yes,,19,17,2,0,0,19,17,0,
bank1,1984,trampoline_to_c10c,yes,,18,18,0,0,0,17,14,0,
common,3FA4,store_r7_to_iram_31,yes,bank1,18,3,15,0,0,18,5,0,
pd,F739,call_returns_with_dptr_loaded,yes,,18,18,0,0,0,10,9,0,
bank0,BA36,read_low_nibble_074c,yes,,17,17,0,0,0,7,4,0,
bank0,445E,stage_and_commit_0a56_block,yes,,16,15,1,0,0,14,13,0,
bank0,B93D,load_dptr_be16_from_xdata,yes,,16,16,0,0,0,8,5,0,
common,3F9D,store_r7_to_iram_bb_then_set_68_0,yes,bank1,16,2,14,0,0,16,4,0,
pd,9850,load_dptr_d9ef_tail_jump_10f1,yes,,16,16,0,0,0,5,4,0,
bank1,896A,gate_06e6_0440_then_call_89b5,yes,,15,15,0,0,0,9,9,0,
bank0,94D0,copy_code_table_into_0730_07a7,yes,,14,14,0,0,0,9,7,0,
common,05E8,critical_section_enter_05e8,yes,bank1,14,14,0,0,0,14,10,0,
bank0,0EA2,timer1_counted_delay_using_0a56,yes,,13,13,0,0,0,11,10,0,
bank1,88A4,sub_r0_from_r1_stash_r0_on_borrow,yes,,13,13,0,0,0,2,2,0,
common,3B22,mul13_table_lookup_3b22,yes,bank1,13,13,0,0,0,10,2,0,
common,7151,switch_case_dispatch,yes,bank1,13,13,0,0,0,13,7,0,
pd,0F0E,sub_or_cmp_r0_r7,yes,,13,6,7,0,0,10,9,0,
bank0,B8C0,test_0770_equals_04,yes,,12,12,0,0,0,8,5,0,
common,05EF,critical_section_exit_05ef,yes,bank1,12,11,1,0,0,12,9,0,
common,355E,FUN_CODE_355e,no,bank1,12,0,12,0,0,2,0,0,
common,4A4D,code_word_to_dptr_4a4d,yes,bank1,12,12,0,0,0,9,2,0,
common,70E4,be16_add,yes,bank1,12,8,4,0,0,12,9,0,
pd,6FAF,scaled_lookup_from_a_times_5e_plus_f8,yes,,12,12,0,0,0,12,10,0,
bank0,A73F,store_r7_at_6a_then_jump_1666,yes,,11,9,2,0,0,10,8,0,
bank0,B958,write_4_bytes_ending_0a_4b_00,yes,,11,11,0,0,0,4,4,0,
bank1,CBF3,publish_0514_and_0342_product,yes,,11,11,0,0,0,11,7,0,
common,3B70,dph_from_a_dpl_from_code_3b70,yes,bank1,11,11,0,0,0,8,2,0,
common,5A43,addc_chain_into_r7_5a43,yes,bank1,11,0,0,11,0,8,0,0,
pd,F4AB,store_4bytes_to_0a82,yes,,11,11,0,0,0,7,3,0,
bank0,B987,read_dptr_byte_into_r6,yes,,10,10,0,0,0,6,5,0,
bank0,D038,mul_06e7_by_5,yes,,10,10,0,0,0,4,4,0,
bank1,1AAA,trampoline_bank0_8590,yes,,10,10,0,0,0,1,1,0,
common,159A,load_dptr_c251_tail_jump_1100,yes,bank1,10,10,0,0,0,8,4,0,
common,1636,load_dptr_d991_tail_jump_1100,yes,bank1,10,10,0,0,0,8,7,0,
common,7110,dptr_plus_a_times_b_16bit,yes,bank1,10,6,4,0,0,8,7,0,
pd,0C58,write_byte_at_dptr_plus_r1r2_by_tag,yes,,10,7,3,0,0,6,5,0,
pd,10C8,read3_xdata_to_r3r1_10c8,yes,,10,6,4,0,0,10,10,0,
pd,128D,fill_bytes_by_ptr_kind,yes,,10,9,1,0,0,10,6,0,
pd,F75C,read_dptr_byte_via_716c,yes,,10,10,0,0,0,10,9,0,
bank0,B939,store_a_to_dptr_b939,yes,,9,9,0,0,0,2,2,0,
bank0,B93A,set_dptr_0a51_b93a,yes,,9,9,0,0,0,2,2,0,
bank0,BB40,fan_mode_get,yes,,9,9,0,0,0,5,5,0,
bank0,D757,unresolved_multiarm_dispatch_d757,yes,,9,0,9,0,0,1,1,0,
bank0,E4FE,write_fe_r7_to_0f61_62,yes,,9,9,0,0,0,7,6,0,
bank0,F08B,set_0a56_to_0f_60_00_00_00,yes,,9,9,0,0,0,9,7,0,
bank1,8854,add_r1r2_to_r3r4,yes,,9,9,0,0,0,6,3,0,
common,0C86,FUN_CODE_0c86,no,bank1,9,1,8,0,0,2,0,0,
common,2F1D,FUN_CODE_2f1d,no,bank1,9,9,0,0,0,6,0,0,
common,3ACC,FUN_CODE_3acc,no,bank1,9,8,1,0,0,8,0,0,
bank0,8274,index_table_default,yes,,8,0,8,0,0,8,8,0,
bank0,8F03,call_bb28_on_1804,yes,,8,0,8,0,0,1,1,0,
bank1,89F4,zero_xdata_bytes_r2r1_through_r2r3,yes,,8,8,0,0,0,3,2,0,
bank1,9ED4,ring_write_0990_len_2f,yes,,8,8,0,0,0,5,5,0,
bank1,BD10,mask_0491_with_c0,yes,,8,0,8,0,0,2,2,0,
bank1,CDDA,clamp_r1r2_against_const_from_0491,yes,,8,8,0,0,0,7,7,0,
bank1,E57E,push_r7_call_e5d6_pop_r7,yes,,8,8,0,0,0,7,7,0,
common,30B5,FUN_CODE_30b5,no,bank1,8,8,0,0,0,8,1,0,
common,3239,FUN_CODE_3239,no,bank1,8,0,8,0,0,1,0,0,
common,3BAE,FUN_CODE_3bae,no,bank1,8,8,0,0,0,7,0,0,
bank0,9C47,ret_only_9c47,yes,,7,0,7,0,0,1,0,0,
bank0,B965,add_r6_r7_to_0a58_pair_then_halve,yes,,7,7,0,0,0,7,7,0,
bank0,BA3D,store_a_to_dptr_ba3d,yes,,7,7,0,0,0,7,7,0,
bank1,8B8F,clear_0480_bit4_set_0459_01_06e1_a0,yes,,7,5,2,0,0,7,7,0,
bank1,A5A7,mul_partial_products_r0_r1_r2_r3,yes,,7,7,0,0,0,5,1,0,
bank1,BF3A,guard_then_store_pair_0834,yes,,7,0,7,0,0,4,2,0,
bank1,C4D2,setup_1c00_block_with_arg_4c,yes,,7,7,0,0,0,2,0,0,
common,0ECC,timer1_counted_delay_count_in_r7,yes,bank1,7,7,0,0,0,7,2,0,
common,220A,FUN_CODE_220a,no,bank1,7,7,0,0,0,1,0,0,
common,43A5,FUN_CODE_43a5,no,bank1,7,7,0,0,0,6,0,0,
common,4AFB,FUN_CODE_4afb,no,bank1,7,7,0,0,0,5,0,0,
pd,0F1F,shr_32bit_r4r7_by_r0,yes,,7,7,0,0,0,5,4,0,
pd,34A5,read_byte_to_r7_base_0420,yes,,7,7,0,0,0,4,3,0,
pd,B074,call_c1dd_store_r7_then_call_122f,yes,,7,7,0,0,0,3,3,0,
bank0,163C,load_dptr_88f0_tail_jump_1114,yes,,6,6,0,0,0,4,2,0,
bank0,B9C6,add_0318_0319_into_r7_r6,yes,,6,6,0,0,0,3,2,0,
bank0,BADE,tailcall_70e4_add_0100_at_dptr,yes,,6,6,0,0,0,6,2,0,
bank0,BC0E,dptr_add_4x_a,yes,,6,6,0,0,0,3,3,0,
bank0,C31F,test_1606_bit4_inverted,yes,,6,6,0,0,0,1,1,0,
bank0,D005,movc_two_code_bytes_into_06e8_06e9,yes,,6,6,0,0,0,3,3,0,
bank0,D029,code_jump_to_two_bytes_at_dptr,yes,,6,6,0,0,0,3,3,0,
bank0,F121,write_98_to_0f60,yes,,6,6,0,0,0,6,6,0,
bank0,F128,set_r3_09_r5_80_r7_01,yes,,6,6,0,0,0,6,6,0,
bank1,19D2,trampoline_to_85c6,yes,,6,6,0,0,0,4,4,0,
bank1,1A68,load_dptr_85fb_tail_jump_1100,yes,,6,6,0,0,0,6,6,0,
bank1,859B,clear_1c04_1c05_set_1c00_ff,yes,,6,6,0,0,0,4,4,0,
bank1,A567,write_0_to_200b_335_times,yes,,6,6,0,0,0,4,3,0,
bank1,C541,write_zero_to_200b_six_times,yes,,6,6,0,0,0,2,2,0,
common,0937,FUN_CODE_0937,no,bank1,6,4,2,0,0,6,0,0,
common,09A2,FUN_CODE_09a2,no,bank1,6,3,3,0,0,6,0,0,
common,2896,clear_iram_6d_7f_then_xdata_b00_bfe,yes,bank1,6,5,1,0,0,6,4,0,
common,2E9C,FUN_CODE_2e9c,no,bank1,6,6,0,0,0,4,0,0,
common,3983,FUN_CODE_3983,no,bank1,6,6,0,0,0,2,0,0,
common,3AD1,FUN_CODE_3ad1,no,bank1,6,5,1,0,0,5,0,0,
common,3B32,FUN_CODE_3b32,no,bank1,6,6,0,0,0,6,1,0,
common,3B51,dptr_3a00_plus_13x_3b51,yes,bank1,6,6,0,0,0,6,2,0,
pd,0BC4,read_byte_at_dptr_plus_r1r2_by_tag,yes,,6,4,2,0,0,6,5,0,
pd,0F00,negate_32bit_r4r7,yes,,6,5,1,0,0,6,5,0,
pd,0FCB,load_xdata_to_r0_r1_r2_or_r3,yes,,6,6,0,0,0,6,6,0,
pd,119C,dispatch_code_table,yes,,6,6,0,0,0,6,5,0,
pd,352C,write_3bytes_to_0a86,yes,,6,6,0,0,0,3,1,0,
pd,366E,write_xdata_then_set_r5_2,yes,,6,6,0,0,0,3,1,0,
pd,906D,make_dptr_r6_minus_3_col_r3,yes,,6,6,0,0,0,4,2,0,
pd,96ED,dptr_0a13_plus_17_times_a,yes,,6,6,0,0,0,3,2,0,
pd,ACCE,set_dptr_07d6,yes,,6,6,0,0,0,1,0,0,
pd,ACE6,index_a_by_23_add_0a2d,yes,,6,6,0,0,0,2,1,0,
pd,AD09,zero_extend_a_into_r4_r7,yes,,6,6,0,0,0,4,4,0,
pd,E1E0,copy_0815_to_081b_then_call_c873,yes,,6,5,1,0,0,3,2,0,
pd,EEAE,write_r7_at_0x0260_plus_0bab_result,yes,,6,6,0,0,0,3,3,0,
bank0,821F,index_case_epilogue,yes,,5,0,5,0,0,5,5,0,
bank0,9040,bare_ret_9040,yes,,5,0,5,0,0,1,1,0,
bank0,A1C8,select_code_table_entry_and_store_0872_087a_088a,yes,,5,0,5,0,0,1,1,0,
bank0,B955,set_dptr_0a59_b955,yes,,5,5,0,0,0,2,2,0,
bank0,B9EA,read_1919_byte_set_dptr_0a56,yes,,5,5,0,0,0,5,5,0,
bank0,D2BE,ret_only_d2be,yes,,5,0,5,0,0,1,1,0,
bank0,D991,store_r4_r5_into_record_6e65,yes,,5,5,0,0,0,5,4,0,
bank0,ED47,gate_a4b_eq_9,yes,,5,0,5,0,0,1,1,0,
bank0,EDBC,four_calls_then_4777_flag,yes,,5,5,0,0,0,5,5,0,
bank0,F09F,set_0f60_84_and_0a56_block,yes,,5,5,0,0,0,5,5,0,
bank1,8F37,write_047f_and_arm_06d1_fa,yes,,5,5,0,0,0,3,3,0,
bank1,F127,bare_ret_f127,yes,,5,0,5,0,0,5,5,0,
common,21DC,FUN_CODE_21dc,no,bank1,5,5,0,0,0,1,0,0,
common,2B6C,FUN_CODE_2b6c,no,bank1,5,5,0,0,0,5,1,0,
common,2BC1,clamp_iram_80_up_to_r7,yes,bank1,5,4,1,0,0,4,2,0,
common,3B4E,read_dptr_into_r6_then_r7_3b4e,yes,bank1,5,5,0,0,0,5,1,0,
common,4A76,mov_a_from_r1_4a76,yes,bank1,5,5,0,0,0,3,1,0,
pd,0012,FUN_CODE_0012,no,,5,0,0,5,0,1,1,0,
pd,0050,call_10f1_then_jmp_1229,yes,,5,5,0,0,0,5,5,0,
pd,0DBC,add_32bit_r0r3_to_r4r7,yes,,5,4,1,0,0,5,5,0,
pd,ACBF,read_xdata_at_dptr_acbf,yes,,5,5,0,0,0,2,2,0,
pd,B2CD,read3_from_07d5_into_r3_r1,yes,,5,5,0,0,0,1,0,0,
pd,DC29,call_122f_with_dptr_fffe,yes,,5,4,1,0,0,3,1,0,
bank0,708F,div_r6r4_by_r5_16bit,yes,,4,3,1,0,0,4,3,0,
bank0,8931,threshold_cascade_from_08eb_085f,yes,,4,0,4,0,0,1,1,0,
bank0,A747,stage_0769_076e_convert_to_1803,yes,,4,3,1,0,0,4,2,0,
bank0,B989,finish_dptr_be16_load,yes,,4,4,0,0,0,2,0,0,
bank0,B994,store_a_to_dptr_b994,yes,,4,4,0,0,0,3,3,0,
bank0,BA15,clr_a,yes,,4,4,0,0,0,4,4,0,
bank0,BAAE,load_r7_r6_from_0608_and_return_0399,yes,,4,4,0,0,0,2,1,0,
bank0,BB55,set_cy_before_043e_sub,yes,,4,4,0,0,0,3,0,0,
bank0,BBB3,store_code_byte_to_08c0,yes,,4,4,0,0,0,1,1,0,
bank0,BBBD,store_code_byte_to_08c3,yes,,4,4,0,0,0,1,1,0,
bank0,BC5F,inc_09e4_and_return_new,yes,,4,4,0,0,0,2,1,0,
bank0,BC85,clear_08a9_and_08aa,yes,,4,4,0,0,0,3,2,0,
bank0,BC8D,cfg_cell_count_selector,yes,,4,4,0,0,0,3,2,0,
bank0,BCA9,clear_08a5_and_08a6,yes,,4,4,0,0,0,2,2,0,
bank0,BD79,tail_call_7110_with_b6,yes,,4,4,0,0,0,1,1,0,
bank0,C4F0,write_40_to_dptr_then_read_1601,yes,,4,4,0,0,0,2,2,0,
bank0,DE4D,init_0046_to_64_and_clear_af,yes,,4,4,0,0,0,4,4,0,
bank0,E256,dispatch_on_0046_copy_status_to_0083,yes,,4,0,4,0,0,4,4,0,
bank0,E51E,write_ff_fa_r5_r7_to_0f60_63,yes,,4,4,0,0,0,4,3,0,
bank0,F0B3,store_0f_80_and_setup_regs,yes,,4,4,0,0,0,4,4,0,
bank0,F0ED,set_0f60_88_and_0a56_0f_60,yes,,4,4,0,0,0,4,4,0,
bank0,F107,store_a_at_dptr_plus1,yes,,4,4,0,0,0,4,4,0,
bank0,F138,copy_0f81_to_0a58,yes,,4,4,0,0,0,4,4,0,
bank0,F151,write_ff_to_0f60,yes,,4,4,0,0,0,4,4,0,
bank0,F159,inc_dptr_byte_sub3,yes,,4,4,0,0,0,4,4,0,
bank1,1762,trampoline_to_c201,yes,,4,4,0,0,0,4,4,0,
bank1,1990,trampoline_to_c391,yes,,4,4,0,0,0,4,4,0,
bank1,19A2,trampoline_to_cf96,yes,,4,4,0,0,0,4,4,0,
bank1,19F0,load_dptr_c4e6_tail_jump_1100,yes,,4,4,0,0,0,4,3,0,
bank1,1A74,load_dptr_c43f_tail_jump_1100,yes,,4,4,0,0,0,3,3,0,
bank1,1A80,load_dptr_85de_tail_jump_1100,yes,,4,4,0,0,0,4,3,0,
bank1,85AE,clear_1c15_1c16_set_1c11_ff,yes,,4,4,0,0,0,4,3,0,
bank1,8844,ror16_r1r2_by_r7,yes,,4,4,0,0,0,2,2,0,
bank1,8E3B,write_r4_to_047f_then_047e_fc,yes,,4,1,3,0,0,2,2,0,
bank1,9FCA,exit_ret,yes,,4,0,4,0,0,2,1,0,
bank1,A1BE,nop_ret_stub_a1be,yes,,4,0,4,0,0,1,1,0,
bank1,A530,code_table_scatter_to_xdata,yes,,4,4,0,0,0,4,4,0,
bank1,BD20,clear_0834_word_when_nonzero,yes,,4,2,2,0,0,3,3,0,
bank1,C4F0,poll_1c00_status_up_to_100_cycles,yes,,4,4,0,0,0,2,0,0,
bank1,C613,return_immediately,yes,,4,4,0,0,0,4,4,0,
bank1,C6B8,gate_0458b7_set_0723b2_from_045c,yes,,4,4,0,0,0,3,3,0,
bank1,E501,reset_03c4_03af_and_clear_03a1_bit,yes,,4,0,4,0,0,2,2,0,
bank1,E5A7,copy_code_pair_to_3e0_plus_r7,yes,,4,4,0,0,0,3,3,0,
bank1,E656,select_dptr_by_0491_7c0_then_dispatch,yes,,4,4,0,0,0,3,2,0,
bank1,EFDA,dispatch_index_3x_from_byte_00,yes,,4,4,0,0,0,4,4,0,
common,0200,post_05e8_init_1042_16e7,yes,bank1,4,0,4,0,0,4,4,0,
common,0A74,FUN_CODE_0a74,no,bank1,4,3,1,0,0,4,1,0,
common,221F,FUN_CODE_221f,no,bank1,4,4,0,0,0,1,0,0,
common,2DE3,mask_1106_then_clear_18_34,yes,bank1,4,3,1,0,0,4,1,0,
common,3835,FUN_CODE_3835,no,bank1,4,4,0,0,0,3,0,0,
common,3894,set_iram_ad_88_clear_33,yes,bank1,4,4,0,0,0,4,1,0,
common,3B20,FUN_CODE_3b20,no,bank1,4,4,0,0,0,3,0,0,
common,3B3E,mul13_table_lookup_3b3e,yes,bank1,4,4,0,0,0,4,2,0,
common,3BDD,FUN_CODE_3bdd,no,bank1,4,4,0,0,0,4,0,0,
common,3C0A,read_0a49_then_index_iram_by_plus_97,yes,bank1,4,4,0,0,0,2,1,0,
common,4368,FUN_CODE_4368,no,bank1,4,4,0,0,0,2,0,0,
common,436F,FUN_CODE_436f,no,bank1,4,4,0,0,0,4,0,0,
common,4725,shift_and_xor_step_on_iram_af,yes,bank1,4,4,0,0,0,1,1,0,
common,4A42,FUN_CODE_4a42,no,bank1,4,4,0,0,0,4,0,0,
common,5597,write_009f_4f_or_0f_by_r7,yes,bank1,4,3,1,0,0,4,2,0,
common,5A55,FUN_CODE_5a55,no,bank1,4,0,0,0,4,3,0,0,
common,707D,mul16,yes,bank1,4,4,0,0,0,4,4,0,
common,7177,mov_dph_r2_dpl_r1_7177,yes,bank1,4,2,2,0,0,3,2,0,
pd,0C46,write_byte_by_tag_r3,yes,,4,2,2,0,0,4,4,0,
pd,0D38,read_two_bytes_at_offset_by_ptr_kind,yes,,4,3,1,0,0,4,4,0,
pd,1064,movc_byte_to_xdata,yes,,4,4,0,0,0,1,1,0,
pd,10F1,read3_code_to_r3r1,yes,,4,2,2,0,0,4,3,0,
pd,3497,add_full_product_to_dptr,yes,,4,4,0,0,0,3,3,0,
pd,3627,add_r6_to_dpl,yes,,4,4,0,0,0,2,1,0,
pd,37ED,clear_r7_and_mask_r6_to_bit3,yes,,4,4,0,0,0,2,1,0,
pd,90C0,read_xdata_00b0_plus_r4,yes,,4,4,0,0,0,2,1,0,
pd,9115,read_dptr_to_r5_r6_zero_r7,yes,,4,4,0,0,0,4,2,0,
pd,96E8,dptr_07d1_then_scale_via_96ed,yes,,4,4,0,0,0,1,0,0,
pd,96FF,dptr_0a27_plus_17_times_a,yes,,4,4,0,0,0,3,2,0,
pd,9C1B,add_full_product_to_dptr,yes,,4,4,0,0,0,1,1,0,
pd,AD4D,call_0faf_0f00_0dbc_return_0,yes,,4,4,0,0,0,3,3,0,
pd,B154,load_a_with_03,yes,,4,4,0,0,0,1,1,0,
pd,C1D6,set_dptr_0d0e_c1d6,yes,,4,4,0,0,0,1,1,0,
pd,D83D,store_4_zero_bytes_at_0904_plus_0809_times_5e,yes,,4,4,0,0,0,3,3,0,
pd,EBE4,pick_00d0_or_00d1_then_tail_with_dp_0002,yes,,4,3,1,0,0,3,1,0,
pd,EC5E,set_or_clear_bits_1_2_6_via_9028,yes,,4,4,0,0,0,3,2,0,
pd,EE68,stage_07d4_07d5_then_call_ef59,yes,,4,4,0,0,0,3,2,0,
bank0,549B,default_009d_bf_dispatch_4e2c,yes,,3,3,0,0,0,1,1,0,
bank0,8653,seed_fan_table_base,yes,,3,3,0,0,0,3,2,0,
bank0,8DE0,ramp_1804_toward_0670_and_set_1809,yes,,3,0,3,0,0,1,1,0,
bank0,924B,bare_ret_924b,yes,,3,0,3,0,0,1,1,0,
bank0,96AD,apply_oem_overrides_then_fill_08xx,yes,,3,0,3,0,0,1,1,0,
bank0,9C24,reset_08ad_08bf_and_clear_08e2_bit7,yes,,3,0,3,0,0,1,0,0,
bank0,ADA3,write_0a47_from_r7,yes,,3,3,0,0,0,1,1,0,
bank0,AF7D,decrement_0a4a_then_redispatch,yes,,3,0,3,0,0,3,3,0,
bank0,B38D,unresolved_b38d,yes,,3,0,3,0,0,2,2,0,
bank0,B5D2,unresolved_b5d2,yes,,3,0,3,0,0,1,0,0,
bank0,B736,unresolved_b736,yes,,3,0,3,0,0,1,0,0,
bank0,B935,movc_lookup_set_dptr_08c1,yes,,3,3,0,0,0,1,1,0,
bank0,B984,set_dptr_0a51_b984,yes,,3,3,0,0,0,2,2,0,
bank0,B9F5,add_be16_08cc_and_compute_08be_x10_diff,yes,,3,3,0,0,0,2,1,0,
bank0,BA2A,mul_code_byte_by_xdata_0826,yes,,3,3,0,0,0,1,0,0,
bank0,BA3E,clear_bit0_1901,yes,,3,3,0,0,0,2,1,0,
bank0,BAE5,batt_temp_dK,yes,,3,3,0,0,0,2,2,0,
bank0,BB11,mod_100_of_be16_0855,yes,,3,3,0,0,0,1,0,0,
bank0,BB31,sub_dptr_byte_from_0a4a,yes,,3,3,0,0,0,1,1,0,
bank0,BB5E,FUN_CODE_bb5e,no,,3,3,0,0,0,1,0,0,
bank0,BBDD,set_cy_before_044f_sub,yes,,3,3,0,0,0,3,0,0,
bank0,BBF2,sub_0866_from_0865,yes,,3,3,0,0,0,1,1,0,
bank0,BC67,store_code_byte_to_08ac_then_reload_dptr,yes,,3,3,0,0,0,1,1,0,
bank0,BC71,read_0434_keep_0435_in_r4,yes,,3,3,0,0,0,3,0,0,
bank0,BC95,table_632d_index_times_4,yes,,3,3,0,0,0,1,0,0,
bank0,BC9F,mul_0826_by_dptr_byte,yes,,3,3,0,0,0,1,1,0,
bank0,BD20,store_044b_then_read_08e2,yes,,3,3,0,0,0,3,3,0,
bank0,BD34,sub_dptr_byte_from_0867,yes,,3,3,0,0,0,1,1,0,
bank0,BD3D,sub_dptr_byte_from_0868,yes,,3,3,0,0,0,1,1,0,
bank0,BDD2,read_x0a59_and_x0a5a,yes,,3,3,0,0,0,1,0,0,
bank0,BDFA,write_40_then_read_x1601,yes,,3,3,0,0,0,1,1,0,
bank0,BE0D,set_bit6_in_x0723,yes,,3,3,0,0,0,1,1,0,
bank0,BE2A,write_64_91_pair,yes,,3,3,0,0,0,3,0,0,
bank0,BE32,write_64_c7_pair,yes,,3,3,0,0,0,3,0,0,
bank0,BE3A,write_64_d9_pair,yes,,3,3,0,0,0,3,0,0,
bank0,BE42,write_64_b5_pair,yes,,3,3,0,0,0,3,0,0,
bank0,BE4A,write_64_a3_pair,yes,,3,3,0,0,0,3,0,0,
bank0,BE9C,read_x0780_xor_a2,yes,,3,3,0,0,0,3,2,0,
bank0,BEA3,x044c_minus_r7,yes,,3,3,0,0,0,2,1,0,
bank0,BEF0,read_0a4a_minus_carry,yes,,3,3,0,0,0,1,1,0,
bank0,C07E,clear_1601_bit4,yes,,3,1,2,0,0,3,3,0,
bank0,C478,set_160a_bit0_unless_b8f4_and_08eb,yes,,3,1,2,0,0,3,2,0,
bank0,DC8D,write_1_to_1200,yes,,3,3,0,0,0,2,2,0,
bank0,DE83,stage_0a49_pair_then_30xx_block,yes,,3,3,0,0,0,3,3,0,
bank0,EA94,three_calls_then_4777_r3_04,yes,,3,3,0,0,0,1,0,0,
bank0,EAAD,set_dptr_0f60_then_4777_r3_03,yes,,3,3,0,0,0,1,0,0,
bank0,F077,ret_immediately,yes,,3,0,3,0,0,3,2,0,
bank0,F0F3,set_0a56_to_0f_60,yes,,3,2,0,1,0,3,3,0,
bank0,F108,store_a_at_dptr_then_read_0fa0,yes,,3,3,0,0,0,3,3,0,
bank0,F10F,be16_add_0_1,yes,,3,3,0,0,0,3,3,0,
bank0,F189,write_00_to_0f60,yes,,3,3,0,0,0,3,2,0,
bank0,FE0F,poll_1304_1500_dispatch_0083,yes,,3,0,3,0,0,1,1,0,
bank1,1768,trampoline_to_c209,yes,,3,3,0,0,0,3,3,0,
bank1,199C,trampoline_to_c4b7,yes,,3,3,0,0,0,3,2,0,
bank1,19C6,trampoline_to_a747,yes,,3,3,0,0,0,3,3,0,
bank1,19DE,trampoline_to_c174,yes,,3,3,0,0,0,3,1,0,
bank1,1A44,load_dptr_c1d8_tail_jump_1100,yes,,3,3,0,0,0,3,3,0,
bank1,1A50,load_dptr_c2b2_tail_jump_1100,yes,,3,3,0,0,0,3,2,0,
bank1,1A5C,load_dptr_c2ef_tail_jump_1100,yes,,3,3,0,0,0,3,3,0,
bank1,1A86,load_dptr_c44d_tail_jump_1100,yes,,3,3,0,0,0,2,2,0,
bank1,8B31,return_with_carry_cleared,yes,,3,0,3,0,0,3,3,0,
bank1,8F54,write_047f_and_arm_06d2_fa,yes,,3,3,0,0,0,2,2,0,
bank1,A9B3,return_stub,yes,,3,0,3,0,0,1,1,0,
bank1,AEBC,cmp_0436_0437_against_1_or_test_0514,yes,,3,3,0,0,0,3,3,0,
bank1,B1B3,dispatch_0490_low3,yes,,3,3,0,0,0,3,3,0,
bank1,B214,set_carry_if_0404_0405_is_0201,yes,,3,3,0,0,0,2,1,0,
bank1,B6A8,snapshot_0432_043c_04f2_04fc,yes,,3,2,1,0,0,2,2,0,
bank1,B6C9,cmp32_hi16_lt_lo16_at_dptr,yes,,3,3,0,0,0,2,1,0,
bank1,B937,clear_0492_0496_0577_0578_0542,yes,,3,2,1,0,0,3,3,0,
bank1,BCAA,set_0494_bit1,yes,,3,0,3,0,0,1,0,0,
bank1,BD45,mask_0491_c0_then_route_to_300x_40xx,yes,,3,0,3,0,0,2,1,0,
bank1,C830,step_state_from_0490_low3,yes,,3,0,3,0,0,1,1,0,
bank1,CD80,count_0397_down_to_03b5_then_0514,yes,,3,3,0,0,0,2,2,0,
bank1,D6C6,FUN_CODE_d6c6,no,,3,3,0,0,0,3,0,0,
bank1,D6EE,FUN_CODE_d6ee,no,,3,0,3,0,0,1,0,0,
bank1,D8B9,FUN_CODE_d8b9,no,,3,3,0,0,0,2,0,0,
bank1,E2C3,set_1c00_ff_clear_1c04_1c05,yes,,3,3,0,0,0,3,3,0,
bank1,E490,stage_1c00_block_from_code_table_indexed_03c4,yes,,3,0,3,0,0,3,2,0,
common,012F,chan_init_170a_then_jmp_11b6,yes,bank1,3,3,0,0,0,3,2,0,
common,018C,chan_init_1709_then_jmp_11bc,yes,bank1,3,3,0,0,0,3,2,0,
common,029B,chan_init_1708_then_jmp_11c2,yes,bank1,3,3,0,0,0,3,2,0,
common,07F0,inc_xdata_0043_return_new,yes,bank1,3,3,0,0,0,3,3,0,
common,09E9,FUN_CODE_09e9,no,bank1,3,2,1,0,0,2,0,0,
common,0A39,FUN_CODE_0a39,no,bank1,3,3,0,0,0,3,0,0,
common,10F1,zero_xdata_200b,yes,bank1,3,3,0,0,0,2,0,0,
common,15E2,FUN_CODE_15e2,no,bank1,3,2,1,0,0,3,0,0,
common,21EB,FUN_CODE_21eb,no,bank1,3,3,0,0,0,1,0,0,
common,2226,FUN_CODE_2226,no,bank1,3,3,0,0,0,1,0,0,
common,23F4,FUN_CODE_23f4,no,bank1,3,3,0,0,0,2,0,0,
common,29CF,FUN_CODE_29cf,no,bank1,3,2,1,0,0,1,0,0,
common,2A35,FUN_CODE_2a35,no,bank1,3,3,0,0,0,3,0,0,
common,2AB9,FUN_CODE_2ab9,no,bank1,3,3,0,0,0,2,0,0,
common,2BCB,FUN_CODE_2bcb,no,bank1,3,1,2,0,0,3,1,0,
common,2D7A,FUN_CODE_2d7a,no,bank1,3,0,3,0,0,1,0,0,
common,3042,FUN_CODE_3042,no,bank1,3,3,0,0,0,3,0,0,
common,30FB,FUN_CODE_30fb,no,bank1,3,3,0,0,0,3,0,0,
common,3609,FUN_CODE_3609,no,bank1,3,3,0,0,0,2,0,0,
common,3B1D,FUN_CODE_3b1d,no,bank1,3,3,0,0,0,1,0,0,
common,3C18,FUN_CODE_3c18,no,bank1,3,3,0,0,0,1,0,0,
common,3C2F,FUN_CODE_3c2f,no,bank1,3,3,0,0,0,1,0,0,
common,3C38,FUN_CODE_3c38,no,bank1,3,3,0,0,0,3,0,0,
common,3C3F,FUN_CODE_3c3f,no,bank1,3,3,0,0,0,3,0,0,
common,3C46,FUN_CODE_3c46,no,bank1,3,3,0,0,0,3,0,0,
common,3C4D,FUN_CODE_3c4d,no,bank1,3,3,0,0,0,3,0,0,
common,3C54,FUN_CODE_3c54,no,bank1,3,3,0,0,0,3,0,0,
common,3C5B,FUN_CODE_3c5b,no,bank1,3,3,0,0,0,3,0,0,
common,4376,FUN_CODE_4376,no,bank1,3,3,0,0,0,2,0,0,
common,4389,FUN_CODE_4389,no,bank1,3,3,0,0,0,3,0,0,
common,4397,FUN_CODE_4397,no,bank1,3,3,0,0,0,1,0,0,
common,4A8F,FUN_CODE_4a8f,no,bank1,3,3,0,0,0,3,1,0,
common,4B44,FUN_CODE_4b44,no,bank1,3,3,0,0,0,1,1,0,
common,6817,FUN_CODE_6817,no,bank1,3,0,0,2,1,3,0,0,
pd,06B1,shl32_16_iters,yes,,3,3,0,0,0,2,2,0,
pd,0BAB,read_byte_by_tag_r3,yes,,3,3,0,0,0,2,2,0,
pd,0D8F,write_two_bytes_at_offset_by_ptr_kind,yes,,3,2,1,0,0,3,3,0,
pd,0FBB,read4_code_to_r4r7,yes,,3,1,2,0,0,3,3,0,
pd,10FD,read3_ptr_kind_dispatch,yes,,3,3,0,0,0,3,3,0,
pd,34C9,copy_a_to_r7_zero_r6,yes,,3,3,0,0,0,3,2,0,
pd,34CC,copy_a_to_r5_r4,yes,,3,3,0,0,0,2,1,0,
pd,34DA,index_5e_fc,yes,,3,3,0,0,0,2,1,0,
pd,3506,set_dptr_0a8b,yes,,3,3,0,0,0,1,0,0,
pd,350B,index_5e_f4,yes,,3,3,0,0,0,3,2,0,
pd,35FF,read_07d2_to_r3,yes,,3,3,0,0,0,1,1,0,
pd,3655,write_dph_call_0faf_return_r7,yes,,3,3,0,0,0,1,1,0,
pd,373C,scaled_lookup_from_07d2,yes,,3,3,0,0,0,1,1,0,
pd,3777,inc32_r4_r7_and_mul_r3_by_5e,yes,,3,3,0,0,0,1,1,0,
pd,393D,write_r7_r5_r3_to_consecutive_xdata,yes,,3,3,0,0,0,3,2,0,
pd,39DE,set_dph_call_1041_r7_03,yes,,3,3,0,0,0,1,1,0,
pd,3A33,store_a_then_multiply_r7_by_5e,yes,,3,3,0,0,0,1,1,0,
pd,6FAD,read_dptr_byte_into_r7,yes,,3,3,0,0,0,3,2,0,
pd,7014,set_dptr_0a86_and_call_10e8,yes,,3,3,0,0,0,2,2,0,
pd,706B,dptr_08e9_plus_5e_times_a,yes,,3,3,0,0,0,1,0,0,
pd,7108,set_dptr_0007_call_1253_tail_jmp_10c8,yes,,3,3,0,0,0,1,1,0,
pd,9087,read_and_increment_32bit,yes,,3,3,0,0,0,2,1,0,
pd,9166,read_xdata_07c9_into_r6,yes,,3,3,0,0,0,1,0,0,
pd,9772,read_xdata_07d4_into_a,yes,,3,3,0,0,0,1,1,0,
pd,9792,clr_carry,yes,,3,3,0,0,0,2,2,0,
pd,97A9,dptr_from_a_mul_17_add_2c,yes,,3,3,0,0,0,1,0,0,
pd,98A1,load_dptr_07d0,yes,,3,3,0,0,0,2,2,0,
pd,98A4,read_xdata_byte,yes,,3,3,0,0,0,1,1,0,
pd,991A,dptr_001d_tail_0d38,yes,,3,3,0,0,0,3,3,0,
pd,A742,load_dptr_be16_from_0abf,yes,,3,3,0,0,0,1,1,0,
pd,ACC0,index_a_by_23_add_0a35,yes,,3,3,0,0,0,2,2,0,
pd,AD1E,call_0faf_then_clear_r3,yes,,3,3,0,0,0,2,2,0,
pd,AD2A,read_xdata_07d1_into_a,yes,,3,3,0,0,0,1,1,0,
pd,AD83,read_07d1_07d2_into_r7_r5,yes,,3,3,0,0,0,1,1,0,
pd,AD8C,read_07d2_into_r7_r5_zero,yes,,3,3,0,0,0,1,1,0,
pd,AD9C,read_07d1_into_r7_r5_zero,yes,,3,3,0,0,0,1,1,0,
pd,ADA4,call_0faf_then_test_r7_bit2,yes,,3,3,0,0,0,3,3,0,
pd,BECB,write_07d6_07d7_07d8_07d9_then_store_07df,yes,,3,3,0,0,0,3,3,0,
pd,EC36,set_or_clear_bits_0_5_via_9028,yes,,3,2,0,1,0,3,2,0,
pd,F1B0,FUN_CODE_f1b0,no,,3,3,0,0,0,2,1,0,
pd,F22E,read_04a3_then_call_9a90,yes,,3,3,0,0,0,3,2,0,
pd,F3EB,dptr_high_r6_low_r3,yes,,3,3,0,0,0,2,1,0,
bank0,1978,trampoline_bank1_a710,yes,,2,2,0,0,0,2,2,0,
bank0,397D,call_3894_then_jmp_2de3,yes,,2,1,1,0,0,2,2,0,
bank0,54C2,dispatch_to_4ecd,yes,,2,1,1,0,0,1,1,0,
bank0,849C,return_trampoline_83ff,yes,,2,0,2,0,0,1,1,0,
bank0,8648,clear_200b,yes,,2,0,2,0,0,2,1,0,
bank0,8B14,FUN_CODE_8b14,no,,2,0,2,0,0,1,1,0,
bank0,8F0F,store_a_to_dptr_then_075c_and_notify,yes,,2,2,0,0,0,1,1,0,
bank0,9041,store_r7_to_0850_then_jump_1648,yes,,2,2,0,0,0,2,2,0,
bank0,98FB,set_0985_bit4,yes,,2,0,2,0,0,1,1,0,
bank0,9A00,copy_dptr_to_088b_and_08bb_to_08ba,yes,,2,0,2,0,0,1,1,0,
bank0,9A0E,mul_div_08ea_then_sub_044b_selected,yes,,2,2,0,0,0,1,0,0,
bank0,A425,shared_return_stub_a425,yes,,2,0,2,0,0,2,2,0,
bank0,AB6D,shared_noop_ret,yes,,2,0,2,0,0,1,1,0,
bank0,AF8A,init_0a48_and_0a59_blocks,yes,,2,2,0,0,0,2,2,0,
bank0,AFCE,copy_0a4b_0a4c_to_079b_079c,yes,,2,2,0,0,0,1,1,0,
bank0,AFF2,call_445e_40_88_then_load_0a49,yes,,2,2,0,0,0,2,2,0,
bank0,B008,read_0a4b_after_call_445e_0c,yes,,2,2,0,0,0,1,1,0,
bank0,B012,read_0a4b_after_call_445e_08,yes,,2,2,0,0,0,2,2,0,
bank0,B01C,read_0a4b_after_call_445e_0c_b01c,yes,,2,2,0,0,0,1,1,0,
bank0,B026,set_dptr_0a4b_after_call_445e_08,yes,,2,2,0,0,0,2,2,0,
bank0,B02F,set_dptr_0a4b_after_call_445e_08_b02f,yes,,2,2,0,0,0,1,1,0,
bank0,B038,read_0a4b_after_call_445e_0c_b038,yes,,2,2,0,0,0,1,1,0,
bank0,B35E,charge_target_minus_r3_times_0a47,yes,,2,0,2,0,0,1,1,0,
bank0,B3E4,call_c470_then_clear_0984_bit0,yes,,2,2,0,0,0,1,1,0,
bank0,B461,zero_96_bytes_at_0f00,yes,,2,2,0,0,0,2,2,0,
bank0,B8F4,test_0770_equals_0c,yes,,2,2,0,0,0,2,2,0,
bank0,B947,load_r3_r7_from_0a48_store_a,yes,,2,2,0,0,0,2,2,0,
bank0,B983,store_a_to_dptr_b983,yes,,2,2,0,0,0,2,2,0,
bank0,B990,read_dptr_byte_then_set_dptr_0792,yes,,2,2,0,0,0,2,2,0,
bank0,B9DF,copy_x1918_to_x0a57,yes,,2,2,0,0,0,2,2,0,
bank0,BA16,store_a_to_08cc_08cd,yes,,2,2,0,0,0,2,1,0,
bank0,BA1C,store_a_to_08ce_08cf,yes,,2,2,0,0,0,1,0,0,
bank0,BA4F,index_code_by_r7_at_0a49_and_0a4b,yes,,2,2,0,0,0,1,1,0,
bank0,BA6F,store_code_byte_to_08c5,yes,,2,2,0,0,0,1,1,0,
bank0,BA74,load_dptr_0a51,yes,,2,2,0,0,0,1,1,0,
bank0,BA77,load_dptr_from_be16_at_dptr,yes,,2,2,0,0,0,2,0,0,
bank0,BABF,read_code_byte_at_r6r7_plus_0460_10,yes,,2,2,0,0,0,1,0,0,
bank0,BAD3,clr_cy,yes,,2,2,0,0,0,1,1,0,
bank0,BADB,load_dptr_08ce,yes,,2,2,0,0,0,1,0,0,
bank0,BAF4,store_r4_and_a_to_xdata_pair,yes,,2,2,0,0,0,2,0,0,
bank0,BAFD,store_a_then_set_bits_1_and_0_of_1900,yes,,2,2,0,0,0,2,1,0,
bank0,BB22,mov_a_c8,yes,,2,2,0,0,0,2,2,0,
bank0,BB6A,fill_0852_0854_with_ff,yes,,2,2,0,0,0,2,2,0,
bank0,BB90,store_be16_a,yes,,2,2,0,0,0,1,1,0,
bank0,BB99,store_a_then_1906_init,yes,,2,2,0,0,0,2,1,0,
bank0,BB9A,init_1906_to_9f,yes,,2,2,0,0,0,2,2,0,
bank0,BBA4,mask_0476_with_1f,yes,,2,2,0,0,0,2,2,0,
bank0,BBAB,clear_084f_bit0,yes,,2,2,0,0,0,1,1,0,
bank0,BBC7,sub_10x_08bd_from_08ce_pair,yes,,2,2,0,0,0,1,0,0,
bank0,BBDE,gpu_temp_minus_code_table_byte,yes,,2,2,0,0,0,2,0,0,
bank0,BBE6,load_dptr_0469,yes,,2,2,0,0,0,2,2,0,
bank0,BBFE,init_0a48_to_40,yes,,2,2,0,0,0,1,1,0,
bank0,BC14,init_0817_081e_081f_read_0815,yes,,2,2,0,0,0,2,2,0,
bank0,BC26,copy_0a53_to_0873_and_0a54_to_087b,yes,,2,2,0,0,0,2,2,0,
bank0,BC37,code_byte_sub_from_044c,yes,,2,2,0,0,0,1,0,0,
bank0,BC3F,store_a_then_clear_0824_bit7_and_0768_bit2,yes,,2,2,0,0,0,2,2,0,
bank0,BC4F,fan_table_base_offset_helper,yes,,2,2,0,0,0,2,2,0,
bank0,BC7B,load_dptr_0a47_then_nothing,yes,,2,2,0,0,0,1,1,0,
bank0,BCBD,dptr_r5_times_2_tail_call_705b,yes,,2,2,0,0,0,1,0,0,
bank0,BCCB,store_be16_of_08e6_and_arg_to_0a47,yes,,2,2,0,0,0,2,2,0,
bank0,BCDA,x0f10_table_indexed_by_0460,yes,,2,2,0,0,0,1,1,0,
bank0,BCE9,read_first_code_byte_pair_frag,yes,,2,2,0,0,0,1,0,0,
bank0,BCF5,stress_headroom,yes,,2,2,0,0,0,2,1,0,
bank0,BD03,clear_0741_bit0_and_08e2_bit4,yes,,2,2,0,0,0,2,2,0,
bank0,BD29,set_r5_and_1_plus_carry_frag,yes,,2,2,0,0,0,1,0,0,
bank0,BD46,be16_08a9_08aa_minus_0321,yes,,2,2,0,0,0,2,1,0,
bank0,BD54,store_be16_b,yes,,2,2,0,0,0,2,2,0,
bank0,BD5D,be16_0464_0465_minus_100,yes,,2,2,0,0,0,1,0,0,
bank0,BD6B,be16_046c_046d_minus_100,yes,,2,2,0,0,0,1,0,0,
bank0,BD7F,store_a_then_tail_call_7110_b6,yes,,2,2,0,0,0,1,1,0,
bank0,BD8B,tier_250_eligible,yes,,2,2,0,0,0,2,2,0,
bank0,BD98,tier_200_eligible,yes,,2,2,0,0,0,1,1,0,
bank0,BDA5,set_cy_fallthrough_to_bda6,yes,,2,2,0,0,0,1,0,0,
bank0,BDAE,copy_x1907_to_x0a57,yes,,2,2,0,0,0,2,2,0,
bank0,BDBA,copy_x190a_to_x0a57,yes,,2,2,0,0,0,2,2,0,
bank0,BDDA,store_code_byte_to_0a49_0a4a,yes,,2,2,0,0,0,1,1,0,
bank0,BDE6,FUN_CODE_bde6,no,,2,2,0,0,0,1,1,0,
bank0,BDF2,gpu_temp_minus_xdata_byte,yes,,2,2,0,0,0,1,1,0,
bank0,BE02,tail_call_7110_with_b4,yes,,2,2,0,0,0,1,1,0,
bank0,BE15,x0449_minus_x08ea_minus_1,yes,,2,2,0,0,0,1,0,0,
bank0,BE5D,add_20_carry_to_r6_r7,yes,,2,2,0,0,0,1,0,0,
bank0,BE68,x0469_minus_x1809,yes,,2,2,0,0,0,1,1,0,
bank0,BE7E,write_9f_to_x1904,yes,,2,2,0,0,0,2,2,0,
bank0,BE88,write_9f_to_x1909,yes,,2,2,0,0,0,2,2,0,
bank0,BEAA,sub_33_from_09e4_low7,yes,,2,2,0,0,0,2,1,0,
bank0,BEB4,dec_dptr_byte_and_set_1804,yes,,2,2,0,0,0,2,2,0,
bank0,BEBE,mod_070a_by_r5,yes,,2,2,0,0,0,1,1,0,
bank0,BEC8,load_code_byte_to_0734,yes,,2,2,0,0,0,1,1,0,
bank0,BED2,load_code_byte_to_0736,yes,,2,2,0,0,0,1,1,0,
bank0,BEDC,load_code_byte_to_08c4,yes,,2,2,0,0,0,1,1,0,
bank0,BEE6,load_code_byte_to_08c6,yes,,2,2,0,0,0,1,1,0,
bank0,BEFE,read_be16_0a48,yes,,2,2,0,0,0,1,1,0,
bank0,BF08,sub_0a4e_against_4d_with_borrow,yes,,2,2,0,0,0,2,2,0,
bank0,BF12,copy_043d_to_09cd_and_return_09cd,yes,,2,2,0,0,0,1,1,0,
bank0,C030,set_1615_40_and_clear_1807,yes,,2,2,0,0,0,2,2,0,
bank0,C066,set_1608_bit5,yes,,2,1,1,0,0,2,2,0,
bank0,C06E,clear_1608_bit5,yes,,2,2,0,0,0,2,2,0,
bank0,C191,set_1603_bit4,yes,,2,1,1,0,0,2,2,0,
bank0,C199,clear_1603_bit4,yes,,2,2,0,0,0,2,2,0,
bank0,C2A2,set_1605_bit5,yes,,2,2,0,0,0,2,2,0,
bank0,C2AA,clear_1605_bit5,yes,,2,1,1,0,0,2,2,0,
bank0,C2FF,set_1606_bit0,yes,,2,2,0,0,0,1,1,0,
bank0,C307,clear_1606_bit0,yes,,2,1,1,0,0,1,1,0,
bank0,C317,clear_1606_bit3,yes,,2,1,1,0,0,1,1,0,
bank0,C363,write_40_to_1641,yes,,2,2,0,0,0,1,1,0,
bank0,C36A,write_80_to_1641,yes,,2,2,0,0,0,1,1,0,
bank0,C371,clear_1607_bit1,yes,,2,2,0,0,0,1,1,0,
bank0,C389,clear_1607_bit2,yes,,2,2,0,0,0,2,0,0,
bank0,C48F,clear_160a_bit0,yes,,2,1,1,0,0,2,2,0,
bank0,C4F8,read_074c_low_nibble,yes,,2,2,0,0,0,1,1,0,
bank0,C9FF,kbd_status_from_0826_low_bits,yes,,2,2,0,0,0,2,0,0,
bank0,CA1D,FUN_CODE_ca1d,no,,2,2,0,0,0,2,0,0,
bank0,CA1E,set_support2_bit5_and_bios_oem2_bit6,yes,,2,2,0,0,0,2,0,0,
bank0,CA2D,clear_kbd_status_bit1_return_0826,yes,,2,2,0,0,0,2,0,0,
bank0,CA44,read_0490_and_leave_dptr_0826,yes,,2,2,0,0,0,2,0,0,
bank0,CFF6,load_stride5_table_word_into_06e8_pair,yes,,2,2,0,0,0,1,1,0,
bank0,D01A,indirect_code_jump_via_stride5_table_6cd9,yes,,2,2,0,0,0,1,1,0,
bank0,D041,read_06e7,yes,,2,2,0,0,0,2,2,0,
bank0,D045,inc_06e7_clear_06ea_eb_read_06e8,yes,,2,2,0,0,0,2,2,0,
bank0,D065,init_1f01_1f06_1f07,yes,,2,2,0,0,0,1,1,0,
bank0,D078,FUN_CODE_d078,no,,2,2,0,0,0,1,1,0,
bank0,D319,mask_dp_byte_7c_reset_dptr_0860,yes,,2,2,0,0,0,2,2,0,
bank0,D3C8,zero_d0_d7_and_state,yes,,2,1,1,0,0,2,2,0,
bank0,D567,set_bits_0_and_4_of_3206,yes,,2,2,0,0,0,1,1,0,
bank0,D5D4,write_33_to_1501_join_loop_d5db,yes,,2,0,1,1,0,2,0,0,
bank0,D6C0,write_5a_to_1f07_then_spin,yes,,2,0,0,0,2,1,1,0,
bank0,D6C9,call_0ea2_twice_with_fa,yes,,2,2,0,0,0,1,0,0,
bank0,D6D4,xor_00d8_00d9,yes,,2,2,0,0,0,2,2,0,
bank0,D6DF,add_d0_to_dptr_low_byte,yes,,2,2,0,0,0,2,2,0,
bank0,D6EA,write_a_to_dptr_set_1f06,yes,,2,2,0,0,0,2,0,0,
bank0,D6EF,write_a_to_dptr_set_1f09,yes,,2,0,0,0,2,1,1,0,
bank0,D872,load_code_ptr_from_table_6d74,yes,,2,2,0,0,0,2,2,0,
bank0,D889,zero_dptr_and_load_regs,yes,,2,2,0,0,0,2,2,0,
bank0,D894,set_dptr_0200_plus_r7,yes,,2,2,0,0,0,2,2,0,
bank0,DB3E,rec_ptr_from_index_6e65,yes,,2,2,0,0,0,1,1,0,
bank0,DB57,stash_code_pair_to_0b7_0b8,yes,,2,2,0,0,0,2,0,0,
bank0,DB6D,store_r7_to_table_addr,yes,,2,2,0,0,0,1,1,0,
bank0,DB8A,copy_code_byte_to_r4_r5,yes,,2,2,0,0,0,2,0,0,
bank0,DC17,write_1201_seq_07_05_30,yes,,2,1,1,0,0,2,2,0,
bank0,DC60,set_bit0_1202_1204_1205,yes,,2,2,0,0,0,2,2,0,
bank0,DC77,clear_bit0_1202_1204_1205,yes,,2,2,0,0,0,2,2,0,
bank0,E02D,mul_r7_by_8,yes,,2,2,0,0,0,2,2,0,
bank0,E03F,set_09c1_09c3_from_dptr,yes,,2,2,0,0,0,2,2,0,
bank0,E161,read_code_pair_at_dptr_into_r2_r1,yes,,2,2,0,0,0,1,0,0,
bank0,E389,load_0434_0438_pairs_mul16_and_tailcall,yes,,2,2,0,0,0,1,1,0,
bank0,E3C4,set_r6_from_a_r7_from_dptr,yes,,2,2,0,0,0,1,1,0,
bank0,E453,copy_bytes_between_two_16bit_bases,yes,,2,2,0,0,0,2,0,0,
bank0,E5B1,forward_e896_with_fixed_args,yes,,2,2,0,0,0,1,1,0,
bank0,E64A,gate_05_09_then_0f80_bit1_clear,yes,,2,2,0,0,0,2,1,0,
bank0,E7C7,r7_zero_ret_2,yes,,2,0,2,0,0,1,1,0,
bank0,E893,r7_zero_ret_3,yes,,2,0,2,0,0,1,1,0,
bank0,EAD1,forward_to_8648_after_1978_c43f,yes,,2,2,0,0,0,2,1,0,
bank0,ED52,write_1c41_12_copy_0a49_0a4a_clear_1601_bit4,yes,,2,0,2,0,0,1,0,0,
bank0,ED74,write_0a59_block_then_445e,yes,,2,2,0,0,0,1,0,0,
bank0,ED9B,call_0ea2_with_0xfa,yes,,2,2,0,0,0,1,0,0,
bank0,F078,store_a_0_1_zeros_at_dptr_plus1,yes,,2,2,0,0,0,2,2,0,
bank0,F0C4,clear_0f60_61_and_set_0a56_block,yes,,2,2,0,0,0,2,2,0,
bank0,F0FE,write_fe_5a_a5_then_read_0fa0,yes,,2,2,0,0,0,2,2,0,
bank0,F141,store_r1_r5_r3_to_103d_103c_103b,yes,,2,2,0,0,0,1,1,0,
bank0,F17E,read_0a51_with_r7_from_0a4e,yes,,2,2,0,0,0,2,1,0,
bank1,1738,trampoline_to_c0a2,yes,,2,2,0,0,0,2,2,0,
bank1,1804,trampoline_to_c48f,yes,,2,2,0,0,0,1,1,0,
bank1,1996,trampoline_to_c4bf,yes,,2,2,0,0,0,2,2,0,
bank1,19AE,trampoline_to_cfa9,yes,,2,2,0,0,0,2,2,0,
bank1,19B4,trampoline_to_c389,yes,,2,2,0,0,0,2,2,0,
bank1,19BA,trampoline_to_c381,yes,,2,2,0,0,0,2,2,0,
bank1,19C0,trampoline_to_c030,yes,,2,2,0,0,0,2,2,0,
bank1,19F6,load_dptr_c478_tail_jump_1100,yes,,2,2,0,0,0,2,2,0,
bank1,1A02,load_dptr_c06e_tail_jump_1100,yes,,2,2,0,0,0,1,1,0,
bank1,1A08,load_dptr_c0ad_tail_jump_1100,yes,,2,2,0,0,0,2,2,0,
bank1,1A0E,load_dptr_c076_tail_jump_1100,yes,,2,2,0,0,0,2,2,0,
bank1,1A32,load_dptr_8567_tail_jump_1100,yes,,2,2,0,0,0,1,1,0,
bank1,1AB0,trampoline_bank0_c26e,yes,,2,2,0,0,0,2,1,0,
bank1,1AB6,trampoline_bank0_c184,yes,,2,2,0,0,0,2,0,0,
bank1,1ABC,trampoline_bank0_c17c,yes,,2,2,0,0,0,2,1,0,
bank1,887A,set_carry_if_r3r4_is_0102,yes,,2,2,0,0,0,2,2,0,
bank1,8B33,return_with_carry_set,yes,,2,0,2,0,0,2,2,0,
bank1,8ECC,select_r4_from_cpu_temp_and_0620_0626,yes,,2,0,2,0,0,1,1,0,
bank1,9182,add_two_xdata_bytes_to_r1r2_and_halve,yes,,2,2,0,0,0,2,0,0,
bank1,9193,store_r1_r2_to_xdata_at_dptr,yes,,2,2,0,0,0,2,0,0,
bank1,95AE,copy_045d_to_0704,yes,,2,2,0,0,0,2,2,0,
bank1,9817,enter_state_0480_05f1_06d9,yes,,2,0,2,0,0,1,1,0,
bank1,9CC0,gate_04fe_06e6_call_19a8,yes,,2,2,0,0,0,2,2,0,
bank1,9EA1,shift_pair_then_sum_and_divide_by_four,yes,,2,2,0,0,0,2,1,0,
bank1,A55C,write_0_to_200b_7_times,yes,,2,2,0,0,0,2,2,0,
bank1,A7F7,flag_0832_bit5_send_12_3b_8c,yes,,2,0,2,0,0,1,1,0,
bank1,A835,write_5_to_0680,yes,,2,0,2,0,0,1,1,0,
bank1,AAB9,write_083c_083d_and_0832_bit6,yes,,2,2,0,0,0,2,1,0,
bank1,AAF9,write_0830_0831_and_0832_bit5,yes,,2,2,0,0,0,2,2,0,
bank1,AE2B,cmp_0436_0437_against_040a_040b,yes,,2,2,0,0,0,2,2,0,
bank1,AE5F,cmp_0436_0437_against_0544_0545,yes,,2,2,0,0,0,2,2,0,
bank1,AE6F,or_r6_into_0496_low5,yes,,2,0,2,0,0,2,2,0,
bank1,AE92,cmp_0436_0437_against_040c_040d,yes,,2,2,0,0,0,2,2,0,
bank1,B0D1,step_index_056b_update_0495_0493,yes,,2,0,2,0,0,1,1,0,
bank1,B2A0,cmp_0404_vs_0518_then_store_0436,yes,,2,2,0,0,0,2,1,0,
bank1,B321,set_0575_8_or_write_0404_and_call_88f0,yes,,2,0,2,0,0,1,0,0,
bank1,B8E1,arm_05f4_countdown_0576_clears_0490,yes,,2,2,0,0,0,1,1,0,
bank1,B962,clear_049a_049e_0579_057a_05c2,yes,,2,2,0,0,0,2,2,0,
bank1,BF93,forward_to_bd20_bf93,yes,,2,0,2,0,0,1,0,0,
bank1,C45C,subtract_shifted_reads_of_0646,yes,,2,2,0,0,0,1,1,0,
bank1,CB80,div_0343_by_31e_shifted_into_03a9,yes,,2,2,0,0,0,2,2,0,
bank1,CBE8,increment_0349_saturating,yes,,2,2,0,0,0,2,1,0,
bank1,D0C4,update_0524_0526_4a0_and_0497_flags,yes,,2,2,0,0,0,2,2,0,
bank1,D22E,call_cdcb_then_d0a6,yes,,2,1,1,0,0,2,2,0,
bank1,D32C,copy_0514_to_03c1_and_set_03a1_bit0,yes,,2,2,0,0,0,2,2,0,
bank1,D34B,bump_counter_mirror_to_04a6_04a7,yes,,2,2,0,0,0,2,2,0,
bank1,D37F,scan_table_03de_down_stride2,yes,,2,2,0,0,0,2,2,0,
bank1,D89C,FUN_CODE_d89c,no,,2,1,1,0,0,1,0,0,
bank1,E27D,reset_1c00_group_and_toggle_03a0,yes,,2,0,2,0,0,2,1,0,
bank1,E8A4,compute_097e_times_10_write_0386_0387,yes,,2,2,0,0,0,2,0,0,
bank1,E924,read_code_pair_at_r5_index,yes,,2,2,0,0,0,1,1,0,
bank1,F13E,bare_ret_f13e,yes,,2,0,2,0,0,2,2,0,
bank1,F153,bare_ret_f153,yes,,2,0,2,0,0,2,2,0,
common,05F2,FUN_CODE_05f2,no,bank1,2,2,0,0,0,2,0,0,
common,05FA,FUN_CODE_05fa,no,bank1,2,2,0,0,0,2,0,0,
common,063C,FUN_CODE_063c,no,bank1,2,2,0,0,0,1,0,0,
common,0896,FUN_CODE_0896,no,bank1,2,1,1,0,0,2,0,0,
common,0A5A,FUN_CODE_0a5a,no,bank1,2,1,1,0,0,2,0,0,
common,0C6D,FUN_CODE_0c6d,no,bank1,2,2,0,0,0,2,0,0,
common,0C7A,clear_low_nibble_of_1304,yes,bank1,2,2,0,0,0,2,0,0,
common,0E84,FUN_CODE_0e84,no,bank1,2,2,0,0,0,2,0,0,
common,0EE8,timer1_load_th1_fd_tl0_clear_tf1_start,yes,bank1,2,2,0,0,0,2,2,0,
common,1059,FUN_CODE_1059,no,bank1,2,2,0,0,0,2,0,0,
common,110A,set_iram_08_0a_clear_p1_0_p1_2,yes,bank1,2,2,0,0,0,2,1,0,
common,15E8,FUN_CODE_15e8,no,bank1,2,2,0,0,0,2,0,0,
common,1AC2,FUN_CODE_1ac2,no,bank1,2,2,0,0,0,2,0,0,
common,1CD1,FUN_CODE_1cd1,no,bank1,2,0,2,0,0,2,0,0,
common,21DF,FUN_CODE_21df,no,bank1,2,2,0,0,0,1,0,0,
common,21E2,FUN_CODE_21e2,no,bank1,2,2,0,0,0,1,0,0,
common,2211,FUN_CODE_2211,no,bank1,2,2,0,0,0,1,0,0,
common,2812,FUN_CODE_2812,no,bank1,2,1,0,1,0,2,0,0,
common,2A24,FUN_CODE_2a24,no,bank1,2,2,0,0,0,1,0,0,
common,2A28,FUN_CODE_2a28,no,bank1,2,2,0,0,0,2,0,0,
common,2A42,FUN_CODE_2a42,no,bank1,2,2,0,0,0,2,0,0,
common,2A4F,FUN_CODE_2a4f,no,bank1,2,2,0,0,0,1,0,0,
common,2A54,FUN_CODE_2a54,no,bank1,2,2,0,0,0,1,0,0,
common,2A5B,FUN_CODE_2a5b,no,bank1,2,2,0,0,0,1,0,0,
common,2A7B,FUN_CODE_2a7b,no,bank1,2,2,0,0,0,1,0,0,
common,2A8F,FUN_CODE_2a8f,no,bank1,2,2,0,0,0,2,0,0,
common,2A99,FUN_CODE_2a99,no,bank1,2,2,0,0,0,2,0,0,
common,2AA2,FUN_CODE_2aa2,no,bank1,2,2,0,0,0,1,0,0,
common,2AC1,FUN_CODE_2ac1,no,bank1,2,2,0,0,0,2,0,0,
common,2D85,FUN_CODE_2d85,no,bank1,2,2,0,0,0,1,0,0,
common,322C,FUN_CODE_322c,no,bank1,2,0,2,0,0,1,0,0,
common,3255,FUN_CODE_3255,no,bank1,2,2,0,0,0,1,0,0,
common,36AF,FUN_CODE_36af,no,bank1,2,2,0,0,0,1,0,0,
common,3799,FUN_CODE_3799,no,bank1,2,2,0,0,0,2,0,0,
common,3B60,FUN_CODE_3b60,no,bank1,2,2,0,0,0,1,0,0,
common,3B79,FUN_CODE_3b79,no,bank1,2,2,0,0,0,1,0,0,
common,3B7B,FUN_CODE_3b7b,no,bank1,2,2,0,0,0,1,0,0,
common,3B8A,FUN_CODE_3b8a,no,bank1,2,2,0,0,0,2,0,0,
common,3BBF,FUN_CODE_3bbf,no,bank1,2,2,0,0,0,2,0,0,
common,3BD0,FUN_CODE_3bd0,no,bank1,2,2,0,0,0,2,0,0,
common,3BE4,FUN_CODE_3be4,no,bank1,2,2,0,0,0,1,0,0,
common,3C00,FUN_CODE_3c00,no,bank1,2,2,0,0,0,1,0,0,
common,3C03,FUN_CODE_3c03,no,bank1,2,2,0,0,0,1,0,0,
common,3C21,FUN_CODE_3c21,no,bank1,2,2,0,0,0,2,0,0,
common,3DA8,FUN_CODE_3da8,no,bank1,2,2,0,0,0,2,0,0,
common,434C,FUN_CODE_434c,no,bank1,2,2,0,0,0,2,0,0,
common,437E,FUN_CODE_437e,no,bank1,2,2,0,0,0,2,0,0,
common,4390,FUN_CODE_4390,no,bank1,2,2,0,0,0,2,0,0,
common,46F9,FUN_CODE_46f9,no,bank1,2,0,2,0,0,1,0,0,
common,4947,FUN_CODE_4947,no,bank1,2,2,0,0,0,1,0,0,
common,4A5A,FUN_CODE_4a5a,no,bank1,2,2,0,0,0,2,0,0,
common,4A5E,FUN_CODE_4a5e,no,bank1,2,2,0,0,0,2,0,0,
common,4A77,FUN_CODE_4a77,no,bank1,2,2,0,0,0,1,0,0,
common,4A83,FUN_CODE_4a83,no,bank1,2,2,0,0,0,1,0,0,
common,4AD1,FUN_CODE_4ad1,no,bank1,2,2,0,0,0,2,0,0,
common,4AD3,FUN_CODE_4ad3,no,bank1,2,2,0,0,0,2,0,0,
common,4ADF,FUN_CODE_4adf,no,bank1,2,2,0,0,0,2,0,0,
common,4AEC,FUN_CODE_4aec,no,bank1,2,2,0,0,0,2,0,0,
common,4B02,FUN_CODE_4b02,no,bank1,2,2,0,0,0,1,0,0,
common,4B29,FUN_CODE_4b29,no,bank1,2,2,0,0,0,1,0,0,
common,4B37,FUN_CODE_4b37,no,bank1,2,2,0,0,0,1,0,0,
common,4B4C,FUN_CODE_4b4c,no,bank1,2,2,0,0,0,2,0,0,
common,6243,FUN_CODE_6243,no,bank1,2,0,0,2,0,2,0,0,
common,6F8D,FUN_CODE_6f8d,no,bank1,2,0,0,2,0,1,0,0,
common,7030,FUN_CODE_7030,no,bank1,2,2,0,0,0,1,0,0,
pd,00F0,vector_wrapper_dp_015a,yes,,2,0,1,1,0,2,1,0,
pd,0180,dispatch_r5_write_083b_0300,yes,,2,2,0,0,0,2,1,0,
pd,05A6,mul32_accumulate_r4_r7,yes,,2,2,0,0,0,2,2,0,
pd,0760,saturate_r4_from_d5_r5_80,yes,,2,0,2,0,0,1,1,0,
pd,0C7A,mul_r7_r5_r4_into_r6r7,yes,,2,1,1,0,0,2,1,0,
pd,0C8C,div_u16_by_u16_or_u8,yes,,2,0,2,0,0,2,2,0,
pd,0D0D,read_two_bytes_by_ptr_kind,yes,,2,2,0,0,0,2,1,0,
pd,0D70,write_two_bytes_by_ptr_kind,yes,,2,1,1,0,0,2,1,0,
pd,0E54,udiv_shift_subtract_core,yes,,2,1,1,0,0,1,1,0,
pd,0EF3,or_32bit_r0r3_r4r7,yes,,2,2,0,0,0,1,1,0,
pd,0F32,shl_32bit_r4r7_by_r0,yes,,2,2,0,0,0,1,1,0,
pd,1229,load_dptr_then_indirect_jump,yes,,2,0,2,0,0,2,1,0,
pd,1253,add_word_0d0e_to_dptr,yes,,2,2,0,0,0,2,2,0,
pd,34CE,copy_a_to_r3,yes,,2,2,0,0,0,2,2,0,
pd,34D9,read_xdata_at_dptr_34d9,yes,,2,2,0,0,0,2,1,0,
pd,34EF,set_dptr_0424,yes,,2,2,0,0,0,2,1,0,
pd,34FB,read_byte_to_r7_base_0408,yes,,2,2,0,0,0,1,1,0,
pd,35E8,dptr_0400_plus_60a,yes,,2,2,0,0,0,2,2,0,
pd,3689,read_0a8b_then_tail_10bc,yes,,2,2,0,0,0,1,0,0,
pd,36E6,call_0f1f_then_fall_through,yes,,2,2,0,0,0,1,0,0,
pd,36F2,setup_3byte_store_r3r2r1_at_0807,yes,,2,2,0,0,0,1,0,0,
pd,3750,call_0faf_0f00_then_jump_0dbc,yes,,2,2,0,0,0,2,2,0,
pd,37DE,scale_dptr_from_dptr_byte_5e_f5,yes,,2,2,0,0,0,1,0,0,
pd,3872,load_r0_r1_r2_r3_04_05_06_07,yes,,2,2,0,0,0,2,2,0,
pd,396B,read4xdata_and_clear_r7_bit0,yes,,2,2,0,0,0,2,1,0,
pd,3974,set_dptr_07fb_then_fall_through,yes,,2,2,0,0,0,1,0,0,
pd,68CE,store_a_and_copy_07f4_masked_to_07f5,yes,,2,2,0,0,0,1,0,0,
pd,6F96,call_122f_with_dptr_fffd_6f96,yes,,2,2,0,0,0,2,2,0,
pd,6FD4,set_r5_then_fall_through,yes,,2,2,0,0,0,1,1,0,
pd,700D,read_xdata_080d_and_set_r3_ff,yes,,2,2,0,0,0,1,1,0,
pd,7045,set_dptr_fffd_and_call_122f,yes,,2,2,0,0,0,1,1,0,
pd,7063,call_1041_then_point_dptr_07d4,yes,,2,2,0,0,0,1,1,0,
pd,7091,read_07d4_into_a,yes,,2,2,0,0,0,1,0,0,
pd,7095,dptr_08ea_plus_5e_times_a,yes,,2,2,0,0,0,1,0,0,
pd,70BB,dpl_08f4_plus_5e_times_a_low_only,yes,,2,2,0,0,0,2,2,0,
pd,70C7,store_a_to_dptr,yes,,2,2,0,0,0,1,1,0,
pd,70D7,read_dptr_to_r3_then_dptr_08fc,yes,,2,2,0,0,0,2,1,0,
pd,70E7,call_0fcb_then_tail_jmp_0f0e,yes,,2,2,0,0,0,1,1,0,
pd,70F8,read_dptr_to_r7_then_dptr_08f9,yes,,2,2,0,0,0,2,2,0,
pd,714F,dptr_0a2d_plus_17_times_a,yes,,2,2,0,0,0,1,1,0,
pd,715E,dptr_08e4_plus_5e_times_a,yes,,2,2,0,0,0,2,2,0,
pd,716C,dptr_08e3_plus_5e_times_a,yes,,2,2,0,0,0,2,2,0,
pd,718D,store_a_to_dptr_and_zero_r2_r3,yes,,2,2,0,0,0,2,2,0,
pd,7753,call_f75c_with_07d1,yes,,2,2,0,0,0,1,1,0,
pd,775C,call_e4d0_return_r7,yes,,2,2,0,0,0,1,1,0,
pd,7E91,reload_0a8b_call_f75c,yes,,2,2,0,0,0,1,0,0,
pd,8210,call_dc29_with_07d4,yes,,2,2,0,0,0,1,1,0,
pd,8716,call_f22e_with_07d0,yes,,2,2,0,0,0,1,1,0,
pd,8BC0,call_f739_then_read_07d1,yes,,2,2,0,0,0,1,0,0,
pd,8EA6,call_7ce0_with_r5_0b,yes,,2,2,0,0,0,1,1,0,
pd,9021,stub_set_r4_07,yes,,2,2,0,0,0,2,1,0,
pd,9023,make_dptr_r4_minus_3,yes,,2,2,0,0,0,2,1,0,
pd,9066,make_dptr_a_minus_3_col_12,yes,,2,2,0,0,0,2,1,0,
pd,907E,make_dptr_r6_minus_3_col_r5,yes,,2,2,0,0,0,2,1,0,
pd,909A,read_bit0_of_08fc_row,yes,,2,2,0,0,0,1,1,0,
pd,90D6,read_table_08f4_step_5e_minus_1,yes,,2,2,0,0,0,2,1,0,
pd,9106,read_xdata_0a2c_step_17,yes,,2,2,0,0,0,1,1,0,
pd,911C,read_xdata_07ca_into_r6,yes,,2,2,0,0,0,1,1,0,
pd,9123,dpl_090d_plus_5e_times_a,yes,,2,2,0,0,0,1,0,0,
pd,912F,dpl_0931_plus_5e_times_a,yes,,2,2,0,0,0,1,0,0,
pd,9147,dpl_0929_plus_5e_times_a,yes,,2,2,0,0,0,1,1,0,
pd,915E,load_r5_then_write_via_915f,yes,,2,2,0,0,0,1,1,0,
pd,96FE,read_dptr_to_a_then_scale,yes,,2,2,0,0,0,1,1,0,
pd,972B,dptr_07d4_then_fall_through,yes,,2,2,0,0,0,1,1,0,
pd,973C,dptr_07d1_then_tail_0faf,yes,,2,2,0,0,0,1,0,0,
pd,9740,dptr_from_a_mul_5e_add_fc_tail_jump_0faf,yes,,2,2,0,0,0,2,2,0,
pd,9750,load_a_from_r7_9750,yes,,2,2,0,0,0,1,0,0,
pd,975F,read_xdata_07d4_into_r3,yes,,2,2,0,0,0,1,1,0,
pd,9764,dptr_from_a_mul_17_add_17_first_half,yes,,2,2,0,0,0,2,1,0,
pd,9784,call_0faf_0f00_0dbc_then_r3_23,yes,,2,2,0,0,0,2,1,0,
pd,97B8,load_a_from_r7_97b8,yes,,2,2,0,0,0,1,0,0,
pd,97C7,dptr_page_sel_from_r6_minus_3_first_half,yes,,2,2,0,0,0,1,0,0,
pd,97D5,dptr_from_a_mul_5e_add_04_tail_jump_0faf,yes,,2,2,0,0,0,2,2,0,
pd,97E5,test_r7_bit_5,yes,,2,2,0,0,0,1,0,0,
pd,97E8,clear_r4_r5_r6_return_a,yes,,2,2,0,0,0,1,1,0,
pd,97EF,dptr_from_a_mul_17_add_23_first_half,yes,,2,2,0,0,0,1,0,0,
pd,97FB,dptr_from_a_mul_17_add_28,yes,,2,2,0,0,0,2,1,0,
pd,982F,call_0faf_0f00_0dbc_return_zero,yes,,2,2,0,0,0,2,2,0,
pd,984D,call_0eeae,yes,,2,2,0,0,0,2,2,0,
pd,9885,set_multiplier_2,yes,,2,2,0,0,0,2,2,0,
pd,98AD,call_0d8f_then_take_r7,yes,,2,2,0,0,0,2,2,0,
pd,98BE,load_dptr_0004,yes,,2,2,0,0,0,2,2,0,
pd,98DF,store_a_to_r2,yes,,2,2,0,0,0,1,1,0,
pd,98E0,add_5_to_r2r1,yes,,2,2,0,0,0,2,2,0,
pd,9936,add_r6r7_to_r1r2_tail_0c58,yes,,2,2,0,0,0,2,2,0,
pd,9958,call_10fd_then_dptr_0007,yes,,2,2,0,0,0,1,1,0,
pd,995F,dptr_0021_tail_0c58,yes,,2,2,0,0,0,1,1,0,
pd,9975,call_10fd_dptr_0004_tail_0bc4,yes,,2,2,0,0,0,1,1,0,
pd,9ADD,set_dptr_0d0e_9add,yes,,2,2,0,0,0,1,1,0,
pd,A339,stash_args_dispatch_code_table,yes,,2,2,0,0,0,2,0,0,
pd,A75D,shift_r4_r7_right_then_sub_0x30,yes,,2,2,0,0,0,1,1,0,
pd,ACB7,load_r0_r3_4_5_6_7,yes,,2,2,0,0,0,2,2,0,
pd,ACD3,index_a_by_23_add_0a2c,yes,,2,2,0,0,0,2,1,0,
pd,ACE1,set_dptr_07d1,yes,,2,2,0,0,0,1,1,0,
pd,ACE4,read_xdata_to_r3,yes,,2,2,0,0,0,2,2,0,
pd,ACF4,write_r7_to_dptr,yes,,2,2,0,0,0,2,2,0,
pd,AD10,dptr_0900_plus_5e_times_xdata_byte,yes,,2,2,0,0,0,2,2,0,
pd,AD2E,dptr_0a39_plus_17_times_a,yes,,2,2,0,0,0,1,1,0,
pd,AD3C,set_dptr_07d0,yes,,2,2,0,0,0,1,1,0,
pd,AD67,dptr_08fb_plus_5e_times_a,yes,,2,2,0,0,0,2,1,0,
pd,AD75,dptr_0a3d_plus_17_times_a,yes,,2,2,0,0,0,1,1,0,
pd,B159,store_first_handoff_helper,yes,,2,2,0,0,0,2,2,0,
pd,B172,read_dptr_byte_to_r7_then_add_b0,yes,,2,2,0,0,0,1,0,0,
pd,B17D,write_dptr_byte_set_00bd_bit0_clear_ff62_bit3,yes,,2,2,0,0,0,1,0,0,
pd,B1E3,read_xdata_0800_table_stride_77,yes,,2,2,0,0,0,1,1,0,
pd,B21E,read_xdata_at_r6r7_minus_3,yes,,2,2,0,0,0,1,1,0,
pd,B2A6,mov_a_from_r7,yes,,2,2,0,0,0,1,0,0,
pd,B2F7,read3_from_dptr_then_set_dptr_0002,yes,,2,2,0,0,0,1,0,0,
pd,B2FE,read_0832_and_multiply_by_38,yes,,2,2,0,0,0,1,1,0,
pd,B3ED,write_r7_at_0d0d_then_load_0d0b,yes,,2,2,0,0,0,2,1,0,
pd,B80E,write_r7_and_r3r2r1_to_0803,yes,,2,2,0,0,0,1,0,0,
pd,BBE7,branch_on_ram_r5_then_set_indirect_bits,yes,,2,2,0,0,0,2,2,0,
pd,C20C,cmp32be_0827_against_00001388,yes,,2,2,0,0,0,1,0,0,
pd,C398,set_r7_r5_from_iram_then_read_07d0,yes,,2,2,0,0,0,1,1,0,
pd,C62B,write_00b8_pattern_then_copy_ffc0_to_00d5,yes,,2,2,0,0,0,2,2,0,
pd,C755,latch_07d2_07d3_then_zero_23_bytes,yes,,2,1,1,0,0,2,1,0,
pd,C901,dispatch_on_r3_then_add_product_to_0699,yes,,2,2,0,0,0,1,1,0,
pd,CCB7,store_0a94_0a97_then_add_0a94_times_60,yes,,2,2,0,0,0,2,2,0,
pd,D013,latch_07d4_07d5_and_call_7014_with_63_or_6c,yes,,2,2,0,0,0,2,2,0,
pd,E458,store_07d8_and_dispatch_07da,yes,,2,2,0,0,0,2,2,0,
pd,E4D0,dptr_fffe_then_122f_at_e4d0,yes,,2,2,0,0,0,2,2,0,
pd,E5B3,store_080e_and_accumulate_r6,yes,,2,0,2,0,0,2,2,0,
pd,F035,stage_07d6_chain_tail_f351,yes,,2,1,1,0,0,2,1,0,
pd,F3E0,unresolved_0xF3E0,yes,,2,2,0,0,0,2,1,0,
pd,F3E2,dptr_high_r6_low_a,yes,,2,2,0,0,0,2,1,0,
pd,F407,zero_084c_call_8814_821b,yes,,2,2,0,0,0,2,2,0,
pd,F4EE,return_1_if_dptr_byte_ge_02,yes,,2,2,0,0,0,2,1,0,
pd,F50E,set_bits_6_7_from_r5,yes,,2,2,0,0,0,2,1,0,
pd,F598,set_00bd_bit1_clear_ff42_bit7,yes,,2,2,0,0,0,2,2,0,
pd,F5D1,set_ff42_bit7_if_00bd_zero,yes,,2,2,0,0,0,1,1,0,
pd,F610,store_r7r5r3_to_080d,yes,,2,2,0,0,0,2,1,0,
pd,F65E,call_ec5e_if_6faf_zero,yes,,2,2,0,0,0,2,1,0,
bank0,1648,load_dptr_aa30_tail_jump_1114,yes,,1,0,1,0,0,1,1,0,
bank0,164E,load_dptr_a916_tail_jump_1114,yes,,1,1,0,0,0,1,1,0,
bank0,1654,load_dptr_f381_tail_jump_1114,yes,,1,1,0,0,0,1,1,0,
bank0,1660,load_dptr_f160_tail_jump_1114,yes,,1,1,0,0,0,1,1,0,
bank0,1666,load_dptr_896a_tail_jump_1114,yes,,1,0,1,0,0,1,1,0,
bank0,166C,load_dptr_8955_tail_jump_1114,yes,,1,1,0,0,0,1,1,0,
bank0,1672,load_dptr_e56f_tail_jump_1114,yes,,1,1,0,0,0,1,1,0,
bank0,18AC,load_dptr_83f8_tail_jump_1114,yes,,1,1,0,0,0,1,1,0,
bank0,18B2,load_dptr_81c5_tail_jump_1114,yes,,1,0,1,0,0,1,1,0,
bank0,18B8,load_dptr_823a_tail_jump_1114,yes,,1,0,1,0,0,1,1,0,
bank0,18BE,load_dptr_8261_tail_jump_1114,yes,,1,0,1,0,0,1,1,0,
bank0,18C4,load_dptr_818a_tail_jump_1114,yes,,1,0,1,0,0,1,1,0,
bank0,1906,load_dptr_8652_tail_jump_1114,yes,,1,0,1,0,0,1,1,0,
bank0,1936,load_dptr_9f01_tail_jump_1114,yes,,1,0,1,0,0,1,1,0,
bank0,1948,load_dptr_a694_tail_jump_1114,yes,,1,0,1,0,0,1,1,0,
bank0,194E,load_dptr_a69f_tail_jump_1114,yes,,1,0,1,0,0,1,1,0,
bank0,1954,load_dptr_92f7_tail_jump_1114,yes,,1,0,1,0,0,1,1,0,
bank0,197E,trampoline_bank1_a6f7,yes,,1,1,0,0,0,1,0,0,
bank0,3AD6,write_10_2007_clear_1302_set_1300,yes,,1,1,0,0,0,1,1,0,
bank0,530E,stage_009a_dispatch_to_4bb0,yes,,1,1,0,0,0,1,1,0,
bank0,5349,dispatch_to_4c5d,yes,,1,1,0,0,0,1,1,0,
bank0,537F,stage_0094_block_dispatch_4d96,yes,,1,1,0,0,0,1,1,0,
bank0,53AF,stage_009b_block_branch_dispatch,yes,,1,1,0,0,0,1,1,0,
bank0,541D,stage_009b_block_dispatch_51c8,yes,,1,0,1,0,0,1,1,0,
bank0,703D,read_byte_by_tag_r3,yes,,1,0,1,0,0,1,1,0,
bank0,7049,write_byte_by_tag_r3,yes,,1,1,0,0,0,1,1,0,
bank0,705B,write_byte_offset_by_tag_r3,yes,,1,0,1,0,0,1,1,0,
bank0,724B,normalize_sign_pair_4byte,yes,,1,0,1,0,0,1,0,0,
bank0,8398,return_trampoline_8294,yes,,1,0,1,0,0,1,0,0,
bank0,8399,FUN_CODE_8399,no,,1,1,0,0,0,1,0,0,
bank0,83D6,ring_push_0990,yes,,1,0,1,0,0,1,1,0,
bank0,8939,store_200_via_dptr_then_8f09,yes,,1,0,1,0,0,1,1,0,
bank0,893E,store_a_via_dptr_then_jump_8f09,yes,,1,0,1,0,0,1,1,0,
bank0,8C46,ramp_1804_1809_toward_0461_0469,yes,,1,0,1,0,0,1,1,0,
bank0,8F09,copy_dptr_byte_to_075c,yes,,1,0,1,0,0,1,1,0,
bank0,8F0E,return_trampoline,yes,,1,0,1,0,0,1,1,0,
bank0,8FDB,state_0817_fallthrough,yes,,1,0,1,0,0,1,1,0,
bank0,902A,write_2_to_0817,yes,,1,0,1,0,0,1,1,0,
bank0,948D,code_byte_to_0a4a_then_push_r7,yes,,1,0,1,0,0,1,1,0,
bank0,94AF,store_r7_to_098c_and_0463,yes,,1,0,0,0,1,1,1,0,
bank0,94C0,set_07c4_bit4_from_r7,yes,,1,1,0,0,0,1,1,0,
bank0,95DD,fill_08xx_from_code_table,yes,,1,0,1,0,0,1,1,0,
bank0,9902,clamp_08ac_up_to_08bb,yes,,1,0,1,0,0,1,1,0,
bank0,9917,dispatch_on_0a50,yes,,1,0,1,0,0,1,1,0,
bank0,99A7,clamp_0a53_0a54_down_to_08c4_08c5,yes,,1,0,1,0,0,1,1,0,
bank0,99ED,copy_08c7_08c8_08c9_into_087x,yes,,1,0,1,0,0,1,1,0,
bank0,9A7B,store_bd20_result_masked_7f,yes,,1,0,1,0,0,1,0,0,
bank0,9A86,call_ba15_then_write_02_to_044b,yes,,1,0,1,0,0,1,1,0,
bank0,9A90,call_bd20_with_03_then_or_80_into_dptr,yes,,1,0,1,0,0,1,1,0,
bank0,9A9C,write_04_to_044b_and_set_08e2_bit7,yes,,1,0,1,0,0,1,0,0,
bank0,9BFD,forward_to_9a86,yes,,1,0,1,0,0,1,0,0,
bank0,9C00,clear_09e9_unless_0743_bit2,yes,,1,0,1,0,0,1,0,0,
bank0,9C1D,clear_two_bytes_at_dptr_then_9a90,yes,,1,0,1,0,0,1,0,0,
bank0,9D9A,shared_return_stub_9d9a,yes,,1,0,1,0,0,1,1,0,
bank0,9D9B,compute_level_blocks_086b_086c_086e,yes,,1,1,0,0,0,1,1,0,
bank0,A139,FUN_CODE_a139,no,,1,0,1,0,0,1,1,0,
bank0,A169,clear_0983_bit1_then_0xa1c8,yes,,1,0,1,0,0,1,1,0,
bank0,A172,clear_08a9_08aa_then_0xa1c8,yes,,1,0,1,0,0,1,1,0,
bank0,A1A8,set_state_bytes_then_0xa1c8,yes,,1,0,1,0,0,1,1,0,
bank0,A4D6,zero_1803_1805_1808_then_set_0852_0854_to_ff,yes,,1,1,0,0,0,1,1,0,
bank0,AA90,call_2990_1e1a_fixed_sequence,yes,,1,1,0,0,0,1,1,0,
bank0,AB9E,set_0751_and_07a6_bits,yes,,1,1,0,0,0,1,1,0,
bank0,ADAE,dispatch_on_0a47,yes,,1,0,1,0,0,1,1,0,
bank0,AE6D,set_08ec_bit0_clear_bit4,yes,,1,0,1,0,0,1,1,0,
bank0,AE79,set_08ec_bit4_clear_bit0,yes,,1,0,1,0,0,1,1,0,
bank0,AE87,build_0791_0793_0794_then_branch,yes,,1,0,1,0,0,1,1,0,
bank0,AEC0,build_0795_0799_then_set_08ec,yes,,1,0,1,0,0,1,1,0,
bank0,AF27,fill_0790_0791_0793_via_calls,yes,,1,0,1,0,0,1,1,0,
bank0,AF66,set_08ec_bit1_clear_bit5,yes,,1,0,1,0,0,1,1,0,
bank0,AF72,set_08ec_bit5_clear_bit1,yes,,1,0,1,0,0,1,1,0,
bank0,B053,clear_16f1_bit5_then_store_0x80_pair,yes,,1,1,0,0,0,1,1,0,
bank0,B112,check_0xB112,yes,,1,1,0,0,0,1,1,0,
bank0,B40C,zero_xdata_block_ptr_r6r7_count_r4r5,yes,,1,0,1,0,0,1,1,0,
bank0,B5B2,clear_08eb_bit5_09e6_09e7_08a1_089c_089d,yes,,1,0,1,0,0,1,0,0,
bank0,B5CC,store_a_to_089c_and_089d,yes,,1,0,1,0,0,1,0,0,
bank0,B716,clear_08eb_bit3_09e6_09e7_08a2_089e_089f,yes,,1,0,1,0,0,1,0,0,
bank0,B730,store_a_to_089e_and_089f,yes,,1,0,1,0,0,1,0,0,
bank0,B82E,clear_08eb_bit6_and_zero_08a0,yes,,1,0,1,0,0,1,0,0,
bank0,B8CD,test_0770_equals_08,yes,,1,1,0,0,0,1,1,0,
bank0,B8DA,test_0770_equals_18,yes,,1,1,0,0,0,1,1,0,
bank0,B8E7,test_0770_equals_09,yes,,1,1,0,0,0,1,1,0,
bank0,B91B,test_0770_equals_0e,yes,,1,1,0,0,0,1,1,0,
bank0,B995,load_r3_r7_from_0a48_0a49,yes,,1,1,0,0,0,1,1,0,
bank0,B9EE,store_a_then_read_be16,yes,,1,1,0,0,0,1,0,0,
bank0,BA46,clear_low_nibble_07d3,yes,,1,1,0,0,0,1,1,0,
bank0,BAD4,sub_input_from_cpu_temp_043e,yes,,1,1,0,0,0,1,1,0,
bank0,BAE7,load_r6_r7_from_04a3_04a2,yes,,1,1,0,0,0,1,1,0,
bank0,BB08,store_a_then_set_bit0_1901,yes,,1,1,0,0,0,1,1,0,
bank0,BB24,store_a_to_1804,yes,,1,1,0,0,0,1,1,0,
bank0,BB28,copy_dptr_byte_to_075b_then_set_dptr_1809,yes,,1,1,0,0,0,1,1,0,
bank0,BB39,sub_low_byte_0a49,yes,,1,1,0,0,0,1,1,0,
bank0,BB56,cpu_temp_minus_code_table_byte,yes,,1,1,0,0,0,1,0,0,
bank0,BB60,FUN_CODE_bb60,no,,1,1,0,0,0,1,1,0,
bank0,BB78,zero_0855_0856,yes,,1,1,0,0,0,1,0,0,
bank0,BB88,sub_19_from_0857,yes,,1,1,0,0,0,1,1,0,
bank0,BBE9,set_cy_before_0461_sub,yes,,1,1,0,0,0,1,1,0,
bank0,BBEA,sub_0469_from_0461,yes,,1,1,0,0,0,1,1,0,
bank0,BC06,set_0a49_to_1_and_clear_0a4b,yes,,1,1,0,0,0,1,1,0,
bank0,BC7E,store_a_then_read_086c_set_cy,yes,,1,1,0,0,0,1,1,0,
bank0,BCB1,load_dptr_08e1_and_a_06_then_nothing,yes,,1,1,0,0,0,1,1,0,
bank0,BCB6,store_a_then_clear_08e0,yes,,1,1,0,0,0,1,1,0,
bank0,BCEE,dptr_from_code_be16,yes,,1,1,0,0,0,1,0,0,
bank0,BD2D,sub16_r6r7_minus_r4r5,yes,,1,1,0,0,0,1,1,0,
bank0,BDA6,sub_code_byte_from_x0875,yes,,1,1,0,0,0,1,0,0,
bank0,BDC6,copy_x190d_to_x0a57,yes,,1,1,0,0,0,1,1,0,
bank0,BE21,write_a_to_x1805_and_x1808,yes,,1,1,0,0,0,1,1,0,
bank0,BE73,write_a_then_zero_at_0a47_0a48,yes,,1,1,0,0,0,1,0,0,
bank0,BE92,write_9f_to_x190c,yes,,1,1,0,0,0,1,1,0,
bank0,BEF7,set_089a_to_3c,yes,,1,1,0,0,0,1,1,0,
bank0,C016,clear_1610,yes,,1,1,0,0,0,1,1,0,
bank0,C01C,set_1610_40_and_clear_1601_bit0,yes,,1,1,0,0,0,1,1,0,
bank0,C124,set_1602_bit2,yes,,1,1,0,0,0,1,1,0,
bank0,C12C,clear_1602_bit2,yes,,1,0,1,0,0,1,1,0,
bank0,C15C,clear_1602_bit7,yes,,1,1,0,0,0,1,1,0,
bank0,C1B1,test_1663_bit6,yes,,1,1,0,0,0,1,1,0,
bank0,C1BE,test_1663_bit6_inverted,yes,,1,1,0,0,0,1,1,0,
bank0,C1CB,test_1603_bit5,yes,,1,1,0,0,0,1,1,0,
bank0,C1E7,test_1664_bit0,yes,,1,1,0,0,0,1,1,0,
bank0,C224,test_1604_bit3,yes,,1,1,0,0,0,1,1,0,
bank0,C25E,clear_1605_bit1,yes,,1,1,0,0,0,1,1,0,
bank0,C266,set_1605_bit1,yes,,1,1,0,0,0,1,1,0,
bank0,C2BA,set_1605_bit6,yes,,1,1,0,0,0,1,1,0,
bank0,C2F7,set_1606_bit2,yes,,1,1,0,0,0,1,1,0,
bank0,C30F,set_1606_bit3,yes,,1,1,0,0,0,1,1,0,
bank0,C349,test_1667_bit0,yes,,1,1,0,0,0,1,1,0,
bank0,C356,test_1667_bit0_inverted,yes,,1,1,0,0,0,1,1,0,
bank0,C39E,set_1607_bit6,yes,,1,1,0,0,0,1,1,0,
bank0,C3A6,FUN_CODE_c3a6,no,,1,1,0,0,0,1,1,0,
bank0,C3AE,route_074c_nibble_to_160a_and_1608,yes,,1,1,0,0,0,1,1,0,
bank0,C412,test_1668_bit4,yes,,1,1,0,0,0,1,1,0,
bank0,C43F,set_1609_bit0_and_write_44_to_2006,yes,,1,1,0,0,0,1,1,0,
bank0,C44D,clear_1609_bit0_and_write_04_to_2006,yes,,1,1,0,0,0,1,0,0,
bank0,C468,set_1609_bit2,yes,,1,1,0,0,0,1,1,0,
bank0,C470,clear_1609_bit2,yes,,1,1,0,0,0,1,1,0,
bank0,C497,set_160a_bit1,yes,,1,0,1,0,0,1,1,0,
bank0,CC3D,init_clear_00f5_and_1304_bit2,yes,,1,1,0,0,0,1,1,0,
bank0,CC51,init_set_1304_bit4_and_clear_bit2,yes,,1,1,0,0,0,1,1,0,
bank0,CCFC,power_on_init_and_two_hang_paths,yes,,1,1,0,0,0,1,1,0,
bank0,CDE4,walk_index_06e7_up_to_1e_table_6bca,yes,,1,0,1,0,0,1,1,0,
bank0,CE37,walk_index_06e7_up_to_17_table_6c65,yes,,1,0,1,0,0,1,1,0,
bank0,CE9E,load_index_06e7_head_of_cea2_loop,yes,,1,0,1,0,0,1,1,0,
bank0,CEE9,walk_index_06e7_up_to_10_table_6d23,yes,,1,0,1,0,0,1,1,0,
bank0,D084,set_0988_1,yes,,1,1,0,0,0,1,1,0,
bank0,D236,poll_d6c2_then_branch,yes,,1,0,1,0,0,1,1,0,
bank0,D284,write_ff_to_dptr_then_d28e,yes,,1,0,1,0,0,1,1,0,
bank0,D28E,copy_0866_86b_to_1c04_1c3a,yes,,1,0,1,0,0,1,1,0,
bank0,D2BF,set_dptr_1c00_then_d2c2,yes,,1,1,0,0,0,1,1,0,
bank0,D2C2,copy_dp_to_086c_return_masked_7e,yes,,1,1,0,0,0,1,1,0,
bank0,D2CB,store_a_to_1c05_then_d2d2,yes,,1,1,0,0,0,1,1,0,
bank0,D2DA,stage_1c03_1c02_1c01,yes,,1,1,0,0,0,1,1,0,
bank0,D304,stage_0862_0865_into_1c36_1c38,yes,,1,1,0,0,0,1,1,0,
bank0,D358,advance_d9_and_set_1500_20,yes,,1,1,0,0,0,1,1,0,
bank0,D4D4,forward_to_1906,yes,,1,0,0,0,1,1,0,0,
bank0,D57B,read_xdata_0400_plus_r7,yes,,1,1,0,0,0,1,1,0,
bank0,D58E,write_r5_to_0400_plus_r7,yes,,1,1,0,0,0,1,1,0,
bank0,D6F4,zero_0a59_0a5a_then_call_series,yes,,1,1,0,0,0,1,1,0,
bank0,D73D,gather_0200_from_table_6d74,yes,,1,1,0,0,0,1,1,0,
bank0,DBE2,write_consts_105a_105e_1076_1079,yes,,1,1,0,0,0,1,1,0,
bank0,DF1E,stage_0a47_then_call_de83_r5_1a,yes,,1,1,0,0,0,1,1,0,
bank0,DF35,stage_0a47_then_call_de83_r5_1b,yes,,1,1,0,0,0,1,1,0,
bank0,DF78,scale_r7_by_8_then_set_09c1_09c3,yes,,1,0,1,0,0,1,1,0,
bank0,DFDF,gate_06e6_then_store_0464,yes,,1,1,0,0,0,1,1,0,
bank0,E010,load_06e6,yes,,1,1,0,0,0,1,1,0,
bank0,E149,load_dptr_from_0d04_0d05,yes,,1,1,0,0,0,1,1,0,
bank0,E3C9,tail_jump_708f_r4_0_r5_64,yes,,1,1,0,0,0,1,1,0,
bank0,E3D0,write_103f_through_0a56_pointer,yes,,1,1,0,0,0,1,0,0,
bank0,E570,probe_c0_c1_expect_88_51_or_53,yes,,1,1,0,0,0,1,0,0,
bank0,E5BE,write_ff_f8_a5_5a_and_retry,yes,,1,1,0,0,0,1,0,0,
bank0,E624,gate_04_09_then_0f80_bit1_set,yes,,1,1,0,0,0,1,0,0,
bank0,E722,FUN_CODE_e722,no,,1,0,1,0,0,1,1,0,
bank0,E7B8,FUN_CODE_e7b8,no,,1,0,1,0,0,1,0,0,
bank0,E7CA,init_0a50_2_then_start_0x13_block,yes,,1,1,0,0,0,1,1,0,
bank0,E822,FUN_CODE_e822,no,,1,0,0,1,0,1,1,0,
bank0,E896,write_0f60_0f61_then_0x7049,yes,,1,1,0,0,0,1,1,0,
bank0,E8C4,write_r6_r7_r5_to_0f60_62,yes,,1,1,0,0,0,1,1,0,
bank0,E8EC,mask_1603_and_wait_tf1,yes,,1,0,0,1,0,1,1,0,
bank0,E9DE,rmw_1603_and_wait_tf1_2500_times,yes,,1,1,0,0,0,1,0,0,
bank0,EAC6,FUN_CODE_eac6,no,,1,1,0,0,0,1,0,0,
bank0,EBD5,dispatch_on_0a4b_via_7151,yes,,1,0,1,0,0,1,1,0,
bank0,ED6E,forward_to_ead1_return_0,yes,,1,0,1,0,0,1,0,0,
bank0,EE96,send_0x07_via_f078_then_chain,yes,,1,1,0,0,0,1,1,0,
bank0,EF17,call_f0a1_with_d6_then_4777_flag,yes,,1,1,0,0,0,1,1,0,
bank0,F06B,clear_0fc3_bit0_and_zero_0fc0,yes,,1,0,1,0,0,1,1,0,
bank0,F079,store_a_0_1_zeros_at_dptr,yes,,1,1,0,0,0,1,1,0,
bank0,F07F,store_a_then_five_zeros,yes,,1,1,0,0,0,1,1,0,
bank0,F081,store_a_five_times,yes,,1,1,0,0,0,1,1,0,
bank0,F083,store_a_four_times,yes,,1,1,0,0,0,1,1,0,
bank0,F095,store_a_then_three_zeros,yes,,1,1,0,0,0,1,0,0,
bank0,F0A3,gate_on_a_then_set_0a56_block,yes,,1,0,1,0,0,1,1,0,
bank0,F0C8,store_a_twice_at_dptr,yes,,1,1,0,0,0,1,1,0,
bank0,F0CA,store_a_read_0fa0_then_set_0a56_block,yes,,1,1,0,0,0,1,1,0,
bank0,F0DC,store_a_0f_80_and_r6_0f,yes,,1,1,0,0,0,1,1,0,
bank0,F116,store_40_to_1621_1622,yes,,1,1,0,0,0,1,1,0,
bank0,F118,store_a_to_1621_1622,yes,,1,1,0,0,0,1,1,0,
bank0,F12F,load_r6_r7_from_0a49,yes,,1,1,0,0,0,1,1,0,
bank0,F177,store_a_and_zero_next_dptr_bytes,yes,,1,1,0,0,0,1,1,0,
bank0,F495,set_dptr_0f60_then_store_a,yes,,1,1,0,0,0,1,0,0,
bank0,F4A4,inc_0e03,yes,,1,1,0,0,0,1,0,0,
bank1,19E4,load_dptr_8294_tail_jump_1100,yes,,1,1,0,0,0,1,0,0,
bank1,19EA,load_dptr_8588_tail_jump_1100,yes,,1,1,0,0,0,1,1,0,
bank1,19FC,load_dptr_c07e_tail_jump_1100,yes,,1,1,0,0,0,1,1,0,
bank1,1A14,load_dptr_aa04_tail_jump_1100,yes,,1,1,0,0,0,1,1,0,
bank1,1A1A,load_dptr_c066_tail_jump_1100,yes,,1,1,0,0,0,1,1,0,
bank1,1A20,load_dptr_c2d7_tail_jump_1100,yes,,1,1,0,0,0,1,1,0,
bank1,1A26,load_dptr_c1b1_tail_jump_1100,yes,,1,1,0,0,0,1,1,0,
bank1,1A2C,load_dptr_c349_tail_jump_1100,yes,,1,1,0,0,0,1,1,0,
bank1,1A38,load_dptr_c026_tail_jump_1100,yes,,1,1,0,0,0,1,1,0,
bank1,1A3E,load_dptr_c1d9_tail_jump_1100,yes,,1,1,0,0,0,1,1,0,
bank1,1A4A,load_dptr_c2ba_tail_jump_1100,yes,,1,1,0,0,0,1,0,0,
bank1,1A56,load_dptr_c2f7_tail_jump_1100,yes,,1,1,0,0,0,1,1,0,
bank1,1A62,load_dptr_c154_tail_jump_1100,yes,,1,1,0,0,0,1,0,0,
bank1,1A6E,load_dptr_c4c9_tail_jump_1100,yes,,1,1,0,0,0,1,1,0,
bank1,1A7A,load_dptr_c16c_tail_jump_1100,yes,,1,1,0,0,0,1,1,0,
bank1,1A8C,load_dptr_c427_tail_jump_1100,yes,,1,1,0,0,0,1,1,0,
bank1,1A92,load_dptr_c41f_tail_jump_1100,yes,,1,1,0,0,0,1,1,0,
bank1,1A98,trampoline_bank0_8031,yes,,1,1,0,0,0,1,1,0,
bank1,1A9E,trampoline_bank0_a4e2,yes,,1,1,0,0,0,1,1,0,
bank1,1AA4,trampoline_bank0_9c48,yes,,1,1,0,0,0,1,1,0,
bank1,2A70,clear_bits_5_6_of_direct_4c,yes,,1,1,0,0,0,1,1,0,
bank1,2C70,match_0a49_loop_tail,yes,,1,1,0,0,0,1,1,0,
bank1,4A26,code_table_pointer_from_r1,yes,,1,1,0,0,0,1,1,0,
bank1,8001,decrement_nonzero_xdata_counters,yes,,1,1,0,0,0,1,1,0,
bank1,8300,clear_and_set_xdata_flag_bits,yes,,1,0,0,1,0,1,1,0,
bank1,85E9,call_19c0_then_19c6,yes,,1,1,0,0,0,1,1,0,
bank1,8801,single_movx_store_not_a_function,yes,,1,0,1,0,0,1,1,0,
bank1,8915,saturating_count_09f0_then_call_88f0,yes,,1,1,0,0,0,1,1,0,
bank1,897B,index_09f2_by_09f1_bits_7_5_and_bump_09f1,yes,,1,1,0,0,0,1,1,0,
bank1,89A9,read_xdata_at_dptr_plus_a,yes,,1,1,0,0,0,1,1,0,
bank1,89B5,store_r7_to_09f2_by_09f1_bits_0_2_and_bump,yes,,1,1,0,0,0,1,1,0,
bank1,89E7,write_xdata_at_dptr_plus_a,yes,,1,1,0,0,0,1,1,0,
bank1,8AA7,clear_06f9_bits_0_3_then_call_abee,yes,,1,0,1,0,0,1,1,0,
bank1,8BD1,select_probe_address_and_return_carry,yes,,1,1,0,0,0,1,1,0,
bank1,8CDB,return_with_carry_clear,yes,,1,0,1,0,0,1,1,0,
bank1,8CDD,write_0a_to_07f2_fall_into_8ce3,yes,,1,0,1,0,0,1,1,0,
bank1,8CE3,clear_0983_bit0_return_carry_set,yes,,1,0,1,0,0,1,1,0,
bank1,8D25,combine_0490_0495_049d_flags_into_carry,yes,,1,1,0,0,0,1,1,0,
bank1,8D74,write_30_to_0679_and_14_to_0678,yes,,1,1,0,0,0,1,1,0,
bank1,8DE4,dispatch_on_0490_0495_0496_0498,yes,,1,1,0,0,0,1,1,0,
bank1,9081,count_down_06e4_and_toggle_06e3,yes,,1,1,0,0,0,1,1,0,
bank1,9178,call_1738_1a0e_1a1a,yes,,1,1,0,0,0,1,1,0,
bank1,9199,gate_1984_19a8_then_count_06cc,yes,,1,1,0,0,0,1,1,0,
bank1,91E8,dispatch_062e_counter_via_table_91d0,yes,,1,1,0,0,0,1,1,0,
bank1,91FA,clear_062e_and_jump_94a8,yes,,1,0,1,0,0,1,1,0,
bank1,92BF,clamp_a_to_7_and_set_0723_08e2,yes,,1,1,0,0,0,1,1,0,
bank1,92DC,select_table_920c_or_923c_by_074c,yes,,1,1,0,0,0,1,1,0,
bank1,9354,gate_030a_030b_then_8892_887a,yes,,1,1,0,0,0,1,1,0,
bank1,9416,adjust_0627_index_against_gpu_temp,yes,,1,0,1,0,0,1,1,0,
bank1,94A8,lookup_94a0_table_by_0620_low3,yes,,1,0,1,0,0,1,1,0,
bank1,94FA,magic_55aa_and_0704_countdown,yes,,1,1,0,0,0,1,1,0,
bank1,95B7,load_0704_from_045d_then_branch,yes,,1,0,1,0,0,1,1,0,
bank1,95E5,set_0476_bit1_then_branch_on_r7,yes,,1,1,0,0,0,1,1,0,
bank1,966C,step_06fd_06fe_06ff_counters_via_1a32,yes,,1,1,0,0,0,1,1,0,
bank1,9733,sync_085a_from_iram28_and_call_896a,yes,,1,1,0,0,0,1,1,0,
bank1,976E,clear_0480_bit0_then_step_05f1_countdown,yes,,1,1,0,0,0,1,1,0,
bank1,9816,ret_only_stub_9816,yes,,1,0,1,0,0,1,1,0,
bank1,98B3,ret_only_stub_98b3,yes,,1,0,1,0,0,1,1,0,
bank1,98CC,dispatch_0680_low3_via_98b4_table,yes,,1,1,0,0,0,1,1,0,
bank1,98E5,forward_to_98fe_98e5,yes,,1,0,1,0,0,1,1,0,
bank1,99CF,dispatch_0681_low3_via_99b7_table,yes,,1,0,1,0,0,1,1,0,
bank1,99E0,set_1c01_2_and_0681_81,yes,,1,0,1,0,0,1,1,0,
bank1,9A41,step_0686_by_14_or_set_0681_80,yes,,1,1,0,0,0,1,1,0,
bank1,9A78,step_0691_by_14_or_set_068c_80,yes,,1,1,0,0,0,1,1,0,
bank1,9AEA,dispatch_068b_low3_via_9ad2_table,yes,,1,1,0,0,0,1,1,0,
bank1,9BE6,inc_694_by_2_set_68c_80,yes,,1,0,1,0,0,1,0,0,
bank1,9BF8,reset_1c11_1c15_1c16_set_68b_4,yes,,1,0,1,0,0,1,0,0,
bank1,9C0E,match_0820_against_0458_mode,yes,,1,1,0,0,0,1,0,0,
bank1,9C53,FUN_CODE_9c53,no,,1,1,0,0,0,1,0,0,
bank1,9CD8,halve_be16_after_add_r1,yes,,1,1,0,0,0,1,1,0,
bank1,9E26,dispatch_068c_low3,yes,,1,0,1,0,0,1,1,0,
bank1,9E37,set_1c12_2_and_68c_81,yes,,1,0,1,0,0,1,1,0,
bank1,9F00,ret_only_stub_9f00,yes,,1,1,0,0,0,1,1,0,
bank1,9FC1,call_9fcb_a029_9ff0,yes,,1,1,0,0,0,1,1,0,
bank1,9FCB,tick_0724_bit4_decrement_067e,yes,,1,1,0,0,0,1,1,0,
bank1,A029,decrement_067c_then_clear_0724_bit5,yes,,1,1,0,0,0,1,1,0,
bank1,A054,call_9fc1_a1bf_a064_a0cc_a12d,yes,,1,1,0,0,0,1,1,0,
bank1,A064,gate_045a_bit0_set_0724_bit4,yes,,1,1,0,0,0,1,1,0,
bank1,A0CC,set_0724_bit5_when_gates_pass,yes,,1,1,0,0,0,1,1,0,
bank1,A12C,nop_ret_stub_a12c,yes,,1,0,1,0,0,1,1,0,
bank1,A12D,set_0724_bit7_after_06c5_threshold,yes,,1,1,0,0,0,1,1,0,
bank1,A1BF,dispatch_045a_bits_to_1a44_1a5c_1a50,yes,,1,1,0,0,0,1,1,0,
bank1,A1F5,nop_ret_stub_a1f5,yes,,1,1,0,0,0,1,1,0,
bank1,A1F6,pass_0707_to_88f0_when_045f_eq_db,yes,,1,1,0,0,0,1,1,0,
bank1,A211,call_88f0_then_clear_07f3_and_070c,yes,,1,1,0,0,0,1,1,0,
bank1,A2DA,nop_ret_stub_a2da,yes,,1,0,1,0,0,1,0,0,
bank1,A2F3,dispatch_0974_low_nibble,yes,,1,1,0,0,0,1,1,0,
bank1,A31B,caseD_6,yes,,1,0,1,0,0,1,1,0,
bank1,A32C,send_1a68_83_80_00_set_0974_02,yes,,1,0,1,0,0,1,1,0,
bank1,A33D,send_1a68_78_08_00_set_0974_03,yes,,1,0,1,0,0,1,1,0,
bank1,A34E,send_1a68_71_40_e0_set_0974_04,yes,,1,0,1,0,0,1,1,0,
bank1,A35F,send_1a68_14_01_00_set_0974_05,yes,,1,0,1,0,0,1,1,0,
bank1,A370,send_1a68_6c_02_e0_set_0974_00,yes,,1,0,1,0,0,1,1,0,
bank1,A380,clear_0725,yes,,1,0,1,0,0,1,1,0,
bank1,A388,nop_ret_stub_a388,yes,,1,1,0,0,0,1,1,0,
bank1,A389,decrement_0980_then_run_19b4_198a,yes,,1,1,0,0,0,1,1,0,
bank1,A3B2,tick_09e3_countdown,yes,,1,1,0,0,0,1,1,0,
bank1,A3F7,tick_0750_countdown,yes,,1,1,0,0,0,1,1,0,
bank1,A43B,scan_0b00_for_byte_1c,yes,,1,1,0,0,0,1,1,0,
bank1,A452,map_0763_through_f13f_table,yes,,1,1,0,0,0,1,1,0,
bank1,A476,gate_value_against_045a_bits,yes,,1,1,0,0,0,1,1,0,
bank1,A4CF,send_ea_to_9ed4_when_06e6_eq_05,yes,,1,1,0,0,0,1,1,0,
bank1,A4FD,forward_to_a501,yes,,1,1,0,0,0,1,1,0,
bank1,A501,gate_0442_06e6_before_call_1a7a,yes,,1,1,0,0,0,1,1,0,
bank1,A57E,write_0_to_200b_r5_times_330,yes,,1,1,0,0,0,1,1,0,
bank1,A7D8,flag_0832_bit3_send_12_3f_8c,yes,,1,0,1,0,0,1,1,0,
bank1,A816,flag_0832_bit6_send_12_12_8c,yes,,1,0,1,0,0,1,1,0,
bank1,A873,flag_086f_bit0_send_5a_01_88,yes,,1,0,1,0,0,1,1,0,
bank1,A88D,flag_086f_bit1_send_5a_01_88_ff,yes,,1,0,1,0,0,1,1,0,
bank1,A8A7,flag_086f_bit2_send_5a_02_88_table,yes,,1,0,1,0,0,1,1,0,
bank1,A8DA,clear_bit_e4_then_tail_a8e9,yes,,1,0,1,0,0,1,1,0,
bank1,A8F0,clamp_0623_level_into_080e,yes,,1,1,0,0,0,1,1,0,
bank1,A916,clamp_078b_level_into_0804,yes,,1,1,0,0,0,1,1,0,
bank1,A9B4,step_state_0845,yes,,1,1,0,0,0,1,1,0,
bank1,AA39,step_counters_0756_0757,yes,,1,1,0,0,0,1,1,0,
bank1,AAA2,clear_0756_when_1c_found_in_b00_fc,yes,,1,1,0,0,0,1,1,0,
bank1,AB29,latch_0983_b2_from_0442_b3,yes,,1,1,0,0,0,1,1,0,
bank1,ABCE,call_b728_c614_8915,yes,,1,1,0,0,0,1,1,0,
bank1,ABD8,call_95e5_a054_a389,yes,,1,1,0,0,0,1,1,0,
bank1,ABEE,call_b98d_bfbb_a211_a9b4,yes,,1,1,0,0,0,1,1,0,
bank1,ABFB,forward_b5af,yes,,1,1,0,0,0,1,1,0,
bank1,ABFF,call_a1f6_94fa_a3f7_aa39,yes,,1,1,0,0,0,1,0,0,
bank1,AC0C,ret_only_ac0c,yes,,1,1,0,0,0,1,0,0,
bank1,AC0D,forward_d5e1,yes,,1,1,0,0,0,1,0,0,
bank1,AC6D,set_0681_bit7,yes,,1,1,0,0,0,1,0,0,
bank1,AD68,round_robin_dispatch_on_0566,yes,,1,1,0,0,0,1,1,0,
bank1,AD77,forwarder_to_b56c,yes,,1,0,1,0,0,1,1,0,
bank1,ADFD,dispatch_on_056a_low3,yes,,1,0,1,0,0,1,1,0,
bank1,AED9,store_0_to_056a,yes,,1,0,1,0,0,1,1,0,
bank1,AF06,gate_0490_04ff_0505_then_call_b0d1,yes,,1,0,1,0,0,1,1,0,
bank1,B2D5,copy_0514_0516_to_04ab_04ac_then_probe,yes,,1,0,1,0,0,1,1,0,
bank1,B50E,derive_scaled_values_from_0404,yes,,1,1,0,0,0,1,0,0,
bank1,B56C,cmp_043a_0436_store_0548,yes,,1,0,1,0,0,1,1,0,
bank1,B5AF,dispatch_043c_04fc_bits,yes,,1,1,0,0,0,1,1,0,
bank1,B666,gate_0572_bit0_clear,yes,,1,0,1,0,0,1,1,0,
bank1,B679,gate_0572_bit0_set,yes,,1,0,1,0,0,1,1,0,
bank1,B68C,gate_0571_0573_eq_1,yes,,1,0,1,0,0,1,1,0,
bank1,B6DE,FUN_CODE_b6de,no,,1,1,0,0,0,1,0,0,
bank1,B728,clear_0610_bit5_and_dispatch,yes,,1,1,0,0,0,1,1,0,
bank1,B841,arm_05f2_countdown_0575_clears_0490,yes,,1,1,0,0,0,1,1,0,
bank1,B91B,zero_xdata_04b0_05ff_runs,yes,,1,1,0,0,0,1,1,0,
bank1,B98D,threshold_dispatch_0438_by_0491,yes,,1,1,0,0,0,1,1,0,
bank1,BA43,gate_chain_to_0491_bit0,yes,,1,0,1,0,0,1,0,0,
bank1,BABF,stage_0577_against_0834_0836,yes,,1,0,1,0,0,1,1,0,
bank1,BB3D,forward_to_bd20_bb3d,yes,,1,0,1,0,0,1,1,0,
bank1,BC05,FUN_CODE_bc05,no,,1,0,1,0,0,1,0,0,
bank1,BDEF,write_0499_with_0x21,yes,,1,0,1,0,0,1,1,0,
bank1,BE91,pick_0f80_0800_0bb0_1800_1f00,yes,,1,0,1,0,0,1,0,0,
bank1,BF0E,pick_0800_or_0bb0_by_05b9,yes,,1,0,1,0,0,1,0,0,
bank1,BFD9,zero_04ae_and_04be,yes,,1,1,0,0,0,1,1,0,
bank1,C032,FUN_CODE_c032,no,,1,1,0,0,0,1,0,0,
bank1,C0A8,FUN_CODE_c0a8,no,,1,0,1,0,0,1,0,0,
bank1,C11C,latch_0490_bit3_or_bit7,yes,,1,1,0,0,0,1,1,0,
bank1,C245,dispatch_0490_bits_1_5_6,yes,,1,0,1,0,0,1,1,0,
bank1,C267,reset_0432_and_04f2,yes,,1,0,1,0,0,1,1,0,
bank1,C2E1,set_04f2_from_049c,yes,,1,0,1,0,0,1,1,0,
bank1,C31D,ret_stub,yes,,1,0,1,0,0,1,1,0,
bank1,C31E,call_b1b3_listing_cut,yes,,1,0,1,0,0,1,1,0,
bank1,C3A0,dec_0622_when_04a2_below_0cee,yes,,1,1,0,0,0,1,1,0,
bank1,C3CD,compare_0434_04f4_against_0646,yes,,1,1,0,0,0,1,1,0,
bank1,C41D,zero_0623,yes,,1,1,0,0,0,1,1,0,
bank1,C4AF,reload_083e_when_0834_is_zero,yes,,1,1,0,0,0,1,1,0,
bank1,C54C,setup_and_poll_1c00_block_with_arg_48,yes,,1,1,0,0,0,1,1,0,
bank1,C59F,countdown_0896_and_gate_on_04ab_equals_64,yes,,1,1,0,0,0,1,1,0,
bank1,C614,gate_0755_and_0440_dispatch,yes,,1,1,0,0,0,1,1,0,
bank1,C6B0,set_070d_to_5_then_jump_to_c638,yes,,1,0,1,0,0,1,1,0,
bank1,C6DB,set_068b_to_1,yes,,1,0,1,0,0,1,1,0,
bank1,C700,setup_state_and_copy_30_byte_table,yes,,1,0,1,0,0,1,0,0,
bank1,C747,tail_call_89f4_with_r1_0_r2_3_r3_ff,yes,,1,1,0,0,0,1,1,0,
bank1,C751,zero_0300_03ff_then_set_3fe_3a8_3fb,yes,,1,0,1,0,0,1,1,0,
bank1,C778,clear_0492_04a0_0524_0526_and_0497b5,yes,,1,1,0,0,0,1,1,0,
bank1,C7A7,copy_6_bytes_via_a530_and_clear_0497b7,yes,,1,1,0,0,0,1,1,0,
bank1,C7ED,copy_48_bytes_via_a530_from_c7bd,yes,,1,1,0,0,0,1,1,0,
bank1,C80E,dispatch_0394_low3_through_ljmp_table,yes,,1,1,0,0,0,1,1,0,
bank1,C861,on_198a_result_advance_0394,yes,,1,0,1,0,0,1,1,0,
bank1,C884,on_198a_result_advance_0394_to_3,yes,,1,0,1,0,0,1,1,0,
bank1,C8C7,on_198a_result_step_03c2_low2,yes,,1,0,1,0,0,1,1,0,
bank1,C8E3,call_cc2d_then_d0c4,yes,,1,0,1,0,0,1,1,0,
bank1,C924,dispatch_03a3_low3,yes,,1,1,0,0,0,1,1,0,
bank1,C931,FUN_CODE_c931,no,,1,0,1,0,0,1,1,0,
bank1,CB1F,set_039b_039c_from_0404_div_100,yes,,1,1,0,0,0,1,0,0,
bank1,CC95,set_0397_from_0342_by_0514_band,yes,,1,1,0,0,0,1,0,0,
bank1,CDCB,dispatch_03f1_low3,yes,,1,1,0,0,0,1,1,0,
bank1,CE2D,store_slot_for_index_0_and_7,yes,,1,0,1,0,0,1,1,0,
bank1,CE78,store_slot_for_index_1,yes,,1,0,1,0,0,1,1,0,
bank1,CEA9,store_slot_for_index_2,yes,,1,0,1,0,0,1,1,0,
bank1,CEDA,store_slot_for_index_3,yes,,1,0,1,0,0,1,1,0,
bank1,CF0B,store_slot_for_index_4,yes,,1,0,1,0,0,1,1,0,
bank1,CF3C,store_slot_for_index_5,yes,,1,0,1,0,0,1,1,0,
bank1,CF6D,store_slot_for_index_6,yes,,1,0,1,0,0,1,1,0,
bank1,CFB1,step_03c3_and_reload_03bf,yes,,1,0,1,0,0,1,1,0,
bank1,D037,default,yes,,1,0,1,0,0,1,1,0,
bank1,D04C,set_r1_0e_jump_d068,yes,,1,0,1,0,0,1,1,0,
bank1,D0A6,store_03c3_to_0360_when_ge_3,yes,,1,1,0,0,0,1,1,0,
bank1,D17E,increment_0514_toward_0x64,yes,,1,0,1,0,0,1,1,0,
bank1,D1B8,trampoline_to_d16f,yes,,1,0,1,0,0,1,1,0,
bank1,D1BC,select_ptr_0491_c080_then_0506,yes,,1,1,0,0,0,1,1,0,
bank1,D1E7,set_0497_bit6_and_0394_to_5,yes,,1,0,1,0,0,1,1,0,
bank1,D219,step_03c2_and_dispatch_four_ways,yes,,1,0,1,0,0,1,1,0,
bank1,D236,call_d2a3_then_d274,yes,,1,0,1,0,0,1,1,0,
bank1,D23F,call_d34b_then_d32c,yes,,1,0,1,0,0,1,1,0,
bank1,D274,div_23_minus_0386_by_034d_capped_15,yes,,1,1,0,0,0,1,1,0,
bank1,D2A3,derive_scale_from_034e_and_compute_from_044c,yes,,1,1,0,0,0,1,1,0,
bank1,D472,store_r1_to_0514_03ab_if_gap_ok,yes,,1,0,1,0,0,1,1,0,
bank1,D6E1,FUN_CODE_d6e1,no,,1,1,0,0,0,1,0,0,
bank1,D7F4,FUN_CODE_d7f4,no,,1,0,1,0,0,1,0,0,
bank1,D8BC,FUN_CODE_d8bc,no,,1,1,0,0,0,1,0,0,
bank1,DAAD,FUN_CODE_daad,no,,1,1,0,0,0,1,0,0,
bank1,DACC,FUN_CODE_dacc,no,,1,1,0,0,0,1,0,0,
bank1,DC52,FUN_CODE_dc52,no,,1,1,0,0,0,1,0,0,
bank1,DE9E,FUN_CODE_de9e,no,,1,0,1,0,0,1,0,0,
bank1,DEA5,FUN_CODE_dea5,no,,1,0,1,0,0,1,0,0,
bank1,DEE8,FUN_CODE_dee8,no,,1,0,1,0,0,1,0,0,
bank1,E0CE,FUN_CODE_e0ce,no,,1,1,0,0,0,1,0,0,
bank1,E237,gate_1c00_init_defaults,yes,,1,0,1,0,0,1,0,0,
bank1,E2A0,setup_0975_0976_0978_0979_call_c54c,yes,,1,0,1,0,0,1,0,0,
bank1,E2D3,dispatch_036c_low3_then_seed_1c00_block,yes,,1,0,1,0,0,1,0,0,
bank1,E3B5,copy_03cd_03ce_03cf_to_1c02_1c04_1c05,yes,,1,0,1,0,0,1,1,0,
bank1,E4E9,gate_1c00_bit1_then_1c00_ff,yes,,1,1,0,0,0,1,1,0,
bank1,E54F,increment_03af_clear_03a1_on_wrap,yes,,1,0,1,0,0,1,1,0,
bank1,E6CB,decrement_0365_and_0368_if_nonzero,yes,,1,1,0,0,0,1,0,0,
bank1,E722,write_r1_to_tmod_and_jump_8801,yes,,1,0,1,0,0,1,1,0,
bank1,E781,countdown_03a8_gated_by_0490_bit1,yes,,1,1,0,0,0,1,0,0,
bank1,E931,shared_return_point,yes,,1,0,1,0,0,1,1,0,
bank1,ED3A,data_run_2e_3e,yes,,1,0,0,0,1,1,1,0,
bank1,EF26,data_run_33_34,yes,,1,0,0,0,1,1,1,0,
bank1,EF32,xdata_request_dispatch_048c,yes,,1,1,0,0,0,1,1,0,
bank1,EFBC,ret_stub_no_request_bit,yes,,1,0,1,0,0,1,1,0,
bank1,EFBD,tick_097d_call_88f0_at_c8,yes,,1,1,0,0,0,1,1,0,
bank1,F110,ljmp_f246,yes,,1,0,1,0,0,1,1,0,
bank1,F18A,if_0440_nonzero_call_88f0_0c,yes,,1,0,1,0,0,1,1,0,
bank1,F196,sjmp_to_f198,yes,,1,0,1,0,0,1,1,0,
bank1,F198,gate_045a_e0_bits_into_047b_0720_097a,yes,,1,0,1,0,0,1,1,0,
bank1,F219,set_0636_0a_toggle_047b_02_set_097a_02,yes,,1,0,1,0,0,1,1,0,
bank1,F246,if_045a_bit4_set_toggle_047b_10_set_0637_0a,yes,,1,0,1,0,0,1,1,0,
bank1,F275,set_06ff_80_else_toggle_0471_80,yes,,1,0,1,0,0,1,1,0,
bank1,F290,if_06cd_zero_set_02_set_06ff_20,yes,,1,0,1,0,0,1,1,0,
bank1,F2AD,if_06cd_zero_set_02_set_06ff_40,yes,,1,0,1,0,0,1,1,0,
bank1,F2CA,dec_0443_low3_unless_0440_5_6_7,yes,,1,0,1,0,0,1,1,0,
bank1,F2F3,inc_0443_low3_unless_0440_5_6_7,yes,,1,0,1,0,0,1,1,0,
bank1,F3B8,if_04fe_bit7_clear_call_f3d7_f416_f436,yes,,1,1,0,0,0,1,1,0,
bank1,F3C9,set_r3_22_or_44_from_0456_bit6,yes,,1,1,0,0,0,1,1,0,
bank1,F3D7,store_scaled_quotient_0449,yes,,1,1,0,0,0,1,1,0,
bank1,F416,scale_0438_into_0448,yes,,1,1,0,0,0,1,1,0,
bank1,F436,halve_sum_into_044c,yes,,1,1,0,0,0,1,1,0,
bank1,F512,unimplemented_ff_fill_f512,yes,,1,0,0,1,0,1,1,0,
bank1,F70D,unimplemented_ff_fill_f70d,yes,,1,0,0,0,1,1,1,0,
bank1,F727,unimplemented_ff_fill_f727,yes,,1,0,0,0,1,1,1,0,
bank1,F73E,unimplemented_ff_fill_f73e,yes,,1,0,0,0,1,1,1,0,
common,0003,int0_vector_forwarder_to_052f,yes,bank1,1,0,0,1,0,1,1,0,
common,0013,int1_vector_forwarder_to_0556,yes,bank1,1,0,1,0,0,1,0,0,
common,0070,reset_entry_stack_bank0_then_code_init,yes,bank1,1,0,1,0,0,1,1,0,
common,00CF,walk_code_table_6f39,yes,bank1,1,0,1,0,0,1,1,0,
common,052F,int0_target_is_one_byte_reti,yes,bank1,1,0,1,0,0,1,1,0,
common,0530,timer0_target_decrements_xdata_0a00,yes,bank1,1,0,1,0,0,1,1,0,
common,0556,int1_target_six_calls_14c8_012f_018c_029b_7110_7177,yes,bank1,1,0,1,0,0,1,1,0,
common,05B6,timer1_target_splits_internal_ram_41_on_carry,yes,bank1,1,0,1,0,0,1,1,0,
common,05E6,serial0_target_is_one_byte_reti,yes,bank1,1,0,1,0,0,1,1,0,
common,0609,FUN_CODE_0609,no,bank1,1,1,0,0,0,1,0,0,
common,0703,FUN_CODE_0703,no,bank1,1,0,1,0,0,1,1,0,
common,0713,FUN_CODE_0713,no,bank1,1,1,0,0,0,1,0,0,
common,07C1,FUN_CODE_07c1,no,bank1,1,1,0,0,0,1,1,0,
common,07F8,FUN_CODE_07f8,no,bank1,1,1,0,0,0,1,0,0,
common,0806,FUN_CODE_0806,no,bank1,1,1,0,0,0,1,0,0,
common,0859,FUN_CODE_0859,no,bank1,1,0,1,0,0,1,0,0,
common,0862,FUN_CODE_0862,no,bank1,1,0,1,0,0,1,0,0,
common,086B,FUN_CODE_086b,no,bank1,1,0,1,0,0,1,0,0,
common,0877,FUN_CODE_0877,no,bank1,1,0,1,0,0,1,0,0,
common,0883,FUN_CODE_0883,no,bank1,1,0,1,0,0,1,0,0,
common,0884,FUN_CODE_0884,no,bank1,1,1,0,0,0,1,0,0,
common,08A0,FUN_CODE_08a0,no,bank1,1,0,1,0,0,1,0,0,
common,08B0,FUN_CODE_08b0,no,bank1,1,0,1,0,0,1,0,0,
common,08CD,FUN_CODE_08cd,no,bank1,1,0,1,0,0,1,0,0,
common,08CE,FUN_CODE_08ce,no,bank1,1,0,1,0,0,1,0,0,
common,08CF,FUN_CODE_08cf,no,bank1,1,0,1,0,0,1,0,0,
common,08D0,FUN_CODE_08d0,no,bank1,1,1,0,0,0,1,0,0,
common,08E0,FUN_CODE_08e0,no,bank1,1,1,0,0,0,1,0,0,
common,0902,FUN_CODE_0902,no,bank1,1,1,0,0,0,1,0,0,
common,0921,FUN_CODE_0921,no,bank1,1,1,0,0,0,1,0,0,
common,0950,FUN_CODE_0950,no,bank1,1,1,0,0,0,1,0,0,
common,0979,FUN_CODE_0979,no,bank1,1,1,0,0,0,1,0,0,
common,0A04,FUN_CODE_0a04,no,bank1,1,1,0,0,0,1,0,0,
common,0A7F,FUN_CODE_0a7f,no,bank1,1,1,0,0,0,1,0,0,
common,0AD8,FUN_CODE_0ad8,no,bank1,1,1,0,0,0,1,0,0,
common,0ADC,FUN_CODE_0adc,no,bank1,1,1,0,0,0,1,0,0,
common,0B25,FUN_CODE_0b25,no,bank1,1,1,0,0,0,1,0,0,
common,0B5F,FUN_CODE_0b5f,no,bank1,1,1,0,0,0,1,0,0,
common,0BC8,FUN_CODE_0bc8,no,bank1,1,1,0,0,0,1,0,0,
common,0BDB,FUN_CODE_0bdb,no,bank1,1,1,0,0,0,1,0,0,
common,0D49,FUN_CODE_0d49,no,bank1,1,0,1,0,0,1,0,0,
common,0D4A,FUN_CODE_0d4a,no,bank1,1,1,0,0,0,1,0,0,
common,0D78,thunk_FUN_CODE_2819,no,bank1,1,1,0,0,0,1,0,0,
common,0D7B,FUN_CODE_0d7b,no,bank1,1,1,0,0,0,1,0,0,
common,0E1E,FUN_CODE_0e1e,no,bank1,1,1,0,0,0,1,0,0,
common,0E2E,FUN_CODE_0e2e,no,bank1,1,0,1,0,0,1,0,0,
common,0E34,thunk_FUN_CODE_153a,no,bank1,1,1,0,0,0,1,0,0,
common,0E37,thunk_FUN_CODE_1540,no,bank1,1,1,0,0,0,1,0,0,
common,0E3A,thunk_FUN_CODE_1546,no,bank1,1,1,0,0,0,1,0,0,
common,0E3D,thunk_FUN_CODE_154c,no,bank1,1,1,0,0,0,1,0,0,
common,0E40,thunk_FUN_CODE_1552,no,bank1,1,1,0,0,0,1,0,0,
common,0E43,thunk_FUN_CODE_1558,no,bank1,1,1,0,0,0,1,0,0,
common,0E46,thunk_FUN_CODE_155e,no,bank1,1,0,1,0,0,1,0,0,
common,0E4C,FUN_CODE_0e4c,no,bank1,1,0,1,0,0,1,1,0,
common,0EF3,write_internal_ram_init_constants,yes,bank1,1,1,0,0,0,1,0,0,
common,0F4A,FUN_CODE_0f4a,no,bank1,1,1,0,0,0,1,0,0,
common,0F58,FUN_CODE_0f58,no,bank1,1,1,0,0,0,1,0,0,
common,0F75,clr_xdata_0000_00ff_iram_20_bf_xdata_9000_97ff,yes,bank1,1,1,0,0,0,1,1,0,
common,0FA6,FUN_CODE_0fa6,no,bank1,1,1,0,0,0,1,0,0,
common,0FE6,FUN_CODE_0fe6,no,bank1,1,1,0,0,0,1,0,0,
common,10E5,FUN_CODE_10e5,no,bank1,1,1,0,0,0,1,0,0,
common,10FA,thunk_FUN_CODE_0a74,no,bank1,1,1,0,0,0,1,0,0,
common,1150,load_dptr_bf1c_tail_jump_1100,yes,bank1,1,0,1,0,0,1,1,0,
common,1156,load_dptr_bf1d_tail_jump_1100,yes,bank1,1,0,1,0,0,1,1,0,
common,115C,load_dptr_bf1e_tail_jump_1100,yes,bank1,1,0,1,0,0,1,1,0,
common,1162,load_dptr_bf1f_tail_jump_1100,yes,bank1,1,0,1,0,0,1,1,0,
common,1168,load_dptr_bf20_tail_jump_1100,yes,bank1,1,0,1,0,0,1,1,0,
common,1180,FUN_CODE_1180,no,bank1,1,0,1,0,0,1,0,0,
common,118C,FUN_CODE_118c,no,bank1,1,0,1,0,0,1,0,0,
common,1192,FUN_CODE_1192,no,bank1,1,0,1,0,0,1,0,0,
common,11C2,load_dptr_bf57_tail_jump_1100,yes,bank1,1,0,1,0,0,1,1,0,
common,11E6,FUN_CODE_11e6,no,bank1,1,0,1,0,0,1,1,0,
common,139C,FUN_CODE_139c,no,bank1,1,0,1,0,0,1,0,0,
common,13CC,FUN_CODE_13cc,no,bank1,1,0,1,0,0,1,0,0,
common,13E4,FUN_CODE_13e4,no,bank1,1,0,1,0,0,1,0,0,
common,13EA,FUN_CODE_13ea,no,bank1,1,0,1,0,0,1,0,0,
common,1420,FUN_CODE_1420,no,bank1,1,0,1,0,0,1,0,0,
common,149E,FUN_CODE_149e,no,bank1,1,0,1,0,0,1,1,0,
common,14CE,FUN_CODE_14ce,no,bank1,1,0,1,0,0,1,0,0,
common,14D4,FUN_CODE_14d4,no,bank1,1,1,0,0,0,1,0,0,
common,14DA,FUN_CODE_14da,no,bank1,1,1,0,0,0,1,0,0,
common,14E0,FUN_CODE_14e0,no,bank1,1,0,1,0,0,1,0,0,
common,14E6,FUN_CODE_14e6,no,bank1,1,1,0,0,0,1,0,0,
common,14EC,FUN_CODE_14ec,no,bank1,1,1,0,0,0,1,0,0,
common,14F2,FUN_CODE_14f2,no,bank1,1,1,0,0,0,1,0,0,
common,14F8,FUN_CODE_14f8,no,bank1,1,1,0,0,0,1,0,0,
common,14FE,FUN_CODE_14fe,no,bank1,1,1,0,0,0,1,0,0,
common,1504,FUN_CODE_1504,no,bank1,1,1,0,0,0,1,0,0,
common,150A,FUN_CODE_150a,no,bank1,1,1,0,0,0,1,0,0,
common,1516,FUN_CODE_1516,no,bank1,1,1,0,0,0,1,0,0,
common,151C,FUN_CODE_151c,no,bank1,1,1,0,0,0,1,0,0,
common,1522,FUN_CODE_1522,no,bank1,1,1,0,0,0,1,0,0,
common,1528,FUN_CODE_1528,no,bank1,1,1,0,0,0,1,0,0,
common,152E,FUN_CODE_152e,no,bank1,1,0,1,0,0,1,0,0,
common,1534,FUN_CODE_1534,no,bank1,1,0,1,0,0,1,0,0,
common,153A,FUN_CODE_153a,no,bank1,1,0,1,0,0,1,1,0,
common,1540,FUN_CODE_1540,no,bank1,1,0,1,0,0,1,1,0,
common,1546,FUN_CODE_1546,no,bank1,1,0,1,0,0,1,1,0,
common,154C,FUN_CODE_154c,no,bank1,1,0,1,0,0,1,1,0,
common,1552,FUN_CODE_1552,no,bank1,1,0,1,0,0,1,1,0,
common,1558,FUN_CODE_1558,no,bank1,1,0,1,0,0,1,1,0,
common,155E,FUN_CODE_155e,no,bank1,1,0,1,0,0,1,1,0,
common,1564,FUN_CODE_1564,no,bank1,1,0,1,0,0,1,1,0,
common,1570,FUN_CODE_1570,no,bank1,1,0,1,0,0,1,0,0,
common,1576,FUN_CODE_1576,no,bank1,1,0,1,0,0,1,1,0,
common,157C,FUN_CODE_157c,no,bank1,1,0,1,0,0,1,1,0,
common,1582,FUN_CODE_1582,no,bank1,1,0,1,0,0,1,1,0,
common,1588,FUN_CODE_1588,no,bank1,1,0,1,0,0,1,1,0,
common,158E,load_dptr_d89f_tail_jump_1100,yes,bank1,1,1,0,0,0,1,1,0,
common,1594,load_dptr_d96c_tail_jump_1100,yes,bank1,1,1,0,0,0,1,1,0,
common,15A0,FUN_CODE_15a0,no,bank1,1,1,0,0,0,1,0,0,
common,15A6,FUN_CODE_15a6,no,bank1,1,1,0,0,0,1,0,0,
common,15AC,FUN_CODE_15ac,no,bank1,1,1,0,0,0,1,0,0,
common,15B2,FUN_CODE_15b2,no,bank1,1,1,0,0,0,1,0,0,
common,15B8,trampoline_bank0_c881,yes,bank1,1,1,0,0,0,1,0,0,
common,15BE,FUN_CODE_15be,no,bank1,1,1,0,0,0,1,0,0,
common,15C4,FUN_CODE_15c4,no,bank1,1,1,0,0,0,1,0,0,
common,15DC,FUN_CODE_15dc,no,bank1,1,1,0,0,0,1,0,0,
common,15EE,FUN_CODE_15ee,no,bank1,1,1,0,0,0,1,0,0,
common,15F4,FUN_CODE_15f4,no,bank1,1,0,1,0,0,1,0,0,
common,15FA,FUN_CODE_15fa,no,bank1,1,0,1,0,0,1,0,0,
common,1606,FUN_CODE_1606,no,bank1,1,0,1,0,0,1,0,0,
common,160C,FUN_CODE_160c,no,bank1,1,0,1,0,0,1,0,0,
common,1612,FUN_CODE_1612,no,bank1,1,1,0,0,0,1,0,0,
common,1618,FUN_CODE_1618,no,bank1,1,1,0,0,0,1,0,0,
common,161E,FUN_CODE_161e,no,bank1,1,0,1,0,0,1,0,0,
common,1624,FUN_CODE_1624,no,bank1,1,1,0,0,0,1,0,0,
common,1630,FUN_CODE_1630,no,bank1,1,1,0,0,0,1,0,0,
common,1BA4,FUN_CODE_1ba4,no,bank1,1,0,1,0,0,1,0,0,
common,1BF3,FUN_CODE_1bf3,no,bank1,1,1,0,0,0,1,0,0,
common,1CD2,FUN_CODE_1cd2,no,bank1,1,1,0,0,0,1,0,0,
common,1D20,FUN_CODE_1d20,no,bank1,1,1,0,0,0,1,0,0,
common,1E30,FUN_CODE_1e30,no,bank1,1,1,0,0,0,1,0,0,
common,222E,FUN_CODE_222e,no,bank1,1,1,0,0,0,1,0,0,
common,2238,FUN_CODE_2238,no,bank1,1,1,0,0,0,1,0,0,
common,223F,FUN_CODE_223f,no,bank1,1,1,0,0,0,1,0,0,
common,23C9,FUN_CODE_23c9,no,bank1,1,0,1,0,0,1,0,0,
common,2444,FUN_CODE_2444,no,bank1,1,1,0,0,0,1,0,0,
common,24D1,FUN_CODE_24d1,no,bank1,1,1,0,0,0,1,0,0,
common,2533,FUN_CODE_2533,no,bank1,1,1,0,0,0,1,0,0,
common,258B,FUN_CODE_258b,no,bank1,1,1,0,0,0,1,0,0,
common,2632,FUN_CODE_2632,no,bank1,1,1,0,0,0,1,0,0,
common,26CB,FUN_CODE_26cb,no,bank1,1,1,0,0,0,1,0,0,
common,271A,FUN_CODE_271a,no,bank1,1,1,0,0,0,1,0,0,
common,27AB,FUN_CODE_27ab,no,bank1,1,1,0,0,0,1,0,0,
common,27E3,FUN_CODE_27e3,no,bank1,1,1,0,0,0,1,0,0,
common,2819,FUN_CODE_2819,no,bank1,1,0,1,0,0,1,1,0,
common,28C1,FUN_CODE_28c1,no,bank1,1,1,0,0,0,1,0,0,
common,28D1,FUN_CODE_28d1,no,bank1,1,1,0,0,0,1,0,0,
common,291D,FUN_CODE_291d,no,bank1,1,1,0,0,0,1,0,0,
common,295F,FUN_CODE_295f,no,bank1,1,1,0,0,0,1,0,0,
common,2987,FUN_CODE_2987,no,bank1,1,1,0,0,0,1,0,0,
common,2A27,FUN_CODE_2a27,no,bank1,1,1,0,0,0,1,0,0,
common,2A38,FUN_CODE_2a38,no,bank1,1,1,0,0,0,1,0,0,
common,2A48,FUN_CODE_2a48,no,bank1,1,1,0,0,0,1,0,0,
common,2A7D,FUN_CODE_2a7d,no,bank1,1,1,0,0,0,1,0,0,
common,2A87,FUN_CODE_2a87,no,bank1,1,1,0,0,0,1,0,0,
common,2A92,FUN_CODE_2a92,no,bank1,1,1,0,0,0,1,0,0,
common,2A9A,FUN_CODE_2a9a,no,bank1,1,1,0,0,0,1,0,0,
common,2AA5,FUN_CODE_2aa5,no,bank1,1,1,0,0,0,1,0,0,
common,2AAC,FUN_CODE_2aac,no,bank1,1,1,0,0,0,1,0,0,
common,2ACD,FUN_CODE_2acd,no,bank1,1,1,0,0,0,1,0,0,
common,2B68,FUN_CODE_2b68,no,bank1,1,0,1,0,0,1,0,0,
common,2CB4,FUN_CODE_2cb4,no,bank1,1,0,1,0,0,1,0,0,
common,2D8F,FUN_CODE_2d8f,no,bank1,1,1,0,0,0,1,0,0,
common,2F85,FUN_CODE_2f85,no,bank1,1,1,0,0,0,1,0,0,
common,3099,FUN_CODE_3099,no,bank1,1,1,0,0,0,1,0,0,
common,30A6,FUN_CODE_30a6,no,bank1,1,1,0,0,0,1,0,0,
common,311D,FUN_CODE_311d,no,bank1,1,0,1,0,0,1,0,0,
common,3242,FUN_CODE_3242,no,bank1,1,0,1,0,0,1,0,0,
common,3254,FUN_CODE_3254,no,bank1,1,0,1,0,0,1,0,0,
common,3459,FUN_CODE_3459,no,bank1,1,0,1,0,0,1,1,0,
common,34C6,FUN_CODE_34c6,no,bank1,1,0,1,0,0,1,0,0,
common,3555,FUN_CODE_3555,no,bank1,1,0,1,0,0,1,0,0,
common,3578,thunk_FUN_CODE_3459,no,bank1,1,1,0,0,0,1,0,0,
common,365D,FUN_CODE_365d,no,bank1,1,1,0,0,0,1,0,0,
common,3679,FUN_CODE_3679,no,bank1,1,1,0,0,0,1,0,0,
common,375E,FUN_CODE_375e,no,bank1,1,1,0,0,0,1,0,0,
common,3770,FUN_CODE_3770,no,bank1,1,1,0,0,0,1,0,0,
common,383A,set_direct_bit_0c_3,yes,bank1,1,1,0,0,0,1,0,0,
common,386F,FUN_CODE_386f,no,bank1,1,1,0,0,0,1,0,0,
common,3878,FUN_CODE_3878,no,bank1,1,1,0,0,0,1,0,0,
common,388B,FUN_CODE_388b,no,bank1,1,1,0,0,0,1,0,0,
common,38F0,FUN_CODE_38f0,no,bank1,1,0,0,1,0,1,1,0,
common,3A0D,FUN_CODE_3a0d,no,bank1,1,0,1,0,0,1,0,0,
common,3B3C,FUN_CODE_3b3c,no,bank1,1,1,0,0,0,1,0,0,
common,3B80,FUN_CODE_3b80,no,bank1,1,1,0,0,0,1,0,0,
common,3B82,FUN_CODE_3b82,no,bank1,1,1,0,0,0,1,0,0,
common,3B83,FUN_CODE_3b83,no,bank1,1,1,0,0,0,1,0,0,
common,3BB7,FUN_CODE_3bb7,no,bank1,1,1,0,0,0,1,0,0,
common,3BC1,FUN_CODE_3bc1,no,bank1,1,1,0,0,0,1,1,0,
common,3BC9,FUN_CODE_3bc9,no,bank1,1,1,0,0,0,1,0,0,
common,3C62,FUN_CODE_3c62,no,bank1,1,1,0,0,0,1,0,0,
common,3C6D,FUN_CODE_3c6d,no,bank1,1,1,0,0,0,1,0,0,
common,3CEE,FUN_CODE_3cee,no,bank1,1,0,1,0,0,1,0,0,
common,3D6C,FUN_CODE_3d6c,no,bank1,1,1,0,0,0,1,0,0,
common,3D97,FUN_CODE_3d97,no,bank1,1,1,0,0,0,1,0,0,
common,3E8C,FUN_CODE_3e8c,no,bank1,1,0,1,0,0,1,1,0,
common,3EFF,FUN_CODE_3eff,no,bank1,1,0,1,0,0,1,0,0,
common,3FA7,FUN_CODE_3fa7,no,bank1,1,1,0,0,0,1,0,0,
common,4060,FUN_CODE_4060,no,bank1,1,0,1,0,0,1,0,0,
common,41EA,FUN_CODE_41ea,no,bank1,1,1,0,0,0,1,0,0,
common,41ED,FUN_CODE_41ed,no,bank1,1,1,0,0,0,1,0,0,
common,4228,thunk_FUN_CODE_3e8c,no,bank1,1,0,0,1,0,1,0,0,
common,424A,FUN_CODE_424a,no,bank1,1,1,0,0,0,1,0,0,
common,4358,FUN_CODE_4358,no,bank1,1,1,0,0,0,1,0,0,
common,445D,FUN_CODE_445d,no,bank1,1,0,1,0,0,1,0,0,
common,4643,FUN_CODE_4643,no,bank1,1,0,0,0,1,1,0,0,
common,4666,FUN_CODE_4666,no,bank1,1,0,1,0,0,1,0,0,
common,4921,FUN_CODE_4921,no,bank1,1,0,1,0,0,1,0,0,
common,492D,FUN_CODE_492d,no,bank1,1,0,1,0,0,1,0,0,
common,4940,FUN_CODE_4940,no,bank1,1,1,0,0,0,1,0,0,
common,4A41,FUN_CODE_4a41,no,bank1,1,1,0,0,0,1,0,0,
common,4AA6,FUN_CODE_4aa6,no,bank1,1,1,0,0,0,1,0,0,
common,4AA7,FUN_CODE_4aa7,no,bank1,1,1,0,0,0,1,0,0,
common,4AB3,FUN_CODE_4ab3,no,bank1,1,1,0,0,0,1,0,0,
common,4B22,FUN_CODE_4b22,no,bank1,1,1,0,0,0,1,0,0,
common,4B57,FUN_CODE_4b57,no,bank1,1,1,0,0,0,1,0,0,
common,4B62,FUN_CODE_4b62,no,bank1,1,1,0,0,0,1,0,0,
common,4BB0,FUN_CODE_4bb0,no,bank1,1,1,0,0,0,1,1,0,
common,57C2,FUN_CODE_57c2,no,bank1,1,0,1,0,0,1,0,0,
common,5A5A,FUN_CODE_5a5a,no,bank1,1,1,0,0,0,1,0,0,
common,5AC2,FUN_CODE_5ac2,no,bank1,1,0,1,0,0,1,0,0,
common,6116,FUN_CODE_6116,no,bank1,1,0,0,1,0,1,0,0,
common,65BC,FUN_CODE_65bc,no,bank1,1,0,0,0,1,1,0,0,
common,6811,FUN_CODE_6811,no,bank1,1,0,0,1,0,1,0,0,
common,6BFF,FUN_CODE_6bff,no,bank1,1,0,0,0,1,1,0,0,
common,6C70,FUN_CODE_6c70,no,bank1,1,0,0,1,0,1,0,0,
common,6C97,FUN_CODE_6c97,no,bank1,1,0,0,0,1,1,0,0,
common,700A,FUN_CODE_700a,no,bank1,1,0,1,0,0,1,0,0,
common,70FA,limit_65000_minus_x,yes,bank1,1,0,1,0,0,1,1,0,
common,7125,FUN_CODE_7125,no,bank1,1,1,0,0,0,1,0,0,
common,7145,FUN_CODE_7145,no,bank1,1,1,0,0,0,1,0,0,
common,717B,FUN_CODE_717b,no,bank1,1,0,1,0,0,1,0,0,
pd,0056,vector_wrapper_dp_0151,yes,,1,0,1,0,0,1,1,0,
pd,0094,vector_wrapper_dp_0154,yes,,1,0,1,0,0,1,1,0,
pd,00B2,vector_wrapper_dp_0157,yes,,1,0,1,0,0,1,1,0,
pd,010E,vector_wrapper_dp_015d,yes,,1,0,1,0,0,1,1,0,
pd,0500,c_startup_idata_clear,yes,,1,0,1,0,0,1,1,0,
pd,0721,shift_right_2x16_sticky_d5,yes,,1,1,0,0,0,1,1,0,
pd,0738,shift_r3r4_right_1,yes,,1,0,1,0,0,1,1,0,
pd,0756,saturate_all_ones,yes,,1,0,1,0,0,1,1,0,
pd,075D,clear_r4_r7_return_zero,yes,,1,0,1,0,0,1,1,0,
pd,0BF1,add_a_into_byte_by_tag_r3,yes,,1,0,1,0,0,1,1,0,
pd,0C13,FUN_CODE_0c13,no,,1,1,0,0,0,1,0,0,
pd,0CF7,FUN_CODE_0cf7,no,,1,1,0,0,0,1,1,0,
pd,0EE6,and_32bit_r0r3_r4r7,yes,,1,1,0,0,0,1,1,0,
pd,0F45,read4_ptr_kind_dispatch,yes,,1,0,1,0,0,1,1,0,
pd,1013,add_32bit_r4r7_into_xdata_at_dptr,yes,,1,0,0,1,0,1,1,0,
pd,11C2,FUN_CODE_11c2,no,,1,1,0,0,0,1,1,0,
pd,122D,jmp_code_at_dptr,yes,,1,1,0,0,0,1,1,0,
pd,12B9,read4_idata_to_r4r7,yes,,1,0,1,0,0,1,1,0,
pd,12C5,read4_xdata_to_r4r7,yes,,1,0,1,0,0,1,1,0,
pd,131B,read3_idata_to_r3r1,yes,,1,0,1,0,0,1,1,0,
pd,132D,read3_xdata_to_r3r1_132d,yes,,1,0,1,0,0,1,1,0,
pd,133F,clear_0807_0808_dispatch_0805,yes,,1,1,0,0,0,1,0,0,
pd,1820,store_r7_12_clear_bit_4d_tailcall,yes,,1,0,0,1,0,1,0,0,
pd,1E4B,read_0803_and_invert,yes,,1,1,0,0,0,1,1,0,
pd,1E9D,flag_from_f4ee,yes,,1,1,0,0,0,1,1,0,
pd,1EFE,FUN_CODE_1efe,no,,1,1,0,0,0,1,0,0,
pd,2726,invert_r7_after_f407,yes,,1,1,0,0,0,1,0,0,
pd,3494,load_b_60,yes,,1,1,0,0,0,1,0,0,
pd,34CF,r2_r1_r0_from_a_ljmp_0f0e,yes,,1,1,0,0,0,1,0,0,
pd,34ED,read_xdata_at_dptr_to_r7_34ed,yes,,1,1,0,0,0,1,1,0,
pd,34F2,add_60a_to_dptr_34f2,yes,,1,1,0,0,0,1,0,0,
pd,3500,add_60a_to_dptr_3500,yes,,1,1,0,0,0,1,0,0,
pd,3509,read_xdata_at_dptr_to_r7_3509,yes,,1,1,0,0,0,1,0,0,
pd,353E,add_60a_to_dptr_353e,yes,,1,1,0,0,0,1,0,0,
pd,3544,zero_5_xdata_bytes,yes,,1,1,0,0,0,1,0,0,
pd,354F,store_a_to_5_xdata_bytes,yes,,1,1,0,0,0,1,0,0,
pd,3565,dptr_0418_plus_60a,yes,,1,1,0,0,0,1,1,0,
pd,35AC,dptr_0428_plus_60a,yes,,1,1,0,0,0,1,1,0,
pd,3604,index_5e_f6,yes,,1,1,0,0,0,1,1,0,
pd,3621,add_60a_to_dptr_3621,yes,,1,1,0,0,0,1,1,0,
pd,362A,add_carry_into_dph,yes,,1,1,0,0,0,1,0,0,
pd,3632,set_dptr_042f_then_fall_through,yes,,1,1,0,0,0,1,1,0,
pd,363E,load_a_from_r7_then_tail_10bc,yes,,1,1,0,0,0,1,1,0,
pd,364A,mul_by_17_add_2d_split_dpl,yes,,1,1,0,0,0,1,1,0,
pd,365C,scale_dptr_from_dptr_byte,yes,,1,1,0,0,0,1,1,0,
pd,36B9,read_xdata_to_r3_set_dptr_0400,yes,,1,1,0,0,0,1,1,0,
pd,36C2,read_0803_0804_to_r7_r5,yes,,1,1,0,0,0,1,0,0,
pd,36CB,read_07d6_tail_0c7a,yes,,1,1,0,0,0,1,0,0,
pd,36E9,mask_r7_to_bit0_clear_r4_r5_r6,yes,,1,1,0,0,0,1,1,0,
pd,3706,set_r2_07_r1_d3_tail_10e8,yes,,1,1,0,0,0,1,0,0,
pd,3720,read_xdata_to_r7_set_r3_r2,yes,,1,1,0,0,0,1,1,0,
pd,3760,read_dptr_byte_then_tail_10bc_at_042c,yes,,1,1,0,0,0,1,1,0,
pd,37A7,load_r7_then_tail_10bc,yes,,1,1,0,0,0,1,1,0,
pd,384E,call_0f1f_then_return_r7_and_3,yes,,1,1,0,0,0,1,0,0,
pd,38CA,read_xdata_to_r3_set_dptr_0418,yes,,1,1,0,0,0,1,1,0,
pd,38D3,read_be16_from_dptr,yes,,1,1,0,0,0,1,1,0,
pd,3977,read_dptr_byte_then_07d2,yes,,1,1,0,0,0,1,0,0,
pd,39AC,read_byte_to_r7_set_r3_1,yes,,1,1,0,0,0,1,1,0,
pd,39E6,FUN_CODE_39e6,no,,1,1,0,0,0,1,0,0,
pd,39E7,set_args_r1_d3_r2_07_r3_01,yes,,1,1,0,0,0,1,0,0,
pd,39F9,tail_jump_10bc_with_b_60_and_r7,yes,,1,1,0,0,0,1,0,0,
pd,3A0E,read4xdata_and_return_r7_bit0,yes,,1,1,0,0,0,1,1,0,
pd,3FEA,clear_ram_07_08_then_call_10e8_at_0988,yes,,1,1,0,0,0,1,1,0,
pd,4402,run_body_while_07cf_is_zero,yes,,1,0,1,0,0,1,1,0,
pd,4800,increment_dptr_byte_and_jump_back_to_4408,yes,,1,0,0,1,0,1,1,0,
pd,4C20,call_f739_then_return_dptr_07d0,yes,,1,1,0,0,0,1,1,0,
pd,4C27,dispatch_entry,yes,,1,0,1,0,0,1,1,0,
pd,567C,scale_dptr_from_a_times_77_plus_73,yes,,1,1,0,0,0,1,1,0,
pd,56CB,store_a_then_scaled_lookup_from_r7,yes,,1,1,0,0,0,1,1,0,
pd,56F1,scale_dptr_from_a_times_77_plus_6e,yes,,1,1,0,0,0,1,1,0,
pd,584A,mul_dptr_byte_77_to_r4r5_and_arg_d7,yes,,1,1,0,0,0,1,1,0,
pd,5874,mul_dptr_byte_77_to_arg_6c,yes,,1,1,0,0,0,1,1,0,
pd,58AB,arg_89_from_r4r5_then_store_at_0864,yes,,1,1,0,0,0,1,1,0,
pd,6673,FUN_CODE_6673,no,,1,1,0,0,0,1,1,0,
pd,6FC5,scaled_lookup_from_a_times_5e_plus_f7,yes,,1,1,0,0,0,1,1,0,
pd,6FD5,call_10bc_with_b_60_and_dptr_0433,yes,,1,1,0,0,0,1,1,0,
pd,7021,scale_5e_and_call_122f,yes,,1,1,0,0,0,1,1,0,
pd,7059,call_122f,yes,,1,1,0,0,0,1,1,0,
pd,705C,load_dptr_from_iram_0d_0e,yes,,1,1,0,0,0,1,1,0,
pd,7069,read_07d4_into_r7,yes,,1,1,0,0,0,1,0,0,
pd,70A3,read_08ea_table_byte,yes,,1,1,0,0,0,1,1,0,
pd,70A4,dptr_08ed_plus_5e_times_a,yes,,1,1,0,0,0,1,0,0,
pd,70BA,read_08ed_table_byte,yes,,1,1,0,0,0,1,1,0,
pd,70C8,dptr_08e7_plus_5e_times_r7,yes,,1,1,0,0,0,1,1,0,
pd,7121,read_08e8_record_byte_from_r7,yes,,1,1,0,0,0,1,1,0,
pd,7140,pack_0108e8_plus_5e_times_a_into_r1_r3,yes,,1,1,0,0,0,1,1,0,
pd,717C,set_dptr_ffff_tail_jmp_122f,yes,,1,1,0,0,0,1,1,0,
pd,7182,pack_0108e3_plus_r6_r7_into_r1_r3,yes,,1,1,0,0,0,1,1,0,
pd,7392,count_07cb_up_to_3_over_07ca_records,yes,,1,1,0,0,0,1,0,0,
pd,7580,set_07d2_and_return_r7_zero_or_one,yes,,1,1,0,0,0,1,1,0,
pd,805E,update_07d4_state,yes,,1,1,0,0,0,1,0,0,
pd,821B,fill_0849_0857_block,yes,,1,1,0,0,0,1,1,0,
pd,8576,step_state_07d0_07d1,yes,,1,1,0,0,0,1,1,0,
pd,8814,store_3bytes_at_dptr_plus_1,yes,,1,1,0,0,0,1,1,0,
pd,88BE,update_07d6_table_entries,yes,,1,1,0,0,0,1,0,0,
pd,8A4A,FUN_CODE_8a4a,no,,1,1,0,0,0,1,1,0,
pd,8D41,advance_07d2_counter_and_dispatch,yes,,1,1,0,0,0,1,1,0,
pd,9024,make_dptr_a_minus_3,yes,,1,1,0,0,0,1,0,0,
pd,9026,make_dptr_r6_minus_3_9026,yes,,1,1,0,0,0,1,1,0,
pd,9076,read_byte_at_dptr_to_r1,yes,,1,1,0,0,0,1,0,0,
pd,9078,make_dptr_a_minus_3_col_14,yes,,1,1,0,0,0,1,0,0,
pd,90B1,store_4bytes_at_0a86,yes,,1,1,0,0,0,1,0,0,
pd,90B3,store_3bytes_at_0a86,yes,,1,1,0,0,0,1,0,0,
pd,90CF,dph_plus_double_a_90cf,yes,,1,1,0,0,0,1,1,0,
pd,90E8,read_xdata_r6_minus_3_low_a,yes,,1,1,0,0,0,1,0,0,
pd,915F,write_a_to_dptr_set_r6_r4_ret6,yes,,1,1,0,0,0,1,1,0,
pd,9177,set_b60_dptr_04a3_tail_10bc,yes,,1,1,0,0,0,1,1,0,
pd,96EB,read_dptr_to_r7_then_scale,yes,,1,1,0,0,0,1,1,0,
pd,96FB,dptr_0819_then_scale_via_96ff,yes,,1,1,0,0,0,1,1,0,
pd,970D,zero_xdata_0a14_step_17,yes,,1,1,0,0,0,1,0,0,
pd,971B,write_a_to_dptr,yes,,1,1,0,0,0,1,1,0,
pd,971C,dptr_0a15_plus_17_times_r7,yes,,1,1,0,0,0,1,0,0,
pd,972E,load_r0_r3_then_read_dptr_times_17,yes,,1,1,0,0,0,1,0,0,
pd,9751,dptr_from_a_mul_17_add_29,yes,,1,1,0,0,0,1,0,0,
pd,9768,dptr_from_a_add_17_second_half,yes,,1,1,0,0,0,1,1,0,
pd,9776,dptr_from_a_mul_17_add_1b,yes,,1,1,0,0,0,1,1,0,
pd,9793,copy_a_to_r0_r1_r2_tail_jump_0f0e,yes,,1,1,0,0,0,1,1,0,
pd,9799,load_a_from_r7_9799,yes,,1,1,0,0,0,1,0,0,
pd,979A,read_xdata_table_byte_idx_a_mul_17_add_14,yes,,1,1,0,0,0,1,1,0,
pd,97B9,read_xdata_byte_at_r4_minus_3_page_01,yes,,1,1,0,0,0,1,1,0,
pd,97CB,read_xdata_byte_at_r6_minus_3_page_01,yes,,1,1,0,0,0,1,1,0,
pd,97F3,dptr_low_from_a_add_23_no_dph_store,yes,,1,1,0,0,0,1,0,0,
pd,9849,call_0bc4_keep_result_in_r7,yes,,1,1,0,0,0,1,1,0,
pd,985D,call_0d8f_write_00_04_to_07da_07db,yes,,1,1,0,0,0,1,1,0,
pd,9883,read_xdata_byte_to_r7,yes,,1,1,0,0,0,1,1,0,
pd,9888,mul_ab_into_dptr,yes,,1,1,0,0,0,1,1,0,
pd,98A5,mul_by_0c_return_r6r7,yes,,1,1,0,0,0,1,1,0,
pd,98B1,inc_r7_carry_to_r6_setup_0005,yes,,1,1,0,0,0,1,1,0,
pd,98C1,add_r6r7_to_r1r2_tail_0bc4,yes,,1,1,0,0,0,1,1,0,
pd,9909,pass_r6_and_a_to_0d70,yes,,1,1,0,0,0,1,1,0,
pd,9920,dptr_0011_tail_0d8f,yes,,1,1,0,0,0,1,1,0,
pd,9926,dptr_001f_return_a0_b2,yes,,1,1,0,0,0,1,1,0,
pd,9965,FUN_CODE_9965,no,,1,1,0,0,0,1,1,0,
pd,996F,dptr_0010_tail_0c58,yes,,1,1,0,0,0,1,1,0,
pd,9987,load_a_from_r7_9987,yes,,1,1,0,0,0,1,1,0,
pd,9988,set_multiplier_60,yes,,1,1,0,0,0,1,1,0,
pd,998B,add_full_product_to_dptr,yes,,1,1,0,0,0,1,1,0,
pd,998F,dbl_a_add_dph_write_dph,yes,,1,1,0,0,0,1,1,0,
pd,99C9,add_r5_to_dptr,yes,,1,1,0,0,0,1,1,0,
pd,99D4,read_xdata_inc_r7_carry_r6_tail_0c8c,yes,,1,1,0,0,0,1,1,0,
pd,9A1B,a_r3_b_60_tail_10bc,yes,,1,1,0,0,0,1,1,0,
pd,9A90,load_a_from_r7_stub,yes,,1,1,0,0,0,1,1,0,
pd,9A91,set_b_60_dptr_04a4_then_ret,yes,,1,1,0,0,0,1,1,0,
pd,9ACD,dptr_add_0d0e_via_122f,yes,,1,1,0,0,0,1,1,0,
pd,9C18,set_b_67,yes,,1,1,0,0,0,1,1,0,
pd,9C45,read_xdata_to_r6_set_dptr_069a,yes,,1,1,0,0,0,1,1,0,
pd,9C4D,add_full_product_to_dptr,yes,,1,1,0,0,0,1,1,0,
pd,9CFB,read_xdata_to_r7_set_dptr_066c,yes,,1,1,0,0,0,1,1,0,
pd,9D39,set_b_67_dptr_066e,yes,,1,1,0,0,0,1,1,0,
pd,A571,dispatch_on_state_07d0,yes,,1,0,1,0,0,1,1,0,
pd,A5B3,and_16bit_fields_write_07d2_07d3,yes,,1,0,0,0,1,1,1,0,
pd,A678,inc_07d0_reenter_a571,yes,,1,0,1,0,0,1,1,0,
pd,A681,zero_r7_return,yes,,1,0,1,0,0,1,1,0,
pd,A890,ascii_string_not_code,yes,,1,0,0,1,0,1,1,0,
pd,A8AE,event_dispatch_ff80_ffe0,yes,,1,0,0,1,0,1,1,0,
pd,ABBF,build_masked_indexed_table_bytes,yes,,1,1,0,0,0,1,1,0,
pd,ACD1,read_xdata_to_a_r7,yes,,1,1,0,0,0,1,0,0,
pd,ACF6,index_a_by_5e_add_08fc,yes,,1,1,0,0,0,1,1,0,
pd,AD01,read4xdata_bit0_to_a,yes,,1,1,0,0,0,1,1,0,
pd,AD23,load_r2_from_a,yes,,1,1,0,0,0,1,1,0,
pd,AD24,copy_a_to_r0_r1_tail_jump_0f0e,yes,,1,1,0,0,0,1,1,0,
pd,AD3F,read_dptr_byte_then_dpl_17x_plus_31,yes,,1,1,0,0,0,1,1,0,
pd,AD58,set_r3_ff_dptr_0a86_call_10e8,yes,,1,1,0,0,0,1,0,0,
pd,AD94,call_1041_then_return_07d1,yes,,1,1,0,0,0,1,1,0,
pd,ADAB,copy_0809_to_080a_then_dispatch_0805,yes,,1,1,0,0,0,1,0,0,
pd,AE9C,write_07d1_then_call_chain,yes,,1,0,1,0,0,1,1,0,
pd,B156,set_dptr_083d,yes,,1,1,0,0,0,1,1,0,
pd,B176,make_dptr_from_a_low_byte,yes,,1,1,0,0,0,1,0,0,
pd,B19F,set_dptr_0a00_plus_a,yes,,1,1,0,0,0,1,1,0,
pd,B217,clear_r3_r2_r1,yes,,1,1,0,0,0,1,1,0,
pd,B24D,broadcast_a_to_r0_r2_then_sub_r4_r7,yes,,1,1,0,0,0,1,0,0,
pd,B263,add_ab_then_r7_page,yes,,1,1,0,0,0,1,1,0,
pd,B2A7,write_a_to_dptr_then_read4_from_07d8,yes,,1,1,0,0,0,1,0,0,
pd,B2AE,mul38_ptr_0946,yes,,1,1,0,0,0,1,1,0,
pd,B2D3,mul38_ptr_0976,yes,,1,1,0,0,0,1,1,0,
pd,B2E1,dptr_from_097c_plus_carry,yes,,1,1,0,0,0,1,1,0,
pd,B2E9,dptr_from_097d_plus_carry,yes,,1,1,0,0,0,1,1,0,
pd,B311,write_07d2_then_dispatch_on_07d1,yes,,1,1,0,0,0,1,1,0,
pd,BA67,write_07d4_07d5_then_return_0_or_1,yes,,1,1,0,0,0,1,0,0,
pd,C0AF,forwarder_9926_985d_cfa0,yes,,1,0,0,1,0,1,1,0,
pd,C0EF,store_0845_0847_then_return_ff_or_00,yes,,1,1,0,0,0,1,1,0,
pd,C1B3,call_0e54_with_dc_then_reenter_with_26,yes,,1,1,0,0,0,1,1,0,
pd,C1DD,load_dptr_fffe_into_0d0c,yes,,1,1,0,0,0,1,1,0,
pd,C1EF,write_a_to_dptr_then_fall_into_c1f0,yes,,1,1,0,0,0,1,1,0,
pd,C1F0,load_dptr_ffff_into_0d0d,yes,,1,1,0,0,0,1,1,0,
pd,C23A,read_byte_at_ffdc_plus_a,yes,,1,1,0,0,0,1,1,0,
pd,C24E,write_080d_then_branch_on_70e7,yes,,1,1,0,0,0,1,1,0,
pd,C2FA,write_07d0_then_run_indexed_state_chain,yes,,1,1,0,0,0,1,1,0,
pd,C808,store_a_at_dptr_and_r7_at_0800_plus_a,yes,,1,0,0,1,0,1,1,0,
pd,C873,compare_55_then_mark_0819,yes,,1,1,0,0,0,1,1,0,
pd,CB2A,store_0803_0805_then_jump_c808,yes,,1,1,0,0,0,1,0,0,
pd,CC36,call_122f_with_dptr_fffd_cc36,yes,,1,1,0,0,0,1,1,0,
pd,CDB7,FUN_CODE_cdb7,no,,1,1,0,0,0,1,0,0,
pd,CFA0,store_4_at_07d6_then_branch_on_991a,yes,,1,1,0,0,0,1,1,0,
pd,D085,decrement_00e2_and_tail_jump_to_d07b,yes,,1,0,1,0,0,1,1,0,
pd,D0F0,require_nonzero_from_b074,yes,,1,1,0,0,0,1,1,0,
pd,D6E0,inc_r0_then_reti,yes,,1,0,0,0,1,1,0,0,
pd,D78A,return_one_when_arg_matches_queried_values,yes,,1,1,0,0,0,1,1,0,
pd,D8EE,copy_0841_to_0984_when_083c_matches_097f,yes,,1,1,0,0,0,1,1,0,
pd,DA44,poll_0208_0209_then_spin,yes,,1,0,1,0,0,1,1,0,
pd,DB89,mov_dptr_07cf_and_call_10e8,yes,,1,1,0,0,0,1,1,0,
pd,DBD9,loop_c901_per_index_0x07d0,yes,,1,1,0,0,0,1,1,0,
pd,DCC7,store_then_clear_0817_and_add_r6_times_0x67,yes,,1,1,0,0,0,1,1,0,
pd,DF6A,loop_256_passes_over_07cf,yes,,1,1,0,0,0,1,1,0,
pd,DFFA,init_sequence_then_ljmp_128d,yes,,1,1,0,0,0,1,1,0,
pd,E15A,set_0832_through_5874_58ab_ed46_56cb,yes,,1,1,0,0,0,1,1,0,
pd,E2E4,poll_d78a_for_indices_0_and_1,yes,,1,1,0,0,0,1,1,0,
pd,E323,dptr_fffe_then_122f_at_e323,yes,,1,1,0,0,0,1,0,0,
pd,E543,count_07cf_and_conditional_call_122d,yes,,1,1,0,0,0,1,1,0,
pd,E877,store_080f_0810_and_pick_f50e_arg_on_carry,yes,,1,1,0,0,0,1,1,0,
pd,E930,FUN_CODE_e930,no,,1,1,0,0,0,1,0,0,
pd,E9E3,store_3byte_r3r2r1_at_0803,yes,,1,1,0,0,0,1,0,0,
pd,EA67,reset_07c9_block_then_flag_00d3_1,yes,,1,1,0,0,0,1,1,0,
pd,EBBB,init_sequence_with_ea_cleared,yes,,1,1,0,0,0,1,1,0,
pd,ED46,store_3byte_r3r2r1_at_0861,yes,,1,1,0,0,0,1,1,0,
pd,ED90,set_bit3_and_bits2_3_from_r5,yes,,1,1,0,0,0,1,1,0,
pd,EDB5,setup_04a3_r3_7_then_call_10bc,yes,,1,1,0,0,0,1,1,0,
pd,EED1,write_ff_clear_bit7_write_ff,yes,,1,1,0,0,0,1,1,0,
pd,EF59,stage_07d6_call_715e_6faf_tail_e5b3,yes,,1,1,0,0,0,1,1,0,
pd,EF79,stage_07d6_call_716c_6faf_tail_e5b3,yes,,1,1,0,0,0,1,1,0,
pd,EFB9,clear_0ffd3_ff88_ffe1_bits_then_ffd0_2e,yes,,1,1,0,0,0,1,1,0,
pd,F109,set_or_clear_bit0_via_9028,yes,,1,1,0,0,0,1,1,0,
pd,F126,gate_on_6f96_then_tail_122f_with_dp_000a,yes,,1,1,0,0,0,1,1,0,
pd,F247,write_07d6_then_table_entry_then_0_3,yes,,1,1,0,0,0,1,0,0,
pd,F28D,dptr_eaf9_index_04,yes,,1,1,0,0,0,1,1,0,
pd,F2FB,write_ffda_ffdb_10_ffd8_48_ff40_bit1,yes,,1,1,0,0,0,1,1,0,
pd,F351,gate_6f96_then_ljmp_122f,yes,,1,0,1,0,0,1,1,0,
pd,F3CC,store_r4r5_at_08ef_index_5e,yes,,1,1,0,0,0,1,1,0,
pd,F440,write_07d6_then_set_1,yes,,1,1,0,0,0,1,0,0,
pd,F477,call_0180_if_00e2_is_1,yes,,1,1,0,0,0,1,1,0,
pd,F4CD,call_70c7_with_0_then_5c_tail_f55c,yes,,1,1,0,0,0,1,0,0,
pd,F55C,write_r5_then_f763_if_6faf_zero,yes,,1,0,1,0,0,1,1,0,
pd,F56B,return_1_if_acc_bits_2_3_set,yes,,1,1,0,0,0,1,1,0,
pd,F5C3,return_1_if_56f1_byte_zero,yes,,1,1,0,0,0,1,1,0,
pd,F604,call_e458_then_r4r5r6r7_03120100,yes,,1,1,0,0,0,1,0,0,
pd,F61C,store_r7r5_0_to_07d2_if_6faf_zero,yes,,1,1,0,0,0,1,1,0,
pd,F63F,store_r7_to_07cc_r5_to_0945,yes,,1,1,0,0,0,1,1,0,
pd,F654,call_f109_if_6faf_zero,yes,,1,0,1,0,0,1,0,0,
pd,F668,call_ec36_if_6faf_zero,yes,,1,1,0,0,0,1,1,0,
pd,F672,call_f610_if_6faf_zero,yes,,1,1,0,0,0,1,0,0,
pd,F6F3,clear_ffc6_bit5,yes,,1,1,0,0,0,1,1,0,
pd,F6FB,set_ffc6_bit2,yes,,1,1,0,0,0,1,1,0,
pd,F723,chain_96ff_then_0c46,yes,,1,1,0,0,0,1,1,0,
pd,F755,read_dptr_byte_via_715e,yes,,1,1,0,0,0,1,1,0,
pd,F763,store_r5_at_dptr_via_97fb,yes,,1,1,0,0,0,1,1,0,
pd,F781,clear_sfr_88_set_sfr_a8,yes,,1,1,0,0,0,1,1,0,
pd,F786,tailcall_7b14_with_r7_zero,yes,,1,1,0,0,0,1,1,0,
pd,F79C,ljmp_d085,yes,,1,1,0,0,0,1,1,0,
pd,F79F,ljmp_4402,yes,,1,1,0,0,0,1,1,0,
pd,F7B2,ret_only_f7b2,yes,,1,1,0,0,0,1,1,0,
pd,F7B3,ret_only_f7b3,yes,,1,1,0,0,0,1,1,0,
pd,F7B4,ret_only_f7b4,yes,,1,1,0,0,0,1,1,0,
pd,F7B7,ret_only_f7b7,yes,,1,1,0,0,0,1,1,0,
