file_offset,runtime,candidate,verdict,target,enclosing,in_listing,ends,frame_onto,frame_over,region
0x20000,0x0000,byte-scan+walk,decoded-ljmp,0x0500,0x0000,yes,tail jump to a callee,0,0,not listed
0x20003,0x0003,byte-scan+walk,decoded-ljmp,0x0056,0x0003,yes,tail jump to a callee,3,0,not listed
0x2000B,0x000B,byte-scan+walk,decoded-ljmp,0x0094,0x000B,yes,tail jump to a callee,11,0,not listed
0x20013,0x0013,byte-scan+walk,decoded-ljmp,0x00B2,0x0013,yes,tail jump to a callee,19,0,not listed
0x2001B,0x001B,byte-scan+walk,decoded-ljmp,0x00F0,0x001B,yes,tail jump to a callee,24,0,not listed
0x20023,0x0023,byte-scan+walk,decoded-ljmp,0x010E,0x0023,yes,tail jump to a callee,24,0,not listed
0x20050,0x0050,byte-scan+walk,decoded-lcall,0x10F1,0x0050,yes,tail jump to a callee,0,24,not listed
0x20053,0x0053,byte-scan+walk,decoded-ljmp,0x1229,0x0050,yes,tail jump to a callee,1,23,not listed
0x20054,0x0054,byte-scan,operand,0x29C0,0x0050,yes,,22,2,not listed
0x20068,0x0068,byte-scan,operand,0xC003,0x0056,yes,,1,23,not listed
0x20076,0x0076,byte-scan+walk,decoded-lcall,0x0050,0x0056,yes,reti,23,1,not listed
0x20084,0x0084,byte-scan,operand,0xD001,0x0056,yes,,0,24,not listed
0x200A4,0x00A4,byte-scan+walk,decoded-lcall,0x0050,0x0094,yes,reti,22,2,not listed
0x200C4,0x00C4,byte-scan,operand,0xC003,0x00B2,yes,,1,23,not listed
0x200D2,0x00D2,byte-scan+walk,decoded-lcall,0x0050,0x00B2,yes,reti,24,0,not listed
0x200E0,0x00E0,byte-scan,operand,0xD001,0x00B2,yes,,0,24,not listed
0x20100,0x0100,byte-scan+walk,decoded-lcall,0x0050,0x00F0,yes,reti,24,0,not listed
0x20120,0x0120,byte-scan,operand,0xC003,0x010E,yes,,1,23,not listed
0x2012E,0x012E,byte-scan+walk,decoded-lcall,0x0050,0x010E,yes,reti,24,0,not listed
0x2013C,0x013C,byte-scan,operand,0xD001,0x010E,yes,,0,24,not listed
0x20192,0x0192,byte-scan+walk,decoded-ljmp,0x0381,0x0180,yes,tail jump to a callee,24,0,not listed
0x2019C,0x019C,byte-scan+walk,decoded-ljmp,0x022C,0x0180,yes,tail jump to a callee,24,0,not listed
0x2019D,0x019D,byte-scan,operand,0x2C14,0x0180,yes,,0,24,not listed
0x201A2,0x01A2,byte-scan+walk,decoded-ljmp,0x0234,0x0180,yes,tail jump to a callee,24,0,not listed
0x201A3,0x01A3,byte-scan,operand,0x3414,0x0180,yes,,0,24,not listed
0x201A8,0x01A8,byte-scan+walk,decoded-ljmp,0x023C,0x0180,yes,tail jump to a callee,24,0,not listed
0x201A9,0x01A9,byte-scan,operand,0x3C14,0x0180,yes,,0,24,not listed
0x201AE,0x01AE,byte-scan+walk,decoded-ljmp,0x0279,0x0180,yes,tail jump to a callee,24,0,not listed
0x201AF,0x01AF,byte-scan,operand,0x7924,0x0180,yes,,0,24,not listed
0x201B5,0x01B5,byte-scan+walk,decoded-ljmp,0x02CA,0x0180,yes,tail jump to a callee,24,0,not listed
0x201B6,0x01B6,byte-scan,operand,0xCA12,0x0180,yes,,0,24,not listed
0x201B8,0x01B8,byte-scan+walk,decoded-lcall,0xB154,0x0180,yes,tail jump to a callee,23,1,not listed
0x201BB,0x01BB,byte-scan+walk,decoded-lcall,0x104D,0x0180,yes,tail jump to a callee,23,1,not listed
0x201C2,0x01C2,byte-scan+walk,decoded-lcall,0x03B6,0x0180,yes,tail jump to a callee,17,7,not listed
0x201C5,0x01C5,byte-scan+walk,decoded-lcall,0x104D,0x0180,yes,tail jump to a callee,15,9,not listed
0x201CC,0x01CC,byte-scan+walk,decoded-lcall,0x0382,0x0180,yes,tail jump to a callee,9,15,not listed
0x201CF,0x01CF,byte-scan+walk,decoded-lcall,0x104D,0x0180,yes,tail jump to a callee,7,17,not listed
0x201D6,0x01D6,byte-scan+walk,decoded-lcall,0x039C,0x0180,yes,tail jump to a callee,4,20,not listed
0x201D9,0x01D9,byte-scan+walk,decoded-lcall,0x104D,0x0180,yes,tail jump to a callee,24,0,not listed
0x201E0,0x01E0,byte-scan+walk,decoded-lcall,0x03D0,0x0180,yes,tail jump to a callee,18,6,not listed
0x201E3,0x01E3,byte-scan+walk,decoded-lcall,0x104D,0x0180,yes,tail jump to a callee,16,8,not listed
0x201EA,0x01EA,byte-scan+walk,decoded-lcall,0x0473,0x0180,yes,tail jump to a callee,10,14,not listed
0x201EF,0x01EF,byte-scan+walk,decoded-ljmp,0x02B3,0x0180,yes,tail jump to a callee,23,1,not listed
0x201F0,0x01F0,byte-scan,operand,0xB312,0x0180,yes,,0,24,not listed
0x201F2,0x01F2,byte-scan+walk,decoded-lcall,0xB154,0x0180,yes,tail jump to a callee,23,1,not listed
0x201F5,0x01F5,byte-scan+walk,decoded-lcall,0x104D,0x0180,yes,tail jump to a callee,23,1,not listed
0x201FC,0x01FC,byte-scan+walk,decoded-lcall,0x03B6,0x0180,yes,tail jump to a callee,17,7,not listed
0x201FF,0x01FF,byte-scan+walk,decoded-lcall,0x104D,0x0180,yes,tail jump to a callee,15,9,not listed
0x20206,0x0206,byte-scan+walk,decoded-lcall,0x0382,0x0180,yes,tail jump to a callee,9,15,not listed
0x20209,0x0209,byte-scan+walk,decoded-lcall,0x104D,0x0180,yes,tail jump to a callee,7,17,not listed
0x20210,0x0210,byte-scan+walk,decoded-lcall,0x039C,0x0180,yes,tail jump to a callee,4,20,not listed
0x20213,0x0213,byte-scan+walk,decoded-lcall,0x104D,0x0180,yes,tail jump to a callee,24,0,not listed
0x2021A,0x021A,byte-scan+walk,decoded-lcall,0x03D0,0x0180,no,tail jump to a callee,18,6,not listed
0x2021D,0x021D,byte-scan+walk,decoded-lcall,0x104D,0x0180,no,tail jump to a callee,16,8,not listed
0x20224,0x0224,byte-scan+walk,decoded-lcall,0x0473,0x0180,no,tail jump to a callee,10,14,not listed
0x20229,0x0229,byte-scan+walk,decoded-ljmp,0x02B3,0x0180,no,tail jump to a callee,23,1,not listed
0x2022A,0x022A,byte-scan,operand,0xB390,0x0180,no,,0,24,not listed
0x20231,0x0231,byte-scan+walk,decoded-ljmp,0x02B3,0x0180,no,tail jump to a callee,24,0,not listed
0x20232,0x0232,byte-scan,operand,0xB390,0x0180,no,,0,24,not listed
0x20239,0x0239,byte-scan+walk,decoded-ljmp,0x02B3,0x0180,no,tail jump to a callee,24,0,not listed
0x2023A,0x023A,byte-scan,operand,0xB312,0x0180,no,,0,24,not listed
0x2023C,0x023C,byte-scan+walk,decoded-lcall,0xB154,0x0180,no,tail jump to a callee,23,1,not listed
0x2023F,0x023F,byte-scan+walk,decoded-lcall,0x104D,0x0180,no,tail jump to a callee,23,1,not listed
0x20246,0x0246,byte-scan+walk,decoded-lcall,0x041E,0x0180,no,tail jump to a callee,17,7,not listed
0x20249,0x0249,byte-scan+walk,decoded-lcall,0x104D,0x0180,no,tail jump to a callee,24,0,not listed
0x20250,0x0250,byte-scan+walk,decoded-lcall,0x03EA,0x0180,no,tail jump to a callee,18,6,not listed
0x20253,0x0253,byte-scan+walk,decoded-lcall,0x104D,0x0180,no,tail jump to a callee,24,0,not listed
0x2025A,0x025A,byte-scan+walk,decoded-lcall,0x0404,0x0180,no,tail jump to a callee,18,6,not listed
0x2025D,0x025D,byte-scan+walk,decoded-lcall,0x104D,0x0180,no,tail jump to a callee,24,0,not listed
0x20264,0x0264,byte-scan+walk,decoded-lcall,0x0438,0x0180,no,tail jump to a callee,18,6,not listed
0x20267,0x0267,byte-scan+walk,decoded-lcall,0x104D,0x0180,no,tail jump to a callee,24,0,not listed
0x2026E,0x026E,byte-scan+walk,decoded-lcall,0x049C,0x0180,no,tail jump to a callee,18,6,not listed
0x20276,0x0276,byte-scan+walk,decoded-ljmp,0x02B3,0x0180,no,tail jump to a callee,24,0,not listed
0x20277,0x0277,byte-scan,operand,0xB312,0x0180,no,,0,24,not listed
0x20279,0x0279,byte-scan+walk,decoded-lcall,0xB154,0x0180,no,ret,23,1,not listed
0x2027C,0x027C,byte-scan+walk,decoded-lcall,0x104D,0x0180,no,ret,23,1,not listed
0x20283,0x0283,byte-scan+walk,decoded-lcall,0x041E,0x0180,no,ret,17,7,not listed
0x20286,0x0286,byte-scan+walk,decoded-lcall,0x104D,0x0180,no,ret,24,0,not listed
0x2028D,0x028D,byte-scan+walk,decoded-lcall,0x03EA,0x0180,no,ret,18,6,not listed
0x20290,0x0290,byte-scan+walk,decoded-lcall,0x104D,0x0180,no,ret,24,0,not listed
0x20297,0x0297,byte-scan+walk,decoded-lcall,0x0404,0x0180,no,ret,18,6,not listed
0x2029A,0x029A,byte-scan+walk,decoded-lcall,0x104D,0x0180,no,ret,24,0,not listed
0x202A1,0x02A1,byte-scan+walk,decoded-lcall,0x0438,0x0180,no,ret,18,6,not listed
0x202A4,0x02A4,byte-scan+walk,decoded-lcall,0x104D,0x0180,no,ret,24,0,not listed
0x202AB,0x02AB,byte-scan+walk,decoded-lcall,0x049C,0x0180,no,ret,18,6,not listed
0x202B3,0x02B3,byte-scan+walk,decoded-lcall,0xB159,0x0180,no,ret,24,0,not listed
0x202B6,0x02B6,byte-scan+walk,decoded-lcall,0x104D,0x0180,no,ret,24,0,not listed
0x202C7,0x02C7,byte-scan+walk,decoded-lcall,0xCE36,0x0180,no,ret,24,0,not listed
0x202D4,0x02D4,byte-scan+walk,decoded-lcall,0xB156,0x0180,no,ret,24,0,not listed
0x202D7,0x02D7,byte-scan+walk,decoded-lcall,0x104D,0x0180,no,ret,24,0,not listed
0x202DE,0x02DE,byte-scan+walk,decoded-lcall,0x0452,0x0180,no,ret,18,6,not listed
0x202E1,0x02E1,byte-scan+walk,decoded-lcall,0x104D,0x0180,no,ret,16,8,not listed
0x202E8,0x02E8,byte-scan+walk,decoded-lcall,0x0490,0x0180,no,ret,10,14,not listed
0x202F0,0x02F0,byte-scan+walk,decoded-lcall,0xB159,0x0180,no,ret,24,0,not listed
0x202F3,0x02F3,byte-scan+walk,decoded-lcall,0x104D,0x0180,no,ret,24,0,not listed
0x202FA,0x02FA,byte-scan+walk,decoded-lcall,0x0452,0x0180,no,ret,18,6,not listed
0x202FD,0x02FD,byte-scan+walk,decoded-lcall,0x104D,0x0180,no,ret,16,8,not listed
0x20304,0x0304,byte-scan+walk,decoded-lcall,0x0490,0x0180,no,ret,10,14,not listed
0x2030C,0x030C,byte-scan+walk,decoded-lcall,0xB159,0x0180,no,ret,24,0,not listed
0x2030F,0x030F,byte-scan+walk,decoded-lcall,0x104D,0x0180,no,ret,24,0,not listed
0x20316,0x0316,byte-scan+walk,decoded-lcall,0x0484,0x0180,no,ret,18,6,not listed
0x20319,0x0319,byte-scan+walk,decoded-lcall,0xB15A,0x0180,no,ret,24,0,not listed
0x2031C,0x031C,byte-scan+walk,decoded-lcall,0x104D,0x0180,no,ret,24,0,not listed
0x20323,0x0323,byte-scan+walk,decoded-lcall,0x0464,0x0180,no,ret,18,6,not listed
0x20328,0x0328,byte-scan+walk,decoded-lcall,0xB159,0x0180,no,ret,15,9,not listed
0x2032B,0x032B,byte-scan+walk,decoded-lcall,0x104D,0x0180,no,ret,24,0,not listed
0x20332,0x0332,byte-scan+walk,decoded-lcall,0x0484,0x0180,no,ret,18,6,not listed
0x20335,0x0335,byte-scan+walk,decoded-lcall,0xB15A,0x0180,no,ret,24,0,not listed
0x20338,0x0338,byte-scan+walk,decoded-lcall,0x104D,0x0180,no,ret,24,0,not listed
0x2033F,0x033F,byte-scan+walk,decoded-lcall,0x0464,0x0180,no,ret,18,6,not listed
0x20344,0x0344,byte-scan+walk,decoded-lcall,0xB159,0x0180,no,ret,24,0,not listed
0x20347,0x0347,byte-scan+walk,decoded-lcall,0x104D,0x0180,no,ret,24,0,not listed
0x2034E,0x034E,byte-scan+walk,decoded-lcall,0x04AA,0x0180,no,ret,18,6,not listed
0x20351,0x0351,byte-scan+walk,decoded-lcall,0xB15A,0x0180,no,ret,16,8,not listed
0x20354,0x0354,byte-scan+walk,decoded-lcall,0x104D,0x0180,no,ret,24,0,not listed
0x2035C,0x035C,byte-scan,operand,0x1204,0x0180,no,,6,18,not listed
0x2035D,0x035D,byte-scan+walk,decoded-lcall,0x04B6,0x0180,no,ret,17,7,not listed
0x20365,0x0365,byte-scan+walk,decoded-lcall,0xB159,0x0180,no,ret,24,0,not listed
0x20368,0x0368,byte-scan+walk,decoded-lcall,0x104D,0x0180,no,ret,24,0,not listed
0x2036F,0x036F,byte-scan+walk,decoded-lcall,0x04AA,0x0180,no,ret,18,6,not listed
0x20372,0x0372,byte-scan+walk,decoded-lcall,0xB15A,0x0180,no,ret,16,8,not listed
0x20375,0x0375,byte-scan+walk,decoded-lcall,0x104D,0x0180,no,ret,24,0,not listed
0x2037E,0x037E,byte-scan+walk,decoded-lcall,0x04B6,0x0180,no,ret,24,0,not listed
0x2038C,0x038C,byte-scan+walk,decoded-lcall,0xCE36,0x0180,no,ret,24,0,not listed
0x20398,0x0398,byte-scan+walk,decoded-lcall,0x122F,0x0180,no,ret,24,0,not listed
0x20399,0x0399,byte-scan,operand,0x2F22,0x0180,no,,0,24,not listed
0x203A5,0x03A5,byte-scan,operand,0x12CE,0x0180,no,,0,24,not listed
0x203A6,0x03A6,byte-scan+walk,decoded-lcall,0xCE36,0x0180,no,ret,23,1,not listed
0x203B2,0x03B2,byte-scan+walk,decoded-lcall,0x122F,0x0180,no,ret,24,0,not listed
0x203B3,0x03B3,byte-scan,operand,0x2F22,0x0180,no,,0,24,not listed
0x203C0,0x03C0,byte-scan+walk,decoded-lcall,0xCE36,0x0180,no,ret,24,0,not listed
0x203CC,0x03CC,byte-scan+walk,decoded-lcall,0x122F,0x0180,no,ret,24,0,not listed
0x203CD,0x03CD,byte-scan,operand,0x2F22,0x0180,no,,0,24,not listed
0x203D9,0x03D9,byte-scan,operand,0x12CE,0x0180,no,,1,23,not listed
0x203DA,0x03DA,byte-scan+walk,decoded-lcall,0xCE36,0x0180,no,ret,22,2,not listed
0x203E6,0x03E6,byte-scan+walk,decoded-lcall,0x122F,0x0180,no,ret,24,0,not listed
0x203E7,0x03E7,byte-scan,operand,0x2F22,0x0180,no,,0,24,not listed
0x203F4,0x03F4,byte-scan+walk,decoded-lcall,0xCE36,0x0180,no,ret,24,0,not listed
0x20400,0x0400,byte-scan+walk,decoded-lcall,0x122F,0x0180,no,ret,24,0,not listed
0x20401,0x0401,byte-scan,operand,0x2F22,0x0180,no,,0,24,not listed
0x2040D,0x040D,byte-scan,operand,0x12CE,0x0180,no,,0,24,not listed
0x2040E,0x040E,byte-scan+walk,decoded-lcall,0xCE36,0x0180,no,ret,23,1,not listed
0x2041A,0x041A,byte-scan+walk,decoded-lcall,0x122F,0x0180,no,ret,24,0,not listed
0x2041B,0x041B,byte-scan,operand,0x2F22,0x0180,no,,0,24,not listed
0x20428,0x0428,byte-scan+walk,decoded-lcall,0xCE36,0x0180,no,ret,24,0,not listed
0x20434,0x0434,byte-scan+walk,decoded-lcall,0x122F,0x0180,no,ret,24,0,not listed
0x20435,0x0435,byte-scan,operand,0x2F22,0x0180,no,,0,24,not listed
0x20441,0x0441,byte-scan,operand,0x12CE,0x0180,no,,1,23,not listed
0x20442,0x0442,byte-scan+walk,decoded-lcall,0xCE36,0x0180,no,ret,22,2,not listed
0x2044E,0x044E,byte-scan+walk,decoded-lcall,0x122F,0x0180,no,ret,24,0,not listed
0x2044F,0x044F,byte-scan,operand,0x2F22,0x0180,no,,0,24,not listed
0x2045A,0x045A,byte-scan+walk,decoded-lcall,0xD29B,0x0180,no,ret,24,0,not listed
0x20460,0x0460,byte-scan+walk,decoded-lcall,0x122F,0x0180,no,ret,24,0,not listed
0x20461,0x0461,byte-scan,operand,0x2F22,0x0180,no,,0,24,not listed
0x2046B,0x046B,byte-scan,operand,0x12C3,0x0180,no,,0,24,not listed
0x2046C,0x046C,byte-scan+walk,decoded-lcall,0xC3A5,0x0180,no,ret,23,1,not listed
0x2047C,0x047C,byte-scan,operand,0x12CE,0x0180,no,,0,24,not listed
0x2047D,0x047D,byte-scan+walk,decoded-lcall,0xCE36,0x0180,no,ret,23,1,not listed
0x2048C,0x048C,byte-scan+walk,decoded-lcall,0xD29B,0x0180,no,ret,24,0,not listed
0x20498,0x0498,byte-scan+walk,decoded-lcall,0xC3A5,0x0180,no,ret,24,0,not listed
0x204A5,0x04A5,byte-scan,operand,0x12CE,0x0180,no,,0,24,not listed
0x204A6,0x04A6,byte-scan+walk,decoded-lcall,0xCE36,0x0180,no,ret,23,1,not listed
0x204B2,0x04B2,byte-scan+walk,decoded-lcall,0xD29B,0x0180,no,ret,24,0,not listed
0x204BC,0x04BC,byte-scan+walk,decoded-lcall,0xC3A5,0x0180,no,ret,24,0,not listed
0x204C3,0x04C3,byte-scan+walk,decoded-lcall,0x10E8,0x0180,no,loop back to 0x04FF,22,2,not listed
0x204D2,0x04D2,byte-scan,operand,0xC001,0x0180,no,,0,24,not listed
0x204D8,0x04D8,byte-scan+walk,decoded-lcall,0x10C8,0x0180,no,loop back to 0x04FF,21,3,not listed
0x204DB,0x04DB,byte-scan+walk,decoded-lcall,0x111D,0x0180,no,loop back to 0x04FF,20,4,not listed
0x204E1,0x04E1,byte-scan+walk,decoded-lcall,0xB1F2,0x0180,no,loop back to 0x04FF,22,2,not listed
0x204ED,0x04ED,byte-scan,operand,0xC001,0x0180,no,,0,24,not listed
0x204F3,0x04F3,byte-scan+walk,decoded-lcall,0x10C8,0x0180,no,loop back to 0x04FF,21,3,not listed
0x204F6,0x04F6,byte-scan+walk,decoded-lcall,0x111D,0x0180,no,loop back to 0x04FF,20,4,not listed
0x204FC,0x04FC,byte-scan+walk,decoded-lcall,0xB1F2,0x0180,no,loop back to 0x04FF,24,0,not listed
0x20523,0x0523,byte-scan+walk,decoded-ljmp,0x0561,0x0500,yes,tail jump to a callee,22,2,not listed
0x20526,0x0526,byte-scan+walk,decoded-ljmp,0xDA44,0x0500,yes,tail jump to a callee,23,1,not listed
0x2055A,0x055A,byte-scan,mid-instruction,0x0408,0x0500,yes,,0,24,not listed
0x205C2,0x05C2,byte-scan+walk,decoded-ljmp,0x0756,0x05A6,yes,loop back to 0x06A9,24,0,not listed
0x205C5,0x05C5,byte-scan+walk,decoded-lcall,0x0721,0x05A6,yes,loop back to 0x06A9,24,0,not listed
0x205D5,0x05D5,byte-scan+walk,decoded-ljmp,0x0760,0x05A6,yes,loop back to 0x06A9,24,0,not listed
0x205DB,0x05DB,byte-scan+walk,decoded-ljmp,0x075D,0x05A6,yes,loop back to 0x06A9,24,0,not listed
0x205EA,0x05EA,byte-scan+walk,decoded-ljmp,0x074C,0x05A6,yes,loop back to 0x06A9,24,0,not listed
0x20603,0x0603,byte-scan+walk,decoded-ljmp,0x068F,0x05A6,yes,loop back to 0x06A9,24,0,not listed
0x2069A,0x069A,byte-scan+walk,decoded-ljmp,0x0760,0x05A6,yes,loop back to 0x06A9,24,0,not listed
0x206A9,0x06A9,byte-scan+walk,decoded-ljmp,0x0738,0x05A6,yes,loop back to 0x06A9,24,0,not listed
0x206C5,0x06C5,byte-scan,unreached-by-this-method,0x0F00,0x06B1,yes,,23,1,not listed
0x2071E,0x071E,byte-scan+walk,decoded-ljmp,0x0F00,0x06EA,yes,tail jump to a callee,22,2,not listed
0x20734,0x0734,byte-scan,operand,0xB2D5,0x0721,yes,,0,24,not listed
0x20778,0x0778,byte-scan,mid-instruction,0xFBE5,0x0760,no,,0,24,not listed
0x2077F,0x077F,byte-scan,unreached-by-this-method,0x1583,0x0760,no,,3,21,not listed
0x20793,0x0793,byte-scan,unreached-by-this-method,0x1583,0x0760,no,,2,22,not listed
0x20832,0x0832,byte-scan+walk,decoded-lcall,0x0A75,0x0760,no,ret,24,0,not listed
0x20841,0x0841,byte-scan+walk,decoded-lcall,0x09A8,0x0760,no,ret,24,0,not listed
0x20848,0x0848,byte-scan+walk,decoded-lcall,0x0A75,0x0760,no,ret,24,0,not listed
0x20857,0x0857,byte-scan+walk,decoded-lcall,0x05A6,0x0760,no,ret,24,0,not listed
0x208AD,0x08AD,byte-scan,unreached-by-this-method,0x0756,0x0760,no,,24,0,not listed
0x208ED,0x08ED,byte-scan,unreached-by-this-method,0x0721,0x0760,no,,24,0,not listed
0x208FF,0x08FF,byte-scan,mid-instruction,0xB2D5,0x0760,no,,0,24,not listed
0x20902,0x0902,byte-scan,unreached-by-this-method,0x0760,0x0760,no,,23,1,not listed
0x2091D,0x091D,byte-scan,unreached-by-this-method,0x0738,0x0760,no,,24,0,not listed
0x20967,0x0967,byte-scan,mid-instruction,0x22DB,0x0760,no,,0,24,not listed
0x2096B,0x096B,byte-scan,unreached-by-this-method,0x075D,0x0760,no,,24,0,not listed
0x2097E,0x097E,byte-scan,unreached-by-this-method,0x0738,0x0760,no,,24,0,not listed
0x20993,0x0993,byte-scan,unreached-by-this-method,0x0760,0x0760,no,,24,0,not listed
0x209A2,0x09A2,byte-scan,unreached-by-this-method,0x0738,0x0760,no,,24,0,not listed
0x209A5,0x09A5,byte-scan+walk,decoded-ljmp,0x0760,0x0760,no,depth limit at 0x0A40,24,0,not listed
0x209B2,0x09B2,byte-scan+walk,decoded-ljmp,0x0756,0x0760,no,depth limit at 0x0A40,24,0,not listed
0x209B5,0x09B5,byte-scan+walk,decoded-lcall,0x0721,0x0760,no,depth limit at 0x0A40,24,0,not listed
0x209D2,0x09D2,byte-scan,operand,0x5006,0x0760,no,,0,24,not listed
0x209D5,0x09D5,byte-scan+walk,decoded-ljmp,0x075D,0x0760,no,depth limit at 0x0A40,24,0,not listed
0x209E5,0x09E5,byte-scan+walk,decoded-ljmp,0x074C,0x0760,no,depth limit at 0x0A40,22,2,not listed
0x20A27,0x0A27,byte-scan+walk,decoded-ljmp,0x0738,0x0760,no,depth limit at 0x0A40,24,0,not listed
0x20A7E,0x0A7E,byte-scan+walk,decoded-lcall,0x0AA3,0x0760,no,loop back to 0x0A8F,24,0,not listed
0x20A86,0x0A86,byte-scan+walk,decoded-lcall,0x0A8F,0x0760,no,loop back to 0x0A8F,24,0,not listed
0x20A89,0x0A89,byte-scan+walk,decoded-lcall,0x0A9E,0x0760,no,loop back to 0x0A8F,22,2,not listed
0x20A8C,0x0A8C,byte-scan+walk,decoded-lcall,0x05A6,0x0760,no,loop back to 0x0A8F,24,0,not listed
0x20A99,0x0A99,byte-scan+walk,decoded-lcall,0x0A9E,0x0760,no,loop back to 0x0A8F,24,0,not listed
0x20B92,0x0B92,byte-scan,operand,0xB404,0x0B85,yes,,0,24,not listed
0x20B9C,0x0B9C,byte-scan,operand,0xB404,0x0B85,yes,,0,24,not listed
0x20BB5,0x0BB5,byte-scan,operand,0xE722,0x0BAB,yes,,0,24,not listed
0x20BBA,0x0BBA,byte-scan,operand,0xE322,0x0BAB,yes,,1,23,not listed
0x20C50,0x0C50,byte-scan,operand,0xF722,0x0C46,yes,,0,24,not listed
0x20CF0,0x0CF0,byte-scan,unreached-by-this-method,0x1583,0x0C8C,no,,2,22,not listed
0x20D04,0x0D04,byte-scan,operand,0x1583,0x0CF7,yes,,2,22,not listed
0x20F4C,0x0F4C,byte-scan+walk,decoded-ljmp,0x0FAF,0x0F45,yes,tail jump to a callee,24,0,not listed
0x20F53,0x0F53,byte-scan+walk,decoded-ljmp,0x12B9,0x0F45,yes,tail jump to a callee,24,0,not listed
0x20F54,0x0F54,byte-scan,operand,0xB9BB,0x0F45,yes,,0,24,not listed
0x20F5B,0x0F5B,byte-scan+walk,decoded-ljmp,0x12C5,0x0F45,yes,tail jump to a callee,24,0,not listed
0x20F5C,0x0F5C,byte-scan,operand,0xC589,0x0F45,yes,,0,24,not listed
0x20F62,0x0F62,byte-scan+walk,decoded-ljmp,0x0FBB,0x0F45,yes,tail jump to a callee,24,0,not listed
0x20F72,0x0F72,byte-scan+walk,decoded-ljmp,0x0FAF,0x0F45,no,tail jump to a callee,24,0,not listed
0x20F7B,0x0F7B,byte-scan+walk,decoded-ljmp,0x12B9,0x0F45,no,tail jump to a callee,24,0,not listed
0x20F7C,0x0F7C,byte-scan,operand,0xB9BB,0x0F45,no,,0,24,not listed
0x20F85,0x0F85,byte-scan+walk,decoded-ljmp,0x12C5,0x0F45,no,tail jump to a callee,24,0,not listed
0x20F86,0x0F86,byte-scan,operand,0xC5E5,0x0F45,no,,0,24,not listed
0x20F92,0x0F92,byte-scan+walk,decoded-ljmp,0x0FBB,0x0F45,no,tail jump to a callee,24,0,not listed
0x20F9C,0x0F9C,byte-scan,unreached-by-this-method,0x1041,0x0F45,no,,24,0,not listed
0x20FA3,0x0FA3,byte-scan,unreached-by-this-method,0x12D1,0x0F45,no,,24,0,not listed
0x20FA4,0x0FA4,byte-scan,mid-instruction,0xD1BB,0x0F45,no,,0,24,not listed
0x20FAB,0x0FAB,byte-scan,unreached-by-this-method,0x12DD,0x0F45,no,,24,0,not listed
0x20FAC,0x0FAC,byte-scan,mid-instruction,0xDD22,0x0F45,no,,0,24,not listed
0x20FC3,0x0FC3,byte-scan,operand,0x93FE,0x0FBB,yes,,0,24,not listed
0x20FEC,0x0FEC,byte-scan,operand,0x1583,0x0FCB,no,,2,22,not listed
0x20FF8,0x0FF8,byte-scan,operand,0x1583,0x0FCB,no,,2,22,not listed
0x21004,0x1004,byte-scan,operand,0x1583,0x0FCB,no,,2,22,not listed
0x21021,0x1021,byte-scan,operand,0x1583,0x1013,yes,,2,22,not listed
0x2102D,0x102D,byte-scan,operand,0x1583,0x1013,yes,,2,22,not listed
0x21039,0x1039,byte-scan,operand,0x1583,0x1013,yes,,2,22,not listed
0x21056,0x1056,byte-scan+walk,decoded-lcall,0x1064,0x104D,yes,indirect jump -- target not resolvable from the bytes,23,1,not listed
0x21059,0x1059,byte-scan+walk,decoded-lcall,0x1064,0x104D,yes,indirect jump -- target not resolvable from the bytes,21,3,not listed
0x2105C,0x105C,byte-scan+walk,decoded-lcall,0x1064,0x104D,yes,indirect jump -- target not resolvable from the bytes,19,5,not listed
0x2105F,0x105F,byte-scan+walk,decoded-lcall,0x1064,0x104D,yes,indirect jump -- target not resolvable from the bytes,17,7,not listed
0x21085,0x1085,byte-scan,unreached-by-this-method,0x104D,0x1064,no,,24,0,not listed
0x2108C,0x108C,byte-scan,unreached-by-this-method,0x12E9,0x1064,no,,24,0,not listed
0x2108D,0x108D,byte-scan,mid-instruction,0xE9BB,0x1064,no,,0,24,not listed
0x21094,0x1094,byte-scan,unreached-by-this-method,0x1302,0x1064,no,,24,0,not listed
0x21096,0x1096,byte-scan,unreached-by-this-method,0x22BB,0x1064,no,,1,23,not listed
0x210A5,0x10A5,byte-scan,unreached-by-this-method,0x104D,0x1064,no,,24,0,not listed
0x210AE,0x10AE,byte-scan,unreached-by-this-method,0x12E9,0x1064,no,,24,0,not listed
0x210AF,0x10AF,byte-scan,mid-instruction,0xE9BB,0x1064,no,,0,24,not listed
0x210B8,0x10B8,byte-scan,unreached-by-this-method,0x1302,0x1064,no,,24,0,not listed
0x210BA,0x10BA,byte-scan,unreached-by-this-method,0x22A4,0x1064,no,,1,23,not listed
0x210E0,0x10E0,byte-scan,operand,0x1583,0x10C8,no,,2,22,not listed
0x210F9,0x10F9,byte-scan,operand,0x93F9,0x10F1,yes,,0,24,not listed
0x21104,0x1104,byte-scan+walk,decoded-ljmp,0x10C8,0x10FD,yes,tail jump to a callee,24,0,not listed
0x2110B,0x110B,byte-scan+walk,decoded-ljmp,0x131B,0x10FD,yes,tail jump to a callee,24,0,not listed
0x21113,0x1113,byte-scan+walk,decoded-ljmp,0x132D,0x10FD,yes,tail jump to a callee,24,0,not listed
0x2111A,0x111A,byte-scan+walk,decoded-ljmp,0x10F1,0x10FD,yes,tail jump to a callee,24,0,not listed
0x21137,0x1137,byte-scan+walk,decoded-ljmp,0x10E8,0x10FD,no,ret,24,0,not listed
0x2114F,0x114F,byte-scan+walk,decoded-ljmp,0x1324,0x10FD,no,ret,24,0,not listed
0x21168,0x1168,byte-scan+walk,decoded-ljmp,0x1336,0x10FD,no,ret,24,0,not listed
0x21179,0x1179,byte-scan,unreached-by-this-method,0x10C8,0x10FD,no,,24,0,not listed
0x21182,0x1182,byte-scan,unreached-by-this-method,0x131B,0x10FD,no,,24,0,not listed
0x2118C,0x118C,byte-scan,unreached-by-this-method,0x132D,0x10FD,no,,24,0,not listed
0x21199,0x1199,byte-scan,unreached-by-this-method,0x10F1,0x10FD,no,,24,0,not listed
0x211A4,0x11A4,byte-scan,operand,0x7401,0x119C,yes,,0,24,not listed
0x211B8,0x11B8,byte-scan,operand,0x9368,0x119C,yes,,0,24,not listed
0x211CA,0x11CA,byte-scan,operand,0x7401,0x11C2,yes,,0,24,not listed
0x211DE,0x11DE,byte-scan,operand,0x93B5,0x11C2,yes,,0,24,not listed
0x211F6,0x11F6,byte-scan,mid-instruction,0x7401,0x11C2,no,,0,24,not listed
0x2120A,0x120A,byte-scan,mid-instruction,0x936C,0x11C2,no,,0,24,not listed
0x2120E,0x120E,byte-scan,mid-instruction,0x7403,0x11C2,no,,0,24,not listed
0x21290,0x1290,byte-scan,operand,0xEF60,0x128D,yes,,0,24,not listed
0x212F7,0x12F7,byte-scan,mid-instruction,0x93F6,0x12C5,no,,0,24,not listed
0x21310,0x1310,byte-scan,mid-instruction,0x93F2,0x12C5,no,,0,24,not listed
0x21342,0x1342,byte-scan+walk,decoded-lcall,0x393D,0x133F,yes,ret,24,0,not listed
0x21350,0x1350,byte-scan+walk,decoded-lcall,0x1E9D,0x133F,yes,ret,24,0,not listed
0x2135D,0x135D,byte-scan+walk,decoded-lcall,0x1E4B,0x133F,yes,ret,24,0,not listed
0x21366,0x1366,byte-scan,operand,0x2290,0x133F,yes,,0,24,not listed
0x2136C,0x136C,byte-scan+walk,decoded-lcall,0x119C,0x133F,yes,ret,24,0,not listed
0x21371,0x1371,walk,decoded-ljmp,0x1013,0x133F,yes,ret,24,0,not listed
0x21374,0x1374,byte-scan,mid-instruction,0x13DC,0x133F,no,,0,24,not listed
0x2139E,0x139E,byte-scan,mid-instruction,0x1DA9,0x133F,no,,0,24,not listed
0x213AF,0x13AF,byte-scan,unreached-by-this-method,0x1E5C,0x133F,no,,24,0,not listed
0x213B8,0x13B8,byte-scan,unreached-by-this-method,0x3946,0x133F,no,,24,0,not listed
0x213BE,0x13BE,byte-scan,unreached-by-this-method,0x3497,0x133F,no,,22,2,not listed
0x213C1,0x13C1,byte-scan,unreached-by-this-method,0x0FAF,0x133F,no,,24,0,not listed
0x213C6,0x13C6,byte-scan,unreached-by-this-method,0x36E6,0x133F,no,,24,0,not listed
0x213CE,0x13CE,byte-scan,unreached-by-this-method,0x1E86,0x133F,no,,24,0,not listed
0x213D9,0x13D9,byte-scan,unreached-by-this-method,0x143A,0x133F,no,,24,0,not listed
0x213DC,0x13DC,byte-scan,unreached-by-this-method,0x3802,0x133F,no,,24,0,not listed
0x213DE,0x13DE,byte-scan,unreached-by-this-method,0x1210,0x133F,no,,1,23,not listed
0x213DF,0x13DF,byte-scan,unreached-by-this-method,0x104D,0x133F,no,,22,2,not listed
0x213E6,0x13E6,byte-scan,unreached-by-this-method,0x1EBE,0x133F,no,,16,8,not listed
0x213EC,0x13EC,byte-scan,unreached-by-this-method,0x34ED,0x133F,no,,24,0,not listed
0x213F0,0x13F0,byte-scan,unreached-by-this-method,0x349B,0x133F,no,,24,0,not listed
0x213F3,0x13F3,byte-scan,unreached-by-this-method,0x38D3,0x133F,no,,24,0,not listed
0x213F6,0x13F6,byte-scan,unreached-by-this-method,0x11C2,0x133F,no,,24,0,not listed
0x213FB,0x13FB,byte-scan,unreached-by-this-method,0x0614,0x133F,no,,24,0,not listed
0x2140C,0x140C,byte-scan,unreached-by-this-method,0x151D,0x133F,no,,24,0,not listed
0x21410,0x1410,byte-scan,unreached-by-this-method,0x14E9,0x133F,no,,24,0,not listed
0x2141D,0x141D,byte-scan,unreached-by-this-method,0xD83D,0x133F,no,,22,2,not listed
0x21420,0x1420,byte-scan,unreached-by-this-method,0x357B,0x133F,no,,24,0,not listed
0x21423,0x1423,byte-scan,unreached-by-this-method,0x3497,0x133F,no,,23,1,not listed
0x21426,0x1426,byte-scan,unreached-by-this-method,0x104D,0x133F,no,,24,0,not listed
0x21430,0x1430,byte-scan,unreached-by-this-method,0x3493,0x133F,no,,22,2,not listed
0x21433,0x1433,byte-scan,unreached-by-this-method,0x104D,0x133F,no,,24,0,not listed
0x2143D,0x143D,byte-scan,unreached-by-this-method,0x104D,0x133F,no,,24,0,not listed
0x21444,0x1444,byte-scan,unreached-by-this-method,0x3570,0x133F,no,,18,6,not listed
0x21449,0x1449,byte-scan,unreached-by-this-method,0x1BDC,0x133F,no,,24,0,not listed
0x2144F,0x144F,byte-scan,unreached-by-this-method,0x1A71,0x133F,no,,24,0,not listed
0x21452,0x1452,byte-scan,unreached-by-this-method,0x3A00,0x133F,no,,22,2,not listed
0x21457,0x1457,byte-scan,unreached-by-this-method,0xD83D,0x133F,no,,24,0,not listed
0x2145D,0x145D,byte-scan,unreached-by-this-method,0x104D,0x133F,no,,24,0,not listed
0x21464,0x1464,byte-scan,unreached-by-this-method,0x1A89,0x133F,no,,18,6,not listed
0x21467,0x1467,byte-scan,unreached-by-this-method,0x357B,0x133F,no,,16,8,not listed
0x2146A,0x146A,byte-scan,unreached-by-this-method,0x3497,0x133F,no,,23,1,not listed
0x2146D,0x146D,byte-scan,unreached-by-this-method,0x104D,0x133F,no,,24,0,not listed
0x21474,0x1474,byte-scan,unreached-by-this-method,0x3519,0x133F,no,,24,0,not listed
0x21477,0x1477,byte-scan,unreached-by-this-method,0x3497,0x133F,no,,24,0,not listed
0x2147A,0x147A,byte-scan,unreached-by-this-method,0x104D,0x133F,no,,24,0,not listed
0x21484,0x1484,byte-scan,unreached-by-this-method,0x104D,0x133F,no,,24,0,not listed
0x21490,0x1490,byte-scan,unreached-by-this-method,0x38F3,0x133F,no,,24,0,not listed
0x21493,0x1493,byte-scan,unreached-by-this-method,0xCCB7,0x133F,no,,24,0,not listed
0x2149D,0x149D,byte-scan,unreached-by-this-method,0xEBE4,0x133F,no,,24,0,not listed
0x214A0,0x14A0,byte-scan,unreached-by-this-method,0x1E09,0x133F,no,,24,0,not listed
0x214A3,0x14A3,byte-scan,unreached-by-this-method,0x357B,0x133F,no,,24,0,not listed
0x214A6,0x14A6,byte-scan,unreached-by-this-method,0x3497,0x133F,no,,23,1,not listed
0x214A9,0x14A9,byte-scan,unreached-by-this-method,0x104D,0x133F,no,,24,0,not listed
0x214B0,0x14B0,byte-scan,unreached-by-this-method,0x3519,0x133F,no,,24,0,not listed
0x214B3,0x14B3,byte-scan,unreached-by-this-method,0x3497,0x133F,no,,24,0,not listed
0x214B6,0x14B6,byte-scan,unreached-by-this-method,0x104D,0x133F,no,,24,0,not listed
0x214C2,0x14C2,byte-scan,unreached-by-this-method,0xF54D,0x133F,no,,24,0,not listed
0x214CB,0x14CB,byte-scan,unreached-by-this-method,0x104D,0x133F,no,,24,0,not listed
0x214D2,0x14D2,byte-scan,unreached-by-this-method,0x3570,0x133F,no,,18,6,not listed
0x214D7,0x14D7,byte-scan,unreached-by-this-method,0x1AA2,0x133F,no,,24,0,not listed
0x214DA,0x14DA,byte-scan,unreached-by-this-method,0x104D,0x133F,no,,22,2,not listed
0x214E1,0x14E1,byte-scan,unreached-by-this-method,0x3570,0x133F,no,,16,8,not listed
0x214E6,0x14E6,byte-scan,unreached-by-this-method,0x174F,0x133F,no,,22,2,not listed
0x214E9,0x14E9,byte-scan,unreached-by-this-method,0x1E9D,0x133F,no,,24,0,not listed
0x214EE,0x14EE,byte-scan,unreached-by-this-method,0x1E09,0x133F,no,,24,0,not listed
0x214F1,0x14F1,byte-scan,unreached-by-this-method,0x357B,0x133F,no,,24,0,not listed
0x214F4,0x14F4,byte-scan,unreached-by-this-method,0x3497,0x133F,no,,23,1,not listed
0x214F7,0x14F7,byte-scan,unreached-by-this-method,0x104D,0x133F,no,,24,0,not listed
0x214FE,0x14FE,byte-scan,unreached-by-this-method,0x3519,0x133F,no,,24,0,not listed
0x21501,0x1501,byte-scan,unreached-by-this-method,0x3497,0x133F,no,,24,0,not listed
0x21504,0x1504,byte-scan,unreached-by-this-method,0x104D,0x133F,no,,24,0,not listed
0x2150E,0x150E,byte-scan,unreached-by-this-method,0x104D,0x133F,no,,24,0,not listed
0x21515,0x1515,byte-scan,unreached-by-this-method,0x3570,0x133F,no,,18,6,not listed
0x21519,0x1519,byte-scan,unreached-by-this-method,0x0217,0x133F,no,,1,23,not listed
0x2151A,0x151A,byte-scan,unreached-by-this-method,0x1719,0x133F,no,,22,2,not listed
0x21526,0x1526,byte-scan,unreached-by-this-method,0x1C6A,0x133F,no,,24,0,not listed
0x21529,0x1529,byte-scan,unreached-by-this-method,0x17CC,0x133F,no,,24,0,not listed
0x2152C,0x152C,byte-scan,unreached-by-this-method,0x1684,0x133F,no,,24,0,not listed
0x2152F,0x152F,byte-scan,unreached-by-this-method,0x3946,0x133F,no,,24,0,not listed
0x21535,0x1535,byte-scan,unreached-by-this-method,0x3497,0x133F,no,,22,2,not listed
0x2153E,0x153E,byte-scan,unreached-by-this-method,0x11C2,0x133F,no,,24,0,not listed
0x21547,0x1547,byte-scan,unreached-by-this-method,0x0616,0x133F,no,,24,0,not listed
0x2154B,0x154B,byte-scan,mid-instruction,0x0815,0x133F,no,,0,24,not listed
0x2155C,0x155C,byte-scan,unreached-by-this-method,0x0000,0x133F,no,,24,0,not listed
0x21566,0x1566,byte-scan,unreached-by-this-method,0x34FD,0x133F,no,,24,0,not listed
0x2156A,0x156A,byte-scan,unreached-by-this-method,0x349B,0x133F,no,,24,0,not listed
0x2156D,0x156D,byte-scan,unreached-by-this-method,0x104D,0x133F,no,,24,0,not listed
0x21575,0x1575,byte-scan,unreached-by-this-method,0x351A,0x133F,no,,24,0,not listed
0x21578,0x1578,byte-scan,unreached-by-this-method,0x10BC,0x133F,no,,24,0,not listed
0x2157C,0x157C,byte-scan,unreached-by-this-method,0x349B,0x133F,no,,23,1,not listed
0x2157F,0x157F,byte-scan,unreached-by-this-method,0x104D,0x133F,no,,24,0,not listed
0x2158D,0x158D,byte-scan,unreached-by-this-method,0x104D,0x133F,no,,22,2,not listed
0x21596,0x1596,byte-scan,unreached-by-this-method,0x1E2E,0x133F,no,,24,0,not listed
0x215A0,0x15A0,byte-scan,unreached-by-this-method,0x1D0F,0x133F,no,,24,0,not listed
0x215A4,0x15A4,byte-scan,mid-instruction,0x7BFF,0x133F,no,,0,24,not listed
0x215A7,0x15A7,byte-scan,unreached-by-this-method,0x1D0F,0x133F,no,,24,0,not listed
0x215AA,0x15AA,byte-scan,unreached-by-this-method,0x357B,0x133F,no,,24,0,not listed
0x215AD,0x15AD,byte-scan,unreached-by-this-method,0x3497,0x133F,no,,23,1,not listed
0x215B0,0x15B0,byte-scan,unreached-by-this-method,0x104D,0x133F,no,,24,0,not listed
0x215B7,0x15B7,byte-scan,unreached-by-this-method,0x3519,0x133F,no,,24,0,not listed
0x215BA,0x15BA,byte-scan,unreached-by-this-method,0x3497,0x133F,no,,24,0,not listed
0x215BD,0x15BD,byte-scan,unreached-by-this-method,0x104D,0x133F,no,,24,0,not listed
0x215C4,0x15C4,byte-scan,unreached-by-this-method,0x1E5C,0x133F,no,,24,0,not listed
0x215D1,0x15D1,byte-scan,mid-instruction,0x7BFF,0x133F,no,,0,24,not listed
0x215D4,0x15D4,byte-scan,unreached-by-this-method,0x1D0F,0x133F,no,,24,0,not listed
0x215D7,0x15D7,byte-scan,unreached-by-this-method,0x1E65,0x133F,no,,24,0,not listed
0x215E1,0x15E1,byte-scan,unreached-by-this-method,0x1CAF,0x133F,no,,24,0,not listed
0x215E5,0x15E5,byte-scan,unreached-by-this-method,0x7BFF,0x133F,no,,2,22,not listed
0x215E8,0x15E8,byte-scan,unreached-by-this-method,0x1CAF,0x133F,no,,24,0,not listed
0x215EB,0x15EB,byte-scan,unreached-by-this-method,0x357B,0x133F,no,,22,2,not listed
0x215EE,0x15EE,byte-scan,unreached-by-this-method,0x3497,0x133F,no,,23,1,not listed
0x215F1,0x15F1,byte-scan,unreached-by-this-method,0x104D,0x133F,no,,24,0,not listed
0x215F8,0x15F8,byte-scan,unreached-by-this-method,0x3519,0x133F,no,,24,0,not listed
0x215FB,0x15FB,byte-scan,unreached-by-this-method,0x3497,0x133F,no,,24,0,not listed
0x215FE,0x15FE,byte-scan,unreached-by-this-method,0x104D,0x133F,no,,24,0,not listed
0x2160A,0x160A,byte-scan,unreached-by-this-method,0xF2A3,0x133F,no,,24,0,not listed
0x21613,0x1613,byte-scan,unreached-by-this-method,0x104D,0x133F,no,,24,0,not listed
0x2161A,0x161A,byte-scan,unreached-by-this-method,0x3570,0x133F,no,,18,6,not listed
0x2161F,0x161F,byte-scan,unreached-by-this-method,0x1BDC,0x133F,no,,24,0,not listed
0x21622,0x1622,byte-scan,unreached-by-this-method,0x104D,0x133F,no,,22,2,not listed
0x21629,0x1629,byte-scan,unreached-by-this-method,0x3570,0x133F,no,,16,8,not listed
0x2162E,0x162E,byte-scan,unreached-by-this-method,0x1BDC,0x133F,no,,24,0,not listed
0x21631,0x1631,byte-scan,unreached-by-this-method,0x357B,0x133F,no,,22,2,not listed
0x21634,0x1634,byte-scan,unreached-by-this-method,0x3497,0x133F,no,,23,1,not listed
0x21637,0x1637,byte-scan,unreached-by-this-method,0x104D,0x133F,no,,24,0,not listed
0x2163E,0x163E,byte-scan,unreached-by-this-method,0x3519,0x133F,no,,24,0,not listed
0x21641,0x1641,byte-scan,unreached-by-this-method,0x3497,0x133F,no,,24,0,not listed
0x21644,0x1644,byte-scan,unreached-by-this-method,0x104D,0x133F,no,,24,0,not listed
0x2164B,0x164B,byte-scan,unreached-by-this-method,0x1E65,0x133F,no,,24,0,not listed
0x21658,0x1658,byte-scan,mid-instruction,0x7BFF,0x133F,no,,0,24,not listed
0x2165B,0x165B,byte-scan,unreached-by-this-method,0x1D0F,0x133F,no,,24,0,not listed
0x21661,0x1661,byte-scan,unreached-by-this-method,0x34ED,0x133F,no,,24,0,not listed
0x21665,0x1665,byte-scan,unreached-by-this-method,0x349B,0x133F,no,,24,0,not listed
0x21672,0x1672,byte-scan,mid-instruction,0x7003,0x133F,no,,0,24,not listed
0x21675,0x1675,byte-scan,unreached-by-this-method,0x1E09,0x133F,no,,24,0,not listed
0x21681,0x1681,byte-scan,unreached-by-this-method,0x1E09,0x133F,no,,24,0,not listed
0x21687,0x1687,byte-scan,unreached-by-this-method,0x104D,0x133F,no,,24,0,not listed
0x21694,0x1694,byte-scan,mid-instruction,0x7A07,0x133F,no,,0,24,not listed
0x21697,0x1697,byte-scan,unreached-by-this-method,0x18A1,0x133F,no,,24,0,not listed
0x2169D,0x169D,byte-scan,unreached-by-this-method,0x34ED,0x133F,no,,24,0,not listed
0x216A1,0x16A1,byte-scan,unreached-by-this-method,0x349B,0x133F,no,,24,0,not listed
0x216A4,0x16A4,byte-scan,unreached-by-this-method,0x38D3,0x133F,no,,24,0,not listed
0x216A7,0x16A7,byte-scan,unreached-by-this-method,0x11C2,0x133F,no,,24,0,not listed
0x216AC,0x16AC,byte-scan,mid-instruction,0x0716,0x133F,no,,0,24,not listed
0x216BF,0x16BF,byte-scan,unreached-by-this-method,0x0902,0x133F,no,,24,0,not listed
0x216C1,0x16C1,byte-scan,unreached-by-this-method,0x0000,0x133F,no,,1,23,not listed
0x216CB,0x16CB,byte-scan,unreached-by-this-method,0x104D,0x133F,no,,24,0,not listed
0x216DB,0x16DB,byte-scan,unreached-by-this-method,0x174F,0x133F,no,,24,0,not listed
0x216E1,0x16E1,byte-scan,unreached-by-this-method,0x104D,0x133F,no,,24,0,not listed
0x216E8,0x16E8,byte-scan,unreached-by-this-method,0x3570,0x133F,no,,18,6,not listed
0x216ED,0x16ED,byte-scan,unreached-by-this-method,0x1A7D,0x133F,no,,24,0,not listed
0x216F3,0x16F3,byte-scan,unreached-by-this-method,0x104D,0x133F,no,,24,0,not listed
0x216FA,0x16FA,byte-scan,unreached-by-this-method,0x3570,0x133F,no,,18,6,not listed
0x216FF,0x16FF,byte-scan,unreached-by-this-method,0x1AA2,0x133F,no,,24,0,not listed
0x21702,0x1702,byte-scan,unreached-by-this-method,0x1EE3,0x133F,no,,22,2,not listed
0x21707,0x1707,byte-scan,unreached-by-this-method,0x1E09,0x133F,no,,24,0,not listed
0x2170D,0x170D,byte-scan,unreached-by-this-method,0x104D,0x133F,no,,24,0,not listed
0x21714,0x1714,byte-scan,unreached-by-this-method,0x3570,0x133F,no,,18,6,not listed
0x2171B,0x171B,byte-scan,unreached-by-this-method,0x1D83,0x133F,no,,24,0,not listed
0x2171E,0x171E,byte-scan,unreached-by-this-method,0x1EE3,0x133F,no,,24,0,not listed
0x21723,0x1723,byte-scan,unreached-by-this-method,0x1E09,0x133F,no,,24,0,not listed
0x21726,0x1726,byte-scan,unreached-by-this-method,0x357B,0x133F,no,,24,0,not listed
0x21729,0x1729,byte-scan,unreached-by-this-method,0x3497,0x133F,no,,23,1,not listed
0x2172C,0x172C,byte-scan,unreached-by-this-method,0x104D,0x133F,no,,24,0,not listed
0x21733,0x1733,byte-scan,unreached-by-this-method,0x3519,0x133F,no,,24,0,not listed
0x21736,0x1736,byte-scan,unreached-by-this-method,0x3497,0x133F,no,,24,0,not listed
0x21739,0x1739,byte-scan,unreached-by-this-method,0x104D,0x133F,no,,24,0,not listed
0x21743,0x1743,byte-scan,unreached-by-this-method,0x104D,0x133F,no,,24,0,not listed
0x2174A,0x174A,byte-scan,unreached-by-this-method,0x3570,0x133F,no,,18,6,not listed
0x2174E,0x174E,byte-scan,unreached-by-this-method,0xFBFA,0x133F,no,,1,23,not listed
0x21751,0x1751,byte-scan,unreached-by-this-method,0x1D83,0x133F,no,,24,0,not listed
0x21754,0x1754,byte-scan,unreached-by-this-method,0x357B,0x133F,no,,24,0,not listed
0x21757,0x1757,byte-scan,unreached-by-this-method,0x3497,0x133F,no,,23,1,not listed
0x2175A,0x175A,byte-scan,unreached-by-this-method,0x104D,0x133F,no,,24,0,not listed
0x21761,0x1761,byte-scan,unreached-by-this-method,0x3519,0x133F,no,,24,0,not listed
0x21764,0x1764,byte-scan,unreached-by-this-method,0x3497,0x133F,no,,24,0,not listed
0x21767,0x1767,byte-scan,unreached-by-this-method,0x104D,0x133F,no,,24,0,not listed
0x21771,0x1771,byte-scan,unreached-by-this-method,0x3539,0x133F,no,,24,0,not listed
0x21775,0x1775,byte-scan,unreached-by-this-method,0x349B,0x133F,no,,24,0,not listed
0x21785,0x1785,byte-scan,unreached-by-this-method,0x34DA,0x133F,no,,24,0,not listed
0x21791,0x1791,byte-scan,unreached-by-this-method,0x38A1,0x133F,no,,24,0,not listed
0x21795,0x1795,byte-scan,unreached-by-this-method,0x06B1,0x133F,no,,24,0,not listed
0x217A0,0x17A0,byte-scan,unreached-by-this-method,0x05A6,0x133F,no,,24,0,not listed
0x217A3,0x17A3,byte-scan,unreached-by-this-method,0x06EA,0x133F,no,,23,1,not listed
0x217A8,0x17A8,byte-scan,unreached-by-this-method,0x1ED5,0x133F,no,,24,0,not listed
0x217AD,0x17AD,byte-scan,unreached-by-this-method,0x38A1,0x133F,no,,24,0,not listed
0x217B1,0x17B1,byte-scan,unreached-by-this-method,0x06B1,0x133F,no,,24,0,not listed
0x217BC,0x17BC,byte-scan,unreached-by-this-method,0x05A6,0x133F,no,,24,0,not listed
0x217BF,0x17BF,byte-scan,unreached-by-this-method,0x06EA,0x133F,no,,23,1,not listed
0x217C4,0x17C4,byte-scan,unreached-by-this-method,0x1ED5,0x133F,no,,23,1,not listed
0x217CC,0x17CC,byte-scan,unreached-by-this-method,0x104D,0x133F,no,,24,0,not listed
0x217D3,0x17D3,byte-scan,unreached-by-this-method,0x3570,0x133F,no,,18,6,not listed
0x217DA,0x17DA,byte-scan,unreached-by-this-method,0x1D83,0x133F,no,,24,0,not listed
0x217E0,0x17E0,byte-scan,unreached-by-this-method,0x37B6,0x133F,no,,24,0,not listed
0x217E3,0x17E3,byte-scan,unreached-by-this-method,0x3A00,0x133F,no,,22,2,not listed
0x217E7,0x17E7,byte-scan,unreached-by-this-method,0xC24E,0x133F,no,,24,0,not listed
0x217EF,0x17EF,byte-scan,unreached-by-this-method,0x38A1,0x133F,no,,24,0,not listed
0x217F2,0x17F2,byte-scan,unreached-by-this-method,0xD83D,0x133F,no,,22,2,not listed
0x217F8,0x17F8,byte-scan,unreached-by-this-method,0x104D,0x133F,no,,24,0,not listed
0x217FF,0x17FF,byte-scan,unreached-by-this-method,0x3570,0x133F,no,,18,6,not listed
0x21805,0x1805,byte-scan,mid-instruction,0x12CC,0x133F,no,,0,24,not listed
0x21806,0x1806,byte-scan,unreached-by-this-method,0xCCB7,0x133F,no,,23,1,not listed
0x2180C,0x180C,byte-scan,unreached-by-this-method,0x104D,0x133F,no,,19,5,not listed
0x21816,0x1816,byte-scan,unreached-by-this-method,0x3720,0x133F,no,,24,0,not listed
0x2181B,0x181B,byte-scan,unreached-by-this-method,0x7CE0,0x133F,no,,24,0,not listed
0x21821,0x1821,byte-scan,operand,0x104D,0x1820,yes,,22,2,not listed
0x2182B,0x182B,byte-scan+walk,decoded-lcall,0x3720,0x1820,yes,tail jump to a callee,24,0,not listed
0x2182E,0x182E,byte-scan+walk,decoded-ljmp,0x1CCE,0x1820,yes,tail jump to a callee,22,2,not listed
0x21831,0x1831,byte-scan,unreached-by-this-method,0x34B2,0x1820,yes,,24,0,not listed
0x21839,0x1839,byte-scan,unreached-by-this-method,0x7F00,0x1820,yes,,1,23,not listed
0x2183F,0x183F,byte-scan,unreached-by-this-method,0x1E7D,0x1820,no,,23,1,not listed
0x21845,0x1845,byte-scan,unreached-by-this-method,0x1E0C,0x1820,no,,24,0,not listed
0x21855,0x1855,byte-scan,unreached-by-this-method,0x68E2,0x1820,no,,24,0,not listed
0x21863,0x1863,byte-scan,unreached-by-this-method,0x365C,0x1820,no,,24,0,not listed
0x21868,0x1868,byte-scan,unreached-by-this-method,0x1EED,0x1820,no,,24,0,not listed
0x2186D,0x186D,byte-scan,unreached-by-this-method,0x1E09,0x1820,no,,24,0,not listed
0x21870,0x1870,byte-scan,unreached-by-this-method,0xF739,0x1820,no,,24,0,not listed
0x21876,0x1876,byte-scan,unreached-by-this-method,0x347B,0x1820,no,,24,0,not listed
0x21879,0x1879,byte-scan,unreached-by-this-method,0x104D,0x1820,no,,23,1,not listed
0x21880,0x1880,byte-scan,unreached-by-this-method,0x3519,0x1820,no,,24,0,not listed
0x21883,0x1883,byte-scan,unreached-by-this-method,0x3497,0x1820,no,,24,0,not listed
0x21886,0x1886,byte-scan,unreached-by-this-method,0x104D,0x1820,no,,24,0,not listed
0x21894,0x1894,byte-scan,unreached-by-this-method,0x104D,0x1820,no,,24,0,not listed
0x218A3,0x18A3,byte-scan,unreached-by-this-method,0x1D83,0x1820,no,,24,0,not listed
0x218A6,0x18A6,byte-scan,unreached-by-this-method,0x34B2,0x1820,no,,24,0,not listed
0x218AE,0x18AE,byte-scan,unreached-by-this-method,0x7F00,0x1820,no,,1,23,not listed
0x218B4,0x18B4,byte-scan,unreached-by-this-method,0x1E7D,0x1820,no,,24,0,not listed
0x218BF,0x18BF,byte-scan,unreached-by-this-method,0x3509,0x1820,no,,24,0,not listed
0x218C5,0x18C5,byte-scan,mid-instruction,0x5008,0x1820,no,,0,24,not listed
0x218C8,0x18C8,byte-scan,unreached-by-this-method,0x1E86,0x1820,no,,24,0,not listed
0x218D0,0x18D0,byte-scan,unreached-by-this-method,0x1E4B,0x1820,no,,24,0,not listed
0x218E0,0x18E0,byte-scan,unreached-by-this-method,0xF2A3,0x1820,no,,24,0,not listed
0x218E9,0x18E9,byte-scan,unreached-by-this-method,0x104D,0x1820,no,,24,0,not listed
0x218F6,0x18F6,byte-scan,mid-instruction,0x021C,0x1820,no,,0,24,not listed
0x218F7,0x18F7,byte-scan,unreached-by-this-method,0x1C49,0x1820,no,,23,1,not listed
0x218FF,0x18FF,byte-scan,unreached-by-this-method,0x5972,0x1820,no,,24,0,not listed
0x21907,0x1907,byte-scan,unreached-by-this-method,0x1E09,0x1820,no,,24,0,not listed
0x21910,0x1910,byte-scan,unreached-by-this-method,0x104D,0x1820,no,,24,0,not listed
0x21917,0x1917,byte-scan,unreached-by-this-method,0x3570,0x1820,no,,18,6,not listed
0x2191E,0x191E,byte-scan,unreached-by-this-method,0x1D83,0x1820,no,,24,0,not listed
0x21924,0x1924,byte-scan,unreached-by-this-method,0x34D9,0x1820,no,,24,0,not listed
0x2192A,0x192A,byte-scan,unreached-by-this-method,0x34C9,0x1820,no,,24,0,not listed
0x21932,0x1932,byte-scan,unreached-by-this-method,0x7F00,0x1820,no,,1,23,not listed
0x2193D,0x193D,byte-scan,unreached-by-this-method,0xF703,0x1820,no,,24,0,not listed
0x21946,0x1946,byte-scan,unreached-by-this-method,0x3509,0x1820,no,,24,0,not listed
0x2194C,0x194C,byte-scan,mid-instruction,0x500A,0x1820,no,,0,24,not listed
0x21951,0x1951,byte-scan,unreached-by-this-method,0x1EC9,0x1820,no,,24,0,not listed
0x2195B,0x195B,byte-scan,unreached-by-this-method,0x1E6E,0x1820,no,,23,1,not listed
0x2196B,0x196B,byte-scan,unreached-by-this-method,0x34DA,0x1820,no,,24,0,not listed
0x21970,0x1970,byte-scan,mid-instruction,0xFEE4,0x1820,no,,0,24,not listed
0x21978,0x1978,byte-scan,unreached-by-this-method,0x1A41,0x1820,no,,24,0,not listed
0x2197D,0x197D,byte-scan,unreached-by-this-method,0x1EED,0x1820,no,,24,0,not listed
0x21982,0x1982,byte-scan,unreached-by-this-method,0x1A2B,0x1820,no,,24,0,not listed
0x21988,0x1988,byte-scan,unreached-by-this-method,0x34A5,0x1820,no,,24,0,not listed
0x2198B,0x198B,byte-scan,unreached-by-this-method,0x349B,0x1820,no,,24,0,not listed
0x2198E,0x198E,byte-scan,unreached-by-this-method,0x0FAF,0x1820,no,,24,0,not listed
0x21995,0x1995,byte-scan,mid-instruction,0xFEE4,0x1820,no,,0,24,not listed
0x21998,0x1998,byte-scan,unreached-by-this-method,0x34CC,0x1820,no,,24,0,not listed
0x219A0,0x19A0,byte-scan,unreached-by-this-method,0x7F00,0x1820,no,,1,23,not listed
0x219A9,0x19A9,byte-scan,unreached-by-this-method,0x34A5,0x1820,no,,24,0,not listed
0x219AC,0x19AC,byte-scan,unreached-by-this-method,0x349B,0x1820,no,,24,0,not listed
0x219B3,0x19B3,byte-scan,unreached-by-this-method,0x0FAF,0x1820,no,,23,1,not listed
0x219B8,0x19B8,byte-scan,mid-instruction,0xFEEC,0x1820,no,,0,24,not listed
0x219BF,0x19BF,byte-scan,unreached-by-this-method,0x1041,0x1820,no,,24,0,not listed
0x219CC,0x19CC,byte-scan,unreached-by-this-method,0xF407,0x1820,no,,24,0,not listed
0x219D7,0x19D7,byte-scan,unreached-by-this-method,0x1E94,0x1820,no,,24,0,not listed
0x219E0,0x19E0,byte-scan,mid-instruction,0x1234,0x1820,no,,0,24,not listed
0x219E1,0x19E1,byte-scan,unreached-by-this-method,0x34A6,0x1820,no,,23,1,not listed
0x219E4,0x19E4,byte-scan,unreached-by-this-method,0x349B,0x1820,no,,22,2,not listed
0x219EB,0x19EB,byte-scan,unreached-by-this-method,0x0FAF,0x1820,no,,23,1,not listed
0x219F3,0x19F3,byte-scan,unreached-by-this-method,0x34A6,0x1820,no,,22,2,not listed
0x219F6,0x19F6,byte-scan,unreached-by-this-method,0x349B,0x1820,no,,21,3,not listed
0x219FD,0x19FD,byte-scan,unreached-by-this-method,0x0FAF,0x1820,no,,23,1,not listed
0x21A09,0x1A09,byte-scan,unreached-by-this-method,0x1041,0x1820,no,,24,0,not listed
0x21A12,0x1A12,byte-scan,unreached-by-this-method,0x34A5,0x1820,no,,24,0,not listed
0x21A15,0x1A15,byte-scan,unreached-by-this-method,0x349B,0x1820,no,,24,0,not listed
0x21A1C,0x1A1C,byte-scan,unreached-by-this-method,0x0FAF,0x1820,no,,23,1,not listed
0x21A28,0x1A28,byte-scan,unreached-by-this-method,0x1041,0x1820,no,,24,0,not listed
0x21A30,0x1A30,byte-scan,unreached-by-this-method,0xDE90,0x1820,no,,24,0,not listed
0x21A36,0x1A36,byte-scan,unreached-by-this-method,0x1E0C,0x1820,no,,24,0,not listed
0x21A48,0x1A48,byte-scan,unreached-by-this-method,0x3528,0x1820,no,,22,2,not listed
0x21A4B,0x1A4B,byte-scan,unreached-by-this-method,0x366C,0x1820,no,,24,0,not listed
0x21A4E,0x1A4E,byte-scan,unreached-by-this-method,0xF4AB,0x1820,no,,24,0,not listed
0x21A53,0x1A53,byte-scan,unreached-by-this-method,0x1E6E,0x1820,no,,24,0,not listed
0x21A5B,0x1A5B,byte-scan,unreached-by-this-method,0x3802,0x1820,no,,24,0,not listed
0x21A5D,0x1A5D,byte-scan,unreached-by-this-method,0x1210,0x1820,no,,1,23,not listed
0x21A5E,0x1A5E,byte-scan,unreached-by-this-method,0x104D,0x1820,no,,22,2,not listed
0x21A65,0x1A65,byte-scan,unreached-by-this-method,0x1EBE,0x1820,no,,24,0,not listed
0x21A68,0x1A68,byte-scan,unreached-by-this-method,0x1E94,0x1820,no,,22,2,not listed
0x21A71,0x1A71,byte-scan,unreached-by-this-method,0x104D,0x1820,no,,23,1,not listed
0x21A78,0x1A78,byte-scan,unreached-by-this-method,0x3570,0x1820,no,,24,0,not listed
0x21A7C,0x1A7C,byte-scan,unreached-by-this-method,0x7A03,0x1820,no,,1,23,not listed
0x21A7F,0x1A7F,byte-scan,unreached-by-this-method,0x1D83,0x1820,no,,24,0,not listed
0x21A82,0x1A82,byte-scan,unreached-by-this-method,0x104D,0x1820,no,,24,0,not listed
0x21A89,0x1A89,byte-scan,unreached-by-this-method,0x3570,0x1820,no,,24,0,not listed
0x21A8D,0x1A8D,byte-scan,unreached-by-this-method,0x7A04,0x1820,no,,1,23,not listed
0x21A90,0x1A90,byte-scan,unreached-by-this-method,0x1D83,0x1820,no,,24,0,not listed
0x21A96,0x1A96,byte-scan,unreached-by-this-method,0x104D,0x1820,no,,24,0,not listed
0x21A9D,0x1A9D,byte-scan,unreached-by-this-method,0x3570,0x1820,no,,18,6,not listed
0x21AA4,0x1AA4,byte-scan,unreached-by-this-method,0x1D83,0x1820,no,,21,3,not listed
0x21AA7,0x1AA7,byte-scan,unreached-by-this-method,0x3946,0x1820,no,,24,0,not listed
0x21AAD,0x1AAD,byte-scan,unreached-by-this-method,0x3497,0x1820,no,,22,2,not listed
0x21AB6,0x1AB6,byte-scan,unreached-by-this-method,0x11C2,0x1820,no,,24,0,not listed
0x21ABB,0x1ABB,byte-scan,unreached-by-this-method,0x061B,0x1820,no,,24,0,not listed
0x21ACC,0x1ACC,byte-scan,unreached-by-this-method,0x0000,0x1820,no,,24,0,not listed
0x21AD1,0x1AD1,byte-scan,unreached-by-this-method,0x3841,0x1820,no,,24,0,not listed
0x21AD4,0x1AD4,byte-scan,unreached-by-this-method,0x3497,0x1820,no,,22,2,not listed
0x21AD7,0x1AD7,byte-scan,unreached-by-this-method,0x104D,0x1820,no,,24,0,not listed
0x21ADE,0x1ADE,byte-scan,unreached-by-this-method,0x3519,0x1820,no,,24,0,not listed
0x21AE1,0x1AE1,byte-scan,unreached-by-this-method,0x3497,0x1820,no,,24,0,not listed
0x21AE4,0x1AE4,byte-scan,unreached-by-this-method,0x104D,0x1820,no,,24,0,not listed
0x21AEE,0x1AEE,byte-scan,unreached-by-this-method,0x34A5,0x1820,no,,24,0,not listed
0x21AF1,0x1AF1,byte-scan,unreached-by-this-method,0x349B,0x1820,no,,24,0,not listed
0x21AF8,0x1AF8,byte-scan,unreached-by-this-method,0x0FAF,0x1820,no,,23,1,not listed
0x21B04,0x1B04,byte-scan,unreached-by-this-method,0x1E3F,0x1820,no,,24,0,not listed
0x21B11,0x1B11,byte-scan,mid-instruction,0x7BFF,0x1820,no,,0,24,not listed
0x21B17,0x1B17,byte-scan,unreached-by-this-method,0x104D,0x1820,no,,24,0,not listed
0x21B1E,0x1B1E,byte-scan,unreached-by-this-method,0x3570,0x1820,no,,18,6,not listed
0x21B21,0x1B21,byte-scan,unreached-by-this-method,0x1D83,0x1820,no,,23,1,not listed
0x21B24,0x1B24,byte-scan,unreached-by-this-method,0x357B,0x1820,no,,24,0,not listed
0x21B27,0x1B27,byte-scan,unreached-by-this-method,0x3497,0x1820,no,,23,1,not listed
0x21B2A,0x1B2A,byte-scan,unreached-by-this-method,0x104D,0x1820,no,,24,0,not listed
0x21B31,0x1B31,byte-scan,unreached-by-this-method,0x3519,0x1820,no,,24,0,not listed
0x21B34,0x1B34,byte-scan,unreached-by-this-method,0x3497,0x1820,no,,24,0,not listed
0x21B37,0x1B37,byte-scan,unreached-by-this-method,0x104D,0x1820,no,,24,0,not listed
0x21B41,0x1B41,byte-scan,unreached-by-this-method,0x34A5,0x1820,no,,24,0,not listed
0x21B44,0x1B44,byte-scan,unreached-by-this-method,0x349B,0x1820,no,,24,0,not listed
0x21B4B,0x1B4B,byte-scan,unreached-by-this-method,0x0FAF,0x1820,no,,23,1,not listed
0x21B57,0x1B57,byte-scan,unreached-by-this-method,0x1E3F,0x1820,no,,24,0,not listed
0x21B64,0x1B64,byte-scan,mid-instruction,0x7BFF,0x1820,no,,0,24,not listed
0x21B6A,0x1B6A,byte-scan,unreached-by-this-method,0x104D,0x1820,no,,24,0,not listed
0x21B71,0x1B71,byte-scan,unreached-by-this-method,0x3570,0x1820,no,,18,6,not listed
0x21B74,0x1B74,byte-scan,unreached-by-this-method,0x1D83,0x1820,no,,23,1,not listed
0x21B7A,0x1B7A,byte-scan,unreached-by-this-method,0x34A5,0x1820,no,,24,0,not listed
0x21B7D,0x1B7D,byte-scan,unreached-by-this-method,0x349B,0x1820,no,,24,0,not listed
0x21B84,0x1B84,byte-scan,unreached-by-this-method,0x0FAF,0x1820,no,,23,1,not listed
0x21B90,0x1B90,byte-scan,unreached-by-this-method,0x1041,0x1820,no,,24,0,not listed
0x21B93,0x1B93,byte-scan,unreached-by-this-method,0x1EB5,0x1820,no,,22,2,not listed
0x21BA0,0x1BA0,byte-scan,mid-instruction,0x7BFF,0x1820,no,,0,24,not listed
0x21BA6,0x1BA6,byte-scan,unreached-by-this-method,0x104D,0x1820,no,,24,0,not listed
0x21BAD,0x1BAD,byte-scan,unreached-by-this-method,0x3570,0x1820,no,,18,6,not listed
0x21BB0,0x1BB0,byte-scan,unreached-by-this-method,0x1D83,0x1820,no,,23,1,not listed
0x21BB3,0x1BB3,byte-scan,unreached-by-this-method,0x357B,0x1820,no,,24,0,not listed
0x21BB6,0x1BB6,byte-scan,unreached-by-this-method,0x3497,0x1820,no,,23,1,not listed
0x21BB9,0x1BB9,byte-scan,unreached-by-this-method,0x104D,0x1820,no,,24,0,not listed
0x21BC0,0x1BC0,byte-scan,unreached-by-this-method,0x3519,0x1820,no,,24,0,not listed
0x21BC3,0x1BC3,byte-scan,unreached-by-this-method,0x3497,0x1820,no,,24,0,not listed
0x21BC6,0x1BC6,byte-scan,unreached-by-this-method,0x104D,0x1820,no,,24,0,not listed
0x21BD0,0x1BD0,byte-scan,unreached-by-this-method,0x104D,0x1820,no,,24,0,not listed
0x21BD7,0x1BD7,byte-scan,unreached-by-this-method,0x3570,0x1820,no,,24,0,not listed
0x21BDD,0x1BDD,byte-scan,mid-instruction,0x021D,0x1820,no,,0,24,not listed
0x21BDE,0x1BDE,byte-scan,unreached-by-this-method,0x1D83,0x1820,no,,23,1,not listed
0x21BF2,0x1BF2,byte-scan,unreached-by-this-method,0x352C,0x1820,no,,24,0,not listed
0x21BF7,0x1BF7,byte-scan,unreached-by-this-method,0x366E,0x1820,no,,24,0,not listed
0x21BFA,0x1BFA,byte-scan,unreached-by-this-method,0xF4AB,0x1820,no,,24,0,not listed
0x21C0D,0x1C0D,byte-scan,unreached-by-this-method,0x3593,0x1820,no,,24,0,not listed
0x21C11,0x1C11,byte-scan,unreached-by-this-method,0x349B,0x1820,no,,24,0,not listed
0x21C14,0x1C14,byte-scan,unreached-by-this-method,0x3627,0x1820,no,,24,0,not listed
0x21C1C,0x1C1C,byte-scan,unreached-by-this-method,0x3592,0x1820,no,,24,0,not listed
0x21C20,0x1C20,byte-scan,unreached-by-this-method,0x349B,0x1820,no,,24,0,not listed
0x21C23,0x1C23,byte-scan,unreached-by-this-method,0x3627,0x1820,no,,24,0,not listed
0x21C2D,0x1C2D,byte-scan,mid-instruction,0x22AF,0x1820,no,,0,24,not listed
0x21C33,0x1C33,byte-scan,unreached-by-this-method,0x1EC9,0x1820,no,,24,0,not listed
0x21C3B,0x1C3B,byte-scan,unreached-by-this-method,0x104D,0x1820,no,,24,0,not listed
0x21C4D,0x1C4D,byte-scan,unreached-by-this-method,0xCCB7,0x1820,no,,24,0,not listed
0x21C53,0x1C53,byte-scan,unreached-by-this-method,0x3802,0x1820,no,,24,0,not listed
0x21C55,0x1C55,byte-scan,unreached-by-this-method,0x1210,0x1820,no,,1,23,not listed
0x21C56,0x1C56,byte-scan,unreached-by-this-method,0x104D,0x1820,no,,22,2,not listed
0x21C64,0x1C64,byte-scan,unreached-by-this-method,0x7CE0,0x1820,no,,24,0,not listed
0x21C6A,0x1C6A,byte-scan,unreached-by-this-method,0x104D,0x1820,no,,24,0,not listed
0x21C71,0x1C71,byte-scan,unreached-by-this-method,0x3570,0x1820,no,,18,6,not listed
0x21C78,0x1C78,byte-scan,unreached-by-this-method,0x1D83,0x1820,no,,24,0,not listed
0x21C7E,0x1C7E,byte-scan,unreached-by-this-method,0x34ED,0x1820,no,,24,0,not listed
0x21C82,0x1C82,byte-scan,unreached-by-this-method,0x349B,0x1820,no,,24,0,not listed
0x21C85,0x1C85,byte-scan,unreached-by-this-method,0x38D3,0x1820,no,,24,0,not listed
0x21C88,0x1C88,byte-scan,unreached-by-this-method,0x11C2,0x1820,no,,24,0,not listed
0x21C9A,0x1C9A,byte-scan,unreached-by-this-method,0x0000,0x1820,no,,24,0,not listed
0x21C9F,0x1C9F,byte-scan,unreached-by-this-method,0xF75C,0x1820,no,,24,0,not listed
0x21CAC,0x1CAC,byte-scan,mid-instruction,0x7BFF,0x1820,no,,0,24,not listed
0x21CB2,0x1CB2,byte-scan,unreached-by-this-method,0x104D,0x1820,no,,24,0,not listed
0x21CB9,0x1CB9,byte-scan,unreached-by-this-method,0x3570,0x1820,no,,18,6,not listed
0x21CBC,0x1CBC,byte-scan,unreached-by-this-method,0xCCB7,0x1820,no,,23,1,not listed
0x21CC2,0x1CC2,byte-scan,unreached-by-this-method,0x104D,0x1820,no,,19,5,not listed
0x21CC9,0x1CC9,byte-scan,unreached-by-this-method,0x3A00,0x1820,no,,24,0,not listed
0x21CD0,0x1CD0,byte-scan+walk,decoded-lcall,0x7CE0,0x1820,no,tail jump to a callee,23,1,not listed
0x21CD3,0x1CD3,byte-scan+walk,decoded-ljmp,0x1E09,0x1820,no,tail jump to a callee,24,0,not listed
0x21CD6,0x1CD6,byte-scan,unreached-by-this-method,0x357B,0x1820,no,,24,0,not listed
0x21CD9,0x1CD9,byte-scan,unreached-by-this-method,0x3497,0x1820,no,,23,1,not listed
0x21CDC,0x1CDC,byte-scan,unreached-by-this-method,0x104D,0x1820,no,,24,0,not listed
0x21CE3,0x1CE3,byte-scan,unreached-by-this-method,0x3519,0x1820,no,,24,0,not listed
0x21CE6,0x1CE6,byte-scan,unreached-by-this-method,0x3497,0x1820,no,,24,0,not listed
0x21CE9,0x1CE9,byte-scan,unreached-by-this-method,0x104D,0x1820,no,,24,0,not listed
0x21CF3,0x1CF3,byte-scan,unreached-by-this-method,0x104D,0x1820,no,,22,2,not listed
0x21CFF,0x1CFF,byte-scan,unreached-by-this-method,0x1E2E,0x1820,no,,24,0,not listed
0x21D0C,0x1D0C,byte-scan,mid-instruction,0x7BFF,0x1820,no,,0,24,not listed
0x21D12,0x1D12,byte-scan,unreached-by-this-method,0x104D,0x1820,no,,24,0,not listed
0x21D19,0x1D19,byte-scan,unreached-by-this-method,0x3570,0x1820,no,,18,6,not listed
0x21D1C,0x1D1C,byte-scan,unreached-by-this-method,0x1D83,0x1820,no,,23,1,not listed
0x21D1F,0x1D1F,byte-scan,unreached-by-this-method,0x357B,0x1820,no,,24,0,not listed
0x21D22,0x1D22,byte-scan,unreached-by-this-method,0x3497,0x1820,no,,23,1,not listed
0x21D25,0x1D25,byte-scan,unreached-by-this-method,0x104D,0x1820,no,,24,0,not listed
0x21D2C,0x1D2C,byte-scan,unreached-by-this-method,0x3519,0x1820,no,,24,0,not listed
0x21D2F,0x1D2F,byte-scan,unreached-by-this-method,0x3497,0x1820,no,,24,0,not listed
0x21D32,0x1D32,byte-scan,unreached-by-this-method,0x104D,0x1820,no,,24,0,not listed
0x21D3E,0x1D3E,byte-scan,unreached-by-this-method,0x34DA,0x1820,no,,24,0,not listed
0x21D4D,0x1D4D,byte-scan,unreached-by-this-method,0xF54D,0x1820,no,,24,0,not listed
0x21D56,0x1D56,byte-scan,unreached-by-this-method,0x104D,0x1820,no,,24,0,not listed
0x21D5D,0x1D5D,byte-scan,unreached-by-this-method,0x3570,0x1820,no,,18,6,not listed
0x21D66,0x1D66,byte-scan,unreached-by-this-method,0x1EB5,0x1820,no,,24,0,not listed
0x21D73,0x1D73,byte-scan,mid-instruction,0x7BFF,0x1820,no,,0,24,not listed
0x21D79,0x1D79,byte-scan,unreached-by-this-method,0x104D,0x1820,no,,24,0,not listed
0x21D80,0x1D80,byte-scan,unreached-by-this-method,0x3570,0x1820,no,,18,6,not listed
0x21D83,0x1D83,byte-scan,unreached-by-this-method,0xCCB7,0x1820,no,,23,1,not listed
0x21D86,0x1D86,byte-scan,unreached-by-this-method,0x1E09,0x1820,no,,21,3,not listed
0x21D89,0x1D89,byte-scan,unreached-by-this-method,0x34B2,0x1820,no,,24,0,not listed
0x21D91,0x1D91,byte-scan,unreached-by-this-method,0x7F00,0x1820,no,,1,23,not listed
0x21D97,0x1D97,byte-scan,unreached-by-this-method,0x1EF4,0x1820,no,,24,0,not listed
0x21D9C,0x1D9C,byte-scan,unreached-by-this-method,0x1E1D,0x1820,no,,24,0,not listed
0x21DB0,0x1DB0,byte-scan,unreached-by-this-method,0xE57B,0x1820,no,,24,0,not listed
0x21DB3,0x1DB3,byte-scan,unreached-by-this-method,0x1E09,0x1820,no,,23,1,not listed
0x21DB6,0x1DB6,byte-scan,unreached-by-this-method,0x1EA7,0x1820,no,,24,0,not listed
0x21DB9,0x1DB9,byte-scan,unreached-by-this-method,0x1E09,0x1820,no,,22,2,not listed
0x21DBC,0x1DBC,byte-scan,unreached-by-this-method,0x34B2,0x1820,no,,24,0,not listed
0x21DC4,0x1DC4,byte-scan,unreached-by-this-method,0x7F00,0x1820,no,,1,23,not listed
0x21DC9,0x1DC9,byte-scan,mid-instruction,0x121E,0x1820,no,,0,24,not listed
0x21DCA,0x1DCA,byte-scan,unreached-by-this-method,0x1EF4,0x1820,no,,23,1,not listed
0x21DD1,0x1DD1,byte-scan,unreached-by-this-method,0x1E1D,0x1820,no,,24,0,not listed
0x21DE1,0x1DE1,byte-scan,unreached-by-this-method,0xE8A6,0x1820,no,,24,0,not listed
0x21DE9,0x1DE9,byte-scan,unreached-by-this-method,0x34ED,0x1820,no,,24,0,not listed
0x21DED,0x1DED,byte-scan,unreached-by-this-method,0x349B,0x1820,no,,24,0,not listed
0x21DFE,0x1DFE,byte-scan,mid-instruction,0x06BF,0x1820,no,,0,24,not listed
0x21E03,0x1E03,byte-scan,unreached-by-this-method,0x1EA7,0x1820,no,,24,0,not listed
0x21E16,0x1E16,byte-scan,unreached-by-this-method,0xF407,0x1820,no,,24,0,not listed
0x21E27,0x1E27,byte-scan,unreached-by-this-method,0xF407,0x1820,no,,24,0,not listed
0x21E33,0x1E33,byte-scan,unreached-by-this-method,0x7CE0,0x1820,no,,24,0,not listed
0x21E3B,0x1E3B,byte-scan,unreached-by-this-method,0xF75C,0x1820,no,,24,0,not listed
0x21E3F,0x1E3F,byte-scan,unreached-by-this-method,0x1041,0x1820,no,,24,0,not listed
0x21E47,0x1E47,byte-scan,unreached-by-this-method,0xF75C,0x1820,no,,24,0,not listed
0x21E55,0x1E55,byte-scan+walk,decoded-lcall,0xF407,0x1E4B,yes,ret,23,1,not listed
0x21E61,0x1E61,byte-scan,unreached-by-this-method,0xF75C,0x1E4B,no,,24,0,not listed
0x21E6A,0x1E6A,byte-scan,unreached-by-this-method,0xF75C,0x1E4B,no,,24,0,not listed
0x21E76,0x1E76,byte-scan,unreached-by-this-method,0xF407,0x1E4B,no,,24,0,not listed
0x21E82,0x1E82,byte-scan,unreached-by-this-method,0xF75C,0x1E4B,no,,24,0,not listed
0x21E8D,0x1E8D,byte-scan,unreached-by-this-method,0xF407,0x1E4B,no,,24,0,not listed
0x21E99,0x1E99,byte-scan,unreached-by-this-method,0xF75C,0x1E4B,no,,24,0,not listed
0x21EA2,0x1EA2,byte-scan+walk,decoded-lcall,0xF4EE,0x1E9D,yes,ret,24,0,not listed
0x21EB1,0x1EB1,byte-scan,unreached-by-this-method,0xF407,0x1E9D,no,,23,1,not listed
0x21EBA,0x1EBA,byte-scan,unreached-by-this-method,0xF75C,0x1E9D,no,,24,0,not listed
0x21EC5,0x1EC5,byte-scan,unreached-by-this-method,0x7CE0,0x1E9D,no,,24,0,not listed
0x21ECE,0x1ECE,byte-scan,unreached-by-this-method,0xF407,0x1E9D,no,,24,0,not listed
0x21EDE,0x1EDE,byte-scan,unreached-by-this-method,0xE4D0,0x1E9D,no,,24,0,not listed
0x21EE8,0x1EE8,byte-scan,unreached-by-this-method,0xF4EE,0x1E9D,no,,24,0,not listed
0x21EED,0x1EED,byte-scan,unreached-by-this-method,0xF75C,0x1E9D,no,,24,0,not listed
0x21EF9,0x1EF9,byte-scan,unreached-by-this-method,0xF75C,0x1E9D,no,,24,0,not listed
0x21F01,0x1F01,byte-scan+walk,decoded-lcall,0x393D,0x1EFE,yes,ret,24,0,not listed
0x21F13,0x1F13,byte-scan+walk,decoded-lcall,0xF4EE,0x1EFE,yes,ret,24,0,not listed
0x21F19,0x1F19,byte-scan+walk,decoded-lcall,0x36C2,0x1EFE,yes,ret,23,1,not listed
0x21F1E,0x1F1E,byte-scan+walk,decoded-lcall,0x2726,0x1EFE,yes,ret,20,4,not listed
0x21F27,0x1F27,byte-scan,operand,0x2290,0x1EFE,yes,,0,24,not listed
0x21F2D,0x1F2D,byte-scan+walk,decoded-lcall,0x119C,0x1EFE,yes,ret,24,0,not listed
0x21F32,0x1F32,walk,decoded-ljmp,0x1820,0x1EFE,yes,ret,24,0,not listed
0x21F35,0x1F35,byte-scan,mid-instruction,0x24A2,0x1EFE,no,,0,24,not listed
0x21F4F,0x1F4F,byte-scan,unreached-by-this-method,0x35E2,0x1EFE,no,,24,0,not listed
0x21F52,0x1F52,byte-scan,unreached-by-this-method,0x370D,0x1EFE,no,,24,0,not listed
0x21F58,0x1F58,byte-scan,unreached-by-this-method,0x3497,0x1EFE,no,,22,2,not listed
0x21F5B,0x1F5B,byte-scan,unreached-by-this-method,0x38DA,0x1EFE,no,,24,0,not listed
0x21F61,0x1F61,byte-scan,unreached-by-this-method,0x3497,0x1EFE,no,,20,4,not listed
0x21F68,0x1F68,byte-scan,unreached-by-this-method,0x0FAF,0x1EFE,no,,23,1,not listed
0x21F6D,0x1F6D,byte-scan,mid-instruction,0xFFEC,0x1EFE,no,,0,24,not listed
0x21F74,0x1F74,byte-scan,unreached-by-this-method,0x3926,0x1EFE,no,,24,0,not listed
0x21F7E,0x1F7E,byte-scan,unreached-by-this-method,0x36CE,0x1EFE,no,,24,0,not listed
0x21F87,0x1F87,byte-scan,unreached-by-this-method,0x3793,0x1EFE,no,,24,0,not listed
0x21F8E,0x1F8E,byte-scan,unreached-by-this-method,0x0B85,0x1EFE,no,,24,0,not listed
0x21F9E,0x1F9E,byte-scan,unreached-by-this-method,0x35C9,0x1EFE,no,,24,0,not listed
0x21FA2,0x1FA2,byte-scan,unreached-by-this-method,0x349B,0x1EFE,no,,24,0,not listed
0x21FA8,0x1FA8,byte-scan,unreached-by-this-method,0x3604,0x1EFE,no,,24,0,not listed
0x21FB5,0x1FB5,byte-scan,unreached-by-this-method,0x3604,0x1EFE,no,,24,0,not listed
0x21FC6,0x1FC6,byte-scan,unreached-by-this-method,0x2718,0x1EFE,no,,24,0,not listed
0x21FC9,0x1FC9,byte-scan,unreached-by-this-method,0x270F,0x1EFE,no,,24,0,not listed
0x21FD1,0x1FD1,byte-scan,unreached-by-this-method,0x370D,0x1EFE,no,,24,0,not listed
0x21FD7,0x1FD7,byte-scan,unreached-by-this-method,0x3497,0x1EFE,no,,22,2,not listed
0x21FE4,0x1FE4,byte-scan,mid-instruction,0x7042,0x1EFE,no,,0,24,not listed
0x21FEC,0x1FEC,byte-scan,unreached-by-this-method,0x34FD,0x1EFE,no,,24,0,not listed
0x21FF0,0x1FF0,byte-scan,unreached-by-this-method,0x349B,0x1EFE,no,,24,0,not listed
0x21FF3,0x1FF3,byte-scan,unreached-by-this-method,0x104D,0x1EFE,no,,24,0,not listed
0x21FFA,0x1FFA,byte-scan,unreached-by-this-method,0x3697,0x1EFE,no,,24,0,not listed
0x21FFE,0x1FFE,byte-scan,unreached-by-this-method,0x349B,0x1EFE,no,,24,0,not listed
0x22001,0x2001,byte-scan,unreached-by-this-method,0x104D,0x1EFE,no,,24,0,not listed
0x2200A,0x200A,byte-scan,unreached-by-this-method,0xF75C,0x1EFE,no,,24,0,not listed
0x22017,0x2017,byte-scan,mid-instruction,0x7BFF,0x1EFE,no,,0,24,not listed
0x2201D,0x201D,byte-scan,unreached-by-this-method,0x104D,0x1EFE,no,,24,0,not listed
0x22024,0x2024,byte-scan,unreached-by-this-method,0x36D9,0x1EFE,no,,18,6,not listed
0x2202C,0x202C,byte-scan,unreached-by-this-method,0x104D,0x1EFE,no,,24,0,not listed
0x22033,0x2033,byte-scan,unreached-by-this-method,0x36D9,0x1EFE,no,,18,6,not listed
0x22037,0x2037,byte-scan,unreached-by-this-method,0x7A07,0x1EFE,no,,8,16,not listed
0x2203A,0x203A,byte-scan,unreached-by-this-method,0xCCB7,0x1EFE,no,,24,0,not listed
0x2203E,0x203E,byte-scan,mid-instruction,0x2290,0x1EFE,no,,0,24,not listed
0x22043,0x2043,byte-scan,unreached-by-this-method,0x357E,0x1EFE,no,,24,0,not listed
0x22046,0x2046,byte-scan,unreached-by-this-method,0x3497,0x1EFE,no,,23,1,not listed
0x22049,0x2049,byte-scan,unreached-by-this-method,0x104D,0x1EFE,no,,24,0,not listed
0x22050,0x2050,byte-scan,unreached-by-this-method,0x3519,0x1EFE,no,,24,0,not listed
0x22053,0x2053,byte-scan,unreached-by-this-method,0x3497,0x1EFE,no,,24,0,not listed
0x22056,0x2056,byte-scan,unreached-by-this-method,0x104D,0x1EFE,no,,24,0,not listed
0x22060,0x2060,byte-scan,unreached-by-this-method,0x365C,0x1EFE,no,,24,0,not listed
0x2206A,0x206A,byte-scan,unreached-by-this-method,0x104D,0x1EFE,no,,24,0,not listed
0x2207B,0x207B,byte-scan,unreached-by-this-method,0x0224,0x1EFE,no,,1,23,not listed
0x2207C,0x207C,byte-scan,unreached-by-this-method,0x249C,0x1EFE,no,,22,2,not listed
0x22086,0x2086,byte-scan,unreached-by-this-method,0x270F,0x1EFE,no,,24,0,not listed
0x2208D,0x208D,byte-scan,mid-instruction,0x2290,0x1EFE,no,,0,24,not listed
0x22092,0x2092,byte-scan,unreached-by-this-method,0x357E,0x1EFE,no,,24,0,not listed
0x22095,0x2095,byte-scan,unreached-by-this-method,0x3497,0x1EFE,no,,23,1,not listed
0x22098,0x2098,byte-scan,unreached-by-this-method,0x104D,0x1EFE,no,,24,0,not listed
0x2209F,0x209F,byte-scan,unreached-by-this-method,0x3519,0x1EFE,no,,24,0,not listed
0x220A2,0x20A2,byte-scan,unreached-by-this-method,0x3497,0x1EFE,no,,24,0,not listed
0x220A5,0x20A5,byte-scan,unreached-by-this-method,0x104D,0x1EFE,no,,24,0,not listed
0x220AF,0x20AF,byte-scan,unreached-by-this-method,0x35E2,0x1EFE,no,,24,0,not listed
0x220B9,0x20B9,byte-scan,unreached-by-this-method,0x397E,0x1EFE,no,,22,2,not listed
0x220BC,0x20BC,byte-scan,unreached-by-this-method,0x35E2,0x1EFE,no,,20,4,not listed
0x220C6,0x20C6,byte-scan,unreached-by-this-method,0x397E,0x1EFE,no,,24,0,not listed
0x220C9,0x20C9,byte-scan,unreached-by-this-method,0x35E2,0x1EFE,no,,22,2,not listed
0x220CC,0x20CC,byte-scan,unreached-by-this-method,0x370D,0x1EFE,no,,24,0,not listed
0x220D2,0x20D2,byte-scan,unreached-by-this-method,0x3497,0x1EFE,no,,22,2,not listed
0x220D5,0x20D5,byte-scan,unreached-by-this-method,0x38DA,0x1EFE,no,,24,0,not listed
0x220DB,0x20DB,byte-scan,unreached-by-this-method,0x3497,0x1EFE,no,,20,4,not listed
0x220DE,0x20DE,byte-scan,unreached-by-this-method,0x398B,0x1EFE,no,,24,0,not listed
0x220EE,0x20EE,byte-scan,unreached-by-this-method,0x3497,0x1EFE,no,,22,2,not listed
0x22100,0x2100,byte-scan,unreached-by-this-method,0x10BC,0x1EFE,no,,24,0,not listed
0x22103,0x2103,byte-scan,unreached-by-this-method,0x3849,0x1EFE,no,,22,2,not listed
0x22112,0x2112,byte-scan,unreached-by-this-method,0x35E2,0x1EFE,no,,24,0,not listed
0x22118,0x2118,byte-scan,unreached-by-this-method,0x3A07,0x1EFE,no,,24,0,not listed
0x2211F,0x211F,byte-scan,unreached-by-this-method,0xB66E,0x1EFE,no,,23,1,not listed
0x22125,0x2125,byte-scan,unreached-by-this-method,0x36C2,0x1EFE,no,,24,0,not listed
0x2212A,0x212A,byte-scan,unreached-by-this-method,0xF407,0x1EFE,no,,24,0,not listed
0x22133,0x2133,byte-scan,unreached-by-this-method,0x104D,0x1EFE,no,,24,0,not listed
0x2213A,0x213A,byte-scan,unreached-by-this-method,0x36D9,0x1EFE,no,,18,6,not listed
0x22141,0x2141,byte-scan,unreached-by-this-method,0xCCB7,0x1EFE,no,,23,1,not listed
0x2214A,0x214A,byte-scan,unreached-by-this-method,0x34A5,0x1EFE,no,,24,0,not listed
0x2214D,0x214D,byte-scan,unreached-by-this-method,0x349B,0x1EFE,no,,24,0,not listed
0x22150,0x2150,byte-scan,unreached-by-this-method,0x3A0E,0x1EFE,no,,24,0,not listed
0x22153,0x2153,byte-scan,unreached-by-this-method,0x34C9,0x1EFE,no,,24,0,not listed
0x22161,0x2161,byte-scan,unreached-by-this-method,0x34A5,0x1EFE,no,,24,0,not listed
0x22164,0x2164,byte-scan,unreached-by-this-method,0x349B,0x1EFE,no,,24,0,not listed
0x2216B,0x216B,byte-scan,unreached-by-this-method,0x0FAF,0x1EFE,no,,23,1,not listed
0x22170,0x2170,byte-scan,mid-instruction,0x8031,0x1EFE,no,,0,24,not listed
0x2217A,0x217A,byte-scan,unreached-by-this-method,0x3569,0x1EFE,no,,22,2,not listed
0x2217E,0x217E,byte-scan,unreached-by-this-method,0x349B,0x1EFE,no,,24,0,not listed
0x22193,0x2193,byte-scan,unreached-by-this-method,0x35C8,0x1EFE,no,,22,2,not listed
0x22197,0x2197,byte-scan,unreached-by-this-method,0x349B,0x1EFE,no,,24,0,not listed
0x2219E,0x219E,byte-scan,unreached-by-this-method,0x0FAF,0x1EFE,no,,23,1,not listed
0x221AA,0x21AA,byte-scan,unreached-by-this-method,0x1041,0x1EFE,no,,24,0,not listed
0x221B2,0x21B2,byte-scan,unreached-by-this-method,0x34A5,0x1EFE,no,,24,0,not listed
0x221B5,0x21B5,byte-scan,unreached-by-this-method,0x349B,0x1EFE,no,,24,0,not listed
0x221BC,0x21BC,byte-scan,unreached-by-this-method,0x0FAF,0x1EFE,no,,23,1,not listed
0x221C1,0x21C1,byte-scan,mid-instruction,0xFDEC,0x1EFE,no,,0,24,not listed
0x221C8,0x21C8,byte-scan,unreached-by-this-method,0x3A07,0x1EFE,no,,24,0,not listed
0x221CD,0x21CD,byte-scan,unreached-by-this-method,0xDC78,0x1EFE,no,,24,0,not listed
0x221DD,0x21DD,byte-scan,unreached-by-this-method,0x35F9,0x1EFE,no,,22,2,not listed
0x221E1,0x21E1,byte-scan,unreached-by-this-method,0x349B,0x1EFE,no,,24,0,not listed
0x221EA,0x21EA,byte-scan,mid-instruction,0x7057,0x1EFE,no,,0,24,not listed
0x221F1,0x21F1,byte-scan,unreached-by-this-method,0x369B,0x1EFE,no,,22,2,not listed
0x221F5,0x21F5,byte-scan,unreached-by-this-method,0x349B,0x1EFE,no,,24,0,not listed
0x221F8,0x21F8,byte-scan,unreached-by-this-method,0x10C8,0x1EFE,no,,24,0,not listed
0x2220C,0x220C,byte-scan,unreached-by-this-method,0x0D38,0x1EFE,no,,24,0,not listed
0x22217,0x2217,byte-scan,unreached-by-this-method,0x353B,0x1EFE,no,,24,0,not listed
0x2221B,0x221B,byte-scan,unreached-by-this-method,0x349B,0x1EFE,no,,24,0,not listed
0x22226,0x2226,byte-scan,unreached-by-this-method,0x3855,0x1EFE,no,,22,2,not listed
0x2222A,0x222A,byte-scan,unreached-by-this-method,0x349B,0x1EFE,no,,24,0,not listed
0x2222D,0x222D,byte-scan,unreached-by-this-method,0x3864,0x1EFE,no,,24,0,not listed
0x22233,0x2233,byte-scan,unreached-by-this-method,0x0C7A,0x1EFE,no,,24,0,not listed
0x2223E,0x223E,byte-scan,unreached-by-this-method,0x361A,0x1EFE,no,,24,0,not listed
0x2224C,0x224C,byte-scan,unreached-by-this-method,0x370D,0x1EFE,no,,23,1,not listed
0x22252,0x2252,byte-scan,unreached-by-this-method,0x3497,0x1EFE,no,,22,2,not listed
0x22255,0x2255,byte-scan,unreached-by-this-method,0x0FAF,0x1EFE,no,,24,0,not listed
0x2225A,0x225A,byte-scan,unreached-by-this-method,0x0F1F,0x1EFE,no,,24,0,not listed
0x22265,0x2265,byte-scan,unreached-by-this-method,0x0C7A,0x1EFE,no,,24,0,not listed
0x2226F,0x226F,byte-scan,unreached-by-this-method,0x3497,0x1EFE,no,,24,0,not listed
0x22277,0x2277,byte-scan,unreached-by-this-method,0x370D,0x1EFE,no,,24,0,not listed
0x2227D,0x227D,byte-scan,unreached-by-this-method,0x3497,0x1EFE,no,,22,2,not listed
0x22280,0x2280,byte-scan,unreached-by-this-method,0x38E2,0x1EFE,no,,24,0,not listed
0x22286,0x2286,byte-scan,unreached-by-this-method,0x0C7A,0x1EFE,no,,24,0,not listed
0x22290,0x2290,byte-scan,unreached-by-this-method,0x10BC,0x1EFE,no,,24,0,not listed
0x22294,0x2294,byte-scan,unreached-by-this-method,0x349B,0x1EFE,no,,23,1,not listed
0x222A1,0x22A1,byte-scan,unreached-by-this-method,0x3604,0x1EFE,no,,24,0,not listed
0x222AA,0x22AA,byte-scan,unreached-by-this-method,0x3604,0x1EFE,no,,24,0,not listed
0x222BB,0x22BB,byte-scan,unreached-by-this-method,0x2718,0x1EFE,no,,24,0,not listed
0x222C2,0x22C2,byte-scan,unreached-by-this-method,0x350B,0x1EFE,no,,24,0,not listed
0x222D2,0x22D2,byte-scan,unreached-by-this-method,0xF739,0x1EFE,no,,22,2,not listed
0x222D5,0x22D5,byte-scan,unreached-by-this-method,0x370D,0x1EFE,no,,24,0,not listed
0x222DB,0x22DB,byte-scan,unreached-by-this-method,0x3497,0x1EFE,no,,24,0,not listed
0x222DE,0x22DE,byte-scan,unreached-by-this-method,0x1041,0x1EFE,no,,24,0,not listed
0x222E6,0x22E6,byte-scan,unreached-by-this-method,0x3565,0x1EFE,no,,24,0,not listed
0x222EA,0x22EA,byte-scan,unreached-by-this-method,0x349B,0x1EFE,no,,24,0,not listed
0x222ED,0x22ED,byte-scan,unreached-by-this-method,0x104D,0x1EFE,no,,24,0,not listed
0x222F7,0x22F7,byte-scan,unreached-by-this-method,0x35E2,0x1EFE,no,,24,0,not listed
0x222FD,0x22FD,byte-scan,unreached-by-this-method,0x1041,0x1EFE,no,,24,0,not listed
0x22303,0x2303,byte-scan,unreached-by-this-method,0x36DC,0x1EFE,no,,24,0,not listed
0x22306,0x2306,byte-scan,unreached-by-this-method,0xB66E,0x1EFE,no,,22,2,not listed
0x2230C,0x230C,byte-scan,unreached-by-this-method,0x36C2,0x1EFE,no,,24,0,not listed
0x22311,0x2311,byte-scan,unreached-by-this-method,0xF407,0x1EFE,no,,24,0,not listed
0x2231A,0x231A,byte-scan,unreached-by-this-method,0x104D,0x1EFE,no,,24,0,not listed
0x22321,0x2321,byte-scan,unreached-by-this-method,0x36D9,0x1EFE,no,,18,6,not listed
0x22328,0x2328,byte-scan,unreached-by-this-method,0xCCB7,0x1EFE,no,,23,1,not listed
0x22331,0x2331,byte-scan,unreached-by-this-method,0x35E2,0x1EFE,no,,24,0,not listed
0x22334,0x2334,byte-scan,unreached-by-this-method,0x36E4,0x1EFE,no,,24,0,not listed
0x22339,0x2339,byte-scan,unreached-by-this-method,0x34CF,0x1EFE,no,,23,1,not listed
0x22340,0x2340,byte-scan,mid-instruction,0x1234,0x1EFE,no,,0,24,not listed
0x22341,0x2341,byte-scan,unreached-by-this-method,0x34A5,0x1EFE,no,,23,1,not listed
0x22344,0x2344,byte-scan,unreached-by-this-method,0x349B,0x1EFE,no,,24,0,not listed
0x2234B,0x234B,byte-scan,unreached-by-this-method,0x0FAF,0x1EFE,no,,23,1,not listed
0x22353,0x2353,byte-scan,unreached-by-this-method,0x34A5,0x1EFE,no,,23,1,not listed
0x22356,0x2356,byte-scan,unreached-by-this-method,0x349B,0x1EFE,no,,24,0,not listed
0x2235D,0x235D,byte-scan,unreached-by-this-method,0x0FAF,0x1EFE,no,,23,1,not listed
0x22369,0x2369,byte-scan,unreached-by-this-method,0x1041,0x1EFE,no,,24,0,not listed
0x2236C,0x236C,byte-scan,unreached-by-this-method,0x36C2,0x1EFE,no,,22,2,not listed
0x22371,0x2371,byte-scan,unreached-by-this-method,0x2726,0x1EFE,no,,24,0,not listed
0x22376,0x2376,byte-scan,unreached-by-this-method,0x270C,0x1EFE,no,,24,0,not listed
0x2237C,0x237C,byte-scan,unreached-by-this-method,0x3805,0x1EFE,no,,22,2,not listed
0x2237F,0x237F,byte-scan,unreached-by-this-method,0x104D,0x1EFE,no,,20,4,not listed
0x2238D,0x238D,byte-scan,unreached-by-this-method,0x7CE0,0x1EFE,no,,24,0,not listed
0x22393,0x2393,byte-scan,unreached-by-this-method,0x34A5,0x1EFE,no,,24,0,not listed
0x22396,0x2396,byte-scan,unreached-by-this-method,0x349B,0x1EFE,no,,24,0,not listed
0x22399,0x2399,byte-scan,unreached-by-this-method,0x38AA,0x1EFE,no,,24,0,not listed
0x2239C,0x239C,byte-scan,unreached-by-this-method,0x34CD,0x1EFE,no,,22,2,not listed
0x223A1,0x23A1,byte-scan,unreached-by-this-method,0x2474,0x1EFE,no,,24,0,not listed
0x223AC,0x23AC,byte-scan,unreached-by-this-method,0x2474,0x1EFE,no,,24,0,not listed
0x223B7,0x23B7,byte-scan,unreached-by-this-method,0x353B,0x1EFE,no,,24,0,not listed
0x223BB,0x23BB,byte-scan,unreached-by-this-method,0x349B,0x1EFE,no,,24,0,not listed
0x223BE,0x23BE,byte-scan,unreached-by-this-method,0x37B6,0x1EFE,no,,24,0,not listed
0x223C5,0x23C5,byte-scan,unreached-by-this-method,0xC24E,0x1EFE,no,,23,1,not listed
0x223D0,0x23D0,byte-scan,unreached-by-this-method,0xEA93,0x1EFE,no,,24,0,not listed
0x223D6,0x23D6,byte-scan,unreached-by-this-method,0x38EC,0x1EFE,no,,24,0,not listed
0x223D9,0x23D9,byte-scan,unreached-by-this-method,0xF407,0x1EFE,no,,24,0,not listed
0x223E1,0x23E1,byte-scan,unreached-by-this-method,0x270C,0x1EFE,no,,24,0,not listed
0x223E9,0x23E9,byte-scan,unreached-by-this-method,0xF75C,0x1EFE,no,,24,0,not listed
0x223FD,0x23FD,byte-scan,unreached-by-this-method,0x3A07,0x1EFE,no,,24,0,not listed
0x22402,0x2402,byte-scan,unreached-by-this-method,0x38F3,0x1EFE,no,,23,1,not listed
0x22405,0x2405,byte-scan,unreached-by-this-method,0xCCB7,0x1EFE,no,,24,0,not listed
0x2240B,0x240B,byte-scan,unreached-by-this-method,0x104D,0x1EFE,no,,20,4,not listed
0x22415,0x2415,byte-scan,unreached-by-this-method,0x3720,0x1EFE,no,,24,0,not listed
0x2241A,0x241A,byte-scan,unreached-by-this-method,0x7CE0,0x1EFE,no,,24,0,not listed
0x22420,0x2420,byte-scan,unreached-by-this-method,0x104D,0x1EFE,no,,22,2,not listed
0x2242A,0x242A,byte-scan,unreached-by-this-method,0x3720,0x1EFE,no,,24,0,not listed
0x2242F,0x242F,byte-scan,unreached-by-this-method,0x7CE0,0x1EFE,no,,23,1,not listed
0x22435,0x2435,byte-scan,unreached-by-this-method,0x34D9,0x1EFE,no,,24,0,not listed
0x22438,0x2438,byte-scan,unreached-by-this-method,0x39CE,0x1EFE,no,,23,1,not listed
0x2243B,0x243B,byte-scan,unreached-by-this-method,0x34CC,0x1EFE,no,,24,0,not listed
0x22443,0x2443,byte-scan,unreached-by-this-method,0x7F00,0x1EFE,no,,1,23,not listed
0x2244B,0x244B,byte-scan,unreached-by-this-method,0x270C,0x1EFE,no,,24,0,not listed
0x22452,0x2452,byte-scan,unreached-by-this-method,0x350B,0x1EFE,no,,24,0,not listed
0x2245A,0x245A,byte-scan,unreached-by-this-method,0x270C,0x1EFE,no,,24,0,not listed
0x22464,0x2464,byte-scan,unreached-by-this-method,0x35B0,0x1EFE,no,,22,2,not listed
0x22468,0x2468,byte-scan,unreached-by-this-method,0x349B,0x1EFE,no,,24,0,not listed
0x2246B,0x246B,byte-scan,unreached-by-this-method,0x3998,0x1EFE,no,,24,0,not listed
0x2246E,0x246E,byte-scan,unreached-by-this-method,0xD4FA,0x1EFE,no,,24,0,not listed
0x22471,0x2471,byte-scan,unreached-by-this-method,0x270C,0x1EFE,no,,24,0,not listed
0x22477,0x2477,byte-scan,unreached-by-this-method,0x34A5,0x1EFE,no,,24,0,not listed
0x2247A,0x247A,byte-scan,unreached-by-this-method,0x349B,0x1EFE,no,,24,0,not listed
0x2247D,0x247D,byte-scan,unreached-by-this-method,0x38AA,0x1EFE,no,,24,0,not listed
0x22480,0x2480,byte-scan,unreached-by-this-method,0x34CD,0x1EFE,no,,22,2,not listed
0x22489,0x2489,byte-scan,mid-instruction,0xE4FF,0x1EFE,no,,0,24,not listed
0x22492,0x2492,byte-scan,unreached-by-this-method,0x1041,0x1EFE,no,,24,0,not listed
0x22495,0x2495,byte-scan,unreached-by-this-method,0x36C2,0x1EFE,no,,22,2,not listed
0x2249C,0x249C,byte-scan,unreached-by-this-method,0xCCB7,0x1EFE,no,,23,1,not listed
0x2249F,0x249F,byte-scan,unreached-by-this-method,0x270C,0x1EFE,no,,21,3,not listed
0x224A7,0x24A7,byte-scan,unreached-by-this-method,0xF2A3,0x1EFE,no,,24,0,not listed
0x224AD,0x24AD,byte-scan,unreached-by-this-method,0x270C,0x1EFE,no,,24,0,not listed
0x224B5,0x24B5,byte-scan,unreached-by-this-method,0xF75C,0x1EFE,no,,24,0,not listed
0x224BE,0x24BE,byte-scan,unreached-by-this-method,0x3539,0x1EFE,no,,24,0,not listed
0x224C2,0x24C2,byte-scan,unreached-by-this-method,0x349B,0x1EFE,no,,24,0,not listed
0x224D1,0x24D1,byte-scan,unreached-by-this-method,0x270C,0x1EFE,no,,24,0,not listed
0x224DB,0x24DB,byte-scan,unreached-by-this-method,0x35BE,0x1EFE,no,,22,2,not listed
0x224DF,0x24DF,byte-scan,unreached-by-this-method,0x349B,0x1EFE,no,,23,1,not listed
0x224E2,0x24E2,byte-scan,unreached-by-this-method,0x3864,0x1EFE,no,,24,0,not listed
0x224EB,0x24EB,byte-scan,unreached-by-this-method,0x34D0,0x1EFE,no,,24,0,not listed
0x224F0,0x24F0,byte-scan,unreached-by-this-method,0x270C,0x1EFE,no,,24,0,not listed
0x224F6,0x24F6,byte-scan,unreached-by-this-method,0x35E2,0x1EFE,no,,24,0,not listed
0x224FB,0x24FB,byte-scan,unreached-by-this-method,0x0F1F,0x1EFE,no,,24,0,not listed
0x224FE,0x24FE,byte-scan,unreached-by-this-method,0x11EF,0x1EFE,no,,24,0,not listed
0x22514,0x2514,byte-scan,unreached-by-this-method,0x104D,0x1EFE,no,,24,0,not listed
0x2251B,0x251B,byte-scan,unreached-by-this-method,0x36D9,0x1EFE,no,,18,6,not listed
0x22522,0x2522,byte-scan,unreached-by-this-method,0xCCB7,0x1EFE,no,,24,0,not listed
0x2252C,0x252C,byte-scan,unreached-by-this-method,0xF41A,0x1EFE,no,,23,1,not listed
0x2252F,0x252F,byte-scan,unreached-by-this-method,0x257D,0x1EFE,no,,24,0,not listed
0x22537,0x2537,byte-scan,unreached-by-this-method,0x380D,0x1EFE,no,,24,0,not listed
0x22541,0x2541,byte-scan,unreached-by-this-method,0x7EA1,0x1EFE,no,,24,0,not listed
0x22544,0x2544,byte-scan,unreached-by-this-method,0xF739,0x1EFE,no,,23,1,not listed
0x2254A,0x254A,byte-scan,unreached-by-this-method,0x347B,0x1EFE,no,,24,0,not listed
0x2254D,0x254D,byte-scan,unreached-by-this-method,0x104D,0x1EFE,no,,23,1,not listed
0x22554,0x2554,byte-scan,unreached-by-this-method,0x3519,0x1EFE,no,,24,0,not listed
0x22557,0x2557,byte-scan,unreached-by-this-method,0x3497,0x1EFE,no,,24,0,not listed
0x2255A,0x255A,byte-scan,unreached-by-this-method,0x104D,0x1EFE,no,,24,0,not listed
0x22560,0x2560,byte-scan,unreached-by-this-method,0xAF03,0x1EFE,no,,5,19,not listed
0x22568,0x2568,byte-scan,unreached-by-this-method,0x104D,0x1EFE,no,,24,0,not listed
0x22577,0x2577,byte-scan,mid-instruction,0x7A0A,0x1EFE,no,,0,24,not listed
0x2257A,0x257A,byte-scan,unreached-by-this-method,0xCCB7,0x1EFE,no,,24,0,not listed
0x22580,0x2580,byte-scan,unreached-by-this-method,0x35E2,0x1EFE,no,,24,0,not listed
0x22583,0x2583,byte-scan,unreached-by-this-method,0x370D,0x1EFE,no,,24,0,not listed
0x22589,0x2589,byte-scan,unreached-by-this-method,0x3497,0x1EFE,no,,24,0,not listed
0x2258C,0x258C,byte-scan,unreached-by-this-method,0x3926,0x1EFE,no,,24,0,not listed
0x22596,0x2596,byte-scan,unreached-by-this-method,0x36CE,0x1EFE,no,,24,0,not listed
0x2259F,0x259F,byte-scan,unreached-by-this-method,0x3793,0x1EFE,no,,24,0,not listed
0x225A6,0x25A6,byte-scan,unreached-by-this-method,0x0B85,0x1EFE,no,,24,0,not listed
0x225B5,0x25B5,byte-scan,unreached-by-this-method,0x35EC,0x1EFE,no,,24,0,not listed
0x225B9,0x25B9,byte-scan,unreached-by-this-method,0x349B,0x1EFE,no,,24,0,not listed
0x225C5,0x25C5,byte-scan,mid-instruction,0xC003,0x1EFE,no,,0,24,not listed
0x225C8,0x25C8,byte-scan,unreached-by-this-method,0x3799,0x1EFE,no,,24,0,not listed
0x225CE,0x25CE,byte-scan,unreached-by-this-method,0xAD03,0x1EFE,no,,1,23,not listed
0x225D6,0x25D6,byte-scan,unreached-by-this-method,0x1041,0x1EFE,no,,22,2,not listed
0x225DC,0x25DC,byte-scan,mid-instruction,0xD007,0x1EFE,no,,0,24,not listed
0x225E1,0x25E1,byte-scan,unreached-by-this-method,0x7CE0,0x1EFE,no,,24,0,not listed
0x225E4,0x25E4,byte-scan,unreached-by-this-method,0x370D,0x1EFE,no,,24,0,not listed
0x225EA,0x25EA,byte-scan,unreached-by-this-method,0x3497,0x1EFE,no,,22,2,not listed
0x225FF,0x25FF,byte-scan,unreached-by-this-method,0x34FD,0x1EFE,no,,24,0,not listed
0x22603,0x2603,byte-scan,unreached-by-this-method,0x349B,0x1EFE,no,,24,0,not listed
0x22606,0x2606,byte-scan,unreached-by-this-method,0x104D,0x1EFE,no,,24,0,not listed
0x2260D,0x260D,byte-scan,unreached-by-this-method,0x3697,0x1EFE,no,,24,0,not listed
0x22611,0x2611,byte-scan,unreached-by-this-method,0x349B,0x1EFE,no,,24,0,not listed
0x22614,0x2614,byte-scan,unreached-by-this-method,0x104D,0x1EFE,no,,24,0,not listed
0x2261D,0x261D,byte-scan,unreached-by-this-method,0xF75C,0x1EFE,no,,24,0,not listed
0x2262A,0x262A,byte-scan,mid-instruction,0x7BFF,0x1EFE,no,,0,24,not listed
0x22630,0x2630,byte-scan,unreached-by-this-method,0x104D,0x1EFE,no,,24,0,not listed
0x22637,0x2637,byte-scan,unreached-by-this-method,0x36D9,0x1EFE,no,,18,6,not listed
0x2263A,0x263A,byte-scan,unreached-by-this-method,0xCCB7,0x1EFE,no,,16,8,not listed
0x22644,0x2644,byte-scan,unreached-by-this-method,0xEBE4,0x1EFE,no,,24,0,not listed
0x22647,0x2647,byte-scan,unreached-by-this-method,0x270C,0x1EFE,no,,24,0,not listed
0x2264D,0x264D,byte-scan,unreached-by-this-method,0x34D9,0x1EFE,no,,24,0,not listed
0x22653,0x2653,byte-scan,unreached-by-this-method,0x34C9,0x1EFE,no,,23,1,not listed
0x2265B,0x265B,byte-scan,unreached-by-this-method,0x7F00,0x1EFE,no,,1,23,not listed
0x22661,0x2661,byte-scan,unreached-by-this-method,0x26BD,0x1EFE,no,,24,0,not listed
0x22667,0x2667,byte-scan,unreached-by-this-method,0x35E2,0x1EFE,no,,24,0,not listed
0x22671,0x2671,byte-scan,unreached-by-this-method,0x34CC,0x1EFE,no,,24,0,not listed
0x22679,0x2679,byte-scan,unreached-by-this-method,0x7F00,0x1EFE,no,,1,23,not listed
0x22686,0x2686,byte-scan,unreached-by-this-method,0x3799,0x1EFE,no,,24,0,not listed
0x2268B,0x268B,byte-scan,unreached-by-this-method,0x1238,0x1EFE,no,,1,23,not listed
0x2268C,0x268C,byte-scan,unreached-by-this-method,0x38FA,0x1EFE,no,,22,2,not listed
0x22693,0x2693,byte-scan,unreached-by-this-method,0x3799,0x1EFE,no,,24,0,not listed
0x2269B,0x269B,byte-scan,unreached-by-this-method,0x272D,0x1EFE,no,,24,0,not listed
0x2269E,0x269E,byte-scan,unreached-by-this-method,0x270C,0x1EFE,no,,24,0,not listed
0x226A3,0x26A3,byte-scan,unreached-by-this-method,0x3799,0x1EFE,no,,24,0,not listed
0x226A8,0x26A8,byte-scan,unreached-by-this-method,0x1238,0x1EFE,no,,1,23,not listed
0x226A9,0x26A9,byte-scan,unreached-by-this-method,0x38FA,0x1EFE,no,,22,2,not listed
0x226B0,0x26B0,byte-scan,unreached-by-this-method,0x3799,0x1EFE,no,,24,0,not listed
0x226B8,0x26B8,byte-scan,unreached-by-this-method,0xEDDA,0x1EFE,no,,24,0,not listed
0x226BD,0x26BD,byte-scan,unreached-by-this-method,0x36C2,0x1EFE,no,,24,0,not listed
0x226C4,0x26C4,byte-scan,unreached-by-this-method,0x36C2,0x1EFE,no,,23,1,not listed
0x226C8,0x26C8,byte-scan,unreached-by-this-method,0x12F4,0x1EFE,no,,3,21,not listed
0x226C9,0x26C9,byte-scan,unreached-by-this-method,0xF407,0x1EFE,no,,20,4,not listed
0x226CE,0x26CE,byte-scan,unreached-by-this-method,0x36C2,0x1EFE,no,,24,0,not listed
0x226D1,0x26D1,byte-scan,unreached-by-this-method,0xF1FC,0x1EFE,no,,22,2,not listed
0x226D9,0x26D9,byte-scan,unreached-by-this-method,0x34ED,0x1EFE,no,,24,0,not listed
0x226DD,0x26DD,byte-scan,unreached-by-this-method,0x349B,0x1EFE,no,,24,0,not listed
0x226EF,0x26EF,byte-scan,unreached-by-this-method,0x35F8,0x1EFE,no,,20,4,not listed
0x226F3,0x26F3,byte-scan,unreached-by-this-method,0x349B,0x1EFE,no,,24,0,not listed
0x226FC,0x26FC,byte-scan,mid-instruction,0x0BBF,0x1EFE,no,,0,24,not listed
0x22701,0x2701,byte-scan,unreached-by-this-method,0x36C2,0x1EFE,no,,24,0,not listed
0x22706,0x2706,byte-scan,unreached-by-this-method,0xF407,0x1EFE,no,,24,0,not listed
0x22714,0x2714,byte-scan,unreached-by-this-method,0xF75C,0x1EFE,no,,24,0,not listed
0x22722,0x2722,byte-scan,unreached-by-this-method,0xD676,0x1EFE,no,,24,0,not listed
0x22726,0x2726,byte-scan+walk,decoded-lcall,0xF407,0x2726,yes,ret,24,0,not listed
0x22730,0x2730,byte-scan,unreached-by-this-method,0x595A,0x2726,no,,24,0,not listed
0x22733,0x2733,byte-scan,unreached-by-this-method,0x10E8,0x2726,no,,24,0,not listed
0x22736,0x2736,byte-scan,unreached-by-this-method,0x0F45,0x2726,no,,23,1,not listed
0x2273B,0x273B,byte-scan,unreached-by-this-method,0x0F1F,0x2726,no,,20,4,not listed
0x22744,0x2744,byte-scan,unreached-by-this-method,0x1041,0x2726,no,,24,0,not listed
0x22747,0x2747,byte-scan,unreached-by-this-method,0x5710,0x2726,no,,22,2,not listed
0x2274A,0x274A,byte-scan,unreached-by-this-method,0x5961,0x2726,no,,20,4,not listed
0x2274D,0x274D,byte-scan,unreached-by-this-method,0x0FAF,0x2726,no,,18,6,not listed
0x22752,0x2752,byte-scan,unreached-by-this-method,0x0F1F,0x2726,no,,15,9,not listed
0x2275B,0x275B,byte-scan,unreached-by-this-method,0x586E,0x2726,no,,24,0,not listed
0x22760,0x2760,byte-scan,unreached-by-this-method,0x0F1F,0x2726,no,,24,0,not listed
0x22769,0x2769,byte-scan,unreached-by-this-method,0x5869,0x2726,no,,24,0,not listed
0x2276E,0x276E,byte-scan,unreached-by-this-method,0x0F1F,0x2726,no,,24,0,not listed
0x22777,0x2777,byte-scan,unreached-by-this-method,0x5869,0x2726,no,,24,0,not listed
0x22785,0x2785,byte-scan,unreached-by-this-method,0x1041,0x2726,no,,24,0,not listed
0x22799,0x2799,byte-scan,unreached-by-this-method,0x0FAF,0x2726,no,,24,0,not listed
0x227A2,0x27A2,byte-scan,unreached-by-this-method,0x5834,0x2726,no,,24,0,not listed
0x227AA,0x27AA,byte-scan,unreached-by-this-method,0x7F00,0x2726,no,,1,23,not listed
0x227B0,0x27B0,byte-scan,unreached-by-this-method,0x5816,0x2726,no,,24,0,not listed
0x227B3,0x27B3,byte-scan,unreached-by-this-method,0xEBE4,0x2726,no,,24,0,not listed
0x227C2,0x27C2,byte-scan,unreached-by-this-method,0x5661,0x2726,no,,24,0,not listed
0x227C7,0x27C7,byte-scan,unreached-by-this-method,0x57A5,0x2726,no,,24,0,not listed
0x227CA,0x27CA,byte-scan,unreached-by-this-method,0xD6D2,0x2726,no,,24,0,not listed
0x227D5,0x27D5,byte-scan,unreached-by-this-method,0x565E,0x2726,no,,24,0,not listed
0x227D9,0x27D9,byte-scan,mid-instruction,0xFF22,0x2726,no,,0,24,not listed
0x227DC,0x27DC,byte-scan,unreached-by-this-method,0x2E4F,0x2726,no,,24,0,not listed
0x227E5,0x27E5,byte-scan,unreached-by-this-method,0x0FAF,0x2726,no,,24,0,not listed
0x227EB,0x27EB,byte-scan,unreached-by-this-method,0x5661,0x2726,no,,24,0,not listed
0x227F3,0x27F3,byte-scan,unreached-by-this-method,0x2CE0,0x2726,no,,24,0,not listed
0x227F8,0x27F8,byte-scan,unreached-by-this-method,0x565A,0x2726,no,,24,0,not listed
0x22800,0x2800,byte-scan,unreached-by-this-method,0x104D,0x2726,no,,24,0,not listed
0x22807,0x2807,byte-scan,unreached-by-this-method,0x5812,0x2726,no,,24,0,not listed
0x22809,0x2809,byte-scan,unreached-by-this-method,0x7B03,0x2726,no,,1,23,not listed
0x2280E,0x280E,byte-scan,unreached-by-this-method,0xCCB7,0x2726,no,,24,0,not listed
0x22814,0x2814,byte-scan,unreached-by-this-method,0x5658,0x2726,no,,24,0,not listed
0x2281B,0x281B,byte-scan,mid-instruction,0x1256,0x2726,no,,0,24,not listed
0x2281C,0x281C,byte-scan,unreached-by-this-method,0x565B,0x2726,no,,23,1,not listed
0x22821,0x2821,byte-scan,unreached-by-this-method,0x2E6A,0x2726,no,,23,1,not listed
0x2282B,0x282B,byte-scan,unreached-by-this-method,0xF4DE,0x2726,no,,24,0,not listed
0x22839,0x2839,byte-scan,unreached-by-this-method,0xF75C,0x2726,no,,24,0,not listed
0x22846,0x2846,byte-scan,mid-instruction,0x7BFF,0x2726,no,,0,24,not listed
0x2284C,0x284C,byte-scan,unreached-by-this-method,0x104D,0x2726,no,,24,0,not listed
0x22853,0x2853,byte-scan,unreached-by-this-method,0x5812,0x2726,no,,18,6,not listed
0x22855,0x2855,byte-scan,unreached-by-this-method,0x12CC,0x2726,no,,7,17,not listed
0x22856,0x2856,byte-scan,unreached-by-this-method,0xCCB7,0x2726,no,,16,8,not listed
0x22859,0x2859,byte-scan,unreached-by-this-method,0x5710,0x2726,no,,14,10,not listed
0x2285C,0x285C,byte-scan,unreached-by-this-method,0x5950,0x2726,no,,12,12,not listed
0x22864,0x2864,byte-scan,unreached-by-this-method,0x0FAF,0x2726,no,,24,0,not listed
0x22867,0x2867,byte-scan,unreached-by-this-method,0x11EF,0x2726,no,,22,2,not listed
0x2287B,0x287B,byte-scan,unreached-by-this-method,0x29F3,0x2726,no,,24,0,not listed
0x2289F,0x289F,byte-scan,unreached-by-this-method,0xDB39,0x2726,no,,23,1,not listed
0x228A4,0x28A4,byte-scan,unreached-by-this-method,0x565B,0x2726,no,,24,0,not listed
0x228A9,0x28A9,byte-scan,unreached-by-this-method,0x2E4F,0x2726,no,,24,0,not listed
0x228B0,0x28B0,byte-scan,unreached-by-this-method,0x1257,0x2726,no,,1,23,not listed
0x228B1,0x28B1,byte-scan,unreached-by-this-method,0x5737,0x2726,no,,22,2,not listed
0x228C3,0x28C3,byte-scan,unreached-by-this-method,0x5884,0x2726,no,,24,0,not listed
0x228C8,0x28C8,byte-scan,unreached-by-this-method,0xEB13,0x2726,no,,24,0,not listed
0x228CB,0x28CB,byte-scan,unreached-by-this-method,0x5658,0x2726,no,,24,0,not listed
0x228D8,0x28D8,byte-scan,unreached-by-this-method,0x1258,0x2726,no,,1,23,not listed
0x228D9,0x28D9,byte-scan,unreached-by-this-method,0x5820,0x2726,no,,22,2,not listed
0x228DE,0x28DE,byte-scan,unreached-by-this-method,0x0F1F,0x2726,no,,24,0,not listed
0x228E6,0x28E6,byte-scan,unreached-by-this-method,0x5710,0x2726,no,,24,0,not listed
0x228F7,0x28F7,byte-scan,unreached-by-this-method,0x0F65,0x2726,no,,24,0,not listed
0x2290C,0x290C,byte-scan,unreached-by-this-method,0x1041,0x2726,no,,24,0,not listed
0x22911,0x2911,byte-scan,unreached-by-this-method,0xF2A3,0x2726,no,,24,0,not listed
0x22917,0x2917,byte-scan,unreached-by-this-method,0x2E22,0x2726,no,,24,0,not listed
0x2291D,0x291D,byte-scan,unreached-by-this-method,0x104D,0x2726,no,,24,0,not listed
0x22928,0x2928,byte-scan,unreached-by-this-method,0x2E75,0x2726,no,,23,1,not listed
0x2292B,0x292B,byte-scan,unreached-by-this-method,0x2E22,0x2726,no,,21,3,not listed
0x2292E,0x292E,byte-scan,unreached-by-this-method,0x569D,0x2726,no,,24,0,not listed
0x22931,0x2931,byte-scan,unreached-by-this-method,0x591A,0x2726,no,,24,0,not listed
0x22938,0x2938,byte-scan,unreached-by-this-method,0x29C2,0x2726,no,,24,0,not listed
0x2293D,0x293D,byte-scan,mid-instruction,0x1256,0x2726,no,,0,24,not listed
0x2293E,0x293E,byte-scan,unreached-by-this-method,0x565B,0x2726,no,,23,1,not listed
0x22943,0x2943,byte-scan,unreached-by-this-method,0x2E22,0x2726,no,,24,0,not listed
0x22946,0x2946,byte-scan,unreached-by-this-method,0x2E58,0x2726,no,,24,0,not listed
0x2294E,0x294E,byte-scan,unreached-by-this-method,0x2E22,0x2726,no,,24,0,not listed
0x22951,0x2951,byte-scan,unreached-by-this-method,0x29E0,0x2726,no,,24,0,not listed
0x22956,0x2956,byte-scan,unreached-by-this-method,0x565B,0x2726,no,,24,0,not listed
0x2295B,0x295B,byte-scan,unreached-by-this-method,0x2E58,0x2726,no,,24,0,not listed
0x22962,0x2962,byte-scan,unreached-by-this-method,0x1257,0x2726,no,,1,23,not listed
0x22963,0x2963,byte-scan,unreached-by-this-method,0x5737,0x2726,no,,22,2,not listed
0x22975,0x2975,byte-scan,unreached-by-this-method,0x5884,0x2726,no,,24,0,not listed
0x2297A,0x297A,byte-scan,unreached-by-this-method,0xAF8D,0x2726,no,,24,0,not listed
0x2297D,0x297D,byte-scan,unreached-by-this-method,0x5658,0x2726,no,,23,1,not listed
0x22986,0x2986,byte-scan,unreached-by-this-method,0x58D7,0x2726,no,,24,0,not listed
0x22991,0x2991,byte-scan,unreached-by-this-method,0x8BC8,0x2726,no,,24,0,not listed
0x22999,0x2999,byte-scan,unreached-by-this-method,0x569D,0x2726,no,,24,0,not listed
0x2299C,0x299C,byte-scan,unreached-by-this-method,0x591A,0x2726,no,,24,0,not listed
0x2299F,0x299F,byte-scan,unreached-by-this-method,0x56C8,0x2726,no,,24,0,not listed
0x229AA,0x29AA,byte-scan,unreached-by-this-method,0x2AD9,0x2726,no,,24,0,not listed
0x229AD,0x29AD,byte-scan,unreached-by-this-method,0x569D,0x2726,no,,22,2,not listed
0x229B0,0x29B0,byte-scan,unreached-by-this-method,0x591A,0x2726,no,,24,0,not listed
0x229BF,0x29BF,byte-scan,unreached-by-this-method,0x2E22,0x2726,no,,24,0,not listed
0x229C7,0x29C7,byte-scan,unreached-by-this-method,0xF3F4,0x2726,no,,24,0,not listed
0x229CC,0x29CC,byte-scan,mid-instruction,0x1256,0x2726,no,,0,24,not listed
0x229CD,0x29CD,byte-scan,unreached-by-this-method,0x565B,0x2726,no,,23,1,not listed
0x229D2,0x29D2,byte-scan,unreached-by-this-method,0x2E22,0x2726,no,,24,0,not listed
0x229D5,0x29D5,byte-scan,unreached-by-this-method,0x2E61,0x2726,no,,24,0,not listed
0x229DD,0x29DD,byte-scan,unreached-by-this-method,0x2E22,0x2726,no,,24,0,not listed
0x229F0,0x29F0,byte-scan,unreached-by-this-method,0x2E22,0x2726,no,,24,0,not listed
0x229F5,0x29F5,byte-scan,unreached-by-this-method,0x565B,0x2726,no,,24,0,not listed
0x229FA,0x29FA,byte-scan,unreached-by-this-method,0x5710,0x2726,no,,24,0,not listed
0x229FD,0x29FD,byte-scan,unreached-by-this-method,0x579B,0x2726,no,,22,2,not listed
0x22A00,0x2A00,byte-scan,unreached-by-this-method,0xB4C7,0x2726,no,,24,0,not listed
0x22A03,0x2A03,byte-scan,unreached-by-this-method,0x2E61,0x2726,no,,23,1,not listed
0x22A0A,0x2A0A,byte-scan,unreached-by-this-method,0x1257,0x2726,no,,1,23,not listed
0x22A0B,0x2A0B,byte-scan,unreached-by-this-method,0x5737,0x2726,no,,22,2,not listed
0x22A1D,0x2A1D,byte-scan,unreached-by-this-method,0x5884,0x2726,no,,24,0,not listed
0x22A22,0x2A22,byte-scan,unreached-by-this-method,0xCAA1,0x2726,no,,24,0,not listed
0x22A25,0x2A25,byte-scan,unreached-by-this-method,0x5658,0x2726,no,,22,2,not listed
0x22A2A,0x2A2A,byte-scan,unreached-by-this-method,0x2AAB,0x2726,no,,24,0,not listed
0x22A30,0x2A30,byte-scan,unreached-by-this-method,0x0FAF,0x2726,no,,24,0,not listed
0x22A38,0x2A38,byte-scan,mid-instruction,0xC003,0x2726,no,,0,24,not listed
0x22A3B,0x2A3B,byte-scan,unreached-by-this-method,0x58D8,0x2726,no,,24,0,not listed
0x22A41,0x2A41,byte-scan,unreached-by-this-method,0xAD03,0x2726,no,,3,21,not listed
0x22A49,0x2A49,byte-scan,unreached-by-this-method,0x1041,0x2726,no,,24,0,not listed
0x22A54,0x2A54,byte-scan,mid-instruction,0x7D09,0x2726,no,,0,24,not listed
0x22A57,0x2A57,byte-scan,unreached-by-this-method,0xA339,0x2726,no,,24,0,not listed
0x22A5A,0x2A5A,byte-scan,unreached-by-this-method,0x5710,0x2726,no,,24,0,not listed
0x22A5D,0x2A5D,byte-scan,unreached-by-this-method,0x5804,0x2726,no,,22,2,not listed
0x22A67,0x2A67,byte-scan,unreached-by-this-method,0x5661,0x2726,no,,24,0,not listed
0x22A72,0x2A72,byte-scan,unreached-by-this-method,0x5710,0x2726,no,,24,0,not listed
0x22A7C,0x2A7C,byte-scan,unreached-by-this-method,0x580B,0x2726,no,,24,0,not listed
0x22A88,0x2A88,byte-scan,unreached-by-this-method,0x568A,0x2726,no,,24,0,not listed
0x22A92,0x2A92,byte-scan,unreached-by-this-method,0x57EB,0x2726,no,,24,0,not listed
0x22A95,0x2A95,byte-scan,unreached-by-this-method,0x58DE,0x2726,no,,24,0,not listed
0x22AA5,0x2AA5,byte-scan,unreached-by-this-method,0x56CD,0x2726,no,,24,0,not listed
0x22AAB,0x2AAB,byte-scan,unreached-by-this-method,0x5658,0x2726,no,,24,0,not listed
0x22AB2,0x2AB2,byte-scan,mid-instruction,0x1256,0x2726,no,,0,24,not listed
0x22AB3,0x2AB3,byte-scan,unreached-by-this-method,0x565B,0x2726,no,,23,1,not listed
0x22AB8,0x2AB8,byte-scan,unreached-by-this-method,0x2E22,0x2726,no,,24,0,not listed
0x22AC1,0x2AC1,byte-scan,unreached-by-this-method,0x569D,0x2726,no,,24,0,not listed
0x22AC4,0x2AC4,byte-scan,unreached-by-this-method,0x5783,0x2726,no,,24,0,not listed
0x22AC8,0x2AC8,byte-scan,unreached-by-this-method,0x5770,0x2726,no,,24,0,not listed
0x22ADC,0x2ADC,byte-scan,unreached-by-this-method,0xE362,0x2726,no,,24,0,not listed
0x22AE5,0x2AE5,byte-scan,unreached-by-this-method,0x569D,0x2726,no,,24,0,not listed
0x22AEF,0x2AEF,byte-scan,unreached-by-this-method,0x56C8,0x2726,no,,24,0,not listed
0x22AF8,0x2AF8,byte-scan,unreached-by-this-method,0x7F00,0x2726,no,,1,23,not listed
0x22B06,0x2B06,byte-scan,unreached-by-this-method,0x7F00,0x2726,no,,1,23,not listed
0x22B12,0x2B12,byte-scan,unreached-by-this-method,0x567C,0x2726,no,,24,0,not listed
0x22B1F,0x2B1F,byte-scan,mid-instruction,0xC333,0x2726,no,,0,24,not listed
0x22B27,0x2B27,byte-scan,unreached-by-this-method,0x58D7,0x2726,no,,24,0,not listed
0x22B2E,0x2B2E,byte-scan,unreached-by-this-method,0x0F65,0x2726,no,,24,0,not listed
0x22B31,0x2B31,byte-scan,unreached-by-this-method,0x5710,0x2726,no,,22,2,not listed
0x22B46,0x2B46,byte-scan,unreached-by-this-method,0x5771,0x2726,no,,24,0,not listed
0x22B51,0x2B51,byte-scan,unreached-by-this-method,0x10BC,0x2726,no,,24,0,not listed
0x22B54,0x2B54,byte-scan,unreached-by-this-method,0x1041,0x2726,no,,22,2,not listed
0x22B58,0x2B58,byte-scan,unreached-by-this-method,0x56CD,0x2726,no,,24,0,not listed
0x22B63,0x2B63,byte-scan,unreached-by-this-method,0x5771,0x2726,no,,24,0,not listed
0x22B6A,0x2B6A,byte-scan,unreached-by-this-method,0x5710,0x2726,no,,23,1,not listed
0x22B6D,0x2B6D,byte-scan,unreached-by-this-method,0x5775,0x2726,no,,21,3,not listed
0x22B7F,0x2B7F,byte-scan,unreached-by-this-method,0xE495,0x2726,no,,24,0,not listed
0x22B84,0x2B84,byte-scan,unreached-by-this-method,0x565B,0x2726,no,,24,0,not listed
0x22B8E,0x2B8E,byte-scan,unreached-by-this-method,0xF755,0x2726,no,,24,0,not listed
0x22B94,0x2B94,byte-scan,unreached-by-this-method,0x2C88,0x2726,no,,24,0,not listed
0x22B97,0x2B97,byte-scan,unreached-by-this-method,0x5710,0x2726,no,,22,2,not listed
0x22B9A,0x2B9A,byte-scan,unreached-by-this-method,0x579B,0x2726,no,,20,4,not listed
0x22B9D,0x2B9D,byte-scan,unreached-by-this-method,0xB4C7,0x2726,no,,24,0,not listed
0x22BA3,0x2BA3,byte-scan,unreached-by-this-method,0x0FAF,0x2726,no,,24,0,not listed
0x22BAD,0x2BAD,byte-scan,unreached-by-this-method,0x567C,0x2726,no,,24,0,not listed
0x22BB2,0x2BB2,byte-scan,unreached-by-this-method,0x567B,0x2726,no,,24,0,not listed
0x22BB8,0x2BB8,byte-scan,unreached-by-this-method,0x567B,0x2726,no,,23,1,not listed
0x22BC0,0x2BC0,byte-scan,unreached-by-this-method,0x567B,0x2726,no,,24,0,not listed
0x22BC9,0x2BC9,byte-scan,unreached-by-this-method,0x58E6,0x2726,no,,24,0,not listed
0x22BCE,0x2BCE,byte-scan,unreached-by-this-method,0x57B5,0x2726,no,,24,0,not listed
0x22BD3,0x2BD3,byte-scan,unreached-by-this-method,0x2CEB,0x2726,no,,24,0,not listed
0x22BD6,0x2BD6,byte-scan,unreached-by-this-method,0x5884,0x2726,no,,24,0,not listed
0x22BDB,0x2BDB,byte-scan,unreached-by-this-method,0xF3A4,0x2726,no,,24,0,not listed
0x22BDE,0x2BDE,byte-scan,unreached-by-this-method,0x569D,0x2726,no,,24,0,not listed
0x22BE1,0x2BE1,byte-scan,unreached-by-this-method,0x56D1,0x2726,no,,24,0,not listed
0x22BE5,0x2BE5,byte-scan,unreached-by-this-method,0xF0C0,0x2726,no,,2,22,not listed
0x22BEC,0x2BEC,byte-scan,unreached-by-this-method,0x104D,0x2726,no,,24,0,not listed
0x22BF5,0x2BF5,byte-scan,unreached-by-this-method,0x2E80,0x2726,no,,24,0,not listed
0x22BF8,0x2BF8,byte-scan,unreached-by-this-method,0x2E22,0x2726,no,,22,2,not listed
0x22BFB,0x2BFB,byte-scan,unreached-by-this-method,0x5658,0x2726,no,,24,0,not listed
0x22C00,0x2C00,byte-scan,unreached-by-this-method,0x2E22,0x2726,no,,24,0,not listed
0x22C03,0x2C03,byte-scan,unreached-by-this-method,0x569D,0x2726,no,,24,0,not listed
0x22C06,0x2C06,byte-scan,unreached-by-this-method,0x56D1,0x2726,no,,24,0,not listed
0x22C0A,0x2C0A,byte-scan,unreached-by-this-method,0xF0EF,0x2726,no,,2,22,not listed
0x22C18,0x2C18,byte-scan,unreached-by-this-method,0x580B,0x2726,no,,24,0,not listed
0x22C1E,0x2C1E,byte-scan,unreached-by-this-method,0x569D,0x2726,no,,24,0,not listed
0x22C21,0x2C21,byte-scan,unreached-by-this-method,0x593A,0x2726,no,,24,0,not listed
0x22C2A,0x2C2A,byte-scan,unreached-by-this-method,0x5710,0x2726,no,,24,0,not listed
0x22C3E,0x2C3E,byte-scan,unreached-by-this-method,0x122D,0x2726,no,,24,0,not listed
0x22C3F,0x2C3F,byte-scan,mid-instruction,0x2D90,0x2726,no,,0,24,not listed
0x22C44,0x2C44,byte-scan,unreached-by-this-method,0x104D,0x2726,no,,24,0,not listed
0x22C50,0x2C50,byte-scan,unreached-by-this-method,0x2E80,0x2726,no,,24,0,not listed
0x22C70,0x2C70,byte-scan,unreached-by-this-method,0x2D70,0x2726,no,,24,0,not listed
0x22C75,0x2C75,byte-scan,unreached-by-this-method,0x565B,0x2726,no,,24,0,not listed
0x22C7A,0x2C7A,byte-scan,unreached-by-this-method,0x2D26,0x2726,no,,24,0,not listed
0x22C82,0x2C82,byte-scan,unreached-by-this-method,0xF755,0x2726,no,,24,0,not listed
0x22C8B,0x2C8B,byte-scan,unreached-by-this-method,0x104D,0x2726,no,,24,0,not listed
0x22C96,0x2C96,byte-scan,unreached-by-this-method,0x2E75,0x2726,no,,24,0,not listed
0x22C9C,0x2C9C,byte-scan,unreached-by-this-method,0x569D,0x2726,no,,24,0,not listed
0x22C9F,0x2C9F,byte-scan,unreached-by-this-method,0x56D1,0x2726,no,,24,0,not listed
0x22CA8,0x2CA8,byte-scan,unreached-by-this-method,0x7E00,0x2726,no,,1,23,not listed
0x22CBA,0x2CBA,byte-scan,unreached-by-this-method,0x583E,0x2726,no,,24,0,not listed
0x22CBD,0x2CBD,byte-scan,unreached-by-this-method,0x580B,0x2726,no,,24,0,not listed
0x22CC7,0x2CC7,byte-scan,unreached-by-this-method,0x5661,0x2726,no,,24,0,not listed
0x22CD1,0x2CD1,byte-scan,unreached-by-this-method,0x567C,0x2726,no,,24,0,not listed
0x22CD7,0x2CD7,byte-scan,unreached-by-this-method,0x567B,0x2726,no,,24,0,not listed
0x22CE0,0x2CE0,byte-scan,unreached-by-this-method,0x58E6,0x2726,no,,24,0,not listed
0x22CE5,0x2CE5,byte-scan,unreached-by-this-method,0x57B5,0x2726,no,,24,0,not listed
0x22CE8,0x2CE8,byte-scan,unreached-by-this-method,0x5945,0x2726,no,,22,2,not listed
0x22CEB,0x2CEB,byte-scan,unreached-by-this-method,0x57DC,0x2726,no,,20,4,not listed
0x22CEF,0x2CEF,byte-scan,unreached-by-this-method,0x56BF,0x2726,no,,24,0,not listed
0x22CF2,0x2CF2,byte-scan,unreached-by-this-method,0x5812,0x2726,no,,22,2,not listed
0x22CF4,0x2CF4,byte-scan,unreached-by-this-method,0xD003,0x2726,no,,3,21,not listed
0x22CF7,0x2CF7,byte-scan,unreached-by-this-method,0xA210,0x2726,no,,24,0,not listed
0x22CFD,0x2CFD,byte-scan,unreached-by-this-method,0x5884,0x2726,no,,24,0,not listed
0x22D02,0x2D02,byte-scan,unreached-by-this-method,0xF3B8,0x2726,no,,24,0,not listed
0x22D05,0x2D05,byte-scan,unreached-by-this-method,0x569D,0x2726,no,,22,2,not listed
0x22D08,0x2D08,byte-scan,unreached-by-this-method,0x56D1,0x2726,no,,24,0,not listed
0x22D0E,0x2D0E,byte-scan,unreached-by-this-method,0xCA18,0x2726,no,,24,0,not listed
0x22D14,0x2D14,byte-scan,unreached-by-this-method,0x104D,0x2726,no,,24,0,not listed
0x22D1B,0x2D1B,byte-scan,unreached-by-this-method,0x2E25,0x2726,no,,24,0,not listed
0x22D20,0x2D20,byte-scan,unreached-by-this-method,0x588B,0x2726,no,,24,0,not listed
0x22D26,0x2D26,byte-scan,unreached-by-this-method,0x5658,0x2726,no,,24,0,not listed
0x22D2B,0x2D2B,byte-scan,unreached-by-this-method,0x2E22,0x2726,no,,24,0,not listed
0x22D33,0x2D33,byte-scan,unreached-by-this-method,0x5922,0x2726,no,,24,0,not listed
0x22D36,0x2D36,byte-scan,unreached-by-this-method,0x57EB,0x2726,no,,24,0,not listed
0x22D3C,0x2D3C,byte-scan,unreached-by-this-method,0x569D,0x2726,no,,24,0,not listed
0x22D3F,0x2D3F,byte-scan,unreached-by-this-method,0x593A,0x2726,no,,24,0,not listed
0x22D44,0x2D44,byte-scan,unreached-by-this-method,0x5922,0x2726,no,,24,0,not listed
0x22D52,0x2D52,byte-scan,unreached-by-this-method,0x122D,0x2726,no,,24,0,not listed
0x22D53,0x2D53,byte-scan,mid-instruction,0x2D12,0x2726,no,,0,24,not listed
0x22D55,0x2D55,byte-scan,unreached-by-this-method,0x569D,0x2726,no,,23,1,not listed
0x22D58,0x2D58,byte-scan,unreached-by-this-method,0x56D1,0x2726,no,,24,0,not listed
0x22D5E,0x2D5E,byte-scan,unreached-by-this-method,0xE15A,0x2726,no,,24,0,not listed
0x22D64,0x2D64,byte-scan,unreached-by-this-method,0x104D,0x2726,no,,24,0,not listed
0x22D6B,0x2D6B,byte-scan,unreached-by-this-method,0x2E25,0x2726,no,,24,0,not listed
0x22D70,0x2D70,byte-scan,unreached-by-this-method,0x588B,0x2726,no,,24,0,not listed
0x22D73,0x2D73,byte-scan,unreached-by-this-method,0x2E22,0x2726,no,,22,2,not listed
0x22D76,0x2D76,byte-scan,unreached-by-this-method,0x5710,0x2726,no,,24,0,not listed
0x22D80,0x2D80,byte-scan,unreached-by-this-method,0x580B,0x2726,no,,24,0,not listed
0x22D86,0x2D86,byte-scan,unreached-by-this-method,0x568A,0x2726,no,,23,1,not listed
0x22D90,0x2D90,byte-scan,unreached-by-this-method,0x57EB,0x2726,no,,24,0,not listed
0x22D93,0x2D93,byte-scan,unreached-by-this-method,0x58DE,0x2726,no,,24,0,not listed
0x22D96,0x2D96,byte-scan,unreached-by-this-method,0x2E6A,0x2726,no,,22,2,not listed
0x22D99,0x2D99,byte-scan,unreached-by-this-method,0x2E22,0x2726,no,,24,0,not listed
0x22DA5,0x2DA5,byte-scan,unreached-by-this-method,0x5661,0x2726,no,,24,0,not listed
0x22DAA,0x2DAA,byte-scan,unreached-by-this-method,0x569D,0x2726,no,,24,0,not listed
0x22DAD,0x2DAD,byte-scan,unreached-by-this-method,0x57E4,0x2726,no,,24,0,not listed
0x22DB3,0x2DB3,byte-scan,unreached-by-this-method,0x56CC,0x2726,no,,24,0,not listed
0x22DBC,0x2DBC,byte-scan,unreached-by-this-method,0x7F00,0x2726,no,,1,23,not listed
0x22DCA,0x2DCA,byte-scan,unreached-by-this-method,0x7F00,0x2726,no,,1,23,not listed
0x22DCF,0x2DCF,byte-scan,mid-instruction,0xFF22,0x2726,no,,0,24,not listed
0x22DDD,0x2DDD,byte-scan,unreached-by-this-method,0x10C8,0x2726,no,,24,0,not listed
0x22DE3,0x2DE3,byte-scan,unreached-by-this-method,0x10E8,0x2726,no,,24,0,not listed
0x22DE6,0x2DE6,byte-scan,unreached-by-this-method,0x58D8,0x2726,no,,23,1,not listed
0x22DEC,0x2DEC,byte-scan,unreached-by-this-method,0x10E8,0x2726,no,,24,0,not listed
0x22DFD,0x2DFD,byte-scan,unreached-by-this-method,0x569D,0x2726,no,,24,0,not listed
0x22E00,0x2E00,byte-scan,unreached-by-this-method,0x57E4,0x2726,no,,24,0,not listed
0x22E03,0x2E03,byte-scan,unreached-by-this-method,0x58DE,0x2726,no,,24,0,not listed
0x22E08,0x2E08,byte-scan,unreached-by-this-method,0x58E6,0x2726,no,,24,0,not listed
0x22E0D,0x2E0D,byte-scan,unreached-by-this-method,0x57B5,0x2726,no,,24,0,not listed
0x22E10,0x2E10,byte-scan,unreached-by-this-method,0x5945,0x2726,no,,22,2,not listed
0x22E13,0x2E13,byte-scan,unreached-by-this-method,0x57DC,0x2726,no,,20,4,not listed
0x22E17,0x2E17,byte-scan,unreached-by-this-method,0x56BF,0x2726,no,,24,0,not listed
0x22E1A,0x2E1A,byte-scan,unreached-by-this-method,0x5812,0x2726,no,,22,2,not listed
0x22E1C,0x2E1C,byte-scan,unreached-by-this-method,0xD003,0x2726,no,,3,21,not listed
0x22E1F,0x2E1F,byte-scan,unreached-by-this-method,0xA210,0x2726,no,,24,0,not listed
0x22E2F,0x2E2F,byte-scan,mid-instruction,0x12A3,0x2726,no,,0,24,not listed
0x22E30,0x2E30,byte-scan,unreached-by-this-method,0xA339,0x2726,no,,23,1,not listed
0x22E54,0x2E54,byte-scan,unreached-by-this-method,0xF755,0x2726,no,,24,0,not listed
0x22E5D,0x2E5D,byte-scan,unreached-by-this-method,0xF755,0x2726,no,,24,0,not listed
0x22E66,0x2E66,byte-scan,unreached-by-this-method,0xF755,0x2726,no,,24,0,not listed
0x22E71,0x2E71,byte-scan,unreached-by-this-method,0xEBE4,0x2726,no,,24,0,not listed
0x22E7C,0x2E7C,byte-scan,unreached-by-this-method,0xCCB7,0x2726,no,,24,0,not listed
0x22E85,0x2E85,byte-scan,mid-instruction,0x12A3,0x2726,no,,0,24,not listed
0x22E86,0x2E86,byte-scan,unreached-by-this-method,0xA339,0x2726,no,,23,1,not listed
0x22E8F,0x2E8F,byte-scan,unreached-by-this-method,0x36B9,0x2726,no,,24,0,not listed
0x22E92,0x2E92,byte-scan,unreached-by-this-method,0x3497,0x2726,no,,22,2,not listed
0x22E95,0x2E95,byte-scan,unreached-by-this-method,0x104D,0x2726,no,,24,0,not listed
0x22E9E,0x2E9E,byte-scan,unreached-by-this-method,0xF22E,0x2726,no,,24,0,not listed
0x22EA4,0x2EA4,byte-scan,unreached-by-this-method,0x343A,0x2726,no,,24,0,not listed
0x22EAC,0x2EAC,byte-scan,unreached-by-this-method,0xF71B,0x2726,no,,24,0,not listed
0x22EB7,0x2EB7,byte-scan,unreached-by-this-method,0xE41B,0x2726,no,,24,0,not listed
0x22EBD,0x2EBD,byte-scan,unreached-by-this-method,0x34A5,0x2726,no,,24,0,not listed
0x22EC0,0x2EC0,byte-scan,unreached-by-this-method,0x349B,0x2726,no,,24,0,not listed
0x22EC3,0x2EC3,byte-scan,unreached-by-this-method,0x0FAF,0x2726,no,,24,0,not listed
0x22ECE,0x2ECE,byte-scan,unreached-by-this-method,0x34CD,0x2726,no,,24,0,not listed
0x22ED6,0x2ED6,byte-scan,unreached-by-this-method,0x7F00,0x2726,no,,1,23,not listed
0x22EDE,0x2EDE,byte-scan,unreached-by-this-method,0x2F8A,0x2726,no,,24,0,not listed
0x22EE1,0x2EE1,byte-scan,unreached-by-this-method,0xF739,0x2726,no,,22,2,not listed
0x22EE4,0x2EE4,byte-scan,unreached-by-this-method,0x3872,0x2726,no,,24,0,not listed
0x22EEF,0x2EEF,byte-scan,unreached-by-this-method,0x37F6,0x2726,no,,24,0,not listed
0x22EF2,0x2EF2,byte-scan,unreached-by-this-method,0x3750,0x2726,no,,24,0,not listed
0x22EFB,0x2EFB,byte-scan,unreached-by-this-method,0x0F0E,0x2726,no,,24,0,not listed
0x22F00,0x2F00,byte-scan,unreached-by-this-method,0x2F8A,0x2726,no,,24,0,not listed
0x22F0E,0x2F0E,byte-scan,unreached-by-this-method,0x10BC,0x2726,no,,24,0,not listed
0x22F16,0x2F16,byte-scan,unreached-by-this-method,0x104D,0x2726,no,,24,0,not listed
0x22F24,0x2F24,byte-scan,unreached-by-this-method,0x3497,0x2726,no,,22,2,not listed
0x22F2B,0x2F2B,byte-scan,unreached-by-this-method,0x0FAF,0x2726,no,,23,1,not listed
0x22F37,0x2F37,byte-scan,unreached-by-this-method,0x1041,0x2726,no,,24,0,not listed
0x22F45,0x2F45,byte-scan,unreached-by-this-method,0x37F9,0x2726,no,,22,2,not listed
0x22F55,0x2F55,byte-scan,unreached-by-this-method,0x0C7A,0x2726,no,,24,0,not listed
0x22F6D,0x2F6D,byte-scan,unreached-by-this-method,0x10BC,0x2726,no,,24,0,not listed
0x22F7E,0x2F7E,byte-scan,unreached-by-this-method,0x10E8,0x2726,no,,24,0,not listed
0x22F87,0x2F87,byte-scan,unreached-by-this-method,0xADAB,0x2726,no,,24,0,not listed
0x22F8F,0x2F8F,byte-scan,unreached-by-this-method,0x5EE0,0x2726,no,,24,0,not listed
0x22F95,0x2F95,byte-scan,unreached-by-this-method,0x333B,0x2726,no,,24,0,not listed
0x22F9B,0x2F9B,byte-scan,unreached-by-this-method,0x34A5,0x2726,no,,24,0,not listed
0x22F9E,0x2F9E,byte-scan,unreached-by-this-method,0x349B,0x2726,no,,24,0,not listed
0x22FA1,0x2FA1,byte-scan,unreached-by-this-method,0x390A,0x2726,no,,24,0,not listed
0x22FA4,0x2FA4,byte-scan,unreached-by-this-method,0x34C9,0x2726,no,,24,0,not listed
0x22FAC,0x2FAC,byte-scan,unreached-by-this-method,0x7F00,0x2726,no,,1,23,not listed
0x22FB6,0x2FB6,byte-scan,unreached-by-this-method,0x343B,0x2726,no,,24,0,not listed
0x22FBB,0x2FBB,byte-scan,unreached-by-this-method,0x343A,0x2726,no,,24,0,not listed
0x22FC1,0x2FC1,byte-scan,unreached-by-this-method,0x34A5,0x2726,no,,24,0,not listed
0x22FC4,0x2FC4,byte-scan,unreached-by-this-method,0x349B,0x2726,no,,24,0,not listed
0x22FCB,0x2FCB,byte-scan,unreached-by-this-method,0x0FAF,0x2726,no,,23,1,not listed
0x22FD7,0x2FD7,byte-scan,unreached-by-this-method,0x387B,0x2726,no,,24,0,not listed
0x22FDA,0x2FDA,byte-scan,unreached-by-this-method,0x104D,0x2726,no,,22,2,not listed
0x22FE8,0x2FE8,byte-scan,unreached-by-this-method,0x3085,0x2726,no,,24,0,not listed
0x22FEE,0x2FEE,byte-scan,unreached-by-this-method,0x34A5,0x2726,no,,24,0,not listed
0x22FF1,0x2FF1,byte-scan,unreached-by-this-method,0x349B,0x2726,no,,24,0,not listed
0x22FF4,0x2FF4,byte-scan,unreached-by-this-method,0x3911,0x2726,no,,24,0,not listed
0x22FF7,0x2FF7,byte-scan,unreached-by-this-method,0x34C9,0x2726,no,,22,2,not listed
0x22FFF,0x2FFF,byte-scan,unreached-by-this-method,0x7F00,0x2726,no,,1,23,not listed
0x23009,0x3009,byte-scan,unreached-by-this-method,0x343B,0x2726,no,,24,0,not listed
0x2300E,0x300E,byte-scan,unreached-by-this-method,0x343A,0x2726,no,,24,0,not listed
0x23014,0x3014,byte-scan,unreached-by-this-method,0x34A5,0x2726,no,,24,0,not listed
0x23017,0x3017,byte-scan,unreached-by-this-method,0x349B,0x2726,no,,24,0,not listed
0x2301E,0x301E,byte-scan,unreached-by-this-method,0x0FAF,0x2726,no,,23,1,not listed
0x2302A,0x302A,byte-scan,unreached-by-this-method,0x387B,0x2726,no,,24,0,not listed
0x2302D,0x302D,byte-scan,unreached-by-this-method,0x104D,0x2726,no,,22,2,not listed
0x2303B,0x303B,byte-scan,unreached-by-this-method,0x30CE,0x2726,no,,24,0,not listed
0x23041,0x3041,byte-scan,unreached-by-this-method,0x34A5,0x2726,no,,24,0,not listed
0x23044,0x3044,byte-scan,unreached-by-this-method,0x349B,0x2726,no,,24,0,not listed
0x23047,0x3047,byte-scan,unreached-by-this-method,0x0FAF,0x2726,no,,24,0,not listed
0x2304A,0x304A,byte-scan,unreached-by-this-method,0x39CE,0x2726,no,,22,2,not listed
0x2304D,0x304D,byte-scan,unreached-by-this-method,0x34CC,0x2726,no,,24,0,not listed
0x23055,0x3055,byte-scan,unreached-by-this-method,0x7F00,0x2726,no,,1,23,not listed
0x2305E,0x305E,byte-scan,unreached-by-this-method,0x34A5,0x2726,no,,24,0,not listed
0x23061,0x3061,byte-scan,unreached-by-this-method,0x349B,0x2726,no,,24,0,not listed
0x23068,0x3068,byte-scan,unreached-by-this-method,0x0FAF,0x2726,no,,23,1,not listed
0x23074,0x3074,byte-scan,unreached-by-this-method,0x387B,0x2726,no,,24,0,not listed
0x23077,0x3077,byte-scan,unreached-by-this-method,0x104D,0x2726,no,,22,2,not listed
0x23087,0x3087,byte-scan,unreached-by-this-method,0x32B8,0x2726,no,,23,1,not listed
0x2308D,0x308D,byte-scan,unreached-by-this-method,0x34A5,0x2726,no,,24,0,not listed
0x23090,0x3090,byte-scan,unreached-by-this-method,0x349B,0x2726,no,,24,0,not listed
0x23093,0x3093,byte-scan,unreached-by-this-method,0x3727,0x2726,no,,24,0,not listed
0x23096,0x3096,byte-scan,unreached-by-this-method,0x34CC,0x2726,no,,24,0,not listed
0x2309E,0x309E,byte-scan,unreached-by-this-method,0x7F00,0x2726,no,,1,23,not listed
0x230A7,0x30A7,byte-scan,unreached-by-this-method,0x34A5,0x2726,no,,24,0,not listed
0x230AA,0x30AA,byte-scan,unreached-by-this-method,0x349B,0x2726,no,,24,0,not listed
0x230B1,0x30B1,byte-scan,unreached-by-this-method,0x0FAF,0x2726,no,,23,1,not listed
0x230BD,0x30BD,byte-scan,unreached-by-this-method,0x387B,0x2726,no,,24,0,not listed
0x230C0,0x30C0,byte-scan,unreached-by-this-method,0x104D,0x2726,no,,22,2,not listed
0x230CF,0x30CF,byte-scan,mid-instruction,0x0232,0x2726,no,,0,24,not listed
0x230D0,0x30D0,byte-scan,unreached-by-this-method,0x32B8,0x2726,no,,23,1,not listed
0x230D6,0x30D6,byte-scan,unreached-by-this-method,0x34A5,0x2726,no,,24,0,not listed
0x230D9,0x30D9,byte-scan,unreached-by-this-method,0x349B,0x2726,no,,24,0,not listed
0x230DC,0x30DC,byte-scan,unreached-by-this-method,0x3918,0x2726,no,,24,0,not listed
0x230DF,0x30DF,byte-scan,unreached-by-this-method,0x34C9,0x2726,no,,24,0,not listed
0x230E7,0x30E7,byte-scan,unreached-by-this-method,0x7F00,0x2726,no,,1,23,not listed
0x230EF,0x30EF,byte-scan,unreached-by-this-method,0x3197,0x2726,no,,24,0,not listed
0x230F2,0x30F2,byte-scan,unreached-by-this-method,0x3455,0x2726,no,,24,0,not listed
0x230FA,0x30FA,byte-scan,unreached-by-this-method,0x34D6,0x2726,no,,24,0,not listed
0x230FD,0x30FD,byte-scan,unreached-by-this-method,0x38AD,0x2726,no,,24,0,not listed
0x23100,0x3100,byte-scan,unreached-by-this-method,0x34CD,0x2726,no,,22,2,not listed
0x23104,0x3104,byte-scan,mid-instruction,0x8016,0x2726,no,,0,24,not listed
0x23107,0x3107,byte-scan,unreached-by-this-method,0x3455,0x2726,no,,24,0,not listed
0x2310D,0x310D,byte-scan,unreached-by-this-method,0x34D6,0x2726,no,,24,0,not listed
0x23118,0x3118,byte-scan,unreached-by-this-method,0x34CD,0x2726,no,,24,0,not listed
0x23120,0x3120,byte-scan,unreached-by-this-method,0x34A5,0x2726,no,,24,0,not listed
0x23123,0x3123,byte-scan,unreached-by-this-method,0x349B,0x2726,no,,24,0,not listed
0x2312A,0x312A,byte-scan,unreached-by-this-method,0x0FAF,0x2726,no,,23,1,not listed
0x23136,0x3136,byte-scan,unreached-by-this-method,0x1041,0x2726,no,,24,0,not listed
0x2313D,0x313D,byte-scan,unreached-by-this-method,0x345E,0x2726,no,,24,0,not listed
0x23142,0x3142,byte-scan,unreached-by-this-method,0x343A,0x2726,no,,24,0,not listed
0x23147,0x3147,byte-scan,unreached-by-this-method,0x346C,0x2726,no,,24,0,not listed
0x2314A,0x314A,byte-scan,unreached-by-this-method,0x34A5,0x2726,no,,24,0,not listed
0x2314D,0x314D,byte-scan,unreached-by-this-method,0x349B,0x2726,no,,24,0,not listed
0x23154,0x3154,byte-scan,unreached-by-this-method,0x0FAF,0x2726,no,,23,1,not listed
0x23160,0x3160,byte-scan,unreached-by-this-method,0x1041,0x2726,no,,24,0,not listed
0x23168,0x3168,byte-scan,unreached-by-this-method,0xF75C,0x2726,no,,24,0,not listed
0x23171,0x3171,byte-scan,unreached-by-this-method,0x104D,0x2726,no,,24,0,not listed
0x23181,0x3181,byte-scan,unreached-by-this-method,0x32B8,0x2726,no,,24,0,not listed
0x23184,0x3184,byte-scan,unreached-by-this-method,0x104D,0x2726,no,,22,2,not listed
0x23194,0x3194,byte-scan,unreached-by-this-method,0x32B8,0x2726,no,,24,0,not listed
0x2319A,0x319A,byte-scan,unreached-by-this-method,0x34A5,0x2726,no,,24,0,not listed
0x2319D,0x319D,byte-scan,unreached-by-this-method,0x349B,0x2726,no,,24,0,not listed
0x231A0,0x31A0,byte-scan,unreached-by-this-method,0x0FAF,0x2726,no,,24,0,not listed
0x231A6,0x31A6,byte-scan,unreached-by-this-method,0x34C9,0x2726,no,,24,0,not listed
0x231AE,0x31AE,byte-scan,unreached-by-this-method,0x7F00,0x2726,no,,1,23,not listed
0x231B6,0x31B6,byte-scan,unreached-by-this-method,0x3266,0x2726,no,,24,0,not listed
0x231B9,0x31B9,byte-scan,unreached-by-this-method,0x3449,0x2726,no,,24,0,not listed
0x231BD,0x31BD,byte-scan,mid-instruction,0x1234,0x2726,no,,0,24,not listed
0x231BE,0x31BE,byte-scan,unreached-by-this-method,0x34D6,0x2726,no,,23,1,not listed
0x231C9,0x31C9,byte-scan,unreached-by-this-method,0x34CD,0x2726,no,,24,0,not listed
0x231CD,0x31CD,byte-scan,mid-instruction,0x8015,0x2726,no,,0,24,not listed
0x231D0,0x31D0,byte-scan,unreached-by-this-method,0x3449,0x2726,no,,23,1,not listed
0x231D5,0x31D5,byte-scan,unreached-by-this-method,0x34D6,0x2726,no,,24,0,not listed
0x231E0,0x31E0,byte-scan,unreached-by-this-method,0x34CD,0x2726,no,,24,0,not listed
0x231E8,0x31E8,byte-scan,unreached-by-this-method,0x34A5,0x2726,no,,24,0,not listed
0x231EB,0x31EB,byte-scan,unreached-by-this-method,0x349B,0x2726,no,,24,0,not listed
0x231F2,0x31F2,byte-scan,unreached-by-this-method,0x0FAF,0x2726,no,,23,1,not listed
0x231FE,0x31FE,byte-scan,unreached-by-this-method,0x1041,0x2726,no,,24,0,not listed
0x23201,0x3201,byte-scan,unreached-by-this-method,0x3266,0x2726,no,,22,2,not listed
0x23207,0x3207,byte-scan,unreached-by-this-method,0x38B6,0x2726,no,,24,0,not listed
0x23210,0x3210,byte-scan,unreached-by-this-method,0x7E00,0x2726,no,,1,23,not listed
0x2321E,0x321E,byte-scan,unreached-by-this-method,0x7E00,0x2726,no,,1,23,not listed
0x23224,0x3224,byte-scan,unreached-by-this-method,0x343A,0x2726,no,,24,0,not listed
0x2322A,0x322A,byte-scan,unreached-by-this-method,0xF407,0x2726,no,,24,0,not listed
0x23232,0x3232,byte-scan,unreached-by-this-method,0x343A,0x2726,no,,24,0,not listed
0x23237,0x3237,byte-scan,unreached-by-this-method,0x346C,0x2726,no,,24,0,not listed
0x2323A,0x323A,byte-scan,unreached-by-this-method,0x34A5,0x2726,no,,24,0,not listed
0x2323D,0x323D,byte-scan,unreached-by-this-method,0x349B,0x2726,no,,24,0,not listed
0x23244,0x3244,byte-scan,unreached-by-this-method,0x0FAF,0x2726,no,,23,1,not listed
0x23250,0x3250,byte-scan,unreached-by-this-method,0x387B,0x2726,no,,24,0,not listed
0x23253,0x3253,byte-scan,unreached-by-this-method,0x104D,0x2726,no,,22,2,not listed
0x23260,0x3260,byte-scan,mid-instruction,0x7A06,0x2726,no,,0,24,not listed
0x23263,0x3263,byte-scan,unreached-by-this-method,0x32B8,0x2726,no,,24,0,not listed
0x23269,0x3269,byte-scan,unreached-by-this-method,0x34A5,0x2726,no,,24,0,not listed
0x2326C,0x326C,byte-scan,unreached-by-this-method,0x349B,0x2726,no,,24,0,not listed
0x2326F,0x326F,byte-scan,unreached-by-this-method,0x391F,0x2726,no,,24,0,not listed
0x23272,0x3272,byte-scan,unreached-by-this-method,0x34C9,0x2726,no,,24,0,not listed
0x2327A,0x327A,byte-scan,unreached-by-this-method,0x7F00,0x2726,no,,1,23,not listed
0x23284,0x3284,byte-scan,unreached-by-this-method,0x345E,0x2726,no,,24,0,not listed
0x23289,0x3289,byte-scan,unreached-by-this-method,0x343A,0x2726,no,,24,0,not listed
0x2328F,0x328F,byte-scan,unreached-by-this-method,0x34A5,0x2726,no,,24,0,not listed
0x23292,0x3292,byte-scan,unreached-by-this-method,0x349B,0x2726,no,,24,0,not listed
0x23299,0x3299,byte-scan,unreached-by-this-method,0x0FAF,0x2726,no,,23,1,not listed
0x232A5,0x32A5,byte-scan,unreached-by-this-method,0x387B,0x2726,no,,24,0,not listed
0x232A8,0x32A8,byte-scan,unreached-by-this-method,0x104D,0x2726,no,,22,2,not listed
0x232BA,0x32BA,byte-scan,unreached-by-this-method,0xCCB7,0x2726,no,,24,0,not listed
0x232BD,0x32BD,byte-scan,unreached-by-this-method,0x34D6,0x2726,no,,22,2,not listed
0x232C3,0x32C3,byte-scan,unreached-by-this-method,0x34C9,0x2726,no,,23,1,not listed
0x232CB,0x32CB,byte-scan,unreached-by-this-method,0x7F00,0x2726,no,,1,23,not listed
0x232D8,0x32D8,byte-scan,unreached-by-this-method,0xF755,0x2726,no,,24,0,not listed
0x232E3,0x32E3,byte-scan,unreached-by-this-method,0x34A5,0x2726,no,,24,0,not listed
0x232E6,0x32E6,byte-scan,unreached-by-this-method,0x349B,0x2726,no,,24,0,not listed
0x232E9,0x32E9,byte-scan,unreached-by-this-method,0x0FAF,0x2726,no,,24,0,not listed
0x232F3,0x32F3,byte-scan,unreached-by-this-method,0x34CC,0x2726,no,,24,0,not listed
0x232FB,0x32FB,byte-scan,unreached-by-this-method,0x7F00,0x2726,no,,1,23,not listed
0x23308,0x3308,byte-scan,unreached-by-this-method,0xECFA,0x2726,no,,24,0,not listed
0x23311,0x3311,byte-scan,unreached-by-this-method,0x34A5,0x2726,no,,24,0,not listed
0x23314,0x3314,byte-scan,unreached-by-this-method,0x349B,0x2726,no,,24,0,not listed
0x2331B,0x331B,byte-scan,unreached-by-this-method,0x0FAF,0x2726,no,,23,1,not listed
0x23327,0x3327,byte-scan,unreached-by-this-method,0x1041,0x2726,no,,24,0,not listed
0x2332D,0x332D,byte-scan,unreached-by-this-method,0x35E8,0x2726,no,,24,0,not listed
0x23331,0x3331,byte-scan,unreached-by-this-method,0x349B,0x2726,no,,24,0,not listed
0x23334,0x3334,byte-scan,unreached-by-this-method,0x104D,0x2726,no,,24,0,not listed
0x2333E,0x333E,byte-scan,unreached-by-this-method,0x3509,0x2726,no,,24,0,not listed
0x23347,0x3347,byte-scan,unreached-by-this-method,0x33E0,0x2726,no,,24,0,not listed
0x2334D,0x334D,byte-scan,unreached-by-this-method,0x39F9,0x2726,no,,24,0,not listed
0x23351,0x3351,byte-scan,unreached-by-this-method,0x349B,0x2726,no,,24,0,not listed
0x23354,0x3354,byte-scan,unreached-by-this-method,0x0FAF,0x2726,no,,24,0,not listed
0x23358,0x3358,byte-scan,unreached-by-this-method,0x34CE,0x2726,no,,24,0,not listed
0x2335D,0x335D,byte-scan,unreached-by-this-method,0x33E0,0x2726,no,,24,0,not listed
0x23365,0x3365,byte-scan,unreached-by-this-method,0xF75C,0x2726,no,,24,0,not listed
0x2336B,0x336B,byte-scan,unreached-by-this-method,0xF739,0x2726,no,,24,0,not listed
0x2336E,0x336E,byte-scan,unreached-by-this-method,0x355A,0x2726,no,,24,0,not listed
0x23372,0x3372,byte-scan,unreached-by-this-method,0x349B,0x2726,no,,24,0,not listed
0x23375,0x3375,byte-scan,unreached-by-this-method,0x3750,0x2726,no,,24,0,not listed
0x2337D,0x337D,byte-scan,unreached-by-this-method,0x34D0,0x2726,no,,24,0,not listed
0x23382,0x3382,byte-scan,unreached-by-this-method,0xF739,0x2726,no,,24,0,not listed
0x23385,0x3385,byte-scan,unreached-by-this-method,0x38C7,0x2726,no,,24,0,not listed
0x23388,0x3388,byte-scan,unreached-by-this-method,0x3497,0x2726,no,,24,0,not listed
0x2338B,0x338B,byte-scan,unreached-by-this-method,0x1041,0x2726,no,,24,0,not listed
0x23395,0x3395,byte-scan,unreached-by-this-method,0x104D,0x2726,no,,24,0,not listed
0x233A1,0x33A1,byte-scan,mid-instruction,0x8037,0x2726,no,,0,24,not listed
0x233A4,0x33A4,byte-scan,unreached-by-this-method,0xF739,0x2726,no,,24,0,not listed
0x233A7,0x33A7,byte-scan,unreached-by-this-method,0x355A,0x2726,no,,24,0,not listed
0x233AB,0x33AB,byte-scan,unreached-by-this-method,0x349B,0x2726,no,,24,0,not listed
0x233AE,0x33AE,byte-scan,unreached-by-this-method,0x3750,0x2726,no,,24,0,not listed
0x233B6,0x33B6,byte-scan,unreached-by-this-method,0x34D0,0x2726,no,,23,1,not listed
0x233BB,0x33BB,byte-scan,unreached-by-this-method,0xF739,0x2726,no,,22,2,not listed
0x233BE,0x33BE,byte-scan,unreached-by-this-method,0x38C7,0x2726,no,,24,0,not listed
0x233C1,0x33C1,byte-scan,unreached-by-this-method,0x3497,0x2726,no,,24,0,not listed
0x233C4,0x33C4,byte-scan,unreached-by-this-method,0x1041,0x2726,no,,24,0,not listed
0x233CE,0x33CE,byte-scan,unreached-by-this-method,0x104D,0x2726,no,,24,0,not listed
0x233DD,0x33DD,byte-scan,unreached-by-this-method,0xCCB7,0x2726,no,,24,0,not listed
0x233E5,0x33E5,byte-scan,unreached-by-this-method,0xF5C3,0x2726,no,,24,0,not listed
0x233F0,0x33F0,byte-scan,unreached-by-this-method,0xF22E,0x2726,no,,24,0,not listed
0x233FD,0x33FD,byte-scan,unreached-by-this-method,0x9E86,0x2726,no,,24,0,not listed
0x23412,0x3412,byte-scan,unreached-by-this-method,0x3655,0x2726,no,,24,0,not listed
0x2341E,0x341E,byte-scan,unreached-by-this-method,0x34CF,0x2726,no,,23,1,not listed
0x23423,0x3423,byte-scan,unreached-by-this-method,0xF739,0x2726,no,,24,0,not listed
0x23437,0x3437,byte-scan,unreached-by-this-method,0x1041,0x2726,no,,24,0,not listed
0x23442,0x3442,byte-scan,unreached-by-this-method,0xF407,0x2726,no,,24,0,not listed
0x2344E,0x344E,byte-scan,unreached-by-this-method,0xF755,0x2726,no,,24,0,not listed
0x2345A,0x345A,byte-scan,unreached-by-this-method,0xF75C,0x2726,no,,24,0,not listed
0x23465,0x3465,byte-scan,unreached-by-this-method,0xF407,0x2726,no,,24,0,not listed
0x23471,0x3471,byte-scan,unreached-by-this-method,0xEBE4,0x2726,no,,24,0,not listed
0x23483,0x3483,byte-scan+walk,decoded-lcall,0x10BC,0x347B,yes,next listing boundary,24,0,not listed
0x2348D,0x348D,byte-scan+walk,decoded-lcall,0x1041,0x347B,no,next listing boundary,24,0,not listed
0x23497,0x3497,byte-scan+walk,decoded-lcall,0x10BC,0x3497,yes,next listing boundary,22,2,not listed
0x234AD,0x34AD,byte-scan+walk,decoded-lcall,0x10BC,0x34A5,yes,ret,20,4,not listed
0x234C3,0x34C3,byte-scan,unreached-by-this-method,0x0FAF,0x34A5,no,,24,0,not listed
0x234D3,0x34D3,byte-scan+walk,decoded-ljmp,0x0F0E,0x34CF,yes,tail jump to a callee,24,0,not listed
0x234E7,0x34E7,byte-scan+walk,decoded-ljmp,0x0FAF,0x34DA,yes,tail jump to a callee,24,0,not listed
0x234F5,0x34F5,byte-scan+walk,decoded-ljmp,0x10BC,0x34F2,yes,tail jump to a callee,20,4,not listed
0x23503,0x3503,byte-scan+walk,decoded-ljmp,0x10BC,0x3500,yes,tail jump to a callee,22,2,not listed
0x2352F,0x352F,byte-scan+walk,decoded-lcall,0x10E8,0x352C,yes,ret,22,2,not listed
0x23541,0x3541,byte-scan+walk,decoded-ljmp,0x10BC,0x353E,yes,tail jump to a callee,22,2,not listed
0x2356D,0x356D,byte-scan+walk,decoded-ljmp,0x10BC,0x3565,yes,tail jump to a callee,22,2,not listed
0x23596,0x3596,byte-scan,unreached-by-this-method,0x10BC,0x357E,no,,22,2,not listed
0x23599,0x3599,byte-scan,unreached-by-this-method,0x0FAF,0x357E,no,,20,4,not listed
0x235A6,0x35A6,byte-scan,unreached-by-this-method,0x0F0E,0x357E,no,,24,0,not listed
0x235B4,0x35B4,byte-scan+walk,decoded-ljmp,0x10BC,0x35AC,yes,tail jump to a callee,22,2,not listed
0x235C2,0x35C2,byte-scan,unreached-by-this-method,0x10BC,0x35AC,no,,22,2,not listed
0x235CC,0x35CC,byte-scan+walk,decoded-ljmp,0x10BC,0x35AC,no,tail jump to a callee,22,2,not listed
0x235D4,0x35D4,byte-scan,unreached-by-this-method,0x0DC9,0x35AC,no,,24,0,not listed
0x235E2,0x35E2,byte-scan+walk,decoded-lcall,0x10C8,0x35DA,yes,tail jump to a callee,22,2,not listed
0x235E5,0x35E5,byte-scan+walk,decoded-ljmp,0x0F45,0x35DA,yes,tail jump to a callee,21,3,not listed
0x235F0,0x35F0,byte-scan+walk,decoded-ljmp,0x10BC,0x35E8,yes,tail jump to a callee,22,2,not listed
0x235FC,0x35FC,byte-scan,unreached-by-this-method,0x10BC,0x35E8,no,,22,2,not listed
0x2361D,0x361D,byte-scan,unreached-by-this-method,0x10BC,0x3604,no,,22,2,not listed
0x23624,0x3624,byte-scan+walk,decoded-ljmp,0x10BC,0x3621,yes,tail jump to a callee,21,3,not listed
0x23638,0x3638,byte-scan+walk,decoded-ljmp,0x10BC,0x3635,yes,tail jump to a callee,22,2,not listed
0x23642,0x3642,byte-scan+walk,decoded-ljmp,0x10BC,0x363E,yes,tail jump to a callee,16,8,not listed
0x23657,0x3657,byte-scan+walk,decoded-lcall,0x0FAF,0x3655,yes,ret,24,0,not listed
0x23673,0x3673,byte-scan,operand,0x2278,0x366E,yes,,0,24,not listed
0x23677,0x3677,byte-scan,unreached-by-this-method,0x0F1F,0x366E,no,,24,0,not listed
0x23686,0x3686,byte-scan,unreached-by-this-method,0x0DC9,0x366E,no,,24,0,not listed
0x23694,0x3694,byte-scan+walk,decoded-ljmp,0x10BC,0x3689,yes,tail jump to a callee,22,2,not listed
0x2369E,0x369E,byte-scan,unreached-by-this-method,0x10BC,0x3689,no,,19,5,not listed
0x236AC,0x36AC,byte-scan,unreached-by-this-method,0x10C8,0x3689,no,,24,0,not listed
0x236D3,0x36D3,byte-scan,operand,0x7D60,0x36CB,yes,,0,24,not listed
0x236D6,0x36D6,byte-scan+walk,decoded-ljmp,0x0C7A,0x36CB,yes,tail jump to a callee,23,1,not listed
0x236E6,0x36E6,byte-scan+walk,decoded-lcall,0x0F1F,0x36E6,yes,next listing boundary,24,0,not listed
0x23700,0x3700,byte-scan+walk,decoded-lcall,0x10E8,0x36F2,yes,next listing boundary,24,0,not listed
0x2370A,0x370A,byte-scan+walk,decoded-ljmp,0x10E8,0x3706,yes,tail jump to a callee,24,0,not listed
0x2371A,0x371A,byte-scan+walk,decoded-ljmp,0x10BC,0x3706,no,tail jump to a callee,22,2,not listed
0x23727,0x3727,byte-scan,unreached-by-this-method,0x0FAF,0x3720,no,,24,0,not listed
0x23750,0x3750,byte-scan+walk,decoded-lcall,0x0FAF,0x3750,yes,tail jump to a callee,24,0,not listed
0x23753,0x3753,byte-scan+walk,decoded-lcall,0x0F00,0x3750,yes,tail jump to a callee,22,2,not listed
0x23756,0x3756,byte-scan+walk,decoded-ljmp,0x0DBC,0x3750,yes,tail jump to a callee,24,0,not listed
0x23768,0x3768,byte-scan+walk,decoded-ljmp,0x10BC,0x3760,yes,tail jump to a callee,22,2,not listed
0x2376B,0x376B,byte-scan,unreached-by-this-method,0x1041,0x3760,no,,20,4,not listed
0x2379C,0x379C,byte-scan,unreached-by-this-method,0x10C8,0x3777,no,,24,0,not listed
0x237AB,0x37AB,byte-scan+walk,decoded-ljmp,0x10BC,0x37A7,yes,tail jump to a callee,22,2,not listed
0x237C1,0x37C1,byte-scan,unreached-by-this-method,0x1041,0x37AE,no,,24,0,not listed
0x237CC,0x37CC,byte-scan,unreached-by-this-method,0x0FCB,0x37AE,no,,24,0,not listed
0x237CF,0x37CF,byte-scan,unreached-by-this-method,0x0DC9,0x37AE,no,,24,0,not listed
0x237F9,0x37F9,byte-scan+walk,decoded-lcall,0x10BC,0x37ED,no,ret,24,0,not listed
0x23818,0x3818,byte-scan,unreached-by-this-method,0x10E8,0x37ED,no,,24,0,not listed
0x2382E,0x382E,byte-scan+walk,decoded-lcall,0x0FCB,0x37ED,no,tail jump to a callee,24,0,not listed
0x23832,0x3832,byte-scan+walk,decoded-ljmp,0x0F0E,0x37ED,no,tail jump to a callee,24,0,not listed
0x2383A,0x383A,byte-scan+walk,decoded-lcall,0x0FCB,0x383A,yes,tail jump to a callee,24,0,not listed
0x2383E,0x383E,byte-scan+walk,decoded-ljmp,0x0F0E,0x383A,yes,tail jump to a callee,24,0,not listed
0x23849,0x3849,byte-scan,unreached-by-this-method,0x0FAF,0x383A,no,,24,0,not listed
0x2384E,0x384E,byte-scan+walk,decoded-lcall,0x0F1F,0x384E,yes,ret,24,0,not listed
0x23859,0x3859,byte-scan,unreached-by-this-method,0x10BC,0x384E,no,,22,2,not listed
0x23864,0x3864,byte-scan,unreached-by-this-method,0x0FAF,0x384E,no,,24,0,not listed
0x23869,0x3869,byte-scan,unreached-by-this-method,0x0F1F,0x384E,no,,24,0,not listed
0x2387B,0x387B,byte-scan,unreached-by-this-method,0x1041,0x3872,no,,24,0,not listed
0x238AA,0x38AA,byte-scan,unreached-by-this-method,0x0FAF,0x3883,no,,24,0,not listed
0x238B2,0x38B2,byte-scan,mid-instruction,0xFDE4,0x3883,no,,0,24,not listed
0x238DA,0x38DA,byte-scan+walk,decoded-lcall,0x1041,0x38D3,no,ret,24,0,not listed
0x238E2,0x38E2,byte-scan,unreached-by-this-method,0x0FAF,0x38D3,no,,24,0,not listed
0x23901,0x3901,byte-scan,unreached-by-this-method,0x10E8,0x38D3,no,,24,0,not listed
0x2390A,0x390A,byte-scan,unreached-by-this-method,0x0FAF,0x38D3,no,,24,0,not listed
0x23911,0x3911,byte-scan,unreached-by-this-method,0x0FAF,0x38D3,no,,24,0,not listed
0x23918,0x3918,byte-scan,unreached-by-this-method,0x0FAF,0x38D3,no,,24,0,not listed
0x2391F,0x391F,byte-scan,unreached-by-this-method,0x0FAF,0x38D3,no,,24,0,not listed
0x23926,0x3926,byte-scan,unreached-by-this-method,0x1041,0x38D3,no,,23,1,not listed
0x23959,0x3959,byte-scan,mid-instruction,0xFFE4,0x393D,no,,0,24,not listed
0x23968,0x3968,byte-scan,unreached-by-this-method,0x10C8,0x393D,no,,24,0,not listed
0x2396B,0x396B,byte-scan+walk,decoded-lcall,0x0FAF,0x396B,yes,ret,23,1,not listed
0x23981,0x3981,byte-scan,unreached-by-this-method,0x10BC,0x3977,no,,24,0,not listed
0x23984,0x3984,byte-scan,unreached-by-this-method,0x1041,0x3977,no,,22,2,not listed
0x2398B,0x398B,byte-scan,unreached-by-this-method,0x0FAF,0x3977,no,,24,0,not listed
0x23990,0x3990,byte-scan,unreached-by-this-method,0x0F1F,0x3977,no,,24,0,not listed
0x23998,0x3998,byte-scan,unreached-by-this-method,0x10C8,0x3977,no,,24,0,not listed
0x2399E,0x399E,byte-scan,unreached-by-this-method,0x0D38,0x3977,no,,21,3,not listed
0x239B8,0x39B8,byte-scan,mid-instruction,0xE4FD,0x39AC,no,,0,24,not listed
0x239C2,0x39C2,byte-scan,unreached-by-this-method,0x10BC,0x39AC,no,,22,2,not listed
0x239CB,0x39CB,byte-scan,unreached-by-this-method,0x0D38,0x39AC,no,,24,0,not listed
0x239E0,0x39E0,byte-scan+walk,decoded-lcall,0x1041,0x39DE,yes,ret,24,0,not listed
0x239FD,0x39FD,byte-scan+walk,decoded-ljmp,0x10BC,0x39F9,yes,tail jump to a callee,24,0,not listed
0x23A07,0x3A07,byte-scan,unreached-by-this-method,0x1041,0x39F9,no,,24,0,not listed
0x23A0E,0x3A0E,byte-scan+walk,decoded-lcall,0x0FAF,0x3A0E,yes,ret,24,0,not listed
0x23A2A,0x3A2A,byte-scan,unreached-by-this-method,0x1041,0x3A0E,no,,24,0,not listed
0x23A30,0x3A30,byte-scan,unreached-by-this-method,0x0FAF,0x3A0E,no,,24,0,not listed
0x23A43,0x3A43,byte-scan,unreached-by-this-method,0x37AF,0x3A33,no,,24,0,not listed
0x23A46,0x3A46,byte-scan,unreached-by-this-method,0x11C2,0x3A33,no,,22,2,not listed
0x23A50,0x3A50,byte-scan,mid-instruction,0x3B61,0x3A33,no,,0,24,not listed
0x23A86,0x3A86,byte-scan,unreached-by-this-method,0x2E8A,0x3A33,no,,24,0,not listed
0x23A8C,0x3A8C,byte-scan,unreached-by-this-method,0x104D,0x3A33,no,,24,0,not listed
0x23A93,0x3A93,byte-scan,unreached-by-this-method,0x379F,0x3A33,no,,18,6,not listed
0x23A96,0x3A96,byte-scan,unreached-by-this-method,0xC24E,0x3A33,no,,24,0,not listed
0x23A99,0x3A99,byte-scan,unreached-by-this-method,0x378B,0x3A33,no,,24,0,not listed
0x23A9C,0x3A9C,byte-scan,unreached-by-this-method,0xD013,0x3A33,no,,22,2,not listed
0x23A9F,0x3A9F,byte-scan,unreached-by-this-method,0x379F,0x3A33,no,,24,0,not listed
0x23AA2,0x3AA2,byte-scan,unreached-by-this-method,0xE6C0,0x3A33,no,,24,0,not listed
0x23AA8,0x3AA8,byte-scan,unreached-by-this-method,0x104D,0x3A33,no,,24,0,not listed
0x23AB5,0x3AB5,byte-scan,mid-instruction,0x023D,0x3A33,no,,0,24,not listed
0x23AB6,0x3AB6,byte-scan,unreached-by-this-method,0x3DFD,0x3A33,no,,23,1,not listed
0x23AB9,0x3AB9,byte-scan,unreached-by-this-method,0x36B6,0x3A33,no,,24,0,not listed
0x23ABC,0x3ABC,byte-scan,unreached-by-this-method,0x3497,0x3A33,no,,22,2,not listed
0x23ABF,0x3ABF,byte-scan,unreached-by-this-method,0x104D,0x3A33,no,,24,0,not listed
0x23AC6,0x3AC6,byte-scan,unreached-by-this-method,0x3841,0x3A33,no,,24,0,not listed
0x23AC9,0x3AC9,byte-scan,unreached-by-this-method,0x3497,0x3A33,no,,22,2,not listed
0x23ACC,0x3ACC,byte-scan,unreached-by-this-method,0x0FAF,0x3A33,no,,24,0,not listed
0x23AD0,0x3AD0,byte-scan,unreached-by-this-method,0x34CE,0x3A33,no,,24,0,not listed
0x23AD8,0x3AD8,byte-scan,unreached-by-this-method,0x34D9,0x3A33,no,,21,3,not listed
0x23ADB,0x3ADB,byte-scan,unreached-by-this-method,0x36A1,0x3A33,no,,23,1,not listed
0x23AE0,0x3AE0,byte-scan,unreached-by-this-method,0xF739,0x3A33,no,,24,0,not listed
0x23AE3,0x3AE3,byte-scan,unreached-by-this-method,0x3478,0x3A33,no,,24,0,not listed
0x23AE6,0x3AE6,byte-scan,unreached-by-this-method,0x104D,0x3A33,no,,23,1,not listed
0x23AEB,0x3AEB,byte-scan,unreached-by-this-method,0x8A12,0x3A33,no,,5,19,not listed
0x23AED,0x3AED,byte-scan,unreached-by-this-method,0x3519,0x3A33,no,,17,7,not listed
0x23AF0,0x3AF0,byte-scan,unreached-by-this-method,0x3497,0x3A33,no,,24,0,not listed
0x23AF3,0x3AF3,byte-scan,unreached-by-this-method,0x104D,0x3A33,no,,24,0,not listed
0x23AF9,0x3AF9,byte-scan,unreached-by-this-method,0x801A,0x3A33,no,,5,19,not listed
0x23AFC,0x3AFC,byte-scan,unreached-by-this-method,0xF739,0x3A33,no,,24,0,not listed
0x23AFF,0x3AFF,byte-scan,unreached-by-this-method,0x3478,0x3A33,no,,24,0,not listed
0x23B02,0x3B02,byte-scan,unreached-by-this-method,0x104D,0x3A33,no,,23,1,not listed
0x23B07,0x3B07,byte-scan,unreached-by-this-method,0x8A12,0x3A33,no,,5,19,not listed
0x23B09,0x3B09,byte-scan,unreached-by-this-method,0x3519,0x3A33,no,,17,7,not listed
0x23B0C,0x3B0C,byte-scan,unreached-by-this-method,0x3497,0x3A33,no,,24,0,not listed
0x23B0F,0x3B0F,byte-scan,unreached-by-this-method,0x104D,0x3A33,no,,24,0,not listed
0x23B21,0x3B21,byte-scan,unreached-by-this-method,0xE4D0,0x3A33,no,,24,0,not listed
0x23B27,0x3B27,byte-scan,unreached-by-this-method,0x3F7E,0x3A33,no,,24,0,not listed
0x23B2A,0x3B2A,byte-scan,unreached-by-this-method,0x378B,0x3A33,no,,22,2,not listed
0x23B2D,0x3B2D,byte-scan,unreached-by-this-method,0xE6C0,0x3A33,no,,20,4,not listed
0x23B33,0x3B33,byte-scan,unreached-by-this-method,0x357E,0x3A33,no,,16,8,not listed
0x23B36,0x3B36,byte-scan,unreached-by-this-method,0x3497,0x3A33,no,,23,1,not listed
0x23B39,0x3B39,byte-scan,unreached-by-this-method,0x104D,0x3A33,no,,24,0,not listed
0x23B40,0x3B40,byte-scan,unreached-by-this-method,0x3519,0x3A33,no,,24,0,not listed
0x23B43,0x3B43,byte-scan,unreached-by-this-method,0x3497,0x3A33,no,,24,0,not listed
0x23B46,0x3B46,byte-scan,unreached-by-this-method,0x104D,0x3A33,no,,24,0,not listed
0x23B50,0x3B50,byte-scan,unreached-by-this-method,0x104D,0x3A33,no,,24,0,not listed
0x23B5E,0x3B5E,byte-scan,unreached-by-this-method,0x3DFD,0x3A33,no,,24,0,not listed
0x23B64,0x3B64,byte-scan,unreached-by-this-method,0x104D,0x3A33,no,,24,0,not listed
0x23B6B,0x3B6B,byte-scan,unreached-by-this-method,0x379F,0x3A33,no,,18,6,not listed
0x23B6E,0x3B6E,byte-scan,unreached-by-this-method,0xC24E,0x3A33,no,,24,0,not listed
0x23B74,0x3B74,byte-scan,unreached-by-this-method,0x104D,0x3A33,no,,24,0,not listed
0x23B7D,0x3B7D,byte-scan,unreached-by-this-method,0x3789,0x3A33,no,,24,0,not listed
0x23B80,0x3B80,byte-scan,unreached-by-this-method,0xCCB7,0x3A33,no,,22,2,not listed
0x23B83,0x3B83,byte-scan,unreached-by-this-method,0xF739,0x3A33,no,,20,4,not listed
0x23B86,0x3B86,byte-scan,unreached-by-this-method,0x3478,0x3A33,no,,24,0,not listed
0x23B89,0x3B89,byte-scan,unreached-by-this-method,0x104D,0x3A33,no,,23,1,not listed
0x23B90,0x3B90,byte-scan,unreached-by-this-method,0x3E61,0x3A33,no,,17,7,not listed
0x23B93,0x3B93,byte-scan,unreached-by-this-method,0x36B6,0x3A33,no,,15,9,not listed
0x23B96,0x3B96,byte-scan,unreached-by-this-method,0x3497,0x3A33,no,,13,11,not listed
0x23B99,0x3B99,byte-scan,unreached-by-this-method,0x104D,0x3A33,no,,24,0,not listed
0x23BA2,0x3BA2,byte-scan,unreached-by-this-method,0xF56B,0x3A33,no,,24,0,not listed
0x23BAA,0x3BAA,byte-scan,unreached-by-this-method,0x3F7E,0x3A33,no,,24,0,not listed
0x23BB0,0x3BB0,byte-scan,unreached-by-this-method,0x357E,0x3A33,no,,20,4,not listed
0x23BB3,0x3BB3,byte-scan,unreached-by-this-method,0x3497,0x3A33,no,,23,1,not listed
0x23BB6,0x3BB6,byte-scan,unreached-by-this-method,0x104D,0x3A33,no,,24,0,not listed
0x23BBD,0x3BBD,byte-scan,unreached-by-this-method,0x3519,0x3A33,no,,24,0,not listed
0x23BC0,0x3BC0,byte-scan,unreached-by-this-method,0x3497,0x3A33,no,,24,0,not listed
0x23BC3,0x3BC3,byte-scan,unreached-by-this-method,0x104D,0x3A33,no,,24,0,not listed
0x23BCF,0x3BCF,byte-scan,unreached-by-this-method,0xF75C,0x3A33,no,,24,0,not listed
0x23BD9,0x3BD9,byte-scan,unreached-by-this-method,0xA0E6,0x3A33,no,,24,0,not listed
0x23BDC,0x3BDC,byte-scan,unreached-by-this-method,0x3645,0x3A33,no,,24,0,not listed
0x23BDF,0x3BDF,byte-scan,unreached-by-this-method,0x3958,0x3A33,no,,22,2,not listed
0x23BE7,0x3BE7,byte-scan,unreached-by-this-method,0xD013,0x3A33,no,,24,0,not listed
0x23BED,0x3BED,byte-scan,unreached-by-this-method,0x104D,0x3A33,no,,24,0,not listed
0x23BFB,0x3BFB,byte-scan,unreached-by-this-method,0x3DFD,0x3A33,no,,23,1,not listed
0x23C03,0x3C03,byte-scan,unreached-by-this-method,0xB73F,0x3A33,no,,24,0,not listed
0x23C09,0x3C09,byte-scan,unreached-by-this-method,0x104D,0x3A33,no,,24,0,not listed
0x23C10,0x3C10,byte-scan,unreached-by-this-method,0x379F,0x3A33,no,,18,6,not listed
0x23C13,0x3C13,byte-scan,unreached-by-this-method,0xC24E,0x3A33,no,,24,0,not listed
0x23C1B,0x3C1B,byte-scan,unreached-by-this-method,0xF56B,0x3A33,no,,24,0,not listed
0x23C23,0x3C23,byte-scan,unreached-by-this-method,0x379F,0x3A33,no,,22,2,not listed
0x23C26,0x3C26,byte-scan,unreached-by-this-method,0xF668,0x3A33,no,,24,0,not listed
0x23C29,0x3C29,byte-scan,unreached-by-this-method,0x3645,0x3A33,no,,24,0,not listed
0x23C2C,0x3C2C,byte-scan,unreached-by-this-method,0x3958,0x3A33,no,,22,2,not listed
0x23C34,0x3C34,byte-scan,unreached-by-this-method,0xF65E,0x3A33,no,,24,0,not listed
0x23C37,0x3C37,byte-scan,unreached-by-this-method,0x379F,0x3A33,no,,24,0,not listed
0x23C3A,0x3C3A,byte-scan,unreached-by-this-method,0xD013,0x3A33,no,,24,0,not listed
0x23C48,0x3C48,byte-scan,unreached-by-this-method,0x352C,0x3A33,no,,24,0,not listed
0x23C4D,0x3C4D,byte-scan,unreached-by-this-method,0x366E,0x3A33,no,,24,0,not listed
0x23C50,0x3C50,byte-scan,unreached-by-this-method,0xF4AB,0x3A33,no,,24,0,not listed
0x23C56,0x3C56,byte-scan,unreached-by-this-method,0x104D,0x3A33,no,,24,0,not listed
0x23C64,0x3C64,byte-scan,unreached-by-this-method,0x3DFD,0x3A33,no,,24,0,not listed
0x23C6A,0x3C6A,byte-scan,unreached-by-this-method,0x104D,0x3A33,no,,24,0,not listed
0x23C78,0x3C78,byte-scan,unreached-by-this-method,0x3DFD,0x3A33,no,,23,1,not listed
0x23C83,0x3C83,byte-scan,unreached-by-this-method,0x363F,0x3A33,no,,24,0,not listed
0x23C87,0x3C87,byte-scan,unreached-by-this-method,0x349B,0x3A33,no,,24,0,not listed
0x23C9B,0x3C9B,byte-scan,unreached-by-this-method,0x3690,0x3A33,no,,24,0,not listed
0x23C9F,0x3C9F,byte-scan,unreached-by-this-method,0x349B,0x3A33,no,,22,2,not listed
0x23CA9,0x3CA9,byte-scan,unreached-by-this-method,0x104D,0x3A33,no,,24,0,not listed
0x23CB4,0x3CB4,byte-scan,unreached-by-this-method,0x3DFD,0x3A33,no,,24,0,not listed
0x23CB7,0x3CB7,byte-scan,unreached-by-this-method,0x379F,0x3A33,no,,24,0,not listed
0x23CBA,0x3CBA,byte-scan,unreached-by-this-method,0xECFA,0x3A33,no,,24,0,not listed
0x23CC2,0x3CC2,byte-scan,unreached-by-this-method,0x9E86,0x3A33,no,,24,0,not listed
0x23CC8,0x3CC8,byte-scan,unreached-by-this-method,0x3F7E,0x3A33,no,,24,0,not listed
0x23CCE,0x3CCE,byte-scan,unreached-by-this-method,0x104D,0x3A33,no,,24,0,not listed
0x23CD5,0x3CD5,byte-scan,unreached-by-this-method,0x371D,0x3A33,no,,24,0,not listed
0x23CDA,0x3CDA,byte-scan,unreached-by-this-method,0xA339,0x3A33,no,,23,1,not listed
0x23CE0,0x3CE0,byte-scan,unreached-by-this-method,0x104D,0x3A33,no,,24,0,not listed
0x23CEE,0x3CEE,byte-scan,unreached-by-this-method,0x3DFD,0x3A33,no,,24,0,not listed
0x23CF4,0x3CF4,byte-scan,unreached-by-this-method,0x34FB,0x3A33,no,,22,2,not listed
0x23CF8,0x3CF8,byte-scan,unreached-by-this-method,0x349B,0x3A33,no,,24,0,not listed
0x23CFB,0x3CFB,byte-scan,unreached-by-this-method,0x0FAF,0x3A33,no,,24,0,not listed
0x23CFF,0x3CFF,byte-scan,unreached-by-this-method,0x34CE,0x3A33,no,,24,0,not listed
0x23D04,0x3D04,byte-scan,unreached-by-this-method,0xF739,0x3A33,no,,24,0,not listed
0x23D07,0x3D07,byte-scan,unreached-by-this-method,0x3478,0x3A33,no,,24,0,not listed
0x23D0A,0x3D0A,byte-scan,unreached-by-this-method,0x104D,0x3A33,no,,23,1,not listed
0x23D11,0x3D11,byte-scan,unreached-by-this-method,0x3519,0x3A33,no,,24,0,not listed
0x23D14,0x3D14,byte-scan,unreached-by-this-method,0x3497,0x3A33,no,,24,0,not listed
0x23D17,0x3D17,byte-scan,unreached-by-this-method,0x104D,0x3A33,no,,24,0,not listed
0x23D1E,0x3D1E,byte-scan,unreached-by-this-method,0x36B6,0x3A33,no,,18,6,not listed
0x23D21,0x3D21,byte-scan,unreached-by-this-method,0x3497,0x3A33,no,,16,8,not listed
0x23D24,0x3D24,byte-scan,unreached-by-this-method,0x104D,0x3A33,no,,24,0,not listed
0x23D32,0x3D32,byte-scan,unreached-by-this-method,0x3497,0x3A33,no,,24,0,not listed
0x23D3F,0x3D3F,byte-scan,unreached-by-this-method,0x3DD2,0x3A33,no,,24,0,not listed
0x23D47,0x3D47,byte-scan,unreached-by-this-method,0x68E2,0x3A33,no,,24,0,not listed
0x23D4F,0x3D4F,byte-scan,unreached-by-this-method,0x3F7E,0x3A33,no,,24,0,not listed
0x23D55,0x3D55,byte-scan,unreached-by-this-method,0x34A5,0x3A33,no,,20,4,not listed
0x23D58,0x3D58,byte-scan,unreached-by-this-method,0x349B,0x3A33,no,,24,0,not listed
0x23D5F,0x3D5F,byte-scan,unreached-by-this-method,0x0FAF,0x3A33,no,,23,1,not listed
0x23D64,0x3D64,byte-scan,mid-instruction,0xFFEC,0x3A33,no,,0,24,not listed
0x23D6B,0x3D6B,byte-scan,unreached-by-this-method,0x1041,0x3A33,no,,24,0,not listed
0x23D71,0x3D71,byte-scan,unreached-by-this-method,0x365C,0x3A33,no,,20,4,not listed
0x23D79,0x3D79,byte-scan,unreached-by-this-method,0x37A7,0x3A33,no,,24,0,not listed
0x23D7D,0x3D7D,byte-scan,unreached-by-this-method,0x349B,0x3A33,no,,24,0,not listed
0x23D80,0x3D80,byte-scan,unreached-by-this-method,0x35F3,0x3A33,no,,24,0,not listed
0x23D84,0x3D84,byte-scan,unreached-by-this-method,0x349B,0x3A33,no,,24,0,not listed
0x23D87,0x3D87,byte-scan,unreached-by-this-method,0x104D,0x3A33,no,,24,0,not listed
0x23D93,0x3D93,byte-scan,unreached-by-this-method,0x351A,0x3A33,no,,24,0,not listed
0x23D96,0x3D96,byte-scan,unreached-by-this-method,0x10BC,0x3A33,no,,24,0,not listed
0x23D9A,0x3D9A,byte-scan,unreached-by-this-method,0x349B,0x3A33,no,,23,1,not listed
0x23D9D,0x3D9D,byte-scan,unreached-by-this-method,0x104D,0x3A33,no,,24,0,not listed
0x23DA4,0x3DA4,byte-scan,unreached-by-this-method,0xF739,0x3A33,no,,24,0,not listed
0x23DA7,0x3DA7,byte-scan,unreached-by-this-method,0x3478,0x3A33,no,,24,0,not listed
0x23DAA,0x3DAA,byte-scan,unreached-by-this-method,0x104D,0x3A33,no,,23,1,not listed
0x23DB1,0x3DB1,byte-scan,unreached-by-this-method,0x3519,0x3A33,no,,24,0,not listed
0x23DB4,0x3DB4,byte-scan,unreached-by-this-method,0x3497,0x3A33,no,,24,0,not listed
0x23DB7,0x3DB7,byte-scan,unreached-by-this-method,0x104D,0x3A33,no,,24,0,not listed
0x23DC5,0x3DC5,byte-scan,unreached-by-this-method,0x104D,0x3A33,no,,24,0,not listed
0x23DD5,0x3DD5,byte-scan,unreached-by-this-method,0x104D,0x3A33,no,,24,0,not listed
0x23DDC,0x3DDC,byte-scan,unreached-by-this-method,0x371D,0x3A33,no,,24,0,not listed
0x23DE6,0x3DE6,byte-scan,unreached-by-this-method,0xF2A3,0x3A33,no,,24,0,not listed
0x23DEE,0x3DEE,byte-scan,mid-instruction,0x1210,0x3A33,no,,0,24,not listed
0x23DEF,0x3DEF,byte-scan,unreached-by-this-method,0x104D,0x3A33,no,,23,1,not listed
0x23E01,0x3E01,byte-scan,unreached-by-this-method,0x104D,0x3A33,no,,24,0,not listed
0x23E0A,0x3E0A,byte-scan,unreached-by-this-method,0x3935,0x3A33,no,,24,0,not listed
0x23E12,0x3E12,byte-scan,unreached-by-this-method,0x104D,0x3A33,no,,24,0,not listed
0x23E1B,0x3E1B,byte-scan,unreached-by-this-method,0x3935,0x3A33,no,,24,0,not listed
0x23E20,0x3E20,byte-scan,unreached-by-this-method,0xCCB7,0x3A33,no,,24,0,not listed
0x23E2B,0x3E2B,byte-scan,unreached-by-this-method,0x353B,0x3A33,no,,24,0,not listed
0x23E2F,0x3E2F,byte-scan,unreached-by-this-method,0x349B,0x3A33,no,,24,0,not listed
0x23E32,0x3E32,byte-scan,unreached-by-this-method,0x37B6,0x3A33,no,,24,0,not listed
0x23E39,0x3E39,byte-scan,unreached-by-this-method,0xC24E,0x3A33,no,,23,1,not listed
0x23E3F,0x3E3F,byte-scan,unreached-by-this-method,0x104D,0x3A33,no,,24,0,not listed
0x23E51,0x3E51,byte-scan,unreached-by-this-method,0xCCB7,0x3A33,no,,24,0,not listed
0x23E54,0x3E54,byte-scan,unreached-by-this-method,0xF739,0x3A33,no,,22,2,not listed
0x23E57,0x3E57,byte-scan,unreached-by-this-method,0x3478,0x3A33,no,,24,0,not listed
0x23E5A,0x3E5A,byte-scan,unreached-by-this-method,0x104D,0x3A33,no,,23,1,not listed
0x23E61,0x3E61,byte-scan,unreached-by-this-method,0x3519,0x3A33,no,,24,0,not listed
0x23E64,0x3E64,byte-scan,unreached-by-this-method,0x3497,0x3A33,no,,24,0,not listed
0x23E67,0x3E67,byte-scan,unreached-by-this-method,0x104D,0x3A33,no,,24,0,not listed
0x23E72,0x3E72,byte-scan,unreached-by-this-method,0x3539,0x3A33,no,,22,2,not listed
0x23E76,0x3E76,byte-scan,unreached-by-this-method,0x349B,0x3A33,no,,24,0,not listed
0x23E86,0x3E86,byte-scan,unreached-by-this-method,0x34DA,0x3A33,no,,24,0,not listed
0x23E89,0x3E89,byte-scan,unreached-by-this-method,0x372A,0x3A33,no,,23,1,not listed
0x23E9E,0x3E9E,byte-scan,unreached-by-this-method,0x357E,0x3A33,no,,22,2,not listed
0x23EA1,0x3EA1,byte-scan,unreached-by-this-method,0x3497,0x3A33,no,,23,1,not listed
0x23EA4,0x3EA4,byte-scan,unreached-by-this-method,0x104D,0x3A33,no,,24,0,not listed
0x23EAB,0x3EAB,byte-scan,unreached-by-this-method,0x3519,0x3A33,no,,24,0,not listed
0x23EAE,0x3EAE,byte-scan,unreached-by-this-method,0x3497,0x3A33,no,,24,0,not listed
0x23EB1,0x3EB1,byte-scan,unreached-by-this-method,0x104D,0x3A33,no,,24,0,not listed
0x23EBA,0x3EBA,byte-scan,unreached-by-this-method,0x378B,0x3A33,no,,24,0,not listed
0x23EBD,0x3EBD,byte-scan,unreached-by-this-method,0xF407,0x3A33,no,,22,2,not listed
0x23EC5,0x3EC5,byte-scan,unreached-by-this-method,0x3F7E,0x3A33,no,,24,0,not listed
0x23ECB,0x3ECB,byte-scan,unreached-by-this-method,0x104D,0x3A33,no,,24,0,not listed
0x23ED4,0x3ED4,byte-scan,unreached-by-this-method,0x3789,0x3A33,no,,24,0,not listed
0x23ED7,0x3ED7,byte-scan,unreached-by-this-method,0xCCB7,0x3A33,no,,22,2,not listed
0x23EDD,0x3EDD,byte-scan,unreached-by-this-method,0x104D,0x3A33,no,,18,6,not listed
0x23EE4,0x3EE4,byte-scan,unreached-by-this-method,0x371D,0x3A33,no,,24,0,not listed
0x23EE9,0x3EE9,byte-scan,unreached-by-this-method,0x7CE0,0x3A33,no,,24,0,not listed
0x23EEF,0x3EEF,byte-scan,unreached-by-this-method,0x104D,0x3A33,no,,22,2,not listed
0x23EF6,0x3EF6,byte-scan,unreached-by-this-method,0x371D,0x3A33,no,,24,0,not listed
0x23EFB,0x3EFB,byte-scan,unreached-by-this-method,0x7CE0,0x3A33,no,,23,1,not listed
0x23F01,0x3F01,byte-scan,unreached-by-this-method,0x34D9,0x3A33,no,,22,2,not listed
0x23F04,0x3F04,byte-scan,unreached-by-this-method,0x39CE,0x3A33,no,,23,1,not listed
0x23F07,0x3F07,byte-scan,unreached-by-this-method,0x34CC,0x3A33,no,,24,0,not listed
0x23F0F,0x3F0F,byte-scan,unreached-by-this-method,0x7F00,0x3A33,no,,1,23,not listed
0x23F1B,0x3F1B,byte-scan,unreached-by-this-method,0x350B,0x3A33,no,,24,0,not listed
0x23F2B,0x3F2B,byte-scan,unreached-by-this-method,0x3717,0x3A33,no,,22,2,not listed
0x23F2F,0x3F2F,byte-scan,unreached-by-this-method,0x349B,0x3A33,no,,24,0,not listed
0x23F32,0x3F32,byte-scan,unreached-by-this-method,0x3998,0x3A33,no,,24,0,not listed
0x23F35,0x3F35,byte-scan,unreached-by-this-method,0xD4FA,0x3A33,no,,24,0,not listed
0x23F3B,0x3F3B,byte-scan,unreached-by-this-method,0x34FB,0x3A33,no,,22,2,not listed
0x23F3F,0x3F3F,byte-scan,unreached-by-this-method,0x349B,0x3A33,no,,24,0,not listed
0x23F42,0x3F42,byte-scan,unreached-by-this-method,0x0FAF,0x3A33,no,,24,0,not listed
0x23F46,0x3F46,byte-scan,unreached-by-this-method,0x34CE,0x3A33,no,,24,0,not listed
0x23F4B,0x3F4B,byte-scan,unreached-by-this-method,0xF739,0x3A33,no,,24,0,not listed
0x23F4E,0x3F4E,byte-scan,unreached-by-this-method,0x3478,0x3A33,no,,24,0,not listed
0x23F51,0x3F51,byte-scan,unreached-by-this-method,0x104D,0x3A33,no,,23,1,not listed
0x23F5A,0x3F5A,byte-scan,unreached-by-this-method,0xF75C,0x3A33,no,,24,0,not listed
0x23F6D,0x3F6D,byte-scan,mid-instruction,0xFDFC,0x3A33,no,,0,24,not listed
0x23F75,0x3F75,byte-scan,unreached-by-this-method,0x351A,0x3A33,no,,24,0,not listed
0x23F78,0x3F78,byte-scan,unreached-by-this-method,0x3497,0x3A33,no,,24,0,not listed
0x23F7B,0x3F7B,byte-scan,unreached-by-this-method,0x1041,0x3A33,no,,24,0,not listed
0x23F9B,0x3F9B,byte-scan+walk,decoded-lcall,0x10D1,0x3A33,no,loop back to 0x3F97,22,2,not listed
0x23F9E,0x3F9E,byte-scan+walk,decoded-ljmp,0x0BAB,0x3A33,no,loop back to 0x3F97,20,4,not listed
0x23FC5,0x3FC5,byte-scan,operand,0x1509,0x3A33,no,,0,24,not listed
0x23FCD,0x3FCD,byte-scan,operand,0x050B,0x3A33,no,,0,24,not listed
0x23FDA,0x3FDA,byte-scan+walk,decoded-lcall,0x10D1,0x3A33,no,tail jump to a callee,22,2,not listed
0x23FDE,0x3FDE,byte-scan+walk,decoded-ljmp,0x0C46,0x3A33,no,tail jump to a callee,24,0,not listed
0x23FE1,0x3FE1,byte-scan+walk,decoded-ljmp,0xECAD,0x3A33,no,tail jump to a callee,24,0,not listed
0x23FF2,0x3FF2,byte-scan+walk,decoded-lcall,0x10E8,0x3FEA,yes,tail jump to a callee,22,2,not listed
0x24002,0x4002,byte-scan+walk,decoded-lcall,0x3FC2,0x3FEA,no,tail jump to a callee,23,1,not listed
0x2400F,0x400F,byte-scan,operand,0xC203,0x3FEA,no,,0,24,not listed
0x24018,0x4018,byte-scan+walk,decoded-lcall,0x3F8E,0x3FEA,no,tail jump to a callee,24,0,not listed
0x24023,0x4023,byte-scan+walk,decoded-lcall,0x3FD3,0x3FEA,no,tail jump to a callee,24,0,not listed
0x24032,0x4032,byte-scan+walk,decoded-lcall,0x3F8E,0x3FEA,no,tail jump to a callee,24,0,not listed
0x24052,0x4052,byte-scan,operand,0xD203,0x3FEA,no,,1,23,not listed
0x24063,0x4063,byte-scan+walk,decoded-ljmp,0x42C5,0x3FEA,no,tail jump to a callee,24,0,not listed
0x2406F,0x406F,byte-scan,unreached-by-this-method,0x80BC,0x3FEA,no,,1,23,not listed
0x2407C,0x407C,byte-scan,unreached-by-this-method,0x3FC2,0x3FEA,no,,23,1,not listed
0x24080,0x4080,byte-scan,unreached-by-this-method,0x0774,0x3FEA,no,,3,21,not listed
0x24089,0x4089,byte-scan,unreached-by-this-method,0x3F7F,0x3FEA,no,,23,1,not listed
0x2408D,0x408D,byte-scan+walk,decoded-lcall,0x3FC2,0x3FEA,no,tail jump to a callee,24,0,not listed
0x24090,0x4090,byte-scan+walk,decoded-ljmp,0x3FFC,0x3FEA,no,tail jump to a callee,22,2,not listed
0x24099,0x4099,byte-scan,unreached-by-this-method,0x3F7F,0x3FEA,no,,23,1,not listed
0x2409D,0x409D,byte-scan,unreached-by-this-method,0x3F7F,0x3FEA,no,,24,0,not listed
0x240A1,0x40A1,byte-scan,unreached-by-this-method,0x3F7F,0x3FEA,no,,24,0,not listed
0x240B0,0x40B0,byte-scan,mid-instruction,0x2EE5,0x3FEA,no,,0,24,not listed
0x240BD,0x40BD,byte-scan,unreached-by-this-method,0x0BC4,0x3FEA,no,,24,0,not listed
0x240D4,0x40D4,byte-scan,unreached-by-this-method,0x4326,0x3FEA,no,,24,0,not listed
0x240E0,0x40E0,byte-scan,unreached-by-this-method,0x0BAB,0x3FEA,no,,24,0,not listed
0x240EF,0x40EF,byte-scan,unreached-by-this-method,0x3FC2,0x3FEA,no,,24,0,not listed
0x2410A,0x410A,byte-scan,unreached-by-this-method,0x80A2,0x3FEA,no,,4,20,not listed
0x2410D,0x410D,byte-scan,unreached-by-this-method,0x4308,0x3FEA,no,,23,1,not listed
0x24117,0x4117,byte-scan,unreached-by-this-method,0x076B,0x3FEA,no,,24,0,not listed
0x24125,0x4125,byte-scan,unreached-by-this-method,0x43B0,0x3FEA,no,,24,0,not listed
0x2412E,0x412E,byte-scan,unreached-by-this-method,0xF404,0x3FEA,no,,1,23,not listed
0x24143,0x4143,byte-scan,unreached-by-this-method,0x4308,0x3FEA,no,,24,0,not listed
0x2414D,0x414D,byte-scan,unreached-by-this-method,0x076B,0x3FEA,no,,24,0,not listed
0x24163,0x4163,byte-scan,unreached-by-this-method,0x4326,0x3FEA,no,,24,0,not listed
0x24169,0x4169,byte-scan,unreached-by-this-method,0x43B0,0x3FEA,no,,24,0,not listed
0x24177,0x4177,byte-scan,unreached-by-this-method,0x3FAA,0x3FEA,no,,24,0,not listed
0x24185,0x4185,byte-scan,unreached-by-this-method,0x3FAA,0x3FEA,no,,24,0,not listed
0x2418C,0x418C,byte-scan,unreached-by-this-method,0x3FA1,0x3FEA,no,,24,0,not listed
0x24196,0x4196,byte-scan,unreached-by-this-method,0x3FA1,0x3FEA,no,,24,0,not listed
0x2419B,0x419B,byte-scan,unreached-by-this-method,0x3FFC,0x3FEA,no,,24,0,not listed
0x241A3,0x41A3,byte-scan,unreached-by-this-method,0x4308,0x3FEA,no,,24,0,not listed
0x241AB,0x41AB,byte-scan,unreached-by-this-method,0x076B,0x3FEA,no,,24,0,not listed
0x241B7,0x41B7,byte-scan,mid-instruction,0x6001,0x3FEA,no,,0,24,not listed
0x241BD,0x41BD,byte-scan,unreached-by-this-method,0x4326,0x3FEA,no,,24,0,not listed
0x241C5,0x41C5,byte-scan,unreached-by-this-method,0x43B0,0x3FEA,no,,24,0,not listed
0x241C8,0x41C8,byte-scan,unreached-by-this-method,0x3FAA,0x3FEA,no,,22,2,not listed
0x241CF,0x41CF,byte-scan,mid-instruction,0x6003,0x3FEA,no,,0,24,not listed
0x241D2,0x41D2,byte-scan,unreached-by-this-method,0x3FA1,0x3FEA,no,,24,0,not listed
0x241DC,0x41DC,byte-scan,unreached-by-this-method,0x3FB4,0x3FEA,no,,23,1,not listed
0x241EE,0x41EE,byte-scan,unreached-by-this-method,0x3FC2,0x3FEA,no,,24,0,not listed
0x241F9,0x41F9,byte-scan,unreached-by-this-method,0x3FAB,0x3FEA,no,,24,0,not listed
0x241FE,0x41FE,byte-scan,unreached-by-this-method,0x3FAB,0x3FEA,no,,24,0,not listed
0x24201,0x4201,byte-scan,unreached-by-this-method,0x3FFC,0x3FEA,no,,22,2,not listed
0x24207,0x4207,byte-scan,mid-instruction,0x7908,0x3FEA,no,,0,24,not listed
0x2421E,0x421E,byte-scan,mid-instruction,0xF50A,0x3FEA,no,,0,24,not listed
0x24226,0x4226,byte-scan,unreached-by-this-method,0x3F7F,0x3FEA,no,,24,0,not listed
0x2422F,0x422F,byte-scan,unreached-by-this-method,0x3F7F,0x3FEA,no,,24,0,not listed
0x24238,0x4238,byte-scan,unreached-by-this-method,0x3F7F,0x3FEA,no,,24,0,not listed
0x2423C,0x423C,byte-scan,unreached-by-this-method,0x3F7F,0x3FEA,no,,24,0,not listed
0x24283,0x4283,byte-scan,operand,0xFB0F,0x3FEA,no,,0,24,not listed
0x242A8,0x42A8,byte-scan+walk,decoded-lcall,0x4328,0x3FEA,no,depth limit at 0x4310,24,0,not listed
0x242BA,0x42BA,byte-scan+walk,decoded-lcall,0x3FAB,0x3FEA,no,depth limit at 0x4310,24,0,not listed
0x242C2,0x42C2,byte-scan+walk,decoded-ljmp,0x3FFC,0x3FEA,no,depth limit at 0x4310,24,0,not listed
0x242C5,0x42C5,byte-scan+walk,decoded-lcall,0x119C,0x3FEA,no,depth limit at 0x4310,24,0,not listed
0x24310,0x4310,byte-scan,unreached-by-this-method,0x3F7F,0x3FEA,no,,24,0,not listed
0x24314,0x4314,byte-scan,unreached-by-this-method,0x3F7F,0x3FEA,no,,24,0,not listed
0x24318,0x4318,byte-scan,unreached-by-this-method,0x3F7F,0x3FEA,no,,24,0,not listed
0x2431C,0x431C,byte-scan,unreached-by-this-method,0x3F7F,0x3FEA,no,,24,0,not listed
0x24323,0x4323,byte-scan+walk,decoded-ljmp,0x07A8,0x3FEA,no,depth limit at 0x4310,22,2,not listed
0x24332,0x4332,byte-scan,operand,0x0404,0x3FEA,no,,0,24,not listed
0x2433D,0x433D,byte-scan+walk,decoded-ljmp,0x5001,0x3FEA,no,depth limit at 0x4310,2,22,not listed
0x24342,0x4342,byte-scan,operand,0x6892,0x3FEA,no,,0,24,not listed
0x24345,0x4345,byte-scan,operand,0xB509,0x3FEA,no,,1,23,not listed
0x24355,0x4355,byte-scan,operand,0x7206,0x3FEA,no,,0,24,not listed
0x2435C,0x435C,byte-scan+walk,decoded-lcall,0x437F,0x3FEA,no,depth limit at 0x4310,24,0,not listed
0x24360,0x4360,byte-scan,operand,0xC206,0x3FEA,no,,2,22,not listed
0x24371,0x4371,byte-scan+walk,decoded-lcall,0x3FC2,0x3FEA,no,depth limit at 0x4310,24,0,not listed
0x24387,0x4387,byte-scan+walk,decoded-lcall,0x3FC2,0x3FEA,no,depth limit at 0x4310,23,1,not listed
0x24396,0x4396,byte-scan+walk,decoded-lcall,0x3FC2,0x3FEA,no,depth limit at 0x4310,24,0,not listed
0x2439A,0x439A,byte-scan,operand,0x057F,0x3FEA,no,,2,22,not listed
0x2439E,0x439E,byte-scan+walk,decoded-ljmp,0x3FC2,0x3FEA,no,depth limit at 0x4310,24,0,not listed
0x243AD,0x43AD,byte-scan,operand,0x80CF,0x3FEA,no,,0,24,not listed
0x243CC,0x43CC,byte-scan,unreached-by-this-method,0x3F7F,0x3FEA,no,,23,1,not listed
0x243DB,0x43DB,byte-scan,unreached-by-this-method,0x402E,0x3FEA,no,,24,0,not listed
0x243E3,0x43E3,byte-scan,unreached-by-this-method,0x3F7F,0x3FEA,no,,24,0,not listed
0x243F2,0x43F2,byte-scan,unreached-by-this-method,0x3FB3,0x3FEA,no,,24,0,not listed
0x243F7,0x43F7,byte-scan,unreached-by-this-method,0x3FB3,0x3FEA,no,,24,0,not listed
0x243FF,0x43FF,byte-scan,unreached-by-this-method,0x4204,0x3FEA,no,,24,0,not listed
0x24412,0x4412,byte-scan+walk,decoded-ljmp,0x480B,0x4402,yes,tail jump to a callee,24,0,not listed
0x24418,0x4418,byte-scan+walk,decoded-lcall,0x363E,0x4402,yes,tail jump to a callee,22,2,not listed
0x2441C,0x441C,byte-scan+walk,decoded-lcall,0x349B,0x4402,yes,tail jump to a callee,24,0,not listed
0x24425,0x4425,byte-scan,operand,0x4E60,0x4402,yes,,0,24,not listed
0x24434,0x4434,byte-scan+walk,decoded-lcall,0xC2FA,0x4402,yes,tail jump to a callee,24,0,not listed
0x2443B,0x443B,byte-scan+walk,decoded-lcall,0x364A,0x4402,yes,tail jump to a callee,24,0,not listed
0x24440,0x4440,byte-scan+walk,decoded-lcall,0x34C9,0x4402,yes,tail jump to a callee,23,1,not listed
0x24448,0x4448,byte-scan,operand,0x7F00,0x4402,yes,,1,23,not listed
0x2444E,0x444E,byte-scan+walk,decoded-ljmp,0x4802,0x4402,yes,tail jump to a callee,24,0,not listed
0x24450,0x4450,byte-scan,operand,0x9007,0x4402,yes,,1,23,not listed
0x24456,0x4456,byte-scan+walk,decoded-lcall,0x8576,0x4402,yes,tail jump to a callee,24,0,not listed
0x2445C,0x445C,byte-scan+walk,decoded-lcall,0x35E8,0x4402,yes,tail jump to a callee,24,0,not listed
0x24460,0x4460,byte-scan+walk,decoded-lcall,0x349B,0x4402,yes,tail jump to a callee,24,0,not listed
0x24463,0x4463,byte-scan+walk,decoded-lcall,0x0FAF,0x4402,yes,tail jump to a callee,24,0,not listed
0x24468,0x4468,byte-scan+walk,decoded-lcall,0x34CE,0x4402,yes,tail jump to a callee,24,0,not listed
0x2446D,0x446D,byte-scan+walk,decoded-ljmp,0x4802,0x4402,yes,tail jump to a callee,24,0,not listed
0x2446F,0x446F,byte-scan,operand,0x12F7,0x4402,yes,,1,23,not listed
0x24470,0x4470,byte-scan+walk,decoded-lcall,0xF739,0x4402,yes,tail jump to a callee,22,2,not listed
0x24473,0x4473,byte-scan+walk,decoded-lcall,0x3872,0x4402,yes,tail jump to a callee,24,0,not listed
0x2447E,0x447E,byte-scan+walk,decoded-lcall,0x3621,0x4402,yes,tail jump to a callee,24,0,not listed
0x24482,0x4482,byte-scan+walk,decoded-lcall,0x349B,0x4402,yes,tail jump to a callee,24,0,not listed
0x24485,0x4485,byte-scan+walk,decoded-lcall,0x3750,0x4402,yes,tail jump to a callee,24,0,not listed
0x2448B,0x448B,byte-scan+walk,decoded-lcall,0x36B9,0x4402,yes,tail jump to a callee,24,0,not listed
0x2448E,0x448E,byte-scan+walk,decoded-lcall,0x3497,0x4402,yes,tail jump to a callee,22,2,not listed
0x24491,0x4491,byte-scan+walk,decoded-lcall,0x382E,0x4402,no,tail jump to a callee,24,0,not listed
0x24496,0x4496,byte-scan+walk,decoded-ljmp,0x4802,0x4402,no,tail jump to a callee,24,0,not listed
0x24498,0x4498,byte-scan,operand,0x9007,0x4402,no,,1,23,not listed
0x244A1,0x44A1,byte-scan+walk,decoded-lcall,0x3635,0x4402,no,tail jump to a callee,24,0,not listed
0x244A5,0x44A5,byte-scan+walk,decoded-lcall,0x349B,0x4402,no,tail jump to a callee,24,0,not listed
0x244AC,0x44AC,byte-scan+walk,decoded-lcall,0x0FAF,0x4402,no,tail jump to a callee,23,1,not listed
0x244B2,0x44B2,byte-scan+walk,decoded-lcall,0x36B9,0x4402,no,tail jump to a callee,24,0,not listed
0x244B5,0x44B5,byte-scan+walk,decoded-lcall,0x3497,0x4402,no,tail jump to a callee,22,2,not listed
0x244B8,0x44B8,byte-scan+walk,decoded-lcall,0x0FCB,0x4402,no,tail jump to a callee,24,0,not listed
0x244BB,0x44BB,byte-scan+walk,decoded-lcall,0x0DBC,0x4402,no,tail jump to a callee,24,0,not listed
0x244C2,0x44C2,byte-scan+walk,decoded-lcall,0x1041,0x4402,no,tail jump to a callee,24,0,not listed
0x244C5,0x44C5,byte-scan+walk,decoded-lcall,0x34EA,0x4402,no,tail jump to a callee,22,2,not listed
0x244C9,0x44C9,byte-scan+walk,decoded-lcall,0x349B,0x4402,no,tail jump to a callee,24,0,not listed
0x244D2,0x44D2,byte-scan+walk,decoded-lcall,0x119C,0x4402,no,tail jump to a callee,24,0,not listed
0x244D7,0x44D7,walk,decoded-ljmp,0x4044,0x4402,no,tail jump to a callee,24,0,not listed
0x244DA,0x44DA,byte-scan,unreached-by-this-method,0x4511,0x4402,no,,24,0,not listed
0x244F9,0x44F9,byte-scan,unreached-by-this-method,0x3A3A,0x4402,no,,24,0,not listed
0x244FC,0x44FC,byte-scan,unreached-by-this-method,0x4802,0x4402,no,,24,0,not listed
0x244FE,0x44FE,byte-scan,unreached-by-this-method,0x1234,0x4402,no,,1,23,not listed
0x244FF,0x44FF,byte-scan,unreached-by-this-method,0x34EA,0x4402,no,,22,2,not listed
0x24503,0x4503,byte-scan,unreached-by-this-method,0x349B,0x4402,no,,24,0,not listed
0x2450B,0x450B,byte-scan,unreached-by-this-method,0x482B,0x4402,no,,24,0,not listed
0x2450E,0x450E,byte-scan,unreached-by-this-method,0x4802,0x4402,no,,24,0,not listed
0x24510,0x4510,byte-scan,unreached-by-this-method,0x1234,0x4402,no,,1,23,not listed
0x24511,0x4511,byte-scan,unreached-by-this-method,0x34EA,0x4402,no,,22,2,not listed
0x24515,0x4515,byte-scan,unreached-by-this-method,0x349B,0x4402,no,,24,0,not listed
0x2451D,0x451D,byte-scan,unreached-by-this-method,0x7942,0x4402,no,,24,0,not listed
0x24520,0x4520,byte-scan,unreached-by-this-method,0x4802,0x4402,no,,23,1,not listed
0x24522,0x4522,byte-scan,unreached-by-this-method,0x1234,0x4402,no,,2,22,not listed
0x24523,0x4523,byte-scan,unreached-by-this-method,0x34EA,0x4402,no,,21,3,not listed
0x24527,0x4527,byte-scan,unreached-by-this-method,0x349B,0x4402,no,,24,0,not listed
0x2452F,0x452F,byte-scan,unreached-by-this-method,0x83C9,0x4402,no,,24,0,not listed
0x24532,0x4532,byte-scan,unreached-by-this-method,0x4802,0x4402,no,,24,0,not listed
0x24534,0x4534,byte-scan,unreached-by-this-method,0x1234,0x4402,no,,1,23,not listed
0x24535,0x4535,byte-scan,unreached-by-this-method,0x34EA,0x4402,no,,22,2,not listed
0x24539,0x4539,byte-scan,unreached-by-this-method,0x349B,0x4402,no,,24,0,not listed
0x24541,0x4541,byte-scan,unreached-by-this-method,0x7766,0x4402,no,,24,0,not listed
0x24544,0x4544,byte-scan,unreached-by-this-method,0x4802,0x4402,no,,24,0,not listed
0x24546,0x4546,byte-scan,unreached-by-this-method,0x1234,0x4402,no,,1,23,not listed
0x24547,0x4547,byte-scan,unreached-by-this-method,0x34EA,0x4402,no,,22,2,not listed
0x2454B,0x454B,byte-scan,unreached-by-this-method,0x349B,0x4402,no,,24,0,not listed
0x24553,0x4553,byte-scan,unreached-by-this-method,0x6177,0x4402,no,,24,0,not listed
0x24556,0x4556,byte-scan,unreached-by-this-method,0x4802,0x4402,no,,23,1,not listed
0x24558,0x4558,byte-scan,unreached-by-this-method,0x1234,0x4402,no,,2,22,not listed
0x24559,0x4559,byte-scan,unreached-by-this-method,0x34EA,0x4402,no,,21,3,not listed
0x2455D,0x455D,byte-scan,unreached-by-this-method,0x349B,0x4402,no,,24,0,not listed
0x24565,0x4565,byte-scan,unreached-by-this-method,0x92E9,0x4402,no,,24,0,not listed
0x24568,0x4568,byte-scan,unreached-by-this-method,0x4802,0x4402,no,,24,0,not listed
0x2456A,0x456A,byte-scan,unreached-by-this-method,0x1234,0x4402,no,,1,23,not listed
0x2456B,0x456B,byte-scan,unreached-by-this-method,0x34EA,0x4402,no,,22,2,not listed
0x2456F,0x456F,byte-scan,unreached-by-this-method,0x349B,0x4402,no,,24,0,not listed
0x24577,0x4577,byte-scan,unreached-by-this-method,0x4FF4,0x4402,no,,24,0,not listed
0x2457A,0x457A,byte-scan,unreached-by-this-method,0x4802,0x4402,no,,24,0,not listed
0x2457C,0x457C,byte-scan,unreached-by-this-method,0x1234,0x4402,no,,1,23,not listed
0x2457D,0x457D,byte-scan,unreached-by-this-method,0x34EA,0x4402,no,,22,2,not listed
0x24581,0x4581,byte-scan,unreached-by-this-method,0x349B,0x4402,no,,24,0,not listed
0x24584,0x4584,byte-scan,unreached-by-this-method,0x38D3,0x4402,no,,24,0,not listed
0x24587,0x4587,byte-scan,unreached-by-this-method,0x11C2,0x4402,no,,24,0,not listed
0x24591,0x4591,byte-scan,unreached-by-this-method,0x4667,0x4402,no,,24,0,not listed
0x245A5,0x45A5,byte-scan,unreached-by-this-method,0x473D,0x4402,no,,24,0,not listed
0x245B1,0x45B1,byte-scan,unreached-by-this-method,0x7D00,0x4402,no,,24,0,not listed
0x245B4,0x45B4,byte-scan,unreached-by-this-method,0xEBE4,0x4402,no,,24,0,not listed
0x245C8,0x45C8,byte-scan,unreached-by-this-method,0x0FAF,0x4402,no,,24,0,not listed
0x245CC,0x45CC,byte-scan,unreached-by-this-method,0x34CE,0x4402,no,,24,0,not listed
0x245D4,0x45D4,byte-scan,unreached-by-this-method,0x39A5,0x4402,no,,24,0,not listed
0x245D7,0x45D7,byte-scan,unreached-by-this-method,0xD83D,0x4402,no,,24,0,not listed
0x245DA,0x45DA,byte-scan,unreached-by-this-method,0x3759,0x4402,no,,24,0,not listed
0x245DE,0x45DE,byte-scan,unreached-by-this-method,0xF668,0x4402,no,,24,0,not listed
0x245E4,0x45E4,byte-scan,unreached-by-this-method,0x104D,0x4402,no,,22,2,not listed
0x245EB,0x45EB,byte-scan,unreached-by-this-method,0x3759,0x4402,no,,24,0,not listed
0x245F0,0x45F0,byte-scan,unreached-by-this-method,0x4815,0x4402,no,,24,0,not listed
0x245F7,0x45F7,byte-scan,unreached-by-this-method,0x352C,0x4402,no,,24,0,not listed
0x245FC,0x45FC,byte-scan,unreached-by-this-method,0x366E,0x4402,no,,24,0,not listed
0x245FF,0x45FF,byte-scan,unreached-by-this-method,0xF4AB,0x4402,no,,24,0,not listed
0x24602,0x4602,byte-scan,unreached-by-this-method,0x4802,0x4402,no,,22,2,not listed
0x24604,0x4604,byte-scan,unreached-by-this-method,0x900A,0x4402,no,,3,21,not listed
0x24608,0x4608,byte-scan,unreached-by-this-method,0x104D,0x4402,no,,18,6,not listed
0x2460F,0x460F,byte-scan,unreached-by-this-method,0x3759,0x4402,no,,24,0,not listed
0x24614,0x4614,byte-scan,unreached-by-this-method,0x4815,0x4402,no,,24,0,not listed
0x2461B,0x461B,byte-scan,unreached-by-this-method,0x352C,0x4402,no,,20,4,not listed
0x24620,0x4620,byte-scan,unreached-by-this-method,0x366E,0x4402,no,,24,0,not listed
0x24623,0x4623,byte-scan,unreached-by-this-method,0xF4AB,0x4402,no,,24,0,not listed
0x24626,0x4626,byte-scan,unreached-by-this-method,0x3759,0x4402,no,,22,2,not listed
0x2462B,0x462B,byte-scan,unreached-by-this-method,0xD83D,0x4402,no,,24,0,not listed
0x24631,0x4631,byte-scan,unreached-by-this-method,0x104D,0x4402,no,,24,0,not listed
0x24638,0x4638,byte-scan,unreached-by-this-method,0x39D6,0x4402,no,,18,6,not listed
0x2463B,0x463B,byte-scan,unreached-by-this-method,0xC24E,0x4402,no,,24,0,not listed
0x2463E,0x463E,byte-scan,unreached-by-this-method,0x3759,0x4402,no,,24,0,not listed
0x24642,0x4642,byte-scan,unreached-by-this-method,0xD013,0x4402,no,,24,0,not listed
0x24645,0x4645,byte-scan,unreached-by-this-method,0x39D6,0x4402,no,,24,0,not listed
0x24648,0x4648,byte-scan,unreached-by-this-method,0xE6C0,0x4402,no,,24,0,not listed
0x24650,0x4650,byte-scan,unreached-by-this-method,0xF67C,0x4402,no,,24,0,not listed
0x24656,0x4656,byte-scan,unreached-by-this-method,0x104D,0x4402,no,,24,0,not listed
0x24664,0x4664,byte-scan,unreached-by-this-method,0x47E2,0x4402,no,,24,0,not listed
0x24672,0x4672,byte-scan,unreached-by-this-method,0x352C,0x4402,no,,24,0,not listed
0x24677,0x4677,byte-scan,unreached-by-this-method,0x366E,0x4402,no,,23,1,not listed
0x2467A,0x467A,byte-scan,unreached-by-this-method,0xF4AB,0x4402,no,,24,0,not listed
0x24682,0x4682,byte-scan,unreached-by-this-method,0xD72E,0x4402,no,,24,0,not listed
0x24685,0x4685,byte-scan,unreached-by-this-method,0x4802,0x4402,no,,24,0,not listed
0x24687,0x4687,byte-scan,unreached-by-this-method,0x9007,0x4402,no,,1,23,not listed
0x2468D,0x468D,byte-scan,unreached-by-this-method,0xB73F,0x4402,no,,24,0,not listed
0x24690,0x4690,byte-scan,unreached-by-this-method,0x3759,0x4402,no,,23,1,not listed
0x24694,0x4694,byte-scan,unreached-by-this-method,0xF65E,0x4402,no,,24,0,not listed
0x24697,0x4697,byte-scan,unreached-by-this-method,0x480C,0x4402,no,,24,0,not listed
0x246A0,0x46A0,byte-scan,unreached-by-this-method,0x104D,0x4402,no,,23,1,not listed
0x246B2,0x46B2,byte-scan,unreached-by-this-method,0x47FF,0x4402,no,,21,3,not listed
0x246B5,0x46B5,byte-scan,unreached-by-this-method,0x104D,0x4402,no,,24,0,not listed
0x246C2,0x46C2,byte-scan,mid-instruction,0xFBFA,0x4402,no,,0,24,not listed
0x246C7,0x46C7,byte-scan,unreached-by-this-method,0x47FF,0x4402,no,,24,0,not listed
0x246CD,0x46CD,byte-scan,unreached-by-this-method,0x104D,0x4402,no,,22,2,not listed
0x246D4,0x46D4,byte-scan,unreached-by-this-method,0x3759,0x4402,no,,24,0,not listed
0x246DB,0x46DB,byte-scan,unreached-by-this-method,0x7CE0,0x4402,no,,24,0,not listed
0x246DE,0x46DE,byte-scan,unreached-by-this-method,0x480C,0x4402,no,,24,0,not listed
0x246E8,0x46E8,byte-scan,unreached-by-this-method,0xEE68,0x4402,no,,24,0,not listed
0x246F0,0x46F0,byte-scan,unreached-by-this-method,0xB73F,0x4402,no,,24,0,not listed
0x246F8,0x46F8,byte-scan,unreached-by-this-method,0xE15A,0x4402,no,,24,0,not listed
0x24700,0x4700,byte-scan,unreached-by-this-method,0x88BE,0x4402,no,,24,0,not listed
0x24703,0x4703,byte-scan,unreached-by-this-method,0x4822,0x4402,no,,23,1,not listed
0x2470C,0x470C,byte-scan,unreached-by-this-method,0x104D,0x4402,no,,24,0,not listed
0x2471E,0x471E,byte-scan,unreached-by-this-method,0x47FF,0x4402,no,,24,0,not listed
0x24721,0x4721,byte-scan,unreached-by-this-method,0x3759,0x4402,no,,24,0,not listed
0x24726,0x4726,byte-scan,unreached-by-this-method,0xD83D,0x4402,no,,24,0,not listed
0x2472C,0x472C,byte-scan,unreached-by-this-method,0x104D,0x4402,no,,24,0,not listed
0x24736,0x4736,byte-scan,unreached-by-this-method,0x1238,0x4402,no,,1,23,not listed
0x24737,0x4737,byte-scan,unreached-by-this-method,0x385C,0x4402,no,,22,2,not listed
0x2473A,0x473A,byte-scan,unreached-by-this-method,0x47FF,0x4402,no,,24,0,not listed
0x2473D,0x473D,byte-scan,unreached-by-this-method,0x3759,0x4402,no,,24,0,not listed
0x24741,0x4741,byte-scan,unreached-by-this-method,0xDA96,0x4402,no,,24,0,not listed
0x24749,0x4749,byte-scan,unreached-by-this-method,0x4802,0x4402,no,,24,0,not listed
0x2474B,0x474B,byte-scan,unreached-by-this-method,0x1248,0x4402,no,,1,23,not listed
0x2474C,0x474C,byte-scan,unreached-by-this-method,0x4822,0x4402,no,,22,2,not listed
0x24759,0x4759,byte-scan,mid-instruction,0x7BFF,0x4402,no,,0,24,not listed
0x2475F,0x475F,byte-scan,unreached-by-this-method,0x104D,0x4402,no,,24,0,not listed
0x24766,0x4766,byte-scan,unreached-by-this-method,0x3759,0x4402,no,,18,6,not listed
0x2476A,0x476A,byte-scan,unreached-by-this-method,0x47FF,0x4402,no,,24,0,not listed
0x24770,0x4770,byte-scan,unreached-by-this-method,0x38EC,0x4402,no,,24,0,not listed
0x24773,0x4773,byte-scan,unreached-by-this-method,0xF407,0x4402,no,,24,0,not listed
0x2477B,0x477B,byte-scan,unreached-by-this-method,0x4802,0x4402,no,,24,0,not listed
0x2477D,0x477D,byte-scan,unreached-by-this-method,0x9007,0x4402,no,,1,23,not listed
0x24783,0x4783,byte-scan,unreached-by-this-method,0xF75C,0x4402,no,,24,0,not listed
0x24790,0x4790,byte-scan,mid-instruction,0x7BFF,0x4402,no,,0,24,not listed
0x24796,0x4796,byte-scan,unreached-by-this-method,0x104D,0x4402,no,,24,0,not listed
0x2479D,0x479D,byte-scan,unreached-by-this-method,0x3759,0x4402,no,,18,6,not listed
0x247A1,0x47A1,byte-scan,unreached-by-this-method,0x47FF,0x4402,no,,24,0,not listed
0x247A7,0x47A7,byte-scan,unreached-by-this-method,0x3602,0x4402,no,,24,0,not listed
0x247A9,0x47A9,byte-scan,unreached-by-this-method,0xA3E0,0x4402,no,,1,23,not listed
0x247B4,0x47B4,byte-scan,unreached-by-this-method,0x34FD,0x4402,no,,24,0,not listed
0x247B8,0x47B8,byte-scan,unreached-by-this-method,0x349B,0x4402,no,,24,0,not listed
0x247BB,0x47BB,byte-scan,unreached-by-this-method,0x104D,0x4402,no,,24,0,not listed
0x247C2,0x47C2,byte-scan,unreached-by-this-method,0x3697,0x4402,no,,24,0,not listed
0x247C6,0x47C6,byte-scan,unreached-by-this-method,0x349B,0x4402,no,,24,0,not listed
0x247C9,0x47C9,byte-scan,unreached-by-this-method,0x104D,0x4402,no,,24,0,not listed
0x247D7,0x47D7,byte-scan,unreached-by-this-method,0x104D,0x4402,no,,24,0,not listed
0x247E8,0x47E8,byte-scan,unreached-by-this-method,0x39D6,0x4402,no,,24,0,not listed
0x247EB,0x47EB,byte-scan,unreached-by-this-method,0xF668,0x4402,no,,24,0,not listed
0x247F1,0x47F1,byte-scan,unreached-by-this-method,0x104D,0x4402,no,,24,0,not listed
0x247FC,0x47FC,byte-scan,unreached-by-this-method,0x385C,0x4402,no,,24,0,not listed
0x247FF,0x47FF,byte-scan,unreached-by-this-method,0xCCB7,0x4402,no,,24,0,not listed
0x24808,0x4808,byte-scan+walk,decoded-ljmp,0x4408,0x4800,yes,ret,24,0,not listed
0x24811,0x4811,byte-scan,unreached-by-this-method,0xF75C,0x4800,no,,24,0,not listed
0x24817,0x4817,byte-scan,unreached-by-this-method,0x7CE0,0x4800,no,,24,0,not listed
0x24827,0x4827,byte-scan,unreached-by-this-method,0xF75C,0x4800,no,,24,0,not listed
0x24832,0x4832,byte-scan,unreached-by-this-method,0x3811,0x4800,no,,24,0,not listed
0x2483A,0x483A,byte-scan,unreached-by-this-method,0x11C2,0x4800,no,,24,0,not listed
0x2483F,0x483F,byte-scan,mid-instruction,0x0148,0x4800,no,,0,24,not listed
0x24843,0x4843,byte-scan,mid-instruction,0x0248,0x4800,no,,0,24,not listed
0x24844,0x4844,byte-scan,unreached-by-this-method,0x48C0,0x4800,no,,23,1,not listed
0x24847,0x4847,byte-scan,unreached-by-this-method,0x0349,0x4800,no,,21,3,not listed
0x2484B,0x484B,byte-scan,mid-instruction,0x0449,0x4800,no,,0,24,not listed
0x2484F,0x484F,byte-scan,mid-instruction,0x054A,0x4800,no,,0,24,not listed
0x24853,0x4853,byte-scan,unreached-by-this-method,0x064B,0x4800,no,,24,0,not listed
0x24857,0x4857,byte-scan,mid-instruction,0x074B,0x4800,no,,0,24,not listed
0x2485B,0x485B,byte-scan,mid-instruction,0x084B,0x4800,no,,0,24,not listed
0x2485F,0x485F,byte-scan,mid-instruction,0x0948,0x4800,no,,0,24,not listed
0x24863,0x4863,byte-scan,unreached-by-this-method,0xFF00,0x4800,no,,24,0,not listed
0x2486E,0x486E,byte-scan,unreached-by-this-method,0x2E8A,0x4800,no,,24,0,not listed
0x24874,0x4874,byte-scan,unreached-by-this-method,0x104D,0x4800,no,,24,0,not listed
0x24881,0x4881,byte-scan,mid-instruction,0xFBFA,0x4800,no,,0,24,not listed
0x24884,0x4884,byte-scan,unreached-by-this-method,0x4C0C,0x4800,no,,24,0,not listed
0x2488C,0x488C,byte-scan,unreached-by-this-method,0xB73F,0x4800,no,,24,0,not listed
0x2488F,0x488F,byte-scan,unreached-by-this-method,0x4C12,0x4800,no,,23,1,not listed
0x24891,0x4891,byte-scan,unreached-by-this-method,0x1234,0x4800,no,,2,22,not listed
0x24892,0x4892,byte-scan,unreached-by-this-method,0x347B,0x4800,no,,21,3,not listed
0x24895,0x4895,byte-scan,unreached-by-this-method,0x104D,0x4800,no,,20,4,not listed
0x2489C,0x489C,byte-scan,unreached-by-this-method,0x3519,0x4800,no,,24,0,not listed
0x2489F,0x489F,byte-scan,unreached-by-this-method,0x3497,0x4800,no,,24,0,not listed
0x248A2,0x48A2,byte-scan,unreached-by-this-method,0x104D,0x4800,no,,24,0,not listed
0x248B0,0x48B0,byte-scan,unreached-by-this-method,0x104D,0x4800,no,,24,0,not listed
0x248BC,0x48BC,byte-scan,mid-instruction,0x024C,0x4800,no,,0,24,not listed
0x248BD,0x48BD,byte-scan,unreached-by-this-method,0x4C0C,0x4800,no,,23,1,not listed
0x248C5,0x48C5,byte-scan,unreached-by-this-method,0xF56B,0x4800,no,,24,0,not listed
0x248CD,0x48CD,byte-scan,unreached-by-this-method,0x4C11,0x4800,no,,24,0,not listed
0x248D3,0x48D3,byte-scan,unreached-by-this-method,0x357E,0x4800,no,,20,4,not listed
0x248D6,0x48D6,byte-scan,unreached-by-this-method,0x3497,0x4800,no,,23,1,not listed
0x248D9,0x48D9,byte-scan,unreached-by-this-method,0x104D,0x4800,no,,24,0,not listed
0x248E0,0x48E0,byte-scan,unreached-by-this-method,0x3519,0x4800,no,,24,0,not listed
0x248E3,0x48E3,byte-scan,unreached-by-this-method,0x3497,0x4800,no,,24,0,not listed
0x248E6,0x48E6,byte-scan,unreached-by-this-method,0x104D,0x4800,no,,24,0,not listed
0x248F2,0x48F2,byte-scan,unreached-by-this-method,0xF75C,0x4800,no,,24,0,not listed
0x248FC,0x48FC,byte-scan,unreached-by-this-method,0xA0E6,0x4800,no,,24,0,not listed
0x24902,0x4902,byte-scan,unreached-by-this-method,0x104D,0x4800,no,,24,0,not listed
0x2490C,0x490C,byte-scan,unreached-by-this-method,0x39B3,0x4800,no,,16,8,not listed
0x2490F,0x490F,byte-scan,unreached-by-this-method,0xCCB7,0x4800,no,,24,0,not listed
0x24919,0x4919,byte-scan,unreached-by-this-method,0xF668,0x4800,no,,23,1,not listed
0x2491F,0x491F,byte-scan,unreached-by-this-method,0x39A5,0x4800,no,,22,2,not listed
0x24922,0x4922,byte-scan,unreached-by-this-method,0xD83D,0x4800,no,,24,0,not listed
0x24929,0x4929,byte-scan,unreached-by-this-method,0x365E,0x4800,no,,24,0,not listed
0x2492F,0x492F,byte-scan,mid-instruction,0x501D,0x4800,no,,0,24,not listed
0x24932,0x4932,byte-scan,unreached-by-this-method,0x4C12,0x4800,no,,24,0,not listed
0x24934,0x4934,byte-scan,unreached-by-this-method,0x1234,0x4800,no,,1,23,not listed
0x24935,0x4935,byte-scan,unreached-by-this-method,0x347B,0x4800,no,,22,2,not listed
0x24938,0x4938,byte-scan,unreached-by-this-method,0x104D,0x4800,no,,21,3,not listed
0x2493F,0x493F,byte-scan,unreached-by-this-method,0x3519,0x4800,no,,23,1,not listed
0x24942,0x4942,byte-scan,unreached-by-this-method,0x3497,0x4800,no,,24,0,not listed
0x24945,0x4945,byte-scan,unreached-by-this-method,0x104D,0x4800,no,,24,0,not listed
0x2494C,0x494C,byte-scan,unreached-by-this-method,0x4B70,0x4800,no,,18,6,not listed
0x24952,0x4952,byte-scan,unreached-by-this-method,0x34A5,0x4800,no,,14,10,not listed
0x24955,0x4955,byte-scan,unreached-by-this-method,0x349B,0x4800,no,,24,0,not listed
0x24958,0x4958,byte-scan,unreached-by-this-method,0x0FAF,0x4800,no,,24,0,not listed
0x2495D,0x495D,byte-scan,mid-instruction,0x1234,0x4800,no,,0,24,not listed
0x2495E,0x495E,byte-scan,unreached-by-this-method,0x34C9,0x4800,no,,23,1,not listed
0x24966,0x4966,byte-scan,unreached-by-this-method,0x7F00,0x4800,no,,1,23,not listed
0x2496C,0x496C,byte-scan,unreached-by-this-method,0x4C19,0x4800,no,,24,0,not listed
0x2496F,0x496F,byte-scan,unreached-by-this-method,0x347B,0x4800,no,,24,0,not listed
0x24972,0x4972,byte-scan,unreached-by-this-method,0x104D,0x4800,no,,23,1,not listed
0x24979,0x4979,byte-scan,unreached-by-this-method,0x3519,0x4800,no,,24,0,not listed
0x2497C,0x497C,byte-scan,unreached-by-this-method,0x3497,0x4800,no,,24,0,not listed
0x2497F,0x497F,byte-scan,unreached-by-this-method,0x104D,0x4800,no,,24,0,not listed
0x24985,0x4985,byte-scan,unreached-by-this-method,0x024B,0x4800,no,,5,19,not listed
0x24986,0x4986,byte-scan,unreached-by-this-method,0x4B70,0x4800,no,,18,6,not listed
0x24989,0x4989,byte-scan,unreached-by-this-method,0x4C19,0x4800,no,,16,8,not listed
0x2498C,0x498C,byte-scan,unreached-by-this-method,0x347B,0x4800,no,,24,0,not listed
0x2498F,0x498F,byte-scan,unreached-by-this-method,0x104D,0x4800,no,,23,1,not listed
0x24996,0x4996,byte-scan,unreached-by-this-method,0x3519,0x4800,no,,17,7,not listed
0x24999,0x4999,byte-scan,unreached-by-this-method,0x3497,0x4800,no,,24,0,not listed
0x2499C,0x499C,byte-scan,unreached-by-this-method,0x104D,0x4800,no,,24,0,not listed
0x249A3,0x49A3,byte-scan,unreached-by-this-method,0x4B70,0x4800,no,,18,6,not listed
0x249AD,0x49AD,byte-scan,unreached-by-this-method,0x3764,0x4800,no,,24,0,not listed
0x249B1,0x49B1,byte-scan,unreached-by-this-method,0x349B,0x4800,no,,24,0,not listed
0x249B9,0x49B9,byte-scan,unreached-by-this-method,0x36D0,0x4800,no,,24,0,not listed
0x249BC,0x49BC,byte-scan,unreached-by-this-method,0x39EE,0x4800,no,,22,2,not listed
0x249C2,0x49C2,byte-scan,unreached-by-this-method,0x10E8,0x4800,no,,24,0,not listed
0x249C8,0x49C8,byte-scan,unreached-by-this-method,0x365C,0x4800,no,,21,3,not listed
0x249CB,0x49CB,byte-scan,unreached-by-this-method,0x35F3,0x4800,no,,24,0,not listed
0x249CF,0x49CF,byte-scan,unreached-by-this-method,0x349B,0x4800,no,,24,0,not listed
0x249D2,0x49D2,byte-scan,unreached-by-this-method,0x104D,0x4800,no,,24,0,not listed
0x249DE,0x49DE,byte-scan,unreached-by-this-method,0x351A,0x4800,no,,24,0,not listed
0x249E1,0x49E1,byte-scan,unreached-by-this-method,0x3497,0x4800,no,,24,0,not listed
0x249E4,0x49E4,byte-scan,unreached-by-this-method,0x104D,0x4800,no,,24,0,not listed
0x249EC,0x49EC,byte-scan,unreached-by-this-method,0x34DA,0x4800,no,,24,0,not listed
0x249F6,0x49F6,byte-scan,unreached-by-this-method,0x34CC,0x4800,no,,24,0,not listed
0x249FE,0x49FE,byte-scan,unreached-by-this-method,0x7F00,0x4800,no,,1,23,not listed
0x24A08,0x4A08,byte-scan,unreached-by-this-method,0x3961,0x4800,no,,24,0,not listed
0x24A0B,0x4A0B,byte-scan,unreached-by-this-method,0xF465,0x4800,no,,22,2,not listed
0x24A10,0x4A10,byte-scan,unreached-by-this-method,0x3961,0x4800,no,,24,0,not listed
0x24A13,0x4A13,byte-scan,unreached-by-this-method,0x6401,0x4800,no,,22,2,not listed
0x24A1E,0x4A1E,byte-scan,unreached-by-this-method,0x37A8,0x4800,no,,22,2,not listed
0x24A22,0x4A22,byte-scan,unreached-by-this-method,0x349B,0x4800,no,,24,0,not listed
0x24A2A,0x4A2A,byte-scan,unreached-by-this-method,0x104D,0x4800,no,,24,0,not listed
0x24A39,0x4A39,byte-scan,mid-instruction,0x024C,0x4800,no,,0,24,not listed
0x24A3A,0x4A3A,byte-scan,unreached-by-this-method,0x4C0C,0x4800,no,,23,1,not listed
0x24A45,0x4A45,byte-scan,unreached-by-this-method,0x3856,0x4800,no,,22,2,not listed
0x24A49,0x4A49,byte-scan,unreached-by-this-method,0x349B,0x4800,no,,24,0,not listed
0x24A51,0x4A51,byte-scan,unreached-by-this-method,0x36D0,0x4800,no,,24,0,not listed
0x24A54,0x4A54,byte-scan,unreached-by-this-method,0x39EE,0x4800,no,,22,2,not listed
0x24A58,0x4A58,byte-scan,unreached-by-this-method,0x10E8,0x4800,no,,24,0,not listed
0x24A5B,0x4A5B,byte-scan,unreached-by-this-method,0x3965,0x4800,no,,23,1,not listed
0x24A7C,0x4A7C,byte-scan,unreached-by-this-method,0x0F65,0x4800,no,,24,0,not listed
0x24A8A,0x4A8A,byte-scan,unreached-by-this-method,0x3497,0x4800,no,,20,4,not listed
0x24A8D,0x4A8D,byte-scan,unreached-by-this-method,0x38DA,0x4800,no,,24,0,not listed
0x24A93,0x4A93,byte-scan,unreached-by-this-method,0x3497,0x4800,no,,20,4,not listed
0x24A96,0x4A96,byte-scan,unreached-by-this-method,0x3849,0x4800,no,,24,0,not listed
0x24AA1,0x4AA1,byte-scan,unreached-by-this-method,0x3497,0x4800,no,,22,2,not listed
0x24AAD,0x4AAD,byte-scan,unreached-by-this-method,0x3497,0x4800,no,,22,2,not listed
0x24AB9,0x4AB9,byte-scan,unreached-by-this-method,0x3497,0x4800,no,,22,2,not listed
0x24ABC,0x4ABC,byte-scan,unreached-by-this-method,0x0FAF,0x4800,no,,24,0,not listed
0x24AC2,0x4AC2,byte-scan,unreached-by-this-method,0x1041,0x4800,no,,20,4,not listed
0x24ACD,0x4ACD,byte-scan,mid-instruction,0x126D,0x4800,no,,0,24,not listed
0x24ACE,0x4ACE,byte-scan,unreached-by-this-method,0x6D8B,0x4800,no,,23,1,not listed
0x24AD6,0x4AD6,byte-scan,unreached-by-this-method,0x4C11,0x4800,no,,24,0,not listed
0x24AD9,0x4AD9,byte-scan,unreached-by-this-method,0x34F8,0x4800,no,,22,2,not listed
0x24ADD,0x4ADD,byte-scan,unreached-by-this-method,0x349B,0x4800,no,,24,0,not listed
0x24AE0,0x4AE0,byte-scan,unreached-by-this-method,0x0FAF,0x4800,no,,24,0,not listed
0x24AE4,0x4AE4,byte-scan,unreached-by-this-method,0x34CE,0x4800,no,,24,0,not listed
0x24AE9,0x4AE9,byte-scan,unreached-by-this-method,0x4C20,0x4800,no,,24,0,not listed
0x24AEC,0x4AEC,byte-scan,unreached-by-this-method,0x347B,0x4800,no,,22,2,not listed
0x24AEF,0x4AEF,byte-scan,unreached-by-this-method,0x104D,0x4800,no,,21,3,not listed
0x24AF6,0x4AF6,byte-scan,unreached-by-this-method,0x3519,0x4800,no,,24,0,not listed
0x24AF9,0x4AF9,byte-scan,unreached-by-this-method,0x3497,0x4800,no,,24,0,not listed
0x24AFC,0x4AFC,byte-scan,unreached-by-this-method,0x104D,0x4800,no,,24,0,not listed
0x24B06,0x4B06,byte-scan,unreached-by-this-method,0x3509,0x4800,no,,16,8,not listed
0x24B12,0x4B12,byte-scan,unreached-by-this-method,0x37A7,0x4800,no,,22,2,not listed
0x24B16,0x4B16,byte-scan,unreached-by-this-method,0x349B,0x4800,no,,24,0,not listed
0x24B1D,0x4B1D,byte-scan,unreached-by-this-method,0x4C20,0x4800,no,,24,0,not listed
0x24B20,0x4B20,byte-scan,unreached-by-this-method,0x38CA,0x4800,no,,22,2,not listed
0x24B23,0x4B23,byte-scan,unreached-by-this-method,0x3497,0x4800,no,,24,0,not listed
0x24B26,0x4B26,byte-scan,unreached-by-this-method,0x1041,0x4800,no,,24,0,not listed
0x24B2E,0x4B2E,byte-scan,unreached-by-this-method,0x3565,0x4800,no,,19,5,not listed
0x24B32,0x4B32,byte-scan,unreached-by-this-method,0x349B,0x4800,no,,24,0,not listed
0x24B35,0x4B35,byte-scan,unreached-by-this-method,0x104D,0x4800,no,,24,0,not listed
0x24B44,0x4B44,byte-scan,unreached-by-this-method,0x1234,0x4800,no,,2,22,not listed
0x24B45,0x4B45,byte-scan,unreached-by-this-method,0x34A5,0x4800,no,,21,3,not listed
0x24B48,0x4B48,byte-scan,unreached-by-this-method,0x349B,0x4800,no,,24,0,not listed
0x24B4F,0x4B4F,byte-scan,unreached-by-this-method,0x0FAF,0x4800,no,,23,1,not listed
0x24B57,0x4B57,byte-scan,unreached-by-this-method,0x34A5,0x4800,no,,23,1,not listed
0x24B5A,0x4B5A,byte-scan,unreached-by-this-method,0x349B,0x4800,no,,24,0,not listed
0x24B61,0x4B61,byte-scan,unreached-by-this-method,0x0FAF,0x4800,no,,23,1,not listed
0x24B6D,0x4B6D,byte-scan,unreached-by-this-method,0x1041,0x4800,no,,24,0,not listed
0x24B73,0x4B73,byte-scan,unreached-by-this-method,0x35E8,0x4800,no,,20,4,not listed
0x24B77,0x4B77,byte-scan,unreached-by-this-method,0x349B,0x4800,no,,24,0,not listed
0x24B7A,0x4B7A,byte-scan,unreached-by-this-method,0x104D,0x4800,no,,24,0,not listed
0x24B82,0x4B82,byte-scan,unreached-by-this-method,0x34F8,0x4800,no,,24,0,not listed
0x24B86,0x4B86,byte-scan,unreached-by-this-method,0x349B,0x4800,no,,24,0,not listed
0x24B89,0x4B89,byte-scan,unreached-by-this-method,0x0FAF,0x4800,no,,24,0,not listed
0x24B92,0x4B92,byte-scan,unreached-by-this-method,0x0F0E,0x4800,no,,24,0,not listed
0x24B95,0x4B95,byte-scan,unreached-by-this-method,0x34F8,0x4800,no,,24,0,not listed
0x24B99,0x4B99,byte-scan,unreached-by-this-method,0x349B,0x4800,no,,24,0,not listed
0x24B9C,0x4B9C,byte-scan,unreached-by-this-method,0x0FAF,0x4800,no,,24,0,not listed
0x24BA0,0x4BA0,byte-scan,unreached-by-this-method,0x34CE,0x4800,no,,24,0,not listed
0x24BA5,0x4BA5,byte-scan,unreached-by-this-method,0xF739,0x4800,no,,24,0,not listed
0x24BAB,0x4BAB,byte-scan,unreached-by-this-method,0x347B,0x4800,no,,22,2,not listed
0x24BAE,0x4BAE,byte-scan,unreached-by-this-method,0x104D,0x4800,no,,23,1,not listed
0x24BB7,0x4BB7,byte-scan,unreached-by-this-method,0xF75C,0x4800,no,,24,0,not listed
0x24BCA,0x4BCA,byte-scan,mid-instruction,0xFDFC,0x4800,no,,0,24,not listed
0x24BD2,0x4BD2,byte-scan,unreached-by-this-method,0x351A,0x4800,no,,24,0,not listed
0x24BD5,0x4BD5,byte-scan,unreached-by-this-method,0x3497,0x4800,no,,24,0,not listed
0x24BD8,0x4BD8,byte-scan,unreached-by-this-method,0x1041,0x4800,no,,24,0,not listed
0x24BE0,0x4BE0,byte-scan,unreached-by-this-method,0x5972,0x4800,no,,24,0,not listed
0x24BED,0x4BED,byte-scan,unreached-by-this-method,0xF75C,0x4800,no,,24,0,not listed
0x24BFA,0x4BFA,byte-scan,mid-instruction,0x7BFF,0x4800,no,,0,24,not listed
0x24C00,0x4C00,byte-scan,unreached-by-this-method,0x104D,0x4800,no,,24,0,not listed
0x24C0E,0x4C0E,byte-scan,unreached-by-this-method,0xCCB7,0x4800,no,,24,0,not listed
0x24C12,0x4C12,byte-scan+walk,decoded-lcall,0xF739,0x4C12,yes,ret,22,2,not listed
0x24C19,0x4C19,byte-scan+walk,decoded-lcall,0xF739,0x4C19,yes,ret,24,0,not listed
0x24C20,0x4C20,byte-scan+walk,decoded-lcall,0xF739,0x4C20,yes,ret,24,0,not listed
0x24C35,0x4C35,byte-scan+walk,decoded-lcall,0x119C,0x4C27,yes,tail jump to a callee,24,0,not listed
0x24C40,0x4C40,byte-scan+walk,decoded-ljmp,0x4D15,0x4C27,yes,tail jump to a callee,24,0,not listed
0x24C60,0x4C60,byte-scan,unreached-by-this-method,0x104D,0x4C27,no,,24,0,not listed
0x24C6A,0x4C6A,byte-scan,unreached-by-this-method,0x104D,0x4C27,no,,22,2,not listed
0x24C71,0x4C71,byte-scan,unreached-by-this-method,0x4FE2,0x4C27,no,,16,8,not listed
0x24C7E,0x4C7E,byte-scan,unreached-by-this-method,0xB28A,0x4C27,no,,24,0,not listed
0x24C8F,0x4C8F,byte-scan,unreached-by-this-method,0x128D,0x4C27,no,,24,0,not listed
0x24C90,0x4C90,byte-scan,mid-instruction,0x8D90,0x4C27,no,,0,24,not listed
0x24C95,0x4C95,byte-scan,unreached-by-this-method,0x104D,0x4C27,no,,24,0,not listed
0x24CAD,0x4CAD,byte-scan,unreached-by-this-method,0x104D,0x4C27,no,,24,0,not listed
0x24CB7,0x4CB7,byte-scan,unreached-by-this-method,0x104D,0x4C27,no,,22,2,not listed
0x24CBE,0x4CBE,byte-scan,unreached-by-this-method,0x4FE2,0x4C27,no,,24,0,not listed
0x24CC4,0x4CC4,byte-scan,unreached-by-this-method,0x104D,0x4C27,no,,24,0,not listed
0x24CCE,0x4CCE,byte-scan,unreached-by-this-method,0x104D,0x4C27,no,,22,2,not listed
0x24CD5,0x4CD5,byte-scan,unreached-by-this-method,0x4E7C,0x4C27,no,,16,8,not listed
0x24CE4,0x4CE4,byte-scan,unreached-by-this-method,0x4FE1,0x4C27,no,,24,0,not listed
0x24CEA,0x4CEA,byte-scan,unreached-by-this-method,0x104D,0x4C27,no,,24,0,not listed
0x24CF4,0x4CF4,byte-scan,unreached-by-this-method,0x104D,0x4C27,no,,22,2,not listed
0x24CFB,0x4CFB,byte-scan,unreached-by-this-method,0x4FEB,0x4C27,no,,24,0,not listed
0x24D01,0x4D01,byte-scan,unreached-by-this-method,0x104D,0x4C27,no,,24,0,not listed
0x24D0B,0x4D0B,byte-scan,unreached-by-this-method,0x104D,0x4C27,no,,22,2,not listed
0x24D12,0x4D12,byte-scan,unreached-by-this-method,0x4E7C,0x4C27,no,,24,0,not listed
0x24D18,0x4D18,byte-scan+walk,decoded-lcall,0x104D,0x4C27,no,tail jump to a callee,24,0,not listed
0x24D22,0x4D22,byte-scan+walk,decoded-lcall,0x104D,0x4C27,no,tail jump to a callee,22,2,not listed
0x24D29,0x4D29,byte-scan+walk,decoded-ljmp,0x4E7C,0x4C27,no,tail jump to a callee,24,0,not listed
0x24D3B,0x4D3B,byte-scan,unreached-by-this-method,0x104D,0x4C27,no,,24,0,not listed
0x24D45,0x4D45,byte-scan,unreached-by-this-method,0x104D,0x4C27,no,,22,2,not listed
0x24D4C,0x4D4C,byte-scan,unreached-by-this-method,0x4FEB,0x4C27,no,,24,0,not listed
0x24D52,0x4D52,byte-scan,unreached-by-this-method,0x104D,0x4C27,no,,24,0,not listed
0x24D56,0x4D56,byte-scan,unreached-by-this-method,0x0000,0x4C27,no,,3,21,not listed
0x24D59,0x4D59,byte-scan,unreached-by-this-method,0xB2BC,0x4C27,no,,24,0,not listed
0x24D5C,0x4D5C,byte-scan,unreached-by-this-method,0x4E7C,0x4C27,no,,23,1,not listed
0x24D62,0x4D62,byte-scan,unreached-by-this-method,0x104D,0x4C27,no,,24,0,not listed
0x24D69,0x4D69,byte-scan,unreached-by-this-method,0xB2BC,0x4C27,no,,24,0,not listed
0x24D6C,0x4D6C,byte-scan,unreached-by-this-method,0x4E7C,0x4C27,no,,23,1,not listed
0x24D7B,0x4D7B,byte-scan+walk,decoded-ljmp,0x4FE1,0x4D6F,yes,loop back to 0x4E4C,24,0,not listed
0x24D83,0x4D83,byte-scan+walk,decoded-lcall,0xF75C,0x4D6F,yes,loop back to 0x4E4C,24,0,not listed
0x24D94,0x4D94,byte-scan+walk,decoded-lcall,0xB263,0x4D6F,yes,loop back to 0x4E4C,20,4,not listed
0x24D97,0x4D97,byte-scan+walk,decoded-lcall,0x0FCB,0x4D6F,yes,loop back to 0x4E4C,23,1,not listed
0x24D9B,0x4D9B,byte-scan+walk,decoded-lcall,0xB2AE,0x4D6F,yes,loop back to 0x4E4C,24,0,not listed
0x24D9E,0x4D9E,byte-scan+walk,decoded-lcall,0x0FAF,0x4D6F,yes,loop back to 0x4E4C,23,1,not listed
0x24DA2,0x4DA2,byte-scan+walk,decoded-lcall,0x0F0E,0x4D6F,yes,loop back to 0x4E4C,24,0,not listed
0x24DA7,0x4DA7,byte-scan+walk,decoded-lcall,0xB28A,0x4D6F,yes,loop back to 0x4E4C,24,0,not listed
0x24DAA,0x4DAA,byte-scan+walk,decoded-lcall,0xB2B2,0x4D6F,yes,loop back to 0x4E4C,23,1,not listed
0x24DAD,0x4DAD,byte-scan+walk,decoded-lcall,0x0FAF,0x4D6F,yes,loop back to 0x4E4C,23,1,not listed
0x24DB1,0x4DB1,byte-scan+walk,decoded-lcall,0xB24C,0x4D6F,yes,loop back to 0x4E4C,24,0,not listed
0x24DB9,0x4DB9,byte-scan+walk,decoded-lcall,0x104D,0x4D6F,yes,loop back to 0x4E4C,24,0,not listed
0x24DBF,0x4DBF,byte-scan,unreached-by-this-method,0x9008,0x4D6F,yes,,5,19,not listed
0x24DC3,0x4DC3,byte-scan+walk,decoded-lcall,0x104D,0x4D6F,yes,loop back to 0x4E4C,16,8,not listed
0x24DCF,0x4DCF,byte-scan+walk,decoded-lcall,0xD8EE,0x4D6F,yes,loop back to 0x4E4C,24,0,not listed
0x24DDD,0x4DDD,byte-scan+walk,decoded-lcall,0x10BC,0x4D6F,yes,loop back to 0x4E4C,20,4,not listed
0x24DE1,0x4DE1,byte-scan+walk,decoded-lcall,0xB267,0x4D6F,yes,loop back to 0x4E4C,23,1,not listed
0x24DE4,0x4DE4,byte-scan+walk,decoded-lcall,0x0FAF,0x4D6F,yes,loop back to 0x4E4C,24,0,not listed
0x24DE8,0x4DE8,byte-scan+walk,decoded-lcall,0xB2AE,0x4D6F,yes,loop back to 0x4E4C,24,0,not listed
0x24DEB,0x4DEB,byte-scan+walk,decoded-lcall,0x1041,0x4D6F,yes,loop back to 0x4E4C,23,1,not listed
0x24DEE,0x4DEE,byte-scan+walk,decoded-lcall,0xB2FE,0x4D6F,yes,loop back to 0x4E4C,21,3,not listed
0x24DF1,0x4DF1,byte-scan+walk,decoded-lcall,0xB2E1,0x4D6F,yes,loop back to 0x4E4C,24,0,not listed
0x24DFE,0x4DFE,byte-scan+walk,decoded-lcall,0x104D,0x4D6F,yes,loop back to 0x4E4C,24,0,not listed
0x24E08,0x4E08,byte-scan+walk,decoded-lcall,0x104D,0x4D6F,yes,loop back to 0x4E4C,16,8,not listed
0x24E11,0x4E11,byte-scan+walk,decoded-lcall,0xD8EE,0x4D6F,yes,loop back to 0x4E4C,24,0,not listed
0x24E14,0x4E14,byte-scan+walk,decoded-lcall,0xB28A,0x4D6F,yes,loop back to 0x4E4C,24,0,not listed
0x24E17,0x4E17,byte-scan+walk,decoded-lcall,0xB2E1,0x4D6F,yes,loop back to 0x4E4C,23,1,not listed
0x24E1C,0x4E1C,byte-scan+walk,decoded-lcall,0xB2FE,0x4D6F,yes,loop back to 0x4E4C,24,0,not listed
0x24E1F,0x4E1F,byte-scan+walk,decoded-lcall,0xB2E9,0x4D6F,yes,loop back to 0x4E4C,24,0,not listed
0x24E2C,0x4E2C,byte-scan+walk,decoded-lcall,0x104D,0x4D6F,yes,loop back to 0x4E4C,24,0,not listed
0x24E36,0x4E36,byte-scan+walk,decoded-lcall,0x104D,0x4D6F,yes,loop back to 0x4E4C,17,7,not listed
0x24E3F,0x4E3F,byte-scan+walk,decoded-lcall,0xD8EE,0x4D6F,yes,loop back to 0x4E4C,24,0,not listed
0x24E42,0x4E42,byte-scan+walk,decoded-lcall,0xB28A,0x4D6F,yes,loop back to 0x4E4C,24,0,not listed
0x24E45,0x4E45,byte-scan+walk,decoded-lcall,0xB2E9,0x4D6F,yes,loop back to 0x4E4C,23,1,not listed
0x24E4F,0x4E4F,byte-scan+walk,decoded-lcall,0x104D,0x4D6F,yes,loop back to 0x4E4C,24,0,not listed
0x24E59,0x4E59,byte-scan+walk,decoded-lcall,0x104D,0x4D6F,yes,loop back to 0x4E4C,16,8,not listed
0x24E65,0x4E65,byte-scan+walk,decoded-lcall,0xD8EE,0x4D6F,yes,loop back to 0x4E4C,24,0,not listed
0x24E6B,0x4E6B,byte-scan+walk,decoded-lcall,0x104D,0x4D6F,no,loop back to 0x4E4C,24,0,not listed
0x24E75,0x4E75,byte-scan+walk,decoded-lcall,0x104D,0x4D6F,no,loop back to 0x4E4C,22,2,not listed
0x24E81,0x4E81,byte-scan+walk,decoded-ljmp,0xD8EE,0x4D6F,no,loop back to 0x4E4C,24,0,not listed
0x24E90,0x4E90,byte-scan,operand,0x4003,0x4E84,yes,,0,24,not listed
0x24E93,0x4E93,byte-scan+walk,decoded-ljmp,0x4FE1,0x4E84,yes,tail jump to a callee,24,0,not listed
0x24E9B,0x4E9B,byte-scan+walk,decoded-lcall,0xB2D3,0x4E84,yes,tail jump to a callee,24,0,not listed
0x24EA0,0x4EA0,byte-scan,operand,0xEF12,0x4E84,yes,,1,23,not listed
0x24EA2,0x4EA2,byte-scan+walk,decoded-lcall,0x10BC,0x4E84,yes,tail jump to a callee,22,2,not listed
0x24EAC,0x4EAC,byte-scan+walk,decoded-ljmp,0x4F53,0x4E84,no,tail jump to a callee,24,0,not listed
0x24EB8,0x4EB8,byte-scan+walk,decoded-lcall,0xB2D3,0x4E84,no,tail jump to a callee,24,0,not listed
0x24EC9,0x4EC9,byte-scan,operand,0x1210,0x4E84,no,,1,23,not listed
0x24ECA,0x4ECA,byte-scan+walk,decoded-lcall,0x10BC,0x4E84,no,tail jump to a callee,22,2,not listed
0x24EDE,0x4EDE,byte-scan,operand,0x4003,0x4E84,no,,0,24,not listed
0x24EE1,0x4EE1,byte-scan+walk,decoded-ljmp,0x4FE1,0x4E84,no,tail jump to a callee,24,0,not listed
0x24EF2,0x4EF2,byte-scan+walk,decoded-lcall,0x0FCB,0x4E84,no,tail jump to a callee,24,0,not listed
0x24EF5,0x4EF5,byte-scan+walk,decoded-lcall,0x0DBC,0x4E84,no,tail jump to a callee,24,0,not listed
0x24EFE,0x4EFE,byte-scan+walk,decoded-lcall,0x0F45,0x4E84,no,tail jump to a callee,23,1,not listed
0x24F02,0x4F02,byte-scan+walk,decoded-lcall,0xB24C,0x4E84,no,tail jump to a callee,24,0,not listed
0x24F07,0x4F07,byte-scan+walk,decoded-ljmp,0x4FE1,0x4E84,no,tail jump to a callee,24,0,not listed
0x24F0E,0x4F0E,byte-scan+walk,decoded-lcall,0xB26E,0x4E84,no,tail jump to a callee,24,0,not listed
0x24F29,0x4F29,byte-scan+walk,decoded-lcall,0x10BC,0x4E84,no,tail jump to a callee,24,0,not listed
0x24F38,0x4F38,byte-scan+walk,decoded-lcall,0xB308,0x4E84,no,tail jump to a callee,24,0,not listed
0x24F3B,0x4F3B,byte-scan+walk,decoded-lcall,0xB28A,0x4E84,no,tail jump to a callee,24,0,not listed
0x24F50,0x4F50,byte-scan+walk,decoded-ljmp,0x4ED7,0x4E84,no,tail jump to a callee,24,0,not listed
0x24F59,0x4F59,byte-scan+walk,decoded-ljmp,0x4E89,0x4E84,no,tail jump to a callee,24,0,not listed
0x24F77,0x4F77,byte-scan,unreached-by-this-method,0xB28A,0x4E84,no,,24,0,not listed
0x24F9F,0x4F9F,byte-scan,unreached-by-this-method,0xB26E,0x4E84,no,,23,1,not listed
0x24FB7,0x4FB7,byte-scan,unreached-by-this-method,0xB308,0x4E84,no,,24,0,not listed
0x24FCE,0x4FCE,byte-scan+walk,decoded-lcall,0xB28A,0x4E84,no,ret,24,0,not listed
0x24FD1,0x4FD1,byte-scan+walk,decoded-lcall,0xB2E1,0x4E84,no,ret,23,1,not listed
0x24FD6,0x4FD6,byte-scan,unreached-by-this-method,0xB28A,0x4E84,no,,24,0,not listed
0x24FD9,0x4FD9,byte-scan,unreached-by-this-method,0xB2E9,0x4E84,no,,23,1,not listed
0x24FE7,0x4FE7,byte-scan,unreached-by-this-method,0xD8EE,0x4E84,no,,24,0,not listed
0x24FF0,0x4FF0,byte-scan,unreached-by-this-method,0xD8EE,0x4E84,no,,24,0,not listed
0x24FF7,0x4FF7,byte-scan,unreached-by-this-method,0x37AE,0x4E84,no,,22,2,not listed
0x24FFA,0x4FFA,byte-scan,unreached-by-this-method,0x11C2,0x4E84,no,,20,4,not listed
0x25004,0x5004,byte-scan+walk,decoded-ljmp,0x511E,0x4E84,no,ret,24,0,not listed
0x25018,0x5018,byte-scan,unreached-by-this-method,0x5226,0x4E84,no,,24,0,not listed
0x25034,0x5034,byte-scan,unreached-by-this-method,0x3497,0x4E84,no,,20,4,not listed
0x25037,0x5037,byte-scan,unreached-by-this-method,0x0FAF,0x4E84,no,,24,0,not listed
0x2503A,0x503A,byte-scan,unreached-by-this-method,0x37ED,0x4E84,no,,22,2,not listed
0x25049,0x5049,byte-scan,unreached-by-this-method,0x104D,0x4E84,no,,24,0,not listed
0x25052,0x5052,byte-scan,unreached-by-this-method,0x50E0,0x4E84,no,,24,0,not listed
0x25058,0x5058,byte-scan,unreached-by-this-method,0x104D,0x4E84,no,,22,2,not listed
0x2505F,0x505F,byte-scan,unreached-by-this-method,0x388A,0x4E84,no,,24,0,not listed
0x25062,0x5062,byte-scan,unreached-by-this-method,0x7CE0,0x4E84,no,,22,2,not listed
0x25068,0x5068,byte-scan,unreached-by-this-method,0x34A5,0x4E84,no,,22,2,not listed
0x2506B,0x506B,byte-scan,unreached-by-this-method,0x349B,0x4E84,no,,24,0,not listed
0x25072,0x5072,byte-scan,unreached-by-this-method,0x0FAF,0x4E84,no,,23,1,not listed
0x2507E,0x507E,byte-scan,unreached-by-this-method,0x1041,0x4E84,no,,24,0,not listed
0x25084,0x5084,byte-scan,unreached-by-this-method,0x34D9,0x4E84,no,,20,4,not listed
0x25087,0x5087,byte-scan,unreached-by-this-method,0x37ED,0x4E84,no,,23,1,not listed
0x2508A,0x508A,byte-scan,unreached-by-this-method,0x34CC,0x4E84,no,,24,0,not listed
0x25092,0x5092,byte-scan,unreached-by-this-method,0x7F00,0x4E84,no,,1,23,not listed
0x2509D,0x509D,byte-scan,unreached-by-this-method,0xF49A,0x4E84,no,,24,0,not listed
0x250A6,0x50A6,byte-scan,unreached-by-this-method,0x104D,0x4E84,no,,24,0,not listed
0x250B7,0x50B7,byte-scan,unreached-by-this-method,0x104D,0x4E84,no,,24,0,not listed
0x250C4,0x50C4,byte-scan,mid-instruction,0x8052,0x4E84,no,,0,24,not listed
0x250C9,0x50C9,byte-scan,unreached-by-this-method,0x3734,0x4E84,no,,24,0,not listed
0x250CC,0x50CC,byte-scan,unreached-by-this-method,0x530E,0x4E84,no,,22,2,not listed
0x250D4,0x50D4,byte-scan,unreached-by-this-method,0x104D,0x4E84,no,,24,0,not listed
0x250E4,0x50E4,byte-scan,unreached-by-this-method,0x52E9,0x4E84,no,,24,0,not listed
0x250EA,0x50EA,byte-scan,unreached-by-this-method,0x104D,0x4E84,no,,22,2,not listed
0x250FC,0x50FC,byte-scan,unreached-by-this-method,0x7CE0,0x4E84,no,,24,0,not listed
0x250FF,0x50FF,byte-scan,unreached-by-this-method,0x3521,0x4E84,no,,24,0,not listed
0x25102,0x5102,byte-scan,unreached-by-this-method,0x366C,0x4E84,no,,23,1,not listed
0x25105,0x5105,byte-scan,unreached-by-this-method,0xF4AB,0x4E84,no,,24,0,not listed
0x2510B,0x510B,byte-scan,unreached-by-this-method,0x104D,0x4E84,no,,24,0,not listed
0x2511B,0x511B,byte-scan,unreached-by-this-method,0x52E9,0x4E84,no,,24,0,not listed
0x25121,0x5121,byte-scan+walk,decoded-lcall,0x34FB,0x4E84,no,tail jump to a callee,22,2,not listed
0x25125,0x5125,byte-scan+walk,decoded-lcall,0x349B,0x4E84,no,tail jump to a callee,24,0,not listed
0x25128,0x5128,byte-scan+walk,decoded-lcall,0x0FAF,0x4E84,no,tail jump to a callee,24,0,not listed
0x2512C,0x512C,byte-scan+walk,decoded-lcall,0x34CE,0x4E84,no,tail jump to a callee,24,0,not listed
0x25131,0x5131,byte-scan+walk,decoded-lcall,0x52EF,0x4E84,no,tail jump to a callee,24,0,not listed
0x25134,0x5134,byte-scan+walk,decoded-lcall,0x347B,0x4E84,no,tail jump to a callee,24,0,not listed
0x25137,0x5137,byte-scan+walk,decoded-lcall,0x104D,0x4E84,no,tail jump to a callee,23,1,not listed
0x2513E,0x513E,byte-scan+walk,decoded-lcall,0x3519,0x4E84,no,tail jump to a callee,24,0,not listed
0x25141,0x5141,byte-scan+walk,decoded-lcall,0x3497,0x4E84,no,tail jump to a callee,24,0,not listed
0x25144,0x5144,byte-scan+walk,decoded-lcall,0x104D,0x4E84,no,tail jump to a callee,24,0,not listed
0x2514B,0x514B,byte-scan+walk,decoded-lcall,0x52F6,0x4E84,no,tail jump to a callee,18,6,not listed
0x25150,0x5150,byte-scan+walk,decoded-ljmp,0x52EE,0x4E84,no,tail jump to a callee,24,0,not listed
0x25156,0x5156,byte-scan+walk,decoded-lcall,0x357E,0x4E84,no,tail jump to a callee,22,2,not listed
0x25159,0x5159,byte-scan+walk,decoded-lcall,0x3497,0x4E84,no,tail jump to a callee,23,1,not listed
0x2515C,0x515C,byte-scan+walk,decoded-lcall,0x104D,0x4E84,no,tail jump to a callee,24,0,not listed
0x25163,0x5163,byte-scan+walk,decoded-lcall,0x3519,0x4E84,no,tail jump to a callee,24,0,not listed
0x25166,0x5166,byte-scan+walk,decoded-lcall,0x3497,0x4E84,no,tail jump to a callee,24,0,not listed
0x25169,0x5169,byte-scan+walk,decoded-lcall,0x104D,0x4E84,no,tail jump to a callee,24,0,not listed
0x25173,0x5173,byte-scan+walk,decoded-lcall,0x104D,0x4E84,no,tail jump to a callee,24,0,not listed
0x25183,0x5183,byte-scan+walk,decoded-ljmp,0x52E9,0x4E84,no,tail jump to a callee,24,0,not listed
0x25186,0x5186,byte-scan,unreached-by-this-method,0x5315,0x4E84,no,,24,0,not listed
0x2518E,0x518E,byte-scan,unreached-by-this-method,0x7D00,0x4E84,no,,1,23,not listed
0x25191,0x5191,byte-scan,unreached-by-this-method,0x5302,0x4E84,no,,24,0,not listed
0x25193,0x5193,byte-scan,mid-instruction,0x1210,0x4E84,no,,0,24,not listed
0x25194,0x5194,byte-scan,unreached-by-this-method,0x104D,0x4E84,no,,22,2,not listed
0x251A4,0x51A4,byte-scan,unreached-by-this-method,0x52E9,0x4E84,no,,24,0,not listed
0x251A7,0x51A7,byte-scan,unreached-by-this-method,0x3732,0x4E84,no,,24,0,not listed
0x251AA,0x51AA,byte-scan,unreached-by-this-method,0x530E,0x4E84,no,,24,0,not listed
0x251AF,0x51AF,byte-scan,unreached-by-this-method,0x52EE,0x4E84,no,,24,0,not listed
0x251B2,0x51B2,byte-scan,unreached-by-this-method,0x52EF,0x4E84,no,,24,0,not listed
0x251B5,0x51B5,byte-scan,unreached-by-this-method,0x347B,0x4E84,no,,24,0,not listed
0x251B8,0x51B8,byte-scan,unreached-by-this-method,0x104D,0x4E84,no,,23,1,not listed
0x251BF,0x51BF,byte-scan,unreached-by-this-method,0x520B,0x4E84,no,,24,0,not listed
0x251C5,0x51C5,byte-scan,unreached-by-this-method,0x104D,0x4E84,no,,22,2,not listed
0x251CC,0x51CC,byte-scan,unreached-by-this-method,0x388A,0x4E84,no,,24,0,not listed
0x251CF,0x51CF,byte-scan,unreached-by-this-method,0x7CE0,0x4E84,no,,22,2,not listed
0x251DB,0x51DB,byte-scan,unreached-by-this-method,0xF407,0x4E84,no,,24,0,not listed
0x251E3,0x51E3,byte-scan,unreached-by-this-method,0x52EE,0x4E84,no,,24,0,not listed
0x251E6,0x51E6,byte-scan,unreached-by-this-method,0x531F,0x4E84,no,,24,0,not listed
0x251E9,0x51E9,byte-scan,unreached-by-this-method,0x347B,0x4E84,no,,23,1,not listed
0x251EC,0x51EC,byte-scan,unreached-by-this-method,0x104D,0x4E84,no,,23,1,not listed
0x251F5,0x51F5,byte-scan,unreached-by-this-method,0x3521,0x4E84,no,,24,0,not listed
0x251F8,0x51F8,byte-scan,unreached-by-this-method,0x366C,0x4E84,no,,23,1,not listed
0x251FB,0x51FB,byte-scan,unreached-by-this-method,0xF4AB,0x4E84,no,,24,0,not listed
0x251FE,0x51FE,byte-scan,unreached-by-this-method,0x531F,0x4E84,no,,22,2,not listed
0x25201,0x5201,byte-scan,unreached-by-this-method,0x347B,0x4E84,no,,21,3,not listed
0x25204,0x5204,byte-scan,unreached-by-this-method,0x104D,0x4E84,no,,23,1,not listed
0x2520B,0x520B,byte-scan,unreached-by-this-method,0x3519,0x4E84,no,,17,7,not listed
0x2520E,0x520E,byte-scan,unreached-by-this-method,0x3497,0x4E84,no,,24,0,not listed
0x25211,0x5211,byte-scan,unreached-by-this-method,0x104D,0x4E84,no,,24,0,not listed
0x25217,0x5217,byte-scan,unreached-by-this-method,0x1238,0x4E84,no,,5,19,not listed
0x25218,0x5218,byte-scan,unreached-by-this-method,0x3882,0x4E84,no,,18,6,not listed
0x2521B,0x521B,byte-scan,unreached-by-this-method,0x3497,0x4E84,no,,16,8,not listed
0x2521E,0x521E,byte-scan,unreached-by-this-method,0x104D,0x4E84,no,,24,0,not listed
0x25229,0x5229,byte-scan,unreached-by-this-method,0x357E,0x4E84,no,,22,2,not listed
0x2522C,0x522C,byte-scan,unreached-by-this-method,0x3497,0x4E84,no,,23,1,not listed
0x2522F,0x522F,byte-scan,unreached-by-this-method,0x104D,0x4E84,no,,24,0,not listed
0x25236,0x5236,byte-scan,unreached-by-this-method,0x3519,0x4E84,no,,24,0,not listed
0x25239,0x5239,byte-scan,unreached-by-this-method,0x3497,0x4E84,no,,24,0,not listed
0x2523C,0x523C,byte-scan,unreached-by-this-method,0x104D,0x4E84,no,,24,0,not listed
0x25243,0x5243,byte-scan,unreached-by-this-method,0xF739,0x4E84,no,,24,0,not listed
0x25249,0x5249,byte-scan,unreached-by-this-method,0x347B,0x4E84,no,,22,2,not listed
0x2524C,0x524C,byte-scan,unreached-by-this-method,0x104D,0x4E84,no,,23,1,not listed
0x25253,0x5253,byte-scan,unreached-by-this-method,0x3519,0x4E84,no,,24,0,not listed
0x25256,0x5256,byte-scan,unreached-by-this-method,0x3497,0x4E84,no,,24,0,not listed
0x25259,0x5259,byte-scan,unreached-by-this-method,0x104D,0x4E84,no,,24,0,not listed
0x25267,0x5267,byte-scan,unreached-by-this-method,0x104D,0x4E84,no,,24,0,not listed
0x25272,0x5272,byte-scan,unreached-by-this-method,0xC24E,0x4E84,no,,23,1,not listed
0x25278,0x5278,byte-scan,unreached-by-this-method,0x104D,0x4E84,no,,24,0,not listed
0x25288,0x5288,byte-scan,unreached-by-this-method,0x52E9,0x4E84,no,,24,0,not listed
0x2528B,0x528B,byte-scan,unreached-by-this-method,0x52F6,0x4E84,no,,24,0,not listed
0x25293,0x5293,byte-scan,unreached-by-this-method,0x357E,0x4E84,no,,22,2,not listed
0x25296,0x5296,byte-scan,unreached-by-this-method,0x3497,0x4E84,no,,23,1,not listed
0x25299,0x5299,byte-scan,unreached-by-this-method,0x104D,0x4E84,no,,24,0,not listed
0x252A0,0x52A0,byte-scan,unreached-by-this-method,0x3519,0x4E84,no,,24,0,not listed
0x252A3,0x52A3,byte-scan,unreached-by-this-method,0x3497,0x4E84,no,,24,0,not listed
0x252A6,0x52A6,byte-scan,unreached-by-this-method,0x104D,0x4E84,no,,24,0,not listed
0x252AD,0x52AD,byte-scan,unreached-by-this-method,0x5315,0x4E84,no,,24,0,not listed
0x252B5,0x52B5,byte-scan,unreached-by-this-method,0x7D00,0x4E84,no,,1,23,not listed
0x252B8,0x52B8,byte-scan,unreached-by-this-method,0x5302,0x4E84,no,,24,0,not listed
0x252BA,0x52BA,byte-scan,mid-instruction,0x1210,0x4E84,no,,0,24,not listed
0x252BB,0x52BB,byte-scan,unreached-by-this-method,0x104D,0x4E84,no,,22,2,not listed
0x252CD,0x52CD,byte-scan,unreached-by-this-method,0x3732,0x4E84,no,,24,0,not listed
0x252D0,0x52D0,byte-scan,unreached-by-this-method,0xF407,0x4E84,no,,24,0,not listed
0x252D9,0x52D9,byte-scan,unreached-by-this-method,0x104D,0x4E84,no,,24,0,not listed
0x252EB,0x52EB,byte-scan+walk,decoded-lcall,0xCCB7,0x4E84,no,ret,24,0,not listed
0x252EF,0x52EF,byte-scan+walk,decoded-lcall,0xF739,0x52EF,yes,ret,22,2,not listed
0x252FB,0x52FB,byte-scan+walk,decoded-lcall,0xF56B,0x52EF,no,ret,24,0,not listed
0x25307,0x5307,byte-scan,unreached-by-this-method,0xEF79,0x52EF,no,,24,0,not listed
0x2530E,0x530E,byte-scan,unreached-by-this-method,0xF407,0x52EF,no,,24,0,not listed
0x2531A,0x531A,byte-scan,unreached-by-this-method,0xF75C,0x52EF,no,,24,0,not listed
0x2531F,0x531F,byte-scan+walk,decoded-lcall,0xF739,0x531F,yes,ret,24,0,not listed
0x25334,0x5334,byte-scan,unreached-by-this-method,0x9C1B,0x531F,no,,22,2,not listed
0x25343,0x5343,byte-scan,unreached-by-this-method,0x9D04,0x531F,no,,24,0,not listed
0x25346,0x5346,byte-scan,unreached-by-this-method,0x9C1B,0x531F,no,,24,0,not listed
0x25358,0x5358,byte-scan,unreached-by-this-method,0x9D0C,0x531F,no,,22,2,not listed
0x25362,0x5362,byte-scan,unreached-by-this-method,0x9D2B,0x531F,no,,24,0,not listed
0x2536D,0x536D,byte-scan,unreached-by-this-method,0x9C6D,0x531F,no,,24,0,not listed
0x2538A,0x538A,byte-scan,unreached-by-this-method,0x9C98,0x531F,no,,24,0,not listed
0x25390,0x5390,byte-scan,unreached-by-this-method,0x9C1B,0x531F,no,,24,0,not listed
0x253A5,0x53A5,byte-scan,unreached-by-this-method,0x9C98,0x531F,no,,24,0,not listed
0x253AB,0x53AB,byte-scan,unreached-by-this-method,0x9C1B,0x531F,no,,24,0,not listed
0x253B3,0x53B3,byte-scan,unreached-by-this-method,0x547D,0x531F,no,,24,0,not listed
0x253BA,0x53BA,byte-scan,unreached-by-this-method,0x5480,0x531F,no,,24,0,not listed
0x253C0,0x53C0,byte-scan,unreached-by-this-method,0x5565,0x531F,no,,24,0,not listed
0x253C6,0x53C6,byte-scan,unreached-by-this-method,0x55A3,0x531F,no,,24,0,not listed
0x253CD,0x53CD,byte-scan,unreached-by-this-method,0x564B,0x531F,no,,24,0,not listed
0x253D0,0x53D0,byte-scan,unreached-by-this-method,0x9CEB,0x531F,no,,24,0,not listed
0x253D3,0x53D3,byte-scan,unreached-by-this-method,0x9C1B,0x531F,no,,24,0,not listed
0x253E3,0x53E3,byte-scan,unreached-by-this-method,0xC901,0x531F,no,,23,1,not listed
0x253F2,0x53F2,byte-scan,unreached-by-this-method,0x9CA1,0x531F,no,,24,0,not listed
0x25400,0x5400,byte-scan,unreached-by-this-method,0xC001,0x531F,no,,1,23,not listed
0x25413,0x5413,byte-scan,unreached-by-this-method,0x9C1B,0x531F,no,,24,0,not listed
0x2541D,0x541D,byte-scan,unreached-by-this-method,0x9D32,0x531F,no,,24,0,not listed
0x25423,0x5423,byte-scan,unreached-by-this-method,0xD007,0x531F,no,,1,23,not listed
0x25428,0x5428,byte-scan,unreached-by-this-method,0x0B85,0x531F,no,,24,0,not listed
0x2543E,0x543E,byte-scan,unreached-by-this-method,0x9C74,0x531F,no,,24,0,not listed
0x25444,0x5444,byte-scan,unreached-by-this-method,0x0CE1,0x531F,no,,24,0,not listed
0x25447,0x5447,byte-scan,unreached-by-this-method,0x9C6D,0x531F,no,,22,2,not listed
0x25470,0x5470,byte-scan,unreached-by-this-method,0x564E,0x531F,no,,24,0,not listed
0x25475,0x5475,byte-scan,unreached-by-this-method,0x5646,0x531F,no,,24,0,not listed
0x2547A,0x547A,byte-scan,unreached-by-this-method,0x5646,0x531F,no,,24,0,not listed
0x25493,0x5493,byte-scan,unreached-by-this-method,0x9C4D,0x531F,no,,24,0,not listed
0x25499,0x5499,byte-scan,unreached-by-this-method,0x9D05,0x531F,no,,24,0,not listed
0x2549C,0x549C,byte-scan,unreached-by-this-method,0x9C4D,0x531F,no,,22,2,not listed
0x254BD,0x54BD,byte-scan,unreached-by-this-method,0x8EB3,0x531F,no,,23,1,not listed
0x254C0,0x54C0,byte-scan,unreached-by-this-method,0x9C98,0x531F,no,,24,0,not listed
0x254C6,0x54C6,byte-scan,unreached-by-this-method,0x9C1B,0x531F,no,,24,0,not listed
0x254C9,0x54C9,byte-scan,unreached-by-this-method,0x0FAF,0x531F,no,,24,0,not listed
0x254CD,0x54CD,byte-scan,unreached-by-this-method,0x9C82,0x531F,no,,24,0,not listed
0x254D2,0x54D2,byte-scan,unreached-by-this-method,0xF739,0x531F,no,,24,0,not listed
0x254D5,0x54D5,byte-scan,unreached-by-this-method,0x9C98,0x531F,no,,24,0,not listed
0x254DB,0x54DB,byte-scan,unreached-by-this-method,0x9C1B,0x531F,no,,24,0,not listed
0x254E9,0x54E9,byte-scan,unreached-by-this-method,0x9C1B,0x531F,no,,22,2,not listed
0x254F0,0x54F0,byte-scan,unreached-by-this-method,0x9CA1,0x531F,no,,24,0,not listed
0x254F3,0x54F3,byte-scan,unreached-by-this-method,0x9CC9,0x531F,no,,22,2,not listed
0x25508,0x5508,byte-scan,unreached-by-this-method,0x821B,0x531F,no,,24,0,not listed
0x2550D,0x550D,byte-scan,mid-instruction,0x12F7,0x531F,no,,0,24,not listed
0x2550E,0x550E,byte-scan,unreached-by-this-method,0xF739,0x531F,no,,23,1,not listed
0x25514,0x5514,byte-scan,unreached-by-this-method,0x9C27,0x531F,no,,22,2,not listed
0x25517,0x5517,byte-scan,unreached-by-this-method,0x1041,0x531F,no,,24,0,not listed
0x25529,0x5529,byte-scan,unreached-by-this-method,0xC901,0x531F,no,,23,1,not listed
0x2552C,0x552C,byte-scan,unreached-by-this-method,0x9C98,0x531F,no,,21,3,not listed
0x25532,0x5532,byte-scan,unreached-by-this-method,0x9C1B,0x531F,no,,24,0,not listed
0x2554E,0x554E,byte-scan,unreached-by-this-method,0x9C1B,0x531F,no,,24,0,not listed
0x25553,0x5553,byte-scan,unreached-by-this-method,0x564B,0x531F,no,,24,0,not listed
0x25556,0x5556,byte-scan,unreached-by-this-method,0x9C98,0x531F,no,,24,0,not listed
0x2555C,0x555C,byte-scan,unreached-by-this-method,0x9C1B,0x531F,no,,24,0,not listed
0x25562,0x5562,byte-scan,unreached-by-this-method,0x564B,0x531F,no,,24,0,not listed
0x25565,0x5565,byte-scan,unreached-by-this-method,0xF739,0x531F,no,,24,0,not listed
0x2556B,0x556B,byte-scan,unreached-by-this-method,0x9C56,0x531F,no,,22,2,not listed
0x25571,0x5571,byte-scan,unreached-by-this-method,0x9C1B,0x531F,no,,24,0,not listed
0x25574,0x5574,byte-scan,unreached-by-this-method,0x9D17,0x531F,no,,24,0,not listed
0x25578,0x5578,byte-scan,unreached-by-this-method,0x9C83,0x531F,no,,24,0,not listed
0x2557D,0x557D,byte-scan,unreached-by-this-method,0x564B,0x531F,no,,24,0,not listed
0x25583,0x5583,byte-scan,unreached-by-this-method,0x9C13,0x531F,no,,22,2,not listed
0x2558A,0x558A,byte-scan,unreached-by-this-method,0x0FAF,0x531F,no,,23,1,not listed
0x25596,0x5596,byte-scan,unreached-by-this-method,0x1041,0x531F,no,,24,0,not listed
0x255A0,0x55A0,byte-scan,unreached-by-this-method,0x5646,0x531F,no,,23,1,not listed
0x255A3,0x55A3,byte-scan,unreached-by-this-method,0x9C98,0x531F,no,,24,0,not listed
0x255A9,0x55A9,byte-scan,unreached-by-this-method,0x9C1B,0x531F,no,,22,2,not listed
0x255B9,0x55B9,byte-scan,mid-instruction,0x7056,0x531F,no,,0,24,not listed
0x255D3,0x55D3,byte-scan,unreached-by-this-method,0x9C1B,0x531F,no,,22,2,not listed
0x255D6,0x55D6,byte-scan,unreached-by-this-method,0x0FAF,0x531F,no,,24,0,not listed
0x255DC,0x55DC,byte-scan,unreached-by-this-method,0x9C7D,0x531F,no,,24,0,not listed
0x255E4,0x55E4,byte-scan,unreached-by-this-method,0x9C13,0x531F,no,,19,5,not listed
0x255EB,0x55EB,byte-scan,unreached-by-this-method,0x0FAF,0x531F,no,,23,1,not listed
0x255F7,0x55F7,byte-scan,unreached-by-this-method,0x1041,0x531F,no,,24,0,not listed
0x25617,0x5617,byte-scan,unreached-by-this-method,0x9C98,0x531F,no,,24,0,not listed
0x2561D,0x561D,byte-scan,unreached-by-this-method,0x9C1B,0x531F,no,,24,0,not listed
0x25634,0x5634,byte-scan,unreached-by-this-method,0x564E,0x531F,no,,24,0,not listed
0x2563C,0x563C,byte-scan,unreached-by-this-method,0xCEB4,0x531F,no,,24,0,not listed
0x25648,0x5648,byte-scan,unreached-by-this-method,0xC901,0x531F,no,,23,1,not listed
0x2564F,0x564F,byte-scan,unreached-by-this-method,0xE7E9,0x531F,no,,24,0,not listed
0x25661,0x5661,byte-scan,unreached-by-this-method,0x0FCB,0x531F,no,,24,0,not listed
0x25665,0x5665,byte-scan,unreached-by-this-method,0x0F0E,0x531F,no,,24,0,not listed
0x25692,0x5692,byte-scan,unreached-by-this-method,0x122F,0x567C,no,,24,0,not listed
0x25693,0x5693,byte-scan,mid-instruction,0x2FEF,0x567C,no,,0,24,not listed
0x25699,0x5699,byte-scan,unreached-by-this-method,0x1210,0x567C,no,,1,23,not listed
0x2569A,0x569A,byte-scan,unreached-by-this-method,0x10C8,0x567C,no,,22,2,not listed
0x256BF,0x56BF,byte-scan,unreached-by-this-method,0x10E8,0x567C,no,,24,0,not listed
0x256EA,0x56EA,byte-scan,unreached-by-this-method,0x10C8,0x56CB,no,,24,0,not listed
0x25722,0x5722,byte-scan,unreached-by-this-method,0x10BC,0x56F1,no,,24,0,not listed
0x257A8,0x57A8,byte-scan,unreached-by-this-method,0x0FAF,0x578E,no,,24,0,not listed
0x257B9,0x57B9,byte-scan,unreached-by-this-method,0xF090,0x578E,no,,2,22,not listed
0x257BE,0x57BE,byte-scan,unreached-by-this-method,0x0FAF,0x578E,no,,24,0,not listed
0x257FF,0x57FF,byte-scan,unreached-by-this-method,0x0D38,0x578E,no,,24,0,not listed
0x25820,0x5820,byte-scan,unreached-by-this-method,0x10C8,0x578E,no,,24,0,not listed
0x25823,0x5823,byte-scan,unreached-by-this-method,0x0F45,0x578E,no,,23,1,not listed
0x2583B,0x583B,byte-scan,unreached-by-this-method,0x0F0E,0x578E,no,,24,0,not listed
0x2586E,0x586E,byte-scan,unreached-by-this-method,0x1041,0x584A,no,,24,0,not listed
0x25871,0x5871,byte-scan,unreached-by-this-method,0x0F45,0x584A,no,,22,2,not listed
0x258B6,0x58B6,byte-scan+walk,decoded-ljmp,0x10E8,0x58AB,yes,tail jump to a callee,22,2,not listed
0x258DA,0x58DA,byte-scan,unreached-by-this-method,0x0210,0x58B9,no,,1,23,not listed
0x258DB,0x58DB,byte-scan,unreached-by-this-method,0x10C8,0x58B9,no,,22,2,not listed
0x258E3,0x58E3,byte-scan,unreached-by-this-method,0x122D,0x58B9,no,,24,0,not listed
0x258E4,0x58E4,byte-scan,mid-instruction,0x2D90,0x58B9,no,,0,24,not listed
0x258E9,0x58E9,byte-scan,unreached-by-this-method,0x0FAF,0x58B9,no,,24,0,not listed
0x25907,0x5907,byte-scan,unreached-by-this-method,0x10E8,0x58B9,no,,24,0,not listed
0x25931,0x5931,byte-scan,unreached-by-this-method,0x10E8,0x58B9,no,,24,0,not listed
0x25948,0x5948,byte-scan,unreached-by-this-method,0x0FAF,0x58B9,no,,24,0,not listed
0x25985,0x5985,byte-scan,unreached-by-this-method,0x872B,0x5950,no,,24,0,not listed
0x2599A,0x599A,byte-scan,unreached-by-this-method,0x128D,0x5950,no,,24,0,not listed
0x2599B,0x599B,byte-scan,mid-instruction,0x8D90,0x5950,no,,0,24,not listed
0x259B6,0x59B6,byte-scan,unreached-by-this-method,0x8792,0x5950,no,,24,0,not listed
0x259C0,0x59C0,byte-scan,unreached-by-this-method,0x87D0,0x5950,no,,24,0,not listed
0x259C8,0x59C8,byte-scan,unreached-by-this-method,0x7F00,0x5950,no,,1,23,not listed
0x259E3,0x59E3,byte-scan,unreached-by-this-method,0x5C23,0x5950,no,,24,0,not listed
0x259E9,0x59E9,byte-scan,unreached-by-this-method,0x5ACB,0x5950,no,,24,0,not listed
0x259F1,0x59F1,byte-scan,unreached-by-this-method,0xD896,0x5950,no,,24,0,not listed
0x259F4,0x59F4,byte-scan,unreached-by-this-method,0x885B,0x5950,no,,24,0,not listed
0x25A02,0x5A02,byte-scan,unreached-by-this-method,0x884E,0x5950,no,,24,0,not listed
0x25A05,0x5A05,byte-scan,unreached-by-this-method,0x872F,0x5950,no,,24,0,not listed
0x25A08,0x5A08,byte-scan,unreached-by-this-method,0x87F6,0x5950,no,,24,0,not listed
0x25A0C,0x5A0C,byte-scan,unreached-by-this-method,0x872F,0x5950,no,,24,0,not listed
0x25A0F,0x5A0F,byte-scan,unreached-by-this-method,0x10C8,0x5950,no,,24,0,not listed
0x25A15,0x5A15,byte-scan,unreached-by-this-method,0x8845,0x5950,no,,24,0,not listed
0x25A2C,0x5A2C,byte-scan,unreached-by-this-method,0x0F32,0x5950,no,,24,0,not listed
0x25A3A,0x5A3A,byte-scan,unreached-by-this-method,0x8791,0x5950,no,,24,0,not listed
0x25A3D,0x5A3D,byte-scan,unreached-by-this-method,0x87CA,0x5950,no,,23,1,not listed
0x25A46,0x5A46,byte-scan,unreached-by-this-method,0xE4FF,0x5950,no,,1,23,not listed
0x25A4E,0x5A4E,byte-scan,unreached-by-this-method,0x0F32,0x5950,no,,24,0,not listed
0x25A54,0x5A54,byte-scan,mid-instruction,0xD001,0x5950,no,,0,24,not listed
0x25A59,0x5A59,byte-scan,unreached-by-this-method,0x0EF3,0x5950,no,,24,0,not listed
0x25A5F,0x5A5F,byte-scan,mid-instruction,0xD001,0x5950,no,,0,24,not listed
0x25A64,0x5A64,byte-scan,unreached-by-this-method,0x0EF3,0x5950,no,,24,0,not listed
0x25A76,0x5A76,byte-scan,unreached-by-this-method,0x8791,0x5950,no,,24,0,not listed
0x25A7C,0x5A7C,byte-scan,unreached-by-this-method,0x87CD,0x5950,no,,24,0,not listed
0x25A85,0x5A85,byte-scan,unreached-by-this-method,0xE4FF,0x5950,no,,1,23,not listed
0x25A8D,0x5A8D,byte-scan,unreached-by-this-method,0x0F32,0x5950,no,,24,0,not listed
0x25A93,0x5A93,byte-scan,mid-instruction,0xD001,0x5950,no,,0,24,not listed
0x25A98,0x5A98,byte-scan,unreached-by-this-method,0x0EF3,0x5950,no,,24,0,not listed
0x25AA9,0x5AA9,byte-scan,unreached-by-this-method,0x877A,0x5950,no,,24,0,not listed
0x25AAF,0x5AAF,byte-scan,mid-instruction,0xD001,0x5950,no,,0,24,not listed
0x25AB4,0x5AB4,byte-scan,unreached-by-this-method,0x0EF3,0x5950,no,,24,0,not listed
0x25ABF,0x5ABF,byte-scan,unreached-by-this-method,0x8720,0x5950,no,,24,0,not listed
0x25AC2,0x5AC2,byte-scan,unreached-by-this-method,0x8753,0x5950,no,,23,1,not listed
0x25AC8,0x5AC8,byte-scan,unreached-by-this-method,0x5B56,0x5950,no,,24,0,not listed
0x25ACB,0x5ACB,byte-scan,unreached-by-this-method,0x8720,0x5950,no,,24,0,not listed
0x25ACE,0x5ACE,byte-scan,unreached-by-this-method,0x8874,0x5950,no,,23,1,not listed
0x25AD1,0x5AD1,byte-scan,unreached-by-this-method,0x8824,0x5950,no,,22,2,not listed
0x25ADB,0x5ADB,byte-scan,unreached-by-this-method,0x5B88,0x5950,no,,24,0,not listed
0x25AE2,0x5AE2,byte-scan,unreached-by-this-method,0x5C1A,0x5950,no,,24,0,not listed
0x25AE5,0x5AE5,byte-scan,unreached-by-this-method,0x8720,0x5950,no,,24,0,not listed
0x25AE8,0x5AE8,byte-scan,unreached-by-this-method,0x8753,0x5950,no,,23,1,not listed
0x25AEE,0x5AEE,byte-scan,unreached-by-this-method,0x874A,0x5950,no,,20,4,not listed
0x25AF3,0x5AF3,byte-scan,unreached-by-this-method,0x87A4,0x5950,no,,24,0,not listed
0x25AFE,0x5AFE,byte-scan,unreached-by-this-method,0x8720,0x5950,no,,24,0,not listed
0x25B01,0x5B01,byte-scan,unreached-by-this-method,0x8753,0x5950,no,,23,1,not listed
0x25B07,0x5B07,byte-scan,unreached-by-this-method,0x0D38,0x5950,no,,24,0,not listed
0x25B0D,0x5B0D,byte-scan,unreached-by-this-method,0x87A2,0x5950,no,,24,0,not listed
0x25B12,0x5B12,byte-scan,unreached-by-this-method,0x0F32,0x5950,no,,24,0,not listed
0x25B15,0x5B15,byte-scan,unreached-by-this-method,0x5BFB,0x5950,no,,24,0,not listed
0x25B18,0x5B18,byte-scan,unreached-by-this-method,0x8720,0x5950,no,,24,0,not listed
0x25B1B,0x5B1B,byte-scan,unreached-by-this-method,0x8874,0x5950,no,,23,1,not listed
0x25B1E,0x5B1E,byte-scan,unreached-by-this-method,0x873C,0x5950,no,,22,2,not listed
0x25B21,0x5B21,byte-scan,unreached-by-this-method,0x87A2,0x5950,no,,24,0,not listed
0x25B26,0x5B26,byte-scan,unreached-by-this-method,0x0F32,0x5950,no,,24,0,not listed
0x25B31,0x5B31,byte-scan,unreached-by-this-method,0x8720,0x5950,no,,24,0,not listed
0x25B34,0x5B34,byte-scan,unreached-by-this-method,0x8874,0x5950,no,,23,1,not listed
0x25B37,0x5B37,byte-scan,unreached-by-this-method,0x876B,0x5950,no,,22,2,not listed
0x25B3D,0x5B3D,byte-scan,mid-instruction,0xD001,0x5950,no,,0,24,not listed
0x25B42,0x5B42,byte-scan,unreached-by-this-method,0x0EF3,0x5950,no,,24,0,not listed
0x25B4D,0x5B4D,byte-scan,unreached-by-this-method,0x8720,0x5950,no,,24,0,not listed
0x25B50,0x5B50,byte-scan,unreached-by-this-method,0x8753,0x5950,no,,23,1,not listed
0x25B56,0x5B56,byte-scan,unreached-by-this-method,0x874A,0x5950,no,,20,4,not listed
0x25B59,0x5B59,byte-scan,unreached-by-this-method,0x87A2,0x5950,no,,24,0,not listed
0x25B5E,0x5B5E,byte-scan,unreached-by-this-method,0x0F32,0x5950,no,,24,0,not listed
0x25B64,0x5B64,byte-scan,mid-instruction,0xD001,0x5950,no,,0,24,not listed
0x25B69,0x5B69,byte-scan,unreached-by-this-method,0x0EF3,0x5950,no,,24,0,not listed
0x25B74,0x5B74,byte-scan,unreached-by-this-method,0x8720,0x5950,no,,24,0,not listed
0x25B77,0x5B77,byte-scan,unreached-by-this-method,0x8753,0x5950,no,,23,1,not listed
0x25B7D,0x5B7D,byte-scan,unreached-by-this-method,0x874A,0x5950,no,,20,4,not listed
0x25B82,0x5B82,byte-scan,unreached-by-this-method,0x87A4,0x5950,no,,24,0,not listed
0x25B85,0x5B85,byte-scan,unreached-by-this-method,0x5BFB,0x5950,no,,24,0,not listed
0x25B88,0x5B88,byte-scan,unreached-by-this-method,0x8720,0x5950,no,,24,0,not listed
0x25B8B,0x5B8B,byte-scan,unreached-by-this-method,0x8874,0x5950,no,,23,1,not listed
0x25B8E,0x5B8E,byte-scan,unreached-by-this-method,0x873C,0x5950,no,,22,2,not listed
0x25B93,0x5B93,byte-scan,unreached-by-this-method,0x87A4,0x5950,no,,23,1,not listed
0x25B98,0x5B98,byte-scan,unreached-by-this-method,0x0F32,0x5950,no,,23,1,not listed
0x25BA3,0x5BA3,byte-scan,unreached-by-this-method,0x8720,0x5950,no,,24,0,not listed
0x25BA6,0x5BA6,byte-scan,unreached-by-this-method,0x8874,0x5950,no,,23,1,not listed
0x25BA9,0x5BA9,byte-scan,unreached-by-this-method,0x876B,0x5950,no,,22,2,not listed
0x25BB3,0x5BB3,byte-scan,mid-instruction,0xD001,0x5950,no,,0,24,not listed
0x25BB8,0x5BB8,byte-scan,unreached-by-this-method,0x0EF3,0x5950,no,,24,0,not listed
0x25BC3,0x5BC3,byte-scan,unreached-by-this-method,0x8720,0x5950,no,,24,0,not listed
0x25BC6,0x5BC6,byte-scan,unreached-by-this-method,0x8753,0x5950,no,,23,1,not listed
0x25BCC,0x5BCC,byte-scan,unreached-by-this-method,0x874A,0x5950,no,,20,4,not listed
0x25BD1,0x5BD1,byte-scan,unreached-by-this-method,0x87A4,0x5950,no,,23,1,not listed
0x25BD6,0x5BD6,byte-scan,unreached-by-this-method,0x0F32,0x5950,no,,24,0,not listed
0x25BDC,0x5BDC,byte-scan,mid-instruction,0xD001,0x5950,no,,0,24,not listed
0x25BE1,0x5BE1,byte-scan,unreached-by-this-method,0x0EF3,0x5950,no,,24,0,not listed
0x25BEC,0x5BEC,byte-scan,unreached-by-this-method,0x8720,0x5950,no,,24,0,not listed
0x25BEF,0x5BEF,byte-scan,unreached-by-this-method,0x8753,0x5950,no,,23,1,not listed
0x25BF5,0x5BF5,byte-scan,unreached-by-this-method,0x874A,0x5950,no,,20,4,not listed
0x25BF8,0x5BF8,byte-scan,unreached-by-this-method,0x87A2,0x5950,no,,24,0,not listed
0x25BFE,0x5BFE,byte-scan,mid-instruction,0xD001,0x5950,no,,0,24,not listed
0x25C03,0x5C03,byte-scan,unreached-by-this-method,0x0EF3,0x5950,no,,24,0,not listed
0x25C17,0x5C17,byte-scan,unreached-by-this-method,0x1041,0x5950,no,,24,0,not listed
0x25C20,0x5C20,byte-scan,unreached-by-this-method,0x59D5,0x5950,no,,24,0,not listed
0x25C34,0x5C34,byte-scan,unreached-by-this-method,0x8812,0x5950,no,,24,0,not listed
0x25C36,0x5C36,byte-scan,mid-instruction,0x7B04,0x5950,no,,0,24,not listed
0x25C3A,0x5C3A,byte-scan,unreached-by-this-method,0x821B,0x5950,no,,24,0,not listed
0x25C52,0x5C52,byte-scan+walk,decoded-lcall,0x104D,0x5950,no,tail jump to a callee,24,0,not listed
0x25C68,0x5C68,byte-scan+walk,decoded-lcall,0x90A5,0x5950,no,tail jump to a callee,24,0,not listed
0x25C72,0x5C72,byte-scan+walk,decoded-lcall,0x0F0E,0x5950,no,tail jump to a callee,24,0,not listed
0x25C7A,0x5C7A,byte-scan,operand,0x7F00,0x5950,no,,1,23,not listed
0x25C8F,0x5C8F,byte-scan,operand,0x7052,0x5950,no,,0,24,not listed
0x25CA2,0x5CA2,byte-scan+walk,decoded-lcall,0xE95E,0x5950,no,tail jump to a callee,23,1,not listed
0x25CB1,0x5CB1,byte-scan+walk,decoded-lcall,0x9028,0x5950,no,tail jump to a callee,24,0,not listed
0x25CCA,0x5CCA,byte-scan+walk,decoded-lcall,0xF739,0x5950,no,tail jump to a callee,23,1,not listed
0x25CDE,0x5CDE,byte-scan+walk,decoded-lcall,0x1041,0x5950,no,tail jump to a callee,24,0,not listed
0x25CF7,0x5CF7,byte-scan+walk,decoded-lcall,0x902A,0x5950,no,tail jump to a callee,24,0,not listed
0x25D06,0x5D06,byte-scan+walk,decoded-lcall,0x906F,0x5950,no,tail jump to a callee,24,0,not listed
0x25D10,0x5D10,byte-scan+walk,decoded-lcall,0x90E8,0x5950,no,tail jump to a callee,24,0,not listed
0x25D32,0x5D32,byte-scan+walk,decoded-lcall,0x9028,0x5950,no,tail jump to a callee,24,0,not listed
0x25D40,0x5D40,byte-scan+walk,decoded-lcall,0x9028,0x5950,no,tail jump to a callee,24,0,not listed
0x25D51,0x5D51,byte-scan+walk,decoded-lcall,0x907E,0x5950,no,tail jump to a callee,24,0,not listed
0x25D62,0x5D62,byte-scan+walk,decoded-ljmp,0x5E19,0x5950,no,tail jump to a callee,24,0,not listed
0x25D68,0x5D68,byte-scan+walk,decoded-lcall,0x906D,0x5950,no,tail jump to a callee,24,0,not listed
0x25D72,0x5D72,byte-scan+walk,decoded-lcall,0x9028,0x5950,no,tail jump to a callee,24,0,not listed
0x25D90,0x5D90,byte-scan+walk,decoded-ljmp,0x5E19,0x5950,no,tail jump to a callee,24,0,not listed
0x25D93,0x5D93,byte-scan+walk,decoded-lcall,0x9050,0x5950,no,tail jump to a callee,24,0,not listed
0x25D96,0x5D96,byte-scan+walk,decoded-lcall,0x9153,0x5950,no,tail jump to a callee,22,2,not listed
0x25DA1,0x5DA1,byte-scan+walk,decoded-lcall,0x9050,0x5950,no,tail jump to a callee,24,0,not listed
0x25DA6,0x5DA6,byte-scan+walk,decoded-lcall,0x0F1F,0x5950,no,tail jump to a callee,24,0,not listed
0x25DAC,0x5DAC,byte-scan,operand,0xD001,0x5950,no,,0,24,not listed
0x25DB1,0x5DB1,byte-scan+walk,decoded-lcall,0x0EF3,0x5950,no,tail jump to a callee,24,0,not listed
0x25DBC,0x5DBC,byte-scan+walk,decoded-lcall,0x9050,0x5950,no,tail jump to a callee,24,0,not listed
0x25DC1,0x5DC1,byte-scan+walk,decoded-lcall,0x0F1F,0x5950,no,tail jump to a callee,24,0,not listed
0x25DCC,0x5DCC,byte-scan,operand,0xD001,0x5950,no,,0,24,not listed
0x25DD1,0x5DD1,byte-scan+walk,decoded-lcall,0x0EF3,0x5950,no,tail jump to a callee,24,0,not listed
0x25DDC,0x5DDC,byte-scan+walk,decoded-lcall,0x9050,0x5950,no,tail jump to a callee,24,0,not listed
0x25DE1,0x5DE1,byte-scan+walk,decoded-lcall,0x0F32,0x5950,no,tail jump to a callee,24,0,not listed
0x25DE7,0x5DE7,byte-scan,operand,0xD001,0x5950,no,,0,24,not listed
0x25DEC,0x5DEC,byte-scan+walk,decoded-lcall,0x0EF3,0x5950,no,tail jump to a callee,24,0,not listed
0x25E02,0x5E02,byte-scan+walk,decoded-lcall,0x903C,0x5950,no,tail jump to a callee,24,0,not listed
0x25E0D,0x5E0D,byte-scan+walk,decoded-lcall,0x1041,0x5950,no,tail jump to a callee,24,0,not listed
0x25E16,0x5E16,byte-scan+walk,decoded-ljmp,0x5D83,0x5950,no,tail jump to a callee,24,0,not listed
0x25E1D,0x5E1D,byte-scan+walk,decoded-lcall,0x9078,0x5950,no,ret,24,0,not listed
0x25E21,0x5E21,byte-scan,operand,0xF0EF,0x5950,no,,2,22,not listed
0x25E26,0x5E26,byte-scan+walk,decoded-lcall,0x9028,0x5950,no,ret,24,0,not listed
0x25E2D,0x5E2D,byte-scan+walk,decoded-lcall,0xF739,0x5950,no,ret,24,0,not listed
0x25E33,0x5E33,byte-scan+walk,decoded-lcall,0x1041,0x5950,no,ret,24,0,not listed
0x25E3E,0x5E3E,byte-scan+walk,decoded-lcall,0x9028,0x5950,no,ret,24,0,not listed
0x25E48,0x5E48,byte-scan,operand,0x7F00,0x5950,no,,1,23,not listed
0x25E4E,0x5E4E,byte-scan+walk,decoded-lcall,0xF739,0x5950,no,ret,24,0,not listed
0x25E5C,0x5E5C,byte-scan+walk,decoded-lcall,0x0FAF,0x5950,no,ret,24,0,not listed
0x25E5F,0x5E5F,byte-scan+walk,decoded-lcall,0x0F00,0x5950,no,ret,22,2,not listed
0x25E62,0x5E62,byte-scan+walk,decoded-lcall,0x0DBC,0x5950,no,ret,24,0,not listed
0x25E6C,0x5E6C,byte-scan+walk,decoded-lcall,0x0F0E,0x5950,no,ret,24,0,not listed
0x25E7A,0x5E7A,byte-scan+walk,decoded-lcall,0x90B1,0x5950,no,ret,24,0,not listed
0x25E84,0x5E84,byte-scan,operand,0x12F4,0x5950,no,,0,24,not listed
0x25E85,0x5E85,byte-scan+walk,decoded-lcall,0xF4AB,0x5950,no,ret,23,1,not listed
0x25E8D,0x5E8D,byte-scan+walk,decoded-lcall,0x9076,0x5950,no,ret,24,0,not listed
0x25E91,0x5E91,byte-scan,operand,0xF0EF,0x5950,no,,2,22,not listed
0x25E96,0x5E96,byte-scan+walk,decoded-lcall,0x90E8,0x5950,no,ret,24,0,not listed
0x25EA6,0x5EA6,byte-scan+walk,decoded-lcall,0xDC29,0x5950,no,ret,23,1,not listed
0x25EB8,0x5EB8,byte-scan+walk,decoded-lcall,0x5ED5,0x5950,no,ret,24,0,not listed
0x25EC7,0x5EC7,byte-scan+walk,decoded-lcall,0xDC29,0x5950,no,ret,24,0,not listed
0x25ECF,0x5ECF,byte-scan+walk,decoded-lcall,0x5ED5,0x5950,no,ret,24,0,not listed
0x25EDC,0x5EDC,byte-scan+walk,decoded-lcall,0xDC29,0x5950,no,ret,24,0,not listed
0x25EE5,0x5EE5,byte-scan,unreached-by-this-method,0x350B,0x5950,no,,24,0,not listed
0x25EFD,0x5EFD,byte-scan,unreached-by-this-method,0x10E8,0x5950,no,,24,0,not listed
0x25F06,0x5F06,byte-scan,unreached-by-this-method,0x10E8,0x5950,no,,24,0,not listed
0x25F0C,0x5F0C,byte-scan,unreached-by-this-method,0xD7E4,0x5950,no,,24,0,not listed
0x25F29,0x5F29,byte-scan,mid-instruction,0x037F,0x5950,no,,0,24,not listed
0x25F36,0x5F36,byte-scan,unreached-by-this-method,0xF4BC,0x5950,no,,24,0,not listed
0x25F42,0x5F42,byte-scan,unreached-by-this-method,0x34A2,0x5950,no,,24,0,not listed
0x25F45,0x5F45,byte-scan,unreached-by-this-method,0x349B,0x5950,no,,23,1,not listed
0x25F48,0x5F48,byte-scan,unreached-by-this-method,0x3918,0x5950,no,,24,0,not listed
0x25F4B,0x5F4B,byte-scan,unreached-by-this-method,0x34C9,0x5950,no,,24,0,not listed
0x25F50,0x5F50,byte-scan,unreached-by-this-method,0x34A2,0x5950,no,,23,1,not listed
0x25F53,0x5F53,byte-scan,unreached-by-this-method,0x349B,0x5950,no,,23,1,not listed
0x25F56,0x5F56,byte-scan,unreached-by-this-method,0x3599,0x5950,no,,24,0,not listed
0x25F5B,0x5F5B,byte-scan,unreached-by-this-method,0x34A2,0x5950,no,,23,1,not listed
0x25F5E,0x5F5E,byte-scan,unreached-by-this-method,0x349B,0x5950,no,,23,1,not listed
0x25F61,0x5F61,byte-scan,unreached-by-this-method,0x391F,0x5950,no,,24,0,not listed
0x25F64,0x5F64,byte-scan,unreached-by-this-method,0x359F,0x5950,no,,24,0,not listed
0x25F69,0x5F69,byte-scan,unreached-by-this-method,0x34A2,0x5950,no,,24,0,not listed
0x25F6C,0x5F6C,byte-scan,unreached-by-this-method,0x349B,0x5950,no,,23,1,not listed
0x25F6F,0x5F6F,byte-scan,unreached-by-this-method,0x390A,0x5950,no,,24,0,not listed
0x25F72,0x5F72,byte-scan,unreached-by-this-method,0x359F,0x5950,no,,24,0,not listed
0x25F77,0x5F77,byte-scan,unreached-by-this-method,0x34A2,0x5950,no,,24,0,not listed
0x25F7A,0x5F7A,byte-scan,unreached-by-this-method,0x349B,0x5950,no,,23,1,not listed
0x25F7D,0x5F7D,byte-scan,unreached-by-this-method,0x3911,0x5950,no,,24,0,not listed
0x25F80,0x5F80,byte-scan,unreached-by-this-method,0x359F,0x5950,no,,22,2,not listed
0x25F85,0x5F85,byte-scan,unreached-by-this-method,0x34A2,0x5950,no,,24,0,not listed
0x25F88,0x5F88,byte-scan,unreached-by-this-method,0x349B,0x5950,no,,23,1,not listed
0x25F8B,0x5F8B,byte-scan,unreached-by-this-method,0x3727,0x5950,no,,24,0,not listed
0x25F8E,0x5F8E,byte-scan,unreached-by-this-method,0x35A2,0x5950,no,,24,0,not listed
0x25F93,0x5F93,byte-scan,unreached-by-this-method,0x614F,0x5950,no,,24,0,not listed
0x25F98,0x5F98,byte-scan,unreached-by-this-method,0x6159,0x5950,no,,24,0,not listed
0x25FA5,0x5FA5,byte-scan,mid-instruction,0x6003,0x5950,no,,0,24,not listed
0x25FA8,0x5FA8,byte-scan,unreached-by-this-method,0x6048,0x5950,no,,24,0,not listed
0x25FAB,0x5FAB,byte-scan,unreached-by-this-method,0x34A2,0x5950,no,,24,0,not listed
0x25FAE,0x5FAE,byte-scan,unreached-by-this-method,0x349B,0x5950,no,,23,1,not listed
0x25FB1,0x5FB1,byte-scan,unreached-by-this-method,0x3918,0x5950,no,,24,0,not listed
0x25FB4,0x5FB4,byte-scan,unreached-by-this-method,0x34C9,0x5950,no,,24,0,not listed
0x25FB9,0x5FB9,byte-scan,unreached-by-this-method,0x34A2,0x5950,no,,24,0,not listed
0x25FBC,0x5FBC,byte-scan,unreached-by-this-method,0x349B,0x5950,no,,23,1,not listed
0x25FBF,0x5FBF,byte-scan,unreached-by-this-method,0x3599,0x5950,no,,24,0,not listed
0x25FC4,0x5FC4,byte-scan,unreached-by-this-method,0x34A2,0x5950,no,,23,1,not listed
0x25FC7,0x5FC7,byte-scan,unreached-by-this-method,0x349B,0x5950,no,,23,1,not listed
0x25FCA,0x5FCA,byte-scan,unreached-by-this-method,0x391F,0x5950,no,,24,0,not listed
0x25FCD,0x5FCD,byte-scan,unreached-by-this-method,0x359F,0x5950,no,,24,0,not listed
0x25FD2,0x5FD2,byte-scan,unreached-by-this-method,0x34A2,0x5950,no,,23,1,not listed
0x25FD5,0x5FD5,byte-scan,unreached-by-this-method,0x349B,0x5950,no,,23,1,not listed
0x25FD8,0x5FD8,byte-scan,unreached-by-this-method,0x390A,0x5950,no,,24,0,not listed
0x25FDB,0x5FDB,byte-scan,unreached-by-this-method,0x359F,0x5950,no,,24,0,not listed
0x25FE0,0x5FE0,byte-scan,unreached-by-this-method,0x34A2,0x5950,no,,24,0,not listed
0x25FE3,0x5FE3,byte-scan,unreached-by-this-method,0x349B,0x5950,no,,23,1,not listed
0x25FE6,0x5FE6,byte-scan,unreached-by-this-method,0x3911,0x5950,no,,24,0,not listed
0x25FE9,0x5FE9,byte-scan,unreached-by-this-method,0x359F,0x5950,no,,22,2,not listed
0x25FEE,0x5FEE,byte-scan,unreached-by-this-method,0x34A2,0x5950,no,,24,0,not listed
0x25FF1,0x5FF1,byte-scan,unreached-by-this-method,0x349B,0x5950,no,,23,1,not listed
0x25FF4,0x5FF4,byte-scan,unreached-by-this-method,0x3727,0x5950,no,,24,0,not listed
0x25FF7,0x5FF7,byte-scan,unreached-by-this-method,0x35A2,0x5950,no,,24,0,not listed
0x25FFC,0x5FFC,byte-scan,unreached-by-this-method,0x614F,0x5950,no,,24,0,not listed
0x26001,0x6001,byte-scan,unreached-by-this-method,0x6159,0x5950,no,,23,1,not listed
0x26006,0x6006,byte-scan,unreached-by-this-method,0x35B7,0x5950,no,,23,1,not listed
0x2600A,0x600A,byte-scan,unreached-by-this-method,0x349B,0x5950,no,,23,1,not listed
0x2600D,0x600D,byte-scan,unreached-by-this-method,0x0FAF,0x5950,no,,24,0,not listed
0x26011,0x6011,byte-scan,unreached-by-this-method,0x34CE,0x5950,no,,24,0,not listed
0x26015,0x6015,byte-scan,mid-instruction,0xFF22,0x5950,no,,0,24,not listed
0x26018,0x6018,byte-scan,unreached-by-this-method,0xF739,0x5950,no,,24,0,not listed
0x2601B,0x601B,byte-scan,unreached-by-this-method,0x3872,0x5950,no,,24,0,not listed
0x2601E,0x601E,byte-scan,unreached-by-this-method,0x35B7,0x5950,no,,22,2,not listed
0x26022,0x6022,byte-scan,unreached-by-this-method,0x349B,0x5950,no,,23,1,not listed
0x26025,0x6025,byte-scan,unreached-by-this-method,0x3750,0x5950,no,,24,0,not listed
0x2602A,0x602A,byte-scan,mid-instruction,0xFAF9,0x5950,no,,0,24,not listed
0x2602F,0x602F,byte-scan,unreached-by-this-method,0x0F0E,0x5950,no,,24,0,not listed
0x26037,0x6037,byte-scan,unreached-by-this-method,0x35B7,0x5950,no,,24,0,not listed
0x2603B,0x603B,byte-scan,unreached-by-this-method,0x349B,0x5950,no,,23,1,not listed
0x2603E,0x603E,byte-scan,unreached-by-this-method,0x104D,0x5950,no,,24,0,not listed
0x2604D,0x604D,byte-scan,mid-instruction,0x7068,0x5950,no,,0,24,not listed
0x26050,0x6050,byte-scan,unreached-by-this-method,0x34A2,0x5950,no,,24,0,not listed
0x26053,0x6053,byte-scan,unreached-by-this-method,0x349B,0x5950,no,,23,1,not listed
0x26056,0x6056,byte-scan,unreached-by-this-method,0x3918,0x5950,no,,24,0,not listed
0x26059,0x6059,byte-scan,unreached-by-this-method,0x34C9,0x5950,no,,24,0,not listed
0x2605E,0x605E,byte-scan,unreached-by-this-method,0x34A2,0x5950,no,,24,0,not listed
0x26061,0x6061,byte-scan,unreached-by-this-method,0x349B,0x5950,no,,23,1,not listed
0x26064,0x6064,byte-scan,unreached-by-this-method,0x3599,0x5950,no,,24,0,not listed
0x26069,0x6069,byte-scan,unreached-by-this-method,0x34A2,0x5950,no,,24,0,not listed
0x2606C,0x606C,byte-scan,unreached-by-this-method,0x349B,0x5950,no,,23,1,not listed
0x2606F,0x606F,byte-scan,unreached-by-this-method,0x391F,0x5950,no,,24,0,not listed
0x26072,0x6072,byte-scan,unreached-by-this-method,0x359F,0x5950,no,,24,0,not listed
0x26077,0x6077,byte-scan,unreached-by-this-method,0x34A2,0x5950,no,,23,1,not listed
0x2607A,0x607A,byte-scan,unreached-by-this-method,0x349B,0x5950,no,,23,1,not listed
0x2607D,0x607D,byte-scan,unreached-by-this-method,0x390A,0x5950,no,,24,0,not listed
0x26080,0x6080,byte-scan,unreached-by-this-method,0x359F,0x5950,no,,24,0,not listed
0x26085,0x6085,byte-scan,unreached-by-this-method,0x34A2,0x5950,no,,24,0,not listed
0x26088,0x6088,byte-scan,unreached-by-this-method,0x349B,0x5950,no,,23,1,not listed
0x2608B,0x608B,byte-scan,unreached-by-this-method,0x3911,0x5950,no,,24,0,not listed
0x2608E,0x608E,byte-scan,unreached-by-this-method,0x359F,0x5950,no,,22,2,not listed
0x26093,0x6093,byte-scan,unreached-by-this-method,0x34A2,0x5950,no,,23,1,not listed
0x26096,0x6096,byte-scan,unreached-by-this-method,0x349B,0x5950,no,,23,1,not listed
0x26099,0x6099,byte-scan,unreached-by-this-method,0x3727,0x5950,no,,24,0,not listed
0x2609C,0x609C,byte-scan,unreached-by-this-method,0x35A2,0x5950,no,,24,0,not listed
0x260A1,0x60A1,byte-scan,unreached-by-this-method,0x6163,0x5950,no,,24,0,not listed
0x260A5,0x60A5,byte-scan,mid-instruction,0x1261,0x5950,no,,0,24,not listed
0x260A6,0x60A6,byte-scan,unreached-by-this-method,0x616D,0x5950,no,,23,1,not listed
0x260B2,0x60B2,byte-scan,unreached-by-this-method,0xF686,0x5950,no,,23,1,not listed
0x260C0,0x60C0,byte-scan,unreached-by-this-method,0x614C,0x5950,no,,24,0,not listed
0x260C3,0x60C3,byte-scan,unreached-by-this-method,0x34A2,0x5950,no,,24,0,not listed
0x260C6,0x60C6,byte-scan,unreached-by-this-method,0x349B,0x5950,no,,23,1,not listed
0x260C9,0x60C9,byte-scan,unreached-by-this-method,0x3918,0x5950,no,,24,0,not listed
0x260CC,0x60CC,byte-scan,unreached-by-this-method,0x34C9,0x5950,no,,24,0,not listed
0x260D1,0x60D1,byte-scan,unreached-by-this-method,0x34A2,0x5950,no,,24,0,not listed
0x260D4,0x60D4,byte-scan,unreached-by-this-method,0x349B,0x5950,no,,23,1,not listed
0x260D7,0x60D7,byte-scan,unreached-by-this-method,0x3599,0x5950,no,,24,0,not listed
0x260DC,0x60DC,byte-scan,unreached-by-this-method,0x34A2,0x5950,no,,23,1,not listed
0x260DF,0x60DF,byte-scan,unreached-by-this-method,0x349B,0x5950,no,,23,1,not listed
0x260E2,0x60E2,byte-scan,unreached-by-this-method,0x391F,0x5950,no,,24,0,not listed
0x260E5,0x60E5,byte-scan,unreached-by-this-method,0x359F,0x5950,no,,24,0,not listed
0x260EA,0x60EA,byte-scan,unreached-by-this-method,0x34A2,0x5950,no,,23,1,not listed
0x260ED,0x60ED,byte-scan,unreached-by-this-method,0x349B,0x5950,no,,23,1,not listed
0x260F0,0x60F0,byte-scan,unreached-by-this-method,0x390A,0x5950,no,,24,0,not listed
0x260F3,0x60F3,byte-scan,unreached-by-this-method,0x359F,0x5950,no,,24,0,not listed
0x260F8,0x60F8,byte-scan,unreached-by-this-method,0x34A2,0x5950,no,,24,0,not listed
0x260FB,0x60FB,byte-scan,unreached-by-this-method,0x349B,0x5950,no,,23,1,not listed
0x260FE,0x60FE,byte-scan,unreached-by-this-method,0x3911,0x5950,no,,24,0,not listed
0x26101,0x6101,byte-scan,unreached-by-this-method,0x359F,0x5950,no,,22,2,not listed
0x26106,0x6106,byte-scan,unreached-by-this-method,0x34A2,0x5950,no,,24,0,not listed
0x26109,0x6109,byte-scan,unreached-by-this-method,0x349B,0x5950,no,,23,1,not listed
0x2610C,0x610C,byte-scan,unreached-by-this-method,0x3727,0x5950,no,,24,0,not listed
0x2610F,0x610F,byte-scan,unreached-by-this-method,0x35A2,0x5950,no,,24,0,not listed
0x26114,0x6114,byte-scan,unreached-by-this-method,0x6163,0x5950,no,,24,0,not listed
0x26119,0x6119,byte-scan,unreached-by-this-method,0x616D,0x5950,no,,23,1,not listed
0x26124,0x6124,byte-scan,mid-instruction,0x12F6,0x5950,no,,0,24,not listed
0x26125,0x6125,byte-scan,unreached-by-this-method,0xF686,0x5950,no,,23,1,not listed
0x26128,0x6128,byte-scan,unreached-by-this-method,0xF739,0x5950,no,,21,3,not listed
0x2612D,0x612D,byte-scan,mid-instruction,0xFFE4,0x5950,no,,0,24,not listed
0x26143,0x6143,byte-scan,unreached-by-this-method,0x3497,0x5950,no,,24,0,not listed
0x26146,0x6146,byte-scan,unreached-by-this-method,0x1041,0x5950,no,,24,0,not listed
0x26154,0x6154,byte-scan,unreached-by-this-method,0xF5C3,0x5950,no,,24,0,not listed
0x2615E,0x615E,byte-scan,unreached-by-this-method,0xCF2B,0x5950,no,,24,0,not listed
0x26168,0x6168,byte-scan,unreached-by-this-method,0xF5C3,0x5950,no,,24,0,not listed
0x26172,0x6172,byte-scan,unreached-by-this-method,0xCF2B,0x5950,no,,24,0,not listed
0x2617A,0x617A,byte-scan,unreached-by-this-method,0x37AE,0x5950,no,,22,2,not listed
0x2617D,0x617D,byte-scan,unreached-by-this-method,0x11C2,0x5950,no,,20,4,not listed
0x26187,0x6187,byte-scan,mid-instruction,0x6222,0x5950,no,,0,24,not listed
0x261A8,0x61A8,byte-scan,mid-instruction,0xF739,0x5950,no,,0,24,not listed
0x261AE,0x61AE,byte-scan,unreached-by-this-method,0x347B,0x5950,no,,22,2,not listed
0x261B1,0x61B1,byte-scan,unreached-by-this-method,0x104D,0x5950,no,,23,1,not listed
0x261B8,0x61B8,byte-scan,unreached-by-this-method,0x6352,0x5950,no,,24,0,not listed
0x261C0,0x61C0,byte-scan,unreached-by-this-method,0x34DA,0x5950,no,,24,0,not listed
0x261D0,0x61D0,byte-scan,unreached-by-this-method,0x364A,0x5950,no,,24,0,not listed
0x261D3,0x61D3,byte-scan,unreached-by-this-method,0x3958,0x5950,no,,24,0,not listed
0x261DB,0x61DB,byte-scan,unreached-by-this-method,0x34D9,0x5950,no,,22,2,not listed
0x261E1,0x61E1,byte-scan,unreached-by-this-method,0x34C9,0x5950,no,,23,1,not listed
0x261E9,0x61E9,byte-scan,unreached-by-this-method,0x7F00,0x5950,no,,1,23,not listed
0x261F4,0x61F4,byte-scan,unreached-by-this-method,0xF713,0x5950,no,,24,0,not listed
0x261FD,0x61FD,byte-scan,unreached-by-this-method,0x104D,0x5950,no,,24,0,not listed
0x2620A,0x620A,byte-scan,mid-instruction,0x0262,0x5950,no,,0,24,not listed
0x2620B,0x620B,byte-scan,unreached-by-this-method,0x62F5,0x5950,no,,23,1,not listed
0x26211,0x6211,byte-scan,unreached-by-this-method,0x104D,0x5950,no,,24,0,not listed
0x2621F,0x621F,byte-scan,unreached-by-this-method,0x62F5,0x5950,no,,24,0,not listed
0x26224,0x6224,byte-scan,unreached-by-this-method,0x63DE,0x5950,no,,24,0,not listed
0x26229,0x6229,byte-scan,unreached-by-this-method,0x63DD,0x5950,no,,24,0,not listed
0x2622F,0x622F,byte-scan,unreached-by-this-method,0x104D,0x5950,no,,20,4,not listed
0x2623B,0x623B,byte-scan,unreached-by-this-method,0x3A23,0x5950,no,,24,0,not listed
0x2623E,0x623E,byte-scan,unreached-by-this-method,0x7CE0,0x5950,no,,24,0,not listed
0x26246,0x6246,byte-scan,unreached-by-this-method,0xF54D,0x5950,no,,24,0,not listed
0x2624F,0x624F,byte-scan,unreached-by-this-method,0x104D,0x5950,no,,23,1,not listed
0x2625D,0x625D,byte-scan,unreached-by-this-method,0x62F5,0x5950,no,,24,0,not listed
0x26260,0x6260,byte-scan,unreached-by-this-method,0x104D,0x5950,no,,23,1,not listed
0x26270,0x6270,byte-scan,unreached-by-this-method,0x63D8,0x5950,no,,24,0,not listed
0x26276,0x6276,byte-scan,unreached-by-this-method,0x3509,0x5950,no,,20,4,not listed
0x26281,0x6281,byte-scan,unreached-by-this-method,0xF407,0x5950,no,,24,0,not listed
0x26289,0x6289,byte-scan,unreached-by-this-method,0x63DD,0x5950,no,,24,0,not listed
0x2628C,0x628C,byte-scan,unreached-by-this-method,0x63F8,0x5950,no,,22,2,not listed
0x26299,0x6299,byte-scan,mid-instruction,0x7BFF,0x5950,no,,0,24,not listed
0x2629F,0x629F,byte-scan,unreached-by-this-method,0x104D,0x5950,no,,24,0,not listed
0x262AB,0x62AB,byte-scan,unreached-by-this-method,0x63D8,0x5950,no,,24,0,not listed
0x262B0,0x62B0,byte-scan,unreached-by-this-method,0x63DE,0x5950,no,,21,3,not listed
0x262B5,0x62B5,byte-scan,unreached-by-this-method,0x63DD,0x5950,no,,24,0,not listed
0x262B8,0x62B8,byte-scan,unreached-by-this-method,0x63F8,0x5950,no,,22,2,not listed
0x262C5,0x62C5,byte-scan,mid-instruction,0x7BFF,0x5950,no,,0,24,not listed
0x262CB,0x62CB,byte-scan,unreached-by-this-method,0x104D,0x5950,no,,24,0,not listed
0x262D7,0x62D7,byte-scan,unreached-by-this-method,0x63D8,0x5950,no,,24,0,not listed
0x262E1,0x62E1,byte-scan,unreached-by-this-method,0xD013,0x5950,no,,23,1,not listed
0x262E7,0x62E7,byte-scan,unreached-by-this-method,0x104D,0x5950,no,,24,0,not listed
0x262F7,0x62F7,byte-scan,unreached-by-this-method,0x63D8,0x5950,no,,23,1,not listed
0x262FD,0x62FD,byte-scan,unreached-by-this-method,0x38EC,0x5950,no,,19,5,not listed
0x26300,0x6300,byte-scan,unreached-by-this-method,0xF407,0x5950,no,,24,0,not listed
0x2630B,0x630B,byte-scan,unreached-by-this-method,0x104D,0x5950,no,,24,0,not listed
0x26315,0x6315,byte-scan,unreached-by-this-method,0x39AC,0x5950,no,,16,8,not listed
0x26318,0x6318,byte-scan,unreached-by-this-method,0x63D8,0x5950,no,,14,10,not listed
0x26320,0x6320,byte-scan,unreached-by-this-method,0xF75C,0x5950,no,,24,0,not listed
0x2632D,0x632D,byte-scan,mid-instruction,0x7BFF,0x5950,no,,0,24,not listed
0x26333,0x6333,byte-scan,unreached-by-this-method,0x104D,0x5950,no,,24,0,not listed
0x2633F,0x633F,byte-scan,unreached-by-this-method,0x63D8,0x5950,no,,24,0,not listed
0x26342,0x6342,byte-scan,unreached-by-this-method,0xF739,0x5950,no,,22,2,not listed
0x26348,0x6348,byte-scan,unreached-by-this-method,0x347B,0x5950,no,,22,2,not listed
0x2634B,0x634B,byte-scan,unreached-by-this-method,0x104D,0x5950,no,,23,1,not listed
0x26352,0x6352,byte-scan,unreached-by-this-method,0x3519,0x5950,no,,17,7,not listed
0x26355,0x6355,byte-scan,unreached-by-this-method,0x3497,0x5950,no,,24,0,not listed
0x26358,0x6358,byte-scan,unreached-by-this-method,0x104D,0x5950,no,,24,0,not listed
0x2635F,0x635F,byte-scan,unreached-by-this-method,0x3882,0x5950,no,,18,6,not listed
0x26362,0x6362,byte-scan,unreached-by-this-method,0x3497,0x5950,no,,16,8,not listed
0x26365,0x6365,byte-scan,unreached-by-this-method,0x104D,0x5950,no,,24,0,not listed
0x26370,0x6370,byte-scan,unreached-by-this-method,0x357E,0x5950,no,,22,2,not listed
0x26373,0x6373,byte-scan,unreached-by-this-method,0x3497,0x5950,no,,23,1,not listed
0x26376,0x6376,byte-scan,unreached-by-this-method,0x104D,0x5950,no,,24,0,not listed
0x2637D,0x637D,byte-scan,unreached-by-this-method,0x3519,0x5950,no,,24,0,not listed
0x26380,0x6380,byte-scan,unreached-by-this-method,0x3497,0x5950,no,,24,0,not listed
0x26383,0x6383,byte-scan,unreached-by-this-method,0x104D,0x5950,no,,24,0,not listed
0x26391,0x6391,byte-scan,unreached-by-this-method,0x63EC,0x5950,no,,24,0,not listed
0x2639E,0x639E,byte-scan,mid-instruction,0x7BFF,0x5950,no,,0,24,not listed
0x263A4,0x63A4,byte-scan,unreached-by-this-method,0x104D,0x5950,no,,24,0,not listed
0x263B9,0x63B9,byte-scan,unreached-by-this-method,0x63EC,0x5950,no,,23,1,not listed
0x263C6,0x63C6,byte-scan,mid-instruction,0x7BFF,0x5950,no,,0,24,not listed
0x263CC,0x63CC,byte-scan,unreached-by-this-method,0x104D,0x5950,no,,24,0,not listed
0x263DA,0x63DA,byte-scan,unreached-by-this-method,0xCCB7,0x5950,no,,24,0,not listed
0x263E5,0x63E5,byte-scan,unreached-by-this-method,0xF407,0x5950,no,,24,0,not listed
0x263EC,0x63EC,byte-scan,unreached-by-this-method,0xD013,0x5950,no,,24,0,not listed
0x263F4,0x63F4,byte-scan,unreached-by-this-method,0xF75C,0x5950,no,,24,0,not listed
0x263FD,0x63FD,byte-scan,unreached-by-this-method,0xF75C,0x5950,no,,24,0,not listed
0x2640A,0x640A,byte-scan,unreached-by-this-method,0x10E8,0x5950,no,,24,0,not listed
0x26410,0x6410,byte-scan,unreached-by-this-method,0x3544,0x5950,no,,21,3,not listed
0x26413,0x6413,byte-scan,unreached-by-this-method,0x104D,0x5950,no,,23,1,not listed
0x26422,0x6422,byte-scan,unreached-by-this-method,0x3539,0x5950,no,,24,0,not listed
0x26426,0x6426,byte-scan,unreached-by-this-method,0x349B,0x5950,no,,24,0,not listed
0x26442,0x6442,byte-scan,unreached-by-this-method,0x666D,0x5950,no,,24,0,not listed
0x26445,0x6445,byte-scan,unreached-by-this-method,0x35DF,0x5950,no,,24,0,not listed
0x26448,0x6448,byte-scan,unreached-by-this-method,0x384C,0x5950,no,,23,1,not listed
0x26459,0x6459,byte-scan,unreached-by-this-method,0x350B,0x5950,no,,24,0,not listed
0x26462,0x6462,byte-scan,unreached-by-this-method,0x665A,0x5950,no,,24,0,not listed
0x26465,0x6465,byte-scan,unreached-by-this-method,0x0F45,0x5950,no,,24,0,not listed
0x2646A,0x646A,byte-scan,unreached-by-this-method,0x0F1F,0x5950,no,,21,3,not listed
0x26471,0x6471,byte-scan,unreached-by-this-method,0x35CF,0x5950,no,,23,1,not listed
0x26476,0x6476,byte-scan,unreached-by-this-method,0x0F1F,0x5950,no,,24,0,not listed
0x2647F,0x647F,byte-scan,unreached-by-this-method,0x3683,0x5950,no,,23,1,not listed
0x26485,0x6485,byte-scan,unreached-by-this-method,0x35DA,0x5950,no,,24,0,not listed
0x26488,0x6488,byte-scan,unreached-by-this-method,0x38E5,0x5950,no,,23,1,not listed
0x2648F,0x648F,byte-scan,unreached-by-this-method,0x64D2,0x5950,no,,24,0,not listed
0x26497,0x6497,byte-scan,mid-instruction,0x9007,0x5950,no,,0,24,not listed
0x2649D,0x649D,byte-scan,unreached-by-this-method,0x35E2,0x5950,no,,24,0,not listed
0x264A2,0x64A2,byte-scan,unreached-by-this-method,0x3869,0x5950,no,,24,0,not listed
0x264A7,0x64A7,byte-scan,unreached-by-this-method,0x35CF,0x5950,no,,24,0,not listed
0x264AA,0x64AA,byte-scan,unreached-by-this-method,0x3675,0x5950,no,,24,0,not listed
0x264B0,0x64B0,byte-scan,unreached-by-this-method,0x35DA,0x5950,no,,24,0,not listed
0x264B3,0x64B3,byte-scan,unreached-by-this-method,0x38E5,0x5950,no,,23,1,not listed
0x264B8,0x64B8,byte-scan,unreached-by-this-method,0x35E2,0x5950,no,,24,0,not listed
0x264BB,0x64BB,byte-scan,unreached-by-this-method,0x3675,0x5950,no,,24,0,not listed
0x264C6,0x64C6,byte-scan,unreached-by-this-method,0x35D7,0x5950,no,,24,0,not listed
0x264D2,0x64D2,byte-scan,unreached-by-this-method,0x3683,0x5950,no,,24,0,not listed
0x264F3,0x64F3,byte-scan,unreached-by-this-method,0x3895,0x5950,no,,24,0,not listed
0x264F9,0x64F9,byte-scan,unreached-by-this-method,0x665A,0x5950,no,,24,0,not listed
0x264FC,0x64FC,byte-scan,unreached-by-this-method,0x3612,0x5950,no,,24,0,not listed
0x264FE,0x64FE,byte-scan,unreached-by-this-method,0xED12,0x5950,no,,1,23,not listed
0x26500,0x6500,byte-scan,unreached-by-this-method,0x349B,0x5950,no,,22,2,not listed
0x26503,0x6503,byte-scan,unreached-by-this-method,0x3587,0x5950,no,,24,0,not listed
0x26507,0x6507,byte-scan,unreached-by-this-method,0x349B,0x5950,no,,24,0,not listed
0x2650A,0x650A,byte-scan,unreached-by-this-method,0x36AC,0x5950,no,,24,0,not listed
0x26510,0x6510,byte-scan,unreached-by-this-method,0x0D38,0x5950,no,,24,0,not listed
0x26514,0x6514,byte-scan,unreached-by-this-method,0x3896,0x5950,no,,24,0,not listed
0x2651B,0x651B,byte-scan,unreached-by-this-method,0x664C,0x5950,no,,24,0,not listed
0x26522,0x6522,byte-scan,unreached-by-this-method,0x3617,0x5950,no,,24,0,not listed
0x26526,0x6526,byte-scan,unreached-by-this-method,0x349B,0x5950,no,,24,0,not listed
0x26529,0x6529,byte-scan,unreached-by-this-method,0x3587,0x5950,no,,24,0,not listed
0x2652D,0x652D,byte-scan,unreached-by-this-method,0x349B,0x5950,no,,24,0,not listed
0x26530,0x6530,byte-scan,unreached-by-this-method,0x36AC,0x5950,no,,24,0,not listed
0x26536,0x6536,byte-scan,unreached-by-this-method,0x0D38,0x5950,no,,24,0,not listed
0x26539,0x6539,byte-scan,unreached-by-this-method,0x3895,0x5950,no,,24,0,not listed
0x26540,0x6540,byte-scan,unreached-by-this-method,0x664C,0x5950,no,,24,0,not listed
0x26546,0x6546,byte-scan,unreached-by-this-method,0x34D9,0x5950,no,,24,0,not listed
0x2654B,0x654B,byte-scan,mid-instruction,0x1234,0x5950,no,,0,24,not listed
0x2654C,0x654C,byte-scan,unreached-by-this-method,0x34C9,0x5950,no,,23,1,not listed
0x26554,0x6554,byte-scan,unreached-by-this-method,0x7F00,0x5950,no,,1,23,not listed
0x2655C,0x655C,byte-scan,unreached-by-this-method,0x381B,0x5950,no,,24,0,not listed
0x26560,0x6560,byte-scan,unreached-by-this-method,0x353B,0x5950,no,,24,0,not listed
0x26564,0x6564,byte-scan,unreached-by-this-method,0x349B,0x5950,no,,24,0,not listed
0x2657B,0x657B,byte-scan,unreached-by-this-method,0x3855,0x5950,no,,24,0,not listed
0x2657F,0x657F,byte-scan,unreached-by-this-method,0x349B,0x5950,no,,24,0,not listed
0x2658F,0x658F,byte-scan,unreached-by-this-method,0x39BC,0x5950,no,,24,0,not listed
0x26593,0x6593,byte-scan,unreached-by-this-method,0x349B,0x5950,no,,22,2,not listed
0x26596,0x6596,byte-scan,unreached-by-this-method,0x36AC,0x5950,no,,24,0,not listed
0x265A0,0x65A0,byte-scan,unreached-by-this-method,0x0D8F,0x5950,no,,24,0,not listed
0x265A3,0x65A3,byte-scan,unreached-by-this-method,0x65EE,0x5950,no,,22,2,not listed
0x265A6,0x65A6,byte-scan,unreached-by-this-method,0x3612,0x5950,no,,24,0,not listed
0x265A8,0x65A8,byte-scan,unreached-by-this-method,0xED12,0x5950,no,,1,23,not listed
0x265AA,0x65AA,byte-scan,unreached-by-this-method,0x349B,0x5950,no,,22,2,not listed
0x265AD,0x65AD,byte-scan,unreached-by-this-method,0x3587,0x5950,no,,24,0,not listed
0x265B1,0x65B1,byte-scan,unreached-by-this-method,0x349B,0x5950,no,,24,0,not listed
0x265B4,0x65B4,byte-scan,unreached-by-this-method,0x36AC,0x5950,no,,24,0,not listed
0x265BA,0x65BA,byte-scan,unreached-by-this-method,0x0BC4,0x5950,no,,20,4,not listed
0x265C3,0x65C3,byte-scan,unreached-by-this-method,0x39BC,0x5950,no,,24,0,not listed
0x265C7,0x65C7,byte-scan,unreached-by-this-method,0x349B,0x5950,no,,22,2,not listed
0x265CA,0x65CA,byte-scan,unreached-by-this-method,0x36AC,0x5950,no,,24,0,not listed
0x265CD,0x65CD,byte-scan,unreached-by-this-method,0x39C8,0x5950,no,,22,2,not listed
0x265DF,0x65DF,byte-scan,unreached-by-this-method,0x381B,0x5950,no,,24,0,not listed
0x265E2,0x65E2,byte-scan,unreached-by-this-method,0x353B,0x5950,no,,24,0,not listed
0x265E6,0x65E6,byte-scan,unreached-by-this-method,0x349B,0x5950,no,,24,0,not listed
0x26603,0x6603,byte-scan,unreached-by-this-method,0x1260,0x5950,no,,24,0,not listed
0x26604,0x6604,byte-scan,mid-instruction,0x60E4,0x5950,no,,0,24,not listed
0x2660D,0x660D,byte-scan,unreached-by-this-method,0x0E54,0x5950,no,,24,0,not listed
0x26613,0x6613,byte-scan,unreached-by-this-method,0x1041,0x5950,no,,20,4,not listed
0x26616,0x6616,byte-scan,unreached-by-this-method,0x3612,0x5950,no,,18,6,not listed
0x26618,0x6618,byte-scan,unreached-by-this-method,0xED12,0x5950,no,,7,17,not listed
0x2661A,0x661A,byte-scan,unreached-by-this-method,0x349B,0x5950,no,,16,8,not listed
0x2661D,0x661D,byte-scan,unreached-by-this-method,0x3587,0x5950,no,,24,0,not listed
0x26621,0x6621,byte-scan,unreached-by-this-method,0x349B,0x5950,no,,24,0,not listed
0x26624,0x6624,byte-scan,unreached-by-this-method,0x36AC,0x5950,no,,24,0,not listed
0x2662A,0x662A,byte-scan,unreached-by-this-method,0x0F65,0x5950,no,,24,0,not listed
0x26630,0x6630,byte-scan,unreached-by-this-method,0x383A,0x5950,no,,20,4,not listed
0x26635,0x6635,byte-scan,unreached-by-this-method,0x381B,0x5950,no,,24,0,not listed
0x26639,0x6639,byte-scan,unreached-by-this-method,0x353B,0x5950,no,,24,0,not listed
0x2663D,0x663D,byte-scan,unreached-by-this-method,0x349B,0x5950,no,,24,0,not listed
0x26654,0x6654,byte-scan,unreached-by-this-method,0x0CE1,0x5950,no,,24,0,not listed
0x26657,0x6657,byte-scan,unreached-by-this-method,0x64EC,0x5950,no,,22,2,not listed
0x26667,0x6667,byte-scan,unreached-by-this-method,0x0CE1,0x5950,no,,24,0,not listed
0x2666A,0x666A,byte-scan,unreached-by-this-method,0x6435,0x5950,no,,22,2,not listed
0x2667B,0x667B,byte-scan+walk,decoded-lcall,0x3544,0x6673,yes,depth limit at 0x68BD,24,0,not listed
0x2667E,0x667E,byte-scan+walk,decoded-lcall,0x354F,0x6673,yes,depth limit at 0x68BD,23,1,not listed
0x26685,0x6685,byte-scan+walk,decoded-lcall,0x39E6,0x6673,yes,depth limit at 0x68BD,23,1,not listed
0x26688,0x6688,byte-scan+walk,decoded-lcall,0x128D,0x6673,yes,depth limit at 0x68BD,24,0,not listed
0x26689,0x6689,byte-scan,operand,0x8D12,0x6673,yes,,0,24,not listed
0x2668B,0x668B,byte-scan+walk,decoded-lcall,0x36F2,0x6673,yes,depth limit at 0x68BD,22,2,not listed
0x26692,0x6692,byte-scan+walk,decoded-lcall,0xB80E,0x6673,yes,depth limit at 0x68BD,24,0,not listed
0x26699,0x6699,byte-scan+walk,decoded-lcall,0x68CE,0x6673,yes,depth limit at 0x68BD,24,0,not listed
0x2669D,0x669D,byte-scan,operand,0x8039,0x6673,yes,,0,24,not listed
0x266A5,0x66A5,byte-scan+walk,decoded-lcall,0xF22E,0x6673,yes,depth limit at 0x68BD,24,0,not listed
0x266B5,0x66B5,byte-scan,operand,0xE064,0x6673,yes,,1,23,not listed
0x266C2,0x66C2,byte-scan+walk,decoded-lcall,0x36F2,0x6673,yes,depth limit at 0x68BD,24,0,not listed
0x266C9,0x66C9,byte-scan+walk,decoded-lcall,0xB80E,0x6673,yes,depth limit at 0x68BD,24,0,not listed
0x266D2,0x66D2,byte-scan+walk,decoded-lcall,0x68CE,0x6673,yes,depth limit at 0x68BD,24,0,not listed
0x266D6,0x66D6,byte-scan,operand,0x8019,0x6673,yes,,0,24,not listed
0x266E4,0x66E4,byte-scan+walk,decoded-lcall,0xE9E3,0x6673,yes,depth limit at 0x68BD,24,0,not listed
0x266F7,0x66F7,byte-scan,operand,0xFF22,0x6673,yes,,0,24,not listed
0x26739,0x6739,byte-scan+walk,decoded-lcall,0x0FAF,0x6673,yes,depth limit at 0x68BD,24,0,not listed
0x2675B,0x675B,byte-scan,operand,0x0812,0x6673,yes,,2,22,not listed
0x2675D,0x675D,byte-scan+walk,decoded-lcall,0x37DE,0x6673,yes,depth limit at 0x68BD,21,3,not listed
0x26761,0x6761,byte-scan,operand,0xF080,0x6673,yes,,5,19,not listed
0x26765,0x6765,byte-scan+walk,decoded-lcall,0x37DE,0x6673,yes,depth limit at 0x68BD,24,0,not listed
0x2677B,0x677B,byte-scan+walk,decoded-lcall,0x3977,0x6673,yes,depth limit at 0x68BD,24,0,not listed
0x26782,0x6782,byte-scan+walk,decoded-lcall,0x34F2,0x6673,yes,depth limit at 0x68BD,24,0,not listed
0x26786,0x6786,byte-scan+walk,decoded-lcall,0x349B,0x6673,yes,depth limit at 0x68BD,24,0,not listed
0x2678C,0x678C,byte-scan+walk,decoded-lcall,0x362A,0x6673,yes,depth limit at 0x68BD,24,0,not listed
0x26793,0x6793,byte-scan+walk,decoded-lcall,0x3974,0x6673,yes,depth limit at 0x68BD,24,0,not listed
0x2679A,0x679A,byte-scan+walk,decoded-lcall,0x3500,0x6673,yes,depth limit at 0x68BD,24,0,not listed
0x2679E,0x679E,byte-scan+walk,decoded-lcall,0x349B,0x6673,yes,depth limit at 0x68BD,24,0,not listed
0x267A1,0x67A1,byte-scan+walk,decoded-lcall,0x3627,0x6673,yes,depth limit at 0x68BD,24,0,not listed
0x267B5,0x67B5,byte-scan+walk,decoded-lcall,0x352C,0x6673,yes,depth limit at 0x68BD,24,0,not listed
0x267BA,0x67BA,byte-scan+walk,decoded-lcall,0x366E,0x6673,yes,depth limit at 0x68BD,23,1,not listed
0x267BD,0x67BD,byte-scan+walk,decoded-lcall,0xF4AB,0x6673,yes,depth limit at 0x68BD,24,0,not listed
0x267C8,0x67C8,byte-scan+walk,decoded-lcall,0x3974,0x6673,yes,depth limit at 0x68BD,24,0,not listed
0x267CF,0x67CF,byte-scan+walk,decoded-lcall,0x353E,0x6673,yes,depth limit at 0x68BD,24,0,not listed
0x267D3,0x67D3,byte-scan+walk,decoded-lcall,0x349B,0x6673,yes,depth limit at 0x68BD,24,0,not listed
0x267D6,0x67D6,byte-scan+walk,decoded-lcall,0x3627,0x6673,yes,depth limit at 0x68BD,24,0,not listed
0x267E0,0x67E0,byte-scan+walk,decoded-lcall,0x34EF,0x6673,yes,depth limit at 0x68BD,24,0,not listed
0x267E4,0x67E4,byte-scan+walk,decoded-lcall,0x349B,0x6673,yes,depth limit at 0x68BD,24,0,not listed
0x267EF,0x67EF,byte-scan,operand,0xFF22,0x6673,yes,,0,24,not listed
0x267FE,0x67FE,byte-scan+walk,decoded-lcall,0xCB2A,0x6673,yes,depth limit at 0x68BD,24,0,not listed
0x26819,0x6819,byte-scan+walk,decoded-lcall,0x3509,0x6673,yes,depth limit at 0x68BD,21,3,not listed
0x2682E,0x682E,byte-scan,unreached-by-this-method,0x3706,0x6673,yes,,24,0,not listed
0x26841,0x6841,byte-scan,unreached-by-this-method,0xADAB,0x6673,yes,,24,0,not listed
0x26844,0x6844,byte-scan,unreached-by-this-method,0x68CB,0x6673,yes,,23,1,not listed
0x2684B,0x684B,byte-scan+walk,decoded-lcall,0x350B,0x6673,yes,depth limit at 0x68BD,24,0,not listed
0x26863,0x6863,byte-scan,unreached-by-this-method,0x3494,0x6673,yes,,24,0,not listed
0x26866,0x6866,byte-scan,unreached-by-this-method,0x104D,0x6673,yes,,23,1,not listed
0x26873,0x6873,byte-scan,unreached-by-this-method,0x39E6,0x6673,yes,,24,0,not listed
0x26879,0x6879,byte-scan,unreached-by-this-method,0x10E8,0x6673,yes,,24,0,not listed
0x26884,0x6884,byte-scan,unreached-by-this-method,0xEA3B,0x6673,yes,,24,0,not listed
0x2689D,0x689D,byte-scan,unreached-by-this-method,0x39E7,0x6673,yes,,23,1,not listed
0x268A3,0x68A3,byte-scan,unreached-by-this-method,0x10E8,0x6673,yes,,24,0,not listed
0x268B8,0x68B8,byte-scan,unreached-by-this-method,0x1EFE,0x6673,no,,24,0,not listed
0x268C8,0x68C8,byte-scan,unreached-by-this-method,0x133F,0x6673,no,,24,0,not listed
0x268DD,0x68DD,byte-scan+walk,decoded-lcall,0xF22E,0x68CE,yes,ret,24,0,not listed
0x268F1,0x68F1,byte-scan,unreached-by-this-method,0x8727,0x68CE,no,,24,0,not listed
0x268FD,0x68FD,byte-scan,unreached-by-this-method,0x872B,0x68CE,no,,22,2,not listed
0x26907,0x6907,byte-scan,unreached-by-this-method,0x8885,0x68CE,no,,24,0,not listed
0x2690A,0x690A,byte-scan,unreached-by-this-method,0x872B,0x68CE,no,,23,1,not listed
0x26918,0x6918,byte-scan,unreached-by-this-method,0x6B0B,0x68CE,no,,24,0,not listed
0x2691E,0x691E,byte-scan,unreached-by-this-method,0xD896,0x68CE,no,,23,1,not listed
0x26921,0x6921,byte-scan,unreached-by-this-method,0x885B,0x68CE,no,,24,0,not listed
0x2692C,0x692C,byte-scan,unreached-by-this-method,0x878E,0x68CE,no,,24,0,not listed
0x2692F,0x692F,byte-scan,unreached-by-this-method,0x87CA,0x68CE,no,,23,1,not listed
0x26938,0x6938,byte-scan,unreached-by-this-method,0xE4FF,0x68CE,no,,1,23,not listed
0x26940,0x6940,byte-scan,unreached-by-this-method,0x0F32,0x68CE,no,,24,0,not listed
0x26946,0x6946,byte-scan,mid-instruction,0xD001,0x68CE,no,,0,24,not listed
0x2694B,0x694B,byte-scan,unreached-by-this-method,0x0EF3,0x68CE,no,,24,0,not listed
0x2695A,0x695A,byte-scan,unreached-by-this-method,0x878E,0x68CE,no,,24,0,not listed
0x26960,0x6960,byte-scan,unreached-by-this-method,0x87CD,0x68CE,no,,24,0,not listed
0x26969,0x6969,byte-scan,unreached-by-this-method,0xE4FF,0x68CE,no,,1,23,not listed
0x26971,0x6971,byte-scan,unreached-by-this-method,0x0F32,0x68CE,no,,24,0,not listed
0x26977,0x6977,byte-scan,mid-instruction,0xD001,0x68CE,no,,0,24,not listed
0x2697C,0x697C,byte-scan,unreached-by-this-method,0x0EF3,0x68CE,no,,24,0,not listed
0x26987,0x6987,byte-scan,unreached-by-this-method,0x8782,0x68CE,no,,24,0,not listed
0x2698A,0x698A,byte-scan,unreached-by-this-method,0x872B,0x68CE,no,,23,1,not listed
0x2698D,0x698D,byte-scan,unreached-by-this-method,0x886D,0x68CE,no,,24,0,not listed
0x26990,0x6990,byte-scan,unreached-by-this-method,0x8759,0x68CE,no,,24,0,not listed
0x26996,0x6996,byte-scan,unreached-by-this-method,0x6A23,0x68CE,no,,24,0,not listed
0x26999,0x6999,byte-scan,unreached-by-this-method,0x8782,0x68CE,no,,24,0,not listed
0x2699C,0x699C,byte-scan,unreached-by-this-method,0x872B,0x68CE,no,,23,1,not listed
0x2699F,0x699F,byte-scan,unreached-by-this-method,0x881E,0x68CE,no,,24,0,not listed
0x269A9,0x69A9,byte-scan,unreached-by-this-method,0x6A56,0x68CE,no,,24,0,not listed
0x269B0,0x69B0,byte-scan,unreached-by-this-method,0x6B02,0x68CE,no,,24,0,not listed
0x269B2,0x69B2,byte-scan,unreached-by-this-method,0x1287,0x68CE,no,,1,23,not listed
0x269B3,0x69B3,byte-scan,unreached-by-this-method,0x8782,0x68CE,no,,22,2,not listed
0x269B6,0x69B6,byte-scan,unreached-by-this-method,0x872B,0x68CE,no,,21,3,not listed
0x269B9,0x69B9,byte-scan,unreached-by-this-method,0x8736,0x68CE,no,,24,0,not listed
0x269BC,0x69BC,byte-scan,unreached-by-this-method,0x87A2,0x68CE,no,,24,0,not listed
0x269C1,0x69C1,byte-scan,unreached-by-this-method,0x0F32,0x68CE,no,,24,0,not listed
0x269CC,0x69CC,byte-scan,unreached-by-this-method,0x8782,0x68CE,no,,24,0,not listed
0x269CF,0x69CF,byte-scan,unreached-by-this-method,0x872B,0x68CE,no,,23,1,not listed
0x269D2,0x69D2,byte-scan,unreached-by-this-method,0x881E,0x68CE,no,,24,0,not listed
0x269DC,0x69DC,byte-scan,unreached-by-this-method,0x6A2B,0x68CE,no,,24,0,not listed
0x269DF,0x69DF,byte-scan,unreached-by-this-method,0x8782,0x68CE,no,,24,0,not listed
0x269E2,0x69E2,byte-scan,unreached-by-this-method,0x872B,0x68CE,no,,23,1,not listed
0x269E5,0x69E5,byte-scan,unreached-by-this-method,0x8736,0x68CE,no,,24,0,not listed
0x269E8,0x69E8,byte-scan,unreached-by-this-method,0x87A2,0x68CE,no,,24,0,not listed
0x269ED,0x69ED,byte-scan,unreached-by-this-method,0x0F32,0x68CE,no,,24,0,not listed
0x269FB,0x69FB,byte-scan,unreached-by-this-method,0x8723,0x68CE,no,,24,0,not listed
0x269FE,0x69FE,byte-scan,unreached-by-this-method,0x8765,0x68CE,no,,24,0,not listed
0x26A04,0x6A04,byte-scan,mid-instruction,0xD001,0x68CE,no,,0,24,not listed
0x26A09,0x6A09,byte-scan,unreached-by-this-method,0x0EF3,0x68CE,no,,24,0,not listed
0x26A14,0x6A14,byte-scan,unreached-by-this-method,0x8782,0x68CE,no,,24,0,not listed
0x26A17,0x6A17,byte-scan,unreached-by-this-method,0x872B,0x68CE,no,,23,1,not listed
0x26A1A,0x6A1A,byte-scan,unreached-by-this-method,0x886D,0x68CE,no,,24,0,not listed
0x26A1D,0x6A1D,byte-scan,unreached-by-this-method,0x8759,0x68CE,no,,24,0,not listed
0x26A23,0x6A23,byte-scan,unreached-by-this-method,0x874A,0x68CE,no,,22,2,not listed
0x26A26,0x6A26,byte-scan,unreached-by-this-method,0x87A2,0x68CE,no,,24,0,not listed
0x26A2B,0x6A2B,byte-scan,unreached-by-this-method,0x0F32,0x68CE,no,,24,0,not listed
0x26A31,0x6A31,byte-scan,mid-instruction,0xD001,0x68CE,no,,0,24,not listed
0x26A36,0x6A36,byte-scan,unreached-by-this-method,0x0EF3,0x68CE,no,,24,0,not listed
0x26A41,0x6A41,byte-scan,unreached-by-this-method,0x8782,0x68CE,no,,24,0,not listed
0x26A44,0x6A44,byte-scan,unreached-by-this-method,0x872B,0x68CE,no,,23,1,not listed
0x26A47,0x6A47,byte-scan,unreached-by-this-method,0x886D,0x68CE,no,,24,0,not listed
0x26A4E,0x6A4E,byte-scan,unreached-by-this-method,0x8740,0x68CE,no,,22,2,not listed
0x26A53,0x6A53,byte-scan,unreached-by-this-method,0x6AD4,0x68CE,no,,24,0,not listed
0x26A56,0x6A56,byte-scan,unreached-by-this-method,0x8782,0x68CE,no,,24,0,not listed
0x26A59,0x6A59,byte-scan,unreached-by-this-method,0x872B,0x68CE,no,,23,1,not listed
0x26A5C,0x6A5C,byte-scan,unreached-by-this-method,0x8736,0x68CE,no,,24,0,not listed
0x26A61,0x6A61,byte-scan,unreached-by-this-method,0x87A4,0x68CE,no,,23,1,not listed
0x26A66,0x6A66,byte-scan,unreached-by-this-method,0x0F32,0x68CE,no,,23,1,not listed
0x26A71,0x6A71,byte-scan,unreached-by-this-method,0x8782,0x68CE,no,,24,0,not listed
0x26A74,0x6A74,byte-scan,unreached-by-this-method,0x872B,0x68CE,no,,23,1,not listed
0x26A77,0x6A77,byte-scan,unreached-by-this-method,0x8765,0x68CE,no,,24,0,not listed
0x26A81,0x6A81,byte-scan,mid-instruction,0xD001,0x68CE,no,,0,24,not listed
0x26A86,0x6A86,byte-scan,unreached-by-this-method,0x0EF3,0x68CE,no,,24,0,not listed
0x26A91,0x6A91,byte-scan,unreached-by-this-method,0x8782,0x68CE,no,,24,0,not listed
0x26A94,0x6A94,byte-scan,unreached-by-this-method,0x872B,0x68CE,no,,23,1,not listed
0x26A97,0x6A97,byte-scan,unreached-by-this-method,0x886D,0x68CE,no,,24,0,not listed
0x26A9A,0x6A9A,byte-scan,unreached-by-this-method,0x8759,0x68CE,no,,24,0,not listed
0x26AA0,0x6AA0,byte-scan,unreached-by-this-method,0x874A,0x68CE,no,,22,2,not listed
0x26AA5,0x6AA5,byte-scan,unreached-by-this-method,0x87A4,0x68CE,no,,23,1,not listed
0x26AAA,0x6AAA,byte-scan,unreached-by-this-method,0x0F32,0x68CE,no,,24,0,not listed
0x26AB0,0x6AB0,byte-scan,mid-instruction,0xD001,0x68CE,no,,0,24,not listed
0x26AB5,0x6AB5,byte-scan,unreached-by-this-method,0x0EF3,0x68CE,no,,24,0,not listed
0x26AC0,0x6AC0,byte-scan,unreached-by-this-method,0x8782,0x68CE,no,,24,0,not listed
0x26AC3,0x6AC3,byte-scan,unreached-by-this-method,0x872B,0x68CE,no,,23,1,not listed
0x26AC6,0x6AC6,byte-scan,unreached-by-this-method,0x886D,0x68CE,no,,24,0,not listed
0x26AC9,0x6AC9,byte-scan,unreached-by-this-method,0x8759,0x68CE,no,,24,0,not listed
0x26ACF,0x6ACF,byte-scan,unreached-by-this-method,0x874A,0x68CE,no,,22,2,not listed
0x26AD4,0x6AD4,byte-scan,unreached-by-this-method,0x87A4,0x68CE,no,,24,0,not listed
0x26ADA,0x6ADA,byte-scan,mid-instruction,0xD001,0x68CE,no,,0,24,not listed
0x26ADF,0x6ADF,byte-scan,unreached-by-this-method,0x0EF3,0x68CE,no,,24,0,not listed
0x26AE9,0x6AE9,byte-scan,unreached-by-this-method,0x87E1,0x68CE,no,,22,2,not listed
0x26AED,0x6AED,byte-scan,unreached-by-this-method,0x872F,0x68CE,no,,24,0,not listed
0x26AFF,0x6AFF,byte-scan,unreached-by-this-method,0x887F,0x68CE,no,,24,0,not listed
0x26B08,0x6B08,byte-scan,unreached-by-this-method,0x6907,0x68CE,no,,24,0,not listed
0x26B12,0x6B12,byte-scan,unreached-by-this-method,0xEBE4,0x68CE,no,,24,0,not listed
0x26B15,0x6B15,byte-scan,unreached-by-this-method,0x8885,0x68CE,no,,24,0,not listed
0x26B18,0x6B18,byte-scan,unreached-by-this-method,0x872B,0x68CE,no,,23,1,not listed
0x26B1F,0x6B1F,byte-scan,unreached-by-this-method,0x889B,0x68CE,no,,24,0,not listed
0x26B28,0x6B28,byte-scan,unreached-by-this-method,0x8891,0x68CE,no,,24,0,not listed
0x26B3C,0x6B3C,byte-scan,unreached-by-this-method,0x821B,0x68CE,no,,24,0,not listed
0x26B45,0x6B45,byte-scan,unreached-by-this-method,0x9CFD,0x68CE,no,,24,0,not listed
0x26B48,0x6B48,byte-scan,unreached-by-this-method,0x9C1B,0x68CE,no,,24,0,not listed
0x26B4C,0x6B4C,byte-scan,unreached-by-this-method,0x119C,0x68CE,no,,24,0,not listed
0x26B6B,0x6B6B,byte-scan,mid-instruction,0x9C64,0x68CE,no,,0,24,not listed
0x26B71,0x6B71,byte-scan,unreached-by-this-method,0x9C1B,0x68CE,no,,2,22,not listed
0x26B78,0x6B78,byte-scan,unreached-by-this-method,0x6D88,0x68CE,no,,24,0,not listed
0x26B82,0x6B82,byte-scan,unreached-by-this-method,0x9C1B,0x68CE,no,,24,0,not listed
0x26B8A,0x6B8A,byte-scan,unreached-by-this-method,0xE658,0x68CE,no,,23,1,not listed
0x26B8D,0x6B8D,byte-scan,unreached-by-this-method,0x9C64,0x68CE,no,,24,0,not listed
0x26B93,0x6B93,byte-scan,unreached-by-this-method,0x9C1B,0x68CE,no,,20,4,not listed
0x26B9C,0x6B9C,byte-scan,unreached-by-this-method,0x6D14,0x68CE,no,,23,1,not listed
0x26B9F,0x6B9F,byte-scan,unreached-by-this-method,0x9C64,0x68CE,no,,24,0,not listed
0x26BA5,0x6BA5,byte-scan,unreached-by-this-method,0x9C1B,0x68CE,no,,24,0,not listed
0x26BB2,0x6BB2,byte-scan,unreached-by-this-method,0x6D88,0x68CE,no,,24,0,not listed
0x26BB7,0x6BB7,byte-scan,unreached-by-this-method,0x6D14,0x68CE,no,,24,0,not listed
0x26BBD,0x6BBD,byte-scan,unreached-by-this-method,0x9C13,0x68CE,no,,22,2,not listed
0x26BC4,0x6BC4,byte-scan,unreached-by-this-method,0x0FAF,0x68CE,no,,23,1,not listed
0x26BC9,0x6BC9,byte-scan,mid-instruction,0xFFEC,0x68CE,no,,0,24,not listed
0x26BD0,0x6BD0,byte-scan,unreached-by-this-method,0x1041,0x68CE,no,,24,0,not listed
0x26BD3,0x6BD3,byte-scan,unreached-by-this-method,0x9CF3,0x68CE,no,,22,2,not listed
0x26BD8,0x6BD8,byte-scan,unreached-by-this-method,0xC901,0x68CE,no,,24,0,not listed
0x26BE5,0x6BE5,byte-scan,unreached-by-this-method,0x6D83,0x68CE,no,,24,0,not listed
0x26BE8,0x6BE8,byte-scan,unreached-by-this-method,0x9C64,0x68CE,no,,24,0,not listed
0x26BEE,0x6BEE,byte-scan,unreached-by-this-method,0x9C1B,0x68CE,no,,20,4,not listed
0x26BF6,0x6BF6,byte-scan,unreached-by-this-method,0x9CEB,0x68CE,no,,23,1,not listed
0x26BF9,0x6BF9,byte-scan,unreached-by-this-method,0x9C1B,0x68CE,no,,24,0,not listed
0x26C04,0x6C04,byte-scan,unreached-by-this-method,0xC901,0x68CE,no,,24,0,not listed
0x26C07,0x6C07,byte-scan,unreached-by-this-method,0x9C64,0x68CE,no,,22,2,not listed
0x26C0D,0x6C0D,byte-scan,unreached-by-this-method,0x9C1B,0x68CE,no,,18,6,not listed
0x26C10,0x6C10,byte-scan,unreached-by-this-method,0x9CAF,0x68CE,no,,24,0,not listed
0x26C16,0x6C16,byte-scan,unreached-by-this-method,0x9C1B,0x68CE,no,,20,4,not listed
0x26C1E,0x6C1E,byte-scan,unreached-by-this-method,0xD498,0x68CE,no,,24,0,not listed
0x26C2C,0x6C2C,byte-scan,unreached-by-this-method,0x9C4D,0x68CE,no,,22,2,not listed
0x26C32,0x6C32,byte-scan,unreached-by-this-method,0x9D39,0x68CE,no,,24,0,not listed
0x26C35,0x6C35,byte-scan,unreached-by-this-method,0x9C4D,0x68CE,no,,24,0,not listed
0x26C41,0x6C41,byte-scan,unreached-by-this-method,0x9C4D,0x68CE,no,,22,2,not listed
0x26C49,0x6C49,byte-scan,unreached-by-this-method,0x9C64,0x68CE,no,,24,0,not listed
0x26C4F,0x6C4F,byte-scan,unreached-by-this-method,0x9C1B,0x68CE,no,,20,4,not listed
0x26C6D,0x6C6D,byte-scan,unreached-by-this-method,0x8EB3,0x68CE,no,,22,2,not listed
0x26C77,0x6C77,byte-scan,unreached-by-this-method,0x6D83,0x68CE,no,,24,0,not listed
0x26C7A,0x6C7A,byte-scan,unreached-by-this-method,0x9C64,0x68CE,no,,24,0,not listed
0x26C80,0x6C80,byte-scan,unreached-by-this-method,0x9C1B,0x68CE,no,,24,0,not listed
0x26C83,0x6C83,byte-scan,unreached-by-this-method,0x0FAF,0x68CE,no,,24,0,not listed
0x26C87,0x6C87,byte-scan,unreached-by-this-method,0x9C82,0x68CE,no,,24,0,not listed
0x26C8C,0x6C8C,byte-scan,unreached-by-this-method,0xF739,0x68CE,no,,24,0,not listed
0x26C8F,0x6C8F,byte-scan,unreached-by-this-method,0x9C64,0x68CE,no,,24,0,not listed
0x26C95,0x6C95,byte-scan,unreached-by-this-method,0x9C1B,0x68CE,no,,24,0,not listed
0x26CA3,0x6CA3,byte-scan,unreached-by-this-method,0x9C1B,0x68CE,no,,22,2,not listed
0x26CAD,0x6CAD,byte-scan,unreached-by-this-method,0x9CA4,0x68CE,no,,22,2,not listed
0x26CB0,0x6CB0,byte-scan,unreached-by-this-method,0x9CC9,0x68CE,no,,24,0,not listed
0x26CC5,0x6CC5,byte-scan,unreached-by-this-method,0x821B,0x68CE,no,,24,0,not listed
0x26CD0,0x6CD0,byte-scan,unreached-by-this-method,0xE725,0x68CE,no,,24,0,not listed
0x26CD3,0x6CD3,byte-scan,unreached-by-this-method,0x9C64,0x68CE,no,,22,2,not listed
0x26CD9,0x6CD9,byte-scan,unreached-by-this-method,0x9C1B,0x68CE,no,,18,6,not listed
0x26CDC,0x6CDC,byte-scan,unreached-by-this-method,0x9CAF,0x68CE,no,,24,0,not listed
0x26CE2,0x6CE2,byte-scan,unreached-by-this-method,0x9C1B,0x68CE,no,,20,4,not listed
0x26CF2,0x6CF2,byte-scan,mid-instruction,0x7F01,0x68CE,no,,0,24,not listed
0x26D01,0x6D01,byte-scan,unreached-by-this-method,0xF739,0x68CE,no,,24,0,not listed
0x26D04,0x6D04,byte-scan,unreached-by-this-method,0x9CDD,0x68CE,no,,24,0,not listed
0x26D0A,0x6D0A,byte-scan,unreached-by-this-method,0x9C34,0x68CE,no,,20,4,not listed
0x26D0D,0x6D0D,byte-scan,unreached-by-this-method,0x1041,0x68CE,no,,18,6,not listed
0x26D14,0x6D14,byte-scan,unreached-by-this-method,0x6D83,0x68CE,no,,24,0,not listed
0x26D1E,0x6D1E,byte-scan,unreached-by-this-method,0x6D83,0x68CE,no,,24,0,not listed
0x26D21,0x6D21,byte-scan,unreached-by-this-method,0xF739,0x68CE,no,,24,0,not listed
0x26D27,0x6D27,byte-scan,unreached-by-this-method,0x9C56,0x68CE,no,,22,2,not listed
0x26D2D,0x6D2D,byte-scan,unreached-by-this-method,0x9C1B,0x68CE,no,,24,0,not listed
0x26D30,0x6D30,byte-scan,unreached-by-this-method,0x9D17,0x68CE,no,,24,0,not listed
0x26D33,0x6D33,byte-scan,unreached-by-this-method,0x9C82,0x68CE,no,,24,0,not listed
0x26D41,0x6D41,byte-scan,unreached-by-this-method,0x9CF3,0x68CE,no,,23,1,not listed
0x26D46,0x6D46,byte-scan,unreached-by-this-method,0x9C64,0x68CE,no,,24,0,not listed
0x26D4C,0x6D4C,byte-scan,unreached-by-this-method,0x9C1B,0x68CE,no,,20,4,not listed
0x26D7D,0x6D7D,byte-scan,unreached-by-this-method,0xCEB4,0x68CE,no,,24,0,not listed
0x26D80,0x6D80,byte-scan,unreached-by-this-method,0x9CF3,0x68CE,no,,22,2,not listed
0x26D85,0x6D85,byte-scan,unreached-by-this-method,0xC901,0x68CE,no,,24,0,not listed
0x26D9F,0x6D9F,byte-scan,unreached-by-this-method,0x87C3,0x68CE,no,,24,0,not listed
0x26DA2,0x6DA2,byte-scan,unreached-by-this-method,0x87C3,0x68CE,no,,24,0,not listed
0x26DA5,0x6DA5,byte-scan,unreached-by-this-method,0x87C3,0x68CE,no,,24,0,not listed
0x26DB0,0x6DB0,byte-scan,unreached-by-this-method,0x0FAF,0x68CE,no,,24,0,not listed
0x26DBF,0x6DBF,byte-scan,unreached-by-this-method,0x0FAF,0x68CE,no,,24,0,not listed
0x26DCE,0x6DCE,byte-scan,unreached-by-this-method,0x0DC9,0x68CE,no,,24,0,not listed
0x26DEF,0x6DEF,byte-scan,unreached-by-this-method,0x8802,0x68CE,no,,22,2,not listed
0x26DF1,0x6DF1,byte-scan,mid-instruction,0xEE12,0x68CE,no,,0,24,not listed
0x26DF3,0x6DF3,byte-scan,unreached-by-this-method,0x872F,0x68CE,no,,23,1,not listed
0x26DF6,0x6DF6,byte-scan,unreached-by-this-method,0x10C8,0x68CE,no,,24,0,not listed
0x26DFC,0x6DFC,byte-scan,unreached-by-this-method,0x0D38,0x68CE,no,,21,3,not listed
0x26E09,0x6E09,byte-scan,unreached-by-this-method,0x6E5C,0x68CE,no,,24,0,not listed
0x26E14,0x6E14,byte-scan,unreached-by-this-method,0x884E,0x68CE,no,,24,0,not listed
0x26E17,0x6E17,byte-scan,unreached-by-this-method,0x872F,0x68CE,no,,24,0,not listed
0x26E1A,0x6E1A,byte-scan,unreached-by-this-method,0x87F6,0x68CE,no,,24,0,not listed
0x26E1E,0x6E1E,byte-scan,unreached-by-this-method,0x872F,0x68CE,no,,24,0,not listed
0x26E21,0x6E21,byte-scan,unreached-by-this-method,0x883F,0x68CE,no,,24,0,not listed
0x26E37,0x6E37,byte-scan,unreached-by-this-method,0x8850,0x68CE,no,,24,0,not listed
0x26E3A,0x6E3A,byte-scan,unreached-by-this-method,0x872F,0x68CE,no,,23,1,not listed
0x26E3D,0x6E3D,byte-scan,unreached-by-this-method,0x87F6,0x68CE,no,,24,0,not listed
0x26E41,0x6E41,byte-scan,unreached-by-this-method,0x872F,0x68CE,no,,24,0,not listed
0x26E44,0x6E44,byte-scan,unreached-by-this-method,0x883F,0x68CE,no,,24,0,not listed
0x26E6F,0x6E6F,byte-scan,mid-instruction,0x8004,0x68CE,no,,0,24,not listed
0x26E91,0x6E91,byte-scan,unreached-by-this-method,0x872B,0x68CE,no,,24,0,not listed
0x26EA5,0x6EA5,byte-scan,unreached-by-this-method,0x87ED,0x68CE,no,,24,0,not listed
0x26EB0,0x6EB0,byte-scan,unreached-by-this-method,0x87E8,0x68CE,no,,24,0,not listed
0x26EB6,0x6EB6,byte-scan,mid-instruction,0xD001,0x68CE,no,,0,24,not listed
0x26EBB,0x6EBB,byte-scan,unreached-by-this-method,0x0EF3,0x68CE,no,,24,0,not listed
0x26EC0,0x6EC0,byte-scan,mid-instruction,0xFCC0,0x68CE,no,,0,24,not listed
0x26ECD,0x6ECD,byte-scan,unreached-by-this-method,0x8837,0x68CE,no,,24,0,not listed
0x26ED2,0x6ED2,byte-scan,unreached-by-this-method,0x87A4,0x68CE,no,,24,0,not listed
0x26ED7,0x6ED7,byte-scan,unreached-by-this-method,0x0F32,0x68CE,no,,24,0,not listed
0x26EDD,0x6EDD,byte-scan,mid-instruction,0xD001,0x68CE,no,,0,24,not listed
0x26EE2,0x6EE2,byte-scan,unreached-by-this-method,0x0EF3,0x68CE,no,,24,0,not listed
0x26EEA,0x6EEA,byte-scan,unreached-by-this-method,0x8831,0x68CE,no,,24,0,not listed
0x26EF8,0x6EF8,byte-scan,unreached-by-this-method,0x885D,0x68CE,no,,24,0,not listed
0x26F03,0x6F03,byte-scan,unreached-by-this-method,0x87E8,0x68CE,no,,24,0,not listed
0x26F09,0x6F09,byte-scan,mid-instruction,0xD001,0x68CE,no,,0,24,not listed
0x26F0E,0x6F0E,byte-scan,unreached-by-this-method,0x0EF3,0x68CE,no,,24,0,not listed
0x26F13,0x6F13,byte-scan,mid-instruction,0xFCC0,0x68CE,no,,0,24,not listed
0x26F20,0x6F20,byte-scan,unreached-by-this-method,0x8837,0x68CE,no,,24,0,not listed
0x26F25,0x6F25,byte-scan,unreached-by-this-method,0x87A4,0x68CE,no,,24,0,not listed
0x26F2A,0x6F2A,byte-scan,unreached-by-this-method,0x0F32,0x68CE,no,,24,0,not listed
0x26F30,0x6F30,byte-scan,mid-instruction,0xD001,0x68CE,no,,0,24,not listed
0x26F35,0x6F35,byte-scan,unreached-by-this-method,0x0EF3,0x68CE,no,,24,0,not listed
0x26F3B,0x6F3B,byte-scan,unreached-by-this-method,0x8831,0x68CE,no,,24,0,not listed
0x26F40,0x6F40,byte-scan,unreached-by-this-method,0x87A4,0x68CE,no,,24,0,not listed
0x26F45,0x6F45,byte-scan,unreached-by-this-method,0x0EF3,0x68CE,no,,24,0,not listed
0x26F48,0x6F48,byte-scan,unreached-by-this-method,0x87DA,0x68CE,no,,24,0,not listed
0x26F4C,0x6F4C,byte-scan,unreached-by-this-method,0x872F,0x68CE,no,,24,0,not listed
0x26F4F,0x6F4F,byte-scan,unreached-by-this-method,0x1041,0x68CE,no,,24,0,not listed
0x26F52,0x6F52,byte-scan,unreached-by-this-method,0x87DA,0x68CE,no,,22,2,not listed
0x26F56,0x6F56,byte-scan,unreached-by-this-method,0x872F,0x68CE,no,,24,0,not listed
0x26F59,0x6F59,byte-scan,unreached-by-this-method,0x0FAF,0x68CE,no,,24,0,not listed
0x26F5F,0x6F5F,byte-scan,unreached-by-this-method,0x887B,0x68CE,no,,20,4,not listed
0x26F62,0x6F62,byte-scan,unreached-by-this-method,0x87DA,0x68CE,no,,23,1,not listed
0x26F66,0x6F66,byte-scan,unreached-by-this-method,0x872F,0x68CE,no,,24,0,not listed
0x26F69,0x6F69,byte-scan,unreached-by-this-method,0x0FAF,0x68CE,no,,24,0,not listed
0x26F6F,0x6F6F,byte-scan,unreached-by-this-method,0x887B,0x68CE,no,,24,0,not listed
0x26F77,0x6F77,byte-scan,unreached-by-this-method,0x889B,0x68CE,no,,24,0,not listed
0x26F80,0x6F80,byte-scan,unreached-by-this-method,0x8891,0x68CE,no,,24,0,not listed
0x26F88,0x6F88,byte-scan,unreached-by-this-method,0x8866,0x68CE,no,,24,0,not listed
0x26F92,0x6F92,byte-scan,unreached-by-this-method,0x821B,0x68CE,no,,24,0,not listed
0x26F99,0x6F99,byte-scan+walk,decoded-lcall,0x122F,0x6F96,yes,next listing boundary,24,0,not listed
0x26F9A,0x6F9A,byte-scan,operand,0x2F12,0x6F96,yes,,0,24,not listed
0x26F9C,0x6F9C,byte-scan+walk,decoded-lcall,0x10E8,0x6F96,no,next listing boundary,23,1,not listed
0x26FA2,0x6FA2,byte-scan+walk,decoded-lcall,0x122F,0x6F96,no,next listing boundary,24,0,not listed
0x26FA3,0x6FA3,byte-scan,operand,0x2FEF,0x6F96,no,,0,24,not listed
0x26FC1,0x6FC1,byte-scan+walk,decoded-lcall,0x1253,0x6FAF,no,next listing boundary,24,0,not listed
0x26FC2,0x6FC2,byte-scan,operand,0x53E0,0x6FAF,no,,0,24,not listed
0x26FDB,0x6FDB,byte-scan+walk,decoded-lcall,0x10BC,0x6FD5,yes,tail jump to a callee,24,0,not listed
0x26FF4,0x6FF4,byte-scan+walk,decoded-lcall,0x10BC,0x6FD5,no,tail jump to a callee,24,0,not listed
0x26FFE,0x6FFE,byte-scan+walk,decoded-lcall,0x10C8,0x6FD5,no,tail jump to a callee,24,0,not listed
0x2700A,0x700A,byte-scan+walk,decoded-ljmp,0x0D38,0x6FD5,no,tail jump to a callee,24,0,not listed
0x27017,0x7017,byte-scan+walk,decoded-lcall,0x10E8,0x7014,yes,ret,22,2,not listed
0x27035,0x7035,byte-scan+walk,decoded-lcall,0x122F,0x7021,yes,next listing boundary,24,0,not listed
0x27036,0x7036,byte-scan,operand,0x2F12,0x7021,yes,,0,24,not listed
0x27038,0x7038,byte-scan+walk,decoded-lcall,0x10E8,0x7021,no,next listing boundary,23,1,not listed
0x27048,0x7048,byte-scan+walk,decoded-lcall,0x122F,0x7045,yes,tail jump to a callee,24,0,not listed
0x27049,0x7049,byte-scan,operand,0x2F02,0x7045,yes,,0,24,not listed
0x2704B,0x704B,byte-scan+walk,decoded-ljmp,0x10E8,0x7045,no,tail jump to a callee,23,1,not listed
0x27051,0x7051,byte-scan+walk,decoded-lcall,0x122F,0x7045,no,next listing boundary,24,0,not listed
0x27052,0x7052,byte-scan,operand,0x2FEF,0x7045,no,,0,24,not listed
0x27059,0x7059,byte-scan+walk,decoded-lcall,0x122F,0x7059,yes,next listing boundary,24,0,not listed
0x2705A,0x705A,byte-scan,operand,0x2F85,0x7059,yes,,0,24,not listed
0x27063,0x7063,byte-scan+walk,decoded-lcall,0x1041,0x7063,yes,next listing boundary,24,0,not listed
0x2707B,0x707B,byte-scan+walk,decoded-lcall,0x0FAF,0x706B,no,ret,24,0,not listed
0x270B5,0x70B5,byte-scan+walk,decoded-lcall,0x1253,0x70A4,no,ret,24,0,not listed
0x270B6,0x70B6,byte-scan,operand,0x53E0,0x70A4,no,,0,24,not listed
0x270F1,0x70F1,byte-scan+walk,decoded-lcall,0x0FCB,0x70E7,yes,tail jump to a callee,24,0,not listed
0x270F5,0x70F5,byte-scan+walk,decoded-ljmp,0x0F0E,0x70E7,yes,tail jump to a callee,24,0,not listed
0x2710B,0x710B,byte-scan+walk,decoded-lcall,0x1253,0x7108,yes,tail jump to a callee,24,0,not listed
0x2710C,0x710C,byte-scan,operand,0x5302,0x7108,yes,,0,24,not listed
0x2710E,0x710E,byte-scan+walk,decoded-ljmp,0x10C8,0x7108,yes,tail jump to a callee,22,2,not listed
0x2717F,0x717F,byte-scan+walk,decoded-ljmp,0x122F,0x717C,yes,tail jump to a callee,24,0,not listed
0x27180,0x7180,byte-scan,operand,0x2F74,0x717C,yes,,0,24,not listed
0x27192,0x7192,byte-scan,operand,0x22A3,0x718D,yes,,0,24,not listed
0x271A6,0x71A6,byte-scan,unreached-by-this-method,0x0F45,0x718D,no,,24,0,not listed
0x271AC,0x71AC,byte-scan,unreached-by-this-method,0x9D47,0x718D,no,,24,0,not listed
0x271BC,0x71BC,byte-scan,unreached-by-this-method,0x9D0C,0x718D,no,,24,0,not listed
0x271C6,0x71C6,byte-scan,unreached-by-this-method,0x9D2B,0x718D,no,,24,0,not listed
0x271CB,0x71CB,byte-scan,unreached-by-this-method,0xF0A3,0x718D,no,,1,23,not listed
0x271E3,0x71E3,byte-scan,unreached-by-this-method,0x9C74,0x718D,no,,22,2,not listed
0x271E6,0x71E6,byte-scan,unreached-by-this-method,0x9D47,0x718D,no,,20,4,not listed
0x271F0,0x71F0,byte-scan,unreached-by-this-method,0x9C70,0x718D,no,,24,0,not listed
0x271FA,0x71FA,byte-scan,unreached-by-this-method,0xE0FE,0x718D,no,,1,23,not listed
0x27206,0x7206,byte-scan,mid-instruction,0xF9E4,0x718D,no,,0,24,not listed
0x2720E,0x720E,byte-scan,unreached-by-this-method,0x9CA5,0x718D,no,,24,0,not listed
0x27217,0x7217,byte-scan,unreached-by-this-method,0x9D32,0x718D,no,,24,0,not listed
0x27220,0x7220,byte-scan,unreached-by-this-method,0x0B85,0x718D,no,,24,0,not listed
0x27223,0x7223,byte-scan,unreached-by-this-method,0x9C10,0x718D,no,,22,2,not listed
0x27226,0x7226,byte-scan,unreached-by-this-method,0x0FAF,0x718D,no,,20,4,not listed
0x2722C,0x722C,byte-scan,unreached-by-this-method,0x9C7D,0x718D,no,,23,1,not listed
0x27231,0x7231,byte-scan,unreached-by-this-method,0x7309,0x718D,no,,24,0,not listed
0x27237,0x7237,byte-scan,unreached-by-this-method,0x9CFB,0x718D,no,,24,0,not listed
0x2723A,0x723A,byte-scan,unreached-by-this-method,0x9C1B,0x718D,no,,24,0,not listed
0x27242,0x7242,byte-scan,unreached-by-this-method,0x72DF,0x718D,no,,24,0,not listed
0x27245,0x7245,byte-scan,unreached-by-this-method,0x9D04,0x718D,no,,23,1,not listed
0x27248,0x7248,byte-scan,unreached-by-this-method,0x9C1B,0x718D,no,,24,0,not listed
0x2726B,0x726B,byte-scan,unreached-by-this-method,0x9C3C,0x718D,no,,24,0,not listed
0x27280,0x7280,byte-scan,unreached-by-this-method,0x9D39,0x718D,no,,24,0,not listed
0x27283,0x7283,byte-scan,unreached-by-this-method,0x9C1B,0x718D,no,,24,0,not listed
0x27289,0x7289,byte-scan,unreached-by-this-method,0xF739,0x718D,no,,24,0,not listed
0x2728C,0x728C,byte-scan,unreached-by-this-method,0x9CDD,0x718D,no,,24,0,not listed
0x27292,0x7292,byte-scan,unreached-by-this-method,0x9C34,0x718D,no,,24,0,not listed
0x27295,0x7295,byte-scan,unreached-by-this-method,0x1041,0x718D,no,,22,2,not listed
0x2729E,0x729E,byte-scan,unreached-by-this-method,0x9C34,0x718D,no,,24,0,not listed
0x272A1,0x72A1,byte-scan,unreached-by-this-method,0x104D,0x718D,no,,22,2,not listed
0x272AE,0x72AE,byte-scan,unreached-by-this-method,0xC901,0x718D,no,,24,0,not listed
0x272B6,0x72B6,byte-scan,unreached-by-this-method,0x9C34,0x718D,no,,24,0,not listed
0x272B9,0x72B9,byte-scan,unreached-by-this-method,0x104D,0x718D,no,,22,2,not listed
0x272C6,0x72C6,byte-scan,unreached-by-this-method,0xC901,0x718D,no,,24,0,not listed
0x272C9,0x72C9,byte-scan,unreached-by-this-method,0x9C10,0x718D,no,,22,2,not listed
0x272D0,0x72D0,byte-scan,unreached-by-this-method,0x0FAF,0x718D,no,,23,1,not listed
0x272DC,0x72DC,byte-scan,unreached-by-this-method,0x1041,0x718D,no,,24,0,not listed
0x272DF,0x72DF,byte-scan,unreached-by-this-method,0x9C10,0x718D,no,,22,2,not listed
0x272E2,0x72E2,byte-scan,unreached-by-this-method,0x0FAF,0x718D,no,,20,4,not listed
0x272E8,0x72E8,byte-scan,unreached-by-this-method,0x9C7D,0x718D,no,,24,0,not listed
0x272F3,0x72F3,byte-scan,unreached-by-this-method,0x9C10,0x718D,no,,24,0,not listed
0x272FA,0x72FA,byte-scan,unreached-by-this-method,0x0FAF,0x718D,no,,23,1,not listed
0x27306,0x7306,byte-scan,unreached-by-this-method,0x1041,0x718D,no,,24,0,not listed
0x27309,0x7309,byte-scan,unreached-by-this-method,0x9C10,0x718D,no,,22,2,not listed
0x27310,0x7310,byte-scan,unreached-by-this-method,0x0FAF,0x718D,no,,23,1,not listed
0x2731C,0x731C,byte-scan,unreached-by-this-method,0x1041,0x718D,no,,24,0,not listed
0x2732A,0x732A,byte-scan,unreached-by-this-method,0x9C1B,0x718D,no,,24,0,not listed
0x2733D,0x733D,byte-scan,unreached-by-this-method,0x9C1B,0x718D,no,,24,0,not listed
0x2734A,0x734A,byte-scan,unreached-by-this-method,0xF739,0x718D,no,,24,0,not listed
0x2734D,0x734D,byte-scan,unreached-by-this-method,0x9C24,0x718D,no,,24,0,not listed
0x27350,0x7350,byte-scan,unreached-by-this-method,0x1041,0x718D,no,,22,2,not listed
0x27366,0x7366,byte-scan,unreached-by-this-method,0x9C45,0x718D,no,,24,0,not listed
0x2736D,0x736D,byte-scan,unreached-by-this-method,0xF739,0x718D,no,,24,0,not listed
0x27370,0x7370,byte-scan,unreached-by-this-method,0x9C24,0x718D,no,,24,0,not listed
0x27373,0x7373,byte-scan,unreached-by-this-method,0x1041,0x718D,no,,22,2,not listed
0x2738E,0x738E,byte-scan,unreached-by-this-method,0xC901,0x718D,no,,23,1,not listed
0x273A4,0x73A4,byte-scan+walk,decoded-lcall,0x911C,0x7392,yes,tail jump to a callee,24,0,not listed
0x273A9,0x73A9,byte-scan+walk,decoded-lcall,0x9028,0x7392,yes,tail jump to a callee,24,0,not listed
0x273B3,0x73B3,byte-scan,operand,0x7F00,0x7392,yes,,1,23,not listed
0x273B9,0x73B9,byte-scan+walk,decoded-ljmp,0x757F,0x7392,yes,tail jump to a callee,24,0,not listed
0x273C1,0x73C1,byte-scan+walk,decoded-lcall,0x9177,0x7392,yes,tail jump to a callee,24,0,not listed
0x273C5,0x73C5,byte-scan+walk,decoded-lcall,0x90CF,0x7392,yes,tail jump to a callee,24,0,not listed
0x273CD,0x73CD,byte-scan+walk,decoded-lcall,0xEDB5,0x7392,yes,tail jump to a callee,24,0,not listed
0x273D3,0x73D3,byte-scan+walk,decoded-ljmp,0x7551,0x7392,yes,tail jump to a callee,24,0,not listed
0x273D9,0x73D9,byte-scan+walk,decoded-lcall,0x9115,0x7392,yes,tail jump to a callee,24,0,not listed
0x273DE,0x73DE,byte-scan+walk,decoded-lcall,0x906D,0x7392,yes,tail jump to a callee,24,0,not listed
0x273ED,0x73ED,byte-scan+walk,decoded-lcall,0x10BC,0x7392,yes,tail jump to a callee,24,0,not listed
0x273F1,0x73F1,byte-scan+walk,decoded-lcall,0x90CF,0x7392,yes,tail jump to a callee,23,1,not listed
0x27400,0x7400,byte-scan+walk,decoded-lcall,0x9180,0x7392,yes,tail jump to a callee,24,0,not listed
0x27408,0x7408,byte-scan+walk,decoded-lcall,0x9028,0x7392,yes,tail jump to a callee,23,1,not listed
0x27416,0x7416,byte-scan+walk,decoded-lcall,0x9028,0x7392,yes,tail jump to a callee,23,1,not listed
0x27424,0x7424,byte-scan+walk,decoded-lcall,0x90CB,0x7392,no,tail jump to a callee,22,2,not listed
0x27433,0x7433,byte-scan+walk,decoded-lcall,0x9180,0x7392,no,tail jump to a callee,24,0,not listed
0x2743B,0x743B,byte-scan+walk,decoded-lcall,0x911C,0x7392,no,tail jump to a callee,24,0,not listed
0x27440,0x7440,byte-scan+walk,decoded-lcall,0x9028,0x7392,no,tail jump to a callee,23,1,not listed
0x27451,0x7451,byte-scan+walk,decoded-ljmp,0x7522,0x7392,no,tail jump to a callee,24,0,not listed
0x27467,0x7467,byte-scan+walk,decoded-ljmp,0x7522,0x7392,no,tail jump to a callee,24,0,not listed
0x2746A,0x746A,byte-scan+walk,decoded-lcall,0x911C,0x7392,no,tail jump to a callee,23,1,not listed
0x27482,0x7482,byte-scan+walk,decoded-lcall,0x0FAF,0x7392,no,tail jump to a callee,24,0,not listed
0x27485,0x7485,byte-scan+walk,decoded-lcall,0x9153,0x7392,no,tail jump to a callee,22,2,not listed
0x27490,0x7490,byte-scan+walk,decoded-lcall,0x9031,0x7392,no,tail jump to a callee,24,0,not listed
0x27493,0x7493,byte-scan+walk,decoded-lcall,0x0FAF,0x7392,no,tail jump to a callee,22,2,not listed
0x27498,0x7498,byte-scan+walk,decoded-lcall,0x0F1F,0x7392,no,tail jump to a callee,24,0,not listed
0x2749E,0x749E,byte-scan,operand,0xD001,0x7392,no,,0,24,not listed
0x274A3,0x74A3,byte-scan+walk,decoded-lcall,0x0EF3,0x7392,no,tail jump to a callee,24,0,not listed
0x274AE,0x74AE,byte-scan+walk,decoded-lcall,0x9031,0x7392,no,tail jump to a callee,24,0,not listed
0x274B1,0x74B1,byte-scan+walk,decoded-lcall,0x0FAF,0x7392,no,tail jump to a callee,22,2,not listed
0x274B6,0x74B6,byte-scan+walk,decoded-lcall,0x0F1F,0x7392,no,tail jump to a callee,24,0,not listed
0x274C1,0x74C1,byte-scan,operand,0xD001,0x7392,no,,0,24,not listed
0x274C6,0x74C6,byte-scan+walk,decoded-lcall,0x0EF3,0x7392,no,tail jump to a callee,24,0,not listed
0x274D1,0x74D1,byte-scan+walk,decoded-lcall,0x9031,0x7392,no,tail jump to a callee,24,0,not listed
0x274D4,0x74D4,byte-scan+walk,decoded-lcall,0x0FAF,0x7392,no,tail jump to a callee,22,2,not listed
0x274D9,0x74D9,byte-scan+walk,decoded-lcall,0x0F32,0x7392,no,tail jump to a callee,24,0,not listed
0x274DF,0x74DF,byte-scan,operand,0xD001,0x7392,no,,0,24,not listed
0x274E4,0x74E4,byte-scan+walk,decoded-lcall,0x0EF3,0x7392,no,tail jump to a callee,24,0,not listed
0x274F2,0x74F2,byte-scan+walk,decoded-lcall,0x90CB,0x7392,no,tail jump to a callee,20,4,not listed
0x27501,0x7501,byte-scan+walk,decoded-lcall,0x9180,0x7392,no,tail jump to a callee,24,0,not listed
0x27513,0x7513,byte-scan+walk,decoded-lcall,0x10BC,0x7392,no,tail jump to a callee,24,0,not listed
0x27516,0x7516,byte-scan+walk,decoded-lcall,0x1041,0x7392,no,tail jump to a callee,22,2,not listed
0x2751F,0x751F,byte-scan+walk,decoded-ljmp,0x7459,0x7392,no,tail jump to a callee,24,0,not listed
0x27530,0x7530,byte-scan+walk,decoded-lcall,0x0C8C,0x7392,no,tail jump to a callee,24,0,not listed
0x27538,0x7538,byte-scan+walk,decoded-lcall,0x9177,0x7392,no,tail jump to a callee,24,0,not listed
0x2753C,0x753C,byte-scan+walk,decoded-lcall,0x90CF,0x7392,no,tail jump to a callee,24,0,not listed
0x27542,0x7542,byte-scan+walk,decoded-lcall,0x913B,0x7392,no,tail jump to a callee,24,0,not listed
0x27545,0x7545,byte-scan+walk,decoded-lcall,0x9087,0x7392,no,tail jump to a callee,24,0,not listed
0x2754C,0x754C,byte-scan+walk,decoded-lcall,0x913B,0x7392,no,tail jump to a callee,24,0,not listed
0x27556,0x7556,byte-scan+walk,decoded-lcall,0x9147,0x7392,no,ret,24,0,not listed
0x27559,0x7559,byte-scan+walk,decoded-lcall,0x9087,0x7392,no,ret,24,0,not listed
0x2755D,0x755D,byte-scan+walk,decoded-lcall,0x9147,0x7392,no,ret,24,0,not listed
0x27562,0x7562,byte-scan+walk,decoded-lcall,0x1041,0x7392,no,ret,24,0,not listed
0x27565,0x7565,byte-scan+walk,decoded-lcall,0x911C,0x7392,no,ret,22,2,not listed
0x2756A,0x756A,byte-scan+walk,decoded-lcall,0x9028,0x7392,no,ret,24,0,not listed
0x2757C,0x757C,byte-scan+walk,decoded-ljmp,0x73A4,0x7392,no,ret,24,0,not listed
0x27588,0x7588,byte-scan+walk,decoded-lcall,0xACF4,0x7580,yes,loop back to 0x768E,22,2,not listed
0x27591,0x7591,byte-scan+walk,decoded-lcall,0x775C,0x7580,yes,loop back to 0x768E,21,3,not listed
0x27596,0x7596,byte-scan+walk,decoded-lcall,0xAD83,0x7580,yes,loop back to 0x768E,24,0,not listed
0x27599,0x7599,byte-scan+walk,decoded-lcall,0xA0E6,0x7580,yes,loop back to 0x768E,24,0,not listed
0x275A2,0x75A2,byte-scan+walk,decoded-lcall,0xAD83,0x7580,yes,loop back to 0x768E,24,0,not listed
0x275A7,0x75A7,byte-scan+walk,decoded-lcall,0xBECB,0x7580,yes,loop back to 0x768E,23,1,not listed
0x275AF,0x75AF,byte-scan+walk,decoded-ljmp,0x769E,0x7580,yes,loop back to 0x768E,24,0,not listed
0x275B7,0x75B7,byte-scan+walk,decoded-lcall,0xAD2E,0x7580,yes,loop back to 0x768E,24,0,not listed
0x275BA,0x75BA,byte-scan+walk,decoded-lcall,0x104D,0x7580,yes,loop back to 0x768E,24,0,not listed
0x275C2,0x75C2,byte-scan+walk,decoded-lcall,0xACC0,0x7580,yes,loop back to 0x768E,24,0,not listed
0x275C5,0x75C5,byte-scan+walk,decoded-lcall,0xAD1E,0x7580,yes,loop back to 0x768E,23,1,not listed
0x275CA,0x75CA,byte-scan+walk,decoded-lcall,0xF739,0x7580,yes,loop back to 0x768E,24,0,not listed
0x275D0,0x75D0,byte-scan+walk,decoded-lcall,0xACBF,0x7580,yes,loop back to 0x768E,22,2,not listed
0x275D3,0x75D3,byte-scan+walk,decoded-lcall,0x1041,0x7580,yes,loop back to 0x768E,23,1,not listed
0x275D9,0x75D9,byte-scan+walk,decoded-lcall,0xF739,0x7580,yes,loop back to 0x768E,24,0,not listed
0x275DF,0x75DF,byte-scan+walk,decoded-lcall,0xACB7,0x7580,yes,loop back to 0x768E,22,2,not listed
0x275E2,0x75E2,byte-scan+walk,decoded-lcall,0xAD4D,0x7580,yes,loop back to 0x768E,23,1,not listed
0x275EB,0x75EB,byte-scan+walk,decoded-lcall,0x0F0E,0x7580,yes,loop back to 0x768E,24,0,not listed
0x275F6,0x75F6,byte-scan+walk,decoded-lcall,0xAD10,0x7580,yes,loop back to 0x768E,22,2,not listed
0x275FB,0x75FB,byte-scan+walk,decoded-lcall,0x7753,0x7580,yes,loop back to 0x768E,24,0,not listed
0x27605,0x7605,byte-scan+walk,decoded-lcall,0xEE68,0x7580,yes,loop back to 0x768E,24,0,not listed
0x27608,0x7608,byte-scan+walk,decoded-lcall,0x7753,0x7580,yes,loop back to 0x768E,24,0,not listed
0x27613,0x7613,byte-scan+walk,decoded-lcall,0xF56B,0x7580,yes,loop back to 0x768E,24,0,not listed
0x27621,0x7621,byte-scan+walk,decoded-lcall,0x775C,0x7580,yes,loop back to 0x768E,24,0,not listed
0x27629,0x7629,byte-scan+walk,decoded-lcall,0x104D,0x7580,yes,loop back to 0x768E,24,0,not listed
0x27637,0x7637,byte-scan+walk,decoded-lcall,0xC24E,0x7580,yes,loop back to 0x768E,23,1,not listed
0x27646,0x7646,byte-scan+walk,decoded-lcall,0xD83D,0x7580,yes,loop back to 0x768E,24,0,not listed
0x27649,0x7649,byte-scan+walk,decoded-lcall,0xAD9C,0x7580,yes,loop back to 0x768E,24,0,not listed
0x2764C,0x764C,byte-scan+walk,decoded-lcall,0xE6C0,0x7580,yes,loop back to 0x768E,24,0,not listed
0x2764F,0x764F,byte-scan+walk,decoded-lcall,0xAD83,0x7580,yes,loop back to 0x768E,22,2,not listed
0x27652,0x7652,byte-scan+walk,decoded-lcall,0xA0E6,0x7580,yes,loop back to 0x768E,24,0,not listed
0x27655,0x7655,byte-scan+walk,decoded-lcall,0xACE1,0x7580,yes,loop back to 0x768E,24,0,not listed
0x27658,0x7658,byte-scan+walk,decoded-lcall,0x0FAF,0x7580,yes,loop back to 0x768E,23,1,not listed
0x2765D,0x765D,byte-scan,operand,0x12AD,0x7580,yes,,0,24,not listed
0x2765E,0x765E,byte-scan+walk,decoded-lcall,0xAD09,0x7580,yes,loop back to 0x768E,23,1,not listed
0x27668,0x7668,byte-scan+walk,decoded-lcall,0xAD9C,0x7580,yes,loop back to 0x768E,24,0,not listed
0x2766B,0x766B,byte-scan+walk,decoded-lcall,0xD013,0x7580,yes,loop back to 0x768E,24,0,not listed
0x2766E,0x766E,byte-scan+walk,decoded-lcall,0xACE1,0x7580,yes,loop back to 0x768E,24,0,not listed
0x27671,0x7671,byte-scan+walk,decoded-lcall,0xADA4,0x7580,yes,loop back to 0x768E,23,1,not listed
0x27674,0x7674,byte-scan+walk,decoded-lcall,0xAD09,0x7580,yes,loop back to 0x768E,24,0,not listed
0x27680,0x7680,byte-scan+walk,decoded-lcall,0x104D,0x7580,yes,loop back to 0x768E,24,0,not listed
0x2768B,0x768B,byte-scan+walk,decoded-lcall,0xC24E,0x7580,yes,loop back to 0x768E,23,1,not listed
0x27691,0x7691,byte-scan+walk,decoded-lcall,0xACBF,0x7580,yes,loop back to 0x768E,22,2,not listed
0x27694,0x7694,byte-scan+walk,decoded-lcall,0x104D,0x7580,yes,loop back to 0x768E,23,1,not listed
0x276A1,0x76A1,byte-scan+walk,decoded-lcall,0xACBF,0x7580,yes,ret,22,2,not listed
0x276A4,0x76A4,byte-scan+walk,decoded-lcall,0xAD1E,0x7580,yes,ret,23,1,not listed
0x276A9,0x76A9,byte-scan+walk,decoded-ljmp,0x7750,0x7580,yes,ret,24,0,not listed
0x276AC,0x76AC,byte-scan+walk,decoded-lcall,0xAD2A,0x7580,yes,ret,23,1,not listed
0x276AF,0x76AF,byte-scan+walk,decoded-lcall,0x0FAF,0x7580,yes,ret,24,0,not listed
0x276B5,0x76B5,byte-scan+walk,decoded-lcall,0x0F0E,0x7580,yes,ret,24,0,not listed
0x276BA,0x76BA,byte-scan+walk,decoded-lcall,0xF739,0x7580,yes,ret,24,0,not listed
0x276BD,0x76BD,byte-scan+walk,decoded-lcall,0xAD2A,0x7580,yes,ret,24,0,not listed
0x276C0,0x76C0,byte-scan+walk,decoded-lcall,0x1041,0x7580,yes,ret,24,0,not listed
0x276C3,0x76C3,byte-scan+walk,decoded-lcall,0xF739,0x7580,yes,ret,22,2,not listed
0x276CE,0x76CE,byte-scan+walk,decoded-lcall,0xAD2A,0x7580,yes,ret,24,0,not listed
0x276D1,0x76D1,byte-scan+walk,decoded-lcall,0xAD4D,0x7580,yes,ret,24,0,not listed
0x276DA,0x76DA,byte-scan+walk,decoded-lcall,0x0F0E,0x7580,yes,ret,24,0,not listed
0x276E4,0x76E4,byte-scan+walk,decoded-lcall,0xAD2E,0x7580,yes,ret,24,0,not listed
0x276E7,0x76E7,byte-scan+walk,decoded-lcall,0x104D,0x7580,yes,ret,24,0,not listed
0x276EF,0x76EF,byte-scan+walk,decoded-lcall,0xACC0,0x7580,yes,ret,24,0,not listed
0x276F2,0x76F2,byte-scan+walk,decoded-lcall,0x104D,0x7580,yes,ret,23,1,not listed
0x2770B,0x770B,byte-scan+walk,decoded-lcall,0x0FAF,0x7580,yes,ret,24,0,not listed
0x27711,0x7711,byte-scan+walk,decoded-lcall,0xAD09,0x7580,yes,ret,23,1,not listed
0x27719,0x7719,byte-scan+walk,decoded-lcall,0xE6C0,0x7580,yes,ret,24,0,not listed
0x2771C,0x771C,byte-scan+walk,decoded-lcall,0xAD9C,0x7580,yes,ret,22,2,not listed
0x27720,0x7720,byte-scan+walk,decoded-lcall,0xD83D,0x7580,yes,ret,24,0,not listed
0x27728,0x7728,byte-scan+walk,decoded-lcall,0xF75C,0x7580,yes,ret,24,0,not listed
0x27731,0x7731,byte-scan,operand,0x7D00,0x7580,yes,,1,23,not listed
0x27739,0x7739,byte-scan+walk,decoded-lcall,0xEE68,0x7580,yes,ret,24,0,not listed
0x2773F,0x773F,byte-scan+walk,decoded-lcall,0x104D,0x7580,yes,ret,22,2,not listed
0x2774D,0x774D,byte-scan+walk,decoded-lcall,0xE1E0,0x7580,yes,ret,24,0,not listed
0x27758,0x7758,byte-scan+walk,decoded-lcall,0xF75C,0x7753,yes,ret,24,0,not listed
0x27761,0x7761,byte-scan+walk,decoded-lcall,0xE4D0,0x775C,yes,ret,24,0,not listed
0x27769,0x7769,byte-scan,unreached-by-this-method,0x37AE,0x775C,no,,22,2,not listed
0x2776C,0x776C,byte-scan,unreached-by-this-method,0x11C2,0x775C,no,,20,4,not listed
0x27776,0x7776,byte-scan,unreached-by-this-method,0x788E,0x775C,no,,24,0,not listed
0x27787,0x7787,byte-scan,unreached-by-this-method,0xF739,0x775C,no,,24,0,not listed
0x2778D,0x778D,byte-scan,unreached-by-this-method,0x347B,0x775C,no,,22,2,not listed
0x27790,0x7790,byte-scan,unreached-by-this-method,0x104D,0x775C,no,,23,1,not listed
0x27797,0x7797,byte-scan,unreached-by-this-method,0x3519,0x775C,no,,24,0,not listed
0x2779A,0x779A,byte-scan,unreached-by-this-method,0x3497,0x775C,no,,24,0,not listed
0x2779D,0x779D,byte-scan,unreached-by-this-method,0x104D,0x775C,no,,24,0,not listed
0x277A4,0x77A4,byte-scan,unreached-by-this-method,0x3882,0x775C,no,,18,6,not listed
0x277A7,0x77A7,byte-scan,unreached-by-this-method,0x3497,0x775C,no,,16,8,not listed
0x277AA,0x77AA,byte-scan,unreached-by-this-method,0x104D,0x775C,no,,24,0,not listed
0x277B5,0x77B5,byte-scan,unreached-by-this-method,0x34D9,0x775C,no,,22,2,not listed
0x277BB,0x77BB,byte-scan,unreached-by-this-method,0x34C9,0x775C,no,,24,0,not listed
0x277C3,0x77C3,byte-scan,unreached-by-this-method,0x7F00,0x775C,no,,1,23,not listed
0x277CE,0x77CE,byte-scan,unreached-by-this-method,0xF70B,0x775C,no,,24,0,not listed
0x277D7,0x77D7,byte-scan,unreached-by-this-method,0x104D,0x775C,no,,24,0,not listed
0x277EA,0x77EA,byte-scan,unreached-by-this-method,0x38B6,0x775C,no,,22,2,not listed
0x277F3,0x77F3,byte-scan,unreached-by-this-method,0x7E00,0x775C,no,,1,23,not listed
0x27801,0x7801,byte-scan,unreached-by-this-method,0x7E00,0x775C,no,,1,23,not listed
0x2780C,0x780C,byte-scan,unreached-by-this-method,0x104D,0x775C,no,,24,0,not listed
0x27819,0x7819,byte-scan,unreached-by-this-method,0x792E,0x775C,no,,24,0,not listed
0x2781F,0x781F,byte-scan,unreached-by-this-method,0x104D,0x775C,no,,24,0,not listed
0x2782F,0x782F,byte-scan,unreached-by-this-method,0x792E,0x775C,no,,24,0,not listed
0x27834,0x7834,byte-scan,unreached-by-this-method,0x7934,0x775C,no,,24,0,not listed
0x2783C,0x783C,byte-scan,unreached-by-this-method,0x104D,0x775C,no,,22,2,not listed
0x27848,0x7848,byte-scan,unreached-by-this-method,0x3A23,0x775C,no,,24,0,not listed
0x2784B,0x784B,byte-scan,unreached-by-this-method,0x7CE0,0x775C,no,,24,0,not listed
0x27859,0x7859,byte-scan,unreached-by-this-method,0x352C,0x775C,no,,22,2,not listed
0x2785C,0x785C,byte-scan,unreached-by-this-method,0x366C,0x775C,no,,24,0,not listed
0x2785F,0x785F,byte-scan,unreached-by-this-method,0xF4AB,0x775C,no,,24,0,not listed
0x27865,0x7865,byte-scan,unreached-by-this-method,0x104D,0x775C,no,,24,0,not listed
0x27875,0x7875,byte-scan,unreached-by-this-method,0x792E,0x775C,no,,24,0,not listed
0x2787B,0x787B,byte-scan,unreached-by-this-method,0x104D,0x775C,no,,24,0,not listed
0x2788B,0x788B,byte-scan,unreached-by-this-method,0x792E,0x775C,no,,23,1,not listed
0x27890,0x7890,byte-scan,unreached-by-this-method,0x7934,0x775C,no,,24,0,not listed
0x27895,0x7895,byte-scan,unreached-by-this-method,0x7933,0x775C,no,,24,0,not listed
0x2789D,0x789D,byte-scan,unreached-by-this-method,0xF75C,0x775C,no,,24,0,not listed
0x278AA,0x78AA,byte-scan,mid-instruction,0x7BFF,0x775C,no,,0,24,not listed
0x278B0,0x78B0,byte-scan,unreached-by-this-method,0x104D,0x775C,no,,24,0,not listed
0x278BC,0x78BC,byte-scan,unreached-by-this-method,0x792E,0x775C,no,,24,0,not listed
0x278C2,0x78C2,byte-scan,unreached-by-this-method,0x357E,0x775C,no,,22,2,not listed
0x278C5,0x78C5,byte-scan,unreached-by-this-method,0x3497,0x775C,no,,23,1,not listed
0x278C8,0x78C8,byte-scan,unreached-by-this-method,0x104D,0x775C,no,,24,0,not listed
0x278CF,0x78CF,byte-scan,unreached-by-this-method,0x3519,0x775C,no,,24,0,not listed
0x278D2,0x78D2,byte-scan,unreached-by-this-method,0x3497,0x775C,no,,24,0,not listed
0x278D5,0x78D5,byte-scan,unreached-by-this-method,0x104D,0x775C,no,,24,0,not listed
0x278E1,0x78E1,byte-scan,unreached-by-this-method,0xF755,0x775C,no,,24,0,not listed
0x278EA,0x78EA,byte-scan,unreached-by-this-method,0x7D00,0x775C,no,,1,23,not listed
0x278F2,0x78F2,byte-scan,unreached-by-this-method,0xEF59,0x775C,no,,24,0,not listed
0x278F8,0x78F8,byte-scan,unreached-by-this-method,0x104D,0x775C,no,,22,2,not listed
0x27902,0x7902,byte-scan,unreached-by-this-method,0x3720,0x775C,no,,22,2,not listed
0x27907,0x7907,byte-scan,unreached-by-this-method,0x7CE0,0x775C,no,,24,0,not listed
0x2790F,0x790F,byte-scan,unreached-by-this-method,0xF75C,0x775C,no,,24,0,not listed
0x2791C,0x791C,byte-scan,mid-instruction,0x7BFF,0x775C,no,,0,24,not listed
0x27922,0x7922,byte-scan,unreached-by-this-method,0x104D,0x775C,no,,24,0,not listed
0x27930,0x7930,byte-scan,unreached-by-this-method,0xCCB7,0x775C,no,,24,0,not listed
0x2793B,0x793B,byte-scan,unreached-by-this-method,0xF407,0x775C,no,,24,0,not listed
0x27945,0x7945,byte-scan,unreached-by-this-method,0x37AE,0x775C,no,,22,2,not listed
0x27948,0x7948,byte-scan,unreached-by-this-method,0x11C2,0x775C,no,,20,4,not listed
0x2794E,0x794E,byte-scan,unreached-by-this-method,0x79E3,0x775C,no,,24,0,not listed
0x2795E,0x795E,byte-scan,unreached-by-this-method,0x104D,0x775C,no,,22,2,not listed
0x27968,0x7968,byte-scan,unreached-by-this-method,0x388D,0x775C,no,,22,2,not listed
0x2796B,0x796B,byte-scan,unreached-by-this-method,0x7CE0,0x775C,no,,20,4,not listed
0x27971,0x7971,byte-scan,unreached-by-this-method,0x104D,0x775C,no,,22,2,not listed
0x27978,0x7978,byte-scan,unreached-by-this-method,0x3A1C,0x775C,no,,24,0,not listed
0x2797F,0x797F,byte-scan,unreached-by-this-method,0x7CE0,0x775C,no,,24,0,not listed
0x27982,0x7982,byte-scan,unreached-by-this-method,0x3A1C,0x775C,no,,24,0,not listed
0x27987,0x7987,byte-scan,unreached-by-this-method,0xD83D,0x775C,no,,24,0,not listed
0x2798D,0x798D,byte-scan,unreached-by-this-method,0x104D,0x775C,no,,24,0,not listed
0x2799B,0x799B,byte-scan,unreached-by-this-method,0xC24E,0x775C,no,,23,1,not listed
0x279A5,0x79A5,byte-scan,unreached-by-this-method,0xE6C0,0x775C,no,,23,1,not listed
0x279AB,0x79AB,byte-scan,unreached-by-this-method,0x34D9,0x775C,no,,19,5,not listed
0x279AE,0x79AE,byte-scan,unreached-by-this-method,0x36A1,0x775C,no,,23,1,not listed
0x279B3,0x79B3,byte-scan,unreached-by-this-method,0x7B0D,0x775C,no,,24,0,not listed
0x279B6,0x79B6,byte-scan,unreached-by-this-method,0x347B,0x775C,no,,24,0,not listed
0x279B9,0x79B9,byte-scan,unreached-by-this-method,0x104D,0x775C,no,,23,1,not listed
0x279C0,0x79C0,byte-scan,unreached-by-this-method,0x3519,0x775C,no,,24,0,not listed
0x279C3,0x79C3,byte-scan,unreached-by-this-method,0x3497,0x775C,no,,24,0,not listed
0x279C6,0x79C6,byte-scan,unreached-by-this-method,0x104D,0x775C,no,,24,0,not listed
0x279CC,0x79CC,byte-scan,unreached-by-this-method,0x900A,0x775C,no,,5,19,not listed
0x279D0,0x79D0,byte-scan,unreached-by-this-method,0x104D,0x775C,no,,24,0,not listed
0x279E0,0x79E0,byte-scan,unreached-by-this-method,0x7B07,0x775C,no,,24,0,not listed
0x279EE,0x79EE,byte-scan,unreached-by-this-method,0xE4D0,0x775C,no,,24,0,not listed
0x279F4,0x79F4,byte-scan,unreached-by-this-method,0x7B0C,0x775C,no,,24,0,not listed
0x279FC,0x79FC,byte-scan,unreached-by-this-method,0x34DA,0x775C,no,,24,0,not listed
0x279FF,0x79FF,byte-scan,unreached-by-this-method,0x36A1,0x775C,no,,23,1,not listed
0x27A04,0x7A04,byte-scan,unreached-by-this-method,0x3841,0x775C,no,,24,0,not listed
0x27A07,0x7A07,byte-scan,unreached-by-this-method,0x3497,0x775C,no,,22,2,not listed
0x27A0A,0x7A0A,byte-scan,unreached-by-this-method,0x104D,0x775C,no,,24,0,not listed
0x27A11,0x7A11,byte-scan,unreached-by-this-method,0x3519,0x775C,no,,24,0,not listed
0x27A14,0x7A14,byte-scan,unreached-by-this-method,0x3497,0x775C,no,,24,0,not listed
0x27A17,0x7A17,byte-scan,unreached-by-this-method,0x104D,0x775C,no,,24,0,not listed
0x27A1E,0x7A1E,byte-scan,unreached-by-this-method,0x3A1C,0x775C,no,,24,0,not listed
0x27A22,0x7A22,byte-scan,unreached-by-this-method,0xE6C0,0x775C,no,,24,0,not listed
0x27A2A,0x7A2A,byte-scan,unreached-by-this-method,0xF75C,0x775C,no,,24,0,not listed
0x27A33,0x7A33,byte-scan,unreached-by-this-method,0x7D00,0x775C,no,,1,23,not listed
0x27A3B,0x7A3B,byte-scan,unreached-by-this-method,0xEF79,0x775C,no,,24,0,not listed
0x27A41,0x7A41,byte-scan,unreached-by-this-method,0x38EC,0x775C,no,,20,4,not listed
0x27A44,0x7A44,byte-scan,unreached-by-this-method,0xF407,0x775C,no,,24,0,not listed
0x27A4C,0x7A4C,byte-scan,unreached-by-this-method,0x7B0C,0x775C,no,,24,0,not listed
0x27A52,0x7A52,byte-scan,unreached-by-this-method,0x34D9,0x775C,no,,22,2,not listed
0x27A55,0x7A55,byte-scan,unreached-by-this-method,0x36A1,0x775C,no,,23,1,not listed
0x27A5A,0x7A5A,byte-scan,unreached-by-this-method,0x7B0D,0x775C,no,,24,0,not listed
0x27A5D,0x7A5D,byte-scan,unreached-by-this-method,0x347B,0x775C,no,,24,0,not listed
0x27A60,0x7A60,byte-scan,unreached-by-this-method,0x104D,0x775C,no,,23,1,not listed
0x27A67,0x7A67,byte-scan,unreached-by-this-method,0x3519,0x775C,no,,24,0,not listed
0x27A6A,0x7A6A,byte-scan,unreached-by-this-method,0x3497,0x775C,no,,24,0,not listed
0x27A6D,0x7A6D,byte-scan,unreached-by-this-method,0x104D,0x775C,no,,24,0,not listed
0x27A73,0x7A73,byte-scan,unreached-by-this-method,0x801D,0x775C,no,,5,19,not listed
0x27A76,0x7A76,byte-scan,unreached-by-this-method,0xF739,0x775C,no,,24,0,not listed
0x27A7C,0x7A7C,byte-scan,unreached-by-this-method,0x347B,0x775C,no,,22,2,not listed
0x27A7F,0x7A7F,byte-scan,unreached-by-this-method,0x104D,0x775C,no,,23,1,not listed
0x27A86,0x7A86,byte-scan,unreached-by-this-method,0x3519,0x775C,no,,24,0,not listed
0x27A89,0x7A89,byte-scan,unreached-by-this-method,0x3497,0x775C,no,,24,0,not listed
0x27A8C,0x7A8C,byte-scan,unreached-by-this-method,0x104D,0x775C,no,,24,0,not listed
0x27A96,0x7A96,byte-scan,unreached-by-this-method,0x104D,0x775C,no,,24,0,not listed
0x27AAB,0x7AAB,byte-scan,unreached-by-this-method,0x357E,0x775C,no,,22,2,not listed
0x27AAE,0x7AAE,byte-scan,unreached-by-this-method,0x3497,0x775C,no,,23,1,not listed
0x27AB1,0x7AB1,byte-scan,unreached-by-this-method,0x104D,0x775C,no,,24,0,not listed
0x27AB8,0x7AB8,byte-scan,unreached-by-this-method,0x3519,0x775C,no,,24,0,not listed
0x27ABB,0x7ABB,byte-scan,unreached-by-this-method,0x3497,0x775C,no,,24,0,not listed
0x27ABE,0x7ABE,byte-scan,unreached-by-this-method,0x104D,0x775C,no,,24,0,not listed
0x27AC8,0x7AC8,byte-scan,unreached-by-this-method,0x39A5,0x775C,no,,22,2,not listed
0x27ACB,0x7ACB,byte-scan,unreached-by-this-method,0xD83D,0x775C,no,,24,0,not listed
0x27AD3,0x7AD3,byte-scan,unreached-by-this-method,0xF56B,0x775C,no,,24,0,not listed
0x27AE5,0x7AE5,byte-scan,unreached-by-this-method,0x104D,0x775C,no,,24,0,not listed
0x27AEF,0x7AEF,byte-scan,unreached-by-this-method,0x39AC,0x775C,no,,16,8,not listed
0x27AF7,0x7AF7,byte-scan,unreached-by-this-method,0x104D,0x775C,no,,24,0,not listed
0x27B09,0x7B09,byte-scan,unreached-by-this-method,0xCCB7,0x775C,no,,24,0,not listed
0x27B0D,0x7B0D,byte-scan+walk,decoded-lcall,0xF739,0x7B0D,yes,ret,22,2,not listed
0x27B1A,0x7B1A,byte-scan+walk,decoded-lcall,0x9123,0x7B14,yes,ret,24,0,not listed
0x27B1D,0x7B1D,byte-scan+walk,decoded-lcall,0x9087,0x7B14,yes,ret,24,0,not listed
0x27B21,0x7B21,byte-scan+walk,decoded-lcall,0x9123,0x7B14,yes,ret,24,0,not listed
0x27B26,0x7B26,byte-scan+walk,decoded-lcall,0x1041,0x7B14,yes,ret,24,0,not listed
0x27B2E,0x7B2E,byte-scan+walk,decoded-lcall,0xE930,0x7B14,yes,ret,24,0,not listed
0x27B3A,0x7B3A,byte-scan+walk,decoded-lcall,0x90E8,0x7B14,yes,ret,24,0,not listed
0x27B43,0x7B43,byte-scan,operand,0x7C00,0x7B14,yes,,1,23,not listed
0x27B65,0x7B65,byte-scan+walk,decoded-lcall,0x9076,0x7B14,yes,ret,24,0,not listed
0x27B6F,0x7B6F,byte-scan,operand,0x7D00,0x7B14,yes,,1,23,not listed
0x27B7A,0x7B7A,byte-scan+walk,decoded-lcall,0x9028,0x7B14,yes,ret,24,0,not listed
0x27B84,0x7B84,byte-scan,operand,0x7F00,0x7B14,yes,,1,23,not listed
0x27B8F,0x7B8F,byte-scan+walk,decoded-lcall,0x912F,0x7B14,yes,ret,24,0,not listed
0x27B92,0x7B92,byte-scan+walk,decoded-lcall,0x9087,0x7B14,yes,ret,24,0,not listed
0x27B96,0x7B96,byte-scan+walk,decoded-lcall,0x912F,0x7B14,yes,ret,24,0,not listed
0x27B9B,0x7B9B,byte-scan+walk,decoded-lcall,0x1041,0x7B14,yes,ret,24,0,not listed
0x27BA4,0x7BA4,byte-scan+walk,decoded-lcall,0x90B1,0x7B14,yes,ret,19,5,not listed
0x27BAE,0x7BAE,byte-scan,operand,0x12F4,0x7B14,yes,,0,24,not listed
0x27BAF,0x7BAF,byte-scan+walk,decoded-lcall,0xF4AB,0x7B14,yes,ret,23,1,not listed
0x27BBD,0x7BBD,byte-scan+walk,decoded-lcall,0xDC29,0x7B14,yes,ret,24,0,not listed
0x27BC0,0x7BC0,byte-scan+walk,decoded-lcall,0x9166,0x7B14,yes,ret,24,0,not listed
0x27BC5,0x7BC5,byte-scan+walk,decoded-lcall,0x9028,0x7B14,yes,ret,24,0,not listed
0x27BD5,0x7BD5,byte-scan+walk,decoded-lcall,0x9028,0x7B14,yes,ret,24,0,not listed
0x27BF6,0x7BF6,byte-scan,operand,0x7B00,0x7B14,yes,,1,23,not listed
0x27C06,0x7C06,byte-scan+walk,decoded-lcall,0x9028,0x7B14,yes,ret,24,0,not listed
0x27C0D,0x7C0D,byte-scan+walk,decoded-ljmp,0x7CDF,0x7B14,yes,ret,24,0,not listed
0x27C16,0x7C16,byte-scan+walk,decoded-ljmp,0xDC29,0x7B14,yes,ret,22,2,not listed
0x27C19,0x7C19,byte-scan+walk,decoded-lcall,0x9166,0x7B14,yes,ret,24,0,not listed
0x27C1E,0x7C1E,byte-scan+walk,decoded-lcall,0x9028,0x7B14,yes,ret,24,0,not listed
0x27C28,0x7C28,byte-scan,operand,0x7F00,0x7B14,yes,,1,23,not listed
0x27C44,0x7C44,byte-scan+walk,decoded-lcall,0x0D0D,0x7B14,yes,ret,24,0,not listed
0x27C4B,0x7C4B,byte-scan,operand,0xC003,0x7B14,yes,,0,24,not listed
0x27C54,0x7C54,byte-scan+walk,decoded-lcall,0x90B3,0x7B14,yes,ret,22,2,not listed
0x27C5D,0x7C5D,byte-scan,operand,0xD007,0x7B14,yes,,0,24,not listed
0x27C61,0x7C61,byte-scan,operand,0x12F4,0x7B14,yes,,0,24,not listed
0x27C62,0x7C62,byte-scan+walk,decoded-lcall,0xF4AB,0x7B14,yes,ret,23,1,not listed
0x27C68,0x7C68,byte-scan+walk,decoded-lcall,0x9115,0x7B14,yes,ret,24,0,not listed
0x27C6D,0x7C6D,byte-scan+walk,decoded-lcall,0x906D,0x7B14,yes,ret,22,2,not listed
0x27C76,0x7C76,byte-scan+walk,decoded-lcall,0x9028,0x7B14,yes,ret,23,1,not listed
0x27C81,0x7C81,byte-scan+walk,decoded-lcall,0x9028,0x7B14,yes,ret,24,0,not listed
0x27C90,0x7C90,byte-scan+walk,decoded-lcall,0x9028,0x7B14,yes,ret,24,0,not listed
0x27C9A,0x7C9A,byte-scan,operand,0x7F00,0x7B14,yes,,1,23,not listed
0x27CA6,0x7CA6,byte-scan+walk,decoded-lcall,0xEBE4,0x7B14,yes,ret,24,0,not listed
0x27CC4,0x7CC4,byte-scan+walk,decoded-lcall,0x9028,0x7B14,yes,ret,24,0,not listed
0x27CD1,0x7CD1,byte-scan+walk,decoded-lcall,0x7392,0x7B14,yes,ret,24,0,not listed
0x27CD4,0x7CD4,byte-scan+walk,decoded-lcall,0x9166,0x7B14,yes,ret,22,2,not listed
0x27CD9,0x7CD9,byte-scan+walk,decoded-lcall,0x9028,0x7B14,yes,ret,24,0,not listed
0x27CFC,0x7CFC,byte-scan+walk,decoded-lcall,0x0FAF,0x7CE0,yes,tail jump to a callee,22,2,not listed
0x27D02,0x7D02,byte-scan+walk,decoded-lcall,0x1041,0x7CE0,yes,tail jump to a callee,24,0,not listed
0x27D0C,0x7D0C,byte-scan+walk,decoded-lcall,0xA339,0x7CE0,yes,tail jump to a callee,24,0,not listed
0x27D1B,0x7D1B,byte-scan+walk,decoded-ljmp,0x7E2E,0x7CE0,yes,tail jump to a callee,24,0,not listed
0x27D1E,0x7D1E,byte-scan+walk,decoded-ljmp,0x7E90,0x7CE0,yes,tail jump to a callee,24,0,not listed
0x27D2D,0x7D2D,byte-scan+walk,decoded-ljmp,0x7DED,0x7CE0,yes,tail jump to a callee,24,0,not listed
0x27D33,0x7D33,byte-scan+walk,decoded-lcall,0x34A5,0x7CE0,yes,tail jump to a callee,22,2,not listed
0x27D36,0x7D36,byte-scan+walk,decoded-lcall,0x349B,0x7CE0,yes,tail jump to a callee,24,0,not listed
0x27D3D,0x7D3D,byte-scan+walk,decoded-lcall,0x0FAF,0x7CE0,yes,tail jump to a callee,23,1,not listed
0x27D49,0x7D49,byte-scan+walk,decoded-lcall,0x1041,0x7CE0,yes,tail jump to a callee,24,0,not listed
0x27D51,0x7D51,byte-scan+walk,decoded-lcall,0xF75C,0x7CE0,yes,tail jump to a callee,24,0,not listed
0x27D64,0x7D64,byte-scan+walk,decoded-lcall,0x352C,0x7CE0,yes,tail jump to a callee,22,2,not listed
0x27D68,0x7D68,byte-scan,operand,0x1236,0x7CE0,yes,,0,24,not listed
0x27D69,0x7D69,byte-scan+walk,decoded-lcall,0x366E,0x7CE0,yes,tail jump to a callee,23,1,not listed
0x27D6C,0x7D6C,byte-scan+walk,decoded-lcall,0xF4AB,0x7CE0,yes,tail jump to a callee,24,0,not listed
0x27D6F,0x7D6F,byte-scan+walk,decoded-ljmp,0x7DD1,0x7CE0,yes,tail jump to a callee,22,2,not listed
0x27D7D,0x7D7D,byte-scan+walk,decoded-lcall,0x352C,0x7CE0,yes,tail jump to a callee,22,2,not listed
0x27D82,0x7D82,byte-scan+walk,decoded-lcall,0x366E,0x7CE0,yes,tail jump to a callee,24,0,not listed
0x27D85,0x7D85,byte-scan+walk,decoded-lcall,0xF4AB,0x7CE0,yes,tail jump to a callee,24,0,not listed
0x27D88,0x7D88,byte-scan+walk,decoded-lcall,0x3506,0x7CE0,yes,tail jump to a callee,22,2,not listed
0x27D91,0x7D91,byte-scan+walk,decoded-ljmp,0x7E90,0x7CE0,yes,tail jump to a callee,24,0,not listed
0x27D97,0x7D97,byte-scan+walk,decoded-lcall,0x39F9,0x7CE0,yes,tail jump to a callee,24,0,not listed
0x27D9B,0x7D9B,byte-scan+walk,decoded-lcall,0x349B,0x7CE0,yes,tail jump to a callee,24,0,not listed
0x27D9E,0x7D9E,byte-scan+walk,decoded-lcall,0x0FAF,0x7CE0,yes,tail jump to a callee,24,0,not listed
0x27DA3,0x7DA3,byte-scan+walk,decoded-lcall,0x36E6,0x7CE0,yes,tail jump to a callee,24,0,not listed
0x27DA8,0x7DA8,byte-scan+walk,decoded-lcall,0x34CF,0x7CE0,yes,tail jump to a callee,23,1,not listed
0x27DAD,0x7DAD,byte-scan+walk,decoded-ljmp,0x7E90,0x7CE0,yes,tail jump to a callee,24,0,not listed
0x27DB3,0x7DB3,byte-scan+walk,decoded-lcall,0x34D9,0x7CE0,yes,tail jump to a callee,21,3,not listed
0x27DB6,0x7DB6,byte-scan+walk,decoded-lcall,0x37ED,0x7CE0,yes,tail jump to a callee,23,1,not listed
0x27DBE,0x7DBE,byte-scan+walk,decoded-lcall,0x0F0E,0x7CE0,yes,tail jump to a callee,24,0,not listed
0x27DC6,0x7DC6,byte-scan,operand,0x7F00,0x7CE0,yes,,1,23,not listed
0x27DCE,0x7DCE,byte-scan+walk,decoded-ljmp,0x7E90,0x7CE0,yes,tail jump to a callee,24,0,not listed
0x27DD4,0x7DD4,byte-scan+walk,decoded-lcall,0x34A5,0x7CE0,yes,tail jump to a callee,21,3,not listed
0x27DD7,0x7DD7,byte-scan+walk,decoded-lcall,0x349B,0x7CE0,yes,tail jump to a callee,24,0,not listed
0x27DDE,0x7DDE,byte-scan+walk,decoded-lcall,0x0FAF,0x7CE0,yes,tail jump to a callee,23,1,not listed
0x27DEA,0x7DEA,byte-scan+walk,decoded-ljmp,0x1041,0x7CE0,yes,tail jump to a callee,24,0,not listed
0x27DF0,0x7DF0,byte-scan+walk,decoded-lcall,0x34A5,0x7CE0,yes,ret,20,4,not listed
0x27DF3,0x7DF3,byte-scan+walk,decoded-lcall,0x349B,0x7CE0,yes,ret,24,0,not listed
0x27DFA,0x7DFA,byte-scan+walk,decoded-lcall,0x396B,0x7CE0,yes,ret,23,1,not listed
0x27E01,0x7E01,byte-scan+walk,decoded-lcall,0x1041,0x7CE0,yes,ret,24,0,not listed
0x27E04,0x7E04,byte-scan+walk,decoded-lcall,0x3506,0x7CE0,yes,ret,22,2,not listed
0x27E0D,0x7E0D,byte-scan+walk,decoded-ljmp,0x7E90,0x7CE0,yes,ret,24,0,not listed
0x27E11,0x7E11,byte-scan+walk,decoded-lcall,0x34DA,0x7CE0,yes,ret,23,1,not listed
0x27E14,0x7E14,byte-scan+walk,decoded-lcall,0x37ED,0x7CE0,yes,ret,23,1,not listed
0x27E17,0x7E17,byte-scan+walk,decoded-lcall,0x34CC,0x7CE0,yes,ret,24,0,not listed
0x27E1F,0x7E1F,byte-scan,operand,0x7F00,0x7CE0,yes,,1,23,not listed
0x27E27,0x7E27,byte-scan+walk,decoded-lcall,0x7E91,0x7CE0,yes,ret,24,0,not listed
0x27E2B,0x7E2B,byte-scan+walk,decoded-ljmp,0x7E8C,0x7CE0,yes,ret,24,0,not listed
0x27E2E,0x7E2E,byte-scan+walk,decoded-lcall,0x3506,0x7CE0,yes,tail jump to a callee,23,1,not listed
0x27E38,0x7E38,byte-scan+walk,decoded-lcall,0x34DA,0x7CE0,yes,tail jump to a callee,24,0,not listed
0x27E3B,0x7E3B,byte-scan+walk,decoded-lcall,0x37ED,0x7CE0,yes,tail jump to a callee,23,1,not listed
0x27E3E,0x7E3E,byte-scan+walk,decoded-lcall,0x34CC,0x7CE0,yes,tail jump to a callee,24,0,not listed
0x27E46,0x7E46,byte-scan,operand,0x7F00,0x7CE0,yes,,1,23,not listed
0x27E4E,0x7E4E,byte-scan+walk,decoded-lcall,0x3689,0x7CE0,yes,tail jump to a callee,22,2,not listed
0x27E52,0x7E52,byte-scan+walk,decoded-lcall,0x349B,0x7CE0,yes,tail jump to a callee,24,0,not listed
0x27E55,0x7E55,byte-scan+walk,decoded-lcall,0x0FAF,0x7CE0,yes,tail jump to a callee,24,0,not listed
0x27E5A,0x7E5A,byte-scan+walk,decoded-lcall,0x384E,0x7CE0,yes,tail jump to a callee,24,0,not listed
0x27E5D,0x7E5D,byte-scan+walk,decoded-lcall,0x34C9,0x7CE0,yes,tail jump to a callee,24,0,not listed
0x27E62,0x7E62,byte-scan+walk,decoded-lcall,0x3689,0x7CE0,yes,tail jump to a callee,24,0,not listed
0x27E66,0x7E66,byte-scan+walk,decoded-lcall,0x349B,0x7CE0,yes,tail jump to a callee,24,0,not listed
0x27E69,0x7E69,byte-scan+walk,decoded-lcall,0x0FAF,0x7CE0,yes,tail jump to a callee,24,0,not listed
0x27E6E,0x7E6E,byte-scan+walk,decoded-lcall,0x36E6,0x7CE0,yes,tail jump to a callee,24,0,not listed
0x27E74,0x7E74,byte-scan+walk,decoded-lcall,0x0F0E,0x7CE0,yes,tail jump to a callee,24,0,not listed
0x27E85,0x7E85,byte-scan+walk,decoded-lcall,0x7E91,0x7CE0,yes,tail jump to a callee,24,0,not listed
0x27E8D,0x7E8D,byte-scan+walk,decoded-lcall,0xF672,0x7CE0,yes,tail jump to a callee,24,0,not listed
0x27E96,0x7E96,byte-scan+walk,decoded-lcall,0xF75C,0x7E91,yes,ret,24,0,not listed
0x27EBD,0x7EBD,byte-scan+walk,decoded-lcall,0xF75C,0x7E91,no,ret,24,0,not listed
0x27EC1,0x7EC1,byte-scan,operand,0x7F00,0x7E91,no,,0,24,not listed
0x27EEF,0x7EEF,byte-scan+walk,decoded-lcall,0x70BA,0x7E91,no,ret,21,3,not listed
0x27F19,0x7F19,byte-scan+walk,decoded-lcall,0xF755,0x7E91,no,ret,24,0,not listed
0x27F1D,0x7F1D,byte-scan,operand,0x7F00,0x7E91,no,,2,22,not listed
0x27F43,0x7F43,byte-scan+walk,decoded-lcall,0x6FC5,0x7E91,no,ret,24,0,not listed
0x27F4A,0x7F4A,byte-scan+walk,decoded-lcall,0x6FAF,0x7E91,no,ret,24,0,not listed
0x27F67,0x7F67,byte-scan+walk,decoded-lcall,0x10C8,0x7E91,no,ret,24,0,not listed
0x27F6D,0x7F6D,byte-scan+walk,decoded-lcall,0x10E8,0x7E91,no,ret,21,3,not listed
0x27F78,0x7F78,byte-scan+walk,decoded-lcall,0x5C3E,0x7E91,no,ret,24,0,not listed
0x27F80,0x7F80,byte-scan+walk,decoded-lcall,0xF739,0x7E91,no,ret,24,0,not listed
0x27F86,0x7F86,byte-scan+walk,decoded-lcall,0x1041,0x7E91,no,ret,22,2,not listed
0x27F9B,0x7F9B,byte-scan,operand,0x7D04,0x7E91,no,,0,24,not listed
0x27FA1,0x7FA1,byte-scan+walk,decoded-lcall,0x10C8,0x7E91,no,ret,24,0,not listed
0x27FA7,0x7FA7,byte-scan+walk,decoded-lcall,0x10E8,0x7E91,no,ret,21,3,not listed
0x27FC9,0x7FC9,byte-scan+walk,decoded-lcall,0xF4AB,0x7E91,no,ret,24,0,not listed
0x27FDF,0x7FDF,byte-scan+walk,decoded-lcall,0x7014,0x7E91,no,ret,24,0,not listed
0x27FE4,0x7FE4,byte-scan+walk,decoded-lcall,0x804B,0x7E91,no,ret,24,0,not listed
0x27FEE,0x7FEE,byte-scan+walk,decoded-lcall,0x7079,0x7E91,no,ret,24,0,not listed
0x27FF8,0x7FF8,byte-scan+walk,decoded-ljmp,0x8040,0x7E91,no,ret,24,0,not listed
0x2800E,0x800E,byte-scan+walk,decoded-lcall,0x7014,0x7E91,no,ret,24,0,not listed
0x28013,0x8013,byte-scan+walk,decoded-lcall,0x804B,0x7E91,no,ret,24,0,not listed
0x2801D,0x801D,byte-scan+walk,decoded-lcall,0x7079,0x7E91,no,ret,24,0,not listed
0x28036,0x8036,byte-scan+walk,decoded-lcall,0x7079,0x7E91,no,ret,24,0,not listed
0x28042,0x8042,byte-scan+walk,decoded-lcall,0x1041,0x7E91,no,ret,24,0,not listed
0x28050,0x8050,byte-scan,operand,0x12F4,0x7E91,no,,0,24,not listed
0x28051,0x8051,byte-scan+walk,decoded-lcall,0xF4AB,0x7E91,no,ret,23,1,not listed
0x28065,0x8065,byte-scan+walk,decoded-lcall,0x979A,0x805E,yes,ret,24,0,not listed
0x2806B,0x806B,byte-scan+walk,decoded-lcall,0x971B,0x805E,yes,ret,22,2,not listed
0x2807A,0x807A,byte-scan+walk,decoded-lcall,0x96FE,0x805E,yes,ret,24,0,not listed
0x28087,0x8087,byte-scan+walk,decoded-lcall,0xB074,0x805E,yes,ret,24,0,not listed
0x28091,0x8091,byte-scan+walk,decoded-lcall,0x96FF,0x805E,yes,ret,24,0,not listed
0x280A0,0x80A0,byte-scan,operand,0x7C00,0x805E,yes,,1,23,not listed
0x280B0,0x80B0,byte-scan+walk,decoded-lcall,0x96FF,0x805E,yes,ret,24,0,not listed
0x280BC,0x80BC,byte-scan+walk,decoded-lcall,0x96FE,0x805E,yes,ret,24,0,not listed
0x280C4,0x80C4,byte-scan,operand,0x1282,0x805E,yes,,0,24,not listed
0x280C5,0x80C5,byte-scan+walk,decoded-lcall,0x8210,0x805E,yes,ret,23,1,not listed
0x280CC,0x80CC,byte-scan+walk,decoded-lcall,0x96ED,0x805E,yes,ret,24,0,not listed
0x280D3,0x80D3,byte-scan+walk,decoded-lcall,0xF739,0x805E,yes,ret,24,0,not listed
0x280D6,0x80D6,byte-scan+walk,decoded-lcall,0x972B,0x805E,yes,ret,24,0,not listed
0x280E0,0x80E0,byte-scan+walk,decoded-lcall,0x9784,0x805E,yes,ret,24,0,not listed
0x280E8,0x80E8,byte-scan+walk,decoded-lcall,0x96EB,0x805E,yes,ret,24,0,not listed
0x280F4,0x80F4,byte-scan+walk,decoded-lcall,0x97CB,0x805E,yes,ret,24,0,not listed
0x280FC,0x80FC,byte-scan+walk,decoded-lcall,0x8210,0x805E,yes,ret,23,1,not listed
0x28103,0x8103,byte-scan+walk,decoded-lcall,0x9764,0x805E,yes,ret,24,0,not listed
0x28106,0x8106,byte-scan+walk,decoded-lcall,0x0FAF,0x805E,yes,ret,22,2,not listed
0x2810B,0x810B,byte-scan+walk,decoded-lcall,0x9792,0x805E,yes,ret,24,0,not listed
0x2811B,0x811B,byte-scan+walk,decoded-lcall,0xB074,0x805E,yes,ret,24,0,not listed
0x28121,0x8121,byte-scan+walk,decoded-lcall,0x975F,0x805E,yes,ret,23,1,not listed
0x28124,0x8124,byte-scan+walk,decoded-lcall,0x104D,0x805E,yes,ret,24,0,not listed
0x28138,0x8138,byte-scan+walk,decoded-lcall,0x97B9,0x805E,yes,ret,24,0,not listed
0x28141,0x8141,byte-scan,operand,0x7D00,0x805E,yes,,1,23,not listed
0x28146,0x8146,byte-scan+walk,decoded-lcall,0xF1B0,0x805E,yes,ret,24,0,not listed
0x28149,0x8149,byte-scan+walk,decoded-lcall,0xF739,0x805E,yes,ret,23,1,not listed
0x2814C,0x814C,byte-scan+walk,decoded-lcall,0x972B,0x805E,yes,ret,24,0,not listed
0x2814F,0x814F,byte-scan+walk,decoded-lcall,0x9768,0x805E,yes,ret,24,0,not listed
0x28152,0x8152,byte-scan+walk,decoded-lcall,0x982F,0x805E,yes,ret,24,0,not listed
0x28158,0x8158,byte-scan,operand,0xF9F8,0x805E,yes,,1,23,not listed
0x2815C,0x815C,byte-scan+walk,decoded-lcall,0x0F0E,0x805E,yes,ret,24,0,not listed
0x28161,0x8161,byte-scan+walk,decoded-lcall,0x975F,0x805E,yes,ret,23,1,not listed
0x28164,0x8164,byte-scan+walk,decoded-lcall,0x104D,0x805E,yes,ret,24,0,not listed
0x2816F,0x816F,byte-scan+walk,decoded-lcall,0xF1B0,0x805E,yes,ret,24,0,not listed
0x28187,0x8187,byte-scan,operand,0xC001,0x805E,yes,,1,23,not listed
0x28195,0x8195,byte-scan+walk,decoded-lcall,0x10E8,0x805E,yes,ret,24,0,not listed
0x281AB,0x81AB,byte-scan+walk,decoded-lcall,0x10E8,0x805E,no,ret,24,0,not listed
0x281B6,0x81B6,byte-scan,operand,0x12D7,0x805E,no,,1,23,not listed
0x281B7,0x81B7,byte-scan+walk,decoded-lcall,0xD7E4,0x805E,no,ret,22,2,not listed
0x281BE,0x81BE,byte-scan+walk,decoded-lcall,0x9751,0x805E,no,ret,24,0,not listed
0x281CA,0x81CA,byte-scan+walk,decoded-lcall,0x980A,0x805E,no,ret,24,0,not listed
0x281D0,0x81D0,byte-scan+walk,decoded-lcall,0x9818,0x805E,no,ret,24,0,not listed
0x281D6,0x81D6,byte-scan+walk,decoded-lcall,0x96ED,0x805E,no,ret,24,0,not listed
0x281E0,0x81E0,byte-scan+walk,decoded-lcall,0x96EB,0x805E,no,ret,24,0,not listed
0x281E8,0x81E8,byte-scan+walk,decoded-lcall,0x980A,0x805E,no,ret,24,0,not listed
0x281ED,0x81ED,byte-scan+walk,decoded-lcall,0x9799,0x805E,no,ret,24,0,not listed
0x281F7,0x81F7,byte-scan+walk,decoded-lcall,0x9818,0x805E,no,ret,24,0,not listed
0x281FC,0x81FC,byte-scan+walk,decoded-lcall,0x971C,0x805E,no,ret,24,0,not listed
0x2820C,0x820C,byte-scan+walk,decoded-lcall,0xDC29,0x805E,no,ret,24,0,not listed
0x28217,0x8217,byte-scan+walk,decoded-lcall,0xDC29,0x8210,yes,ret,24,0,not listed
0x28238,0x8238,byte-scan+walk,decoded-lcall,0x9988,0x821B,yes,tail jump to a callee,24,0,not listed
0x2823B,0x823B,byte-scan+walk,decoded-lcall,0x99C9,0x821B,yes,tail jump to a callee,22,2,not listed
0x28252,0x8252,byte-scan+walk,decoded-lcall,0x10C8,0x821B,yes,tail jump to a callee,24,0,not listed
0x28258,0x8258,byte-scan+walk,decoded-lcall,0x10E8,0x821B,yes,tail jump to a callee,24,0,not listed
0x28265,0x8265,byte-scan+walk,decoded-lcall,0x7EA1,0x821B,no,tail jump to a callee,24,0,not listed
0x28271,0x8271,byte-scan+walk,decoded-ljmp,0x8372,0x821B,no,tail jump to a callee,24,0,not listed
0x2827C,0x827C,byte-scan+walk,decoded-lcall,0x99C1,0x821B,no,tail jump to a callee,22,2,not listed
0x2827F,0x827F,byte-scan+walk,decoded-lcall,0x998F,0x821B,no,tail jump to a callee,20,4,not listed
0x28288,0x8288,byte-scan+walk,decoded-lcall,0x11C2,0x821B,no,tail jump to a callee,24,0,not listed
0x2828D,0x828D,walk,decoded-ljmp,0x8006,0x821B,no,tail jump to a callee,24,0,not listed
0x28296,0x8296,byte-scan,unreached-by-this-method,0x82C7,0x821B,no,,24,0,not listed
0x282A6,0x82A6,byte-scan,unreached-by-this-method,0x82C7,0x821B,no,,24,0,not listed
0x282B6,0x82B6,byte-scan,unreached-by-this-method,0x82C7,0x821B,no,,1,23,not listed
0x282CA,0x82CA,byte-scan,unreached-by-this-method,0x99C0,0x821B,no,,24,0,not listed
0x282CD,0x82CD,byte-scan,unreached-by-this-method,0x998F,0x821B,no,,22,2,not listed
0x282D0,0x82D0,byte-scan,unreached-by-this-method,0x104D,0x821B,no,,20,4,not listed
0x282DA,0x82DA,byte-scan,unreached-by-this-method,0x99C0,0x821B,no,,22,2,not listed
0x282DD,0x82DD,byte-scan,unreached-by-this-method,0x998F,0x821B,no,,20,4,not listed
0x282E0,0x82E0,byte-scan,unreached-by-this-method,0x104D,0x821B,no,,18,6,not listed
0x282EC,0x82EC,byte-scan,unreached-by-this-method,0x9A22,0x821B,no,,24,0,not listed
0x28302,0x8302,byte-scan,unreached-by-this-method,0x104D,0x821B,no,,24,0,not listed
0x2830C,0x830C,byte-scan,mid-instruction,0x7A00,0x821B,no,,0,24,not listed
0x28314,0x8314,byte-scan,unreached-by-this-method,0x104D,0x821B,no,,24,0,not listed
0x2831B,0x831B,byte-scan,unreached-by-this-method,0x9A32,0x821B,no,,18,6,not listed
0x28323,0x8323,byte-scan,unreached-by-this-method,0x104D,0x821B,no,,24,0,not listed
0x2832A,0x832A,byte-scan,unreached-by-this-method,0x9A32,0x821B,no,,18,6,not listed
0x28339,0x8339,byte-scan,unreached-by-this-method,0x9A1C,0x821B,no,,24,0,not listed
0x2833D,0x833D,byte-scan,unreached-by-this-method,0x998F,0x821B,no,,24,0,not listed
0x28340,0x8340,byte-scan,unreached-by-this-method,0x104D,0x821B,no,,22,2,not listed
0x2834A,0x834A,byte-scan,unreached-by-this-method,0x9A1B,0x821B,no,,22,2,not listed
0x2834E,0x834E,byte-scan,unreached-by-this-method,0x998F,0x821B,no,,24,0,not listed
0x28351,0x8351,byte-scan,unreached-by-this-method,0x104D,0x821B,no,,22,2,not listed
0x2835B,0x835B,byte-scan,unreached-by-this-method,0x104D,0x821B,no,,24,0,not listed
0x28368,0x8368,byte-scan,mid-instruction,0x129A,0x821B,no,,0,24,not listed
0x28369,0x8369,byte-scan,unreached-by-this-method,0x9A34,0x821B,no,,23,1,not listed
0x2836C,0x836C,byte-scan,unreached-by-this-method,0xCCB7,0x821B,no,,21,3,not listed
0x2837B,0x837B,byte-scan+walk,decoded-lcall,0x9A59,0x821B,no,ret,23,1,not listed
0x2837E,0x837E,byte-scan+walk,decoded-lcall,0x998B,0x821B,no,ret,24,0,not listed
0x28383,0x8383,byte-scan+walk,decoded-lcall,0x9984,0x821B,no,ret,24,0,not listed
0x28386,0x8386,byte-scan+walk,decoded-lcall,0x99C9,0x821B,no,ret,24,0,not listed
0x28389,0x8389,byte-scan+walk,decoded-lcall,0x9AB4,0x821B,no,ret,24,0,not listed
0x2838D,0x838D,byte-scan+walk,decoded-lcall,0x9A3C,0x821B,no,ret,22,2,not listed
0x28391,0x8391,byte-scan+walk,decoded-lcall,0x998F,0x821B,no,ret,24,0,not listed
0x28394,0x8394,byte-scan+walk,decoded-lcall,0x99C9,0x821B,no,ret,22,2,not listed
0x2839F,0x839F,byte-scan+walk,decoded-lcall,0x9A59,0x821B,no,ret,24,0,not listed
0x283A2,0x83A2,byte-scan+walk,decoded-lcall,0x998B,0x821B,no,ret,24,0,not listed
0x283A7,0x83A7,byte-scan+walk,decoded-lcall,0x9984,0x821B,no,ret,24,0,not listed
0x283AD,0x83AD,byte-scan+walk,decoded-lcall,0x99CC,0x821B,no,ret,24,0,not listed
0x283B0,0x83B0,byte-scan+walk,decoded-lcall,0x9AB4,0x821B,no,ret,24,0,not listed
0x283B4,0x83B4,byte-scan+walk,decoded-lcall,0x9A3C,0x821B,no,ret,22,2,not listed
0x283B8,0x83B8,byte-scan+walk,decoded-lcall,0x998F,0x821B,no,ret,24,0,not listed
0x283BE,0x83BE,byte-scan+walk,decoded-lcall,0x99CC,0x821B,no,ret,24,0,not listed
0x283CC,0x83CC,byte-scan,unreached-by-this-method,0x37AE,0x821B,no,,22,2,not listed
0x283CF,0x83CF,byte-scan,unreached-by-this-method,0x11C2,0x821B,no,,20,4,not listed
0x283D5,0x83D5,byte-scan,unreached-by-this-method,0x847B,0x821B,no,,24,0,not listed
0x283DB,0x83DB,byte-scan,mid-instruction,0x04FF,0x821B,no,,0,24,not listed
0x283EA,0x83EA,byte-scan,unreached-by-this-method,0xD83D,0x821B,no,,24,0,not listed
0x283F0,0x83F0,byte-scan,unreached-by-this-method,0x104D,0x821B,no,,24,0,not listed
0x283F7,0x83F7,byte-scan,unreached-by-this-method,0x8564,0x821B,no,,18,6,not listed
0x283FD,0x83FD,byte-scan,unreached-by-this-method,0x104D,0x821B,no,,14,10,not listed
0x28407,0x8407,byte-scan,unreached-by-this-method,0x388D,0x821B,no,,22,2,not listed
0x2840A,0x840A,byte-scan,unreached-by-this-method,0x7CE0,0x821B,no,,20,4,not listed
0x28410,0x8410,byte-scan,unreached-by-this-method,0x104D,0x821B,no,,22,2,not listed
0x28421,0x8421,byte-scan,unreached-by-this-method,0x7CE0,0x821B,no,,24,0,not listed
0x28427,0x8427,byte-scan,unreached-by-this-method,0x34D9,0x821B,no,,22,2,not listed
0x2842A,0x842A,byte-scan,unreached-by-this-method,0x36A1,0x821B,no,,23,1,not listed
0x2842F,0x842F,byte-scan,unreached-by-this-method,0x856F,0x821B,no,,24,0,not listed
0x28432,0x8432,byte-scan,unreached-by-this-method,0x347B,0x821B,no,,23,1,not listed
0x28435,0x8435,byte-scan,unreached-by-this-method,0x104D,0x821B,no,,23,1,not listed
0x2843C,0x843C,byte-scan,unreached-by-this-method,0x3519,0x821B,no,,17,7,not listed
0x2843F,0x843F,byte-scan,unreached-by-this-method,0x3497,0x821B,no,,24,0,not listed
0x28442,0x8442,byte-scan,unreached-by-this-method,0x104D,0x821B,no,,24,0,not listed
0x28448,0x8448,byte-scan,unreached-by-this-method,0x801A,0x821B,no,,5,19,not listed
0x2844B,0x844B,byte-scan,unreached-by-this-method,0x856F,0x821B,no,,24,0,not listed
0x2844E,0x844E,byte-scan,unreached-by-this-method,0x347B,0x821B,no,,23,1,not listed
0x28451,0x8451,byte-scan,unreached-by-this-method,0x104D,0x821B,no,,23,1,not listed
0x28458,0x8458,byte-scan,unreached-by-this-method,0x3519,0x821B,no,,17,7,not listed
0x2845B,0x845B,byte-scan,unreached-by-this-method,0x3497,0x821B,no,,24,0,not listed
0x2845E,0x845E,byte-scan,unreached-by-this-method,0x104D,0x821B,no,,24,0,not listed
0x28468,0x8468,byte-scan,unreached-by-this-method,0x104D,0x821B,no,,24,0,not listed
0x28478,0x8478,byte-scan,unreached-by-this-method,0x855E,0x821B,no,,24,0,not listed
0x2847E,0x847E,byte-scan,unreached-by-this-method,0x357E,0x821B,no,,21,3,not listed
0x28481,0x8481,byte-scan,unreached-by-this-method,0x3497,0x821B,no,,23,1,not listed
0x28484,0x8484,byte-scan,unreached-by-this-method,0x104D,0x821B,no,,24,0,not listed
0x2848B,0x848B,byte-scan,unreached-by-this-method,0x3519,0x821B,no,,24,0,not listed
0x2848E,0x848E,byte-scan,unreached-by-this-method,0x3497,0x821B,no,,24,0,not listed
0x28491,0x8491,byte-scan,unreached-by-this-method,0x104D,0x821B,no,,24,0,not listed
0x2849D,0x849D,byte-scan,unreached-by-this-method,0xF75C,0x821B,no,,24,0,not listed
0x284A6,0x84A6,byte-scan,unreached-by-this-method,0x7D00,0x821B,no,,1,23,not listed
0x284AE,0x84AE,byte-scan,unreached-by-this-method,0xEF79,0x821B,no,,24,0,not listed
0x284B4,0x84B4,byte-scan,unreached-by-this-method,0x104D,0x821B,no,,24,0,not listed
0x284BB,0x84BB,byte-scan,unreached-by-this-method,0x8564,0x821B,no,,18,6,not listed
0x284C1,0x84C1,byte-scan,unreached-by-this-method,0x104D,0x821B,no,,24,0,not listed
0x284D3,0x84D3,byte-scan,unreached-by-this-method,0xCCB7,0x821B,no,,24,0,not listed
0x284D9,0x84D9,byte-scan,unreached-by-this-method,0x34D9,0x821B,no,,20,4,not listed
0x284DC,0x84DC,byte-scan,unreached-by-this-method,0x36A1,0x821B,no,,23,1,not listed
0x284E1,0x84E1,byte-scan,unreached-by-this-method,0x8563,0x821B,no,,24,0,not listed
0x284E4,0x84E4,byte-scan,unreached-by-this-method,0xF739,0x821B,no,,22,2,not listed
0x284EA,0x84EA,byte-scan,unreached-by-this-method,0x347B,0x821B,no,,22,2,not listed
0x284ED,0x84ED,byte-scan,unreached-by-this-method,0x104D,0x821B,no,,23,1,not listed
0x284F4,0x84F4,byte-scan,unreached-by-this-method,0x3519,0x821B,no,,24,0,not listed
0x284F7,0x84F7,byte-scan,unreached-by-this-method,0x3497,0x821B,no,,24,0,not listed
0x284FA,0x84FA,byte-scan,unreached-by-this-method,0x104D,0x821B,no,,24,0,not listed
0x28500,0x8500,byte-scan,unreached-by-this-method,0x2290,0x821B,no,,5,19,not listed
0x28507,0x8507,byte-scan,unreached-by-this-method,0xF56B,0x821B,no,,24,0,not listed
0x28514,0x8514,byte-scan,unreached-by-this-method,0x34DA,0x821B,no,,24,0,not listed
0x28517,0x8517,byte-scan,unreached-by-this-method,0x36A1,0x821B,no,,23,1,not listed
0x2851C,0x851C,byte-scan,unreached-by-this-method,0x3841,0x821B,no,,24,0,not listed
0x2851F,0x851F,byte-scan,unreached-by-this-method,0x3497,0x821B,no,,22,2,not listed
0x28522,0x8522,byte-scan,unreached-by-this-method,0x104D,0x821B,no,,24,0,not listed
0x28529,0x8529,byte-scan,unreached-by-this-method,0x3519,0x821B,no,,24,0,not listed
0x2852C,0x852C,byte-scan,unreached-by-this-method,0x3497,0x821B,no,,24,0,not listed
0x2852F,0x852F,byte-scan,unreached-by-this-method,0x104D,0x821B,no,,24,0,not listed
0x28539,0x8539,byte-scan,unreached-by-this-method,0x38EC,0x821B,no,,22,2,not listed
0x2853C,0x853C,byte-scan,unreached-by-this-method,0xF407,0x821B,no,,24,0,not listed
0x28545,0x8545,byte-scan,unreached-by-this-method,0x39A5,0x821B,no,,21,3,not listed
0x28548,0x8548,byte-scan,unreached-by-this-method,0xD83D,0x821B,no,,24,0,not listed
0x2854E,0x854E,byte-scan,unreached-by-this-method,0x104D,0x821B,no,,24,0,not listed
0x28560,0x8560,byte-scan,unreached-by-this-method,0xCCB7,0x821B,no,,24,0,not listed
0x2856B,0x856B,byte-scan,unreached-by-this-method,0xC24E,0x821B,no,,23,1,not listed
0x2856F,0x856F,byte-scan+walk,decoded-lcall,0xF739,0x856F,yes,ret,24,0,not listed
0x28583,0x8583,byte-scan+walk,decoded-lcall,0x34DA,0x8576,yes,ret,24,0,not listed
0x28586,0x8586,byte-scan+walk,decoded-lcall,0x36E9,0x8576,yes,ret,23,1,not listed
0x2858C,0x858C,byte-scan+walk,decoded-ljmp,0x861A,0x8576,yes,ret,24,0,not listed
0x28590,0x8590,byte-scan+walk,decoded-lcall,0x350B,0x8576,yes,ret,24,0,not listed
0x2859C,0x859C,byte-scan+walk,decoded-lcall,0x34D9,0x8576,yes,ret,20,4,not listed
0x2859F,0x859F,byte-scan+walk,decoded-lcall,0x37ED,0x8576,yes,ret,23,1,not listed
0x285A2,0x85A2,byte-scan+walk,decoded-lcall,0x34CC,0x8576,yes,ret,24,0,not listed
0x285AA,0x85AA,byte-scan,operand,0x7F00,0x8576,yes,,1,23,not listed
0x285BD,0x85BD,byte-scan+walk,decoded-lcall,0x3497,0x8576,yes,ret,20,4,not listed
0x285C0,0x85C0,byte-scan+walk,decoded-lcall,0x0FAF,0x8576,yes,ret,24,0,not listed
0x285CF,0x85CF,byte-scan+walk,decoded-lcall,0xF2A3,0x8576,yes,ret,24,0,not listed
0x285D8,0x85D8,byte-scan+walk,decoded-lcall,0x104D,0x8576,yes,ret,24,0,not listed
0x285EA,0x85EA,byte-scan+walk,decoded-lcall,0xCCB7,0x8576,yes,ret,24,0,not listed
0x285F0,0x85F0,byte-scan+walk,decoded-lcall,0x34A5,0x8576,yes,ret,20,4,not listed
0x285F3,0x85F3,byte-scan+walk,decoded-lcall,0x349B,0x8576,yes,ret,24,0,not listed
0x285FA,0x85FA,byte-scan+walk,decoded-lcall,0x0FAF,0x8576,yes,ret,23,1,not listed
0x28606,0x8606,byte-scan+walk,decoded-lcall,0x1041,0x8576,yes,ret,24,0,not listed
0x2860E,0x860E,byte-scan+walk,decoded-lcall,0x3604,0x8576,yes,ret,24,0,not listed
0x28617,0x8617,byte-scan+walk,decoded-lcall,0x8D41,0x8576,yes,ret,24,0,not listed
0x2861D,0x861D,byte-scan+walk,decoded-lcall,0x34A5,0x8576,yes,ret,21,3,not listed
0x28620,0x8620,byte-scan+walk,decoded-lcall,0x349B,0x8576,yes,ret,24,0,not listed
0x28623,0x8623,byte-scan+walk,decoded-lcall,0x3A0E,0x8576,yes,ret,24,0,not listed
0x28626,0x8626,byte-scan+walk,decoded-lcall,0x34C9,0x8576,yes,ret,24,0,not listed
0x2862E,0x862E,byte-scan+walk,decoded-lcall,0x34ED,0x8576,yes,ret,22,2,not listed
0x28632,0x8632,byte-scan+walk,decoded-lcall,0x349B,0x8576,yes,ret,24,0,not listed
0x2863E,0x863E,byte-scan+walk,decoded-lcall,0x8716,0x8576,yes,ret,24,0,not listed
0x2864A,0x864A,byte-scan+walk,decoded-lcall,0xF5C3,0x8576,yes,ret,24,0,not listed
0x28655,0x8655,byte-scan+walk,decoded-lcall,0xF75C,0x8576,yes,ret,24,0,not listed
0x2865F,0x865F,byte-scan+walk,decoded-lcall,0xF61C,0x8576,yes,ret,24,0,not listed
0x28674,0x8674,byte-scan,operand,0x6009,0x8576,yes,,0,24,not listed
0x28683,0x8683,byte-scan+walk,decoded-lcall,0x104D,0x8576,yes,ret,24,0,not listed
0x2868D,0x868D,byte-scan+walk,decoded-lcall,0x39AC,0x8576,yes,ret,22,2,not listed
0x28692,0x8692,byte-scan+walk,decoded-lcall,0xCCB7,0x8576,no,ret,24,0,not listed
0x28695,0x8695,byte-scan+walk,decoded-lcall,0x8716,0x8576,no,ret,22,2,not listed
0x2869F,0x869F,byte-scan+walk,decoded-lcall,0x6673,0x8576,no,ret,24,0,not listed
0x286A5,0x86A5,byte-scan+walk,decoded-lcall,0x34FB,0x8576,no,ret,22,2,not listed
0x286A9,0x86A9,byte-scan+walk,decoded-lcall,0x349B,0x8576,no,ret,24,0,not listed
0x286AC,0x86AC,byte-scan+walk,decoded-lcall,0x0FAF,0x8576,no,ret,24,0,not listed
0x286B0,0x86B0,byte-scan+walk,decoded-lcall,0x34CE,0x8576,no,ret,24,0,not listed
0x286B5,0x86B5,byte-scan+walk,decoded-lcall,0xF739,0x8576,no,ret,23,1,not listed
0x286B8,0x86B8,byte-scan+walk,decoded-lcall,0x3872,0x8576,no,ret,24,0,not listed
0x286BE,0x86BE,byte-scan+walk,decoded-lcall,0x34FB,0x8576,no,ret,20,4,not listed
0x286C2,0x86C2,byte-scan+walk,decoded-lcall,0x349B,0x8576,no,ret,24,0,not listed
0x286C5,0x86C5,byte-scan+walk,decoded-lcall,0x3750,0x8576,no,ret,24,0,not listed
0x286D3,0x86D3,byte-scan+walk,decoded-lcall,0x3497,0x8576,no,ret,24,0,not listed
0x286D6,0x86D6,byte-scan+walk,decoded-lcall,0x383A,0x8576,no,ret,24,0,not listed
0x286E0,0x86E0,byte-scan+walk,decoded-lcall,0x351A,0x8576,no,ret,24,0,not listed
0x286E3,0x86E3,byte-scan+walk,decoded-lcall,0x3497,0x8576,no,ret,24,0,not listed
0x286E6,0x86E6,byte-scan+walk,decoded-lcall,0x0FAF,0x8576,no,ret,24,0,not listed
0x286F0,0x86F0,byte-scan+walk,decoded-lcall,0x3497,0x8576,no,ret,22,2,not listed
0x286FB,0x86FB,byte-scan+walk,decoded-lcall,0x36B9,0x8576,no,ret,22,2,not listed
0x286FE,0x86FE,byte-scan+walk,decoded-lcall,0x3497,0x8576,no,ret,20,4,not listed
0x28701,0x8701,byte-scan+walk,decoded-lcall,0x104D,0x8576,no,ret,24,0,not listed
0x28708,0x8708,byte-scan+walk,decoded-lcall,0x3841,0x8576,no,ret,24,0,not listed
0x2870B,0x870B,byte-scan+walk,decoded-lcall,0x3497,0x8576,no,ret,22,2,not listed
0x2870E,0x870E,byte-scan+walk,decoded-lcall,0x104D,0x8576,no,ret,24,0,not listed
0x2871B,0x871B,byte-scan+walk,decoded-lcall,0xF22E,0x8716,yes,ret,24,0,not listed
0x2872B,0x872B,byte-scan,unreached-by-this-method,0x10BC,0x8716,no,,22,2,not listed
0x28736,0x8736,byte-scan,unreached-by-this-method,0x10C8,0x8716,no,,24,0,not listed
0x2874A,0x874A,byte-scan,unreached-by-this-method,0x0D38,0x8716,no,,24,0,not listed
0x28753,0x8753,byte-scan,unreached-by-this-method,0x10C8,0x8716,no,,24,0,not listed
0x28765,0x8765,byte-scan,unreached-by-this-method,0x10C8,0x8716,no,,24,0,not listed
0x28775,0x8775,byte-scan,unreached-by-this-method,0x0BC4,0x8716,no,,24,0,not listed
0x2877F,0x877F,byte-scan,unreached-by-this-method,0x0F32,0x8716,no,,24,0,not listed
0x2879F,0x879F,byte-scan,unreached-by-this-method,0x0FAF,0x8716,no,,24,0,not listed
0x287A4,0x87A4,byte-scan,unreached-by-this-method,0x0C8C,0x8716,no,,24,0,not listed
0x287D7,0x87D7,byte-scan,unreached-by-this-method,0x0F0E,0x8716,no,,24,0,not listed
0x287E5,0x87E5,byte-scan,unreached-by-this-method,0x10BC,0x8716,no,,22,2,not listed
0x287F3,0x87F3,byte-scan,unreached-by-this-method,0x0F32,0x8716,no,,24,0,not listed
0x28805,0x8805,byte-scan,unreached-by-this-method,0x10BC,0x8716,no,,24,0,not listed
0x28815,0x8815,byte-scan+walk,decoded-lcall,0x10E8,0x8814,yes,ret,24,0,not listed
0x2881E,0x881E,byte-scan,unreached-by-this-method,0x10C8,0x8814,no,,24,0,not listed
0x2882E,0x882E,byte-scan,unreached-by-this-method,0x0BC4,0x8814,no,,24,0,not listed
0x2883F,0x883F,byte-scan,unreached-by-this-method,0x10C8,0x8814,no,,24,0,not listed
0x2884B,0x884B,byte-scan,unreached-by-this-method,0x0D38,0x8814,no,,24,0,not listed
0x28856,0x8856,byte-scan,unreached-by-this-method,0x10BC,0x8814,no,,24,0,not listed
0x28861,0x8861,byte-scan,unreached-by-this-method,0x0F32,0x8814,no,,24,0,not listed
0x2886D,0x886D,byte-scan,unreached-by-this-method,0x10C8,0x8814,no,,24,0,not listed
0x28874,0x8874,byte-scan,unreached-by-this-method,0x10C8,0x8814,no,,24,0,not listed
0x2887F,0x887F,byte-scan,unreached-by-this-method,0x10BC,0x8814,no,,24,0,not listed
0x28882,0x8882,byte-scan,unreached-by-this-method,0x1041,0x8814,no,,22,2,not listed
0x28898,0x8898,byte-scan,unreached-by-this-method,0x10E8,0x8814,no,,24,0,not listed
0x2889E,0x889E,byte-scan,mid-instruction,0x7D60,0x8814,no,,0,24,not listed
0x288A1,0x88A1,byte-scan,unreached-by-this-method,0x0C7A,0x8814,no,,23,1,not listed
0x288AA,0x88AA,byte-scan,unreached-by-this-method,0x128D,0x8814,no,,23,1,not listed
0x288AB,0x88AB,byte-scan,unreached-by-this-method,0x8D90,0x8814,no,,1,23,not listed
0x288D2,0x88D2,byte-scan+walk,decoded-lcall,0x104D,0x88BE,yes,tail jump to a callee,24,0,not listed
0x28900,0x8900,byte-scan+walk,decoded-lcall,0x6FD4,0x88BE,yes,tail jump to a callee,24,0,not listed
0x2890F,0x890F,byte-scan,operand,0x126F,0x88BE,yes,,0,24,not listed
0x28910,0x8910,byte-scan+walk,decoded-lcall,0x6FD5,0x88BE,yes,tail jump to a callee,23,1,not listed
0x28917,0x8917,byte-scan+walk,decoded-lcall,0x06B1,0x88BE,yes,tail jump to a callee,24,0,not listed
0x28922,0x8922,byte-scan+walk,decoded-lcall,0x6FD4,0x88BE,yes,tail jump to a callee,22,2,not listed
0x28929,0x8929,byte-scan+walk,decoded-lcall,0x06B1,0x88BE,yes,tail jump to a callee,24,0,not listed
0x28934,0x8934,byte-scan+walk,decoded-lcall,0x05A6,0x88BE,yes,tail jump to a callee,24,0,not listed
0x28937,0x8937,byte-scan+walk,decoded-lcall,0x06EA,0x88BE,yes,tail jump to a callee,23,1,not listed
0x2894B,0x894B,byte-scan+walk,decoded-lcall,0x1041,0x88BE,yes,tail jump to a callee,24,0,not listed
0x28951,0x8951,byte-scan+walk,decoded-lcall,0x70F8,0x88BE,yes,tail jump to a callee,24,0,not listed
0x28957,0x8957,byte-scan+walk,decoded-lcall,0x70BB,0x88BE,yes,tail jump to a callee,24,0,not listed
0x28961,0x8961,byte-scan+walk,decoded-lcall,0x70BA,0x88BE,yes,tail jump to a callee,24,0,not listed
0x2896A,0x896A,byte-scan,operand,0x067A,0x88BE,yes,,0,24,not listed
0x28979,0x8979,byte-scan+walk,decoded-lcall,0x10E8,0x88BE,yes,tail jump to a callee,21,3,not listed
0x28981,0x8981,byte-scan+walk,decoded-lcall,0x701A,0x88BE,no,tail jump to a callee,24,0,not listed
0x28986,0x8986,byte-scan+walk,decoded-lcall,0x718D,0x88BE,no,tail jump to a callee,24,0,not listed
0x28989,0x8989,byte-scan+walk,decoded-lcall,0xF4AB,0x88BE,no,tail jump to a callee,23,1,not listed
0x28993,0x8993,byte-scan+walk,decoded-lcall,0xF41A,0x88BE,no,tail jump to a callee,24,0,not listed
0x2899B,0x899B,byte-scan+walk,decoded-lcall,0xF390,0x88BE,no,tail jump to a callee,24,0,not listed
0x289A2,0x89A2,byte-scan+walk,decoded-lcall,0x70D9,0x88BE,no,tail jump to a callee,24,0,not listed
0x289A5,0x89A5,byte-scan+walk,decoded-lcall,0x0FAF,0x88BE,no,tail jump to a callee,23,1,not listed
0x289B6,0x89B6,byte-scan+walk,decoded-lcall,0x0F0E,0x88BE,no,tail jump to a callee,24,0,not listed
0x289BE,0x89BE,byte-scan,operand,0x7F00,0x88BE,no,,1,23,not listed
0x289D7,0x89D7,byte-scan+walk,decoded-lcall,0x10BC,0x88BE,no,tail jump to a callee,20,4,not listed
0x289E1,0x89E1,byte-scan+walk,decoded-lcall,0x10C8,0x88BE,no,tail jump to a callee,24,0,not listed
0x289E7,0x89E7,byte-scan+walk,decoded-lcall,0x0D38,0x88BE,no,tail jump to a callee,21,3,not listed
0x28A0A,0x8A0A,byte-scan,operand,0xF080,0x88BE,no,,1,23,not listed
0x28A1B,0x8A1B,byte-scan+walk,decoded-lcall,0xF7A5,0x88BE,no,tail jump to a callee,24,0,not listed
0x28A25,0x8A25,byte-scan+walk,decoded-lcall,0xF686,0x88BE,no,tail jump to a callee,24,0,not listed
0x28A2B,0x8A2B,byte-scan+walk,decoded-lcall,0x6FAD,0x88BE,no,tail jump to a callee,24,0,not listed
0x28A30,0x8A30,byte-scan+walk,decoded-lcall,0xB8DB,0x88BE,no,tail jump to a callee,24,0,not listed
0x28A36,0x8A36,byte-scan+walk,decoded-lcall,0x104D,0x88BE,no,tail jump to a callee,24,0,not listed
0x28A47,0x8A47,byte-scan+walk,decoded-ljmp,0xA339,0x88BE,no,tail jump to a callee,24,0,not listed
0x28A54,0x8A54,byte-scan+walk,decoded-lcall,0x805E,0x8A4A,yes,tail jump to a callee,24,0,not listed
0x28A57,0x8A57,byte-scan+walk,decoded-lcall,0x96E8,0x8A4A,yes,tail jump to a callee,24,0,not listed
0x28A5F,0x8A5F,byte-scan+walk,decoded-lcall,0x9750,0x8A4A,yes,tail jump to a callee,24,0,not listed
0x28A66,0x8A66,byte-scan+walk,decoded-ljmp,0x8BBF,0x8A4A,yes,tail jump to a callee,24,0,not listed
0x28A6D,0x8A6D,byte-scan+walk,decoded-lcall,0x96ED,0x8A4A,yes,tail jump to a callee,24,0,not listed
0x28A75,0x8A75,byte-scan+walk,decoded-lcall,0x96ED,0x8A4A,yes,tail jump to a callee,24,0,not listed
0x28A7A,0x8A7A,byte-scan,operand,0xF012,0x8A4A,yes,,0,24,not listed
0x28A7C,0x8A7C,byte-scan+walk,decoded-lcall,0x973C,0x8A4A,yes,tail jump to a callee,23,1,not listed
0x28A7F,0x8A7F,byte-scan+walk,decoded-lcall,0x97E5,0x8A4A,yes,tail jump to a callee,24,0,not listed
0x28A84,0x8A84,byte-scan+walk,decoded-ljmp,0x8BBF,0x8A4A,yes,tail jump to a callee,24,0,not listed
0x28A87,0x8A87,byte-scan+walk,decoded-lcall,0x8BC0,0x8A4A,yes,tail jump to a callee,23,1,not listed
0x28A8A,0x8A8A,byte-scan+walk,decoded-lcall,0x97EF,0x8A4A,yes,tail jump to a callee,22,2,not listed
0x28A8F,0x8A8F,byte-scan+walk,decoded-ljmp,0x1041,0x8A4A,yes,tail jump to a callee,24,0,not listed
0x28A92,0x8A92,byte-scan+walk,decoded-lcall,0x96E8,0x8A4A,yes,tail jump to a callee,22,2,not listed
0x28A99,0x8A99,byte-scan+walk,decoded-ljmp,0x8B30,0x8A4A,yes,tail jump to a callee,24,0,not listed
0x28A9E,0x8A9E,byte-scan+walk,decoded-lcall,0x97B8,0x8A4A,yes,tail jump to a callee,24,0,not listed
0x28AA8,0x8AA8,byte-scan+walk,decoded-lcall,0xCDB7,0x8A4A,yes,tail jump to a callee,23,1,not listed
0x28AB7,0x8AB7,byte-scan+walk,decoded-lcall,0xEBE4,0x8A4A,yes,tail jump to a callee,24,0,not listed
0x28ABF,0x8ABF,byte-scan+walk,decoded-lcall,0x9751,0x8A4A,yes,tail jump to a callee,24,0,not listed
0x28AC7,0x8AC7,byte-scan+walk,decoded-lcall,0x9750,0x8A4A,yes,tail jump to a callee,24,0,not listed
0x28AD2,0x8AD2,byte-scan+walk,decoded-lcall,0xDC29,0x8A4A,yes,tail jump to a callee,23,1,not listed
0x28AD5,0x8AD5,byte-scan+walk,decoded-lcall,0x96E8,0x8A4A,yes,tail jump to a callee,24,0,not listed
0x28ADD,0x8ADD,byte-scan+walk,decoded-lcall,0x96ED,0x8A4A,yes,tail jump to a callee,24,0,not listed
0x28AE5,0x8AE5,byte-scan+walk,decoded-lcall,0x973C,0x8A4A,yes,tail jump to a callee,24,0,not listed
0x28AE8,0x8AE8,byte-scan+walk,decoded-lcall,0x97E5,0x8A4A,yes,tail jump to a callee,24,0,not listed
0x28AED,0x8AED,byte-scan+walk,decoded-ljmp,0x8BBF,0x8A4A,yes,tail jump to a callee,24,0,not listed
0x28AF0,0x8AF0,byte-scan+walk,decoded-lcall,0xF739,0x8A4A,yes,tail jump to a callee,23,1,not listed
0x28AF6,0x8AF6,byte-scan+walk,decoded-lcall,0x972E,0x8A4A,yes,tail jump to a callee,22,2,not listed
0x28AF9,0x8AF9,byte-scan+walk,decoded-lcall,0x97F3,0x8A4A,yes,tail jump to a callee,24,0,not listed
0x28AFC,0x8AFC,byte-scan+walk,decoded-lcall,0x9784,0x8A4A,yes,tail jump to a callee,24,0,not listed
0x28B01,0x8B01,byte-scan+walk,decoded-ljmp,0x8BBF,0x8A4A,yes,tail jump to a callee,24,0,not listed
0x28B04,0x8B04,byte-scan+walk,decoded-lcall,0x8BC0,0x8A4A,yes,tail jump to a callee,23,1,not listed
0x28B08,0x8B08,byte-scan+walk,decoded-lcall,0x97EF,0x8A4A,yes,tail jump to a callee,24,0,not listed
0x28B0D,0x8B0D,byte-scan+walk,decoded-lcall,0x1041,0x8A4A,yes,tail jump to a callee,24,0,not listed
0x28B15,0x8B15,byte-scan+walk,decoded-lcall,0x97C7,0x8A4A,yes,tail jump to a callee,24,0,not listed
0x28B1E,0x8B1E,byte-scan,operand,0x7D00,0x8A4A,yes,,1,23,not listed
0x28B23,0x8B23,byte-scan+walk,decoded-lcall,0xEE68,0x8A4A,yes,tail jump to a callee,24,0,not listed
0x28B2D,0x8B2D,byte-scan+walk,decoded-ljmp,0xEBE4,0x8A4A,yes,tail jump to a callee,24,0,not listed
0x28B30,0x8B30,byte-scan+walk,decoded-lcall,0x96E8,0x8A4A,yes,loop back to 0x8BAD,24,0,not listed
0x28B37,0x8B37,byte-scan+walk,decoded-ljmp,0x8BBF,0x8A4A,yes,loop back to 0x8BAD,24,0,not listed
0x28B3C,0x8B3C,byte-scan+walk,decoded-lcall,0x97B8,0x8A4A,yes,loop back to 0x8BAD,24,0,not listed
0x28B44,0x8B44,byte-scan+walk,decoded-lcall,0xBA67,0x8A4A,yes,loop back to 0x8BAD,24,0,not listed
0x28B51,0x8B51,byte-scan+walk,decoded-lcall,0x970D,0x8A4A,yes,loop back to 0x8BAD,24,0,not listed
0x28B57,0x8B57,byte-scan+walk,decoded-lcall,0x96ED,0x8A4A,yes,loop back to 0x8BAD,24,0,not listed
0x28B5E,0x8B5E,byte-scan+walk,decoded-lcall,0x97C7,0x8A4A,yes,loop back to 0x8BAD,24,0,not listed
0x28B69,0x8B69,byte-scan+walk,decoded-lcall,0x96FF,0x8A4A,yes,loop back to 0x8BAD,24,0,not listed
0x28B7A,0x8B7A,byte-scan+walk,decoded-lcall,0x97FB,0x8A4A,yes,loop back to 0x8BAD,24,0,not listed
0x28B89,0x8B89,byte-scan,operand,0xF090,0x8A4A,yes,,0,24,not listed
0x28BA0,0x8BA0,byte-scan+walk,decoded-lcall,0xF739,0x8A4A,yes,loop back to 0x8BAD,24,0,not listed
0x28BA7,0x8BA7,byte-scan+walk,decoded-lcall,0x9764,0x8A4A,yes,loop back to 0x8BAD,24,0,not listed
0x28BAA,0x8BAA,byte-scan+walk,decoded-lcall,0x1041,0x8A4A,yes,loop back to 0x8BAD,22,2,not listed
0x28BBC,0x8BBC,byte-scan+walk,decoded-lcall,0xDC29,0x8A4A,yes,loop back to 0x8BAD,24,0,not listed
0x28BC0,0x8BC0,byte-scan+walk,decoded-lcall,0xF739,0x8BC0,yes,ret,24,0,not listed
0x28BCE,0x8BCE,byte-scan,unreached-by-this-method,0x10E8,0x8BC0,no,,24,0,not listed
0x28BF8,0x8BF8,byte-scan,unreached-by-this-method,0x8D2D,0x8BC0,no,,24,0,not listed
0x28BFF,0x8BFF,byte-scan,unreached-by-this-method,0x581D,0x8BC0,no,,24,0,not listed
0x28C06,0x8C06,byte-scan,unreached-by-this-method,0x5836,0x8BC0,no,,24,0,not listed
0x28C0E,0x8C0E,byte-scan,unreached-by-this-method,0x581D,0x8BC0,no,,24,0,not listed
0x28C13,0x8C13,byte-scan,unreached-by-this-method,0x0F1F,0x8BC0,no,,23,1,not listed
0x28C16,0x8C16,byte-scan,unreached-by-this-method,0x58EF,0x8BC0,no,,24,0,not listed
0x28C1B,0x8C1B,byte-scan,unreached-by-this-method,0x581D,0x8BC0,no,,24,0,not listed
0x28C1F,0x8C1F,byte-scan,unreached-by-this-method,0x5834,0x8BC0,no,,24,0,not listed
0x28C27,0x8C27,byte-scan,unreached-by-this-method,0x581D,0x8BC0,no,,24,0,not listed
0x28C2A,0x8C2A,byte-scan,unreached-by-this-method,0x58EF,0x8BC0,no,,24,0,not listed
0x28C34,0x8C34,byte-scan,unreached-by-this-method,0x0CE1,0x8BC0,no,,24,0,not listed
0x28C3C,0x8C3C,byte-scan,unreached-by-this-method,0xF1CA,0x8BC0,no,,24,0,not listed
0x28C48,0x8C48,byte-scan,unreached-by-this-method,0xF1CA,0x8BC0,no,,24,0,not listed
0x28C4B,0x8C4B,byte-scan,unreached-by-this-method,0x58EF,0x8BC0,no,,24,0,not listed
0x28C52,0x8C52,byte-scan,unreached-by-this-method,0x58C8,0x8BC0,no,,24,0,not listed
0x28C57,0x8C57,byte-scan,unreached-by-this-method,0x58F8,0x8BC0,no,,24,0,not listed
0x28C5A,0x8C5A,byte-scan,unreached-by-this-method,0xB4C7,0x8BC0,no,,24,0,not listed
0x28C60,0x8C60,byte-scan,unreached-by-this-method,0x56A0,0x8BC0,no,,24,0,not listed
0x28C6A,0x8C6A,byte-scan,unreached-by-this-method,0x57EB,0x8BC0,no,,24,0,not listed
0x28C71,0x8C71,byte-scan,unreached-by-this-method,0x58C8,0x8BC0,no,,24,0,not listed
0x28C74,0x8C74,byte-scan,unreached-by-this-method,0x58F8,0x8BC0,no,,24,0,not listed
0x28C77,0x8C77,byte-scan,unreached-by-this-method,0xB4C7,0x8BC0,no,,24,0,not listed
0x28C82,0x8C82,byte-scan,unreached-by-this-method,0x56A0,0x8BC0,no,,24,0,not listed
0x28C85,0x8C85,byte-scan,unreached-by-this-method,0x5765,0x8BC0,no,,22,2,not listed
0x28C92,0x8C92,byte-scan,unreached-by-this-method,0x56DC,0x8BC0,no,,24,0,not listed
0x28C99,0x8C99,byte-scan,unreached-by-this-method,0x57F9,0x8BC0,no,,20,4,not listed
0x28CCA,0x8CCA,byte-scan,mid-instruction,0xC333,0x8BC0,no,,0,24,not listed
0x28CE0,0x8CE0,byte-scan,unreached-by-this-method,0x56A0,0x8BC0,no,,24,0,not listed
0x28CE3,0x8CE3,byte-scan,unreached-by-this-method,0x5783,0x8BC0,no,,22,2,not listed
0x28CEB,0x8CEB,byte-scan,unreached-by-this-method,0x58F8,0x8BC0,no,,24,0,not listed
0x28CEE,0x8CEE,byte-scan,unreached-by-this-method,0xDE46,0x8BC0,no,,24,0,not listed
0x28D01,0x8D01,byte-scan,unreached-by-this-method,0x5826,0x8BC0,no,,24,0,not listed
0x28D09,0x8D09,byte-scan,unreached-by-this-method,0x577F,0x8BC0,no,,24,0,not listed
0x28D12,0x8D12,byte-scan,unreached-by-this-method,0x1210,0x8BC0,no,,1,23,not listed
0x28D13,0x8D13,byte-scan,unreached-by-this-method,0x10BC,0x8BC0,no,,22,2,not listed
0x28D1F,0x8D1F,byte-scan,unreached-by-this-method,0x577F,0x8BC0,no,,24,0,not listed
0x28D2A,0x8D2A,byte-scan,unreached-by-this-method,0x8BE0,0x8BC0,no,,24,0,not listed
0x28D35,0x8D35,byte-scan,unreached-by-this-method,0x5804,0x8BC0,no,,24,0,not listed
0x28D46,0x8D46,byte-scan+walk,decoded-lcall,0x35AC,0x8D41,yes,ret,24,0,not listed
0x28D4A,0x8D4A,byte-scan+walk,decoded-lcall,0x349B,0x8D41,yes,ret,24,0,not listed
0x28D50,0x8D50,byte-scan+walk,decoded-lcall,0x3632,0x8D41,yes,ret,24,0,not listed
0x28D54,0x8D54,byte-scan+walk,decoded-lcall,0x349B,0x8D41,yes,ret,24,0,not listed
0x28D57,0x8D57,byte-scan+walk,decoded-lcall,0x3627,0x8D41,yes,ret,24,0,not listed
0x28D5F,0x8D5F,byte-scan+walk,decoded-lcall,0x3760,0x8D41,yes,ret,22,2,not listed
0x28D63,0x8D63,byte-scan+walk,decoded-lcall,0x349B,0x8D41,yes,ret,24,0,not listed
0x28D66,0x8D66,byte-scan+walk,decoded-lcall,0x3627,0x8D41,yes,ret,24,0,not listed
0x28D6D,0x8D6D,byte-scan,operand,0x12EB,0x8D41,yes,,0,24,not listed
0x28D6E,0x8D6E,byte-scan+walk,decoded-lcall,0xEBE4,0x8D41,yes,ret,23,1,not listed
0x28D71,0x8D71,byte-scan+walk,decoded-lcall,0x35FF,0x8D41,yes,ret,24,0,not listed
0x28D79,0x8D79,byte-scan+walk,decoded-lcall,0x373C,0x8D41,yes,ret,22,2,not listed
0x28D7E,0x8D7E,byte-scan+walk,decoded-lcall,0x3A33,0x8D41,yes,ret,23,1,not listed
0x28D88,0x8D88,byte-scan+walk,decoded-lcall,0x3655,0x8D41,yes,ret,24,0,not listed
0x28D8B,0x8D8B,byte-scan+walk,decoded-lcall,0x3777,0x8D41,yes,ret,22,2,not listed
0x28D95,0x8D95,byte-scan+walk,decoded-lcall,0x39DE,0x8D41,yes,ret,24,0,not listed
0x28D9E,0x8D9E,byte-scan+walk,decoded-lcall,0x352C,0x8D41,yes,ret,22,2,not listed
0x28DA2,0x8DA2,byte-scan,operand,0x1236,0x8D41,yes,,0,24,not listed
0x28DA3,0x8DA3,byte-scan+walk,decoded-lcall,0x366E,0x8D41,yes,ret,23,1,not listed
0x28DA6,0x8DA6,byte-scan+walk,decoded-lcall,0xF4AB,0x8D41,yes,ret,24,0,not listed
0x28DAE,0x8DAE,byte-scan+walk,decoded-lcall,0xF75C,0x8D41,yes,ret,24,0,not listed
0x28DBC,0x8DBC,byte-scan+walk,decoded-lcall,0xD83D,0x8D41,yes,ret,24,0,not listed
0x28DC2,0x8DC2,byte-scan+walk,decoded-lcall,0x34A5,0x8D41,yes,ret,22,2,not listed
0x28DC5,0x8DC5,byte-scan+walk,decoded-lcall,0x349B,0x8D41,yes,ret,24,0,not listed
0x28DCC,0x8DCC,byte-scan+walk,decoded-lcall,0x396B,0x8D41,yes,ret,23,1,not listed
0x28DD3,0x8DD3,byte-scan+walk,decoded-lcall,0x1041,0x8D41,yes,ret,24,0,not listed
0x28DD6,0x8DD6,byte-scan+walk,decoded-lcall,0x35FF,0x8D41,yes,ret,22,2,not listed
0x28DDE,0x8DDE,byte-scan+walk,decoded-lcall,0x373C,0x8D41,yes,ret,23,1,not listed
0x28DE3,0x8DE3,byte-scan+walk,decoded-lcall,0x3A33,0x8D41,yes,ret,23,1,not listed
0x28DED,0x8DED,byte-scan+walk,decoded-lcall,0x3655,0x8D41,yes,ret,24,0,not listed
0x28DF0,0x8DF0,byte-scan+walk,decoded-lcall,0x3777,0x8D41,yes,ret,22,2,not listed
0x28DFA,0x8DFA,byte-scan+walk,decoded-lcall,0x39DE,0x8D41,yes,ret,24,0,not listed
0x28E02,0x8E02,byte-scan+walk,decoded-lcall,0x104D,0x8D41,yes,ret,22,2,not listed
0x28E0F,0x8E0F,byte-scan+walk,decoded-lcall,0x8EA6,0x8D41,yes,ret,24,0,not listed
0x28E16,0x8E16,byte-scan+walk,decoded-lcall,0x352C,0x8D41,yes,ret,24,0,not listed
0x28E1B,0x8E1B,byte-scan+walk,decoded-lcall,0x366E,0x8D41,yes,ret,24,0,not listed
0x28E1E,0x8E1E,byte-scan+walk,decoded-lcall,0xF4AB,0x8D41,yes,ret,24,0,not listed
0x28E21,0x8E21,byte-scan+walk,decoded-lcall,0x35FF,0x8D41,yes,ret,22,2,not listed
0x28E29,0x8E29,byte-scan+walk,decoded-lcall,0x373C,0x8D41,yes,ret,22,2,not listed
0x28E2E,0x8E2E,byte-scan+walk,decoded-lcall,0x3A33,0x8D41,yes,ret,23,1,not listed
0x28E38,0x8E38,byte-scan+walk,decoded-lcall,0x3655,0x8D41,yes,ret,24,0,not listed
0x28E3B,0x8E3B,byte-scan+walk,decoded-lcall,0x3777,0x8D41,yes,ret,22,2,not listed
0x28E45,0x8E45,byte-scan+walk,decoded-lcall,0x39DE,0x8D41,yes,ret,24,0,not listed
0x28E4D,0x8E4D,byte-scan+walk,decoded-lcall,0x104D,0x8D41,yes,ret,22,2,not listed
0x28E59,0x8E59,byte-scan+walk,decoded-lcall,0x8EA6,0x8D41,yes,ret,24,0,not listed
0x28E60,0x8E60,byte-scan+walk,decoded-lcall,0x352C,0x8D41,yes,ret,24,0,not listed
0x28E65,0x8E65,byte-scan+walk,decoded-lcall,0x366E,0x8D41,yes,ret,24,0,not listed
0x28E68,0x8E68,byte-scan+walk,decoded-lcall,0xF4AB,0x8D41,yes,ret,24,0,not listed
0x28E6E,0x8E6E,byte-scan+walk,decoded-lcall,0x365C,0x8D41,yes,ret,20,4,not listed
0x28E78,0x8E78,byte-scan,operand,0x4012,0x8D41,yes,,0,24,not listed
0x28E7A,0x8E7A,byte-scan,operand,0xC007,0x8D41,yes,,0,24,not listed
0x28E80,0x8E80,byte-scan+walk,decoded-lcall,0x104D,0x8D41,yes,ret,24,0,not listed
0x28E90,0x8E90,byte-scan+walk,decoded-lcall,0x104D,0x8D41,yes,ret,24,0,not listed
0x28EA2,0x8EA2,byte-scan+walk,decoded-lcall,0xCCB7,0x8D41,yes,ret,24,0,not listed
0x28EA8,0x8EA8,byte-scan+walk,decoded-lcall,0x7CE0,0x8EA6,yes,ret,24,0,not listed
0x28EC7,0x8EC7,byte-scan,mid-instruction,0x129D,0x8EA6,no,,0,24,not listed
0x28EC8,0x8EC8,byte-scan,unreached-by-this-method,0x9D22,0x8EA6,no,,23,1,not listed
0x28ED2,0x8ED2,byte-scan,mid-instruction,0xFDED,0x8EA6,no,,0,24,not listed
0x28EDD,0x8EDD,byte-scan,mid-instruction,0x1313,0x8EA6,no,,0,24,not listed
0x28EEE,0x8EEE,byte-scan,unreached-by-this-method,0x9D22,0x8EA6,no,,24,0,not listed
0x28F0B,0x8F0B,byte-scan,unreached-by-this-method,0x9C1B,0x8EA6,no,,22,2,not listed
0x28F0E,0x8F0E,byte-scan,unreached-by-this-method,0x10C8,0x8EA6,no,,24,0,not listed
0x28F18,0x8F18,byte-scan,unreached-by-this-method,0x9C1B,0x8EA6,no,,22,2,not listed
0x28F27,0x8F27,byte-scan,unreached-by-this-method,0x10E8,0x8EA6,no,,24,0,not listed
0x28F65,0x8F65,byte-scan,unreached-by-this-method,0x10C8,0x8EA6,no,,24,0,not listed
0x28F6B,0x8F6B,byte-scan,unreached-by-this-method,0x0BC4,0x8EA6,no,,21,3,not listed
0x28F76,0x8F76,byte-scan,unreached-by-this-method,0x9C49,0x8EA6,no,,22,2,not listed
0x28F7B,0x8F7B,byte-scan,unreached-by-this-method,0x0BAB,0x8EA6,no,,24,0,not listed
0x28F86,0x8F86,byte-scan,unreached-by-this-method,0x9C4D,0x8EA6,no,,22,2,not listed
0x28F97,0x8F97,byte-scan,unreached-by-this-method,0x9CC2,0x8EA6,no,,24,0,not listed
0x28F9D,0x8F9D,byte-scan,unreached-by-this-method,0x9C4D,0x8EA6,no,,20,4,not listed
0x28FA9,0x8FA9,byte-scan,unreached-by-this-method,0x9C4D,0x8EA6,no,,22,2,not listed
0x28FC2,0x8FC2,byte-scan,unreached-by-this-method,0x9D2B,0x8EA6,no,,24,0,not listed
0x28FCD,0x8FCD,byte-scan,unreached-by-this-method,0x9CA4,0x8EA6,no,,24,0,not listed
0x28FD6,0x8FD6,byte-scan,unreached-by-this-method,0x9D32,0x8EA6,no,,24,0,not listed
0x28FDC,0x8FDC,byte-scan,unreached-by-this-method,0x10C8,0x8EA6,no,,24,0,not listed
0x28FE3,0x8FE3,byte-scan,unreached-by-this-method,0x0B85,0x8EA6,no,,24,0,not listed
0x28FEC,0x8FEC,byte-scan,mid-instruction,0x9007,0x8EA6,no,,0,24,not listed
0x28FF8,0x8FF8,byte-scan,unreached-by-this-method,0x9C1B,0x8EA6,no,,22,2,not listed
0x29014,0x9014,byte-scan,unreached-by-this-method,0x9C4D,0x8EA6,no,,24,0,not listed
0x2901B,0x901B,byte-scan,unreached-by-this-method,0x9C4D,0x8EA6,no,,24,0,not listed
0x29053,0x9053,byte-scan+walk,decoded-lcall,0x10C8,0x9028,no,tail jump to a callee,22,2,not listed
0x29063,0x9063,byte-scan+walk,decoded-ljmp,0x0F65,0x9028,no,tail jump to a callee,24,0,not listed
0x2906C,0x906C,byte-scan,operand,0xFBEE,0x9066,yes,,0,24,not listed
0x29089,0x9089,byte-scan+walk,decoded-lcall,0x0FAF,0x9087,yes,ret,24,0,not listed
0x290A7,0x90A7,byte-scan+walk,decoded-lcall,0x0FAF,0x909A,yes,ret,24,0,not listed
0x290B6,0x90B6,byte-scan+walk,decoded-lcall,0x10E8,0x90B3,yes,ret,22,2,not listed
0x290CB,0x90CB,byte-scan+walk,decoded-lcall,0x10BC,0x90C0,no,next listing boundary,24,0,not listed
0x290F6,0x90F6,byte-scan+walk,decoded-lcall,0x1253,0x90F6,yes,tail jump to a callee,24,0,not listed
0x290F7,0x90F7,byte-scan,operand,0x5302,0x90F6,yes,,0,24,not listed
0x290F9,0x90F9,byte-scan+walk,decoded-ljmp,0x10C8,0x90F6,yes,tail jump to a callee,22,2,not listed
0x290FC,0x90FC,byte-scan+walk,decoded-lcall,0x0C46,0x90FC,yes,next listing boundary,22,2,not listed
0x29155,0x9155,byte-scan+walk,decoded-lcall,0x0F32,0x9147,no,ret,24,0,not listed
0x2917D,0x917D,byte-scan+walk,decoded-ljmp,0x10BC,0x9177,yes,tail jump to a callee,24,0,not listed
0x29183,0x9183,byte-scan+walk,decoded-ljmp,0x10BC,0x9177,no,tail jump to a callee,24,0,not listed
0x291AC,0x91AC,byte-scan,unreached-by-this-method,0x128D,0x9177,no,,24,0,not listed
0x291AD,0x91AD,byte-scan,mid-instruction,0x8D90,0x9177,no,,0,24,not listed
0x291D7,0x91D7,byte-scan,mid-instruction,0x7D60,0x9177,no,,0,24,not listed
0x291DA,0x91DA,byte-scan,unreached-by-this-method,0x0C7A,0x9177,no,,23,1,not listed
0x291EC,0x91EC,byte-scan,unreached-by-this-method,0x10C8,0x9177,no,,24,0,not listed
0x291F3,0x91F3,byte-scan,unreached-by-this-method,0x0B85,0x9177,no,,24,0,not listed
0x29202,0x9202,byte-scan,unreached-by-this-method,0x1041,0x9177,no,,24,0,not listed
0x2921B,0x921B,byte-scan,mid-instruction,0x5029,0x9177,no,,0,24,not listed
0x29221,0x9221,byte-scan,unreached-by-this-method,0x0FCB,0x9177,no,,24,0,not listed
0x29229,0x9229,byte-scan,unreached-by-this-method,0xC003,0x9177,no,,1,23,not listed
0x2922C,0x922C,byte-scan,unreached-by-this-method,0x99F1,0x9177,no,,24,0,not listed
0x29230,0x9230,byte-scan,unreached-by-this-method,0x129A,0x9177,no,,2,22,not listed
0x29231,0x9231,byte-scan,unreached-by-this-method,0x9A4E,0x9177,no,,21,3,not listed
0x29237,0x9237,byte-scan,mid-instruction,0xD001,0x9177,no,,0,24,not listed
0x2923C,0x923C,byte-scan,unreached-by-this-method,0x0EF3,0x9177,no,,24,0,not listed
0x29242,0x9242,byte-scan,unreached-by-this-method,0x9AAA,0x9177,no,,24,0,not listed
0x2924D,0x924D,byte-scan,mid-instruction,0x4052,0x9177,no,,0,24,not listed
0x2927B,0x927B,byte-scan,unreached-by-this-method,0x0FCB,0x9177,no,,23,1,not listed
0x29283,0x9283,byte-scan,unreached-by-this-method,0xC003,0x9177,no,,1,23,not listed
0x29286,0x9286,byte-scan,unreached-by-this-method,0x99F1,0x9177,no,,24,0,not listed
0x2928B,0x928B,byte-scan,unreached-by-this-method,0x9A4E,0x9177,no,,24,0,not listed
0x29291,0x9291,byte-scan,mid-instruction,0xD001,0x9177,no,,0,24,not listed
0x29296,0x9296,byte-scan,unreached-by-this-method,0x0EF3,0x9177,no,,24,0,not listed
0x2929D,0x929D,byte-scan,unreached-by-this-method,0x9AAA,0x9177,no,,24,0,not listed
0x292A7,0x92A7,byte-scan,mid-instruction,0xF0E0,0x9177,no,,0,24,not listed
0x292B5,0x92B5,byte-scan,unreached-by-this-method,0x7E00,0x9177,no,,1,23,not listed
0x292D7,0x92D7,byte-scan,unreached-by-this-method,0x10E8,0x9177,no,,24,0,not listed
0x292E5,0x92E5,byte-scan,unreached-by-this-method,0x821B,0x9177,no,,24,0,not listed
0x292EC,0x92EC,byte-scan,unreached-by-this-method,0x37AE,0x9177,no,,22,2,not listed
0x292EF,0x92EF,byte-scan,unreached-by-this-method,0x11C2,0x9177,no,,20,4,not listed
0x292F3,0x92F3,byte-scan,unreached-by-this-method,0x0701,0x9177,no,,24,0,not listed
0x292F9,0x92F9,byte-scan,unreached-by-this-method,0x93DB,0x9177,no,,24,0,not listed
0x29305,0x9305,byte-scan,unreached-by-this-method,0x34A5,0x9177,no,,21,3,not listed
0x29308,0x9308,byte-scan,unreached-by-this-method,0x349B,0x9177,no,,24,0,not listed
0x2930F,0x930F,byte-scan,unreached-by-this-method,0x396B,0x9177,no,,23,1,not listed
0x29316,0x9316,byte-scan,unreached-by-this-method,0x1041,0x9177,no,,24,0,not listed
0x2931C,0x931C,byte-scan,unreached-by-this-method,0x36B9,0x9177,no,,20,4,not listed
0x2931F,0x931F,byte-scan,unreached-by-this-method,0x3497,0x9177,no,,18,6,not listed
0x29322,0x9322,byte-scan,unreached-by-this-method,0x104D,0x9177,no,,24,0,not listed
0x2932B,0x932B,byte-scan,unreached-by-this-method,0x380D,0x9177,no,,24,0,not listed
0x29335,0x9335,byte-scan,unreached-by-this-method,0x7EA1,0x9177,no,,23,1,not listed
0x29338,0x9338,byte-scan,unreached-by-this-method,0x35A9,0x9177,no,,23,1,not listed
0x2933C,0x933C,byte-scan,unreached-by-this-method,0x349B,0x9177,no,,24,0,not listed
0x29346,0x9346,byte-scan,unreached-by-this-method,0x35F5,0x9177,no,,24,0,not listed
0x2934A,0x934A,byte-scan,unreached-by-this-method,0x349B,0x9177,no,,24,0,not listed
0x2934D,0x934D,byte-scan,unreached-by-this-method,0x104D,0x9177,no,,24,0,not listed
0x29359,0x9359,byte-scan,unreached-by-this-method,0x351A,0x9177,no,,24,0,not listed
0x2935C,0x935C,byte-scan,unreached-by-this-method,0x10BC,0x9177,no,,24,0,not listed
0x29360,0x9360,byte-scan,unreached-by-this-method,0x349B,0x9177,no,,23,1,not listed
0x29363,0x9363,byte-scan,unreached-by-this-method,0x104D,0x9177,no,,24,0,not listed
0x29370,0x9370,byte-scan,unreached-by-this-method,0x3632,0x9177,no,,24,0,not listed
0x29374,0x9374,byte-scan,unreached-by-this-method,0x349B,0x9177,no,,24,0,not listed
0x29377,0x9377,byte-scan,unreached-by-this-method,0x3627,0x9177,no,,24,0,not listed
0x2937F,0x937F,byte-scan,unreached-by-this-method,0x3760,0x9177,no,,22,2,not listed
0x29383,0x9383,byte-scan,unreached-by-this-method,0x349B,0x9177,no,,24,0,not listed
0x29386,0x9386,byte-scan,unreached-by-this-method,0x3627,0x9177,no,,24,0,not listed
0x29390,0x9390,byte-scan,unreached-by-this-method,0xF407,0x9177,no,,24,0,not listed
0x29398,0x9398,byte-scan,unreached-by-this-method,0xF739,0x9177,no,,24,0,not listed
0x2939E,0x939E,byte-scan,unreached-by-this-method,0x347B,0x9177,no,,22,2,not listed
0x293A1,0x93A1,byte-scan,unreached-by-this-method,0x104D,0x9177,no,,23,1,not listed
0x293A8,0x93A8,byte-scan,unreached-by-this-method,0x3519,0x9177,no,,24,0,not listed
0x293AB,0x93AB,byte-scan,unreached-by-this-method,0x3497,0x9177,no,,24,0,not listed
0x293AE,0x93AE,byte-scan,unreached-by-this-method,0x104D,0x9177,no,,24,0,not listed
0x293B5,0x93B5,byte-scan,unreached-by-this-method,0x3882,0x9177,no,,18,6,not listed
0x293B8,0x93B8,byte-scan,unreached-by-this-method,0x3497,0x9177,no,,16,8,not listed
0x293BB,0x93BB,byte-scan,unreached-by-this-method,0x104D,0x9177,no,,24,0,not listed
0x293C6,0x93C6,byte-scan,unreached-by-this-method,0x104D,0x9177,no,,24,0,not listed
0x293D5,0x93D5,byte-scan,unreached-by-this-method,0x39AC,0x9177,no,,22,2,not listed
0x293D8,0x93D8,byte-scan,unreached-by-this-method,0x943D,0x9177,no,,20,4,not listed
0x293DE,0x93DE,byte-scan,unreached-by-this-method,0x357E,0x9177,no,,22,2,not listed
0x293E1,0x93E1,byte-scan,unreached-by-this-method,0x3497,0x9177,no,,23,1,not listed
0x293E4,0x93E4,byte-scan,unreached-by-this-method,0x104D,0x9177,no,,24,0,not listed
0x293EB,0x93EB,byte-scan,unreached-by-this-method,0x3519,0x9177,no,,24,0,not listed
0x293EE,0x93EE,byte-scan,unreached-by-this-method,0x3497,0x9177,no,,24,0,not listed
0x293F1,0x93F1,byte-scan,unreached-by-this-method,0x104D,0x9177,no,,24,0,not listed
0x293F8,0x93F8,byte-scan,unreached-by-this-method,0x35A9,0x9177,no,,24,0,not listed
0x293FC,0x93FC,byte-scan,unreached-by-this-method,0x349B,0x9177,no,,24,0,not listed
0x29401,0x9401,byte-scan,unreached-by-this-method,0x35C5,0x9177,no,,24,0,not listed
0x29405,0x9405,byte-scan,unreached-by-this-method,0x349B,0x9177,no,,24,0,not listed
0x29408,0x9408,byte-scan,unreached-by-this-method,0x3627,0x9177,no,,24,0,not listed
0x29413,0x9413,byte-scan,unreached-by-this-method,0xF75C,0x9177,no,,24,0,not listed
0x2941C,0x941C,byte-scan,unreached-by-this-method,0x104D,0x9177,no,,24,0,not listed
0x29430,0x9430,byte-scan,unreached-by-this-method,0x104D,0x9177,no,,24,0,not listed
0x2943A,0x943A,byte-scan,unreached-by-this-method,0x39B3,0x9177,no,,16,8,not listed
0x2943D,0x943D,byte-scan,unreached-by-this-method,0xCCB7,0x9177,no,,24,0,not listed
0x29444,0x9444,byte-scan,unreached-by-this-method,0xB2F1,0x9177,no,,20,4,not listed
0x2944D,0x944D,byte-scan,unreached-by-this-method,0x128D,0x9177,no,,24,0,not listed
0x2944E,0x944E,byte-scan,mid-instruction,0x8D90,0x9177,no,,0,24,not listed
0x29453,0x9453,byte-scan,unreached-by-this-method,0xB233,0x9177,no,,20,4,not listed
0x29458,0x9458,byte-scan,unreached-by-this-method,0x9592,0x9177,no,,24,0,not listed
0x29466,0x9466,byte-scan,unreached-by-this-method,0xB263,0x9177,no,,20,4,not listed
0x29469,0x9469,byte-scan,unreached-by-this-method,0x0FAF,0x9177,no,,19,5,not listed
0x2946E,0x946E,byte-scan,mid-instruction,0xFFE4,0x9177,no,,0,24,not listed
0x29476,0x9476,byte-scan,unreached-by-this-method,0x0F0E,0x9177,no,,24,0,not listed
0x2947E,0x947E,byte-scan,mid-instruction,0x7F05,0x9177,no,,0,24,not listed
0x2948B,0x948B,byte-scan,unreached-by-this-method,0xF75C,0x9177,no,,24,0,not listed
0x29494,0x9494,byte-scan,unreached-by-this-method,0x7F00,0x9177,no,,1,23,not listed
0x294B5,0x94B5,byte-scan,unreached-by-this-method,0x7E00,0x9177,no,,1,23,not listed
0x294C1,0x94C1,byte-scan,mid-instruction,0x8002,0x9177,no,,0,24,not listed
0x294C3,0x94C3,byte-scan,mid-instruction,0x7E01,0x9177,no,,0,24,not listed
0x294D9,0x94D9,byte-scan,unreached-by-this-method,0x0FAF,0x9177,no,,24,0,not listed
0x294DF,0x94DF,byte-scan,unreached-by-this-method,0xB247,0x9177,no,,24,0,not listed
0x294F1,0x94F1,byte-scan,unreached-by-this-method,0xF755,0x9177,no,,24,0,not listed
0x294FA,0x94FA,byte-scan,unreached-by-this-method,0x7F02,0x9177,no,,1,23,not listed
0x294FC,0x94FC,byte-scan,mid-instruction,0x9007,0x9177,no,,0,24,not listed
0x2951E,0x951E,byte-scan,unreached-by-this-method,0xB2F7,0x9177,no,,24,0,not listed
0x29522,0x9522,byte-scan,unreached-by-this-method,0x0C58,0x9177,no,,24,0,not listed
0x29538,0x9538,byte-scan,unreached-by-this-method,0xB255,0x9177,no,,24,0,not listed
0x2953B,0x953B,byte-scan,unreached-by-this-method,0x0FAF,0x9177,no,,23,1,not listed
0x29541,0x9541,byte-scan,unreached-by-this-method,0xB254,0x9177,no,,24,0,not listed
0x29544,0x9544,byte-scan,unreached-by-this-method,0x0FAF,0x9177,no,,23,1,not listed
0x29549,0x9549,byte-scan,unreached-by-this-method,0x0F1F,0x9177,no,,24,0,not listed
0x2954F,0x954F,byte-scan,unreached-by-this-method,0xB254,0x9177,no,,22,2,not listed
0x29552,0x9552,byte-scan,unreached-by-this-method,0x0FAF,0x9177,no,,23,1,not listed
0x29557,0x9557,byte-scan,unreached-by-this-method,0x0F1F,0x9177,no,,20,4,not listed
0x2955D,0x955D,byte-scan,unreached-by-this-method,0xB254,0x9177,no,,24,0,not listed
0x29560,0x9560,byte-scan,unreached-by-this-method,0x0FAF,0x9177,no,,23,1,not listed
0x29565,0x9565,byte-scan,unreached-by-this-method,0x0F1F,0x9177,no,,24,0,not listed
0x2956D,0x956D,byte-scan,unreached-by-this-method,0x0C58,0x9177,no,,24,0,not listed
0x29575,0x9575,byte-scan,unreached-by-this-method,0xF75C,0x9177,no,,24,0,not listed
0x2957E,0x957E,byte-scan,unreached-by-this-method,0x7F00,0x9177,no,,1,23,not listed
0x29588,0x9588,byte-scan,unreached-by-this-method,0x10C8,0x9177,no,,24,0,not listed
0x2958F,0x958F,byte-scan,unreached-by-this-method,0x0C58,0x9177,no,,24,0,not listed
0x29595,0x9595,byte-scan,unreached-by-this-method,0x9B11,0x9177,no,,24,0,not listed
0x29598,0x9598,byte-scan,unreached-by-this-method,0x9BD6,0x9177,no,,22,2,not listed
0x2959B,0x959B,byte-scan,unreached-by-this-method,0x9ADD,0x9177,no,,24,0,not listed
0x2959E,0x959E,byte-scan,unreached-by-this-method,0x9B92,0x9177,no,,22,2,not listed
0x295A4,0x95A4,byte-scan,unreached-by-this-method,0x9B33,0x9177,no,,23,1,not listed
0x295AC,0x95AC,byte-scan,unreached-by-this-method,0x7F00,0x9177,no,,1,23,not listed
0x295AF,0x95AF,byte-scan,unreached-by-this-method,0x9ADD,0x9177,no,,24,0,not listed
0x295B7,0x95B7,byte-scan,unreached-by-this-method,0x1253,0x9177,no,,22,2,not listed
0x295B8,0x95B8,byte-scan,unreached-by-this-method,0x53E0,0x9177,no,,2,22,not listed
0x295C0,0x95C0,byte-scan,unreached-by-this-method,0x96E2,0x9177,no,,24,0,not listed
0x295C3,0x95C3,byte-scan,unreached-by-this-method,0x9ADD,0x9177,no,,24,0,not listed
0x295C9,0x95C9,byte-scan,unreached-by-this-method,0x9BE5,0x9177,no,,24,0,not listed
0x295CE,0x95CE,byte-scan,unreached-by-this-method,0x9B23,0x9177,no,,21,3,not listed
0x295D7,0x95D7,byte-scan,unreached-by-this-method,0x9ADD,0x9177,no,,24,0,not listed
0x295DC,0x95DC,byte-scan,unreached-by-this-method,0x9B25,0x9177,no,,24,0,not listed
0x295E5,0x95E5,byte-scan,unreached-by-this-method,0x9ADD,0x9177,no,,24,0,not listed
0x295E8,0x95E8,byte-scan,unreached-by-this-method,0x9BE5,0x9177,no,,22,2,not listed
0x295ED,0x95ED,byte-scan,unreached-by-this-method,0x9B23,0x9177,no,,24,0,not listed
0x295F6,0x95F6,byte-scan,unreached-by-this-method,0x9ADD,0x9177,no,,24,0,not listed
0x295FB,0x95FB,byte-scan,unreached-by-this-method,0x9B25,0x9177,no,,24,0,not listed
0x29602,0x9602,byte-scan,unreached-by-this-method,0x9ADD,0x9177,no,,24,0,not listed
0x29606,0x9606,byte-scan,unreached-by-this-method,0x9B80,0x9177,no,,24,0,not listed
0x29609,0x9609,byte-scan,unreached-by-this-method,0x9B24,0x9177,no,,22,2,not listed
0x29614,0x9614,byte-scan,unreached-by-this-method,0xE0CF,0x9177,no,,24,0,not listed
0x29617,0x9617,byte-scan,unreached-by-this-method,0x9ADD,0x9177,no,,24,0,not listed
0x2961A,0x961A,byte-scan,unreached-by-this-method,0x9B92,0x9177,no,,22,2,not listed
0x29620,0x9620,byte-scan,unreached-by-this-method,0x9B33,0x9177,no,,24,0,not listed
0x29625,0x9625,byte-scan,unreached-by-this-method,0x96AD,0x9177,no,,24,0,not listed
0x29628,0x9628,byte-scan,unreached-by-this-method,0x9ADD,0x9177,no,,22,2,not listed
0x2962D,0x962D,byte-scan,unreached-by-this-method,0x9B55,0x9177,no,,24,0,not listed
0x29633,0x9633,byte-scan,unreached-by-this-method,0x9ADD,0x9177,no,,24,0,not listed
0x29636,0x9636,byte-scan,unreached-by-this-method,0x9B52,0x9177,no,,22,2,not listed
0x2963E,0x963E,byte-scan,unreached-by-this-method,0xEB67,0x9177,no,,24,0,not listed
0x29641,0x9641,byte-scan,unreached-by-this-method,0x9ADD,0x9177,no,,24,0,not listed
0x29644,0x9644,byte-scan,unreached-by-this-method,0x9B92,0x9177,no,,22,2,not listed
0x2964A,0x964A,byte-scan,unreached-by-this-method,0x9B33,0x9177,no,,23,1,not listed
0x2964F,0x964F,byte-scan,unreached-by-this-method,0x9ADD,0x9177,no,,23,1,not listed
0x29652,0x9652,byte-scan,unreached-by-this-method,0x9B92,0x9177,no,,21,3,not listed
0x2965C,0x965C,byte-scan,unreached-by-this-method,0x9B36,0x9177,no,,24,0,not listed
0x29661,0x9661,byte-scan,unreached-by-this-method,0x9ADD,0x9177,no,,24,0,not listed
0x2966C,0x966C,byte-scan,unreached-by-this-method,0x104D,0x9177,no,,24,0,not listed
0x29676,0x9676,byte-scan,mid-instruction,0x0296,0x9177,no,,0,24,not listed
0x29677,0x9677,byte-scan,unreached-by-this-method,0x96DD,0x9177,no,,23,1,not listed
0x2967A,0x967A,byte-scan,unreached-by-this-method,0x9ADD,0x9177,no,,21,3,not listed
0x29685,0x9685,byte-scan,unreached-by-this-method,0x104D,0x9177,no,,24,0,not listed
0x29694,0x9694,byte-scan,unreached-by-this-method,0x9ADD,0x9177,no,,24,0,not listed
0x2969F,0x969F,byte-scan,unreached-by-this-method,0x104D,0x9177,no,,24,0,not listed
0x296AD,0x96AD,byte-scan,unreached-by-this-method,0x9ADD,0x9177,no,,23,1,not listed
0x296B0,0x96B0,byte-scan,unreached-by-this-method,0x9B52,0x9177,no,,21,3,not listed
0x296B9,0x96B9,byte-scan,unreached-by-this-method,0xEB67,0x9177,no,,24,0,not listed
0x296BC,0x96BC,byte-scan,unreached-by-this-method,0x9ADD,0x9177,no,,24,0,not listed
0x296C1,0x96C1,byte-scan,unreached-by-this-method,0x9B55,0x9177,no,,24,0,not listed
0x296C6,0x96C6,byte-scan,unreached-by-this-method,0x9ADD,0x9177,no,,24,0,not listed
0x296D1,0x96D1,byte-scan,unreached-by-this-method,0x104D,0x9177,no,,24,0,not listed
0x296DE,0x96DE,byte-scan,mid-instruction,0x12A3,0x9177,no,,0,24,not listed
0x296DF,0x96DF,byte-scan,unreached-by-this-method,0xA339,0x9177,no,,23,1,not listed
0x296E5,0x96E5,byte-scan,unreached-by-this-method,0x122F,0x9177,no,,24,0,not listed
0x296E6,0x96E6,byte-scan,mid-instruction,0x2F90,0x9177,no,,0,24,not listed
0x2974D,0x974D,byte-scan+walk,decoded-ljmp,0x0FAF,0x9740,yes,tail jump to a callee,24,0,not listed
0x29786,0x9786,byte-scan+walk,decoded-lcall,0x0FAF,0x9784,yes,next listing boundary,24,0,not listed
0x29789,0x9789,byte-scan+walk,decoded-lcall,0x0F00,0x9784,yes,next listing boundary,22,2,not listed
0x2978C,0x978C,byte-scan+walk,decoded-lcall,0x0DBC,0x9784,yes,next listing boundary,24,0,not listed
0x29796,0x9796,byte-scan+walk,decoded-ljmp,0x0F0E,0x9793,yes,tail jump to a callee,24,0,not listed
0x297E2,0x97E2,byte-scan+walk,decoded-ljmp,0x0FAF,0x97D5,yes,tail jump to a callee,24,0,not listed
0x2982F,0x982F,byte-scan+walk,decoded-lcall,0x0FAF,0x982F,yes,ret,24,0,not listed
0x29832,0x9832,byte-scan+walk,decoded-lcall,0x0F00,0x982F,yes,ret,22,2,not listed
0x29835,0x9835,byte-scan+walk,decoded-lcall,0x0DBC,0x982F,yes,ret,24,0,not listed
0x2983A,0x983A,byte-scan,unreached-by-this-method,0xEEAE,0x982F,no,,24,0,not listed
0x29840,0x9840,byte-scan,unreached-by-this-method,0x10F1,0x982F,no,,24,0,not listed
0x29843,0x9843,byte-scan,unreached-by-this-method,0x10FD,0x982F,no,,22,2,not listed
0x29849,0x9849,byte-scan+walk,decoded-lcall,0x0BC4,0x9849,yes,next listing boundary,24,0,not listed
0x2984D,0x984D,byte-scan+walk,decoded-lcall,0xEEAE,0x984D,yes,next listing boundary,24,0,not listed
0x29853,0x9853,byte-scan+walk,decoded-ljmp,0x10F1,0x9850,yes,tail jump to a callee,24,0,not listed
0x29858,0x9858,byte-scan,unreached-by-this-method,0x9000,0x9850,no,,3,21,not listed
0x2985D,0x985D,byte-scan+walk,decoded-lcall,0x0D8F,0x985D,yes,ret,24,0,not listed
0x29870,0x9870,byte-scan,unreached-by-this-method,0x10FD,0x985D,no,,24,0,not listed
0x29876,0x9876,byte-scan,unreached-by-this-method,0x0BC4,0x985D,no,,24,0,not listed
0x29887,0x9887,byte-scan,operand,0xA4F5,0x9885,yes,,1,23,not listed
0x2988F,0x988F,byte-scan,unreached-by-this-method,0x10FD,0x9888,no,,24,0,not listed
0x29895,0x9895,byte-scan,unreached-by-this-method,0x0BC4,0x9888,no,,24,0,not listed
0x29898,0x9898,byte-scan,unreached-by-this-method,0x10FD,0x9888,no,,24,0,not listed
0x2989E,0x989E,byte-scan,unreached-by-this-method,0x0BC4,0x9888,no,,24,0,not listed
0x298AD,0x98AD,byte-scan+walk,decoded-lcall,0x0D8F,0x98AD,yes,next listing boundary,24,0,not listed
0x298BB,0x98BB,byte-scan+walk,decoded-ljmp,0x0C8C,0x98B1,yes,tail jump to a callee,23,1,not listed
0x298C7,0x98C7,byte-scan+walk,decoded-ljmp,0x0BC4,0x98C1,yes,tail jump to a callee,24,0,not listed
0x298CA,0x98CA,byte-scan,unreached-by-this-method,0x0C58,0x98C1,no,,24,0,not listed
0x298D4,0x98D4,byte-scan,unreached-by-this-method,0x10FD,0x98C1,no,,24,0,not listed
0x298E9,0x98E9,byte-scan,unreached-by-this-method,0x0C58,0x98E0,no,,24,0,not listed
0x298EF,0x98EF,byte-scan,unreached-by-this-method,0x0FBB,0x98E0,no,,24,0,not listed
0x298F7,0x98F7,byte-scan,unreached-by-this-method,0xEEAE,0x98E0,no,,24,0,not listed
0x298FF,0x98FF,byte-scan,unreached-by-this-method,0x10FD,0x98E0,no,,24,0,not listed
0x29906,0x9906,byte-scan,unreached-by-this-method,0x0C58,0x98E0,no,,24,0,not listed
0x2990D,0x990D,byte-scan+walk,decoded-ljmp,0x0D70,0x9909,yes,tail jump to a callee,24,0,not listed
0x29910,0x9910,byte-scan,unreached-by-this-method,0x10FD,0x9909,no,,22,2,not listed
0x29917,0x9917,byte-scan,unreached-by-this-method,0x0C58,0x9909,no,,24,0,not listed
0x2991D,0x991D,byte-scan+walk,decoded-ljmp,0x0D38,0x991A,yes,tail jump to a callee,24,0,not listed
0x29923,0x9923,byte-scan+walk,decoded-ljmp,0x0D8F,0x9920,yes,tail jump to a callee,22,2,not listed
0x2992C,0x992C,byte-scan,operand,0x22FD,0x9926,yes,,1,23,not listed
0x2993D,0x993D,byte-scan+walk,decoded-ljmp,0x0C58,0x9936,yes,tail jump to a callee,24,0,not listed
0x29944,0x9944,byte-scan,unreached-by-this-method,0x0C58,0x9936,no,,24,0,not listed
0x2994E,0x994E,byte-scan,unreached-by-this-method,0x0D0D,0x9936,no,,24,0,not listed
0x29955,0x9955,byte-scan,unreached-by-this-method,0x0C58,0x9936,no,,24,0,not listed
0x29958,0x9958,byte-scan+walk,decoded-lcall,0x10FD,0x9958,yes,ret,24,0,not listed
0x29962,0x9962,byte-scan+walk,decoded-ljmp,0x0C58,0x995F,yes,tail jump to a callee,22,2,not listed
0x29972,0x9972,byte-scan+walk,decoded-ljmp,0x0C58,0x996F,yes,tail jump to a callee,22,2,not listed
0x29975,0x9975,byte-scan+walk,decoded-lcall,0x10FD,0x9975,yes,tail jump to a callee,24,0,not listed
0x2997B,0x997B,byte-scan+walk,decoded-ljmp,0x0BC4,0x9975,yes,tail jump to a callee,24,0,not listed
0x29981,0x9981,byte-scan+walk,decoded-ljmp,0x10C8,0x9975,no,tail jump to a callee,24,0,not listed
0x2998B,0x998B,byte-scan+walk,decoded-lcall,0x10BC,0x998B,yes,next listing boundary,22,2,not listed
0x2999B,0x999B,byte-scan+walk,decoded-lcall,0x1253,0x998F,no,ret,23,1,not listed
0x2999C,0x999C,byte-scan,operand,0x53A9,0x998F,no,,1,23,not listed
0x299A5,0x99A5,byte-scan+walk,decoded-lcall,0x0FAF,0x998F,no,ret,24,0,not listed
0x299C4,0x99C4,byte-scan+walk,decoded-lcall,0x10BC,0x998F,no,ret,22,2,not listed
0x299DF,0x99DF,byte-scan+walk,decoded-ljmp,0x0C8C,0x99D4,yes,tail jump to a callee,24,0,not listed
0x299E6,0x99E6,byte-scan+walk,decoded-ljmp,0x10BC,0x99D4,no,tail jump to a callee,22,2,not listed
0x299EC,0x99EC,byte-scan+walk,decoded-lcall,0x1253,0x99D4,no,ret,24,0,not listed
0x299ED,0x99ED,byte-scan,operand,0x53E0,0x99D4,no,,0,24,not listed
0x299F8,0x99F8,byte-scan,unreached-by-this-method,0x10D1,0x99D4,no,,22,2,not listed
0x299FB,0x99FB,byte-scan,unreached-by-this-method,0x0BAB,0x99D4,no,,20,4,not listed
0x29A0C,0x9A0C,byte-scan,operand,0x7D60,0x99D4,no,,0,24,not listed
0x29A0F,0x9A0F,byte-scan+walk,decoded-lcall,0x0C7A,0x99D4,no,ret,23,1,not listed
0x29A1F,0x9A1F,byte-scan+walk,decoded-ljmp,0x10BC,0x9A1B,yes,tail jump to a callee,22,2,not listed
0x29A2F,0x9A2F,byte-scan+walk,decoded-ljmp,0x0FAF,0x9A1B,no,tail jump to a callee,24,0,not listed
0x29A42,0x9A42,byte-scan+walk,decoded-ljmp,0x10BC,0x9A1B,no,tail jump to a callee,22,2,not listed
0x29A48,0x9A48,byte-scan+walk,decoded-lcall,0x10C8,0x9A1B,no,tail jump to a callee,24,0,not listed
0x29A4B,0x9A4B,byte-scan+walk,decoded-ljmp,0x0D0D,0x9A1B,no,tail jump to a callee,23,1,not listed
0x29A56,0x9A56,byte-scan,unreached-by-this-method,0x0F32,0x9A1B,no,,24,0,not listed
0x29A75,0x9A75,byte-scan+walk,decoded-ljmp,0x1253,0x9A1B,no,tail jump to a callee,24,0,not listed
0x29A76,0x9A76,byte-scan,operand,0x5375,0x9A1B,no,,0,24,not listed
0x29A9C,0x9A9C,byte-scan+walk,decoded-ljmp,0x10BC,0x9A91,no,tail jump to a callee,24,0,not listed
0x29AAA,0x9AAA,byte-scan,unreached-by-this-method,0x1041,0x9A91,no,,24,0,not listed
0x29AC1,0x9AC1,byte-scan+walk,decoded-ljmp,0x10C8,0x9A91,no,tail jump to a callee,24,0,not listed
0x29AC7,0x9AC7,byte-scan+walk,decoded-lcall,0x122F,0x9A91,no,tail jump to a callee,24,0,not listed
0x29AC8,0x9AC8,byte-scan,operand,0x2F02,0x9A91,no,,0,24,not listed
0x29ACA,0x9ACA,byte-scan+walk,decoded-ljmp,0x10E8,0x9A91,no,tail jump to a callee,23,1,not listed
0x29AD0,0x9AD0,byte-scan+walk,decoded-lcall,0x122F,0x9ACD,yes,next listing boundary,24,0,not listed
0x29AD1,0x9AD1,byte-scan,operand,0x2FED,0x9ACD,yes,,0,24,not listed
0x29AD8,0x9AD8,byte-scan+walk,decoded-lcall,0x122F,0x9ACD,no,next listing boundary,24,0,not listed
0x29AD9,0x9AD9,byte-scan,operand,0x2FEF,0x9ACD,no,,0,24,not listed
0x29AE4,0x9AE4,byte-scan,unreached-by-this-method,0x1041,0x9ADD,no,,24,0,not listed
0x29B14,0x9B14,byte-scan,unreached-by-this-method,0x122F,0x9ADD,no,,24,0,not listed
0x29B15,0x9B15,byte-scan,mid-instruction,0x2F12,0x9ADD,no,,0,24,not listed
0x29B17,0x9B17,byte-scan,unreached-by-this-method,0x10E8,0x9ADD,no,,23,1,not listed
0x29B1D,0x9B1D,byte-scan,unreached-by-this-method,0x122F,0x9ADD,no,,24,0,not listed
0x29B1E,0x9B1E,byte-scan,mid-instruction,0x2FEF,0x9ADD,no,,0,24,not listed
0x29B3D,0x9B3D,byte-scan,unreached-by-this-method,0x0F0E,0x9ADD,no,,24,0,not listed
0x29B64,0x9B64,byte-scan,unreached-by-this-method,0x10E8,0x9ADD,no,,24,0,not listed
0x29B76,0x9B76,byte-scan,unreached-by-this-method,0x1253,0x9ADD,no,,24,0,not listed
0x29B77,0x9B77,byte-scan,mid-instruction,0x5312,0x9ADD,no,,0,24,not listed
0x29B79,0x9B79,byte-scan,unreached-by-this-method,0x0FCB,0x9ADD,no,,22,2,not listed
0x29B7D,0x9B7D,byte-scan,unreached-by-this-method,0x0F0E,0x9ADD,no,,24,0,not listed
0x29B94,0x9B94,byte-scan,unreached-by-this-method,0x10C8,0x9ADD,no,,24,0,not listed
0x29B97,0x9B97,byte-scan,unreached-by-this-method,0x0F45,0x9ADD,no,,23,1,not listed
0x29BA2,0x9BA2,byte-scan,mid-instruction,0xAD06,0x9ADD,no,,0,24,not listed
0x29BD9,0x9BD9,byte-scan,unreached-by-this-method,0x122F,0x9ADD,no,,24,0,not listed
0x29BDA,0x9BDA,byte-scan,mid-instruction,0x2F90,0x9ADD,no,,0,24,not listed
0x29BDF,0x9BDF,byte-scan,unreached-by-this-method,0x1253,0x9ADD,no,,24,0,not listed
0x29BE0,0x9BE0,byte-scan,mid-instruction,0x53E0,0x9ADD,no,,0,24,not listed
0x29BF3,0x9BF3,byte-scan,unreached-by-this-method,0x1253,0x9ADD,no,,24,0,not listed
0x29BF4,0x9BF4,byte-scan,mid-instruction,0x5302,0x9ADD,no,,0,24,not listed
0x29BF6,0x9BF6,byte-scan,unreached-by-this-method,0x10C8,0x9ADD,no,,22,2,not listed
0x29BFE,0x9BFE,byte-scan,unreached-by-this-method,0x1253,0x9ADD,no,,24,0,not listed
0x29BFF,0x9BFF,byte-scan,mid-instruction,0x5390,0x9ADD,no,,0,24,not listed
0x29C04,0x9C04,byte-scan,unreached-by-this-method,0x1253,0x9ADD,no,,24,0,not listed
0x29C05,0x9C05,byte-scan,mid-instruction,0x5390,0x9ADD,no,,0,24,not listed
0x29C0A,0x9C0A,byte-scan,unreached-by-this-method,0x122F,0x9ADD,no,,24,0,not listed
0x29C0B,0x9C0B,byte-scan,mid-instruction,0x2F02,0x9ADD,no,,0,24,not listed
0x29C0D,0x9C0D,byte-scan,unreached-by-this-method,0x10E8,0x9ADD,no,,23,1,not listed
0x29C1B,0x9C1B,byte-scan+walk,decoded-lcall,0x10BC,0x9C1B,yes,ret,24,0,not listed
0x29C3C,0x9C3C,byte-scan,unreached-by-this-method,0x10BC,0x9C1B,no,,24,0,not listed
0x29C4D,0x9C4D,byte-scan+walk,decoded-lcall,0x10BC,0x9C4D,yes,ret,24,0,not listed
0x29C74,0x9C74,byte-scan,unreached-by-this-method,0x10BC,0x9C4D,no,,24,0,not listed
0x29C87,0x9C87,byte-scan,unreached-by-this-method,0x0F0E,0x9C4D,no,,24,0,not listed
0x29C8F,0x9C8F,byte-scan,unreached-by-this-method,0x10BC,0x9C4D,no,,24,0,not listed
0x29CAC,0x9CAC,byte-scan,unreached-by-this-method,0x0C7A,0x9C4D,no,,24,0,not listed
0x29CD6,0x9CD6,byte-scan,unreached-by-this-method,0x10E8,0x9CC2,no,,24,0,not listed
0x29D15,0x9D15,byte-scan,mid-instruction,0x2212,0x9CFB,no,,0,24,not listed
0x29D17,0x9D17,byte-scan,unreached-by-this-method,0x0FAF,0x9CFB,no,,23,1,not listed
0x29D1A,0x9D1A,byte-scan,unreached-by-this-method,0x0F00,0x9CFB,no,,21,3,not listed
0x29D1D,0x9D1D,byte-scan,unreached-by-this-method,0x0DBC,0x9CFB,no,,24,0,not listed
0x29D28,0x9D28,byte-scan,unreached-by-this-method,0x0B85,0x9CFB,no,,24,0,not listed
0x29D54,0x9D54,byte-scan+walk,decoded-lcall,0x122F,0x9D39,no,loop back to 0x9E46,24,0,not listed
0x29D55,0x9D55,byte-scan,operand,0x2FEF,0x9D39,no,,0,24,not listed
0x29D5C,0x9D5C,byte-scan+walk,decoded-lcall,0x122F,0x9D39,no,loop back to 0x9E46,22,2,not listed
0x29D5D,0x9D5D,byte-scan,operand,0x2F85,0x9D39,no,,2,22,not listed
0x29D67,0x9D67,byte-scan+walk,decoded-lcall,0x99B6,0x9D39,no,loop back to 0x9E46,24,0,not listed
0x29D6B,0x9D6B,byte-scan+walk,decoded-lcall,0x9A71,0x9D39,no,loop back to 0x9E46,22,2,not listed
0x29D76,0x9D76,byte-scan+walk,decoded-lcall,0x9996,0x9D39,no,loop back to 0x9E46,24,0,not listed
0x29D79,0x9D79,byte-scan+walk,decoded-lcall,0x128D,0x9D39,no,loop back to 0x9E46,24,0,not listed
0x29D7A,0x9D7A,byte-scan,operand,0x8D12,0x9D39,no,,0,24,not listed
0x29D7C,0x9D7C,byte-scan+walk,decoded-lcall,0x9996,0x9D39,no,loop back to 0x9E46,22,2,not listed
0x29D7F,0x9D7F,byte-scan+walk,decoded-lcall,0x9AC4,0x9D39,no,loop back to 0x9E46,24,0,not listed
0x29D82,0x9D82,byte-scan+walk,decoded-lcall,0x9996,0x9D39,no,loop back to 0x9E46,24,0,not listed
0x29D85,0x9D85,byte-scan+walk,decoded-lcall,0x9AC4,0x9D39,no,loop back to 0x9E46,24,0,not listed
0x29D8B,0x9D8B,byte-scan+walk,decoded-lcall,0x9999,0x9D39,no,loop back to 0x9E46,24,0,not listed
0x29D91,0x9D91,byte-scan+walk,decoded-lcall,0x1253,0x9D39,no,loop back to 0x9E46,24,0,not listed
0x29D92,0x9D92,byte-scan,operand,0x53E0,0x9D39,no,,0,24,not listed
0x29D96,0x9D96,byte-scan+walk,decoded-lcall,0xE3DE,0x9D39,no,loop back to 0x9E46,24,0,not listed
0x29D9C,0x9D9C,byte-scan+walk,decoded-ljmp,0x9E80,0x9D39,no,loop back to 0x9E46,24,0,not listed
0x29D9F,0x9D9F,byte-scan+walk,decoded-lcall,0x99E9,0x9D39,no,loop back to 0x9E46,22,2,not listed
0x29DA9,0x9DA9,byte-scan+walk,decoded-lcall,0x998B,0x9D39,no,loop back to 0x9E46,24,0,not listed
0x29DAD,0x9DAD,byte-scan+walk,decoded-lcall,0x99B8,0x9D39,no,loop back to 0x9E46,24,0,not listed
0x29DB1,0x9DB1,byte-scan+walk,decoded-lcall,0xEDB5,0x9D39,no,loop back to 0x9E46,22,2,not listed
0x29DB7,0x9DB7,byte-scan+walk,decoded-ljmp,0x9E6D,0x9D39,no,loop back to 0x9E46,24,0,not listed
0x29DBD,0x9DBD,byte-scan+walk,decoded-lcall,0x1253,0x9D39,no,loop back to 0x9E46,22,2,not listed
0x29DBE,0x9DBE,byte-scan,operand,0x53E0,0x9D39,no,,2,22,not listed
0x29DC2,0x9DC2,byte-scan+walk,decoded-lcall,0x99E9,0x9D39,no,loop back to 0x9E46,24,0,not listed
0x29DC8,0x9DC8,byte-scan+walk,decoded-lcall,0x99E2,0x9D39,no,loop back to 0x9E46,24,0,not listed
0x29DCC,0x9DCC,byte-scan+walk,decoded-lcall,0x998F,0x9D39,no,loop back to 0x9E46,24,0,not listed
0x29DD3,0x9DD3,byte-scan+walk,decoded-lcall,0x99B8,0x9D39,no,loop back to 0x9E46,23,1,not listed
0x29DDC,0x9DDC,byte-scan+walk,decoded-lcall,0x9A99,0x9D39,no,loop back to 0x9E46,24,0,not listed
0x29DE0,0x9DE0,byte-scan+walk,decoded-lcall,0x9A71,0x9D39,no,loop back to 0x9E46,24,0,not listed
0x29DEF,0x9DEF,byte-scan+walk,decoded-lcall,0x10BC,0x9D39,no,loop back to 0x9E46,22,2,not listed
0x29DF3,0x9DF3,byte-scan+walk,decoded-lcall,0x998F,0x9D39,no,loop back to 0x9E46,23,1,not listed
0x29DF7,0x9DF7,byte-scan+walk,decoded-lcall,0x9A99,0x9D39,no,loop back to 0x9E46,24,0,not listed
0x29DFE,0x9DFE,byte-scan+walk,decoded-lcall,0x9A71,0x9D39,no,loop back to 0x9E46,24,0,not listed
0x29E05,0x9E05,byte-scan+walk,decoded-lcall,0x99B8,0x9D39,no,loop back to 0x9E46,24,0,not listed
0x29E08,0x9E08,byte-scan+walk,decoded-lcall,0x99B6,0x9D39,no,loop back to 0x9E46,22,2,not listed
0x29E1F,0x9E1F,byte-scan+walk,decoded-lcall,0x9996,0x9D39,no,loop back to 0x9E46,24,0,not listed
0x29E25,0x9E25,byte-scan,operand,0xC001,0x9D39,no,,0,24,not listed
0x29E28,0x9E28,byte-scan+walk,decoded-lcall,0x99E9,0x9D39,no,loop back to 0x9E46,23,1,not listed
0x29E2B,0x9E2B,byte-scan+walk,decoded-lcall,0x9A08,0x9D39,no,loop back to 0x9E46,24,0,not listed
0x29E2E,0x9E2E,byte-scan+walk,decoded-lcall,0x99B8,0x9D39,no,loop back to 0x9E46,24,0,not listed
0x29E31,0x9E31,byte-scan+walk,decoded-lcall,0x9A9F,0x9D39,no,loop back to 0x9E46,22,2,not listed
0x29E3C,0x9E3C,byte-scan,operand,0xD003,0x9D39,no,,2,22,not listed
0x29E43,0x9E43,byte-scan+walk,decoded-lcall,0x0B85,0x9D39,no,loop back to 0x9E46,24,0,not listed
0x29E46,0x9E46,byte-scan+walk,decoded-lcall,0x99B8,0x9D39,no,loop back to 0x9E46,22,2,not listed
0x29E49,0x9E49,byte-scan+walk,decoded-lcall,0x99D4,0x9D39,no,loop back to 0x9E46,20,4,not listed
0x29E4E,0x9E4E,byte-scan+walk,decoded-lcall,0x99E9,0x9D39,no,loop back to 0x9E46,23,1,not listed
0x29E55,0x9E55,byte-scan+walk,decoded-lcall,0x9A3F,0x9D39,no,loop back to 0x9E46,24,0,not listed
0x29E59,0x9E59,byte-scan+walk,decoded-lcall,0x998F,0x9D39,no,loop back to 0x9E46,24,0,not listed
0x29E5F,0x9E5F,byte-scan+walk,decoded-lcall,0x9A78,0x9D39,no,loop back to 0x9E46,24,0,not listed
0x29E62,0x9E62,byte-scan+walk,decoded-lcall,0x99A3,0x9D39,no,loop back to 0x9E46,22,2,not listed
0x29E65,0x9E65,byte-scan+walk,decoded-lcall,0x99E9,0x9D39,no,loop back to 0x9E46,24,0,not listed
0x29E68,0x9E68,byte-scan+walk,decoded-lcall,0x9A78,0x9D39,no,loop back to 0x9E46,24,0,not listed
0x29E6D,0x9E6D,byte-scan+walk,decoded-lcall,0x99E9,0x9D39,no,tail jump to a callee,24,0,not listed
0x29E71,0x9E71,byte-scan+walk,decoded-lcall,0x9A84,0x9D39,no,tail jump to a callee,24,0,not listed
0x29E74,0x9E74,byte-scan+walk,decoded-lcall,0x99A3,0x9D39,no,tail jump to a callee,24,0,not listed
0x29E78,0x9E78,byte-scan+walk,decoded-lcall,0x9A84,0x9D39,no,tail jump to a callee,24,0,not listed
0x29E7D,0x9E7D,byte-scan+walk,decoded-lcall,0x1041,0x9D39,no,tail jump to a callee,24,0,not listed
0x29E83,0x9E83,byte-scan+walk,decoded-ljmp,0x122F,0x9D39,no,tail jump to a callee,24,0,not listed
0x29E84,0x9E84,byte-scan,operand,0x2F90,0x9D39,no,,0,24,not listed
0x29E8F,0x9E8F,byte-scan,unreached-by-this-method,0xF5C3,0x9D39,no,,24,0,not listed
0x29E9D,0x9E9D,byte-scan,unreached-by-this-method,0xF51E,0x9D39,no,,24,0,not listed
0x29EAB,0x9EAB,byte-scan,unreached-by-this-method,0xF22E,0x9D39,no,,24,0,not listed
0x29EB0,0x9EB0,byte-scan,mid-instruction,0xFF22,0x9D39,no,,0,24,not listed
0x29EB7,0x9EB7,byte-scan,unreached-by-this-method,0x5702,0x9D39,no,,24,0,not listed
0x29EB9,0x9EB9,byte-scan,unreached-by-this-method,0xE070,0x9D39,no,,1,23,not listed
0x29EBD,0x9EBD,byte-scan,unreached-by-this-method,0xF739,0x9D39,no,,21,3,not listed
0x29ECB,0x9ECB,byte-scan,unreached-by-this-method,0x58B9,0x9D39,no,,24,0,not listed
0x29ECE,0x9ECE,byte-scan,unreached-by-this-method,0x0FAF,0x9D39,no,,22,2,not listed
0x29ED1,0x9ED1,byte-scan,unreached-by-this-method,0x0F00,0x9D39,no,,20,4,not listed
0x29ED4,0x9ED4,byte-scan,unreached-by-this-method,0x0DBC,0x9D39,no,,24,0,not listed
0x29EDA,0x9EDA,byte-scan,unreached-by-this-method,0x5837,0x9D39,no,,21,3,not listed
0x29EE9,0x9EE9,byte-scan,unreached-by-this-method,0xEBE4,0x9D39,no,,24,0,not listed
0x29EEF,0x9EEF,byte-scan,unreached-by-this-method,0x56A0,0x9D39,no,,24,0,not listed
0x29EF2,0x9EF2,byte-scan,unreached-by-this-method,0x5706,0x9D39,no,,22,2,not listed
0x29EF9,0x9EF9,byte-scan,unreached-by-this-method,0x5701,0x9D39,no,,23,1,not listed
0x29F00,0x9F00,byte-scan,unreached-by-this-method,0x5719,0x9D39,no,,24,0,not listed
0x29F06,0x9F06,byte-scan,unreached-by-this-method,0x56F1,0x9D39,no,,24,0,not listed
0x29F0E,0x9F0E,byte-scan,unreached-by-this-method,0x578E,0x9D39,no,,24,0,not listed
0x29F11,0x9F11,byte-scan,unreached-by-this-method,0x5901,0x9D39,no,,22,2,not listed
0x29F1B,0x9F1B,byte-scan,unreached-by-this-method,0x590E,0x9D39,no,,24,0,not listed
0x29F22,0x9F22,byte-scan,unreached-by-this-method,0x7EA1,0x9D39,no,,22,2,not listed
0x29F31,0x9F31,byte-scan,unreached-by-this-method,0xEBE4,0x9D39,no,,24,0,not listed
0x29F3E,0x9F3E,byte-scan,unreached-by-this-method,0x56A0,0x9D39,no,,24,0,not listed
0x29F41,0x9F41,byte-scan,unreached-by-this-method,0x56F5,0x9D39,no,,22,2,not listed
0x29F44,0x9F44,byte-scan,unreached-by-this-method,0x56FF,0x9D39,no,,20,4,not listed
0x29F54,0x9F54,byte-scan,unreached-by-this-method,0x10BC,0x9D39,no,,24,0,not listed
0x29F58,0x9F58,byte-scan,unreached-by-this-method,0x5726,0x9D39,no,,23,1,not listed
0x29F67,0x9F67,byte-scan,unreached-by-this-method,0x10BC,0x9D39,no,,24,0,not listed
0x29F6B,0x9F6B,byte-scan,unreached-by-this-method,0x5726,0x9D39,no,,23,1,not listed
0x29F7B,0x9F7B,byte-scan,unreached-by-this-method,0x56A0,0x9D39,no,,24,0,not listed
0x29F7E,0x9F7E,byte-scan,unreached-by-this-method,0x56F5,0x9D39,no,,22,2,not listed
0x29F81,0x9F81,byte-scan,unreached-by-this-method,0x56FF,0x9D39,no,,20,4,not listed
0x29F8D,0x9F8D,byte-scan,unreached-by-this-method,0x104D,0x9D39,no,,24,0,not listed
0x29F9C,0x9F9C,byte-scan,unreached-by-this-method,0x7A07,0x9D39,no,,1,23,not listed
0x29F9F,0x9F9F,byte-scan,unreached-by-this-method,0xCCB7,0x9D39,no,,24,0,not listed
0x29FA8,0x9FA8,byte-scan,unreached-by-this-method,0x56A0,0x9D39,no,,24,0,not listed
0x29FAB,0x9FAB,byte-scan,unreached-by-this-method,0x5706,0x9D39,no,,22,2,not listed
0x29FB2,0x9FB2,byte-scan,unreached-by-this-method,0x56F1,0x9D39,no,,24,0,not listed
0x29FBD,0x9FBD,byte-scan,unreached-by-this-method,0xB2F1,0x9D39,no,,24,0,not listed
0x29FD2,0x9FD2,byte-scan,unreached-by-this-method,0x0FAF,0x9D39,no,,24,0,not listed
0x29FD8,0x9FD8,byte-scan,unreached-by-this-method,0x1041,0x9D39,no,,20,4,not listed
0x29FDB,0x9FDB,byte-scan,unreached-by-this-method,0xB2A8,0x9D39,no,,18,6,not listed
0x29FE1,0x9FE1,byte-scan,unreached-by-this-method,0xB2A2,0x9D39,no,,21,3,not listed
0x29FE6,0x9FE6,byte-scan,unreached-by-this-method,0x0F1F,0x9D39,no,,22,2,not listed
0x29FEC,0x9FEC,byte-scan,unreached-by-this-method,0xB2A2,0x9D39,no,,22,2,not listed
0x29FF1,0x9FF1,byte-scan,unreached-by-this-method,0x0F1F,0x9D39,no,,24,0,not listed
0x2A013,0xA013,byte-scan,operand,0x7F00,0xA000,yes,,1,23,not listed
0x2A019,0xA019,byte-scan+walk,decoded-lcall,0xB2A6,0xA000,yes,ret,22,2,not listed
0x2A01E,0xA01E,byte-scan+walk,decoded-lcall,0x0F1F,0xA000,yes,ret,24,0,not listed
0x2A02B,0xA02B,byte-scan+walk,decoded-lcall,0xB24D,0xA000,yes,ret,24,0,not listed
0x2A033,0xA033,byte-scan,operand,0x7F00,0xA000,yes,,1,23,not listed
0x2A039,0xA039,byte-scan+walk,decoded-lcall,0xB2A6,0xA000,yes,ret,24,0,not listed
0x2A03D,0xA03D,byte-scan,operand,0x120F,0xA000,yes,,1,23,not listed
0x2A03E,0xA03E,byte-scan+walk,decoded-lcall,0x0F1F,0xA000,yes,ret,22,2,not listed
0x2A04C,0xA04C,byte-scan+walk,decoded-lcall,0xB2A7,0xA000,yes,ret,24,0,not listed
0x2A051,0xA051,byte-scan+walk,decoded-lcall,0x0F1F,0xA000,yes,ret,24,0,not listed
0x2A05F,0xA05F,byte-scan+walk,decoded-lcall,0xB2CD,0xA000,yes,ret,24,0,not listed
0x2A065,0xA065,byte-scan,operand,0x8018,0xA000,yes,,1,23,not listed
0x2A06F,0xA06F,byte-scan,operand,0x0912,0xA000,yes,,0,24,not listed
0x2A071,0xA071,byte-scan+walk,decoded-lcall,0xB2CD,0xA000,yes,ret,23,1,not listed
0x2A07A,0xA07A,byte-scan+walk,decoded-lcall,0xB2CD,0xA000,yes,ret,24,0,not listed
0x2A080,0xA080,byte-scan+walk,decoded-lcall,0x0D70,0xA000,yes,ret,24,0,not listed
0x2A08B,0xA08B,byte-scan+walk,decoded-lcall,0xB2CD,0xA000,yes,ret,24,0,not listed
0x2A090,0xA090,byte-scan,operand,0x743C,0xA000,yes,,1,23,not listed
0x2A094,0xA094,byte-scan,operand,0xEE90,0xA000,yes,,0,24,not listed
0x2A09A,0xA09A,byte-scan,operand,0x0712,0xA000,yes,,0,24,not listed
0x2A09C,0xA09C,byte-scan+walk,decoded-lcall,0xB2F7,0xA000,yes,ret,23,1,not listed
0x2A0A3,0xA0A3,byte-scan+walk,decoded-lcall,0xB2F7,0xA000,yes,ret,24,0,not listed
0x2A0A7,0xA0A7,byte-scan+walk,decoded-lcall,0x0C58,0xA000,yes,ret,24,0,not listed
0x2A0D2,0xA0D2,byte-scan+walk,decoded-lcall,0xB2CD,0xA000,yes,ret,24,0,not listed
0x2A0D9,0xA0D9,byte-scan+walk,decoded-lcall,0x0C58,0xA000,yes,ret,24,0,not listed
0x2A0E0,0xA0E0,byte-scan+walk,decoded-lcall,0x0C58,0xA000,yes,ret,24,0,not listed
0x2A117,0xA117,byte-scan+walk,decoded-ljmp,0xA1AC,0xA0E6,yes,tail jump to a callee,24,0,not listed
0x2A11F,0xA11F,byte-scan,operand,0x0EA3,0xA0E6,yes,,0,24,not listed
0x2A129,0xA129,byte-scan+walk,decoded-lcall,0xACD3,0xA0E6,yes,tail jump to a callee,24,0,not listed
0x2A134,0xA134,byte-scan,operand,0x0BA3,0xA0E6,yes,,0,24,not listed
0x2A13B,0xA13B,byte-scan+walk,decoded-lcall,0xACCE,0xA0E6,yes,tail jump to a callee,24,0,not listed
0x2A14A,0xA14A,byte-scan,operand,0x0912,0xA0E6,yes,,0,24,not listed
0x2A14C,0xA14C,byte-scan+walk,decoded-lcall,0xACCE,0xA0E6,yes,tail jump to a callee,23,1,not listed
0x2A15F,0xA15F,byte-scan,operand,0x1712,0xA0E6,yes,,0,24,not listed
0x2A161,0xA161,byte-scan+walk,decoded-lcall,0xACCE,0xA0E6,yes,tail jump to a callee,23,1,not listed
0x2A168,0xA168,byte-scan+walk,decoded-lcall,0xACE6,0xA0E6,yes,tail jump to a callee,24,0,not listed
0x2A16F,0xA16F,byte-scan+walk,decoded-lcall,0x0FAF,0xA0E6,yes,tail jump to a callee,23,1,not listed
0x2A174,0xA174,byte-scan,operand,0x02A1,0xA0E6,yes,,0,24,not listed
0x2A175,0xA175,byte-scan+walk,decoded-ljmp,0xA1FF,0xA0E6,yes,tail jump to a callee,23,1,not listed
0x2A188,0xA188,byte-scan+walk,decoded-lcall,0xACE6,0xA0E6,yes,tail jump to a callee,24,0,not listed
0x2A18F,0xA18F,byte-scan+walk,decoded-lcall,0x0FAF,0xA0E6,yes,tail jump to a callee,23,1,not listed
0x2A195,0xA195,byte-scan+walk,decoded-ljmp,0xA1FF,0xA0E6,yes,tail jump to a callee,24,0,not listed
0x2A19C,0xA19C,byte-scan+walk,decoded-lcall,0xACE6,0xA0E6,yes,tail jump to a callee,24,0,not listed
0x2A1A3,0xA1A3,byte-scan+walk,decoded-lcall,0x0FAF,0xA0E6,yes,tail jump to a callee,23,1,not listed
0x2A1A9,0xA1A9,byte-scan+walk,decoded-ljmp,0xA1FF,0xA0E6,yes,tail jump to a callee,24,0,not listed
0x2A1B0,0xA1B0,byte-scan+walk,decoded-lcall,0xACE6,0xA0E6,yes,tail jump to a callee,24,0,not listed
0x2A1B7,0xA1B7,byte-scan+walk,decoded-lcall,0x0FAF,0xA0E6,yes,tail jump to a callee,23,1,not listed
0x2A1C3,0xA1C3,byte-scan+walk,decoded-lcall,0x1041,0xA0E6,yes,tail jump to a callee,24,0,not listed
0x2A1D0,0xA1D0,byte-scan+walk,decoded-lcall,0xACCE,0xA0E6,yes,tail jump to a callee,24,0,not listed
0x2A1E1,0xA1E1,byte-scan+walk,decoded-lcall,0xACCE,0xA0E6,yes,tail jump to a callee,24,0,not listed
0x2A1E9,0xA1E9,byte-scan+walk,decoded-lcall,0xF65E,0xA0E6,yes,tail jump to a callee,24,0,not listed
0x2A1F2,0xA1F2,byte-scan+walk,decoded-lcall,0xACE6,0xA0E6,yes,tail jump to a callee,24,0,not listed
0x2A1F9,0xA1F9,byte-scan+walk,decoded-lcall,0x0FAF,0xA0E6,yes,tail jump to a callee,23,1,not listed
0x2A205,0xA205,byte-scan+walk,decoded-lcall,0x1041,0xA0E6,yes,tail jump to a callee,24,0,not listed
0x2A208,0xA208,byte-scan+walk,decoded-lcall,0xACCE,0xA0E6,yes,tail jump to a callee,22,2,not listed
0x2A20D,0xA20D,byte-scan+walk,decoded-ljmp,0xF654,0xA0E6,yes,tail jump to a callee,24,0,not listed
0x2A213,0xA213,byte-scan,unreached-by-this-method,0x595A,0xA0E6,no,,20,4,not listed
0x2A225,0xA225,byte-scan,unreached-by-this-method,0x578E,0xA0E6,no,,22,2,not listed
0x2A22F,0xA22F,byte-scan,unreached-by-this-method,0x128D,0xA0E6,no,,24,0,not listed
0x2A230,0xA230,byte-scan,mid-instruction,0x8D90,0xA0E6,no,,0,24,not listed
0x2A23F,0xA23F,byte-scan,unreached-by-this-method,0x0F32,0xA0E6,no,,23,1,not listed
0x2A252,0xA252,byte-scan,unreached-by-this-method,0x573C,0xA0E6,no,,24,0,not listed
0x2A256,0xA256,byte-scan,mid-instruction,0x05E4,0xA0E6,no,,0,24,not listed
0x2A25C,0xA25C,byte-scan,unreached-by-this-method,0xE4FF,0xA0E6,no,,1,23,not listed
0x2A264,0xA264,byte-scan,unreached-by-this-method,0x0F32,0xA0E6,no,,24,0,not listed
0x2A26A,0xA26A,byte-scan,mid-instruction,0xD001,0xA0E6,no,,0,24,not listed
0x2A26F,0xA26F,byte-scan,unreached-by-this-method,0x0EF3,0xA0E6,no,,24,0,not listed
0x2A27D,0xA27D,byte-scan,unreached-by-this-method,0x596B,0xA0E6,no,,24,0,not listed
0x2A282,0xA282,byte-scan,unreached-by-this-method,0x0F32,0xA0E6,no,,24,0,not listed
0x2A288,0xA288,byte-scan,mid-instruction,0xD001,0xA0E6,no,,0,24,not listed
0x2A28D,0xA28D,byte-scan,unreached-by-this-method,0x0EF3,0xA0E6,no,,24,0,not listed
0x2A29B,0xA29B,byte-scan,unreached-by-this-method,0x596B,0xA0E6,no,,22,2,not listed
0x2A2A0,0xA2A0,byte-scan,unreached-by-this-method,0x0F32,0xA0E6,no,,24,0,not listed
0x2A2A6,0xA2A6,byte-scan,mid-instruction,0xD001,0xA0E6,no,,0,24,not listed
0x2A2AB,0xA2AB,byte-scan,unreached-by-this-method,0x0EF3,0xA0E6,no,,24,0,not listed
0x2A2B9,0xA2B9,byte-scan,unreached-by-this-method,0x596B,0xA0E6,no,,22,2,not listed
0x2A2BC,0xA2BC,byte-scan,unreached-by-this-method,0x0EF3,0xA0E6,no,,24,0,not listed
0x2A2C8,0xA2C8,byte-scan,unreached-by-this-method,0x5961,0xA0E6,no,,24,0,not listed
0x2A2CB,0xA2CB,byte-scan,unreached-by-this-method,0x1041,0xA0E6,no,,22,2,not listed
0x2A2D4,0xA2D4,byte-scan,unreached-by-this-method,0x5702,0xA0E6,no,,24,0,not listed
0x2A2D6,0xA2D6,byte-scan,unreached-by-this-method,0xEFF0,0xA0E6,no,,1,23,not listed
0x2A2DC,0xA2DC,byte-scan,unreached-by-this-method,0x10C8,0xA0E6,no,,24,0,not listed
0x2A30D,0xA30D,byte-scan+walk,decoded-lcall,0x10C8,0xA0E6,no,tail jump to a callee,24,0,not listed
0x2A314,0xA314,byte-scan+walk,decoded-lcall,0x0B85,0xA0E6,no,tail jump to a callee,24,0,not listed
0x2A31D,0xA31D,byte-scan+walk,decoded-lcall,0x56ED,0xA0E6,no,tail jump to a callee,24,0,not listed
0x2A324,0xA324,byte-scan,unreached-by-this-method,0x56ED,0xA0E6,no,,24,0,not listed
0x2A32A,0xA32A,byte-scan,unreached-by-this-method,0xF739,0xA0E6,no,,24,0,not listed
0x2A330,0xA330,byte-scan,unreached-by-this-method,0x58B9,0xA0E6,no,,22,2,not listed
0x2A333,0xA333,byte-scan,unreached-by-this-method,0x1041,0xA0E6,no,,20,4,not listed
0x2A34B,0xA34B,byte-scan+walk,decoded-lcall,0x119C,0xA339,yes,tail jump to a callee,24,0,not listed
0x2A356,0xA356,byte-scan,operand,0xA3C6,0xA339,yes,,0,24,not listed
0x2A362,0xA362,walk,decoded-lcall,0xA000,0xA339,yes,tail jump to a callee,24,0,not listed
0x2A367,0xA367,byte-scan,operand,0xB1B3,0xA339,yes,,0,24,not listed
0x2A368,0xA368,walk,decoded-lcall,0xA5B3,0xA339,yes,tail jump to a callee,23,1,not listed
0x2A36A,0xA36A,byte-scan+walk,decoded-lcall,0xE757,0xA339,yes,tail jump to a callee,24,0,not listed
0x2A36D,0xA36D,byte-scan+walk,decoded-ljmp,0xA435,0xA339,yes,tail jump to a callee,24,0,not listed
0x2A370,0xA370,byte-scan,unreached-by-this-method,0xB1B3,0xA339,yes,,22,2,not listed
0x2A373,0xA373,byte-scan,unreached-by-this-method,0xED6B,0xA339,yes,,24,0,not listed
0x2A37D,0xA37D,byte-scan,unreached-by-this-method,0xEBE4,0xA339,yes,,24,0,not listed
0x2A380,0xA380,byte-scan,unreached-by-this-method,0xB16F,0xA339,yes,,24,0,not listed
0x2A388,0xA388,byte-scan,unreached-by-this-method,0xB176,0xA339,yes,,24,0,not listed
0x2A390,0xA390,byte-scan,unreached-by-this-method,0xB176,0xA339,no,,23,1,not listed
0x2A39C,0xA39C,byte-scan,unreached-by-this-method,0x10BC,0xA339,no,,22,2,not listed
0x2A39F,0xA39F,byte-scan,unreached-by-this-method,0x104D,0xA339,no,,20,4,not listed
0x2A3B0,0xA3B0,byte-scan,unreached-by-this-method,0x10BC,0xA339,no,,24,0,not listed
0x2A3B3,0xA3B3,byte-scan,unreached-by-this-method,0x104D,0xA339,no,,22,2,not listed
0x2A3BA,0xA3BA,byte-scan,unreached-by-this-method,0xA435,0xA339,no,,24,0,not listed
0x2A3BD,0xA3BD,byte-scan,unreached-by-this-method,0xB1B3,0xA339,no,,22,2,not listed
0x2A3C0,0xA3C0,byte-scan,unreached-by-this-method,0xD3D1,0xA339,no,,24,0,not listed
0x2A3C3,0xA3C3,byte-scan,unreached-by-this-method,0xA435,0xA339,no,,22,2,not listed
0x2A3D2,0xA3D2,byte-scan,unreached-by-this-method,0xB16F,0xA339,no,,22,2,not listed
0x2A3D7,0xA3D7,byte-scan,mid-instruction,0x12B1,0xA339,no,,0,24,not listed
0x2A3D8,0xA3D8,byte-scan,unreached-by-this-method,0xB17D,0xA339,no,,23,1,not listed
0x2A3DD,0xA3DD,byte-scan,unreached-by-this-method,0xEBE4,0xA339,no,,24,0,not listed
0x2A3E7,0xA3E7,byte-scan,unreached-by-this-method,0xF75C,0xA339,no,,24,0,not listed
0x2A407,0xA407,byte-scan,unreached-by-this-method,0x0FAF,0xA339,no,,24,0,not listed
0x2A413,0xA413,byte-scan,unreached-by-this-method,0x10E8,0xA339,no,,21,3,not listed
0x2A427,0xA427,byte-scan,unreached-by-this-method,0xB1D3,0xA339,no,,24,0,not listed
0x2A42F,0xA42F,byte-scan,unreached-by-this-method,0xB1D3,0xA339,no,,24,0,not listed
0x2A43E,0xA43E,byte-scan+walk,decoded-lcall,0x0FAF,0xA339,no,tail jump to a callee,24,0,not listed
0x2A444,0xA444,byte-scan+walk,decoded-lcall,0x1041,0xA339,no,tail jump to a callee,24,0,not listed
0x2A451,0xA451,byte-scan+walk,decoded-ljmp,0x4C27,0xA339,no,tail jump to a callee,24,0,not listed
0x2A45A,0xA45A,byte-scan,unreached-by-this-method,0x10E8,0xA339,no,,24,0,not listed
0x2A477,0xA477,byte-scan,unreached-by-this-method,0xA569,0xA339,no,,24,0,not listed
0x2A47D,0xA47D,byte-scan,unreached-by-this-method,0x9B94,0xA339,no,,24,0,not listed
0x2A489,0xA489,byte-scan,mid-instruction,0x129B,0xA339,no,,0,24,not listed
0x2A48A,0xA48A,byte-scan,unreached-by-this-method,0x9B39,0xA339,no,,23,1,not listed
0x2A48F,0xA48F,byte-scan,unreached-by-this-method,0xA556,0xA339,no,,24,0,not listed
0x2A495,0xA495,byte-scan,unreached-by-this-method,0x9B94,0xA339,no,,24,0,not listed
0x2A49A,0xA49A,byte-scan,unreached-by-this-method,0x0F1F,0xA339,no,,21,3,not listed
0x2A4AC,0xA4AC,byte-scan,unreached-by-this-method,0x9B94,0xA339,no,,24,0,not listed
0x2A4B1,0xA4B1,byte-scan,unreached-by-this-method,0x0F1F,0xA339,no,,24,0,not listed
0x2A4BB,0xA4BB,byte-scan,mid-instruction,0xD001,0xA339,no,,0,24,not listed
0x2A4C0,0xA4C0,byte-scan,unreached-by-this-method,0x0EF3,0xA339,no,,24,0,not listed
0x2A4D2,0xA4D2,byte-scan,unreached-by-this-method,0x9B25,0xA339,no,,24,0,not listed
0x2A503,0xA503,byte-scan,unreached-by-this-method,0x9B25,0xA339,no,,24,0,not listed
0x2A563,0xA563,byte-scan,unreached-by-this-method,0x0CE1,0xA339,no,,24,0,not listed
0x2A566,0xA566,byte-scan,unreached-by-this-method,0xA46C,0xA339,no,,22,2,not listed
0x2A57B,0xA57B,byte-scan+walk,decoded-ljmp,0xA681,0xA571,yes,next listing boundary,24,0,not listed
0x2A57F,0xA57F,byte-scan+walk,decoded-lcall,0x98A5,0xA571,yes,next listing boundary,24,0,not listed
0x2A582,0xA582,byte-scan+walk,decoded-lcall,0x9850,0xA571,yes,next listing boundary,24,0,not listed
0x2A588,0xA588,byte-scan+walk,decoded-lcall,0x98C1,0xA571,yes,next listing boundary,24,0,not listed
0x2A58F,0xA58F,byte-scan+walk,decoded-lcall,0x98A1,0xA571,yes,next listing boundary,24,0,not listed
0x2A592,0xA592,byte-scan+walk,decoded-lcall,0x9850,0xA571,yes,next listing boundary,22,2,not listed
0x2A595,0xA595,byte-scan+walk,decoded-lcall,0x98BE,0xA571,yes,next listing boundary,20,4,not listed
0x2A5A0,0xA5A0,byte-scan+walk,decoded-ljmp,0xA678,0xA571,yes,next listing boundary,24,0,not listed
0x2A5A3,0xA5A3,byte-scan+walk,decoded-lcall,0x98E0,0xA571,yes,next listing boundary,23,1,not listed
0x2A5A7,0xA5A7,byte-scan+walk,decoded-lcall,0x9885,0xA571,yes,next listing boundary,24,0,not listed
0x2A5AA,0xA5AA,byte-scan+walk,decoded-lcall,0x0D38,0xA571,yes,next listing boundary,22,2,not listed
0x2A5B1,0xA5B1,byte-scan+walk,decoded-ljmp,0xA66C,0xA571,no,next listing boundary,24,0,not listed
0x2A5B4,0xA5B4,byte-scan+walk,decoded-lcall,0x98A1,0xA5B3,yes,tail jump to a callee,24,0,not listed
0x2A5B7,0xA5B7,byte-scan+walk,decoded-lcall,0x9850,0xA5B3,yes,tail jump to a callee,22,2,not listed
0x2A5BF,0xA5BF,byte-scan+walk,decoded-lcall,0x98DF,0xA5B3,yes,tail jump to a callee,24,0,not listed
0x2A5C6,0xA5C6,byte-scan+walk,decoded-lcall,0x9885,0xA5B3,yes,tail jump to a callee,24,0,not listed
0x2A5C9,0xA5C9,byte-scan+walk,decoded-lcall,0x0D38,0xA5B3,yes,tail jump to a callee,22,2,not listed
0x2A5CF,0xA5CF,byte-scan+walk,decoded-lcall,0x9850,0xA5B3,yes,tail jump to a callee,24,0,not listed
0x2A5D2,0xA5D2,byte-scan+walk,decoded-lcall,0x991A,0xA5B3,yes,tail jump to a callee,22,2,not listed
0x2A5E9,0xA5E9,byte-scan+walk,decoded-lcall,0x9965,0xA5B3,yes,tail jump to a callee,24,0,not listed
0x2A5EC,0xA5EC,byte-scan+walk,decoded-lcall,0x98DF,0xA5B3,yes,tail jump to a callee,22,2,not listed
0x2A5F0,0xA5F0,byte-scan+walk,decoded-lcall,0x9883,0xA5B3,yes,tail jump to a callee,24,0,not listed
0x2A5F6,0xA5F6,byte-scan+walk,decoded-lcall,0x98AD,0xA5B3,yes,tail jump to a callee,24,0,not listed
0x2A5F9,0xA5F9,byte-scan+walk,decoded-lcall,0x98A1,0xA5B3,yes,tail jump to a callee,22,2,not listed
0x2A5FC,0xA5FC,byte-scan+walk,decoded-lcall,0x9850,0xA5B3,yes,tail jump to a callee,20,4,not listed
0x2A602,0xA602,byte-scan+walk,decoded-lcall,0x9936,0xA5B3,yes,tail jump to a callee,24,0,not listed
0x2A60A,0xA60A,byte-scan,operand,0xA3E0,0xA5B3,yes,,0,24,not listed
0x2A615,0xA615,byte-scan+walk,decoded-lcall,0x9850,0xA5B3,yes,tail jump to a callee,24,0,not listed
0x2A619,0xA619,byte-scan+walk,decoded-lcall,0x996F,0xA5B3,yes,tail jump to a callee,24,0,not listed
0x2A626,0xA626,byte-scan+walk,decoded-lcall,0x9920,0xA5B3,yes,tail jump to a callee,24,0,not listed
0x2A629,0xA629,byte-scan+walk,decoded-lcall,0x9975,0xA5B3,yes,tail jump to a callee,22,2,not listed
0x2A639,0xA639,byte-scan+walk,decoded-lcall,0x0C58,0xA5B3,yes,tail jump to a callee,24,0,not listed
0x2A63C,0xA63C,byte-scan+walk,decoded-lcall,0xF598,0xA5B3,yes,tail jump to a callee,24,0,not listed
0x2A63F,0xA63F,byte-scan+walk,decoded-lcall,0x9850,0xA5B3,yes,tail jump to a callee,24,0,not listed
0x2A647,0xA647,byte-scan+walk,decoded-lcall,0x0C58,0xA5B3,yes,tail jump to a callee,19,5,not listed
0x2A64C,0xA64C,byte-scan+walk,decoded-lcall,0x984D,0xA5B3,yes,tail jump to a callee,23,1,not listed
0x2A64F,0xA64F,byte-scan+walk,decoded-lcall,0x9975,0xA5B3,yes,tail jump to a callee,24,0,not listed
0x2A655,0xA655,byte-scan+walk,decoded-lcall,0xEEAE,0xA5B3,yes,tail jump to a callee,24,0,not listed
0x2A65D,0xA65D,byte-scan+walk,decoded-lcall,0xEEAE,0xA5B3,yes,tail jump to a callee,24,0,not listed
0x2A666,0xA666,byte-scan+walk,decoded-lcall,0xEEAE,0xA5B3,yes,tail jump to a callee,24,0,not listed
0x2A670,0xA670,byte-scan+walk,decoded-lcall,0x98B1,0xA5B3,yes,tail jump to a callee,24,0,not listed
0x2A675,0xA675,byte-scan+walk,decoded-ljmp,0xA58F,0xA5B3,yes,tail jump to a callee,24,0,not listed
0x2A67E,0xA67E,byte-scan+walk,decoded-ljmp,0xA571,0xA678,yes,tail jump to a callee,24,0,not listed
0x2A69B,0xA69B,byte-scan,operand,0x742F,0xA681,no,,1,23,not listed
0x2A6A8,0xA6A8,byte-scan+walk,decoded-lcall,0x1253,0xA681,no,ret,22,2,not listed
0x2A6A9,0xA6A9,byte-scan,operand,0x53E0,0xA681,no,,2,22,not listed
0x2A6BF,0xA6BF,byte-scan+walk,decoded-lcall,0xD36C,0xA681,no,ret,22,2,not listed
0x2A6E4,0xA6E4,byte-scan+walk,decoded-lcall,0x0FAF,0xA681,no,ret,24,0,not listed
0x2A6FE,0xA6FE,byte-scan+walk,decoded-lcall,0x0FCB,0xA681,no,tail jump to a callee,24,0,not listed
0x2A702,0xA702,byte-scan+walk,decoded-ljmp,0x0F0E,0xA681,no,tail jump to a callee,24,0,not listed
0x2A708,0xA708,byte-scan+walk,decoded-lcall,0x122F,0xA681,no,tail jump to a callee,24,0,not listed
0x2A709,0xA709,byte-scan,operand,0x2F12,0xA681,no,,0,24,not listed
0x2A70B,0xA70B,byte-scan+walk,decoded-lcall,0x10E8,0xA681,no,tail jump to a callee,23,1,not listed
0x2A711,0xA711,byte-scan+walk,decoded-ljmp,0x122F,0xA681,no,tail jump to a callee,24,0,not listed
0x2A712,0xA712,byte-scan,operand,0x2F90,0xA681,no,,0,24,not listed
0x2A717,0xA717,byte-scan+walk,decoded-lcall,0x1253,0xA681,no,tail jump to a callee,24,0,not listed
0x2A718,0xA718,byte-scan,operand,0x53E4,0xA681,no,,0,24,not listed
0x2A71E,0xA71E,byte-scan+walk,decoded-ljmp,0x10D1,0xA681,no,tail jump to a callee,21,3,not listed
0x2A724,0xA724,byte-scan+walk,decoded-lcall,0x1253,0xA681,no,ret,24,0,not listed
0x2A725,0xA725,byte-scan,operand,0x53E0,0xA681,no,,0,24,not listed
0x2A739,0xA739,byte-scan,unreached-by-this-method,0xD36C,0xA681,no,,24,0,not listed
0x2A74D,0xA74D,byte-scan+walk,decoded-ljmp,0x0FBB,0xA742,yes,tail jump to a callee,24,0,not listed
0x2A753,0xA753,byte-scan,operand,0x742F,0xA742,no,,3,21,not listed
0x2A75D,0xA75D,byte-scan+walk,decoded-lcall,0x0F1F,0xA75D,yes,ret,24,0,not listed
0x2A776,0xA776,byte-scan+walk,decoded-lcall,0x122F,0xA75D,no,ret,24,0,not listed
0x2A777,0xA777,byte-scan,operand,0x2F90,0xA75D,no,,0,24,not listed
0x2A784,0xA784,byte-scan+walk,decoded-lcall,0x1253,0xA75D,no,tail jump to a callee,24,0,not listed
0x2A785,0xA785,byte-scan,operand,0x5302,0xA75D,no,,0,24,not listed
0x2A787,0xA787,byte-scan+walk,decoded-ljmp,0x0FAF,0xA75D,no,tail jump to a callee,22,2,not listed
0x2A792,0xA792,byte-scan+walk,decoded-lcall,0x0BAB,0xA75D,no,ret,24,0,not listed
0x2A8C2,0xA8C2,byte-scan,operand,0x00C0,0xA8AE,yes,,0,24,not listed
0x2A8C8,0xA8C8,byte-scan+walk,decoded-lcall,0x0FCB,0xA8AE,yes,ret,23,1,not listed
0x2A8D4,0xA8D4,byte-scan+walk,decoded-lcall,0x0DBC,0xA8AE,yes,ret,24,0,not listed
0x2A8DB,0xA8DB,byte-scan+walk,decoded-lcall,0x1041,0xA8AE,yes,ret,24,0,not listed
0x2A8E4,0xA8E4,byte-scan,operand,0x08E0,0xA8AE,yes,,0,24,not listed
0x2A8ED,0xA8ED,byte-scan+walk,decoded-lcall,0xEA67,0xA8AE,yes,ret,24,0,not listed
0x2A908,0xA908,byte-scan,operand,0x7F00,0xA8AE,yes,,1,23,not listed
0x2A915,0xA915,byte-scan+walk,decoded-lcall,0xF5D1,0xA8AE,yes,ret,22,2,not listed
0x2A939,0xA939,byte-scan+walk,decoded-lcall,0xF786,0xA8AE,yes,ret,24,0,not listed
0x2A943,0xA943,byte-scan+walk,decoded-lcall,0xF7B4,0xA8AE,yes,ret,24,0,not listed
0x2A969,0xA969,byte-scan,operand,0x0A74,0xA8AE,yes,,0,24,not listed
0x2A993,0xA993,byte-scan+walk,decoded-lcall,0xF5D1,0xA8AE,yes,ret,21,3,not listed
0x2A9A5,0xA9A5,byte-scan,operand,0x900A,0xA8AE,yes,,0,24,not listed
0x2A9B5,0xA9B5,byte-scan+walk,decoded-lcall,0xF477,0xA8AE,yes,ret,24,0,not listed
0x2A9C7,0xA9C7,byte-scan,unreached-by-this-method,0x10E8,0xA8AE,no,,24,0,not listed
0x2A9CD,0xA9CD,byte-scan,unreached-by-this-method,0xA6CA,0xA8AE,no,,21,3,not listed
0x2A9D0,0xA9D0,byte-scan,unreached-by-this-method,0xA750,0xA8AE,no,,24,0,not listed
0x2A9D3,0xA9D3,byte-scan,unreached-by-this-method,0xA6F5,0xA8AE,no,,23,1,not listed
0x2A9DE,0xA9DE,byte-scan,unreached-by-this-method,0xA72A,0xA8AE,no,,24,0,not listed
0x2A9E7,0xA9E7,byte-scan,unreached-by-this-method,0xA733,0xA8AE,no,,23,1,not listed
0x2A9EC,0xA9EC,byte-scan,unreached-by-this-method,0xAA98,0xA8AE,no,,24,0,not listed
0x2A9F2,0xA9F2,byte-scan,unreached-by-this-method,0x104D,0xA8AE,no,,22,2,not listed
0x2A9FC,0xA9FC,byte-scan,unreached-by-this-method,0x0FAF,0xA8AE,no,,22,2,not listed
0x2AA02,0xAA02,byte-scan,unreached-by-this-method,0xA6FE,0xA8AE,no,,18,6,not listed
0x2AA0A,0xAA0A,byte-scan,unreached-by-this-method,0xA71A,0xA8AE,no,,22,2,not listed
0x2AA0D,0xAA0D,byte-scan,unreached-by-this-method,0xA792,0xA8AE,no,,24,0,not listed
0x2AA10,0xAA10,byte-scan,unreached-by-this-method,0xA6DA,0xA8AE,no,,23,1,not listed
0x2AA13,0xAA13,byte-scan,unreached-by-this-method,0xA733,0xA8AE,no,,23,1,not listed
0x2AA18,0xAA18,byte-scan,unreached-by-this-method,0xAA98,0xA8AE,no,,24,0,not listed
0x2AA1E,0xAA1E,byte-scan,unreached-by-this-method,0xA6E4,0xA8AE,no,,22,2,not listed
0x2AA24,0xAA24,byte-scan,unreached-by-this-method,0x1041,0xA8AE,no,,22,2,not listed
0x2AA2C,0xAA2C,byte-scan,unreached-by-this-method,0xA6F9,0xA8AE,no,,24,0,not listed
0x2AA31,0xAA31,byte-scan,unreached-by-this-method,0xAABF,0xA8AE,no,,24,0,not listed
0x2AA37,0xAA37,byte-scan,unreached-by-this-method,0xA727,0xA8AE,no,,21,3,not listed
0x2AA3E,0xAA3E,byte-scan,unreached-by-this-method,0xA6F5,0xA8AE,no,,24,0,not listed
0x2AA54,0xAA54,byte-scan,unreached-by-this-method,0xA734,0xA8AE,no,,23,1,not listed
0x2AA58,0xAA58,byte-scan,unreached-by-this-method,0x803D,0xA8AE,no,,1,23,not listed
0x2AA65,0xAA65,byte-scan,unreached-by-this-method,0x104D,0xA8AE,no,,22,2,not listed
0x2AA6F,0xAA6F,byte-scan,unreached-by-this-method,0x0FAF,0xA8AE,no,,24,0,not listed
0x2AA75,0xAA75,byte-scan,unreached-by-this-method,0xA6FE,0xA8AE,no,,20,4,not listed
0x2AA7D,0xAA7D,byte-scan,unreached-by-this-method,0xA6E4,0xA8AE,no,,21,3,not listed
0x2AA83,0xAA83,byte-scan,unreached-by-this-method,0xA6FE,0xA8AE,no,,24,0,not listed
0x2AA88,0xAA88,byte-scan,unreached-by-this-method,0xA78A,0xA8AE,no,,24,0,not listed
0x2AA90,0xAA90,byte-scan,unreached-by-this-method,0xA6DB,0xA8AE,no,,24,0,not listed
0x2AA93,0xAA93,byte-scan,unreached-by-this-method,0xA733,0xA8AE,no,,23,1,not listed
0x2AA98,0xAA98,byte-scan,unreached-by-this-method,0xECD4,0xA8AE,no,,24,0,not listed
0x2AAA9,0xAAA9,byte-scan,unreached-by-this-method,0xA71A,0xA8AE,no,,24,0,not listed
0x2AAAD,0xAAAD,byte-scan,unreached-by-this-method,0x0C46,0xA8AE,no,,24,0,not listed
0x2AAB3,0xAAB3,byte-scan,unreached-by-this-method,0xA6E4,0xA8AE,no,,22,2,not listed
0x2AAB9,0xAAB9,byte-scan,unreached-by-this-method,0x1041,0xA8AE,no,,22,2,not listed
0x2AABC,0xAABC,byte-scan,unreached-by-this-method,0xAA6C,0xA8AE,no,,20,4,not listed
0x2AABF,0xAABF,byte-scan,unreached-by-this-method,0xECD4,0xA8AE,no,,24,0,not listed
0x2AAC3,0xAAC3,byte-scan,unreached-by-this-method,0xA705,0xA8AE,no,,24,0,not listed
0x2AAC8,0xAAC8,byte-scan,unreached-by-this-method,0xA70E,0xA8AE,no,,24,0,not listed
0x2AAD0,0xAAD0,byte-scan,unreached-by-this-method,0x122F,0xA8AE,no,,24,0,not listed
0x2AAD1,0xAAD1,byte-scan,mid-instruction,0x2F12,0xA8AE,no,,0,24,not listed
0x2AAD3,0xAAD3,byte-scan,unreached-by-this-method,0xA6C2,0xA8AE,no,,23,1,not listed
0x2AAD6,0xAAD6,byte-scan,unreached-by-this-method,0xA6C9,0xA8AE,no,,23,1,not listed
0x2AAD9,0xAAD9,byte-scan,unreached-by-this-method,0xA750,0xA8AE,no,,24,0,not listed
0x2AAE0,0xAAE0,byte-scan,unreached-by-this-method,0x1253,0xA8AE,no,,24,0,not listed
0x2AAE1,0xAAE1,byte-scan,mid-instruction,0x53E0,0xA8AE,no,,0,24,not listed
0x2AAE6,0xAAE6,byte-scan,unreached-by-this-method,0xA72A,0xA8AE,no,,24,0,not listed
0x2AAF0,0xAAF0,byte-scan,unreached-by-this-method,0xA6C2,0xA8AE,no,,23,1,not listed
0x2AAF6,0xAAF6,byte-scan,unreached-by-this-method,0xA6BF,0xA8AE,no,,24,0,not listed
0x2AAFD,0xAAFD,byte-scan,unreached-by-this-method,0xAB8C,0xA8AE,no,,24,0,not listed
0x2AB03,0xAB03,byte-scan,unreached-by-this-method,0x1253,0xA8AE,no,,24,0,not listed
0x2AB04,0xAB04,byte-scan,mid-instruction,0x53E0,0xA8AE,no,,0,24,not listed
0x2AB0A,0xAB0A,byte-scan,unreached-by-this-method,0xA6DA,0xA8AE,no,,24,0,not listed
0x2AB0E,0xAB0E,byte-scan,unreached-by-this-method,0xA6C2,0xA8AE,no,,24,0,not listed
0x2AB14,0xAB14,byte-scan,unreached-by-this-method,0xA6BF,0xA8AE,no,,24,0,not listed
0x2AB1B,0xAB1B,byte-scan,unreached-by-this-method,0xAB8C,0xA8AE,no,,24,0,not listed
0x2AB1E,0xAB1E,byte-scan,unreached-by-this-method,0xA721,0xA8AE,no,,23,1,not listed
0x2AB2E,0xAB2E,byte-scan,unreached-by-this-method,0xA6C2,0xA8AE,no,,24,0,not listed
0x2AB34,0xAB34,byte-scan,unreached-by-this-method,0xA6BF,0xA8AE,no,,24,0,not listed
0x2AB3B,0xAB3B,byte-scan,unreached-by-this-method,0xAB8C,0xA8AE,no,,24,0,not listed
0x2AB45,0xAB45,byte-scan,unreached-by-this-method,0xA6C2,0xA8AE,no,,24,0,not listed
0x2AB4A,0xAB4A,byte-scan,unreached-by-this-method,0x104D,0xA8AE,no,,24,0,not listed
0x2AB54,0xAB54,byte-scan,unreached-by-this-method,0xA784,0xA8AE,no,,24,0,not listed
0x2AB57,0xAB57,byte-scan,unreached-by-this-method,0xA6C2,0xA8AE,no,,24,0,not listed
0x2AB5C,0xAB5C,byte-scan,unreached-by-this-method,0xA6FE,0xA8AE,no,,24,0,not listed
0x2AB61,0xAB61,byte-scan,unreached-by-this-method,0xA6C2,0xA8AE,no,,23,1,not listed
0x2AB64,0xAB64,byte-scan,unreached-by-this-method,0xA6E2,0xA8AE,no,,23,1,not listed
0x2AB6A,0xAB6A,byte-scan,unreached-by-this-method,0x1253,0xA8AE,no,,24,0,not listed
0x2AB6B,0xAB6B,byte-scan,mid-instruction,0x5312,0xA8AE,no,,0,24,not listed
0x2AB6D,0xAB6D,byte-scan,unreached-by-this-method,0xA6FE,0xA8AE,no,,22,2,not listed
0x2AB72,0xAB72,byte-scan,unreached-by-this-method,0xA78A,0xA8AE,no,,24,0,not listed
0x2AB75,0xAB75,byte-scan,unreached-by-this-method,0xA6C2,0xA8AE,no,,23,1,not listed
0x2AB7B,0xAB7B,byte-scan,unreached-by-this-method,0xA6DB,0xA8AE,no,,24,0,not listed
0x2AB7F,0xAB7F,byte-scan,unreached-by-this-method,0xA6C2,0xA8AE,no,,24,0,not listed
0x2AB85,0xAB85,byte-scan,unreached-by-this-method,0xA6BF,0xA8AE,no,,24,0,not listed
0x2AB8C,0xAB8C,byte-scan,unreached-by-this-method,0xECD4,0xA8AE,no,,24,0,not listed
0x2AB8F,0xAB8F,byte-scan,unreached-by-this-method,0xA6C2,0xA8AE,no,,24,0,not listed
0x2AB9E,0xAB9E,byte-scan,unreached-by-this-method,0xA717,0xA8AE,no,,24,0,not listed
0x2ABA2,0xABA2,byte-scan,unreached-by-this-method,0x0C46,0xA8AE,no,,24,0,not listed
0x2ABA5,0xABA5,byte-scan,unreached-by-this-method,0xA6C2,0xA8AE,no,,24,0,not listed
0x2ABA8,0xABA8,byte-scan,unreached-by-this-method,0xA6E2,0xA8AE,no,,23,1,not listed
0x2ABAB,0xABAB,byte-scan,unreached-by-this-method,0xA6C2,0xA8AE,no,,24,0,not listed
0x2ABB0,0xABB0,byte-scan,unreached-by-this-method,0x1041,0xA8AE,no,,24,0,not listed
0x2ABB3,0xABB3,byte-scan,unreached-by-this-method,0xAB51,0xA8AE,no,,22,2,not listed
0x2ABB6,0xABB6,byte-scan,unreached-by-this-method,0xECD4,0xA8AE,no,,23,1,not listed
0x2ABBC,0xABBC,byte-scan,unreached-by-this-method,0x122F,0xA8AE,no,,24,0,not listed
0x2ABBD,0xABBD,byte-scan,mid-instruction,0x2F90,0xA8AE,no,,0,24,not listed
0x2ABC4,0xABC4,byte-scan+walk,decoded-lcall,0xE458,0xABBF,yes,ret,24,0,not listed
0x2ABD1,0xABD1,byte-scan+walk,decoded-lcall,0x906D,0xABBF,yes,ret,24,0,not listed
0x2ABDB,0xABDB,byte-scan+walk,decoded-lcall,0x9026,0xABBF,yes,ret,24,0,not listed
0x2ABF0,0xABF0,byte-scan+walk,decoded-lcall,0x0FAF,0xABBF,yes,ret,24,0,not listed
0x2AC1A,0xAC1A,byte-scan+walk,decoded-lcall,0xEC5E,0xABBF,yes,ret,23,1,not listed
0x2AC21,0xAC21,byte-scan+walk,decoded-lcall,0x909A,0xABBF,yes,ret,24,0,not listed
0x2AC32,0xAC32,byte-scan+walk,decoded-lcall,0x9028,0xABBF,yes,ret,24,0,not listed
0x2AC37,0xAC37,byte-scan,operand,0xF0AF,0xABBF,yes,,0,24,not listed
0x2AC3D,0xAC3D,byte-scan+walk,decoded-lcall,0xEC5E,0xABBF,yes,ret,21,3,not listed
0x2AC45,0xAC45,byte-scan+walk,decoded-lcall,0xB8DB,0xABBF,yes,ret,24,0,not listed
0x2AC4D,0xAC4D,byte-scan+walk,decoded-lcall,0x9066,0xABBF,yes,ret,24,0,not listed
0x2AC56,0xAC56,byte-scan+walk,decoded-lcall,0x9028,0xABBF,yes,ret,24,0,not listed
0x2AC63,0xAC63,byte-scan+walk,decoded-lcall,0x907E,0xABBF,yes,ret,23,1,not listed
0x2AC6C,0xAC6C,byte-scan+walk,decoded-lcall,0x9028,0xABBF,yes,ret,23,1,not listed
0x2AC74,0xAC74,byte-scan+walk,decoded-lcall,0x909A,0xABBF,yes,ret,24,0,not listed
0x2AC83,0xAC83,byte-scan+walk,decoded-lcall,0x9028,0xABBF,yes,ret,23,1,not listed
0x2AC8F,0xAC8F,byte-scan+walk,decoded-lcall,0xBBE7,0xABBF,yes,ret,24,0,not listed
0x2AC95,0xAC95,byte-scan+walk,decoded-lcall,0x9115,0xABBF,yes,ret,24,0,not listed
0x2AC9A,0xAC9A,byte-scan+walk,decoded-lcall,0x906D,0xABBF,yes,ret,24,0,not listed
0x2ACA3,0xACA3,byte-scan+walk,decoded-lcall,0x9028,0xABBF,yes,ret,23,1,not listed
0x2ACAF,0xACAF,byte-scan+walk,decoded-lcall,0x9028,0xABBF,yes,ret,24,0,not listed
0x2AD03,0xAD03,byte-scan+walk,decoded-lcall,0x0FAF,0xAD01,yes,next listing boundary,24,0,not listed
0x2AD1E,0xAD1E,byte-scan+walk,decoded-lcall,0x0FAF,0xAD1E,yes,next listing boundary,24,0,not listed
0x2AD27,0xAD27,byte-scan+walk,decoded-ljmp,0x0F0E,0xAD24,yes,tail jump to a callee,24,0,not listed
0x2AD4D,0xAD4D,byte-scan+walk,decoded-lcall,0x0FAF,0xAD4D,yes,ret,24,0,not listed
0x2AD50,0xAD50,byte-scan+walk,decoded-lcall,0x0F00,0xAD4D,yes,ret,22,2,not listed
0x2AD53,0xAD53,byte-scan+walk,decoded-lcall,0x0DBC,0xAD4D,yes,ret,24,0,not listed
0x2AD5D,0xAD5D,byte-scan+walk,decoded-lcall,0x10E8,0xAD58,yes,ret,22,2,not listed
0x2AD94,0xAD94,byte-scan+walk,decoded-lcall,0x1041,0xAD94,yes,ret,24,0,not listed
0x2ADA4,0xADA4,byte-scan+walk,decoded-lcall,0x0FAF,0xADA4,yes,ret,24,0,not listed
0x2ADAE,0xADAE,byte-scan+walk,decoded-lcall,0x393D,0xADAB,yes,tail jump to a callee,24,0,not listed
0x2ADBA,0xADBA,byte-scan+walk,decoded-lcall,0x10C8,0xADAB,yes,tail jump to a callee,24,0,not listed
0x2ADC7,0xADC7,byte-scan+walk,decoded-lcall,0x0BC4,0xADAB,yes,tail jump to a callee,22,2,not listed
0x2ADCB,0xADCB,byte-scan+walk,decoded-lcall,0x0BAB,0xADAB,yes,tail jump to a callee,24,0,not listed
0x2ADDC,0xADDC,byte-scan,operand,0x29F9,0xADAB,yes,,0,24,not listed
0x2ADE6,0xADE6,byte-scan+walk,decoded-lcall,0x119C,0xADAB,yes,tail jump to a callee,24,0,not listed
0x2ADEB,0xADEB,walk,decoded-ljmp,0xA8AE,0xADAB,yes,tail jump to a callee,23,1,not listed
0x2ADEE,0xADEE,byte-scan,unreached-by-this-method,0xAE1A,0xADAB,no,,2,22,not listed
0x2AE1D,0xAE1D,byte-scan,unreached-by-this-method,0x34D9,0xADAB,no,,24,0,not listed
0x2AE20,0xAE20,byte-scan,unreached-by-this-method,0x394F,0xADAB,no,,23,1,not listed
0x2AE23,0xAE23,byte-scan,unreached-by-this-method,0x34CD,0xADAB,no,,24,0,not listed
0x2AE2D,0xAE2D,byte-scan,unreached-by-this-method,0xD945,0xADAB,no,,24,0,not listed
0x2AE32,0xAE32,byte-scan,unreached-by-this-method,0xAE91,0xADAB,no,,24,0,not listed
0x2AE35,0xAE35,byte-scan,unreached-by-this-method,0xAE73,0xADAB,no,,23,1,not listed
0x2AE38,0xAE38,byte-scan,unreached-by-this-method,0xAE83,0xADAB,no,,24,0,not listed
0x2AE3E,0xAE3E,byte-scan,unreached-by-this-method,0x34D9,0xADAB,no,,24,0,not listed
0x2AE41,0xAE41,byte-scan,unreached-by-this-method,0x394F,0xADAB,no,,23,1,not listed
0x2AE44,0xAE44,byte-scan,unreached-by-this-method,0x34CD,0xADAB,no,,24,0,not listed
0x2AE4E,0xAE4E,byte-scan,unreached-by-this-method,0xF091,0xADAB,no,,24,0,not listed
0x2AE53,0xAE53,byte-scan,unreached-by-this-method,0xAE83,0xADAB,no,,24,0,not listed
0x2AE59,0xAE59,byte-scan,unreached-by-this-method,0x34D9,0xADAB,no,,24,0,not listed
0x2AE5C,0xAE5C,byte-scan,unreached-by-this-method,0x394F,0xADAB,no,,23,1,not listed
0x2AE5F,0xAE5F,byte-scan,unreached-by-this-method,0x34CD,0xADAB,no,,24,0,not listed
0x2AE6C,0xAE6C,byte-scan,unreached-by-this-method,0xF260,0xADAB,no,,24,0,not listed
0x2AE7D,0xAE7D,byte-scan,unreached-by-this-method,0xAE91,0xADAB,no,,24,0,not listed
0x2AE8D,0xAE8D,byte-scan,unreached-by-this-method,0xF407,0xADAB,no,,23,1,not listed
0x2AE98,0xAE98,byte-scan,unreached-by-this-method,0xF407,0xADAB,no,,23,1,not listed
0x2AEA1,0xAEA1,byte-scan+walk,decoded-lcall,0xACE6,0xAE9C,yes,tail jump to a callee,24,0,not listed
0x2AEA8,0xAEA8,byte-scan+walk,decoded-lcall,0x0FAF,0xAE9C,yes,tail jump to a callee,23,1,not listed
0x2AEB4,0xAEB4,byte-scan+walk,decoded-lcall,0xAD94,0xAE9C,yes,tail jump to a callee,24,0,not listed
0x2AEB8,0xAEB8,byte-scan+walk,decoded-lcall,0xACF6,0xAE9C,yes,tail jump to a callee,24,0,not listed
0x2AEC4,0xAEC4,byte-scan+walk,decoded-lcall,0x104D,0xAE9C,yes,tail jump to a callee,24,0,not listed
0x2AED6,0xAED6,byte-scan+walk,decoded-lcall,0xACE4,0xAE9C,yes,tail jump to a callee,22,2,not listed
0x2AED9,0xAED9,byte-scan+walk,decoded-lcall,0xADA4,0xAE9C,yes,tail jump to a callee,24,0,not listed
0x2AEDC,0xAEDC,byte-scan+walk,decoded-lcall,0xAD09,0xAE9C,yes,tail jump to a callee,24,0,not listed
0x2AEE8,0xAEE8,byte-scan+walk,decoded-lcall,0x104D,0xAE9C,yes,tail jump to a callee,24,0,not listed
0x2AEFA,0xAEFA,byte-scan+walk,decoded-lcall,0x104D,0xAE9C,no,tail jump to a callee,24,0,not listed
0x2AF0C,0xAF0C,byte-scan+walk,decoded-lcall,0xCCB7,0xAE9C,no,tail jump to a callee,24,0,not listed
0x2AF13,0xAF13,byte-scan+walk,decoded-lcall,0xAD41,0xAE9C,no,tail jump to a callee,24,0,not listed
0x2AF1C,0xAF1C,byte-scan+walk,decoded-lcall,0x0FAF,0xAE9C,no,tail jump to a callee,23,1,not listed
0x2AF28,0xAF28,byte-scan+walk,decoded-lcall,0xAD94,0xAE9C,no,tail jump to a callee,24,0,not listed
0x2AF2B,0xAF2B,byte-scan+walk,decoded-lcall,0xAD41,0xAE9C,no,tail jump to a callee,23,1,not listed
0x2AF34,0xAF34,byte-scan+walk,decoded-lcall,0x0FAF,0xAE9C,no,tail jump to a callee,23,1,not listed
0x2AF39,0xAF39,byte-scan,operand,0xFFEC,0xAE9C,no,,0,24,not listed
0x2AF40,0xAF40,byte-scan+walk,decoded-lcall,0xAD94,0xAE9C,no,tail jump to a callee,24,0,not listed
0x2AF44,0xAF44,byte-scan+walk,decoded-lcall,0xACC0,0xAE9C,no,tail jump to a callee,24,0,not listed
0x2AF47,0xAF47,byte-scan+walk,decoded-lcall,0x104D,0xAE9C,no,tail jump to a callee,23,1,not listed
0x2AF4F,0xAF4F,byte-scan+walk,decoded-lcall,0xAD2E,0xAE9C,no,tail jump to a callee,24,0,not listed
0x2AF52,0xAF52,byte-scan+walk,decoded-lcall,0x104D,0xAE9C,no,tail jump to a callee,24,0,not listed
0x2AF62,0xAF62,byte-scan+walk,decoded-lcall,0xAD58,0xAE9C,no,tail jump to a callee,24,0,not listed
0x2AF6C,0xAF6C,byte-scan,operand,0x12F4,0xAE9C,no,,0,24,not listed
0x2AF6D,0xAF6D,byte-scan+walk,decoded-lcall,0xF4AB,0xAE9C,no,tail jump to a callee,23,1,not listed
0x2AF73,0xAF73,byte-scan+walk,decoded-lcall,0xACD1,0xAE9C,no,tail jump to a callee,19,5,not listed
0x2AF7F,0xAF7F,byte-scan+walk,decoded-lcall,0x104D,0xAE9C,no,tail jump to a callee,24,0,not listed
0x2AF8A,0xAF8A,byte-scan+walk,decoded-ljmp,0xA339,0xAE9C,no,tail jump to a callee,24,0,not listed
0x2AF91,0xAF91,byte-scan,unreached-by-this-method,0x5860,0xAE9C,no,,24,0,not listed
0x2AF9F,0xAF9F,byte-scan,unreached-by-this-method,0x128D,0xAE9C,no,,24,0,not listed
0x2AFA0,0xAFA0,byte-scan,mid-instruction,0x8D90,0xAE9C,no,,0,24,not listed
0x2AFA5,0xAFA5,byte-scan,unreached-by-this-method,0x56A0,0xAE9C,no,,24,0,not listed
0x2AFA8,0xAFA8,byte-scan,unreached-by-this-method,0x56E1,0xAE9C,no,,22,2,not listed
0x2AFB0,0xAFB0,byte-scan,unreached-by-this-method,0xB038,0xAE9C,no,,24,0,not listed
0x2AFB3,0xAFB3,byte-scan,unreached-by-this-method,0x5760,0xAE9C,no,,24,0,not listed
0x2AFB8,0xAFB8,byte-scan,unreached-by-this-method,0xB038,0xAE9C,no,,24,0,not listed
0x2AFC3,0xAFC3,byte-scan,unreached-by-this-method,0x56A0,0xAE9C,no,,24,0,not listed
0x2AFC6,0xAFC6,byte-scan,unreached-by-this-method,0x5765,0xAE9C,no,,22,2,not listed
0x2AFDD,0xAFDD,byte-scan,unreached-by-this-method,0x56DC,0xAE9C,no,,24,0,not listed
0x2AFE0,0xAFE0,byte-scan,unreached-by-this-method,0x57F2,0xAE9C,no,,22,2,not listed
0x2AFEA,0xAFEA,byte-scan,unreached-by-this-method,0x0F32,0xAE9C,no,,23,1,not listed
0x2AFF2,0xAFF2,byte-scan,unreached-by-this-method,0x589B,0xAE9C,no,,24,0,not listed
0x2AFFC,0xAFFC,byte-scan,unreached-by-this-method,0x589B,0xAE9C,no,,24,0,not listed
0x2B003,0xB003,byte-scan,unreached-by-this-method,0x0FCB,0xAE9C,no,,23,1,not listed
0x2B00B,0xB00B,byte-scan,unreached-by-this-method,0xC003,0xAE9C,no,,1,23,not listed
0x2B012,0xB012,byte-scan,unreached-by-this-method,0x56DD,0xAE9C,no,,24,0,not listed
0x2B015,0xB015,byte-scan,unreached-by-this-method,0x57F2,0xAE9C,no,,22,2,not listed
0x2B020,0xB020,byte-scan,mid-instruction,0xD001,0xAE9C,no,,0,24,not listed
0x2B025,0xB025,byte-scan,unreached-by-this-method,0x0EF3,0xAE9C,no,,24,0,not listed
0x2B02C,0xB02C,byte-scan,unreached-by-this-method,0x1041,0xAE9C,no,,24,0,not listed
0x2B035,0xB035,byte-scan,unreached-by-this-method,0xAFC0,0xAE9C,no,,24,0,not listed
0x2B04B,0xB04B,byte-scan,unreached-by-this-method,0x574B,0xAE9C,no,,24,0,not listed
0x2B052,0xB052,byte-scan,unreached-by-this-method,0x592E,0xAE9C,no,,24,0,not listed
0x2B061,0xB061,byte-scan,mid-instruction,0x1257,0xAE9C,no,,0,24,not listed
0x2B062,0xB062,byte-scan,unreached-by-this-method,0x5752,0xAE9C,no,,23,1,not listed
0x2B069,0xB069,byte-scan,unreached-by-this-method,0x56BF,0xAE9C,no,,24,0,not listed
0x2B06D,0xB06D,byte-scan,mid-instruction,0x12A2,0xAE9C,no,,0,24,not listed
0x2B06E,0xB06E,byte-scan,unreached-by-this-method,0xA210,0xAE9C,no,,23,1,not listed
0x2B074,0xB074,byte-scan+walk,decoded-lcall,0xC1DD,0xB074,yes,tail jump to a callee,24,0,not listed
0x2B07C,0xB07C,byte-scan+walk,decoded-lcall,0x122F,0xB074,yes,tail jump to a callee,24,0,not listed
0x2B07D,0xB07D,byte-scan,operand,0x2F12,0xB074,yes,,0,24,not listed
0x2B07F,0xB07F,byte-scan+walk,decoded-lcall,0xC1A1,0xB074,no,tail jump to a callee,23,1,not listed
0x2B082,0xB082,byte-scan+walk,decoded-lcall,0xC1D6,0xB074,no,tail jump to a callee,23,1,not listed
0x2B08A,0xB08A,byte-scan+walk,decoded-lcall,0xC1D6,0xB074,no,tail jump to a callee,24,0,not listed
0x2B093,0xB093,byte-scan+walk,decoded-ljmp,0xB14E,0xB074,no,tail jump to a callee,24,0,not listed
0x2B099,0xB099,byte-scan+walk,decoded-lcall,0x1253,0xB074,no,tail jump to a callee,24,0,not listed
0x2B09A,0xB09A,byte-scan,operand,0x53E0,0xB074,no,,0,24,not listed
0x2B0AB,0xB0AB,byte-scan+walk,decoded-lcall,0xC1F6,0xB074,no,tail jump to a callee,24,0,not listed
0x2B0B0,0xB0B0,byte-scan+walk,decoded-lcall,0xC1D6,0xB074,no,tail jump to a callee,24,0,not listed
0x2B0B8,0xB0B8,byte-scan+walk,decoded-lcall,0xC1F6,0xB074,no,tail jump to a callee,24,0,not listed
0x2B0BB,0xB0BB,byte-scan+walk,decoded-lcall,0xC1A1,0xB074,no,tail jump to a callee,24,0,not listed
0x2B0BE,0xB0BE,byte-scan+walk,decoded-lcall,0xC1D6,0xB074,no,tail jump to a callee,23,1,not listed
0x2B0C3,0xB0C3,byte-scan+walk,decoded-lcall,0xC1D6,0xB074,no,tail jump to a callee,24,0,not listed
0x2B0C9,0xB0C9,byte-scan+walk,decoded-lcall,0xC23A,0xB074,no,tail jump to a callee,24,0,not listed
0x2B0CE,0xB0CE,byte-scan+walk,decoded-lcall,0xC1D6,0xB074,no,tail jump to a callee,24,0,not listed
0x2B0D2,0xB0D2,byte-scan+walk,decoded-lcall,0xC1D5,0xB074,no,tail jump to a callee,24,0,not listed
0x2B0DE,0xB0DE,byte-scan+walk,decoded-lcall,0xC1D6,0xB074,no,tail jump to a callee,24,0,not listed
0x2B0F4,0xB0F4,byte-scan,operand,0x7E00,0xB074,no,,0,24,not listed
0x2B0FB,0xB0FB,byte-scan+walk,decoded-lcall,0xEA93,0xB074,no,tail jump to a callee,24,0,not listed
0x2B101,0xB101,byte-scan+walk,decoded-lcall,0x1253,0xB074,no,tail jump to a callee,24,0,not listed
0x2B102,0xB102,byte-scan,operand,0x53E0,0xB074,no,,0,24,not listed
0x2B107,0xB107,byte-scan+walk,decoded-lcall,0xC1D6,0xB074,no,tail jump to a callee,24,0,not listed
0x2B10A,0xB10A,byte-scan+walk,decoded-lcall,0xC22C,0xB074,no,tail jump to a callee,24,0,not listed
0x2B12F,0xB12F,byte-scan+walk,decoded-lcall,0xC1D6,0xB074,no,tail jump to a callee,24,0,not listed
0x2B132,0xB132,byte-scan+walk,decoded-lcall,0xC22C,0xB074,no,tail jump to a callee,24,0,not listed
0x2B14B,0xB14B,byte-scan,unreached-by-this-method,0x7F00,0xB074,no,,1,23,not listed
0x2B151,0xB151,byte-scan+walk,decoded-ljmp,0x122F,0xB074,no,tail jump to a callee,24,0,not listed
0x2B152,0xB152,byte-scan,operand,0x2F74,0xB074,no,,0,24,not listed
0x2B15D,0xB15D,byte-scan+walk,decoded-ljmp,0x122F,0xB159,yes,tail jump to a callee,24,0,not listed
0x2B15E,0xB15E,byte-scan,operand,0x2FFF,0xB159,yes,,0,24,not listed
0x2B164,0xB164,byte-scan,unreached-by-this-method,0x10BC,0xB159,no,,22,2,not listed
0x2B1AA,0xB1AA,byte-scan+walk,decoded-lcall,0x0FAF,0xB19F,no,ret,24,0,not listed
0x2B1CC,0xB1CC,byte-scan+walk,decoded-lcall,0x10C8,0xB19F,no,ret,24,0,not listed
0x2B1F2,0xB1F2,byte-scan+walk,decoded-lcall,0x10C8,0xB1F2,yes,tail jump to a callee,24,0,not listed
0x2B1F7,0xB1F7,byte-scan+walk,decoded-ljmp,0x0C46,0xB1F2,yes,tail jump to a callee,22,2,not listed
0x2B1FA,0xB1FA,byte-scan,unreached-by-this-method,0x0FAF,0xB1F2,no,,24,0,not listed
0x2B1FF,0xB1FF,byte-scan,unreached-by-this-method,0x0F1F,0xB1F2,no,,24,0,not listed
0x2B20E,0xB20E,byte-scan+walk,decoded-lcall,0x0D38,0xB1F2,no,ret,24,0,not listed
0x2B229,0xB229,byte-scan,unreached-by-this-method,0x10BC,0xB21E,no,,24,0,not listed
0x2B241,0xB241,byte-scan,unreached-by-this-method,0x0FAF,0xB21E,no,,24,0,not listed
0x2B251,0xB251,byte-scan+walk,decoded-ljmp,0x0F0E,0xB24D,yes,tail jump to a callee,24,0,not listed
0x2B255,0xB255,byte-scan,unreached-by-this-method,0x0C58,0xB24D,no,,24,0,not listed
0x2B263,0xB263,byte-scan+walk,decoded-lcall,0x10BC,0xB263,yes,ret,22,2,not listed
0x2B27B,0xB27B,byte-scan+walk,decoded-lcall,0x0FCB,0xB263,no,next listing boundary,24,0,not listed
0x2B27E,0xB27E,byte-scan+walk,decoded-lcall,0x0DBC,0xB263,no,next listing boundary,24,0,not listed
0x2B287,0xB287,byte-scan+walk,decoded-lcall,0x0F45,0xB263,no,next listing boundary,23,1,not listed
0x2B2AB,0xB2AB,byte-scan+walk,decoded-ljmp,0x0FAF,0xB2A7,yes,tail jump to a callee,22,2,not listed
0x2B2CA,0xB2CA,byte-scan,unreached-by-this-method,0x1041,0xB2B2,no,,22,2,not listed
0x2B2D0,0xB2D0,byte-scan+walk,decoded-ljmp,0x10C8,0xB2CD,yes,tail jump to a callee,18,6,not listed
0x2B2F4,0xB2F4,byte-scan,unreached-by-this-method,0x10E8,0xB2E9,no,,24,0,not listed
0x2B2F7,0xB2F7,byte-scan+walk,decoded-lcall,0x10C8,0xB2F7,yes,ret,23,1,not listed
0x2B2FC,0xB2FC,byte-scan,operand,0x2290,0xB2F7,yes,,3,21,not listed
0x2B30B,0xB30B,byte-scan+walk,decoded-lcall,0x10BC,0xB2FE,no,tail jump to a callee,24,0,not listed
0x2B30E,0xB30E,byte-scan+walk,decoded-ljmp,0x1041,0xB2FE,no,tail jump to a callee,22,2,not listed
0x2B319,0xB319,byte-scan+walk,decoded-lcall,0xACF4,0xB311,yes,ret,22,2,not listed
0x2B328,0xB328,byte-scan+walk,decoded-lcall,0xE4D0,0xB311,yes,ret,24,0,not listed
0x2B33D,0xB33D,byte-scan+walk,decoded-lcall,0xAD10,0xB311,yes,ret,21,3,not listed
0x2B341,0xB341,byte-scan,operand,0xFF22,0xB311,yes,,0,24,not listed
0x2B36D,0xB36D,byte-scan+walk,decoded-ljmp,0xB3EA,0xB311,yes,ret,24,0,not listed
0x2B398,0xB398,byte-scan+walk,decoded-lcall,0xBECB,0xB311,yes,ret,24,0,not listed
0x2B3A1,0xB3A1,byte-scan+walk,decoded-lcall,0xACBF,0xB311,yes,ret,21,3,not listed
0x2B3A4,0xB3A4,byte-scan+walk,decoded-lcall,0x104D,0xB311,yes,ret,23,1,not listed
0x2B3B1,0xB3B1,byte-scan+walk,decoded-lcall,0xACE4,0xB311,yes,ret,22,2,not listed
0x2B3B4,0xB3B4,byte-scan+walk,decoded-lcall,0xADA4,0xB311,yes,ret,24,0,not listed
0x2B3B7,0xB3B7,byte-scan+walk,decoded-lcall,0xAD09,0xB311,yes,ret,24,0,not listed
0x2B3BD,0xB3BD,byte-scan+walk,decoded-lcall,0xACC0,0xB311,yes,ret,24,0,not listed
0x2B3C0,0xB3C0,byte-scan+walk,decoded-lcall,0xAD1E,0xB311,yes,ret,23,1,not listed
0x2B3C5,0xB3C5,byte-scan+walk,decoded-lcall,0xF739,0xB311,yes,ret,24,0,not listed
0x2B3CB,0xB3CB,byte-scan+walk,decoded-lcall,0xACBF,0xB311,yes,ret,22,2,not listed
0x2B3CE,0xB3CE,byte-scan+walk,decoded-lcall,0x1041,0xB311,yes,ret,23,1,not listed
0x2B3D4,0xB3D4,byte-scan+walk,decoded-lcall,0xF739,0xB311,yes,ret,24,0,not listed
0x2B3DA,0xB3DA,byte-scan+walk,decoded-lcall,0xACB7,0xB311,yes,ret,22,2,not listed
0x2B3DD,0xB3DD,byte-scan+walk,decoded-lcall,0xAD4D,0xB311,yes,ret,23,1,not listed
0x2B3E2,0xB3E2,byte-scan+walk,decoded-lcall,0xAD23,0xB311,yes,ret,23,1,not listed
0x2B3ED,0xB3ED,byte-scan+walk,decoded-lcall,0x717C,0xB3ED,yes,tail jump to a callee,24,0,not listed
0x2B3F5,0xB3F5,byte-scan+walk,decoded-lcall,0x7059,0xB3ED,yes,tail jump to a callee,24,0,not listed
0x2B3FE,0xB3FE,byte-scan+walk,decoded-lcall,0x70B2,0xB3ED,no,tail jump to a callee,24,0,not listed
0x2B404,0xB404,byte-scan+walk,decoded-lcall,0x705C,0xB3ED,no,tail jump to a callee,23,1,not listed
0x2B40C,0xB40C,byte-scan+walk,decoded-lcall,0xF366,0xB3ED,no,tail jump to a callee,24,0,not listed
0x2B40F,0xB40F,byte-scan+walk,decoded-lcall,0x705C,0xB3ED,no,tail jump to a callee,24,0,not listed
0x2B41B,0xB41B,byte-scan+walk,decoded-lcall,0x1253,0xB3ED,no,tail jump to a callee,24,0,not listed
0x2B41C,0xB41C,byte-scan,operand,0x5312,0xB3ED,no,,0,24,not listed
0x2B41E,0xB41E,byte-scan+walk,decoded-lcall,0x7021,0xB3ED,no,tail jump to a callee,22,2,not listed
0x2B421,0xB421,byte-scan+walk,decoded-lcall,0x7182,0xB3ED,no,tail jump to a callee,22,2,not listed
0x2B427,0xB427,byte-scan+walk,decoded-lcall,0x1253,0xB3ED,no,tail jump to a callee,24,0,not listed
0x2B428,0xB428,byte-scan,operand,0x53E0,0xB3ED,no,,0,24,not listed
0x2B42C,0xB42C,byte-scan+walk,decoded-lcall,0xF126,0xB3ED,no,tail jump to a callee,24,0,not listed
0x2B42F,0xB42F,byte-scan+walk,decoded-lcall,0x705C,0xB3ED,no,tail jump to a callee,24,0,not listed
0x2B438,0xB438,byte-scan+walk,decoded-lcall,0x70B2,0xB3ED,no,tail jump to a callee,24,0,not listed
0x2B43B,0xB43B,byte-scan+walk,decoded-lcall,0x7140,0xB3ED,no,tail jump to a callee,23,1,not listed
0x2B43E,0xB43E,byte-scan+walk,decoded-lcall,0x70B2,0xB3ED,no,tail jump to a callee,23,1,not listed
0x2B442,0xB442,byte-scan+walk,decoded-lcall,0xF351,0xB3ED,no,tail jump to a callee,24,0,not listed
0x2B445,0xB445,byte-scan+walk,decoded-lcall,0x705C,0xB3ED,no,tail jump to a callee,22,2,not listed
0x2B44E,0xB44E,byte-scan+walk,decoded-lcall,0x70B2,0xB3ED,no,tail jump to a callee,24,0,not listed
0x2B452,0xB452,byte-scan+walk,decoded-lcall,0x9D51,0xB3ED,no,tail jump to a callee,24,0,not listed
0x2B455,0xB455,byte-scan+walk,decoded-lcall,0x705C,0xB3ED,no,tail jump to a callee,22,2,not listed
0x2B458,0xB458,byte-scan+walk,decoded-lcall,0x7194,0xB3ED,no,tail jump to a callee,24,0,not listed
0x2B45F,0xB45F,byte-scan+walk,decoded-lcall,0x6FBE,0xB3ED,no,tail jump to a callee,24,0,not listed
0x2B463,0xB463,byte-scan,operand,0xF0EF,0xB3ED,no,,0,24,not listed
0x2B469,0xB469,byte-scan+walk,decoded-lcall,0x6FBE,0xB3ED,no,tail jump to a callee,24,0,not listed
0x2B46F,0xB46F,byte-scan+walk,decoded-lcall,0x705C,0xB3ED,no,tail jump to a callee,23,1,not listed
0x2B472,0xB472,byte-scan+walk,decoded-lcall,0x7194,0xB3ED,no,tail jump to a callee,24,0,not listed
0x2B479,0xB479,byte-scan+walk,decoded-lcall,0x70B2,0xB3ED,no,tail jump to a callee,21,3,not listed
0x2B47D,0xB47D,byte-scan+walk,decoded-lcall,0x6FC5,0xB3ED,no,tail jump to a callee,24,0,not listed
0x2B48B,0xB48B,byte-scan+walk,decoded-lcall,0x6FC5,0xB3ED,no,tail jump to a callee,24,0,not listed
0x2B493,0xB493,byte-scan+walk,decoded-lcall,0x705C,0xB3ED,no,tail jump to a callee,24,0,not listed
0x2B496,0xB496,byte-scan+walk,decoded-lcall,0x7194,0xB3ED,no,tail jump to a callee,24,0,not listed
0x2B49C,0xB49C,byte-scan+walk,decoded-lcall,0x6FBE,0xB3ED,no,tail jump to a callee,24,0,not listed
0x2B4A8,0xB4A8,byte-scan+walk,decoded-lcall,0x6FBE,0xB3ED,no,tail jump to a callee,24,0,not listed
0x2B4AE,0xB4AE,byte-scan+walk,decoded-lcall,0x705C,0xB3ED,no,tail jump to a callee,23,1,not listed
0x2B4BA,0xB4BA,byte-scan+walk,decoded-lcall,0x70B2,0xB3ED,no,tail jump to a callee,24,0,not listed
0x2B4BE,0xB4BE,byte-scan+walk,decoded-lcall,0xE323,0xB3ED,no,tail jump to a callee,24,0,not listed
0x2B4C4,0xB4C4,byte-scan+walk,decoded-ljmp,0x122F,0xB3ED,no,tail jump to a callee,24,0,not listed
0x2B4C5,0xB4C5,byte-scan,operand,0x2F90,0xB3ED,no,,0,24,not listed
0x2B4CA,0xB4CA,byte-scan,unreached-by-this-method,0x585C,0xB3ED,no,,24,0,not listed
0x2B4CD,0xB4CD,byte-scan,unreached-by-this-method,0x10E8,0xB3ED,no,,24,0,not listed
0x2B4D3,0xB4D3,byte-scan,unreached-by-this-method,0x10C8,0xB3ED,no,,24,0,not listed
0x2B4DE,0xB4DE,byte-scan,unreached-by-this-method,0x56A0,0xB3ED,no,,24,0,not listed
0x2B4E1,0xB4E1,byte-scan,unreached-by-this-method,0x56E1,0xB3ED,no,,22,2,not listed
0x2B4E9,0xB4E9,byte-scan,unreached-by-this-method,0x5760,0xB3ED,no,,23,1,not listed
0x2B4EE,0xB4EE,byte-scan,unreached-by-this-method,0xB58B,0xB3ED,no,,24,0,not listed
0x2B4F9,0xB4F9,byte-scan,unreached-by-this-method,0x56A0,0xB3ED,no,,24,0,not listed
0x2B4FC,0xB4FC,byte-scan,unreached-by-this-method,0x5765,0xB3ED,no,,22,2,not listed
0x2B509,0xB509,byte-scan,unreached-by-this-method,0xB58B,0xB3ED,no,,24,0,not listed
0x2B50C,0xB50C,byte-scan,unreached-by-this-method,0x56DC,0xB3ED,no,,22,2,not listed
0x2B513,0xB513,byte-scan,unreached-by-this-method,0x57F9,0xB3ED,no,,18,6,not listed
0x2B527,0xB527,byte-scan,unreached-by-this-method,0x56DD,0xB3ED,no,,24,0,not listed
0x2B53B,0xB53B,byte-scan,mid-instruction,0xC001,0xB3ED,no,,0,24,not listed
0x2B53F,0xB53F,byte-scan,unreached-by-this-method,0x10C8,0xB3ED,no,,24,0,not listed
0x2B545,0xB545,byte-scan,unreached-by-this-method,0xAD03,0xB3ED,no,,2,22,not listed
0x2B54B,0xB54B,byte-scan,unreached-by-this-method,0xD003,0xB3ED,no,,1,23,not listed
0x2B552,0xB552,byte-scan,unreached-by-this-method,0x0B85,0xB3ED,no,,23,1,not listed
0x2B562,0xB562,byte-scan,unreached-by-this-method,0x583E,0xB3ED,no,,24,0,not listed
0x2B588,0xB588,byte-scan,unreached-by-this-method,0xB4F6,0xB3ED,no,,24,0,not listed
0x2B594,0xB594,byte-scan,unreached-by-this-method,0x10C8,0xB3ED,no,,24,0,not listed
0x2B597,0xB597,byte-scan,unreached-by-this-method,0x128D,0xB3ED,no,,23,1,not listed
0x2B598,0xB598,byte-scan,unreached-by-this-method,0x8D22,0xB3ED,no,,1,23,not listed
0x2B59E,0xB59E,byte-scan+walk,decoded-lcall,0x10E8,0xB3ED,no,loop back to 0xB645,24,0,not listed
0x2B5A6,0xB5A6,byte-scan+walk,decoded-lcall,0x9A91,0xB3ED,no,loop back to 0xB645,24,0,not listed
0x2B5A9,0xB5A9,byte-scan+walk,decoded-lcall,0x998B,0xB3ED,no,loop back to 0xB645,22,2,not listed
0x2B5B9,0xB5B9,byte-scan+walk,decoded-lcall,0x998B,0xB3ED,no,loop back to 0xB645,24,0,not listed
0x2B5BC,0xB5BC,byte-scan+walk,decoded-lcall,0x9A98,0xB3ED,no,loop back to 0xB645,22,2,not listed
0x2B5C4,0xB5C4,byte-scan+walk,decoded-lcall,0x10C8,0xB3ED,no,loop back to 0xB645,24,0,not listed
0x2B5C8,0xB5C8,byte-scan+walk,decoded-lcall,0x0C46,0xB3ED,no,loop back to 0xB645,24,0,not listed
0x2B5D6,0xB5D6,byte-scan+walk,decoded-lcall,0x998B,0xB3ED,no,loop back to 0xB645,20,4,not listed
0x2B5E5,0xB5E5,byte-scan+walk,decoded-lcall,0x9A99,0xB3ED,no,loop back to 0xB645,24,0,not listed
0x2B5F0,0xB5F0,byte-scan+walk,decoded-lcall,0x10C8,0xB3ED,no,loop back to 0xB645,22,2,not listed
0x2B5F6,0xB5F6,byte-scan+walk,decoded-lcall,0x0D70,0xB3ED,no,loop back to 0xB645,24,0,not listed
0x2B5FC,0xB5FC,byte-scan+walk,decoded-lcall,0x9A48,0xB3ED,no,loop back to 0xB645,20,4,not listed
0x2B61A,0xB61A,byte-scan+walk,decoded-lcall,0x9A08,0xB3ED,no,loop back to 0xB645,24,0,not listed
0x2B622,0xB622,byte-scan+walk,decoded-lcall,0x9A9F,0xB3ED,no,loop back to 0xB645,24,0,not listed
0x2B629,0xB629,byte-scan,operand,0xC001,0xB3ED,no,,0,24,not listed
0x2B62F,0xB62F,byte-scan+walk,decoded-lcall,0x10C8,0xB3ED,no,loop back to 0xB645,24,0,not listed
0x2B635,0xB635,byte-scan,operand,0xAD03,0xB3ED,no,,2,22,not listed
0x2B63B,0xB63B,byte-scan,operand,0xD003,0xB3ED,no,,1,23,not listed
0x2B642,0xB642,byte-scan+walk,decoded-lcall,0x0B85,0xB3ED,no,loop back to 0xB645,24,0,not listed
0x2B648,0xB648,byte-scan+walk,decoded-lcall,0x99D4,0xB3ED,no,loop back to 0xB645,24,0,not listed
0x2B652,0xB652,byte-scan+walk,decoded-lcall,0x99E2,0xB3ED,no,loop back to 0xB645,24,0,not listed
0x2B656,0xB656,byte-scan+walk,decoded-lcall,0x998F,0xB3ED,no,loop back to 0xB645,24,0,not listed
0x2B65C,0xB65C,byte-scan+walk,decoded-lcall,0x9A65,0xB3ED,no,loop back to 0xB645,24,0,not listed
0x2B65F,0xB65F,byte-scan+walk,decoded-lcall,0x99A3,0xB3ED,no,loop back to 0xB645,22,2,not listed
0x2B666,0xB666,byte-scan+walk,decoded-lcall,0x9A65,0xB3ED,no,loop back to 0xB645,24,0,not listed
0x2B66B,0xB66B,byte-scan+walk,decoded-ljmp,0x1041,0xB3ED,no,loop back to 0xB645,24,0,not listed
0x2B678,0xB678,byte-scan,unreached-by-this-method,0x398B,0xB3ED,no,,24,0,not listed
0x2B682,0xB682,byte-scan,unreached-by-this-method,0x3A2A,0xB3ED,no,,24,0,not listed
0x2B685,0xB685,byte-scan,unreached-by-this-method,0x36E4,0xB3ED,no,,24,0,not listed
0x2B68B,0xB68B,byte-scan,unreached-by-this-method,0x1041,0xB3ED,no,,24,0,not listed
0x2B691,0xB691,byte-scan,unreached-by-this-method,0x104D,0xB3ED,no,,24,0,not listed
0x2B69B,0xB69B,byte-scan,unreached-by-this-method,0x104D,0xB3ED,no,,24,0,not listed
0x2B6A9,0xB6A9,byte-scan,unreached-by-this-method,0x38E2,0xB3ED,no,,22,2,not listed
0x2B6B0,0xB6B0,byte-scan,unreached-by-this-method,0x3683,0xB3ED,no,,24,0,not listed
0x2B6B6,0xB6B6,byte-scan,unreached-by-this-method,0x1041,0xB3ED,no,,24,0,not listed
0x2B6BE,0xB6BE,byte-scan,unreached-by-this-method,0x0FAF,0xB3ED,no,,24,0,not listed
0x2B6C3,0xB6C3,byte-scan,unreached-by-this-method,0x0F1F,0xB3ED,no,,24,0,not listed
0x2B6C8,0xB6C8,byte-scan,unreached-by-this-method,0x367C,0xB3ED,no,,24,0,not listed
0x2B6CE,0xB6CE,byte-scan,unreached-by-this-method,0x3A2A,0xB3ED,no,,24,0,not listed
0x2B6DA,0xB6DA,byte-scan,unreached-by-this-method,0x3683,0xB3ED,no,,24,0,not listed
0x2B6E0,0xB6E0,byte-scan,unreached-by-this-method,0x1041,0xB3ED,no,,24,0,not listed
0x2B6E6,0xB6E6,byte-scan,unreached-by-this-method,0x3835,0xB3ED,no,,24,0,not listed
0x2B6F3,0xB6F3,byte-scan,unreached-by-this-method,0x39BF,0xB3ED,no,,24,0,not listed
0x2B6F7,0xB6F7,byte-scan,unreached-by-this-method,0x349B,0xB3ED,no,,22,2,not listed
0x2B703,0xB703,byte-scan,unreached-by-this-method,0x382E,0xB3ED,no,,24,0,not listed
0x2B709,0xB709,byte-scan,unreached-by-this-method,0x37C4,0xB3ED,no,,24,0,not listed
0x2B70C,0xB70C,byte-scan,unreached-by-this-method,0x3497,0xB3ED,no,,24,0,not listed
0x2B70F,0xB70F,byte-scan,unreached-by-this-method,0x36AC,0xB3ED,no,,24,0,not listed
0x2B712,0xB712,byte-scan,unreached-by-this-method,0x39C5,0xB3ED,no,,22,2,not listed
0x2B718,0xB718,byte-scan,unreached-by-this-method,0x3828,0xB3ED,no,,24,0,not listed
0x2B720,0xB720,byte-scan,unreached-by-this-method,0x3835,0xB3ED,no,,24,0,not listed
0x2B725,0xB725,byte-scan,unreached-by-this-method,0x37C4,0xB3ED,no,,24,0,not listed
0x2B728,0xB728,byte-scan,unreached-by-this-method,0x3497,0xB3ED,no,,24,0,not listed
0x2B72B,0xB72B,byte-scan,unreached-by-this-method,0x36AC,0xB3ED,no,,24,0,not listed
0x2B72E,0xB72E,byte-scan,unreached-by-this-method,0x39C5,0xB3ED,no,,22,2,not listed
0x2B734,0xB734,byte-scan,unreached-by-this-method,0x3828,0xB3ED,no,,24,0,not listed
0x2B748,0xB748,byte-scan,operand,0x7D60,0xB73F,yes,,0,24,not listed
0x2B752,0xB752,byte-scan+walk,decoded-lcall,0x0C7A,0xB73F,yes,tail jump to a callee,24,0,not listed
0x2B765,0xB765,byte-scan+walk,decoded-lcall,0x128D,0xB73F,yes,tail jump to a callee,24,0,not listed
0x2B766,0xB766,byte-scan,operand,0x8D12,0xB73F,yes,,0,24,not listed
0x2B768,0xB768,byte-scan+walk,decoded-lcall,0x36CB,0xB73F,yes,tail jump to a callee,22,2,not listed
0x2B77A,0xB77A,byte-scan,operand,0xC001,0xB73F,yes,,1,23,not listed
0x2B788,0xB788,byte-scan+walk,decoded-lcall,0x10E8,0xB73F,yes,tail jump to a callee,22,2,not listed
0x2B78B,0xB78B,byte-scan+walk,decoded-lcall,0x36CB,0xB73F,no,tail jump to a callee,21,3,not listed
0x2B799,0xB799,byte-scan+walk,decoded-lcall,0x10E8,0xB73F,no,tail jump to a callee,22,2,not listed
0x2B7A7,0xB7A7,byte-scan+walk,decoded-lcall,0x10E8,0xB73F,no,tail jump to a callee,24,0,not listed
0x2B7B2,0xB7B2,byte-scan,operand,0x1204,0xB73F,no,,1,23,not listed
0x2B7B3,0xB7B3,byte-scan+walk,decoded-lcall,0x04C0,0xB73F,no,tail jump to a callee,22,2,not listed
0x2B7CC,0xB7CC,byte-scan+walk,decoded-lcall,0x34A9,0xB73F,no,tail jump to a callee,24,0,not listed
0x2B7CF,0xB7CF,byte-scan+walk,decoded-lcall,0x349B,0xB73F,no,tail jump to a callee,23,1,not listed
0x2B7D2,0xB7D2,byte-scan+walk,decoded-lcall,0x3627,0xB73F,no,tail jump to a callee,24,0,not listed
0x2B7D7,0xB7D7,byte-scan+walk,decoded-lcall,0x35C5,0xB73F,no,tail jump to a callee,24,0,not listed
0x2B7DB,0xB7DB,byte-scan+walk,decoded-lcall,0x349B,0xB73F,no,tail jump to a callee,24,0,not listed
0x2B7DE,0xB7DE,byte-scan+walk,decoded-lcall,0x3627,0xB73F,no,tail jump to a callee,24,0,not listed
0x2B7E7,0xB7E7,byte-scan+walk,decoded-lcall,0x37F5,0xB73F,no,tail jump to a callee,24,0,not listed
0x2B7F0,0xB7F0,byte-scan+walk,decoded-lcall,0x37F5,0xB73F,no,tail jump to a callee,24,0,not listed
0x2B7F5,0xB7F5,byte-scan+walk,decoded-lcall,0xDCC7,0xB73F,no,tail jump to a callee,24,0,not listed
0x2B805,0xB805,byte-scan+walk,decoded-lcall,0x37DF,0xB73F,no,tail jump to a callee,24,0,not listed
0x2B809,0xB809,byte-scan,operand,0xF002,0xB73F,no,,2,22,not listed
0x2B80B,0xB80B,byte-scan+walk,decoded-ljmp,0xEB3D,0xB73F,no,tail jump to a callee,21,3,not listed
0x2B814,0xB814,byte-scan+walk,decoded-lcall,0x10E8,0xB80E,yes,ret,24,0,not listed
0x2B81A,0xB81A,byte-scan,operand,0xC001,0xB80E,no,,0,24,not listed
0x2B820,0xB820,byte-scan+walk,decoded-lcall,0x10C8,0xB80E,no,ret,24,0,not listed
0x2B826,0xB826,byte-scan+walk,decoded-lcall,0x10E8,0xB80E,no,ret,21,3,not listed
0x2B829,0xB829,byte-scan+walk,decoded-lcall,0x9ABE,0xB80E,no,ret,20,4,not listed
0x2B82F,0xB82F,byte-scan+walk,decoded-lcall,0x10E8,0xB80E,no,ret,24,0,not listed
0x2B835,0xB835,byte-scan,operand,0xD003,0xB80E,no,,2,22,not listed
0x2B838,0xB838,byte-scan+walk,decoded-lcall,0xB59B,0xB80E,no,ret,24,0,not listed
0x2B83E,0xB83E,byte-scan+walk,decoded-lcall,0x10C8,0xB80E,no,ret,24,0,not listed
0x2B841,0xB841,byte-scan+walk,decoded-lcall,0x0BAB,0xB80E,no,ret,23,1,not listed
0x2B849,0xB849,byte-scan,operand,0x7D05,0xB80E,no,,1,23,not listed
0x2B84C,0xB84C,byte-scan+walk,decoded-lcall,0x9A45,0xB80E,no,ret,23,1,not listed
0x2B856,0xB856,byte-scan,operand,0xC003,0xB80E,no,,0,24,not listed
0x2B859,0xB859,byte-scan+walk,decoded-lcall,0x9ABE,0xB80E,no,ret,24,0,not listed
0x2B85F,0xB85F,byte-scan+walk,decoded-lcall,0x10E8,0xB80E,no,ret,20,4,not listed
0x2B86B,0xB86B,byte-scan,operand,0xC333,0xB80E,no,,0,24,not listed
0x2B884,0xB884,byte-scan,operand,0x12F4,0xB80E,no,,0,24,not listed
0x2B885,0xB885,byte-scan+walk,decoded-lcall,0xF4AB,0xB80E,no,ret,23,1,not listed
0x2B8A2,0xB8A2,byte-scan+walk,decoded-lcall,0x9A22,0xB80E,no,ret,24,0,not listed
0x2B8AE,0xB8AE,byte-scan+walk,decoded-lcall,0x9A45,0xB80E,no,ret,24,0,not listed
0x2B8B5,0xB8B5,byte-scan,operand,0xC003,0xB80E,no,,0,24,not listed
0x2B8B8,0xB8B8,byte-scan+walk,decoded-lcall,0x9ABE,0xB80E,no,ret,24,0,not listed
0x2B8BE,0xB8BE,byte-scan,operand,0xAD03,0xB80E,no,,1,23,not listed
0x2B8C4,0xB8C4,byte-scan+walk,decoded-lcall,0x1041,0xB80E,no,ret,24,0,not listed
0x2B8CF,0xB8CF,byte-scan,operand,0x7D0F,0xB80E,no,,0,24,not listed
0x2B8D2,0xB8D2,byte-scan+walk,decoded-lcall,0xA339,0xB80E,no,ret,24,0,not listed
0x2B8E6,0xB8E6,byte-scan+walk,decoded-lcall,0x9028,0xB8DB,yes,ret,24,0,not listed
0x2B8F1,0xB8F1,byte-scan+walk,decoded-lcall,0xEC36,0xB8DB,yes,ret,24,0,not listed
0x2B8FB,0xB8FB,byte-scan+walk,decoded-lcall,0xEC5E,0xB8DB,yes,ret,24,0,not listed
0x2B909,0xB909,byte-scan+walk,decoded-lcall,0x906D,0xB8DB,yes,ret,24,0,not listed
0x2B913,0xB913,byte-scan+walk,decoded-lcall,0x9028,0xB8DB,yes,ret,24,0,not listed
0x2B920,0xB920,byte-scan+walk,decoded-lcall,0x907E,0xB8DB,yes,ret,23,1,not listed
0x2B929,0xB929,byte-scan+walk,decoded-lcall,0x9028,0xB8DB,yes,ret,23,1,not listed
0x2B930,0xB930,byte-scan+walk,decoded-lcall,0x9066,0xB8DB,yes,ret,24,0,not listed
0x2B939,0xB939,byte-scan+walk,decoded-lcall,0x9028,0xB8DB,yes,ret,24,0,not listed
0x2B940,0xB940,byte-scan+walk,decoded-lcall,0x9078,0xB8DB,yes,ret,24,0,not listed
0x2B949,0xB949,byte-scan+walk,decoded-lcall,0x9028,0xB8DB,yes,ret,24,0,not listed
0x2B955,0xB955,byte-scan+walk,decoded-lcall,0x9024,0xB8DB,yes,ret,24,0,not listed
0x2B960,0xB960,byte-scan+walk,decoded-lcall,0xF610,0xB8DB,yes,ret,24,0,not listed
0x2B968,0xB968,byte-scan+walk,decoded-lcall,0x90D6,0xB8DB,yes,ret,24,0,not listed
0x2B96E,0xB96E,byte-scan,operand,0x8007,0xB8DB,yes,,0,24,not listed
0x2B978,0xB978,byte-scan+walk,decoded-lcall,0xF50E,0xB8DB,yes,ret,24,0,not listed
0x2B97E,0xB97E,byte-scan+walk,decoded-lcall,0x9115,0xB8DB,yes,ret,22,2,not listed
0x2B983,0xB983,byte-scan+walk,decoded-lcall,0x906D,0xB8DB,yes,ret,24,0,not listed
0x2B98C,0xB98C,byte-scan,operand,0x1290,0xB8DB,yes,,0,24,not listed
0x2B98D,0xB98D,byte-scan+walk,decoded-lcall,0x9028,0xB8DB,yes,ret,23,1,not listed
0x2B999,0xB999,byte-scan+walk,decoded-lcall,0x9028,0xB8DB,yes,ret,24,0,not listed
0x2B9AC,0xB9AC,byte-scan+walk,decoded-lcall,0xE323,0xB9A1,yes,loop back to 0xBA4B,23,1,not listed
0x2B9CF,0xB9CF,byte-scan+walk,decoded-lcall,0x128D,0xB9A1,yes,loop back to 0xBA4B,24,0,not listed
0x2B9D0,0xB9D0,byte-scan,operand,0x8D90,0xB9A1,yes,,0,24,not listed
0x2B9E9,0xB9E9,byte-scan+walk,decoded-lcall,0x7095,0xB9A1,yes,loop back to 0xBA4B,24,0,not listed
0x2B9F1,0xB9F1,byte-scan+walk,decoded-lcall,0x7091,0xB9A1,yes,loop back to 0xBA4B,24,0,not listed
0x2B9FA,0xB9FA,byte-scan+walk,decoded-lcall,0x70D7,0xB9A1,yes,loop back to 0xBA4B,24,0,not listed
0x2B9FD,0xB9FD,byte-scan+walk,decoded-lcall,0x0FAF,0xB9A1,yes,loop back to 0xBA4B,24,0,not listed
0x2BA0C,0xBA0C,byte-scan+walk,decoded-lcall,0x7095,0xB9A1,yes,loop back to 0xBA4B,24,0,not listed
0x2BA15,0xBA15,byte-scan+walk,decoded-lcall,0x7091,0xB9A1,yes,loop back to 0xBA4B,24,0,not listed
0x2BA1F,0xBA1F,byte-scan+walk,decoded-lcall,0x7069,0xB9A1,yes,loop back to 0xBA4B,24,0,not listed
0x2BA25,0xBA25,byte-scan+walk,decoded-lcall,0x88BE,0xB9A1,yes,loop back to 0xBA4B,23,1,not listed
0x2BA2D,0xBA2D,byte-scan+walk,decoded-lcall,0xF247,0xB9A1,yes,loop back to 0xBA4B,24,0,not listed
0x2BA35,0xBA35,byte-scan+walk,decoded-lcall,0xF4CD,0xB9A1,yes,loop back to 0xBA4B,24,0,not listed
0x2BA3D,0xBA3D,byte-scan+walk,decoded-lcall,0xB3ED,0xB9A1,yes,loop back to 0xBA4B,24,0,not listed
0x2BA43,0xBA43,byte-scan+walk,decoded-lcall,0x6FAD,0xB9A1,yes,loop back to 0xBA4B,24,0,not listed
0x2BA48,0xBA48,byte-scan+walk,decoded-lcall,0xF440,0xB9A1,yes,loop back to 0xBA4B,24,0,not listed
0x2BA4E,0xBA4E,byte-scan+walk,decoded-lcall,0x104D,0xB9A1,yes,loop back to 0xBA4B,20,4,not listed
0x2BA5C,0xBA5C,byte-scan+walk,decoded-lcall,0xE1E0,0xB9A1,yes,loop back to 0xBA4B,24,0,not listed
0x2BA64,0xBA64,byte-scan+walk,decoded-ljmp,0xF035,0xB9A1,yes,loop back to 0xBA4B,24,0,not listed
0x2BA71,0xBA71,byte-scan+walk,decoded-lcall,0x9740,0xBA67,yes,ret,24,0,not listed
0x2BA77,0xBA77,byte-scan+walk,decoded-lcall,0x97E8,0xBA67,yes,ret,23,1,not listed
0x2BA86,0xBA86,byte-scan+walk,decoded-lcall,0xB074,0xBA67,yes,ret,24,0,not listed
0x2BA9C,0xBA9C,byte-scan+walk,decoded-lcall,0x97D5,0xBA67,yes,ret,24,0,not listed
0x2BAA1,0xBAA1,byte-scan+walk,decoded-lcall,0x9792,0xBA67,yes,ret,24,0,not listed
0x2BAA5,0xBAA5,byte-scan,operand,0xFF22,0xBA67,yes,,2,22,not listed
0x2BAAF,0xBAAF,byte-scan+walk,decoded-lcall,0xD0F0,0xBA67,yes,ret,24,0,not listed
0x2BAC1,0xBAC1,byte-scan+walk,decoded-lcall,0xBECB,0xBA67,yes,ret,24,0,not listed
0x2BAC7,0xBAC7,byte-scan+walk,decoded-lcall,0x9772,0xBA67,yes,ret,24,0,not listed
0x2BACA,0xBACA,byte-scan+walk,decoded-lcall,0x104D,0xBA67,yes,ret,22,2,not listed
0x2BAE6,0xBAE6,byte-scan+walk,decoded-lcall,0x0FAF,0xBA67,yes,ret,24,0,not listed
0x2BAEC,0xBAEC,byte-scan+walk,decoded-lcall,0x97E8,0xBA67,yes,ret,24,0,not listed
0x2BAF2,0xBAF2,byte-scan+walk,decoded-lcall,0x9776,0xBA67,yes,ret,24,0,not listed
0x2BAF5,0xBAF5,byte-scan+walk,decoded-lcall,0x0FAF,0xBA67,yes,ret,22,2,not listed
0x2BAFA,0xBAFA,byte-scan+walk,decoded-lcall,0x9792,0xBA67,yes,ret,24,0,not listed
0x2BAFF,0xBAFF,byte-scan+walk,decoded-lcall,0xF739,0xBA67,yes,ret,24,0,not listed
0x2BB02,0xBB02,byte-scan+walk,decoded-lcall,0x9772,0xBA67,yes,ret,24,0,not listed
0x2BB05,0xBB05,byte-scan+walk,decoded-lcall,0x1041,0xBA67,yes,ret,22,2,not listed
0x2BB0B,0xBB0B,byte-scan+walk,decoded-lcall,0xF739,0xBA67,yes,ret,24,0,not listed
0x2BB16,0xBB16,byte-scan+walk,decoded-lcall,0x9772,0xBA67,yes,ret,24,0,not listed
0x2BB19,0xBB19,byte-scan+walk,decoded-lcall,0x982F,0xBA67,yes,ret,22,2,not listed
0x2BB1F,0xBB1F,byte-scan+walk,decoded-lcall,0x9793,0xBA67,yes,ret,24,0,not listed
0x2BB3B,0xBB3B,byte-scan,mid-instruction,0x6003,0xBA67,no,,0,24,not listed
0x2BB3E,0xBB3E,byte-scan,unreached-by-this-method,0xBBE1,0xBA67,no,,24,0,not listed
0x2BB44,0xBB44,byte-scan,unreached-by-this-method,0xB233,0xBA67,no,,24,0,not listed
0x2BB49,0xBB49,byte-scan,unreached-by-this-method,0xBBDE,0xBA67,no,,24,0,not listed
0x2BB55,0xBB55,byte-scan,unreached-by-this-method,0xB293,0xBA67,no,,24,0,not listed
0x2BB5C,0xBB5C,byte-scan,unreached-by-this-method,0x0FAF,0xBA67,no,,23,1,not listed
0x2BB64,0xBB64,byte-scan,unreached-by-this-method,0xB293,0xBA67,no,,24,0,not listed
0x2BB6B,0xBB6B,byte-scan,unreached-by-this-method,0x0FAF,0xBA67,no,,23,1,not listed
0x2BB77,0xBB77,byte-scan,unreached-by-this-method,0x1041,0xBA67,no,,24,0,not listed
0x2BB85,0xBB85,byte-scan,unreached-by-this-method,0xF75C,0xBA67,no,,24,0,not listed
0x2BB8A,0xBB8A,byte-scan,mid-instruction,0x8016,0xBA67,no,,0,24,not listed
0x2BB9D,0xBB9D,byte-scan,unreached-by-this-method,0xF75C,0xBA67,no,,24,0,not listed
0x2BBA6,0xBBA6,byte-scan,unreached-by-this-method,0x104D,0xBA67,no,,21,3,not listed
0x2BBB2,0xBBB2,byte-scan,unreached-by-this-method,0xF054,0xBA67,no,,24,0,not listed
0x2BBC0,0xBBC0,byte-scan,unreached-by-this-method,0xB263,0xBA67,no,,20,4,not listed
0x2BBC7,0xBBC7,byte-scan,unreached-by-this-method,0x0FAF,0xBA67,no,,23,1,not listed
0x2BBD3,0xBBD3,byte-scan,unreached-by-this-method,0x1041,0xBA67,no,,24,0,not listed
0x2BBF1,0xBBF1,byte-scan+walk,decoded-lcall,0x9106,0xBBE7,yes,tail jump to a callee,24,0,not listed
0x2BBFB,0xBBFB,byte-scan+walk,decoded-lcall,0x9028,0xBBE7,yes,tail jump to a callee,23,1,not listed
0x2BC09,0xBC09,byte-scan+walk,decoded-lcall,0x9028,0xBBE7,yes,tail jump to a callee,23,1,not listed
0x2BC0C,0xBC0C,byte-scan+walk,decoded-lcall,0x915E,0xBBE7,yes,tail jump to a callee,22,2,not listed
0x2BC0F,0xBC0F,byte-scan+walk,decoded-lcall,0x9028,0xBBE7,yes,tail jump to a callee,24,0,not listed
0x2BC16,0xBC16,byte-scan,operand,0x8021,0xBBE7,yes,,1,23,not listed
0x2BC1E,0xBC1E,byte-scan+walk,decoded-lcall,0x9028,0xBBE7,yes,tail jump to a callee,23,1,not listed
0x2BC2C,0xBC2C,byte-scan+walk,decoded-lcall,0x9028,0xBBE7,yes,tail jump to a callee,23,1,not listed
0x2BC2F,0xBC2F,byte-scan+walk,decoded-lcall,0x915E,0xBBE7,yes,tail jump to a callee,22,2,not listed
0x2BC32,0xBC32,byte-scan+walk,decoded-lcall,0x9028,0xBBE7,yes,tail jump to a callee,24,0,not listed
0x2BC40,0xBC40,byte-scan+walk,decoded-lcall,0x9028,0xBBE7,yes,tail jump to a callee,24,0,not listed
0x2BC4A,0xBC4A,byte-scan+walk,decoded-lcall,0x9028,0xBBE7,yes,tail jump to a callee,24,0,not listed
0x2BC57,0xBC57,byte-scan+walk,decoded-lcall,0x9028,0xBBE7,yes,tail jump to a callee,23,1,not listed
0x2BC5B,0xBC5B,byte-scan+walk,decoded-lcall,0x915F,0xBBE7,yes,tail jump to a callee,24,0,not listed
0x2BC5E,0xBC5E,byte-scan+walk,decoded-lcall,0x9028,0xBBE7,yes,tail jump to a callee,24,0,not listed
0x2BC6A,0xBC6A,byte-scan+walk,decoded-lcall,0x9028,0xBBE7,yes,tail jump to a callee,24,0,not listed
0x2BC71,0xBC71,byte-scan,operand,0xFDEC,0xBBE7,yes,,0,24,not listed
0x2BC78,0xBC78,byte-scan+walk,decoded-lcall,0x9028,0xBBE7,yes,tail jump to a callee,24,0,not listed
0x2BC82,0xBC82,byte-scan+walk,decoded-lcall,0x9106,0xBBE7,yes,tail jump to a callee,24,0,not listed
0x2BC8A,0xBC8A,byte-scan,operand,0x7F00,0xBBE7,yes,,1,23,not listed
0x2BC94,0xBC94,byte-scan+walk,decoded-lcall,0x1041,0xBBE7,yes,tail jump to a callee,22,2,not listed
0x2BC9E,0xBC9E,byte-scan+walk,decoded-ljmp,0xF775,0xBBE7,yes,tail jump to a callee,24,0,not listed
0x2BCA1,0xBCA1,byte-scan,unreached-by-this-method,0x9B11,0xBBE7,no,,22,2,not listed
0x2BCA7,0xBCA7,byte-scan,unreached-by-this-method,0x122F,0xBBE7,no,,18,6,not listed
0x2BCA8,0xBCA8,byte-scan,unreached-by-this-method,0x2F90,0xBBE7,no,,6,18,not listed
0x2BCAD,0xBCAD,byte-scan,unreached-by-this-method,0x9BF3,0xBBE7,no,,24,0,not listed
0x2BCB0,0xBCB0,byte-scan,unreached-by-this-method,0x9ADD,0xBBE7,no,,24,0,not listed
0x2BCB3,0xBCB3,byte-scan,unreached-by-this-method,0x10E8,0xBBE7,no,,22,2,not listed
0x2BCB6,0xBCB6,byte-scan,unreached-by-this-method,0x9ADD,0xBBE7,no,,21,3,not listed
0x2BCB9,0xBCB9,byte-scan,unreached-by-this-method,0x10C8,0xBBE7,no,,19,5,not listed
0x2BCBF,0xBCBF,byte-scan,unreached-by-this-method,0x116C,0xBBE7,no,,16,8,not listed
0x2BCC2,0xBCC2,byte-scan,unreached-by-this-method,0x0F45,0xBBE7,no,,24,0,not listed
0x2BCCB,0xBCCB,byte-scan,unreached-by-this-method,0x9BF9,0xBBE7,no,,24,0,not listed
0x2BCCE,0xBCCE,byte-scan,unreached-by-this-method,0x1041,0xBBE7,no,,24,0,not listed
0x2BCD1,0xBCD1,byte-scan,unreached-by-this-method,0x0F45,0xBBE7,no,,22,2,not listed
0x2BCD6,0xBCD6,byte-scan,unreached-by-this-method,0x0F1F,0xBBE7,no,,24,0,not listed
0x2BCDF,0xBCDF,byte-scan,unreached-by-this-method,0x9BF9,0xBBE7,no,,24,0,not listed
0x2BCE2,0xBCE2,byte-scan,unreached-by-this-method,0x1041,0xBBE7,no,,24,0,not listed
0x2BCE8,0xBCE8,byte-scan,unreached-by-this-method,0x1253,0xBBE7,no,,24,0,not listed
0x2BCE9,0xBCE9,byte-scan,mid-instruction,0x5312,0xBBE7,no,,0,24,not listed
0x2BCEB,0xBCEB,byte-scan,unreached-by-this-method,0x0FAF,0xBBE7,no,,22,2,not listed
0x2BCEE,0xBCEE,byte-scan,unreached-by-this-method,0x11EF,0xBBE7,no,,20,4,not listed
0x2BD04,0xBD04,byte-scan,unreached-by-this-method,0x9B70,0xBBE7,no,,23,1,not listed
0x2BD09,0xBD09,byte-scan,unreached-by-this-method,0x9ADD,0xBBE7,no,,24,0,not listed
0x2BD0C,0xBD0C,byte-scan,unreached-by-this-method,0x10C8,0xBBE7,no,,22,2,not listed
0x2BD12,0xBD12,byte-scan,unreached-by-this-method,0x0BC4,0xBBE7,no,,24,0,not listed
0x2BD16,0xBD16,byte-scan,unreached-by-this-method,0x9B1A,0xBBE7,no,,24,0,not listed
0x2BD1C,0xBD1C,byte-scan,unreached-by-this-method,0x116C,0xBBE7,no,,24,0,not listed
0x2BD22,0xBD22,byte-scan,unreached-by-this-method,0x1253,0xBBE7,no,,24,0,not listed
0x2BD23,0xBD23,byte-scan,mid-instruction,0x53E0,0xBBE7,no,,0,24,not listed
0x2BD27,0xBD27,byte-scan,unreached-by-this-method,0x9595,0xBBE7,no,,24,0,not listed
0x2BD2C,0xBD2C,byte-scan,unreached-by-this-method,0x9B6E,0xBBE7,no,,24,0,not listed
0x2BD31,0xBD31,byte-scan,unreached-by-this-method,0x9BDC,0xBBE7,no,,23,1,not listed
0x2BD36,0xBD36,byte-scan,unreached-by-this-method,0xE3A0,0xBBE7,no,,24,0,not listed
0x2BD3B,0xBD3B,byte-scan,unreached-by-this-method,0x9BDC,0xBBE7,no,,24,0,not listed
0x2BD40,0xBD40,byte-scan,unreached-by-this-method,0xDB39,0xBBE7,no,,21,3,not listed
0x2BD43,0xBD43,byte-scan,unreached-by-this-method,0x9B6E,0xBBE7,no,,24,0,not listed
0x2BD48,0xBD48,byte-scan,unreached-by-this-method,0x9BDC,0xBBE7,no,,24,0,not listed
0x2BD4D,0xBD4D,byte-scan,unreached-by-this-method,0xE819,0xBBE7,no,,24,0,not listed
0x2BD51,0xBD51,byte-scan,mid-instruction,0x7F01,0xBBE7,no,,0,24,not listed
0x2BD57,0xBD57,byte-scan,unreached-by-this-method,0x122F,0xBBE7,no,,24,0,not listed
0x2BD58,0xBD58,byte-scan,mid-instruction,0x2F90,0xBBE7,no,,0,24,not listed
0x2BD6B,0xBD6B,byte-scan,mid-instruction,0x6003,0xBBE7,no,,0,24,not listed
0x2BD6E,0xBD6E,byte-scan,unreached-by-this-method,0xBE0D,0xBBE7,no,,24,0,not listed
0x2BD74,0xBD74,byte-scan,unreached-by-this-method,0xB233,0xBBE7,no,,24,0,not listed
0x2BD79,0xBD79,byte-scan,unreached-by-this-method,0xBE0A,0xBBE7,no,,24,0,not listed
0x2BD85,0xBD85,byte-scan,unreached-by-this-method,0xB293,0xBBE7,no,,24,0,not listed
0x2BD8C,0xBD8C,byte-scan,unreached-by-this-method,0x0FAF,0xBBE7,no,,23,1,not listed
0x2BD94,0xBD94,byte-scan,unreached-by-this-method,0xB293,0xBBE7,no,,24,0,not listed
0x2BD9B,0xBD9B,byte-scan,unreached-by-this-method,0x0FAF,0xBBE7,no,,23,1,not listed
0x2BDA7,0xBDA7,byte-scan,unreached-by-this-method,0x1041,0xBBE7,no,,24,0,not listed
0x2BDB5,0xBDB5,byte-scan,unreached-by-this-method,0xF755,0xBBE7,no,,24,0,not listed
0x2BDBA,0xBDBA,byte-scan,mid-instruction,0x8016,0xBBE7,no,,0,24,not listed
0x2BDCD,0xBDCD,byte-scan,unreached-by-this-method,0xF755,0xBBE7,no,,24,0,not listed
0x2BDD6,0xBDD6,byte-scan,unreached-by-this-method,0x104D,0xBBE7,no,,21,3,not listed
0x2BDE2,0xBDE2,byte-scan,unreached-by-this-method,0xF054,0xBBE7,no,,24,0,not listed
0x2BDEC,0xBDEC,byte-scan,unreached-by-this-method,0xB25F,0xBBE7,no,,22,2,not listed
0x2BDF3,0xBDF3,byte-scan,unreached-by-this-method,0x0FAF,0xBBE7,no,,23,1,not listed
0x2BDFF,0xBDFF,byte-scan,unreached-by-this-method,0x1041,0xBBE7,no,,24,0,not listed
0x2BE16,0xBE16,byte-scan,unreached-by-this-method,0x122F,0xBBE7,no,,24,0,not listed
0x2BE17,0xBE17,byte-scan,mid-instruction,0x2FED,0xBBE7,no,,0,24,not listed
0x2BE1E,0xBE1E,byte-scan,unreached-by-this-method,0x122F,0xBBE7,no,,24,0,not listed
0x2BE1F,0xBE1F,byte-scan,mid-instruction,0x2FEF,0xBBE7,no,,0,24,not listed
0x2BE23,0xBE23,byte-scan,unreached-by-this-method,0x376E,0xBBE7,no,,24,0,not listed
0x2BE2B,0xBE2B,byte-scan,unreached-by-this-method,0xF672,0xBBE7,no,,24,0,not listed
0x2BE2E,0xBE2E,byte-scan,unreached-by-this-method,0x3A15,0xBBE7,no,,22,2,not listed
0x2BE37,0xBE37,byte-scan,unreached-by-this-method,0x376E,0xBBE7,no,,24,0,not listed
0x2BE3F,0xBE3F,byte-scan,unreached-by-this-method,0x104D,0xBBE7,no,,24,0,not listed
0x2BE4A,0xBE4A,byte-scan,unreached-by-this-method,0xC24E,0xBBE7,no,,23,1,not listed
0x2BE4D,0xBE4D,byte-scan,unreached-by-this-method,0x3A15,0xBBE7,no,,24,0,not listed
0x2BE50,0xBE50,byte-scan,unreached-by-this-method,0x34A5,0xBBE7,no,,22,2,not listed
0x2BE53,0xBE53,byte-scan,unreached-by-this-method,0x349B,0xBBE7,no,,24,0,not listed
0x2BE5A,0xBE5A,byte-scan,unreached-by-this-method,0x0FAF,0xBBE7,no,,23,1,not listed
0x2BE66,0xBE66,byte-scan,unreached-by-this-method,0x376B,0xBBE7,no,,24,0,not listed
0x2BE6F,0xBE6F,byte-scan,unreached-by-this-method,0x352C,0xBBE7,no,,22,2,not listed
0x2BE76,0xBE76,byte-scan,unreached-by-this-method,0x376E,0xBBE7,no,,23,1,not listed
0x2BE7C,0xBE7C,byte-scan,unreached-by-this-method,0xD83D,0xBBE7,no,,24,0,not listed
0x2BE7F,0xBE7F,byte-scan,unreached-by-this-method,0x3A15,0xBBE7,no,,24,0,not listed
0x2BE82,0xBE82,byte-scan,unreached-by-this-method,0x34A5,0xBBE7,no,,22,2,not listed
0x2BE85,0xBE85,byte-scan,unreached-by-this-method,0x349B,0xBBE7,no,,24,0,not listed
0x2BE8C,0xBE8C,byte-scan,unreached-by-this-method,0x0FAF,0xBBE7,no,,23,1,not listed
0x2BE98,0xBE98,byte-scan,unreached-by-this-method,0x376B,0xBBE7,no,,24,0,not listed
0x2BEA1,0xBEA1,byte-scan,unreached-by-this-method,0x352C,0xBBE7,no,,22,2,not listed
0x2BEA6,0xBEA6,byte-scan,unreached-by-this-method,0x366E,0xBBE7,no,,23,1,not listed
0x2BEA9,0xBEA9,byte-scan,unreached-by-this-method,0xF4AB,0xBBE7,no,,24,0,not listed
0x2BEAC,0xBEAC,byte-scan,unreached-by-this-method,0x376E,0xBBE7,no,,22,2,not listed
0x2BEB4,0xBEB4,byte-scan,unreached-by-this-method,0x104D,0xBBE7,no,,22,2,not listed
0x2BEC2,0xBEC2,byte-scan,unreached-by-this-method,0x7CE0,0xBBE7,no,,24,0,not listed
0x2BEC7,0xBEC7,byte-scan,unreached-by-this-method,0x0212,0xBBE7,no,,1,23,not listed
0x2BEC8,0xBEC8,byte-scan,unreached-by-this-method,0x122F,0xBBE7,no,,22,2,not listed
0x2BEC9,0xBEC9,byte-scan,mid-instruction,0x2F90,0xBBE7,no,,0,24,not listed
0x2BED9,0xBED9,byte-scan+walk,decoded-lcall,0xACD3,0xBECB,yes,ret,24,0,not listed
0x2BEEA,0xBEEA,byte-scan+walk,decoded-lcall,0x10E8,0xBECB,yes,ret,21,3,not listed
0x2BEF0,0xBEF0,byte-scan+walk,decoded-lcall,0xEA0F,0xBECB,no,ret,24,0,not listed
0x2BF09,0xBF09,byte-scan,operand,0x04A3,0xBECB,no,,0,24,not listed
0x2BF11,0xBF11,byte-scan,operand,0x0890,0xBECB,no,,0,24,not listed
0x2BF24,0xBF24,byte-scan,operand,0x601B,0xBECB,no,,0,24,not listed
0x2BF32,0xBF32,byte-scan,operand,0x600D,0xBECB,no,,0,24,not listed
0x2BF83,0xBF83,byte-scan,unreached-by-this-method,0x9850,0xBECB,no,,24,0,not listed
0x2BF86,0xBF86,byte-scan,unreached-by-this-method,0x9870,0xBECB,no,,22,2,not listed
0x2BF8C,0xBF8C,byte-scan,unreached-by-this-method,0x992E,0xBECB,no,,24,0,not listed
0x2BF8F,0xBF8F,byte-scan,unreached-by-this-method,0x984D,0xBECB,no,,24,0,not listed
0x2BF92,0xBF92,byte-scan,unreached-by-this-method,0x988F,0xBECB,no,,24,0,not listed
0x2BF96,0xBF96,byte-scan,unreached-by-this-method,0xEEAE,0xBECB,no,,24,0,not listed
0x2BFA3,0xBFA3,byte-scan,unreached-by-this-method,0x9850,0xBECB,no,,22,2,not listed
0x2BFA6,0xBFA6,byte-scan,unreached-by-this-method,0x9870,0xBECB,no,,20,4,not listed
0x2BFAC,0xBFAC,byte-scan,unreached-by-this-method,0x9892,0xBECB,no,,16,8,not listed
0x2BFB5,0xBFB5,byte-scan,unreached-by-this-method,0x7B00,0xBECB,no,,1,23,not listed
0x2BFBC,0xBFBC,byte-scan,unreached-by-this-method,0x9850,0xBECB,no,,24,0,not listed
0x2BFBF,0xBFBF,byte-scan,unreached-by-this-method,0x988F,0xBECB,no,,22,2,not listed
0x2BFD2,0xBFD2,byte-scan,unreached-by-this-method,0x7B00,0xBECB,no,,1,23,not listed
0x2BFD8,0xBFD8,byte-scan,unreached-by-this-method,0x1298,0xBECB,no,,1,23,not listed
0x2BFD9,0xBFD9,byte-scan,unreached-by-this-method,0x9850,0xBECB,no,,22,2,not listed
0x2BFDC,0xBFDC,byte-scan,unreached-by-this-method,0x988F,0xBECB,no,,20,4,not listed
0x2BFEA,0xBFEA,byte-scan,unreached-by-this-method,0x12BD,0xBECB,no,,1,23,not listed
0x2BFEB,0xBFEB,byte-scan,unreached-by-this-method,0xBD5A,0xBECB,no,,22,2,not listed
0x2BFF5,0xBFF5,byte-scan,unreached-by-this-method,0x9850,0xBECB,no,,24,0,not listed
0x2BFF8,0xBFF8,byte-scan,unreached-by-this-method,0x9926,0xBECB,no,,22,2,not listed
0x2C004,0xC004,byte-scan,unreached-by-this-method,0x9850,0xBECB,no,,24,0,not listed
0x2C009,0xC009,byte-scan,unreached-by-this-method,0x9941,0xBECB,no,,24,0,not listed
0x2C013,0xC013,byte-scan,unreached-by-this-method,0x9867,0xBECB,no,,24,0,not listed
0x2C020,0xC020,byte-scan,unreached-by-this-method,0x9850,0xBECB,no,,21,3,not listed
0x2C02A,0xC02A,byte-scan,unreached-by-this-method,0x985D,0xBECB,no,,24,0,not listed
0x2C031,0xC031,byte-scan,unreached-by-this-method,0x9860,0xBECB,no,,22,2,not listed
0x2C036,0xC036,byte-scan,unreached-by-this-method,0xCFA0,0xBECB,no,,19,5,not listed
0x2C03A,0xC03A,byte-scan,unreached-by-this-method,0x9850,0xBECB,no,,24,0,not listed
0x2C03D,0xC03D,byte-scan,unreached-by-this-method,0x9870,0xBECB,no,,22,2,not listed
0x2C043,0xC043,byte-scan,unreached-by-this-method,0x992E,0xBECB,no,,24,0,not listed
0x2C046,0xC046,byte-scan,unreached-by-this-method,0x984D,0xBECB,no,,24,0,not listed
0x2C049,0xC049,byte-scan,unreached-by-this-method,0x988F,0xBECB,no,,24,0,not listed
0x2C04D,0xC04D,byte-scan,unreached-by-this-method,0xEEAE,0xBECB,no,,24,0,not listed
0x2C05A,0xC05A,byte-scan,unreached-by-this-method,0x9850,0xBECB,no,,22,2,not listed
0x2C05D,0xC05D,byte-scan,unreached-by-this-method,0x9870,0xBECB,no,,20,4,not listed
0x2C063,0xC063,byte-scan,unreached-by-this-method,0x9892,0xBECB,no,,16,8,not listed
0x2C06C,0xC06C,byte-scan,unreached-by-this-method,0x7B00,0xBECB,no,,1,23,not listed
0x2C073,0xC073,byte-scan,unreached-by-this-method,0x9850,0xBECB,no,,24,0,not listed
0x2C076,0xC076,byte-scan,unreached-by-this-method,0x988F,0xBECB,no,,22,2,not listed
0x2C089,0xC089,byte-scan,unreached-by-this-method,0x7B00,0xBECB,no,,1,23,not listed
0x2C08F,0xC08F,byte-scan,unreached-by-this-method,0x1298,0xBECB,no,,1,23,not listed
0x2C090,0xC090,byte-scan,unreached-by-this-method,0x9850,0xBECB,no,,22,2,not listed
0x2C093,0xC093,byte-scan,unreached-by-this-method,0x988F,0xBECB,no,,20,4,not listed
0x2C0A1,0xC0A1,byte-scan,unreached-by-this-method,0x12BB,0xBECB,no,,1,23,not listed
0x2C0A2,0xC0A2,byte-scan,unreached-by-this-method,0xBB2A,0xBECB,no,,22,2,not listed
0x2C0AC,0xC0AC,byte-scan,unreached-by-this-method,0x9850,0xBECB,no,,24,0,not listed
0x2C0AF,0xC0AF,byte-scan+walk,decoded-lcall,0x9926,0xC0AF,yes,tail jump to a callee,22,2,not listed
0x2C0BB,0xC0BB,byte-scan,unreached-by-this-method,0x9850,0xC0AF,yes,,24,0,not listed
0x2C0C3,0xC0C3,byte-scan,unreached-by-this-method,0x98CA,0xC0AF,no,,24,0,not listed
0x2C0C8,0xC0C8,byte-scan,unreached-by-this-method,0x9868,0xC0AF,no,,24,0,not listed
0x2C0D5,0xC0D5,byte-scan,unreached-by-this-method,0x9850,0xC0AF,no,,21,3,not listed
0x2C0DF,0xC0DF,byte-scan,unreached-by-this-method,0x985D,0xC0AF,no,,24,0,not listed
0x2C0E6,0xC0E6,byte-scan,unreached-by-this-method,0x9860,0xC0AF,no,,22,2,not listed
0x2C0EB,0xC0EB,byte-scan,unreached-by-this-method,0xCFA0,0xC0AF,no,,19,5,not listed
0x2C101,0xC101,byte-scan+walk,decoded-ljmp,0xC19E,0xC0EF,yes,ret,24,0,not listed
0x2C104,0xC104,byte-scan+walk,decoded-lcall,0x9850,0xC0EF,yes,ret,24,0,not listed
0x2C114,0xC114,byte-scan,operand,0xA485,0xC0EF,yes,,1,23,not listed
0x2C11F,0xC11F,byte-scan+walk,decoded-lcall,0x0D0D,0xC0EF,yes,ret,24,0,not listed
0x2C131,0xC131,byte-scan+walk,decoded-lcall,0x9909,0xC0EF,yes,ret,24,0,not listed
0x2C134,0xC134,byte-scan+walk,decoded-lcall,0x9850,0xC0EF,yes,ret,24,0,not listed
0x2C137,0xC137,byte-scan+walk,decoded-lcall,0x991A,0xC0EF,yes,ret,22,2,not listed
0x2C147,0xC147,byte-scan+walk,decoded-lcall,0x98A4,0xC0EF,yes,ret,22,2,not listed
0x2C14A,0xC14A,byte-scan+walk,decoded-lcall,0x9850,0xC0EF,yes,ret,24,0,not listed
0x2C14D,0xC14D,byte-scan+walk,decoded-lcall,0x98BE,0xC0EF,yes,ret,22,2,not listed
0x2C155,0xC155,byte-scan+walk,decoded-lcall,0x98E0,0xC0EF,yes,ret,24,0,not listed
0x2C15A,0xC15A,byte-scan,operand,0xEF12,0xC0EF,yes,,1,23,not listed
0x2C15C,0xC15C,byte-scan+walk,decoded-lcall,0x9888,0xC0EF,yes,ret,22,2,not listed
0x2C15F,0xC15F,byte-scan+walk,decoded-lcall,0x0D38,0xC0EF,yes,ret,20,4,not listed
0x2C171,0xC171,byte-scan+walk,decoded-lcall,0x98A4,0xC0EF,yes,ret,22,2,not listed
0x2C174,0xC174,byte-scan+walk,decoded-lcall,0x9850,0xC0EF,yes,ret,24,0,not listed
0x2C183,0xC183,byte-scan+walk,decoded-lcall,0x987F,0xC0EF,yes,ret,24,0,not listed
0x2C189,0xC189,byte-scan+walk,decoded-lcall,0x98AD,0xC0EF,yes,ret,24,0,not listed
0x2C18F,0xC18F,byte-scan+walk,decoded-lcall,0x98A4,0xC0EF,yes,ret,20,4,not listed
0x2C192,0xC192,byte-scan+walk,decoded-lcall,0x9850,0xC0EF,yes,ret,24,0,not listed
0x2C198,0xC198,byte-scan+walk,decoded-lcall,0x9936,0xC0EF,yes,ret,24,0,not listed
0x2C1A4,0xC1A4,byte-scan+walk,decoded-lcall,0x1253,0xC0EF,no,next listing boundary,24,0,not listed
0x2C1A5,0xC1A5,byte-scan,operand,0x53E0,0xC0EF,no,,0,24,not listed
0x2C1B0,0xC1B0,byte-scan+walk,decoded-lcall,0x1260,0xC0EF,no,next listing boundary,24,0,not listed
0x2C1B1,0xC1B1,byte-scan,operand,0x60E4,0xC0EF,no,,0,24,not listed
0x2C1B9,0xC1B9,byte-scan+walk,decoded-lcall,0x0E54,0xC1B3,yes,tail jump to a callee,24,0,not listed
0x2C1D2,0xC1D2,byte-scan+walk,decoded-ljmp,0x0E54,0xC1B3,yes,tail jump to a callee,24,0,not listed
0x2C1E0,0xC1E0,byte-scan+walk,decoded-lcall,0x122F,0xC1DD,yes,next listing boundary,24,0,not listed
0x2C1E1,0xC1E1,byte-scan,operand,0x2FEA,0xC1DD,yes,,0,24,not listed
0x2C1EB,0xC1EB,byte-scan+walk,decoded-lcall,0x122F,0xC1DD,no,next listing boundary,24,0,not listed
0x2C1EC,0xC1EC,byte-scan,operand,0x2FED,0xC1DD,no,,0,24,not listed
0x2C1F3,0xC1F3,byte-scan+walk,decoded-ljmp,0x122F,0xC1F0,yes,tail jump to a callee,24,0,not listed
0x2C1F4,0xC1F4,byte-scan,operand,0x2F90,0xC1F0,yes,,0,24,not listed
0x2C202,0xC202,byte-scan,operand,0xF090,0xC1F0,no,,0,24,not listed
0x2C216,0xC216,byte-scan+walk,decoded-lcall,0x0FCB,0xC20C,yes,tail jump to a callee,24,0,not listed
0x2C21A,0xC21A,byte-scan+walk,decoded-ljmp,0x0F0E,0xC20C,yes,tail jump to a callee,24,0,not listed
0x2C230,0xC230,byte-scan,operand,0xFF74,0xC20C,no,,0,24,not listed
0x2C259,0xC259,byte-scan+walk,decoded-lcall,0x104D,0xC24E,yes,ret,22,2,not listed
0x2C267,0xC267,byte-scan+walk,decoded-ljmp,0xE1E0,0xC24E,yes,ret,23,1,not listed
0x2C26A,0xC26A,byte-scan+walk,decoded-lcall,0x70E7,0xC24E,yes,ret,24,0,not listed
0x2C274,0xC274,byte-scan+walk,decoded-lcall,0xF75C,0xC24E,yes,ret,24,0,not listed
0x2C27D,0xC27D,byte-scan+walk,decoded-lcall,0x104D,0xC24E,yes,ret,23,1,not listed
0x2C28D,0xC28D,byte-scan+walk,decoded-lcall,0x104D,0xC24E,yes,ret,24,0,not listed
0x2C29B,0xC29B,byte-scan+walk,decoded-lcall,0xE1E0,0xC24E,yes,ret,23,1,not listed
0x2C2A2,0xC2A2,byte-scan+walk,decoded-lcall,0x700D,0xC24E,yes,ret,24,0,not listed
0x2C2A9,0xC2A9,byte-scan+walk,decoded-lcall,0x70E7,0xC24E,yes,ret,24,0,not listed
0x2C2B1,0xC2B1,byte-scan+walk,decoded-lcall,0x104D,0xC24E,yes,ret,22,2,not listed
0x2C2BF,0xC2BF,byte-scan+walk,decoded-lcall,0xE1E0,0xC24E,yes,ret,23,1,not listed
0x2C2C6,0xC2C6,byte-scan+walk,decoded-lcall,0x700D,0xC24E,yes,ret,24,0,not listed
0x2C2D0,0xC2D0,byte-scan+walk,decoded-lcall,0x0FAF,0xC24E,yes,ret,24,0,not listed
0x2C2D6,0xC2D6,byte-scan+walk,decoded-lcall,0x1041,0xC24E,yes,ret,20,4,not listed
0x2C2E0,0xC2E0,byte-scan+walk,decoded-lcall,0xE1E0,0xC24E,yes,ret,23,1,not listed
0x2C2EE,0xC2EE,byte-scan+walk,decoded-lcall,0x7014,0xC24E,yes,ret,23,1,not listed
0x2C2F3,0xC2F3,byte-scan+walk,decoded-lcall,0x718D,0xC24E,yes,ret,24,0,not listed
0x2C2F6,0xC2F6,byte-scan+walk,decoded-lcall,0xF4AB,0xC24E,yes,ret,23,1,not listed
0x2C314,0xC314,byte-scan+walk,decoded-lcall,0x8A4A,0xC2FA,yes,ret,24,0,not listed
0x2C31C,0xC31C,byte-scan+walk,decoded-lcall,0xEE8B,0xC2FA,yes,ret,24,0,not listed
0x2C327,0xC327,byte-scan+walk,decoded-lcall,0xB3ED,0xC2FA,yes,ret,24,0,not listed
0x2C32A,0xC32A,byte-scan+walk,decoded-lcall,0xF739,0xC2FA,yes,ret,24,0,not listed
0x2C339,0xC339,byte-scan+walk,decoded-lcall,0xAD75,0xC2FA,yes,ret,24,0,not listed
0x2C33C,0xC33C,byte-scan+walk,decoded-lcall,0xAD4D,0xC2FA,yes,ret,23,1,not listed
0x2C343,0xC343,byte-scan+walk,decoded-lcall,0xAD24,0xC2FA,yes,ret,24,0,not listed
0x2C348,0xC348,byte-scan+walk,decoded-lcall,0xF739,0xC2FA,yes,ret,24,0,not listed
0x2C350,0xC350,byte-scan+walk,decoded-lcall,0xAD75,0xC2FA,yes,ret,24,0,not listed
0x2C353,0xC353,byte-scan+walk,decoded-lcall,0x1041,0xC2FA,yes,ret,23,1,not listed
0x2C358,0xC358,byte-scan+walk,decoded-lcall,0xF035,0xC2FA,yes,ret,24,0,not listed
0x2C35B,0xC35B,byte-scan+walk,decoded-lcall,0xAD3C,0xC2FA,yes,ret,22,2,not listed
0x2C35E,0xC35E,byte-scan+walk,decoded-lcall,0xAD01,0xC2FA,yes,ret,24,0,not listed
0x2C363,0xC363,byte-scan+walk,decoded-lcall,0xC398,0xC2FA,yes,ret,24,0,not listed
0x2C366,0xC366,byte-scan+walk,decoded-lcall,0x7580,0xC2FA,yes,ret,24,0,not listed
0x2C373,0xC373,byte-scan+walk,decoded-ljmp,0xAE9C,0xC2FA,yes,ret,24,0,not listed
0x2C376,0xC376,byte-scan+walk,decoded-lcall,0xAD3C,0xC2FA,yes,ret,24,0,not listed
0x2C37B,0xC37B,byte-scan+walk,decoded-lcall,0x0FAF,0xC2FA,yes,ret,24,0,not listed
0x2C380,0xC380,byte-scan,operand,0x12AD,0xC2FA,yes,,0,24,not listed
0x2C381,0xC381,byte-scan+walk,decoded-lcall,0xAD09,0xC2FA,yes,ret,23,1,not listed
0x2C386,0xC386,byte-scan+walk,decoded-lcall,0xC398,0xC2FA,yes,ret,23,1,not listed
0x2C389,0xC389,byte-scan+walk,decoded-lcall,0xB311,0xC2FA,yes,ret,24,0,not listed
0x2C394,0xC394,byte-scan+walk,decoded-lcall,0xD72E,0xC2FA,yes,ret,24,0,not listed
0x2C39A,0xC39A,byte-scan+walk,decoded-lcall,0xF75C,0xC398,yes,ret,24,0,not listed
0x2C3A5,0xC3A5,byte-scan+walk,decoded-lcall,0xA705,0xC398,no,tail jump to a callee,24,0,not listed
0x2C3AD,0xC3AD,byte-scan+walk,decoded-lcall,0x122F,0xC398,no,tail jump to a callee,24,0,not listed
0x2C3AE,0xC3AE,byte-scan,operand,0x2F12,0xC398,no,,0,24,not listed
0x2C3B0,0xC3B0,byte-scan+walk,decoded-lcall,0xA6C2,0xC398,no,tail jump to a callee,23,1,not listed
0x2C3B3,0xC3B3,byte-scan+walk,decoded-lcall,0xA6C9,0xC398,no,tail jump to a callee,23,1,not listed
0x2C3B6,0xC3B6,byte-scan+walk,decoded-lcall,0xA750,0xC398,no,tail jump to a callee,24,0,not listed
0x2C3BA,0xC3BA,byte-scan+walk,decoded-lcall,0xA721,0xC398,no,tail jump to a callee,24,0,not listed
0x2C3C6,0xC3C6,byte-scan+walk,decoded-lcall,0xA6C2,0xC398,no,tail jump to a callee,23,1,not listed
0x2C3CC,0xC3CC,byte-scan+walk,decoded-lcall,0xA6BF,0xC398,no,tail jump to a callee,24,0,not listed
0x2C3D3,0xC3D3,byte-scan+walk,decoded-ljmp,0xC41A,0xC398,no,tail jump to a callee,24,0,not listed
0x2C3D6,0xC3D6,byte-scan+walk,decoded-lcall,0xA6C2,0xC398,no,tail jump to a callee,24,0,not listed
0x2C3DB,0xC3DB,byte-scan+walk,decoded-lcall,0x104D,0xC398,no,tail jump to a callee,24,0,not listed
0x2C3E2,0xC3E2,byte-scan+walk,decoded-lcall,0xA781,0xC398,no,tail jump to a callee,24,0,not listed
0x2C3E5,0xC3E5,byte-scan+walk,decoded-lcall,0xA6C2,0xC398,no,tail jump to a callee,23,1,not listed
0x2C3EA,0xC3EA,byte-scan+walk,decoded-lcall,0xA6FE,0xC398,no,tail jump to a callee,24,0,not listed
0x2C3EF,0xC3EF,byte-scan+walk,decoded-lcall,0xA6C2,0xC398,no,tail jump to a callee,23,1,not listed
0x2C3F2,0xC3F2,byte-scan+walk,decoded-lcall,0xA6E2,0xC398,no,tail jump to a callee,23,1,not listed
0x2C3F8,0xC3F8,byte-scan+walk,decoded-lcall,0x1253,0xC398,no,tail jump to a callee,24,0,not listed
0x2C3F9,0xC3F9,byte-scan,operand,0x5312,0xC398,no,,0,24,not listed
0x2C3FB,0xC3FB,byte-scan+walk,decoded-lcall,0xA6FE,0xC398,no,tail jump to a callee,22,2,not listed
0x2C400,0xC400,byte-scan+walk,decoded-lcall,0xA78A,0xC398,no,tail jump to a callee,24,0,not listed
0x2C403,0xC403,byte-scan+walk,decoded-lcall,0xA6C2,0xC398,no,tail jump to a callee,23,1,not listed
0x2C409,0xC409,byte-scan+walk,decoded-lcall,0xA6DB,0xC398,no,tail jump to a callee,24,0,not listed
0x2C40D,0xC40D,byte-scan+walk,decoded-lcall,0xA6C2,0xC398,no,tail jump to a callee,24,0,not listed
0x2C413,0xC413,byte-scan+walk,decoded-lcall,0xA6BF,0xC398,no,tail jump to a callee,24,0,not listed
0x2C41A,0xC41A,byte-scan+walk,decoded-lcall,0xECD4,0xC398,no,tail jump to a callee,24,0,not listed
0x2C41D,0xC41D,byte-scan+walk,decoded-lcall,0xA6C2,0xC398,no,tail jump to a callee,24,0,not listed
0x2C429,0xC429,byte-scan+walk,decoded-lcall,0xA714,0xC398,no,tail jump to a callee,24,0,not listed
0x2C42D,0xC42D,byte-scan+walk,decoded-lcall,0x0C46,0xC398,no,tail jump to a callee,24,0,not listed
0x2C430,0xC430,byte-scan+walk,decoded-lcall,0xA6C2,0xC398,no,tail jump to a callee,24,0,not listed
0x2C433,0xC433,byte-scan+walk,decoded-lcall,0xA6E2,0xC398,no,tail jump to a callee,23,1,not listed
0x2C436,0xC436,byte-scan+walk,decoded-lcall,0xA6C2,0xC398,no,tail jump to a callee,24,0,not listed
0x2C43B,0xC43B,byte-scan+walk,decoded-lcall,0x1041,0xC398,no,tail jump to a callee,24,0,not listed
0x2C43E,0xC43E,byte-scan+walk,decoded-ljmp,0xC3E2,0xC398,no,tail jump to a callee,22,2,not listed
0x2C441,0xC441,byte-scan+walk,decoded-lcall,0xECD4,0xC398,no,tail jump to a callee,24,0,not listed
0x2C447,0xC447,byte-scan+walk,decoded-ljmp,0x122F,0xC398,no,tail jump to a callee,24,0,not listed
0x2C448,0xC448,byte-scan,operand,0x2F90,0xC398,no,,0,24,not listed
0x2C460,0xC460,byte-scan,unreached-by-this-method,0x0F32,0xC398,no,,24,0,not listed
0x2C464,0xC464,byte-scan,unreached-by-this-method,0x1041,0xC398,no,,24,0,not listed
0x2C48D,0xC48D,byte-scan,unreached-by-this-method,0x0FCB,0xC398,no,,24,0,not listed
0x2C490,0xC490,byte-scan,unreached-by-this-method,0x0DBC,0xC398,no,,24,0,not listed
0x2C495,0xC495,byte-scan,unreached-by-this-method,0xDD62,0xC398,no,,24,0,not listed
0x2C4AF,0xC4AF,byte-scan,unreached-by-this-method,0x1041,0xC398,no,,24,0,not listed
0x2C4BD,0xC4BD,byte-scan,unreached-by-this-method,0x100C,0xC398,no,,24,0,not listed
0x2C4C3,0xC4C3,byte-scan,unreached-by-this-method,0x87D3,0xC398,no,,23,1,not listed
0x2C4CB,0xC4CB,byte-scan,unreached-by-this-method,0x104D,0xC398,no,,24,0,not listed
0x2C4E6,0xC4E6,byte-scan,unreached-by-this-method,0x8812,0xC398,no,,23,1,not listed
0x2C4E8,0xC4E8,byte-scan,mid-instruction,0x7B03,0xC398,no,,0,24,not listed
0x2C4EB,0xC4EB,byte-scan,unreached-by-this-method,0x821B,0xC398,no,,24,0,not listed
0x2C4EF,0xC4EF,byte-scan,unreached-by-this-method,0x9850,0xC398,no,,24,0,not listed
0x2C4F2,0xC4F2,byte-scan,unreached-by-this-method,0x9870,0xC398,no,,22,2,not listed
0x2C4FF,0xC4FF,byte-scan,unreached-by-this-method,0xEEAE,0xC398,no,,23,1,not listed
0x2C50F,0xC50F,byte-scan,unreached-by-this-method,0x10F1,0xC398,no,,23,1,not listed
0x2C512,0xC512,byte-scan,unreached-by-this-method,0x98D4,0xC398,no,,21,3,not listed
0x2C515,0xC515,byte-scan,unreached-by-this-method,0x9441,0xC398,no,,24,0,not listed
0x2C518,0xC518,byte-scan,unreached-by-this-method,0x9850,0xC398,no,,23,1,not listed
0x2C51B,0xC51B,byte-scan,unreached-by-this-method,0x9879,0xC398,no,,21,3,not listed
0x2C51E,0xC51E,byte-scan,unreached-by-this-method,0x0D38,0xC398,no,,19,5,not listed
0x2C522,0xC522,byte-scan,unreached-by-this-method,0x9850,0xC398,no,,24,0,not listed
0x2C525,0xC525,byte-scan,unreached-by-this-method,0x10FD,0xC398,no,,22,2,not listed
0x2C52C,0xC52C,byte-scan,unreached-by-this-method,0x0C58,0xC398,no,,24,0,not listed
0x2C52F,0xC52F,byte-scan,unreached-by-this-method,0x9850,0xC398,no,,24,0,not listed
0x2C53B,0xC53B,byte-scan,unreached-by-this-method,0xEF12,0xC398,no,,1,23,not listed
0x2C53D,0xC53D,byte-scan,unreached-by-this-method,0x9888,0xC398,no,,22,2,not listed
0x2C540,0xC540,byte-scan,unreached-by-this-method,0x0D38,0xC398,no,,20,4,not listed
0x2C546,0xC546,byte-scan,unreached-by-this-method,0x9850,0xC398,no,,24,0,not listed
0x2C549,0xC549,byte-scan,unreached-by-this-method,0x9910,0xC398,no,,22,2,not listed
0x2C54C,0xC54C,byte-scan,unreached-by-this-method,0x9850,0xC398,no,,20,4,not listed
0x2C54F,0xC54F,byte-scan,unreached-by-this-method,0x9879,0xC398,no,,18,6,not listed
0x2C555,0xC555,byte-scan,unreached-by-this-method,0x0D8F,0xC398,no,,24,0,not listed
0x2C562,0xC562,byte-scan,unreached-by-this-method,0x9850,0xC398,no,,24,0,not listed
0x2C56D,0xC56D,byte-scan,unreached-by-this-method,0x9965,0xC398,no,,24,0,not listed
0x2C575,0xC575,byte-scan,unreached-by-this-method,0x128D,0xC398,no,,24,0,not listed
0x2C576,0xC576,byte-scan,mid-instruction,0x8D90,0xC398,no,,0,24,not listed
0x2C57D,0xC57D,byte-scan,unreached-by-this-method,0x9864,0xC398,no,,24,0,not listed
0x2C584,0xC584,byte-scan,unreached-by-this-method,0x10F1,0xC398,no,,24,0,not listed
0x2C587,0xC587,byte-scan,unreached-by-this-method,0x9856,0xC398,no,,22,2,not listed
0x2C58C,0xC58C,byte-scan,unreached-by-this-method,0xCFA0,0xC398,no,,23,1,not listed
0x2C595,0xC595,byte-scan,unreached-by-this-method,0x9850,0xC398,no,,24,0,not listed
0x2C598,0xC598,byte-scan,unreached-by-this-method,0x10FD,0xC398,no,,22,2,not listed
0x2C5A0,0xC5A0,byte-scan,unreached-by-this-method,0xC628,0xC398,no,,24,0,not listed
0x2C5B7,0xC5B7,byte-scan,unreached-by-this-method,0x9850,0xC398,no,,24,0,not listed
0x2C5BA,0xC5BA,byte-scan,unreached-by-this-method,0x9951,0xC398,no,,22,2,not listed
0x2C5C3,0xC5C3,byte-scan,unreached-by-this-method,0x9850,0xC398,no,,24,0,not listed
0x2C5C6,0xC5C6,byte-scan,unreached-by-this-method,0x10FD,0xC398,no,,22,2,not listed
0x2C5D0,0xC5D0,byte-scan,unreached-by-this-method,0x128D,0xC398,no,,24,0,not listed
0x2C5D1,0xC5D1,byte-scan,mid-instruction,0x8D7E,0xC398,no,,0,24,not listed
0x2C5D9,0xC5D9,byte-scan,unreached-by-this-method,0x9850,0xC398,no,,24,0,not listed
0x2C5DC,0xC5DC,byte-scan,unreached-by-this-method,0x98D4,0xC398,no,,22,2,not listed
0x2C5DF,0xC5DF,byte-scan,unreached-by-this-method,0x128D,0xC398,no,,24,0,not listed
0x2C5E0,0xC5E0,byte-scan,mid-instruction,0x8D90,0xC398,no,,0,24,not listed
0x2C5ED,0xC5ED,byte-scan,mid-instruction,0x6019,0xC398,no,,0,24,not listed
0x2C5F0,0xC5F0,byte-scan,unreached-by-this-method,0x9850,0xC398,no,,24,0,not listed
0x2C5F6,0xC5F6,byte-scan,unreached-by-this-method,0x0BC4,0xC398,no,,20,4,not listed
0x2C5FA,0xC5FA,byte-scan,mid-instruction,0x0D12,0xC398,no,,0,24,not listed
0x2C5FC,0xC5FC,byte-scan,unreached-by-this-method,0x98CD,0xC398,no,,23,1,not listed
0x2C600,0xC600,byte-scan,mid-instruction,0x1298,0xC398,no,,0,24,not listed
0x2C601,0xC601,byte-scan,unreached-by-this-method,0x9868,0xC398,no,,23,1,not listed
0x2C606,0xC606,byte-scan,unreached-by-this-method,0xCFA0,0xC398,no,,23,1,not listed
0x2C61A,0xC61A,byte-scan,unreached-by-this-method,0x10F1,0xC398,no,,24,0,not listed
0x2C61D,0xC61D,byte-scan,unreached-by-this-method,0x1229,0xC398,no,,22,2,not listed
0x2C61E,0xC61E,byte-scan,unreached-by-this-method,0x2912,0xC398,no,,2,22,not listed
0x2C620,0xC620,byte-scan,unreached-by-this-method,0x9860,0xC398,no,,21,3,not listed
0x2C625,0xC625,byte-scan,unreached-by-this-method,0xCFA0,0xC398,no,,18,6,not listed
0x2C637,0xC637,byte-scan+walk,decoded-lcall,0x128D,0xC62B,yes,ret,23,1,not listed
0x2C638,0xC638,byte-scan,operand,0x8D90,0xC62B,yes,,1,23,not listed
0x2C64C,0xC64C,byte-scan+walk,decoded-lcall,0xA742,0xC62B,yes,ret,24,0,not listed
0x2C656,0xC656,byte-scan+walk,decoded-lcall,0xA75D,0xC62B,yes,ret,24,0,not listed
0x2C65B,0xC65B,byte-scan+walk,decoded-lcall,0x0F32,0xC62B,yes,ret,24,0,not listed
0x2C666,0xC666,byte-scan+walk,decoded-lcall,0xA742,0xC62B,yes,ret,24,0,not listed
0x2C670,0xC670,byte-scan+walk,decoded-lcall,0xA75D,0xC62B,yes,ret,24,0,not listed
0x2C675,0xC675,byte-scan+walk,decoded-lcall,0x0F32,0xC62B,yes,ret,24,0,not listed
0x2C67B,0xC67B,byte-scan,operand,0xD001,0xC62B,yes,,0,24,not listed
0x2C680,0xC680,byte-scan+walk,decoded-lcall,0x0EF3,0xC62B,yes,ret,24,0,not listed
0x2C68B,0xC68B,byte-scan+walk,decoded-lcall,0xA742,0xC62B,yes,ret,24,0,not listed
0x2C69E,0xC69E,byte-scan+walk,decoded-lcall,0x0EF3,0xC62B,yes,ret,24,0,not listed
0x2C6C7,0xC6C7,byte-scan,unreached-by-this-method,0xB2F1,0xC62B,no,,24,0,not listed
0x2C6D4,0xC6D4,byte-scan,unreached-by-this-method,0xB293,0xC62B,no,,24,0,not listed
0x2C6D7,0xC6D7,byte-scan,unreached-by-this-method,0x0FAF,0xC62B,no,,24,0,not listed
0x2C6DD,0xC6DD,byte-scan,unreached-by-this-method,0xB247,0xC62B,no,,23,1,not listed
0x2C6E5,0xC6E5,byte-scan,unreached-by-this-method,0x7F00,0xC62B,no,,1,23,not listed
0x2C70F,0xC70F,byte-scan,mid-instruction,0xF0A3,0xC62B,no,,0,24,not listed
0x2C714,0xC714,byte-scan,mid-instruction,0xF080,0xC62B,no,,0,24,not listed
0x2C72B,0xC72B,byte-scan,mid-instruction,0x2290,0xC62B,no,,0,24,not listed
0x2C737,0xC737,byte-scan,unreached-by-this-method,0x10C8,0xC62B,no,,24,0,not listed
0x2C73B,0xC73B,byte-scan,unreached-by-this-method,0x0C46,0xC62B,no,,24,0,not listed
0x2C746,0xC746,byte-scan,unreached-by-this-method,0x10C8,0xC62B,no,,22,2,not listed
0x2C74A,0xC74A,byte-scan,unreached-by-this-method,0x0C46,0xC62B,no,,24,0,not listed
0x2C75E,0xC75E,byte-scan+walk,decoded-lcall,0xAD67,0xC755,yes,tail jump to a callee,24,0,not listed
0x2C765,0xC765,byte-scan+walk,decoded-lcall,0xF668,0xC755,yes,tail jump to a callee,24,0,not listed
0x2C76D,0xC76D,byte-scan+walk,decoded-lcall,0xB73F,0xC755,yes,tail jump to a callee,24,0,not listed
0x2C775,0xC775,byte-scan+walk,decoded-lcall,0xE15A,0xC755,yes,tail jump to a callee,24,0,not listed
0x2C77D,0xC77D,byte-scan+walk,decoded-lcall,0xB9A1,0xC755,yes,tail jump to a callee,24,0,not listed
0x2C788,0xC788,byte-scan+walk,decoded-lcall,0xEE68,0xC755,yes,tail jump to a callee,24,0,not listed
0x2C78B,0xC78B,byte-scan+walk,decoded-lcall,0xAD8C,0xC755,yes,tail jump to a callee,24,0,not listed
0x2C78F,0xC78F,byte-scan+walk,decoded-lcall,0xD83D,0xC755,yes,tail jump to a callee,24,0,not listed
0x2C792,0xC792,byte-scan+walk,decoded-lcall,0xAD8C,0xC755,yes,tail jump to a callee,24,0,not listed
0x2C795,0xC795,byte-scan+walk,decoded-lcall,0xD013,0xC755,yes,tail jump to a callee,23,1,not listed
0x2C798,0xC798,byte-scan+walk,decoded-lcall,0xAD8C,0xC755,yes,tail jump to a callee,24,0,not listed
0x2C79B,0xC79B,byte-scan+walk,decoded-lcall,0xF65E,0xC755,yes,tail jump to a callee,23,1,not listed
0x2C7BE,0xC7BE,byte-scan+walk,decoded-lcall,0x128D,0xC755,yes,tail jump to a callee,24,0,not listed
0x2C7BF,0xC7BF,byte-scan,operand,0x8D90,0xC755,yes,,0,24,not listed
0x2C7C4,0xC7C4,byte-scan+walk,decoded-lcall,0xAD3F,0xC755,yes,tail jump to a callee,20,4,not listed
0x2C7C9,0xC7C9,byte-scan+walk,decoded-lcall,0x104D,0xC755,yes,tail jump to a callee,24,0,not listed
0x2C7D7,0xC7D7,byte-scan+walk,decoded-lcall,0x104D,0xC755,no,tail jump to a callee,22,2,not listed
0x2C7E2,0xC7E2,byte-scan+walk,decoded-ljmp,0xE1E0,0xC755,no,tail jump to a callee,24,0,not listed
0x2C7EE,0xC7EE,byte-scan,unreached-by-this-method,0xB19F,0xC755,no,,23,1,not listed
0x2C7F6,0xC7F6,byte-scan,unreached-by-this-method,0xF1CA,0xC755,no,,24,0,not listed
0x2C817,0xC817,byte-scan+walk,decoded-lcall,0xB1BF,0xC808,no,ret,24,0,not listed
0x2C81B,0xC81B,byte-scan+walk,decoded-lcall,0xB208,0xC808,no,ret,23,1,not listed
0x2C867,0xC867,byte-scan+walk,decoded-lcall,0xB19F,0xC808,no,ret,24,0,not listed
0x2C879,0xC879,byte-scan+walk,decoded-lcall,0x119C,0xC873,yes,loop back to 0xC82E,24,0,not listed
0x2C898,0xC898,byte-scan+walk,decoded-lcall,0x96FB,0xC873,yes,loop back to 0xC82E,24,0,not listed
0x2C8A0,0xC8A0,byte-scan,unreached-by-this-method,0x96FB,0xC873,yes,,24,0,not listed
0x2C8AB,0xC8AB,byte-scan,unreached-by-this-method,0x104D,0xC873,yes,,22,2,not listed
0x2C8B7,0xC8B7,byte-scan,unreached-by-this-method,0x104D,0xC873,yes,,22,2,not listed
0x2C8CA,0xC8CA,byte-scan,unreached-by-this-method,0x104D,0xC873,yes,,22,2,not listed
0x2C8DD,0xC8DD,byte-scan,unreached-by-this-method,0x0FAF,0xC873,yes,,24,0,not listed
0x2C8E3,0xC8E3,byte-scan,unreached-by-this-method,0x1041,0xC873,yes,,20,4,not listed
0x2C8ED,0xC8ED,byte-scan,unreached-by-this-method,0xE622,0xC873,yes,,23,1,not listed
0x2C8F3,0xC8F3,byte-scan,unreached-by-this-method,0x96EB,0xC873,yes,,24,0,not listed
0x2C8F9,0xC8F9,byte-scan,unreached-by-this-method,0x9750,0xC873,no,,24,0,not listed
0x2C923,0xC923,byte-scan+walk,decoded-lcall,0x9C1B,0xC901,yes,ret,22,2,not listed
0x2C92A,0xC92A,byte-scan+walk,decoded-lcall,0x9CEB,0xC901,yes,ret,24,0,not listed
0x2C92D,0xC92D,byte-scan+walk,decoded-lcall,0x9C1B,0xC901,yes,ret,24,0,not listed
0x2C93B,0xC93B,byte-scan+walk,decoded-lcall,0x9D39,0xC901,yes,ret,24,0,not listed
0x2C93E,0xC93E,byte-scan+walk,decoded-lcall,0x9C1B,0xC901,yes,ret,24,0,not listed
0x2C94A,0xC94A,byte-scan+walk,decoded-lcall,0xDCC7,0xC901,yes,ret,24,0,not listed
0x2C956,0xC956,byte-scan+walk,decoded-lcall,0x9CFB,0xC901,no,ret,24,0,not listed
0x2C959,0xC959,byte-scan+walk,decoded-lcall,0x9C1B,0xC901,no,ret,24,0,not listed
0x2C95C,0xC95C,byte-scan+walk,decoded-lcall,0x9D40,0xC901,no,ret,24,0,not listed
0x2C962,0xC962,byte-scan+walk,decoded-lcall,0x9C1B,0xC901,no,ret,20,4,not listed
0x2C965,0xC965,byte-scan+walk,decoded-lcall,0x9CB9,0xC901,no,ret,24,0,not listed
0x2C975,0xC975,byte-scan+walk,decoded-lcall,0x9C1B,0xC901,no,ret,24,0,not listed
0x2C978,0xC978,byte-scan+walk,decoded-lcall,0x9D40,0xC901,no,ret,24,0,not listed
0x2C97E,0xC97E,byte-scan+walk,decoded-lcall,0x9C1B,0xC901,no,ret,20,4,not listed
0x2C981,0xC981,byte-scan+walk,decoded-lcall,0x9CB9,0xC901,no,ret,24,0,not listed
0x2C987,0xC987,byte-scan+walk,decoded-lcall,0x9C4D,0xC901,no,ret,24,0,not listed
0x2C98D,0xC98D,byte-scan,unreached-by-this-method,0x9850,0xC901,no,,24,0,not listed
0x2C990,0xC990,byte-scan,unreached-by-this-method,0x10FD,0xC901,no,,22,2,not listed
0x2C995,0xC995,byte-scan,unreached-by-this-method,0x9903,0xC901,no,,20,4,not listed
0x2C99A,0xC99A,byte-scan,unreached-by-this-method,0x9914,0xC901,no,,23,1,not listed
0x2C9A1,0xC9A1,byte-scan,unreached-by-this-method,0x0C58,0xC901,no,,24,0,not listed
0x2C9A8,0xC9A8,byte-scan,unreached-by-this-method,0x0C58,0xC901,no,,24,0,not listed
0x2C9B0,0xC9B0,byte-scan,unreached-by-this-method,0x98E9,0xC901,no,,23,1,not listed
0x2C9B6,0xC9B6,byte-scan,unreached-by-this-method,0x98E8,0xC901,no,,24,0,not listed
0x2C9BB,0xC9BB,byte-scan,unreached-by-this-method,0x0F1F,0xC901,no,,24,0,not listed
0x2C9C1,0xC9C1,byte-scan,unreached-by-this-method,0x98E8,0xC901,no,,24,0,not listed
0x2C9C6,0xC9C6,byte-scan,unreached-by-this-method,0x0F1F,0xC901,no,,23,1,not listed
0x2C9C9,0xC9C9,byte-scan,unreached-by-this-method,0x9951,0xC901,no,,24,0,not listed
0x2C9D1,0xC9D1,byte-scan,unreached-by-this-method,0x0C58,0xC901,no,,23,1,not listed
0x2C9D8,0xC9D8,byte-scan,unreached-by-this-method,0x0C58,0xC901,no,,24,0,not listed
0x2C9DD,0xC9DD,byte-scan,unreached-by-this-method,0x7420,0xC901,no,,1,23,not listed
0x2C9E0,0xC9E0,byte-scan,unreached-by-this-method,0x0C58,0xC901,no,,23,1,not listed
0x2C9E8,0xC9E8,byte-scan,unreached-by-this-method,0x0C58,0xC901,no,,23,1,not listed
0x2C9EF,0xC9EF,byte-scan,unreached-by-this-method,0x0C58,0xC901,no,,24,0,not listed
0x2C9F6,0xC9F6,byte-scan,unreached-by-this-method,0x120C,0xC901,no,,2,22,not listed
0x2C9F7,0xC9F7,byte-scan,unreached-by-this-method,0x0C58,0xC901,no,,21,3,not listed
0x2C9FF,0xC9FF,byte-scan,unreached-by-this-method,0x0C58,0xC901,no,,23,1,not listed
0x2CA07,0xCA07,byte-scan,unreached-by-this-method,0x0C58,0xC901,no,,23,1,not listed
0x2CA0F,0xCA0F,byte-scan,unreached-by-this-method,0x9864,0xC901,no,,21,3,not listed
0x2CA14,0xCA14,byte-scan,unreached-by-this-method,0xCFA0,0xC901,no,,18,6,not listed
0x2CA23,0xCA23,byte-scan,unreached-by-this-method,0x56A0,0xC901,no,,24,0,not listed
0x2CA26,0xCA26,byte-scan,unreached-by-this-method,0x56F5,0xC901,no,,22,2,not listed
0x2CA2F,0xCA2F,byte-scan,unreached-by-this-method,0x578F,0xC901,no,,24,0,not listed
0x2CA3F,0xCA3F,byte-scan,unreached-by-this-method,0x0B85,0xC901,no,,24,0,not listed
0x2CA4F,0xCA4F,byte-scan,unreached-by-this-method,0x5874,0xC901,no,,24,0,not listed
0x2CA56,0xCA56,byte-scan,unreached-by-this-method,0x128D,0xC901,no,,24,0,not listed
0x2CA57,0xCA57,byte-scan,mid-instruction,0x8D90,0xC901,no,,0,24,not listed
0x2CA5C,0xCA5C,byte-scan,unreached-by-this-method,0x584A,0xC901,no,,24,0,not listed
0x2CA60,0xCA60,byte-scan,mid-instruction,0xC001,0xC901,no,,0,24,not listed
0x2CA63,0xCA63,byte-scan,unreached-by-this-method,0x58AB,0xC901,no,,23,1,not listed
0x2CA6E,0xCA6E,byte-scan,unreached-by-this-method,0x12ED,0xC901,no,,1,23,not listed
0x2CA6F,0xCA6F,byte-scan,unreached-by-this-method,0xED46,0xC901,no,,22,2,not listed
0x2CA75,0xCA75,byte-scan,unreached-by-this-method,0x578E,0xC901,no,,24,0,not listed
0x2CA87,0xCA87,byte-scan,unreached-by-this-method,0x0B85,0xC901,no,,24,0,not listed
0x2CA94,0xCA94,byte-scan,unreached-by-this-method,0x56F1,0xC901,no,,24,0,not listed
0x2CA9A,0xCA9A,byte-scan,unreached-by-this-method,0x567C,0xC901,no,,24,0,not listed
0x2CAA4,0xCAA4,byte-scan,unreached-by-this-method,0x595A,0xC901,no,,24,0,not listed
0x2CAAD,0xCAAD,byte-scan,unreached-by-this-method,0x56A0,0xC901,no,,24,0,not listed
0x2CAB7,0xCAB7,byte-scan,unreached-by-this-method,0x57EB,0xC901,no,,24,0,not listed
0x2CACA,0xCACA,byte-scan,unreached-by-this-method,0x122F,0xC901,no,,24,0,not listed
0x2CACB,0xCACB,byte-scan,mid-instruction,0x2F12,0xC901,no,,0,24,not listed
0x2CACD,0xCACD,byte-scan,unreached-by-this-method,0x10E8,0xC901,no,,23,1,not listed
0x2CAD6,0xCAD6,byte-scan,unreached-by-this-method,0xD5B8,0xC901,no,,23,1,not listed
0x2CAE2,0xCAE2,byte-scan,unreached-by-this-method,0x104D,0xC901,no,,24,0,not listed
0x2CAEC,0xCAEC,byte-scan,unreached-by-this-method,0x56A0,0xC901,no,,24,0,not listed
0x2CAEF,0xCAEF,byte-scan,unreached-by-this-method,0x5842,0xC901,no,,22,2,not listed
0x2CB17,0xCB17,byte-scan,unreached-by-this-method,0x10E8,0xC901,no,,24,0,not listed
0x2CB24,0xCB24,byte-scan,unreached-by-this-method,0xA210,0xC901,no,,24,0,not listed
0x2CB40,0xCB40,byte-scan+walk,decoded-lcall,0x34EF,0xCB2A,yes,tail jump to a callee,24,0,not listed
0x2CB44,0xCB44,byte-scan+walk,decoded-lcall,0x349B,0xCB2A,yes,tail jump to a callee,24,0,not listed
0x2CB47,0xCB47,byte-scan+walk,decoded-lcall,0x38D3,0xCB2A,yes,tail jump to a callee,24,0,not listed
0x2CB4A,0xCB4A,byte-scan+walk,decoded-lcall,0x11C2,0xCB2A,yes,tail jump to a callee,24,0,not listed
0x2CB4F,0xCB4F,walk,decoded-ljmp,0xC808,0xCB2A,yes,tail jump to a callee,24,0,not listed
0x2CB53,0xCB53,byte-scan,unreached-by-this-method,0x06CB,0xCB2A,no,,24,0,not listed
0x2CB57,0xCB57,byte-scan,unreached-by-this-method,0x0700,0xCB2A,no,,24,0,not listed
0x2CB5F,0xCB5F,byte-scan,mid-instruction,0x6014,0xCB2A,no,,0,24,not listed
0x2CB73,0xCB73,byte-scan,mid-instruction,0x7F02,0xCB2A,no,,0,24,not listed
0x2CB75,0xCB75,byte-scan,mid-instruction,0xEF24,0xCB2A,no,,0,24,not listed
0x2CB85,0xCB85,byte-scan,unreached-by-this-method,0x104D,0xCB2A,no,,24,0,not listed
0x2CB8F,0xCB8F,byte-scan,mid-instruction,0x8011,0xCB2A,no,,0,24,not listed
0x2CB95,0xCB95,byte-scan,unreached-by-this-method,0x104D,0xCB2A,no,,24,0,not listed
0x2CBA7,0xCBA7,byte-scan,unreached-by-this-method,0xCCB7,0xCB2A,no,,24,0,not listed
0x2CBB0,0xCBB0,byte-scan+walk,decoded-lcall,0x9021,0xCBB0,yes,ret,24,0,not listed
0x2CBBC,0xCBBC,byte-scan+walk,decoded-lcall,0x9023,0xCBB0,yes,ret,24,0,not listed
0x2CBCD,0xCBCD,byte-scan+walk,decoded-lcall,0x9028,0xCBB0,yes,ret,23,1,not listed
0x2CBD9,0xCBD9,byte-scan+walk,decoded-lcall,0x9028,0xCBB0,yes,ret,23,1,not listed
0x2CBE5,0xCBE5,byte-scan+walk,decoded-lcall,0x9028,0xCBB0,yes,ret,24,0,not listed
0x2CC02,0xCC02,byte-scan+walk,decoded-lcall,0x9028,0xCBB0,yes,ret,24,0,not listed
0x2CC0C,0xCC0C,byte-scan+walk,decoded-lcall,0x90C0,0xCBB0,yes,ret,22,2,not listed
0x2CC17,0xCC17,byte-scan+walk,decoded-lcall,0x9028,0xCBB0,yes,ret,23,1,not listed
0x2CC21,0xCC21,byte-scan+walk,decoded-lcall,0x90C0,0xCBB0,yes,ret,24,0,not listed
0x2CC2C,0xCC2C,byte-scan+walk,decoded-lcall,0x9028,0xCBB0,yes,ret,23,1,not listed
0x2CC39,0xCC39,byte-scan+walk,decoded-lcall,0x122F,0xCC36,yes,tail jump to a callee,24,0,not listed
0x2CC3A,0xCC3A,byte-scan,operand,0x2F12,0xCC36,yes,,0,24,not listed
0x2CC3C,0xCC3C,byte-scan+walk,decoded-lcall,0x10E8,0xCC36,no,tail jump to a callee,23,1,not listed
0x2CC42,0xCC42,byte-scan+walk,decoded-lcall,0x122F,0xCC36,no,tail jump to a callee,24,0,not listed
0x2CC43,0xCC43,byte-scan,operand,0x2FEF,0xCC36,no,,0,24,not listed
0x2CC47,0xCC47,byte-scan+walk,decoded-lcall,0x90FF,0xCC36,no,tail jump to a callee,24,0,not listed
0x2CC4B,0xCC4B,byte-scan+walk,decoded-lcall,0x9024,0xCC36,no,tail jump to a callee,24,0,not listed
0x2CC52,0xCC52,byte-scan+walk,decoded-lcall,0x90FF,0xCC36,no,tail jump to a callee,24,0,not listed
0x2CC56,0xCC56,byte-scan+walk,decoded-lcall,0x10C8,0xCC36,no,tail jump to a callee,24,0,not listed
0x2CC5A,0xCC5A,byte-scan+walk,decoded-lcall,0x90FC,0xCC36,no,tail jump to a callee,24,0,not listed
0x2CC70,0xCC70,byte-scan+walk,decoded-lcall,0x90F3,0xCC36,no,tail jump to a callee,23,1,not listed
0x2CC74,0xCC74,byte-scan+walk,decoded-lcall,0x0C46,0xCC36,no,tail jump to a callee,24,0,not listed
0x2CC7A,0xCC7A,byte-scan+walk,decoded-lcall,0x90F6,0xCC36,no,tail jump to a callee,24,0,not listed
0x2CC90,0xCC90,byte-scan+walk,decoded-lcall,0x90F3,0xCC36,no,tail jump to a callee,24,0,not listed
0x2CC94,0xCC94,byte-scan+walk,decoded-lcall,0x90FC,0xCC36,no,tail jump to a callee,24,0,not listed
0x2CCAA,0xCCAA,byte-scan+walk,decoded-lcall,0x90F6,0xCC36,no,tail jump to a callee,24,0,not listed
0x2CCAE,0xCCAE,byte-scan+walk,decoded-lcall,0x0C46,0xCC36,no,tail jump to a callee,24,0,not listed
0x2CCB4,0xCCB4,byte-scan+walk,decoded-ljmp,0x122F,0xCC36,no,tail jump to a callee,24,0,not listed
0x2CCB5,0xCCB5,byte-scan,operand,0x2F90,0xCC36,no,,0,24,not listed
0x2CCCB,0xCCCB,byte-scan+walk,decoded-lcall,0x0FAF,0xCCB7,yes,tail jump to a callee,24,0,not listed
0x2CCCF,0xCCCF,byte-scan+walk,decoded-lcall,0x3883,0xCCB7,yes,tail jump to a callee,24,0,not listed
0x2CCD2,0xCCD2,byte-scan+walk,decoded-lcall,0x10BC,0xCCB7,yes,tail jump to a callee,24,0,not listed
0x2CCD6,0xCCD6,byte-scan+walk,decoded-lcall,0x349B,0xCCB7,no,tail jump to a callee,23,1,not listed
0x2CCD9,0xCCD9,byte-scan+walk,decoded-lcall,0x1041,0xCCB7,no,tail jump to a callee,24,0,not listed
0x2CCDC,0xCCDC,byte-scan+walk,decoded-lcall,0xF739,0xCCB7,no,tail jump to a callee,22,2,not listed
0x2CCEA,0xCCEA,byte-scan+walk,decoded-lcall,0x3497,0xCCB7,no,tail jump to a callee,24,0,not listed
0x2CCED,0xCCED,byte-scan+walk,decoded-lcall,0x38DA,0xCCB7,no,tail jump to a callee,24,0,not listed
0x2CCF3,0xCCF3,byte-scan+walk,decoded-lcall,0x3497,0xCCB7,no,tail jump to a callee,20,4,not listed
0x2CD02,0xCD02,byte-scan+walk,decoded-lcall,0x3497,0xCCB7,no,tail jump to a callee,24,0,not listed
0x2CD17,0xCD17,byte-scan+walk,decoded-lcall,0x34ED,0xCCB7,no,tail jump to a callee,22,2,not listed
0x2CD1B,0xCD1B,byte-scan+walk,decoded-lcall,0x349B,0xCCB7,no,tail jump to a callee,24,0,not listed
0x2CD2B,0xCD2B,byte-scan+walk,decoded-lcall,0x3716,0xCCB7,no,tail jump to a callee,24,0,not listed
0x2CD2F,0xCD2F,byte-scan+walk,decoded-lcall,0x349B,0xCCB7,no,tail jump to a callee,24,0,not listed
0x2CD34,0xCD34,byte-scan+walk,decoded-ljmp,0xF5EC,0xCCB7,no,tail jump to a callee,24,0,not listed
0x2CD37,0xCD37,byte-scan,unreached-by-this-method,0xC1DD,0xCCB7,no,,24,0,not listed
0x2CD3B,0xCD3B,byte-scan,unreached-by-this-method,0xC1EF,0xCCB7,no,,24,0,not listed
0x2CD41,0xCD41,byte-scan,unreached-by-this-method,0x1253,0xCCB7,no,,24,0,not listed
0x2CD42,0xCD42,byte-scan,mid-instruction,0x53E0,0xCCB7,no,,0,24,not listed
0x2CD4E,0xCD4E,byte-scan,unreached-by-this-method,0xC1B6,0xCCB7,no,,24,0,not listed
0x2CD51,0xCD51,byte-scan,unreached-by-this-method,0xC1D6,0xCCB7,no,,23,1,not listed
0x2CD5D,0xCD5D,byte-scan,unreached-by-this-method,0xC1D6,0xCCB7,no,,22,2,not listed
0x2CD71,0xCD71,byte-scan,unreached-by-this-method,0xC1D5,0xCCB7,no,,23,1,not listed
0x2CD8B,0xCD8B,byte-scan,mid-instruction,0x12C1,0xCCB7,no,,0,24,not listed
0x2CD8C,0xCD8C,byte-scan,unreached-by-this-method,0xC1D5,0xCCB7,no,,23,1,not listed
0x2CD9D,0xCD9D,byte-scan,unreached-by-this-method,0xC1D6,0xCCB7,no,,24,0,not listed
0x2CDB4,0xCDB4,byte-scan,unreached-by-this-method,0x122F,0xCCB7,no,,22,2,not listed
0x2CDB5,0xCDB5,byte-scan,unreached-by-this-method,0x2FA9,0xCCB7,no,,2,22,not listed
0x2CDB9,0xCDB9,byte-scan+walk,decoded-lcall,0x9799,0xCDB7,yes,ret,20,4,not listed
0x2CDBD,0xCDBD,byte-scan+walk,decoded-lcall,0x971C,0xCDB7,yes,ret,24,0,not listed
0x2CDC2,0xCDC2,byte-scan+walk,decoded-lcall,0x97A9,0xCDB7,yes,ret,24,0,not listed
0x2CDD3,0xCDD3,byte-scan,operand,0x03ED,0xCDB7,yes,,2,22,not listed
0x2CDDA,0xCDDA,byte-scan,operand,0x06ED,0xCDB7,yes,,0,24,not listed
0x2CDDF,0xCDDF,byte-scan,operand,0x8025,0xCDB7,yes,,0,24,not listed
0x2CDE7,0xCDE7,byte-scan,operand,0x602B,0xCDB7,yes,,0,24,not listed
0x2CDF0,0xCDF0,byte-scan,operand,0x0280,0xCDB7,yes,,0,24,not listed
0x2CDF1,0xCDF1,byte-scan,operand,0x8021,0xCDB7,yes,,0,24,not listed
0x2CE07,0xCE07,byte-scan+walk,decoded-lcall,0x97A9,0xCDB7,yes,ret,24,0,not listed
0x2CE15,0xCE15,byte-scan+walk,decoded-lcall,0x97A9,0xCDB7,yes,ret,24,0,not listed
0x2CE36,0xCE36,byte-scan+walk,decoded-lcall,0xA705,0xCDB7,no,tail jump to a callee,24,0,not listed
0x2CE3B,0xCE3B,byte-scan+walk,decoded-lcall,0xA70E,0xCDB7,no,tail jump to a callee,24,0,not listed
0x2CE3E,0xCE3E,byte-scan+walk,decoded-lcall,0xA771,0xCDB7,no,tail jump to a callee,24,0,not listed
0x2CE49,0xCE49,byte-scan+walk,decoded-lcall,0xF489,0xCDB7,no,tail jump to a callee,24,0,not listed
0x2CE4C,0xCE4C,byte-scan+walk,decoded-lcall,0xA684,0xCDB7,no,tail jump to a callee,22,2,not listed
0x2CE52,0xCE52,byte-scan,operand,0x803D,0xCDB7,no,,0,24,not listed
0x2CE58,0xCE58,byte-scan+walk,decoded-lcall,0x1253,0xCDB7,no,tail jump to a callee,24,0,not listed
0x2CE59,0xCE59,byte-scan,operand,0x53E0,0xCDB7,no,,0,24,not listed
0x2CE5F,0xCE5F,byte-scan+walk,decoded-lcall,0xA6DA,0xCDB7,no,tail jump to a callee,24,0,not listed
0x2CE62,0xCE62,byte-scan+walk,decoded-lcall,0xA6BC,0xCDB7,no,tail jump to a callee,23,1,not listed
0x2CE68,0xCE68,byte-scan,operand,0x8027,0xCDB7,no,,0,24,not listed
0x2CE6B,0xCE6B,byte-scan+walk,decoded-lcall,0xA6C2,0xCDB7,no,tail jump to a callee,24,0,not listed
0x2CE6F,0xCE6F,byte-scan+walk,decoded-lcall,0x104D,0xCDB7,no,tail jump to a callee,24,0,not listed
0x2CE76,0xCE76,byte-scan+walk,decoded-lcall,0xA781,0xCDB7,no,tail jump to a callee,24,0,not listed
0x2CE79,0xCE79,byte-scan+walk,decoded-lcall,0xA6C2,0xCDB7,no,tail jump to a callee,23,1,not listed
0x2CE7D,0xCE7D,byte-scan+walk,decoded-lcall,0xA6FE,0xCDB7,no,tail jump to a callee,24,0,not listed
0x2CE82,0xCE82,byte-scan+walk,decoded-lcall,0xA714,0xCDB7,no,tail jump to a callee,24,0,not listed
0x2CE85,0xCE85,byte-scan+walk,decoded-lcall,0xA792,0xCDB7,no,tail jump to a callee,24,0,not listed
0x2CE88,0xCE88,byte-scan+walk,decoded-lcall,0xA6DA,0xCDB7,no,tail jump to a callee,23,1,not listed
0x2CE8B,0xCE8B,byte-scan+walk,decoded-lcall,0xA6BC,0xCDB7,no,tail jump to a callee,23,1,not listed
0x2CE92,0xCE92,byte-scan+walk,decoded-lcall,0xECD4,0xCDB7,no,tail jump to a callee,24,0,not listed
0x2CE95,0xCE95,byte-scan+walk,decoded-lcall,0xA6C2,0xCDB7,no,tail jump to a callee,24,0,not listed
0x2CE9B,0xCE9B,byte-scan,operand,0x12A6,0xCDB7,no,,0,24,not listed
0x2CE9C,0xCE9C,byte-scan+walk,decoded-lcall,0xA6C2,0xCDB7,no,tail jump to a callee,23,1,not listed
0x2CE9F,0xCE9F,byte-scan+walk,decoded-lcall,0xA6E3,0xCDB7,no,tail jump to a callee,22,2,not listed
0x2CEA2,0xCEA2,byte-scan+walk,decoded-lcall,0xA6C2,0xCDB7,no,tail jump to a callee,24,0,not listed
0x2CEA6,0xCEA6,byte-scan+walk,decoded-lcall,0x1041,0xCDB7,no,tail jump to a callee,24,0,not listed
0x2CEAB,0xCEAB,byte-scan+walk,decoded-lcall,0xECD4,0xCDB7,no,tail jump to a callee,24,0,not listed
0x2CEB1,0xCEB1,byte-scan+walk,decoded-ljmp,0x122F,0xCDB7,no,tail jump to a callee,24,0,not listed
0x2CEB2,0xCEB2,byte-scan,operand,0x2F90,0xCDB7,no,,0,24,not listed
0x2CEBF,0xCEBF,byte-scan,unreached-by-this-method,0xB229,0xCDB7,no,,24,0,not listed
0x2CED6,0xCED6,byte-scan,unreached-by-this-method,0xB229,0xCDB7,no,,22,2,not listed
0x2CEF2,0xCEF2,byte-scan,unreached-by-this-method,0xB164,0xCDB7,no,,20,4,not listed
0x2CEF9,0xCEF9,byte-scan,unreached-by-this-method,0x0FAF,0xCDB7,no,,23,1,not listed
0x2CF05,0xCF05,byte-scan,unreached-by-this-method,0x1041,0xCDB7,no,,24,0,not listed
0x2CF08,0xCF08,byte-scan,unreached-by-this-method,0xF739,0xCDB7,no,,22,2,not listed
0x2CF16,0xCF16,byte-scan,unreached-by-this-method,0x10BC,0xCDB7,no,,24,0,not listed
0x2CF1E,0xCF1E,byte-scan,unreached-by-this-method,0x1041,0xCDB7,no,,24,0,not listed
0x2CF27,0xCF27,byte-scan,unreached-by-this-method,0xC901,0xCDB7,no,,23,1,not listed
0x2CF3D,0xCF3D,byte-scan,unreached-by-this-method,0x0FAF,0xCDB7,no,,24,0,not listed
0x2CF43,0xCF43,byte-scan,unreached-by-this-method,0x9B33,0xCDB7,no,,23,1,not listed
0x2CF48,0xCF48,byte-scan,unreached-by-this-method,0xCF96,0xCDB7,no,,24,0,not listed
0x2CF4F,0xCF4F,byte-scan,unreached-by-this-method,0x9B40,0xCDB7,no,,24,0,not listed
0x2CF52,0xCF52,byte-scan,unreached-by-this-method,0x0FAF,0xCDB7,no,,22,2,not listed
0x2CF56,0xCF56,byte-scan,unreached-by-this-method,0x9B38,0xCDB7,no,,24,0,not listed
0x2CF5B,0xCF5B,byte-scan,unreached-by-this-method,0xF739,0xCDB7,no,,24,0,not listed
0x2CF66,0xCF66,byte-scan,unreached-by-this-method,0x9B40,0xCDB7,no,,24,0,not listed
0x2CF69,0xCF69,byte-scan,unreached-by-this-method,0x0FAF,0xCDB7,no,,22,2,not listed
0x2CF6C,0xCF6C,byte-scan,unreached-by-this-method,0x0F00,0xCDB7,no,,20,4,not listed
0x2CF6F,0xCF6F,byte-scan,unreached-by-this-method,0x0DBC,0xCDB7,no,,24,0,not listed
0x2CF73,0xCF73,byte-scan,unreached-by-this-method,0x9B38,0xCDB7,no,,22,2,not listed
0x2CF7E,0xCF7E,byte-scan,unreached-by-this-method,0x9BCE,0xCDB7,no,,24,0,not listed
0x2CF8B,0xCF8B,byte-scan,unreached-by-this-method,0xCF96,0xCDB7,no,,24,0,not listed
0x2CF9B,0xCF9B,byte-scan,unreached-by-this-method,0xF755,0xCDB7,no,,24,0,not listed
0x2CFA3,0xCFA3,byte-scan+walk,decoded-lcall,0x1041,0xCFA0,yes,ret,24,0,not listed
0x2CFA6,0xCFA6,byte-scan+walk,decoded-lcall,0x9850,0xCFA0,yes,ret,22,2,not listed
0x2CFA9,0xCFA9,byte-scan+walk,decoded-lcall,0x991A,0xCFA0,yes,ret,20,4,not listed
0x2CFB3,0xCFB3,byte-scan+walk,decoded-lcall,0x0FAF,0xCFA0,yes,ret,24,0,not listed
0x2CFB8,0xCFB8,byte-scan+walk,decoded-lcall,0x0F1F,0xCFA0,yes,ret,24,0,not listed
0x2CFBC,0xCFBC,byte-scan+walk,decoded-lcall,0x9958,0xCFA0,yes,ret,24,0,not listed
0x2CFC0,0xCFC0,byte-scan+walk,decoded-lcall,0x0C58,0xCFA0,yes,ret,24,0,not listed
0x2CFD7,0xCFD7,byte-scan+walk,decoded-lcall,0x0C58,0xCFA0,yes,ret,24,0,not listed
0x2CFDA,0xCFDA,byte-scan+walk,decoded-lcall,0xF598,0xCFA0,yes,ret,24,0,not listed
0x2CFE2,0xCFE2,byte-scan+walk,decoded-lcall,0x9850,0xCFA0,yes,ret,24,0,not listed
0x2CFE6,0xCFE6,byte-scan+walk,decoded-lcall,0x995F,0xCFA0,yes,ret,24,0,not listed
0x2CFEB,0xCFEB,byte-scan+walk,decoded-lcall,0x984D,0xCFA0,yes,ret,23,1,not listed
0x2CFEE,0xCFEE,byte-scan+walk,decoded-lcall,0x9958,0xCFA0,yes,ret,24,0,not listed
0x2CFF1,0xCFF1,byte-scan+walk,decoded-lcall,0x9849,0xCFA0,yes,ret,24,0,not listed
0x2CFF4,0xCFF4,byte-scan+walk,decoded-lcall,0x10FD,0xCFA0,yes,ret,24,0,not listed
0x2CFFA,0xCFFA,byte-scan+walk,decoded-lcall,0x0BC4,0xCFA0,yes,ret,21,3,not listed
0x2CFFE,0xCFFE,byte-scan+walk,decoded-lcall,0xEEAE,0xCFA0,yes,ret,24,0,not listed
0x2D004,0xD004,byte-scan+walk,decoded-lcall,0x9850,0xCFA0,yes,ret,24,0,not listed
0x2D008,0xD008,byte-scan+walk,decoded-lcall,0x995F,0xCFA0,yes,ret,24,0,not listed
0x2D00D,0xD00D,byte-scan+walk,decoded-lcall,0xEEAE,0xCFA0,yes,ret,23,1,not listed
0x2D022,0xD022,byte-scan+walk,decoded-lcall,0x714F,0xD013,yes,loop back to 0xD084,24,0,not listed
0x2D029,0xD029,byte-scan+walk,decoded-lcall,0x0FAF,0xD013,yes,loop back to 0xD084,23,1,not listed
0x2D02E,0xD02E,byte-scan,operand,0xFFEC,0xD013,yes,,0,24,not listed
0x2D035,0xD035,byte-scan+walk,decoded-lcall,0x7063,0xD013,yes,loop back to 0xD084,24,0,not listed
0x2D042,0xD042,byte-scan+walk,decoded-lcall,0x7014,0xD013,yes,loop back to 0xD084,23,1,not listed
0x2D049,0xD049,byte-scan+walk,decoded-lcall,0x714F,0xD013,yes,loop back to 0xD084,23,1,not listed
0x2D050,0xD050,byte-scan+walk,decoded-lcall,0x0FAF,0xD013,yes,loop back to 0xD084,23,1,not listed
0x2D05C,0xD05C,byte-scan+walk,decoded-lcall,0x7063,0xD013,yes,loop back to 0xD084,24,0,not listed
0x2D069,0xD069,byte-scan+walk,decoded-lcall,0x7014,0xD013,yes,loop back to 0xD084,24,0,not listed
0x2D06E,0xD06E,byte-scan+walk,decoded-lcall,0x718D,0xD013,yes,loop back to 0xD084,24,0,not listed
0x2D071,0xD071,byte-scan+walk,decoded-lcall,0xF4AB,0xD013,yes,loop back to 0xD084,23,1,not listed
0x2D077,0xD077,byte-scan+walk,decoded-lcall,0x6FAD,0xD013,yes,loop back to 0xD084,24,0,not listed
0x2D081,0xD081,byte-scan+walk,decoded-lcall,0xBBE7,0xD013,yes,loop back to 0xD084,24,0,not listed
0x2D095,0xD095,byte-scan+walk,decoded-lcall,0x0CF7,0xD085,yes,ret,22,2,not listed
0x2D0AF,0xD0AF,byte-scan+walk,decoded-lcall,0xB159,0xD085,yes,ret,24,0,not listed
0x2D0B2,0xD0B2,byte-scan+walk,decoded-lcall,0x104D,0xD085,yes,ret,24,0,not listed
0x2D0C1,0xD0C1,byte-scan+walk,decoded-lcall,0xD29B,0xD085,no,ret,24,0,not listed
0x2D0C4,0xD0C4,byte-scan+walk,decoded-lcall,0xB15A,0xD085,no,ret,24,0,not listed
0x2D0C7,0xD0C7,byte-scan+walk,decoded-lcall,0x104D,0xD085,no,ret,24,0,not listed
0x2D0D6,0xD0D6,byte-scan+walk,decoded-lcall,0xC3A5,0xD085,no,ret,24,0,not listed
0x2D0EC,0xD0EC,byte-scan+walk,decoded-lcall,0x0180,0xD085,no,ret,24,0,not listed
0x2D101,0xD101,byte-scan+walk,decoded-lcall,0xB074,0xD0F0,yes,ret,24,0,not listed
0x2D112,0xD112,byte-scan+walk,decoded-lcall,0xB074,0xD0F0,yes,ret,24,0,not listed
0x2D120,0xD120,byte-scan+walk,decoded-lcall,0x9740,0xD0F0,yes,ret,24,0,not listed
0x2D136,0xD136,byte-scan+walk,decoded-lcall,0xB074,0xD0F0,yes,ret,23,1,not listed
0x2D144,0xD144,byte-scan+walk,decoded-lcall,0x97D5,0xD0F0,yes,ret,24,0,not listed
0x2D14F,0xD14F,byte-scan+walk,decoded-lcall,0xB074,0xD0F0,yes,ret,22,2,not listed
0x2D15B,0xD15B,byte-scan,unreached-by-this-method,0x9850,0xD0F0,no,,24,0,not listed
0x2D15E,0xD15E,byte-scan,unreached-by-this-method,0x10FD,0xD0F0,no,,22,2,not listed
0x2D164,0xD164,byte-scan,unreached-by-this-method,0x9849,0xD0F0,no,,24,0,not listed
0x2D167,0xD167,byte-scan,unreached-by-this-method,0x10FD,0xD0F0,no,,24,0,not listed
0x2D16D,0xD16D,byte-scan,unreached-by-this-method,0x9849,0xD0F0,no,,24,0,not listed
0x2D170,0xD170,byte-scan,unreached-by-this-method,0x988F,0xD0F0,no,,24,0,not listed
0x2D174,0xD174,byte-scan,unreached-by-this-method,0x9873,0xD0F0,no,,24,0,not listed
0x2D17A,0xD17A,byte-scan,unreached-by-this-method,0x9850,0xD0F0,no,,24,0,not listed
0x2D183,0xD183,byte-scan,unreached-by-this-method,0x0D8F,0xD0F0,no,,24,0,not listed
0x2D186,0xD186,byte-scan,unreached-by-this-method,0x9947,0xD0F0,no,,22,2,not listed
0x2D191,0xD191,byte-scan,unreached-by-this-method,0x0D70,0xD0F0,no,,24,0,not listed
0x2D197,0xD197,byte-scan,unreached-by-this-method,0x9909,0xD0F0,no,,24,0,not listed
0x2D19D,0xD19D,byte-scan,unreached-by-this-method,0x9909,0xD0F0,no,,24,0,not listed
0x2D1A3,0xD1A3,byte-scan,unreached-by-this-method,0x9909,0xD0F0,no,,23,1,not listed
0x2D1A6,0xD1A6,byte-scan,unreached-by-this-method,0x9850,0xD0F0,no,,24,0,not listed
0x2D1A9,0xD1A9,byte-scan,unreached-by-this-method,0x991A,0xD0F0,no,,22,2,not listed
0x2D1B0,0xD1B0,byte-scan,unreached-by-this-method,0x9947,0xD0F0,no,,24,0,not listed
0x2D1BA,0xD1BA,byte-scan,unreached-by-this-method,0x0D70,0xD0F0,no,,24,0,not listed
0x2D1BD,0xD1BD,byte-scan,unreached-by-this-method,0x9860,0xD0F0,no,,22,2,not listed
0x2D1C2,0xD1C2,byte-scan,unreached-by-this-method,0xCFA0,0xD0F0,no,,19,5,not listed
0x2D1C6,0xD1C6,byte-scan,unreached-by-this-method,0xF589,0xD0F0,no,,24,0,not listed
0x2D1CC,0xD1CC,byte-scan,unreached-by-this-method,0x9850,0xD0F0,no,,24,0,not listed
0x2D1CF,0xD1CF,byte-scan,unreached-by-this-method,0x9898,0xD0F0,no,,22,2,not listed
0x2D1D4,0xD1D4,byte-scan,mid-instruction,0x6004,0xD0F0,no,,0,24,not listed
0x2D1DB,0xD1DB,byte-scan,unreached-by-this-method,0xC590,0xD0F0,no,,24,0,not listed
0x2D1DE,0xD1DE,byte-scan,unreached-by-this-method,0x98CD,0xD0F0,no,,23,1,not listed
0x2D1E3,0xD1E3,byte-scan,unreached-by-this-method,0x9868,0xD0F0,no,,24,0,not listed
0x2D1EA,0xD1EA,byte-scan,unreached-by-this-method,0x9850,0xD0F0,no,,23,1,not listed
0x2D1F0,0xD1F0,byte-scan,unreached-by-this-method,0x0BC4,0xD0F0,no,,24,0,not listed
0x2D1F8,0xD1F8,byte-scan,mid-instruction,0x7033,0xD0F0,no,,0,24,not listed
0x2D201,0xD201,byte-scan,unreached-by-this-method,0xF160,0xD0F0,no,,24,0,not listed
0x2D210,0xD210,byte-scan,unreached-by-this-method,0x0FCB,0xD0F0,no,,24,0,not listed
0x2D214,0xD214,byte-scan,unreached-by-this-method,0x0F0E,0xD0F0,no,,24,0,not listed
0x2D219,0xD219,byte-scan,unreached-by-this-method,0x9861,0xD0F0,no,,24,0,not listed
0x2D220,0xD220,byte-scan,unreached-by-this-method,0x9850,0xD0F0,no,,24,0,not listed
0x2D226,0xD226,byte-scan,unreached-by-this-method,0x9859,0xD0F0,no,,20,4,not listed
0x2D22B,0xD22B,byte-scan,unreached-by-this-method,0xCFA0,0xD0F0,no,,23,1,not listed
0x2D234,0xD234,byte-scan,unreached-by-this-method,0x10E8,0xD0F0,no,,24,0,not listed
0x2D23A,0xD23A,byte-scan,unreached-by-this-method,0x1041,0xD0F0,no,,24,0,not listed
0x2D240,0xD240,byte-scan,unreached-by-this-method,0x0FAF,0xD0F0,no,,20,4,not listed
0x2D245,0xD245,byte-scan,unreached-by-this-method,0x0F32,0xD0F0,no,,17,7,not listed
0x2D258,0xD258,byte-scan,unreached-by-this-method,0x0FAF,0xD0F0,no,,22,2,not listed
0x2D25D,0xD25D,byte-scan,unreached-by-this-method,0x0F32,0xD0F0,no,,24,0,not listed
0x2D263,0xD263,byte-scan,mid-instruction,0xD001,0xD0F0,no,,0,24,not listed
0x2D268,0xD268,byte-scan,unreached-by-this-method,0x0EF3,0xD0F0,no,,24,0,not listed
0x2D276,0xD276,byte-scan,unreached-by-this-method,0x0FAF,0xD0F0,no,,24,0,not listed
0x2D27B,0xD27B,byte-scan,unreached-by-this-method,0x0F32,0xD0F0,no,,24,0,not listed
0x2D281,0xD281,byte-scan,mid-instruction,0xD001,0xD0F0,no,,0,24,not listed
0x2D286,0xD286,byte-scan,unreached-by-this-method,0x0EF3,0xD0F0,no,,24,0,not listed
0x2D28C,0xD28C,byte-scan,unreached-by-this-method,0x0FCB,0xD0F0,no,,24,0,not listed
0x2D28F,0xD28F,byte-scan,unreached-by-this-method,0x0EF3,0xD0F0,no,,24,0,not listed
0x2D295,0xD295,byte-scan,unreached-by-this-method,0x10C8,0xD0F0,no,,24,0,not listed
0x2D298,0xD298,byte-scan,unreached-by-this-method,0x0F95,0xD0F0,no,,23,1,not listed
0x2D29B,0xD29B,byte-scan+walk,decoded-lcall,0xA705,0xD0F0,no,tail jump to a callee,21,3,not listed
0x2D29E,0xD29E,byte-scan+walk,decoded-lcall,0xA771,0xD0F0,no,tail jump to a callee,23,1,not listed
0x2D2A9,0xD2A9,byte-scan+walk,decoded-lcall,0xF489,0xD0F0,no,tail jump to a callee,24,0,not listed
0x2D2AC,0xD2AC,byte-scan+walk,decoded-lcall,0xA684,0xD0F0,no,tail jump to a callee,22,2,not listed
0x2D2B2,0xD2B2,byte-scan,operand,0x802D,0xD0F0,no,,0,24,not listed
0x2D2B5,0xD2B5,byte-scan+walk,decoded-lcall,0xA6C2,0xD0F0,no,tail jump to a callee,24,0,not listed
0x2D2B9,0xD2B9,byte-scan+walk,decoded-lcall,0x104D,0xD0F0,no,tail jump to a callee,24,0,not listed
0x2D2C3,0xD2C3,byte-scan+walk,decoded-lcall,0xA784,0xD0F0,no,tail jump to a callee,24,0,not listed
0x2D2C6,0xD2C6,byte-scan+walk,decoded-lcall,0xA6C2,0xD0F0,no,tail jump to a callee,24,0,not listed
0x2D2CA,0xD2CA,byte-scan+walk,decoded-lcall,0xA6FE,0xD0F0,no,tail jump to a callee,24,0,not listed
0x2D2D2,0xD2D2,byte-scan+walk,decoded-lcall,0xA717,0xD0F0,no,tail jump to a callee,24,0,not listed
0x2D2D5,0xD2D5,byte-scan+walk,decoded-lcall,0xA792,0xD0F0,no,tail jump to a callee,24,0,not listed
0x2D2D8,0xD2D8,byte-scan+walk,decoded-lcall,0xA6DA,0xD0F0,no,tail jump to a callee,23,1,not listed
0x2D2DB,0xD2DB,byte-scan+walk,decoded-lcall,0xA6BC,0xD0F0,no,tail jump to a callee,23,1,not listed
0x2D2E2,0xD2E2,byte-scan+walk,decoded-lcall,0xECD4,0xD0F0,no,tail jump to a callee,24,0,not listed
0x2D2E5,0xD2E5,byte-scan+walk,decoded-lcall,0xA6C2,0xD0F0,no,tail jump to a callee,24,0,not listed
0x2D2EB,0xD2EB,byte-scan,operand,0x12A6,0xD0F0,no,,0,24,not listed
0x2D2EC,0xD2EC,byte-scan+walk,decoded-lcall,0xA6C2,0xD0F0,no,tail jump to a callee,23,1,not listed
0x2D2EF,0xD2EF,byte-scan+walk,decoded-lcall,0xA6E3,0xD0F0,no,tail jump to a callee,22,2,not listed
0x2D2F2,0xD2F2,byte-scan+walk,decoded-lcall,0xA6C2,0xD0F0,no,tail jump to a callee,24,0,not listed
0x2D2F6,0xD2F6,byte-scan+walk,decoded-lcall,0x1041,0xD0F0,no,tail jump to a callee,24,0,not listed
0x2D2FB,0xD2FB,byte-scan+walk,decoded-lcall,0xECD4,0xD0F0,no,tail jump to a callee,21,3,not listed
0x2D301,0xD301,byte-scan+walk,decoded-ljmp,0x122F,0xD0F0,no,tail jump to a callee,24,0,not listed
0x2D302,0xD302,byte-scan,operand,0x2FAE,0xD0F0,no,,0,24,not listed
0x2D30D,0xD30D,byte-scan,unreached-by-this-method,0x9C1B,0xD0F0,no,,24,0,not listed
0x2D315,0xD315,byte-scan,unreached-by-this-method,0x10C8,0xD0F0,no,,22,2,not listed
0x2D31F,0xD31F,byte-scan,unreached-by-this-method,0x9C1B,0xD0F0,no,,22,2,not listed
0x2D322,0xD322,byte-scan,unreached-by-this-method,0x10E8,0xD0F0,no,,24,0,not listed
0x2D32C,0xD32C,byte-scan,unreached-by-this-method,0x9C1B,0xD0F0,no,,24,0,not listed
0x2D333,0xD333,byte-scan,unreached-by-this-method,0x9D39,0xD0F0,no,,24,0,not listed
0x2D336,0xD336,byte-scan,unreached-by-this-method,0x9C1B,0xD0F0,no,,24,0,not listed
0x2D33E,0xD33E,byte-scan,unreached-by-this-method,0x9D40,0xD0F0,no,,22,2,not listed
0x2D344,0xD344,byte-scan,unreached-by-this-method,0x9C1B,0xD0F0,no,,24,0,not listed
0x2D34C,0xD34C,byte-scan,unreached-by-this-method,0x9CAF,0xD0F0,no,,22,2,not listed
0x2D352,0xD352,byte-scan,unreached-by-this-method,0x9C1B,0xD0F0,no,,18,6,not listed
0x2D35D,0xD35D,byte-scan,unreached-by-this-method,0x9CAF,0xD0F0,no,,22,2,not listed
0x2D363,0xD363,byte-scan,unreached-by-this-method,0x9C1B,0xD0F0,no,,18,6,not listed
0x2D389,0xD389,byte-scan,operand,0xF012,0xD0F0,no,,0,24,not listed
0x2D38B,0xD38B,byte-scan+walk,decoded-lcall,0xA6CD,0xD0F0,no,ret,23,1,not listed
0x2D3C7,0xD3C7,byte-scan+walk,decoded-lcall,0xA6CD,0xD0F0,no,ret,24,0,not listed
0x2D3DB,0xD3DB,byte-scan+walk,decoded-lcall,0x104D,0xD0F0,no,loop back to 0xD434,24,0,not listed
0x2D3F5,0xD3F5,byte-scan+walk,decoded-lcall,0xB1A7,0xD0F0,no,loop back to 0xD434,24,0,not listed
0x2D402,0xD402,byte-scan+walk,decoded-lcall,0xB1A7,0xD0F0,no,loop back to 0xD434,23,1,not listed
0x2D414,0xD414,byte-scan+walk,decoded-lcall,0xEA93,0xD0F0,no,loop back to 0xD434,24,0,not listed
0x2D417,0xD417,byte-scan+walk,decoded-lcall,0xB1A7,0xD0F0,no,loop back to 0xD434,24,0,not listed
0x2D421,0xD421,byte-scan+walk,decoded-lcall,0xB174,0xD0F0,no,loop back to 0xD434,24,0,not listed
0x2D42D,0xD42D,byte-scan+walk,decoded-lcall,0xB174,0xD0F0,no,loop back to 0xD434,24,0,not listed
0x2D43C,0xD43C,byte-scan,operand,0xE022,0xD435,yes,,0,24,not listed
0x2D43F,0xD43F,byte-scan+walk,decoded-lcall,0xC20C,0xD435,yes,ret,24,0,not listed
0x2D447,0xD447,byte-scan+walk,decoded-lcall,0x122F,0xD435,yes,ret,24,0,not listed
0x2D448,0xD448,byte-scan,operand,0x2F12,0xD435,yes,,0,24,not listed
0x2D44A,0xD44A,byte-scan+walk,decoded-lcall,0x104D,0xD435,yes,ret,23,1,not listed
0x2D456,0xD456,byte-scan+walk,decoded-lcall,0xDFB2,0xD435,yes,ret,24,0,not listed
0x2D461,0xD461,byte-scan+walk,decoded-lcall,0xC20C,0xD435,yes,ret,24,0,not listed
0x2D47B,0xD47B,byte-scan+walk,decoded-lcall,0x122F,0xD435,no,ret,24,0,not listed
0x2D47C,0xD47C,byte-scan,operand,0x2F12,0xD435,no,,0,24,not listed
0x2D47E,0xD47E,byte-scan+walk,decoded-lcall,0x104D,0xD435,no,ret,23,1,not listed
0x2D487,0xD487,byte-scan+walk,decoded-ljmp,0xDFB2,0xD435,no,ret,24,0,not listed
0x2D4B2,0xD4B2,byte-scan,unreached-by-this-method,0x7F00,0xD435,no,,1,23,not listed
0x2D4C1,0xD4C1,byte-scan,unreached-by-this-method,0x9C8F,0xD435,no,,22,2,not listed
0x2D4CB,0xD4CB,byte-scan,unreached-by-this-method,0x9C8A,0xD435,no,,22,2,not listed
0x2D4DB,0xD4DB,byte-scan,mid-instruction,0x7F01,0xD435,no,,0,24,not listed
0x2D507,0xD507,byte-scan,mid-instruction,0xF090,0xD435,no,,0,24,not listed
0x2D50D,0xD50D,byte-scan,unreached-by-this-method,0x350B,0xD435,no,,24,0,not listed
0x2D51A,0xD51A,byte-scan,mid-instruction,0xF012,0xD435,no,,0,24,not listed
0x2D51C,0xD51C,byte-scan,unreached-by-this-method,0xF739,0xD435,no,,23,1,not listed
0x2D52A,0xD52A,byte-scan,unreached-by-this-method,0x3497,0xD435,no,,24,0,not listed
0x2D52D,0xD52D,byte-scan,unreached-by-this-method,0x1041,0xD435,no,,24,0,not listed
0x2D54A,0xD54A,byte-scan,mid-instruction,0xF090,0xD435,no,,0,24,not listed
0x2D556,0xD556,byte-scan,unreached-by-this-method,0xF686,0xD435,no,,24,0,not listed
0x2D576,0xD576,byte-scan,unreached-by-this-method,0x1041,0xD435,no,,24,0,not listed
0x2D57E,0xD57E,byte-scan,unreached-by-this-method,0x9BAC,0xD435,no,,24,0,not listed
0x2D586,0xD586,byte-scan,unreached-by-this-method,0x9AFB,0xD435,no,,24,0,not listed
0x2D590,0xD590,byte-scan,unreached-by-this-method,0x9BA1,0xD435,no,,23,1,not listed
0x2D597,0xD597,byte-scan,unreached-by-this-method,0x9B5F,0xD435,no,,23,1,not listed
0x2D59C,0xD59C,byte-scan,unreached-by-this-method,0xA210,0xD435,no,,24,0,not listed
0x2D5A4,0xD5A4,byte-scan,unreached-by-this-method,0xF22E,0xD435,no,,24,0,not listed
0x2D5AF,0xD5AF,byte-scan,unreached-by-this-method,0x9E86,0xD435,no,,24,0,not listed
0x2D5B8,0xD5B8,byte-scan,unreached-by-this-method,0x9C07,0xD435,no,,24,0,not listed
0x2D5BB,0xD5BB,byte-scan,unreached-by-this-method,0x9AD5,0xD435,no,,24,0,not listed
0x2D5C2,0xD5C2,byte-scan,unreached-by-this-method,0xDB39,0xD435,no,,24,0,not listed
0x2D5C5,0xD5C5,byte-scan,unreached-by-this-method,0x9ADD,0xD435,no,,24,0,not listed
0x2D5C8,0xD5C8,byte-scan,unreached-by-this-method,0xD60D,0xD435,no,,22,2,not listed
0x2D5CD,0xD5CD,byte-scan,unreached-by-this-method,0x0F32,0xD435,no,,24,0,not listed
0x2D5D8,0xD5D8,byte-scan,unreached-by-this-method,0x9ADD,0xD435,no,,24,0,not listed
0x2D5DB,0xD5DB,byte-scan,unreached-by-this-method,0xD60D,0xD435,no,,22,2,not listed
0x2D5E0,0xD5E0,byte-scan,unreached-by-this-method,0x0F32,0xD435,no,,23,1,not listed
0x2D5E6,0xD5E6,byte-scan,mid-instruction,0xD001,0xD435,no,,0,24,not listed
0x2D5EB,0xD5EB,byte-scan,unreached-by-this-method,0x0EF3,0xD435,no,,24,0,not listed
0x2D5F2,0xD5F2,byte-scan,unreached-by-this-method,0x9ADD,0xD435,no,,24,0,not listed
0x2D5F6,0xD5F6,byte-scan,unreached-by-this-method,0x10C8,0xD435,no,,24,0,not listed
0x2D5F9,0xD5F9,byte-scan,unreached-by-this-method,0x0F95,0xD435,no,,23,1,not listed
0x2D5FF,0xD5FF,byte-scan,unreached-by-this-method,0x9BF3,0xD435,no,,24,0,not listed
0x2D604,0xD604,byte-scan,unreached-by-this-method,0x0C46,0xD435,no,,23,1,not listed
0x2D60A,0xD60A,byte-scan,unreached-by-this-method,0x122F,0xD435,no,,24,0,not listed
0x2D60B,0xD60B,byte-scan,mid-instruction,0x2FE0,0xD435,no,,0,24,not listed
0x2D60F,0xD60F,byte-scan,unreached-by-this-method,0xF794,0xD435,no,,24,0,not listed
0x2D68A,0xD68A,byte-scan,mid-instruction,0x13ED,0xD435,no,,0,24,not listed
0x2D68E,0xD68E,byte-scan,mid-instruction,0x0F90,0xD435,no,,0,24,not listed
0x2D693,0xD693,byte-scan,unreached-by-this-method,0x3509,0xD435,no,,24,0,not listed
0x2D697,0xD697,byte-scan,mid-instruction,0xF0FD,0xD435,no,,0,24,not listed
0x2D69A,0xD69A,byte-scan,unreached-by-this-method,0xF686,0xD435,no,,24,0,not listed
0x2D6A3,0xD6A3,byte-scan,unreached-by-this-method,0x350B,0xD435,no,,24,0,not listed
0x2D6AE,0xD6AE,byte-scan,unreached-by-this-method,0xE5B3,0xD435,no,,24,0,not listed
0x2D6B4,0xD6B4,byte-scan,unreached-by-this-method,0x3509,0xD435,no,,24,0,not listed
0x2D6BB,0xD6BB,byte-scan,mid-instruction,0x067A,0xD435,no,,0,24,not listed
0x2D6C7,0xD6C7,byte-scan,unreached-by-this-method,0x352C,0xD435,no,,22,2,not listed
0x2D6CC,0xD6CC,byte-scan,unreached-by-this-method,0x366E,0xD435,no,,24,0,not listed
0x2D6CF,0xD6CF,byte-scan,unreached-by-this-method,0xF4AB,0xD435,no,,24,0,not listed
0x2D6D5,0xD6D5,byte-scan,unreached-by-this-method,0x585C,0xD435,no,,24,0,not listed
0x2D6E2,0xD6E2,byte-scan,unreached-by-this-method,0x56A0,0xD6E0,no,,24,0,not listed
0x2D6E5,0xD6E5,byte-scan,unreached-by-this-method,0x5765,0xD6E0,no,,22,2,not listed
0x2D6F8,0xD6F8,byte-scan,unreached-by-this-method,0x56DC,0xD6E0,no,,24,0,not listed
0x2D70C,0xD70C,byte-scan,unreached-by-this-method,0x0D38,0xD6E0,no,,24,0,not listed
0x2D726,0xD726,byte-scan,unreached-by-this-method,0x0CE1,0xD6E0,no,,22,2,not listed
0x2D737,0xD737,byte-scan+walk,decoded-lcall,0xAD58,0xD72E,yes,tail jump to a callee,23,1,not listed
0x2D741,0xD741,byte-scan,operand,0x12F4,0xD72E,yes,,0,24,not listed
0x2D742,0xD742,byte-scan+walk,decoded-lcall,0xF4AB,0xD72E,yes,tail jump to a callee,23,1,not listed
0x2D748,0xD748,byte-scan+walk,decoded-lcall,0xACD1,0xD72E,yes,tail jump to a callee,19,5,not listed
0x2D754,0xD754,byte-scan+walk,decoded-lcall,0x104D,0xD72E,yes,tail jump to a callee,24,0,not listed
0x2D75F,0xD75F,byte-scan+walk,decoded-lcall,0xA339,0xD72E,yes,tail jump to a callee,23,1,not listed
0x2D765,0xD765,byte-scan+walk,decoded-lcall,0x104D,0xD72E,yes,tail jump to a callee,24,0,not listed
0x2D773,0xD773,byte-scan+walk,decoded-lcall,0xC24E,0xD72E,yes,tail jump to a callee,23,1,not listed
0x2D782,0xD782,byte-scan+walk,decoded-lcall,0xAD67,0xD72E,yes,tail jump to a callee,24,0,not listed
0x2D787,0xD787,byte-scan+walk,decoded-ljmp,0xC755,0xD72E,yes,tail jump to a callee,24,0,not listed
0x2D7A2,0xD7A2,byte-scan+walk,decoded-lcall,0xB21E,0xD78A,yes,ret,24,0,not listed
0x2D7C0,0xD7C0,byte-scan+walk,decoded-lcall,0xB21E,0xD78A,yes,ret,24,0,not listed
0x2D7EF,0xD7EF,byte-scan+walk,decoded-lcall,0x9024,0xD78A,no,tail jump to a callee,24,0,not listed
0x2D7F5,0xD7F5,byte-scan+walk,decoded-lcall,0x0C46,0xD78A,no,tail jump to a callee,23,1,not listed
0x2D7F8,0xD7F8,byte-scan+walk,decoded-lcall,0x0BAB,0xD78A,no,tail jump to a callee,24,0,not listed
0x2D80D,0xD80D,byte-scan+walk,decoded-lcall,0x9028,0xD78A,no,tail jump to a callee,24,0,not listed
0x2D815,0xD815,byte-scan+walk,decoded-lcall,0x916D,0xD78A,no,tail jump to a callee,24,0,not listed
0x2D81B,0xD81B,byte-scan+walk,decoded-lcall,0xE50A,0xD78A,no,tail jump to a callee,24,0,not listed
0x2D821,0xD821,byte-scan+walk,decoded-lcall,0x10C8,0xD78A,no,tail jump to a callee,24,0,not listed
0x2D825,0xD825,byte-scan+walk,decoded-lcall,0x0C46,0xD78A,no,tail jump to a callee,24,0,not listed
0x2D828,0xD828,byte-scan+walk,decoded-lcall,0x916D,0xD78A,no,tail jump to a callee,24,0,not listed
0x2D830,0xD830,byte-scan+walk,decoded-lcall,0xE50A,0xD78A,no,tail jump to a callee,24,0,not listed
0x2D836,0xD836,byte-scan+walk,decoded-lcall,0x10C8,0xD78A,no,tail jump to a callee,24,0,not listed
0x2D83A,0xD83A,byte-scan+walk,decoded-ljmp,0x0C46,0xD78A,no,tail jump to a callee,24,0,not listed
0x2D85D,0xD85D,byte-scan+walk,decoded-lcall,0x06B1,0xD83D,yes,loop back to 0xD87E,24,0,not listed
0x2D868,0xD868,byte-scan+walk,decoded-lcall,0x05A6,0xD83D,yes,loop back to 0xD87E,24,0,not listed
0x2D86B,0xD86B,byte-scan+walk,decoded-lcall,0x06EA,0xD83D,yes,loop back to 0xD87E,23,1,not listed
0x2D875,0xD875,byte-scan,operand,0xA3E0,0xD83D,yes,,0,24,not listed
0x2D892,0xD892,byte-scan+walk,decoded-lcall,0x1041,0xD83D,yes,loop back to 0xD87E,24,0,not listed
0x2D897,0xD897,byte-scan,unreached-by-this-method,0xB18F,0xD83D,no,,24,0,not listed
0x2D8AD,0xD8AD,byte-scan,unreached-by-this-method,0x0FAF,0xD83D,no,,24,0,not listed
0x2D8BE,0xD8BE,byte-scan,unreached-by-this-method,0x0F0E,0xD83D,no,,24,0,not listed
0x2D8C6,0xD8C6,byte-scan,unreached-by-this-method,0x7F00,0xD83D,no,,1,23,not listed
0x2D8F4,0xD8F4,byte-scan+walk,decoded-lcall,0x0FAF,0xD8EE,yes,ret,24,0,not listed
0x2D901,0xD901,byte-scan+walk,decoded-lcall,0x0FAF,0xD8EE,yes,ret,24,0,not listed
0x2D90E,0xD90E,byte-scan+walk,decoded-lcall,0xC0EF,0xD8EE,yes,ret,24,0,not listed
0x2D920,0xD920,byte-scan+walk,decoded-lcall,0x0FAF,0xD8EE,yes,ret,22,2,not listed
0x2D926,0xD926,byte-scan+walk,decoded-lcall,0x0FCB,0xD8EE,yes,ret,24,0,not listed
0x2D929,0xD929,byte-scan+walk,decoded-lcall,0x0EE6,0xD8EE,yes,ret,24,0,not listed
0x2D931,0xD931,byte-scan,operand,0x9009,0xD8EE,yes,,0,24,not listed
0x2D93B,0xD93B,byte-scan+walk,decoded-lcall,0x0FAF,0xD8EE,yes,ret,22,2,not listed
0x2D941,0xD941,byte-scan+walk,decoded-lcall,0x1041,0xD8EE,yes,ret,24,0,not listed
0x2D95D,0xD95D,byte-scan,unreached-by-this-method,0x8791,0xD8EE,no,,24,0,not listed
0x2D968,0xD968,byte-scan,unreached-by-this-method,0x87D1,0xD8EE,no,,24,0,not listed
0x2D975,0xD975,byte-scan,unreached-by-this-method,0x74FF,0xD8EE,no,,1,23,not listed
0x2D979,0xD979,byte-scan,unreached-by-this-method,0x87C3,0xD8EE,no,,24,0,not listed
0x2D987,0xD987,byte-scan,unreached-by-this-method,0x88AD,0xD8EE,no,,24,0,not listed
0x2D98F,0xD98F,byte-scan,unreached-by-this-method,0x10E8,0xD8EE,no,,24,0,not listed
0x2D996,0xD996,byte-scan,unreached-by-this-method,0x9186,0xD8EE,no,,24,0,not listed
0x2D99A,0xD99A,byte-scan,unreached-by-this-method,0xF589,0xD8EE,no,,24,0,not listed
0x2D9A2,0xD9A2,byte-scan,unreached-by-this-method,0x984D,0xD8EE,no,,22,2,not listed
0x2D9A5,0xD9A5,byte-scan,unreached-by-this-method,0x9898,0xD8EE,no,,24,0,not listed
0x2D9A9,0xD9A9,byte-scan,unreached-by-this-method,0xEEAE,0xD8EE,no,,24,0,not listed
0x2D9B1,0xD9B1,byte-scan,unreached-by-this-method,0x9850,0xD8EE,no,,24,0,not listed
0x2D9B4,0xD9B4,byte-scan,unreached-by-this-method,0x9898,0xD8EE,no,,22,2,not listed
0x2D9B8,0xD9B8,byte-scan,unreached-by-this-method,0x9850,0xD8EE,no,,24,0,not listed
0x2D9C1,0xD9C1,byte-scan,unreached-by-this-method,0x9850,0xD8EE,no,,24,0,not listed
0x2D9C7,0xD9C7,byte-scan,unreached-by-this-method,0x0BC4,0xD8EE,no,,24,0,not listed
0x2D9CD,0xD9CD,byte-scan,unreached-by-this-method,0xC590,0xD8EE,no,,24,0,not listed
0x2D9D5,0xD9D5,byte-scan,unreached-by-this-method,0x9850,0xD8EE,no,,24,0,not listed
0x2D9DC,0xD9DC,byte-scan,unreached-by-this-method,0x0C58,0xD8EE,no,,24,0,not listed
0x2D9E1,0xD9E1,byte-scan,unreached-by-this-method,0xA56C,0xD8EE,no,,24,0,not listed
0x2D9F0,0xD9F0,byte-scan,mid-instruction,0x1C00,0xD8EE,no,,0,24,not listed
0x2DA44,0xDA44,byte-scan+walk,decoded-lcall,0xF7B2,0xDA44,yes,tail jump to a callee,0,24,not listed
0x2DA47,0xDA47,byte-scan+walk,decoded-lcall,0xEBBB,0xDA44,yes,tail jump to a callee,1,23,not listed
0x2DA4A,0xDA4A,byte-scan+walk,decoded-lcall,0xF7B3,0xDA44,yes,tail jump to a callee,2,22,not listed
0x2DA4E,0xDA4E,byte-scan,operand,0x08E0,0xDA44,yes,,0,24,not listed
0x2DA58,0xDA58,byte-scan+walk,decoded-lcall,0xF79F,0xDA44,yes,tail jump to a callee,24,0,not listed
0x2DA5C,0xDA5C,byte-scan,operand,0x09E0,0xDA44,yes,,0,24,not listed
0x2DA66,0xDA66,byte-scan+walk,decoded-lcall,0xE543,0xDA44,yes,tail jump to a callee,24,0,not listed
0x2DA69,0xDA69,byte-scan+walk,decoded-lcall,0xF79C,0xDA44,yes,tail jump to a callee,23,1,not listed
0x2DA6C,0xDA6C,byte-scan+walk,decoded-lcall,0xE902,0xDA44,yes,tail jump to a callee,24,0,not listed
0x2DA6E,0xDA6E,byte-scan,operand,0x12F7,0xDA44,yes,,1,23,not listed
0x2DA6F,0xDA6F,byte-scan+walk,decoded-lcall,0xF7B7,0xDA44,yes,tail jump to a callee,22,2,not listed
0x2DA78,0xDA78,byte-scan+walk,decoded-lcall,0xE2E4,0xDA44,yes,tail jump to a callee,23,1,not listed
0x2DA91,0xDA91,byte-scan+walk,decoded-lcall,0x3FEA,0xDA44,yes,tail jump to a callee,23,1,not listed
0x2DAA4,0xDAA4,byte-scan,unreached-by-this-method,0x5950,0xDA44,no,,24,0,not listed
0x2DAB8,0xDAB8,byte-scan,unreached-by-this-method,0x5719,0xDA44,no,,22,2,not listed
0x2DABE,0xDABE,byte-scan,unreached-by-this-method,0x56F1,0xDA44,no,,24,0,not listed
0x2DAC7,0xDAC7,byte-scan,unreached-by-this-method,0x578E,0xDA44,no,,22,2,not listed
0x2DACA,0xDACA,byte-scan,unreached-by-this-method,0x5901,0xDA44,no,,20,4,not listed
0x2DAD7,0xDAD7,byte-scan,unreached-by-this-method,0x590E,0xDA44,no,,24,0,not listed
0x2DADC,0xDADC,byte-scan,unreached-by-this-method,0x7EA1,0xDA44,no,,24,0,not listed
0x2DAE8,0xDAE8,byte-scan,unreached-by-this-method,0x9850,0xDA44,no,,24,0,not listed
0x2DAEB,0xDAEB,byte-scan,unreached-by-this-method,0x10FD,0xDA44,no,,22,2,not listed
0x2DAF1,0xDAF1,byte-scan,unreached-by-this-method,0x9849,0xDA44,no,,24,0,not listed
0x2DAF4,0xDAF4,byte-scan,unreached-by-this-method,0x9870,0xDA44,no,,24,0,not listed
0x2DAFA,0xDAFA,byte-scan,unreached-by-this-method,0x9850,0xDA44,no,,24,0,not listed
0x2DAFE,0xDAFE,byte-scan,unreached-by-this-method,0x996F,0xDA44,no,,24,0,not listed
0x2DB04,0xDB04,byte-scan,unreached-by-this-method,0x9920,0xDA44,no,,24,0,not listed
0x2DB07,0xDB07,byte-scan,unreached-by-this-method,0x9850,0xDA44,no,,22,2,not listed
0x2DB0A,0xDB0A,byte-scan,unreached-by-this-method,0x9870,0xDA44,no,,20,4,not listed
0x2DB10,0xDB10,byte-scan,unreached-by-this-method,0x9850,0xDA44,no,,24,0,not listed
0x2DB16,0xDB16,byte-scan,unreached-by-this-method,0x0BC4,0xDA44,no,,24,0,not listed
0x2DB22,0xDB22,byte-scan,unreached-by-this-method,0x0D8F,0xDA44,no,,24,0,not listed
0x2DB26,0xDB26,byte-scan,unreached-by-this-method,0x9952,0xDA44,no,,24,0,not listed
0x2DB29,0xDB29,byte-scan,unreached-by-this-method,0x9940,0xDA44,no,,22,2,not listed
0x2DB2C,0xDB2C,byte-scan,unreached-by-this-method,0x98CD,0xDA44,no,,20,4,not listed
0x2DB30,0xDB30,byte-scan,unreached-by-this-method,0x9868,0xDA44,no,,24,0,not listed
0x2DB35,0xDB35,byte-scan,unreached-by-this-method,0xCFA0,0xDA44,no,,23,1,not listed
0x2DB4F,0xDB4F,byte-scan,unreached-by-this-method,0xF739,0xDA44,no,,24,0,not listed
0x2DB55,0xDB55,byte-scan,unreached-by-this-method,0x9B43,0xDA44,no,,22,2,not listed
0x2DB58,0xDB58,byte-scan,unreached-by-this-method,0x1041,0xDA44,no,,20,4,not listed
0x2DB5F,0xDB5F,byte-scan,unreached-by-this-method,0x9BC0,0xDA44,no,,24,0,not listed
0x2DB63,0xDB63,byte-scan,unreached-by-this-method,0xF022,0xDA44,no,,2,22,not listed
0x2DB66,0xDB66,byte-scan,unreached-by-this-method,0x9BBB,0xDA44,no,,24,0,not listed
0x2DB6B,0xDB6B,byte-scan,unreached-by-this-method,0x9BCA,0xDA44,no,,23,1,not listed
0x2DB72,0xDB72,byte-scan,unreached-by-this-method,0x9BBB,0xDA44,no,,24,0,not listed
0x2DB77,0xDB77,byte-scan,unreached-by-this-method,0x9BCA,0xDA44,no,,24,0,not listed
0x2DB7E,0xDB7E,byte-scan,unreached-by-this-method,0x9B44,0xDA44,no,,24,0,not listed
0x2DB81,0xDB81,byte-scan,unreached-by-this-method,0x104D,0xDA44,no,,22,2,not listed
0x2DB8C,0xDB8C,byte-scan+walk,decoded-lcall,0x10E8,0xDB89,yes,loop back to 0xDBD6,24,0,not listed
0x2DB8F,0xDB8F,byte-scan+walk,decoded-lcall,0xEC0D,0xDB89,no,loop back to 0xDBD6,23,1,not listed
0x2DB92,0xDB92,byte-scan+walk,decoded-lcall,0x997E,0xDB89,no,loop back to 0xDBD6,24,0,not listed
0x2DBA0,0xDBA0,byte-scan+walk,decoded-lcall,0x997E,0xDB89,no,loop back to 0xDBD6,24,0,not listed
0x2DBA3,0xDBA3,byte-scan+walk,decoded-lcall,0x128D,0xDB89,no,loop back to 0xDBD6,22,2,not listed
0x2DBA4,0xDBA4,byte-scan,operand,0x8D12,0xDB89,no,,2,22,not listed
0x2DBA6,0xDBA6,byte-scan+walk,decoded-lcall,0x997E,0xDB89,no,loop back to 0xDBD6,20,4,not listed
0x2DBAC,0xDBAC,byte-scan,operand,0xC001,0xDB89,no,,0,24,not listed
0x2DBAF,0xDBAF,byte-scan+walk,decoded-lcall,0x9850,0xDB89,no,loop back to 0xDBD6,23,1,not listed
0x2DBB2,0xDBB2,byte-scan+walk,decoded-lcall,0x111D,0xDB89,no,loop back to 0xDBD6,21,3,not listed
0x2DBB5,0xDBB5,byte-scan+walk,decoded-lcall,0x9850,0xDB89,no,loop back to 0xDBD6,24,0,not listed
0x2DBB8,0xDBB8,byte-scan+walk,decoded-lcall,0x10FD,0xDB89,no,loop back to 0xDBD6,22,2,not listed
0x2DBC0,0xDBC0,byte-scan+walk,decoded-lcall,0x0D70,0xDB89,no,loop back to 0xDBD6,24,0,not listed
0x2DBC3,0xDBC3,byte-scan+walk,decoded-lcall,0x9850,0xDB89,no,loop back to 0xDBD6,22,2,not listed
0x2DBC6,0xDBC6,byte-scan+walk,decoded-lcall,0x10FD,0xDB89,no,loop back to 0xDBD6,20,4,not listed
0x2DBCB,0xDBCB,byte-scan,operand,0x74FF,0xDB89,no,,6,18,not listed
0x2DBD0,0xDBD0,byte-scan+walk,decoded-lcall,0x0D8F,0xDB89,no,loop back to 0xDBD6,24,0,not listed
0x2DBD3,0xDBD3,byte-scan+walk,decoded-lcall,0xEABE,0xDB89,no,loop back to 0xDBD6,22,2,not listed
0x2DBEA,0xDBEA,byte-scan+walk,decoded-lcall,0x128D,0xDBD9,yes,ret,23,1,not listed
0x2DBEB,0xDBEB,byte-scan,operand,0x8DE4,0xDBD9,yes,,1,23,not listed
0x2DC02,0xDC02,byte-scan+walk,decoded-lcall,0xC901,0xDBD9,yes,ret,24,0,not listed
0x2DC0E,0xDC0E,byte-scan+walk,decoded-lcall,0xC901,0xDBD9,yes,ret,23,1,not listed
0x2DC19,0xDC19,byte-scan+walk,decoded-lcall,0x9C18,0xDBD9,yes,ret,24,0,not listed
0x2DC2C,0xDC2C,byte-scan+walk,decoded-lcall,0x122F,0xDC29,yes,tail jump to a callee,24,0,not listed
0x2DC2D,0xDC2D,byte-scan,operand,0x2FEC,0xDC29,yes,,0,24,not listed
0x2DC37,0xDC37,byte-scan+walk,decoded-lcall,0x122F,0xDC29,no,tail jump to a callee,24,0,not listed
0x2DC38,0xDC38,byte-scan,operand,0x2F12,0xDC29,no,,0,24,not listed
0x2DC3A,0xDC3A,byte-scan+walk,decoded-lcall,0x9826,0xDC29,no,tail jump to a callee,23,1,not listed
0x2DC54,0xDC54,byte-scan+walk,decoded-lcall,0x9828,0xDC29,no,tail jump to a callee,24,0,not listed
0x2DC6A,0xDC6A,byte-scan+walk,decoded-lcall,0x9826,0xDC29,no,tail jump to a callee,24,0,not listed
0x2DC6F,0xDC6F,byte-scan+walk,decoded-lcall,0xB3ED,0xDC29,no,tail jump to a callee,24,0,not listed
0x2DC75,0xDC75,byte-scan+walk,decoded-ljmp,0x122F,0xDC29,no,tail jump to a callee,24,0,not listed
0x2DC76,0xDC76,byte-scan,operand,0x2F90,0xDC29,no,,0,24,not listed
0x2DC9A,0xDC9A,byte-scan,unreached-by-this-method,0x128D,0xDC29,no,,24,0,not listed
0x2DC9B,0xDC9B,byte-scan,mid-instruction,0x8D90,0xDC29,no,,0,24,not listed
0x2DCC1,0xDCC1,byte-scan,unreached-by-this-method,0xC21D,0xDC29,no,,24,0,not listed
0x2DCCC,0xDCCC,byte-scan+walk,decoded-lcall,0x9C45,0xDCC7,yes,ret,24,0,not listed
0x2DCD8,0xDCD8,byte-scan+walk,decoded-lcall,0x9C4D,0xDCC7,yes,ret,24,0,not listed
0x2DCEC,0xDCEC,byte-scan+walk,decoded-lcall,0x0C7A,0xDCC7,no,ret,24,0,not listed
0x2DCFF,0xDCFF,byte-scan+walk,decoded-lcall,0x128D,0xDCC7,no,ret,24,0,not listed
0x2DD00,0xDD00,byte-scan,operand,0x8D90,0xDCC7,no,,0,24,not listed
0x2DD0D,0xDD0D,byte-scan+walk,decoded-lcall,0x9C1B,0xDCC7,no,ret,22,2,not listed
0x2DD15,0xDD15,byte-scan,unreached-by-this-method,0x9850,0xDCC7,no,,24,0,not listed
0x2DD18,0xDD18,byte-scan,unreached-by-this-method,0x9870,0xDCC7,no,,22,2,not listed
0x2DD27,0xDD27,byte-scan,unreached-by-this-method,0x7F00,0xDCC7,no,,1,23,not listed
0x2DD2C,0xDD2C,byte-scan,unreached-by-this-method,0x9873,0xDCC7,no,,24,0,not listed
0x2DD30,0xDD30,byte-scan,unreached-by-this-method,0x98F7,0xDCC7,no,,24,0,not listed
0x2DD37,0xDD37,byte-scan,unreached-by-this-method,0xE222,0xDCC7,no,,24,0,not listed
0x2DD3D,0xDD3D,byte-scan,unreached-by-this-method,0x9861,0xDCC7,no,,24,0,not listed
0x2DD44,0xDD44,byte-scan,unreached-by-this-method,0x9850,0xDCC7,no,,24,0,not listed
0x2DD50,0xDD50,byte-scan,unreached-by-this-method,0x9850,0xDCC7,no,,24,0,not listed
0x2DD53,0xDD53,byte-scan,unreached-by-this-method,0x9926,0xDCC7,no,,22,2,not listed
0x2DD56,0xDD56,byte-scan,unreached-by-this-method,0x0D8F,0xDCC7,no,,24,0,not listed
0x2DD59,0xDD59,byte-scan,unreached-by-this-method,0x9860,0xDCC7,no,,22,2,not listed
0x2DD5E,0xDD5E,byte-scan,unreached-by-this-method,0xCFA0,0xDCC7,no,,19,5,not listed
0x2DD65,0xDD65,byte-scan,unreached-by-this-method,0x0FAF,0xDCC7,no,,22,2,not listed
0x2DD98,0xDD98,byte-scan,unreached-by-this-method,0x1041,0xDCC7,no,,21,3,not listed
0x2DDAF,0xDDAF,byte-scan,unreached-by-this-method,0x9B11,0xDCC7,no,,24,0,not listed
0x2DDB5,0xDDB5,byte-scan,unreached-by-this-method,0x122F,0xDCC7,no,,24,0,not listed
0x2DDB6,0xDDB6,byte-scan,mid-instruction,0x2F12,0xDCC7,no,,0,24,not listed
0x2DDB8,0xDDB8,byte-scan,unreached-by-this-method,0x9ADD,0xDCC7,no,,23,1,not listed
0x2DDBB,0xDDBB,byte-scan,unreached-by-this-method,0x104D,0xDCC7,no,,21,3,not listed
0x2DDC2,0xDDC2,byte-scan,unreached-by-this-method,0x9C01,0xDCC7,no,,24,0,not listed
0x2DDC5,0xDDC5,byte-scan,unreached-by-this-method,0x104D,0xDCC7,no,,22,2,not listed
0x2DDCF,0xDDCF,byte-scan,unreached-by-this-method,0x1253,0xDCC7,no,,24,0,not listed
0x2DDD0,0xDDD0,byte-scan,mid-instruction,0x5312,0xDCC7,no,,0,24,not listed
0x2DDD2,0xDDD2,byte-scan,unreached-by-this-method,0x104D,0xDCC7,no,,22,2,not listed
0x2DDDC,0xDDDC,byte-scan,unreached-by-this-method,0x9BF3,0xDCC7,no,,24,0,not listed
0x2DDE2,0xDDE2,byte-scan,unreached-by-this-method,0x0F65,0xDCC7,no,,24,0,not listed
0x2DDED,0xDDED,byte-scan,unreached-by-this-method,0x9ADD,0xDCC7,no,,24,0,not listed
0x2DDF0,0xDDF0,byte-scan,unreached-by-this-method,0x1041,0xDCC7,no,,22,2,not listed
0x2DDF8,0xDDF8,byte-scan,unreached-by-this-method,0x122F,0xDCC7,no,,17,7,not listed
0x2DDF9,0xDDF9,byte-scan,mid-instruction,0x2F90,0xDCC7,no,,0,24,not listed
0x2DDFE,0xDDFE,byte-scan,unreached-by-this-method,0x10E8,0xDCC7,no,,24,0,not listed
0x2DE22,0xDE22,byte-scan,unreached-by-this-method,0x10C8,0xDCC7,no,,24,0,not listed
0x2DE28,0xDE28,byte-scan,unreached-by-this-method,0x10E8,0xDCC7,no,,21,3,not listed
0x2DE2E,0xDE2E,byte-scan,unreached-by-this-method,0xD304,0xDCC7,no,,24,0,not listed
0x2DE3C,0xDE3C,byte-scan,unreached-by-this-method,0x9C1B,0xDCC7,no,,22,2,not listed
0x2DE54,0xDE54,byte-scan,unreached-by-this-method,0x577F,0xDCC7,no,,24,0,not listed
0x2DE68,0xDE68,byte-scan,unreached-by-this-method,0x5826,0xDCC7,no,,24,0,not listed
0x2DE73,0xDE73,byte-scan,unreached-by-this-method,0x580B,0xDCC7,no,,24,0,not listed
0x2DE95,0xDE95,byte-scan,unreached-by-this-method,0xD896,0xDCC7,no,,24,0,not listed
0x2DE9D,0xDE9D,byte-scan,unreached-by-this-method,0xDECF,0xDCC7,no,,24,0,not listed
0x2DEAB,0xDEAB,byte-scan,unreached-by-this-method,0xB160,0xDCC7,no,,24,0,not listed
0x2DEAE,0xDEAE,byte-scan,unreached-by-this-method,0xB1FA,0xDCC7,no,,23,1,not listed
0x2DEB5,0xDEB5,byte-scan,unreached-by-this-method,0xDECF,0xDCC7,no,,24,0,not listed
0x2DEB9,0xDEB9,byte-scan,mid-instruction,0x9008,0xDCC7,no,,0,24,not listed
0x2DEC1,0xDEC1,byte-scan,unreached-by-this-method,0xB160,0xDCC7,no,,24,0,not listed
0x2DEC4,0xDEC4,byte-scan,unreached-by-this-method,0xB1FA,0xDCC7,no,,23,1,not listed
0x2DED4,0xDED4,byte-scan,unreached-by-this-method,0xF75C,0xDCC7,no,,24,0,not listed
0x2DED9,0xDED9,byte-scan,unreached-by-this-method,0x9850,0xDCC7,no,,24,0,not listed
0x2DEDC,0xDEDC,byte-scan,unreached-by-this-method,0x9870,0xDCC7,no,,22,2,not listed
0x2DEDF,0xDEDF,byte-scan,unreached-by-this-method,0x98F2,0xDCC7,no,,20,4,not listed
0x2DEEF,0xDEEF,byte-scan,unreached-by-this-method,0x10E8,0xDCC7,no,,21,3,not listed
0x2DEF5,0xDEF5,byte-scan,unreached-by-this-method,0xC6C4,0xDCC7,no,,24,0,not listed
0x2DEFD,0xDEFD,byte-scan,unreached-by-this-method,0x9850,0xDCC7,no,,24,0,not listed
0x2DF00,0xDF00,byte-scan,unreached-by-this-method,0x98FF,0xDCC7,no,,22,2,not listed
0x2DF07,0xDF07,byte-scan,unreached-by-this-method,0x9914,0xDCC7,no,,22,2,not listed
0x2DF0E,0xDF0E,byte-scan,unreached-by-this-method,0x1298,0xDCC7,no,,2,22,not listed
0x2DF0F,0xDF0F,byte-scan,unreached-by-this-method,0x9864,0xDCC7,no,,21,3,not listed
0x2DF16,0xDF16,byte-scan,unreached-by-this-method,0x9850,0xDCC7,no,,24,0,not listed
0x2DF19,0xDF19,byte-scan,unreached-by-this-method,0x9856,0xDCC7,no,,22,2,not listed
0x2DF1E,0xDF1E,byte-scan,unreached-by-this-method,0xCFA0,0xDCC7,no,,23,1,not listed
0x2DF79,0xDF79,byte-scan+walk,decoded-lcall,0x128D,0xDF6A,yes,ret,24,0,not listed
0x2DF7A,0xDF7A,byte-scan,operand,0x8DE4,0xDF6A,yes,,0,24,not listed
0x2DF88,0xDF88,byte-scan+walk,decoded-lcall,0x70F8,0xDF6A,yes,ret,24,0,not listed
0x2DF8C,0xDF8C,byte-scan,operand,0xF012,0xDF6A,yes,,0,24,not listed
0x2DF8E,0xDF8E,byte-scan+walk,decoded-lcall,0xF28D,0xDF6A,yes,ret,23,1,not listed
0x2DF94,0xDF94,byte-scan+walk,decoded-lcall,0x70D7,0xDF6A,yes,ret,24,0,not listed
0x2DF97,0xDF97,byte-scan+walk,decoded-lcall,0x1041,0xDF6A,yes,ret,24,0,not listed
0x2DF9B,0xDF9B,byte-scan+walk,decoded-lcall,0x6FAF,0xDF6A,yes,ret,24,0,not listed
0x2DFA2,0xDFA2,byte-scan+walk,decoded-lcall,0xE8D4,0xDF6A,yes,ret,24,0,not listed
0x2DFB2,0xDFB2,byte-scan+walk,decoded-lcall,0xC1F0,0xDFB2,yes,loop back to 0xDFE3,24,0,not listed
0x2DFB6,0xDFB6,byte-scan+walk,decoded-lcall,0xC1EF,0xDFB2,yes,loop back to 0xDFE3,24,0,not listed
0x2DFBF,0xDFBF,byte-scan+walk,decoded-lcall,0xC1D6,0xDFB2,yes,loop back to 0xDFE3,24,0,not listed
0x2DFC4,0xDFC4,byte-scan+walk,decoded-lcall,0x0FCB,0xDFB2,yes,loop back to 0xDFE3,24,0,not listed
0x2DFC7,0xDFC7,byte-scan+walk,decoded-lcall,0x0DC9,0xDFB2,yes,loop back to 0xDFE3,24,0,not listed
0x2DFCA,0xDFCA,byte-scan+walk,decoded-lcall,0xC1B3,0xDFB2,yes,loop back to 0xDFE3,24,0,not listed
0x2DFCD,0xDFCD,byte-scan+walk,decoded-lcall,0xC1D6,0xDFB2,yes,loop back to 0xDFE3,24,0,not listed
0x2DFD7,0xDFD7,byte-scan+walk,decoded-lcall,0xC1D6,0xDFB2,yes,loop back to 0xDFE3,24,0,not listed
0x2DFE4,0xDFE4,byte-scan+walk,decoded-lcall,0xC23A,0xDFB2,yes,loop back to 0xDFE3,24,0,not listed
0x2DFEA,0xDFEA,byte-scan+walk,decoded-lcall,0xC1D6,0xDFB2,yes,loop back to 0xDFE3,24,0,not listed
0x2DFF7,0xDFF7,byte-scan+walk,decoded-ljmp,0x122F,0xDFB2,yes,loop back to 0xDFE3,24,0,not listed
0x2DFF8,0xDFF8,byte-scan,operand,0x2F90,0xDFB2,yes,,0,24,not listed
0x2E001,0xE001,byte-scan+walk,decoded-lcall,0xC62B,0xDFFA,yes,tail jump to a callee,24,0,not listed
0x2E004,0xE004,byte-scan+walk,decoded-lcall,0xF2FB,0xDFFA,yes,tail jump to a callee,24,0,not listed
0x2E015,0xE015,byte-scan+walk,decoded-lcall,0xDF6A,0xDFFA,yes,tail jump to a callee,21,3,not listed
0x2E01E,0xE01E,byte-scan+walk,decoded-lcall,0xDB89,0xDFFA,yes,tail jump to a callee,23,1,not listed
0x2E023,0xE023,byte-scan+walk,decoded-lcall,0xEED1,0xDFFA,yes,tail jump to a callee,24,0,not listed
0x2E02A,0xE02A,byte-scan+walk,decoded-lcall,0xC755,0xDFFA,yes,tail jump to a callee,24,0,not listed
0x2E02F,0xE02F,byte-scan+walk,decoded-lcall,0xDBD9,0xDFFA,yes,tail jump to a callee,21,3,not listed
0x2E03E,0xE03E,byte-scan+walk,decoded-ljmp,0x128D,0xDFFA,yes,tail jump to a callee,23,1,not listed
0x2E03F,0xE03F,byte-scan,operand,0x8D90,0xDFFA,yes,,1,23,not listed
0x2E04C,0xE04C,byte-scan,unreached-by-this-method,0xB164,0xDFFA,no,,24,0,not listed
0x2E04F,0xE04F,byte-scan,unreached-by-this-method,0x0FAF,0xDFFA,no,,23,1,not listed
0x2E058,0xE058,byte-scan,unreached-by-this-method,0x0F0E,0xDFFA,no,,24,0,not listed
0x2E068,0xE068,byte-scan,unreached-by-this-method,0xB164,0xDFFA,no,,24,0,not listed
0x2E077,0xE077,byte-scan,unreached-by-this-method,0xB164,0xDFFA,no,,24,0,not listed
0x2E07F,0xE07F,byte-scan,unreached-by-this-method,0xF311,0xDFFA,no,,24,0,not listed
0x2E084,0xE084,byte-scan,unreached-by-this-method,0xE5EB,0xDFFA,no,,24,0,not listed
0x2E091,0xE091,byte-scan,unreached-by-this-method,0x3716,0xDFFA,no,,24,0,not listed
0x2E095,0xE095,byte-scan,unreached-by-this-method,0x349B,0xDFFA,no,,24,0,not listed
0x2E0A9,0xE0A9,byte-scan,unreached-by-this-method,0x3620,0xDFFA,no,,22,2,not listed
0x2E0AD,0xE0AD,byte-scan,unreached-by-this-method,0x349B,0xDFFA,no,,20,4,not listed
0x2E0B2,0xE0B2,byte-scan,unreached-by-this-method,0x363B,0xDFFA,no,,24,0,not listed
0x2E0B6,0xE0B6,byte-scan,unreached-by-this-method,0x349B,0xDFFA,no,,24,0,not listed
0x2E0BD,0xE0BD,byte-scan,unreached-by-this-method,0x0FAF,0xDFFA,no,,23,1,not listed
0x2E0C9,0xE0C9,byte-scan,unreached-by-this-method,0x1041,0xDFFA,no,,24,0,not listed
0x2E0F5,0xE0F5,byte-scan,mid-instruction,0xE4FE,0xDFFA,no,,0,24,not listed
0x2E0F8,0xE0F8,byte-scan,unreached-by-this-method,0x7131,0xDFFA,no,,24,0,not listed
0x2E101,0xE101,byte-scan,unreached-by-this-method,0x7131,0xDFFA,no,,24,0,not listed
0x2E107,0xE107,byte-scan,unreached-by-this-method,0x6FAF,0xDFFA,no,,24,0,not listed
0x2E111,0xE111,byte-scan,unreached-by-this-method,0xE6F3,0xDFFA,no,,24,0,not listed
0x2E115,0xE115,byte-scan,unreached-by-this-method,0x9BD6,0xDFFA,no,,24,0,not listed
0x2E11A,0xE11A,byte-scan,unreached-by-this-method,0x9ACD,0xDFFA,no,,24,0,not listed
0x2E11D,0xE11D,byte-scan,unreached-by-this-method,0x9B80,0xDFFA,no,,24,0,not listed
0x2E120,0xE120,byte-scan,unreached-by-this-method,0x9ADD,0xDFFA,no,,22,2,not listed
0x2E12D,0xE12D,byte-scan,unreached-by-this-method,0xE0CF,0xDFFA,no,,24,0,not listed
0x2E130,0xE130,byte-scan,unreached-by-this-method,0x9ADD,0xDFFA,no,,24,0,not listed
0x2E133,0xE133,byte-scan,unreached-by-this-method,0x9B53,0xDFFA,no,,22,2,not listed
0x2E138,0xE138,byte-scan,unreached-by-this-method,0x9BAB,0xDFFA,no,,24,0,not listed
0x2E145,0xE145,byte-scan,unreached-by-this-method,0x9ADD,0xDFFA,no,,24,0,not listed
0x2E14D,0xE14D,byte-scan,unreached-by-this-method,0xEE22,0xDFFA,no,,24,0,not listed
0x2E151,0xE151,byte-scan,mid-instruction,0x7F01,0xDFFA,no,,0,24,not listed
0x2E157,0xE157,byte-scan,unreached-by-this-method,0x122F,0xDFFA,no,,24,0,not listed
0x2E158,0xE158,byte-scan,mid-instruction,0x2F90,0xDFFA,no,,0,24,not listed
0x2E169,0xE169,byte-scan+walk,decoded-lcall,0x5874,0xE15A,yes,ret,24,0,not listed
0x2E170,0xE170,byte-scan+walk,decoded-lcall,0x128D,0xE15A,yes,ret,24,0,not listed
0x2E171,0xE171,byte-scan,operand,0x8D90,0xE15A,yes,,0,24,not listed
0x2E176,0xE176,byte-scan+walk,decoded-lcall,0x584A,0xE15A,yes,ret,24,0,not listed
0x2E17A,0xE17A,byte-scan,operand,0xC001,0xE15A,yes,,0,24,not listed
0x2E17D,0xE17D,byte-scan+walk,decoded-lcall,0x58AB,0xE15A,yes,ret,23,1,not listed
0x2E188,0xE188,byte-scan,operand,0x12ED,0xE15A,yes,,1,23,not listed
0x2E189,0xE189,byte-scan+walk,decoded-lcall,0xED46,0xE15A,yes,ret,22,2,not listed
0x2E191,0xE191,byte-scan+walk,decoded-lcall,0x567C,0xE15A,yes,ret,24,0,not listed
0x2E196,0xE196,byte-scan+walk,decoded-lcall,0x56CB,0xE15A,yes,ret,21,3,not listed
0x2E1E6,0xE1E6,byte-scan,operand,0x8019,0xE1E0,yes,,0,24,not listed
0x2E1EA,0xE1EA,byte-scan+walk,decoded-lcall,0x6FC5,0xE1E0,yes,loop back to 0xE221,24,0,not listed
0x2E203,0xE203,byte-scan+walk,decoded-lcall,0x6FAF,0xE1E0,yes,loop back to 0xE221,24,0,not listed
0x2E211,0xE211,byte-scan+walk,decoded-lcall,0x0FAF,0xE1E0,yes,loop back to 0xE221,21,3,not listed
0x2E217,0xE217,byte-scan+walk,decoded-lcall,0x1041,0xE1E0,yes,loop back to 0xE221,24,0,not listed
0x2E21E,0xE21E,byte-scan+walk,decoded-lcall,0xC873,0xE1E0,yes,loop back to 0xE221,24,0,not listed
0x2E22C,0xE22C,byte-scan,unreached-by-this-method,0xB234,0xE1E0,no,,24,0,not listed
0x2E23A,0xE23A,byte-scan,unreached-by-this-method,0x104D,0xE1E0,no,,24,0,not listed
0x2E249,0xE249,byte-scan,unreached-by-this-method,0x104D,0xE1E0,no,,24,0,not listed
0x2E256,0xE256,byte-scan,mid-instruction,0x7A07,0xE1E0,no,,0,24,not listed
0x2E25B,0xE25B,byte-scan,unreached-by-this-method,0xCCB7,0xE1E0,no,,24,0,not listed
0x2E264,0xE264,byte-scan,unreached-by-this-method,0x9C07,0xE1E0,no,,24,0,not listed
0x2E267,0xE267,byte-scan,unreached-by-this-method,0x9AD5,0xE1E0,no,,24,0,not listed
0x2E26E,0xE26E,byte-scan,unreached-by-this-method,0xDB39,0xE1E0,no,,24,0,not listed
0x2E271,0xE271,byte-scan,unreached-by-this-method,0x9ADD,0xE1E0,no,,24,0,not listed
0x2E276,0xE276,byte-scan,unreached-by-this-method,0xF794,0xE1E0,no,,24,0,not listed
0x2E27B,0xE27B,byte-scan,unreached-by-this-method,0x9ADD,0xE1E0,no,,24,0,not listed
0x2E280,0xE280,byte-scan,unreached-by-this-method,0x9B25,0xE1E0,no,,24,0,not listed
0x2E284,0xE284,byte-scan,unreached-by-this-method,0x9ADC,0xE1E0,no,,24,0,not listed
0x2E288,0xE288,byte-scan,unreached-by-this-method,0x10C8,0xE1E0,no,,24,0,not listed
0x2E28B,0xE28B,byte-scan,unreached-by-this-method,0x9C01,0xE1E0,no,,23,1,not listed
0x2E293,0xE293,byte-scan,unreached-by-this-method,0xA454,0xE1E0,no,,24,0,not listed
0x2E29B,0xE29B,byte-scan,mid-instruction,0x7F01,0xE1E0,no,,0,24,not listed
0x2E2A1,0xE2A1,byte-scan,unreached-by-this-method,0x122F,0xE1E0,no,,21,3,not listed
0x2E2A2,0xE2A2,byte-scan,unreached-by-this-method,0x2F12,0xE1E0,no,,3,21,not listed
0x2E2A4,0xE2A4,byte-scan,unreached-by-this-method,0xF589,0xE1E0,no,,20,4,not listed
0x2E2AA,0xE2AA,byte-scan,unreached-by-this-method,0x9850,0xE1E0,no,,24,0,not listed
0x2E2B0,0xE2B0,byte-scan,unreached-by-this-method,0x0BC4,0xE1E0,no,,24,0,not listed
0x2E2B5,0xE2B5,byte-scan,unreached-by-this-method,0x9898,0xE1E0,no,,24,0,not listed
0x2E2B9,0xE2B9,byte-scan,unreached-by-this-method,0x9850,0xE1E0,no,,24,0,not listed
0x2E2C0,0xE2C0,byte-scan,unreached-by-this-method,0x98CA,0xE1E0,no,,24,0,not listed
0x2E2C4,0xE2C4,byte-scan,mid-instruction,0x1298,0xE1E0,no,,0,24,not listed
0x2E2C5,0xE2C5,byte-scan,unreached-by-this-method,0x9868,0xE1E0,no,,23,1,not listed
0x2E2CA,0xE2CA,byte-scan,unreached-by-this-method,0xCFA0,0xE1E0,no,,23,1,not listed
0x2E2CD,0xE2CD,byte-scan,unreached-by-this-method,0x9850,0xE1E0,no,,21,3,not listed
0x2E2D0,0xE2D0,byte-scan,unreached-by-this-method,0x9898,0xE1E0,no,,19,5,not listed
0x2E2D4,0xE2D4,byte-scan,mid-instruction,0x0B12,0xE1E0,no,,0,24,not listed
0x2E2D6,0xE2D6,byte-scan,unreached-by-this-method,0x9850,0xE1E0,no,,23,1,not listed
0x2E2DD,0xE2DD,byte-scan,mid-instruction,0x120C,0xE1E0,no,,0,24,not listed
0x2E2DE,0xE2DE,byte-scan,unreached-by-this-method,0x0C58,0xE1E0,no,,23,1,not listed
0x2E2E7,0xE2E7,byte-scan,operand,0x12D7,0xE2E4,yes,,0,24,not listed
0x2E2E8,0xE2E8,byte-scan+walk,decoded-lcall,0xD78A,0xE2E4,yes,ret,23,1,not listed
0x2E2F5,0xE2F5,byte-scan+walk,decoded-lcall,0x10BC,0xE2E4,yes,ret,22,2,not listed
0x2E2F9,0xE2F9,byte-scan+walk,decoded-lcall,0xB168,0xE2E4,yes,ret,23,1,not listed
0x2E315,0xE315,byte-scan,operand,0x6003,0xE2E4,no,,0,24,not listed
0x2E326,0xE326,byte-scan+walk,decoded-lcall,0x122F,0xE323,yes,tail jump to a callee,24,0,not listed
0x2E327,0xE327,byte-scan,operand,0x2FEC,0xE323,yes,,0,24,not listed
0x2E32C,0xE32C,byte-scan+walk,decoded-lcall,0x717A,0xE323,no,tail jump to a callee,24,0,not listed
0x2E331,0xE331,byte-scan+walk,decoded-lcall,0x705C,0xE323,no,tail jump to a callee,24,0,not listed
0x2E334,0xE334,byte-scan+walk,decoded-lcall,0x70A3,0xE323,no,tail jump to a callee,24,0,not listed
0x2E340,0xE340,byte-scan+walk,decoded-lcall,0x705C,0xE323,no,tail jump to a callee,24,0,not listed
0x2E35F,0xE35F,byte-scan+walk,decoded-ljmp,0x122F,0xE323,no,tail jump to a callee,24,0,not listed
0x2E360,0xE360,byte-scan,operand,0x2FEF,0xE323,no,,0,24,not listed
0x2E363,0xE363,byte-scan,unreached-by-this-method,0x5826,0xE323,no,,24,0,not listed
0x2E36A,0xE36A,byte-scan,unreached-by-this-method,0x5770,0xE323,no,,23,1,not listed
0x2E377,0xE377,byte-scan,unreached-by-this-method,0xEE12,0xE323,no,,1,23,not listed
0x2E379,0xE379,byte-scan,unreached-by-this-method,0x10BC,0xE323,no,,22,2,not listed
0x2E395,0xE395,byte-scan,unreached-by-this-method,0x56BF,0xE323,no,,24,0,not listed
0x2E39A,0xE39A,byte-scan,unreached-by-this-method,0xA210,0xE323,no,,24,0,not listed
0x2E3BA,0xE3BA,byte-scan,unreached-by-this-method,0x9AE4,0xE323,no,,24,0,not listed
0x2E3C5,0xE3C5,byte-scan,mid-instruction,0xAD06,0xE323,no,,0,24,not listed
0x2E3D3,0xE3D3,byte-scan,unreached-by-this-method,0x9B61,0xE323,no,,24,0,not listed
0x2E3D8,0xE3D8,byte-scan,unreached-by-this-method,0xA210,0xE323,no,,21,3,not listed
0x2E3DE,0xE3DE,byte-scan+walk,decoded-lcall,0x7045,0xE323,no,tail jump to a callee,24,0,not listed
0x2E3E1,0xE3E1,byte-scan+walk,decoded-lcall,0x704E,0xE323,no,tail jump to a callee,23,1,not listed
0x2E3EA,0xE3EA,byte-scan+walk,decoded-lcall,0x6FAF,0xE323,no,tail jump to a callee,24,0,not listed
0x2E3F2,0xE3F2,byte-scan+walk,decoded-lcall,0x705C,0xE323,no,tail jump to a callee,24,0,not listed
0x2E3FA,0xE3FA,byte-scan+walk,decoded-lcall,0x10C8,0xE323,no,tail jump to a callee,24,0,not listed
0x2E3FD,0xE3FD,byte-scan+walk,decoded-lcall,0x0BAB,0xE323,no,tail jump to a callee,23,1,not listed
0x2E404,0xE404,byte-scan+walk,decoded-lcall,0x6FC5,0xE323,no,tail jump to a callee,24,0,not listed
0x2E40A,0xE40A,byte-scan+walk,decoded-lcall,0x705C,0xE323,no,tail jump to a callee,24,0,not listed
0x2E40E,0xE40E,byte-scan,operand,0xF012,0xE323,no,,0,24,not listed
0x2E410,0xE410,byte-scan+walk,decoded-lcall,0x705C,0xE323,no,tail jump to a callee,23,1,not listed
0x2E418,0xE418,byte-scan+walk,decoded-ljmp,0x122F,0xE323,no,tail jump to a callee,24,0,not listed
0x2E419,0xE419,byte-scan,operand,0x2F90,0xE323,no,,0,24,not listed
0x2E420,0xE420,byte-scan,unreached-by-this-method,0x6B40,0xE323,no,,24,0,not listed
0x2E42D,0xE42D,byte-scan,unreached-by-this-method,0x5326,0xE323,no,,24,0,not listed
0x2E443,0xE443,byte-scan,unreached-by-this-method,0xCEB4,0xE323,no,,24,0,not listed
0x2E454,0xE454,byte-scan,unreached-by-this-method,0xCEB4,0xE323,no,,24,0,not listed
0x2E46D,0xE46D,byte-scan+walk,decoded-lcall,0x104D,0xE458,yes,loop back to 0xE46A,21,3,not listed
0x2E47E,0xE47E,byte-scan+walk,decoded-lcall,0xF775,0xE458,yes,loop back to 0xE46A,24,0,not listed
0x2E484,0xE484,byte-scan+walk,decoded-lcall,0x104D,0xE458,yes,loop back to 0xE46A,24,0,not listed
0x2E492,0xE492,byte-scan+walk,decoded-ljmp,0xD435,0xE458,yes,loop back to 0xE46A,23,1,not listed
0x2E49F,0xE49F,byte-scan,unreached-by-this-method,0xC7E5,0xE458,no,,24,0,not listed
0x2E4A5,0xE4A5,byte-scan,unreached-by-this-method,0x56A0,0xE458,no,,24,0,not listed
0x2E4A8,0xE4A8,byte-scan,unreached-by-this-method,0x5842,0xE458,no,,22,2,not listed
0x2E4AB,0xE4AB,byte-scan,unreached-by-this-method,0x57EB,0xE458,no,,20,4,not listed
0x2E4AF,0xE4AF,byte-scan,unreached-by-this-method,0x567B,0xE458,no,,24,0,not listed
0x2E4C5,0xE4C5,byte-scan,unreached-by-this-method,0x56B4,0xE458,no,,24,0,not listed
0x2E4CA,0xE4CA,byte-scan,unreached-by-this-method,0xA210,0xE458,no,,24,0,not listed
0x2E4D3,0xE4D3,byte-scan+walk,decoded-lcall,0x122F,0xE4D0,yes,loop back to 0xE4FF,24,0,not listed
0x2E4D4,0xE4D4,byte-scan,operand,0x2FEA,0xE4D0,yes,,0,24,not listed
0x2E4D9,0xE4D9,byte-scan+walk,decoded-lcall,0x717A,0xE4D0,no,loop back to 0xE4FF,24,0,not listed
0x2E4DE,0xE4DE,byte-scan+walk,decoded-lcall,0x704E,0xE4D0,no,loop back to 0xE4FF,24,0,not listed
0x2E4E4,0xE4E4,byte-scan+walk,decoded-lcall,0x6FAD,0xE4D0,no,loop back to 0xE4FF,24,0,not listed
0x2E4E9,0xE4E9,byte-scan+walk,decoded-lcall,0x70B2,0xE4D0,no,loop back to 0xE4FF,24,0,not listed
0x2E4F0,0xE4F0,byte-scan+walk,decoded-lcall,0x705C,0xE4D0,no,loop back to 0xE4FF,24,0,not listed
0x2E4F7,0xE4F7,byte-scan+walk,decoded-lcall,0xB074,0xE4D0,no,loop back to 0xE4FF,24,0,not listed
0x2E4FA,0xE4FA,byte-scan+walk,decoded-lcall,0x705C,0xE4D0,no,loop back to 0xE4FF,23,1,not listed
0x2E4FF,0xE4FF,byte-scan+walk,decoded-lcall,0x705C,0xE4D0,no,loop back to 0xE4FF,24,0,not listed
0x2E507,0xE507,byte-scan+walk,decoded-ljmp,0x122F,0xE4D0,no,loop back to 0xE4FF,22,2,not listed
0x2E508,0xE508,byte-scan,operand,0x2FEF,0xE4D0,no,,2,22,not listed
0x2E50B,0xE50B,byte-scan+walk,decoded-lcall,0x9024,0xE4D0,no,ret,24,0,not listed
0x2E51E,0xE51E,byte-scan,operand,0x801F,0xE4D0,no,,0,24,not listed
0x2E537,0xE537,byte-scan,operand,0x8006,0xE4D0,no,,0,24,not listed
0x2E53D,0xE53D,byte-scan,operand,0xE4FC,0xE4D0,no,,0,24,not listed
0x2E554,0xE554,byte-scan+walk,decoded-lcall,0xB1E3,0xE543,yes,loop back to 0xE572,24,0,not listed
0x2E55D,0xE55D,byte-scan+walk,decoded-lcall,0xB217,0xE543,yes,loop back to 0xE572,23,1,not listed
0x2E564,0xE564,byte-scan+walk,decoded-lcall,0xB1E3,0xE543,yes,loop back to 0xE572,24,0,not listed
0x2E56F,0xE56F,byte-scan+walk,decoded-lcall,0x122D,0xE543,yes,loop back to 0xE572,24,0,not listed
0x2E570,0xE570,byte-scan,operand,0x2D90,0xE543,yes,,0,24,not listed
0x2E588,0xE588,byte-scan,unreached-by-this-method,0xF77B,0xE543,no,,24,0,not listed
0x2E5A0,0xE5A0,byte-scan,unreached-by-this-method,0x8809,0xE543,no,,24,0,not listed
0x2E5A8,0xE5A8,byte-scan,unreached-by-this-method,0x10E8,0xE543,no,,24,0,not listed
0x2E5AF,0xE5AF,byte-scan,unreached-by-this-method,0x9186,0xE543,no,,24,0,not listed
0x2E5BA,0xE5BA,byte-scan+walk,decoded-lcall,0xF755,0xE5B3,yes,loop back to 0xE5EA,24,0,not listed
0x2E5C9,0xE5C9,byte-scan+walk,decoded-lcall,0x70BB,0xE5B3,yes,loop back to 0xE5EA,24,0,not listed
0x2E5D6,0xE5D6,byte-scan+walk,decoded-lcall,0xF75C,0xE5B3,yes,loop back to 0xE5EA,24,0,not listed
0x2E5E0,0xE5E0,byte-scan+walk,decoded-lcall,0x6FAD,0xE5B3,yes,loop back to 0xE5EA,24,0,not listed
0x2E5E7,0xE5E7,byte-scan+walk,decoded-lcall,0xE877,0xE5B3,yes,loop back to 0xE5EA,24,0,not listed
0x2E5FD,0xE5FD,byte-scan,unreached-by-this-method,0x0FAF,0xE5B3,no,,24,0,not listed
0x2E606,0xE606,byte-scan,unreached-by-this-method,0x0F0E,0xE5B3,no,,24,0,not listed
0x2E616,0xE616,byte-scan,unreached-by-this-method,0xB074,0xE5B3,no,,24,0,not listed
0x2E62E,0xE62E,byte-scan,unreached-by-this-method,0x0FAF,0xE5B3,no,,21,3,not listed
0x2E634,0xE634,byte-scan,unreached-by-this-method,0x1041,0xE5B3,no,,24,0,not listed
0x2E63B,0xE63B,byte-scan,unreached-by-this-method,0xD435,0xE5B3,no,,24,0,not listed
0x2E641,0xE641,byte-scan,unreached-by-this-method,0x0FAF,0xE5B3,no,,20,4,not listed
0x2E655,0xE655,byte-scan,unreached-by-this-method,0x1041,0xE5B3,no,,24,0,not listed
0x2E65D,0xE65D,byte-scan,unreached-by-this-method,0x9C15,0xE5B3,no,,24,0,not listed
0x2E664,0xE664,byte-scan,unreached-by-this-method,0x0FAF,0xE5B3,no,,23,1,not listed
0x2E670,0xE670,byte-scan,unreached-by-this-method,0x1041,0xE5B3,no,,24,0,not listed
0x2E676,0xE676,byte-scan,unreached-by-this-method,0x9C13,0xE5B3,no,,20,4,not listed
0x2E67D,0xE67D,byte-scan,unreached-by-this-method,0x0FAF,0xE5B3,no,,23,1,not listed
0x2E689,0xE689,byte-scan,unreached-by-this-method,0x1041,0xE5B3,no,,24,0,not listed
0x2E699,0xE699,byte-scan,unreached-by-this-method,0x7F00,0xE5B3,no,,1,23,not listed
0x2E69C,0xE69C,byte-scan,unreached-by-this-method,0xC247,0xE5B3,no,,24,0,not listed
0x2E6B1,0xE6B1,byte-scan,unreached-by-this-method,0x7F00,0xE5B3,no,,1,23,not listed
0x2E6B4,0xE6B4,byte-scan,unreached-by-this-method,0xC247,0xE5B3,no,,24,0,not listed
0x2E6BC,0xE6BC,byte-scan,unreached-by-this-method,0x7F00,0xE5B3,no,,1,23,not listed
0x2E6C1,0xE6C1,byte-scan+walk,decoded-lcall,0x706B,0xE6C0,yes,ret,24,0,not listed
0x2E6CC,0xE6CC,byte-scan,operand,0x7C00,0xE6C0,yes,,1,23,not listed
0x2E6D8,0xE6D8,byte-scan+walk,decoded-lcall,0x706B,0xE6C0,yes,ret,24,0,not listed
0x2E6E2,0xE6E2,byte-scan+walk,decoded-lcall,0x706B,0xE6C0,yes,ret,24,0,not listed
0x2E6EA,0xE6EA,byte-scan+walk,decoded-lcall,0x6FAF,0xE6C0,yes,ret,24,0,not listed
0x2E6EF,0xE6EF,byte-scan+walk,decoded-lcall,0xF1B0,0xE6C0,yes,ret,24,0,not listed
0x2E708,0xE708,byte-scan,mid-instruction,0x8002,0xE6C0,no,,0,24,not listed
0x2E70A,0xE70A,byte-scan,mid-instruction,0x7C03,0xE6C0,no,,0,24,not listed
0x2E71B,0xE71B,byte-scan,mid-instruction,0x7D05,0xE6C0,no,,0,24,not listed
0x2E722,0xE722,byte-scan,unreached-by-this-method,0x0180,0xE6C0,no,,24,0,not listed
0x2E732,0xE732,byte-scan,unreached-by-this-method,0x9C1B,0xE6C0,no,,22,2,not listed
0x2E735,0xE735,byte-scan,unreached-by-this-method,0x9CAF,0xE6C0,no,,24,0,not listed
0x2E73B,0xE73B,byte-scan,unreached-by-this-method,0x9C1B,0xE6C0,no,,20,4,not listed
0x2E743,0xE743,byte-scan,unreached-by-this-method,0xD498,0xE6C0,no,,24,0,not listed
0x2E74E,0xE74E,byte-scan,unreached-by-this-method,0x9C71,0xE6C0,no,,22,2,not listed
0x2E754,0xE754,byte-scan,unreached-by-this-method,0x0CE1,0xE6C0,no,,24,0,not listed
0x2E75C,0xE75C,byte-scan+walk,decoded-lcall,0xB172,0xE757,yes,ret,24,0,not listed
0x2E769,0xE769,byte-scan+walk,decoded-lcall,0xB176,0xE757,yes,ret,24,0,not listed
0x2E76F,0xE76F,byte-scan+walk,decoded-lcall,0xB17D,0xE757,yes,ret,24,0,not listed
0x2E779,0xE779,byte-scan+walk,decoded-lcall,0xB172,0xE757,yes,ret,24,0,not listed
0x2E77F,0xE77F,byte-scan+walk,decoded-lcall,0xB17D,0xE757,yes,ret,24,0,not listed
0x2E784,0xE784,byte-scan+walk,decoded-lcall,0x0180,0xE757,yes,ret,22,2,not listed
0x2E788,0xE788,byte-scan,unreached-by-this-method,0x9850,0xE757,no,,24,0,not listed
0x2E78B,0xE78B,byte-scan,unreached-by-this-method,0x9870,0xE757,no,,22,2,not listed
0x2E78E,0xE78E,byte-scan,unreached-by-this-method,0x98F2,0xE757,no,,20,4,not listed
0x2E795,0xE795,byte-scan,unreached-by-this-method,0x9850,0xE757,no,,24,0,not listed
0x2E798,0xE798,byte-scan,unreached-by-this-method,0x98D4,0xE757,no,,22,2,not listed
0x2E79B,0xE79B,byte-scan,unreached-by-this-method,0x9FBA,0xE757,no,,24,0,not listed
0x2E7A6,0xE7A6,byte-scan,unreached-by-this-method,0x9868,0xE757,no,,24,0,not listed
0x2E7AD,0xE7AD,byte-scan,unreached-by-this-method,0x9850,0xE757,no,,24,0,not listed
0x2E7B0,0xE7B0,byte-scan,unreached-by-this-method,0x9856,0xE757,no,,22,2,not listed
0x2E7B5,0xE7B5,byte-scan,unreached-by-this-method,0xCFA0,0xE757,no,,23,1,not listed
0x2E7BC,0xE7BC,byte-scan,unreached-by-this-method,0xB18D,0xE757,no,,22,2,not listed
0x2E7C0,0xE7C0,byte-scan,unreached-by-this-method,0x0912,0xE757,no,,1,23,not listed
0x2E7C2,0xE7C2,byte-scan,unreached-by-this-method,0x107E,0xE757,no,,22,2,not listed
0x2E7CB,0xE7CB,byte-scan,unreached-by-this-method,0x107E,0xE757,no,,24,0,not listed
0x2E7D5,0xE7D5,byte-scan,unreached-by-this-method,0x1098,0xE757,no,,24,0,not listed
0x2E7DF,0xE7DF,byte-scan,unreached-by-this-method,0x1098,0xE757,no,,24,0,not listed
0x2E7F1,0xE7F1,byte-scan,unreached-by-this-method,0x9C8A,0xE757,no,,22,2,not listed
0x2E7FF,0xE7FF,byte-scan,unreached-by-this-method,0x9C8F,0xE757,no,,22,2,not listed
0x2E813,0xE813,byte-scan,unreached-by-this-method,0x9C8F,0xE757,no,,22,2,not listed
0x2E819,0xE819,byte-scan,unreached-by-this-method,0x9BAB,0xE757,no,,24,0,not listed
0x2E821,0xE821,byte-scan,unreached-by-this-method,0x9AFB,0xE757,no,,24,0,not listed
0x2E838,0xE838,byte-scan,unreached-by-this-method,0x10E8,0xE757,no,,24,0,not listed
0x2E842,0xE842,byte-scan,unreached-by-this-method,0xA210,0xE757,no,,23,1,not listed
0x2E848,0xE848,byte-scan,unreached-by-this-method,0x9ACD,0xE757,no,,24,0,not listed
0x2E84F,0xE84F,byte-scan,unreached-by-this-method,0xDB39,0xE757,no,,23,1,not listed
0x2E852,0xE852,byte-scan,unreached-by-this-method,0x9ADD,0xE757,no,,24,0,not listed
0x2E855,0xE855,byte-scan,unreached-by-this-method,0x9B80,0xE757,no,,22,2,not listed
0x2E858,0xE858,byte-scan,unreached-by-this-method,0x9ADD,0xE757,no,,20,4,not listed
0x2E863,0xE863,byte-scan,unreached-by-this-method,0xE0CF,0xE757,no,,24,0,not listed
0x2E866,0xE866,byte-scan,unreached-by-this-method,0x9ADD,0xE757,no,,24,0,not listed
0x2E86A,0xE86A,byte-scan,unreached-by-this-method,0x9B55,0xE757,no,,24,0,not listed
0x2E873,0xE873,byte-scan,unreached-by-this-method,0x0212,0xE757,no,,2,22,not listed
0x2E874,0xE874,byte-scan,unreached-by-this-method,0x122F,0xE757,no,,21,3,not listed
0x2E875,0xE875,byte-scan,mid-instruction,0x2F90,0xE757,no,,0,24,not listed
0x2E888,0xE888,byte-scan+walk,decoded-lcall,0x9028,0xE877,yes,ret,24,0,not listed
0x2E892,0xE892,byte-scan+walk,decoded-lcall,0x90D6,0xE877,yes,ret,24,0,not listed
0x2E89D,0xE89D,byte-scan,operand,0x8002,0xE877,yes,,0,24,not listed
0x2E89F,0xE89F,byte-scan,operand,0x7D03,0xE877,yes,,0,24,not listed
0x2E8A2,0xE8A2,byte-scan+walk,decoded-lcall,0xF50E,0xE877,yes,ret,24,0,not listed
0x2E8B1,0xE8B1,byte-scan,unreached-by-this-method,0x88A4,0xE877,no,,24,0,not listed
0x2E8B7,0xE8B7,byte-scan,unreached-by-this-method,0x87AB,0xE877,no,,24,0,not listed
0x2E8C1,0xE8C1,byte-scan,unreached-by-this-method,0x88AD,0xE877,no,,24,0,not listed
0x2E8C9,0xE8C9,byte-scan,unreached-by-this-method,0x10E8,0xE877,no,,24,0,not listed
0x2E8D0,0xE8D0,byte-scan,unreached-by-this-method,0x9186,0xE877,no,,24,0,not listed
0x2E8F6,0xE8F6,byte-scan+walk,decoded-lcall,0x128D,0xE8D4,yes,ret,24,0,not listed
0x2E8F7,0xE8F7,byte-scan,operand,0x8D90,0xE8D4,yes,,0,24,not listed
0x2E8FE,0xE8FE,byte-scan+walk,decoded-lcall,0xF604,0xE8D4,yes,ret,24,0,not listed
0x2E902,0xE902,byte-scan+walk,decoded-lcall,0x9850,0xE902,yes,ret,24,0,not listed
0x2E90A,0xE90A,byte-scan+walk,decoded-lcall,0x0C13,0xE902,yes,ret,19,5,not listed
0x2E910,0xE910,byte-scan+walk,decoded-lcall,0x0BC4,0xE902,yes,ret,22,2,not listed
0x2E927,0xE927,byte-scan+walk,decoded-lcall,0x10F1,0xE902,yes,ret,24,0,not listed
0x2E92A,0xE92A,byte-scan+walk,decoded-ljmp,0x1229,0xE902,yes,ret,22,2,not listed
0x2E92B,0xE92B,byte-scan,operand,0x297F,0xE902,yes,,2,22,not listed
0x2E939,0xE939,byte-scan+walk,decoded-lcall,0xF3EB,0xE930,yes,loop back to 0xE95D,24,0,not listed
0x2E941,0xE941,byte-scan+walk,decoded-lcall,0xF3E2,0xE930,yes,loop back to 0xE95D,23,1,not listed
0x2E950,0xE950,byte-scan+walk,decoded-lcall,0xF3EB,0xE930,yes,loop back to 0xE95D,24,0,not listed
0x2E958,0xE958,byte-scan+walk,decoded-lcall,0xF3E0,0xE930,yes,loop back to 0xE95D,24,0,not listed
0x2E969,0xE969,byte-scan+walk,decoded-lcall,0x9028,0xE930,no,ret,24,0,not listed
0x2E977,0xE977,byte-scan+walk,decoded-lcall,0x9028,0xE930,no,ret,24,0,not listed
0x2E983,0xE983,byte-scan+walk,decoded-lcall,0x9028,0xE930,no,ret,24,0,not listed
0x2E991,0xE991,byte-scan,mid-instruction,0xE4FD,0xE930,no,,0,24,not listed
0x2E994,0xE994,byte-scan,unreached-by-this-method,0xF407,0xE930,no,,24,0,not listed
0x2E999,0xE999,byte-scan,mid-instruction,0xFF22,0xE930,no,,0,24,not listed
0x2E99F,0xE99F,byte-scan,unreached-by-this-method,0x104D,0xE930,no,,24,0,not listed
0x2E9B1,0xE9B1,byte-scan,unreached-by-this-method,0xCCB7,0xE930,no,,24,0,not listed
0x2E9C2,0xE9C2,byte-scan,unreached-by-this-method,0x88A4,0xE930,no,,24,0,not listed
0x2E9C8,0xE9C8,byte-scan,unreached-by-this-method,0x87AB,0xE930,no,,24,0,not listed
0x2E9D2,0xE9D2,byte-scan,unreached-by-this-method,0x880B,0xE930,no,,24,0,not listed
0x2E9DA,0xE9DA,byte-scan,unreached-by-this-method,0x10E8,0xE930,no,,24,0,not listed
0x2E9DF,0xE9DF,byte-scan,unreached-by-this-method,0x9186,0xE930,no,,24,0,not listed
0x2E9E6,0xE9E6,byte-scan+walk,decoded-lcall,0x10E8,0xE9E3,yes,tail jump to a callee,24,0,not listed
0x2E9E9,0xE9E9,byte-scan+walk,decoded-lcall,0x9A90,0xE9E3,no,tail jump to a callee,23,1,not listed
0x2E9EC,0xE9EC,byte-scan+walk,decoded-lcall,0x998B,0xE9E3,no,tail jump to a callee,21,3,not listed
0x2E9F8,0xE9F8,byte-scan+walk,decoded-lcall,0x998B,0xE9E3,no,tail jump to a callee,22,2,not listed
0x2E9FB,0xE9FB,byte-scan+walk,decoded-lcall,0x9A98,0xE9E3,no,tail jump to a callee,20,4,not listed
0x2EA06,0xEA06,byte-scan+walk,decoded-lcall,0x10C8,0xE9E3,no,tail jump to a callee,24,0,not listed
0x2EA0C,0xEA0C,byte-scan+walk,decoded-ljmp,0x0D70,0xE9E3,no,tail jump to a callee,24,0,not listed
0x2EA1E,0xEA1E,byte-scan+walk,decoded-lcall,0x0C46,0xE9E3,no,tail jump to a callee,24,0,not listed
0x2EA34,0xEA34,byte-scan+walk,decoded-lcall,0x10C8,0xE9E3,no,tail jump to a callee,22,2,not listed
0x2EA38,0xEA38,byte-scan+walk,decoded-ljmp,0x0C46,0xE9E3,no,tail jump to a callee,24,0,not listed
0x2EA55,0xEA55,byte-scan,mid-instruction,0xAD03,0xE9E3,no,,0,24,not listed
0x2EA5B,0xEA5B,byte-scan,unreached-by-this-method,0x10C8,0xE9E3,no,,24,0,not listed
0x2EA5E,0xEA5E,byte-scan,unreached-by-this-method,0x719B,0xE9E3,no,,23,1,not listed
0x2EA80,0xEA80,byte-scan+walk,decoded-lcall,0xF63F,0xEA67,yes,loop back to 0xEA83,24,0,not listed
0x2EA96,0xEA96,byte-scan+walk,decoded-lcall,0x1041,0xEA67,no,loop back to 0xEABB,24,0,not listed
0x2EA9E,0xEA9E,byte-scan+walk,decoded-lcall,0x0FD9,0xEA67,no,loop back to 0xEABB,24,0,not listed
0x2EABE,0xEABE,byte-scan+walk,decoded-lcall,0x9850,0xEA67,no,ret,24,0,not listed
0x2EAC1,0xEAC1,byte-scan+walk,decoded-lcall,0x10FD,0xEA67,no,ret,22,2,not listed
0x2EAC7,0xEAC7,byte-scan+walk,decoded-lcall,0x10E8,0xEA67,no,ret,24,0,not listed
0x2EAD0,0xEAD0,byte-scan+walk,decoded-lcall,0x9850,0xEA67,no,ret,24,0,not listed
0x2EAD3,0xEAD3,byte-scan+walk,decoded-lcall,0x128D,0xEA67,no,ret,22,2,not listed
0x2EAD4,0xEAD4,byte-scan,operand,0x8D90,0xEA67,no,,2,22,not listed
0x2EAD9,0xEAD9,byte-scan+walk,decoded-lcall,0x10C8,0xEA67,no,ret,24,0,not listed
0x2EADF,0xEADF,byte-scan,operand,0xC001,0xEA67,no,,0,24,not listed
0x2EAE2,0xEAE2,byte-scan+walk,decoded-lcall,0x9850,0xEA67,no,ret,23,1,not listed
0x2EAE5,0xEAE5,byte-scan+walk,decoded-lcall,0x111D,0xEA67,no,ret,21,3,not listed
0x2EB25,0xEB25,byte-scan,unreached-by-this-method,0xE7B9,0xEA67,no,,23,1,not listed
0x2EB2D,0xEB2D,byte-scan,unreached-by-this-method,0x574B,0xEA67,no,,24,0,not listed
0x2EB34,0xEB34,byte-scan,unreached-by-this-method,0x592E,0xEA67,no,,23,1,not listed
0x2EB37,0xEB37,byte-scan,unreached-by-this-method,0xA210,0xEA67,no,,24,0,not listed
0x2EB47,0xEB47,byte-scan+walk,decoded-lcall,0x9BCE,0xEA67,no,ret,24,0,not listed
0x2EB50,0xEB50,byte-scan+walk,decoded-lcall,0x9BC2,0xEA67,no,ret,24,0,not listed
0x2EB57,0xEB57,byte-scan+walk,decoded-lcall,0x9B44,0xEA67,no,ret,24,0,not listed
0x2EB5A,0xEB5A,byte-scan+walk,decoded-lcall,0x104D,0xEA67,no,ret,22,2,not listed
0x2EB6C,0xEB6C,byte-scan,unreached-by-this-method,0x9B25,0xEA67,no,,24,0,not listed
0x2EB7A,0xEB7A,byte-scan,unreached-by-this-method,0x9AE4,0xEA67,no,,24,0,not listed
0x2EB7D,0xEB7D,byte-scan,unreached-by-this-method,0x9B9A,0xEA67,no,,24,0,not listed
0x2EB86,0xEB86,byte-scan,unreached-by-this-method,0x9B61,0xEA67,no,,24,0,not listed
0x2EB8B,0xEB8B,byte-scan,unreached-by-this-method,0xA210,0xEA67,no,,21,3,not listed
0x2EB91,0xEB91,byte-scan,unreached-by-this-method,0x9850,0xEA67,no,,24,0,not listed
0x2EB97,0xEB97,byte-scan,unreached-by-this-method,0x0D38,0xEA67,no,,24,0,not listed
0x2EB9B,0xEB9B,byte-scan,unreached-by-this-method,0x98FF,0xEA67,no,,24,0,not listed
0x2EB9E,0xEB9E,byte-scan,unreached-by-this-method,0x9850,0xEA67,no,,24,0,not listed
0x2EBA4,0xEBA4,byte-scan,unreached-by-this-method,0x0D38,0xEA67,no,,24,0,not listed
0x2EBAA,0xEBAA,byte-scan,unreached-by-this-method,0x9910,0xEA67,no,,24,0,not listed
0x2EBB2,0xEBB2,byte-scan,unreached-by-this-method,0x9864,0xEA67,no,,19,5,not listed
0x2EBB7,0xEBB7,byte-scan,unreached-by-this-method,0xCFA0,0xEA67,no,,16,8,not listed
0x2EBCF,0xEBCF,byte-scan+walk,decoded-lcall,0xF6FB,0xEBBB,yes,ret,24,0,not listed
0x2EBD2,0xEBD2,byte-scan+walk,decoded-lcall,0xF6F3,0xEBBB,yes,ret,24,0,not listed
0x2EBD5,0xEBD5,byte-scan+walk,decoded-lcall,0xEFB9,0xEBBB,yes,ret,24,0,not listed
0x2EBD8,0xEBD8,byte-scan+walk,decoded-lcall,0xF781,0xEBBB,yes,ret,22,2,not listed
0x2EBDB,0xEBDB,byte-scan+walk,decoded-lcall,0xDFFA,0xEBBB,yes,ret,20,4,not listed
0x2EBDE,0xEBDE,byte-scan+walk,decoded-lcall,0xC62B,0xEBBB,yes,ret,24,0,not listed
0x2EBE4,0xEBE4,byte-scan+walk,decoded-lcall,0x9ACD,0xEBE4,yes,loop back to 0xEC07,24,0,not listed
0x2EBF2,0xEBF2,byte-scan+walk,decoded-lcall,0x9ADD,0xEBE4,yes,loop back to 0xEC07,24,0,not listed
0x2EBFB,0xEBFB,byte-scan+walk,decoded-lcall,0x9ADD,0xEBE4,yes,loop back to 0xEC07,24,0,not listed
0x2EC09,0xEC09,byte-scan,operand,0x0212,0xEBE4,yes,,1,23,not listed
0x2EC0A,0xEC0A,byte-scan+walk,decoded-ljmp,0x122F,0xEBE4,yes,loop back to 0xEC07,22,2,not listed
0x2EC0B,0xEC0B,byte-scan,operand,0x2F90,0xEBE4,yes,,0,24,not listed
0x2EC0E,0xEC0E,byte-scan,operand,0x0AE4,0xEBE4,no,,1,23,not listed
0x2EC41,0xEC41,byte-scan+walk,decoded-lcall,0x9028,0xEC36,yes,ret,24,0,not listed
0x2EC52,0xEC52,byte-scan+walk,decoded-lcall,0x9028,0xEC36,yes,ret,24,0,not listed
0x2EC69,0xEC69,byte-scan+walk,decoded-lcall,0x9028,0xEC5E,yes,ret,24,0,not listed
0x2EC7A,0xEC7A,byte-scan+walk,decoded-lcall,0x9028,0xEC5E,yes,ret,24,0,not listed
0x2EC86,0xEC86,byte-scan,unreached-by-this-method,0xEFD8,0xEC5E,no,,24,0,not listed
0x2EC8A,0xEC8A,byte-scan,unreached-by-this-method,0x04F0,0xEC5E,no,,2,22,not listed
0x2EC95,0xEC95,byte-scan,unreached-by-this-method,0x04E0,0xEC5E,no,,2,22,not listed
0x2ECB3,0xECB3,byte-scan+walk,decoded-lcall,0xECB8,0xEC5E,no,ret,24,0,not listed
0x2ED06,0xED06,byte-scan,unreached-by-this-method,0xDB39,0xEC5E,no,,23,1,not listed
0x2ED12,0xED12,byte-scan,unreached-by-this-method,0x5752,0xEC5E,no,,24,0,not listed
0x2ED16,0xED16,byte-scan,unreached-by-this-method,0x56BC,0xEC5E,no,,24,0,not listed
0x2ED1A,0xED1A,byte-scan,unreached-by-this-method,0xA210,0xEC5E,no,,22,2,not listed
0x2ED20,0xED20,byte-scan,unreached-by-this-method,0x9B11,0xEC5E,no,,24,0,not listed
0x2ED26,0xED26,byte-scan,unreached-by-this-method,0x122F,0xEC5E,no,,24,0,not listed
0x2ED27,0xED27,byte-scan,mid-instruction,0x2F12,0xEC5E,no,,0,24,not listed
0x2ED29,0xED29,byte-scan,unreached-by-this-method,0x9C01,0xEC5E,no,,23,1,not listed
0x2ED2D,0xED2D,byte-scan,unreached-by-this-method,0x9ADD,0xEC5E,no,,24,0,not listed
0x2ED34,0xED34,byte-scan,unreached-by-this-method,0x9BF3,0xEC5E,no,,22,2,not listed
0x2ED37,0xED37,byte-scan,unreached-by-this-method,0x9ADD,0xEC5E,no,,24,0,not listed
0x2ED3B,0xED3B,byte-scan,unreached-by-this-method,0x10E8,0xEC5E,no,,24,0,not listed
0x2ED43,0xED43,byte-scan,unreached-by-this-method,0x122F,0xEC5E,no,,24,0,not listed
0x2ED44,0xED44,byte-scan,mid-instruction,0x2F90,0xEC5E,no,,0,24,not listed
0x2ED49,0xED49,byte-scan+walk,decoded-lcall,0x10E8,0xED46,yes,loop back to 0xED6A,21,3,not listed
0x2ED58,0xED58,byte-scan,operand,0xC001,0xED46,no,,0,24,not listed
0x2ED5E,0xED5E,byte-scan+walk,decoded-lcall,0x10C8,0xED46,no,loop back to 0xED6A,21,3,not listed
0x2ED61,0xED61,byte-scan+walk,decoded-lcall,0x111D,0xED46,no,loop back to 0xED6A,20,4,not listed
0x2ED67,0xED67,byte-scan+walk,decoded-lcall,0xB1F2,0xED46,no,loop back to 0xED6A,22,2,not listed
0x2ED75,0xED75,byte-scan,unreached-by-this-method,0x0180,0xED46,no,,24,0,not listed
0x2ED7F,0xED7F,byte-scan,unreached-by-this-method,0xD3D1,0xED46,no,,24,0,not listed
0x2ED86,0xED86,byte-scan,unreached-by-this-method,0xB174,0xED46,no,,24,0,not listed
0x2ED8C,0xED8C,byte-scan,unreached-by-this-method,0xB17D,0xED46,no,,24,0,not listed
0x2ED96,0xED96,byte-scan+walk,decoded-lcall,0x90C0,0xED90,yes,ret,24,0,not listed
0x2ED9E,0xED9E,byte-scan+walk,decoded-lcall,0x90C0,0xED90,yes,ret,24,0,not listed
0x2EDA4,0xEDA4,byte-scan+walk,decoded-lcall,0x9023,0xED90,yes,ret,24,0,not listed
0x2EDBA,0xEDBA,byte-scan+walk,decoded-lcall,0x9A1B,0xEDB5,yes,ret,24,0,not listed
0x2EDBE,0xEDBE,byte-scan+walk,decoded-lcall,0x998F,0xEDB5,yes,ret,24,0,not listed
0x2EDC1,0xEDC1,byte-scan+walk,decoded-lcall,0x99D4,0xEDB5,yes,ret,22,2,not listed
0x2EDC5,0xEDC5,byte-scan+walk,decoded-lcall,0x9A91,0xEDB5,yes,ret,24,0,not listed
0x2EDC8,0xEDC8,byte-scan+walk,decoded-lcall,0x10BC,0xEDB5,yes,ret,22,2,not listed
0x2EDCC,0xEDCC,byte-scan+walk,decoded-lcall,0x998F,0xEDB5,no,ret,23,1,not listed
0x2EDD6,0xEDD6,byte-scan,operand,0x7F00,0xEDB5,no,,1,23,not listed
0x2EDDD,0xEDDD,byte-scan,mid-instruction,0xC001,0xEDB5,no,,0,24,not listed
0x2EDE2,0xEDE2,byte-scan,unreached-by-this-method,0x1210,0xEDB5,no,,2,22,not listed
0x2EDE3,0xEDE3,byte-scan,unreached-by-this-method,0x10C8,0xEDB5,no,,21,3,not listed
0x2EDE9,0xEDE9,byte-scan,unreached-by-this-method,0x10E8,0xEDB5,no,,24,0,not listed
0x2EDF7,0xEDF7,byte-scan,unreached-by-this-method,0xD003,0xEDB5,no,,1,23,not listed
0x2EDFA,0xEDFA,byte-scan,unreached-by-this-method,0xEEF4,0xEDB5,no,,24,0,not listed
0x2EE0D,0xEE0D,byte-scan,unreached-by-this-method,0xF28D,0xEDB5,no,,24,0,not listed
0x2EE13,0xEE13,byte-scan,unreached-by-this-method,0xB293,0xEDB5,no,,24,0,not listed
0x2EE16,0xEE16,byte-scan,unreached-by-this-method,0x1041,0xEDB5,no,,24,0,not listed
0x2EE29,0xEE29,byte-scan,unreached-by-this-method,0x104D,0xEDB5,no,,24,0,not listed
0x2EE30,0xEE30,byte-scan,unreached-by-this-method,0x9AE7,0xEDB5,no,,24,0,not listed
0x2EE33,0xEE33,byte-scan,unreached-by-this-method,0x9B9A,0xEDB5,no,,24,0,not listed
0x2EE3A,0xEE3A,byte-scan,unreached-by-this-method,0x9B5F,0xEDB5,no,,24,0,not listed
0x2EE3F,0xEE3F,byte-scan,unreached-by-this-method,0xA210,0xEDB5,no,,23,1,not listed
0x2EE56,0xEE56,byte-scan,mid-instruction,0xF07B,0xEDB5,no,,0,24,not listed
0x2EE5F,0xEE5F,byte-scan,unreached-by-this-method,0x10E8,0xEDB5,no,,24,0,not listed
0x2EE64,0xEE64,byte-scan,unreached-by-this-method,0x9186,0xEDB5,no,,24,0,not listed
0x2EE70,0xEE70,byte-scan+walk,decoded-lcall,0xEF79,0xEE68,yes,ret,24,0,not listed
0x2EE87,0xEE87,byte-scan+walk,decoded-lcall,0xEF59,0xEE68,yes,ret,24,0,not listed
0x2EE8E,0xEE8E,byte-scan+walk,decoded-lcall,0x6FAF,0xEE8B,yes,ret,24,0,not listed
0x2EE94,0xEE94,byte-scan+walk,decoded-lcall,0x70A4,0xEE8B,yes,ret,24,0,not listed
0x2EEA6,0xEEA6,byte-scan,operand,0x7F00,0xEE8B,yes,,1,23,not listed
0x2EEB1,0xEEB1,byte-scan,operand,0x79FF,0xEEAE,yes,,1,23,not listed
0x2EEB4,0xEEB4,byte-scan+walk,decoded-lcall,0x0BAB,0xEEAE,yes,loop back to 0xEEBE,24,0,not listed
0x2EEBB,0xEEBB,byte-scan+walk,decoded-lcall,0x0C46,0xEEAE,yes,loop back to 0xEEBE,24,0,not listed
0x2EEBE,0xEEBE,byte-scan+walk,decoded-lcall,0x0BAB,0xEEAE,yes,loop back to 0xEEBE,24,0,not listed
0x2EEC7,0xEEC7,byte-scan,operand,0xF583,0xEEAE,yes,,0,24,not listed
0x2EECE,0xEECE,byte-scan+walk,decoded-ljmp,0x0BF1,0xEEAE,yes,loop back to 0xEEBE,23,1,not listed
0x2EEDA,0xEEDA,byte-scan+walk,decoded-lcall,0xF3EB,0xEED1,yes,ret,24,0,not listed
0x2EEE3,0xEEE3,byte-scan+walk,decoded-lcall,0xF3E2,0xEED1,yes,ret,23,1,not listed
0x2EEED,0xEEED,byte-scan+walk,decoded-lcall,0xF3E0,0xEED1,yes,ret,24,0,not listed
0x2EF01,0xEF01,byte-scan,unreached-by-this-method,0x10C8,0xEED1,no,,24,0,not listed
0x2EF10,0xEF10,byte-scan,unreached-by-this-method,0xF407,0xEED1,no,,23,1,not listed
0x2EF16,0xEF16,byte-scan,unreached-by-this-method,0xEDFE,0xEED1,no,,24,0,not listed
0x2EF19,0xEF19,byte-scan,unreached-by-this-method,0xEABE,0xEED1,no,,24,0,not listed
0x2EF1C,0xEF1C,byte-scan,unreached-by-this-method,0x9850,0xEED1,no,,22,2,not listed
0x2EF1F,0xEF1F,byte-scan,unreached-by-this-method,0x9958,0xEED1,no,,20,4,not listed
0x2EF24,0xEF24,byte-scan,unreached-by-this-method,0x0C58,0xEED1,no,,24,0,not listed
0x2EF2C,0xEF2C,byte-scan,unreached-by-this-method,0xF090,0xEED1,no,,2,22,not listed
0x2EF5E,0xEF5E,byte-scan+walk,decoded-lcall,0x715E,0xEF59,yes,loop back to 0xEF71,24,0,not listed
0x2EF64,0xEF64,byte-scan+walk,decoded-lcall,0x6FAF,0xEF59,yes,loop back to 0xEF71,24,0,not listed
0x2EF6E,0xEF6E,byte-scan+walk,decoded-lcall,0xED90,0xEF59,yes,loop back to 0xEF71,24,0,not listed
0x2EF76,0xEF76,byte-scan+walk,decoded-ljmp,0xE5B3,0xEF59,yes,loop back to 0xEF71,24,0,not listed
0x2EF7E,0xEF7E,byte-scan+walk,decoded-lcall,0x716C,0xEF79,yes,loop back to 0xEF91,24,0,not listed
0x2EF84,0xEF84,byte-scan+walk,decoded-lcall,0x6FAF,0xEF79,yes,loop back to 0xEF91,24,0,not listed
0x2EF8E,0xEF8E,byte-scan+walk,decoded-lcall,0xCBB0,0xEF79,yes,loop back to 0xEF91,24,0,not listed
0x2EF96,0xEF96,byte-scan+walk,decoded-ljmp,0xE5B3,0xEF79,yes,loop back to 0xEF91,24,0,not listed
0x2EFA6,0xEFA6,byte-scan,unreached-by-this-method,0x7F00,0xEF79,no,,1,23,not listed
0x2EFA9,0xEFA9,byte-scan,unreached-by-this-method,0xC247,0xEF79,no,,24,0,not listed
0x2EFDE,0xEFDE,byte-scan,unreached-by-this-method,0x0C7A,0xEFB9,no,,22,2,not listed
0x2EFEB,0xEFEB,byte-scan,mid-instruction,0x06E0,0xEFB9,no,,0,24,not listed
0x2F007,0xF007,byte-scan,unreached-by-this-method,0x0FAF,0xEFB9,no,,24,0,not listed
0x2F012,0xF012,byte-scan,unreached-by-this-method,0xB074,0xEFB9,no,,23,1,not listed
0x2F02A,0xF02A,byte-scan,unreached-by-this-method,0x56BF,0xEFB9,no,,24,0,not listed
0x2F02E,0xF02E,byte-scan,mid-instruction,0x12A2,0xEFB9,no,,0,24,not listed
0x2F02F,0xF02F,byte-scan,unreached-by-this-method,0xA210,0xEFB9,no,,23,1,not listed
0x2F03A,0xF03A,byte-scan+walk,decoded-lcall,0x7021,0xF035,yes,tail jump to a callee,24,0,not listed
0x2F03D,0xF03D,byte-scan+walk,decoded-lcall,0x7182,0xF035,yes,tail jump to a callee,23,1,not listed
0x2F045,0xF045,byte-scan+walk,decoded-lcall,0xF126,0xF035,yes,tail jump to a callee,24,0,not listed
0x2F04C,0xF04C,byte-scan+walk,decoded-lcall,0x7140,0xF035,yes,tail jump to a callee,24,0,not listed
0x2F051,0xF051,byte-scan+walk,decoded-ljmp,0xF351,0xF035,yes,tail jump to a callee,24,0,not listed
0x2F05F,0xF05F,byte-scan,unreached-by-this-method,0x0FAF,0xF035,no,,22,2,not listed
0x2F065,0xF065,byte-scan,unreached-by-this-method,0x1041,0xF035,no,,18,6,not listed
0x2F06B,0xF06B,byte-scan,unreached-by-this-method,0x104D,0xF035,no,,24,0,not listed
0x2F073,0xF073,byte-scan,unreached-by-this-method,0xEFD8,0xF035,no,,24,0,not listed
0x2F077,0xF077,byte-scan,unreached-by-this-method,0x06F0,0xF035,no,,2,22,not listed
0x2F081,0xF081,byte-scan,unreached-by-this-method,0xEFEA,0xF035,no,,22,2,not listed
0x2F096,0xF096,byte-scan,unreached-by-this-method,0x104D,0xF035,no,,24,0,not listed
0x2F09D,0xF09D,byte-scan,unreached-by-this-method,0x8864,0xF035,no,,24,0,not listed
0x2F0A5,0xF0A5,byte-scan,unreached-by-this-method,0x8814,0xF035,no,,24,0,not listed
0x2F0AB,0xF0AB,byte-scan,unreached-by-this-method,0x821B,0xF035,no,,24,0,not listed
0x2F0B4,0xF0B4,byte-scan,unreached-by-this-method,0x104D,0xF035,no,,24,0,not listed
0x2F0BB,0xF0BB,byte-scan,unreached-by-this-method,0x8864,0xF035,no,,24,0,not listed
0x2F0C3,0xF0C3,byte-scan,unreached-by-this-method,0x8814,0xF035,no,,24,0,not listed
0x2F0C9,0xF0C9,byte-scan,unreached-by-this-method,0x821B,0xF035,no,,24,0,not listed
0x2F0D2,0xF0D2,byte-scan,unreached-by-this-method,0x104D,0xF035,no,,24,0,not listed
0x2F0D9,0xF0D9,byte-scan,unreached-by-this-method,0x8864,0xF035,no,,24,0,not listed
0x2F0E1,0xF0E1,byte-scan,unreached-by-this-method,0x8814,0xF035,no,,24,0,not listed
0x2F0E7,0xF0E7,byte-scan,unreached-by-this-method,0x821B,0xF035,no,,24,0,not listed
0x2F0EB,0xF0EB,byte-scan,unreached-by-this-method,0xF589,0xF035,no,,24,0,not listed
0x2F0F3,0xF0F3,byte-scan,unreached-by-this-method,0x983A,0xF035,no,,24,0,not listed
0x2F0F6,0xF0F6,byte-scan,unreached-by-this-method,0x9898,0xF035,no,,24,0,not listed
0x2F102,0xF102,byte-scan,unreached-by-this-method,0xC590,0xF035,no,,24,0,not listed
0x2F105,0xF105,byte-scan,unreached-by-this-method,0xA56C,0xF035,no,,23,1,not listed
0x2F111,0xF111,byte-scan+walk,decoded-lcall,0x9028,0xF109,yes,ret,24,0,not listed
0x2F11E,0xF11E,byte-scan+walk,decoded-lcall,0x9028,0xF109,yes,ret,24,0,not listed
0x2F126,0xF126,byte-scan+walk,decoded-lcall,0x6F96,0xF126,yes,loop back to 0xF13D,24,0,not listed
0x2F12A,0xF12A,byte-scan,operand,0x1271,0xF126,yes,,0,24,not listed
0x2F12B,0xF12B,byte-scan+walk,decoded-lcall,0x7108,0xF126,yes,loop back to 0xF13D,23,1,not listed
0x2F12E,0xF12E,byte-scan+walk,decoded-lcall,0x7045,0xF126,yes,loop back to 0xF13D,24,0,not listed
0x2F131,0xF131,byte-scan+walk,decoded-lcall,0x7108,0xF126,yes,loop back to 0xF13D,23,1,not listed
0x2F134,0xF134,byte-scan+walk,decoded-lcall,0x7045,0xF126,yes,loop back to 0xF13D,24,0,not listed
0x2F137,0xF137,byte-scan+walk,decoded-lcall,0x7108,0xF126,yes,loop back to 0xF13D,23,1,not listed
0x2F13A,0xF13A,byte-scan+walk,decoded-lcall,0xCC36,0xF126,yes,loop back to 0xF13D,24,0,not listed
0x2F140,0xF140,byte-scan+walk,decoded-ljmp,0x122F,0xF126,yes,loop back to 0xF13D,24,0,not listed
0x2F141,0xF141,byte-scan,operand,0x2F12,0xF126,yes,,0,24,not listed
0x2F143,0xF143,byte-scan,unreached-by-this-method,0xF589,0xF126,no,,23,1,not listed
0x2F14B,0xF14B,byte-scan,unreached-by-this-method,0x983A,0xF126,no,,24,0,not listed
0x2F14E,0xF14E,byte-scan,unreached-by-this-method,0x9898,0xF126,no,,24,0,not listed
0x2F15A,0xF15A,byte-scan,unreached-by-this-method,0xC590,0xF126,no,,24,0,not listed
0x2F170,0xF170,byte-scan,unreached-by-this-method,0x0FAF,0xF126,no,,24,0,not listed
0x2F173,0xF173,byte-scan,unreached-by-this-method,0x0F95,0xF126,no,,22,2,not listed
0x2F185,0xF185,byte-scan,unreached-by-this-method,0x906D,0xF126,no,,23,1,not listed
0x2F18F,0xF18F,byte-scan,unreached-by-this-method,0x9028,0xF126,no,,24,0,not listed
0x2F19B,0xF19B,byte-scan,unreached-by-this-method,0x87C3,0xF126,no,,24,0,not listed
0x2F19E,0xF19E,byte-scan,unreached-by-this-method,0x8809,0xF126,no,,24,0,not listed
0x2F1A6,0xF1A6,byte-scan,unreached-by-this-method,0x10E8,0xF126,no,,24,0,not listed
0x2F1AC,0xF1AC,byte-scan,unreached-by-this-method,0x9186,0xF126,no,,24,0,not listed
0x2F1B6,0xF1B6,byte-scan,operand,0x90FF,0xF1B0,yes,,0,24,not listed
0x2F1CC,0xF1CC,byte-scan,unreached-by-this-method,0xB19E,0xF1B0,no,,23,1,not listed
0x2F1D7,0xF1D7,byte-scan,unreached-by-this-method,0xB1BF,0xF1B0,no,,24,0,not listed
0x2F1DB,0xF1DB,byte-scan,unreached-by-this-method,0xB208,0xF1B0,no,,23,1,not listed
0x2F1E8,0xF1E8,byte-scan,unreached-by-this-method,0x9028,0xF1B0,no,,24,0,not listed
0x2F1F8,0xF1F8,byte-scan,unreached-by-this-method,0x7F00,0xF1B0,no,,1,23,not listed
0x2F204,0xF204,byte-scan,unreached-by-this-method,0x8808,0xF1B0,no,,24,0,not listed
0x2F20C,0xF20C,byte-scan,unreached-by-this-method,0x10E8,0xF1B0,no,,24,0,not listed
0x2F211,0xF211,byte-scan,unreached-by-this-method,0x9186,0xF1B0,no,,24,0,not listed
0x2F21A,0xF21A,byte-scan,unreached-by-this-method,0x87C3,0xF1B0,no,,24,0,not listed
0x2F21D,0xF21D,byte-scan,unreached-by-this-method,0x8809,0xF1B0,no,,24,0,not listed
0x2F225,0xF225,byte-scan,unreached-by-this-method,0x10E8,0xF1B0,no,,24,0,not listed
0x2F22A,0xF22A,byte-scan,unreached-by-this-method,0x9186,0xF1B0,no,,24,0,not listed
0x2F231,0xF231,byte-scan+walk,decoded-lcall,0x9987,0xF22E,yes,ret,24,0,not listed
0x2F236,0xF236,byte-scan+walk,decoded-lcall,0x9A90,0xF22E,yes,ret,24,0,not listed
0x2F239,0xF239,byte-scan+walk,decoded-lcall,0x998B,0xF22E,yes,ret,22,2,not listed
0x2F243,0xF243,byte-scan,operand,0x7F00,0xF22E,no,,1,23,not listed
0x2F250,0xF250,byte-scan+walk,decoded-lcall,0xF3CC,0xF247,yes,ret,23,1,not listed
0x2F256,0xF256,byte-scan+walk,decoded-lcall,0x70A3,0xF247,yes,ret,24,0,not listed
0x2F266,0xF266,byte-scan,unreached-by-this-method,0x8808,0xF247,no,,24,0,not listed
0x2F26E,0xF26E,byte-scan,unreached-by-this-method,0x10E8,0xF247,no,,24,0,not listed
0x2F273,0xF273,byte-scan,unreached-by-this-method,0x9186,0xF247,no,,24,0,not listed
0x2F29B,0xF29B,byte-scan+walk,decoded-lcall,0x0FBB,0xF28D,yes,ret,24,0,not listed
0x2F2A0,0xF2A0,byte-scan,operand,0xFE22,0xF28D,yes,,2,22,not listed
0x2F2A3,0xF2A3,byte-scan+walk,decoded-lcall,0x363B,0xF28D,no,ret,24,0,not listed
0x2F2A7,0xF2A7,byte-scan+walk,decoded-lcall,0x349B,0xF28D,no,ret,24,0,not listed
0x2F2AA,0xF2AA,byte-scan+walk,decoded-lcall,0x3A0E,0xF28D,no,ret,24,0,not listed
0x2F2AD,0xF2AD,byte-scan+walk,decoded-lcall,0x34C9,0xF28D,no,ret,24,0,not listed
0x2F2B5,0xF2B5,byte-scan,operand,0x7F00,0xF28D,no,,1,23,not listed
0x2F2C0,0xF2C0,byte-scan+walk,decoded-lcall,0x9028,0xF28D,no,ret,24,0,not listed
0x2F2D2,0xF2D2,byte-scan,unreached-by-this-method,0x88B4,0xF28D,no,,24,0,not listed
0x2F2DA,0xF2DA,byte-scan,unreached-by-this-method,0x10E8,0xF28D,no,,24,0,not listed
0x2F2E1,0xF2E1,byte-scan,unreached-by-this-method,0x9186,0xF28D,no,,24,0,not listed
0x2F2E8,0xF2E8,byte-scan,unreached-by-this-method,0x88B4,0xF28D,no,,24,0,not listed
0x2F2F0,0xF2F0,byte-scan,unreached-by-this-method,0x10E8,0xF28D,no,,24,0,not listed
0x2F2F7,0xF2F7,byte-scan,unreached-by-this-method,0x9186,0xF28D,no,,24,0,not listed
0x2F308,0xF308,byte-scan,operand,0xF090,0xF2FB,yes,,0,24,not listed
0x2F321,0xF321,byte-scan,mid-instruction,0xFF22,0xF2FB,no,,0,24,not listed
0x2F32F,0xF32F,byte-scan,unreached-by-this-method,0xB19E,0xF2FB,no,,24,0,not listed
0x2F336,0xF336,byte-scan,unreached-by-this-method,0xB19E,0xF2FB,no,,24,0,not listed
0x2F33C,0xF33C,byte-scan,unreached-by-this-method,0x9BD6,0xF2FB,no,,24,0,not listed
0x2F341,0xF341,byte-scan,unreached-by-this-method,0x9BD6,0xF2FB,no,,24,0,not listed
0x2F346,0xF346,byte-scan,unreached-by-this-method,0x9B1A,0xF2FB,no,,24,0,not listed
0x2F34E,0xF34E,byte-scan,unreached-by-this-method,0x122F,0xF2FB,no,,24,0,not listed
0x2F34F,0xF34F,byte-scan,mid-instruction,0x2F12,0xF2FB,no,,0,24,not listed
0x2F351,0xF351,byte-scan+walk,decoded-lcall,0x6F96,0xF351,yes,loop back to 0xF360,23,1,not listed
0x2F356,0xF356,byte-scan+walk,decoded-lcall,0x705C,0xF351,yes,loop back to 0xF360,24,0,not listed
0x2F35A,0xF35A,byte-scan+walk,decoded-lcall,0x10C8,0xF351,yes,loop back to 0xF360,24,0,not listed
0x2F35D,0xF35D,byte-scan+walk,decoded-lcall,0xF723,0xF351,yes,loop back to 0xF360,23,1,not listed
0x2F363,0xF363,byte-scan+walk,decoded-ljmp,0x122F,0xF351,yes,loop back to 0xF360,24,0,not listed
0x2F364,0xF364,byte-scan,operand,0x2FEF,0xF351,yes,,0,24,not listed
0x2F367,0xF367,byte-scan+walk,decoded-lcall,0x6FAF,0xF351,no,loop back to 0xF37A,24,0,not listed
0x2F36D,0xF36D,byte-scan+walk,decoded-lcall,0x70A4,0xF351,no,loop back to 0xF37A,24,0,not listed
0x2F377,0xF377,byte-scan+walk,decoded-lcall,0x0D70,0xF351,no,loop back to 0xF37A,24,0,not listed
0x2F37B,0xF37B,byte-scan,unreached-by-this-method,0xF589,0xF351,no,,24,0,not listed
0x2F383,0xF383,byte-scan,unreached-by-this-method,0x983A,0xF351,no,,23,1,not listed
0x2F386,0xF386,byte-scan,unreached-by-this-method,0x9898,0xF351,no,,24,0,not listed
0x2F38A,0xF38A,byte-scan,unreached-by-this-method,0xC590,0xF351,no,,24,0,not listed
0x2F397,0xF397,byte-scan+walk,decoded-lcall,0x0180,0xF351,no,tail jump to a callee,24,0,not listed
0x2F3A1,0xF3A1,byte-scan+walk,decoded-ljmp,0xD3D1,0xF351,no,tail jump to a callee,24,0,not listed
0x2F3A4,0xF3A4,byte-scan,unreached-by-this-method,0x5668,0xF351,no,,22,2,not listed
0x2F3A7,0xF3A7,byte-scan,unreached-by-this-method,0x57CA,0xF351,no,,24,0,not listed
0x2F3AD,0xF3AD,byte-scan,unreached-by-this-method,0x56BF,0xF351,no,,24,0,not listed
0x2F3B2,0xF3B2,byte-scan,unreached-by-this-method,0xA210,0xF351,no,,24,0,not listed
0x2F3B8,0xF3B8,byte-scan,unreached-by-this-method,0x5668,0xF351,no,,24,0,not listed
0x2F3BB,0xF3BB,byte-scan,unreached-by-this-method,0x57CA,0xF351,no,,24,0,not listed
0x2F3C1,0xF3C1,byte-scan,unreached-by-this-method,0x56BF,0xF351,no,,24,0,not listed
0x2F3C6,0xF3C6,byte-scan,unreached-by-this-method,0xA210,0xF351,no,,23,1,not listed
0x2F3F5,0xF3F5,byte-scan,unreached-by-this-method,0x5752,0xF3EB,no,,24,0,not listed
0x2F3FC,0xF3FC,byte-scan,unreached-by-this-method,0x56BF,0xF3EB,no,,24,0,not listed
0x2F400,0xF400,byte-scan,mid-instruction,0x12A2,0xF3EB,no,,0,24,not listed
0x2F401,0xF401,byte-scan,unreached-by-this-method,0xA210,0xF3EB,no,,23,1,not listed
0x2F411,0xF411,byte-scan+walk,decoded-lcall,0x8814,0xF407,yes,ret,24,0,not listed
0x2F416,0xF416,byte-scan+walk,decoded-lcall,0x821B,0xF407,yes,ret,24,0,not listed
0x2F41E,0xF41E,byte-scan+walk,decoded-lcall,0x7111,0xF407,no,ret,24,0,not listed
0x2F422,0xF422,byte-scan,operand,0xF080,0xF407,no,,1,23,not listed
0x2F426,0xF426,byte-scan+walk,decoded-lcall,0x7111,0xF407,no,ret,24,0,not listed
0x2F445,0xF445,byte-scan+walk,decoded-lcall,0xABBF,0xF440,yes,ret,24,0,not listed
0x2F44C,0xF44C,byte-scan+walk,decoded-lcall,0x96ED,0xF440,yes,ret,24,0,not listed
0x2F462,0xF462,byte-scan,unreached-by-this-method,0xEC86,0xF440,no,,22,2,not listed
0x2F471,0xF471,byte-scan,unreached-by-this-method,0x0F45,0xF440,no,,24,0,not listed
0x2F485,0xF485,byte-scan+walk,decoded-lcall,0x0180,0xF477,yes,loop back to 0xF488,24,0,not listed
0x2F489,0xF489,byte-scan+walk,decoded-lcall,0xF6FB,0xF477,no,ret,24,0,not listed
0x2F491,0xF491,byte-scan+walk,decoded-lcall,0xA756,0xF477,no,ret,23,1,not listed
0x2F495,0xF495,byte-scan+walk,decoded-lcall,0xA6CD,0xF477,no,ret,24,0,not listed
0x2F49D,0xF49D,byte-scan,unreached-by-this-method,0xB18D,0xF477,no,,22,2,not listed
0x2F4C1,0xF4C1,byte-scan,unreached-by-this-method,0x9028,0xF4AB,no,,24,0,not listed
0x2F4D1,0xF4D1,byte-scan+walk,decoded-lcall,0x70C7,0xF4CD,yes,tail jump to a callee,24,0,not listed
0x2F4D6,0xF4D6,byte-scan+walk,decoded-lcall,0x70C7,0xF4CD,yes,tail jump to a callee,24,0,not listed
0x2F4DB,0xF4DB,byte-scan+walk,decoded-ljmp,0xF55C,0xF4CD,yes,tail jump to a callee,24,0,not listed
0x2F4E1,0xF4E1,byte-scan,unreached-by-this-method,0x3620,0xF4CD,no,,22,2,not listed
0x2F4E5,0xF4E5,byte-scan,unreached-by-this-method,0x349B,0xF4CD,no,,20,4,not listed
0x2F4EF,0xF4EF,byte-scan+walk,decoded-lcall,0x350B,0xF4EE,yes,ret,24,0,not listed
0x2F4F5,0xF4F5,byte-scan,operand,0x5003,0xF4EE,yes,,0,24,not listed
0x2F4FE,0xF4FE,byte-scan,unreached-by-this-method,0x9BD6,0xF4EE,no,,24,0,not listed
0x2F503,0xF503,byte-scan,unreached-by-this-method,0x9B1A,0xF4EE,no,,24,0,not listed
0x2F50A,0xF50A,byte-scan,unreached-by-this-method,0x0212,0xF4EE,no,,2,22,not listed
0x2F50B,0xF50B,byte-scan,unreached-by-this-method,0x122F,0xF4EE,no,,21,3,not listed
0x2F50C,0xF50C,byte-scan,mid-instruction,0x2F12,0xF4EE,no,,0,24,not listed
0x2F50E,0xF50E,byte-scan+walk,decoded-lcall,0x9021,0xF50E,yes,ret,23,1,not listed
0x2F521,0xF521,byte-scan,unreached-by-this-method,0x6FAF,0xF50E,no,,24,0,not listed
0x2F526,0xF526,byte-scan,unreached-by-this-method,0xF1E3,0xF50E,no,,21,3,not listed
0x2F52F,0xF52F,byte-scan,unreached-by-this-method,0x96ED,0xF50E,no,,24,0,not listed
0x2F536,0xF536,byte-scan,unreached-by-this-method,0x970D,0xF50E,no,,24,0,not listed
0x2F53B,0xF53B,byte-scan,unreached-by-this-method,0xF17C,0xF50E,no,,24,0,not listed
0x2F54E,0xF54E,byte-scan,unreached-by-this-method,0x706B,0xF50E,no,,24,0,not listed
0x2F558,0xF558,byte-scan,unreached-by-this-method,0x7F00,0xF50E,no,,1,23,not listed
0x2F55C,0xF55C,byte-scan+walk,decoded-lcall,0x70C8,0xF55C,yes,loop back to 0xF56A,24,0,not listed
0x2F562,0xF562,byte-scan+walk,decoded-lcall,0x6FAF,0xF55C,yes,loop back to 0xF56A,24,0,not listed
0x2F567,0xF567,byte-scan+walk,decoded-lcall,0xF763,0xF55C,yes,loop back to 0xF56A,24,0,not listed
0x2F56B,0xF56B,byte-scan+walk,decoded-lcall,0x7121,0xF56B,yes,ret,22,2,not listed
0x2F57A,0xF57A,byte-scan,unreached-by-this-method,0x9850,0xF56B,no,,24,0,not listed
0x2F57D,0xF57D,byte-scan,unreached-by-this-method,0x9940,0xF56B,no,,22,2,not listed
0x2F580,0xF580,byte-scan,unreached-by-this-method,0x9860,0xF56B,no,,20,4,not listed
0x2F585,0xF585,byte-scan,unreached-by-this-method,0xCFA0,0xF56B,no,,24,0,not listed
0x2F58A,0xF58A,byte-scan,mid-instruction,0x0AE0,0xF56B,no,,0,24,not listed
0x2F59D,0xF59D,byte-scan,operand,0xF090,0xF598,yes,,2,22,not listed
0x2F5A7,0xF5A7,byte-scan,unreached-by-this-method,0x5668,0xF598,no,,24,0,not listed
0x2F5AA,0xF5AA,byte-scan,unreached-by-this-method,0x56A7,0xF598,no,,24,0,not listed
0x2F5AF,0xF5AF,byte-scan,unreached-by-this-method,0xA210,0xF598,no,,21,3,not listed
0x2F5B5,0xF5B5,byte-scan,unreached-by-this-method,0x5668,0xF598,no,,24,0,not listed
0x2F5B8,0xF5B8,byte-scan,unreached-by-this-method,0x56A7,0xF598,no,,24,0,not listed
0x2F5BD,0xF5BD,byte-scan,unreached-by-this-method,0xA210,0xF598,no,,24,0,not listed
0x2F5C4,0xF5C4,byte-scan+walk,decoded-lcall,0x56F1,0xF5C3,yes,ret,24,0,not listed
0x2F5CD,0xF5CD,byte-scan,operand,0x7F00,0xF5C3,yes,,1,23,not listed
0x2F5DF,0xF5DF,byte-scan,unreached-by-this-method,0x7121,0xF5D1,no,,24,0,not listed
0x2F5E8,0xF5E8,byte-scan,unreached-by-this-method,0x7F00,0xF5D1,no,,1,23,not listed
0x2F604,0xF604,byte-scan+walk,decoded-lcall,0xE458,0xF604,yes,ret,24,0,not listed
0x2F60C,0xF60C,byte-scan,operand,0x7C03,0xF604,yes,,1,23,not listed
0x2F61D,0xF61D,byte-scan+walk,decoded-lcall,0x6FAF,0xF61C,yes,ret,24,0,not listed
0x2F622,0xF622,byte-scan+walk,decoded-ljmp,0xF628,0xF61C,yes,ret,24,0,not listed
0x2F634,0xF634,byte-scan,unreached-by-this-method,0x9B11,0xF61C,no,,24,0,not listed
0x2F63C,0xF63C,byte-scan,unreached-by-this-method,0x122F,0xF61C,no,,19,5,not listed
0x2F63D,0xF63D,byte-scan,unreached-by-this-method,0x2F90,0xF61C,no,,5,19,not listed
0x2F655,0xF655,byte-scan+walk,decoded-lcall,0x6FAF,0xF654,yes,loop back to 0xF65D,24,0,not listed
0x2F65A,0xF65A,byte-scan+walk,decoded-lcall,0xF109,0xF654,yes,loop back to 0xF65D,24,0,not listed
0x2F65F,0xF65F,byte-scan+walk,decoded-lcall,0x6FAF,0xF65E,yes,loop back to 0xF667,24,0,not listed
0x2F664,0xF664,byte-scan+walk,decoded-lcall,0xEC5E,0xF65E,yes,loop back to 0xF667,24,0,not listed
0x2F669,0xF669,byte-scan+walk,decoded-lcall,0x6FAF,0xF668,yes,loop back to 0xF671,24,0,not listed
0x2F66E,0xF66E,byte-scan+walk,decoded-lcall,0xEC36,0xF668,yes,loop back to 0xF671,24,0,not listed
0x2F673,0xF673,byte-scan+walk,decoded-lcall,0x6FAF,0xF672,yes,loop back to 0xF67B,24,0,not listed
0x2F678,0xF678,byte-scan+walk,decoded-lcall,0xF610,0xF672,yes,loop back to 0xF67B,24,0,not listed
0x2F67D,0xF67D,byte-scan,unreached-by-this-method,0x6FAF,0xF672,no,,24,0,not listed
0x2F682,0xF682,byte-scan,unreached-by-this-method,0xF52E,0xF672,no,,24,0,not listed
0x2F687,0xF687,byte-scan+walk,decoded-lcall,0x6FAF,0xF672,no,loop back to 0xF68F,24,0,not listed
0x2F68C,0xF68C,byte-scan+walk,decoded-lcall,0xF2B9,0xF672,no,loop back to 0xF68F,24,0,not listed
0x2F695,0xF695,byte-scan,unreached-by-this-method,0x7C20,0xF672,no,,1,23,not listed
0x2F699,0xF699,byte-scan,unreached-by-this-method,0x9B11,0xF672,no,,23,1,not listed
0x2F69F,0xF69F,byte-scan,unreached-by-this-method,0x122F,0xF672,no,,24,0,not listed
0x2F6A0,0xF6A0,byte-scan,mid-instruction,0x2F12,0xF672,no,,0,24,not listed
0x2F6A2,0xF6A2,byte-scan,unreached-by-this-method,0x9B11,0xF672,no,,23,1,not listed
0x2F6A8,0xF6A8,byte-scan,unreached-by-this-method,0x122F,0xF672,no,,19,5,not listed
0x2F6A9,0xF6A9,byte-scan,unreached-by-this-method,0x2F12,0xF672,no,,5,19,not listed
0x2F6AB,0xF6AB,byte-scan,unreached-by-this-method,0x9860,0xF672,no,,18,6,not listed
0x2F6B0,0xF6B0,byte-scan,unreached-by-this-method,0xCFA0,0xF672,no,,15,9,not listed
0x2F6B4,0xF6B4,byte-scan,unreached-by-this-method,0x9860,0xF672,no,,24,0,not listed
0x2F6B9,0xF6B9,byte-scan,unreached-by-this-method,0xCFA0,0xF672,no,,21,3,not listed
0x2F6BD,0xF6BD,byte-scan,unreached-by-this-method,0x9860,0xF672,no,,24,0,not listed
0x2F6C2,0xF6C2,byte-scan,unreached-by-this-method,0xCFA0,0xF672,no,,21,3,not listed
0x2F6C6,0xF6C6,byte-scan,unreached-by-this-method,0x9860,0xF672,no,,24,0,not listed
0x2F6CB,0xF6CB,byte-scan,unreached-by-this-method,0xCFA0,0xF672,no,,21,3,not listed
0x2F6CF,0xF6CF,byte-scan,unreached-by-this-method,0x9860,0xF672,no,,24,0,not listed
0x2F6D4,0xF6D4,byte-scan,unreached-by-this-method,0xCFA0,0xF672,no,,21,3,not listed
0x2F6D8,0xF6D8,byte-scan,unreached-by-this-method,0x9860,0xF672,no,,24,0,not listed
0x2F6DD,0xF6DD,byte-scan,unreached-by-this-method,0xCFA0,0xF672,no,,21,3,not listed
0x2F6E1,0xF6E1,byte-scan,unreached-by-this-method,0x9860,0xF672,no,,24,0,not listed
0x2F6E6,0xF6E6,byte-scan,unreached-by-this-method,0xCFA0,0xF672,no,,21,3,not listed
0x2F724,0xF724,byte-scan+walk,decoded-lcall,0x96FF,0xF723,yes,tail jump to a callee,24,0,not listed
0x2F728,0xF728,byte-scan+walk,decoded-ljmp,0x0C46,0xF723,yes,tail jump to a callee,24,0,not listed
0x2F73A,0xF73A,byte-scan,operand,0x0012,0xF739,yes,,0,24,not listed
0x2F73C,0xF73C,byte-scan+walk,decoded-lcall,0x0FAF,0xF739,yes,ret,23,1,not listed
0x2F744,0xF744,byte-scan,unreached-by-this-method,0x0180,0xF739,no,,24,0,not listed
0x2F74A,0xF74A,byte-scan,unreached-by-this-method,0xB215,0xF739,no,,24,0,not listed
0x2F751,0xF751,byte-scan,unreached-by-this-method,0xB215,0xF739,no,,24,0,not listed
0x2F756,0xF756,byte-scan+walk,decoded-lcall,0x715E,0xF755,yes,ret,24,0,not listed
0x2F75D,0xF75D,byte-scan+walk,decoded-lcall,0x716C,0xF75C,yes,ret,24,0,not listed
0x2F763,0xF763,byte-scan+walk,decoded-lcall,0x97FB,0xF763,yes,ret,24,0,not listed
0x2F77B,0xF77B,byte-scan,unreached-by-this-method,0xC21D,0xF775,no,,24,0,not listed
0x2F788,0xF788,byte-scan+walk,decoded-ljmp,0x7B14,0xF786,yes,tail jump to a callee,24,0,not listed
0x2F78B,0xF78B,byte-scan,unreached-by-this-method,0x0108,0xF786,no,,24,0,not listed
0x2F790,0xF790,byte-scan,mid-instruction,0xEFEA,0xF786,no,,0,24,not listed
0x2F798,0xF798,byte-scan,unreached-by-this-method,0xE5EB,0xF786,no,,24,0,not listed
0x2F79C,0xF79C,byte-scan+walk,decoded-ljmp,0xD085,0xF79C,yes,tail jump to a callee,24,0,not listed
0x2F79F,0xF79F,byte-scan+walk,decoded-ljmp,0x4402,0xF79F,yes,tail jump to a callee,23,1,not listed
0x2F7A1,0xF7A1,byte-scan,operand,0x7F02,0xF79F,yes,,1,23,not listed
0x2F7A3,0xF7A3,byte-scan,mid-instruction,0x227F,0xF79F,no,,0,24,not listed
0x2F7A8,0xF7A8,byte-scan,unreached-by-this-method,0xF073,0xF79F,no,,24,0,not listed
0x2F7AB,0xF7AB,byte-scan,unreached-by-this-method,0xF732,0xF79F,no,,24,0,not listed
