form,image,file_offset,runtime,opcodes,immediate,text,frame_onto,frame_over,entry_pick,note
direct,pd,0x20514,0x0514,75 0d 27,0x27,"mov  0x0d,#0x27",24,0,0x001D (back 29),framed by every anchor in range
direct,pd,0x20517,0x0517,75 0e ff,0xff,"mov  0x0e,#0xff",24,0,0x001D (back 32),framed by every anchor in range
direct,pd,0x2123E,0x123E,85 82 0e,,"mov  0x0e,0x82",24,0,0x1093 (back 61),framed by every anchor in range
direct,pd,0x21245,0x1245,85 82 0e,,"mov  0x0e,0x82",24,0,0x1093 (back 68),framed by every anchor in range
direct,pd,0x21248,0x1248,f5 0d,,"mov  0x0d,a",24,0,0x1093 (back 71),framed by every anchor in range
direct,pd,0x2124B,0x124B,85 82 0e,,"mov  0x0e,0x82",24,0,0x1093 (back 74),framed by every anchor in range
direct,pd,0x2124E,0x124E,f5 0d,,"mov  0x0d,a",24,0,0x1093 (back 77),framed by every anchor in range
direct,pd,0x2A5A9,0xA5A9,85 12 0d,,"mov  0x0d,0x12",1,23,0x98E0 (back 6),some anchors miss it; see frame_onto/frame_over
direct,pd,0x2A5C8,0xA5C8,85 12 0d,,"mov  0x0d,0x12",1,23,0x98DF (back 9),some anchors miss it; see frame_onto/frame_over
direct,pd,0x2B979,0xB979,f5 0e,,"mov  0x0e,a",0,24,0x8007 (back 11),unsyncable: no anchor in range lands on it; may be data or preceded by a dispatch table
direct,pd,0x2E8A3,0xE8A3,f5 0e,,"mov  0x0e,a",0,24,0x7D03 (back 4),unsyncable: no anchor in range lands on it; may be data or preceded by a dispatch table
register,pd,0x20025,0x0025,0e,,inc  r6,0,24,,unsyncable: no anchor in range lands on it; may be data or preceded by a dispatch table; no PSW write within 64 bytes; bank not found by this scan
register,pd,0x20153,0x0153,ae ff,,"mov  r6,0xff",0,24,0x00D0 (back 21),unsyncable: no anchor in range lands on it; may be data or preceded by a dispatch table; nearest PSW write does not fix RS (nearest is 0x0142 `pop  0xd0`)
register,pd,0x20156,0x0156,ae ff,,"mov  r6,0xff",24,0,0x00D0 (back 24),framed by every anchor in range; nearest PSW write does not fix RS (nearest is 0x0142 `pop  0xd0`)
register,pd,0x20248,0x0248,1e,,dec  r6,8,16,0x0012 (back 3),some anchors miss it; see frame_onto/frame_over; no PSW write within 64 bytes; bank not found by this scan
register,pd,0x20285,0x0285,1e,,dec  r6,8,16,0x0012 (back 3),some anchors miss it; see frame_onto/frame_over; no PSW write within 64 bytes; bank not found by this scan
register,pd,0x202C3,0x02C3,7d 06,,"mov  r5,#0x06",24,0,0x007A (back 5),framed by every anchor in range; no PSW write within 64 bytes; bank not found by this scan
register,pd,0x202C8,0x02C8,ce,,"xch  a,r6",0,24,0x007A (back 10),unsyncable: no anchor in range lands on it; may be data or preceded by a dispatch table; no PSW write within 64 bytes; bank not found by this scan
register,pd,0x20388,0x0388,7d 06,,"mov  r5,#0x06",24,0,0x007A (back 5),framed by every anchor in range; no PSW write within 64 bytes; bank not found by this scan
register,pd,0x2038D,0x038D,ce,,"xch  a,r6",0,24,0x007A (back 10),unsyncable: no anchor in range lands on it; may be data or preceded by a dispatch table; no PSW write within 64 bytes; bank not found by this scan
register,pd,0x203A2,0x03A2,7d c4,,"mov  r5,#0xc4",24,0,0x007A (back 5),framed by every anchor in range; no PSW write within 64 bytes; bank not found by this scan
register,pd,0x203A7,0x03A7,ce,,"xch  a,r6",0,24,0x007A (back 10),unsyncable: no anchor in range lands on it; may be data or preceded by a dispatch table; no PSW write within 64 bytes; bank not found by this scan
register,pd,0x203BC,0x03BC,7d 04,,"mov  r5,#0x04",24,0,0x007A (back 5),framed by every anchor in range; no PSW write within 64 bytes; bank not found by this scan
register,pd,0x203C1,0x03C1,ce,,"xch  a,r6",0,24,0x007A (back 10),unsyncable: no anchor in range lands on it; may be data or preceded by a dispatch table; no PSW write within 64 bytes; bank not found by this scan
register,pd,0x203D6,0x03D6,7d c5,,"mov  r5,#0xc5",24,0,0x007A (back 5),framed by every anchor in range; no PSW write within 64 bytes; bank not found by this scan
register,pd,0x203DB,0x03DB,ce,,"xch  a,r6",0,24,0x007A (back 10),unsyncable: no anchor in range lands on it; may be data or preceded by a dispatch table; no PSW write within 64 bytes; bank not found by this scan
register,pd,0x203F0,0x03F0,7d 06,,"mov  r5,#0x06",24,0,0x007A (back 5),framed by every anchor in range; no PSW write within 64 bytes; bank not found by this scan
register,pd,0x203F5,0x03F5,ce,,"xch  a,r6",0,24,0x007A (back 10),unsyncable: no anchor in range lands on it; may be data or preceded by a dispatch table; no PSW write within 64 bytes; bank not found by this scan
register,pd,0x2040A,0x040A,7d c4,,"mov  r5,#0xc4",24,0,0x007A (back 5),framed by every anchor in range; no PSW write within 64 bytes; bank not found by this scan
register,pd,0x2040F,0x040F,ce,,"xch  a,r6",0,24,0x007A (back 10),unsyncable: no anchor in range lands on it; may be data or preceded by a dispatch table; no PSW write within 64 bytes; bank not found by this scan
register,pd,0x20424,0x0424,7d 04,,"mov  r5,#0x04",24,0,0x007A (back 5),framed by every anchor in range; no PSW write within 64 bytes; bank not found by this scan
register,pd,0x20429,0x0429,ce,,"xch  a,r6",0,24,0x007A (back 10),unsyncable: no anchor in range lands on it; may be data or preceded by a dispatch table; no PSW write within 64 bytes; bank not found by this scan
register,pd,0x2043E,0x043E,7d c5,,"mov  r5,#0xc5",24,0,0x007A (back 5),framed by every anchor in range; no PSW write within 64 bytes; bank not found by this scan
register,pd,0x20443,0x0443,ce,,"xch  a,r6",0,24,0x007A (back 10),unsyncable: no anchor in range lands on it; may be data or preceded by a dispatch table; no PSW write within 64 bytes; bank not found by this scan
register,pd,0x20479,0x0479,7d c6,,"mov  r5,#0xc6",24,0,0x007A (back 5),framed by every anchor in range; no PSW write within 64 bytes; bank not found by this scan
register,pd,0x2047E,0x047E,ce,,"xch  a,r6",0,24,0x007A (back 10),unsyncable: no anchor in range lands on it; may be data or preceded by a dispatch table; no PSW write within 64 bytes; bank not found by this scan
register,pd,0x204A2,0x04A2,7d c6,,"mov  r5,#0xc6",24,0,0x007A (back 5),framed by every anchor in range; no PSW write within 64 bytes; bank not found by this scan
register,pd,0x204A7,0x04A7,ce,,"xch  a,r6",0,24,0x007A (back 10),unsyncable: no anchor in range lands on it; may be data or preceded by a dispatch table; no PSW write within 64 bytes; bank not found by this scan
register,pd,0x204CE,0x04CE,fd,,"mov  r5,a",0,24,0x007A (back 23),unsyncable: no anchor in range lands on it; may be data or preceded by a dispatch table; no PSW write within 64 bytes; bank not found by this scan
register,pd,0x204DD,0x04DD,1d,,dec  r5,0,24,0x0090 (back 9),unsyncable: no anchor in range lands on it; may be data or preceded by a dispatch table; no PSW write within 64 bytes; bank not found by this scan
register,pd,0x204F8,0x04F8,1d,,dec  r5,0,24,0x0090 (back 9),unsyncable: no anchor in range lands on it; may be data or preceded by a dispatch table; no PSW write within 64 bytes; bank not found by this scan
register,pd,0x20505,0x0505,fd,,"mov  r5,a",0,24,0x001D (back 14),unsyncable: no anchor in range lands on it; may be data or preceded by a dispatch table; no PSW write within 64 bytes; bank not found by this scan
register,pd,0x2050B,0x050B,7e 08,,"mov  r6,#0x08",24,0,0x001D (back 20),framed by every anchor in range; no PSW write within 64 bytes; bank not found by this scan
register,pd,0x20512,0x0512,de fa,,"djnz r6,0x050e",24,0,0x001D (back 27),framed by every anchor in range; no PSW write within 64 bytes; bank not found by this scan
register,pd,0x20515,0x0515,0d,,inc  r5,0,24,0x001D (back 30),unsyncable: no anchor in range lands on it; may be data or preceded by a dispatch table; no PSW write within 64 bytes; bank not found by this scan
register,pd,0x20518,0x0518,0e,,inc  r6,0,24,0x001D (back 33),unsyncable: no anchor in range lands on it; may be data or preceded by a dispatch table; no PSW write within 64 bytes; bank not found by this scan
register,pd,0x20565,0x0565,7e 01,,"mov  r6,#0x01",24,0,0x0408 (back 11),framed by every anchor in range; no PSW write within 64 bytes; bank not found by this scan
register,pd,0x20573,0x0573,fe,,"mov  r6,a",24,0,0x0093 (back 13),framed by every anchor in range; no PSW write within 64 bytes; bank not found by this scan
register,pd,0x20579,0x0579,0e,,inc  r6,23,1,0x0093 (back 19),some anchors miss it; see frame_onto/frame_over; no PSW write within 64 bytes; bank not found by this scan
register,pd,0x205A2,0x05A2,de e7,,"djnz r6,0x058b",24,0,0x000E (back 42),framed by every anchor in range; no PSW write within 64 bytes; bank not found by this scan
register,pd,0x205B4,0x05B4,0d,,inc  r5,0,24,0x00E8 (back 11),unsyncable: no anchor in range lands on it; may be data or preceded by a dispatch table; no PSW write within 64 bytes; bank not found by this scan
register,pd,0x205B8,0x05B8,fe,,"mov  r6,a",24,0,0x00E8 (back 15),framed by every anchor in range; no PSW write within 64 bytes; bank not found by this scan
register,pd,0x205B9,0x05B9,fd,,"mov  r5,a",24,0,0x00E8 (back 16),framed by every anchor in range; no PSW write within 64 bytes; bank not found by this scan
register,pd,0x205F7,0x05F7,fe,,"mov  r6,a",24,0,0x0450 (back 40),framed by every anchor in range; no PSW write within 64 bytes; bank not found by this scan
register,pd,0x205F9,0x05F9,fd,,"mov  r5,a",24,0,0x0450 (back 42),framed by every anchor in range; no PSW write within 64 bytes; bank not found by this scan
register,pd,0x20600,0x0600,fe,,"mov  r6,a",24,0,0x0450 (back 49),framed by every anchor in range; no PSW write within 64 bytes; bank not found by this scan
register,pd,0x20607,0x0607,cd,,"xch  a,r5",24,0,0x0450 (back 56),framed by every anchor in range; no PSW write within 64 bytes; bank not found by this scan
register,pd,0x2060A,0x060A,fe,,"mov  r6,a",24,0,0x0450 (back 59),framed by every anchor in range; no PSW write within 64 bytes; bank not found by this scan
register,pd,0x20614,0x0614,ce,,"xch  a,r6",24,0,0x0450 (back 69),framed by every anchor in range; no PSW write within 64 bytes; bank not found by this scan
register,pd,0x2061D,0x061D,cd,,"xch  a,r5",24,0,0x0450 (back 78),framed by every anchor in range; no PSW write within 64 bytes; bank not found by this scan
register,pd,0x20622,0x0622,fe,,"mov  r6,a",24,0,0x0450 (back 83),framed by every anchor in range; no PSW write within 64 bytes; bank not found by this scan
register,pd,0x2066E,0x066E,ce,,"xch  a,r6",24,0,0x0450 (back 159),framed by every anchor in range; no PSW write within 64 bytes; bank not found by this scan
register,pd,0x20677,0x0677,fe,,"mov  r6,a",24,0,0x0450 (back 168),framed by every anchor in range; no PSW write within 64 bytes; bank not found by this scan
register,pd,0x2067F,0x067F,fe,,"mov  r6,a",24,0,0x0450 (back 176),framed by every anchor in range; no PSW write within 64 bytes; bank not found by this scan
register,pd,0x20683,0x0683,cd,,"xch  a,r5",24,0,0x0450 (back 180),framed by every anchor in range; no PSW write within 64 bytes; bank not found by this scan
register,pd,0x2068C,0x068C,fe,,"mov  r6,a",24,0,0x0450 (back 189),framed by every anchor in range; no PSW write within 64 bytes; bank not found by this scan
register,pd,0x2068F,0x068F,fd,,"mov  r5,a",24,0,0x0450 (back 192),framed by every anchor in range; no PSW write within 64 bytes; bank not found by this scan
register,pd,0x206A5,0x06A5,fe,,"mov  r6,a",24,0,0x0450 (back 214),framed by every anchor in range; no PSW write within 64 bytes; bank not found by this scan
register,pd,0x206A8,0x06A8,fd,,"mov  r5,a",24,0,0x0450 (back 217),framed by every anchor in range; no PSW write within 64 bytes; bank not found by this scan
register,pd,0x206B0,0x06B0,0e,,inc  r6,0,24,0x0450 (back 225),unsyncable: no anchor in range lands on it; may be data or preceded by a dispatch table; no PSW write within 64 bytes; bank not found by this scan
register,pd,0x206B9,0x06B9,7d 00,,"mov  r5,#0x00",24,0,0x0450 (back 234),framed by every anchor in range; no PSW write within 64 bytes; bank not found by this scan
register,pd,0x206BB,0x06BB,7e 00,,"mov  r6,#0x00",24,0,0x0450 (back 236),framed by every anchor in range; no PSW write within 64 bytes; bank not found by this scan
register,pd,0x206D1,0x06D1,fe,,"mov  r6,a",24,0,0x0450 (back 258),framed by every anchor in range; no PSW write within 64 bytes; bank not found by this scan
register,pd,0x206D4,0x06D4,fd,,"mov  r5,a",24,0,0x0450 (back 261),framed by every anchor in range; no PSW write within 64 bytes; bank not found by this scan
register,pd,0x206DF,0x06DF,7e a2,,"mov  r6,#0xa2",0,24,0x0450 (back 272),unsyncable: no anchor in range lands on it; may be data or preceded by a dispatch table; no PSW write within 64 bytes; bank not found by this scan
register,pd,0x206E6,0x06E6,cd,,"xch  a,r5",24,0,0x0450 (back 279),framed by every anchor in range; no PSW write within 64 bytes; bank not found by this scan
register,pd,0x206E7,0x06E7,ce,,"xch  a,r6",24,0,0x0450 (back 280),framed by every anchor in range; no PSW write within 64 bytes; bank not found by this scan
register,pd,0x206ED,0x06ED,cd,,"xch  a,r5",24,0,0x0450 (back 286),framed by every anchor in range; no PSW write within 64 bytes; bank not found by this scan
register,pd,0x206F9,0x06F9,fe,,"mov  r6,a",24,0,0x0440 (back 5),framed by every anchor in range; no PSW write within 64 bytes; bank not found by this scan
register,pd,0x206FA,0x06FA,fd,,"mov  r5,a",24,0,0x0440 (back 6),framed by every anchor in range; no PSW write within 64 bytes; bank not found by this scan
register,pd,0x20700,0x0700,ce,,"xch  a,r6",24,0,0x0440 (back 12),framed by every anchor in range; no PSW write within 64 bytes; bank not found by this scan
register,pd,0x20701,0x0701,cd,,"xch  a,r5",24,0,0x0440 (back 13),framed by every anchor in range; no PSW write within 64 bytes; bank not found by this scan
register,pd,0x2070F,0x070F,cd,,"xch  a,r5",24,0,0x0074 (back 9),framed by every anchor in range; no PSW write within 64 bytes; bank not found by this scan
register,pd,0x20711,0x0711,cd,,"xch  a,r5",24,0,0x0074 (back 11),framed by every anchor in range; no PSW write within 64 bytes; bank not found by this scan
register,pd,0x20712,0x0712,ce,,"xch  a,r6",24,0,0x0074 (back 12),framed by every anchor in range; no PSW write within 64 bytes; bank not found by this scan
register,pd,0x20714,0x0714,ce,,"xch  a,r6",24,0,0x0074 (back 14),framed by every anchor in range; no PSW write within 64 bytes; bank not found by this scan
register,pd,0x2071D,0x071D,de 02,,"djnz r6,0x0721",0,24,0x0074 (back 23),unsyncable: no anchor in range lands on it; may be data or preceded by a dispatch table; no PSW write within 64 bytes; bank not found by this scan
register,pd,0x2072E,0x072E,cd,,"xch  a,r5",24,0,0x0074 (back 40),framed by every anchor in range; no PSW write within 64 bytes; bank not found by this scan
register,pd,0x20740,0x0740,0e,,inc  r6,24,0,0x0074 (back 58),framed by every anchor in range; no PSW write within 64 bytes; bank not found by this scan
register,pd,0x20744,0x0744,0d,,inc  r5,24,0,0x0074 (back 62),framed by every anchor in range; no PSW write within 64 bytes; bank not found by this scan
register,pd,0x20754,0x0754,fd,,"mov  r5,a",24,0,0x0074 (back 78),framed by every anchor in range; no PSW write within 64 bytes; bank not found by this scan
register,pd,0x20759,0x0759,fd,,"mov  r5,a",24,0,0x0074 (back 83),framed by every anchor in range; no PSW write within 64 bytes; bank not found by this scan
register,pd,0x2075A,0x075A,fe,,"mov  r6,a",24,0,0x0074 (back 84),framed by every anchor in range; no PSW write within 64 bytes; bank not found by this scan
register,pd,0x20766,0x0766,7d 80,,"mov  r5,#0x80",24,0,0x0074 (back 96),framed by every anchor in range; no PSW write within 64 bytes; bank not found by this scan
register,pd,0x207BE,0x07BE,cd,,"xch  a,r5",0,24,0x00F0 (back 29),unsyncable: no anchor in range lands on it; may be data or preceded by a dispatch table; no PSW write within 64 bytes; bank not found by this scan
register,pd,0x2083A,0x083A,fe,,"mov  r6,a",24,0,0x034E (back 108),"framed by every anchor in range; nearest PSW write 0x0834 `mov  psw,#0xe0` selects bank 0, not 1"
register,pd,0x2083D,0x083D,fd,,"mov  r5,a",24,0,0x034E (back 111),"framed by every anchor in range; nearest PSW write 0x0834 `mov  psw,#0xe0` selects bank 0, not 1"
register,pd,0x20850,0x0850,fe,,"mov  r6,a",24,0,0x034E (back 130),"framed by every anchor in range; nearest PSW write 0x084A `mov  psw,#0xe0` selects bank 0, not 1"
register,pd,0x20853,0x0853,fd,,"mov  r5,a",24,0,0x034E (back 133),"framed by every anchor in range; nearest PSW write 0x084A `mov  psw,#0xe0` selects bank 0, not 1"
register,pd,0x20863,0x0863,cd,,"xch  a,r5",24,0,0x05A6 (back 12),"framed by every anchor in range; nearest PSW write 0x084A `mov  psw,#0xe0` selects bank 0, not 1"
register,pd,0x2086F,0x086F,ce,,"xch  a,r6",24,0,0x05A6 (back 24),"framed by every anchor in range; nearest PSW write 0x084A `mov  psw,#0xe0` selects bank 0, not 1"
register,pd,0x20871,0x0871,ce,,"xch  a,r6",24,0,0x05A6 (back 26),"framed by every anchor in range; nearest PSW write 0x084A `mov  psw,#0xe0` selects bank 0, not 1"
register,pd,0x20872,0x0872,cd,,"xch  a,r5",24,0,0x05A6 (back 27),"framed by every anchor in range; nearest PSW write 0x084A `mov  psw,#0xe0` selects bank 0, not 1"
register,pd,0x20874,0x0874,cd,,"xch  a,r5",24,0,0x05A6 (back 29),"framed by every anchor in range; nearest PSW write 0x084A `mov  psw,#0xe0` selects bank 0, not 1"
register,pd,0x20896,0x0896,fe,,"mov  r6,a",24,0,0x05A6 (back 63),framed by every anchor in range; no PSW write within 64 bytes; bank not found by this scan
register,pd,0x208A2,0x08A2,fd,,"mov  r5,a",24,0,0x080C (back 8),framed by every anchor in range; no PSW write within 64 bytes; bank not found by this scan
register,pd,0x208A9,0x08A9,de 74,,"djnz r6,0x091f",0,24,0x080C (back 15),unsyncable: no anchor in range lands on it; may be data or preceded by a dispatch table; no PSW write within 64 bytes; bank not found by this scan
register,pd,0x208C6,0x08C6,fd,,"mov  r5,a",24,0,0x0804 (back 13),framed by every anchor in range; no PSW write within 64 bytes; bank not found by this scan
register,pd,0x208C8,0x08C8,fe,,"mov  r6,a",24,0,0x0804 (back 15),framed by every anchor in range; no PSW write within 64 bytes; bank not found by this scan
register,pd,0x208CE,0x08CE,de d3,,"djnz r6,0x08a3",0,24,0x0804 (back 21),unsyncable: no anchor in range lands on it; may be data or preceded by a dispatch table; no PSW write within 64 bytes; bank not found by this scan
register,pd,0x208E5,0x08E5,cd,,"xch  a,r5",24,0,0x0804 (back 44),framed by every anchor in range; no PSW write within 64 bytes; bank not found by this scan
register,pd,0x208E8,0x08E8,ce,,"xch  a,r6",24,0,0x0804 (back 47),framed by every anchor in range; no PSW write within 64 bytes; bank not found by this scan
register,pd,0x20919,0x0919,0d,,inc  r5,0,24,0x0760 (back 23),unsyncable: no anchor in range lands on it; may be data or preceded by a dispatch table; no PSW write within 64 bytes; bank not found by this scan
register,pd,0x2095B,0x095B,fe,,"mov  r6,a",24,0,0x0738 (back 62),framed by every anchor in range; no PSW write within 64 bytes; bank not found by this scan
register,pd,0x2095E,0x095E,fd,,"mov  r5,a",24,0,0x0738 (back 65),framed by every anchor in range; no PSW write within 64 bytes; bank not found by this scan
register,pd,0x20976,0x0976,fe,,"mov  r6,a",24,0,0x075D (back 11),framed by every anchor in range; no PSW write within 64 bytes; bank not found by this scan
register,pd,0x20979,0x0979,fd,,"mov  r5,a",24,0,0x075D (back 14),framed by every anchor in range; no PSW write within 64 bytes; bank not found by this scan
register,pd,0x20986,0x0986,fe,,"mov  r6,a",24,0,0x0738 (back 8),framed by every anchor in range; no PSW write within 64 bytes; bank not found by this scan
register,pd,0x20989,0x0989,fd,,"mov  r5,a",24,0,0x0738 (back 11),framed by every anchor in range; no PSW write within 64 bytes; bank not found by this scan
register,pd,0x20998,0x0998,fd,,"mov  r5,a",24,0,0x0760 (back 5),framed by every anchor in range; no PSW write within 64 bytes; bank not found by this scan
register,pd,0x2099B,0x099B,fe,,"mov  r6,a",24,0,0x0760 (back 8),framed by every anchor in range; no PSW write within 64 bytes; bank not found by this scan
register,pd,0x209C3,0x09C3,fd,,"mov  r5,a",24,0,0x0958 (back 12),framed by every anchor in range; no PSW write within 64 bytes; bank not found by this scan
register,pd,0x209C4,0x09C4,fe,,"mov  r6,a",24,0,0x0958 (back 13),framed by every anchor in range; no PSW write within 64 bytes; bank not found by this scan
register,pd,0x209F7,0x09F7,0d,,inc  r5,0,24,0x074C (back 18),unsyncable: no anchor in range lands on it; may be data or preceded by a dispatch table; no PSW write within 64 bytes; bank not found by this scan
register,pd,0x209FE,0x09FE,fe,,"mov  r6,a",24,0,0x074C (back 25),framed by every anchor in range; no PSW write within 64 bytes; bank not found by this scan
register,pd,0x20A01,0x0A01,fd,,"mov  r5,a",24,0,0x074C (back 28),framed by every anchor in range; no PSW write within 64 bytes; bank not found by this scan
register,pd,0x20A0E,0x0A0E,fe,,"mov  r6,a",24,0,0x074C (back 41),framed by every anchor in range; no PSW write within 64 bytes; bank not found by this scan
register,pd,0x20A11,0x0A11,fd,,"mov  r5,a",24,0,0x074C (back 44),framed by every anchor in range; no PSW write within 64 bytes; bank not found by this scan
register,pd,0x20A23,0x0A23,fe,,"mov  r6,a",24,0,0x074C (back 62),framed by every anchor in range; no PSW write within 64 bytes; bank not found by this scan
register,pd,0x20A26,0x0A26,fd,,"mov  r5,a",24,0,0x074C (back 65),framed by every anchor in range; no PSW write within 64 bytes; bank not found by this scan
register,pd,0x20A3A,0x0A3A,fe,,"mov  r6,a",24,0,0x0738 (back 19),framed by every anchor in range; no PSW write within 64 bytes; bank not found by this scan
register,pd,0x20A3D,0x0A3D,fd,,"mov  r5,a",24,0,0x0738 (back 22),framed by every anchor in range; no PSW write within 64 bytes; bank not found by this scan
register,pd,0x20A6A,0x0A6A,0e,,inc  r6,23,1,0x0A20 (back 33),some anchors miss it; see frame_onto/frame_over; no PSW write within 64 bytes; bank not found by this scan
register,pd,0x20A74,0x0A74,ae fb,,"mov  r6,0xfb",0,24,0x0A20 (back 43),unsyncable: no anchor in range lands on it; may be data or preceded by a dispatch table; no PSW write within 64 bytes; bank not found by this scan
register,pd,0x20AA6,0x0AA6,fe,,"mov  r6,a",22,2,0x05A6 (back 26),some anchors miss it; see frame_onto/frame_over; no PSW write within 64 bytes; bank not found by this scan
register,pd,0x20AA9,0x0AA9,0e,,inc  r6,24,0,0x05A6 (back 29),framed by every anchor in range; no PSW write within 64 bytes; bank not found by this scan
register,pd,0x20AAC,0x0AAC,fd,,"mov  r5,a",24,0,0x05A6 (back 32),framed by every anchor in range; no PSW write within 64 bytes; bank not found by this scan
register,pd,0x20AAD,0x0AAD,0e,,inc  r6,24,0,0x05A6 (back 33),framed by every anchor in range; no PSW write within 64 bytes; bank not found by this scan
register,pd,0x20AB0,0x0AB0,0e,,inc  r6,24,0,0x05A6 (back 36),framed by every anchor in range; no PSW write within 64 bytes; bank not found by this scan
register,pd,0x20AB1,0x0AB1,ce,,"xch  a,r6",24,0,0x05A6 (back 37),framed by every anchor in range; no PSW write within 64 bytes; bank not found by this scan
register,pd,0x20B42,0x0B42,de e7,,"djnz r6,0x0b2b",24,0,0x05A6 (back 182),framed by every anchor in range; no PSW write within 64 bytes; bank not found by this scan
register,pd,0x20B45,0x0B45,0d,,inc  r5,0,24,0x05A6 (back 185),unsyncable: no anchor in range lands on it; may be data or preceded by a dispatch table; no PSW write within 64 bytes; bank not found by this scan
register,pd,0x20B74,0x0B74,de e8,,"djnz r6,0x0b5e",24,0,0x05A6 (back 232),framed by every anchor in range; no PSW write within 64 bytes; bank not found by this scan
register,pd,0x20B8A,0x0B8A,0e,,inc  r6,23,1,0x05A6 (back 254),some anchors miss it; see frame_onto/frame_over; no PSW write within 64 bytes; bank not found by this scan
register,pd,0x20BB9,0x0BB9,fe,,"mov  r6,a",0,24,0x0806 (back 13),unsyncable: no anchor in range lands on it; may be data or preceded by a dispatch table; no PSW write within 64 bytes; bank not found by this scan
register,pd,0x20BDC,0x0BDC,fe,,"mov  r6,a",0,24,0x080C (back 23),unsyncable: no anchor in range lands on it; may be data or preceded by a dispatch table; no PSW write within 64 bytes; bank not found by this scan
register,pd,0x20C03,0x0C03,fe,,"mov  r6,a",0,24,0x0809 (back 17),unsyncable: no anchor in range lands on it; may be data or preceded by a dispatch table; no PSW write within 64 bytes; bank not found by this scan
register,pd,0x20C31,0x0C31,fe,,"mov  r6,a",0,24,0x080F (back 29),unsyncable: no anchor in range lands on it; may be data or preceded by a dispatch table; no PSW write within 64 bytes; bank not found by this scan
register,pd,0x20C54,0x0C54,fe,,"mov  r6,a",0,24,0x0806 (back 13),unsyncable: no anchor in range lands on it; may be data or preceded by a dispatch table; no PSW write within 64 bytes; bank not found by this scan
register,pd,0x20C5B,0x0C5B,0d,,inc  r5,0,24,0x08F3 (back 6),unsyncable: no anchor in range lands on it; may be data or preceded by a dispatch table; no PSW write within 64 bytes; bank not found by this scan
register,pd,0x20C72,0x0C72,fe,,"mov  r6,a",0,24,0x080D (back 24),unsyncable: no anchor in range lands on it; may be data or preceded by a dispatch table; no PSW write within 64 bytes; bank not found by this scan
register,pd,0x20C85,0x0C85,ce,,"xch  a,r6",24,0,0x080D (back 43),framed by every anchor in range; no PSW write within 64 bytes; bank not found by this scan
register,pd,0x20C8A,0x0C8A,fe,,"mov  r6,a",24,0,0x080D (back 48),framed by every anchor in range; no PSW write within 64 bytes; bank not found by this scan
register,pd,0x20C97,0x0C97,ad f0,,"mov  r5,0xf0",24,0,0x080D (back 61),framed by every anchor in range; no PSW write within 64 bytes; bank not found by this scan
register,pd,0x20CA5,0x0CA5,fe,,"mov  r6,a",24,0,0x080D (back 75),framed by every anchor in range; no PSW write within 64 bytes; bank not found by this scan
register,pd,0x20CB2,0x0CB2,fe,,"mov  r6,a",24,0,0x080D (back 88),framed by every anchor in range; no PSW write within 64 bytes; bank not found by this scan
register,pd,0x20CB8,0x0CB8,ce,,"xch  a,r6",24,0,0x080D (back 94),framed by every anchor in range; no PSW write within 64 bytes; bank not found by this scan
register,pd,0x20CB9,0x0CB9,fd,,"mov  r5,a",24,0,0x080D (back 95),framed by every anchor in range; no PSW write within 64 bytes; bank not found by this scan
register,pd,0x20CC4,0x0CC4,fe,,"mov  r6,a",24,0,0x080D (back 106),framed by every anchor in range; no PSW write within 64 bytes; bank not found by this scan
register,pd,0x20CC5,0x0CC5,ad f0,,"mov  r5,0xf0",24,0,0x080D (back 107),framed by every anchor in range; no PSW write within 64 bytes; bank not found by this scan
register,pd,0x20CCF,0x0CCF,fd,,"mov  r5,a",24,0,0x080D (back 117),framed by every anchor in range; no PSW write within 64 bytes; bank not found by this scan
register,pd,0x20CDB,0x0CDB,fd,,"mov  r5,a",24,0,0x080D (back 129),framed by every anchor in range; no PSW write within 64 bytes; bank not found by this scan
register,pd,0x20D23,0x0D23,fe,,"mov  r6,a",0,24,0x080A (back 21),unsyncable: no anchor in range lands on it; may be data or preceded by a dispatch table; no PSW write within 64 bytes; bank not found by this scan
register,pd,0x20D57,0x0D57,fe,,"mov  r6,a",0,24,0x0810 (back 30),unsyncable: no anchor in range lands on it; may be data or preceded by a dispatch table; no PSW write within 64 bytes; bank not found by this scan
register,pd,0x20D86,0x0D86,fe,,"mov  r6,a",0,24,0x080A (back 21),unsyncable: no anchor in range lands on it; may be data or preceded by a dispatch table; no PSW write within 64 bytes; bank not found by this scan
register,pd,0x20DB0,0x0DB0,fe,,"mov  r6,a",0,24,0x08E5 (back 30),unsyncable: no anchor in range lands on it; may be data or preceded by a dispatch table; no PSW write within 64 bytes; bank not found by this scan
register,pd,0x20DC1,0x0DC1,fe,,"mov  r6,a",24,0,0x08E5 (back 47),framed by every anchor in range; no PSW write within 64 bytes; bank not found by this scan
register,pd,0x20DC4,0x0DC4,fd,,"mov  r5,a",24,0,0x08E5 (back 50),framed by every anchor in range; no PSW write within 64 bytes; bank not found by this scan
register,pd,0x20DE3,0x0DE3,cd,,"xch  a,r5",24,0,0x08E5 (back 81),framed by every anchor in range; no PSW write within 64 bytes; bank not found by this scan
register,pd,0x20DEE,0x0DEE,fd,,"mov  r5,a",24,0,0x08E5 (back 92),framed by every anchor in range; no PSW write within 64 bytes; bank not found by this scan
register,pd,0x20DF4,0x0DF4,cd,,"xch  a,r5",24,0,0x08E5 (back 98),framed by every anchor in range; no PSW write within 64 bytes; bank not found by this scan
register,pd,0x20DFC,0x0DFC,fe,,"mov  r6,a",24,0,0x08E5 (back 106),framed by every anchor in range; no PSW write within 64 bytes; bank not found by this scan
register,pd,0x20E07,0x0E07,cd,,"xch  a,r5",24,0,0x08E5 (back 117),framed by every anchor in range; no PSW write within 64 bytes; bank not found by this scan
register,pd,0x20E09,0x0E09,fe,,"mov  r6,a",24,0,0x08E5 (back 119),framed by every anchor in range; no PSW write within 64 bytes; bank not found by this scan
register,pd,0x20E10,0x0E10,ce,,"xch  a,r6",24,0,0x08E5 (back 126),framed by every anchor in range; no PSW write within 64 bytes; bank not found by this scan
register,pd,0x20E13,0x0E13,fd,,"mov  r5,a",24,0,0x08E5 (back 129),framed by every anchor in range; no PSW write within 64 bytes; bank not found by this scan
register,pd,0x20E23,0x0E23,fe,,"mov  r6,a",24,0,0x08E5 (back 145),framed by every anchor in range; no PSW write within 64 bytes; bank not found by this scan
register,pd,0x20E24,0x0E24,cd,,"xch  a,r5",24,0,0x08E5 (back 146),framed by every anchor in range; no PSW write within 64 bytes; bank not found by this scan
register,pd,0x20E26,0x0E26,cd,,"xch  a,r5",24,0,0x08E5 (back 148),framed by every anchor in range; no PSW write within 64 bytes; bank not found by this scan
register,pd,0x20E3D,0x0E3D,fe,,"mov  r6,a",24,0,0x08E5 (back 171),framed by every anchor in range; no PSW write within 64 bytes; bank not found by this scan
register,pd,0x20E40,0x0E40,fd,,"mov  r5,a",24,0,0x08E5 (back 174),framed by every anchor in range; no PSW write within 64 bytes; bank not found by this scan
register,pd,0x20E49,0x0E49,ce,,"xch  a,r6",24,0,0x08E5 (back 183),framed by every anchor in range; no PSW write within 64 bytes; bank not found by this scan
register,pd,0x20E4C,0x0E4C,cd,,"xch  a,r5",24,0,0x08E5 (back 186),framed by every anchor in range; no PSW write within 64 bytes; bank not found by this scan
register,pd,0x20E62,0x0E62,ce,,"xch  a,r6",24,0,0x08E5 (back 208),framed by every anchor in range; no PSW write within 64 bytes; bank not found by this scan
register,pd,0x20E63,0x0E63,cd,,"xch  a,r5",24,0,0x08E5 (back 209),framed by every anchor in range; no PSW write within 64 bytes; bank not found by this scan
register,pd,0x20E70,0x0E70,fe,,"mov  r6,a",24,0,0x08E5 (back 222),framed by every anchor in range; no PSW write within 64 bytes; bank not found by this scan
register,pd,0x20E73,0x0E73,fd,,"mov  r5,a",24,0,0x08E5 (back 225),framed by every anchor in range; no PSW write within 64 bytes; bank not found by this scan
register,pd,0x20E91,0x0E91,fe,,"mov  r6,a",24,0,0x08E5 (back 255),framed by every anchor in range; no PSW write within 64 bytes; bank not found by this scan
register,pd,0x20E94,0x0E94,fd,,"mov  r5,a",24,0,0x08E5 (back 258),framed by every anchor in range; no PSW write within 64 bytes; bank not found by this scan
register,pd,0x20EBB,0x0EBB,fe,,"mov  r6,a",24,0,0x08E5 (back 297),framed by every anchor in range; no PSW write within 64 bytes; bank not found by this scan
register,pd,0x20EBE,0x0EBE,fd,,"mov  r5,a",24,0,0x08E5 (back 300),framed by every anchor in range; no PSW write within 64 bytes; bank not found by this scan
register,pd,0x20ED1,0x0ED1,fd,,"mov  r5,a",24,0,0x08E5 (back 319),framed by every anchor in range; no PSW write within 64 bytes; bank not found by this scan
register,pd,0x20EDD,0x0EDD,cd,,"xch  a,r5",24,0,0x08E5 (back 331),framed by every anchor in range; no PSW write within 64 bytes; bank not found by this scan
register,pd,0x20EEB,0x0EEB,fe,,"mov  r6,a",24,0,0x08E5 (back 345),framed by every anchor in range; no PSW write within 64 bytes; bank not found by this scan
register,pd,0x20EEE,0x0EEE,fd,,"mov  r5,a",24,0,0x08E5 (back 348),framed by every anchor in range; no PSW write within 64 bytes; bank not found by this scan
register,pd,0x20EF8,0x0EF8,fe,,"mov  r6,a",24,0,0x08E5 (back 358),framed by every anchor in range; no PSW write within 64 bytes; bank not found by this scan
register,pd,0x20EFB,0x0EFB,fd,,"mov  r5,a",24,0,0x08E5 (back 361),framed by every anchor in range; no PSW write within 64 bytes; bank not found by this scan
register,pd,0x20F06,0x0F06,fe,,"mov  r6,a",24,0,0x08E5 (back 372),framed by every anchor in range; no PSW write within 64 bytes; bank not found by this scan
register,pd,0x20F09,0x0F09,fd,,"mov  r5,a",24,0,0x08E5 (back 375),framed by every anchor in range; no PSW write within 64 bytes; bank not found by this scan
register,pd,0x20F28,0x0F28,fd,,"mov  r5,a",24,0,0x08E5 (back 406),framed by every anchor in range; no PSW write within 64 bytes; bank not found by this scan
register,pd,0x20F2B,0x0F2B,fe,,"mov  r6,a",24,0,0x08E5 (back 409),framed by every anchor in range; no PSW write within 64 bytes; bank not found by this scan
register,pd,0x20F3B,0x0F3B,fe,,"mov  r6,a",24,0,0x0F22 (back 11),framed by every anchor in range; no PSW write within 64 bytes; bank not found by this scan
register,pd,0x20F3E,0x0F3E,fd,,"mov  r5,a",24,0,0x0F22 (back 14),framed by every anchor in range; no PSW write within 64 bytes; bank not found by this scan
register,pd,0x20F57,0x0F57,fe,,"mov  r6,a",1,23,0x0807 (back 17),some anchors miss it; see frame_onto/frame_over; no PSW write within 64 bytes; bank not found by this scan
register,pd,0x20F67,0x0F67,0d,,inc  r5,2,22,0x0807 (back 33),some anchors miss it; see frame_onto/frame_over; no PSW write within 64 bytes; bank not found by this scan
register,pd,0x20F7F,0x0F7F,fe,,"mov  r6,a",1,23,0x080D (back 25),some anchors miss it; see frame_onto/frame_over; no PSW write within 64 bytes; bank not found by this scan
register,pd,0x20FA7,0x0FA7,fe,,"mov  r6,a",2,22,0x0EBB (back 2),some anchors miss it; see frame_onto/frame_over; no PSW write within 64 bytes; bank not found by this scan
register,pd,0x20FAD,0x0FAD,dd 22,,"djnz r5,0x0fd1",0,24,0x0EBB (back 8),unsyncable: no anchor in range lands on it; may be data or preceded by a dispatch table; no PSW write within 64 bytes; bank not found by this scan
register,pd,0x20FB3,0x0FB3,fd,,"mov  r5,a",24,0,0x0EBB (back 14),framed by every anchor in range; no PSW write within 64 bytes; bank not found by this scan
register,pd,0x20FB6,0x0FB6,fe,,"mov  r6,a",24,0,0x0EBB (back 17),framed by every anchor in range; no PSW write within 64 bytes; bank not found by this scan
register,pd,0x20FC1,0x0FC1,fd,,"mov  r5,a",24,0,0x0893 (back 2),framed by every anchor in range; no PSW write within 64 bytes; bank not found by this scan
register,pd,0x20FC5,0x0FC5,fe,,"mov  r6,a",23,1,0x0893 (back 6),some anchors miss it; see frame_onto/frame_over; no PSW write within 64 bytes; bank not found by this scan
register,pd,0x20FDD,0x0FDD,fe,,"mov  r6,a",24,0,0x08FF (back 5),framed by every anchor in range; no PSW write within 64 bytes; bank not found by this scan
register,pd,0x20FDE,0x0FDE,fd,,"mov  r5,a",24,0,0x08FF (back 6),framed by every anchor in range; no PSW write within 64 bytes; bank not found by this scan
register,pd,0x20FF0,0x0FF0,ce,,"xch  a,r6",24,0,0x08FF (back 24),framed by every anchor in range; no PSW write within 64 bytes; bank not found by this scan
register,pd,0x20FFC,0x0FFC,cd,,"xch  a,r5",24,0,0x08FF (back 36),framed by every anchor in range; no PSW write within 64 bytes; bank not found by this scan
register,pd,0x21012,0x1012,fe,,"mov  r6,a",24,0,0x08FF (back 58),framed by every anchor in range; no PSW write within 64 bytes; bank not found by this scan
register,pd,0x21013,0x1013,fd,,"mov  r5,a",24,0,0x08FF (back 59),framed by every anchor in range; no PSW write within 64 bytes; bank not found by this scan
register,pd,0x21026,0x1026,fe,,"mov  r6,a",24,0,0x08FF (back 78),framed by every anchor in range; no PSW write within 64 bytes; bank not found by this scan
register,pd,0x21032,0x1032,fd,,"mov  r5,a",24,0,0x08FF (back 90),framed by every anchor in range; no PSW write within 64 bytes; bank not found by this scan
register,pd,0x21090,0x1090,fe,,"mov  r6,a",1,23,0x104D (back 11),some anchors miss it; see frame_onto/frame_over; no PSW write within 64 bytes; bank not found by this scan
register,pd,0x2109A,0x109A,0d,,inc  r5,0,24,0x104D (back 21),unsyncable: no anchor in range lands on it; may be data or preceded by a dispatch table; no PSW write within 64 bytes; bank not found by this scan
register,pd,0x210B2,0x10B2,fe,,"mov  r6,a",1,23,0x104D (back 13),some anchors miss it; see frame_onto/frame_over; no PSW write within 64 bytes; bank not found by this scan
register,pd,0x2110F,0x110F,fe,,"mov  r6,a",0,24,0x10C8 (back 11),unsyncable: no anchor in range lands on it; may be data or preceded by a dispatch table; no PSW write within 64 bytes; bank not found by this scan
register,pd,0x21153,0x1153,fe,,"mov  r6,a",2,22,0x10E8 (back 28),some anchors miss it; see frame_onto/frame_over; no PSW write within 64 bytes; bank not found by this scan
register,pd,0x2116E,0x116E,0d,,inc  r5,0,24,0x10E8 (back 55),unsyncable: no anchor in range lands on it; may be data or preceded by a dispatch table; no PSW write within 64 bytes; bank not found by this scan
register,pd,0x21186,0x1186,fe,,"mov  r6,a",0,24,0x10C8 (back 13),unsyncable: no anchor in range lands on it; may be data or preceded by a dispatch table; no PSW write within 64 bytes; bank not found by this scan
register,pd,0x211A9,0x11A9,0d,,inc  r5,0,24,0x1093 (back 3),unsyncable: no anchor in range lands on it; may be data or preceded by a dispatch table; no PSW write within 64 bytes; bank not found by this scan
register,pd,0x211CF,0x11CF,0d,,inc  r5,0,24,0x1093 (back 3),unsyncable: no anchor in range lands on it; may be data or preceded by a dispatch table; no PSW write within 64 bytes; bank not found by this scan
register,pd,0x211FB,0x11FB,0d,,inc  r5,0,24,0x1093 (back 3),unsyncable: no anchor in range lands on it; may be data or preceded by a dispatch table; no PSW write within 64 bytes; bank not found by this scan
register,pd,0x21220,0x1220,dd a3,,"djnz r5,0x11c5",0,24,0x1093 (back 31),unsyncable: no anchor in range lands on it; may be data or preceded by a dispatch table; no PSW write within 64 bytes; bank not found by this scan
register,pd,0x21230,0x1230,0e,,inc  r6,0,24,0x1093 (back 47),unsyncable: no anchor in range lands on it; may be data or preceded by a dispatch table; no PSW write within 64 bytes; bank not found by this scan
register,pd,0x21236,0x1236,0d,,inc  r5,2,22,0x1093 (back 53),some anchors miss it; see frame_onto/frame_over; no PSW write within 64 bytes; bank not found by this scan
register,pd,0x2123C,0x123C,0d,,inc  r5,0,24,0x1093 (back 59),unsyncable: no anchor in range lands on it; may be data or preceded by a dispatch table; no PSW write within 64 bytes; bank not found by this scan
register,pd,0x21240,0x1240,0e,,inc  r6,0,24,0x1093 (back 63),unsyncable: no anchor in range lands on it; may be data or preceded by a dispatch table; no PSW write within 64 bytes; bank not found by this scan
register,pd,0x21247,0x1247,0e,,inc  r6,0,24,0x1093 (back 70),unsyncable: no anchor in range lands on it; may be data or preceded by a dispatch table; no PSW write within 64 bytes; bank not found by this scan
register,pd,0x21249,0x1249,0d,,inc  r5,0,24,0x1093 (back 72),unsyncable: no anchor in range lands on it; may be data or preceded by a dispatch table; no PSW write within 64 bytes; bank not found by this scan
register,pd,0x2124D,0x124D,0e,,inc  r6,0,24,0x1093 (back 76),unsyncable: no anchor in range lands on it; may be data or preceded by a dispatch table; no PSW write within 64 bytes; bank not found by this scan
register,pd,0x2124F,0x124F,0d,,inc  r5,0,24,0x1093 (back 78),unsyncable: no anchor in range lands on it; may be data or preceded by a dispatch table; no PSW write within 64 bytes; bank not found by this scan
register,pd,0x21254,0x1254,0e,,inc  r6,0,24,0x1093 (back 83),unsyncable: no anchor in range lands on it; may be data or preceded by a dispatch table; no PSW write within 64 bytes; bank not found by this scan
register,pd,0x2125A,0x125A,0d,,inc  r5,2,22,0x1093 (back 89),some anchors miss it; see frame_onto/frame_over; no PSW write within 64 bytes; bank not found by this scan
register,pd,0x21268,0x1268,cd,,"xch  a,r5",24,0,0x1093 (back 103),framed by every anchor in range; no PSW write within 64 bytes; bank not found by this scan
register,pd,0x2126C,0x126C,ce,,"xch  a,r6",24,0,0x1093 (back 107),framed by every anchor in range; no PSW write within 64 bytes; bank not found by this scan
register,pd,0x21270,0x1270,fd,,"mov  r5,a",24,0,0x1093 (back 111),framed by every anchor in range; no PSW write within 64 bytes; bank not found by this scan
register,pd,0x2127B,0x127B,fd,,"mov  r5,a",24,0,0x1093 (back 122),framed by every anchor in range; no PSW write within 64 bytes; bank not found by this scan
register,pd,0x21285,0x1285,fe,,"mov  r6,a",24,0,0x1093 (back 132),framed by every anchor in range; no PSW write within 64 bytes; bank not found by this scan
register,pd,0x21288,0x1288,fd,,"mov  r5,a",24,0,0x1093 (back 135),framed by every anchor in range; no PSW write within 64 bytes; bank not found by this scan
register,pd,0x21294,0x1294,0e,,inc  r6,22,2,0x1093 (back 147),some anchors miss it; see frame_onto/frame_over; no PSW write within 64 bytes; bank not found by this scan
register,pd,0x212A1,0x12A1,de fa,,"djnz r6,0x129d",24,0,0x100B (back 10),framed by every anchor in range; no PSW write within 64 bytes; bank not found by this scan
register,pd,0x212B0,0x12B0,fe,,"mov  r6,a",0,24,0x100B (back 25),unsyncable: no anchor in range lands on it; may be data or preceded by a dispatch table; no PSW write within 64 bytes; bank not found by this scan
register,pd,0x212BD,0x12BD,fd,,"mov  r5,a",24,0,0x100B (back 38),framed by every anchor in range; no PSW write within 64 bytes; bank not found by this scan
register,pd,0x212C0,0x12C0,fe,,"mov  r6,a",24,0,0x100B (back 41),framed by every anchor in range; no PSW write within 64 bytes; bank not found by this scan
register,pd,0x212C9,0x12C9,fd,,"mov  r5,a",24,0,0x100B (back 50),framed by every anchor in range; no PSW write within 64 bytes; bank not found by this scan
register,pd,0x212CC,0x12CC,fe,,"mov  r6,a",24,0,0x100B (back 53),framed by every anchor in range; no PSW write within 64 bytes; bank not found by this scan
register,pd,0x21351,0x1351,1e,,dec  r6,0,24,0x1093 (back 70),unsyncable: no anchor in range lands on it; may be data or preceded by a dispatch table; no PSW write within 64 bytes; bank not found by this scan
register,pd,0x2135E,0x135E,1e,,dec  r6,0,24,0x1093 (back 83),unsyncable: no anchor in range lands on it; may be data or preceded by a dispatch table; no PSW write within 64 bytes; bank not found by this scan
register,pd,0x2136F,0x136F,1e,,dec  r6,24,0,0x109C (back 2),framed by every anchor in range; no PSW write within 64 bytes; bank not found by this scan
register,pd,0x21388,0x1388,0d,,inc  r5,24,0,0x1107 (back 6),framed by every anchor in range; no PSW write within 64 bytes; bank not found by this scan
register,pd,0x21395,0x1395,0d,,inc  r5,0,24,0x110A (back 10),unsyncable: no anchor in range lands on it; may be data or preceded by a dispatch table; no PSW write within 64 bytes; bank not found by this scan
register,pd,0x21399,0x1399,1d,,dec  r5,23,1,0x110A (back 14),some anchors miss it; see frame_onto/frame_over; no PSW write within 64 bytes; bank not found by this scan
register,pd,0x2139C,0x139C,1d,,dec  r5,22,2,0x110A (back 17),some anchors miss it; see frame_onto/frame_over; no PSW write within 64 bytes; bank not found by this scan
register,pd,0x2139F,0x139F,1d,,dec  r5,23,1,0x101D (back 4),some anchors miss it; see frame_onto/frame_over; no PSW write within 64 bytes; bank not found by this scan
register,pd,0x213A2,0x13A2,1d,,dec  r5,24,0,0x101D (back 7),framed by every anchor in range; no PSW write within 64 bytes; bank not found by this scan
register,pd,0x213A5,0x13A5,1d,,dec  r5,24,0,0x101D (back 10),framed by every anchor in range; no PSW write within 64 bytes; bank not found by this scan
register,pd,0x213A8,0x13A8,1d,,dec  r5,0,24,0x101D (back 13),unsyncable: no anchor in range lands on it; may be data or preceded by a dispatch table; no PSW write within 64 bytes; bank not found by this scan
register,pd,0x213AD,0x13AD,1d,,dec  r5,24,0,0x101D (back 18),framed by every anchor in range; no PSW write within 64 bytes; bank not found by this scan
register,pd,0x213B0,0x13B0,1e,,dec  r6,0,24,0x101D (back 21),unsyncable: no anchor in range lands on it; may be data or preceded by a dispatch table; no PSW write within 64 bytes; bank not found by this scan
register,pd,0x213CB,0x13CB,0d,,inc  r5,0,24,0x0FAF (back 10),unsyncable: no anchor in range lands on it; may be data or preceded by a dispatch table; no PSW write within 64 bytes; bank not found by this scan
register,pd,0x213CF,0x13CF,1e,,dec  r6,0,24,0x0FAF (back 14),unsyncable: no anchor in range lands on it; may be data or preceded by a dispatch table; no PSW write within 64 bytes; bank not found by this scan
register,pd,0x213E7,0x13E7,1e,,dec  r6,8,16,0x1012 (back 2),some anchors miss it; see frame_onto/frame_over; no PSW write within 64 bytes; bank not found by this scan
register,pd,0x2140E,0x140E,1d,,dec  r5,0,24,0x1014 (back 10),unsyncable: no anchor in range lands on it; may be data or preceded by a dispatch table; no PSW write within 64 bytes; bank not found by this scan
register,pd,0x21419,0x1419,7d 94,,"mov  r5,#0x94",24,0,0x1000 (back 5),framed by every anchor in range; no PSW write within 64 bytes; bank not found by this scan
register,pd,0x21455,0x1455,fd,,"mov  r5,a",24,0,0x1312 (back 4),framed by every anchor in range; no PSW write within 64 bytes; bank not found by this scan
register,pd,0x21496,0x1496,7d 04,,"mov  r5,#0x04",22,2,0x1090 (back 12),some anchors miss it; see frame_onto/frame_over; no PSW write within 64 bytes; bank not found by this scan
register,pd,0x214A1,0x14A1,1e,,dec  r6,0,24,0x1090 (back 23),unsyncable: no anchor in range lands on it; may be data or preceded by a dispatch table; no PSW write within 64 bytes; bank not found by this scan
register,pd,0x214EA,0x14EA,1e,,dec  r6,0,24,0x1012 (back 10),unsyncable: no anchor in range lands on it; may be data or preceded by a dispatch table; no PSW write within 64 bytes; bank not found by this scan
register,pd,0x214EF,0x14EF,1e,,dec  r6,0,24,0x1012 (back 15),unsyncable: no anchor in range lands on it; may be data or preceded by a dispatch table; no PSW write within 64 bytes; bank not found by this scan
register,pd,0x21539,0x1539,fe,,"mov  r6,a",24,0,0x0217 (back 32),framed by every anchor in range; no PSW write within 64 bytes; bank not found by this scan
register,pd,0x21544,0x1544,0d,,inc  r5,23,1,0x1101 (back 2),some anchors miss it; see frame_onto/frame_over; no PSW write within 64 bytes; bank not found by this scan
register,pd,0x2155F,0x155F,1e,,dec  r6,24,0,0x0000 (back 3),framed by every anchor in range; no PSW write within 64 bytes; bank not found by this scan
register,pd,0x21568,0x1568,fd,,"mov  r5,a",0,24,0x0000 (back 12),unsyncable: no anchor in range lands on it; may be data or preceded by a dispatch table; no PSW write within 64 bytes; bank not found by this scan
register,pd,0x21597,0x1597,1e,,dec  r6,0,24,0x104D (back 10),unsyncable: no anchor in range lands on it; may be data or preceded by a dispatch table; no PSW write within 64 bytes; bank not found by this scan
register,pd,0x215A1,0x15A1,1d,,dec  r5,0,24,0x107B (back 4),unsyncable: no anchor in range lands on it; may be data or preceded by a dispatch table; no PSW write within 64 bytes; bank not found by this scan
register,pd,0x215A8,0x15A8,1d,,dec  r5,0,24,0x107B (back 11),unsyncable: no anchor in range lands on it; may be data or preceded by a dispatch table; no PSW write within 64 bytes; bank not found by this scan
register,pd,0x215C5,0x15C5,1e,,dec  r6,0,24,0x104D (back 8),unsyncable: no anchor in range lands on it; may be data or preceded by a dispatch table; no PSW write within 64 bytes; bank not found by this scan
register,pd,0x215D5,0x15D5,1d,,dec  r5,0,24,0x107B (back 10),unsyncable: no anchor in range lands on it; may be data or preceded by a dispatch table; no PSW write within 64 bytes; bank not found by this scan
register,pd,0x215D8,0x15D8,1e,,dec  r6,0,24,0x107B (back 13),unsyncable: no anchor in range lands on it; may be data or preceded by a dispatch table; no PSW write within 64 bytes; bank not found by this scan
register,pd,0x2164C,0x164C,1e,,dec  r6,0,24,0x104D (back 8),unsyncable: no anchor in range lands on it; may be data or preceded by a dispatch table; no PSW write within 64 bytes; bank not found by this scan
register,pd,0x2165C,0x165C,1d,,dec  r5,0,24,0x107B (back 10),unsyncable: no anchor in range lands on it; may be data or preceded by a dispatch table; no PSW write within 64 bytes; bank not found by this scan
register,pd,0x21669,0x1669,fe,,"mov  r6,a",24,0,0x107B (back 23),framed by every anchor in range; no PSW write within 64 bytes; bank not found by this scan
register,pd,0x21676,0x1676,1e,,dec  r6,0,24,0x107B (back 36),unsyncable: no anchor in range lands on it; may be data or preceded by a dispatch table; no PSW write within 64 bytes; bank not found by this scan
register,pd,0x21682,0x1682,1e,,dec  r6,0,24,0x1070 (back 4),unsyncable: no anchor in range lands on it; may be data or preceded by a dispatch table; no PSW write within 64 bytes; bank not found by this scan
register,pd,0x216AF,0x16AF,de 03,,"djnz r6,0x16b4",24,0,0x0716 (back 3),framed by every anchor in range; no PSW write within 64 bytes; bank not found by this scan
register,pd,0x216BB,0x16BB,1e,,dec  r6,24,0,0x0716 (back 15),framed by every anchor in range; no PSW write within 64 bytes; bank not found by this scan
register,pd,0x216C4,0x16C4,1e,,dec  r6,24,0,0x0000 (back 3),framed by every anchor in range; no PSW write within 64 bytes; bank not found by this scan
register,pd,0x216D6,0x16D6,fd,,"mov  r5,a",24,0,0x1090 (back 5),framed by every anchor in range; no PSW write within 64 bytes; bank not found by this scan
register,pd,0x216EF,0x16EF,7d 90,,"mov  r5,#0x90",1,23,0x1012 (back 8),some anchors miss it; see frame_onto/frame_over; no PSW write within 64 bytes; bank not found by this scan
register,pd,0x21703,0x1703,1e,,dec  r6,2,22,0x1012 (back 10),some anchors miss it; see frame_onto/frame_over; no PSW write within 64 bytes; bank not found by this scan
register,pd,0x21708,0x1708,1e,,dec  r6,0,24,0x1012 (back 15),unsyncable: no anchor in range lands on it; may be data or preceded by a dispatch table; no PSW write within 64 bytes; bank not found by this scan
register,pd,0x2171C,0x171C,1d,,dec  r5,0,24,0x1012 (back 9),unsyncable: no anchor in range lands on it; may be data or preceded by a dispatch table; no PSW write within 64 bytes; bank not found by this scan
register,pd,0x2171F,0x171F,1e,,dec  r6,0,24,0x1012 (back 12),unsyncable: no anchor in range lands on it; may be data or preceded by a dispatch table; no PSW write within 64 bytes; bank not found by this scan
register,pd,0x21724,0x1724,1e,,dec  r6,0,24,0x1012 (back 17),unsyncable: no anchor in range lands on it; may be data or preceded by a dispatch table; no PSW write within 64 bytes; bank not found by this scan
register,pd,0x21752,0x1752,1d,,dec  r5,0,24,0x1012 (back 9),unsyncable: no anchor in range lands on it; may be data or preceded by a dispatch table; no PSW write within 64 bytes; bank not found by this scan
register,pd,0x21779,0x1779,fd,,"mov  r5,a",24,0,0x104D (back 18),framed by every anchor in range; no PSW write within 64 bytes; bank not found by this scan
register,pd,0x2177F,0x177F,cd,,"xch  a,r5",24,0,0x104D (back 24),framed by every anchor in range; no PSW write within 64 bytes; bank not found by this scan
register,pd,0x2178D,0x178D,fe,,"mov  r6,a",23,1,0x104D (back 38),some anchors miss it; see frame_onto/frame_over; no PSW write within 64 bytes; bank not found by this scan
register,pd,0x217A6,0x17A6,7d 00,,"mov  r5,#0x00",24,0,0x06EA (back 3),framed by every anchor in range; no PSW write within 64 bytes; bank not found by this scan
register,pd,0x217A9,0x17A9,1e,,dec  r6,0,24,0x06EA (back 6),unsyncable: no anchor in range lands on it; may be data or preceded by a dispatch table; no PSW write within 64 bytes; bank not found by this scan
register,pd,0x217B5,0x17B5,cd,,"xch  a,r5",2,22,0x157B (back 2),some anchors miss it; see frame_onto/frame_over; no PSW write within 64 bytes; bank not found by this scan
register,pd,0x217C2,0x17C2,7d 01,,"mov  r5,#0x01",24,0,0x06EA (back 3),framed by every anchor in range; no PSW write within 64 bytes; bank not found by this scan
register,pd,0x217C5,0x17C5,1e,,dec  r6,1,23,0x1012 (back 2),some anchors miss it; see frame_onto/frame_over; no PSW write within 64 bytes; bank not found by this scan
register,pd,0x217DB,0x17DB,1d,,dec  r5,0,24,0x107A (back 4),unsyncable: no anchor in range lands on it; may be data or preceded by a dispatch table; no PSW write within 64 bytes; bank not found by this scan
register,pd,0x217E6,0x17E6,fd,,"mov  r5,a",24,0,0x107A (back 15),framed by every anchor in range; no PSW write within 64 bytes; bank not found by this scan
register,pd,0x21819,0x1819,7d 06,,"mov  r5,#0x06",22,2,0x104D (back 13),some anchors miss it; see frame_onto/frame_over; no PSW write within 64 bytes; bank not found by this scan
register,pd,0x21830,0x1830,ce,,"xch  a,r6",3,21,0x104D (back 15),some anchors miss it; see frame_onto/frame_over; no PSW write within 64 bytes; bank not found by this scan
register,pd,0x21840,0x1840,1e,,dec  r6,1,23,0x1812 (back 2),some anchors miss it; see frame_onto/frame_over; no PSW write within 64 bytes; bank not found by this scan
register,pd,0x21841,0x1841,7d ef,,"mov  r5,#0xef",2,22,0x1812 (back 3),some anchors miss it; see frame_onto/frame_over; no PSW write within 64 bytes; bank not found by this scan
register,pd,0x21846,0x1846,1e,,dec  r6,0,24,0x1812 (back 8),unsyncable: no anchor in range lands on it; may be data or preceded by a dispatch table; no PSW write within 64 bytes; bank not found by this scan
register,pd,0x21869,0x1869,1e,,dec  r6,0,24,0x1822 (back 11),unsyncable: no anchor in range lands on it; may be data or preceded by a dispatch table; no PSW write within 64 bytes; bank not found by this scan
register,pd,0x2186E,0x186E,1e,,dec  r6,0,24,0x1822 (back 16),unsyncable: no anchor in range lands on it; may be data or preceded by a dispatch table; no PSW write within 64 bytes; bank not found by this scan
register,pd,0x218A2,0x18A2,fd,,"mov  r5,a",24,0,0x104D (back 14),framed by every anchor in range; no PSW write within 64 bytes; bank not found by this scan
register,pd,0x218A4,0x18A4,1d,,dec  r5,0,24,0x104D (back 16),unsyncable: no anchor in range lands on it; may be data or preceded by a dispatch table; no PSW write within 64 bytes; bank not found by this scan
register,pd,0x218B5,0x18B5,1e,,dec  r6,0,24,0x1880 (back 9),unsyncable: no anchor in range lands on it; may be data or preceded by a dispatch table; no PSW write within 64 bytes; bank not found by this scan
register,pd,0x218B6,0x18B6,7d ef,,"mov  r5,#0xef",1,23,0x1880 (back 10),some anchors miss it; see frame_onto/frame_over; no PSW write within 64 bytes; bank not found by this scan
register,pd,0x218C9,0x18C9,1e,,dec  r6,0,24,0x1870 (back 16),unsyncable: no anchor in range lands on it; may be data or preceded by a dispatch table; no PSW write within 64 bytes; bank not found by this scan
register,pd,0x218D1,0x18D1,1e,,dec  r6,0,24,0x1822 (back 3),unsyncable: no anchor in range lands on it; may be data or preceded by a dispatch table; no PSW write within 64 bytes; bank not found by this scan
register,pd,0x21908,0x1908,1e,,dec  r6,0,24,0x1870 (back 4),unsyncable: no anchor in range lands on it; may be data or preceded by a dispatch table; no PSW write within 64 bytes; bank not found by this scan
register,pd,0x2191F,0x191F,1d,,dec  r5,0,24,0x187A (back 4),unsyncable: no anchor in range lands on it; may be data or preceded by a dispatch table; no PSW write within 64 bytes; bank not found by this scan
register,pd,0x21952,0x1952,1e,,dec  r6,0,24,0x1880 (back 34),unsyncable: no anchor in range lands on it; may be data or preceded by a dispatch table; no PSW write within 64 bytes; bank not found by this scan
register,pd,0x21955,0x1955,0d,,inc  r5,0,24,0x1880 (back 37),unsyncable: no anchor in range lands on it; may be data or preceded by a dispatch table; no PSW write within 64 bytes; bank not found by this scan
register,pd,0x2195C,0x195C,1e,,dec  r6,0,24,0x1822 (back 5),unsyncable: no anchor in range lands on it; may be data or preceded by a dispatch table; no PSW write within 64 bytes; bank not found by this scan
register,pd,0x21971,0x1971,fe,,"mov  r6,a",23,1,0x1822 (back 16),some anchors miss it; see frame_onto/frame_over; no PSW write within 64 bytes; bank not found by this scan
register,pd,0x21973,0x1973,fd,,"mov  r5,a",24,0,0x1822 (back 18),framed by every anchor in range; no PSW write within 64 bytes; bank not found by this scan
register,pd,0x2197E,0x197E,1e,,dec  r6,0,24,0x1822 (back 29),unsyncable: no anchor in range lands on it; may be data or preceded by a dispatch table; no PSW write within 64 bytes; bank not found by this scan
register,pd,0x21996,0x1996,fe,,"mov  r6,a",23,1,0x0FAF (back 8),some anchors miss it; see frame_onto/frame_over; no PSW write within 64 bytes; bank not found by this scan
register,pd,0x219B9,0x19B9,fe,,"mov  r6,a",23,1,0x0FAF (back 6),some anchors miss it; see frame_onto/frame_over; no PSW write within 64 bytes; bank not found by this scan
register,pd,0x219C9,0x19C9,fd,,"mov  r5,a",24,0,0x1041 (back 10),framed by every anchor in range; no PSW write within 64 bytes; bank not found by this scan
register,pd,0x219D8,0x19D8,1e,,dec  r6,0,24,0x1822 (back 3),unsyncable: no anchor in range lands on it; may be data or preceded by a dispatch table; no PSW write within 64 bytes; bank not found by this scan
register,pd,0x21A21,0x1A21,fd,,"mov  r5,a",0,24,0x0FAF (back 5),unsyncable: no anchor in range lands on it; may be data or preceded by a dispatch table; no PSW write within 64 bytes; bank not found by this scan
register,pd,0x21A22,0x1A22,fe,,"mov  r6,a",24,0,0x0FAF (back 6),framed by every anchor in range; no PSW write within 64 bytes; bank not found by this scan
register,pd,0x21A31,0x1A31,de 90,,"djnz r6,0x19c3",0,24,0x1041 (back 9),unsyncable: no anchor in range lands on it; may be data or preceded by a dispatch table; no PSW write within 64 bytes; bank not found by this scan
register,pd,0x21A37,0x1A37,1e,,dec  r6,0,24,0x1041 (back 15),unsyncable: no anchor in range lands on it; may be data or preceded by a dispatch table; no PSW write within 64 bytes; bank not found by this scan
register,pd,0x21A54,0x1A54,1e,,dec  r6,0,24,0x1822 (back 24),unsyncable: no anchor in range lands on it; may be data or preceded by a dispatch table; no PSW write within 64 bytes; bank not found by this scan
register,pd,0x21A66,0x1A66,1e,,dec  r6,0,24,0x104D (back 8),unsyncable: no anchor in range lands on it; may be data or preceded by a dispatch table; no PSW write within 64 bytes; bank not found by this scan
register,pd,0x21A69,0x1A69,1e,,dec  r6,0,24,0x104D (back 11),unsyncable: no anchor in range lands on it; may be data or preceded by a dispatch table; no PSW write within 64 bytes; bank not found by this scan
register,pd,0x21A77,0x1A77,1e,,dec  r6,6,18,0x104D (back 6),some anchors miss it; see frame_onto/frame_over; no PSW write within 64 bytes; bank not found by this scan
register,pd,0x21A80,0x1A80,1d,,dec  r5,0,24,0x104D (back 15),unsyncable: no anchor in range lands on it; may be data or preceded by a dispatch table; no PSW write within 64 bytes; bank not found by this scan
register,pd,0x21A91,0x1A91,1d,,dec  r5,0,24,0x104D (back 15),unsyncable: no anchor in range lands on it; may be data or preceded by a dispatch table; no PSW write within 64 bytes; bank not found by this scan
register,pd,0x21AA5,0x1AA5,1d,,dec  r5,3,21,0x187A (back 4),some anchors miss it; see frame_onto/frame_over; no PSW write within 64 bytes; bank not found by this scan
register,pd,0x21AB1,0x1AB1,fe,,"mov  r6,a",24,0,0x187A (back 16),framed by every anchor in range; no PSW write within 64 bytes; bank not found by this scan
register,pd,0x21ACF,0x1ACF,1e,,dec  r6,24,0,0x0000 (back 3),framed by every anchor in range; no PSW write within 64 bytes; bank not found by this scan
register,pd,0x21B05,0x1B05,1e,,dec  r6,0,24,0x0FAF (back 13),unsyncable: no anchor in range lands on it; may be data or preceded by a dispatch table; no PSW write within 64 bytes; bank not found by this scan
register,pd,0x21B22,0x1B22,1d,,dec  r5,1,23,0x104D (back 11),some anchors miss it; see frame_onto/frame_over; no PSW write within 64 bytes; bank not found by this scan
register,pd,0x21B58,0x1B58,1e,,dec  r6,0,24,0x0FAF (back 13),unsyncable: no anchor in range lands on it; may be data or preceded by a dispatch table; no PSW write within 64 bytes; bank not found by this scan
register,pd,0x21B75,0x1B75,1d,,dec  r5,1,23,0x104D (back 11),some anchors miss it; see frame_onto/frame_over; no PSW write within 64 bytes; bank not found by this scan
register,pd,0x21B94,0x1B94,1e,,dec  r6,2,22,0x1A12 (back 2),some anchors miss it; see frame_onto/frame_over; no PSW write within 64 bytes; bank not found by this scan
register,pd,0x21BB1,0x1BB1,1d,,dec  r5,1,23,0x104D (back 11),some anchors miss it; see frame_onto/frame_over; no PSW write within 64 bytes; bank not found by this scan
register,pd,0x21BDF,0x1BDF,1d,,dec  r5,0,24,0x104D (back 15),unsyncable: no anchor in range lands on it; may be data or preceded by a dispatch table; no PSW write within 64 bytes; bank not found by this scan
register,pd,0x21C04,0x1C04,fe,,"mov  r6,a",24,0,0x1822 (back 6),framed by every anchor in range; no PSW write within 64 bytes; bank not found by this scan
register,pd,0x21C09,0x1C09,fd,,"mov  r5,a",24,0,0x1822 (back 11),framed by every anchor in range; no PSW write within 64 bytes; bank not found by this scan
register,pd,0x21C34,0x1C34,1e,,dec  r6,0,24,0x1822 (back 54),unsyncable: no anchor in range lands on it; may be data or preceded by a dispatch table; no PSW write within 64 bytes; bank not found by this scan
register,pd,0x21C4C,0x1C4C,fd,,"mov  r5,a",24,0,0x187A (back 4),framed by every anchor in range; no PSW write within 64 bytes; bank not found by this scan
register,pd,0x21C62,0x1C62,7d 0d,,"mov  r5,#0x0d",24,0,0x104D (back 12),framed by every anchor in range; no PSW write within 64 bytes; bank not found by this scan
register,pd,0x21C63,0x1C63,0d,,inc  r5,0,24,0x104D (back 13),unsyncable: no anchor in range lands on it; may be data or preceded by a dispatch table; no PSW write within 64 bytes; bank not found by this scan
register,pd,0x21C79,0x1C79,1d,,dec  r5,0,24,0x1812 (back 9),unsyncable: no anchor in range lands on it; may be data or preceded by a dispatch table; no PSW write within 64 bytes; bank not found by this scan
register,pd,0x21C93,0x1C93,1d,,dec  r5,0,24,0x181C (back 5),unsyncable: no anchor in range lands on it; may be data or preceded by a dispatch table; no PSW write within 64 bytes; bank not found by this scan
register,pd,0x21C9D,0x1C9D,1e,,dec  r6,24,0,0x0000 (back 3),framed by every anchor in range; no PSW write within 64 bytes; bank not found by this scan
register,pd,0x21CCE,0x1CCE,7d 05,,"mov  r5,#0x05",24,0,0x104D (back 12),framed by every anchor in range; no PSW write within 64 bytes; bank not found by this scan
register,pd,0x21CD4,0x1CD4,1e,,dec  r6,0,24,0x104D (back 18),unsyncable: no anchor in range lands on it; may be data or preceded by a dispatch table; no PSW write within 64 bytes; bank not found by this scan
register,pd,0x21D00,0x1D00,1e,,dec  r6,0,24,0x104D (back 13),unsyncable: no anchor in range lands on it; may be data or preceded by a dispatch table; no PSW write within 64 bytes; bank not found by this scan
register,pd,0x21D1D,0x1D1D,1d,,dec  r5,1,23,0x1812 (back 5),some anchors miss it; see frame_onto/frame_over; no PSW write within 64 bytes; bank not found by this scan
register,pd,0x21D44,0x1D44,fe,,"mov  r6,a",23,1,0x104D (back 18),some anchors miss it; see frame_onto/frame_over; no PSW write within 64 bytes; bank not found by this scan
register,pd,0x21D46,0x1D46,fd,,"mov  r5,a",24,0,0x104D (back 20),framed by every anchor in range; no PSW write within 64 bytes; bank not found by this scan
register,pd,0x21D65,0x1D65,1d,,dec  r5,1,23,0x1812 (back 9),some anchors miss it; see frame_onto/frame_over; no PSW write within 64 bytes; bank not found by this scan
register,pd,0x21D67,0x1D67,1e,,dec  r6,0,24,0x1812 (back 11),unsyncable: no anchor in range lands on it; may be data or preceded by a dispatch table; no PSW write within 64 bytes; bank not found by this scan
register,pd,0x21D87,0x1D87,1e,,dec  r6,0,24,0x1812 (back 8),unsyncable: no anchor in range lands on it; may be data or preceded by a dispatch table; no PSW write within 64 bytes; bank not found by this scan
register,pd,0x21D98,0x1D98,1e,,dec  r6,0,24,0x1880 (back 9),unsyncable: no anchor in range lands on it; may be data or preceded by a dispatch table; no PSW write within 64 bytes; bank not found by this scan
register,pd,0x21D9D,0x1D9D,1e,,dec  r6,0,24,0x1880 (back 14),unsyncable: no anchor in range lands on it; may be data or preceded by a dispatch table; no PSW write within 64 bytes; bank not found by this scan
register,pd,0x21D9E,0x1D9E,1d,,dec  r5,1,23,0x1880 (back 15),some anchors miss it; see frame_onto/frame_over; no PSW write within 64 bytes; bank not found by this scan
register,pd,0x21DA8,0x1DA8,0d,,inc  r5,0,24,0x1822 (back 6),unsyncable: no anchor in range lands on it; may be data or preceded by a dispatch table; no PSW write within 64 bytes; bank not found by this scan
register,pd,0x21DB4,0x1DB4,1e,,dec  r6,1,23,0x1822 (back 18),some anchors miss it; see frame_onto/frame_over; no PSW write within 64 bytes; bank not found by this scan
register,pd,0x21DB7,0x1DB7,1e,,dec  r6,0,24,0x1822 (back 21),unsyncable: no anchor in range lands on it; may be data or preceded by a dispatch table; no PSW write within 64 bytes; bank not found by this scan
register,pd,0x21DBA,0x1DBA,1e,,dec  r6,2,22,0x1822 (back 24),some anchors miss it; see frame_onto/frame_over; no PSW write within 64 bytes; bank not found by this scan
register,pd,0x21DCB,0x1DCB,1e,,dec  r6,0,24,0x1880 (back 9),unsyncable: no anchor in range lands on it; may be data or preceded by a dispatch table; no PSW write within 64 bytes; bank not found by this scan
register,pd,0x21DD2,0x1DD2,1e,,dec  r6,0,24,0x1870 (back 4),unsyncable: no anchor in range lands on it; may be data or preceded by a dispatch table; no PSW write within 64 bytes; bank not found by this scan
register,pd,0x21DD3,0x1DD3,1d,,dec  r5,1,23,0x1870 (back 5),some anchors miss it; see frame_onto/frame_over; no PSW write within 64 bytes; bank not found by this scan
register,pd,0x21DF1,0x1DF1,fe,,"mov  r6,a",24,0,0x1822 (back 26),framed by every anchor in range; no PSW write within 64 bytes; bank not found by this scan
register,pd,0x21E04,0x1E04,1e,,dec  r6,0,24,0x06BF (back 6),unsyncable: no anchor in range lands on it; may be data or preceded by a dispatch table; no PSW write within 64 bytes; bank not found by this scan
register,pd,0x21E13,0x1E13,fd,,"mov  r5,a",24,0,0x1822 (back 12),framed by every anchor in range; no PSW write within 64 bytes; bank not found by this scan
register,pd,0x21E24,0x1E24,fd,,"mov  r5,a",24,0,0x1822 (back 9),framed by every anchor in range; no PSW write within 64 bytes; bank not found by this scan
register,pd,0x21E31,0x1E31,7d 04,,"mov  r5,#0x04",24,0,0x1822 (back 5),framed by every anchor in range; no PSW write within 64 bytes; bank not found by this scan
register,pd,0x21E52,0x1E52,fd,,"mov  r5,a",24,0,0x1A90 (back 17),framed by every anchor in range; no PSW write within 64 bytes; bank not found by this scan
register,pd,0x21E75,0x1E75,fd,,"mov  r5,a",24,0,0x1822 (back 27),framed by every anchor in range; no PSW write within 64 bytes; bank not found by this scan
register,pd,0x21E8A,0x1E8A,fd,,"mov  r5,a",24,0,0x1822 (back 15),framed by every anchor in range; no PSW write within 64 bytes; bank not found by this scan
register,pd,0x21EAE,0x1EAE,fd,,"mov  r5,a",24,0,0x1822 (back 28),framed by every anchor in range; no PSW write within 64 bytes; bank not found by this scan
register,pd,0x21EC3,0x1EC3,7d 0d,,"mov  r5,#0x0d",24,0,0x1822 (back 49),framed by every anchor in range; no PSW write within 64 bytes; bank not found by this scan
register,pd,0x21EC4,0x1EC4,0d,,inc  r5,0,24,0x1822 (back 50),unsyncable: no anchor in range lands on it; may be data or preceded by a dispatch table; no PSW write within 64 bytes; bank not found by this scan
register,pd,0x21ECD,0x1ECD,fd,,"mov  r5,a",24,0,0x1822 (back 59),framed by every anchor in range; no PSW write within 64 bytes; bank not found by this scan
register,pd,0x21F3A,0x1F3A,7d 04,,"mov  r5,#0x04",0,24,0x1820 (back 8),unsyncable: no anchor in range lands on it; may be data or preceded by a dispatch table; no PSW write within 64 bytes; bank not found by this scan
register,pd,0x21F43,0x1F43,ce,,"xch  a,r6",24,0,0x1820 (back 17),framed by every anchor in range; no PSW write within 64 bytes; bank not found by this scan
register,pd,0x21F54,0x1F54,0d,,inc  r5,1,23,0x1820 (back 34),some anchors miss it; see frame_onto/frame_over; no PSW write within 64 bytes; bank not found by this scan
register,pd,0x21F80,0x1F80,ce,,"xch  a,r6",1,23,0x0FAF (back 24),some anchors miss it; see frame_onto/frame_over; no PSW write within 64 bytes; bank not found by this scan
register,pd,0x21F9A,0x1F9A,fe,,"mov  r6,a",24,0,0x0B85 (back 12),framed by every anchor in range; no PSW write within 64 bytes; bank not found by this scan
register,pd,0x21FBF,0x1FBF,fd,,"mov  r5,a",23,1,0x0B85 (back 49),some anchors miss it; see frame_onto/frame_over; no PSW write within 64 bytes; bank not found by this scan
register,pd,0x21FD3,0x1FD3,0d,,inc  r5,1,23,0x1870 (back 5),some anchors miss it; see frame_onto/frame_over; no PSW write within 64 bytes; bank not found by this scan
register,pd,0x21FDB,0x1FDB,fe,,"mov  r6,a",24,0,0x1870 (back 13),framed by every anchor in range; no PSW write within 64 bytes; bank not found by this scan
register,pd,0x21FEE,0x1FEE,fd,,"mov  r5,a",0,24,0x1870 (back 32),unsyncable: no anchor in range lands on it; may be data or preceded by a dispatch table; no PSW write within 64 bytes; bank not found by this scan
register,pd,0x22045,0x2045,7e 12,,"mov  r6,#0x12",0,24,0x2012 (back 19),unsyncable: no anchor in range lands on it; may be data or preceded by a dispatch table; no PSW write within 64 bytes; bank not found by this scan
register,pd,0x22075,0x2075,fd,,"mov  r5,a",24,0,0x104D (back 11),framed by every anchor in range; no PSW write within 64 bytes; bank not found by this scan
register,pd,0x22094,0x2094,7e 12,,"mov  r6,#0x12",0,24,0x0224 (back 25),unsyncable: no anchor in range lands on it; may be data or preceded by a dispatch table; no PSW write within 64 bytes; bank not found by this scan
register,pd,0x220BB,0x20BB,7e 12,,"mov  r6,#0x12",3,21,0x104D (back 22),some anchors miss it; see frame_onto/frame_over; no PSW write within 64 bytes; bank not found by this scan
register,pd,0x220C8,0x20C8,7e 12,,"mov  r6,#0x12",1,23,0x104D (back 35),some anchors miss it; see frame_onto/frame_over; no PSW write within 64 bytes; bank not found by this scan
register,pd,0x220CE,0x20CE,0d,,inc  r5,1,23,0x104D (back 41),some anchors miss it; see frame_onto/frame_over; no PSW write within 64 bytes; bank not found by this scan
register,pd,0x2210C,0x210C,fd,,"mov  r5,a",24,0,0x10BC (back 12),framed by every anchor in range; no PSW write within 64 bytes; bank not found by this scan
register,pd,0x22152,0x2152,0e,,inc  r6,1,23,0x2022 (back 13),some anchors miss it; see frame_onto/frame_over; no PSW write within 64 bytes; bank not found by this scan
register,pd,0x22182,0x2182,fe,,"mov  r6,a",24,0,0x0FAF (back 23),framed by every anchor in range; no PSW write within 64 bytes; bank not found by this scan
register,pd,0x22187,0x2187,fd,,"mov  r5,a",24,0,0x0FAF (back 28),framed by every anchor in range; no PSW write within 64 bytes; bank not found by this scan
register,pd,0x221A3,0x21A3,fd,,"mov  r5,a",0,24,0x0FAF (back 5),unsyncable: no anchor in range lands on it; may be data or preceded by a dispatch table; no PSW write within 64 bytes; bank not found by this scan
register,pd,0x221A4,0x21A4,fd,,"mov  r5,a",24,0,0x0FAF (back 6),framed by every anchor in range; no PSW write within 64 bytes; bank not found by this scan
register,pd,0x221C2,0x21C2,fd,,"mov  r5,a",23,1,0x0FAF (back 6),some anchors miss it; see frame_onto/frame_over; no PSW write within 64 bytes; bank not found by this scan
register,pd,0x221D9,0x21D9,fe,,"mov  r6,a",24,0,0x0FAF (back 29),framed by every anchor in range; no PSW write within 64 bytes; bank not found by this scan
register,pd,0x2220D,0x220D,0d,,inc  r5,0,24,0x10C8 (back 21),unsyncable: no anchor in range lands on it; may be data or preceded by a dispatch table; no PSW write within 64 bytes; bank not found by this scan
register,pd,0x22210,0x2210,ae f0,,"mov  r6,0xf0",24,0,0x0D38 (back 4),framed by every anchor in range; no PSW write within 64 bytes; bank not found by this scan
register,pd,0x22216,0x2216,fd,,"mov  r5,a",24,0,0x0D38 (back 10),framed by every anchor in range; no PSW write within 64 bytes; bank not found by this scan
register,pd,0x22231,0x2231,7d 0a,,"mov  r5,#0x0a",24,0,0x0D38 (back 37),framed by every anchor in range; no PSW write within 64 bytes; bank not found by this scan
register,pd,0x2223A,0x223A,fd,,"mov  r5,a",24,0,0x0C7A (back 7),framed by every anchor in range; no PSW write within 64 bytes; bank not found by this scan
register,pd,0x2224E,0x224E,0d,,inc  r5,2,22,0x0C7A (back 27),some anchors miss it; see frame_onto/frame_over; no PSW write within 64 bytes; bank not found by this scan
register,pd,0x22260,0x2260,fe,,"mov  r6,a",24,0,0x0F1F (back 6),framed by every anchor in range; no PSW write within 64 bytes; bank not found by this scan
register,pd,0x22263,0x2263,7d 14,,"mov  r5,#0x14",24,0,0x0F1F (back 9),framed by every anchor in range; no PSW write within 64 bytes; bank not found by this scan
register,pd,0x22279,0x2279,0d,,inc  r5,1,23,0x0C7A (back 20),some anchors miss it; see frame_onto/frame_over; no PSW write within 64 bytes; bank not found by this scan
register,pd,0x22284,0x2284,7d 32,,"mov  r5,#0x32",24,0,0x0C7A (back 31),framed by every anchor in range; no PSW write within 64 bytes; bank not found by this scan
register,pd,0x222B4,0x22B4,fd,,"mov  r5,a",23,1,0x10BC (back 36),some anchors miss it; see frame_onto/frame_over; no PSW write within 64 bytes; bank not found by this scan
register,pd,0x222D7,0x22D7,0d,,inc  r5,1,23,0x2012 (back 6),some anchors miss it; see frame_onto/frame_over; no PSW write within 64 bytes; bank not found by this scan
register,pd,0x2238B,0x238B,7d 0d,,"mov  r5,#0x0d",24,0,0x104D (back 12),framed by every anchor in range; no PSW write within 64 bytes; bank not found by this scan
register,pd,0x2238C,0x238C,0d,,inc  r5,0,24,0x104D (back 13),unsyncable: no anchor in range lands on it; may be data or preceded by a dispatch table; no PSW write within 64 bytes; bank not found by this scan
register,pd,0x2239E,0x239E,cd,,"xch  a,r5",0,24,0x104D (back 31),unsyncable: no anchor in range lands on it; may be data or preceded by a dispatch table; no PSW write within 64 bytes; bank not found by this scan
register,pd,0x223B3,0x23B3,fe,,"mov  r6,a",24,0,0x104D (back 52),framed by every anchor in range; no PSW write within 64 bytes; bank not found by this scan
register,pd,0x223C3,0x23C3,7d 01,,"mov  r5,#0x01",24,0,0x104D (back 68),framed by every anchor in range; no PSW write within 64 bytes; bank not found by this scan
register,pd,0x223CA,0x23CA,7e 00,,"mov  r6,#0x00",24,0,0x2012 (back 6),framed by every anchor in range; no PSW write within 64 bytes; bank not found by this scan
register,pd,0x223CC,0x23CC,7d 00,,"mov  r5,#0x00",24,0,0x2012 (back 8),framed by every anchor in range; no PSW write within 64 bytes; bank not found by this scan
register,pd,0x223F7,0x23F7,fe,,"mov  r6,a",24,0,0x2005 (back 10),framed by every anchor in range; no PSW write within 64 bytes; bank not found by this scan
register,pd,0x223F8,0x23F8,fd,,"mov  r5,a",24,0,0x2005 (back 11),framed by every anchor in range; no PSW write within 64 bytes; bank not found by this scan
register,pd,0x22418,0x2418,7d 06,,"mov  r5,#0x06",22,2,0x104D (back 13),some anchors miss it; see frame_onto/frame_over; no PSW write within 64 bytes; bank not found by this scan
register,pd,0x2242D,0x242D,7d 05,,"mov  r5,#0x05",22,2,0x104D (back 13),some anchors miss it; see frame_onto/frame_over; no PSW write within 64 bytes; bank not found by this scan
register,pd,0x2243A,0x243A,ce,,"xch  a,r6",2,22,0x104D (back 26),some anchors miss it; see frame_onto/frame_over; no PSW write within 64 bytes; bank not found by this scan
register,pd,0x22482,0x2482,cd,,"xch  a,r5",0,24,0x2060 (back 43),unsyncable: no anchor in range lands on it; may be data or preceded by a dispatch table; no PSW write within 64 bytes; bank not found by this scan
register,pd,0x2248C,0x248C,fe,,"mov  r6,a",24,0,0x2060 (back 53),framed by every anchor in range; no PSW write within 64 bytes; bank not found by this scan
register,pd,0x2248D,0x248D,fd,,"mov  r5,a",24,0,0x2060 (back 54),framed by every anchor in range; no PSW write within 64 bytes; bank not found by this scan
register,pd,0x224C6,0x24C6,fe,,"mov  r6,a",24,0,0x2019 (back 13),framed by every anchor in range; no PSW write within 64 bytes; bank not found by this scan
register,pd,0x224E5,0x24E5,fd,,"mov  r5,a",22,2,0x2412 (back 11),some anchors miss it; see frame_onto/frame_over; no PSW write within 64 bytes; bank not found by this scan
register,pd,0x22510,0x2510,7d 90,,"mov  r5,#0x90",0,24,0x2000 (back 8),unsyncable: no anchor in range lands on it; may be data or preceded by a dispatch table; no PSW write within 64 bytes; bank not found by this scan
register,pd,0x2252A,0x252A,7d 01,,"mov  r5,#0x01",24,0,0x207A (back 11),framed by every anchor in range; no PSW write within 64 bytes; bank not found by this scan
register,pd,0x22531,0x2531,7d 90,,"mov  r5,#0x90",0,24,0x2012 (back 6),unsyncable: no anchor in range lands on it; may be data or preceded by a dispatch table; no PSW write within 64 bytes; bank not found by this scan
register,pd,0x22539,0x2539,0d,,inc  r5,1,23,0x2012 (back 14),some anchors miss it; see frame_onto/frame_over; no PSW write within 64 bytes; bank not found by this scan
register,pd,0x2253F,0x253F,7d 07,,"mov  r5,#0x07",24,0,0x2012 (back 20),framed by every anchor in range; no PSW write within 64 bytes; bank not found by this scan
register,pd,0x22542,0x2542,7e a1,,"mov  r6,#0xa1",0,24,0x2012 (back 23),unsyncable: no anchor in range lands on it; may be data or preceded by a dispatch table; no PSW write within 64 bytes; bank not found by this scan
register,pd,0x22573,0x2573,fd,,"mov  r5,a",24,0,0x2090 (back 5),framed by every anchor in range; no PSW write within 64 bytes; bank not found by this scan
register,pd,0x22585,0x2585,0d,,inc  r5,1,23,0x2090 (back 23),some anchors miss it; see frame_onto/frame_over; no PSW write within 64 bytes; bank not found by this scan
register,pd,0x22598,0x2598,ce,,"xch  a,r6",1,23,0x2090 (back 42),some anchors miss it; see frame_onto/frame_over; no PSW write within 64 bytes; bank not found by this scan
register,pd,0x225AD,0x25AD,fe,,"mov  r6,a",24,0,0x0B85 (back 7),framed by every anchor in range; no PSW write within 64 bytes; bank not found by this scan
register,pd,0x225CD,0x25CD,ae 02,,"mov  r6,0x02",23,1,0x0B85 (back 39),some anchors miss it; see frame_onto/frame_over; no PSW write within 64 bytes; bank not found by this scan
register,pd,0x225CF,0x25CF,ad 03,,"mov  r5,0x03",22,2,0x20AE (back 3),some anchors miss it; see frame_onto/frame_over; no PSW write within 64 bytes; bank not found by this scan
register,pd,0x225DF,0x25DF,7d 0a,,"mov  r5,#0x0a",24,0,0x22D0 (back 7),framed by every anchor in range; no PSW write within 64 bytes; bank not found by this scan
register,pd,0x225E6,0x25E6,0d,,inc  r5,1,23,0x22D0 (back 14),some anchors miss it; see frame_onto/frame_over; no PSW write within 64 bytes; bank not found by this scan
register,pd,0x225EE,0x25EE,fe,,"mov  r6,a",24,0,0x22D0 (back 22),framed by every anchor in range; no PSW write within 64 bytes; bank not found by this scan
register,pd,0x225F2,0x25F2,0d,,inc  r5,0,24,0x22D0 (back 26),unsyncable: no anchor in range lands on it; may be data or preceded by a dispatch table; no PSW write within 64 bytes; bank not found by this scan
register,pd,0x22601,0x2601,fd,,"mov  r5,a",0,24,0x2070 (back 10),unsyncable: no anchor in range lands on it; may be data or preceded by a dispatch table; no PSW write within 64 bytes; bank not found by this scan
register,pd,0x2263D,0x263D,7d 00,,"mov  r5,#0x00",14,10,0x2012 (back 7),some anchors miss it; see frame_onto/frame_over; no PSW write within 64 bytes; bank not found by this scan
register,pd,0x2266F,0x266F,fe,,"mov  r6,a",23,1,0x2080 (back 22),some anchors miss it; see frame_onto/frame_over; no PSW write within 64 bytes; bank not found by this scan
register,pd,0x22683,0x2683,1d,,dec  r5,0,24,0x2090 (back 5),unsyncable: no anchor in range lands on it; may be data or preceded by a dispatch table; no PSW write within 64 bytes; bank not found by this scan
register,pd,0x22685,0x2685,fd,,"mov  r5,a",24,0,0x2090 (back 7),framed by every anchor in range; no PSW write within 64 bytes; bank not found by this scan
register,pd,0x226A2,0x26A2,fd,,"mov  r5,a",24,0,0x1238 (back 23),framed by every anchor in range; no PSW write within 64 bytes; bank not found by this scan
register,pd,0x226F7,0x26F7,fe,,"mov  r6,a",24,0,0x2060 (back 14),framed by every anchor in range; no PSW write within 64 bytes; bank not found by this scan
register,pd,0x22718,0x2718,cd,,"xch  a,r5",24,0,0x2022 (back 14),framed by every anchor in range; no PSW write within 64 bytes; bank not found by this scan
register,pd,0x22721,0x2721,fd,,"mov  r5,a",24,0,0x2022 (back 23),framed by every anchor in range; no PSW write within 64 bytes; bank not found by this scan
register,pd,0x2272F,0x272F,0d,,inc  r5,1,23,0x2022 (back 4),some anchors miss it; see frame_onto/frame_over; no PSW write within 64 bytes; bank not found by this scan
register,pd,0x2273F,0x273F,fd,,"mov  r5,a",24,0,0x0F1F (back 4),framed by every anchor in range; no PSW write within 64 bytes; bank not found by this scan
register,pd,0x22743,0x2743,1e,,dec  r6,1,23,0x0F1F (back 8),some anchors miss it; see frame_onto/frame_over; no PSW write within 64 bytes; bank not found by this scan
register,pd,0x22756,0x2756,fd,,"mov  r5,a",24,0,0x0F1F (back 4),framed by every anchor in range; no PSW write within 64 bytes; bank not found by this scan
register,pd,0x2277F,0x277F,fe,,"mov  r6,a",24,0,0x0F1F (back 17),framed by every anchor in range; no PSW write within 64 bytes; bank not found by this scan
register,pd,0x22780,0x2780,fd,,"mov  r5,a",24,0,0x0F1F (back 18),framed by every anchor in range; no PSW write within 64 bytes; bank not found by this scan
register,pd,0x2278A,0x278A,0d,,inc  r5,3,21,0x2290 (back 3),some anchors miss it; see frame_onto/frame_over; no PSW write within 64 bytes; bank not found by this scan
register,pd,0x227A1,0x27A1,fe,,"mov  r6,a",24,0,0x0FAF (back 8),framed by every anchor in range; no PSW write within 64 bytes; bank not found by this scan
register,pd,0x227BB,0x27BB,7e ff,,"mov  r6,#0xff",24,0,0x2080 (back 19),framed by every anchor in range; no PSW write within 64 bytes; bank not found by this scan
register,pd,0x227BD,0x27BD,fd,,"mov  r5,a",24,0,0x2080 (back 21),framed by every anchor in range; no PSW write within 64 bytes; bank not found by this scan
register,pd,0x227C1,0x27C1,1e,,dec  r6,1,23,0x2080 (back 25),some anchors miss it; see frame_onto/frame_over; no PSW write within 64 bytes; bank not found by this scan
register,pd,0x227EA,0x27EA,1e,,dec  r6,3,21,0x0FAF (back 5),some anchors miss it; see frame_onto/frame_over; no PSW write within 64 bytes; bank not found by this scan
register,pd,0x22828,0x2828,0d,,inc  r5,1,23,0x1256 (back 13),some anchors miss it; see frame_onto/frame_over; no PSW write within 64 bytes; bank not found by this scan
register,pd,0x2282D,0x282D,de ef,,"djnz r6,0x281e",1,23,0x1256 (back 18),some anchors miss it; see frame_onto/frame_over; no PSW write within 64 bytes; bank not found by this scan
register,pd,0x22836,0x2836,0d,,inc  r5,1,23,0x1256 (back 27),some anchors miss it; see frame_onto/frame_over; no PSW write within 64 bytes; bank not found by this scan
register,pd,0x2289A,0x289A,0d,,inc  r5,1,23,0x2829 (back 37),some anchors miss it; see frame_onto/frame_over; no PSW write within 64 bytes; bank not found by this scan
register,pd,0x2289D,0x289D,7d 01,,"mov  r5,#0x01",24,0,0x2829 (back 40),framed by every anchor in range; no PSW write within 64 bytes; bank not found by this scan
register,pd,0x228C0,0x28C0,0e,,inc  r6,1,23,0x2850 (back 10),some anchors miss it; see frame_onto/frame_over; no PSW write within 64 bytes; bank not found by this scan
register,pd,0x228C7,0x28C7,fd,,"mov  r5,a",24,0,0x2850 (back 17),framed by every anchor in range; no PSW write within 64 bytes; bank not found by this scan
register,pd,0x228D2,0x28D2,0e,,inc  r6,1,23,0x2850 (back 28),some anchors miss it; see frame_onto/frame_over; no PSW write within 64 bytes; bank not found by this scan
register,pd,0x228FC,0x28FC,0d,,inc  r5,3,21,0x0F65 (back 5),some anchors miss it; see frame_onto/frame_over; no PSW write within 64 bytes; bank not found by this scan
register,pd,0x22904,0x2904,de f5,,"djnz r6,0x28fb",0,24,0x0F65 (back 13),unsyncable: no anchor in range lands on it; may be data or preceded by a dispatch table; no PSW write within 64 bytes; bank not found by this scan
register,pd,0x22972,0x2972,0e,,inc  r6,1,23,0x2850 (back 10),some anchors miss it; see frame_onto/frame_over; no PSW write within 64 bytes; bank not found by this scan
register,pd,0x22979,0x2979,fd,,"mov  r5,a",24,0,0x2850 (back 17),framed by every anchor in range; no PSW write within 64 bytes; bank not found by this scan
register,pd,0x22984,0x2984,0d,,inc  r5,1,23,0x2850 (back 28),some anchors miss it; see frame_onto/frame_over; no PSW write within 64 bytes; bank not found by this scan
register,pd,0x229A3,0x29A3,fe,,"mov  r6,a",0,24,0x2870 (back 13),unsyncable: no anchor in range lands on it; may be data or preceded by a dispatch table; no PSW write within 64 bytes; bank not found by this scan
register,pd,0x229A7,0x29A7,0d,,inc  r5,1,23,0x2870 (back 17),some anchors miss it; see frame_onto/frame_over; no PSW write within 64 bytes; bank not found by this scan
register,pd,0x229B6,0x29B6,fe,,"mov  r6,a",24,0,0x2870 (back 32),framed by every anchor in range; no PSW write within 64 bytes; bank not found by this scan
register,pd,0x229C4,0x29C4,0e,,inc  r6,1,23,0x2870 (back 46),some anchors miss it; see frame_onto/frame_over; no PSW write within 64 bytes; bank not found by this scan
register,pd,0x229C6,0x29C6,fd,,"mov  r5,a",24,0,0x2870 (back 48),framed by every anchor in range; no PSW write within 64 bytes; bank not found by this scan
register,pd,0x229E2,0x29E2,0d,,inc  r5,1,23,0x2860 (back 8),some anchors miss it; see frame_onto/frame_over; no PSW write within 64 bytes; bank not found by this scan
register,pd,0x22A1A,0x2A1A,0e,,inc  r6,1,23,0x2850 (back 10),some anchors miss it; see frame_onto/frame_over; no PSW write within 64 bytes; bank not found by this scan
register,pd,0x22A21,0x2A21,fd,,"mov  r5,a",24,0,0x2850 (back 17),framed by every anchor in range; no PSW write within 64 bytes; bank not found by this scan
register,pd,0x22A2F,0x2A2F,1e,,dec  r6,3,21,0x2850 (back 31),some anchors miss it; see frame_onto/frame_over; no PSW write within 64 bytes; bank not found by this scan
register,pd,0x22A40,0x2A40,ae 02,,"mov  r6,0x02",21,3,0x0FAF (back 16),some anchors miss it; see frame_onto/frame_over; no PSW write within 64 bytes; bank not found by this scan
register,pd,0x22A42,0x2A42,ad 03,,"mov  r5,0x03",20,4,0x28AE (back 3),some anchors miss it; see frame_onto/frame_over; no PSW write within 64 bytes; bank not found by this scan
register,pd,0x22A4E,0x2A4E,0d,,inc  r5,3,21,0x1041 (back 5),some anchors miss it; see frame_onto/frame_over; no PSW write within 64 bytes; bank not found by this scan
register,pd,0x22A55,0x2A55,7d 09,,"mov  r5,#0x09",23,1,0x1041 (back 12),some anchors miss it; see frame_onto/frame_over; no PSW write within 64 bytes; bank not found by this scan
register,pd,0x22A63,0x2A63,fd,,"mov  r5,a",24,0,0x1041 (back 26),framed by every anchor in range; no PSW write within 64 bytes; bank not found by this scan
register,pd,0x22A66,0x2A66,1e,,dec  r6,1,23,0x1041 (back 29),some anchors miss it; see frame_onto/frame_over; no PSW write within 64 bytes; bank not found by this scan
register,pd,0x22A97,0x2A97,de bf,,"djnz r6,0x2a58",1,23,0x1041 (back 78),some anchors miss it; see frame_onto/frame_over; no PSW write within 64 bytes; bank not found by this scan
register,pd,0x22AA3,0x2AA3,0d,,inc  r5,1,23,0x2810 (back 10),some anchors miss it; see frame_onto/frame_over; no PSW write within 64 bytes; bank not found by this scan
register,pd,0x22AA7,0x2AA7,cd,,"xch  a,r5",1,23,0x2810 (back 14),some anchors miss it; see frame_onto/frame_over; no PSW write within 64 bytes; bank not found by this scan
register,pd,0x22AC7,0x2AC7,fe,,"mov  r6,a",24,0,0x1256 (back 21),framed by every anchor in range; no PSW write within 64 bytes; bank not found by this scan
register,pd,0x22AD8,0x2AD8,0d,,inc  r5,1,23,0x1256 (back 38),some anchors miss it; see frame_onto/frame_over; no PSW write within 64 bytes; bank not found by this scan
register,pd,0x22ADB,0x2ADB,fd,,"mov  r5,a",24,0,0x1256 (back 41),framed by every anchor in range; no PSW write within 64 bytes; bank not found by this scan
register,pd,0x22B10,0x2B10,0d,,inc  r5,1,23,0x2870 (back 5),some anchors miss it; see frame_onto/frame_over; no PSW write within 64 bytes; bank not found by this scan
register,pd,0x22B1C,0x2B1C,fe,,"mov  r6,a",24,0,0x2870 (back 17),framed by every anchor in range; no PSW write within 64 bytes; bank not found by this scan
register,pd,0x22B22,0x2B22,ce,,"xch  a,r6",24,0,0x2870 (back 23),framed by every anchor in range; no PSW write within 64 bytes; bank not found by this scan
register,pd,0x22B24,0x2B24,ce,,"xch  a,r6",24,0,0x2870 (back 25),framed by every anchor in range; no PSW write within 64 bytes; bank not found by this scan
register,pd,0x22B43,0x2B43,0d,,inc  r5,2,22,0x0F65 (back 21),some anchors miss it; see frame_onto/frame_over; no PSW write within 64 bytes; bank not found by this scan
register,pd,0x22B5A,0x2B5A,cd,,"xch  a,r5",1,23,0x2AEB (back 4),some anchors miss it; see frame_onto/frame_over; no PSW write within 64 bytes; bank not found by this scan
register,pd,0x22B5C,0x2B5C,fe,,"mov  r6,a",0,24,0x2AEB (back 6),unsyncable: no anchor in range lands on it; may be data or preceded by a dispatch table; no PSW write within 64 bytes; bank not found by this scan
register,pd,0x22B60,0x2B60,0d,,inc  r5,1,23,0x2AEB (back 10),some anchors miss it; see frame_onto/frame_over; no PSW write within 64 bytes; bank not found by this scan
register,pd,0x22B62,0x2B62,fe,,"mov  r6,a",24,0,0x2AEB (back 12),framed by every anchor in range; no PSW write within 64 bytes; bank not found by this scan
register,pd,0x22B7E,0x2B7E,fd,,"mov  r5,a",24,0,0x2812 (back 21),framed by every anchor in range; no PSW write within 64 bytes; bank not found by this scan
register,pd,0x22B8B,0x2B8B,0d,,inc  r5,2,22,0x2812 (back 34),some anchors miss it; see frame_onto/frame_over; no PSW write within 64 bytes; bank not found by this scan
register,pd,0x22BAA,0x2BAA,0d,,inc  r5,1,23,0x0FAF (back 7),some anchors miss it; see frame_onto/frame_over; no PSW write within 64 bytes; bank not found by this scan
register,pd,0x22BC8,0x2BC8,0d,,inc  r5,1,23,0x2840 (back 2),some anchors miss it; see frame_onto/frame_over; no PSW write within 64 bytes; bank not found by this scan
register,pd,0x22BDA,0x2BDA,fd,,"mov  r5,a",24,0,0x2840 (back 20),framed by every anchor in range; no PSW write within 64 bytes; bank not found by this scan
register,pd,0x22C12,0x2C12,cd,,"xch  a,r5",0,24,0x104D (back 38),unsyncable: no anchor in range lands on it; may be data or preceded by a dispatch table; no PSW write within 64 bytes; bank not found by this scan
register,pd,0x22C27,0x2C27,0e,,inc  r6,1,23,0x104D (back 59),some anchors miss it; see frame_onto/frame_over; no PSW write within 64 bytes; bank not found by this scan
register,pd,0x22C29,0x2C29,fd,,"mov  r5,a",24,0,0x104D (back 61),framed by every anchor in range; no PSW write within 64 bytes; bank not found by this scan
register,pd,0x22C2E,0x2C2E,cd,,"xch  a,r5",0,24,0x104D (back 66),unsyncable: no anchor in range lands on it; may be data or preceded by a dispatch table; no PSW write within 64 bytes; bank not found by this scan
register,pd,0x22C4D,0x2C4D,0d,,inc  r5,1,23,0x104D (back 9),some anchors miss it; see frame_onto/frame_over; no PSW write within 64 bytes; bank not found by this scan
register,pd,0x22C55,0x2C55,0d,,inc  r5,3,21,0x104D (back 17),some anchors miss it; see frame_onto/frame_over; no PSW write within 64 bytes; bank not found by this scan
register,pd,0x22C7F,0x2C7F,0d,,inc  r5,1,23,0x104D (back 59),some anchors miss it; see frame_onto/frame_over; no PSW write within 64 bytes; bank not found by this scan
register,pd,0x22CA5,0x2CA5,7e 01,,"mov  r6,#0x01",24,0,0x287A (back 18),framed by every anchor in range; no PSW write within 64 bytes; bank not found by this scan
register,pd,0x22CA9,0x2CA9,7e 00,,"mov  r6,#0x00",22,2,0x2880 (back 3),some anchors miss it; see frame_onto/frame_over; no PSW write within 64 bytes; bank not found by this scan
register,pd,0x22CC3,0x2CC3,fd,,"mov  r5,a",24,0,0x28C3 (back 14),framed by every anchor in range; no PSW write within 64 bytes; bank not found by this scan
register,pd,0x22CC6,0x2CC6,1e,,dec  r6,1,23,0x28C3 (back 17),some anchors miss it; see frame_onto/frame_over; no PSW write within 64 bytes; bank not found by this scan
register,pd,0x22CCE,0x2CCE,0d,,inc  r5,1,23,0x2B70 (back 5),some anchors miss it; see frame_onto/frame_over; no PSW write within 64 bytes; bank not found by this scan
register,pd,0x22CDF,0x2CDF,1d,,dec  r5,1,23,0x2840 (back 2),some anchors miss it; see frame_onto/frame_over; no PSW write within 64 bytes; bank not found by this scan
register,pd,0x22D01,0x2D01,fd,,"mov  r5,a",24,0,0x2840 (back 36),framed by every anchor in range; no PSW write within 64 bytes; bank not found by this scan
register,pd,0x22D0C,0x2D0C,fd,,"mov  r5,a",2,22,0x2840 (back 47),some anchors miss it; see frame_onto/frame_over; no PSW write within 64 bytes; bank not found by this scan
register,pd,0x22D30,0x2D30,0d,,inc  r5,1,23,0x2822 (back 12),some anchors miss it; see frame_onto/frame_over; no PSW write within 64 bytes; bank not found by this scan
register,pd,0x22D32,0x2D32,fe,,"mov  r6,a",24,0,0x2822 (back 14),framed by every anchor in range; no PSW write within 64 bytes; bank not found by this scan
register,pd,0x22D42,0x2D42,fd,,"mov  r5,a",24,0,0x2822 (back 30),framed by every anchor in range; no PSW write within 64 bytes; bank not found by this scan
register,pd,0x22D5C,0x2D5C,fd,,"mov  r5,a",2,22,0x2D12 (back 9),some anchors miss it; see frame_onto/frame_over; no PSW write within 64 bytes; bank not found by this scan
register,pd,0x22D95,0x2D95,de 12,,"djnz r6,0x2da9",1,23,0x104D (back 49),some anchors miss it; see frame_onto/frame_over; no PSW write within 64 bytes; bank not found by this scan
register,pd,0x22D9F,0x2D9F,fe,,"mov  r6,a",23,1,0x104D (back 59),some anchors miss it; see frame_onto/frame_over; no PSW write within 64 bytes; bank not found by this scan
register,pd,0x22DA0,0x2DA0,fd,,"mov  r5,a",23,1,0x104D (back 60),some anchors miss it; see frame_onto/frame_over; no PSW write within 64 bytes; bank not found by this scan
register,pd,0x22DD4,0x2DD4,0e,,inc  r6,1,23,0x2880 (back 12),some anchors miss it; see frame_onto/frame_over; no PSW write within 64 bytes; bank not found by this scan
register,pd,0x22DF5,0x2DF5,1d,,dec  r5,1,23,0x10E8 (back 9),some anchors miss it; see frame_onto/frame_over; no PSW write within 64 bytes; bank not found by this scan
register,pd,0x22E05,0x2E05,de 80,,"djnz r6,0x2d87",1,23,0x287A (back 13),some anchors miss it; see frame_onto/frame_over; no PSW write within 64 bytes; bank not found by this scan
register,pd,0x22E27,0x2E27,0d,,inc  r5,1,23,0x2822 (back 4),some anchors miss it; see frame_onto/frame_over; no PSW write within 64 bytes; bank not found by this scan
register,pd,0x22E2E,0x2E2E,7d 02,,"mov  r5,#0x02",24,0,0x2822 (back 11),framed by every anchor in range; no PSW write within 64 bytes; bank not found by this scan
register,pd,0x22E35,0x2E35,0d,,inc  r5,1,23,0x12A3 (back 6),some anchors miss it; see frame_onto/frame_over; no PSW write within 64 bytes; bank not found by this scan
register,pd,0x22E51,0x2E51,0d,,inc  r5,1,23,0x12A3 (back 34),some anchors miss it; see frame_onto/frame_over; no PSW write within 64 bytes; bank not found by this scan
register,pd,0x22E5A,0x2E5A,0d,,inc  r5,1,23,0x12A3 (back 43),some anchors miss it; see frame_onto/frame_over; no PSW write within 64 bytes; bank not found by this scan
register,pd,0x22E63,0x2E63,0d,,inc  r5,1,23,0x12A3 (back 52),some anchors miss it; see frame_onto/frame_over; no PSW write within 64 bytes; bank not found by this scan
register,pd,0x22E6A,0x2E6A,7d 00,,"mov  r5,#0x00",24,0,0x12A3 (back 59),framed by every anchor in range; no PSW write within 64 bytes; bank not found by this scan
register,pd,0x22E6E,0x2E6E,0d,,inc  r5,1,23,0x12A3 (back 63),some anchors miss it; see frame_onto/frame_over; no PSW write within 64 bytes; bank not found by this scan
register,pd,0x22E77,0x2E77,0d,,inc  r5,1,23,0x12A3 (back 72),some anchors miss it; see frame_onto/frame_over; no PSW write within 64 bytes; bank not found by this scan
register,pd,0x22E7B,0x2E7B,fd,,"mov  r5,a",24,0,0x12A3 (back 76),framed by every anchor in range; no PSW write within 64 bytes; bank not found by this scan
register,pd,0x22E84,0x2E84,7d 02,,"mov  r5,#0x02",24,0,0x12A3 (back 85),framed by every anchor in range; no PSW write within 64 bytes; bank not found by this scan
register,pd,0x22EC8,0x2EC8,fe,,"mov  r6,a",24,0,0x0FAF (back 5),framed by every anchor in range; no PSW write within 64 bytes; bank not found by this scan
register,pd,0x22ECC,0x2ECC,fd,,"mov  r5,a",24,0,0x0FAF (back 9),framed by every anchor in range; no PSW write within 64 bytes; bank not found by this scan
register,pd,0x22ED0,0x2ED0,cd,,"xch  a,r5",0,24,0x0FAF (back 13),unsyncable: no anchor in range lands on it; may be data or preceded by a dispatch table; no PSW write within 64 bytes; bank not found by this scan
register,pd,0x22EFD,0x2EFD,0e,,inc  r6,1,23,0x2860 (back 34),some anchors miss it; see frame_onto/frame_over; no PSW write within 64 bytes; bank not found by this scan
register,pd,0x22F31,0x2F31,fd,,"mov  r5,a",24,0,0x0FAF (back 6),framed by every anchor in range; no PSW write within 64 bytes; bank not found by this scan
register,pd,0x22F4F,0x2F4F,7e 00,,"mov  r6,#0x00",24,0,0x2D12 (back 11),framed by every anchor in range; no PSW write within 64 bytes; bank not found by this scan
register,pd,0x22F53,0x2F53,7d 67,,"mov  r5,#0x67",23,1,0x2D12 (back 15),some anchors miss it; see frame_onto/frame_over; no PSW write within 64 bytes; bank not found by this scan
register,pd,0x22F66,0x2F66,fd,,"mov  r5,a",24,0,0x2890 (back 5),framed by every anchor in range; no PSW write within 64 bytes; bank not found by this scan
register,pd,0x22F86,0x2F86,fd,,"mov  r5,a",24,0,0x10E8 (back 8),framed by every anchor in range; no PSW write within 64 bytes; bank not found by this scan
register,pd,0x22F88,0x2F88,ad ab,,"mov  r5,0xab",0,24,0x10E8 (back 10),unsyncable: no anchor in range lands on it; may be data or preceded by a dispatch table; no PSW write within 64 bytes; bank not found by this scan
register,pd,0x22FE7,0x2FE7,0d,,inc  r5,0,24,0x2890 (back 7),unsyncable: no anchor in range lands on it; may be data or preceded by a dispatch table; no PSW write within 64 bytes; bank not found by this scan
register,pd,0x2303D,0x303D,ce,,"xch  a,r6",0,24,0x104D (back 16),unsyncable: no anchor in range lands on it; may be data or preceded by a dispatch table; no PSW write within 64 bytes; bank not found by this scan
register,pd,0x2304C,0x304C,ce,,"xch  a,r6",3,21,0x0FAF (back 5),some anchors miss it; see frame_onto/frame_over; no PSW write within 64 bytes; bank not found by this scan
register,pd,0x2306E,0x306E,fe,,"mov  r6,a",23,1,0x0FAF (back 6),some anchors miss it; see frame_onto/frame_over; no PSW write within 64 bytes; bank not found by this scan
register,pd,0x230B7,0x30B7,fe,,"mov  r6,a",23,1,0x0FAF (back 6),some anchors miss it; see frame_onto/frame_over; no PSW write within 64 bytes; bank not found by this scan
register,pd,0x230F9,0x30F9,0d,,inc  r5,1,23,0x3070 (back 2),some anchors miss it; see frame_onto/frame_over; no PSW write within 64 bytes; bank not found by this scan
register,pd,0x230FF,0x30FF,ad 12,,"mov  r5,0x12",1,23,0x3070 (back 8),some anchors miss it; see frame_onto/frame_over; no PSW write within 64 bytes; bank not found by this scan
register,pd,0x23102,0x3102,cd,,"xch  a,r5",0,24,0x3070 (back 11),unsyncable: no anchor in range lands on it; may be data or preceded by a dispatch table; no PSW write within 64 bytes; bank not found by this scan
register,pd,0x23112,0x3112,fe,,"mov  r6,a",24,0,0x3070 (back 27),framed by every anchor in range; no PSW write within 64 bytes; bank not found by this scan
register,pd,0x23116,0x3116,fd,,"mov  r5,a",24,0,0x3070 (back 31),framed by every anchor in range; no PSW write within 64 bytes; bank not found by this scan
register,pd,0x2311A,0x311A,cd,,"xch  a,r5",0,24,0x3070 (back 35),unsyncable: no anchor in range lands on it; may be data or preceded by a dispatch table; no PSW write within 64 bytes; bank not found by this scan
register,pd,0x2311C,0x311C,1e,,dec  r6,0,24,0x3070 (back 37),unsyncable: no anchor in range lands on it; may be data or preceded by a dispatch table; no PSW write within 64 bytes; bank not found by this scan
register,pd,0x23145,0x3145,7d 03,,"mov  r5,#0x03",24,0,0x1041 (back 15),framed by every anchor in range; no PSW write within 64 bytes; bank not found by this scan
register,pd,0x231C3,0x31C3,fe,,"mov  r6,a",24,0,0x1234 (back 6),framed by every anchor in range; no PSW write within 64 bytes; bank not found by this scan
register,pd,0x231C7,0x31C7,fd,,"mov  r5,a",24,0,0x1234 (back 10),framed by every anchor in range; no PSW write within 64 bytes; bank not found by this scan
register,pd,0x231CB,0x31CB,cd,,"xch  a,r5",0,24,0x1234 (back 14),unsyncable: no anchor in range lands on it; may be data or preceded by a dispatch table; no PSW write within 64 bytes; bank not found by this scan
register,pd,0x231DA,0x31DA,fe,,"mov  r6,a",24,0,0x1234 (back 29),framed by every anchor in range; no PSW write within 64 bytes; bank not found by this scan
register,pd,0x231DE,0x31DE,fd,,"mov  r5,a",23,1,0x1234 (back 33),some anchors miss it; see frame_onto/frame_over; no PSW write within 64 bytes; bank not found by this scan
register,pd,0x231E2,0x31E2,cd,,"xch  a,r5",0,24,0x1234 (back 37),unsyncable: no anchor in range lands on it; may be data or preceded by a dispatch table; no PSW write within 64 bytes; bank not found by this scan
register,pd,0x2320D,0x320D,7e 01,,"mov  r6,#0x01",24,0,0x1041 (back 15),framed by every anchor in range; no PSW write within 64 bytes; bank not found by this scan
register,pd,0x23211,0x3211,7e 00,,"mov  r6,#0x00",22,2,0x3080 (back 3),some anchors miss it; see frame_onto/frame_over; no PSW write within 64 bytes; bank not found by this scan
register,pd,0x2321B,0x321B,7e 01,,"mov  r6,#0x01",24,0,0x3080 (back 13),framed by every anchor in range; no PSW write within 64 bytes; bank not found by this scan
register,pd,0x2321F,0x321F,7e 00,,"mov  r6,#0x00",22,2,0x3080 (back 3),some anchors miss it; see frame_onto/frame_over; no PSW write within 64 bytes; bank not found by this scan
register,pd,0x23229,0x3229,fd,,"mov  r5,a",24,0,0x3080 (back 13),framed by every anchor in range; no PSW write within 64 bytes; bank not found by this scan
register,pd,0x23235,0x3235,7d 04,,"mov  r5,#0x04",24,0,0x3060 (back 6),framed by every anchor in range; no PSW write within 64 bytes; bank not found by this scan
register,pd,0x232B9,0x32B9,fd,,"mov  r5,a",24,0,0x3090 (back 11),framed by every anchor in range; no PSW write within 64 bytes; bank not found by this scan
register,pd,0x232F1,0x32F1,fe,,"mov  r6,a",23,1,0x0FAF (back 8),some anchors miss it; see frame_onto/frame_over; no PSW write within 64 bytes; bank not found by this scan
register,pd,0x23307,0x3307,fd,,"mov  r5,a",24,0,0x3080 (back 14),framed by every anchor in range; no PSW write within 64 bytes; bank not found by this scan
register,pd,0x23321,0x3321,fe,,"mov  r6,a",23,1,0x0FAF (back 6),some anchors miss it; see frame_onto/frame_over; no PSW write within 64 bytes; bank not found by this scan
register,pd,0x2335A,0x335A,ce,,"xch  a,r6",0,24,0x0FAF (back 6),unsyncable: no anchor in range lands on it; may be data or preceded by a dispatch table; no PSW write within 64 bytes; bank not found by this scan
register,pd,0x233DC,0x33DC,fd,,"mov  r5,a",24,0,0x307A (back 4),framed by every anchor in range; no PSW write within 64 bytes; bank not found by this scan
register,pd,0x23419,0x3419,fe,,"mov  r6,a",24,0,0x3070 (back 36),framed by every anchor in range; no PSW write within 64 bytes; bank not found by this scan
register,pd,0x2341A,0x341A,fd,,"mov  r5,a",24,0,0x3070 (back 37),framed by every anchor in range; no PSW write within 64 bytes; bank not found by this scan
register,pd,0x23441,0x3441,fd,,"mov  r5,a",24,0,0x3222 (back 8),framed by every anchor in range; no PSW write within 64 bytes; bank not found by this scan
register,pd,0x23464,0x3464,fd,,"mov  r5,a",24,0,0x3022 (back 17),framed by every anchor in range; no PSW write within 64 bytes; bank not found by this scan
register,pd,0x234CB,0x34CB,fe,,"mov  r6,a",24,0,0x0FAF (back 8),framed by every anchor in range; no PSW write within 64 bytes; bank not found by this scan
register,pd,0x234CC,0x34CC,fd,,"mov  r5,a",24,0,0x0FAF (back 9),framed by every anchor in range; no PSW write within 64 bytes; bank not found by this scan
register,pd,0x234D5,0x34D5,0e,,inc  r6,1,23,0x0FAF (back 18),some anchors miss it; see frame_onto/frame_over; no PSW write within 64 bytes; bank not found by this scan
register,pd,0x23574,0x3574,fd,,"mov  r5,a",24,0,0x10BC (back 7),framed by every anchor in range; no PSW write within 64 bytes; bank not found by this scan
register,pd,0x2358D,0x358D,ae f0,,"mov  r6,0xf0",24,0,0x10BC (back 32),framed by every anchor in range; no PSW write within 64 bytes; bank not found by this scan
register,pd,0x235A1,0x35A1,fe,,"mov  r6,a",24,0,0x0FAF (back 8),framed by every anchor in range; no PSW write within 64 bytes; bank not found by this scan
register,pd,0x235A2,0x35A2,fd,,"mov  r5,a",24,0,0x0FAF (back 9),framed by every anchor in range; no PSW write within 64 bytes; bank not found by this scan
register,pd,0x235A8,0x35A8,0e,,inc  r6,1,23,0x0FAF (back 15),some anchors miss it; see frame_onto/frame_over; no PSW write within 64 bytes; bank not found by this scan
register,pd,0x235CF,0x35CF,fd,,"mov  r5,a",20,4,0x10BC (back 3),some anchors miss it; see frame_onto/frame_over; no PSW write within 64 bytes; bank not found by this scan
register,pd,0x235D5,0x35D5,0d,,inc  r5,0,24,0x10BC (back 9),unsyncable: no anchor in range lands on it; may be data or preceded by a dispatch table; no PSW write within 64 bytes; bank not found by this scan
register,pd,0x23616,0x3616,fd,,"mov  r5,a",24,0,0x10BC (back 26),framed by every anchor in range; no PSW write within 64 bytes; bank not found by this scan
register,pd,0x23672,0x3672,7d 02,,"mov  r5,#0x02",24,0,0x0FAF (back 27),framed by every anchor in range; no PSW write within 64 bytes; bank not found by this scan
register,pd,0x2367F,0x367F,fe,,"mov  r6,a",24,0,0x0F1F (back 8),framed by every anchor in range; no PSW write within 64 bytes; bank not found by this scan
register,pd,0x23681,0x3681,fd,,"mov  r5,a",24,0,0x0F1F (back 10),framed by every anchor in range; no PSW write within 64 bytes; bank not found by this scan
register,pd,0x23687,0x3687,0d,,inc  r5,0,24,0x0F1F (back 16),unsyncable: no anchor in range lands on it; may be data or preceded by a dispatch table; no PSW write within 64 bytes; bank not found by this scan
register,pd,0x236A6,0x36A6,fe,,"mov  r6,a",23,1,0x10BC (back 8),some anchors miss it; see frame_onto/frame_over; no PSW write within 64 bytes; bank not found by this scan
register,pd,0x236A8,0x36A8,fd,,"mov  r5,a",24,0,0x30FE (back 3),framed by every anchor in range; no PSW write within 64 bytes; bank not found by this scan
register,pd,0x236C9,0x36C9,fd,,"mov  r5,a",24,0,0x10C8 (back 29),framed by every anchor in range; no PSW write within 64 bytes; bank not found by this scan
register,pd,0x236D0,0x36D0,7e 00,,"mov  r6,#0x00",24,0,0x10C8 (back 36),framed by every anchor in range; no PSW write within 64 bytes; bank not found by this scan
register,pd,0x236D4,0x36D4,7d 60,,"mov  r5,#0x60",23,1,0x10C8 (back 40),some anchors miss it; see frame_onto/frame_over; no PSW write within 64 bytes; bank not found by this scan
register,pd,0x236DD,0x36DD,fd,,"mov  r5,a",24,0,0x0C7A (back 7),framed by every anchor in range; no PSW write within 64 bytes; bank not found by this scan
register,pd,0x236EE,0x36EE,fe,,"mov  r6,a",24,0,0x30FF (back 3),framed by every anchor in range; no PSW write within 64 bytes; bank not found by this scan
register,pd,0x236EF,0x36EF,fd,,"mov  r5,a",24,0,0x30FF (back 4),framed by every anchor in range; no PSW write within 64 bytes; bank not found by this scan
register,pd,0x2372F,0x372F,fe,,"mov  r6,a",23,1,0x0FAF (back 8),some anchors miss it; see frame_onto/frame_over; no PSW write within 64 bytes; bank not found by this scan
register,pd,0x2373A,0x373A,fd,,"mov  r5,a",24,0,0x0FAF (back 19),framed by every anchor in range; no PSW write within 64 bytes; bank not found by this scan
register,pd,0x23757,0x3757,0d,,inc  r5,0,24,0x0F00 (back 4),unsyncable: no anchor in range lands on it; may be data or preceded by a dispatch table; no PSW write within 64 bytes; bank not found by this scan
register,pd,0x2376F,0x376F,0d,,inc  r5,6,18,0x3285 (back 2),some anchors miss it; see frame_onto/frame_over; no PSW write within 64 bytes; bank not found by this scan
register,pd,0x23772,0x3772,0e,,inc  r6,0,24,0x3285 (back 5),unsyncable: no anchor in range lands on it; may be data or preceded by a dispatch table; no PSW write within 64 bytes; bank not found by this scan
register,pd,0x2377C,0x377C,fe,,"mov  r6,a",24,0,0x30FF (back 4),framed by every anchor in range; no PSW write within 64 bytes; bank not found by this scan
register,pd,0x2377F,0x377F,fd,,"mov  r5,a",24,0,0x30FF (back 7),framed by every anchor in range; no PSW write within 64 bytes; bank not found by this scan
register,pd,0x23791,0x3791,fd,,"mov  r5,a",24,0,0x3090 (back 7),framed by every anchor in range; no PSW write within 64 bytes; bank not found by this scan
register,pd,0x23797,0x3797,7d 01,,"mov  r5,#0x01",24,0,0x30FC (back 2),framed by every anchor in range; no PSW write within 64 bytes; bank not found by this scan
register,pd,0x237A4,0x37A4,7d 01,,"mov  r5,#0x01",24,0,0x10C8 (back 8),framed by every anchor in range; no PSW write within 64 bytes; bank not found by this scan
register,pd,0x237B0,0x37B0,ae 04,,"mov  r6,0x04",24,0,0x10BC (back 5),framed by every anchor in range; no PSW write within 64 bytes; bank not found by this scan
register,pd,0x237B7,0x37B7,fe,,"mov  r6,a",24,0,0x10BC (back 12),framed by every anchor in range; no PSW write within 64 bytes; bank not found by this scan
register,pd,0x237BD,0x37BD,fd,,"mov  r5,a",24,0,0x10BC (back 18),framed by every anchor in range; no PSW write within 64 bytes; bank not found by this scan
register,pd,0x237C6,0x37C6,fe,,"mov  r6,a",24,0,0x327F (back 3),framed by every anchor in range; no PSW write within 64 bytes; bank not found by this scan
register,pd,0x237C7,0x37C7,fd,,"mov  r5,a",24,0,0x327F (back 4),framed by every anchor in range; no PSW write within 64 bytes; bank not found by this scan
register,pd,0x237D0,0x37D0,0d,,inc  r5,0,24,0x0FCB (back 4),unsyncable: no anchor in range lands on it; may be data or preceded by a dispatch table; no PSW write within 64 bytes; bank not found by this scan
register,pd,0x237D4,0x37D4,0d,,inc  r5,1,23,0x0DC9 (back 5),some anchors miss it; see frame_onto/frame_over; no PSW write within 64 bytes; bank not found by this scan
register,pd,0x237F2,0x37F2,fe,,"mov  r6,a",24,0,0x0DC9 (back 35),framed by every anchor in range; no PSW write within 64 bytes; bank not found by this scan
register,pd,0x2381D,0x381D,dd e0,,"djnz r5,0x37ff",2,22,0x10E8 (back 5),some anchors miss it; see frame_onto/frame_over; no PSW write within 64 bytes; bank not found by this scan
register,pd,0x2381F,0x381F,fe,,"mov  r6,a",24,0,0x10E8 (back 7),framed by every anchor in range; no PSW write within 64 bytes; bank not found by this scan
register,pd,0x23829,0x3829,ae f0,,"mov  r6,0xf0",24,0,0x10E8 (back 17),framed by every anchor in range; no PSW write within 64 bytes; bank not found by this scan
register,pd,0x2382D,0x382D,fd,,"mov  r5,a",24,0,0x10E8 (back 21),framed by every anchor in range; no PSW write within 64 bytes; bank not found by this scan
register,pd,0x23834,0x3834,0e,,inc  r6,1,23,0x0FCB (back 6),some anchors miss it; see frame_onto/frame_over; no PSW write within 64 bytes; bank not found by this scan
register,pd,0x23837,0x3837,fe,,"mov  r6,a",24,0,0x0F0E (back 5),framed by every anchor in range; no PSW write within 64 bytes; bank not found by this scan
register,pd,0x23838,0x3838,fd,,"mov  r5,a",24,0,0x0F0E (back 6),framed by every anchor in range; no PSW write within 64 bytes; bank not found by this scan
register,pd,0x23840,0x3840,0e,,inc  r6,1,23,0x0FCB (back 6),some anchors miss it; see frame_onto/frame_over; no PSW write within 64 bytes; bank not found by this scan
register,pd,0x2384D,0x384D,1e,,dec  r6,2,22,0x0FAF (back 4),some anchors miss it; see frame_onto/frame_over; no PSW write within 64 bytes; bank not found by this scan
register,pd,0x23862,0x3862,fd,,"mov  r5,a",24,0,0x10BC (back 9),framed by every anchor in range; no PSW write within 64 bytes; bank not found by this scan
register,pd,0x2386F,0x386F,fe,,"mov  r6,a",24,0,0x0F1F (back 6),framed by every anchor in range; no PSW write within 64 bytes; bank not found by this scan
register,pd,0x23892,0x3892,7d 06,,"mov  r5,#0x06",24,0,0x1041 (back 23),framed by every anchor in range; no PSW write within 64 bytes; bank not found by this scan
register,pd,0x23899,0x3899,de e0,,"djnz r6,0x387b",1,23,0x1041 (back 30),some anchors miss it; see frame_onto/frame_over; no PSW write within 64 bytes; bank not found by this scan
register,pd,0x2389E,0x389E,dd e0,,"djnz r5,0x3880",1,23,0x1041 (back 35),some anchors miss it; see frame_onto/frame_over; no PSW write within 64 bytes; bank not found by this scan
register,pd,0x238A8,0x38A8,fd,,"mov  r5,a",24,0,0x1041 (back 45),framed by every anchor in range; no PSW write within 64 bytes; bank not found by this scan
register,pd,0x238AF,0x38AF,fe,,"mov  r6,a",24,0,0x0FAF (back 5),framed by every anchor in range; no PSW write within 64 bytes; bank not found by this scan
register,pd,0x238B3,0x38B3,fd,,"mov  r5,a",23,1,0x0FAF (back 9),some anchors miss it; see frame_onto/frame_over; no PSW write within 64 bytes; bank not found by this scan
register,pd,0x238EA,0x38EA,fe,,"mov  r6,a",24,0,0x0FAF (back 8),framed by every anchor in range; no PSW write within 64 bytes; bank not found by this scan
register,pd,0x238F1,0x38F1,fd,,"mov  r5,a",24,0,0x0FAF (back 15),framed by every anchor in range; no PSW write within 64 bytes; bank not found by this scan
register,pd,0x238F8,0x38F8,fd,,"mov  r5,a",24,0,0x0FAF (back 22),framed by every anchor in range; no PSW write within 64 bytes; bank not found by this scan
register,pd,0x23932,0x3932,ae f0,,"mov  r6,0xf0",24,0,0x1041 (back 12),framed by every anchor in range; no PSW write within 64 bytes; bank not found by this scan
register,pd,0x23951,0x3951,fe,,"mov  r6,a",24,0,0x3822 (back 22),framed by every anchor in range; no PSW write within 64 bytes; bank not found by this scan
register,pd,0x23955,0x3955,fd,,"mov  r5,a",23,1,0x3822 (back 26),some anchors miss it; see frame_onto/frame_over; no PSW write within 64 bytes; bank not found by this scan
register,pd,0x2395C,0x395C,fe,,"mov  r6,a",24,0,0x38FD (back 8),framed by every anchor in range; no PSW write within 64 bytes; bank not found by this scan
register,pd,0x2395D,0x395D,fd,,"mov  r5,a",24,0,0x38FD (back 9),framed by every anchor in range; no PSW write within 64 bytes; bank not found by this scan
register,pd,0x23964,0x3964,fd,,"mov  r5,a",24,0,0x38FD (back 16),framed by every anchor in range; no PSW write within 64 bytes; bank not found by this scan
register,pd,0x23970,0x3970,fe,,"mov  r6,a",0,24,0x0FAF (back 5),unsyncable: no anchor in range lands on it; may be data or preceded by a dispatch table; no PSW write within 64 bytes; bank not found by this scan
register,pd,0x23978,0x3978,fe,,"mov  r6,a",24,0,0x0FAF (back 13),framed by every anchor in range; no PSW write within 64 bytes; bank not found by this scan
register,pd,0x2399F,0x399F,0d,,inc  r5,3,21,0x10C8 (back 7),some anchors miss it; see frame_onto/frame_over; no PSW write within 64 bytes; bank not found by this scan
register,pd,0x239A1,0x39A1,fd,,"mov  r5,a",24,0,0x0D38 (back 3),framed by every anchor in range; no PSW write within 64 bytes; bank not found by this scan
register,pd,0x239A7,0x39A7,7d 88,,"mov  r5,#0x88",24,0,0x0D38 (back 9),framed by every anchor in range; no PSW write within 64 bytes; bank not found by this scan
register,pd,0x239BA,0x39BA,fd,,"mov  r5,a",23,1,0x387A (back 11),some anchors miss it; see frame_onto/frame_over; no PSW write within 64 bytes; bank not found by this scan
register,pd,0x239CC,0x39CC,0d,,inc  r5,0,24,0x10BC (back 10),unsyncable: no anchor in range lands on it; may be data or preceded by a dispatch table; no PSW write within 64 bytes; bank not found by this scan
register,pd,0x239D3,0x39D3,fe,,"mov  r6,a",23,1,0x0D38 (back 8),some anchors miss it; see frame_onto/frame_over; no PSW write within 64 bytes; bank not found by this scan
register,pd,0x239DB,0x39DB,7d 01,,"mov  r5,#0x01",24,0,0x0D38 (back 16),framed by every anchor in range; no PSW write within 64 bytes; bank not found by this scan
register,pd,0x239E6,0x39E6,fd,,"mov  r5,a",24,0,0x1041 (back 6),framed by every anchor in range; no PSW write within 64 bytes; bank not found by this scan
register,pd,0x23A16,0x3A16,0d,,inc  r5,0,24,0x3822 (back 3),unsyncable: no anchor in range lands on it; may be data or preceded by a dispatch table; no PSW write within 64 bytes; bank not found by this scan
register,pd,0x23A19,0x3A19,0e,,inc  r6,0,24,0x3822 (back 6),unsyncable: no anchor in range lands on it; may be data or preceded by a dispatch table; no PSW write within 64 bytes; bank not found by this scan
register,pd,0x23A27,0x3A27,7d 0d,,"mov  r5,#0x0d",24,0,0x3822 (back 20),framed by every anchor in range; no PSW write within 64 bytes; bank not found by this scan
register,pd,0x23A28,0x3A28,0d,,inc  r5,0,24,0x3822 (back 21),unsyncable: no anchor in range lands on it; may be data or preceded by a dispatch table; no PSW write within 64 bytes; bank not found by this scan
register,pd,0x23A5A,0x3A5A,fe,,"mov  r6,a",24,0,0x3804 (back 3),framed by every anchor in range; no PSW write within 64 bytes; bank not found by this scan
register,pd,0x23A78,0x3A78,0d,,inc  r5,0,24,0x380C (back 5),unsyncable: no anchor in range lands on it; may be data or preceded by a dispatch table; no PSW write within 64 bytes; bank not found by this scan
register,pd,0x23A80,0x3A80,7e 90,,"mov  r6,#0x90",24,0,0x38FF (back 5),framed by every anchor in range; no PSW write within 64 bytes; bank not found by this scan
register,pd,0x23AB8,0x3AB8,fd,,"mov  r5,a",2,22,0x023D (back 3),some anchors miss it; see frame_onto/frame_over; no PSW write within 64 bytes; bank not found by this scan
register,pd,0x23AD2,0x3AD2,ce,,"xch  a,r6",0,24,0x0FAF (back 6),unsyncable: no anchor in range lands on it; may be data or preceded by a dispatch table; no PSW write within 64 bytes; bank not found by this scan
register,pd,0x23B1A,0x3B1A,7d 01,,"mov  r5,#0x01",23,1,0x387A (back 5),some anchors miss it; see frame_onto/frame_over; no PSW write within 64 bytes; bank not found by this scan
register,pd,0x23B29,0x3B29,7e 12,,"mov  r6,#0x12",1,23,0x3890 (back 14),some anchors miss it; see frame_onto/frame_over; no PSW write within 64 bytes; bank not found by this scan
register,pd,0x23B35,0x3B35,7e 12,,"mov  r6,#0x12",0,24,0x378B (back 11),unsyncable: no anchor in range lands on it; may be data or preceded by a dispatch table; no PSW write within 64 bytes; bank not found by this scan
register,pd,0x23B60,0x3B60,fd,,"mov  r5,a",1,23,0x104D (back 16),some anchors miss it; see frame_onto/frame_over; no PSW write within 64 bytes; bank not found by this scan
register,pd,0x23BAC,0x3BAC,7e 90,,"mov  r6,#0x90",1,23,0x3860 (back 5),some anchors miss it; see frame_onto/frame_over; no PSW write within 64 bytes; bank not found by this scan
register,pd,0x23BB2,0x3BB2,7e 12,,"mov  r6,#0x12",0,24,0x3860 (back 11),unsyncable: no anchor in range lands on it; may be data or preceded by a dispatch table; no PSW write within 64 bytes; bank not found by this scan
register,pd,0x23BD2,0x3BD2,ad 07,,"mov  r5,0x07",24,0,0x104D (back 15),framed by every anchor in range; no PSW write within 64 bytes; bank not found by this scan
register,pd,0x23BE6,0x3BE6,0d,,inc  r5,24,0,0x3958 (back 7),framed by every anchor in range; no PSW write within 64 bytes; bank not found by this scan
register,pd,0x23BFD,0x3BFD,fd,,"mov  r5,a",2,22,0x104D (back 16),some anchors miss it; see frame_onto/frame_over; no PSW write within 64 bytes; bank not found by this scan
register,pd,0x23C33,0x3C33,0d,,inc  r5,24,0,0x3958 (back 7),framed by every anchor in range; no PSW write within 64 bytes; bank not found by this scan
register,pd,0x23C66,0x3C66,fd,,"mov  r5,a",1,23,0x104D (back 16),some anchors miss it; see frame_onto/frame_over; no PSW write within 64 bytes; bank not found by this scan
register,pd,0x23C7A,0x3C7A,fd,,"mov  r5,a",2,22,0x3890 (back 10),some anchors miss it; see frame_onto/frame_over; no PSW write within 64 bytes; bank not found by this scan
register,pd,0x23CB6,0x3CB6,fd,,"mov  r5,a",1,23,0x104D (back 13),some anchors miss it; see frame_onto/frame_over; no PSW write within 64 bytes; bank not found by this scan
register,pd,0x23CCA,0x3CCA,7e 90,,"mov  r6,#0x90",1,23,0x379F (back 19),some anchors miss it; see frame_onto/frame_over; no PSW write within 64 bytes; bank not found by this scan
register,pd,0x23CD7,0x3CD7,1d,,dec  r5,1,23,0x104D (back 9),some anchors miss it; see frame_onto/frame_over; no PSW write within 64 bytes; bank not found by this scan
register,pd,0x23CD8,0x3CD8,7d 11,,"mov  r5,#0x11",24,0,0x371D (back 3),framed by every anchor in range; no PSW write within 64 bytes; bank not found by this scan
register,pd,0x23CF0,0x3CF0,fd,,"mov  r5,a",1,23,0x104D (back 16),some anchors miss it; see frame_onto/frame_over; no PSW write within 64 bytes; bank not found by this scan
register,pd,0x23D01,0x3D01,ce,,"xch  a,r6",0,24,0x0FAF (back 6),unsyncable: no anchor in range lands on it; may be data or preceded by a dispatch table; no PSW write within 64 bytes; bank not found by this scan
register,pd,0x23D2A,0x3D2A,7d 75,,"mov  r5,#0x75",5,19,0x104D (back 6),some anchors miss it; see frame_onto/frame_over; no PSW write within 64 bytes; bank not found by this scan
register,pd,0x23D51,0x3D51,7e 90,,"mov  r6,#0x90",1,23,0x3860 (back 5),some anchors miss it; see frame_onto/frame_over; no PSW write within 64 bytes; bank not found by this scan
register,pd,0x23DDB,0x3DDB,1e,,dec  r6,5,19,0x104D (back 6),some anchors miss it; see frame_onto/frame_over; no PSW write within 64 bytes; bank not found by this scan
register,pd,0x23DDE,0x3DDE,1d,,dec  r5,1,23,0x104D (back 9),some anchors miss it; see frame_onto/frame_over; no PSW write within 64 bytes; bank not found by this scan
register,pd,0x23E00,0x3E00,1d,,dec  r5,1,23,0x3880 (back 2),some anchors miss it; see frame_onto/frame_over; no PSW write within 64 bytes; bank not found by this scan
register,pd,0x23E18,0x3E18,7d 7b,,"mov  r5,#0x7b",5,19,0x104D (back 6),some anchors miss it; see frame_onto/frame_over; no PSW write within 64 bytes; bank not found by this scan
register,pd,0x23E1F,0x3E1F,fd,,"mov  r5,a",24,0,0x3935 (back 4),framed by every anchor in range; no PSW write within 64 bytes; bank not found by this scan
register,pd,0x23E27,0x3E27,fe,,"mov  r6,a",24,0,0x3935 (back 12),framed by every anchor in range; no PSW write within 64 bytes; bank not found by this scan
register,pd,0x23E37,0x3E37,7d 01,,"mov  r5,#0x01",24,0,0x37B6 (back 5),framed by every anchor in range; no PSW write within 64 bytes; bank not found by this scan
register,pd,0x23E50,0x3E50,fd,,"mov  r5,a",24,0,0x38E4 (back 2),framed by every anchor in range; no PSW write within 64 bytes; bank not found by this scan
register,pd,0x23E7A,0x3E7A,fd,,"mov  r5,a",24,0,0x349B (back 4),framed by every anchor in range; no PSW write within 64 bytes; bank not found by this scan
register,pd,0x23E80,0x3E80,cd,,"xch  a,r5",22,2,0x349B (back 10),some anchors miss it; see frame_onto/frame_over; no PSW write within 64 bytes; bank not found by this scan
register,pd,0x23E8C,0x3E8C,fd,,"mov  r5,a",24,0,0x372A (back 3),framed by every anchor in range; no PSW write within 64 bytes; bank not found by this scan
register,pd,0x23EA0,0x3EA0,7e 12,,"mov  r6,#0x12",0,24,0x38F0 (back 11),unsyncable: no anchor in range lands on it; may be data or preceded by a dispatch table; no PSW write within 64 bytes; bank not found by this scan
register,pd,0x23EC7,0x3EC7,7e 90,,"mov  r6,#0x90",1,23,0x3860 (back 5),some anchors miss it; see frame_onto/frame_over; no PSW write within 64 bytes; bank not found by this scan
register,pd,0x23EE6,0x3EE6,1d,,dec  r5,1,23,0x104D (back 9),some anchors miss it; see frame_onto/frame_over; no PSW write within 64 bytes; bank not found by this scan
register,pd,0x23EE7,0x3EE7,7d 06,,"mov  r5,#0x06",24,0,0x371D (back 3),framed by every anchor in range; no PSW write within 64 bytes; bank not found by this scan
register,pd,0x23EF8,0x3EF8,1d,,dec  r5,1,23,0x104D (back 9),some anchors miss it; see frame_onto/frame_over; no PSW write within 64 bytes; bank not found by this scan
register,pd,0x23EF9,0x3EF9,7d 05,,"mov  r5,#0x05",24,0,0x371D (back 3),framed by every anchor in range; no PSW write within 64 bytes; bank not found by this scan
register,pd,0x23F06,0x3F06,ce,,"xch  a,r6",2,22,0x34D9 (back 5),some anchors miss it; see frame_onto/frame_over; no PSW write within 64 bytes; bank not found by this scan
register,pd,0x23F48,0x3F48,ce,,"xch  a,r6",0,24,0x0FAF (back 6),unsyncable: no anchor in range lands on it; may be data or preceded by a dispatch table; no PSW write within 64 bytes; bank not found by this scan
register,pd,0x23F63,0x3F63,7e 01,,"mov  r6,#0x01",24,0,0x3809 (back 5),framed by every anchor in range; no PSW write within 64 bytes; bank not found by this scan
register,pd,0x23F65,0x3F65,fd,,"mov  r5,a",23,1,0x3809 (back 7),some anchors miss it; see frame_onto/frame_over; no PSW write within 64 bytes; bank not found by this scan
register,pd,0x23F6C,0x3F6C,7e 02,,"mov  r6,#0x02",24,0,0x38FD (back 8),framed by every anchor in range; no PSW write within 64 bytes; bank not found by this scan
register,pd,0x23F6E,0x3F6E,fd,,"mov  r5,a",23,1,0x38FD (back 10),some anchors miss it; see frame_onto/frame_over; no PSW write within 64 bytes; bank not found by this scan
register,pd,0x23FD2,0x3FD2,0e,,inc  r6,1,23,0x050B (back 5),some anchors miss it; see frame_onto/frame_over; no PSW write within 64 bytes; bank not found by this scan
register,pd,0x23FE3,0x3FE3,ad 74,,"mov  r5,0x74",1,23,0x0C46 (back 5),some anchors miss it; see frame_onto/frame_over; no PSW write within 64 bytes; bank not found by this scan
register,pd,0x2401D,0x401D,0d,,inc  r5,0,24,0x3F8E (back 5),unsyncable: no anchor in range lands on it; may be data or preceded by a dispatch table; no PSW write within 64 bytes; bank not found by this scan
register,pd,0x24028,0x4028,ae 0b,,"mov  r6,0x0b",24,0,0x3FD3 (back 5),framed by every anchor in range; no PSW write within 64 bytes; bank not found by this scan
register,pd,0x240B6,0x40B6,7e 00,,"mov  r6,#0x00",24,0,0x2EE5 (back 6),framed by every anchor in range; no PSW write within 64 bytes; bank not found by this scan
register,pd,0x240C2,0x40C2,0e,,inc  r6,24,0,0x0BC4 (back 5),framed by every anchor in range; no PSW write within 64 bytes; bank not found by this scan
register,pd,0x2411D,0x411D,0d,,inc  r5,0,24,0x076B (back 6),"unsyncable: no anchor in range lands on it; may be data or preceded by a dispatch table; nearest PSW write 0x40F1 `clr  0xd0` selects bank 0, not 1"
register,pd,0x24142,0x4142,0d,,inc  r5,0,24,0x40E4 (back 6),unsyncable: no anchor in range lands on it; may be data or preceded by a dispatch table; no PSW write within 64 bytes; bank not found by this scan
register,pd,0x24223,0x4223,fd,,"mov  r5,a",24,0,0x3FFC (back 34),"framed by every anchor in range; nearest PSW write 0x41F0 `clr  0xd0` selects bank 0, not 1"
register,pd,0x24224,0x4224,fe,,"mov  r6,a",24,0,0x3FFC (back 35),"framed by every anchor in range; nearest PSW write 0x41F0 `clr  0xd0` selects bank 0, not 1"
register,pd,0x24232,0x4232,fd,,"mov  r5,a",22,2,0x3F7F (back 3),some anchors miss it; see frame_onto/frame_over; no PSW write within 64 bytes; bank not found by this scan
register,pd,0x2423B,0x423B,fe,,"mov  r6,a",22,2,0x3F7F (back 3),some anchors miss it; see frame_onto/frame_over; no PSW write within 64 bytes; bank not found by this scan
register,pd,0x24253,0x4253,fe,,"mov  r6,a",24,0,0x3F7F (back 23),framed by every anchor in range; no PSW write within 64 bytes; bank not found by this scan
register,pd,0x24259,0x4259,fd,,"mov  r5,a",24,0,0x4003 (back 3),framed by every anchor in range; no PSW write within 64 bytes; bank not found by this scan
register,pd,0x24266,0x4266,ce,,"xch  a,r6",24,0,0x40EC (back 5),framed by every anchor in range; no PSW write within 64 bytes; bank not found by this scan
register,pd,0x24267,0x4267,cd,,"xch  a,r5",24,0,0x40EC (back 6),framed by every anchor in range; no PSW write within 64 bytes; bank not found by this scan
register,pd,0x24277,0x4277,fe,,"mov  r6,a",24,0,0x40EC (back 22),framed by every anchor in range; no PSW write within 64 bytes; bank not found by this scan
register,pd,0x2427A,0x427A,fd,,"mov  r5,a",24,0,0x40EC (back 25),framed by every anchor in range; no PSW write within 64 bytes; bank not found by this scan
register,pd,0x242EA,0x42EA,0d,,inc  r5,23,1,0x42A3 (back 4),some anchors miss it; see frame_onto/frame_over; no PSW write within 64 bytes; bank not found by this scan
register,pd,0x24317,0x4317,fd,,"mov  r5,a",22,2,0x3F7F (back 3),some anchors miss it; see frame_onto/frame_over; no PSW write within 64 bytes; bank not found by this scan
register,pd,0x2431B,0x431B,fe,,"mov  r6,a",22,2,0x3F7F (back 3),some anchors miss it; see frame_onto/frame_over; no PSW write within 64 bytes; bank not found by this scan
register,pd,0x243F0,0x43F0,de 93,,"djnz r6,0x4385",0,24,0x40E4 (back 4),unsyncable: no anchor in range lands on it; may be data or preceded by a dispatch table; no PSW write within 64 bytes; bank not found by this scan
register,pd,0x24420,0x4420,fe,,"mov  r6,a",24,0,0x349B (back 4),framed by every anchor in range; no PSW write within 64 bytes; bank not found by this scan
register,pd,0x24428,0x4428,0e,,inc  r6,1,23,0x349B (back 12),some anchors miss it; see frame_onto/frame_over; no PSW write within 64 bytes; bank not found by this scan
register,pd,0x2446A,0x446A,ce,,"xch  a,r6",0,24,0x0FAF (back 7),unsyncable: no anchor in range lands on it; may be data or preceded by a dispatch table; no PSW write within 64 bytes; bank not found by this scan
register,pd,0x244BC,0x44BC,0d,,inc  r5,0,24,0x0FCB (back 4),unsyncable: no anchor in range lands on it; may be data or preceded by a dispatch table; no PSW write within 64 bytes; bank not found by this scan
register,pd,0x244D0,0x44D0,fd,,"mov  r5,a",24,0,0x349B (back 7),framed by every anchor in range; no PSW write within 64 bytes; bank not found by this scan
register,pd,0x244F3,0x44F3,7d 90,,"mov  r5,#0x90",0,24,0x4003 (back 23),unsyncable: no anchor in range lands on it; may be data or preceded by a dispatch table; no PSW write within 64 bytes; bank not found by this scan
register,pd,0x2450A,0x450A,fd,,"mov  r5,a",24,0,0x349B (back 7),framed by every anchor in range; no PSW write within 64 bytes; bank not found by this scan
register,pd,0x2451C,0x451C,fd,,"mov  r5,a",24,0,0x349B (back 7),framed by every anchor in range; no PSW write within 64 bytes; bank not found by this scan
register,pd,0x2452E,0x452E,fd,,"mov  r5,a",24,0,0x349B (back 7),framed by every anchor in range; no PSW write within 64 bytes; bank not found by this scan
register,pd,0x24540,0x4540,fd,,"mov  r5,a",24,0,0x349B (back 7),framed by every anchor in range; no PSW write within 64 bytes; bank not found by this scan
register,pd,0x24552,0x4552,fd,,"mov  r5,a",24,0,0x349B (back 7),framed by every anchor in range; no PSW write within 64 bytes; bank not found by this scan
register,pd,0x24564,0x4564,fd,,"mov  r5,a",24,0,0x349B (back 7),framed by every anchor in range; no PSW write within 64 bytes; bank not found by this scan
register,pd,0x24576,0x4576,fd,,"mov  r5,a",24,0,0x349B (back 7),framed by every anchor in range; no PSW write within 64 bytes; bank not found by this scan
register,pd,0x245B2,0x45B2,7d 00,,"mov  r5,#0x00",0,24,0x4046 (back 37),unsyncable: no anchor in range lands on it; may be data or preceded by a dispatch table; no PSW write within 64 bytes; bank not found by this scan
register,pd,0x245CE,0x45CE,ce,,"xch  a,r6",0,24,0x0FAF (back 6),unsyncable: no anchor in range lands on it; may be data or preceded by a dispatch table; no PSW write within 64 bytes; bank not found by this scan
register,pd,0x245DD,0x45DD,fd,,"mov  r5,a",24,0,0x3759 (back 3),framed by every anchor in range; no PSW write within 64 bytes; bank not found by this scan
register,pd,0x245EE,0x45EE,7d 07,,"mov  r5,#0x07",24,0,0x3759 (back 3),framed by every anchor in range; no PSW write within 64 bytes; bank not found by this scan
register,pd,0x24612,0x4612,7d 08,,"mov  r5,#0x08",24,0,0x3759 (back 3),framed by every anchor in range; no PSW write within 64 bytes; bank not found by this scan
register,pd,0x2461F,0x461F,0e,,inc  r6,0,24,0x352C (back 4),unsyncable: no anchor in range lands on it; may be data or preceded by a dispatch table; no PSW write within 64 bytes; bank not found by this scan
register,pd,0x24629,0x4629,fd,,"mov  r5,a",24,0,0x3759 (back 3),framed by every anchor in range; no PSW write within 64 bytes; bank not found by this scan
register,pd,0x24641,0x4641,fd,,"mov  r5,a",24,0,0x3759 (back 3),framed by every anchor in range; no PSW write within 64 bytes; bank not found by this scan
register,pd,0x24693,0x4693,fd,,"mov  r5,a",24,0,0x3759 (back 3),framed by every anchor in range; no PSW write within 64 bytes; bank not found by this scan
register,pd,0x246B0,0x46B0,7d 01,,"mov  r5,#0x01",22,2,0x4090 (back 10),some anchors miss it; see frame_onto/frame_over; no PSW write within 64 bytes; bank not found by this scan
register,pd,0x246C6,0x46C6,fd,,"mov  r5,a",24,0,0x4090 (back 11),framed by every anchor in range; no PSW write within 64 bytes; bank not found by this scan
register,pd,0x246D9,0x46D9,7d 03,,"mov  r5,#0x03",24,0,0x3759 (back 5),framed by every anchor in range; no PSW write within 64 bytes; bank not found by this scan
register,pd,0x246E1,0x46E1,ad 07,,"mov  r5,0x07",24,0,0x3759 (back 13),framed by every anchor in range; no PSW write within 64 bytes; bank not found by this scan
register,pd,0x2471D,0x471D,fd,,"mov  r5,a",24,0,0x40FB (back 4),framed by every anchor in range; no PSW write within 64 bytes; bank not found by this scan
register,pd,0x24724,0x4724,fd,,"mov  r5,a",24,0,0x3759 (back 3),framed by every anchor in range; no PSW write within 64 bytes; bank not found by this scan
register,pd,0x24740,0x4740,fd,,"mov  r5,a",24,0,0x3759 (back 3),framed by every anchor in range; no PSW write within 64 bytes; bank not found by this scan
register,pd,0x24769,0x4769,fd,,"mov  r5,a",24,0,0x3759 (back 3),framed by every anchor in range; no PSW write within 64 bytes; bank not found by this scan
register,pd,0x247A0,0x47A0,fd,,"mov  r5,a",24,0,0x3759 (back 3),framed by every anchor in range; no PSW write within 64 bytes; bank not found by this scan
register,pd,0x247B6,0x47B6,fd,,"mov  r5,a",0,24,0x3602 (back 15),unsyncable: no anchor in range lands on it; may be data or preceded by a dispatch table; no PSW write within 64 bytes; bank not found by this scan
register,pd,0x247E5,0x47E5,fd,,"mov  r5,a",24,0,0x40D0 (back 8),framed by every anchor in range; no PSW write within 64 bytes; bank not found by this scan
register,pd,0x24835,0x4835,ae 04,,"mov  r6,0x04",22,2,0x3811 (back 3),some anchors miss it; see frame_onto/frame_over; no PSW write within 64 bytes; bank not found by this scan
register,pd,0x248D5,0x48D5,7e 12,,"mov  r6,#0x12",0,24,0x4890 (back 6),unsyncable: no anchor in range lands on it; may be data or preceded by a dispatch table; no PSW write within 64 bytes; bank not found by this scan
register,pd,0x248F5,0x48F5,ad 07,,"mov  r5,0x07",24,0,0x104D (back 15),framed by every anchor in range; no PSW write within 64 bytes; bank not found by this scan
register,pd,0x24917,0x4917,7d 01,,"mov  r5,#0x01",24,0,0x39B3 (back 11),framed by every anchor in range; no PSW write within 64 bytes; bank not found by this scan
register,pd,0x24931,0x4931,1d,,dec  r5,0,24,0x365E (back 8),unsyncable: no anchor in range lands on it; may be data or preceded by a dispatch table; no PSW write within 64 bytes; bank not found by this scan
register,pd,0x2496B,0x496B,1d,,dec  r5,0,24,0x4880 (back 7),unsyncable: no anchor in range lands on it; may be data or preceded by a dispatch table; no PSW write within 64 bytes; bank not found by this scan
register,pd,0x249F4,0x49F4,fe,,"mov  r6,a",23,1,0x34DA (back 8),some anchors miss it; see frame_onto/frame_over; no PSW write within 64 bytes; bank not found by this scan
register,pd,0x24A1A,0x4A1A,fe,,"mov  r6,a",24,0,0x4890 (back 5),framed by every anchor in range; no PSW write within 64 bytes; bank not found by this scan
register,pd,0x24ACC,0x4ACC,ad 02,,"mov  r5,0x02",24,0,0x4AAF (back 8),framed by every anchor in range; no PSW write within 64 bytes; bank not found by this scan
register,pd,0x24AE6,0x4AE6,ce,,"xch  a,r6",0,24,0x0FAF (back 6),unsyncable: no anchor in range lands on it; may be data or preceded by a dispatch table; no PSW write within 64 bytes; bank not found by this scan
register,pd,0x24B1C,0x4B1C,0e,,inc  r6,1,23,0x349B (back 6),some anchors miss it; see frame_onto/frame_over; no PSW write within 64 bytes; bank not found by this scan
register,pd,0x24B94,0x4B94,0e,,inc  r6,1,23,0x0FAF (back 11),some anchors miss it; see frame_onto/frame_over; no PSW write within 64 bytes; bank not found by this scan
register,pd,0x24BA2,0x4BA2,ce,,"xch  a,r6",0,24,0x0FAF (back 6),unsyncable: no anchor in range lands on it; may be data or preceded by a dispatch table; no PSW write within 64 bytes; bank not found by this scan
register,pd,0x24BC0,0x4BC0,7e 01,,"mov  r6,#0x01",24,0,0x4809 (back 5),framed by every anchor in range; no PSW write within 64 bytes; bank not found by this scan
register,pd,0x24BC2,0x4BC2,fd,,"mov  r5,a",23,1,0x4809 (back 7),some anchors miss it; see frame_onto/frame_over; no PSW write within 64 bytes; bank not found by this scan
register,pd,0x24BC9,0x4BC9,7e 02,,"mov  r6,#0x02",24,0,0x48FD (back 8),framed by every anchor in range; no PSW write within 64 bytes; bank not found by this scan
register,pd,0x24BCB,0x4BCB,fd,,"mov  r5,a",23,1,0x48FD (back 10),some anchors miss it; see frame_onto/frame_over; no PSW write within 64 bytes; bank not found by this scan
register,pd,0x24C0D,0x4C0D,fd,,"mov  r5,a",24,0,0x4890 (back 7),framed by every anchor in range; no PSW write within 64 bytes; bank not found by this scan
register,pd,0x24C74,0x4C74,7e 00,,"mov  r6,#0x00",24,0,0x4812 (back 4),framed by every anchor in range; no PSW write within 64 bytes; bank not found by this scan
register,pd,0x24C7C,0x4C7C,7d 00,,"mov  r5,#0x00",24,0,0x4812 (back 12),framed by every anchor in range; no PSW write within 64 bytes; bank not found by this scan
register,pd,0x24D9D,0x4D9D,ae 12,,"mov  r6,0x12",0,24,0x0FCB (back 6),unsyncable: no anchor in range lands on it; may be data or preceded by a dispatch table; no PSW write within 64 bytes; bank not found by this scan
register,pd,0x24DA4,0x4DA4,0e,,inc  r6,1,23,0x0FAF (back 6),some anchors miss it; see frame_onto/frame_over; no PSW write within 64 bytes; bank not found by this scan
register,pd,0x24DEA,0x4DEA,ae 12,,"mov  r6,0x12",0,24,0x0FAF (back 6),unsyncable: no anchor in range lands on it; may be data or preceded by a dispatch table; no PSW write within 64 bytes; bank not found by this scan
register,pd,0x24DF0,0x4DF0,fe,,"mov  r6,a",0,24,0x4A12 (back 3),unsyncable: no anchor in range lands on it; may be data or preceded by a dispatch table; no PSW write within 64 bytes; bank not found by this scan
register,pd,0x24E1E,0x4E1E,fe,,"mov  r6,a",0,24,0x104D (back 22),unsyncable: no anchor in range lands on it; may be data or preceded by a dispatch table; no PSW write within 64 bytes; bank not found by this scan
register,pd,0x24E9A,0x4E9A,fe,,"mov  r6,a",24,0,0x4003 (back 10),framed by every anchor in range; no PSW write within 64 bytes; bank not found by this scan
register,pd,0x24EB6,0x4EB6,fd,,"mov  r5,a",24,0,0x10BC (back 20),framed by every anchor in range; no PSW write within 64 bytes; bank not found by this scan
register,pd,0x24EEA,0x4EEA,ae f0,,"mov  r6,0xf0",24,0,0x4003 (back 12),framed by every anchor in range; no PSW write within 64 bytes; bank not found by this scan
register,pd,0x24EEE,0x4EEE,fd,,"mov  r5,a",24,0,0x4003 (back 16),framed by every anchor in range; no PSW write within 64 bytes; bank not found by this scan
register,pd,0x24EF6,0x4EF6,0d,,inc  r5,0,24,0x0FCB (back 4),unsyncable: no anchor in range lands on it; may be data or preceded by a dispatch table; no PSW write within 64 bytes; bank not found by this scan
register,pd,0x24F8F,0x4F8F,fd,,"mov  r5,a",24,0,0x4E89 (back 54),framed by every anchor in range; no PSW write within 64 bytes; bank not found by this scan
register,pd,0x24FF9,0x4FF9,ae 12,,"mov  r6,0x12",3,21,0x48F0 (back 26),some anchors miss it; see frame_onto/frame_over; no PSW write within 64 bytes; bank not found by this scan
register,pd,0x25006,0x5006,1e,,dec  r6,0,24,0x48C2 (back 11),unsyncable: no anchor in range lands on it; may be data or preceded by a dispatch table; no PSW write within 64 bytes; bank not found by this scan
register,pd,0x25022,0x5022,cd,,"xch  a,r5",0,24,0x48C2 (back 39),unsyncable: no anchor in range lands on it; may be data or preceded by a dispatch table; no PSW write within 64 bytes; bank not found by this scan
register,pd,0x2503D,0x503D,fd,,"mov  r5,a",24,0,0x37ED (back 3),framed by every anchor in range; no PSW write within 64 bytes; bank not found by this scan
register,pd,0x25078,0x5078,fe,,"mov  r6,a",24,0,0x0FAF (back 6),framed by every anchor in range; no PSW write within 64 bytes; bank not found by this scan
register,pd,0x250CE,0x50CE,0e,,inc  r6,0,24,0x3734 (back 5),unsyncable: no anchor in range lands on it; may be data or preceded by a dispatch table; no PSW write within 64 bytes; bank not found by this scan
register,pd,0x250FA,0x50FA,7d 0d,,"mov  r5,#0x0d",24,0,0x104D (back 16),framed by every anchor in range; no PSW write within 64 bytes; bank not found by this scan
register,pd,0x250FB,0x50FB,0d,,inc  r5,0,24,0x104D (back 17),unsyncable: no anchor in range lands on it; may be data or preceded by a dispatch table; no PSW write within 64 bytes; bank not found by this scan
register,pd,0x2512E,0x512E,ce,,"xch  a,r6",0,24,0x0FAF (back 6),unsyncable: no anchor in range lands on it; may be data or preceded by a dispatch table; no PSW write within 64 bytes; bank not found by this scan
register,pd,0x25158,0x5158,7e 12,,"mov  r6,#0x12",0,24,0x5012 (back 14),unsyncable: no anchor in range lands on it; may be data or preceded by a dispatch table; no PSW write within 64 bytes; bank not found by this scan
register,pd,0x2518B,0x518B,7d 01,,"mov  r5,#0x01",24,0,0x5090 (back 18),framed by every anchor in range; no PSW write within 64 bytes; bank not found by this scan
register,pd,0x2518F,0x518F,7d 00,,"mov  r5,#0x00",22,2,0x5080 (back 3),some anchors miss it; see frame_onto/frame_over; no PSW write within 64 bytes; bank not found by this scan
register,pd,0x251AC,0x51AC,0e,,inc  r6,0,24,0x3732 (back 5),unsyncable: no anchor in range lands on it; may be data or preceded by a dispatch table; no PSW write within 64 bytes; bank not found by this scan
register,pd,0x251DA,0x51DA,fd,,"mov  r5,a",24,0,0x388A (back 14),framed by every anchor in range; no PSW write within 64 bytes; bank not found by this scan
register,pd,0x2522B,0x522B,7e 12,,"mov  r6,#0x12",0,24,0x104D (back 13),unsyncable: no anchor in range lands on it; may be data or preceded by a dispatch table; no PSW write within 64 bytes; bank not found by this scan
register,pd,0x25270,0x5270,7d 01,,"mov  r5,#0x01",24,0,0x104D (back 9),"framed by every anchor in range; nearest PSW write does not fix RS (nearest is 0x526D `mov  0xd0,r0`)"
register,pd,0x25295,0x5295,7e 12,,"mov  r6,#0x12",0,24,0x5090 (back 23),"unsyncable: no anchor in range lands on it; may be data or preceded by a dispatch table; nearest PSW write does not fix RS (nearest is 0x526D `mov  0xd0,r0`)"
register,pd,0x252B2,0x52B2,7d 01,,"mov  r5,#0x01",24,0,0x104D (back 12),framed by every anchor in range; no PSW write within 64 bytes; bank not found by this scan
register,pd,0x252B6,0x52B6,7d 00,,"mov  r5,#0x00",22,2,0x5080 (back 3),some anchors miss it; see frame_onto/frame_over; no PSW write within 64 bytes; bank not found by this scan
register,pd,0x252EA,0x52EA,fd,,"mov  r5,a",24,0,0x50E4 (back 2),framed by every anchor in range; no PSW write within 64 bytes; bank not found by this scan
register,pd,0x2532B,0x532B,fd,,"mov  r5,a",24,0,0x5022 (back 24),framed by every anchor in range; no PSW write within 64 bytes; bank not found by this scan
register,pd,0x2534F,0x534F,dd cf,,"djnz r5,0x5320",1,23,0x5022 (back 60),some anchors miss it; see frame_onto/frame_over; no PSW write within 64 bytes; bank not found by this scan
register,pd,0x2535D,0x535D,ce,,"xch  a,r6",24,0,0x5022 (back 74),framed by every anchor in range; no PSW write within 64 bytes; bank not found by this scan
register,pd,0x2535F,0x535F,ce,,"xch  a,r6",24,0,0x5022 (back 76),framed by every anchor in range; no PSW write within 64 bytes; bank not found by this scan
register,pd,0x25365,0x5365,fe,,"mov  r6,a",24,0,0x5022 (back 82),framed by every anchor in range; no PSW write within 64 bytes; bank not found by this scan
register,pd,0x25378,0x5378,fe,,"mov  r6,a",24,0,0x5022 (back 101),framed by every anchor in range; no PSW write within 64 bytes; bank not found by this scan
register,pd,0x2537B,0x537B,dd e0,,"djnz r5,0x535d",1,23,0x5022 (back 104),some anchors miss it; see frame_onto/frame_over; no PSW write within 64 bytes; bank not found by this scan
register,pd,0x25382,0x5382,fd,,"mov  r5,a",24,0,0x50FC (back 4),framed by every anchor in range; no PSW write within 64 bytes; bank not found by this scan
register,pd,0x25394,0x5394,fe,,"mov  r6,a",24,0,0x50FC (back 22),framed by every anchor in range; no PSW write within 64 bytes; bank not found by this scan
register,pd,0x253B5,0x53B5,7d 24,,"mov  r5,#0x24",0,24,0x50FC (back 55),unsyncable: no anchor in range lands on it; may be data or preceded by a dispatch table; no PSW write within 64 bytes; bank not found by this scan
register,pd,0x253B7,0x53B7,fe,,"mov  r6,a",1,23,0x50FC (back 57),some anchors miss it; see frame_onto/frame_over; no PSW write within 64 bytes; bank not found by this scan
register,pd,0x253E1,0x53E1,7d 01,,"mov  r5,#0x01",24,0,0x50FC (back 99),framed by every anchor in range; no PSW write within 64 bytes; bank not found by this scan
register,pd,0x253EA,0x53EA,fe,,"mov  r6,a",24,0,0x5090 (back 5),framed by every anchor in range; no PSW write within 64 bytes; bank not found by this scan
register,pd,0x25417,0x5417,fe,,"mov  r6,a",24,0,0x5074 (back 21),framed by every anchor in range; no PSW write within 64 bytes; bank not found by this scan
register,pd,0x2542F,0x542F,fe,,"mov  r6,a",24,0,0x0B85 (back 7),framed by every anchor in range; no PSW write within 64 bytes; bank not found by this scan
register,pd,0x25437,0x5437,fd,,"mov  r5,a",24,0,0x0B85 (back 15),framed by every anchor in range; no PSW write within 64 bytes; bank not found by this scan
register,pd,0x25451,0x5451,dd e0,,"djnz r5,0x5433",1,23,0x0CE1 (back 13),some anchors miss it; see frame_onto/frame_over; no PSW write within 64 bytes; bank not found by this scan
register,pd,0x25455,0x5455,fe,,"mov  r6,a",23,1,0x0CE1 (back 17),some anchors miss it; see frame_onto/frame_over; no PSW write within 64 bytes; bank not found by this scan
register,pd,0x2546A,0x546A,fd,,"mov  r5,a",24,0,0x50FE (back 22),framed by every anchor in range; no PSW write within 64 bytes; bank not found by this scan
register,pd,0x25479,0x5479,0e,,inc  r6,0,24,0x50FE (back 37),unsyncable: no anchor in range lands on it; may be data or preceded by a dispatch table; no PSW write within 64 bytes; bank not found by this scan
register,pd,0x2548C,0x548C,fe,,"mov  r6,a",24,0,0x50FE (back 56),framed by every anchor in range; no PSW write within 64 bytes; bank not found by this scan
register,pd,0x254BB,0x54BB,7d 01,,"mov  r5,#0x01",24,0,0x50F0 (back 11),framed by every anchor in range; no PSW write within 64 bytes; bank not found by this scan
register,pd,0x25507,0x5507,fd,,"mov  r5,a",24,0,0x50F0 (back 5),framed by every anchor in range; no PSW write within 64 bytes; bank not found by this scan
register,pd,0x25527,0x5527,7d 01,,"mov  r5,#0x01",23,1,0x52AF (back 14),some anchors miss it; see frame_onto/frame_over; no PSW write within 64 bytes; bank not found by this scan
register,pd,0x25538,0x5538,fd,,"mov  r5,a",23,1,0x5012 (back 13),some anchors miss it; see frame_onto/frame_over; no PSW write within 64 bytes; bank not found by this scan
register,pd,0x255B2,0x55B2,fd,,"mov  r5,a",0,24,0x5290 (back 26),unsyncable: no anchor in range lands on it; may be data or preceded by a dispatch table; no PSW write within 64 bytes; bank not found by this scan
register,pd,0x255DE,0x55DE,7d 60,,"mov  r5,#0x60",1,23,0x0FAF (back 8),some anchors miss it; see frame_onto/frame_over; no PSW write within 64 bytes; bank not found by this scan
register,pd,0x25609,0x5609,0d,,inc  r5,0,24,0x5290 (back 16),unsyncable: no anchor in range lands on it; may be data or preceded by a dispatch table; no PSW write within 64 bytes; bank not found by this scan
register,pd,0x2562C,0x562C,fd,,"mov  r5,a",24,0,0x5290 (back 51),framed by every anchor in range; no PSW write within 64 bytes; bank not found by this scan
register,pd,0x2563B,0x563B,fd,,"mov  r5,a",24,0,0x5290 (back 66),framed by every anchor in range; no PSW write within 64 bytes; bank not found by this scan
register,pd,0x2563D,0x563D,ce,,"xch  a,r6",0,24,0x5290 (back 68),unsyncable: no anchor in range lands on it; may be data or preceded by a dispatch table; no PSW write within 64 bytes; bank not found by this scan
register,pd,0x25646,0x5646,7d 01,,"mov  r5,#0x01",24,0,0x5290 (back 77),framed by every anchor in range; no PSW write within 64 bytes; bank not found by this scan
register,pd,0x2565E,0x565E,fe,,"mov  r6,a",24,0,0x50E4 (back 5),framed by every anchor in range; no PSW write within 64 bytes; bank not found by this scan
register,pd,0x2565F,0x565F,fd,,"mov  r5,a",24,0,0x50E4 (back 6),framed by every anchor in range; no PSW write within 64 bytes; bank not found by this scan
register,pd,0x25667,0x5667,0e,,inc  r6,1,23,0x0FCB (back 6),some anchors miss it; see frame_onto/frame_over; no PSW write within 64 bytes; bank not found by this scan
register,pd,0x2569F,0x569F,0d,,inc  r5,2,22,0x10C8 (back 5),some anchors miss it; see frame_onto/frame_over; no PSW write within 64 bytes; bank not found by this scan
register,pd,0x25712,0x5712,0d,,inc  r5,1,23,0x10C8 (back 40),some anchors miss it; see frame_onto/frame_over; no PSW write within 64 bytes; bank not found by this scan
register,pd,0x2571B,0x571B,fe,,"mov  r6,a",24,0,0x10C8 (back 49),framed by every anchor in range; no PSW write within 64 bytes; bank not found by this scan
register,pd,0x25739,0x5739,0d,,inc  r5,1,23,0x10BC (back 23),some anchors miss it; see frame_onto/frame_over; no PSW write within 64 bytes; bank not found by this scan
register,pd,0x2573B,0x573B,fe,,"mov  r6,a",24,0,0x10BC (back 25),framed by every anchor in range; no PSW write within 64 bytes; bank not found by this scan
register,pd,0x2574F,0x574F,fd,,"mov  r5,a",24,0,0x10BC (back 45),framed by every anchor in range; no PSW write within 64 bytes; bank not found by this scan
register,pd,0x257A7,0x57A7,1e,,dec  r6,2,22,0x5090 (back 3),some anchors miss it; see frame_onto/frame_over; no PSW write within 64 bytes; bank not found by this scan
register,pd,0x257AB,0x57AB,ad 07,,"mov  r5,0x07",22,2,0x0FAF (back 3),some anchors miss it; see frame_onto/frame_over; no PSW write within 64 bytes; bank not found by this scan
register,pd,0x257B1,0x57B1,0d,,inc  r5,1,23,0x0FAF (back 9),some anchors miss it; see frame_onto/frame_over; no PSW write within 64 bytes; bank not found by this scan
register,pd,0x257BD,0x57BD,1e,,dec  r6,4,20,0x0FAF (back 21),some anchors miss it; see frame_onto/frame_over; no PSW write within 64 bytes; bank not found by this scan
register,pd,0x25800,0x5800,0d,,inc  r5,0,24,0x56F5 (back 27),unsyncable: no anchor in range lands on it; may be data or preceded by a dispatch table; no PSW write within 64 bytes; bank not found by this scan
register,pd,0x2580E,0x580E,fe,,"mov  r6,a",24,0,0x0D38 (back 15),framed by every anchor in range; no PSW write within 64 bytes; bank not found by this scan
register,pd,0x25814,0x5814,0e,,inc  r6,1,23,0x0D38 (back 21),some anchors miss it; see frame_onto/frame_over; no PSW write within 64 bytes; bank not found by this scan
register,pd,0x25816,0x5816,fd,,"mov  r5,a",24,0,0x0D38 (back 23),framed by every anchor in range; no PSW write within 64 bytes; bank not found by this scan
register,pd,0x25819,0x5819,0d,,inc  r5,1,23,0x0D38 (back 26),some anchors miss it; see frame_onto/frame_over; no PSW write within 64 bytes; bank not found by this scan
register,pd,0x25834,0x5834,fd,,"mov  r5,a",24,0,0x0F45 (back 17),framed by every anchor in range; no PSW write within 64 bytes; bank not found by this scan
register,pd,0x2583D,0x583D,0e,,inc  r6,1,23,0x0F45 (back 26),some anchors miss it; see frame_onto/frame_over; no PSW write within 64 bytes; bank not found by this scan
register,pd,0x2584F,0x584F,fd,,"mov  r5,a",24,0,0x0F0E (back 20),framed by every anchor in range; no PSW write within 64 bytes; bank not found by this scan
register,pd,0x2586B,0x586B,fe,,"mov  r6,a",24,0,0x5822 (back 17),framed by every anchor in range; no PSW write within 64 bytes; bank not found by this scan
register,pd,0x2586C,0x586C,fd,,"mov  r5,a",24,0,0x5822 (back 18),framed by every anchor in range; no PSW write within 64 bytes; bank not found by this scan
register,pd,0x25886,0x5886,0d,,inc  r5,1,23,0x5822 (back 4),some anchors miss it; see frame_onto/frame_over; no PSW write within 64 bytes; bank not found by this scan
register,pd,0x258DE,0x58DE,fd,,"mov  r5,a",23,1,0x10C8 (back 3),some anchors miss it; see frame_onto/frame_over; no PSW write within 64 bytes; bank not found by this scan
register,pd,0x258FF,0x58FF,fd,,"mov  r5,a",24,0,0x0FAF (back 22),framed by every anchor in range; no PSW write within 64 bytes; bank not found by this scan
register,pd,0x2596F,0x596F,fd,,"mov  r5,a",24,0,0x0FAF (back 39),framed by every anchor in range; no PSW write within 64 bytes; bank not found by this scan
register,pd,0x25970,0x5970,fe,,"mov  r6,a",24,0,0x0FAF (back 40),framed by every anchor in range; no PSW write within 64 bytes; bank not found by this scan
register,pd,0x25990,0x5990,fe,,"mov  r6,a",24,0,0x0FAF (back 72),framed by every anchor in range; no PSW write within 64 bytes; bank not found by this scan
register,pd,0x25993,0x5993,fd,,"mov  r5,a",24,0,0x0FAF (back 75),framed by every anchor in range; no PSW write within 64 bytes; bank not found by this scan
register,pd,0x25999,0x5999,0d,,inc  r5,0,24,0x587A (back 4),unsyncable: no anchor in range lands on it; may be data or preceded by a dispatch table; no PSW write within 64 bytes; bank not found by this scan
register,pd,0x259BE,0x59BE,fe,,"mov  r6,a",24,0,0x5840 (back 12),framed by every anchor in range; no PSW write within 64 bytes; bank not found by this scan
register,pd,0x259DE,0x59DE,fe,,"mov  r6,a",24,0,0x5880 (back 24),framed by every anchor in range; nearest PSW write does not fix RS (nearest is 0x59C1 `db   0x87`)
register,pd,0x25A27,0x5A27,fe,,"mov  r6,a",24,0,0x58FF (back 2),framed by every anchor in range; no PSW write within 64 bytes; bank not found by this scan
register,pd,0x25A28,0x5A28,fd,,"mov  r5,a",24,0,0x58FF (back 3),framed by every anchor in range; no PSW write within 64 bytes; bank not found by this scan
register,pd,0x25A49,0x5A49,fe,,"mov  r6,a",24,0,0x5880 (back 5),framed by every anchor in range; no PSW write within 64 bytes; bank not found by this scan
register,pd,0x25A4A,0x5A4A,fd,,"mov  r5,a",24,0,0x5880 (back 6),framed by every anchor in range; no PSW write within 64 bytes; bank not found by this scan
register,pd,0x25A4D,0x5A4D,1d,,dec  r5,0,24,0x5880 (back 9),unsyncable: no anchor in range lands on it; may be data or preceded by a dispatch table; no PSW write within 64 bytes; bank not found by this scan
register,pd,0x25A5A,0x5A5A,0e,,inc  r6,0,24,0x58D0 (back 4),unsyncable: no anchor in range lands on it; may be data or preceded by a dispatch table; no PSW write within 64 bytes; bank not found by this scan
register,pd,0x25A65,0x5A65,0e,,inc  r6,0,24,0x58D0 (back 4),unsyncable: no anchor in range lands on it; may be data or preceded by a dispatch table; no PSW write within 64 bytes; bank not found by this scan
register,pd,0x25A7E,0x5A7E,cd,,"xch  a,r5",0,24,0x0EF3 (back 26),unsyncable: no anchor in range lands on it; may be data or preceded by a dispatch table; no PSW write within 64 bytes; bank not found by this scan
register,pd,0x25A88,0x5A88,fe,,"mov  r6,a",24,0,0x5880 (back 5),framed by every anchor in range; no PSW write within 64 bytes; bank not found by this scan
register,pd,0x25A89,0x5A89,fd,,"mov  r5,a",24,0,0x5880 (back 6),framed by every anchor in range; no PSW write within 64 bytes; bank not found by this scan
register,pd,0x25A99,0x5A99,0e,,inc  r6,0,24,0x58D0 (back 4),unsyncable: no anchor in range lands on it; may be data or preceded by a dispatch table; no PSW write within 64 bytes; bank not found by this scan
register,pd,0x25AB5,0x5AB5,0e,,inc  r6,0,24,0x58D0 (back 4),unsyncable: no anchor in range lands on it; may be data or preceded by a dispatch table; no PSW write within 64 bytes; bank not found by this scan
register,pd,0x25AD5,0x5AD5,fe,,"mov  r6,a",1,23,0x0EF3 (back 33),some anchors miss it; see frame_onto/frame_over; no PSW write within 64 bytes; bank not found by this scan
register,pd,0x25AF1,0x5AF1,7d 0a,,"mov  r5,#0x0a",24,0,0x0EF3 (back 61),framed by every anchor in range; no PSW write within 64 bytes; bank not found by this scan
register,pd,0x25B08,0x5B08,0d,,inc  r5,0,24,0x0EF3 (back 84),unsyncable: no anchor in range lands on it; may be data or preceded by a dispatch table; no PSW write within 64 bytes; bank not found by this scan
register,pd,0x25B0B,0x5B0B,ae f0,,"mov  r6,0xf0",24,0,0x0D38 (back 4),framed by every anchor in range; no PSW write within 64 bytes; bank not found by this scan
register,pd,0x25B43,0x5B43,0e,,inc  r6,0,24,0x58D0 (back 4),unsyncable: no anchor in range lands on it; may be data or preceded by a dispatch table; no PSW write within 64 bytes; bank not found by this scan
register,pd,0x25B6A,0x5B6A,0e,,inc  r6,0,24,0x58D0 (back 4),unsyncable: no anchor in range lands on it; may be data or preceded by a dispatch table; no PSW write within 64 bytes; bank not found by this scan
register,pd,0x25B80,0x5B80,7d 0a,,"mov  r5,#0x0a",24,0,0x0EF3 (back 23),framed by every anchor in range; no PSW write within 64 bytes; bank not found by this scan
register,pd,0x25B91,0x5B91,7d 64,,"mov  r5,#0x64",24,0,0x0EF3 (back 40),framed by every anchor in range; no PSW write within 64 bytes; bank not found by this scan
register,pd,0x25BB9,0x5BB9,0e,,inc  r6,0,24,0x58D0 (back 4),unsyncable: no anchor in range lands on it; may be data or preceded by a dispatch table; no PSW write within 64 bytes; bank not found by this scan
register,pd,0x25BCF,0x5BCF,7d 64,,"mov  r5,#0x64",24,0,0x5812 (back 4),framed by every anchor in range; no PSW write within 64 bytes; bank not found by this scan
register,pd,0x25BE2,0x5BE2,0e,,inc  r6,0,24,0x58D0 (back 4),unsyncable: no anchor in range lands on it; may be data or preceded by a dispatch table; no PSW write within 64 bytes; bank not found by this scan
register,pd,0x25C04,0x5C04,0e,,inc  r6,0,24,0x58D0 (back 4),unsyncable: no anchor in range lands on it; may be data or preceded by a dispatch table; no PSW write within 64 bytes; bank not found by this scan
register,pd,0x25C0F,0x5C0F,0d,,inc  r5,0,24,0x0EF3 (back 12),unsyncable: no anchor in range lands on it; may be data or preceded by a dispatch table; no PSW write within 64 bytes; bank not found by this scan
register,pd,0x25C33,0x5C33,0d,,inc  r5,0,24,0x59D5 (back 19),unsyncable: no anchor in range lands on it; may be data or preceded by a dispatch table; no PSW write within 64 bytes; bank not found by this scan
register,pd,0x25C39,0x5C39,fd,,"mov  r5,a",24,0,0x59D5 (back 25),framed by every anchor in range; no PSW write within 64 bytes; bank not found by this scan
register,pd,0x25C6B,0x5C6B,fd,,"mov  r5,a",23,1,0x104D (back 25),some anchors miss it; see frame_onto/frame_over; no PSW write within 64 bytes; bank not found by this scan
register,pd,0x25C74,0x5C74,0e,,inc  r6,1,23,0x104D (back 34),some anchors miss it; see frame_onto/frame_over; no PSW write within 64 bytes; bank not found by this scan
register,pd,0x25C98,0x5C98,fd,,"mov  r5,a",24,0,0x5822 (back 23),framed by every anchor in range; no PSW write within 64 bytes; bank not found by this scan
register,pd,0x25CA0,0x5CA0,7d 01,,"mov  r5,#0x01",24,0,0x5822 (back 31),framed by every anchor in range; no PSW write within 64 bytes; bank not found by this scan
register,pd,0x25CAC,0x5CAC,fd,,"mov  r5,a",24,0,0x5812 (back 11),framed by every anchor in range; no PSW write within 64 bytes; bank not found by this scan
register,pd,0x25CAD,0x5CAD,fe,,"mov  r6,a",24,0,0x5812 (back 12),framed by every anchor in range; no PSW write within 64 bytes; bank not found by this scan
register,pd,0x25CE9,0x5CE9,fd,,"mov  r5,a",24,0,0x5A7F (back 9),framed by every anchor in range; no PSW write within 64 bytes; bank not found by this scan
register,pd,0x25D0C,0x5D0C,fe,,"mov  r6,a",24,0,0x5A7F (back 44),framed by every anchor in range; no PSW write within 64 bytes; bank not found by this scan
register,pd,0x25D15,0x5D15,fd,,"mov  r5,a",24,0,0x5A7F (back 53),framed by every anchor in range; no PSW write within 64 bytes; bank not found by this scan
register,pd,0x25D2C,0x5D2C,0e,,inc  r6,0,24,0x5A7F (back 76),unsyncable: no anchor in range lands on it; may be data or preceded by a dispatch table; no PSW write within 64 bytes; bank not found by this scan
register,pd,0x25D2E,0x5D2E,fe,,"mov  r6,a",24,0,0x5A7F (back 78),framed by every anchor in range; no PSW write within 64 bytes; bank not found by this scan
register,pd,0x25D3C,0x5D3C,fe,,"mov  r6,a",24,0,0x5A7F (back 92),framed by every anchor in range; no PSW write within 64 bytes; bank not found by this scan
register,pd,0x25D4D,0x5D4D,fe,,"mov  r6,a",24,0,0x5A7F (back 109),framed by every anchor in range; no PSW write within 64 bytes; bank not found by this scan
register,pd,0x25D53,0x5D53,7e e0,,"mov  r6,#0xe0",0,24,0x5A7F (back 115),unsyncable: no anchor in range lands on it; may be data or preceded by a dispatch table; no PSW write within 64 bytes; bank not found by this scan
register,pd,0x25D5C,0x5D5C,fd,,"mov  r5,a",22,2,0x5A7F (back 124),some anchors miss it; see frame_onto/frame_over; no PSW write within 64 bytes; bank not found by this scan
register,pd,0x25D7A,0x5D7A,fe,,"mov  r6,a",24,0,0x5A7F (back 154),framed by every anchor in range; no PSW write within 64 bytes; bank not found by this scan
register,pd,0x25DB2,0x5DB2,0e,,inc  r6,0,24,0x58D0 (back 4),unsyncable: no anchor in range lands on it; may be data or preceded by a dispatch table; no PSW write within 64 bytes; bank not found by this scan
register,pd,0x25DC7,0x5DC7,fd,,"mov  r5,a",24,0,0x0F1F (back 6),framed by every anchor in range; no PSW write within 64 bytes; bank not found by this scan
register,pd,0x25DD2,0x5DD2,0e,,inc  r6,0,24,0x58D0 (back 4),unsyncable: no anchor in range lands on it; may be data or preceded by a dispatch table; no PSW write within 64 bytes; bank not found by this scan
register,pd,0x25DED,0x5DED,0e,,inc  r6,0,24,0x58D0 (back 4),unsyncable: no anchor in range lands on it; may be data or preceded by a dispatch table; no PSW write within 64 bytes; bank not found by this scan
register,pd,0x25DFB,0x5DFB,fe,,"mov  r6,a",24,0,0x0EF3 (back 15),framed by every anchor in range; no PSW write within 64 bytes; bank not found by this scan
register,pd,0x25E3A,0x5E3A,fe,,"mov  r6,a",24,0,0x5A90 (back 5),framed by every anchor in range; no PSW write within 64 bytes; bank not found by this scan
register,pd,0x25E63,0x5E63,0d,,inc  r5,0,24,0x0F00 (back 4),unsyncable: no anchor in range lands on it; may be data or preceded by a dispatch table; no PSW write within 64 bytes; bank not found by this scan
register,pd,0x25E6E,0x5E6E,0e,,inc  r6,1,23,0x0DBC (back 12),some anchors miss it; see frame_onto/frame_over; no PSW write within 64 bytes; bank not found by this scan
register,pd,0x25E83,0x5E83,7d 02,,"mov  r5,#0x02",24,0,0x5D74 (back 7),framed by every anchor in range; no PSW write within 64 bytes; bank not found by this scan
register,pd,0x25EA2,0x5EA2,7d 20,,"mov  r5,#0x20",24,0,0x59E0 (back 7),framed by every anchor in range; no PSW write within 64 bytes; bank not found by this scan
register,pd,0x25EC0,0x5EC0,7d 10,,"mov  r5,#0x10",24,0,0x580B (back 15),framed by every anchor in range; no PSW write within 64 bytes; bank not found by this scan
register,pd,0x25ED5,0x5ED5,7d 40,,"mov  r5,#0x40",24,0,0x5822 (back 10),framed by every anchor in range; no PSW write within 64 bytes; bank not found by this scan
register,pd,0x25F1E,0x5F1E,fe,,"mov  r6,a",24,0,0x10E8 (back 24),framed by every anchor in range; no PSW write within 64 bytes; bank not found by this scan
register,pd,0x25F92,0x5F92,0d,,inc  r5,1,23,0x35A2 (back 4),some anchors miss it; see frame_onto/frame_over; no PSW write within 64 bytes; bank not found by this scan
register,pd,0x26013,0x6013,ce,,"xch  a,r6",0,24,0x0FAF (back 6),unsyncable: no anchor in range lands on it; may be data or preceded by a dispatch table; no PSW write within 64 bytes; bank not found by this scan
register,pd,0x26031,0x6031,0e,,inc  r6,1,23,0x3750 (back 12),some anchors miss it; see frame_onto/frame_over; no PSW write within 64 bytes; bank not found by this scan
register,pd,0x260AA,0x60AA,0d,,inc  r5,0,24,0x1261 (back 5),unsyncable: no anchor in range lands on it; may be data or preceded by a dispatch table; no PSW write within 64 bytes; bank not found by this scan
register,pd,0x260B0,0x60B0,7d 01,,"mov  r5,#0x01",24,0,0x1261 (back 11),framed by every anchor in range; no PSW write within 64 bytes; bank not found by this scan
register,pd,0x26123,0x6123,7d 02,,"mov  r5,#0x02",24,0,0x35A2 (back 20),framed by every anchor in range; no PSW write within 64 bytes; bank not found by this scan
register,pd,0x26131,0x6131,fe,,"mov  r6,a",24,0,0x12F6 (back 13),framed by every anchor in range; no PSW write within 64 bytes; bank not found by this scan
register,pd,0x26134,0x6134,fd,,"mov  r5,a",24,0,0x12F6 (back 16),framed by every anchor in range; no PSW write within 64 bytes; bank not found by this scan
register,pd,0x2617C,0x617C,ae 12,,"mov  r6,0x12",3,21,0x6022 (back 47),some anchors miss it; see frame_onto/frame_over; no PSW write within 64 bytes; bank not found by this scan
register,pd,0x261A7,0x61A7,dd 12,,"djnz r5,0x61bb",0,24,0x6062 (back 36),unsyncable: no anchor in range lands on it; may be data or preceded by a dispatch table; no PSW write within 64 bytes; bank not found by this scan
register,pd,0x261C8,0x61C8,fe,,"mov  r6,a",23,1,0x34DA (back 8),some anchors miss it; see frame_onto/frame_over; no PSW write within 64 bytes; bank not found by this scan
register,pd,0x261CA,0x61CA,fd,,"mov  r5,a",24,0,0x34DA (back 10),framed by every anchor in range; no PSW write within 64 bytes; bank not found by this scan
register,pd,0x26226,0x6226,de 60,,"djnz r6,0x6288",0,24,0x6090 (back 15),unsyncable: no anchor in range lands on it; may be data or preceded by a dispatch table; no PSW write within 64 bytes; bank not found by this scan
register,pd,0x2622B,0x622B,dd 90,,"djnz r5,0x61bd",0,24,0x6090 (back 20),unsyncable: no anchor in range lands on it; may be data or preceded by a dispatch table; no PSW write within 64 bytes; bank not found by this scan
register,pd,0x26280,0x6280,fd,,"mov  r5,a",24,0,0x6070 (back 5),framed by every anchor in range; no PSW write within 64 bytes; bank not found by this scan
register,pd,0x2628B,0x628B,dd 12,,"djnz r5,0x629f",0,24,0x6060 (back 5),unsyncable: no anchor in range lands on it; may be data or preceded by a dispatch table; no PSW write within 64 bytes; bank not found by this scan
register,pd,0x262B2,0x62B2,de 60,,"djnz r6,0x6314",3,21,0x6090 (back 13),some anchors miss it; see frame_onto/frame_over; no PSW write within 64 bytes; bank not found by this scan
register,pd,0x262B7,0x62B7,dd 12,,"djnz r5,0x62cb",0,24,0x6090 (back 18),unsyncable: no anchor in range lands on it; may be data or preceded by a dispatch table; no PSW write within 64 bytes; bank not found by this scan
register,pd,0x262DF,0x62DF,7d 01,,"mov  r5,#0x01",24,0,0x6090 (back 14),framed by every anchor in range; no PSW write within 64 bytes; bank not found by this scan
register,pd,0x262ED,0x62ED,1e,,dec  r6,5,19,0x104D (back 6),some anchors miss it; see frame_onto/frame_over; no PSW write within 64 bytes; bank not found by this scan
register,pd,0x26372,0x6372,7e 12,,"mov  r6,#0x12",0,24,0x104D (back 13),unsyncable: no anchor in range lands on it; may be data or preceded by a dispatch table; no PSW write within 64 bytes; bank not found by this scan
register,pd,0x26390,0x6390,fd,,"mov  r5,a",24,0,0x104D (back 13),framed by every anchor in range; no PSW write within 64 bytes; bank not found by this scan
register,pd,0x263B7,0x63B7,7d 01,,"mov  r5,#0x01",24,0,0x6090 (back 13),framed by every anchor in range; no PSW write within 64 bytes; bank not found by this scan
register,pd,0x263D9,0x63D9,fd,,"mov  r5,a",24,0,0x6090 (back 7),framed by every anchor in range; no PSW write within 64 bytes; bank not found by this scan
register,pd,0x263E4,0x63E4,fd,,"mov  r5,a",24,0,0x6090 (back 18),framed by every anchor in range; no PSW write within 64 bytes; bank not found by this scan
register,pd,0x2646E,0x646E,fe,,"mov  r6,a",24,0,0x0F1F (back 4),framed by every anchor in range; no PSW write within 64 bytes; bank not found by this scan
register,pd,0x2647A,0x647A,fe,,"mov  r6,a",24,0,0x0F1F (back 4),framed by every anchor in range; no PSW write within 64 bytes; bank not found by this scan
register,pd,0x2647B,0x647B,fd,,"mov  r5,a",24,0,0x0F1F (back 5),framed by every anchor in range; no PSW write within 64 bytes; bank not found by this scan
register,pd,0x2648B,0x648B,fd,,"mov  r5,a",21,3,0x38E5 (back 3),some anchors miss it; see frame_onto/frame_over; no PSW write within 64 bytes; bank not found by this scan
register,pd,0x264CC,0x64CC,fe,,"mov  r6,a",24,0,0x35D7 (back 6),framed by every anchor in range; no PSW write within 64 bytes; bank not found by this scan
register,pd,0x264CE,0x64CE,fd,,"mov  r5,a",24,0,0x35D7 (back 8),framed by every anchor in range; no PSW write within 64 bytes; bank not found by this scan
register,pd,0x264E6,0x64E6,dd cf,,"djnz r5,0x64b7",1,23,0x3683 (back 20),some anchors miss it; see frame_onto/frame_over; no PSW write within 64 bytes; bank not found by this scan
register,pd,0x264F0,0x64F0,fe,,"mov  r6,a",24,0,0x3683 (back 30),framed by every anchor in range; no PSW write within 64 bytes; bank not found by this scan
register,pd,0x26511,0x6511,0d,,inc  r5,0,24,0x36AC (back 7),unsyncable: no anchor in range lands on it; may be data or preceded by a dispatch table; no PSW write within 64 bytes; bank not found by this scan
register,pd,0x26537,0x6537,0d,,inc  r5,0,24,0x36AC (back 7),unsyncable: no anchor in range lands on it; may be data or preceded by a dispatch table; no PSW write within 64 bytes; bank not found by this scan
register,pd,0x2655F,0x655F,fd,,"mov  r5,a",24,0,0x381B (back 3),framed by every anchor in range; no PSW write within 64 bytes; bank not found by this scan
register,pd,0x26570,0x6570,fe,,"mov  r6,a",24,0,0x349B (back 12),framed by every anchor in range; no PSW write within 64 bytes; bank not found by this scan
register,pd,0x26588,0x6588,ae f0,,"mov  r6,0xf0",24,0,0x349B (back 9),framed by every anchor in range; no PSW write within 64 bytes; bank not found by this scan
register,pd,0x2658E,0x658E,fd,,"mov  r5,a",24,0,0x349B (back 15),framed by every anchor in range; no PSW write within 64 bytes; bank not found by this scan
register,pd,0x265A1,0x65A1,0d,,inc  r5,0,24,0x36AC (back 11),unsyncable: no anchor in range lands on it; may be data or preceded by a dispatch table; no PSW write within 64 bytes; bank not found by this scan
register,pd,0x265F7,0x65F7,dd e0,,"djnz r5,0x65d9",1,23,0x349B (back 17),some anchors miss it; see frame_onto/frame_over; no PSW write within 64 bytes; bank not found by this scan
register,pd,0x265F9,0x65F9,fe,,"mov  r6,a",24,0,0x349B (back 19),framed by every anchor in range; no PSW write within 64 bytes; bank not found by this scan
register,pd,0x26602,0x6602,fd,,"mov  r5,a",24,0,0x349B (back 28),framed by every anchor in range; no PSW write within 64 bytes; bank not found by this scan
register,pd,0x2660E,0x660E,0e,,inc  r6,0,24,0x60E4 (back 10),unsyncable: no anchor in range lands on it; may be data or preceded by a dispatch table; no PSW write within 64 bytes; bank not found by this scan
register,pd,0x26638,0x6638,fd,,"mov  r5,a",24,0,0x381B (back 3),framed by every anchor in range; no PSW write within 64 bytes; bank not found by this scan
register,pd,0x2664E,0x664E,dd 74,,"djnz r5,0x66c4",1,23,0x349B (back 17),some anchors miss it; see frame_onto/frame_over; no PSW write within 64 bytes; bank not found by this scan
register,pd,0x26682,0x6682,fe,,"mov  r6,a",24,0,0x354F (back 4),framed by every anchor in range; no PSW write within 64 bytes; bank not found by this scan
register,pd,0x26694,0x6694,0e,,inc  r6,0,24,0x36F2 (back 9),unsyncable: no anchor in range lands on it; may be data or preceded by a dispatch table; no PSW write within 64 bytes; bank not found by this scan
register,pd,0x2669B,0x669B,ce,,"xch  a,r6",1,23,0x36F2 (back 16),some anchors miss it; see frame_onto/frame_over; no PSW write within 64 bytes; bank not found by this scan
register,pd,0x266BF,0x66BF,fe,,"mov  r6,a",24,0,0x36F2 (back 52),framed by every anchor in range; no PSW write within 64 bytes; bank not found by this scan
register,pd,0x266CB,0x66CB,0e,,inc  r6,0,24,0x36F2 (back 9),unsyncable: no anchor in range lands on it; may be data or preceded by a dispatch table; no PSW write within 64 bytes; bank not found by this scan
register,pd,0x266D4,0x66D4,ce,,"xch  a,r6",1,23,0x36F2 (back 18),some anchors miss it; see frame_onto/frame_over; no PSW write within 64 bytes; bank not found by this scan
register,pd,0x266F1,0x66F1,ae 90,,"mov  r6,0x90",0,24,0x607A (back 18),unsyncable: no anchor in range lands on it; may be data or preceded by a dispatch table; no PSW write within 64 bytes; bank not found by this scan
register,pd,0x26713,0x6713,fd,,"mov  r5,a",24,0,0x607A (back 52),framed by every anchor in range; no PSW write within 64 bytes; bank not found by this scan
register,pd,0x26722,0x6722,ae 04,,"mov  r6,0x04",24,0,0x60FF (back 8),framed by every anchor in range; no PSW write within 64 bytes; bank not found by this scan
register,pd,0x26726,0x6726,ce,,"xch  a,r6",24,0,0x60FF (back 12),framed by every anchor in range; no PSW write within 64 bytes; bank not found by this scan
register,pd,0x26729,0x6729,ce,,"xch  a,r6",24,0,0x60FF (back 15),framed by every anchor in range; no PSW write within 64 bytes; bank not found by this scan
register,pd,0x2675F,0x675F,de 74,,"djnz r6,0x67d5",4,20,0x0812 (back 4),some anchors miss it; see frame_onto/frame_over; no PSW write within 64 bytes; bank not found by this scan
register,pd,0x26767,0x6767,de 74,,"djnz r6,0x67dd",1,23,0x37DE (back 10),some anchors miss it; see frame_onto/frame_over; no PSW write within 64 bytes; bank not found by this scan
register,pd,0x26770,0x6770,0d,,inc  r5,0,24,0x60F0 (back 7),unsyncable: no anchor in range lands on it; may be data or preceded by a dispatch table; no PSW write within 64 bytes; bank not found by this scan
register,pd,0x2677E,0x677E,fd,,"mov  r5,a",22,2,0x3977 (back 3),some anchors miss it; see frame_onto/frame_over; no PSW write within 64 bytes; bank not found by this scan
register,pd,0x267A5,0x67A5,fe,,"mov  r6,a",24,0,0x3627 (back 4),framed by every anchor in range; no PSW write within 64 bytes; bank not found by this scan
register,pd,0x267AA,0x67AA,fd,,"mov  r5,a",24,0,0x3627 (back 9),framed by every anchor in range; no PSW write within 64 bytes; bank not found by this scan
register,pd,0x267CB,0x67CB,fd,,"mov  r5,a",22,2,0x3974 (back 3),some anchors miss it; see frame_onto/frame_over; no PSW write within 64 bytes; bank not found by this scan
register,pd,0x267DF,0x67DF,fe,,"mov  r6,a",24,0,0x3627 (back 9),framed by every anchor in range; no PSW write within 64 bytes; bank not found by this scan
register,pd,0x267F8,0x67F8,fd,,"mov  r5,a",24,0,0x604C (back 12),framed by every anchor in range; no PSW write within 64 bytes; bank not found by this scan
register,pd,0x26810,0x6810,fe,,"mov  r6,a",1,23,0x604C (back 36),some anchors miss it; see frame_onto/frame_over; no PSW write within 64 bytes; bank not found by this scan
register,pd,0x26828,0x6828,1e,,dec  r6,0,24,0x3509 (back 15),unsyncable: no anchor in range lands on it; may be data or preceded by a dispatch table; no PSW write within 64 bytes; bank not found by this scan
register,pd,0x26833,0x6833,fe,,"mov  r6,a",1,23,0x3706 (back 5),some anchors miss it; see frame_onto/frame_over; no PSW write within 64 bytes; bank not found by this scan
register,pd,0x26840,0x6840,fd,,"mov  r5,a",24,0,0x3706 (back 18),framed by every anchor in range; no PSW write within 64 bytes; bank not found by this scan
register,pd,0x26842,0x6842,ad ab,,"mov  r5,0xab",0,24,0x3706 (back 20),unsyncable: no anchor in range lands on it; may be data or preceded by a dispatch table; no PSW write within 64 bytes; bank not found by this scan
register,pd,0x2688D,0x688D,fe,,"mov  r6,a",24,0,0x10E8 (back 20),framed by every anchor in range; no PSW write within 64 bytes; bank not found by this scan
register,pd,0x2689A,0x689A,fd,,"mov  r5,a",24,0,0x10E8 (back 33),framed by every anchor in range; no PSW write within 64 bytes; bank not found by this scan
register,pd,0x268B9,0x68B9,1e,,dec  r6,0,24,0x10E8 (back 22),unsyncable: no anchor in range lands on it; may be data or preceded by a dispatch table; no PSW write within 64 bytes; bank not found by this scan
register,pd,0x268BA,0x68BA,fe,,"mov  r6,a",1,23,0x10E8 (back 23),some anchors miss it; see frame_onto/frame_over; no PSW write within 64 bytes; bank not found by this scan
register,pd,0x268BC,0x68BC,0e,,inc  r6,0,24,0x1EFE (back 4),unsyncable: no anchor in range lands on it; may be data or preceded by a dispatch table; no PSW write within 64 bytes; bank not found by this scan
register,pd,0x268F5,0x68F5,fe,,"mov  r6,a",24,0,0x6822 (back 41),framed by every anchor in range; no PSW write within 64 bytes; bank not found by this scan
register,pd,0x2690E,0x690E,fe,,"mov  r6,a",24,0,0x6822 (back 66),framed by every anchor in range; no PSW write within 64 bytes; bank not found by this scan
register,pd,0x26913,0x6913,fd,,"mov  r5,a",24,0,0x6822 (back 71),framed by every anchor in range; no PSW write within 64 bytes; bank not found by this scan
register,pd,0x2693B,0x693B,fe,,"mov  r6,a",24,0,0x6880 (back 5),framed by every anchor in range; no PSW write within 64 bytes; bank not found by this scan
register,pd,0x2693C,0x693C,fd,,"mov  r5,a",24,0,0x6880 (back 6),framed by every anchor in range; no PSW write within 64 bytes; bank not found by this scan
register,pd,0x2693F,0x693F,1d,,dec  r5,0,24,0x6880 (back 9),unsyncable: no anchor in range lands on it; may be data or preceded by a dispatch table; no PSW write within 64 bytes; bank not found by this scan
register,pd,0x2694C,0x694C,0e,,inc  r6,0,24,0x68D0 (back 4),unsyncable: no anchor in range lands on it; may be data or preceded by a dispatch table; no PSW write within 64 bytes; bank not found by this scan
register,pd,0x26962,0x6962,cd,,"xch  a,r5",0,24,0x0EF3 (back 23),unsyncable: no anchor in range lands on it; may be data or preceded by a dispatch table; no PSW write within 64 bytes; bank not found by this scan
register,pd,0x2696C,0x696C,fe,,"mov  r6,a",24,0,0x6880 (back 5),framed by every anchor in range; no PSW write within 64 bytes; bank not found by this scan
register,pd,0x2696D,0x696D,fd,,"mov  r5,a",24,0,0x6880 (back 6),framed by every anchor in range; no PSW write within 64 bytes; bank not found by this scan
register,pd,0x2697D,0x697D,0e,,inc  r6,0,24,0x68D0 (back 4),unsyncable: no anchor in range lands on it; may be data or preceded by a dispatch table; no PSW write within 64 bytes; bank not found by this scan
register,pd,0x269A1,0x69A1,1e,,dec  r6,0,24,0x0EF3 (back 37),unsyncable: no anchor in range lands on it; may be data or preceded by a dispatch table; no PSW write within 64 bytes; bank not found by this scan
register,pd,0x269A3,0x69A3,fe,,"mov  r6,a",0,24,0x0EF3 (back 39),unsyncable: no anchor in range lands on it; may be data or preceded by a dispatch table; no PSW write within 64 bytes; bank not found by this scan
register,pd,0x269D4,0x69D4,1e,,dec  r6,0,24,0x0F32 (back 19),unsyncable: no anchor in range lands on it; may be data or preceded by a dispatch table; no PSW write within 64 bytes; bank not found by this scan
register,pd,0x269D8,0x69D8,fd,,"mov  r5,a",24,0,0x0F32 (back 23),framed by every anchor in range; no PSW write within 64 bytes; bank not found by this scan
register,pd,0x269D9,0x69D9,fe,,"mov  r6,a",24,0,0x0F32 (back 24),framed by every anchor in range; no PSW write within 64 bytes; bank not found by this scan
register,pd,0x269DB,0x69DB,1e,,dec  r6,0,24,0x0F32 (back 26),unsyncable: no anchor in range lands on it; may be data or preceded by a dispatch table; no PSW write within 64 bytes; bank not found by this scan
register,pd,0x26A0A,0x6A0A,0e,,inc  r6,0,24,0x68D0 (back 4),unsyncable: no anchor in range lands on it; may be data or preceded by a dispatch table; no PSW write within 64 bytes; bank not found by this scan
register,pd,0x26A37,0x6A37,0e,,inc  r6,0,24,0x68D0 (back 4),unsyncable: no anchor in range lands on it; may be data or preceded by a dispatch table; no PSW write within 64 bytes; bank not found by this scan
register,pd,0x26A51,0x6A51,7d 0a,,"mov  r5,#0x0a",23,1,0x0EF3 (back 27),some anchors miss it; see frame_onto/frame_over; no PSW write within 64 bytes; bank not found by this scan
register,pd,0x26A5F,0x6A5F,7d 64,,"mov  r5,#0x64",24,0,0x0EF3 (back 41),framed by every anchor in range; no PSW write within 64 bytes; bank not found by this scan
register,pd,0x26A87,0x6A87,0e,,inc  r6,0,24,0x68D0 (back 4),unsyncable: no anchor in range lands on it; may be data or preceded by a dispatch table; no PSW write within 64 bytes; bank not found by this scan
register,pd,0x26AA3,0x6AA3,7d 64,,"mov  r5,#0x64",24,0,0x6812 (back 4),framed by every anchor in range; no PSW write within 64 bytes; bank not found by this scan
register,pd,0x26AB6,0x6AB6,0e,,inc  r6,0,24,0x68D0 (back 4),unsyncable: no anchor in range lands on it; may be data or preceded by a dispatch table; no PSW write within 64 bytes; bank not found by this scan
register,pd,0x26AD2,0x6AD2,7d 32,,"mov  r5,#0x32",24,0,0x0EF3 (back 29),framed by every anchor in range; no PSW write within 64 bytes; bank not found by this scan
register,pd,0x26AE0,0x6AE0,0e,,inc  r6,0,24,0x68D0 (back 4),unsyncable: no anchor in range lands on it; may be data or preceded by a dispatch table; no PSW write within 64 bytes; bank not found by this scan
register,pd,0x26B0B,0x6B0B,7d 08,,"mov  r5,#0x08",24,0,0x6907 (back 3),framed by every anchor in range; no PSW write within 64 bytes; bank not found by this scan
register,pd,0x26B1C,0x6B1C,fe,,"mov  r6,a",24,0,0x6907 (back 20),framed by every anchor in range; no PSW write within 64 bytes; bank not found by this scan
register,pd,0x26B3B,0x6B3B,fd,,"mov  r5,a",24,0,0x6907 (back 51),framed by every anchor in range; no PSW write within 64 bytes; bank not found by this scan
register,pd,0x26B47,0x6B47,fd,,"mov  r5,a",1,23,0x6907 (back 63),some anchors miss it; see frame_onto/frame_over; no PSW write within 64 bytes; bank not found by this scan
register,pd,0x26B56,0x6B56,de 05,,"djnz r6,0x6b5d",24,0,0x686B (back 5),framed by every anchor in range; no PSW write within 64 bytes; bank not found by this scan
register,pd,0x26B98,0x6B98,fe,,"mov  r6,a",0,24,0x6A09 (back 54),unsyncable: no anchor in range lands on it; may be data or preceded by a dispatch table; no PSW write within 64 bytes; bank not found by this scan
register,pd,0x26BD7,0x6BD7,fd,,"mov  r5,a",24,0,0x6A12 (back 5),framed by every anchor in range; no PSW write within 64 bytes; bank not found by this scan
register,pd,0x26BF2,0x6BF2,fe,,"mov  r6,a",24,0,0x687F (back 24),framed by every anchor in range; no PSW write within 64 bytes; bank not found by this scan
register,pd,0x26BFE,0x6BFE,fd,,"mov  r5,a",0,24,0x6812 (back 9),unsyncable: no anchor in range lands on it; may be data or preceded by a dispatch table; no PSW write within 64 bytes; bank not found by this scan
register,pd,0x26C03,0x6C03,fd,,"mov  r5,a",24,0,0x68E4 (back 2),framed by every anchor in range; no PSW write within 64 bytes; bank not found by this scan
register,pd,0x26C25,0x6C25,fe,,"mov  r6,a",24,0,0x6812 (back 31),framed by every anchor in range; no PSW write within 64 bytes; bank not found by this scan
register,pd,0x26C48,0x6C48,fd,,"mov  r5,a",24,0,0x6812 (back 66),framed by every anchor in range; no PSW write within 64 bytes; bank not found by this scan
register,pd,0x26C6B,0x6C6B,7d 01,,"mov  r5,#0x01",23,1,0x6812 (back 101),some anchors miss it; see frame_onto/frame_over; no PSW write within 64 bytes; bank not found by this scan
register,pd,0x26CC4,0x6CC4,fd,,"mov  r5,a",24,0,0x68F0 (back 5),framed by every anchor in range; no PSW write within 64 bytes; bank not found by this scan
register,pd,0x26CE6,0x6CE6,fe,,"mov  r6,a",24,0,0x68F0 (back 39),framed by every anchor in range; no PSW write within 64 bytes; bank not found by this scan
register,pd,0x26D06,0x6D06,dd 90,,"djnz r5,0x6c98",1,23,0x68EF (back 18),some anchors miss it; see frame_onto/frame_over; no PSW write within 64 bytes; bank not found by this scan
register,pd,0x26D6A,0x6D6A,0d,,inc  r5,0,24,0x6AAF (back 91),unsyncable: no anchor in range lands on it; may be data or preceded by a dispatch table; no PSW write within 64 bytes; bank not found by this scan
register,pd,0x26D6F,0x6D6F,0d,,inc  r5,2,22,0x6AAF (back 96),some anchors miss it; see frame_onto/frame_over; no PSW write within 64 bytes; bank not found by this scan
register,pd,0x26D7C,0x6D7C,fd,,"mov  r5,a",24,0,0x6AAF (back 109),framed by every anchor in range; no PSW write within 64 bytes; bank not found by this scan
register,pd,0x26D7E,0x6D7E,ce,,"xch  a,r6",0,24,0x6AAF (back 111),unsyncable: no anchor in range lands on it; may be data or preceded by a dispatch table; no PSW write within 64 bytes; bank not found by this scan
register,pd,0x26D84,0x6D84,fd,,"mov  r5,a",24,0,0x6AAF (back 117),framed by every anchor in range; no PSW write within 64 bytes; bank not found by this scan
register,pd,0x26D9D,0x6D9D,dd f0,,"djnz r5,0x6d8f",1,23,0x687F (back 22),some anchors miss it; see frame_onto/frame_over; no PSW write within 64 bytes; bank not found by this scan
register,pd,0x26DB8,0x6DB8,fe,,"mov  r6,a",24,0,0x0FAF (back 8),framed by every anchor in range; no PSW write within 64 bytes; bank not found by this scan
register,pd,0x26DB9,0x6DB9,fd,,"mov  r5,a",24,0,0x0FAF (back 9),framed by every anchor in range; no PSW write within 64 bytes; bank not found by this scan
register,pd,0x26DC5,0x6DC5,fe,,"mov  r6,a",24,0,0x0FAF (back 6),framed by every anchor in range; no PSW write within 64 bytes; bank not found by this scan
register,pd,0x26DC7,0x6DC7,fd,,"mov  r5,a",24,0,0x0FAF (back 8),framed by every anchor in range; no PSW write within 64 bytes; bank not found by this scan
register,pd,0x26DCF,0x6DCF,0d,,inc  r5,0,24,0x0FAF (back 16),unsyncable: no anchor in range lands on it; may be data or preceded by a dispatch table; no PSW write within 64 bytes; bank not found by this scan
register,pd,0x26DE2,0x6DE2,dd 04,,"djnz r5,0x6de8",1,23,0x0DC9 (back 20),some anchors miss it; see frame_onto/frame_over; no PSW write within 64 bytes; bank not found by this scan
register,pd,0x26DEB,0x6DEB,fe,,"mov  r6,a",24,0,0x0DC9 (back 29),framed by every anchor in range; no PSW write within 64 bytes; bank not found by this scan
register,pd,0x26DFD,0x6DFD,0d,,inc  r5,3,21,0x10C8 (back 7),some anchors miss it; see frame_onto/frame_over; no PSW write within 64 bytes; bank not found by this scan
register,pd,0x26DFF,0x6DFF,fd,,"mov  r5,a",24,0,0x0D38 (back 3),framed by every anchor in range; no PSW write within 64 bytes; bank not found by this scan
register,pd,0x26E0E,0x6E0E,dd ef,,"djnz r5,0x6dff",1,23,0x0D38 (back 18),some anchors miss it; see frame_onto/frame_over; no PSW write within 64 bytes; bank not found by this scan
register,pd,0x26E48,0x6E48,ae f0,,"mov  r6,0xf0",24,0,0x0D38 (back 76),framed by every anchor in range; no PSW write within 64 bytes; bank not found by this scan
register,pd,0x26E50,0x6E50,fe,,"mov  r6,a",24,0,0x0D38 (back 84),framed by every anchor in range; no PSW write within 64 bytes; bank not found by this scan
register,pd,0x26E60,0x6E60,fe,,"mov  r6,a",24,0,0x0D38 (back 100),framed by every anchor in range; no PSW write within 64 bytes; bank not found by this scan
register,pd,0x26E69,0x6E69,fd,,"mov  r5,a",24,0,0x0D38 (back 109),framed by every anchor in range; no PSW write within 64 bytes; bank not found by this scan
register,pd,0x26E72,0x6E72,ae 04,,"mov  r6,0x04",24,0,0x0D38 (back 118),framed by every anchor in range; no PSW write within 64 bytes; bank not found by this scan
register,pd,0x26EA2,0x6EA2,de 78,,"djnz r6,0x6f1c",1,23,0x0D38 (back 166),some anchors miss it; see frame_onto/frame_over; no PSW write within 64 bytes; bank not found by this scan
register,pd,0x26EBC,0x6EBC,0e,,inc  r6,0,24,0x68D0 (back 4),unsyncable: no anchor in range lands on it; may be data or preceded by a dispatch table; no PSW write within 64 bytes; bank not found by this scan
register,pd,0x26ED0,0x6ED0,7d 14,,"mov  r5,#0x14",24,0,0x0EF3 (back 21),framed by every anchor in range; no PSW write within 64 bytes; bank not found by this scan
register,pd,0x26EE3,0x6EE3,0e,,inc  r6,0,24,0x68D0 (back 4),unsyncable: no anchor in range lands on it; may be data or preceded by a dispatch table; no PSW write within 64 bytes; bank not found by this scan
register,pd,0x26EED,0x6EED,7d 32,,"mov  r5,#0x32",23,1,0x0EF3 (back 11),some anchors miss it; see frame_onto/frame_over; no PSW write within 64 bytes; bank not found by this scan
register,pd,0x26EF3,0x6EF3,de e0,,"djnz r6,0x6ed5",1,23,0x697D (back 7),some anchors miss it; see frame_onto/frame_over; no PSW write within 64 bytes; bank not found by this scan
register,pd,0x26F0F,0x6F0F,0e,,inc  r6,0,24,0x68D0 (back 4),unsyncable: no anchor in range lands on it; may be data or preceded by a dispatch table; no PSW write within 64 bytes; bank not found by this scan
register,pd,0x26F23,0x6F23,7d 0a,,"mov  r5,#0x0a",24,0,0x0EF3 (back 21),framed by every anchor in range; no PSW write within 64 bytes; bank not found by this scan
register,pd,0x26F36,0x6F36,0e,,inc  r6,0,24,0x68D0 (back 4),unsyncable: no anchor in range lands on it; may be data or preceded by a dispatch table; no PSW write within 64 bytes; bank not found by this scan
register,pd,0x26F3E,0x6F3E,7d 0a,,"mov  r5,#0x0a",23,1,0x0EF3 (back 9),some anchors miss it; see frame_onto/frame_over; no PSW write within 64 bytes; bank not found by this scan
register,pd,0x26F46,0x6F46,0e,,inc  r6,0,24,0x697D (back 9),unsyncable: no anchor in range lands on it; may be data or preceded by a dispatch table; no PSW write within 64 bytes; bank not found by this scan
register,pd,0x26F91,0x6F91,fd,,"mov  r5,a",24,0,0x6C90 (back 15),framed by every anchor in range; no PSW write within 64 bytes; bank not found by this scan
register,pd,0x26F98,0x6F98,fd,,"mov  r5,a",1,23,0x6C90 (back 22),some anchors miss it; see frame_onto/frame_over; no PSW write within 64 bytes; bank not found by this scan
register,pd,0x26FA8,0x6FA8,0d,,inc  r5,0,24,0x2FEF (back 5),unsyncable: no anchor in range lands on it; may be data or preceded by a dispatch table; no PSW write within 64 bytes; bank not found by this scan
register,pd,0x26FAB,0x6FAB,0e,,inc  r6,0,24,0x2FEF (back 8),unsyncable: no anchor in range lands on it; may be data or preceded by a dispatch table; no PSW write within 64 bytes; bank not found by this scan
register,pd,0x26FD4,0x6FD4,fd,,"mov  r5,a",24,0,0x53E0 (back 18),framed by every anchor in range; no PSW write within 64 bytes; bank not found by this scan
register,pd,0x26FEB,0x6FEB,ae f0,,"mov  r6,0xf0",24,0,0x10BC (back 16),framed by every anchor in range; no PSW write within 64 bytes; bank not found by this scan
register,pd,0x2700B,0x700B,0d,,inc  r5,0,24,0x10C8 (back 13),unsyncable: no anchor in range lands on it; may be data or preceded by a dispatch table; no PSW write within 64 bytes; bank not found by this scan
register,pd,0x2700F,0x700F,0d,,inc  r5,1,23,0x0D38 (back 5),some anchors miss it; see frame_onto/frame_over; no PSW write within 64 bytes; bank not found by this scan
register,pd,0x27027,0x7027,ae f0,,"mov  r6,0xf0",24,0,0x10E8 (back 16),framed by every anchor in range; no PSW write within 64 bytes; bank not found by this scan
register,pd,0x27034,0x7034,fd,,"mov  r5,a",2,22,0x10E8 (back 29),some anchors miss it; see frame_onto/frame_over; no PSW write within 64 bytes; bank not found by this scan
register,pd,0x27047,0x7047,fd,,"mov  r5,a",2,22,0x10E8 (back 15),some anchors miss it; see frame_onto/frame_over; no PSW write within 64 bytes; bank not found by this scan
register,pd,0x2705D,0x705D,0d,,inc  r5,1,23,0x2F85 (back 3),some anchors miss it; see frame_onto/frame_over; no PSW write within 64 bytes; bank not found by this scan
register,pd,0x27060,0x7060,0e,,inc  r6,0,24,0x2F85 (back 6),unsyncable: no anchor in range lands on it; may be data or preceded by a dispatch table; no PSW write within 64 bytes; bank not found by this scan
register,pd,0x27084,0x7084,fe,,"mov  r6,a",24,0,0x0FAF (back 9),framed by every anchor in range; no PSW write within 64 bytes; bank not found by this scan
register,pd,0x27087,0x7087,fd,,"mov  r5,a",24,0,0x0FAF (back 12),framed by every anchor in range; no PSW write within 64 bytes; bank not found by this scan
register,pd,0x270EA,0x70EA,7e 13,,"mov  r6,#0x13",23,1,0x53E0 (back 52),some anchors miss it; see frame_onto/frame_over; no PSW write within 64 bytes; bank not found by this scan
register,pd,0x270EC,0x70EC,fd,,"mov  r5,a",24,0,0x53E0 (back 54),framed by every anchor in range; no PSW write within 64 bytes; bank not found by this scan
register,pd,0x270F7,0x70F7,0e,,inc  r6,1,23,0x0FCB (back 6),some anchors miss it; see frame_onto/frame_over; no PSW write within 64 bytes; bank not found by this scan
register,pd,0x27191,0x7191,7d 02,,"mov  r5,#0x02",24,0,0x7022 (back 6),framed by every anchor in range; no PSW write within 64 bytes; bank not found by this scan
register,pd,0x27196,0x7196,fe,,"mov  r6,a",24,0,0x22A3 (back 4),framed by every anchor in range; no PSW write within 64 bytes; bank not found by this scan
register,pd,0x271BB,0x71BB,0d,,inc  r5,1,23,0x70F0 (back 4),some anchors miss it; see frame_onto/frame_over; no PSW write within 64 bytes; bank not found by this scan
register,pd,0x271C1,0x71C1,ce,,"xch  a,r6",24,0,0x70F0 (back 10),framed by every anchor in range; no PSW write within 64 bytes; bank not found by this scan
register,pd,0x271C3,0x71C3,ce,,"xch  a,r6",24,0,0x70F0 (back 12),framed by every anchor in range; no PSW write within 64 bytes; bank not found by this scan
register,pd,0x271D2,0x71D2,0d,,inc  r5,1,23,0x70F0 (back 27),some anchors miss it; see frame_onto/frame_over; no PSW write within 64 bytes; bank not found by this scan
register,pd,0x271D4,0x71D4,fe,,"mov  r6,a",24,0,0x70F0 (back 29),framed by every anchor in range; no PSW write within 64 bytes; bank not found by this scan
register,pd,0x271DC,0x71DC,fd,,"mov  r5,a",24,0,0x70F0 (back 37),framed by every anchor in range; no PSW write within 64 bytes; bank not found by this scan
register,pd,0x271E9,0x71E9,fe,,"mov  r6,a",24,0,0x70F0 (back 50),framed by every anchor in range; no PSW write within 64 bytes; bank not found by this scan
register,pd,0x271FC,0x71FC,fe,,"mov  r6,a",22,2,0x70F0 (back 69),some anchors miss it; see frame_onto/frame_over; no PSW write within 64 bytes; bank not found by this scan
register,pd,0x2722E,0x722E,7d 70,,"mov  r5,#0x70",2,22,0x7012 (back 3),some anchors miss it; see frame_onto/frame_over; no PSW write within 64 bytes; bank not found by this scan
register,pd,0x2724F,0x724F,fd,,"mov  r5,a",24,0,0x7012 (back 36),framed by every anchor in range; no PSW write within 64 bytes; bank not found by this scan
register,pd,0x27271,0x7271,fd,,"mov  r5,a",23,1,0x7012 (back 70),some anchors miss it; see frame_onto/frame_over; no PSW write within 64 bytes; bank not found by this scan
register,pd,0x2728E,0x728E,dd 90,,"djnz r5,0x7220",1,23,0x70E4 (back 23),some anchors miss it; see frame_onto/frame_over; no PSW write within 64 bytes; bank not found by this scan
register,pd,0x2729D,0x729D,0e,,inc  r6,0,24,0x1041 (back 8),unsyncable: no anchor in range lands on it; may be data or preceded by a dispatch table; no PSW write within 64 bytes; bank not found by this scan
register,pd,0x272AD,0x72AD,fd,,"mov  r5,a",24,0,0x104D (back 12),framed by every anchor in range; no PSW write within 64 bytes; bank not found by this scan
register,pd,0x272C5,0x72C5,fd,,"mov  r5,a",24,0,0x104D (back 12),framed by every anchor in range; no PSW write within 64 bytes; bank not found by this scan
register,pd,0x272EA,0x72EA,7d 60,,"mov  r5,#0x60",1,23,0x0FAF (back 8),some anchors miss it; see frame_onto/frame_over; no PSW write within 64 bytes; bank not found by this scan
register,pd,0x27356,0x7356,0d,,inc  r5,0,24,0x72AF (back 4),unsyncable: no anchor in range lands on it; may be data or preceded by a dispatch table; no PSW write within 64 bytes; bank not found by this scan
register,pd,0x27379,0x7379,0d,,inc  r5,0,24,0x72AF (back 4),unsyncable: no anchor in range lands on it; may be data or preceded by a dispatch table; no PSW write within 64 bytes; bank not found by this scan
register,pd,0x2738C,0x738C,7d 01,,"mov  r5,#0x01",23,1,0x72AF (back 23),some anchors miss it; see frame_onto/frame_over; no PSW write within 64 bytes; bank not found by this scan
register,pd,0x273CB,0x73CB,cd,,"xch  a,r5",1,23,0x7080 (back 26),some anchors miss it; see frame_onto/frame_over; no PSW write within 64 bytes; bank not found by this scan
register,pd,0x273FA,0x73FA,cd,,"xch  a,r5",2,22,0x10BC (back 13),some anchors miss it; see frame_onto/frame_over; no PSW write within 64 bytes; bank not found by this scan
register,pd,0x27412,0x7412,fe,,"mov  r6,a",24,0,0x10BC (back 37),framed by every anchor in range; no PSW write within 64 bytes; bank not found by this scan
register,pd,0x2741C,0x741C,fe,,"mov  r6,a",24,0,0x10BC (back 47),framed by every anchor in range; no PSW write within 64 bytes; bank not found by this scan
register,pd,0x2742D,0x742D,cd,,"xch  a,r5",2,22,0x10BC (back 64),some anchors miss it; see frame_onto/frame_over; no PSW write within 64 bytes; bank not found by this scan
register,pd,0x27449,0x7449,ce,,"xch  a,r6",1,23,0x741C (back 13),some anchors miss it; see frame_onto/frame_over; no PSW write within 64 bytes; bank not found by this scan
register,pd,0x2745B,0x745B,ce,,"xch  a,r6",1,23,0x741C (back 31),some anchors miss it; see frame_onto/frame_over; no PSW write within 64 bytes; bank not found by this scan
register,pd,0x27462,0x7462,fd,,"mov  r5,a",24,0,0x741C (back 38),framed by every anchor in range; no PSW write within 64 bytes; bank not found by this scan
register,pd,0x27472,0x7472,fd,,"mov  r5,a",0,24,0x741C (back 7),unsyncable: no anchor in range lands on it; may be data or preceded by a dispatch table; no PSW write within 64 bytes; bank not found by this scan
register,pd,0x274A4,0x74A4,0e,,inc  r6,0,24,0x70D0 (back 4),unsyncable: no anchor in range lands on it; may be data or preceded by a dispatch table; no PSW write within 64 bytes; bank not found by this scan
register,pd,0x274BC,0x74BC,fd,,"mov  r5,a",24,0,0x0F1F (back 6),framed by every anchor in range; no PSW write within 64 bytes; bank not found by this scan
register,pd,0x274C7,0x74C7,0e,,inc  r6,0,24,0x70D0 (back 4),unsyncable: no anchor in range lands on it; may be data or preceded by a dispatch table; no PSW write within 64 bytes; bank not found by this scan
register,pd,0x274E5,0x74E5,0e,,inc  r6,0,24,0x70D0 (back 4),unsyncable: no anchor in range lands on it; may be data or preceded by a dispatch table; no PSW write within 64 bytes; bank not found by this scan
register,pd,0x274FB,0x74FB,cd,,"xch  a,r5",2,22,0x0EF3 (back 23),some anchors miss it; see frame_onto/frame_over; no PSW write within 64 bytes; bank not found by this scan
register,pd,0x27524,0x7524,cd,,"xch  a,r5",1,23,0x7459 (back 5),some anchors miss it; see frame_onto/frame_over; no PSW write within 64 bytes; bank not found by this scan
register,pd,0x2752B,0x752B,fe,,"mov  r6,a",24,0,0x70FF (back 4),framed by every anchor in range; no PSW write within 64 bytes; bank not found by this scan
register,pd,0x2752E,0x752E,7d 06,,"mov  r5,#0x06",24,0,0x70FF (back 7),framed by every anchor in range; no PSW write within 64 bytes; bank not found by this scan
register,pd,0x27537,0x7537,fe,,"mov  r6,a",24,0,0x0C8C (back 7),framed by every anchor in range; no PSW write within 64 bytes; bank not found by this scan
register,pd,0x27597,0x7597,ad 83,,"mov  r5,0x83",0,24,0x707B (back 9),unsyncable: no anchor in range lands on it; may be data or preceded by a dispatch table; no PSW write within 64 bytes; bank not found by this scan
register,pd,0x275A3,0x75A3,ad 83,,"mov  r5,0x83",0,24,0x7022 (back 6),unsyncable: no anchor in range lands on it; may be data or preceded by a dispatch table; no PSW write within 64 bytes; bank not found by this scan
register,pd,0x275B8,0x75B8,ad 2e,,"mov  r5,0x2e",0,24,0x7060 (back 12),unsyncable: no anchor in range lands on it; may be data or preceded by a dispatch table; no PSW write within 64 bytes; bank not found by this scan
register,pd,0x275C6,0x75C6,ad 1e,,"mov  r5,0x1e",1,23,0x104D (back 12),some anchors miss it; see frame_onto/frame_over; no PSW write within 64 bytes; bank not found by this scan
register,pd,0x275C7,0x75C7,1e,,dec  r6,0,24,0x104D (back 13),unsyncable: no anchor in range lands on it; may be data or preceded by a dispatch table; no PSW write within 64 bytes; bank not found by this scan
register,pd,0x275E3,0x75E3,ad 4d,,"mov  r5,0x4d",0,24,0x727F (back 14),unsyncable: no anchor in range lands on it; may be data or preceded by a dispatch table; no PSW write within 64 bytes; bank not found by this scan
register,pd,0x275ED,0x75ED,0e,,inc  r6,1,23,0x727F (back 24),some anchors miss it; see frame_onto/frame_over; no PSW write within 64 bytes; bank not found by this scan
register,pd,0x275F7,0x75F7,ad 10,,"mov  r5,0x10",2,22,0x0F0E (back 12),some anchors miss it; see frame_onto/frame_over; no PSW write within 64 bytes; bank not found by this scan
register,pd,0x275FA,0x75FA,0d,,inc  r5,0,24,0x0F0E (back 15),unsyncable: no anchor in range lands on it; may be data or preceded by a dispatch table; no PSW write within 64 bytes; bank not found by this scan
register,pd,0x275FE,0x75FE,ad 07,,"mov  r5,0x07",23,1,0x0F0E (back 19),some anchors miss it; see frame_onto/frame_over; no PSW write within 64 bytes; bank not found by this scan
register,pd,0x2760D,0x760D,0d,,inc  r5,1,23,0x0F0E (back 34),some anchors miss it; see frame_onto/frame_over; no PSW write within 64 bytes; bank not found by this scan
register,pd,0x2761F,0x761F,7d 00,,"mov  r5,#0x00",23,1,0x0F0E (back 52),some anchors miss it; see frame_onto/frame_over; no PSW write within 64 bytes; bank not found by this scan
register,pd,0x27635,0x7635,7d 01,,"mov  r5,#0x01",24,0,0x104D (back 12),framed by every anchor in range; no PSW write within 64 bytes; bank not found by this scan
register,pd,0x27642,0x7642,7d 88,,"mov  r5,#0x88",24,0,0x7012 (back 12),framed by every anchor in range; no PSW write within 64 bytes; bank not found by this scan
register,pd,0x2764A,0x764A,ad 9c,,"mov  r5,0x9c",0,24,0x7012 (back 20),unsyncable: no anchor in range lands on it; may be data or preceded by a dispatch table; no PSW write within 64 bytes; bank not found by this scan
register,pd,0x27650,0x7650,ad 83,,"mov  r5,0x83",2,22,0x7012 (back 26),some anchors miss it; see frame_onto/frame_over; no PSW write within 64 bytes; bank not found by this scan
register,pd,0x2765F,0x765F,ad 09,,"mov  r5,0x09",0,24,0x0FAF (back 7),unsyncable: no anchor in range lands on it; may be data or preceded by a dispatch table; no PSW write within 64 bytes; bank not found by this scan
register,pd,0x27665,0x7665,0d,,inc  r5,24,0,0x12AD (back 8),framed by every anchor in range; no PSW write within 64 bytes; bank not found by this scan
register,pd,0x27669,0x7669,ad 9c,,"mov  r5,0x9c",0,24,0x12AD (back 12),unsyncable: no anchor in range lands on it; may be data or preceded by a dispatch table; no PSW write within 64 bytes; bank not found by this scan
register,pd,0x27672,0x7672,ad a4,,"mov  r5,0xa4",1,23,0x12AD (back 21),some anchors miss it; see frame_onto/frame_over; no PSW write within 64 bytes; bank not found by this scan
register,pd,0x27675,0x7675,ad 09,,"mov  r5,0x09",0,24,0x12AD (back 24),unsyncable: no anchor in range lands on it; may be data or preceded by a dispatch table; no PSW write within 64 bytes; bank not found by this scan
register,pd,0x27689,0x7689,7d 01,,"mov  r5,#0x01",24,0,0x104D (back 9),framed by every anchor in range; no PSW write within 64 bytes; bank not found by this scan
register,pd,0x276A5,0x76A5,ad 1e,,"mov  r5,0x1e",0,24,0x7612 (back 5),unsyncable: no anchor in range lands on it; may be data or preceded by a dispatch table; no PSW write within 64 bytes; bank not found by this scan
register,pd,0x276A6,0x76A6,1e,,dec  r6,1,23,0x7612 (back 6),some anchors miss it; see frame_onto/frame_over; no PSW write within 64 bytes; bank not found by this scan
register,pd,0x276AD,0x76AD,ad 2a,,"mov  r5,0x2a",1,23,0x7612 (back 13),some anchors miss it; see frame_onto/frame_over; no PSW write within 64 bytes; bank not found by this scan
register,pd,0x276B7,0x76B7,0e,,inc  r6,1,23,0x0FAF (back 8),some anchors miss it; see frame_onto/frame_over; no PSW write within 64 bytes; bank not found by this scan
register,pd,0x276BE,0x76BE,ad 2a,,"mov  r5,0x2a",0,24,0x0F0E (back 9),unsyncable: no anchor in range lands on it; may be data or preceded by a dispatch table; no PSW write within 64 bytes; bank not found by this scan
register,pd,0x276CF,0x76CF,ad 2a,,"mov  r5,0x2a",0,24,0x7212 (back 13),unsyncable: no anchor in range lands on it; may be data or preceded by a dispatch table; no PSW write within 64 bytes; bank not found by this scan
register,pd,0x276D2,0x76D2,ad 4d,,"mov  r5,0x4d",0,24,0x7212 (back 16),unsyncable: no anchor in range lands on it; may be data or preceded by a dispatch table; no PSW write within 64 bytes; bank not found by this scan
register,pd,0x276DC,0x76DC,0e,,inc  r6,1,23,0x7212 (back 26),some anchors miss it; see frame_onto/frame_over; no PSW write within 64 bytes; bank not found by this scan
register,pd,0x276E5,0x76E5,ad 2e,,"mov  r5,0x2e",0,24,0x76E0 (back 4),unsyncable: no anchor in range lands on it; may be data or preceded by a dispatch table; no PSW write within 64 bytes; bank not found by this scan
register,pd,0x27712,0x7712,ad 09,,"mov  r5,0x09",0,24,0x0FAF (back 7),unsyncable: no anchor in range lands on it; may be data or preceded by a dispatch table; no PSW write within 64 bytes; bank not found by this scan
register,pd,0x2771D,0x771D,ad 9c,,"mov  r5,0x9c",2,22,0x0FAF (back 18),some anchors miss it; see frame_onto/frame_over; no PSW write within 64 bytes; bank not found by this scan
register,pd,0x2772E,0x772E,7d 01,,"mov  r5,#0x01",24,0,0x76E0 (back 9),framed by every anchor in range; no PSW write within 64 bytes; bank not found by this scan
register,pd,0x27732,0x7732,7d 00,,"mov  r5,#0x00",22,2,0x7080 (back 3),some anchors miss it; see frame_onto/frame_over; no PSW write within 64 bytes; bank not found by this scan
register,pd,0x2774B,0x774B,7d 99,,"mov  r5,#0x99",24,0,0x76E0 (back 3),framed by every anchor in range; no PSW write within 64 bytes; bank not found by this scan
register,pd,0x2776B,0x776B,ae 12,,"mov  r6,0x12",3,21,0x76E0 (back 13),some anchors miss it; see frame_onto/frame_over; no PSW write within 64 bytes; bank not found by this scan
register,pd,0x277F0,0x77F0,7e 01,,"mov  r6,#0x01",24,0,0x7704 (back 2),framed by every anchor in range; no PSW write within 64 bytes; bank not found by this scan
register,pd,0x277F4,0x77F4,7e 00,,"mov  r6,#0x00",22,2,0x7080 (back 3),some anchors miss it; see frame_onto/frame_over; no PSW write within 64 bytes; bank not found by this scan
register,pd,0x277FE,0x77FE,7e 01,,"mov  r6,#0x01",24,0,0x7080 (back 13),framed by every anchor in range; no PSW write within 64 bytes; bank not found by this scan
register,pd,0x27802,0x7802,7e 00,,"mov  r6,#0x00",22,2,0x7080 (back 17),some anchors miss it; see frame_onto/frame_over; no PSW write within 64 bytes; bank not found by this scan
register,pd,0x278C4,0x78C4,7e 12,,"mov  r6,#0x12",0,24,0x7890 (back 14),unsyncable: no anchor in range lands on it; may be data or preceded by a dispatch table; no PSW write within 64 bytes; bank not found by this scan
register,pd,0x278E7,0x78E7,7d 01,,"mov  r5,#0x01",24,0,0x104D (back 18),framed by every anchor in range; no PSW write within 64 bytes; bank not found by this scan
register,pd,0x278EB,0x78EB,7d 00,,"mov  r5,#0x00",22,2,0x7880 (back 3),some anchors miss it; see frame_onto/frame_over; no PSW write within 64 bytes; bank not found by this scan
register,pd,0x27905,0x7905,7d 04,,"mov  r5,#0x04",20,4,0x3720 (back 3),some anchors miss it; see frame_onto/frame_over; no PSW write within 64 bytes; bank not found by this scan
register,pd,0x2792F,0x792F,fd,,"mov  r5,a",24,0,0x7890 (back 7),framed by every anchor in range; no PSW write within 64 bytes; bank not found by this scan
register,pd,0x2793A,0x793A,fd,,"mov  r5,a",24,0,0x7890 (back 18),framed by every anchor in range; no PSW write within 64 bytes; bank not found by this scan
register,pd,0x27947,0x7947,ae 12,,"mov  r6,0x12",3,21,0x7822 (back 7),some anchors miss it; see frame_onto/frame_over; no PSW write within 64 bytes; bank not found by this scan
register,pd,0x2797D,0x797D,7d 0c,,"mov  r5,#0x0c",24,0,0x3A1C (back 5),framed by every anchor in range; no PSW write within 64 bytes; bank not found by this scan
register,pd,0x27985,0x7985,fd,,"mov  r5,a",24,0,0x3A1C (back 3),framed by every anchor in range; no PSW write within 64 bytes; bank not found by this scan
register,pd,0x27999,0x7999,7d 01,,"mov  r5,#0x01",24,0,0x104D (back 12),framed by every anchor in range; no PSW write within 64 bytes; bank not found by this scan
register,pd,0x279A3,0x79A3,7d 01,,"mov  r5,#0x01",24,0,0x7812 (back 9),framed by every anchor in range; no PSW write within 64 bytes; bank not found by this scan
register,pd,0x279B5,0x79B5,0d,,inc  r5,0,24,0x36A1 (back 7),unsyncable: no anchor in range lands on it; may be data or preceded by a dispatch table; no PSW write within 64 bytes; bank not found by this scan
register,pd,0x279E7,0x79E7,7d 01,,"mov  r5,#0x01",23,1,0x104D (back 23),some anchors miss it; see frame_onto/frame_over; no PSW write within 64 bytes; bank not found by this scan
register,pd,0x27A21,0x7A21,fd,,"mov  r5,a",24,0,0x3A1C (back 3),framed by every anchor in range; no PSW write within 64 bytes; bank not found by this scan
register,pd,0x27A30,0x7A30,7d 01,,"mov  r5,#0x01",24,0,0x3A1C (back 18),framed by every anchor in range; no PSW write within 64 bytes; bank not found by this scan
register,pd,0x27A34,0x7A34,7d 00,,"mov  r5,#0x00",22,2,0x7880 (back 3),some anchors miss it; see frame_onto/frame_over; no PSW write within 64 bytes; bank not found by this scan
register,pd,0x27A5C,0x7A5C,0d,,inc  r5,0,24,0x36A1 (back 7),unsyncable: no anchor in range lands on it; may be data or preceded by a dispatch table; no PSW write within 64 bytes; bank not found by this scan
register,pd,0x27A75,0x7A75,1d,,dec  r5,0,24,0x104D (back 8),unsyncable: no anchor in range lands on it; may be data or preceded by a dispatch table; no PSW write within 64 bytes; bank not found by this scan
register,pd,0x27AAD,0x7AAD,7e 12,,"mov  r6,#0x12",0,24,0x7890 (back 17),unsyncable: no anchor in range lands on it; may be data or preceded by a dispatch table; no PSW write within 64 bytes; bank not found by this scan
register,pd,0x27B08,0x7B08,fd,,"mov  r5,a",24,0,0x7890 (back 11),framed by every anchor in range; no PSW write within 64 bytes; bank not found by this scan
register,pd,0x27B35,0x7B35,fd,,"mov  r5,a",24,0,0x7A90 (back 13),framed by every anchor in range; no PSW write within 64 bytes; bank not found by this scan
register,pd,0x27B36,0x7B36,fe,,"mov  r6,a",24,0,0x7A90 (back 14),framed by every anchor in range; no PSW write within 64 bytes; bank not found by this scan
register,pd,0x27B6C,0x7B6C,7d 01,,"mov  r5,#0x01",24,0,0x7819 (back 37),framed by every anchor in range; no PSW write within 64 bytes; bank not found by this scan
register,pd,0x27B70,0x7B70,7d 00,,"mov  r5,#0x00",22,2,0x7880 (back 3),some anchors miss it; see frame_onto/frame_over; no PSW write within 64 bytes; bank not found by this scan
register,pd,0x27BAD,0x7BAD,7d 02,,"mov  r5,#0x02",24,0,0x787A (back 14),framed by every anchor in range; no PSW write within 64 bytes; bank not found by this scan
register,pd,0x27BB6,0x7BB6,7d 08,,"mov  r5,#0x08",24,0,0x12F4 (back 8),framed by every anchor in range; no PSW write within 64 bytes; bank not found by this scan
register,pd,0x27BD1,0x7BD1,fe,,"mov  r6,a",24,0,0x12F4 (back 35),framed by every anchor in range; no PSW write within 64 bytes; bank not found by this scan
register,pd,0x27BD4,0x7BD4,0d,,inc  r5,0,24,0x12F4 (back 38),unsyncable: no anchor in range lands on it; may be data or preceded by a dispatch table; no PSW write within 64 bytes; bank not found by this scan
register,pd,0x27BE2,0x7BE2,fe,,"mov  r6,a",24,0,0x12F4 (back 52),framed by every anchor in range; no PSW write within 64 bytes; bank not found by this scan
register,pd,0x27BE6,0x7BE6,fd,,"mov  r5,a",24,0,0x12F4 (back 56),framed by every anchor in range; no PSW write within 64 bytes; bank not found by this scan
register,pd,0x27BE9,0x7BE9,fd,,"mov  r5,a",0,24,0x12F4 (back 59),unsyncable: no anchor in range lands on it; may be data or preceded by a dispatch table; no PSW write within 64 bytes; bank not found by this scan
register,pd,0x27BFB,0x7BFB,1d,,dec  r5,0,24,0x7B00 (back 5),unsyncable: no anchor in range lands on it; may be data or preceded by a dispatch table; no PSW write within 64 bytes; bank not found by this scan
register,pd,0x27C12,0x7C12,7d 50,,"mov  r5,#0x50",24,0,0x781D (back 24),framed by every anchor in range; no PSW write within 64 bytes; bank not found by this scan
register,pd,0x27C3B,0x7C3B,fd,,"mov  r5,a",23,1,0x7870 (back 14),some anchors miss it; see frame_onto/frame_over; no PSW write within 64 bytes; bank not found by this scan
register,pd,0x27C3E,0x7C3E,fd,,"mov  r5,a",0,24,0x7870 (back 17),unsyncable: no anchor in range lands on it; may be data or preceded by a dispatch table; no PSW write within 64 bytes; bank not found by this scan
register,pd,0x27C45,0x7C45,0d,,inc  r5,0,24,0x7870 (back 24),unsyncable: no anchor in range lands on it; may be data or preceded by a dispatch table; no PSW write within 64 bytes; bank not found by this scan
register,pd,0x27C46,0x7C46,0d,,inc  r5,1,23,0x7870 (back 25),some anchors miss it; see frame_onto/frame_over; no PSW write within 64 bytes; bank not found by this scan
register,pd,0x27C60,0x7C60,7d 02,,"mov  r5,#0x02",24,0,0x0D0D (back 28),framed by every anchor in range; no PSW write within 64 bytes; bank not found by this scan
register,pd,0x27C7D,0x7C7D,fe,,"mov  r6,a",24,0,0x7812 (back 8),framed by every anchor in range; no PSW write within 64 bytes; bank not found by this scan
register,pd,0x27C8C,0x7C8C,fe,,"mov  r6,a",24,0,0x78F0 (back 7),framed by every anchor in range; no PSW write within 64 bytes; bank not found by this scan
register,pd,0x27CA2,0x7CA2,7d 06,,"mov  r5,#0x06",24,0,0x7870 (back 3),framed by every anchor in range; no PSW write within 64 bytes; bank not found by this scan
register,pd,0x27CBE,0x7CBE,0d,,inc  r5,0,24,0x7870 (back 31),unsyncable: no anchor in range lands on it; may be data or preceded by a dispatch table; no PSW write within 64 bytes; bank not found by this scan
register,pd,0x27CC0,0x7CC0,fe,,"mov  r6,a",24,0,0x7870 (back 33),framed by every anchor in range; no PSW write within 64 bytes; bank not found by this scan
register,pd,0x27D09,0x7D09,fd,,"mov  r5,a",24,0,0x7A90 (back 5),framed by every anchor in range; no PSW write within 64 bytes; bank not found by this scan
register,pd,0x27D1C,0x7D1C,7e 2e,,"mov  r6,#0x2e",0,24,0x7A90 (back 24),unsyncable: no anchor in range lands on it; may be data or preceded by a dispatch table; no PSW write within 64 bytes; bank not found by this scan
register,pd,0x27D1F,0x7D1F,7e 90,,"mov  r6,#0x90",0,24,0x7A90 (back 27),unsyncable: no anchor in range lands on it; may be data or preceded by a dispatch table; no PSW write within 64 bytes; bank not found by this scan
register,pd,0x27D2E,0x7D2E,7d ed,,"mov  r5,#0xed",0,24,0x7860 (back 4),unsyncable: no anchor in range lands on it; may be data or preceded by a dispatch table; no PSW write within 64 bytes; bank not found by this scan
register,pd,0x27D70,0x7D70,7d d1,,"mov  r5,#0xd1",2,22,0x366E (back 7),some anchors miss it; see frame_onto/frame_over; no PSW write within 64 bytes; bank not found by this scan
register,pd,0x27D92,0x7D92,7e 90,,"mov  r6,#0x90",0,24,0x7850 (back 4),unsyncable: no anchor in range lands on it; may be data or preceded by a dispatch table; no PSW write within 64 bytes; bank not found by this scan
register,pd,0x27DA2,0x7DA2,1d,,dec  r5,2,22,0x0FAF (back 4),some anchors miss it; see frame_onto/frame_over; no PSW write within 64 bytes; bank not found by this scan
register,pd,0x27DAE,0x7DAE,7e 90,,"mov  r6,#0x90",0,24,0x34CF (back 6),unsyncable: no anchor in range lands on it; may be data or preceded by a dispatch table; no PSW write within 64 bytes; bank not found by this scan
register,pd,0x27DB9,0x7DB9,fd,,"mov  r5,a",24,0,0x37ED (back 3),framed by every anchor in range; no PSW write within 64 bytes; bank not found by this scan
register,pd,0x27DC0,0x7DC0,0e,,inc  r6,1,23,0x37ED (back 10),some anchors miss it; see frame_onto/frame_over; no PSW write within 64 bytes; bank not found by this scan
register,pd,0x27DCF,0x7DCF,7e 90,,"mov  r6,#0x90",0,24,0x7860 (back 4),unsyncable: no anchor in range lands on it; may be data or preceded by a dispatch table; no PSW write within 64 bytes; bank not found by this scan
register,pd,0x27E0E,0x7E0E,7e 90,,"mov  r6,#0x90",0,24,0x7850 (back 4),unsyncable: no anchor in range lands on it; may be data or preceded by a dispatch table; no PSW write within 64 bytes; bank not found by this scan
register,pd,0x27E28,0x7E28,7e 91,,"mov  r6,#0x91",0,24,0x7870 (back 4),unsyncable: no anchor in range lands on it; may be data or preceded by a dispatch table; no PSW write within 64 bytes; bank not found by this scan
register,pd,0x27E2C,0x7E2C,7e 8c,,"mov  r6,#0x8c",0,24,0x7CE4 (back 3),unsyncable: no anchor in range lands on it; may be data or preceded by a dispatch table; no PSW write within 64 bytes; bank not found by this scan
register,pd,0x27E61,0x7E61,1e,,dec  r6,0,24,0x34C9 (back 4),unsyncable: no anchor in range lands on it; may be data or preceded by a dispatch table; no PSW write within 64 bytes; bank not found by this scan
register,pd,0x27E76,0x7E76,0e,,inc  r6,1,23,0x36E6 (back 8),some anchors miss it; see frame_onto/frame_over; no PSW write within 64 bytes; bank not found by this scan
register,pd,0x27E86,0x7E86,7e 91,,"mov  r6,#0x91",0,24,0x0F0E (back 18),unsyncable: no anchor in range lands on it; may be data or preceded by a dispatch table; no PSW write within 64 bytes; bank not found by this scan
register,pd,0x27E8C,0x7E8C,fd,,"mov  r5,a",24,0,0x7C90 (back 5),framed by every anchor in range; no PSW write within 64 bytes; bank not found by this scan
register,pd,0x27EC5,0x7EC5,7d 00,,"mov  r5,#0x00",24,0,0x7C90 (back 62),framed by every anchor in range; no PSW write within 64 bytes; bank not found by this scan
register,pd,0x27EE0,0x7EE0,fe,,"mov  r6,a",24,0,0x7C90 (back 89),framed by every anchor in range; no PSW write within 64 bytes; bank not found by this scan
register,pd,0x27F10,0x7F10,fd,,"mov  r5,a",24,0,0x70BA (back 33),framed by every anchor in range; no PSW write within 64 bytes; bank not found by this scan
register,pd,0x27F29,0x7F29,fe,,"mov  r6,a",24,0,0x7F00 (back 12),framed by every anchor in range; no PSW write within 64 bytes; bank not found by this scan
register,pd,0x27F32,0x7F32,fd,,"mov  r5,a",24,0,0x7F00 (back 21),framed by every anchor in range; no PSW write within 64 bytes; bank not found by this scan
register,pd,0x27F56,0x7F56,fd,,"mov  r5,a",24,0,0x7990 (back 8),framed by every anchor in range; no PSW write within 64 bytes; bank not found by this scan
register,pd,0x27F8D,0x7F8D,fe,,"mov  r6,a",18,6,0x7A90 (back 5),some anchors miss it; see frame_onto/frame_over; no PSW write within 64 bytes; bank not found by this scan
register,pd,0x27F99,0x7F99,fd,,"mov  r5,a",24,0,0x7A90 (back 17),framed by every anchor in range; no PSW write within 64 bytes; bank not found by this scan
register,pd,0x27F9C,0x7F9C,7d 04,,"mov  r5,#0x04",23,1,0x7A90 (back 20),some anchors miss it; see frame_onto/frame_over; no PSW write within 64 bytes; bank not found by this scan
register,pd,0x28017,0x8017,1d,,dec  r5,0,24,0x7014 (back 9),unsyncable: no anchor in range lands on it; may be data or preceded by a dispatch table; no PSW write within 64 bytes; bank not found by this scan
register,pd,0x28021,0x8021,1d,,dec  r5,1,23,0x7079 (back 4),some anchors miss it; see frame_onto/frame_over; no PSW write within 64 bytes; bank not found by this scan
register,pd,0x2804F,0x804F,7d 02,,"mov  r5,#0x02",24,0,0x1041 (back 13),framed by every anchor in range; no PSW write within 64 bytes; bank not found by this scan
register,pd,0x28074,0x8074,fe,,"mov  r6,a",24,0,0x12F4 (back 36),framed by every anchor in range; no PSW write within 64 bytes; bank not found by this scan
register,pd,0x2807C,0x807C,fe,,"mov  r6,a",1,23,0x12F4 (back 44),some anchors miss it; see frame_onto/frame_over; no PSW write within 64 bytes; bank not found by this scan
register,pd,0x28085,0x8085,7d 00,,"mov  r5,#0x00",22,2,0x807B (back 3),some anchors miss it; see frame_onto/frame_over; no PSW write within 64 bytes; bank not found by this scan
register,pd,0x2808A,0x808A,ae 07,,"mov  r6,0x07",23,1,0x807B (back 8),some anchors miss it; see frame_onto/frame_over; no PSW write within 64 bytes; bank not found by this scan
register,pd,0x28095,0x8095,fd,,"mov  r5,a",24,0,0x807B (back 19),framed by every anchor in range; no PSW write within 64 bytes; bank not found by this scan
register,pd,0x280AA,0x80AA,1d,,dec  r5,0,24,0x7C00 (back 10),unsyncable: no anchor in range lands on it; may be data or preceded by a dispatch table; no PSW write within 64 bytes; bank not found by this scan
register,pd,0x280BE,0x80BE,fe,,"mov  r6,a",1,23,0x800A (back 17),some anchors miss it; see frame_onto/frame_over; no PSW write within 64 bytes; bank not found by this scan
register,pd,0x280C3,0x80C3,7d 02,,"mov  r5,#0x02",24,0,0x800A (back 22),framed by every anchor in range; no PSW write within 64 bytes; bank not found by this scan
register,pd,0x280F0,0x80F0,fe,,"mov  r6,a",24,0,0x1282 (back 44),framed by every anchor in range; no PSW write within 64 bytes; bank not found by this scan
register,pd,0x280FA,0x80FA,7d 40,,"mov  r5,#0x40",24,0,0x1282 (back 54),framed by every anchor in range; no PSW write within 64 bytes; bank not found by this scan
register,pd,0x28114,0x8114,7d 01,,"mov  r5,#0x01",23,1,0x0FAF (back 14),some anchors miss it; see frame_onto/frame_over; no PSW write within 64 bytes; bank not found by this scan
register,pd,0x2812E,0x812E,fd,,"mov  r5,a",24,0,0x104D (back 10),framed by every anchor in range; no PSW write within 64 bytes; bank not found by this scan
register,pd,0x2813E,0x813E,7d 01,,"mov  r5,#0x01",24,0,0x104D (back 26),framed by every anchor in range; no PSW write within 64 bytes; bank not found by this scan
register,pd,0x28142,0x8142,7d 00,,"mov  r5,#0x00",22,2,0x8080 (back 3),some anchors miss it; see frame_onto/frame_over; no PSW write within 64 bytes; bank not found by this scan
register,pd,0x2815E,0x815E,0e,,inc  r6,1,23,0x7D00 (back 29),some anchors miss it; see frame_onto/frame_over; no PSW write within 64 bytes; bank not found by this scan
register,pd,0x2816E,0x816E,fd,,"mov  r5,a",24,0,0x104D (back 10),framed by every anchor in range; no PSW write within 64 bytes; bank not found by this scan
register,pd,0x2817A,0x817A,fd,,"mov  r5,a",24,0,0x104D (back 22),framed by every anchor in range; no PSW write within 64 bytes; bank not found by this scan
register,pd,0x281EC,0x81EC,fe,,"mov  r6,a",24,0,0x12D7 (back 54),framed by every anchor in range; no PSW write within 64 bytes; bank not found by this scan
register,pd,0x281FB,0x81FB,fe,,"mov  r6,a",24,0,0x12D7 (back 69),framed by every anchor in range; no PSW write within 64 bytes; bank not found by this scan
register,pd,0x28205,0x8205,7d 01,,"mov  r5,#0x01",24,0,0x12D7 (back 79),framed by every anchor in range; no PSW write within 64 bytes; bank not found by this scan
register,pd,0x28223,0x8223,ae 03,,"mov  r6,0x03",24,0,0x8090 (back 29),framed by every anchor in range; no PSW write within 64 bytes; bank not found by this scan
register,pd,0x2822F,0x822F,fd,,"mov  r5,a",24,0,0x80F0 (back 6),framed by every anchor in range; no PSW write within 64 bytes; bank not found by this scan
register,pd,0x28266,0x8266,7e a1,,"mov  r6,#0xa1",0,24,0x10E8 (back 14),unsyncable: no anchor in range lands on it; may be data or preceded by a dispatch table; no PSW write within 64 bytes; bank not found by this scan
register,pd,0x28283,0x8283,fe,,"mov  r6,a",24,0,0x8060 (back 21),framed by every anchor in range; no PSW write within 64 bytes; bank not found by this scan
register,pd,0x282F4,0x82F4,fe,,"mov  r6,a",23,1,0x104D (back 20),some anchors miss it; see frame_onto/frame_over; no PSW write within 64 bytes; bank not found by this scan
register,pd,0x282F6,0x82F6,fd,,"mov  r5,a",24,0,0x80FE (back 3),framed by every anchor in range; no PSW write within 64 bytes; bank not found by this scan
register,pd,0x2831F,0x831F,0d,,inc  r5,0,24,0x8012 (back 5),unsyncable: no anchor in range lands on it; may be data or preceded by a dispatch table; no PSW write within 64 bytes; bank not found by this scan
register,pd,0x2832E,0x832E,fd,,"mov  r5,a",24,0,0x8012 (back 5),framed by every anchor in range; no PSW write within 64 bytes; bank not found by this scan
register,pd,0x28366,0x8366,fd,,"mov  r5,a",24,0,0x8090 (back 5),framed by every anchor in range; no PSW write within 64 bytes; bank not found by this scan
register,pd,0x28376,0x8376,fe,,"mov  r6,a",24,0,0x82E0 (back 2),framed by every anchor in range; no PSW write within 64 bytes; bank not found by this scan
register,pd,0x28382,0x8382,fd,,"mov  r5,a",24,0,0x8112 (back 8),framed by every anchor in range; no PSW write within 64 bytes; bank not found by this scan
register,pd,0x283A6,0x83A6,fe,,"mov  r6,a",24,0,0x8112 (back 44),framed by every anchor in range; no PSW write within 64 bytes; bank not found by this scan
register,pd,0x283B3,0x83B3,fd,,"mov  r5,a",22,2,0x8112 (back 57),some anchors miss it; see frame_onto/frame_over; no PSW write within 64 bytes; bank not found by this scan
register,pd,0x283CE,0x83CE,ae 12,,"mov  r6,0x12",3,21,0x8022 (back 10),some anchors miss it; see frame_onto/frame_over; no PSW write within 64 bytes; bank not found by this scan
register,pd,0x283E8,0x83E8,fd,,"mov  r5,a",24,0,0x04FF (back 13),framed by every anchor in range; no PSW write within 64 bytes; bank not found by this scan
register,pd,0x2841F,0x841F,7d 0c,,"mov  r5,#0x0c",24,0,0x104D (back 15),framed by every anchor in range; no PSW write within 64 bytes; bank not found by this scan
register,pd,0x2846E,0x846E,1e,,dec  r6,5,19,0x104D (back 6),some anchors miss it; see frame_onto/frame_over; no PSW write within 64 bytes; bank not found by this scan
register,pd,0x28480,0x8480,7e 12,,"mov  r6,#0x12",0,24,0x104D (back 24),unsyncable: no anchor in range lands on it; may be data or preceded by a dispatch table; no PSW write within 64 bytes; bank not found by this scan
register,pd,0x284A3,0x84A3,7d 01,,"mov  r5,#0x01",24,0,0x104D (back 18),framed by every anchor in range; no PSW write within 64 bytes; bank not found by this scan
register,pd,0x284A7,0x84A7,7d 00,,"mov  r5,#0x00",22,2,0x8080 (back 3),some anchors miss it; see frame_onto/frame_over; no PSW write within 64 bytes; bank not found by this scan
register,pd,0x284D2,0x84D2,fd,,"mov  r5,a",24,0,0x8090 (back 11),framed by every anchor in range; no PSW write within 64 bytes; bank not found by this scan
register,pd,0x28554,0x8554,1e,,dec  r6,5,19,0x104D (back 6),some anchors miss it; see frame_onto/frame_over; no PSW write within 64 bytes; bank not found by this scan
register,pd,0x2855F,0x855F,fd,,"mov  r5,a",24,0,0x104D (back 17),framed by every anchor in range; no PSW write within 64 bytes; bank not found by this scan
register,pd,0x28569,0x8569,7d 01,,"mov  r5,#0x01",24,0,0x104D (back 27),framed by every anchor in range; no PSW write within 64 bytes; bank not found by this scan
register,pd,0x285C6,0x85C6,fe,,"mov  r6,a",24,0,0x0FAF (back 6),framed by every anchor in range; no PSW write within 64 bytes; bank not found by this scan
register,pd,0x285C8,0x85C8,fd,,"mov  r5,a",24,0,0x0FAF (back 8),framed by every anchor in range; no PSW write within 64 bytes; bank not found by this scan
register,pd,0x285E9,0x85E9,fd,,"mov  r5,a",24,0,0x807A (back 4),framed by every anchor in range; no PSW write within 64 bytes; bank not found by this scan
register,pd,0x28600,0x8600,fe,,"mov  r6,a",24,0,0x0FAF (back 6),framed by every anchor in range; no PSW write within 64 bytes; bank not found by this scan
register,pd,0x28625,0x8625,0e,,inc  r6,1,23,0x349B (back 5),some anchors miss it; see frame_onto/frame_over; no PSW write within 64 bytes; bank not found by this scan
register,pd,0x28636,0x8636,fe,,"mov  r6,a",24,0,0x349B (back 4),framed by every anchor in range; no PSW write within 64 bytes; bank not found by this scan
register,pd,0x28658,0x8658,ad 07,,"mov  r5,0x07",24,0,0x8019 (back 10),framed by every anchor in range; no PSW write within 64 bytes; bank not found by this scan
register,pd,0x28691,0x8691,fd,,"mov  r5,a",24,0,0x39AC (back 4),framed by every anchor in range; no PSW write within 64 bytes; bank not found by this scan
register,pd,0x286B2,0x86B2,ce,,"xch  a,r6",0,24,0x0FAF (back 6),unsyncable: no anchor in range lands on it; may be data or preceded by a dispatch table; no PSW write within 64 bytes; bank not found by this scan
register,pd,0x2874B,0x874B,0d,,inc  r5,0,24,0x10C8 (back 21),unsyncable: no anchor in range lands on it; may be data or preceded by a dispatch table; no PSW write within 64 bytes; bank not found by this scan
register,pd,0x2874E,0x874E,ae f0,,"mov  r6,0xf0",24,0,0x0D38 (back 4),framed by every anchor in range; no PSW write within 64 bytes; bank not found by this scan
register,pd,0x28779,0x8779,1e,,dec  r6,0,24,0x0BC4 (back 4),unsyncable: no anchor in range lands on it; may be data or preceded by a dispatch table; no PSW write within 64 bytes; bank not found by this scan
register,pd,0x2877D,0x877D,fd,,"mov  r5,a",24,0,0x0BC4 (back 8),framed by every anchor in range; no PSW write within 64 bytes; bank not found by this scan
register,pd,0x2877E,0x877E,fe,,"mov  r6,a",24,0,0x0BC4 (back 9),framed by every anchor in range; no PSW write within 64 bytes; bank not found by this scan
register,pd,0x287A2,0x87A2,7d 32,,"mov  r5,#0x32",22,2,0x0FAF (back 3),some anchors miss it; see frame_onto/frame_over; no PSW write within 64 bytes; bank not found by this scan
register,pd,0x287A9,0x87A9,fd,,"mov  r5,a",24,0,0x0C8C (back 5),framed by every anchor in range; no PSW write within 64 bytes; bank not found by this scan
register,pd,0x287CF,0x87CF,fe,,"mov  r6,a",24,0,0x82F0 (back 27),framed by every anchor in range; no PSW write within 64 bytes; bank not found by this scan
register,pd,0x287D0,0x87D0,fd,,"mov  r5,a",24,0,0x82F0 (back 28),framed by every anchor in range; no PSW write within 64 bytes; bank not found by this scan
register,pd,0x287D9,0x87D9,0e,,inc  r6,1,23,0x82F0 (back 37),some anchors miss it; see frame_onto/frame_over; no PSW write within 64 bytes; bank not found by this scan
register,pd,0x287EA,0x87EA,dd 78,,"djnz r5,0x8864",5,19,0x10BC (back 5),some anchors miss it; see frame_onto/frame_over; no PSW write within 64 bytes; bank not found by this scan
register,pd,0x287F1,0x87F1,fd,,"mov  r5,a",24,0,0x10BC (back 12),framed by every anchor in range; no PSW write within 64 bytes; bank not found by this scan
register,pd,0x287F2,0x87F2,fe,,"mov  r6,a",24,0,0x10BC (back 13),framed by every anchor in range; no PSW write within 64 bytes; bank not found by this scan
register,pd,0x287FC,0x87FC,ae f0,,"mov  r6,0xf0",24,0,0x0F32 (back 9),framed by every anchor in range; no PSW write within 64 bytes; bank not found by this scan
register,pd,0x28838,0x8838,fe,,"mov  r6,a",24,0,0x0BC4 (back 10),framed by every anchor in range; no PSW write within 64 bytes; bank not found by this scan
register,pd,0x2884C,0x884C,0d,,inc  r5,0,24,0x10C8 (back 13),unsyncable: no anchor in range lands on it; may be data or preceded by a dispatch table; no PSW write within 64 bytes; bank not found by this scan
register,pd,0x2884F,0x884F,fd,,"mov  r5,a",24,0,0x0D38 (back 4),framed by every anchor in range; no PSW write within 64 bytes; bank not found by this scan
register,pd,0x2885F,0x885F,fd,,"mov  r5,a",24,0,0x10BC (back 9),framed by every anchor in range; no PSW write within 64 bytes; bank not found by this scan
register,pd,0x28860,0x8860,fe,,"mov  r6,a",24,0,0x10BC (back 10),framed by every anchor in range; no PSW write within 64 bytes; bank not found by this scan
register,pd,0x2889B,0x889B,7e 00,,"mov  r6,#0x00",23,1,0x10E8 (back 3),some anchors miss it; see frame_onto/frame_over; no PSW write within 64 bytes; bank not found by this scan
register,pd,0x2889F,0x889F,7d 60,,"mov  r5,#0x60",23,1,0x10E8 (back 7),some anchors miss it; see frame_onto/frame_over; no PSW write within 64 bytes; bank not found by this scan
register,pd,0x288A4,0x88A4,7e 00,,"mov  r6,#0x00",21,3,0x0C7A (back 3),some anchors miss it; see frame_onto/frame_over; no PSW write within 64 bytes; bank not found by this scan
register,pd,0x288A6,0x88A6,7d 00,,"mov  r5,#0x00",24,0,0x0C7A (back 5),framed by every anchor in range; no PSW write within 64 bytes; bank not found by this scan
register,pd,0x288ED,0x88ED,fe,,"mov  r6,a",0,24,0x104D (back 27),unsyncable: no anchor in range lands on it; may be data or preceded by a dispatch table; no PSW write within 64 bytes; bank not found by this scan
register,pd,0x28913,0x8913,fd,,"mov  r5,a",21,3,0x6FD5 (back 3),some anchors miss it; see frame_onto/frame_over; no PSW write within 64 bytes; bank not found by this scan
register,pd,0x2891B,0x891B,cd,,"xch  a,r5",2,22,0x06B1 (back 4),some anchors miss it; see frame_onto/frame_over; no PSW write within 64 bytes; bank not found by this scan
register,pd,0x28925,0x8925,fd,,"mov  r5,a",24,0,0x6FD4 (back 3),framed by every anchor in range; no PSW write within 64 bytes; bank not found by this scan
register,pd,0x28955,0x8955,fe,,"mov  r6,a",24,0,0x70F8 (back 4),framed by every anchor in range; no PSW write within 64 bytes; bank not found by this scan
register,pd,0x28992,0x8992,fd,,"mov  r5,a",24,0,0x718D (back 12),framed by every anchor in range; no PSW write within 64 bytes; bank not found by this scan
register,pd,0x289AD,0x89AD,fe,,"mov  r6,a",23,1,0x0FAF (back 8),some anchors miss it; see frame_onto/frame_over; no PSW write within 64 bytes; bank not found by this scan
register,pd,0x289AF,0x89AF,fd,,"mov  r5,a",24,0,0x0FAF (back 10),framed by every anchor in range; no PSW write within 64 bytes; bank not found by this scan
register,pd,0x289B8,0x89B8,0e,,inc  r6,1,23,0x0FAF (back 19),some anchors miss it; see frame_onto/frame_over; no PSW write within 64 bytes; bank not found by this scan
register,pd,0x289E8,0x89E8,0d,,inc  r5,3,21,0x10C8 (back 7),some anchors miss it; see frame_onto/frame_over; no PSW write within 64 bytes; bank not found by this scan
register,pd,0x289EB,0x89EB,ae f0,,"mov  r6,0xf0",24,0,0x0D38 (back 4),framed by every anchor in range; no PSW write within 64 bytes; bank not found by this scan
register,pd,0x28A18,0x8A18,fd,,"mov  r5,a",24,0,0x88F0 (back 31),framed by every anchor in range; no PSW write within 64 bytes; bank not found by this scan
register,pd,0x28A1E,0x8A1E,ad 07,,"mov  r5,0x07",24,0,0x88F0 (back 37),framed by every anchor in range; no PSW write within 64 bytes; bank not found by this scan
register,pd,0x28A2D,0x8A2D,ad 70,,"mov  r5,0x70",1,23,0x88F0 (back 52),some anchors miss it; see frame_onto/frame_over; no PSW write within 64 bytes; bank not found by this scan
register,pd,0x28A45,0x8A45,7d 06,,"mov  r5,#0x06",24,0,0x104D (back 15),framed by every anchor in range; no PSW write within 64 bytes; bank not found by this scan
register,pd,0x28A5B,0x8A5B,fe,,"mov  r6,a",24,0,0x805E (back 7),framed by every anchor in range; no PSW write within 64 bytes; bank not found by this scan
register,pd,0x28A72,0x8A72,fe,,"mov  r6,a",0,24,0x805E (back 30),unsyncable: no anchor in range lands on it; may be data or preceded by a dispatch table; no PSW write within 64 bytes; bank not found by this scan
register,pd,0x28AA3,0x8AA3,fd,,"mov  r5,a",23,1,0x8A12 (back 18),some anchors miss it; see frame_onto/frame_over; no PSW write within 64 bytes; bank not found by this scan
register,pd,0x28AA9,0x8AA9,cd,,"xch  a,r5",1,23,0x8812 (back 2),some anchors miss it; see frame_onto/frame_over; no PSW write within 64 bytes; bank not found by this scan
register,pd,0x28AB0,0x8AB0,7d 05,,"mov  r5,#0x05",19,5,0x8870 (back 3),some anchors miss it; see frame_onto/frame_over; no PSW write within 64 bytes; bank not found by this scan
register,pd,0x28AC3,0x8AC3,fe,,"mov  r6,a",24,0,0x8870 (back 22),framed by every anchor in range; no PSW write within 64 bytes; bank not found by this scan
register,pd,0x28AC6,0x8AC6,0e,,inc  r6,0,24,0x8870 (back 25),unsyncable: no anchor in range lands on it; may be data or preceded by a dispatch table; no PSW write within 64 bytes; bank not found by this scan
register,pd,0x28AD0,0x8AD0,7d 01,,"mov  r5,#0x01",24,0,0x8870 (back 35),framed by every anchor in range; no PSW write within 64 bytes; bank not found by this scan
register,pd,0x28ADA,0x8ADA,fd,,"mov  r5,a",0,24,0x8812 (back 9),unsyncable: no anchor in range lands on it; may be data or preceded by a dispatch table; no PSW write within 64 bytes; bank not found by this scan
register,pd,0x28B1B,0x8B1B,7d 01,,"mov  r5,#0x01",24,0,0x8AAF (back 12),framed by every anchor in range; no PSW write within 64 bytes; bank not found by this scan
register,pd,0x28B1F,0x8B1F,7d 00,,"mov  r5,#0x00",22,2,0x8880 (back 3),some anchors miss it; see frame_onto/frame_over; no PSW write within 64 bytes; bank not found by this scan
register,pd,0x28B26,0x8B26,7d 00,,"mov  r5,#0x00",24,0,0x7D00 (back 8),framed by every anchor in range; no PSW write within 64 bytes; bank not found by this scan
register,pd,0x28B41,0x8B41,fd,,"mov  r5,a",23,1,0x7D00 (back 35),some anchors miss it; see frame_onto/frame_over; no PSW write within 64 bytes; bank not found by this scan
register,pd,0x28B53,0x8B53,0d,,inc  r5,1,23,0x8870 (back 10),some anchors miss it; see frame_onto/frame_over; no PSW write within 64 bytes; bank not found by this scan
register,pd,0x28B9F,0x8B9F,0d,,inc  r5,1,23,0x88F0 (back 68),some anchors miss it; see frame_onto/frame_over; no PSW write within 64 bytes; bank not found by this scan
register,pd,0x28BB6,0x8BB6,fd,,"mov  r5,a",23,1,0x8A90 (back 10),some anchors miss it; see frame_onto/frame_over; no PSW write within 64 bytes; bank not found by this scan
register,pd,0x28BE9,0x8BE9,fe,,"mov  r6,a",24,0,0x10E8 (back 27),framed by every anchor in range; no PSW write within 64 bytes; bank not found by this scan
register,pd,0x28BEC,0x8BEC,fd,,"mov  r5,a",24,0,0x10E8 (back 30),framed by every anchor in range; no PSW write within 64 bytes; bank not found by this scan
register,pd,0x28C01,0x8C01,1d,,dec  r5,1,23,0x10E8 (back 51),some anchors miss it; see frame_onto/frame_over; no PSW write within 64 bytes; bank not found by this scan
register,pd,0x28C04,0x8C04,fe,,"mov  r6,a",24,0,0x581D (back 5),framed by every anchor in range; no PSW write within 64 bytes; bank not found by this scan
register,pd,0x28C10,0x8C10,1d,,dec  r5,1,23,0x8822 (back 4),some anchors miss it; see frame_onto/frame_over; no PSW write within 64 bytes; bank not found by this scan
register,pd,0x28C1D,0x8C1D,1d,,dec  r5,1,23,0x58EF (back 7),some anchors miss it; see frame_onto/frame_over; no PSW write within 64 bytes; bank not found by this scan
register,pd,0x28C29,0x8C29,1d,,dec  r5,1,23,0x8822 (back 4),some anchors miss it; see frame_onto/frame_over; no PSW write within 64 bytes; bank not found by this scan
register,pd,0x28C88,0x8C88,fe,,"mov  r6,a",20,4,0x5765 (back 3),some anchors miss it; see frame_onto/frame_over; no PSW write within 64 bytes; bank not found by this scan
register,pd,0x28C8D,0x8C8D,fd,,"mov  r5,a",24,0,0x5765 (back 8),framed by every anchor in range; no PSW write within 64 bytes; bank not found by this scan
register,pd,0x28CC3,0x8CC3,fe,,"mov  r6,a",24,0,0x57F9 (back 42),framed by every anchor in range; no PSW write within 64 bytes; bank not found by this scan
register,pd,0x28CEF,0x8CEF,de 46,,"djnz r6,0x8d37",0,24,0x58F8 (back 4),unsyncable: no anchor in range lands on it; may be data or preceded by a dispatch table; no PSW write within 64 bytes; bank not found by this scan
register,pd,0x28CF8,0x8CF8,fe,,"mov  r6,a",24,0,0x58F8 (back 13),framed by every anchor in range; no PSW write within 64 bytes; bank not found by this scan
register,pd,0x28D00,0x8D00,fd,,"mov  r5,a",24,0,0x58F8 (back 21),framed by every anchor in range; no PSW write within 64 bytes; bank not found by this scan
register,pd,0x28D4E,0x8D4E,fe,,"mov  r6,a",24,0,0x349B (back 4),framed by every anchor in range; no PSW write within 64 bytes; bank not found by this scan
register,pd,0x28D6C,0x8D6C,7d 02,,"mov  r5,#0x02",24,0,0x3627 (back 6),framed by every anchor in range; no PSW write within 64 bytes; bank not found by this scan
register,pd,0x28D97,0x8D97,de 7b,,"djnz r6,0x8e14",1,23,0x3777 (back 12),some anchors miss it; see frame_onto/frame_over; no PSW write within 64 bytes; bank not found by this scan
register,pd,0x28DBA,0x8DBA,fd,,"mov  r5,a",24,0,0x366E (back 23),framed by every anchor in range; no PSW write within 64 bytes; bank not found by this scan
register,pd,0x28DFC,0x8DFC,de c0,,"djnz r6,0x8dbe",1,23,0x89F5 (back 8),some anchors miss it; see frame_onto/frame_over; no PSW write within 64 bytes; bank not found by this scan
register,pd,0x28E47,0x8E47,de c0,,"djnz r6,0x8e09",1,23,0x3777 (back 12),some anchors miss it; see frame_onto/frame_over; no PSW write within 64 bytes; bank not found by this scan
register,pd,0x28E72,0x8E72,fe,,"mov  r6,a",24,0,0x365C (back 4),framed by every anchor in range; no PSW write within 64 bytes; bank not found by this scan
register,pd,0x28EA1,0x8EA1,fd,,"mov  r5,a",24,0,0x104D (back 17),framed by every anchor in range; no PSW write within 64 bytes; bank not found by this scan
register,pd,0x28EA6,0x8EA6,7d 0b,,"mov  r5,#0x0b",22,2,0x104D (back 22),some anchors miss it; see frame_onto/frame_over; no PSW write within 64 bytes; bank not found by this scan
register,pd,0x28ED3,0x8ED3,fd,,"mov  r5,a",23,1,0x129D (back 12),some anchors miss it; see frame_onto/frame_over; no PSW write within 64 bytes; bank not found by this scan
register,pd,0x28F1C,0x8F1C,fe,,"mov  r6,a",24,0,0x10C8 (back 14),framed by every anchor in range; no PSW write within 64 bytes; bank not found by this scan
register,pd,0x28F53,0x8F53,fe,,"mov  r6,a",24,0,0x10E8 (back 44),framed by every anchor in range; no PSW write within 64 bytes; bank not found by this scan
register,pd,0x28F92,0x8F92,fd,,"mov  r5,a",24,0,0x0BAB (back 23),framed by every anchor in range; no PSW write within 64 bytes; bank not found by this scan
register,pd,0x28FB2,0x8FB2,fe,,"mov  r6,a",24,0,0x0BAB (back 55),framed by every anchor in range; no PSW write within 64 bytes; bank not found by this scan
register,pd,0x28FC5,0x8FC5,fe,,"mov  r6,a",24,0,0x8860 (back 7),framed by every anchor in range; no PSW write within 64 bytes; bank not found by this scan
register,pd,0x2900B,0x900B,fe,,"mov  r6,a",24,0,0x88F0 (back 15),framed by every anchor in range; no PSW write within 64 bytes; bank not found by this scan
register,pd,0x29024,0x9024,fe,,"mov  r6,a",24,0,0x88F0 (back 40),framed by every anchor in range; no PSW write within 64 bytes; bank not found by this scan
register,pd,0x2902B,0x902B,fd,,"mov  r5,a",0,24,0x88F0 (back 47),unsyncable: no anchor in range lands on it; may be data or preceded by a dispatch table; no PSW write within 64 bytes; bank not found by this scan
register,pd,0x29035,0x9035,fe,,"mov  r6,a",24,0,0x88F0 (back 57),framed by every anchor in range; no PSW write within 64 bytes; bank not found by this scan
register,pd,0x2903C,0x903C,fd,,"mov  r5,a",24,0,0x88F0 (back 64),framed by every anchor in range; no PSW write within 64 bytes; bank not found by this scan
register,pd,0x2903F,0x903F,fd,,"mov  r5,a",0,24,0x88F0 (back 67),unsyncable: no anchor in range lands on it; may be data or preceded by a dispatch table; no PSW write within 64 bytes; bank not found by this scan
register,pd,0x29066,0x9066,fd,,"mov  r5,a",22,2,0x0F65 (back 3),some anchors miss it; see frame_onto/frame_over; no PSW write within 64 bytes; bank not found by this scan
register,pd,0x29069,0x9069,fe,,"mov  r6,a",24,0,0x0F65 (back 6),framed by every anchor in range; no PSW write within 64 bytes; bank not found by this scan
register,pd,0x29070,0x9070,fd,,"mov  r5,a",0,24,0x0F65 (back 13),unsyncable: no anchor in range lands on it; may be data or preceded by a dispatch table; no PSW write within 64 bytes; bank not found by this scan
register,pd,0x2907A,0x907A,fe,,"mov  r6,a",24,0,0x0F65 (back 23),framed by every anchor in range; no PSW write within 64 bytes; bank not found by this scan
register,pd,0x2907E,0x907E,fd,,"mov  r5,a",24,0,0x0F65 (back 27),framed by every anchor in range; no PSW write within 64 bytes; bank not found by this scan
register,pd,0x29081,0x9081,fd,,"mov  r5,a",0,24,0x0F65 (back 30),unsyncable: no anchor in range lands on it; may be data or preceded by a dispatch table; no PSW write within 64 bytes; bank not found by this scan
register,pd,0x29092,0x9092,fe,,"mov  r6,a",24,0,0x0FAF (back 9),framed by every anchor in range; no PSW write within 64 bytes; bank not found by this scan
register,pd,0x29095,0x9095,fd,,"mov  r5,a",24,0,0x0FAF (back 12),framed by every anchor in range; no PSW write within 64 bytes; bank not found by this scan
register,pd,0x290AF,0x90AF,fe,,"mov  r6,a",24,0,0x0FAF (back 8),framed by every anchor in range; no PSW write within 64 bytes; bank not found by this scan
register,pd,0x290EB,0x90EB,fd,,"mov  r5,a",0,24,0x9022 (back 5),unsyncable: no anchor in range lands on it; may be data or preceded by a dispatch table; no PSW write within 64 bytes; bank not found by this scan
register,pd,0x290EC,0x90EC,fe,,"mov  r6,a",24,0,0x9022 (back 6),framed by every anchor in range; no PSW write within 64 bytes; bank not found by this scan
register,pd,0x29100,0x9100,0d,,inc  r5,0,24,0x0C46 (back 4),unsyncable: no anchor in range lands on it; may be data or preceded by a dispatch table; no PSW write within 64 bytes; bank not found by this scan
register,pd,0x29103,0x9103,0e,,inc  r6,0,24,0x0C46 (back 7),unsyncable: no anchor in range lands on it; may be data or preceded by a dispatch table; no PSW write within 64 bytes; bank not found by this scan
register,pd,0x29116,0x9116,fd,,"mov  r5,a",24,0,0x0C46 (back 26),framed by every anchor in range; no PSW write within 64 bytes; bank not found by this scan
register,pd,0x29119,0x9119,fe,,"mov  r6,a",24,0,0x0C46 (back 29),framed by every anchor in range; no PSW write within 64 bytes; bank not found by this scan
register,pd,0x29120,0x9120,fe,,"mov  r6,a",24,0,0x0C46 (back 36),framed by every anchor in range; no PSW write within 64 bytes; bank not found by this scan
register,pd,0x29128,0x9128,0d,,inc  r5,0,24,0x0C46 (back 44),unsyncable: no anchor in range lands on it; may be data or preceded by a dispatch table; no PSW write within 64 bytes; bank not found by this scan
register,pd,0x2915A,0x915A,fe,,"mov  r6,a",24,0,0x0F32 (back 5),framed by every anchor in range; no PSW write within 64 bytes; bank not found by this scan
register,pd,0x29161,0x9161,fe,,"mov  r6,a",24,0,0x0F32 (back 12),framed by every anchor in range; no PSW write within 64 bytes; bank not found by this scan
register,pd,0x2916A,0x916A,fe,,"mov  r6,a",24,0,0x0F32 (back 21),framed by every anchor in range; no PSW write within 64 bytes; bank not found by this scan
register,pd,0x291A2,0x91A2,fe,,"mov  r6,a",24,0,0x10BC (back 31),framed by every anchor in range; no PSW write within 64 bytes; bank not found by this scan
register,pd,0x291A5,0x91A5,fd,,"mov  r5,a",24,0,0x10BC (back 34),framed by every anchor in range; no PSW write within 64 bytes; bank not found by this scan
register,pd,0x291B3,0x91B3,fe,,"mov  r6,a",24,0,0x8D90 (back 6),framed by every anchor in range; no PSW write within 64 bytes; bank not found by this scan
register,pd,0x291CB,0x91CB,7e 00,,"mov  r6,#0x00",24,0,0x8D90 (back 30),framed by every anchor in range; no PSW write within 64 bytes; bank not found by this scan
register,pd,0x291D8,0x91D8,7d 60,,"mov  r5,#0x60",23,1,0x8D90 (back 43),some anchors miss it; see frame_onto/frame_over; no PSW write within 64 bytes; bank not found by this scan
register,pd,0x291E7,0x91E7,7d 01,,"mov  r5,#0x01",24,0,0x90FC (back 2),framed by every anchor in range; no PSW write within 64 bytes; bank not found by this scan
register,pd,0x291FA,0x91FA,fe,,"mov  r6,a",24,0,0x0B85 (back 7),framed by every anchor in range; no PSW write within 64 bytes; bank not found by this scan
register,pd,0x29200,0x9200,fd,,"mov  r5,a",24,0,0x0B85 (back 13),framed by every anchor in range; no PSW write within 64 bytes; bank not found by this scan
register,pd,0x29213,0x9213,fe,,"mov  r6,a",24,0,0x1041 (back 17),framed by every anchor in range; no PSW write within 64 bytes; bank not found by this scan
register,pd,0x2923D,0x923D,0e,,inc  r6,0,24,0x90D0 (back 4),unsyncable: no anchor in range lands on it; may be data or preceded by a dispatch table; no PSW write within 64 bytes; bank not found by this scan
register,pd,0x2925A,0x925A,fe,,"mov  r6,a",0,24,0x4052 (back 13),unsyncable: no anchor in range lands on it; may be data or preceded by a dispatch table; no PSW write within 64 bytes; bank not found by this scan
register,pd,0x29260,0x9260,fe,,"mov  r6,a",24,0,0x4052 (back 19),framed by every anchor in range; no PSW write within 64 bytes; bank not found by this scan
register,pd,0x29297,0x9297,0e,,inc  r6,0,24,0x90D0 (back 4),unsyncable: no anchor in range lands on it; may be data or preceded by a dispatch table; no PSW write within 64 bytes; bank not found by this scan
register,pd,0x292B2,0x92B2,7e 01,,"mov  r6,#0x01",24,0,0x0EF3 (back 28),framed by every anchor in range; no PSW write within 64 bytes; bank not found by this scan
register,pd,0x292B6,0x92B6,7e 00,,"mov  r6,#0x00",22,2,0x9080 (back 3),some anchors miss it; see frame_onto/frame_over; no PSW write within 64 bytes; bank not found by this scan
register,pd,0x292C2,0x92C2,fe,,"mov  r6,a",24,0,0x7E00 (back 13),framed by every anchor in range; no PSW write within 64 bytes; bank not found by this scan
register,pd,0x292CA,0x92CA,fd,,"mov  r5,a",24,0,0x7E00 (back 21),framed by every anchor in range; no PSW write within 64 bytes; bank not found by this scan
register,pd,0x292EE,0x92EE,ae 12,,"mov  r6,0x12",3,21,0x821B (back 9),some anchors miss it; see frame_onto/frame_over; no PSW write within 64 bytes; bank not found by this scan
register,pd,0x2932D,0x932D,0d,,inc  r5,1,23,0x104D (back 11),some anchors miss it; see frame_onto/frame_over; no PSW write within 64 bytes; bank not found by this scan
register,pd,0x29333,0x9333,7d 05,,"mov  r5,#0x05",24,0,0x380D (back 8),framed by every anchor in range; no PSW write within 64 bytes; bank not found by this scan
register,pd,0x29336,0x9336,7e a1,,"mov  r6,#0xa1",1,23,0x380D (back 11),some anchors miss it; see frame_onto/frame_over; no PSW write within 64 bytes; bank not found by this scan
register,pd,0x29340,0x9340,fe,,"mov  r6,a",24,0,0x349B (back 4),framed by every anchor in range; no PSW write within 64 bytes; bank not found by this scan
register,pd,0x2936E,0x936E,fe,,"mov  r6,a",24,0,0x104D (back 11),framed by every anchor in range; no PSW write within 64 bytes; bank not found by this scan
register,pd,0x2938C,0x938C,ad 03,,"mov  r5,0x03",24,0,0x3627 (back 6),framed by every anchor in range; no PSW write within 64 bytes; bank not found by this scan
register,pd,0x2938F,0x938F,0d,,inc  r5,0,24,0x3627 (back 9),unsyncable: no anchor in range lands on it; may be data or preceded by a dispatch table; no PSW write within 64 bytes; bank not found by this scan
register,pd,0x293D1,0x93D1,fd,,"mov  r5,a",24,0,0x9090 (back 5),framed by every anchor in range; no PSW write within 64 bytes; bank not found by this scan
register,pd,0x293E0,0x93E0,7e 12,,"mov  r6,#0x12",0,24,0x39AC (back 11),unsyncable: no anchor in range lands on it; may be data or preceded by a dispatch table; no PSW write within 64 bytes; bank not found by this scan
register,pd,0x29400,0x9400,fe,,"mov  r6,a",24,0,0x349B (back 4),framed by every anchor in range; no PSW write within 64 bytes; bank not found by this scan
register,pd,0x2942D,0x942D,fd,,"mov  r5,a",24,0,0x90E4 (back 2),framed by every anchor in range; no PSW write within 64 bytes; bank not found by this scan
register,pd,0x2942F,0x942F,0d,,inc  r5,0,24,0x90E4 (back 4),unsyncable: no anchor in range lands on it; may be data or preceded by a dispatch table; no PSW write within 64 bytes; bank not found by this scan
register,pd,0x29447,0x9447,7e 00,,"mov  r6,#0x00",19,5,0x39B3 (back 13),some anchors miss it; see frame_onto/frame_over; no PSW write within 64 bytes; bank not found by this scan
register,pd,0x2944B,0x944B,7d 00,,"mov  r5,#0x00",24,0,0x39B3 (back 17),framed by every anchor in range; no PSW write within 64 bytes; bank not found by this scan
register,pd,0x29471,0x9471,fe,,"mov  r6,a",24,0,0x0FAF (back 8),framed by every anchor in range; no PSW write within 64 bytes; bank not found by this scan
register,pd,0x29472,0x9472,fd,,"mov  r5,a",24,0,0x0FAF (back 9),framed by every anchor in range; no PSW write within 64 bytes; bank not found by this scan
register,pd,0x29478,0x9478,0e,,inc  r6,1,23,0x0FAF (back 15),some anchors miss it; see frame_onto/frame_over; no PSW write within 64 bytes; bank not found by this scan
register,pd,0x294B2,0x94B2,7e 01,,"mov  r6,#0x01",24,0,0x7F00 (back 30),framed by every anchor in range; no PSW write within 64 bytes; bank not found by this scan
register,pd,0x294B6,0x94B6,7e 00,,"mov  r6,#0x00",22,2,0x9080 (back 3),some anchors miss it; see frame_onto/frame_over; no PSW write within 64 bytes; bank not found by this scan
register,pd,0x294C0,0x94C0,7e 02,,"mov  r6,#0x02",24,0,0x7E00 (back 11),framed by every anchor in range; no PSW write within 64 bytes; bank not found by this scan
register,pd,0x294C4,0x94C4,7e 01,,"mov  r6,#0x01",23,1,0x8002 (back 3),some anchors miss it; see frame_onto/frame_over; no PSW write within 64 bytes; bank not found by this scan
register,pd,0x29514,0x9514,fe,,"mov  r6,a",24,0,0x9007 (back 24),framed by every anchor in range; no PSW write within 64 bytes; bank not found by this scan
register,pd,0x2959D,0x959D,dd 12,,"djnz r5,0x95b1",1,23,0x9012 (back 6),some anchors miss it; see frame_onto/frame_over; no PSW write within 64 bytes; bank not found by this scan
register,pd,0x295B1,0x95B1,dd ef,,"djnz r5,0x95a2",1,23,0x7F00 (back 5),some anchors miss it; see frame_onto/frame_over; no PSW write within 64 bytes; bank not found by this scan
register,pd,0x295C5,0x95C5,dd e0,,"djnz r5,0x95a7",1,23,0x9050 (back 8),some anchors miss it; see frame_onto/frame_over; no PSW write within 64 bytes; bank not found by this scan
register,pd,0x295D9,0x95D9,dd a3,,"djnz r5,0x957e",1,23,0x9012 (back 12),some anchors miss it; see frame_onto/frame_over; no PSW write within 64 bytes; bank not found by this scan
register,pd,0x295E4,0x95E4,1d,,dec  r5,0,24,0x9012 (back 23),unsyncable: no anchor in range lands on it; may be data or preceded by a dispatch table; no PSW write within 64 bytes; bank not found by this scan
register,pd,0x295E7,0x95E7,dd 12,,"djnz r5,0x95fb",1,23,0x9012 (back 26),some anchors miss it; see frame_onto/frame_over; no PSW write within 64 bytes; bank not found by this scan
register,pd,0x295EC,0x95EC,fe,,"mov  r6,a",4,20,0x9012 (back 31),some anchors miss it; see frame_onto/frame_over; no PSW write within 64 bytes; bank not found by this scan
register,pd,0x295F8,0x95F8,dd a3,,"djnz r5,0x959d",1,23,0x9012 (back 43),some anchors miss it; see frame_onto/frame_over; no PSW write within 64 bytes; bank not found by this scan
register,pd,0x29604,0x9604,dd a3,,"djnz r5,0x95a9",1,23,0x9012 (back 55),some anchors miss it; see frame_onto/frame_over; no PSW write within 64 bytes; bank not found by this scan
register,pd,0x29619,0x9619,dd 12,,"djnz r5,0x962d",1,23,0x90F0 (back 7),some anchors miss it; see frame_onto/frame_over; no PSW write within 64 bytes; bank not found by this scan
register,pd,0x29627,0x9627,ad 12,,"mov  r5,0x12",1,23,0x90F0 (back 21),some anchors miss it; see frame_onto/frame_over; no PSW write within 64 bytes; bank not found by this scan
register,pd,0x2962A,0x962A,dd a3,,"djnz r5,0x95cf",3,21,0x90F0 (back 24),some anchors miss it; see frame_onto/frame_over; no PSW write within 64 bytes; bank not found by this scan
register,pd,0x29632,0x9632,0e,,inc  r6,0,24,0x90F0 (back 32),unsyncable: no anchor in range lands on it; may be data or preceded by a dispatch table; no PSW write within 64 bytes; bank not found by this scan
register,pd,0x29635,0x9635,dd 12,,"djnz r5,0x9649",1,23,0x90F0 (back 35),some anchors miss it; see frame_onto/frame_over; no PSW write within 64 bytes; bank not found by this scan
register,pd,0x2963D,0x963D,fd,,"mov  r5,a",24,0,0x90F0 (back 3),framed by every anchor in range; no PSW write within 64 bytes; bank not found by this scan
register,pd,0x29643,0x9643,dd 12,,"djnz r5,0x9657",1,23,0x90F0 (back 9),some anchors miss it; see frame_onto/frame_over; no PSW write within 64 bytes; bank not found by this scan
register,pd,0x29651,0x9651,dd 12,,"djnz r5,0x9665",2,22,0x90F0 (back 23),some anchors miss it; see frame_onto/frame_over; no PSW write within 64 bytes; bank not found by this scan
register,pd,0x2965A,0x965A,fe,,"mov  r6,a",23,1,0x90F0 (back 32),some anchors miss it; see frame_onto/frame_over; no PSW write within 64 bytes; bank not found by this scan
register,pd,0x29663,0x9663,dd a3,,"djnz r5,0x9608",1,23,0x90FE (back 10),some anchors miss it; see frame_onto/frame_over; no PSW write within 64 bytes; bank not found by this scan
register,pd,0x29679,0x9679,dd 12,,"djnz r5,0x968d",2,22,0x0296 (back 3),some anchors miss it; see frame_onto/frame_over; no PSW write within 64 bytes; bank not found by this scan
register,pd,0x2967C,0x967C,dd a3,,"djnz r5,0x9621",4,20,0x0296 (back 6),some anchors miss it; see frame_onto/frame_over; no PSW write within 64 bytes; bank not found by this scan
register,pd,0x29696,0x9696,dd a3,,"djnz r5,0x963b",1,23,0x907A (back 7),some anchors miss it; see frame_onto/frame_over; no PSW write within 64 bytes; bank not found by this scan
register,pd,0x296AF,0x96AF,dd 12,,"djnz r5,0x96c3",2,22,0x104D (back 16),some anchors miss it; see frame_onto/frame_over; no PSW write within 64 bytes; bank not found by this scan
register,pd,0x296B8,0x96B8,fd,,"mov  r5,a",24,0,0x900F (back 3),framed by every anchor in range; no PSW write within 64 bytes; bank not found by this scan
register,pd,0x296BE,0x96BE,dd a3,,"djnz r5,0x9663",1,23,0x900F (back 9),some anchors miss it; see frame_onto/frame_over; no PSW write within 64 bytes; bank not found by this scan
register,pd,0x296C8,0x96C8,dd a3,,"djnz r5,0x966d",1,23,0x900F (back 19),some anchors miss it; see frame_onto/frame_over; no PSW write within 64 bytes; bank not found by this scan
register,pd,0x296DD,0x96DD,7d 02,,"mov  r5,#0x02",24,0,0x104D (back 12),framed by every anchor in range; no PSW write within 64 bytes; bank not found by this scan
register,pd,0x2978D,0x978D,0d,,inc  r5,0,24,0x0F00 (back 4),unsyncable: no anchor in range lands on it; may be data or preceded by a dispatch table; no PSW write within 64 bytes; bank not found by this scan
register,pd,0x29798,0x9798,0e,,inc  r6,1,23,0x0DBC (back 12),some anchors miss it; see frame_onto/frame_over; no PSW write within 64 bytes; bank not found by this scan
register,pd,0x297BD,0x97BD,fd,,"mov  r5,a",23,1,0x0F0E (back 39),some anchors miss it; see frame_onto/frame_over; no PSW write within 64 bytes; bank not found by this scan
register,pd,0x297C0,0x97C0,fd,,"mov  r5,a",0,24,0x90FD (back 4),unsyncable: no anchor in range lands on it; may be data or preceded by a dispatch table; no PSW write within 64 bytes; bank not found by this scan
register,pd,0x297C7,0x97C7,fe,,"mov  r6,a",24,0,0x90FD (back 11),framed by every anchor in range; no PSW write within 64 bytes; bank not found by this scan
register,pd,0x297CE,0x97CE,fd,,"mov  r5,a",0,24,0x90FF (back 4),unsyncable: no anchor in range lands on it; may be data or preceded by a dispatch table; no PSW write within 64 bytes; bank not found by this scan
register,pd,0x297EA,0x97EA,fe,,"mov  r6,a",24,0,0x0FAF (back 8),framed by every anchor in range; no PSW write within 64 bytes; bank not found by this scan
register,pd,0x297EB,0x97EB,fd,,"mov  r5,a",24,0,0x0FAF (back 9),framed by every anchor in range; no PSW write within 64 bytes; bank not found by this scan
register,pd,0x29829,0x9829,0d,,inc  r5,0,24,0x0FAF (back 71),unsyncable: no anchor in range lands on it; may be data or preceded by a dispatch table; no PSW write within 64 bytes; bank not found by this scan
register,pd,0x2982C,0x982C,0e,,inc  r6,0,24,0x0FAF (back 74),unsyncable: no anchor in range lands on it; may be data or preceded by a dispatch table; no PSW write within 64 bytes; bank not found by this scan
register,pd,0x29836,0x9836,0d,,inc  r5,0,24,0x0F00 (back 4),unsyncable: no anchor in range lands on it; may be data or preceded by a dispatch table; no PSW write within 64 bytes; bank not found by this scan
register,pd,0x2983C,0x983C,ae 90,,"mov  r6,0x90",1,23,0x0DBC (back 7),some anchors miss it; see frame_onto/frame_over; no PSW write within 64 bytes; bank not found by this scan
register,pd,0x29845,0x9845,fd,,"mov  r5,a",0,24,0x10F1 (back 5),unsyncable: no anchor in range lands on it; may be data or preceded by a dispatch table; no PSW write within 64 bytes; bank not found by this scan
register,pd,0x2984F,0x984F,ae 90,,"mov  r6,0x90",1,23,0x0BC4 (back 6),some anchors miss it; see frame_onto/frame_over; no PSW write within 64 bytes; bank not found by this scan
register,pd,0x2985E,0x985E,0d,,inc  r5,0,24,0x9000 (back 6),unsyncable: no anchor in range lands on it; may be data or preceded by a dispatch table; no PSW write within 64 bytes; bank not found by this scan
register,pd,0x2986B,0x986B,7e 00,,"mov  r6,#0x00",24,0,0x0D8F (back 14),framed by every anchor in range; no PSW write within 64 bytes; bank not found by this scan
register,pd,0x2986D,0x986D,7d 00,,"mov  r5,#0x00",24,0,0x0D8F (back 16),framed by every anchor in range; no PSW write within 64 bytes; bank not found by this scan
register,pd,0x29872,0x9872,fd,,"mov  r5,a",0,24,0x0D8F (back 21),unsyncable: no anchor in range lands on it; may be data or preceded by a dispatch table; no PSW write within 64 bytes; bank not found by this scan
register,pd,0x29891,0x9891,fd,,"mov  r5,a",0,24,0x0BC4 (back 27),unsyncable: no anchor in range lands on it; may be data or preceded by a dispatch table; no PSW write within 64 bytes; bank not found by this scan
register,pd,0x2989A,0x989A,fd,,"mov  r5,a",0,24,0x0BC4 (back 5),unsyncable: no anchor in range lands on it; may be data or preceded by a dispatch table; no PSW write within 64 bytes; bank not found by this scan
register,pd,0x298AA,0x98AA,ae f0,,"mov  r6,0xf0",24,0,0x0BC4 (back 12),framed by every anchor in range; no PSW write within 64 bytes; bank not found by this scan
register,pd,0x298AE,0x98AE,0d,,inc  r5,0,24,0x0BC4 (back 16),unsyncable: no anchor in range lands on it; may be data or preceded by a dispatch table; no PSW write within 64 bytes; bank not found by this scan
register,pd,0x298B6,0x98B6,fe,,"mov  r6,a",24,0,0x0D8F (back 9),framed by every anchor in range; no PSW write within 64 bytes; bank not found by this scan
register,pd,0x298B9,0x98B9,7d 05,,"mov  r5,#0x05",24,0,0x0D8F (back 12),framed by every anchor in range; no PSW write within 64 bytes; bank not found by this scan
register,pd,0x298D6,0x98D6,fd,,"mov  r5,a",0,24,0x0C58 (back 12),unsyncable: no anchor in range lands on it; may be data or preceded by a dispatch table; no PSW write within 64 bytes; bank not found by this scan
register,pd,0x298F6,0x98F6,fe,,"mov  r6,a",24,0,0x0FBB (back 7),framed by every anchor in range; no PSW write within 64 bytes; bank not found by this scan
register,pd,0x298F9,0x98F9,ae ee,,"mov  r6,0xee",1,23,0x0FBB (back 10),some anchors miss it; see frame_onto/frame_over; no PSW write within 64 bytes; bank not found by this scan
register,pd,0x29901,0x9901,fd,,"mov  r5,a",0,24,0x9822 (back 4),unsyncable: no anchor in range lands on it; may be data or preceded by a dispatch table; no PSW write within 64 bytes; bank not found by this scan
register,pd,0x2990E,0x990E,0d,,inc  r5,0,24,0x0C58 (back 8),unsyncable: no anchor in range lands on it; may be data or preceded by a dispatch table; no PSW write within 64 bytes; bank not found by this scan
register,pd,0x29912,0x9912,fd,,"mov  r5,a",0,24,0x0D70 (back 5),unsyncable: no anchor in range lands on it; may be data or preceded by a dispatch table; no PSW write within 64 bytes; bank not found by this scan
register,pd,0x2991C,0x991C,1d,,dec  r5,1,23,0x0C58 (back 5),some anchors miss it; see frame_onto/frame_over; no PSW write within 64 bytes; bank not found by this scan
register,pd,0x2991E,0x991E,0d,,inc  r5,0,24,0x0C58 (back 7),unsyncable: no anchor in range lands on it; may be data or preceded by a dispatch table; no PSW write within 64 bytes; bank not found by this scan
register,pd,0x29924,0x9924,0d,,inc  r5,2,22,0x9802 (back 2),some anchors miss it; see frame_onto/frame_over; no PSW write within 64 bytes; bank not found by this scan
register,pd,0x2992E,0x992E,fd,,"mov  r5,a",22,2,0x0D8F (back 11),some anchors miss it; see frame_onto/frame_over; no PSW write within 64 bytes; bank not found by this scan
register,pd,0x29949,0x9949,1d,,dec  r5,0,24,0x0C58 (back 5),unsyncable: no anchor in range lands on it; may be data or preceded by a dispatch table; no PSW write within 64 bytes; bank not found by this scan
register,pd,0x2994F,0x994F,0d,,inc  r5,0,24,0x0C58 (back 11),unsyncable: no anchor in range lands on it; may be data or preceded by a dispatch table; no PSW write within 64 bytes; bank not found by this scan
register,pd,0x29950,0x9950,0d,,inc  r5,1,23,0x0C58 (back 12),some anchors miss it; see frame_onto/frame_over; no PSW write within 64 bytes; bank not found by this scan
register,pd,0x2995A,0x995A,fd,,"mov  r5,a",0,24,0x0C58 (back 5),unsyncable: no anchor in range lands on it; may be data or preceded by a dispatch table; no PSW write within 64 bytes; bank not found by this scan
register,pd,0x29977,0x9977,fd,,"mov  r5,a",0,24,0x0C58 (back 5),unsyncable: no anchor in range lands on it; may be data or preceded by a dispatch table; no PSW write within 64 bytes; bank not found by this scan
register,pd,0x299AE,0x99AE,fe,,"mov  r6,a",24,0,0x98FF (back 4),framed by every anchor in range; no PSW write within 64 bytes; bank not found by this scan
register,pd,0x299B1,0x99B1,fd,,"mov  r5,a",24,0,0x98FF (back 7),framed by every anchor in range; no PSW write within 64 bytes; bank not found by this scan
register,pd,0x299B9,0x99B9,0d,,inc  r5,0,24,0x98FF (back 15),unsyncable: no anchor in range lands on it; may be data or preceded by a dispatch table; no PSW write within 64 bytes; bank not found by this scan
register,pd,0x299BC,0x99BC,0e,,inc  r6,0,24,0x98FF (back 18),unsyncable: no anchor in range lands on it; may be data or preceded by a dispatch table; no PSW write within 64 bytes; bank not found by this scan
register,pd,0x299DA,0x99DA,fe,,"mov  r6,a",24,0,0x98FF (back 4),framed by every anchor in range; no PSW write within 64 bytes; bank not found by this scan
register,pd,0x299DD,0x99DD,7d 06,,"mov  r5,#0x06",24,0,0x98FF (back 7),framed by every anchor in range; no PSW write within 64 bytes; bank not found by this scan
register,pd,0x299E2,0x99E2,fe,,"mov  r6,a",22,2,0x0C8C (back 3),some anchors miss it; see frame_onto/frame_over; no PSW write within 64 bytes; bank not found by this scan
register,pd,0x29A01,0x9A01,fd,,"mov  r5,a",24,0,0x0BAB (back 6),framed by every anchor in range; no PSW write within 64 bytes; bank not found by this scan
register,pd,0x29A02,0x9A02,fe,,"mov  r6,a",24,0,0x0BAB (back 7),framed by every anchor in range; no PSW write within 64 bytes; bank not found by this scan
register,pd,0x29A09,0x9A09,7e 00,,"mov  r6,#0x00",24,0,0x0BAB (back 14),framed by every anchor in range; no PSW write within 64 bytes; bank not found by this scan
register,pd,0x29A0D,0x9A0D,7d 60,,"mov  r5,#0x60",23,1,0x0BAB (back 18),some anchors miss it; see frame_onto/frame_over; no PSW write within 64 bytes; bank not found by this scan
register,pd,0x29A4C,0x9A4C,0d,,inc  r5,1,23,0x10C8 (back 4),some anchors miss it; see frame_onto/frame_over; no PSW write within 64 bytes; bank not found by this scan
register,pd,0x29A4D,0x9A4D,0d,,inc  r5,2,22,0x10C8 (back 5),some anchors miss it; see frame_onto/frame_over; no PSW write within 64 bytes; bank not found by this scan
register,pd,0x29AC6,0x9AC6,fd,,"mov  r5,a",2,22,0x10C8 (back 5),some anchors miss it; see frame_onto/frame_over; no PSW write within 64 bytes; bank not found by this scan
register,pd,0x29ADE,0x9ADE,0d,,inc  r5,0,24,0x2FEF (back 5),unsyncable: no anchor in range lands on it; may be data or preceded by a dispatch table; no PSW write within 64 bytes; bank not found by this scan
register,pd,0x29AE1,0x9AE1,0e,,inc  r6,0,24,0x2FEF (back 8),unsyncable: no anchor in range lands on it; may be data or preceded by a dispatch table; no PSW write within 64 bytes; bank not found by this scan
register,pd,0x29AF6,0x9AF6,fe,,"mov  r6,a",24,0,0x1041 (back 18),framed by every anchor in range; no PSW write within 64 bytes; bank not found by this scan
register,pd,0x29B13,0x9B13,fd,,"mov  r5,a",1,23,0x1041 (back 47),some anchors miss it; see frame_onto/frame_over; no PSW write within 64 bytes; bank not found by this scan
register,pd,0x29B35,0x9B35,fe,,"mov  r6,a",24,0,0x2FEF (back 23),framed by every anchor in range; no PSW write within 64 bytes; bank not found by this scan
register,pd,0x29B36,0x9B36,fd,,"mov  r5,a",24,0,0x2FEF (back 24),framed by every anchor in range; no PSW write within 64 bytes; bank not found by this scan
register,pd,0x29B3F,0x9B3F,0e,,inc  r6,1,23,0x2FEF (back 33),some anchors miss it; see frame_onto/frame_over; no PSW write within 64 bytes; bank not found by this scan
register,pd,0x29B70,0x9B70,fe,,"mov  r6,a",24,0,0x98F0 (back 5),framed by every anchor in range; no PSW write within 64 bytes; bank not found by this scan
register,pd,0x29B71,0x9B71,fd,,"mov  r5,a",24,0,0x98F0 (back 6),framed by every anchor in range; no PSW write within 64 bytes; bank not found by this scan
register,pd,0x29B7F,0x9B7F,0e,,inc  r6,1,23,0x0FCB (back 6),some anchors miss it; see frame_onto/frame_over; no PSW write within 64 bytes; bank not found by this scan
register,pd,0x29B90,0x9B90,fd,,"mov  r5,a",24,0,0x0F0E (back 19),framed by every anchor in range; no PSW write within 64 bytes; bank not found by this scan
register,pd,0x29BA1,0x9BA1,ae 02,,"mov  r6,0x02",24,0,0x0F45 (back 10),framed by every anchor in range; no PSW write within 64 bytes; bank not found by this scan
register,pd,0x29BA3,0x9BA3,ad 06,,"mov  r5,0x06",23,1,0x0F45 (back 12),some anchors miss it; see frame_onto/frame_over; no PSW write within 64 bytes; bank not found by this scan
register,pd,0x29BFB,0x9BFB,fe,,"mov  r6,a",24,0,0x10C8 (back 5),framed by every anchor in range; no PSW write within 64 bytes; bank not found by this scan
register,pd,0x29BFC,0x9BFC,fd,,"mov  r5,a",24,0,0x10C8 (back 6),framed by every anchor in range; no PSW write within 64 bytes; bank not found by this scan
register,pd,0x29C09,0x9C09,fd,,"mov  r5,a",3,21,0x5390 (back 4),some anchors miss it; see frame_onto/frame_over; no PSW write within 64 bytes; bank not found by this scan
register,pd,0x29C2D,0x9C2D,fe,,"mov  r6,a",24,0,0x10BC (back 18),framed by every anchor in range; no PSW write within 64 bytes; bank not found by this scan
register,pd,0x29C30,0x9C30,fd,,"mov  r5,a",24,0,0x10BC (back 21),framed by every anchor in range; no PSW write within 64 bytes; bank not found by this scan
register,pd,0x29C49,0x9C49,fe,,"mov  r6,a",24,0,0x10BC (back 13),framed by every anchor in range; no PSW write within 64 bytes; bank not found by this scan
register,pd,0x29C7F,0x9C7F,fe,,"mov  r6,a",24,0,0x10BC (back 11),framed by every anchor in range; no PSW write within 64 bytes; bank not found by this scan
register,pd,0x29C80,0x9C80,fd,,"mov  r5,a",24,0,0x10BC (back 12),framed by every anchor in range; no PSW write within 64 bytes; bank not found by this scan
register,pd,0x29C89,0x9C89,0e,,inc  r6,1,23,0x10BC (back 21),some anchors miss it; see frame_onto/frame_over; no PSW write within 64 bytes; bank not found by this scan
register,pd,0x29CA6,0x9CA6,7e 00,,"mov  r6,#0x00",24,0,0x10BC (back 23),framed by every anchor in range; no PSW write within 64 bytes; bank not found by this scan
register,pd,0x29CAA,0x9CAA,7d 67,,"mov  r5,#0x67",23,1,0x10BC (back 27),some anchors miss it; see frame_onto/frame_over; no PSW write within 64 bytes; bank not found by this scan
register,pd,0x29CB3,0x9CB3,fd,,"mov  r5,a",24,0,0x0C7A (back 7),framed by every anchor in range; no PSW write within 64 bytes; bank not found by this scan
register,pd,0x29CC4,0x9CC4,fe,,"mov  r6,a",24,0,0x0C7A (back 24),framed by every anchor in range; no PSW write within 64 bytes; bank not found by this scan
register,pd,0x29CE3,0x9CE3,fe,,"mov  r6,a",24,0,0x10E8 (back 13),framed by every anchor in range; no PSW write within 64 bytes; bank not found by this scan
register,pd,0x29CE6,0x9CE6,fd,,"mov  r5,a",24,0,0x10E8 (back 16),framed by every anchor in range; no PSW write within 64 bytes; bank not found by this scan
register,pd,0x29D10,0x9D10,7e 00,,"mov  r6,#0x00",24,0,0x9822 (back 23),framed by every anchor in range; no PSW write within 64 bytes; bank not found by this scan
register,pd,0x29D1E,0x9D1E,0d,,inc  r5,0,24,0x0F00 (back 4),unsyncable: no anchor in range lands on it; may be data or preceded by a dispatch table; no PSW write within 64 bytes; bank not found by this scan
register,pd,0x29D22,0x9D22,7d 01,,"mov  r5,#0x01",24,0,0x0DBC (back 5),framed by every anchor in range; no PSW write within 64 bytes; bank not found by this scan
register,pd,0x29D26,0x9D26,7e 00,,"mov  r6,#0x00",24,0,0x987B (back 3),framed by every anchor in range; no PSW write within 64 bytes; bank not found by this scan
register,pd,0x29D2C,0x9D2C,fe,,"mov  r6,a",0,24,0x0B85 (back 4),unsyncable: no anchor in range lands on it; may be data or preceded by a dispatch table; no PSW write within 64 bytes; bank not found by this scan
register,pd,0x29D36,0x9D36,7d 01,,"mov  r5,#0x01",24,0,0x98FC (back 2),framed by every anchor in range; no PSW write within 64 bytes; bank not found by this scan
register,pd,0x29D41,0x9D41,fe,,"mov  r6,a",24,0,0x9822 (back 10),framed by every anchor in range; no PSW write within 64 bytes; bank not found by this scan
register,pd,0x29D5B,0x9D5B,de 12,,"djnz r6,0x9d6f",1,23,0x2FEF (back 6),some anchors miss it; see frame_onto/frame_over; no PSW write within 64 bytes; bank not found by this scan
register,pd,0x29D60,0x9D60,0d,,inc  r5,3,21,0x2F85 (back 3),some anchors miss it; see frame_onto/frame_over; no PSW write within 64 bytes; bank not found by this scan
register,pd,0x29D63,0x9D63,0e,,inc  r6,0,24,0x2F85 (back 6),unsyncable: no anchor in range lands on it; may be data or preceded by a dispatch table; no PSW write within 64 bytes; bank not found by this scan
register,pd,0x29D72,0x9D72,fe,,"mov  r6,a",24,0,0x9BE4 (back 5),framed by every anchor in range; no PSW write within 64 bytes; bank not found by this scan
register,pd,0x29D75,0x9D75,fd,,"mov  r5,a",24,0,0x9BE4 (back 8),framed by every anchor in range; no PSW write within 64 bytes; bank not found by this scan
register,pd,0x29D98,0x9D98,de ef,,"djnz r6,0x9d89",1,23,0x53E0 (back 6),some anchors miss it; see frame_onto/frame_over; no PSW write within 64 bytes; bank not found by this scan
register,pd,0x29DD7,0x9DD7,fd,,"mov  r5,a",21,3,0x99B8 (back 4),some anchors miss it; see frame_onto/frame_over; no PSW write within 64 bytes; bank not found by this scan
register,pd,0x29E19,0x9E19,ae f0,,"mov  r6,0xf0",24,0,0x99B6 (back 17),framed by every anchor in range; no PSW write within 64 bytes; bank not found by this scan
register,pd,0x29E37,0x9E37,7d 01,,"mov  r5,#0x01",24,0,0x98FC (back 2),framed by every anchor in range; no PSW write within 64 bytes; bank not found by this scan
register,pd,0x29E51,0x9E51,fe,,"mov  r6,a",24,0,0x99E9 (back 3),framed by every anchor in range; no PSW write within 64 bytes; bank not found by this scan
register,pd,0x29E6C,0x9E6C,0e,,inc  r6,2,22,0x9A78 (back 4),some anchors miss it; see frame_onto/frame_over; no PSW write within 64 bytes; bank not found by this scan
register,pd,0x29E9F,0x9E9F,1e,,dec  r6,0,24,0x9803 (back 12),unsyncable: no anchor in range lands on it; may be data or preceded by a dispatch table; no PSW write within 64 bytes; bank not found by this scan
register,pd,0x29ED5,0x9ED5,0d,,inc  r5,0,24,0x0F00 (back 4),unsyncable: no anchor in range lands on it; may be data or preceded by a dispatch table; no PSW write within 64 bytes; bank not found by this scan
register,pd,0x29EE2,0x9EE2,7d 01,,"mov  r5,#0x01",24,0,0x5837 (back 8),framed by every anchor in range; no PSW write within 64 bytes; bank not found by this scan
register,pd,0x29EF6,0x9EF6,fd,,"mov  r5,a",24,0,0x5706 (back 4),framed by every anchor in range; no PSW write within 64 bytes; bank not found by this scan
register,pd,0x29F04,0x9F04,fd,,"mov  r5,a",24,0,0x5719 (back 4),framed by every anchor in range; no PSW write within 64 bytes; bank not found by this scan
register,pd,0x29F1D,0x9F1D,0e,,inc  r6,1,23,0x98EC (back 10),some anchors miss it; see frame_onto/frame_over; no PSW write within 64 bytes; bank not found by this scan
register,pd,0x29F23,0x9F23,7e a1,,"mov  r6,#0xa1",2,22,0x590E (back 8),some anchors miss it; see frame_onto/frame_over; no PSW write within 64 bytes; bank not found by this scan
register,pd,0x29F2A,0x9F2A,7d 00,,"mov  r5,#0x00",24,0,0x9D90 (back 6),framed by every anchor in range; no PSW write within 64 bytes; bank not found by this scan
register,pd,0x29F38,0x9F38,fe,,"mov  r6,a",24,0,0x9D90 (back 20),framed by every anchor in range; no PSW write within 64 bytes; bank not found by this scan
register,pd,0x29F4D,0x9F4D,fd,,"mov  r5,a",24,0,0x56FF (back 9),framed by every anchor in range; no PSW write within 64 bytes; bank not found by this scan
register,pd,0x29F85,0x9F85,fd,,"mov  r5,a",24,0,0x56FF (back 4),framed by every anchor in range; no PSW write within 64 bytes; bank not found by this scan
register,pd,0x29FCA,0x9FCA,de f5,,"djnz r6,0x9fc1",0,24,0x9F90 (back 11),unsyncable: no anchor in range lands on it; may be data or preceded by a dispatch table; no PSW write within 64 bytes; bank not found by this scan
register,pd,0x29FEB,0x9FEB,dd 12,,"djnz r5,0x9fff",1,23,0x0F1F (back 5),some anchors miss it; see frame_onto/frame_over; no PSW write within 64 bytes; bank not found by this scan
register,pd,0x29FFB,0x9FFB,de ef,,"djnz r6,0x9fec",1,23,0x98FF (back 5),some anchors miss it; see frame_onto/frame_over; no PSW write within 64 bytes; bank not found by this scan
register,pd,0x2A026,0xA026,fe,,"mov  r6,a",24,0,0x0F1F (back 8),framed by every anchor in range; no PSW write within 64 bytes; bank not found by this scan
register,pd,0x2A027,0xA027,fd,,"mov  r5,a",24,0,0x0F1F (back 9),framed by every anchor in range; no PSW write within 64 bytes; bank not found by this scan
register,pd,0x2A050,0xA050,0d,,inc  r5,1,23,0x0F1F (back 18),some anchors miss it; see frame_onto/frame_over; no PSW write within 64 bytes; bank not found by this scan
register,pd,0x2A05C,0xA05C,fe,,"mov  r6,a",24,0,0x0F1F (back 11),framed by every anchor in range; no PSW write within 64 bytes; bank not found by this scan
register,pd,0x2A061,0xA061,cd,,"xch  a,r5",0,24,0x0F1F (back 16),unsyncable: no anchor in range lands on it; may be data or preceded by a dispatch table; no PSW write within 64 bytes; bank not found by this scan
register,pd,0x2A073,0xA073,cd,,"xch  a,r5",0,24,0x0912 (back 4),unsyncable: no anchor in range lands on it; may be data or preceded by a dispatch table; no PSW write within 64 bytes; bank not found by this scan
register,pd,0x2A07C,0xA07C,cd,,"xch  a,r5",0,24,0x0912 (back 13),unsyncable: no anchor in range lands on it; may be data or preceded by a dispatch table; no PSW write within 64 bytes; bank not found by this scan
register,pd,0x2A081,0xA081,0d,,inc  r5,0,24,0x0912 (back 18),unsyncable: no anchor in range lands on it; may be data or preceded by a dispatch table; no PSW write within 64 bytes; bank not found by this scan
register,pd,0x2A085,0xA085,dd e0,,"djnz r5,0xa067",3,21,0x0D70 (back 5),some anchors miss it; see frame_onto/frame_over; no PSW write within 64 bytes; bank not found by this scan
register,pd,0x2A087,0xA087,fe,,"mov  r6,a",24,0,0x0D70 (back 7),framed by every anchor in range; no PSW write within 64 bytes; bank not found by this scan
register,pd,0x2A08D,0xA08D,cd,,"xch  a,r5",0,24,0xA00A (back 4),unsyncable: no anchor in range lands on it; may be data or preceded by a dispatch table; no PSW write within 64 bytes; bank not found by this scan
register,pd,0x2A0B0,0xA0B0,fe,,"mov  r6,a",24,0,0x0C58 (back 9),framed by every anchor in range; no PSW write within 64 bytes; bank not found by this scan
register,pd,0x2A0B3,0xA0B3,de e0,,"djnz r6,0xa095",1,23,0x0C58 (back 12),some anchors miss it; see frame_onto/frame_over; no PSW write within 64 bytes; bank not found by this scan
register,pd,0x2A0B6,0xA0B6,fe,,"mov  r6,a",24,0,0x0C58 (back 15),framed by every anchor in range; no PSW write within 64 bytes; bank not found by this scan
register,pd,0x2A0C0,0xA0C0,fe,,"mov  r6,a",24,0,0x0C58 (back 25),framed by every anchor in range; no PSW write within 64 bytes; bank not found by this scan
register,pd,0x2A0C9,0xA0C9,fe,,"mov  r6,a",24,0,0x0C58 (back 34),framed by every anchor in range; no PSW write within 64 bytes; bank not found by this scan
register,pd,0x2A0D1,0xA0D1,fe,,"mov  r6,a",24,0,0x0C58 (back 42),framed by every anchor in range; no PSW write within 64 bytes; bank not found by this scan
register,pd,0x2A0D4,0xA0D4,cd,,"xch  a,r5",0,24,0x0C58 (back 45),unsyncable: no anchor in range lands on it; may be data or preceded by a dispatch table; no PSW write within 64 bytes; bank not found by this scan
register,pd,0x2A120,0xA120,0e,,inc  r6,0,24,0xA060 (back 12),unsyncable: no anchor in range lands on it; may be data or preceded by a dispatch table; no PSW write within 64 bytes; bank not found by this scan
register,pd,0x2A13D,0xA13D,ce,,"xch  a,r6",0,24,0xA006 (back 4),unsyncable: no anchor in range lands on it; may be data or preceded by a dispatch table; no PSW write within 64 bytes; bank not found by this scan
register,pd,0x2A146,0xA146,0e,,inc  r6,0,24,0xA006 (back 13),unsyncable: no anchor in range lands on it; may be data or preceded by a dispatch table; no PSW write within 64 bytes; bank not found by this scan
register,pd,0x2A14E,0xA14E,ce,,"xch  a,r6",0,24,0x0912 (back 4),unsyncable: no anchor in range lands on it; may be data or preceded by a dispatch table; no PSW write within 64 bytes; bank not found by this scan
register,pd,0x2A163,0xA163,ce,,"xch  a,r6",0,24,0x1712 (back 4),unsyncable: no anchor in range lands on it; may be data or preceded by a dispatch table; no PSW write within 64 bytes; bank not found by this scan
register,pd,0x2A1A8,0xA1A8,fd,,"mov  r5,a",0,24,0x0FAF (back 5),unsyncable: no anchor in range lands on it; may be data or preceded by a dispatch table; no PSW write within 64 bytes; bank not found by this scan
register,pd,0x2A1BC,0xA1BC,fd,,"mov  r5,a",0,24,0x0FAF (back 5),unsyncable: no anchor in range lands on it; may be data or preceded by a dispatch table; no PSW write within 64 bytes; bank not found by this scan
register,pd,0x2A1D2,0xA1D2,ce,,"xch  a,r6",0,24,0x1041 (back 15),unsyncable: no anchor in range lands on it; may be data or preceded by a dispatch table; no PSW write within 64 bytes; bank not found by this scan
register,pd,0x2A1E0,0xA1E0,0d,,inc  r5,0,24,0xA0A3 (back 4),unsyncable: no anchor in range lands on it; may be data or preceded by a dispatch table; no PSW write within 64 bytes; bank not found by this scan
register,pd,0x2A1E3,0xA1E3,ce,,"xch  a,r6",0,24,0xA0A3 (back 7),unsyncable: no anchor in range lands on it; may be data or preceded by a dispatch table; no PSW write within 64 bytes; bank not found by this scan
register,pd,0x2A1E8,0xA1E8,fd,,"mov  r5,a",24,0,0xA0F0 (back 3),framed by every anchor in range; no PSW write within 64 bytes; bank not found by this scan
register,pd,0x2A20A,0xA20A,ce,,"xch  a,r6",0,24,0x1041 (back 5),unsyncable: no anchor in range lands on it; may be data or preceded by a dispatch table; no PSW write within 64 bytes; bank not found by this scan
register,pd,0x2A20C,0xA20C,fd,,"mov  r5,a",24,0,0x1041 (back 7),framed by every anchor in range; no PSW write within 64 bytes; bank not found by this scan
register,pd,0x2A218,0xA218,7e 00,,"mov  r6,#0x00",24,0,0x595A (back 5),framed by every anchor in range; no PSW write within 64 bytes; bank not found by this scan
register,pd,0x2A220,0xA220,7d 00,,"mov  r5,#0x00",24,0,0x595A (back 13),framed by every anchor in range; no PSW write within 64 bytes; bank not found by this scan
register,pd,0x2A236,0xA236,fe,,"mov  r6,a",24,0,0x8D90 (back 6),framed by every anchor in range; no PSW write within 64 bytes; bank not found by this scan
register,pd,0x2A23C,0xA23C,fd,,"mov  r5,a",24,0,0x8D90 (back 12),framed by every anchor in range; no PSW write within 64 bytes; bank not found by this scan
register,pd,0x2A245,0xA245,fe,,"mov  r6,a",23,1,0x0F32 (back 6),some anchors miss it; see frame_onto/frame_over; no PSW write within 64 bytes; bank not found by this scan
register,pd,0x2A25F,0xA25F,fe,,"mov  r6,a",24,0,0xA080 (back 5),framed by every anchor in range; no PSW write within 64 bytes; bank not found by this scan
register,pd,0x2A260,0xA260,fd,,"mov  r5,a",24,0,0xA080 (back 6),framed by every anchor in range; no PSW write within 64 bytes; bank not found by this scan
register,pd,0x2A263,0xA263,0d,,inc  r5,0,24,0xA080 (back 9),unsyncable: no anchor in range lands on it; may be data or preceded by a dispatch table; no PSW write within 64 bytes; bank not found by this scan
register,pd,0x2A270,0xA270,0e,,inc  r6,0,24,0xA0D0 (back 4),unsyncable: no anchor in range lands on it; may be data or preceded by a dispatch table; no PSW write within 64 bytes; bank not found by this scan
register,pd,0x2A28E,0xA28E,0e,,inc  r6,0,24,0xA0D0 (back 4),unsyncable: no anchor in range lands on it; may be data or preceded by a dispatch table; no PSW write within 64 bytes; bank not found by this scan
register,pd,0x2A2AC,0xA2AC,0e,,inc  r6,0,24,0xA0D0 (back 4),unsyncable: no anchor in range lands on it; may be data or preceded by a dispatch table; no PSW write within 64 bytes; bank not found by this scan
register,pd,0x2A2BD,0xA2BD,0e,,inc  r6,0,24,0x596B (back 4),unsyncable: no anchor in range lands on it; may be data or preceded by a dispatch table; no PSW write within 64 bytes; bank not found by this scan
register,pd,0x2A2F0,0xA2F0,ae f0,,"mov  r6,0xf0",24,0,0x10C8 (back 20),framed by every anchor in range; no PSW write within 64 bytes; bank not found by this scan
register,pd,0x2A308,0xA308,7d 01,,"mov  r5,#0x01",24,0,0xA0FC (back 2),framed by every anchor in range; no PSW write within 64 bytes; bank not found by this scan
register,pd,0x2A35C,0xA35C,0e,,inc  r6,24,0,0xA0A3 (back 9),framed by every anchor in range; no PSW write within 64 bytes; bank not found by this scan
register,pd,0x2A376,0xA376,7d 00,,"mov  r5,#0x00",24,0,0xA000 (back 20),framed by every anchor in range; no PSW write within 64 bytes; bank not found by this scan
register,pd,0x2A3DA,0xA3DA,7d 7d,,"mov  r5,#0x7d",1,23,0x12B1 (back 3),some anchors miss it; see frame_onto/frame_over; no PSW write within 64 bytes; bank not found by this scan
register,pd,0x2A3DB,0xA3DB,7d 00,,"mov  r5,#0x00",22,2,0x12B1 (back 4),some anchors miss it; see frame_onto/frame_over; no PSW write within 64 bytes; bank not found by this scan
register,pd,0x2A417,0xA417,1d,,dec  r5,4,20,0x10E8 (back 4),some anchors miss it; see frame_onto/frame_over; no PSW write within 64 bytes; bank not found by this scan
register,pd,0x2A44B,0xA44B,fd,,"mov  r5,a",24,0,0xA290 (back 5),framed by every anchor in range; no PSW write within 64 bytes; bank not found by this scan
register,pd,0x2A485,0xA485,fe,,"mov  r6,a",24,0,0x9B94 (back 8),framed by every anchor in range; no PSW write within 64 bytes; bank not found by this scan
register,pd,0x2A486,0xA486,fd,,"mov  r5,a",24,0,0x9B94 (back 9),framed by every anchor in range; no PSW write within 64 bytes; bank not found by this scan
register,pd,0x2A49E,0xA49E,fe,,"mov  r6,a",24,0,0x0F1F (back 4),framed by every anchor in range; no PSW write within 64 bytes; bank not found by this scan
register,pd,0x2A49F,0xA49F,fd,,"mov  r5,a",24,0,0x0F1F (back 5),framed by every anchor in range; no PSW write within 64 bytes; bank not found by this scan
register,pd,0x2A4B5,0xA4B5,fe,,"mov  r6,a",24,0,0x0F1F (back 4),framed by every anchor in range; no PSW write within 64 bytes; bank not found by this scan
register,pd,0x2A4B6,0xA4B6,fd,,"mov  r5,a",24,0,0x0F1F (back 5),framed by every anchor in range; no PSW write within 64 bytes; bank not found by this scan
register,pd,0x2A4C1,0xA4C1,0e,,inc  r6,0,24,0xA0D0 (back 4),unsyncable: no anchor in range lands on it; may be data or preceded by a dispatch table; no PSW write within 64 bytes; bank not found by this scan
register,pd,0x2A502,0xA502,fe,,"mov  r6,a",24,0,0x9B25 (back 48),framed by every anchor in range; no PSW write within 64 bytes; bank not found by this scan
register,pd,0x2A52D,0xA52D,fe,,"mov  r6,a",24,0,0x9B25 (back 42),framed by every anchor in range; no PSW write within 64 bytes; bank not found by this scan
register,pd,0x2A5AB,0xA5AB,0d,,inc  r5,0,24,0x9885 (back 4),unsyncable: no anchor in range lands on it; may be data or preceded by a dispatch table; no PSW write within 64 bytes; bank not found by this scan
register,pd,0x2A5CA,0xA5CA,0d,,inc  r5,0,24,0x9885 (back 4),unsyncable: no anchor in range lands on it; may be data or preceded by a dispatch table; no PSW write within 64 bytes; bank not found by this scan
register,pd,0x2A5CD,0xA5CD,ae f0,,"mov  r6,0xf0",24,0,0x0D38 (back 4),framed by every anchor in range; no PSW write within 64 bytes; bank not found by this scan
register,pd,0x2A5D5,0xA5D5,fd,,"mov  r5,a",24,0,0x991A (back 3),framed by every anchor in range; no PSW write within 64 bytes; bank not found by this scan
register,pd,0x2A5D9,0xA5D9,fe,,"mov  r6,a",24,0,0x991A (back 7),framed by every anchor in range; no PSW write within 64 bytes; bank not found by this scan
register,pd,0x2A5F8,0xA5F8,ad 12,,"mov  r5,0x12",1,23,0x9883 (back 8),some anchors miss it; see frame_onto/frame_over; no PSW write within 64 bytes; bank not found by this scan
register,pd,0x2A620,0xA620,fd,,"mov  r5,a",24,0,0x996F (back 7),framed by every anchor in range; no PSW write within 64 bytes; bank not found by this scan
register,pd,0x2A623,0xA623,cd,,"xch  a,r5",24,0,0x996F (back 10),framed by every anchor in range; no PSW write within 64 bytes; bank not found by this scan
register,pd,0x2A62E,0xA62E,fe,,"mov  r6,a",23,1,0x9975 (back 5),some anchors miss it; see frame_onto/frame_over; no PSW write within 64 bytes; bank not found by this scan
register,pd,0x2A657,0xA657,ae 90,,"mov  r6,0x90",1,23,0x9975 (back 8),some anchors miss it; see frame_onto/frame_over; no PSW write within 64 bytes; bank not found by this scan
register,pd,0x2A65F,0xA65F,ae 90,,"mov  r6,0x90",1,23,0x9975 (back 16),some anchors miss it; see frame_onto/frame_over; no PSW write within 64 bytes; bank not found by this scan
register,pd,0x2A668,0xA668,ae 7f,,"mov  r6,0x7f",1,23,0x9975 (back 25),some anchors miss it; see frame_onto/frame_over; no PSW write within 64 bytes; bank not found by this scan
register,pd,0x2A6AD,0xA6AD,fe,,"mov  r6,a",1,23,0x53E0 (back 4),some anchors miss it; see frame_onto/frame_over; no PSW write within 64 bytes; bank not found by this scan
register,pd,0x2A6B0,0xA6B0,0e,,inc  r6,1,23,0x53E0 (back 7),some anchors miss it; see frame_onto/frame_over; no PSW write within 64 bytes; bank not found by this scan
register,pd,0x2A6C3,0xA6C3,0d,,inc  r5,0,24,0xA012 (back 5),unsyncable: no anchor in range lands on it; may be data or preceded by a dispatch table; no PSW write within 64 bytes; bank not found by this scan
register,pd,0x2A6C6,0xA6C6,0e,,inc  r6,0,24,0xA012 (back 8),unsyncable: no anchor in range lands on it; may be data or preceded by a dispatch table; no PSW write within 64 bytes; bank not found by this scan
register,pd,0x2A6ED,0xA6ED,fe,,"mov  r6,a",24,0,0xA0FF (back 4),framed by every anchor in range; no PSW write within 64 bytes; bank not found by this scan
register,pd,0x2A6F0,0xA6F0,fd,,"mov  r5,a",24,0,0xA0FF (back 7),framed by every anchor in range; no PSW write within 64 bytes; bank not found by this scan
register,pd,0x2A6FB,0xA6FB,fe,,"mov  r6,a",24,0,0xA0FF (back 18),framed by every anchor in range; no PSW write within 64 bytes; bank not found by this scan
register,pd,0x2A6FC,0xA6FC,fd,,"mov  r5,a",24,0,0xA0FF (back 19),framed by every anchor in range; no PSW write within 64 bytes; bank not found by this scan
register,pd,0x2A704,0xA704,0e,,inc  r6,1,23,0x0FCB (back 6),some anchors miss it; see frame_onto/frame_over; no PSW write within 64 bytes; bank not found by this scan
register,pd,0x2A707,0xA707,fd,,"mov  r5,a",1,23,0x0F0E (back 5),some anchors miss it; see frame_onto/frame_over; no PSW write within 64 bytes; bank not found by this scan
register,pd,0x2A72C,0xA72C,0e,,inc  r6,3,21,0xA090 (back 3),some anchors miss it; see frame_onto/frame_over; no PSW write within 64 bytes; bank not found by this scan
register,pd,0x2A746,0xA746,fe,,"mov  r6,a",22,2,0xA2E0 (back 16),some anchors miss it; see frame_onto/frame_over; no PSW write within 64 bytes; bank not found by this scan
register,pd,0x2A767,0xA767,fe,,"mov  r6,a",24,0,0x0F1F (back 10),framed by every anchor in range; no PSW write within 64 bytes; bank not found by this scan
register,pd,0x2A76B,0xA76B,fd,,"mov  r5,a",24,0,0x0F1F (back 14),framed by every anchor in range; no PSW write within 64 bytes; bank not found by this scan
register,pd,0x2A797,0xA797,0e,,inc  r6,3,21,0x0BAB (back 5),some anchors miss it; see frame_onto/frame_over; no PSW write within 64 bytes; bank not found by this scan
register,pd,0x2A802,0xA802,0d,,inc  r5,1,23,0xA370 (back 6),some anchors miss it; see frame_onto/frame_over; no PSW write within 64 bytes; bank not found by this scan
register,pd,0x2A815,0xA815,0d,,inc  r5,2,22,0xA370 (back 25),some anchors miss it; see frame_onto/frame_over; no PSW write within 64 bytes; bank not found by this scan
register,pd,0x2A8D2,0xA8D2,fd,,"mov  r5,a",24,0,0x0FCB (back 10),framed by every anchor in range; no PSW write within 64 bytes; bank not found by this scan
register,pd,0x2A8D3,0xA8D3,fe,,"mov  r6,a",24,0,0x0FCB (back 11),framed by every anchor in range; no PSW write within 64 bytes; bank not found by this scan
register,pd,0x2A8D5,0xA8D5,0d,,inc  r5,0,24,0x0FCB (back 13),unsyncable: no anchor in range lands on it; may be data or preceded by a dispatch table; no PSW write within 64 bytes; bank not found by this scan
register,pd,0x2A8F4,0xA8F4,fe,,"mov  r6,a",24,0,0x08E0 (back 16),framed by every anchor in range; no PSW write within 64 bytes; bank not found by this scan
register,pd,0x2A959,0xA959,0e,,inc  r6,0,24,0x7F00 (back 81),unsyncable: no anchor in range lands on it; may be data or preceded by a dispatch table; no PSW write within 64 bytes; bank not found by this scan
register,pd,0x2A985,0xA985,fe,,"mov  r6,a",24,0,0x0A74 (back 28),framed by every anchor in range; no PSW write within 64 bytes; bank not found by this scan
register,pd,0x2A9DD,0xA9DD,fe,,"mov  r6,a",0,24,0xA6F5 (back 10),unsyncable: no anchor in range lands on it; may be data or preceded by a dispatch table; no PSW write within 64 bytes; bank not found by this scan
register,pd,0x2AA04,0xAA04,fe,,"mov  r6,a",0,24,0x0FAF (back 8),unsyncable: no anchor in range lands on it; may be data or preceded by a dispatch table; no PSW write within 64 bytes; bank not found by this scan
register,pd,0x2AA77,0xAA77,fe,,"mov  r6,a",0,24,0x0FAF (back 8),unsyncable: no anchor in range lands on it; may be data or preceded by a dispatch table; no PSW write within 64 bytes; bank not found by this scan
register,pd,0x2AA85,0xAA85,fe,,"mov  r6,a",0,24,0xA6E4 (back 8),unsyncable: no anchor in range lands on it; may be data or preceded by a dispatch table; no PSW write within 64 bytes; bank not found by this scan
register,pd,0x2AACA,0xAACA,0e,,inc  r6,0,24,0xA705 (back 7),unsyncable: no anchor in range lands on it; may be data or preceded by a dispatch table; no PSW write within 64 bytes; bank not found by this scan
register,pd,0x2AAE5,0xAAE5,fe,,"mov  r6,a",1,23,0x53E0 (back 4),some anchors miss it; see frame_onto/frame_over; no PSW write within 64 bytes; bank not found by this scan
register,pd,0x2AB09,0xAB09,0e,,inc  r6,2,22,0x53E0 (back 5),some anchors miss it; see frame_onto/frame_over; no PSW write within 64 bytes; bank not found by this scan
register,pd,0x2AB5E,0xAB5E,fe,,"mov  r6,a",0,24,0xA6C2 (back 7),unsyncable: no anchor in range lands on it; may be data or preceded by a dispatch table; no PSW write within 64 bytes; bank not found by this scan
register,pd,0x2AB6F,0xAB6F,fe,,"mov  r6,a",1,23,0x5312 (back 4),some anchors miss it; see frame_onto/frame_over; no PSW write within 64 bytes; bank not found by this scan
register,pd,0x2ABCB,0xABCB,fd,,"mov  r5,a",24,0,0x2F90 (back 14),framed by every anchor in range; no PSW write within 64 bytes; bank not found by this scan
register,pd,0x2ABCE,0xABCE,fe,,"mov  r6,a",24,0,0x2F90 (back 17),framed by every anchor in range; no PSW write within 64 bytes; bank not found by this scan
register,pd,0x2ABF8,0xABF8,fe,,"mov  r6,a",24,0,0x0FAF (back 8),framed by every anchor in range; no PSW write within 64 bytes; bank not found by this scan
register,pd,0x2ABFA,0xABFA,fd,,"mov  r5,a",24,0,0x0FAF (back 10),framed by every anchor in range; no PSW write within 64 bytes; bank not found by this scan
register,pd,0x2AC18,0xAC18,7d 01,,"mov  r5,#0x01",24,0,0x0FAF (back 40),framed by every anchor in range; no PSW write within 64 bytes; bank not found by this scan
register,pd,0x2AC24,0xAC24,fd,,"mov  r5,a",23,1,0x909A (back 3),some anchors miss it; see frame_onto/frame_over; no PSW write within 64 bytes; bank not found by this scan
register,pd,0x2AC2D,0xAC2D,fd,,"mov  r5,a",24,0,0x909A (back 12),framed by every anchor in range; no PSW write within 64 bytes; bank not found by this scan
register,pd,0x2AC2E,0xAC2E,fe,,"mov  r6,a",24,0,0x909A (back 13),framed by every anchor in range; no PSW write within 64 bytes; bank not found by this scan
register,pd,0x2AC3B,0xAC3B,7d 01,,"mov  r5,#0x01",22,2,0x9028 (back 9),some anchors miss it; see frame_onto/frame_over; no PSW write within 64 bytes; bank not found by this scan
register,pd,0x2AC5F,0xAC5F,fe,,"mov  r6,a",24,0,0x9028 (back 9),framed by every anchor in range; no PSW write within 64 bytes; bank not found by this scan
register,pd,0x2AC65,0xAC65,7e 74,,"mov  r6,#0x74",0,24,0x9028 (back 15),unsyncable: no anchor in range lands on it; may be data or preceded by a dispatch table; no PSW write within 64 bytes; bank not found by this scan
register,pd,0x2AC7D,0xAC7D,0d,,inc  r5,0,24,0x909A (back 9),unsyncable: no anchor in range lands on it; may be data or preceded by a dispatch table; no PSW write within 64 bytes; bank not found by this scan
register,pd,0x2AC7F,0xAC7F,fe,,"mov  r6,a",24,0,0x909A (back 11),framed by every anchor in range; no PSW write within 64 bytes; bank not found by this scan
register,pd,0x2AC8E,0xAC8E,fd,,"mov  r5,a",24,0,0x9028 (back 11),framed by every anchor in range; no PSW write within 64 bytes; bank not found by this scan
register,pd,0x2ACAB,0xACAB,fe,,"mov  r6,a",24,0,0x9028 (back 8),framed by every anchor in range; no PSW write within 64 bytes; bank not found by this scan
register,pd,0x2AD0B,0xAD0B,fe,,"mov  r6,a",24,0,0xA8FF (back 3),framed by every anchor in range; no PSW write within 64 bytes; bank not found by this scan
register,pd,0x2AD0C,0xAD0C,fd,,"mov  r5,a",24,0,0xA8FF (back 4),framed by every anchor in range; no PSW write within 64 bytes; bank not found by this scan
register,pd,0x2AD29,0xAD29,0e,,inc  r6,1,23,0x0FAF (back 11),some anchors miss it; see frame_onto/frame_over; no PSW write within 64 bytes; bank not found by this scan
register,pd,0x2AD54,0xAD54,0d,,inc  r5,0,24,0x0F00 (back 4),unsyncable: no anchor in range lands on it; may be data or preceded by a dispatch table; no PSW write within 64 bytes; bank not found by this scan
register,pd,0x2AD8A,0xAD8A,fd,,"mov  r5,a",24,0,0x10E8 (back 45),framed by every anchor in range; no PSW write within 64 bytes; bank not found by this scan
register,pd,0x2AD92,0xAD92,fd,,"mov  r5,a",24,0,0x10E8 (back 53),framed by every anchor in range; no PSW write within 64 bytes; bank not found by this scan
register,pd,0x2ADA2,0xADA2,fd,,"mov  r5,a",24,0,0xAA90 (back 12),framed by every anchor in range; no PSW write within 64 bytes; bank not found by this scan
register,pd,0x2ADCA,0xADCA,fe,,"mov  r6,a",24,0,0x0BC4 (back 3),framed by every anchor in range; no PSW write within 64 bytes; bank not found by this scan
register,pd,0x2ADCE,0xADCE,fd,,"mov  r5,a",22,2,0x0BAB (back 3),some anchors miss it; see frame_onto/frame_over; no PSW write within 64 bytes; bank not found by this scan
register,pd,0x2ADE9,0xADE9,ae 7a,,"mov  r6,0x7a",24,0,0xA89C (back 2),framed by every anchor in range; no PSW write within 64 bytes; bank not found by this scan
register,pd,0x2ADEC,0xADEC,ae 7a,,"mov  r6,0x7a",1,23,0xA89C (back 5),some anchors miss it; see frame_onto/frame_over; no PSW write within 64 bytes; bank not found by this scan
register,pd,0x2ADEF,0xADEF,ae 1a,,"mov  r6,0x1a",21,3,0xA8AE (back 4),some anchors miss it; see frame_onto/frame_over; no PSW write within 64 bytes; bank not found by this scan
register,pd,0x2ADF2,0xADF2,ae 38,,"mov  r6,0x38",24,0,0xA8AE (back 7),framed by every anchor in range; no PSW write within 64 bytes; bank not found by this scan
register,pd,0x2ADF5,0xADF5,ae 7a,,"mov  r6,0x7a",24,0,0xA8AE (back 10),framed by every anchor in range; no PSW write within 64 bytes; bank not found by this scan
register,pd,0x2ADF8,0xADF8,ae 53,,"mov  r6,0x53",1,23,0xA8AE (back 13),some anchors miss it; see frame_onto/frame_over; no PSW write within 64 bytes; bank not found by this scan
register,pd,0x2ADFB,0xADFB,ae 7a,,"mov  r6,0x7a",3,21,0xA8AE (back 16),some anchors miss it; see frame_onto/frame_over; no PSW write within 64 bytes; bank not found by this scan
register,pd,0x2ADFE,0xADFE,ae 7a,,"mov  r6,0x7a",24,0,0xA8AE (back 19),framed by every anchor in range; no PSW write within 64 bytes; bank not found by this scan
register,pd,0x2AE01,0xAE01,ae 7a,,"mov  r6,0x7a",24,0,0xA8AE (back 22),framed by every anchor in range; no PSW write within 64 bytes; bank not found by this scan
register,pd,0x2AE04,0xAE04,ae 7a,,"mov  r6,0x7a",24,0,0xA8AE (back 25),framed by every anchor in range; no PSW write within 64 bytes; bank not found by this scan
register,pd,0x2AE07,0xAE07,ae 7a,,"mov  r6,0x7a",24,0,0xA8AE (back 28),framed by every anchor in range; no PSW write within 64 bytes; bank not found by this scan
register,pd,0x2AE0A,0xAE0A,ae 7a,,"mov  r6,0x7a",24,0,0xA8AE (back 31),framed by every anchor in range; no PSW write within 64 bytes; bank not found by this scan
register,pd,0x2AE0D,0xAE0D,ae 7a,,"mov  r6,0x7a",24,0,0xA8AE (back 34),framed by every anchor in range; no PSW write within 64 bytes; bank not found by this scan
register,pd,0x2AE0F,0xAE0F,0d,,inc  r5,23,1,0xA8AE (back 36),some anchors miss it; see frame_onto/frame_over; no PSW write within 64 bytes; bank not found by this scan
register,pd,0x2AE10,0xAE10,ae 7a,,"mov  r6,0x7a",24,0,0xA8AE (back 37),framed by every anchor in range; no PSW write within 64 bytes; bank not found by this scan
register,pd,0x2AE12,0xAE12,0e,,inc  r6,23,1,0xA8AE (back 39),some anchors miss it; see frame_onto/frame_over; no PSW write within 64 bytes; bank not found by this scan
register,pd,0x2AE13,0xAE13,ae 80,,"mov  r6,0x80",24,0,0xA8AE (back 40),framed by every anchor in range; no PSW write within 64 bytes; bank not found by this scan
register,pd,0x2AE18,0xAE18,ae 7a,,"mov  r6,0x7a",24,0,0xA8AE (back 45),framed by every anchor in range; no PSW write within 64 bytes; bank not found by this scan
register,pd,0x2AE25,0xAE25,cd,,"xch  a,r5",0,24,0x394F (back 5),unsyncable: no anchor in range lands on it; may be data or preceded by a dispatch table; no PSW write within 64 bytes; bank not found by this scan
register,pd,0x2AE33,0xAE33,ae 91,,"mov  r6,0x91",0,24,0x34CD (back 16),unsyncable: no anchor in range lands on it; may be data or preceded by a dispatch table; no PSW write within 64 bytes; bank not found by this scan
register,pd,0x2AE36,0xAE36,ae 73,,"mov  r6,0x73",1,23,0xAC02 (back 2),some anchors miss it; see frame_onto/frame_over; no PSW write within 64 bytes; bank not found by this scan
register,pd,0x2AE39,0xAE39,ae 83,,"mov  r6,0x83",0,24,0xAC02 (back 5),unsyncable: no anchor in range lands on it; may be data or preceded by a dispatch table; no PSW write within 64 bytes; bank not found by this scan
register,pd,0x2AE46,0xAE46,cd,,"xch  a,r5",0,24,0x394F (back 5),unsyncable: no anchor in range lands on it; may be data or preceded by a dispatch table; no PSW write within 64 bytes; bank not found by this scan
register,pd,0x2AE54,0xAE54,ae 83,,"mov  r6,0x83",0,24,0xAC80 (back 4),unsyncable: no anchor in range lands on it; may be data or preceded by a dispatch table; no PSW write within 64 bytes; bank not found by this scan
register,pd,0x2AE61,0xAE61,cd,,"xch  a,r5",0,24,0x394F (back 5),unsyncable: no anchor in range lands on it; may be data or preceded by a dispatch table; no PSW write within 64 bytes; bank not found by this scan
register,pd,0x2AE6B,0xAE6B,fd,,"mov  r5,a",24,0,0x34CD (back 12),framed by every anchor in range; no PSW write within 64 bytes; bank not found by this scan
register,pd,0x2AE7E,0xAE7E,ae 91,,"mov  r6,0x91",0,24,0x34CD (back 31),unsyncable: no anchor in range lands on it; may be data or preceded by a dispatch table; no PSW write within 64 bytes; bank not found by this scan
register,pd,0x2AE8A,0xAE8A,fd,,"mov  r5,a",24,0,0xAC7F (back 11),framed by every anchor in range; no PSW write within 64 bytes; bank not found by this scan
register,pd,0x2AE95,0xAE95,fd,,"mov  r5,a",24,0,0xAC7F (back 22),framed by every anchor in range; no PSW write within 64 bytes; bank not found by this scan
register,pd,0x2AEB5,0xAEB5,ad 94,,"mov  r5,0x94",0,24,0xA8FF (back 8),unsyncable: no anchor in range lands on it; may be data or preceded by a dispatch table; no PSW write within 64 bytes; bank not found by this scan
register,pd,0x2AEDA,0xAEDA,ad a4,,"mov  r5,0xa4",0,24,0xACE4 (back 4),unsyncable: no anchor in range lands on it; may be data or preceded by a dispatch table; no PSW write within 64 bytes; bank not found by this scan
register,pd,0x2AEDD,0xAEDD,ad 09,,"mov  r5,0x09",0,24,0xADA4 (back 4),unsyncable: no anchor in range lands on it; may be data or preceded by a dispatch table; no PSW write within 64 bytes; bank not found by this scan
register,pd,0x2AF0B,0xAF0B,fd,,"mov  r5,a",24,0,0xAEE0 (back 8),framed by every anchor in range; no PSW write within 64 bytes; bank not found by this scan
register,pd,0x2AF14,0xAF14,ad 41,,"mov  r5,0x41",0,24,0xAEE0 (back 3),unsyncable: no anchor in range lands on it; may be data or preceded by a dispatch table; no PSW write within 64 bytes; bank not found by this scan
register,pd,0x2AF21,0xAF21,fe,,"mov  r6,a",0,24,0x0FAF (back 5),unsyncable: no anchor in range lands on it; may be data or preceded by a dispatch table; no PSW write within 64 bytes; bank not found by this scan
register,pd,0x2AF29,0xAF29,ad 94,,"mov  r5,0x94",0,24,0x0FAF (back 13),unsyncable: no anchor in range lands on it; may be data or preceded by a dispatch table; no PSW write within 64 bytes; bank not found by this scan
register,pd,0x2AF2C,0xAF2C,ad 41,,"mov  r5,0x41",1,23,0xAD94 (back 4),some anchors miss it; see frame_onto/frame_over; no PSW write within 64 bytes; bank not found by this scan
register,pd,0x2AF41,0xAF41,ad 94,,"mov  r5,0x94",0,24,0x0FAF (back 13),unsyncable: no anchor in range lands on it; may be data or preceded by a dispatch table; no PSW write within 64 bytes; bank not found by this scan
register,pd,0x2AF50,0xAF50,ad 2e,,"mov  r5,0x2e",0,24,0x104D (back 9),unsyncable: no anchor in range lands on it; may be data or preceded by a dispatch table; no PSW write within 64 bytes; bank not found by this scan
register,pd,0x2AF63,0xAF63,ad 58,,"mov  r5,0x58",0,24,0xAEE0 (back 8),unsyncable: no anchor in range lands on it; may be data or preceded by a dispatch table; no PSW write within 64 bytes; bank not found by this scan
register,pd,0x2AF6B,0xAF6B,7d 02,,"mov  r5,#0x02",24,0,0xAD58 (back 9),framed by every anchor in range; no PSW write within 64 bytes; bank not found by this scan
register,pd,0x2AF89,0xAF89,fd,,"mov  r5,a",24,0,0x104D (back 10),framed by every anchor in range; no PSW write within 64 bytes; bank not found by this scan
register,pd,0x2AF95,0xAF95,fe,,"mov  r6,a",24,0,0x5860 (back 4),framed by every anchor in range; no PSW write within 64 bytes; bank not found by this scan
register,pd,0x2AF98,0xAF98,fd,,"mov  r5,a",24,0,0x5860 (back 7),framed by every anchor in range; no PSW write within 64 bytes; bank not found by this scan
register,pd,0x2AFC9,0xAFC9,fe,,"mov  r6,a",20,4,0x5765 (back 3),some anchors miss it; see frame_onto/frame_over; no PSW write within 64 bytes; bank not found by this scan
register,pd,0x2AFCE,0xAFCE,fd,,"mov  r5,a",24,0,0x5765 (back 8),framed by every anchor in range; no PSW write within 64 bytes; bank not found by this scan
register,pd,0x2AFE3,0xAFE3,ae f0,,"mov  r6,0xf0",24,0,0x57F2 (back 3),framed by every anchor in range; no PSW write within 64 bytes; bank not found by this scan
register,pd,0x2AFE7,0xAFE7,fd,,"mov  r5,a",24,0,0x57F2 (back 7),framed by every anchor in range; no PSW write within 64 bytes; bank not found by this scan
register,pd,0x2B014,0xB014,dd 12,,"djnz r5,0xb028",1,23,0x0FCB (back 17),some anchors miss it; see frame_onto/frame_over; no PSW write within 64 bytes; bank not found by this scan
register,pd,0x2B018,0xB018,ae f0,,"mov  r6,0xf0",24,0,0x57F2 (back 3),framed by every anchor in range; no PSW write within 64 bytes; bank not found by this scan
register,pd,0x2B01C,0xB01C,fd,,"mov  r5,a",24,0,0x57F2 (back 7),framed by every anchor in range; no PSW write within 64 bytes; bank not found by this scan
register,pd,0x2B026,0xB026,0e,,inc  r6,0,24,0x57F2 (back 17),unsyncable: no anchor in range lands on it; may be data or preceded by a dispatch table; no PSW write within 64 bytes; bank not found by this scan
register,pd,0x2B047,0xB047,fe,,"mov  r6,a",24,0,0xAFC0 (back 18),framed by every anchor in range; no PSW write within 64 bytes; bank not found by this scan
register,pd,0x2B05F,0xB05F,fd,,"mov  r5,a",24,0,0x592E (back 13),framed by every anchor in range; no PSW write within 64 bytes; bank not found by this scan
register,pd,0x2B076,0xB076,dd ef,,"djnz r5,0xb067",0,24,0xB022 (back 4),unsyncable: no anchor in range lands on it; may be data or preceded by a dispatch table; no PSW write within 64 bytes; bank not found by this scan
register,pd,0x2B07B,0xB07B,fe,,"mov  r6,a",1,23,0xB022 (back 9),some anchors miss it; see frame_onto/frame_over; no PSW write within 64 bytes; bank not found by this scan
register,pd,0x2B090,0xB090,fe,,"mov  r6,a",24,0,0x2F12 (back 19),framed by every anchor in range; no PSW write within 64 bytes; bank not found by this scan
register,pd,0x2B0AF,0xB0AF,0e,,inc  r6,0,24,0x53E0 (back 21),unsyncable: no anchor in range lands on it; may be data or preceded by a dispatch table; no PSW write within 64 bytes; bank not found by this scan
register,pd,0x2B0E2,0xB0E2,fd,,"mov  r5,a",24,0,0x53E0 (back 72),framed by every anchor in range; no PSW write within 64 bytes; bank not found by this scan
register,pd,0x2B0F5,0xB0F5,7e 00,,"mov  r6,#0x00",23,1,0x53E0 (back 91),some anchors miss it; see frame_onto/frame_over; no PSW write within 64 bytes; bank not found by this scan
register,pd,0x2B0F7,0xB0F7,7d 00,,"mov  r5,#0x00",24,0,0x7E00 (back 3),framed by every anchor in range; no PSW write within 64 bytes; bank not found by this scan
register,pd,0x2B111,0xB111,ce,,"xch  a,r6",24,0,0x53E0 (back 15),framed by every anchor in range; no PSW write within 64 bytes; bank not found by this scan
register,pd,0x2B113,0xB113,ce,,"xch  a,r6",24,0,0x53E0 (back 17),framed by every anchor in range; no PSW write within 64 bytes; bank not found by this scan
register,pd,0x2B11B,0xB11B,fd,,"mov  r5,a",24,0,0x53E0 (back 25),framed by every anchor in range; no PSW write within 64 bytes; bank not found by this scan
register,pd,0x2B139,0xB139,ce,,"xch  a,r6",24,0,0xB080 (back 17),framed by every anchor in range; no PSW write within 64 bytes; bank not found by this scan
register,pd,0x2B13B,0xB13B,ce,,"xch  a,r6",24,0,0xB080 (back 19),framed by every anchor in range; no PSW write within 64 bytes; bank not found by this scan
register,pd,0x2B143,0xB143,fd,,"mov  r5,a",24,0,0xB080 (back 27),framed by every anchor in range; no PSW write within 64 bytes; bank not found by this scan
register,pd,0x2B1BD,0xB1BD,fd,,"mov  r5,a",24,0,0x0FAF (back 19),framed by every anchor in range; no PSW write within 64 bytes; bank not found by this scan
register,pd,0x2B20F,0xB20F,0d,,inc  r5,0,24,0xB0FF (back 11),unsyncable: no anchor in range lands on it; may be data or preceded by a dispatch table; no PSW write within 64 bytes; bank not found by this scan
register,pd,0x2B212,0xB212,ae f0,,"mov  r6,0xf0",24,0,0x0D38 (back 4),framed by every anchor in range; no PSW write within 64 bytes; bank not found by this scan
register,pd,0x2B221,0xB221,fd,,"mov  r5,a",0,24,0x0D38 (back 19),unsyncable: no anchor in range lands on it; may be data or preceded by a dispatch table; no PSW write within 64 bytes; bank not found by this scan
register,pd,0x2B249,0xB249,fe,,"mov  r6,a",24,0,0xB0FF (back 3),framed by every anchor in range; no PSW write within 64 bytes; bank not found by this scan
register,pd,0x2B24A,0xB24A,fd,,"mov  r5,a",24,0,0xB0FF (back 4),framed by every anchor in range; no PSW write within 64 bytes; bank not found by this scan
register,pd,0x2B253,0xB253,0e,,inc  r6,1,23,0xB0FF (back 13),some anchors miss it; see frame_onto/frame_over; no PSW write within 64 bytes; bank not found by this scan
register,pd,0x2B273,0xB273,ae f0,,"mov  r6,0xf0",24,0,0x10BC (back 16),framed by every anchor in range; no PSW write within 64 bytes; bank not found by this scan
register,pd,0x2B277,0xB277,fd,,"mov  r5,a",24,0,0x10BC (back 20),framed by every anchor in range; no PSW write within 64 bytes; bank not found by this scan
register,pd,0x2B27F,0xB27F,0d,,inc  r5,0,24,0x0FCB (back 4),unsyncable: no anchor in range lands on it; may be data or preceded by a dispatch table; no PSW write within 64 bytes; bank not found by this scan
register,pd,0x2B2C0,0xB2C0,fe,,"mov  r6,a",24,0,0x0FAF (back 21),framed by every anchor in range; no PSW write within 64 bytes; bank not found by this scan
register,pd,0x2B2C6,0xB2C6,fd,,"mov  r5,a",24,0,0x0FAF (back 27),framed by every anchor in range; no PSW write within 64 bytes; bank not found by this scan
register,pd,0x2B2EA,0xB2EA,7d f5,,"mov  r5,#0xf5",0,24,0x10C8 (back 26),unsyncable: no anchor in range lands on it; may be data or preceded by a dispatch table; no PSW write within 64 bytes; bank not found by this scan
register,pd,0x2B322,0xB322,0d,,inc  r5,22,2,0xB07B (back 3),some anchors miss it; see frame_onto/frame_over; no PSW write within 64 bytes; bank not found by this scan
register,pd,0x2B33E,0xB33E,ad 10,,"mov  r5,0x10",3,21,0xB022 (back 15),some anchors miss it; see frame_onto/frame_over; no PSW write within 64 bytes; bank not found by this scan
register,pd,0x2B36B,0xB36B,fd,,"mov  r5,a",0,24,0xAD10 (back 46),unsyncable: no anchor in range lands on it; may be data or preceded by a dispatch table; no PSW write within 64 bytes; bank not found by this scan
register,pd,0x2B395,0xB395,fd,,"mov  r5,a",24,0,0xAD10 (back 88),framed by every anchor in range; no PSW write within 64 bytes; bank not found by this scan
register,pd,0x2B3B5,0xB3B5,ad a4,,"mov  r5,0xa4",0,24,0xACE4 (back 4),unsyncable: no anchor in range lands on it; may be data or preceded by a dispatch table; no PSW write within 64 bytes; bank not found by this scan
register,pd,0x2B3B8,0xB3B8,ad 09,,"mov  r5,0x09",0,24,0xADA4 (back 4),unsyncable: no anchor in range lands on it; may be data or preceded by a dispatch table; no PSW write within 64 bytes; bank not found by this scan
register,pd,0x2B3C1,0xB3C1,ad 1e,,"mov  r5,0x1e",1,23,0xACC0 (back 4),some anchors miss it; see frame_onto/frame_over; no PSW write within 64 bytes; bank not found by this scan
register,pd,0x2B3C2,0xB3C2,1e,,dec  r6,0,24,0xACC0 (back 5),unsyncable: no anchor in range lands on it; may be data or preceded by a dispatch table; no PSW write within 64 bytes; bank not found by this scan
register,pd,0x2B3DE,0xB3DE,ad 4d,,"mov  r5,0x4d",0,24,0xACB7 (back 4),unsyncable: no anchor in range lands on it; may be data or preceded by a dispatch table; no PSW write within 64 bytes; bank not found by this scan
register,pd,0x2B3E3,0xB3E3,ad 23,,"mov  r5,0x23",1,23,0xAD4D (back 6),some anchors miss it; see frame_onto/frame_over; no PSW write within 64 bytes; bank not found by this scan
register,pd,0x2B3F4,0xB3F4,fd,,"mov  r5,a",1,23,0xB37C (back 6),some anchors miss it; see frame_onto/frame_over; no PSW write within 64 bytes; bank not found by this scan
register,pd,0x2B437,0xB437,0d,,inc  r5,0,24,0x705C (back 8),unsyncable: no anchor in range lands on it; may be data or preceded by a dispatch table; no PSW write within 64 bytes; bank not found by this scan
register,pd,0x2B47C,0xB47C,fd,,"mov  r5,a",23,1,0x70B2 (back 3),some anchors miss it; see frame_onto/frame_over; no PSW write within 64 bytes; bank not found by this scan
register,pd,0x2B4B6,0xB4B6,fd,,"mov  r5,a",24,0,0x705C (back 8),framed by every anchor in range; no PSW write within 64 bytes; bank not found by this scan
register,pd,0x2B4FF,0xB4FF,fe,,"mov  r6,a",20,4,0x5765 (back 3),some anchors miss it; see frame_onto/frame_over; no PSW write within 64 bytes; bank not found by this scan
register,pd,0x2B504,0xB504,fd,,"mov  r5,a",24,0,0x5765 (back 8),framed by every anchor in range; no PSW write within 64 bytes; bank not found by this scan
register,pd,0x2B529,0xB529,dd 90,,"djnz r5,0xb4bb",1,23,0x57F9 (back 22),some anchors miss it; see frame_onto/frame_over; no PSW write within 64 bytes; bank not found by this scan
register,pd,0x2B546,0xB546,ad 03,,"mov  r5,0x03",21,3,0xB0AC (back 3),some anchors miss it; see frame_onto/frame_over; no PSW write within 64 bytes; bank not found by this scan
register,pd,0x2B54E,0xB54E,7e 00,,"mov  r6,#0x00",24,0,0xB0D0 (back 5),framed by every anchor in range; no PSW write within 64 bytes; bank not found by this scan
register,pd,0x2B559,0xB559,fe,,"mov  r6,a",24,0,0x0B85 (back 7),framed by every anchor in range; no PSW write within 64 bytes; bank not found by this scan
register,pd,0x2B561,0xB561,fd,,"mov  r5,a",24,0,0x0B85 (back 15),framed by every anchor in range; no PSW write within 64 bytes; bank not found by this scan
register,pd,0x2B58B,0xB58B,7e 00,,"mov  r6,#0x00",23,1,0xB4F6 (back 3),some anchors miss it; see frame_onto/frame_over; no PSW write within 64 bytes; bank not found by this scan
register,pd,0x2B58F,0xB58F,7d 00,,"mov  r5,#0x00",23,1,0xB4F6 (back 7),some anchors miss it; see frame_onto/frame_over; no PSW write within 64 bytes; bank not found by this scan
register,pd,0x2B59D,0xB59D,0e,,inc  r6,1,23,0x8D22 (back 5),some anchors miss it; see frame_onto/frame_over; no PSW write within 64 bytes; bank not found by this scan
register,pd,0x2B5A3,0xB5A3,0d,,inc  r5,2,22,0x10E8 (back 5),some anchors miss it; see frame_onto/frame_over; no PSW write within 64 bytes; bank not found by this scan
register,pd,0x2B5AD,0xB5AD,fe,,"mov  r6,a",24,0,0x998B (back 4),framed by every anchor in range; no PSW write within 64 bytes; bank not found by this scan
register,pd,0x2B5C3,0xB5C3,0e,,inc  r6,1,23,0x9A98 (back 7),some anchors miss it; see frame_onto/frame_over; no PSW write within 64 bytes; bank not found by this scan
register,pd,0x2B5CD,0xB5CD,0d,,inc  r5,1,23,0x0C46 (back 5),some anchors miss it; see frame_onto/frame_over; no PSW write within 64 bytes; bank not found by this scan
register,pd,0x2B5E9,0xB5E9,fe,,"mov  r6,a",24,0,0x9A99 (back 4),framed by every anchor in range; no PSW write within 64 bytes; bank not found by this scan
register,pd,0x2B5F7,0xB5F7,0d,,inc  r5,0,24,0x10C8 (back 7),unsyncable: no anchor in range lands on it; may be data or preceded by a dispatch table; no PSW write within 64 bytes; bank not found by this scan
register,pd,0x2B604,0xB604,fd,,"mov  r5,a",24,0,0x9A48 (back 8),framed by every anchor in range; no PSW write within 64 bytes; bank not found by this scan
register,pd,0x2B610,0xB610,ae f0,,"mov  r6,0xf0",24,0,0x9A48 (back 20),framed by every anchor in range; no PSW write within 64 bytes; bank not found by this scan
register,pd,0x2B618,0xB618,0d,,inc  r5,1,23,0x9A48 (back 28),some anchors miss it; see frame_onto/frame_over; no PSW write within 64 bytes; bank not found by this scan
register,pd,0x2B636,0xB636,ad 03,,"mov  r5,0x03",21,3,0xB0AC (back 3),some anchors miss it; see frame_onto/frame_over; no PSW write within 64 bytes; bank not found by this scan
register,pd,0x2B64D,0xB64D,0d,,inc  r5,1,23,0x99D4 (back 5),some anchors miss it; see frame_onto/frame_over; no PSW write within 64 bytes; bank not found by this scan
register,pd,0x2B664,0xB664,0d,,inc  r5,1,23,0x99A3 (back 5),some anchors miss it; see frame_onto/frame_over; no PSW write within 64 bytes; bank not found by this scan
register,pd,0x2B670,0xB670,0d,,inc  r5,3,21,0xB290 (back 3),some anchors miss it; see frame_onto/frame_over; no PSW write within 64 bytes; bank not found by this scan
register,pd,0x2B67C,0xB67C,fe,,"mov  r6,a",24,0,0x398B (back 4),framed by every anchor in range; no PSW write within 64 bytes; bank not found by this scan
register,pd,0x2B67D,0xB67D,fd,,"mov  r5,a",24,0,0x398B (back 5),framed by every anchor in range; no PSW write within 64 bytes; bank not found by this scan
register,pd,0x2B6AC,0xB6AC,fd,,"mov  r5,a",24,0,0x38E2 (back 3),framed by every anchor in range; no PSW write within 64 bytes; bank not found by this scan
register,pd,0x2B6D4,0xB6D4,fe,,"mov  r6,a",24,0,0x3A2A (back 6),framed by every anchor in range; no PSW write within 64 bytes; bank not found by this scan
register,pd,0x2B6D6,0xB6D6,fd,,"mov  r5,a",24,0,0x3A2A (back 8),framed by every anchor in range; no PSW write within 64 bytes; bank not found by this scan
register,pd,0x2B6ED,0xB6ED,0d,,inc  r5,1,23,0x3835 (back 7),some anchors miss it; see frame_onto/frame_over; no PSW write within 64 bytes; bank not found by this scan
register,pd,0x2B6FE,0xB6FE,fd,,"mov  r5,a",24,0,0x349B (back 7),framed by every anchor in range; no PSW write within 64 bytes; bank not found by this scan
register,pd,0x2B6FF,0xB6FF,fe,,"mov  r6,a",24,0,0x349B (back 8),framed by every anchor in range; no PSW write within 64 bytes; bank not found by this scan
register,pd,0x2B749,0xB749,7d 60,,"mov  r5,#0x60",23,1,0xB022 (back 12),some anchors miss it; see frame_onto/frame_over; no PSW write within 64 bytes; bank not found by this scan
register,pd,0x2B74F,0xB74F,fe,,"mov  r6,a",23,1,0x7D60 (back 7),some anchors miss it; see frame_onto/frame_over; no PSW write within 64 bytes; bank not found by this scan
register,pd,0x2B76D,0xB76D,ad 07,,"mov  r5,0x07",24,0,0x36CB (back 5),framed by every anchor in range; no PSW write within 64 bytes; bank not found by this scan
register,pd,0x2B7BF,0xB7BF,fe,,"mov  r6,a",24,0,0x04C0 (back 12),framed by every anchor in range; no PSW write within 64 bytes; bank not found by this scan
register,pd,0x2B846,0xB846,7d 01,,"mov  r5,#0x01",24,0,0x0BAB (back 5),framed by every anchor in range; no PSW write within 64 bytes; bank not found by this scan
register,pd,0x2B84A,0xB84A,7d 05,,"mov  r5,#0x05",22,2,0x0BAB (back 9),some anchors miss it; see frame_onto/frame_over; no PSW write within 64 bytes; bank not found by this scan
register,pd,0x2B850,0xB850,ae f0,,"mov  r6,0xf0",24,0,0x9A45 (back 4),framed by every anchor in range; no PSW write within 64 bytes; bank not found by this scan
register,pd,0x2B866,0xB866,7e 00,,"mov  r6,#0x00",24,0,0x10E8 (back 7),framed by every anchor in range; no PSW write within 64 bytes; bank not found by this scan
register,pd,0x2B86E,0xB86E,ce,,"xch  a,r6",24,0,0x10E8 (back 15),framed by every anchor in range; no PSW write within 64 bytes; bank not found by this scan
register,pd,0x2B870,0xB870,ce,,"xch  a,r6",24,0,0x10E8 (back 17),framed by every anchor in range; no PSW write within 64 bytes; bank not found by this scan
register,pd,0x2B88C,0xB88C,fe,,"mov  r6,a",24,0,0x12F4 (back 8),framed by every anchor in range; no PSW write within 64 bytes; bank not found by this scan
register,pd,0x2B8BD,0xB8BD,ae 02,,"mov  r6,0x02",23,1,0x9ABE (back 5),some anchors miss it; see frame_onto/frame_over; no PSW write within 64 bytes; bank not found by this scan
register,pd,0x2B8BF,0xB8BF,ad 03,,"mov  r5,0x03",22,2,0xB8AE (back 3),some anchors miss it; see frame_onto/frame_over; no PSW write within 64 bytes; bank not found by this scan
register,pd,0x2B8D0,0xB8D0,7d 0f,,"mov  r5,#0x0f",23,1,0x1041 (back 12),some anchors miss it; see frame_onto/frame_over; no PSW write within 64 bytes; bank not found by this scan
register,pd,0x2B8E1,0xB8E1,fd,,"mov  r5,a",24,0,0xB822 (back 8),framed by every anchor in range; no PSW write within 64 bytes; bank not found by this scan
register,pd,0x2B8E2,0xB8E2,fe,,"mov  r6,a",24,0,0xB822 (back 9),framed by every anchor in range; no PSW write within 64 bytes; bank not found by this scan
register,pd,0x2B8F0,0xB8F0,fd,,"mov  r5,a",24,0,0x9028 (back 10),framed by every anchor in range; no PSW write within 64 bytes; bank not found by this scan
register,pd,0x2B8FA,0xB8FA,fd,,"mov  r5,a",24,0,0x9028 (back 20),framed by every anchor in range; no PSW write within 64 bytes; bank not found by this scan
register,pd,0x2B903,0xB903,fd,,"mov  r5,a",24,0,0x9028 (back 29),framed by every anchor in range; no PSW write within 64 bytes; bank not found by this scan
register,pd,0x2B906,0xB906,fe,,"mov  r6,a",24,0,0x9028 (back 32),framed by every anchor in range; no PSW write within 64 bytes; bank not found by this scan
register,pd,0x2B912,0xB912,0d,,inc  r5,0,24,0x906D (back 9),unsyncable: no anchor in range lands on it; may be data or preceded by a dispatch table; no PSW write within 64 bytes; bank not found by this scan
register,pd,0x2B91C,0xB91C,fe,,"mov  r6,a",24,0,0x9028 (back 9),framed by every anchor in range; no PSW write within 64 bytes; bank not found by this scan
register,pd,0x2B922,0xB922,7e 74,,"mov  r6,#0x74",1,23,0x9028 (back 15),some anchors miss it; see frame_onto/frame_over; no PSW write within 64 bytes; bank not found by this scan
register,pd,0x2B95F,0xB95F,fd,,"mov  r5,a",24,0,0xB8FB (back 5),framed by every anchor in range; no PSW write within 64 bytes; bank not found by this scan
register,pd,0x2B96D,0xB96D,7d 02,,"mov  r5,#0x02",24,0,0x90D6 (back 5),framed by every anchor in range; no PSW write within 64 bytes; bank not found by this scan
register,pd,0x2B976,0xB976,7d 03,,"mov  r5,#0x03",24,0,0x8007 (back 8),framed by every anchor in range; no PSW write within 64 bytes; bank not found by this scan
register,pd,0x2B97A,0xB97A,0e,,inc  r6,0,24,0x8007 (back 12),unsyncable: no anchor in range lands on it; may be data or preceded by a dispatch table; no PSW write within 64 bytes; bank not found by this scan
register,pd,0x2B988,0xB988,fe,,"mov  r6,a",0,24,0x906D (back 5),unsyncable: no anchor in range lands on it; may be data or preceded by a dispatch table; no PSW write within 64 bytes; bank not found by this scan
register,pd,0x2B995,0xB995,fe,,"mov  r6,a",24,0,0x9028 (back 8),framed by every anchor in range; no PSW write within 64 bytes; bank not found by this scan
register,pd,0x2B9AA,0xB9AA,7d 74,,"mov  r5,#0x74",24,0,0x9028 (back 17),framed by every anchor in range; no PSW write within 64 bytes; bank not found by this scan
register,pd,0x2B9AF,0xB9AF,7e 00,,"mov  r6,#0x00",24,0,0x9028 (back 22),framed by every anchor in range; no PSW write within 64 bytes; bank not found by this scan
register,pd,0x2B9B7,0xB9B7,7d 00,,"mov  r5,#0x00",24,0,0x9028 (back 30),framed by every anchor in range; no PSW write within 64 bytes; bank not found by this scan
register,pd,0x2BA05,0xBA05,fe,,"mov  r6,a",24,0,0x0FAF (back 8),framed by every anchor in range; no PSW write within 64 bytes; bank not found by this scan
register,pd,0x2BA06,0xBA06,fd,,"mov  r5,a",24,0,0x0FAF (back 9),framed by every anchor in range; no PSW write within 64 bytes; bank not found by this scan
register,pd,0x2BA37,0xBA37,cd,,"xch  a,r5",1,23,0x88BE (back 18),some anchors miss it; see frame_onto/frame_over; no PSW write within 64 bytes; bank not found by this scan
register,pd,0x2BA45,0xBA45,ad 70,,"mov  r5,0x70",1,23,0xB3ED (back 8),some anchors miss it; see frame_onto/frame_over; no PSW write within 64 bytes; bank not found by this scan
register,pd,0x2BA5A,0xBA5A,7d 33,,"mov  r5,#0x33",24,0,0x104D (back 12),framed by every anchor in range; no PSW write within 64 bytes; bank not found by this scan
register,pd,0x2BA80,0xBA80,0d,,inc  r5,22,2,0xB87B (back 3),some anchors miss it; see frame_onto/frame_over; no PSW write within 64 bytes; bank not found by this scan
register,pd,0x2BAAE,0xBAAE,fd,,"mov  r5,a",24,0,0x9792 (back 13),framed by every anchor in range; no PSW write within 64 bytes; bank not found by this scan
register,pd,0x2BABE,0xBABE,fd,,"mov  r5,a",24,0,0x9792 (back 29),framed by every anchor in range; no PSW write within 64 bytes; bank not found by this scan
register,pd,0x2BAC6,0xBAC6,0d,,inc  r5,0,24,0x9792 (back 37),unsyncable: no anchor in range lands on it; may be data or preceded by a dispatch table; no PSW write within 64 bytes; bank not found by this scan
register,pd,0x2BB4B,0xBB4B,de 90,,"djnz r6,0xbadd",0,24,0xB233 (back 7),unsyncable: no anchor in range lands on it; may be data or preceded by a dispatch table; no PSW write within 64 bytes; bank not found by this scan
register,pd,0x2BB63,0xBB63,0d,,inc  r5,0,24,0x0FAF (back 7),unsyncable: no anchor in range lands on it; may be data or preceded by a dispatch table; no PSW write within 64 bytes; bank not found by this scan
register,pd,0x2BBF7,0xBBF7,fe,,"mov  r6,a",24,0,0x9106 (back 6),framed by every anchor in range; no PSW write within 64 bytes; bank not found by this scan
register,pd,0x2BC03,0xBC03,fd,,"mov  r5,a",24,0,0x9028 (back 8),framed by every anchor in range; no PSW write within 64 bytes; bank not found by this scan
register,pd,0x2BC05,0xBC05,fe,,"mov  r6,a",24,0,0x9028 (back 10),framed by every anchor in range; no PSW write within 64 bytes; bank not found by this scan
register,pd,0x2BC1A,0xBC1A,fe,,"mov  r6,a",24,0,0xB9EC (back 2),framed by every anchor in range; no PSW write within 64 bytes; bank not found by this scan
register,pd,0x2BC26,0xBC26,fd,,"mov  r5,a",24,0,0x9028 (back 8),framed by every anchor in range; no PSW write within 64 bytes; bank not found by this scan
register,pd,0x2BC28,0xBC28,fe,,"mov  r6,a",24,0,0x9028 (back 10),framed by every anchor in range; no PSW write within 64 bytes; bank not found by this scan
register,pd,0x2BC37,0xBC37,fd,,"mov  r5,a",0,24,0x9028 (back 5),unsyncable: no anchor in range lands on it; may be data or preceded by a dispatch table; no PSW write within 64 bytes; bank not found by this scan
register,pd,0x2BC3A,0xBC3A,fd,,"mov  r5,a",23,1,0x9028 (back 8),some anchors miss it; see frame_onto/frame_over; no PSW write within 64 bytes; bank not found by this scan
register,pd,0x2BC3C,0xBC3C,fe,,"mov  r6,a",24,0,0x9028 (back 10),framed by every anchor in range; no PSW write within 64 bytes; bank not found by this scan
register,pd,0x2BC46,0xBC46,fe,,"mov  r6,a",24,0,0x9028 (back 6),framed by every anchor in range; no PSW write within 64 bytes; bank not found by this scan
register,pd,0x2BC53,0xBC53,fe,,"mov  r6,a",24,0,0x9028 (back 9),framed by every anchor in range; no PSW write within 64 bytes; bank not found by this scan
register,pd,0x2BC66,0xBC66,fe,,"mov  r6,a",24,0,0x9028 (back 8),framed by every anchor in range; no PSW write within 64 bytes; bank not found by this scan
register,pd,0x2BC6F,0xBC6F,fe,,"mov  r6,a",0,24,0x9028 (back 5),unsyncable: no anchor in range lands on it; may be data or preceded by a dispatch table; no PSW write within 64 bytes; bank not found by this scan
register,pd,0x2BC72,0xBC72,fd,,"mov  r5,a",23,1,0x9028 (back 8),some anchors miss it; see frame_onto/frame_over; no PSW write within 64 bytes; bank not found by this scan
register,pd,0x2BC74,0xBC74,fe,,"mov  r6,a",24,0,0x9028 (back 10),framed by every anchor in range; no PSW write within 64 bytes; bank not found by this scan
register,pd,0x2BC8F,0xBC8F,fd,,"mov  r5,a",24,0,0x7F00 (back 5),framed by every anchor in range; no PSW write within 64 bytes; bank not found by this scan
register,pd,0x2BC90,0xBC90,fe,,"mov  r6,a",24,0,0x7F00 (back 6),framed by every anchor in range; no PSW write within 64 bytes; bank not found by this scan
register,pd,0x2BC99,0xBC99,de eb,,"djnz r6,0xbc86",5,19,0xBA90 (back 3),some anchors miss it; see frame_onto/frame_over; no PSW write within 64 bytes; bank not found by this scan
register,pd,0x2BCB2,0xBCB2,dd 12,,"djnz r5,0xbcc6",1,23,0x9BF3 (back 5),some anchors miss it; see frame_onto/frame_over; no PSW write within 64 bytes; bank not found by this scan
register,pd,0x2BCB8,0xBCB8,dd 12,,"djnz r5,0xbccc",4,20,0x10E8 (back 5),some anchors miss it; see frame_onto/frame_over; no PSW write within 64 bytes; bank not found by this scan
register,pd,0x2BD0B,0xBD0B,dd 12,,"djnz r5,0xbd1f",1,23,0x9B70 (back 7),some anchors miss it; see frame_onto/frame_over; no PSW write within 64 bytes; bank not found by this scan
register,pd,0x2BD35,0xBD35,fd,,"mov  r5,a",24,0,0x9BDC (back 4),framed by every anchor in range; no PSW write within 64 bytes; bank not found by this scan
register,pd,0x2BD3E,0xBD3E,7d 11,,"mov  r5,#0x11",22,2,0x9BDC (back 3),some anchors miss it; see frame_onto/frame_over; no PSW write within 64 bytes; bank not found by this scan
register,pd,0x2BD4C,0xBD4C,fd,,"mov  r5,a",24,0,0x9BDC (back 4),framed by every anchor in range; no PSW write within 64 bytes; bank not found by this scan
register,pd,0x2BD70,0xBD70,0d,,inc  r5,0,24,0x6003 (back 5),unsyncable: no anchor in range lands on it; may be data or preceded by a dispatch table; no PSW write within 64 bytes; bank not found by this scan
register,pd,0x2BD93,0xBD93,0d,,inc  r5,0,24,0x0FAF (back 7),unsyncable: no anchor in range lands on it; may be data or preceded by a dispatch table; no PSW write within 64 bytes; bank not found by this scan
register,pd,0x2BE2A,0xBE2A,fd,,"mov  r5,a",24,0,0x376E (back 7),framed by every anchor in range; no PSW write within 64 bytes; bank not found by this scan
register,pd,0x2BE48,0xBE48,7d 01,,"mov  r5,#0x01",24,0,0x104D (back 9),framed by every anchor in range; no PSW write within 64 bytes; bank not found by this scan
register,pd,0x2BE60,0xBE60,fe,,"mov  r6,a",24,0,0x0FAF (back 6),framed by every anchor in range; no PSW write within 64 bytes; bank not found by this scan
register,pd,0x2BE73,0xBE73,0d,,inc  r5,0,24,0x352C (back 4),unsyncable: no anchor in range lands on it; may be data or preceded by a dispatch table; no PSW write within 64 bytes; bank not found by this scan
register,pd,0x2BE7A,0xBE7A,fd,,"mov  r5,a",24,0,0x376E (back 4),framed by every anchor in range; no PSW write within 64 bytes; bank not found by this scan
register,pd,0x2BE92,0xBE92,fe,,"mov  r6,a",24,0,0x0FAF (back 6),framed by every anchor in range; no PSW write within 64 bytes; bank not found by this scan
register,pd,0x2BEC0,0xBEC0,7d 0e,,"mov  r5,#0x0e",24,0,0x104D (back 12),framed by every anchor in range; no PSW write within 64 bytes; bank not found by this scan
register,pd,0x2BEC1,0xBEC1,0e,,inc  r6,0,24,0x104D (back 13),unsyncable: no anchor in range lands on it; may be data or preceded by a dispatch table; no PSW write within 64 bytes; bank not found by this scan
register,pd,0x2BF34,0xBF34,0d,,inc  r5,0,24,0xB806 (back 7),unsyncable: no anchor in range lands on it; may be data or preceded by a dispatch table; no PSW write within 64 bytes; bank not found by this scan
register,pd,0x2BF98,0xBF98,ae 90,,"mov  r6,0x90",1,23,0x988F (back 6),some anchors miss it; see frame_onto/frame_over; no PSW write within 64 bytes; bank not found by this scan
register,pd,0x2BFB9,0xBFB9,fd,,"mov  r5,a",24,0,0x7B00 (back 4),framed by every anchor in range; no PSW write within 64 bytes; bank not found by this scan
register,pd,0x2BFC2,0xBFC2,fe,,"mov  r6,a",20,4,0x988F (back 3),some anchors miss it; see frame_onto/frame_over; no PSW write within 64 bytes; bank not found by this scan
register,pd,0x2BFD5,0xBFD5,7d 01,,"mov  r5,#0x01",24,0,0x7B00 (back 3),framed by every anchor in range; no PSW write within 64 bytes; bank not found by this scan
register,pd,0x2BFE9,0xBFE9,7d 02,,"mov  r5,#0x02",23,1,0xBF3E (back 9),some anchors miss it; see frame_onto/frame_over; no PSW write within 64 bytes; bank not found by this scan
register,pd,0x2C04F,0xC04F,ae 90,,"mov  r6,0x90",1,23,0x988F (back 6),some anchors miss it; see frame_onto/frame_over; no PSW write within 64 bytes; bank not found by this scan
register,pd,0x2C070,0xC070,fd,,"mov  r5,a",24,0,0x7B00 (back 4),framed by every anchor in range; no PSW write within 64 bytes; bank not found by this scan
register,pd,0x2C079,0xC079,fe,,"mov  r6,a",20,4,0x988F (back 3),some anchors miss it; see frame_onto/frame_over; no PSW write within 64 bytes; bank not found by this scan
register,pd,0x2C08C,0xC08C,7d 01,,"mov  r5,#0x01",24,0,0x7B00 (back 3),framed by every anchor in range; no PSW write within 64 bytes; bank not found by this scan
register,pd,0x2C0A0,0xC0A0,7d 02,,"mov  r5,#0x02",23,1,0x988F (back 13),some anchors miss it; see frame_onto/frame_over; no PSW write within 64 bytes; bank not found by this scan
register,pd,0x2C120,0xC120,0d,,inc  r5,0,24,0xA485 (back 12),unsyncable: no anchor in range lands on it; may be data or preceded by a dispatch table; no PSW write within 64 bytes; bank not found by this scan
register,pd,0x2C121,0xC121,0d,,inc  r5,1,23,0xA485 (back 13),some anchors miss it; see frame_onto/frame_over; no PSW write within 64 bytes; bank not found by this scan
register,pd,0x2C12A,0xC12A,fd,,"mov  r5,a",24,0,0x0D0D (back 11),framed by every anchor in range; no PSW write within 64 bytes; bank not found by this scan
register,pd,0x2C12E,0xC12E,fe,,"mov  r6,a",24,0,0x0D0D (back 15),framed by every anchor in range; no PSW write within 64 bytes; bank not found by this scan
register,pd,0x2C13E,0xC13E,fe,,"mov  r6,a",24,0,0x991A (back 7),framed by every anchor in range; no PSW write within 64 bytes; bank not found by this scan
register,pd,0x2C160,0xC160,0d,,inc  r5,4,20,0x9888 (back 4),some anchors miss it; see frame_onto/frame_over; no PSW write within 64 bytes; bank not found by this scan
register,pd,0x2C16D,0xC16D,fd,,"mov  r5,a",24,0,0x0D38 (back 14),framed by every anchor in range; no PSW write within 64 bytes; bank not found by this scan
register,pd,0x2C18B,0xC18B,ad 90,,"mov  r5,0x90",1,23,0x987F (back 8),some anchors miss it; see frame_onto/frame_over; no PSW write within 64 bytes; bank not found by this scan
register,pd,0x2C1A8,0xC1A8,fe,,"mov  r6,a",23,1,0x53E0 (back 3),some anchors miss it; see frame_onto/frame_over; no PSW write within 64 bytes; bank not found by this scan
register,pd,0x2C1AE,0xC1AE,7d 14,,"mov  r5,#0x14",24,0,0x53E0 (back 9),framed by every anchor in range; no PSW write within 64 bytes; bank not found by this scan
register,pd,0x2C1BA,0xC1BA,0e,,inc  r6,0,24,0x60E4 (back 9),unsyncable: no anchor in range lands on it; may be data or preceded by a dispatch table; no PSW write within 64 bytes; bank not found by this scan
register,pd,0x2C1C3,0xC1C3,fe,,"mov  r6,a",24,0,0x0E54 (back 10),framed by every anchor in range; no PSW write within 64 bytes; bank not found by this scan
register,pd,0x2C1C7,0xC1C7,fd,,"mov  r5,a",24,0,0x0E54 (back 14),framed by every anchor in range; no PSW write within 64 bytes; bank not found by this scan
register,pd,0x2C1D3,0xC1D3,0e,,inc  r6,0,24,0x0E54 (back 26),unsyncable: no anchor in range lands on it; may be data or preceded by a dispatch table; no PSW write within 64 bytes; bank not found by this scan
register,pd,0x2C1D7,0xC1D7,0d,,inc  r5,0,24,0x0E54 (back 5),unsyncable: no anchor in range lands on it; may be data or preceded by a dispatch table; no PSW write within 64 bytes; bank not found by this scan
register,pd,0x2C1DA,0xC1DA,0e,,inc  r6,0,24,0x0E54 (back 8),unsyncable: no anchor in range lands on it; may be data or preceded by a dispatch table; no PSW write within 64 bytes; bank not found by this scan
register,pd,0x2C1DF,0xC1DF,fe,,"mov  r6,a",1,23,0x0E54 (back 13),some anchors miss it; see frame_onto/frame_over; no PSW write within 64 bytes; bank not found by this scan
register,pd,0x2C1FB,0xC1FB,fd,,"mov  r5,a",0,24,0x2F90 (back 7),unsyncable: no anchor in range lands on it; may be data or preceded by a dispatch table; no PSW write within 64 bytes; bank not found by this scan
register,pd,0x2C209,0xC209,fd,,"mov  r5,a",0,24,0x2F90 (back 21),unsyncable: no anchor in range lands on it; may be data or preceded by a dispatch table; no PSW write within 64 bytes; bank not found by this scan
register,pd,0x2C20F,0xC20F,7e 13,,"mov  r6,#0x13",23,1,0x2F90 (back 27),some anchors miss it; see frame_onto/frame_over; no PSW write within 64 bytes; bank not found by this scan
register,pd,0x2C211,0xC211,fd,,"mov  r5,a",24,0,0x2F90 (back 29),framed by every anchor in range; no PSW write within 64 bytes; bank not found by this scan
register,pd,0x2C21C,0xC21C,0e,,inc  r6,1,23,0x0FCB (back 6),some anchors miss it; see frame_onto/frame_over; no PSW write within 64 bytes; bank not found by this scan
register,pd,0x2C234,0xC234,7e 00,,"mov  r6,#0x00",22,2,0x0F0E (back 26),some anchors miss it; see frame_onto/frame_over; no PSW write within 64 bytes; bank not found by this scan
register,pd,0x2C240,0xC240,fe,,"mov  r6,a",24,0,0xC07E (back 13),framed by every anchor in range; no PSW write within 64 bytes; bank not found by this scan
register,pd,0x2C250,0xC250,0d,,inc  r5,1,23,0xC07E (back 29),some anchors miss it; see frame_onto/frame_over; no PSW write within 64 bytes; bank not found by this scan
register,pd,0x2C262,0xC262,0d,,inc  r5,1,23,0x104D (back 9),some anchors miss it; see frame_onto/frame_over; no PSW write within 64 bytes; bank not found by this scan
register,pd,0x2C265,0xC265,7d 55,,"mov  r5,#0x55",24,0,0x104D (back 12),framed by every anchor in range; no PSW write within 64 bytes; bank not found by this scan
register,pd,0x2C271,0xC271,0d,,inc  r5,1,23,0x70E7 (back 7),some anchors miss it; see frame_onto/frame_over; no PSW write within 64 bytes; bank not found by this scan
register,pd,0x2C286,0xC286,0d,,inc  r5,1,23,0x104D (back 9),some anchors miss it; see frame_onto/frame_over; no PSW write within 64 bytes; bank not found by this scan
register,pd,0x2C289,0xC289,7d 66,,"mov  r5,#0x66",24,0,0x104D (back 12),framed by every anchor in range; no PSW write within 64 bytes; bank not found by this scan
register,pd,0x2C28C,0xC28C,0e,,inc  r6,0,24,0x104D (back 15),unsyncable: no anchor in range lands on it; may be data or preceded by a dispatch table; no PSW write within 64 bytes; bank not found by this scan
register,pd,0x2C296,0xC296,0d,,inc  r5,1,23,0x104D (back 9),some anchors miss it; see frame_onto/frame_over; no PSW write within 64 bytes; bank not found by this scan
register,pd,0x2C299,0xC299,7d 44,,"mov  r5,#0x44",24,0,0x104D (back 12),framed by every anchor in range; no PSW write within 64 bytes; bank not found by this scan
register,pd,0x2C2A4,0xC2A4,0d,,inc  r5,0,24,0x104D (back 23),unsyncable: no anchor in range lands on it; may be data or preceded by a dispatch table; no PSW write within 64 bytes; bank not found by this scan
register,pd,0x2C2BA,0xC2BA,0d,,inc  r5,9,15,0x104D (back 9),some anchors miss it; see frame_onto/frame_over; no PSW write within 64 bytes; bank not found by this scan
register,pd,0x2C2BD,0xC2BD,7d 77,,"mov  r5,#0x77",24,0,0x104D (back 12),framed by every anchor in range; no PSW write within 64 bytes; bank not found by this scan
register,pd,0x2C2C8,0xC2C8,0d,,inc  r5,0,24,0x104D (back 23),unsyncable: no anchor in range lands on it; may be data or preceded by a dispatch table; no PSW write within 64 bytes; bank not found by this scan
register,pd,0x2C2DB,0xC2DB,0d,,inc  r5,7,17,0xC290 (back 3),some anchors miss it; see frame_onto/frame_over; no PSW write within 64 bytes; bank not found by this scan
register,pd,0x2C2DE,0xC2DE,7d 88,,"mov  r5,#0x88",24,0,0xC290 (back 6),framed by every anchor in range; no PSW write within 64 bytes; bank not found by this scan
register,pd,0x2C2E5,0xC2E5,0d,,inc  r5,1,23,0xC290 (back 13),some anchors miss it; see frame_onto/frame_over; no PSW write within 64 bytes; bank not found by this scan
register,pd,0x2C33A,0xC33A,ad 75,,"mov  r5,0x75",0,24,0xB3ED (back 19),unsyncable: no anchor in range lands on it; may be data or preceded by a dispatch table; no PSW write within 64 bytes; bank not found by this scan
register,pd,0x2C33D,0xC33D,ad 4d,,"mov  r5,0x4d",0,24,0xAD75 (back 4),unsyncable: no anchor in range lands on it; may be data or preceded by a dispatch table; no PSW write within 64 bytes; bank not found by this scan
register,pd,0x2C344,0xC344,ad 24,,"mov  r5,0x24",0,24,0xAD4D (back 8),unsyncable: no anchor in range lands on it; may be data or preceded by a dispatch table; no PSW write within 64 bytes; bank not found by this scan
register,pd,0x2C351,0xC351,ad 75,,"mov  r5,0x75",0,24,0xAD24 (back 14),unsyncable: no anchor in range lands on it; may be data or preceded by a dispatch table; no PSW write within 64 bytes; bank not found by this scan
register,pd,0x2C35C,0xC35C,ad 3c,,"mov  r5,0x3c",2,22,0xC2AF (back 7),some anchors miss it; see frame_onto/frame_over; no PSW write within 64 bytes; bank not found by this scan
register,pd,0x2C35F,0xC35F,ad 01,,"mov  r5,0x01",0,24,0xAD3C (back 4),unsyncable: no anchor in range lands on it; may be data or preceded by a dispatch table; no PSW write within 64 bytes; bank not found by this scan
register,pd,0x2C374,0xC374,ae 9c,,"mov  r6,0x9c",0,24,0xC070 (back 9),unsyncable: no anchor in range lands on it; may be data or preceded by a dispatch table; no PSW write within 64 bytes; bank not found by this scan
register,pd,0x2C377,0xC377,ad 3c,,"mov  r5,0x3c",0,24,0xAE9C (back 4),unsyncable: no anchor in range lands on it; may be data or preceded by a dispatch table; no PSW write within 64 bytes; bank not found by this scan
register,pd,0x2C382,0xC382,ad 09,,"mov  r5,0x09",0,24,0x0FAF (back 7),unsyncable: no anchor in range lands on it; may be data or preceded by a dispatch table; no PSW write within 64 bytes; bank not found by this scan
register,pd,0x2C39D,0xC39D,ad 07,,"mov  r5,0x07",24,0,0xC008 (back 16),framed by every anchor in range; no PSW write within 64 bytes; bank not found by this scan
register,pd,0x2C3EC,0xC3EC,fe,,"mov  r6,a",0,24,0xA6C2 (back 7),unsyncable: no anchor in range lands on it; may be data or preceded by a dispatch table; no PSW write within 64 bytes; bank not found by this scan
register,pd,0x2C3FD,0xC3FD,fe,,"mov  r6,a",1,23,0x5312 (back 4),some anchors miss it; see frame_onto/frame_over; no PSW write within 64 bytes; bank not found by this scan
register,pd,0x2C446,0xC446,0e,,inc  r6,1,23,0xC3E2 (back 8),some anchors miss it; see frame_onto/frame_over; no PSW write within 64 bytes; bank not found by this scan
register,pd,0x2C45C,0xC45C,fd,,"mov  r5,a",24,0,0x2F90 (back 20),framed by every anchor in range; no PSW write within 64 bytes; bank not found by this scan
register,pd,0x2C45D,0xC45D,fe,,"mov  r6,a",24,0,0x2F90 (back 21),framed by every anchor in range; no PSW write within 64 bytes; bank not found by this scan
register,pd,0x2C488,0xC488,fd,,"mov  r5,a",24,0,0xC00F (back 4),framed by every anchor in range; no PSW write within 64 bytes; bank not found by this scan
register,pd,0x2C489,0xC489,fe,,"mov  r6,a",24,0,0xC00F (back 5),framed by every anchor in range; no PSW write within 64 bytes; bank not found by this scan
register,pd,0x2C491,0xC491,0d,,inc  r5,0,24,0x0FCB (back 4),unsyncable: no anchor in range lands on it; may be data or preceded by a dispatch table; no PSW write within 64 bytes; bank not found by this scan
register,pd,0x2C496,0xC496,dd 62,,"djnz r5,0xc4fa",0,24,0x0DBC (back 6),unsyncable: no anchor in range lands on it; may be data or preceded by a dispatch table; no PSW write within 64 bytes; bank not found by this scan
register,pd,0x2C49C,0xC49C,fd,,"mov  r5,a",24,0,0x0DBC (back 12),framed by every anchor in range; no PSW write within 64 bytes; bank not found by this scan
register,pd,0x2C4A7,0xC4A7,dd f5,,"djnz r5,0xc49e",0,24,0x0DBC (back 23),unsyncable: no anchor in range lands on it; may be data or preceded by a dispatch table; no PSW write within 64 bytes; bank not found by this scan
register,pd,0x2C4D9,0xC4D9,fd,,"mov  r5,a",24,0,0x104D (back 14),framed by every anchor in range; no PSW write within 64 bytes; bank not found by this scan
register,pd,0x2C4E5,0xC4E5,dd 12,,"djnz r5,0xc4f9",0,24,0x104D (back 26),unsyncable: no anchor in range lands on it; may be data or preceded by a dispatch table; no PSW write within 64 bytes; bank not found by this scan
register,pd,0x2C4F5,0xC4F5,fd,,"mov  r5,a",20,4,0x9870 (back 3),some anchors miss it; see frame_onto/frame_over; no PSW write within 64 bytes; bank not found by this scan
register,pd,0x2C501,0xC501,ae 90,,"mov  r6,0x90",2,22,0x9870 (back 15),some anchors miss it; see frame_onto/frame_over; no PSW write within 64 bytes; bank not found by this scan
register,pd,0x2C51F,0xC51F,0d,,inc  r5,5,19,0x9879 (back 4),some anchors miss it; see frame_onto/frame_over; no PSW write within 64 bytes; bank not found by this scan
register,pd,0x2C521,0xC521,fe,,"mov  r6,a",24,0,0x0D38 (back 3),framed by every anchor in range; no PSW write within 64 bytes; bank not found by this scan
register,pd,0x2C527,0xC527,fd,,"mov  r5,a",0,24,0x9850 (back 5),unsyncable: no anchor in range lands on it; may be data or preceded by a dispatch table; no PSW write within 64 bytes; bank not found by this scan
register,pd,0x2C541,0xC541,0d,,inc  r5,4,20,0x9888 (back 4),some anchors miss it; see frame_onto/frame_over; no PSW write within 64 bytes; bank not found by this scan
register,pd,0x2C556,0xC556,0d,,inc  r5,0,24,0x9879 (back 7),unsyncable: no anchor in range lands on it; may be data or preceded by a dispatch table; no PSW write within 64 bytes; bank not found by this scan
register,pd,0x2C55A,0xC55A,7d 0c,,"mov  r5,#0x0c",24,0,0x0D8F (back 5),framed by every anchor in range; no PSW write within 64 bytes; bank not found by this scan
register,pd,0x2C560,0xC560,7d 00,,"mov  r5,#0x00",23,1,0x0D8F (back 11),some anchors miss it; see frame_onto/frame_over; no PSW write within 64 bytes; bank not found by this scan
register,pd,0x2C59A,0xC59A,fd,,"mov  r5,a",0,24,0x9850 (back 5),unsyncable: no anchor in range lands on it; may be data or preceded by a dispatch table; no PSW write within 64 bytes; bank not found by this scan
register,pd,0x2C5BD,0xC5BD,7e 00,,"mov  r6,#0x00",20,4,0x9951 (back 3),some anchors miss it; see frame_onto/frame_over; no PSW write within 64 bytes; bank not found by this scan
register,pd,0x2C5C1,0xC5C1,7d 00,,"mov  r5,#0x00",24,0,0xC27E (back 5),framed by every anchor in range; no PSW write within 64 bytes; bank not found by this scan
register,pd,0x2C5C8,0xC5C8,fd,,"mov  r5,a",0,24,0x9850 (back 5),unsyncable: no anchor in range lands on it; may be data or preceded by a dispatch table; no PSW write within 64 bytes; bank not found by this scan
register,pd,0x2C5D3,0xC5D3,7e 00,,"mov  r6,#0x00",22,2,0x128D (back 3),some anchors miss it; see frame_onto/frame_over; no PSW write within 64 bytes; bank not found by this scan
register,pd,0x2C5D7,0xC5D7,7d 00,,"mov  r5,#0x00",23,1,0x8D7E (back 6),some anchors miss it; see frame_onto/frame_over; no PSW write within 64 bytes; bank not found by this scan
register,pd,0x2C5EA,0xC5EA,1e,,dec  r6,1,23,0xC060 (back 2),some anchors miss it; see frame_onto/frame_over; no PSW write within 64 bytes; bank not found by this scan
register,pd,0x2C5FB,0xC5FB,0d,,inc  r5,0,24,0x0BC4 (back 5),unsyncable: no anchor in range lands on it; may be data or preceded by a dispatch table; no PSW write within 64 bytes; bank not found by this scan
register,pd,0x2C5FE,0xC5FE,cd,,"xch  a,r5",2,22,0x0D12 (back 4),some anchors miss it; see frame_onto/frame_over; no PSW write within 64 bytes; bank not found by this scan
register,pd,0x2C62B,0xC62B,7e 00,,"mov  r6,#0x00",24,0,0x9860 (back 11),framed by every anchor in range; no PSW write within 64 bytes; bank not found by this scan
register,pd,0x2C62F,0xC62F,7d 00,,"mov  r5,#0x00",23,1,0x9860 (back 15),some anchors miss it; see frame_onto/frame_over; no PSW write within 64 bytes; bank not found by this scan
register,pd,0x2C652,0xC652,fd,,"mov  r5,a",24,0,0xA742 (back 6),framed by every anchor in range; no PSW write within 64 bytes; bank not found by this scan
register,pd,0x2C66B,0xC66B,fe,,"mov  r6,a",24,0,0xA742 (back 5),framed by every anchor in range; no PSW write within 64 bytes; bank not found by this scan
register,pd,0x2C66C,0xC66C,fd,,"mov  r5,a",24,0,0xA742 (back 6),framed by every anchor in range; no PSW write within 64 bytes; bank not found by this scan
register,pd,0x2C681,0xC681,0e,,inc  r6,0,24,0xC0D0 (back 4),unsyncable: no anchor in range lands on it; may be data or preceded by a dispatch table; no PSW write within 64 bytes; bank not found by this scan
register,pd,0x2C695,0xC695,fe,,"mov  r6,a",24,0,0xA742 (back 10),framed by every anchor in range; no PSW write within 64 bytes; bank not found by this scan
register,pd,0x2C699,0xC699,fd,,"mov  r5,a",24,0,0xA742 (back 14),framed by every anchor in range; no PSW write within 64 bytes; bank not found by this scan
register,pd,0x2C69F,0xC69F,0e,,inc  r6,0,24,0xA742 (back 20),unsyncable: no anchor in range lands on it; may be data or preceded by a dispatch table; no PSW write within 64 bytes; bank not found by this scan
register,pd,0x2C6AD,0xC6AD,fe,,"mov  r6,a",24,0,0x0EF3 (back 15),framed by every anchor in range; no PSW write within 64 bytes; bank not found by this scan
register,pd,0x2C6B0,0xC6B0,fd,,"mov  r5,a",24,0,0x0EF3 (back 18),framed by every anchor in range; no PSW write within 64 bytes; bank not found by this scan
register,pd,0x2C6CD,0xC6CD,dd f0,,"djnz r5,0xc6bf",1,23,0xB2F1 (back 6),some anchors miss it; see frame_onto/frame_over; no PSW write within 64 bytes; bank not found by this scan
register,pd,0x2C6EF,0xC6EF,fe,,"mov  r6,a",24,0,0x7F00 (back 10),framed by every anchor in range; no PSW write within 64 bytes; bank not found by this scan
register,pd,0x2C6F6,0xC6F6,fd,,"mov  r5,a",0,24,0xC0FF (back 4),unsyncable: no anchor in range lands on it; may be data or preceded by a dispatch table; no PSW write within 64 bytes; bank not found by this scan
register,pd,0x2C6FE,0xC6FE,dd 30,,"djnz r5,0xc730",1,23,0xC0FF (back 12),some anchors miss it; see frame_onto/frame_over; no PSW write within 64 bytes; bank not found by this scan
register,pd,0x2C71A,0xC71A,dd e0,,"djnz r5,0xc6fc",1,23,0xC0F0 (back 17),some anchors miss it; see frame_onto/frame_over; no PSW write within 64 bytes; bank not found by this scan
register,pd,0x2C72F,0xC72F,dd e0,,"djnz r5,0xc711",2,22,0x2290 (back 4),some anchors miss it; see frame_onto/frame_over; no PSW write within 64 bytes; bank not found by this scan
register,pd,0x2C740,0xC740,de e0,,"djnz r6,0xc722",1,23,0x0C46 (back 5),some anchors miss it; see frame_onto/frame_over; no PSW write within 64 bytes; bank not found by this scan
register,pd,0x2C75F,0xC75F,ad 67,,"mov  r5,0x67",0,24,0x0C46 (back 21),unsyncable: no anchor in range lands on it; may be data or preceded by a dispatch table; no PSW write within 64 bytes; bank not found by this scan
register,pd,0x2C764,0xC764,fd,,"mov  r5,a",24,0,0xAD67 (back 6),framed by every anchor in range; no PSW write within 64 bytes; bank not found by this scan
register,pd,0x2C787,0xC787,fd,,"mov  r5,a",24,0,0xC590 (back 8),framed by every anchor in range; no PSW write within 64 bytes; bank not found by this scan
register,pd,0x2C78C,0xC78C,ad 8c,,"mov  r5,0x8c",0,24,0xC590 (back 13),unsyncable: no anchor in range lands on it; may be data or preceded by a dispatch table; no PSW write within 64 bytes; bank not found by this scan
register,pd,0x2C793,0xC793,ad 8c,,"mov  r5,0x8c",0,24,0xAD8C (back 8),unsyncable: no anchor in range lands on it; may be data or preceded by a dispatch table; no PSW write within 64 bytes; bank not found by this scan
register,pd,0x2C799,0xC799,ad 8c,,"mov  r5,0x8c",0,24,0xAD8C (back 7),unsyncable: no anchor in range lands on it; may be data or preceded by a dispatch table; no PSW write within 64 bytes; bank not found by this scan
register,pd,0x2C79E,0xC79E,7e 00,,"mov  r6,#0x00",24,0,0xAD8C (back 6),framed by every anchor in range; no PSW write within 64 bytes; bank not found by this scan
register,pd,0x2C7A6,0xC7A6,7d 00,,"mov  r5,#0x00",24,0,0xAD8C (back 14),framed by every anchor in range; no PSW write within 64 bytes; bank not found by this scan
register,pd,0x2C7C5,0xC7C5,ad 3f,,"mov  r5,0x3f",4,20,0x8D90 (back 6),some anchors miss it; see frame_onto/frame_over; no PSW write within 64 bytes; bank not found by this scan
register,pd,0x2C7E0,0xC7E0,7d 99,,"mov  r5,#0x99",24,0,0x104D (back 9),framed by every anchor in range; no PSW write within 64 bytes; bank not found by this scan
register,pd,0x2C806,0xC806,fe,,"mov  r6,a",24,0,0xC7CA (back 15),framed by every anchor in range; no PSW write within 64 bytes; bank not found by this scan
register,pd,0x2C822,0xC822,fd,,"mov  r5,a",24,0,0xB208 (back 7),framed by every anchor in range; no PSW write within 64 bytes; bank not found by this scan
register,pd,0x2C8B3,0xC8B3,1d,,dec  r5,8,16,0x104D (back 8),some anchors miss it; see frame_onto/frame_over; no PSW write within 64 bytes; bank not found by this scan
register,pd,0x2C8C4,0xC8C4,fd,,"mov  r5,a",24,0,0x104D (back 13),framed by every anchor in range; no PSW write within 64 bytes; bank not found by this scan
register,pd,0x2C8D6,0xC8D6,7d 01,,"mov  r5,#0x01",24,0,0x104D (back 12),framed by every anchor in range; no PSW write within 64 bytes; bank not found by this scan
register,pd,0x2C8EB,0xC8EB,7d 01,,"mov  r5,#0x01",24,0,0x1041 (back 8),framed by every anchor in range; no PSW write within 64 bytes; bank not found by this scan
register,pd,0x2C932,0xC932,fd,,"mov  r5,a",0,24,0x9C1B (back 5),unsyncable: no anchor in range lands on it; may be data or preceded by a dispatch table; no PSW write within 64 bytes; bank not found by this scan
register,pd,0x2C992,0xC992,fd,,"mov  r5,a",0,24,0x9850 (back 5),unsyncable: no anchor in range lands on it; may be data or preceded by a dispatch table; no PSW write within 64 bytes; bank not found by this scan
register,pd,0x2C9B5,0xC9B5,0d,,inc  r5,1,23,0x98E9 (back 5),some anchors miss it; see frame_onto/frame_over; no PSW write within 64 bytes; bank not found by this scan
register,pd,0x2C9C0,0xC9C0,0e,,inc  r6,1,23,0x0F1F (back 5),some anchors miss it; see frame_onto/frame_over; no PSW write within 64 bytes; bank not found by this scan
register,pd,0x2CA39,0xCA39,7d 01,,"mov  r5,#0x01",24,0,0xC878 (back 5),framed by every anchor in range; no PSW write within 64 bytes; bank not found by this scan
register,pd,0x2CA3B,0xCA3B,7e 00,,"mov  r6,#0x00",23,1,0xC878 (back 7),some anchors miss it; see frame_onto/frame_over; no PSW write within 64 bytes; bank not found by this scan
register,pd,0x2CA42,0xCA42,7e 00,,"mov  r6,#0x00",22,2,0x0B85 (back 3),some anchors miss it; see frame_onto/frame_over; no PSW write within 64 bytes; bank not found by this scan
register,pd,0x2CA4A,0xCA4A,7d 00,,"mov  r5,#0x00",24,0,0x0B85 (back 11),framed by every anchor in range; no PSW write within 64 bytes; bank not found by this scan
register,pd,0x2CA7B,0xCA7B,7d 01,,"mov  r5,#0x01",24,0,0xC8FC (back 2),framed by every anchor in range; no PSW write within 64 bytes; bank not found by this scan
register,pd,0x2CA83,0xCA83,7e 00,,"mov  r6,#0x00",23,1,0xC87A (back 5),some anchors miss it; see frame_onto/frame_over; no PSW write within 64 bytes; bank not found by this scan
register,pd,0x2CA93,0xCA93,fe,,"mov  r6,a",24,0,0x0B85 (back 12),framed by every anchor in range; no PSW write within 64 bytes; bank not found by this scan
register,pd,0x2CABA,0xCABA,fd,,"mov  r5,a",24,0,0x57EB (back 3),framed by every anchor in range; no PSW write within 64 bytes; bank not found by this scan
register,pd,0x2CABD,0xCABD,1d,,dec  r5,1,23,0x57EB (back 6),some anchors miss it; see frame_onto/frame_over; no PSW write within 64 bytes; bank not found by this scan
register,pd,0x2CAC9,0xCAC9,fd,,"mov  r5,a",2,22,0xC87A (back 7),some anchors miss it; see frame_onto/frame_over; no PSW write within 64 bytes; bank not found by this scan
register,pd,0x2CADA,0xCADA,0e,,inc  r6,2,22,0xC87A (back 9),some anchors miss it; see frame_onto/frame_over; no PSW write within 64 bytes; bank not found by this scan
register,pd,0x2CAF5,0xCAF5,fd,,"mov  r5,a",24,0,0x5842 (back 6),framed by every anchor in range; no PSW write within 64 bytes; bank not found by this scan
register,pd,0x2CAFB,0xCAFB,cd,,"xch  a,r5",24,0,0x5842 (back 12),framed by every anchor in range; no PSW write within 64 bytes; bank not found by this scan
register,pd,0x2CB04,0xCB04,fd,,"mov  r5,a",24,0,0x5842 (back 21),framed by every anchor in range; no PSW write within 64 bytes; bank not found by this scan
register,pd,0x2CB38,0xCB38,0d,,inc  r5,0,24,0xC822 (back 16),unsyncable: no anchor in range lands on it; may be data or preceded by a dispatch table; no PSW write within 64 bytes; bank not found by this scan
register,pd,0x2CB78,0xCB78,fe,,"mov  r6,a",1,23,0x7F02 (back 5),some anchors miss it; see frame_onto/frame_over; no PSW write within 64 bytes; bank not found by this scan
register,pd,0x2CBA6,0xCBA6,fd,,"mov  r5,a",24,0,0xC87A (back 4),framed by every anchor in range; no PSW write within 64 bytes; bank not found by this scan
register,pd,0x2CBC9,0xCBC9,fe,,"mov  r6,a",24,0,0x9023 (back 13),framed by every anchor in range; no PSW write within 64 bytes; bank not found by this scan
register,pd,0x2CBD5,0xCBD5,fe,,"mov  r6,a",24,0,0x9028 (back 8),framed by every anchor in range; no PSW write within 64 bytes; bank not found by this scan
register,pd,0x2CBE1,0xCBE1,fe,,"mov  r6,a",24,0,0x9028 (back 8),framed by every anchor in range; no PSW write within 64 bytes; bank not found by this scan
register,pd,0x2CBEA,0xCBEA,7d ff,,"mov  r5,#0xff",0,24,0x9028 (back 5),unsyncable: no anchor in range lands on it; may be data or preceded by a dispatch table; no PSW write within 64 bytes; bank not found by this scan
register,pd,0x2CBEF,0xCBEF,fe,,"mov  r6,a",23,1,0x9028 (back 10),some anchors miss it; see frame_onto/frame_over; no PSW write within 64 bytes; bank not found by this scan
register,pd,0x2CBFE,0xCBFE,fe,,"mov  r6,a",24,0,0xC8FE (back 16),framed by every anchor in range; no PSW write within 64 bytes; bank not found by this scan
register,pd,0x2CC13,0xCC13,fe,,"mov  r6,a",24,0,0x90C0 (back 7),framed by every anchor in range; no PSW write within 64 bytes; bank not found by this scan
register,pd,0x2CC28,0xCC28,fe,,"mov  r6,a",24,0,0x90C0 (back 7),framed by every anchor in range; no PSW write within 64 bytes; bank not found by this scan
register,pd,0x2CC38,0xCC38,fd,,"mov  r5,a",1,23,0x9028 (back 12),some anchors miss it; see frame_onto/frame_over; no PSW write within 64 bytes; bank not found by this scan
register,pd,0x2CCF7,0xCCF7,fe,,"mov  r6,a",24,0,0x3497 (back 4),framed by every anchor in range; no PSW write within 64 bytes; bank not found by this scan
register,pd,0x2CD0E,0xCD0E,fe,,"mov  r6,a",24,0,0x3497 (back 12),framed by every anchor in range; no PSW write within 64 bytes; bank not found by this scan
register,pd,0x2CD11,0xCD11,fd,,"mov  r5,a",24,0,0x3497 (back 15),framed by every anchor in range; no PSW write within 64 bytes; bank not found by this scan
register,pd,0x2CD27,0xCD27,fe,,"mov  r6,a",24,0,0x349B (back 12),framed by every anchor in range; no PSW write within 64 bytes; bank not found by this scan
register,pd,0x2CD39,0xCD39,dd ef,,"djnz r5,0xcd2a",0,24,0x349B (back 10),unsyncable: no anchor in range lands on it; may be data or preceded by a dispatch table; no PSW write within 64 bytes; bank not found by this scan
register,pd,0x2CD45,0xCD45,fe,,"mov  r6,a",23,1,0x53E0 (back 3),some anchors miss it; see frame_onto/frame_over; no PSW write within 64 bytes; bank not found by this scan
register,pd,0x2CD4B,0xCD4B,fd,,"mov  r5,a",24,0,0x53E0 (back 9),framed by every anchor in range; no PSW write within 64 bytes; bank not found by this scan
register,pd,0x2CD69,0xCD69,fe,,"mov  r6,a",0,24,0xC1D6 (back 12),unsyncable: no anchor in range lands on it; may be data or preceded by a dispatch table; no PSW write within 64 bytes; bank not found by this scan
register,pd,0x2CD84,0xCD84,fd,,"mov  r5,a",0,24,0xC1D5 (back 19),unsyncable: no anchor in range lands on it; may be data or preceded by a dispatch table; no PSW write within 64 bytes; bank not found by this scan
register,pd,0x2CD92,0xCD92,dd f0,,"djnz r5,0xcd84",3,21,0xC1D5 (back 6),some anchors miss it; see frame_onto/frame_over; no PSW write within 64 bytes; bank not found by this scan
register,pd,0x2CDBC,0xCDBC,fe,,"mov  r6,a",24,0,0x9799 (back 3),framed by every anchor in range; no PSW write within 64 bytes; bank not found by this scan
register,pd,0x2CDC1,0xCDC1,fd,,"mov  r5,a",24,0,0x971C (back 4),framed by every anchor in range; no PSW write within 64 bytes; bank not found by this scan
register,pd,0x2CE14,0xCE14,1e,,dec  r6,0,24,0xC9ED (back 3),unsyncable: no anchor in range lands on it; may be data or preceded by a dispatch table; no PSW write within 64 bytes; bank not found by this scan
register,pd,0x2CE22,0xCE22,0d,,inc  r5,0,24,0xC8F0 (back 9),unsyncable: no anchor in range lands on it; may be data or preceded by a dispatch table; no PSW write within 64 bytes; bank not found by this scan
register,pd,0x2CE3D,0xCE3D,0e,,inc  r6,0,24,0xA705 (back 7),unsyncable: no anchor in range lands on it; may be data or preceded by a dispatch table; no PSW write within 64 bytes; bank not found by this scan
register,pd,0x2CE5E,0xCE5E,0e,,inc  r6,2,22,0x53E0 (back 5),some anchors miss it; see frame_onto/frame_over; no PSW write within 64 bytes; bank not found by this scan
register,pd,0x2CE7F,0xCE7F,fe,,"mov  r6,a",0,24,0xA6C2 (back 6),unsyncable: no anchor in range lands on it; may be data or preceded by a dispatch table; no PSW write within 64 bytes; bank not found by this scan
register,pd,0x2CEB0,0xCEB0,0e,,inc  r6,1,23,0xCA80 (back 8),some anchors miss it; see frame_onto/frame_over; no PSW write within 64 bytes; bank not found by this scan
register,pd,0x2CED9,0xCED9,fe,,"mov  r6,a",24,0,0xB229 (back 3),framed by every anchor in range; no PSW write within 64 bytes; bank not found by this scan
register,pd,0x2CEE4,0xCEE4,fd,,"mov  r5,a",0,24,0xB229 (back 14),unsyncable: no anchor in range lands on it; may be data or preceded by a dispatch table; no PSW write within 64 bytes; bank not found by this scan
register,pd,0x2CEFF,0xCEFF,fd,,"mov  r5,a",24,0,0x0FAF (back 6),framed by every anchor in range; no PSW write within 64 bytes; bank not found by this scan
register,pd,0x2CF25,0xCF25,7d 01,,"mov  r5,#0x01",24,0,0xCAAF (back 5),framed by every anchor in range; no PSW write within 64 bytes; bank not found by this scan
register,pd,0x2CF5A,0xCF5A,1d,,dec  r5,0,24,0x9B38 (back 4),unsyncable: no anchor in range lands on it; may be data or preceded by a dispatch table; no PSW write within 64 bytes; bank not found by this scan
register,pd,0x2CF70,0xCF70,0d,,inc  r5,0,24,0x0F00 (back 4),unsyncable: no anchor in range lands on it; may be data or preceded by a dispatch table; no PSW write within 64 bytes; bank not found by this scan
register,pd,0x2CF77,0xCF77,0d,,inc  r5,0,24,0x9B38 (back 4),unsyncable: no anchor in range lands on it; may be data or preceded by a dispatch table; no PSW write within 64 bytes; bank not found by this scan
register,pd,0x2CF80,0xCF80,ce,,"xch  a,r6",1,23,0x9B38 (back 13),some anchors miss it; see frame_onto/frame_over; no PSW write within 64 bytes; bank not found by this scan
register,pd,0x2CFCD,0xCFCD,7e 10,,"mov  r6,#0x10",24,0,0x0C58 (back 13),framed by every anchor in range; no PSW write within 64 bytes; bank not found by this scan
register,pd,0x2CFF6,0xCFF6,fd,,"mov  r5,a",0,24,0x9849 (back 5),unsyncable: no anchor in range lands on it; may be data or preceded by a dispatch table; no PSW write within 64 bytes; bank not found by this scan
register,pd,0x2D000,0xD000,ae 7f,,"mov  r6,0x7f",1,23,0x0BC4 (back 6),some anchors miss it; see frame_onto/frame_over; no PSW write within 64 bytes; bank not found by this scan
register,pd,0x2D00F,0xD00F,ae 7f,,"mov  r6,0x7f",2,22,0x995F (back 7),some anchors miss it; see frame_onto/frame_over; no PSW write within 64 bytes; bank not found by this scan
register,pd,0x2D055,0xD055,fd,,"mov  r5,a",0,24,0x0FAF (back 5),unsyncable: no anchor in range lands on it; may be data or preceded by a dispatch table; no PSW write within 64 bytes; bank not found by this scan
register,pd,0x2D061,0xD061,fe,,"mov  r6,a",1,23,0x7063 (back 5),some anchors miss it; see frame_onto/frame_over; no PSW write within 64 bytes; bank not found by this scan
register,pd,0x2D079,0xD079,ad 70,,"mov  r5,0x70",1,23,0x718D (back 11),some anchors miss it; see frame_onto/frame_over; no PSW write within 64 bytes; bank not found by this scan
register,pd,0x2D080,0xD080,fd,,"mov  r5,a",22,2,0x6FAD (back 9),some anchors miss it; see frame_onto/frame_over; no PSW write within 64 bytes; bank not found by this scan
register,pd,0x2D098,0xD098,fe,,"mov  r6,a",24,0,0x0CF7 (back 3),framed by every anchor in range; no PSW write within 64 bytes; bank not found by this scan
register,pd,0x2D0E9,0xD0E9,fd,,"mov  r5,a",24,0,0xC3A5 (back 19),framed by every anchor in range; no PSW write within 64 bytes; bank not found by this scan
register,pd,0x2D0FE,0xD0FE,fd,,"mov  r5,a",20,4,0xD07B (back 3),some anchors miss it; see frame_onto/frame_over; no PSW write within 64 bytes; bank not found by this scan
register,pd,0x2D10B,0xD10B,7d 01,,"mov  r5,#0x01",21,3,0xB074 (back 10),some anchors miss it; see frame_onto/frame_over; no PSW write within 64 bytes; bank not found by this scan
register,pd,0x2D128,0xD128,fe,,"mov  r6,a",23,1,0x9740 (back 8),some anchors miss it; see frame_onto/frame_over; no PSW write within 64 bytes; bank not found by this scan
register,pd,0x2D12A,0xD12A,fd,,"mov  r5,a",24,0,0x9740 (back 10),framed by every anchor in range; no PSW write within 64 bytes; bank not found by this scan
register,pd,0x2D133,0xD133,0d,,inc  r5,22,2,0xD07B (back 3),some anchors miss it; see frame_onto/frame_over; no PSW write within 64 bytes; bank not found by this scan
register,pd,0x2D14B,0xD14B,7d 01,,"mov  r5,#0x01",24,0,0x97D5 (back 7),framed by every anchor in range; no PSW write within 64 bytes; bank not found by this scan
register,pd,0x2D160,0xD160,fd,,"mov  r5,a",0,24,0x9850 (back 5),unsyncable: no anchor in range lands on it; may be data or preceded by a dispatch table; no PSW write within 64 bytes; bank not found by this scan
register,pd,0x2D169,0xD169,fd,,"mov  r5,a",0,24,0x9849 (back 5),unsyncable: no anchor in range lands on it; may be data or preceded by a dispatch table; no PSW write within 64 bytes; bank not found by this scan
register,pd,0x2D173,0xD173,fe,,"mov  r6,a",22,2,0x988F (back 3),some anchors miss it; see frame_onto/frame_over; no PSW write within 64 bytes; bank not found by this scan
register,pd,0x2D177,0xD177,fd,,"mov  r5,a",24,0,0x9873 (back 3),framed by every anchor in range; no PSW write within 64 bytes; bank not found by this scan
register,pd,0x2D17F,0xD17F,1d,,dec  r5,3,21,0x9850 (back 5),some anchors miss it; see frame_onto/frame_over; no PSW write within 64 bytes; bank not found by this scan
register,pd,0x2D184,0xD184,0d,,inc  r5,0,24,0x9850 (back 10),unsyncable: no anchor in range lands on it; may be data or preceded by a dispatch table; no PSW write within 64 bytes; bank not found by this scan
register,pd,0x2D18D,0xD18D,fe,,"mov  r6,a",0,24,0x9947 (back 7),unsyncable: no anchor in range lands on it; may be data or preceded by a dispatch table; no PSW write within 64 bytes; bank not found by this scan
register,pd,0x2D18E,0xD18E,fe,,"mov  r6,a",24,0,0x9947 (back 8),framed by every anchor in range; no PSW write within 64 bytes; bank not found by this scan
register,pd,0x2D192,0xD192,0d,,inc  r5,0,24,0x9947 (back 12),unsyncable: no anchor in range lands on it; may be data or preceded by a dispatch table; no PSW write within 64 bytes; bank not found by this scan
register,pd,0x2D19C,0xD19C,fd,,"mov  r5,a",0,24,0x9909 (back 5),unsyncable: no anchor in range lands on it; may be data or preceded by a dispatch table; no PSW write within 64 bytes; bank not found by this scan
register,pd,0x2D1AF,0xD1AF,0d,,inc  r5,0,24,0x991A (back 6),unsyncable: no anchor in range lands on it; may be data or preceded by a dispatch table; no PSW write within 64 bytes; bank not found by this scan
register,pd,0x2D1BB,0xD1BB,0d,,inc  r5,0,24,0xD0FF (back 7),unsyncable: no anchor in range lands on it; may be data or preceded by a dispatch table; no PSW write within 64 bytes; bank not found by this scan
register,pd,0x2D1CB,0xD1CB,1e,,dec  r6,0,24,0xCFA0 (back 9),unsyncable: no anchor in range lands on it; may be data or preceded by a dispatch table; no PSW write within 64 bytes; bank not found by this scan
register,pd,0x2D1E0,0xD1E0,cd,,"xch  a,r5",2,22,0xC590 (back 5),some anchors miss it; see frame_onto/frame_over; no PSW write within 64 bytes; bank not found by this scan
register,pd,0x2D20A,0xD20A,fe,,"mov  r6,a",23,1,0xD07A (back 14),some anchors miss it; see frame_onto/frame_over; no PSW write within 64 bytes; bank not found by this scan
register,pd,0x2D20B,0xD20B,fd,,"mov  r5,a",24,0,0xD0FE (back 2),framed by every anchor in range; no PSW write within 64 bytes; bank not found by this scan
register,pd,0x2D216,0xD216,0e,,inc  r6,1,23,0x0FCB (back 6),some anchors miss it; see frame_onto/frame_over; no PSW write within 64 bytes; bank not found by this scan
register,pd,0x2D24B,0xD24B,fe,,"mov  r6,a",23,1,0x0F32 (back 6),some anchors miss it; see frame_onto/frame_over; no PSW write within 64 bytes; bank not found by this scan
register,pd,0x2D269,0xD269,0e,,inc  r6,0,24,0xD0D0 (back 4),unsyncable: no anchor in range lands on it; may be data or preceded by a dispatch table; no PSW write within 64 bytes; bank not found by this scan
register,pd,0x2D287,0xD287,0e,,inc  r6,0,24,0xD0D0 (back 4),unsyncable: no anchor in range lands on it; may be data or preceded by a dispatch table; no PSW write within 64 bytes; bank not found by this scan
register,pd,0x2D290,0xD290,0e,,inc  r6,0,24,0x0FCB (back 4),unsyncable: no anchor in range lands on it; may be data or preceded by a dispatch table; no PSW write within 64 bytes; bank not found by this scan
register,pd,0x2D2CC,0xD2CC,fe,,"mov  r6,a",0,24,0xA6C2 (back 6),unsyncable: no anchor in range lands on it; may be data or preceded by a dispatch table; no PSW write within 64 bytes; bank not found by this scan
register,pd,0x2D300,0xD300,0d,,inc  r5,1,23,0xD280 (back 8),some anchors miss it; see frame_onto/frame_over; no PSW write within 64 bytes; bank not found by this scan
register,pd,0x2D304,0xD304,ae 03,,"mov  r6,0x03",23,1,0x122F (back 3),some anchors miss it; see frame_onto/frame_over; no PSW write within 64 bytes; bank not found by this scan
register,pd,0x2D35C,0xD35C,7d 12,,"mov  r5,#0x12",1,23,0x9C1B (back 10),some anchors miss it; see frame_onto/frame_over; no PSW write within 64 bytes; bank not found by this scan
register,pd,0x2D36D,0xD36D,fd,,"mov  r5,a",24,0,0x9C1B (back 10),framed by every anchor in range; no PSW write within 64 bytes; bank not found by this scan
register,pd,0x2D373,0xD373,fe,,"mov  r6,a",24,0,0x9C1B (back 16),framed by every anchor in range; no PSW write within 64 bytes; bank not found by this scan
register,pd,0x2D38D,0xD38D,cd,,"xch  a,r5",0,24,0xD27F (back 17),unsyncable: no anchor in range lands on it; may be data or preceded by a dispatch table; no PSW write within 64 bytes; bank not found by this scan
register,pd,0x2D3AC,0xD3AC,0d,,inc  r5,24,0,0xA6CD (back 33),framed by every anchor in range; no PSW write within 64 bytes; bank not found by this scan
register,pd,0x2D3C9,0xD3C9,cd,,"xch  a,r5",0,24,0xD040 (back 16),unsyncable: no anchor in range lands on it; may be data or preceded by a dispatch table; no PSW write within 64 bytes; bank not found by this scan
register,pd,0x2D3FB,0xD3FB,fe,,"mov  r6,a",24,0,0xB1A7 (back 6),framed by every anchor in range; no PSW write within 64 bytes; bank not found by this scan
register,pd,0x2D408,0xD408,fe,,"mov  r6,a",24,0,0xB1A7 (back 6),framed by every anchor in range; no PSW write within 64 bytes; bank not found by this scan
register,pd,0x2D40E,0xD40E,7e 00,,"mov  r6,#0x00",24,0,0xB1A7 (back 12),framed by every anchor in range; no PSW write within 64 bytes; bank not found by this scan
register,pd,0x2D410,0xD410,7d 00,,"mov  r5,#0x00",24,0,0xB1A7 (back 14),framed by every anchor in range; no PSW write within 64 bytes; bank not found by this scan
register,pd,0x2D443,0xD443,1d,,dec  r5,0,24,0xC20C (back 4),unsyncable: no anchor in range lands on it; may be data or preceded by a dispatch table; no PSW write within 64 bytes; bank not found by this scan
register,pd,0x2D476,0xD476,fe,,"mov  r6,a",0,24,0xC20C (back 21),unsyncable: no anchor in range lands on it; may be data or preceded by a dispatch table; no PSW write within 64 bytes; bank not found by this scan
register,pd,0x2D49C,0xD49C,dd ec,,"djnz r5,0xd48a",1,23,0xD0F0 (back 7),some anchors miss it; see frame_onto/frame_over; no PSW write within 64 bytes; bank not found by this scan
register,pd,0x2D4A7,0xD4A7,fe,,"mov  r6,a",24,0,0xD0F0 (back 18),framed by every anchor in range; no PSW write within 64 bytes; bank not found by this scan
register,pd,0x2D4C5,0xD4C5,fe,,"mov  r6,a",24,0,0x9C8F (back 4),framed by every anchor in range; no PSW write within 64 bytes; bank not found by this scan
register,pd,0x2D4E9,0xD4E9,0d,,inc  r5,0,24,0xD0EF (back 12),unsyncable: no anchor in range lands on it; may be data or preceded by a dispatch table; no PSW write within 64 bytes; bank not found by this scan
register,pd,0x2D4EC,0xD4EC,dd a3,,"djnz r5,0xd491",1,23,0xD0EF (back 15),some anchors miss it; see frame_onto/frame_over; no PSW write within 64 bytes; bank not found by this scan
register,pd,0x2D4F0,0xD4F0,ad 03,,"mov  r5,0x03",24,0,0xD0EF (back 19),framed by every anchor in range; no PSW write within 64 bytes; bank not found by this scan
register,pd,0x2D4FC,0xD4FC,0d,,inc  r5,1,23,0xD0EF (back 31),some anchors miss it; see frame_onto/frame_over; no PSW write within 64 bytes; bank not found by this scan
register,pd,0x2D50B,0xD50B,0d,,inc  r5,2,22,0xD0EF (back 46),some anchors miss it; see frame_onto/frame_over; no PSW write within 64 bytes; bank not found by this scan
register,pd,0x2D521,0xD521,0d,,inc  r5,1,23,0xD040 (back 14),some anchors miss it; see frame_onto/frame_over; no PSW write within 64 bytes; bank not found by this scan
register,pd,0x2D53B,0xD53B,0e,,inc  r6,2,22,0xD280 (back 12),some anchors miss it; see frame_onto/frame_over; no PSW write within 64 bytes; bank not found by this scan
register,pd,0x2D54E,0xD54E,0d,,inc  r5,2,22,0xD0F0 (back 9),some anchors miss it; see frame_onto/frame_over; no PSW write within 64 bytes; bank not found by this scan
register,pd,0x2D555,0xD555,fd,,"mov  r5,a",22,2,0xD0F0 (back 16),some anchors miss it; see frame_onto/frame_over; no PSW write within 64 bytes; bank not found by this scan
register,pd,0x2D566,0xD566,fd,,"mov  r5,a",24,0,0xD0F0 (back 33),framed by every anchor in range; no PSW write within 64 bytes; bank not found by this scan
register,pd,0x2D56D,0xD56D,fe,,"mov  r6,a",24,0,0xD0F0 (back 40),framed by every anchor in range; no PSW write within 64 bytes; bank not found by this scan
register,pd,0x2D574,0xD574,fd,,"mov  r5,a",24,0,0xD0F0 (back 47),framed by every anchor in range; no PSW write within 64 bytes; bank not found by this scan
register,pd,0x2D584,0xD584,fd,,"mov  r5,a",24,0,0x9BAC (back 6),framed by every anchor in range; no PSW write within 64 bytes; bank not found by this scan
register,pd,0x2D5C0,0xD5C0,7d 03,,"mov  r5,#0x03",24,0,0x9AD5 (back 5),framed by every anchor in range; no PSW write within 64 bytes; bank not found by this scan
register,pd,0x2D5C7,0xD5C7,dd 12,,"djnz r5,0xd5db",1,23,0x9AD5 (back 12),some anchors miss it; see frame_onto/frame_over; no PSW write within 64 bytes; bank not found by this scan
register,pd,0x2D5CA,0xD5CA,0d,,inc  r5,3,21,0x9ADD (back 5),some anchors miss it; see frame_onto/frame_over; no PSW write within 64 bytes; bank not found by this scan
register,pd,0x2D5DA,0xD5DA,dd 12,,"djnz r5,0xd5ee",1,23,0x0F32 (back 13),some anchors miss it; see frame_onto/frame_over; no PSW write within 64 bytes; bank not found by this scan
register,pd,0x2D5DD,0xD5DD,0d,,inc  r5,3,21,0x9ADD (back 5),some anchors miss it; see frame_onto/frame_over; no PSW write within 64 bytes; bank not found by this scan
register,pd,0x2D5EC,0xD5EC,0e,,inc  r6,0,24,0xD0D0 (back 4),unsyncable: no anchor in range lands on it; may be data or preceded by a dispatch table; no PSW write within 64 bytes; bank not found by this scan
register,pd,0x2D5F4,0xD5F4,dd a3,,"djnz r5,0xd599",1,23,0x0EF3 (back 9),some anchors miss it; see frame_onto/frame_over; no PSW write within 64 bytes; bank not found by this scan
register,pd,0x2D614,0xD614,fd,,"mov  r5,a",24,0,0x2FE0 (back 9),framed by every anchor in range; no PSW write within 64 bytes; bank not found by this scan
register,pd,0x2D615,0xD615,fe,,"mov  r6,a",24,0,0x2FE0 (back 10),framed by every anchor in range; no PSW write within 64 bytes; bank not found by this scan
register,pd,0x2D678,0xD678,0d,,inc  r5,1,23,0xD369 (back 62),some anchors miss it; see frame_onto/frame_over; no PSW write within 64 bytes; bank not found by this scan
register,pd,0x2D692,0xD692,0d,,inc  r5,2,22,0x0F90 (back 4),some anchors miss it; see frame_onto/frame_over; no PSW write within 64 bytes; bank not found by this scan
register,pd,0x2D699,0xD699,fd,,"mov  r5,a",23,1,0x3509 (back 6),some anchors miss it; see frame_onto/frame_over; no PSW write within 64 bytes; bank not found by this scan
register,pd,0x2D6A1,0xD6A1,0d,,inc  r5,1,23,0x3509 (back 14),some anchors miss it; see frame_onto/frame_over; no PSW write within 64 bytes; bank not found by this scan
register,pd,0x2D6AB,0xD6AB,0d,,inc  r5,1,23,0xD0F0 (back 4),some anchors miss it; see frame_onto/frame_over; no PSW write within 64 bytes; bank not found by this scan
register,pd,0x2D6B3,0xD6B3,0d,,inc  r5,1,23,0xD0F0 (back 12),some anchors miss it; see frame_onto/frame_over; no PSW write within 64 bytes; bank not found by this scan
register,pd,0x2D6F0,0xD6F0,fd,,"mov  r5,a",24,0,0x5765 (back 11),framed by every anchor in range; no PSW write within 64 bytes; bank not found by this scan
register,pd,0x2D70D,0xD70D,0d,,inc  r5,0,24,0x56DC (back 21),unsyncable: no anchor in range lands on it; may be data or preceded by a dispatch table; no PSW write within 64 bytes; bank not found by this scan
register,pd,0x2D738,0xD738,ad 58,,"mov  r5,0x58",1,23,0xD6EF (back 8),some anchors miss it; see frame_onto/frame_over; no PSW write within 64 bytes; bank not found by this scan
register,pd,0x2D740,0xD740,7d 02,,"mov  r5,#0x02",24,0,0xAD58 (back 9),framed by every anchor in range; no PSW write within 64 bytes; bank not found by this scan
register,pd,0x2D75D,0xD75D,7d 01,,"mov  r5,#0x01",24,0,0x104D (back 9),framed by every anchor in range; no PSW write within 64 bytes; bank not found by this scan
register,pd,0x2D771,0xD771,7d 01,,"mov  r5,#0x01",24,0,0xD6E0 (back 3),framed by every anchor in range; no PSW write within 64 bytes; bank not found by this scan
register,pd,0x2D783,0xD783,ad 67,,"mov  r5,0x67",0,24,0xD6E0 (back 4),unsyncable: no anchor in range lands on it; may be data or preceded by a dispatch table; no PSW write within 64 bytes; bank not found by this scan
register,pd,0x2D786,0xD786,fd,,"mov  r5,a",24,0,0xAD67 (back 4),framed by every anchor in range; no PSW write within 64 bytes; bank not found by this scan
register,pd,0x2D78A,0xD78A,ad 07,,"mov  r5,0x07",22,2,0xC755 (back 3),some anchors miss it; see frame_onto/frame_over; no PSW write within 64 bytes; bank not found by this scan
register,pd,0x2D78F,0xD78F,fe,,"mov  r6,a",24,0,0xC755 (back 8),framed by every anchor in range; no PSW write within 64 bytes; bank not found by this scan
register,pd,0x2D796,0xD796,fd,,"mov  r5,a",0,24,0xD0FB (back 4),unsyncable: no anchor in range lands on it; may be data or preceded by a dispatch table; no PSW write within 64 bytes; bank not found by this scan
register,pd,0x2D7A4,0xD7A4,1e,,dec  r6,0,24,0xD0FB (back 18),unsyncable: no anchor in range lands on it; may be data or preceded by a dispatch table; no PSW write within 64 bytes; bank not found by this scan
register,pd,0x2D7BC,0xD7BC,fe,,"mov  r6,a",24,0,0xD022 (back 3),framed by every anchor in range; no PSW write within 64 bytes; bank not found by this scan
register,pd,0x2D7C2,0xD7C2,1e,,dec  r6,0,24,0xD022 (back 9),unsyncable: no anchor in range lands on it; may be data or preceded by a dispatch table; no PSW write within 64 bytes; bank not found by this scan
register,pd,0x2D7C5,0xD7C5,fe,,"mov  r6,a",24,0,0xB21E (back 5),framed by every anchor in range; no PSW write within 64 bytes; bank not found by this scan
register,pd,0x2D802,0xD802,fe,,"mov  r6,a",24,0,0x0BAB (back 10),framed by every anchor in range; no PSW write within 64 bytes; bank not found by this scan
register,pd,0x2D809,0xD809,fe,,"mov  r6,a",24,0,0x0BAB (back 17),framed by every anchor in range; no PSW write within 64 bytes; bank not found by this scan
register,pd,0x2D81A,0xD81A,fd,,"mov  r5,a",24,0,0x916D (back 5),framed by every anchor in range; no PSW write within 64 bytes; bank not found by this scan
register,pd,0x2D82B,0xD82B,fe,,"mov  r6,a",24,0,0x916D (back 3),framed by every anchor in range; no PSW write within 64 bytes; bank not found by this scan
register,pd,0x2D82F,0xD82F,fd,,"mov  r5,a",24,0,0x916D (back 7),framed by every anchor in range; no PSW write within 64 bytes; bank not found by this scan
register,pd,0x2D84A,0xD84A,fe,,"mov  r6,a",24,0,0x0C46 (back 16),framed by every anchor in range; no PSW write within 64 bytes; bank not found by this scan
register,pd,0x2D85B,0xD85B,fd,,"mov  r5,a",24,0,0x0C46 (back 33),framed by every anchor in range; no PSW write within 64 bytes; bank not found by this scan
register,pd,0x2D861,0xD861,cd,,"xch  a,r5",2,22,0x06B1 (back 4),some anchors miss it; see frame_onto/frame_over; no PSW write within 64 bytes; bank not found by this scan
register,pd,0x2D86F,0xD86F,0e,,inc  r6,0,24,0x06EA (back 4),unsyncable: no anchor in range lands on it; may be data or preceded by a dispatch table; no PSW write within 64 bytes; bank not found by this scan
register,pd,0x2D87A,0xD87A,7e 11,,"mov  r6,#0x11",24,0,0xA3E0 (back 5),framed by every anchor in range; no PSW write within 64 bytes; bank not found by this scan
register,pd,0x2D880,0xD880,fd,,"mov  r5,a",24,0,0xA3E0 (back 11),framed by every anchor in range; no PSW write within 64 bytes; bank not found by this scan
register,pd,0x2D8B5,0xD8B5,fe,,"mov  r6,a",24,0,0x0FAF (back 8),framed by every anchor in range; no PSW write within 64 bytes; bank not found by this scan
register,pd,0x2D8B7,0xD8B7,fd,,"mov  r5,a",24,0,0x0FAF (back 10),framed by every anchor in range; no PSW write within 64 bytes; bank not found by this scan
register,pd,0x2D8C0,0xD8C0,0e,,inc  r6,1,23,0x0FAF (back 19),some anchors miss it; see frame_onto/frame_over; no PSW write within 64 bytes; bank not found by this scan
register,pd,0x2D8CD,0xD8CD,1d,,dec  r5,1,23,0xD870 (back 2),some anchors miss it; see frame_onto/frame_over; no PSW write within 64 bytes; bank not found by this scan
register,pd,0x2D8DA,0xD8DA,fe,,"mov  r6,a",0,24,0xD870 (back 15),unsyncable: no anchor in range lands on it; may be data or preceded by a dispatch table; no PSW write within 64 bytes; bank not found by this scan
register,pd,0x2D8F8,0xD8F8,fd,,"mov  r5,a",24,0,0x0FAF (back 4),framed by every anchor in range; no PSW write within 64 bytes; bank not found by this scan
register,pd,0x2D905,0xD905,ad 07,,"mov  r5,0x07",24,0,0x0FAF (back 4),framed by every anchor in range; no PSW write within 64 bytes; bank not found by this scan
register,pd,0x2D92A,0xD92A,0e,,inc  r6,0,24,0x0FCB (back 4),unsyncable: no anchor in range lands on it; may be data or preceded by a dispatch table; no PSW write within 64 bytes; bank not found by this scan
register,pd,0x2D934,0xD934,7e 74,,"mov  r6,#0x74",2,22,0x9009 (back 3),some anchors miss it; see frame_onto/frame_over; no PSW write within 64 bytes; bank not found by this scan
register,pd,0x2D947,0xD947,0d,,inc  r5,1,23,0x1041 (back 6),some anchors miss it; see frame_onto/frame_over; no PSW write within 64 bytes; bank not found by this scan
register,pd,0x2D95C,0xD95C,0d,,inc  r5,1,23,0x1041 (back 27),some anchors miss it; see frame_onto/frame_over; no PSW write within 64 bytes; bank not found by this scan
register,pd,0x2D962,0xD962,fe,,"mov  r6,a",24,0,0x8791 (back 5),framed by every anchor in range; no PSW write within 64 bytes; bank not found by this scan
register,pd,0x2D966,0xD966,fd,,"mov  r5,a",23,1,0x8791 (back 9),some anchors miss it; see frame_onto/frame_over; no PSW write within 64 bytes; bank not found by this scan
register,pd,0x2D972,0xD972,0d,,inc  r5,0,24,0xD8C3 (back 3),unsyncable: no anchor in range lands on it; may be data or preceded by a dispatch table; no PSW write within 64 bytes; bank not found by this scan
register,pd,0x2D982,0xD982,0d,,inc  r5,1,23,0xD8F0 (back 4),some anchors miss it; see frame_onto/frame_over; no PSW write within 64 bytes; bank not found by this scan
register,pd,0x2D989,0xD989,ad 7a,,"mov  r5,0x7a",0,24,0xD8F0 (back 11),unsyncable: no anchor in range lands on it; may be data or preceded by a dispatch table; no PSW write within 64 bytes; bank not found by this scan
register,pd,0x2D98D,0xD98D,0e,,inc  r6,0,24,0x88AD (back 6),unsyncable: no anchor in range lands on it; may be data or preceded by a dispatch table; no PSW write within 64 bytes; bank not found by this scan
register,pd,0x2D995,0xD995,fd,,"mov  r5,a",24,0,0x10E8 (back 6),framed by every anchor in range; no PSW write within 64 bytes; bank not found by this scan
register,pd,0x2D9AB,0xD9AB,ae e4,,"mov  r6,0xe4",1,23,0x9898 (back 6),some anchors miss it; see frame_onto/frame_over; no PSW write within 64 bytes; bank not found by this scan
register,pd,0x2DA00,0xDA00,dd 15,,"djnz r5,0xda17",24,0,0x1C00 (back 16),framed by every anchor in range; no PSW write within 64 bytes; bank not found by this scan
register,pd,0x2DA0C,0xDA0C,de d9,,"djnz r6,0xd9e7",24,0,0x1C00 (back 28),framed by every anchor in range; no PSW write within 64 bytes; bank not found by this scan
register,pd,0x2DA95,0xDA95,fe,,"mov  r6,a",0,24,0x3FEA (back 4),unsyncable: no anchor in range lands on it; may be data or preceded by a dispatch table; no PSW write within 64 bytes; bank not found by this scan
register,pd,0x2DAC3,0xDAC3,fd,,"mov  r5,a",24,0,0x56F1 (back 5),framed by every anchor in range; no PSW write within 64 bytes; bank not found by this scan
register,pd,0x2DAD6,0xDAD6,fd,,"mov  r5,a",24,0,0xD8ED (back 10),framed by every anchor in range; no PSW write within 64 bytes; bank not found by this scan
register,pd,0x2DAD9,0xDAD9,0e,,inc  r6,1,23,0xD8ED (back 13),some anchors miss it; see frame_onto/frame_over; no PSW write within 64 bytes; bank not found by this scan
register,pd,0x2DADD,0xDADD,7e a1,,"mov  r6,#0xa1",0,24,0x590E (back 6),unsyncable: no anchor in range lands on it; may be data or preceded by a dispatch table; no PSW write within 64 bytes; bank not found by this scan
register,pd,0x2DAED,0xDAED,fd,,"mov  r5,a",0,24,0x9850 (back 5),unsyncable: no anchor in range lands on it; may be data or preceded by a dispatch table; no PSW write within 64 bytes; bank not found by this scan
register,pd,0x2DAF9,0xDAF9,0d,,inc  r5,3,21,0x9870 (back 5),some anchors miss it; see frame_onto/frame_over; no PSW write within 64 bytes; bank not found by this scan
register,pd,0x2DB23,0xDB23,0d,,inc  r5,0,24,0x0BC4 (back 13),unsyncable: no anchor in range lands on it; may be data or preceded by a dispatch table; no PSW write within 64 bytes; bank not found by this scan
register,pd,0x2DB2E,0xDB2E,cd,,"xch  a,r5",5,19,0x9940 (back 5),some anchors miss it; see frame_onto/frame_over; no PSW write within 64 bytes; bank not found by this scan
register,pd,0x2DB40,0xDB40,fd,,"mov  r5,a",0,24,0xDAEF (back 5),unsyncable: no anchor in range lands on it; may be data or preceded by a dispatch table; no PSW write within 64 bytes; bank not found by this scan
register,pd,0x2DB44,0xDB44,fe,,"mov  r6,a",0,24,0xDAEF (back 9),unsyncable: no anchor in range lands on it; may be data or preceded by a dispatch table; no PSW write within 64 bytes; bank not found by this scan
register,pd,0x2DB91,0xDB91,0d,,inc  r5,2,22,0x10E8 (back 5),some anchors miss it; see frame_onto/frame_over; no PSW write within 64 bytes; bank not found by this scan
register,pd,0x2DB94,0xDB94,7e ea,,"mov  r6,#0xea",1,23,0x10E8 (back 8),some anchors miss it; see frame_onto/frame_over; no PSW write within 64 bytes; bank not found by this scan
register,pd,0x2DB9A,0xDB9A,7e 00,,"mov  r6,#0x00",24,0,0x997E (back 8),framed by every anchor in range; no PSW write within 64 bytes; bank not found by this scan
register,pd,0x2DB9E,0xDB9E,7d 00,,"mov  r5,#0x00",23,1,0x997E (back 12),some anchors miss it; see frame_onto/frame_over; no PSW write within 64 bytes; bank not found by this scan
register,pd,0x2DBA2,0xDBA2,7e 12,,"mov  r6,#0x12",1,23,0x997E (back 16),some anchors miss it; see frame_onto/frame_over; no PSW write within 64 bytes; bank not found by this scan
register,pd,0x2DBA8,0xDBA8,7e c0,,"mov  r6,#0xc0",5,19,0x8D12 (back 4),some anchors miss it; see frame_onto/frame_over; no PSW write within 64 bytes; bank not found by this scan
register,pd,0x2DBB4,0xDBB4,1d,,dec  r5,0,24,0x9850 (back 5),unsyncable: no anchor in range lands on it; may be data or preceded by a dispatch table; no PSW write within 64 bytes; bank not found by this scan
register,pd,0x2DBBA,0xDBBA,fd,,"mov  r5,a",0,24,0x9850 (back 5),unsyncable: no anchor in range lands on it; may be data or preceded by a dispatch table; no PSW write within 64 bytes; bank not found by this scan
register,pd,0x2DBC1,0xDBC1,0d,,inc  r5,0,24,0xD875 (back 5),unsyncable: no anchor in range lands on it; may be data or preceded by a dispatch table; no PSW write within 64 bytes; bank not found by this scan
register,pd,0x2DBC8,0xDBC8,fd,,"mov  r5,a",0,24,0x9850 (back 5),unsyncable: no anchor in range lands on it; may be data or preceded by a dispatch table; no PSW write within 64 bytes; bank not found by this scan
register,pd,0x2DBD1,0xDBD1,0d,,inc  r5,0,24,0x74FF (back 6),unsyncable: no anchor in range lands on it; may be data or preceded by a dispatch table; no PSW write within 64 bytes; bank not found by this scan
register,pd,0x2DBDE,0xDBDE,7e 01,,"mov  r6,#0x01",24,0,0x0D8F (back 14),framed by every anchor in range; no PSW write within 64 bytes; bank not found by this scan
register,pd,0x2DBE2,0xDBE2,7d 00,,"mov  r5,#0x00",24,0,0xD87F (back 3),framed by every anchor in range; no PSW write within 64 bytes; bank not found by this scan
register,pd,0x2DBF6,0xDBF6,fe,,"mov  r6,a",24,0,0x8DE4 (back 11),framed by every anchor in range; no PSW write within 64 bytes; bank not found by this scan
register,pd,0x2DC01,0xDC01,fd,,"mov  r5,a",24,0,0xD8E4 (back 2),framed by every anchor in range; no PSW write within 64 bytes; bank not found by this scan
register,pd,0x2DC0C,0xDC0C,7d 01,,"mov  r5,#0x01",24,0,0xD890 (back 8),framed by every anchor in range; no PSW write within 64 bytes; bank not found by this scan
register,pd,0x2DC2B,0xDC2B,fe,,"mov  r6,a",1,23,0xD8F0 (back 13),some anchors miss it; see frame_onto/frame_over; no PSW write within 64 bytes; bank not found by this scan
register,pd,0x2DC50,0xDC50,fe,,"mov  r6,a",24,0,0x9826 (back 22),framed by every anchor in range; no PSW write within 64 bytes; bank not found by this scan
register,pd,0x2DC5C,0xDC5C,fd,,"mov  r5,a",24,0,0x9828 (back 8),framed by every anchor in range; no PSW write within 64 bytes; bank not found by this scan
register,pd,0x2DC5F,0xDC5F,fe,,"mov  r6,a",24,0,0x9828 (back 11),framed by every anchor in range; no PSW write within 64 bytes; bank not found by this scan
register,pd,0x2DC7A,0xDC7A,0d,,inc  r5,2,22,0x2F90 (back 4),some anchors miss it; see frame_onto/frame_over; no PSW write within 64 bytes; bank not found by this scan
register,pd,0x2DC7D,0xDC7D,7e 00,,"mov  r6,#0x00",24,0,0x2F90 (back 7),framed by every anchor in range; no PSW write within 64 bytes; bank not found by this scan
register,pd,0x2DC85,0xDC85,7d 00,,"mov  r5,#0x00",24,0,0x2F90 (back 15),framed by every anchor in range; no PSW write within 64 bytes; bank not found by this scan
register,pd,0x2DC9F,0xDC9F,0d,,inc  r5,3,21,0x8D90 (back 4),some anchors miss it; see frame_onto/frame_over; no PSW write within 64 bytes; bank not found by this scan
register,pd,0x2DCC3,0xDCC3,1d,,dec  r5,0,24,0x8D90 (back 40),unsyncable: no anchor in range lands on it; may be data or preceded by a dispatch table; no PSW write within 64 bytes; bank not found by this scan
register,pd,0x2DCE1,0xDCE1,7d 04,,"mov  r5,#0x04",23,1,0x9C4D (back 9),some anchors miss it; see frame_onto/frame_over; no PSW write within 64 bytes; bank not found by this scan
register,pd,0x2DCE7,0xDCE7,fe,,"mov  r6,a",23,1,0xD87D (back 7),some anchors miss it; see frame_onto/frame_over; no PSW write within 64 bytes; bank not found by this scan
register,pd,0x2DCEA,0xDCEA,7d 67,,"mov  r5,#0x67",24,0,0xD87D (back 10),framed by every anchor in range; no PSW write within 64 bytes; bank not found by this scan
register,pd,0x2DD12,0xDD12,fd,,"mov  r5,a",0,24,0x9C1B (back 5),unsyncable: no anchor in range lands on it; may be data or preceded by a dispatch table; no PSW write within 64 bytes; bank not found by this scan
register,pd,0x2DD1F,0xDD1F,fe,,"mov  r6,a",24,0,0x9870 (back 7),framed by every anchor in range; no PSW write within 64 bytes; bank not found by this scan
register,pd,0x2DD2A,0xDD2A,ad 07,,"mov  r5,0x07",24,0,0x7F00 (back 3),framed by every anchor in range; no PSW write within 64 bytes; bank not found by this scan
register,pd,0x2DD57,0xDD57,0d,,inc  r5,0,24,0x9926 (back 4),unsyncable: no anchor in range lands on it; may be data or preceded by a dispatch table; no PSW write within 64 bytes; bank not found by this scan
register,pd,0x2DD72,0xDD72,7d a5,,"mov  r5,#0xa5",24,0,0x0FAF (back 13),framed by every anchor in range; no PSW write within 64 bytes; bank not found by this scan
register,pd,0x2DD7A,0xDD7A,fd,,"mov  r5,a",24,0,0x0FAF (back 21),framed by every anchor in range; no PSW write within 64 bytes; bank not found by this scan
register,pd,0x2DD7D,0xDD7D,fe,,"mov  r6,a",24,0,0x0FAF (back 24),framed by every anchor in range; no PSW write within 64 bytes; bank not found by this scan
register,pd,0x2DD8A,0xDD8A,fd,,"mov  r5,a",24,0,0x0FAF (back 37),framed by every anchor in range; no PSW write within 64 bytes; bank not found by this scan
register,pd,0x2DD8E,0xDD8E,fe,,"mov  r6,a",24,0,0x0FAF (back 41),framed by every anchor in range; no PSW write within 64 bytes; bank not found by this scan
register,pd,0x2DD91,0xDD91,ce,,"xch  a,r6",0,24,0x0FAF (back 44),unsyncable: no anchor in range lands on it; may be data or preceded by a dispatch table; no PSW write within 64 bytes; bank not found by this scan
register,pd,0x2DD9E,0xDD9E,fe,,"mov  r6,a",23,1,0xDAEE (back 4),some anchors miss it; see frame_onto/frame_over; no PSW write within 64 bytes; bank not found by this scan
register,pd,0x2DDBA,0xDDBA,dd 12,,"djnz r5,0xddce",2,22,0x2F12 (back 4),some anchors miss it; see frame_onto/frame_over; no PSW write within 64 bytes; bank not found by this scan
register,pd,0x2DDDB,0xDDDB,0d,,inc  r5,1,23,0x104D (back 9),some anchors miss it; see frame_onto/frame_over; no PSW write within 64 bytes; bank not found by this scan
register,pd,0x2DDEA,0xDDEA,fe,,"mov  r6,a",24,0,0x0F65 (back 8),framed by every anchor in range; no PSW write within 64 bytes; bank not found by this scan
register,pd,0x2DDEB,0xDDEB,fd,,"mov  r5,a",24,0,0x0F65 (back 9),framed by every anchor in range; no PSW write within 64 bytes; bank not found by this scan
register,pd,0x2DDEF,0xDDEF,dd 12,,"djnz r5,0xde03",1,23,0x0F65 (back 13),some anchors miss it; see frame_onto/frame_over; no PSW write within 64 bytes; bank not found by this scan
register,pd,0x2DE0F,0xDE0F,fd,,"mov  r5,a",22,2,0x10E8 (back 17),some anchors miss it; see frame_onto/frame_over; no PSW write within 64 bytes; bank not found by this scan
register,pd,0x2DE15,0xDE15,cd,,"xch  a,r5",22,2,0x10E8 (back 23),some anchors miss it; see frame_onto/frame_over; no PSW write within 64 bytes; bank not found by this scan
register,pd,0x2DE2D,0xDE2D,fd,,"mov  r5,a",24,0,0x10E8 (back 5),framed by every anchor in range; no PSW write within 64 bytes; bank not found by this scan
register,pd,0x2DE51,0xDE51,fd,,"mov  r5,a",24,0,0xD8F0 (back 16),framed by every anchor in range; no PSW write within 64 bytes; bank not found by this scan
register,pd,0x2DE66,0xDE66,fe,,"mov  r6,a",24,0,0x577F (back 18),framed by every anchor in range; no PSW write within 64 bytes; bank not found by this scan
register,pd,0x2DE86,0xDE86,0d,,inc  r5,24,0,0xD822 (back 2),framed by every anchor in range; no PSW write within 64 bytes; bank not found by this scan
register,pd,0x2DE9E,0xDE9E,de cf,,"djnz r6,0xde6f",0,24,0xD870 (back 4),unsyncable: no anchor in range lands on it; may be data or preceded by a dispatch table; no PSW write within 64 bytes; bank not found by this scan
register,pd,0x2DEB6,0xDEB6,de cf,,"djnz r6,0xde87",0,24,0xDDFA (back 7),unsyncable: no anchor in range lands on it; may be data or preceded by a dispatch table; no PSW write within 64 bytes; bank not found by this scan
register,pd,0x2DF6F,0xDF6F,fe,,"mov  r6,a",24,0,0xDA09 (back 10),framed by every anchor in range; no PSW write within 64 bytes; bank not found by this scan
register,pd,0x2DF72,0xDF72,fd,,"mov  r5,a",24,0,0xDA09 (back 13),framed by every anchor in range; no PSW write within 64 bytes; bank not found by this scan
register,pd,0x2DFBC,0xDFBC,fe,,"mov  r6,a",24,0,0xDEEF (back 5),framed by every anchor in range; no PSW write within 64 bytes; bank not found by this scan
register,pd,0x2DFBD,0xDFBD,fd,,"mov  r5,a",24,0,0xDEEF (back 6),framed by every anchor in range; no PSW write within 64 bytes; bank not found by this scan
register,pd,0x2DFC8,0xDFC8,0d,,inc  r5,0,24,0x0FCB (back 4),unsyncable: no anchor in range lands on it; may be data or preceded by a dispatch table; no PSW write within 64 bytes; bank not found by this scan
register,pd,0x2DFD6,0xDFD6,1d,,dec  r5,0,24,0xDED6 (back 8),unsyncable: no anchor in range lands on it; may be data or preceded by a dispatch table; no PSW write within 64 bytes; bank not found by this scan
register,pd,0x2DFE9,0xDFE9,fd,,"mov  r5,a",23,1,0xC23A (back 5),some anchors miss it; see frame_onto/frame_over; no PSW write within 64 bytes; bank not found by this scan
register,pd,0x2E00C,0xE00C,fe,,"mov  r6,a",0,24,0xC62B (back 11),unsyncable: no anchor in range lands on it; may be data or preceded by a dispatch table; no PSW write within 64 bytes; bank not found by this scan
register,pd,0x2E026,0xE026,7d 01,,"mov  r5,#0x01",22,2,0xDB89 (back 8),some anchors miss it; see frame_onto/frame_over; no PSW write within 64 bytes; bank not found by this scan
register,pd,0x2E032,0xE032,7e 00,,"mov  r6,#0x00",23,1,0xDBD9 (back 3),some anchors miss it; see frame_onto/frame_over; no PSW write within 64 bytes; bank not found by this scan
register,pd,0x2E036,0xE036,7d ff,,"mov  r5,#0xff",23,1,0xDBD9 (back 7),some anchors miss it; see frame_onto/frame_over; no PSW write within 64 bytes; bank not found by this scan
register,pd,0x2E05A,0xE05A,0e,,inc  r6,1,23,0x0FAF (back 11),some anchors miss it; see frame_onto/frame_over; no PSW write within 64 bytes; bank not found by this scan
register,pd,0x2E06F,0xE06F,fd,,"mov  r5,a",24,0,0xB164 (back 7),framed by every anchor in range; no PSW write within 64 bytes; bank not found by this scan
register,pd,0x2E099,0xE099,fe,,"mov  r6,a",24,0,0x349B (back 4),framed by every anchor in range; no PSW write within 64 bytes; bank not found by this scan
register,pd,0x2E0C3,0xE0C3,fe,,"mov  r6,a",23,1,0x0FAF (back 6),some anchors miss it; see frame_onto/frame_over; no PSW write within 64 bytes; bank not found by this scan
register,pd,0x2E0E6,0xE0E6,7e 08,,"mov  r6,#0x08",23,1,0xE070 (back 12),some anchors miss it; see frame_onto/frame_over; no PSW write within 64 bytes; bank not found by this scan
register,pd,0x2E0E9,0xE0E9,0e,,inc  r6,0,24,0xE070 (back 15),unsyncable: no anchor in range lands on it; may be data or preceded by a dispatch table; no PSW write within 64 bytes; bank not found by this scan
register,pd,0x2E0EE,0xE0EE,7e 0c,,"mov  r6,#0x0c",24,0,0xE070 (back 20),framed by every anchor in range; no PSW write within 64 bytes; bank not found by this scan
register,pd,0x2E0F3,0xE0F3,fe,,"mov  r6,a",24,0,0xE070 (back 25),framed by every anchor in range; no PSW write within 64 bytes; bank not found by this scan
register,pd,0x2E0F7,0xE0F7,fe,,"mov  r6,a",23,1,0xE070 (back 29),some anchors miss it; see frame_onto/frame_over; no PSW write within 64 bytes; bank not found by this scan
register,pd,0x2E100,0xE100,fe,,"mov  r6,a",24,0,0x7131 (back 8),framed by every anchor in range; no PSW write within 64 bytes; bank not found by this scan
register,pd,0x2E11C,0xE11C,cd,,"xch  a,r5",1,23,0x9BD6 (back 7),some anchors miss it; see frame_onto/frame_over; no PSW write within 64 bytes; bank not found by this scan
register,pd,0x2E122,0xE122,dd a3,,"djnz r5,0xe0c7",3,21,0x9B80 (back 5),some anchors miss it; see frame_onto/frame_over; no PSW write within 64 bytes; bank not found by this scan
register,pd,0x2E132,0xE132,dd 12,,"djnz r5,0xe146",1,23,0xE0CF (back 5),some anchors miss it; see frame_onto/frame_over; no PSW write within 64 bytes; bank not found by this scan
register,pd,0x2E13B,0xE13B,fe,,"mov  r6,a",22,2,0x9BAB (back 3),some anchors miss it; see frame_onto/frame_over; no PSW write within 64 bytes; bank not found by this scan
register,pd,0x2E144,0xE144,0d,,inc  r5,2,22,0x9BAB (back 12),some anchors miss it; see frame_onto/frame_over; no PSW write within 64 bytes; bank not found by this scan
register,pd,0x2E147,0xE147,dd e0,,"djnz r5,0xe129",1,23,0xE00D (back 4),some anchors miss it; see frame_onto/frame_over; no PSW write within 64 bytes; bank not found by this scan
register,pd,0x2E14C,0xE14C,fd,,"mov  r5,a",24,0,0x9ADD (back 7),framed by every anchor in range; no PSW write within 64 bytes; bank not found by this scan
register,pd,0x2E15F,0xE15F,7e 00,,"mov  r6,#0x00",24,0,0x2F90 (back 7),framed by every anchor in range; no PSW write within 64 bytes; bank not found by this scan
register,pd,0x2E167,0xE167,7d 00,,"mov  r5,#0x00",24,0,0x2F90 (back 15),framed by every anchor in range; no PSW write within 64 bytes; bank not found by this scan
register,pd,0x2E1EE,0xE1EE,fd,,"mov  r5,a",2,22,0x6FC5 (back 4),some anchors miss it; see frame_onto/frame_over; no PSW write within 64 bytes; bank not found by this scan
register,pd,0x2E248,0xE248,0e,,inc  r6,0,24,0x104D (back 14),unsyncable: no anchor in range lands on it; may be data or preceded by a dispatch table; no PSW write within 64 bytes; bank not found by this scan
register,pd,0x2E25A,0xE25A,fd,,"mov  r5,a",24,0,0x7A07 (back 4),framed by every anchor in range; no PSW write within 64 bytes; bank not found by this scan
register,pd,0x2E26C,0xE26C,7d 03,,"mov  r5,#0x03",24,0,0x9AD5 (back 5),framed by every anchor in range; no PSW write within 64 bytes; bank not found by this scan
register,pd,0x2E273,0xE273,dd e0,,"djnz r5,0xe255",1,23,0xDB39 (back 5),some anchors miss it; see frame_onto/frame_over; no PSW write within 64 bytes; bank not found by this scan
register,pd,0x2E279,0xE279,ae 07,,"mov  r6,0x07",22,2,0x9ADD (back 8),some anchors miss it; see frame_onto/frame_over; no PSW write within 64 bytes; bank not found by this scan
register,pd,0x2E27D,0xE27D,dd e0,,"djnz r5,0xe25f",1,23,0x9ADD (back 12),some anchors miss it; see frame_onto/frame_over; no PSW write within 64 bytes; bank not found by this scan
register,pd,0x2E2FD,0xE2FD,fe,,"mov  r6,a",24,0,0xB168 (back 4),framed by every anchor in range; no PSW write within 64 bytes; bank not found by this scan
register,pd,0x2E325,0xE325,fe,,"mov  r6,a",1,23,0xE022 (back 4),some anchors miss it; see frame_onto/frame_over; no PSW write within 64 bytes; bank not found by this scan
register,pd,0x2E33C,0xE33C,fe,,"mov  r6,a",24,0,0x70A3 (back 8),framed by every anchor in range; no PSW write within 64 bytes; bank not found by this scan
register,pd,0x2E349,0xE349,fd,,"mov  r5,a",24,0,0x705C (back 9),framed by every anchor in range; no PSW write within 64 bytes; bank not found by this scan
register,pd,0x2E34F,0xE34F,fe,,"mov  r6,a",24,0,0x705C (back 15),framed by every anchor in range; no PSW write within 64 bytes; bank not found by this scan
register,pd,0x2E36E,0xE36E,fe,,"mov  r6,a",24,0,0x5770 (back 4),framed by every anchor in range; no PSW write within 64 bytes; bank not found by this scan
register,pd,0x2E3AA,0xE3AA,ae f0,,"mov  r6,0xf0",24,0,0xE022 (back 12),framed by every anchor in range; no PSW write within 64 bytes; bank not found by this scan
register,pd,0x2E3B0,0xE3B0,fd,,"mov  r5,a",24,0,0xE022 (back 18),framed by every anchor in range; no PSW write within 64 bytes; bank not found by this scan
register,pd,0x2E3C4,0xE3C4,ae 02,,"mov  r6,0x02",24,0,0x9AE4 (back 10),framed by every anchor in range; no PSW write within 64 bytes; bank not found by this scan
register,pd,0x2E3C6,0xE3C6,ad 06,,"mov  r5,0x06",23,1,0x9AE4 (back 12),some anchors miss it; see frame_onto/frame_over; no PSW write within 64 bytes; bank not found by this scan
register,pd,0x2E3E9,0xE3E9,fe,,"mov  r6,a",24,0,0xE0F0 (back 4),framed by every anchor in range; no PSW write within 64 bytes; bank not found by this scan
register,pd,0x2E402,0xE402,0d,,inc  r5,4,20,0x0BAB (back 5),some anchors miss it; see frame_onto/frame_over; no PSW write within 64 bytes; bank not found by this scan
register,pd,0x2E439,0xE439,fd,,"mov  r5,a",24,0,0x5326 (back 12),framed by every anchor in range; no PSW write within 64 bytes; bank not found by this scan
register,pd,0x2E444,0xE444,ce,,"xch  a,r6",0,24,0x5326 (back 23),unsyncable: no anchor in range lands on it; may be data or preceded by a dispatch table; no PSW write within 64 bytes; bank not found by this scan
register,pd,0x2E44A,0xE44A,fd,,"mov  r5,a",24,0,0xCEB4 (back 7),framed by every anchor in range; no PSW write within 64 bytes; bank not found by this scan
register,pd,0x2E455,0xE455,ce,,"xch  a,r6",0,24,0xCEB4 (back 18),unsyncable: no anchor in range lands on it; may be data or preceded by a dispatch table; no PSW write within 64 bytes; bank not found by this scan
register,pd,0x2E477,0xE477,de f0,,"djnz r6,0xe469",1,23,0x104D (back 10),some anchors miss it; see frame_onto/frame_over; no PSW write within 64 bytes; bank not found by this scan
register,pd,0x2E490,0xE490,7d 01,,"mov  r5,#0x01",24,0,0x104D (back 12),framed by every anchor in range; no PSW write within 64 bytes; bank not found by this scan
register,pd,0x2E4AE,0xE4AE,fd,,"mov  r5,a",24,0,0x57EB (back 3),framed by every anchor in range; no PSW write within 64 bytes; bank not found by this scan
register,pd,0x2E4C4,0xE4C4,fd,,"mov  r5,a",24,0,0x567B (back 21),framed by every anchor in range; no PSW write within 64 bytes; bank not found by this scan
register,pd,0x2E4D2,0xE4D2,fe,,"mov  r6,a",1,23,0xE022 (back 4),some anchors miss it; see frame_onto/frame_over; no PSW write within 64 bytes; bank not found by this scan
register,pd,0x2E4E6,0xE4E6,ad 70,,"mov  r5,0x70",1,23,0x704E (back 8),some anchors miss it; see frame_onto/frame_over; no PSW write within 64 bytes; bank not found by this scan
register,pd,0x2E4F6,0xE4F6,fd,,"mov  r5,a",24,0,0x705C (back 6),framed by every anchor in range; no PSW write within 64 bytes; bank not found by this scan
register,pd,0x2E527,0xE527,fd,,"mov  r5,a",0,24,0x801F (back 9),unsyncable: no anchor in range lands on it; may be data or preceded by a dispatch table; no PSW write within 64 bytes; bank not found by this scan
register,pd,0x2E557,0xE557,fe,,"mov  r6,a",24,0,0xB1E3 (back 3),framed by every anchor in range; no PSW write within 64 bytes; bank not found by this scan
register,pd,0x2E56A,0xE56A,fd,,"mov  r5,a",24,0,0xB1E3 (back 6),framed by every anchor in range; no PSW write within 64 bytes; bank not found by this scan
register,pd,0x2E590,0xE590,0d,,inc  r5,1,23,0x2D90 (back 32),some anchors miss it; see frame_onto/frame_over; no PSW write within 64 bytes; bank not found by this scan
register,pd,0x2E599,0xE599,0d,,inc  r5,1,23,0x2D90 (back 41),some anchors miss it; see frame_onto/frame_over; no PSW write within 64 bytes; bank not found by this scan
register,pd,0x2E5AE,0xE5AE,fd,,"mov  r5,a",24,0,0x10E8 (back 6),framed by every anchor in range; no PSW write within 64 bytes; bank not found by this scan
register,pd,0x2E5B5,0xE5B5,0e,,inc  r6,1,23,0xE486 (back 5),some anchors miss it; see frame_onto/frame_over; no PSW write within 64 bytes; bank not found by this scan
register,pd,0x2E5B9,0xE5B9,fe,,"mov  r6,a",24,0,0xE486 (back 9),framed by every anchor in range; no PSW write within 64 bytes; bank not found by this scan
register,pd,0x2E5C3,0xE5C3,fe,,"mov  r6,a",24,0,0xE486 (back 19),framed by every anchor in range; no PSW write within 64 bytes; bank not found by this scan
register,pd,0x2E5C6,0xE5C6,0e,,inc  r6,1,23,0xE486 (back 22),some anchors miss it; see frame_onto/frame_over; no PSW write within 64 bytes; bank not found by this scan
register,pd,0x2E5CF,0xE5CF,fd,,"mov  r5,a",24,0,0x70BB (back 6),framed by every anchor in range; no PSW write within 64 bytes; bank not found by this scan
register,pd,0x2E5D3,0xE5D3,fe,,"mov  r6,a",24,0,0x70BB (back 10),framed by every anchor in range; no PSW write within 64 bytes; bank not found by this scan
register,pd,0x2E5DC,0xE5DC,fe,,"mov  r6,a",24,0,0x70BB (back 19),framed by every anchor in range; no PSW write within 64 bytes; bank not found by this scan
register,pd,0x2E5DF,0xE5DF,0e,,inc  r6,1,23,0x70BB (back 22),some anchors miss it; see frame_onto/frame_over; no PSW write within 64 bytes; bank not found by this scan
register,pd,0x2E5E2,0xE5E2,ad 70,,"mov  r5,0x70",1,23,0x70BB (back 25),some anchors miss it; see frame_onto/frame_over; no PSW write within 64 bytes; bank not found by this scan
register,pd,0x2E5E5,0xE5E5,ad 06,,"mov  r5,0x06",21,3,0x6FAD (back 5),some anchors miss it; see frame_onto/frame_over; no PSW write within 64 bytes; bank not found by this scan
register,pd,0x2E608,0xE608,0e,,inc  r6,1,23,0x0FAF (back 11),some anchors miss it; see frame_onto/frame_over; no PSW write within 64 bytes; bank not found by this scan
register,pd,0x2E60F,0xE60F,7d 01,,"mov  r5,#0x01",22,2,0xE07B (back 3),some anchors miss it; see frame_onto/frame_over; no PSW write within 64 bytes; bank not found by this scan
register,pd,0x2E669,0xE669,fd,,"mov  r5,a",0,24,0x0FAF (back 5),unsyncable: no anchor in range lands on it; may be data or preceded by a dispatch table; no PSW write within 64 bytes; bank not found by this scan
register,pd,0x2E6C5,0xE6C5,fe,,"mov  r6,a",24,0,0x706B (back 4),framed by every anchor in range; no PSW write within 64 bytes; bank not found by this scan
register,pd,0x2E6F3,0xE6F3,7e 06,,"mov  r6,#0x06",24,0,0x6FAF (back 9),framed by every anchor in range; no PSW write within 64 bytes; bank not found by this scan
register,pd,0x2E703,0xE703,0d,,inc  r5,0,24,0x6FAF (back 25),unsyncable: no anchor in range lands on it; may be data or preceded by a dispatch table; no PSW write within 64 bytes; bank not found by this scan
register,pd,0x2E70D,0xE70D,ae 04,,"mov  r6,0x04",24,0,0x7C03 (back 3),framed by every anchor in range; no PSW write within 64 bytes; bank not found by this scan
register,pd,0x2E718,0xE718,7d 04,,"mov  r5,#0x04",24,0,0x7C03 (back 14),framed by every anchor in range; no PSW write within 64 bytes; bank not found by this scan
register,pd,0x2E71C,0xE71C,7d 05,,"mov  r5,#0x05",23,1,0x7C03 (back 18),some anchors miss it; see frame_onto/frame_over; no PSW write within 64 bytes; bank not found by this scan
register,pd,0x2E71E,0xE71E,ae 05,,"mov  r6,0x05",23,1,0x7D05 (back 3),some anchors miss it; see frame_onto/frame_over; no PSW write within 64 bytes; bank not found by this scan
register,pd,0x2E720,0xE720,ad 06,,"mov  r5,0x06",22,2,0x7D05 (back 5),some anchors miss it; see frame_onto/frame_over; no PSW write within 64 bytes; bank not found by this scan
register,pd,0x2E74A,0xE74A,fd,,"mov  r5,a",24,0,0xD498 (back 7),framed by every anchor in range; no PSW write within 64 bytes; bank not found by this scan
register,pd,0x2E771,0xE771,7d e4,,"mov  r5,#0xe4",0,24,0xE576 (back 7),unsyncable: no anchor in range lands on it; may be data or preceded by a dispatch table; no PSW write within 64 bytes; bank not found by this scan
register,pd,0x2E773,0xE773,fd,,"mov  r5,a",24,0,0xE57D (back 3),framed by every anchor in range; no PSW write within 64 bytes; bank not found by this scan
register,pd,0x2E775,0xE775,0e,,inc  r6,0,24,0xE57D (back 5),unsyncable: no anchor in range lands on it; may be data or preceded by a dispatch table; no PSW write within 64 bytes; bank not found by this scan
register,pd,0x2E781,0xE781,7d 7d,,"mov  r5,#0x7d",0,24,0xE572 (back 7),unsyncable: no anchor in range lands on it; may be data or preceded by a dispatch table; no PSW write within 64 bytes; bank not found by this scan
register,pd,0x2E782,0xE782,7d 01,,"mov  r5,#0x01",23,1,0xE57D (back 2),some anchors miss it; see frame_onto/frame_over; no PSW write within 64 bytes; bank not found by this scan
register,pd,0x2E7C4,0xE7C4,7e 05,,"mov  r6,#0x05",0,24,0x0912 (back 4),unsyncable: no anchor in range lands on it; may be data or preceded by a dispatch table; no PSW write within 64 bytes; bank not found by this scan
register,pd,0x2E7CD,0xE7CD,7e 04,,"mov  r6,#0x04",0,24,0x107E (back 11),unsyncable: no anchor in range lands on it; may be data or preceded by a dispatch table; no PSW write within 64 bytes; bank not found by this scan
register,pd,0x2E84A,0xE84A,cd,,"xch  a,r5",1,23,0xE822 (back 4),some anchors miss it; see frame_onto/frame_over; no PSW write within 64 bytes; bank not found by this scan
register,pd,0x2E84D,0xE84D,7d 05,,"mov  r5,#0x05",24,0,0x9ACD (back 5),framed by every anchor in range; no PSW write within 64 bytes; bank not found by this scan
register,pd,0x2E854,0xE854,dd 12,,"djnz r5,0xe868",1,23,0xDB39 (back 5),some anchors miss it; see frame_onto/frame_over; no PSW write within 64 bytes; bank not found by this scan
register,pd,0x2E85A,0xE85A,dd a3,,"djnz r5,0xe7ff",5,19,0x9B80 (back 5),some anchors miss it; see frame_onto/frame_over; no PSW write within 64 bytes; bank not found by this scan
register,pd,0x2E868,0xE868,dd e0,,"djnz r5,0xe84a",1,23,0xE0CF (back 5),some anchors miss it; see frame_onto/frame_over; no PSW write within 64 bytes; bank not found by this scan
register,pd,0x2E883,0xE883,fd,,"mov  r5,a",24,0,0x2F90 (back 14),framed by every anchor in range; no PSW write within 64 bytes; bank not found by this scan
register,pd,0x2E884,0xE884,fe,,"mov  r6,a",24,0,0x2F90 (back 15),framed by every anchor in range; no PSW write within 64 bytes; bank not found by this scan
register,pd,0x2E89C,0xE89C,7d 02,,"mov  r5,#0x02",24,0,0x90D6 (back 10),framed by every anchor in range; no PSW write within 64 bytes; bank not found by this scan
register,pd,0x2E8A0,0xE8A0,7d 03,,"mov  r5,#0x03",23,1,0x8002 (back 3),some anchors miss it; see frame_onto/frame_over; no PSW write within 64 bytes; bank not found by this scan
register,pd,0x2E8A4,0xE8A4,0e,,inc  r6,0,24,0x7D03 (back 5),unsyncable: no anchor in range lands on it; may be data or preceded by a dispatch table; no PSW write within 64 bytes; bank not found by this scan
register,pd,0x2E8C3,0xE8C3,ad 7a,,"mov  r5,0x7a",0,24,0x87AB (back 12),unsyncable: no anchor in range lands on it; may be data or preceded by a dispatch table; no PSW write within 64 bytes; bank not found by this scan
register,pd,0x2E8CF,0xE8CF,fd,,"mov  r5,a",24,0,0x10E8 (back 6),framed by every anchor in range; no PSW write within 64 bytes; bank not found by this scan
register,pd,0x2E8D9,0xE8D9,7e 00,,"mov  r6,#0x00",24,0,0x9186 (back 9),framed by every anchor in range; no PSW write within 64 bytes; bank not found by this scan
register,pd,0x2E8E1,0xE8E1,7d 00,,"mov  r5,#0x00",24,0,0x9186 (back 17),framed by every anchor in range; no PSW write within 64 bytes; bank not found by this scan
register,pd,0x2E930,0xE930,ad 07,,"mov  r5,0x07",24,0,0x297F (back 5),framed by every anchor in range; no PSW write within 64 bytes; bank not found by this scan
register,pd,0x2E935,0xE935,fe,,"mov  r6,a",24,0,0x297F (back 10),framed by every anchor in range; no PSW write within 64 bytes; bank not found by this scan
register,pd,0x2E938,0xE938,0d,,inc  r5,0,24,0x297F (back 13),unsyncable: no anchor in range lands on it; may be data or preceded by a dispatch table; no PSW write within 64 bytes; bank not found by this scan
register,pd,0x2E94C,0xE94C,fe,,"mov  r6,a",24,0,0xE812 (back 12),framed by every anchor in range; no PSW write within 64 bytes; bank not found by this scan
register,pd,0x2E963,0xE963,0e,,inc  r6,0,24,0xE812 (back 35),unsyncable: no anchor in range lands on it; may be data or preceded by a dispatch table; no PSW write within 64 bytes; bank not found by this scan
register,pd,0x2E965,0xE965,fe,,"mov  r6,a",24,0,0xE80E (back 3),framed by every anchor in range; no PSW write within 64 bytes; bank not found by this scan
register,pd,0x2E973,0xE973,fe,,"mov  r6,a",24,0,0x9028 (back 10),framed by every anchor in range; no PSW write within 64 bytes; bank not found by this scan
register,pd,0x2E97F,0xE97F,fe,,"mov  r6,a",24,0,0x9028 (back 8),framed by every anchor in range; no PSW write within 64 bytes; bank not found by this scan
register,pd,0x2E993,0xE993,fd,,"mov  r5,a",23,1,0x9028 (back 16),some anchors miss it; see frame_onto/frame_over; no PSW write within 64 bytes; bank not found by this scan
register,pd,0x2E9A5,0xE9A5,1e,,dec  r6,5,19,0x104D (back 6),some anchors miss it; see frame_onto/frame_over; no PSW write within 64 bytes; bank not found by this scan
register,pd,0x2E9B0,0xE9B0,fd,,"mov  r5,a",24,0,0x104D (back 17),framed by every anchor in range; no PSW write within 64 bytes; bank not found by this scan
register,pd,0x2E9DE,0xE9DE,fd,,"mov  r5,a",24,0,0x10E8 (back 4),framed by every anchor in range; no PSW write within 64 bytes; bank not found by this scan
register,pd,0x2E9F0,0xE9F0,fe,,"mov  r6,a",24,0,0x998B (back 4),framed by every anchor in range; no PSW write within 64 bytes; bank not found by this scan
register,pd,0x2E9FF,0xE9FF,fe,,"mov  r6,a",24,0,0x9A98 (back 4),framed by every anchor in range; no PSW write within 64 bytes; bank not found by this scan
register,pd,0x2EA0D,0xEA0D,0d,,inc  r5,0,24,0x10C8 (back 7),unsyncable: no anchor in range lands on it; may be data or preceded by a dispatch table; no PSW write within 64 bytes; bank not found by this scan
register,pd,0x2EA56,0xEA56,ad 03,,"mov  r5,0x03",23,1,0x0C46 (back 30),some anchors miss it; see frame_onto/frame_over; no PSW write within 64 bytes; bank not found by this scan
register,pd,0x2EA7F,0xEA7F,fd,,"mov  r5,a",24,0,0x719B (back 33),framed by every anchor in range; no PSW write within 64 bytes; bank not found by this scan
register,pd,0x2EAC3,0xEAC3,fd,,"mov  r5,a",0,24,0x9850 (back 5),unsyncable: no anchor in range lands on it; may be data or preceded by a dispatch table; no PSW write within 64 bytes; bank not found by this scan
register,pd,0x2EACA,0xEACA,7e 00,,"mov  r6,#0x00",23,1,0x10E8 (back 3),some anchors miss it; see frame_onto/frame_over; no PSW write within 64 bytes; bank not found by this scan
register,pd,0x2EACE,0xEACE,7d 00,,"mov  r5,#0x00",23,1,0x10E8 (back 7),some anchors miss it; see frame_onto/frame_over; no PSW write within 64 bytes; bank not found by this scan
register,pd,0x2EAE7,0xEAE7,1d,,dec  r5,0,24,0x9850 (back 5),unsyncable: no anchor in range lands on it; may be data or preceded by a dispatch table; no PSW write within 64 bytes; bank not found by this scan
register,pd,0x2EB1D,0xEB1D,7e 01,,"mov  r6,#0x01",24,0,0xE8D5 (back 51),framed by every anchor in range; no PSW write within 64 bytes; bank not found by this scan
register,pd,0x2EB28,0xEB28,ae 07,,"mov  r6,0x07",21,3,0xE7B9 (back 3),some anchors miss it; see frame_onto/frame_over; no PSW write within 64 bytes; bank not found by this scan
register,pd,0x2EB49,0xEB49,ce,,"xch  a,r6",1,23,0xE822 (back 14),some anchors miss it; see frame_onto/frame_over; no PSW write within 64 bytes; bank not found by this scan
register,pd,0x2EB65,0xEB65,de 22,,"djnz r6,0xeb89",0,24,0x104D (back 11),unsyncable: no anchor in range lands on it; may be data or preceded by a dispatch table; no PSW write within 64 bytes; bank not found by this scan
register,pd,0x2EB70,0xEB70,fe,,"mov  r6,a",24,0,0x9B25 (back 4),framed by every anchor in range; no PSW write within 64 bytes; bank not found by this scan
register,pd,0x2EB76,0xEB76,fd,,"mov  r5,a",24,0,0x9B25 (back 10),framed by every anchor in range; no PSW write within 64 bytes; bank not found by this scan
register,pd,0x2EB98,0xEB98,0d,,inc  r5,0,24,0x9850 (back 7),unsyncable: no anchor in range lands on it; may be data or preceded by a dispatch table; no PSW write within 64 bytes; bank not found by this scan
register,pd,0x2EBA5,0xEBA5,0d,,inc  r5,0,24,0x9850 (back 7),unsyncable: no anchor in range lands on it; may be data or preceded by a dispatch table; no PSW write within 64 bytes; bank not found by this scan
register,pd,0x2EBE6,0xEBE6,cd,,"xch  a,r5",1,23,0xC62B (back 8),some anchors miss it; see frame_onto/frame_over; no PSW write within 64 bytes; bank not found by this scan
register,pd,0x2EBF4,0xEBF4,dd a3,,"djnz r5,0xeb99",1,23,0x9ACD (back 16),some anchors miss it; see frame_onto/frame_over; no PSW write within 64 bytes; bank not found by this scan
register,pd,0x2EBFD,0xEBFD,dd a3,,"djnz r5,0xeba2",1,23,0x9ADD (back 11),some anchors miss it; see frame_onto/frame_over; no PSW write within 64 bytes; bank not found by this scan
register,pd,0x2EC3D,0xEC3D,fe,,"mov  r6,a",24,0,0xE8EC (back 2),framed by every anchor in range; no PSW write within 64 bytes; bank not found by this scan
register,pd,0x2EC40,0xEC40,1e,,dec  r6,0,24,0xE8EC (back 5),unsyncable: no anchor in range lands on it; may be data or preceded by a dispatch table; no PSW write within 64 bytes; bank not found by this scan
register,pd,0x2EC4E,0xEC4E,fe,,"mov  r6,a",24,0,0xE8F0 (back 8),framed by every anchor in range; no PSW write within 64 bytes; bank not found by this scan
register,pd,0x2EC51,0xEC51,1e,,dec  r6,0,24,0xE8F0 (back 11),unsyncable: no anchor in range lands on it; may be data or preceded by a dispatch table; no PSW write within 64 bytes; bank not found by this scan
register,pd,0x2EC57,0xEC57,fe,,"mov  r6,a",0,24,0x9028 (back 5),unsyncable: no anchor in range lands on it; may be data or preceded by a dispatch table; no PSW write within 64 bytes; bank not found by this scan
register,pd,0x2EC65,0xEC65,fe,,"mov  r6,a",24,0,0xE8EC (back 2),framed by every anchor in range; no PSW write within 64 bytes; bank not found by this scan
register,pd,0x2EC68,0xEC68,1e,,dec  r6,0,24,0xE8EC (back 5),unsyncable: no anchor in range lands on it; may be data or preceded by a dispatch table; no PSW write within 64 bytes; bank not found by this scan
register,pd,0x2EC76,0xEC76,fe,,"mov  r6,a",24,0,0x9028 (back 13),framed by every anchor in range; no PSW write within 64 bytes; bank not found by this scan
register,pd,0x2EC79,0xEC79,1e,,dec  r6,0,24,0x9028 (back 16),unsyncable: no anchor in range lands on it; may be data or preceded by a dispatch table; no PSW write within 64 bytes; bank not found by this scan
register,pd,0x2EC98,0xEC98,fe,,"mov  r6,a",24,0,0x04E0 (back 3),framed by every anchor in range; no PSW write within 64 bytes; bank not found by this scan
register,pd,0x2ECB2,0xECB2,0d,,inc  r5,0,24,0xE8F5 (back 13),unsyncable: no anchor in range lands on it; may be data or preceded by a dispatch table; no PSW write within 64 bytes; bank not found by this scan
register,pd,0x2ECC4,0xECC4,fd,,"mov  r5,a",1,23,0xE8A8 (back 10),some anchors miss it; see frame_onto/frame_over; no PSW write within 64 bytes; bank not found by this scan
register,pd,0x2ECCE,0xECCE,fd,,"mov  r5,a",1,23,0xE8F6 (back 4),some anchors miss it; see frame_onto/frame_over; no PSW write within 64 bytes; bank not found by this scan
register,pd,0x2ECD7,0xECD7,fe,,"mov  r6,a",24,0,0xE8F6 (back 13),framed by every anchor in range; no PSW write within 64 bytes; bank not found by this scan
register,pd,0x2ECE9,0xECE9,0d,,inc  r5,1,23,0xE8F0 (back 8),some anchors miss it; see frame_onto/frame_over; no PSW write within 64 bytes; bank not found by this scan
register,pd,0x2ECF0,0xECF0,1e,,dec  r6,23,1,0xE8F0 (back 15),some anchors miss it; see frame_onto/frame_over; no PSW write within 64 bytes; bank not found by this scan
register,pd,0x2ED04,0xED04,7d 01,,"mov  r5,#0x01",24,0,0xE81E (back 21),framed by every anchor in range; no PSW write within 64 bytes; bank not found by this scan
register,pd,0x2ED10,0xED10,fd,,"mov  r5,a",24,0,0xDB39 (back 10),framed by every anchor in range; no PSW write within 64 bytes; bank not found by this scan
register,pd,0x2ED2F,0xED2F,dd f0,,"djnz r5,0xed21",1,23,0xE8E0 (back 4),some anchors miss it; see frame_onto/frame_over; no PSW write within 64 bytes; bank not found by this scan
register,pd,0x2ED39,0xED39,dd a3,,"djnz r5,0xecde",1,23,0x9BF3 (back 5),some anchors miss it; see frame_onto/frame_over; no PSW write within 64 bytes; bank not found by this scan
register,pd,0x2ED63,0xED63,1d,,dec  r5,0,24,0x10C8 (back 5),unsyncable: no anchor in range lands on it; may be data or preceded by a dispatch table; no PSW write within 64 bytes; bank not found by this scan
register,pd,0x2ED73,0xED73,7d 06,,"mov  r5,#0x06",24,0,0xB1F2 (back 12),framed by every anchor in range; no PSW write within 64 bytes; bank not found by this scan
register,pd,0x2ED7E,0xED7E,fd,,"mov  r5,a",24,0,0xE880 (back 8),framed by every anchor in range; no PSW write within 64 bytes; bank not found by this scan
register,pd,0x2ED8E,0xED8E,7d 22,,"mov  r5,#0x22",0,24,0xED74 (back 7),unsyncable: no anchor in range lands on it; may be data or preceded by a dispatch table; no PSW write within 64 bytes; bank not found by this scan
register,pd,0x2EDF2,0xEDF2,1e,,dec  r6,1,23,0x10E8 (back 9),some anchors miss it; see frame_onto/frame_over; no PSW write within 64 bytes; bank not found by this scan
register,pd,0x2EE7F,0xEE7F,7d 01,,"mov  r5,#0x01",24,0,0xE806 (back 4),framed by every anchor in range; no PSW write within 64 bytes; bank not found by this scan
register,pd,0x2EE86,0xEE86,fd,,"mov  r5,a",24,0,0xE880 (back 6),framed by every anchor in range; no PSW write within 64 bytes; bank not found by this scan
register,pd,0x2EE8C,0xEE8C,fe,,"mov  r6,a",24,0,0xE880 (back 12),framed by every anchor in range; no PSW write within 64 bytes; bank not found by this scan
register,pd,0x2EEA9,0xEEA9,ae 07,,"mov  r6,0x07",24,0,0x7F00 (back 3),framed by every anchor in range; no PSW write within 64 bytes; bank not found by this scan
register,pd,0x2EED1,0xEED1,ad 07,,"mov  r5,0x07",21,3,0x0BF1 (back 3),some anchors miss it; see frame_onto/frame_over; no PSW write within 64 bytes; bank not found by this scan
register,pd,0x2EED6,0xEED6,fe,,"mov  r6,a",24,0,0x0BF1 (back 8),framed by every anchor in range; no PSW write within 64 bytes; bank not found by this scan
register,pd,0x2EEEB,0xEEEB,fe,,"mov  r6,a",24,0,0x0BF1 (back 29),framed by every anchor in range; no PSW write within 64 bytes; bank not found by this scan
register,pd,0x2EF05,0xEF05,fe,,"mov  r6,a",24,0,0x10C8 (back 4),framed by every anchor in range; no PSW write within 64 bytes; bank not found by this scan
register,pd,0x2EF0D,0xEF0D,fd,,"mov  r5,a",24,0,0x10C8 (back 12),framed by every anchor in range; no PSW write within 64 bytes; bank not found by this scan
register,pd,0x2EF18,0xEF18,fe,,"mov  r6,a",1,23,0xE822 (back 4),some anchors miss it; see frame_onto/frame_over; no PSW write within 64 bytes; bank not found by this scan
register,pd,0x2EF3E,0xEF3E,1e,,dec  r6,23,1,0x0C58 (back 26),some anchors miss it; see frame_onto/frame_over; no PSW write within 64 bytes; bank not found by this scan
register,pd,0x2EF44,0xEF44,fd,,"mov  r5,a",24,0,0xE81E (back 7),framed by every anchor in range; no PSW write within 64 bytes; bank not found by this scan
register,pd,0x2EF51,0xEF51,0d,,inc  r5,24,0,0xEC50 (back 4),framed by every anchor in range; no PSW write within 64 bytes; bank not found by this scan
register,pd,0x2EFD8,0xEFD8,7e 00,,"mov  r6,#0x00",24,0,0xE8C3 (back 40),framed by every anchor in range; no PSW write within 64 bytes; bank not found by this scan
register,pd,0x2EFDC,0xEFDC,7d 90,,"mov  r5,#0x90",23,1,0xE8C3 (back 44),some anchors miss it; see frame_onto/frame_over; no PSW write within 64 bytes; bank not found by this scan
register,pd,0x2EFEE,0xEFEE,fe,,"mov  r6,a",24,0,0x06E0 (back 3),framed by every anchor in range; no PSW write within 64 bytes; bank not found by this scan
register,pd,0x2F00E,0xF00E,7d 00,,"mov  r5,#0x00",24,0,0x0FAF (back 7),framed by every anchor in range; no PSW write within 64 bytes; bank not found by this scan
register,pd,0x2F057,0xF057,7e f0,,"mov  r6,#0xf0",1,23,0x7140 (back 11),some anchors miss it; see frame_onto/frame_over; no PSW write within 64 bytes; bank not found by this scan
register,pd,0x2F095,0xF095,0d,,inc  r5,1,23,0xEFEA (back 20),some anchors miss it; see frame_onto/frame_over; no PSW write within 64 bytes; bank not found by this scan
register,pd,0x2F0A4,0xF0A4,0d,,inc  r5,0,24,0x8864 (back 7),unsyncable: no anchor in range lands on it; may be data or preceded by a dispatch table; no PSW write within 64 bytes; bank not found by this scan
register,pd,0x2F0AA,0xF0AA,fd,,"mov  r5,a",23,1,0x8814 (back 5),some anchors miss it; see frame_onto/frame_over; no PSW write within 64 bytes; bank not found by this scan
register,pd,0x2F0C8,0xF0C8,fd,,"mov  r5,a",24,0,0x8814 (back 5),framed by every anchor in range; no PSW write within 64 bytes; bank not found by this scan
register,pd,0x2F0E6,0xF0E6,fd,,"mov  r5,a",24,0,0x8814 (back 5),framed by every anchor in range; no PSW write within 64 bytes; bank not found by this scan
register,pd,0x2F10B,0xF10B,0d,,inc  r5,0,24,0xA56C (back 6),unsyncable: no anchor in range lands on it; may be data or preceded by a dispatch table; no PSW write within 64 bytes; bank not found by this scan
register,pd,0x2F10D,0xF10D,fe,,"mov  r6,a",24,0,0xA56C (back 8),framed by every anchor in range; no PSW write within 64 bytes; bank not found by this scan
register,pd,0x2F11A,0xF11A,fe,,"mov  r6,a",24,0,0xF0F0 (back 4),framed by every anchor in range; no PSW write within 64 bytes; bank not found by this scan
register,pd,0x2F123,0xF123,fe,,"mov  r6,a",0,24,0x9028 (back 5),unsyncable: no anchor in range lands on it; may be data or preceded by a dispatch table; no PSW write within 64 bytes; bank not found by this scan
register,pd,0x2F167,0xF167,7e e0,,"mov  r6,#0xe0",1,23,0xC590 (back 13),some anchors miss it; see frame_onto/frame_over; no PSW write within 64 bytes; bank not found by this scan
register,pd,0x2F16A,0xF16A,0e,,inc  r6,0,24,0xC590 (back 16),unsyncable: no anchor in range lands on it; may be data or preceded by a dispatch table; no PSW write within 64 bytes; bank not found by this scan
register,pd,0x2F17C,0xF17C,ad 07,,"mov  r5,0x07",24,0,0xF022 (back 5),framed by every anchor in range; no PSW write within 64 bytes; bank not found by this scan
register,pd,0x2F181,0xF181,fe,,"mov  r6,a",24,0,0xF022 (back 10),framed by every anchor in range; no PSW write within 64 bytes; bank not found by this scan
register,pd,0x2F1AB,0xF1AB,fd,,"mov  r5,a",24,0,0x10E8 (back 5),framed by every anchor in range; no PSW write within 64 bytes; bank not found by this scan
register,pd,0x2F1D0,0xF1D0,fd,,"mov  r5,a",24,0,0xB19E (back 4),framed by every anchor in range; no PSW write within 64 bytes; bank not found by this scan
register,pd,0x2F1E0,0xF1E0,fe,,"mov  r6,a",24,0,0xB208 (back 5),framed by every anchor in range; no PSW write within 64 bytes; bank not found by this scan
register,pd,0x2F1E4,0xF1E4,fe,,"mov  r6,a",24,0,0xB208 (back 9),framed by every anchor in range; no PSW write within 64 bytes; bank not found by this scan
register,pd,0x2F1FF,0xF1FF,0d,,inc  r5,1,23,0x7F00 (back 7),some anchors miss it; see frame_onto/frame_over; no PSW write within 64 bytes; bank not found by this scan
register,pd,0x2F20A,0xF20A,0d,,inc  r5,0,24,0x8808 (back 6),unsyncable: no anchor in range lands on it; may be data or preceded by a dispatch table; no PSW write within 64 bytes; bank not found by this scan
register,pd,0x2F210,0xF210,0d,,inc  r5,1,23,0x10E8 (back 4),some anchors miss it; see frame_onto/frame_over; no PSW write within 64 bytes; bank not found by this scan
register,pd,0x2F229,0xF229,0e,,inc  r6,1,23,0x10E8 (back 4),some anchors miss it; see frame_onto/frame_over; no PSW write within 64 bytes; bank not found by this scan
register,pd,0x2F235,0xF235,fe,,"mov  r6,a",24,0,0x9987 (back 4),framed by every anchor in range; no PSW write within 64 bytes; bank not found by this scan
register,pd,0x2F24E,0xF24E,7d 7f,,"mov  r5,#0x7f",24,0,0x7F00 (back 11),framed by every anchor in range; no PSW write within 64 bytes; bank not found by this scan
register,pd,0x2F263,0xF263,0d,,inc  r5,1,23,0x70A3 (back 13),some anchors miss it; see frame_onto/frame_over; no PSW write within 64 bytes; bank not found by this scan
register,pd,0x2F26C,0xF26C,0d,,inc  r5,0,24,0x8808 (back 6),unsyncable: no anchor in range lands on it; may be data or preceded by a dispatch table; no PSW write within 64 bytes; bank not found by this scan
register,pd,0x2F28A,0xF28A,0d,,inc  r5,24,0,0x9186 (back 23),framed by every anchor in range; no PSW write within 64 bytes; bank not found by this scan
register,pd,0x2F2A1,0xF2A1,fe,,"mov  r6,a",21,3,0x0FBB (back 6),some anchors miss it; see frame_onto/frame_over; no PSW write within 64 bytes; bank not found by this scan
register,pd,0x2F2AC,0xF2AC,0e,,inc  r6,1,23,0x349B (back 5),some anchors miss it; see frame_onto/frame_over; no PSW write within 64 bytes; bank not found by this scan
register,pd,0x2F2BC,0xF2BC,fe,,"mov  r6,a",24,0,0x7F00 (back 7),framed by every anchor in range; no PSW write within 64 bytes; bank not found by this scan
register,pd,0x2F2E0,0xF2E0,fd,,"mov  r5,a",24,0,0x10E8 (back 6),framed by every anchor in range; no PSW write within 64 bytes; bank not found by this scan
register,pd,0x2F2F6,0xF2F6,fd,,"mov  r5,a",24,0,0x10E8 (back 6),framed by every anchor in range; no PSW write within 64 bytes; bank not found by this scan
register,pd,0x2F36B,0xF36B,0e,,inc  r6,2,22,0x6FAF (back 4),some anchors miss it; see frame_onto/frame_over; no PSW write within 64 bytes; bank not found by this scan
register,pd,0x2F378,0xF378,0d,,inc  r5,0,24,0x70A4 (back 11),unsyncable: no anchor in range lands on it; may be data or preceded by a dispatch table; no PSW write within 64 bytes; bank not found by this scan
register,pd,0x2F395,0xF395,7d 06,,"mov  r5,#0x06",24,0,0xC590 (back 11),framed by every anchor in range; no PSW write within 64 bytes; bank not found by this scan
register,pd,0x2F3A0,0xF3A0,fd,,"mov  r5,a",24,0,0xF080 (back 8),framed by every anchor in range; no PSW write within 64 bytes; bank not found by this scan
register,pd,0x2F3E1,0xF3E1,0d,,inc  r5,0,24,0xF022 (back 23),unsyncable: no anchor in range lands on it; may be data or preceded by a dispatch table; no PSW write within 64 bytes; bank not found by this scan
register,pd,0x2F3E5,0xF3E5,fd,,"mov  r5,a",0,24,0xF022 (back 27),unsyncable: no anchor in range lands on it; may be data or preceded by a dispatch table; no PSW write within 64 bytes; bank not found by this scan
register,pd,0x2F3EE,0xF3EE,fd,,"mov  r5,a",0,24,0xF022 (back 36),unsyncable: no anchor in range lands on it; may be data or preceded by a dispatch table; no PSW write within 64 bytes; bank not found by this scan
register,pd,0x2F42A,0xF42A,fd,,"mov  r5,a",1,23,0xF054 (back 2),some anchors miss it; see frame_onto/frame_over; no PSW write within 64 bytes; bank not found by this scan
register,pd,0x2F46C,0xF46C,fd,,"mov  r5,a",24,0,0xEC86 (back 10),framed by every anchor in range; no PSW write within 64 bytes; bank not found by this scan
register,pd,0x2F46D,0xF46D,fe,,"mov  r6,a",24,0,0xEC86 (back 11),framed by every anchor in range; no PSW write within 64 bytes; bank not found by this scan
register,pd,0x2F482,0xF482,fd,,"mov  r5,a",24,0,0xF00A (back 6),framed by every anchor in range; no PSW write within 64 bytes; bank not found by this scan
register,pd,0x2F497,0xF497,cd,,"xch  a,r5",0,24,0xA756 (back 6),unsyncable: no anchor in range lands on it; may be data or preceded by a dispatch table; no PSW write within 64 bytes; bank not found by this scan
register,pd,0x2F4BD,0xF4BD,fe,,"mov  r6,a",24,0,0xF022 (back 3),framed by every anchor in range; no PSW write within 64 bytes; bank not found by this scan
register,pd,0x2F4DA,0xF4DA,fd,,"mov  r5,a",24,0,0x70C7 (back 4),framed by every anchor in range; no PSW write within 64 bytes; bank not found by this scan
register,pd,0x2F4E9,0xF4E9,fe,,"mov  r6,a",24,0,0x349B (back 4),framed by every anchor in range; no PSW write within 64 bytes; bank not found by this scan
register,pd,0x2F51F,0xF51F,fe,,"mov  r6,a",24,0,0xF1E0 (back 15),framed by every anchor in range; no PSW write within 64 bytes; bank not found by this scan
register,pd,0x2F529,0xF529,ae 07,,"mov  r6,0x07",24,0,0xF1E3 (back 3),framed by every anchor in range; no PSW write within 64 bytes; bank not found by this scan
register,pd,0x2F538,0xF538,0d,,inc  r5,1,23,0xF0F0 (back 5),some anchors miss it; see frame_onto/frame_over; no PSW write within 64 bytes; bank not found by this scan
register,pd,0x2F541,0xF541,fe,,"mov  r6,a",24,0,0xF17C (back 6),framed by every anchor in range; no PSW write within 64 bytes; bank not found by this scan
register,pd,0x2F542,0xF542,ad 8a,,"mov  r5,0x8a",24,0,0xF17C (back 7),framed by every anchor in range; no PSW write within 64 bytes; bank not found by this scan
register,pd,0x2F54B,0xF54B,fe,,"mov  r6,a",24,0,0xF17C (back 16),framed by every anchor in range; no PSW write within 64 bytes; bank not found by this scan
register,pd,0x2F609,0xF609,7e 01,,"mov  r6,#0x01",24,0,0xE458 (back 5),framed by every anchor in range; no PSW write within 64 bytes; bank not found by this scan
register,pd,0x2F60B,0xF60B,7d 12,,"mov  r5,#0x12",23,1,0xE458 (back 7),some anchors miss it; see frame_onto/frame_over; no PSW write within 64 bytes; bank not found by this scan
register,pd,0x2F612,0xF612,0d,,inc  r5,1,23,0x7C03 (back 6),some anchors miss it; see frame_onto/frame_over; no PSW write within 64 bytes; bank not found by this scan
register,pd,0x2F64F,0xF64F,7e 13,,"mov  r6,#0x13",24,0,0x2F90 (back 18),framed by every anchor in range; no PSW write within 64 bytes; bank not found by this scan
register,pd,0x2F692,0xF692,7e 01,,"mov  r6,#0x01",24,0,0xF2B9 (back 6),framed by every anchor in range; no PSW write within 64 bytes; bank not found by this scan
register,pd,0x2F694,0xF694,7d 12,,"mov  r5,#0x12",23,1,0xF2B9 (back 8),some anchors miss it; see frame_onto/frame_over; no PSW write within 64 bytes; bank not found by this scan
register,pd,0x2F740,0xF740,7d 04,,"mov  r5,#0x04",24,0,0x0FAF (back 4),framed by every anchor in range; no PSW write within 64 bytes; bank not found by this scan
register,pd,0x2F77D,0xF77D,1d,,dec  r5,0,24,0x97FB (back 26),unsyncable: no anchor in range lands on it; may be data or preceded by a dispatch table; no PSW write within 64 bytes; bank not found by this scan
lcall,pd,0x26FC1,0x6FC1,12 12 53,,lcall 0x1253,24,0,0x2FEF (back 30),framed by every anchor in range
lcall,pd,0x270B5,0x70B5,12 12 53,,lcall 0x1253,24,0,0x0FAF (back 58),framed by every anchor in range
lcall,pd,0x2710B,0x710B,12 12 53,,lcall 0x1253,24,0,0x0F0E (back 22),framed by every anchor in range
lcall,pd,0x290F6,0x90F6,12 12 53,,lcall 0x1253,24,0,0x9022 (back 16),framed by every anchor in range
lcall,pd,0x295B7,0x95B7,12 12 53,,lcall 0x1253,22,2,0x7F00 (back 11),some anchors miss it; see frame_onto/frame_over
lcall,pd,0x2999B,0x999B,12 12 53,,lcall 0x1253,23,1,0x10BC (back 16),some anchors miss it; see frame_onto/frame_over
lcall,pd,0x299EC,0x99EC,12 12 53,,lcall 0x1253,24,0,0x10BC (back 6),framed by every anchor in range
ljmp,pd,0x29A75,0x9A75,02 12 53,,ljmp 0x1253,24,0,0x0F32 (back 31),framed by every anchor in range
lcall,pd,0x29B76,0x9B76,12 12 53,,lcall 0x1253,24,0,0x98F0 (back 11),framed by every anchor in range
lcall,pd,0x29BDF,0x9BDF,12 12 53,,lcall 0x1253,24,0,0x2F90 (back 5),framed by every anchor in range
lcall,pd,0x29BF3,0x9BF3,12 12 53,,lcall 0x1253,24,0,0x53E0 (back 19),framed by every anchor in range
ljmp,pd,0x29BFE,0x9BFE,02 12 53,,ljmp 0x1253,24,0,0x10C8 (back 8),framed by every anchor in range
ljmp,pd,0x29C04,0x9C04,02 12 53,,ljmp 0x1253,24,0,0x5390 (back 5),framed by every anchor in range
lcall,pd,0x29D91,0x9D91,12 12 53,,lcall 0x1253,24,0,0x9999 (back 6),framed by every anchor in range
lcall,pd,0x29DBD,0x9DBD,12 12 53,,lcall 0x1253,22,2,0x99B8 (back 16),some anchors miss it; see frame_onto/frame_over
lcall,pd,0x2A6A8,0xA6A8,12 12 53,,lcall 0x1253,22,2,0x742F (back 13),some anchors miss it; see frame_onto/frame_over
lcall,pd,0x2A717,0xA717,12 12 53,,lcall 0x1253,24,0,0x2F90 (back 5),framed by every anchor in range
lcall,pd,0x2A724,0xA724,12 12 53,,lcall 0x1253,24,0,0xA690 (back 4),framed by every anchor in range
lcall,pd,0x2A784,0xA784,12 12 53,,lcall 0x1253,24,0,0x2F90 (back 13),framed by every anchor in range
lcall,pd,0x2AAE0,0xAAE0,12 12 53,,lcall 0x1253,24,0,0xA750 (back 7),framed by every anchor in range
lcall,pd,0x2AB03,0xAB03,12 12 53,,lcall 0x1253,24,0,0xA6BF (back 13),framed by every anchor in range
lcall,pd,0x2AB6A,0xAB6A,12 12 53,,lcall 0x1253,24,0,0xA6E2 (back 6),framed by every anchor in range
lcall,pd,0x2B099,0xB099,12 12 53,,lcall 0x1253,24,0,0x2F12 (back 28),framed by every anchor in range
lcall,pd,0x2B101,0xB101,12 12 53,,lcall 0x1253,24,0,0x7E00 (back 13),framed by every anchor in range
lcall,pd,0x2B41B,0xB41B,12 12 53,,lcall 0x1253,24,0,0x705C (back 12),framed by every anchor in range
lcall,pd,0x2B427,0xB427,12 12 53,,lcall 0x1253,24,0,0xB382 (back 5),framed by every anchor in range
lcall,pd,0x2BCE8,0xBCE8,12 12 53,,lcall 0x1253,24,0,0xBA90 (back 4),framed by every anchor in range
lcall,pd,0x2BD22,0xBD22,12 12 53,,lcall 0x1253,24,0,0xB86C (back 5),framed by every anchor in range
lcall,pd,0x2C1A4,0xC1A4,12 12 53,,lcall 0x1253,24,0,0x9936 (back 12),framed by every anchor in range
lcall,pd,0x2C3F8,0xC3F8,12 12 53,,lcall 0x1253,24,0,0xA6E2 (back 6),framed by every anchor in range
lcall,pd,0x2CD41,0xCD41,12 12 53,,lcall 0x1253,24,0,0xC1EF (back 6),framed by every anchor in range
lcall,pd,0x2CE58,0xCE58,12 12 53,,lcall 0x1253,24,0,0x803D (back 6),framed by every anchor in range
lcall,pd,0x2DDCF,0xDDCF,12 12 53,,lcall 0x1253,24,0,0x104D (back 10),framed by every anchor in range
