addr,program,spelled_as,span_group,cluster_id,refs,read,write,read+write,passed-to-call,address-taken,readers,writers,functions_touched,single_function,name,functions,cluster_key
0x0004,main-ec,DAT_EXTMEM,0x0004-0x0004,main-ec-075,13,0,13,0,0,0,0,13,13,no,,bank0:0xFF17=ff_filler_not_a_function_ff17 [unresolved]; bank0:0xFF90=ff_filler_not_a_function_ff90 [unresolved]; bank1:0xF512=unimplemented_ff_fill_f512 [unresolved]; bank1:0xF70D=unimplemented_ff_fill_f70d [unresolved]; bank1:0xF727=unimplemented_ff_fill_f727 [unresolved]; bank1:0xF73E=unimplemented_ff_fill_f73e [unresolved]; bank1:0xF902=unimplemented_ff_fill_f902 [unresolved]; bank1:0xFF17=unimplemented_ff_fill_ff17 [unresolved]; bank1:0xFF63=unimplemented_ff_fill_ff63 [unresolved]; common:0x0000=reset_vector_forwarder_to_0070 [entry]; common:0x0046=FUN_CODE_0046; common:0x0070=reset_entry_stack_bank0_then_code_init [init]; common:0x0504=FUN_CODE_0504,kec5781593e3f
0x0018,main-ec,DAT_EXTMEM,0x0018-0x001C,main-ec-344,1,0,1,0,0,0,0,1,1,yes,,common:0x3D47=FUN_CODE_3d47,k2e5d2e9f73fe
0x0019,main-ec,DAT_EXTMEM,0x0018-0x001C,main-ec-050,5,1,3,0,1,0,1,3,5,no,,common:0x0EF3=write_internal_ram_init_constants [init]; common:0x0F12=FUN_CODE_0f12; common:0x3CDE=FUN_CODE_3cde; common:0x3D47=FUN_CODE_3d47; common:0x3E7E=FUN_CODE_3e7e,k7a5af7de93d8
0x001A,main-ec,DAT_EXTMEM,0x0018-0x001C,main-ec-050,5,0,3,0,2,0,0,3,5,no,,common:0x0EF3=write_internal_ram_init_constants [init]; common:0x0F12=FUN_CODE_0f12; common:0x3CE6=FUN_CODE_3ce6; common:0x3E85=FUN_CODE_3e85; common:0x424A=FUN_CODE_424a,k7a5af7de93d8
0x001B,main-ec,DAT_EXTMEM,0x0018-0x001C,main-ec-050,4,0,3,0,1,0,0,3,4,no,,common:0x0EF3=write_internal_ram_init_constants [init]; common:0x0F12=FUN_CODE_0f12; common:0x3CEE=FUN_CODE_3cee; common:0x3E8C=FUN_CODE_3e8c,k7a5af7de93d8
0x001C,main-ec,DAT_EXTMEM,0x0018-0x001C,main-ec-050,4,0,3,0,1,0,0,3,4,no,,common:0x0EF3=write_internal_ram_init_constants [init]; common:0x0F12=FUN_CODE_0f12; common:0x3CF6=FUN_CODE_3cf6; common:0x3E93=FUN_CODE_3e93,k7a5af7de93d8
0x0023,main-ec,DAT_EXTMEM,0x0023-0x0028,main-ec-142,3,1,2,0,0,0,1,2,3,no,,common:0x271A=FUN_CODE_271a; common:0x28C1=FUN_CODE_28c1; common:0x28D1=FUN_CODE_28d1,k5ac83afd6722
0x0024,main-ec,DAT_EXTMEM,0x0023-0x0028,main-ec-142,3,1,2,0,0,0,1,2,3,no,,common:0x28C1=FUN_CODE_28c1; common:0x28D1=FUN_CODE_28d1; common:0x2A5B=FUN_CODE_2a5b,k5ac83afd6722
0x0025,main-ec,DAT_EXTMEM,0x0023-0x0028,main-ec-283,5,2,2,1,0,0,1,2,2,no,,common:0x271A=FUN_CODE_271a; common:0x2A5B=FUN_CODE_2a5b,k5341ccfa53fb
0x0026,main-ec,DAT_EXTMEM,0x0023-0x0028,main-ec-021,9,4,1,0,0,4,2,1,7,no,,common:0x223F=FUN_CODE_223f; common:0x2275=FUN_CODE_2275; common:0x2290=FUN_CODE_2290; common:0x22EF=FUN_CODE_22ef; common:0x2444=FUN_CODE_2444; common:0x258B=FUN_CODE_258b; common:0x2890=FUN_CODE_2890,k2937e8e4fdb0
0x0027,main-ec,DAT_EXTMEM,0x0023-0x0028,main-ec-014,7,1,6,0,0,0,1,1,2,no,,bank0:0xC8C5=select_0027_0028_from_five_probes [logic]; common:0x1059=FUN_CODE_1059,kd674bc23b475
0x0028,main-ec,DAT_EXTMEM,0x0023-0x0028,main-ec-014,9,3,6,0,0,0,2,1,3,no,,bank0:0xC8C5=select_0027_0028_from_five_probes [logic]; bank1:0xE9CE=FUN_CODE_e9ce; common:0x1059=FUN_CODE_1059,kd674bc23b475
0x0043,main-ec,DAT_EXTMEM,0x0043-0x0043,main-ec-269,6,2,3,1,0,0,1,4,4,no,,common:0x012F=chan_init_170a_then_jmp_11b6 [init]; common:0x018C=chan_init_1709_then_jmp_11bc [init]; common:0x029B=chan_init_1708_then_jmp_11c2 [init]; common:0x07F0=FUN_CODE_07f0,k2d966f324caf
0x0045,main-ec,DAT_EXTMEM,0x0045-0x0046,main-ec-007,10,0,10,0,0,0,0,10,10,no,,bank0:0xD74F=write_33_to_1511_then_loop [writer]; bank0:0xD757=unresolved_multiarm_dispatch_d757 [unresolved]; bank0:0xE256=dispatch_on_0046_copy_status_to_0083 [dispatch]; bank0:0xF566=ff_filler_not_a_function_f566 [unresolved]; bank0:0xF583=ff_filler_not_a_function_f583 [unresolved]; bank0:0xFAE8=ff_filler_not_a_function_fae8 [unresolved]; bank0:0xFE0F=poll_1304_1500_dispatch_0083 [state]; bank1:0x94FA=magic_55aa_and_0704_countdown [state]; common:0x0200=post_05e8_init_1042_16e7 [unresolved]; common:0x0213=FUN_CODE_0213,kea0c67af9b51
0x0046,main-ec,DAT_EXTMEM,0x0045-0x0046,main-ec-258,7,6,1,0,0,0,1,1,2,no,,bank0:0xDE4D=init_0046_to_64_and_clear_af [init]; bank0:0xE256=dispatch_on_0046_copy_status_to_0083 [dispatch],k1f3249f8feb7
0x004B,main-ec,DAT_EXTMEM,0x004B-0x004D,main-ec-119,14,8,2,1,2,1,5,3,5,no,,common:0x09E9=FUN_CODE_09e9; common:0x0A04=FUN_CODE_0a04; common:0x0A12=FUN_CODE_0a12; common:0x0A7F=FUN_CODE_0a7f; common:0x0D4A=FUN_CODE_0d4a,k2625e81a0693
0x004C,main-ec,DAT_EXTMEM,0x004B-0x004D,main-ec-119,9,6,2,1,0,0,3,2,3,no,,common:0x0A04=FUN_CODE_0a04; common:0x0A12=FUN_CODE_0a12; common:0x0D4A=FUN_CODE_0d4a,k2625e81a0693
0x004D,main-ec,DAT_EXTMEM,0x004B-0x004D,main-ec-284,5,2,1,1,0,1,1,1,1,yes,,common:0x3609=FUN_CODE_3609,k93609d700dd2
0x007E,main-ec,DAT_EXTMEM,0x007E-0x007E,main-ec-270,6,3,2,1,0,0,1,3,3,no,,common:0x0C86=FUN_CODE_0c86; common:0x3D97=FUN_CODE_3d97; common:0x3DA8=FUN_CODE_3da8,kbdb7e3b1786b
0x0080,main-ec,DAT_EXTMEM,0x0080-0x0081,main-ec-029,7,4,1,1,0,1,2,1,2,no,,common:0x5202=FUN_CODE_5202; common:0x57C2=FUN_CODE_57c2,k516793bfb8af
0x0081,main-ec,DAT_EXTMEM,0x0080-0x0081,main-ec-090,4,2,1,1,0,0,1,1,1,yes,,common:0x2820=FUN_CODE_2820,k7ebaff0ef659
0x0083,main-ec,DAT_EXTMEM,0x0083-0x0084,main-ec-007,9,2,7,0,0,0,1,5,5,no,,bank0:0xE256=dispatch_on_0046_copy_status_to_0083 [dispatch]; bank0:0xF566=ff_filler_not_a_function_f566 [unresolved]; bank0:0xF583=ff_filler_not_a_function_f583 [unresolved]; bank0:0xFAE8=ff_filler_not_a_function_fae8 [unresolved]; bank0:0xFE0F=poll_1304_1500_dispatch_0083 [state],kea0c67af9b51
0x0084,main-ec,DAT_EXTMEM,0x0083-0x0084,main-ec-007,15,4,11,0,0,0,4,4,4,no,,bank0:0xF566=ff_filler_not_a_function_f566 [unresolved]; bank0:0xF583=ff_filler_not_a_function_f583 [unresolved]; bank0:0xFAE8=ff_filler_not_a_function_fae8 [unresolved]; bank0:0xFE0F=poll_1304_1500_dispatch_0083 [state],kea0c67af9b51
0x008D,main-ec,DAT_EXTMEM,0x008D-0x008E,main-ec-163,1,0,1,0,0,0,0,1,1,yes,,common:0x2AAC=FUN_CODE_2aac,k2e2bb72a3390
0x008E,main-ec,DAT_EXTMEM,0x008D-0x008E,main-ec-163,1,0,1,0,0,0,0,1,1,yes,,common:0x2AAC=FUN_CODE_2aac,k2e2bb72a3390
0x0094,main-ec,DAT_EXTMEM,0x0094-0x0096,main-ec-029,3,0,3,0,0,0,0,3,3,no,,bank0:0x537F=stage_0094_block_dispatch_4d96 [dispatch]; bank0:0x53AF=stage_009b_block_branch_dispatch [dispatch]; bank0:0x541D=stage_009b_block_dispatch_51c8 [dispatch],k516793bfb8af
0x0095,main-ec,DAT_EXTMEM,0x0094-0x0096,main-ec-029,3,0,3,0,0,0,0,3,3,no,,bank0:0x537F=stage_0094_block_dispatch_4d96 [dispatch]; bank0:0x53AF=stage_009b_block_branch_dispatch [dispatch]; bank0:0x541D=stage_009b_block_dispatch_51c8 [dispatch],k516793bfb8af
0x0096,main-ec,DAT_EXTMEM,0x0094-0x0096,main-ec-029,3,0,3,0,0,0,0,3,3,no,,bank0:0x537F=stage_0094_block_dispatch_4d96 [dispatch]; bank0:0x53AF=stage_009b_block_branch_dispatch [dispatch]; bank0:0x541D=stage_009b_block_dispatch_51c8 [dispatch],k516793bfb8af
0x0098,main-ec,DAT_EXTMEM,0x0098-0x009F,main-ec-345,1,0,1,0,0,0,0,1,1,yes,,bank0:0x537F=stage_0094_block_dispatch_4d96 [dispatch],k5808386adaf4
0x0099,main-ec,DAT_EXTMEM,0x0098-0x009F,main-ec-346,1,0,1,0,0,0,0,1,1,yes,,common:0x4B77=FUN_CODE_4b77,k53f45429d861
0x009A,main-ec,DAT_EXTMEM,0x0098-0x009F,main-ec-347,1,0,1,0,0,0,0,1,1,yes,,bank0:0x530E=stage_009a_dispatch_to_4bb0 [dispatch],k844afccb8c54
0x009B,main-ec,DAT_EXTMEM,0x0098-0x009F,main-ec-029,4,2,2,0,0,0,2,2,4,no,,bank0:0x53AF=stage_009b_block_branch_dispatch [dispatch]; bank0:0x541D=stage_009b_block_dispatch_51c8 [dispatch]; common:0x5202=FUN_CODE_5202; common:0x57C2=FUN_CODE_57c2,k516793bfb8af
0x009C,main-ec,DAT_EXTMEM,0x0098-0x009F,main-ec-029,8,4,2,2,0,0,2,4,4,no,,bank0:0x53AF=stage_009b_block_branch_dispatch [dispatch]; bank0:0x541D=stage_009b_block_dispatch_51c8 [dispatch]; common:0x5202=FUN_CODE_5202; common:0x57C2=FUN_CODE_57c2,k516793bfb8af
0x009D,main-ec,DAT_EXTMEM,0x0098-0x009F,main-ec-158,2,1,1,0,0,0,1,1,2,no,,bank0:0x53AF=stage_009b_block_branch_dispatch [dispatch]; bank0:0x549B=default_009d_bf_dispatch_4e2c [dispatch],ka59f2949e659
0x009E,main-ec,DAT_EXTMEM,0x0098-0x009F,main-ec-158,1,1,0,0,0,0,1,0,1,yes,,bank0:0x53AF=stage_009b_block_branch_dispatch [dispatch],ka59f2949e659
0x009F,main-ec,DAT_EXTMEM,0x0098-0x009F,main-ec-007,9,7,2,0,0,0,7,1,8,no,,bank0:0x549B=default_009d_bf_dispatch_4e2c [dispatch]; bank0:0xD5D4=write_33_to_1501_join_loop_d5db [writer]; bank0:0xD5DB=FUN_CODE_d5db; bank0:0xF566=ff_filler_not_a_function_f566 [unresolved]; bank0:0xF583=ff_filler_not_a_function_f583 [unresolved]; bank0:0xFAE8=ff_filler_not_a_function_fae8 [unresolved]; bank0:0xFE0F=poll_1304_1500_dispatch_0083 [state]; common:0x5597=write_009f_4f_or_0f_by_r7 [writer],kea0c67af9b51
0x00B6,pd,DAT_EXTMEM,0x00B6-0x00BE,pd-001,1,0,1,0,0,0,0,1,1,yes,,pd:0xC62B=write_00b8_pattern_then_copy_ffc0_to_00d5 [copy],kb5652a66acb4
0x00B7,pd,DAT_EXTMEM,0x00B6-0x00BE,pd-001,1,0,1,0,0,0,0,1,1,yes,,pd:0xC62B=write_00b8_pattern_then_copy_ffc0_to_00d5 [copy],kb5652a66acb4
0x00B8,pd,DAT_EXTMEM,0x00B6-0x00BE,pd-001,1,0,1,0,0,0,0,1,1,yes,,pd:0xC62B=write_00b8_pattern_then_copy_ffc0_to_00d5 [copy],kb5652a66acb4
0x00B9,pd,DAT_EXTMEM,0x00B6-0x00BE,pd-001,1,0,1,0,0,0,0,1,1,yes,,pd:0xC62B=write_00b8_pattern_then_copy_ffc0_to_00d5 [copy],kb5652a66acb4
0x00BA,pd,DAT_EXTMEM,0x00B6-0x00BE,pd-001,1,0,1,0,0,0,0,1,1,yes,,pd:0xC62B=write_00b8_pattern_then_copy_ffc0_to_00d5 [copy],kb5652a66acb4
0x00BB,pd,DAT_EXTMEM,0x00B6-0x00BE,pd-001,1,0,1,0,0,0,0,1,1,yes,,pd:0xC62B=write_00b8_pattern_then_copy_ffc0_to_00d5 [copy],kb5652a66acb4
0x00BC,pd,DAT_EXTMEM,0x00B6-0x00BE,pd-001,2,2,0,0,0,0,2,0,2,no,,pd:0xA8AE=event_dispatch_ff80_ffe0 [dispatch]; pd:0xAE9C=write_07d1_then_call_chain [logic],kb5652a66acb4
0x00BD,pd,DAT_EXTMEM,0x00B6-0x00BE,pd-001,11,7,0,4,0,0,5,4,5,no,,pd:0xA8AE=event_dispatch_ff80_ffe0 [dispatch]; pd:0xAE9C=write_07d1_then_call_chain [logic]; pd:0xB17D=write_dptr_byte_set_00bd_bit0_clear_ff62_bit3 [writer]; pd:0xF598=set_00bd_bit1_clear_ff42_bit7 [writer]; pd:0xF5D1=set_ff42_bit7_if_00bd_zero [gate],kb5652a66acb4
0x00BE,pd,DAT_EXTMEM,0x00B6-0x00BE,pd-001,3,2,1,0,0,0,2,1,3,no,,pd:0xA8AE=event_dispatch_ff80_ffe0 [dispatch]; pd:0xAE9C=write_07d1_then_call_chain [logic]; pd:0xDA44=poll_0208_0209_then_spin [logic],kb5652a66acb4
0x00C0,main-ec,DAT_EXTMEM,0x00C0-0x00C1,main-ec-010,6,4,2,0,0,0,2,2,3,no,,bank0:0xB9A4=copy_direct_65_66_to_x00c0 [copy]; bank0:0xBE52=copy_x00c0_pair_to_iram_67_68 [copy]; bank0:0xEADA=FUN_CODE_eada,k733571bb7f66
0x00C1,main-ec,DAT_EXTMEM,0x00C0-0x00C1,main-ec-010,6,4,2,0,0,0,2,2,3,no,,bank0:0xB9A4=copy_direct_65_66_to_x00c0 [copy]; bank0:0xBE52=copy_x00c0_pair_to_iram_67_68 [copy]; bank0:0xEADA=FUN_CODE_eada,k733571bb7f66
0x00D0,both,DAT_EXTMEM,0x00D0-0x00D0,main-ec-348,2,0,1,0,0,1,0,1,2,no,,bank0:0xD3C8=zero_d0_d7_and_state [writer]; pd:0xEBE4=pick_00d0_or_00d1_then_tail_with_dp_0002 [logic],k29ceae4e91bb
0x00D1,pd,DAT_EXTMEM,0x00D0-0x00D7,pd-015,1,0,1,0,0,0,0,1,1,yes,,pd:0xEBE4=pick_00d0_or_00d1_then_tail_with_dp_0002 [logic],kd23b6d81192e
0x00D2,pd,DAT_EXTMEM,0x00D0-0x00D7,pd-015,1,0,1,0,0,0,0,1,1,yes,,pd:0xEBE4=pick_00d0_or_00d1_then_tail_with_dp_0002 [logic],kd23b6d81192e
0x00D3,pd,DAT_EXTMEM,0x00D0-0x00D7,pd-001,6,4,1,0,1,0,2,1,3,no,,pd:0xA8AE=event_dispatch_ff80_ffe0 [dispatch]; pd:0xAE9C=write_07d1_then_call_chain [logic]; pd:0xEA67=reset_07c9_block_then_flag_00d3_1 [state],kb5652a66acb4
0x00D4,pd,DAT_EXTMEM,0x00D0-0x00D7,pd-001,3,2,1,0,0,0,2,1,3,no,,pd:0xA8AE=event_dispatch_ff80_ffe0 [dispatch]; pd:0xAE9C=write_07d1_then_call_chain [logic]; pd:0xEA67=reset_07c9_block_then_flag_00d3_1 [state],kb5652a66acb4
0x00D5,pd,DAT_EXTMEM,0x00D0-0x00D7,pd-001,4,2,2,0,0,0,2,2,4,no,,pd:0xA8AE=event_dispatch_ff80_ffe0 [dispatch]; pd:0xAE9C=write_07d1_then_call_chain [logic]; pd:0xC62B=write_00b8_pattern_then_copy_ffc0_to_00d5 [copy]; pd:0xEA67=reset_07c9_block_then_flag_00d3_1 [state],kb5652a66acb4
0x00D6,pd,DAT_EXTMEM,0x00D0-0x00D7,pd-001,1,0,1,0,0,0,0,1,1,yes,,pd:0xC62B=write_00b8_pattern_then_copy_ffc0_to_00d5 [copy],kb5652a66acb4
0x00D7,pd,DAT_EXTMEM,0x00D0-0x00D7,pd-001,1,0,1,0,0,0,0,1,1,yes,,pd:0xC62B=write_00b8_pattern_then_copy_ffc0_to_00d5 [copy],kb5652a66acb4
0x00D8,main-ec,DAT_EXTMEM,0x00D8-0x00E0,main-ec-028,12,6,3,2,0,1,2,2,3,no,,bank0:0xD389=store_r7_at_d8_advance_index [state]; bank0:0xD3C8=zero_d0_d7_and_state [writer]; bank0:0xD6D4=xor_00d8_00d9 [math],k8a58ef897906
0x00D9,main-ec,DAT_EXTMEM,0x00D8-0x00E0,main-ec-028,8,4,3,0,0,1,3,2,4,no,,bank0:0xD358=advance_d9_and_set_1500_20 [state]; bank0:0xD389=store_r7_at_d8_advance_index [state]; bank0:0xD3C8=zero_d0_d7_and_state [writer]; bank0:0xD6D4=xor_00d8_00d9 [math],k8a58ef897906
0x00DA,main-ec,DAT_EXTMEM,0x00D8-0x00E0,main-ec-028,6,4,2,0,0,0,2,2,3,no,,bank0:0xD320=tick_dd_da_dc [state]; bank0:0xD358=advance_d9_and_set_1500_20 [state]; bank0:0xD3C8=zero_d0_d7_and_state [writer],k8a58ef897906
0x00DB,main-ec,DAT_EXTMEM,0x00D8-0x00E0,main-ec-028,2,1,0,1,0,0,1,1,1,yes,,bank0:0xD389=store_r7_at_d8_advance_index [state],k8a58ef897906
0x00DC,main-ec,DAT_EXTMEM,0x00D8-0x00E0,main-ec-137,2,1,0,1,0,0,1,1,1,yes,,bank0:0xD320=tick_dd_da_dc [state],ka113ae965a6c
0x00DD,main-ec,DAT_EXTMEM,0x00D8-0x00E0,main-ec-137,5,2,2,1,0,0,1,1,1,yes,,bank0:0xD320=tick_dd_da_dc [state],ka113ae965a6c
0x00DE,main-ec,DAT_EXTMEM,0x00D8-0x00E0,main-ec-028,1,0,1,0,0,0,0,1,1,yes,,bank0:0xD358=advance_d9_and_set_1500_20 [state],k8a58ef897906
0x00DF,main-ec,DAT_EXTMEM,0x00D8-0x00E0,main-ec-028,2,1,0,1,0,0,1,1,1,yes,,bank0:0xD389=store_r7_at_d8_advance_index [state],k8a58ef897906
0x00E0,main-ec,DAT_EXTMEM,0x00D8-0x00E0,main-ec-349,1,0,0,0,0,1,0,0,1,yes,,common:0x10E5=FUN_CODE_10e5,k7fad7a9d894c
0x00E2,pd,DAT_EXTMEM,0x00E2-0x00E2,pd-004,6,6,0,0,0,0,4,0,4,no,,pd:0x0180=dispatch_r5_write_083b_0300 [dispatch]; pd:0xD085=decrement_00e2_and_tail_jump_to_d07b [state]; pd:0xF477=call_0180_if_00e2_is_1 [gate]; pd:0xF79C=ljmp_d085 [forwarder],k6283efa19b12
0x00F5,main-ec,DAT_EXTMEM,0x00F5-0x00F5,main-ec-042,3,1,2,0,0,0,1,2,2,no,,bank0:0xCC3D=init_clear_00f5_and_1304_bit2 [init]; common:0x0C86=FUN_CODE_0c86,kc7f099340bd3
0x00FA,main-ec,DAT_EXTMEM,0x00FA-0x00FC,main-ec-014,1,0,1,0,0,0,0,1,1,yes,,common:0x1059=FUN_CODE_1059,kd674bc23b475
0x00FB,main-ec,DAT_EXTMEM,0x00FA-0x00FC,main-ec-014,1,0,1,0,0,0,0,1,1,yes,,common:0x1059=FUN_CODE_1059,kd674bc23b475
0x00FC,main-ec,DAT_EXTMEM,0x00FA-0x00FC,main-ec-014,2,1,1,0,0,0,1,1,1,yes,,common:0x1059=FUN_CODE_1059,kd674bc23b475
0x00FF,main-ec,DAT_EXTMEM,0x00FF-0x00FF,main-ec-014,2,1,0,0,0,1,1,0,1,yes,,common:0x1059=FUN_CODE_1059,kd674bc23b475
0x0200,main-ec,DAT_EXTMEM,0x0200-0x0200,main-ec-010,1,1,0,0,0,0,1,0,1,yes,,bank0:0xEADA=FUN_CODE_eada,k733571bb7f66
0x0202,main-ec,DAT_EXTMEM,0x0202-0x0203,main-ec-010,1,1,0,0,0,0,1,0,1,yes,,bank0:0xEADA=FUN_CODE_eada,k733571bb7f66
0x0203,main-ec,DAT_EXTMEM,0x0202-0x0203,main-ec-010,1,1,0,0,0,0,1,0,1,yes,,bank0:0xEADA=FUN_CODE_eada,k733571bb7f66
0x0208,pd,DAT_EXTMEM,0x0208-0x020A,pd-001,6,3,1,2,0,0,3,3,3,no,,pd:0xA8AE=event_dispatch_ff80_ffe0 [dispatch]; pd:0xAE9C=write_07d1_then_call_chain [logic]; pd:0xDA44=poll_0208_0209_then_spin [logic],kb5652a66acb4
0x0209,pd,DAT_EXTMEM,0x0208-0x020A,pd-001,7,4,1,2,0,0,3,3,3,no,,pd:0xA8AE=event_dispatch_ff80_ffe0 [dispatch]; pd:0xAE9C=write_07d1_then_call_chain [logic]; pd:0xDA44=poll_0208_0209_then_spin [logic],kb5652a66acb4
0x020A,pd,DAT_EXTMEM,0x0208-0x020A,pd-001,2,0,2,0,0,0,0,2,2,no,,pd:0xA8AE=event_dispatch_ff80_ffe0 [dispatch]; pd:0xAE9C=write_07d1_then_call_chain [logic],kb5652a66acb4
0x0300,both,DAT_EXTMEM,0x0300-0x0300,main-ec-013,3,0,1,0,1,1,0,1,3,no,,bank1:0xC751=zero_0300_03ff_then_set_3fe_3a8_3fb [writer]; pd:0x0180=dispatch_r5_write_083b_0300 [dispatch]; pd:0xF477=call_0180_if_00e2_is_1 [gate],k3fdd14ddea2e
0x0301,pd,DAT_EXTMEM,0x0300-0x0301,pd-004,1,0,1,0,0,0,0,1,1,yes,,pd:0x0180=dispatch_r5_write_083b_0300 [dispatch],k6283efa19b12
0x0308,main-ec,DAT_EXTMEM,0x0308-0x0308,main-ec-013,2,2,0,0,0,0,2,0,2,no,,bank1:0xD37F=scan_table_03de_down_stride2 [logic]; bank1:0xD472=store_r1_to_0514_03ab_if_gap_ok [writer],k3fdd14ddea2e
0x030A,main-ec,DAT_EXTMEM,0x030A-0x030F,main-ec-004,6,5,1,0,0,0,3,1,4,no,,bank1:0x9354=gate_030a_030b_then_8892_887a [gate]; bank1:0xDB0B=FUN_CODE_db0b; bank1:0xDEE8=FUN_CODE_dee8; bank1:0xDEF1=FUN_CODE_def1,kffd18a7555bf
0x030B,main-ec,DAT_EXTMEM,0x030A-0x030F,main-ec-004,4,1,1,0,2,0,1,1,4,no,,bank1:0x9354=gate_030a_030b_then_8892_887a [gate]; bank1:0xDB0B=FUN_CODE_db0b; bank1:0xDEE8=FUN_CODE_dee8; bank1:0xDEF1=FUN_CODE_def1,kffd18a7555bf
0x030C,main-ec,DAT_EXTMEM,0x030A-0x030F,main-ec-004,1,0,1,0,0,0,0,1,1,yes,,bank1:0xDB0B=FUN_CODE_db0b,kffd18a7555bf
0x030D,main-ec,DAT_EXTMEM,0x030A-0x030F,main-ec-004,14,13,1,0,0,0,3,1,4,no,,bank1:0x8BD1=select_probe_address_and_return_carry [logic]; bank1:0xB0D1=step_index_056b_update_0495_0493 [state]; bank1:0xBD45=mask_0491_c0_then_route_to_300x_40xx [unresolved]; bank1:0xDB0B=FUN_CODE_db0b,kffd18a7555bf
0x030E,main-ec,symbol,0x030A-0x030F,main-ec-001,3,0,0,0,3,0,0,0,3,no,SBS_CHARGING_VOLTAGE_0,bank0:0xB12C=manual_ctrl_profile_gate [gate]; bank0:0xB158=charge_target_update [charge-target]; bank0:0xB1F0=charge_stress_update [charge-target],k7497cf885614
0x030F,main-ec,symbol,0x030A-0x030F,main-ec-001,3,0,0,0,3,0,0,0,3,no,SBS_CHARGING_VOLTAGE_1,bank0:0xB12C=manual_ctrl_profile_gate [gate]; bank0:0xB158=charge_target_update [charge-target]; bank0:0xB1F0=charge_stress_update [charge-target],k7497cf885614
0x0314,main-ec,DAT_EXTMEM,0x0314-0x0315,main-ec-001,2,0,0,0,2,0,0,0,2,no,,bank0:0xB12C=manual_ctrl_profile_gate [gate]; bank0:0xB158=charge_target_update [charge-target],k7497cf885614
0x0315,main-ec,DAT_EXTMEM,0x0314-0x0315,main-ec-001,2,2,0,0,0,0,2,0,2,no,,bank0:0xB12C=manual_ctrl_profile_gate [gate]; bank0:0xB158=charge_target_update [charge-target],k7497cf885614
0x0318,main-ec,DAT_EXTMEM,0x0318-0x0319,main-ec-004,14,13,0,0,1,0,9,0,10,no,,bank1:0x9354=gate_030a_030b_then_8892_887a [gate]; bank1:0xAD85=forwarder_to_b33b [forwarder]; bank1:0xB33B=FUN_CODE_b33b; bank1:0xB407=forwarder_to_b40e [forwarder]; bank1:0xB40E=cmp_dptr_to_r2r1 [math]; bank1:0xB415=bump_counter_054d [state]; bank1:0xB41C=store_054d_set_bit_on_10 [state]; bank1:0xB43B=FUN_CODE_b43b; bank1:0xBE10=FUN_CODE_be10; bank1:0xBE91=pick_0f80_0800_0bb0_1800_1f00 [dispatch],kffd18a7555bf
0x0319,main-ec,DAT_EXTMEM,0x0318-0x0319,main-ec-004,14,14,0,0,0,0,10,0,10,no,,bank0:0xB9C6=add_0318_0319_into_r7_r6 [math]; bank1:0xAD85=forwarder_to_b33b [forwarder]; bank1:0xB33B=FUN_CODE_b33b; bank1:0xB407=forwarder_to_b40e [forwarder]; bank1:0xB40E=cmp_dptr_to_r2r1 [math]; bank1:0xB415=bump_counter_054d [state]; bank1:0xB41C=store_054d_set_bit_on_10 [state]; bank1:0xB43B=FUN_CODE_b43b; bank1:0xBE10=FUN_CODE_be10; bank1:0xBE91=pick_0f80_0800_0bb0_1800_1f00 [dispatch],kffd18a7555bf
0x031C,main-ec,DAT_EXTMEM,0x031C-0x031F,main-ec-053,5,4,1,0,0,0,1,1,2,no,,bank1:0xDC52=FUN_CODE_dc52; bank1:0xE656=select_dptr_by_0491_7c0_then_dispatch [unresolved],k894b7ea3b2d6
0x031D,main-ec,DAT_EXTMEM,0x031C-0x031F,main-ec-039,3,3,0,0,0,0,1,0,1,yes,,bank1:0xE5D6=FUN_CODE_e5d6,ka0e531e9f8e4
0x031E,main-ec,DAT_EXTMEM,0x031C-0x031F,main-ec-053,2,1,1,0,0,0,1,1,2,no,,bank1:0xCB80=div_0343_by_31e_shifted_into_03a9 [math]; bank1:0xDC52=FUN_CODE_dc52,k894b7ea3b2d6
0x031F,main-ec,DAT_EXTMEM,0x031C-0x031F,main-ec-039,1,1,0,0,0,0,1,0,1,yes,,bank1:0xE5D6=FUN_CODE_e5d6,ka0e531e9f8e4
0x032A,main-ec,DAT_EXTMEM,0x032A-0x032B,main-ec-004,2,2,0,0,0,0,1,0,1,yes,,bank1:0xDEE8=FUN_CODE_dee8,kffd18a7555bf
0x032B,main-ec,DAT_EXTMEM,0x032A-0x032B,main-ec-004,4,4,0,0,0,0,2,0,2,no,,bank1:0xDEE8=FUN_CODE_dee8; bank1:0xDEF1=FUN_CODE_def1,kffd18a7555bf
0x0342,main-ec,DAT_EXTMEM,0x0342-0x0344,main-ec-203,23,17,5,0,1,0,9,3,10,no,,bank1:0xC979=mul_0342_0514_into_0388_when_03d0_lt_0384 [math]; bank1:0xCAB8=FUN_CODE_cab8; bank1:0xCBF3=publish_0514_and_0342_product [writer]; bank1:0xCC95=set_0397_from_0342_by_0514_band [logic]; bank1:0xD018=dispatch_on_03c3_low3 [dispatch]; bank1:0xD037=default; bank1:0xDB0B=FUN_CODE_db0b; bank1:0xDEE8=FUN_CODE_dee8; bank1:0xDEF1=FUN_CODE_def1; bank1:0xE0CE=FUN_CODE_e0ce,ka2105d9c09e7
0x0343,main-ec,DAT_EXTMEM,0x0342-0x0344,main-ec-001,5,4,0,1,0,0,1,1,1,yes,,bank1:0xD34B=bump_counter_mirror_to_04a6_04a7 [writer],k7497cf885614
0x0344,main-ec,DAT_EXTMEM,0x0342-0x0344,main-ec-001,2,1,1,0,0,0,1,1,1,yes,,bank1:0xD34B=bump_counter_mirror_to_04a6_04a7 [writer],k7497cf885614
0x0347,main-ec,DAT_EXTMEM,0x0347-0x0349,main-ec-004,8,7,1,0,0,0,4,1,5,no,,bank1:0xC778=clear_0492_04a0_0524_0526_and_0497b5 [logic]; bank1:0xCA3E=count_0361_to_40_then_branch_on_0347 [logic]; bank1:0xCBF3=publish_0514_and_0342_product [writer]; bank1:0xDEE8=FUN_CODE_dee8; bank1:0xDEF1=FUN_CODE_def1,kffd18a7555bf
0x0348,main-ec,DAT_EXTMEM,0x0347-0x0349,main-ec-004,7,1,6,0,0,0,1,5,5,no,,bank1:0xD61A=FUN_CODE_d61a; bank1:0xD6C6=FUN_CODE_d6c6; bank1:0xD6D7=FUN_CODE_d6d7; bank1:0xDEE8=FUN_CODE_dee8; bank1:0xDEF1=FUN_CODE_def1,kffd18a7555bf
0x0349,main-ec,DAT_EXTMEM,0x0347-0x0349,main-ec-001,6,4,1,1,0,0,2,2,2,no,,bank1:0xCBE8=increment_0349_saturating [writer]; bank1:0xD34B=bump_counter_mirror_to_04a6_04a7 [writer],k7497cf885614
0x034D,main-ec,DAT_EXTMEM,0x034D-0x034D,main-ec-039,3,3,0,0,0,0,1,0,1,yes,,bank1:0xD274=div_23_minus_0386_by_034d_capped_15 [math],ka0e531e9f8e4
0x0360,main-ec,DAT_EXTMEM,0x0360-0x0362,main-ec-350,1,0,1,0,0,0,0,1,1,yes,,bank1:0xD0A6=store_03c3_to_0360_when_ge_3 [writer],ke44714282869
0x0361,main-ec,DAT_EXTMEM,0x0360-0x0362,main-ec-228,12,6,4,2,0,0,2,4,4,no,,bank1:0xC979=mul_0342_0514_into_0388_when_03d0_lt_0384 [math]; bank1:0xC9BE=count_0361_then_0362_toward_03a3 [logic]; bank1:0xCA1D=add_03a6_plus_0388_into_039e [math]; bank1:0xCA3E=count_0361_to_40_then_branch_on_0347 [logic],kdb59bbf2ce78
0x0362,main-ec,DAT_EXTMEM,0x0360-0x0362,main-ec-271,6,2,3,1,0,0,1,3,3,no,,bank1:0xC979=mul_0342_0514_into_0388_when_03d0_lt_0384 [math]; bank1:0xC9BE=count_0361_then_0362_toward_03a3 [logic]; bank1:0xCA02=store_a_then_03a3_3_over_1f [logic],k7cc17da7cca7
0x0365,main-ec,DAT_EXTMEM,0x0365-0x0368,main-ec-272,6,3,2,1,0,0,2,3,3,no,,bank1:0xDAAD=FUN_CODE_daad; bank1:0xDACC=FUN_CODE_dacc; bank1:0xE6CB=decrement_0365_and_0368_if_nonzero [state],ke694e37ba44f
0x0366,main-ec,DAT_EXTMEM,0x0365-0x0368,main-ec-023,6,3,2,1,0,0,1,1,1,yes,,bank1:0xD61A=FUN_CODE_d61a,k8dbbd9fbf083
0x0367,main-ec,DAT_EXTMEM,0x0365-0x0368,main-ec-194,40,31,0,9,0,0,20,5,20,no,,bank1:0xAD85=forwarder_to_b33b [forwarder]; bank1:0xB33B=FUN_CODE_b33b; bank1:0xB407=forwarder_to_b40e [forwarder]; bank1:0xB40E=cmp_dptr_to_r2r1 [math]; bank1:0xB415=bump_counter_054d [state]; bank1:0xB41C=store_054d_set_bit_on_10 [state]; bank1:0xB43B=FUN_CODE_b43b; bank1:0xC8F6=e0_bit2_dispatch [dispatch]; bank1:0xC9BE=count_0361_then_0362_toward_03a3 [logic]; bank1:0xCA3E=count_0361_to_40_then_branch_on_0347 [logic]; bank1:0xCC95=set_0397_from_0342_by_0514_band [logic]; bank1:0xD0C4=update_0524_0526_4a0_and_0497_flags [state]; bank1:0xD2A3=derive_scale_from_034e_and_compute_from_044c [math]; bank1:0xD524=FUN_CODE_d524; bank1:0xD6EE=FUN_CODE_d6ee; bank1:0xD7F4=FUN_CODE_d7f4; bank1:0xD946=FUN_CODE_d946; bank1:0xDEC4=FUN_CODE_dec4; bank1:0xE100=FUN_CODE_e100; bank1:0xE1D7=counter_tick_03ae_0560 [logic],k80778fd0ee01
0x0368,main-ec,DAT_EXTMEM,0x0365-0x0368,main-ec-285,5,3,1,1,0,0,2,2,2,no,,bank1:0xD17E=increment_0514_toward_0x64 [logic]; bank1:0xE6CB=decrement_0365_and_0368_if_nonzero [state],ka1a4475123fc
0x036C,main-ec,DAT_EXTMEM,0x036C-0x036D,main-ec-225,13,3,10,0,0,0,3,6,6,no,,bank1:0x703F=forwarder_to_e322 [forwarder]; bank1:0xE2D3=FUN_CODE_e2d3; bank1:0xE322=FUN_CODE_e322; bank1:0xE332=set_036c_to_4_jump_e490 [forwarder]; bank1:0xE490=stage_1c00_block_from_code_table_indexed_03c4 [logic]; bank1:0xE501=reset_03c4_03af_and_clear_03a1_bit [state],k052b68a6f901
0x036D,main-ec,DAT_EXTMEM,0x036C-0x036D,main-ec-013,3,2,1,0,0,0,2,1,3,no,,bank1:0xD37F=scan_table_03de_down_stride2 [logic]; bank1:0xD472=store_r1_to_0514_03ab_if_gap_ok [writer]; bank1:0xE781=countdown_03a8_gated_by_0490_bit1 [state],k3fdd14ddea2e
0x0370,main-ec,DAT_EXTMEM,0x0370-0x0373,main-ec-023,3,2,0,0,1,0,1,0,2,no,,bank1:0xD61A=FUN_CODE_d61a; bank1:0xD8B9=FUN_CODE_d8b9,k8dbbd9fbf083
0x0371,main-ec,DAT_EXTMEM,0x0370-0x0373,main-ec-023,2,1,0,0,1,0,1,0,2,no,,bank1:0xD61A=FUN_CODE_d61a; bank1:0xD8B9=FUN_CODE_d8b9,k8dbbd9fbf083
0x0372,main-ec,DAT_EXTMEM,0x0370-0x0373,main-ec-023,2,1,0,0,0,1,1,0,2,no,,bank1:0xD61A=FUN_CODE_d61a; bank1:0xD8B9=FUN_CODE_d8b9,k8dbbd9fbf083
0x0373,main-ec,DAT_EXTMEM,0x0370-0x0373,main-ec-023,2,2,0,0,0,0,2,0,2,no,,bank1:0xD61A=FUN_CODE_d61a; bank1:0xD8B9=FUN_CODE_d8b9,k8dbbd9fbf083
0x0375,main-ec,DAT_EXTMEM,0x0375-0x0375,main-ec-023,3,3,0,0,0,0,1,0,1,yes,,bank1:0xD61A=FUN_CODE_d61a,k8dbbd9fbf083
0x0377,main-ec,DAT_EXTMEM,0x0377-0x0377,main-ec-023,1,1,0,0,0,0,1,0,1,yes,,bank1:0xD61A=FUN_CODE_d61a,k8dbbd9fbf083
0x0382,main-ec,DAT_EXTMEM,0x0382-0x0383,main-ec-005,4,4,0,0,0,0,2,0,2,no,,bank1:0xD6EE=FUN_CODE_d6ee; bank1:0xD946=FUN_CODE_d946,k5795f893f0b3
0x0383,main-ec,DAT_EXTMEM,0x0382-0x0383,main-ec-005,2,2,0,0,0,0,2,0,2,no,,bank1:0xD6EE=FUN_CODE_d6ee; bank1:0xD946=FUN_CODE_d946,k5795f893f0b3
0x0386,main-ec,DAT_EXTMEM,0x0386-0x038F,main-ec-086,4,2,2,0,0,0,1,2,3,no,,bank1:0xD274=div_23_minus_0386_by_034d_capped_15 [math]; bank1:0xE100=FUN_CODE_e100; bank1:0xE8A4=compute_097e_times_10_write_0386_0387 [logic],k1adfccdf9044
0x0387,main-ec,DAT_EXTMEM,0x0386-0x038F,main-ec-086,2,0,2,0,0,0,0,2,2,no,,bank1:0xE237=gate_1c00_init_defaults [gate]; bank1:0xE8A4=compute_097e_times_10_write_0386_0387 [logic],k1adfccdf9044
0x0388,main-ec,DAT_EXTMEM,0x0386-0x038F,main-ec-005,5,2,2,1,0,0,1,2,2,no,,bank1:0xC979=mul_0342_0514_into_0388_when_03d0_lt_0384 [math]; bank1:0xD6EE=FUN_CODE_d6ee,k5795f893f0b3
0x0389,main-ec,DAT_EXTMEM,0x0386-0x038F,main-ec-005,4,1,2,1,0,0,1,2,2,no,,bank1:0xC979=mul_0342_0514_into_0388_when_03d0_lt_0384 [math]; bank1:0xD6EE=FUN_CODE_d6ee,k5795f893f0b3
0x038A,main-ec,DAT_EXTMEM,0x0386-0x038F,main-ec-005,3,2,0,1,0,0,1,1,1,yes,,bank1:0xD6EE=FUN_CODE_d6ee,k5795f893f0b3
0x038B,main-ec,DAT_EXTMEM,0x0386-0x038F,main-ec-005,2,1,0,1,0,0,1,1,1,yes,,bank1:0xD6EE=FUN_CODE_d6ee,k5795f893f0b3
0x038C,main-ec,DAT_EXTMEM,0x0386-0x038F,main-ec-005,3,2,0,1,0,0,1,1,1,yes,,bank1:0xD6EE=FUN_CODE_d6ee,k5795f893f0b3
0x038D,main-ec,DAT_EXTMEM,0x0386-0x038F,main-ec-005,2,1,0,1,0,0,1,1,1,yes,,bank1:0xD6EE=FUN_CODE_d6ee,k5795f893f0b3
0x038E,main-ec,DAT_EXTMEM,0x0386-0x038F,main-ec-005,3,2,0,1,0,0,1,1,1,yes,,bank1:0xD6EE=FUN_CODE_d6ee,k5795f893f0b3
0x038F,main-ec,DAT_EXTMEM,0x0386-0x038F,main-ec-005,2,1,0,1,0,0,1,1,1,yes,,bank1:0xD6EE=FUN_CODE_d6ee,k5795f893f0b3
0x0391,main-ec,DAT_EXTMEM,0x0391-0x039D,main-ec-004,2,1,1,0,0,0,1,1,2,no,,bank1:0xDB0B=FUN_CODE_db0b; bank1:0xE100=FUN_CODE_e100,kffd18a7555bf
0x0392,main-ec,DAT_EXTMEM,0x0391-0x039D,main-ec-035,5,2,2,1,0,0,1,2,2,no,,bank1:0xD8F9=FUN_CODE_d8f9; bank1:0xD946=FUN_CODE_d946,k12d1d7d61a4a
0x0393,main-ec,DAT_EXTMEM,0x0391-0x039D,main-ec-035,4,1,2,1,0,0,1,2,2,no,,bank1:0xD8F9=FUN_CODE_d8f9; bank1:0xD946=FUN_CODE_d946,k12d1d7d61a4a
0x0394,main-ec,DAT_EXTMEM,0x0391-0x039D,main-ec-223,14,1,13,0,0,0,1,9,10,no,,bank1:0xC80E=dispatch_0394_low3_through_ljmp_table [dispatch]; bank1:0xC830=step_state_from_0490_low3 [state]; bank1:0xC861=on_198a_result_advance_0394 [state]; bank1:0xC884=on_198a_result_advance_0394_to_3 [state]; bank1:0xC8C7=on_198a_result_step_03c2_low2 [state]; bank1:0xD1E7=set_0497_bit6_and_0394_to_5 [logic]; bank1:0xD246=clear_0394_or_call_cd80 [logic]; bank1:0xDEE8=FUN_CODE_dee8; bank1:0xDEF1=FUN_CODE_def1; bank1:0xE090=FUN_CODE_e090,k7d5465705109
0x0395,main-ec,DAT_EXTMEM,0x0391-0x039D,main-ec-061,1,0,1,0,0,0,0,1,1,yes,,bank1:0xCC2D=FUN_CODE_cc2d,k1ac1d225fd9d
0x0396,main-ec,DAT_EXTMEM,0x0391-0x039D,main-ec-061,2,1,1,0,0,0,1,1,2,no,,bank1:0xC931=FUN_CODE_c931; bank1:0xCC2D=FUN_CODE_cc2d,k1ac1d225fd9d
0x0397,main-ec,DAT_EXTMEM,0x0391-0x039D,main-ec-204,22,6,15,1,0,0,3,5,7,no,,bank1:0xCBAB=FUN_CODE_cbab; bank1:0xCC95=set_0397_from_0342_by_0514_band [logic]; bank1:0xCD80=count_0397_down_to_03b5_then_0514 [unresolved]; bank1:0xD018=dispatch_on_03c3_low3 [dispatch]; bank1:0xD037=default; bank1:0xD068=scale_store_to_0397 [math]; bank1:0xD09F=store_ff_to_0397 [writer],k37d139de0a65
0x0398,main-ec,DAT_EXTMEM,0x0391-0x039D,main-ec-241,9,9,0,0,0,0,7,0,7,no,,bank0:0x9049=countdown_0806_and_branch_on_0490 [logic]; bank0:0xA00E=seed_0872_087a_088a_then_select_level [state]; bank0:0xA844=update_0476_flags [state]; bank1:0x8BD1=select_probe_address_and_return_carry [logic]; bank1:0x976E=clear_0480_bit0_then_step_05f1_countdown [state]; bank1:0x9F04=dispatch_on_dpl_5b_7b_40 [dispatch]; bank1:0xB0D1=step_index_056b_update_0495_0493 [state],kf21a1bc0c740
0x0399,main-ec,DAT_EXTMEM,0x0391-0x039D,main-ec-004,25,13,7,0,5,0,7,6,11,no,,bank0:0xBAAE=load_r7_r6_from_0608_and_return_0399 [reader]; bank1:0xA24E=FUN_CODE_a24e; bank1:0xC700=setup_state_and_copy_30_byte_table [init]; bank1:0xD524=FUN_CODE_d524; bank1:0xD61A=FUN_CODE_d61a; bank1:0xD6C6=FUN_CODE_d6c6; bank1:0xD6D7=FUN_CODE_d6d7; bank1:0xD7F4=FUN_CODE_d7f4; bank1:0xDB0B=FUN_CODE_db0b; bank1:0xDEE8=FUN_CODE_dee8; bank1:0xDEF1=FUN_CODE_def1,kffd18a7555bf
0x039A,main-ec,DAT_EXTMEM,0x0391-0x039D,main-ec-061,5,4,1,0,0,0,2,1,3,no,,bank1:0xC9BE=count_0361_then_0362_toward_03a3 [logic]; bank1:0xCC2D=FUN_CODE_cc2d; bank1:0xCC95=set_0397_from_0342_by_0514_band [logic],k1ac1d225fd9d
0x039B,main-ec,DAT_EXTMEM,0x0391-0x039D,main-ec-079,10,7,2,1,0,0,2,1,2,no,,bank1:0xCAB8=FUN_CODE_cab8; bank1:0xCB1F=set_039b_039c_from_0404_div_100 [math],k0f932980fb37
0x039C,main-ec,DAT_EXTMEM,0x0391-0x039D,main-ec-079,8,2,6,0,0,0,1,1,2,no,,bank1:0xCAB8=FUN_CODE_cab8; bank1:0xCB1F=set_039b_039c_from_0404_div_100 [math],k0f932980fb37
0x039D,main-ec,DAT_EXTMEM,0x0391-0x039D,main-ec-079,5,4,1,0,0,0,1,1,1,yes,,bank1:0xCB1F=set_039b_039c_from_0404_div_100 [math],k0f932980fb37
0x03A0,main-ec,DAT_EXTMEM,0x03A0-0x03A5,main-ec-206,21,12,0,9,0,0,7,7,7,no,,bank1:0xD61A=FUN_CODE_d61a; bank1:0xDEE8=FUN_CODE_dee8; bank1:0xDEF1=FUN_CODE_def1; bank1:0xE090=FUN_CODE_e090; bank1:0xE100=FUN_CODE_e100; bank1:0xE237=gate_1c00_init_defaults [gate]; bank1:0xE27D=reset_1c00_group_and_toggle_03a0 [state],ka82577c3a704
0x03A1,main-ec,DAT_EXTMEM,0x03A0-0x03A5,main-ec-106,55,32,8,15,0,0,17,14,19,no,,bank1:0xC700=setup_state_and_copy_30_byte_table [init]; bank1:0xCAB8=FUN_CODE_cab8; bank1:0xCB08=set_0575_08_when_03a1_low2_clear [writer]; bank1:0xD32C=copy_0514_to_03c1_and_set_03a1_bit0 [writer]; bank1:0xD37F=scan_table_03de_down_stride2 [logic]; bank1:0xD472=store_r1_to_0514_03ab_if_gap_ok [writer]; bank1:0xD61A=FUN_CODE_d61a; bank1:0xD6C6=FUN_CODE_d6c6; bank1:0xD6D7=FUN_CODE_d6d7; bank1:0xD6E1=FUN_CODE_d6e1; bank1:0xDEE8=FUN_CODE_dee8; bank1:0xDEF1=FUN_CODE_def1; bank1:0xE100=FUN_CODE_e100; bank1:0xE2D3=FUN_CODE_e2d3; bank1:0xE3B5=copy_03cd_03ce_03cf_to_1c02_1c04_1c05 [copy]; bank1:0xE490=stage_1c00_block_from_code_table_indexed_03c4 [logic]; bank1:0xE4E9=gate_1c00_bit1_then_1c00_ff [gate]; bank1:0xE501=reset_03c4_03af_and_clear_03a1_bit [state]; bank1:0xE54F=increment_03af_clear_03a1_on_wrap [state],k8072b8aca641
0x03A2,main-ec,DAT_EXTMEM,0x03A0-0x03A5,main-ec-035,13,10,0,3,0,0,4,1,4,no,,bank1:0xC59F=countdown_0896_and_gate_on_04ab_equals_64 [state]; bank1:0xC931=FUN_CODE_c931; bank1:0xD37F=scan_table_03de_down_stride2 [logic]; bank1:0xD946=FUN_CODE_d946,k12d1d7d61a4a
0x03A3,main-ec,DAT_EXTMEM,0x03A0-0x03A5,main-ec-224,14,2,12,0,0,0,2,9,11,no,,bank1:0xC8F4=jump_to_c924 [forwarder]; bank1:0xC924=dispatch_03a3_low3 [dispatch]; bank1:0xC931=FUN_CODE_c931; bank1:0xC979=mul_0342_0514_into_0388_when_03d0_lt_0384 [math]; bank1:0xC9BE=count_0361_then_0362_toward_03a3 [logic]; bank1:0xCA02=store_a_then_03a3_3_over_1f [logic]; bank1:0xCA16=FUN_CODE_ca16; bank1:0xCA1D=add_03a6_plus_0388_into_039e [math]; bank1:0xCA3E=count_0361_to_40_then_branch_on_0347 [logic]; bank1:0xCAB8=FUN_CODE_cab8; bank1:0xCB08=set_0575_08_when_03a1_low2_clear [writer],k3a452019e3e0
0x03A4,main-ec,DAT_EXTMEM,0x03A0-0x03A5,main-ec-133,7,4,0,3,0,0,1,1,1,yes,,bank1:0xCC95=set_0397_from_0342_by_0514_band [logic],k8397c90dec9f
0x03A5,main-ec,DAT_EXTMEM,0x03A0-0x03A5,main-ec-005,18,11,0,7,0,0,2,2,2,no,,bank1:0xD524=FUN_CODE_d524; bank1:0xD6EE=FUN_CODE_d6ee,k5795f893f0b3
0x03A8,main-ec,DAT_EXTMEM,0x03A8-0x03AB,main-ec-013,6,3,2,1,0,0,1,2,2,no,,bank1:0xC751=zero_0300_03ff_then_set_3fe_3a8_3fb [writer]; bank1:0xE781=countdown_03a8_gated_by_0490_bit1 [state],k3fdd14ddea2e
0x03A9,main-ec,DAT_EXTMEM,0x03A8-0x03AB,main-ec-053,2,0,2,0,0,0,0,1,1,yes,,bank1:0xCB80=div_0343_by_31e_shifted_into_03a9 [math],k894b7ea3b2d6
0x03AA,main-ec,DAT_EXTMEM,0x03A8-0x03AB,main-ec-039,7,4,3,0,0,0,1,1,1,yes,,bank1:0xE5D6=FUN_CODE_e5d6,ka0e531e9f8e4
0x03AB,main-ec,DAT_EXTMEM,0x03A8-0x03AB,main-ec-013,6,2,4,0,0,0,1,2,2,no,,bank1:0xD37F=scan_table_03de_down_stride2 [logic]; bank1:0xD472=store_r1_to_0514_03ab_if_gap_ok [writer],k3fdd14ddea2e
0x03AE,main-ec,DAT_EXTMEM,0x03AE-0x03B6,main-ec-076,9,4,5,0,0,0,2,2,2,no,,bank1:0xE100=FUN_CODE_e100; bank1:0xE1D7=counter_tick_03ae_0560 [logic],k0fcd37ec5c82
0x03AF,main-ec,DAT_EXTMEM,0x03AE-0x03B6,main-ec-209,19,12,7,0,0,0,4,5,5,no,,bank1:0xE2D3=FUN_CODE_e2d3; bank1:0xE490=stage_1c00_block_from_code_table_indexed_03c4 [logic]; bank1:0xE4E9=gate_1c00_bit1_then_1c00_ff [gate]; bank1:0xE501=reset_03c4_03af_and_clear_03a1_bit [state]; bank1:0xE54F=increment_03af_clear_03a1_on_wrap [state],k2bf5873f9bff
0x03B0,main-ec,DAT_EXTMEM,0x03AE-0x03B6,main-ec-005,4,2,2,0,0,0,1,1,1,yes,,bank1:0xD6EE=FUN_CODE_d6ee,k5795f893f0b3
0x03B1,main-ec,DAT_EXTMEM,0x03AE-0x03B6,main-ec-005,3,1,2,0,0,0,1,1,1,yes,,bank1:0xD6EE=FUN_CODE_d6ee,k5795f893f0b3
0x03B2,main-ec,DAT_EXTMEM,0x03AE-0x03B6,main-ec-005,3,2,0,1,0,0,1,1,1,yes,,bank1:0xD6EE=FUN_CODE_d6ee,k5795f893f0b3
0x03B3,main-ec,DAT_EXTMEM,0x03AE-0x03B6,main-ec-005,3,2,1,0,0,0,1,1,1,yes,,bank1:0xD6EE=FUN_CODE_d6ee,k5795f893f0b3
0x03B4,main-ec,DAT_EXTMEM,0x03AE-0x03B6,main-ec-005,3,2,1,0,0,0,1,1,1,yes,,bank1:0xD6EE=FUN_CODE_d6ee,k5795f893f0b3
0x03B5,main-ec,DAT_EXTMEM,0x03AE-0x03B6,main-ec-259,7,4,2,1,0,0,2,3,3,no,,bank1:0xCD80=count_0397_down_to_03b5_then_0514 [unresolved]; bank1:0xD0A6=store_03c3_to_0360_when_ge_3 [writer]; bank1:0xD6EE=FUN_CODE_d6ee,k06032c3eb0f8
0x03B6,main-ec,DAT_EXTMEM,0x03AE-0x03B6,main-ec-247,8,4,3,1,0,0,2,3,3,no,,bank1:0xCBAB=FUN_CODE_cbab; bank1:0xCC95=set_0397_from_0342_by_0514_band [logic]; bank1:0xD6EE=FUN_CODE_d6ee,k662c1b055f5a
0x03BA,main-ec,DAT_EXTMEM,0x03BA-0x03C4,main-ec-039,7,4,2,1,0,0,2,1,2,no,,bank1:0xD274=div_23_minus_0386_by_034d_capped_15 [math]; bank1:0xE5D6=FUN_CODE_e5d6,ka0e531e9f8e4
0x03BB,main-ec,DAT_EXTMEM,0x03BA-0x03C4,main-ec-133,4,3,0,1,0,0,2,1,2,no,,bank1:0xCC95=set_0397_from_0342_by_0514_band [logic]; bank1:0xD7F4=FUN_CODE_d7f4,k8397c90dec9f
0x03BC,main-ec,DAT_EXTMEM,0x03BA-0x03C4,main-ec-132,6,3,1,1,1,0,1,1,1,yes,,bank1:0xD4D3=FUN_CODE_d4d3,k079b5db20e3d
0x03BD,main-ec,DAT_EXTMEM,0x03BA-0x03C4,main-ec-035,5,3,1,1,0,0,1,2,2,no,,bank1:0xD8F9=FUN_CODE_d8f9; bank1:0xD946=FUN_CODE_d946,k12d1d7d61a4a
0x03BE,main-ec,DAT_EXTMEM,0x03BA-0x03C4,main-ec-035,6,3,2,1,0,0,1,2,2,no,,bank1:0xD8F9=FUN_CODE_d8f9; bank1:0xD946=FUN_CODE_d946,k12d1d7d61a4a
0x03BF,main-ec,DAT_EXTMEM,0x03BA-0x03C4,main-ec-118,6,2,3,1,0,0,1,1,1,yes,,bank1:0xCFB1=step_03c3_and_reload_03bf [state],k53522ac19b81
0x03C0,main-ec,DAT_EXTMEM,0x03BA-0x03C4,main-ec-004,7,6,1,0,0,0,2,1,3,no,,bank1:0xDEE8=FUN_CODE_dee8; bank1:0xDEF1=FUN_CODE_def1; bank1:0xE0CE=FUN_CODE_e0ce,kffd18a7555bf
0x03C1,main-ec,DAT_EXTMEM,0x03BA-0x03C4,main-ec-273,6,1,5,0,0,0,1,5,5,no,,bank1:0xD0C4=update_0524_0526_4a0_and_0497_flags [state]; bank1:0xD17E=increment_0514_toward_0x64 [logic]; bank1:0xD32C=copy_0514_to_03c1_and_set_03a1_bit0 [writer]; bank1:0xDEE8=FUN_CODE_dee8; bank1:0xDEF1=FUN_CODE_def1,kfe683fe3815a
0x03C2,main-ec,DAT_EXTMEM,0x03BA-0x03C4,main-ec-274,6,4,0,2,0,0,2,2,2,no,,bank1:0xC8C7=on_198a_result_step_03c2_low2 [state]; bank1:0xD219=step_03c2_and_dispatch_four_ways [dispatch],kf0a09d7b38bd
0x03C3,main-ec,DAT_EXTMEM,0x03BA-0x03C4,main-ec-118,19,17,1,1,0,0,10,1,10,no,,bank1:0xCE2D=store_slot_for_index_0_and_7 [writer]; bank1:0xCE78=store_slot_for_index_1 [writer]; bank1:0xCEA9=store_slot_for_index_2 [writer]; bank1:0xCEDA=store_slot_for_index_3 [writer]; bank1:0xCF0B=store_slot_for_index_4 [writer]; bank1:0xCF3C=store_slot_for_index_5 [writer]; bank1:0xCF6D=store_slot_for_index_6 [writer]; bank1:0xCFB1=step_03c3_and_reload_03bf [state]; bank1:0xD018=dispatch_on_03c3_low3 [dispatch]; bank1:0xD0A6=store_03c3_to_0360_when_ge_3 [writer],k53522ac19b81
0x03C4,main-ec,DAT_EXTMEM,0x03BA-0x03C4,main-ec-106,32,17,11,4,0,0,2,9,9,no,,bank1:0xCAB8=FUN_CODE_cab8; bank1:0xD32C=copy_0514_to_03c1_and_set_03a1_bit0 [writer]; bank1:0xD61A=FUN_CODE_d61a; bank1:0xD6C6=FUN_CODE_d6c6; bank1:0xD6D7=FUN_CODE_d6d7; bank1:0xD6E1=FUN_CODE_d6e1; bank1:0xE2D3=FUN_CODE_e2d3; bank1:0xE490=stage_1c00_block_from_code_table_indexed_03c4 [logic]; bank1:0xE501=reset_03c4_03af_and_clear_03a1_bit [state],k8072b8aca641
0x03C9,main-ec,DAT_EXTMEM,0x03C9-0x03CF,main-ec-005,6,4,0,2,0,0,1,1,1,yes,,bank1:0xD6EE=FUN_CODE_d6ee,k5795f893f0b3
0x03CA,main-ec,DAT_EXTMEM,0x03C9-0x03CF,main-ec-013,4,2,1,1,0,0,1,1,1,yes,,bank1:0xD5E1=FUN_CODE_d5e1,k3fdd14ddea2e
0x03CB,main-ec,DAT_EXTMEM,0x03C9-0x03CF,main-ec-013,4,2,1,1,0,0,1,1,1,yes,,bank1:0xD5E1=FUN_CODE_d5e1,k3fdd14ddea2e
0x03CC,main-ec,DAT_EXTMEM,0x03C9-0x03CF,main-ec-238,10,6,2,2,0,0,4,4,4,no,,bank1:0xD524=FUN_CODE_d524; bank1:0xD5B4=FUN_CODE_d5b4; bank1:0xD5E1=FUN_CODE_d5e1; bank1:0xD602=FUN_CODE_d602,k1f6e83f49e6a
0x03CD,main-ec,DAT_EXTMEM,0x03C9-0x03CF,main-ec-091,2,1,1,0,0,0,1,1,1,yes,,bank1:0xE3B5=copy_03cd_03ce_03cf_to_1c02_1c04_1c05 [copy],k52a28fdcad6f
0x03CE,main-ec,DAT_EXTMEM,0x03C9-0x03CF,main-ec-091,2,1,1,0,0,0,1,1,1,yes,,bank1:0xE3B5=copy_03cd_03ce_03cf_to_1c02_1c04_1c05 [copy],k52a28fdcad6f
0x03CF,main-ec,DAT_EXTMEM,0x03C9-0x03CF,main-ec-091,2,1,1,0,0,0,1,1,1,yes,,bank1:0xE3B5=copy_03cd_03ce_03cf_to_1c02_1c04_1c05 [copy],k52a28fdcad6f
0x03F0,main-ec,DAT_EXTMEM,0x03F0-0x03F1,main-ec-061,1,0,1,0,0,0,0,1,1,yes,,bank1:0xC931=FUN_CODE_c931,k1ac1d225fd9d
0x03F1,main-ec,DAT_EXTMEM,0x03F0-0x03F1,main-ec-309,3,2,0,1,0,0,1,1,1,yes,,bank1:0xCDCB=dispatch_03f1_low3 [dispatch],k81e30adbdbb7
0x03F6,main-ec,DAT_EXTMEM,0x03F6-0x03FB,main-ec-164,1,0,1,0,0,0,0,1,1,yes,,bank1:0xCE2D=store_slot_for_index_0_and_7 [writer],k64efbcdb8de5
0x03F7,main-ec,DAT_EXTMEM,0x03F6-0x03FB,main-ec-164,1,0,1,0,0,0,0,1,1,yes,,bank1:0xCE2D=store_slot_for_index_0_and_7 [writer],k64efbcdb8de5
0x03F8,main-ec,DAT_EXTMEM,0x03F6-0x03FB,main-ec-165,1,0,1,0,0,0,0,1,1,yes,,bank1:0xCF6D=store_slot_for_index_6 [writer],kc519f3cca34c
0x03F9,main-ec,DAT_EXTMEM,0x03F6-0x03FB,main-ec-165,1,0,1,0,0,0,0,1,1,yes,,bank1:0xCF6D=store_slot_for_index_6 [writer],kc519f3cca34c
0x03FA,main-ec,DAT_EXTMEM,0x03F6-0x03FB,main-ec-132,6,5,0,1,0,0,3,1,3,no,,bank1:0xC884=on_198a_result_advance_0394_to_3 [state]; bank1:0xD4D3=FUN_CODE_d4d3; bank1:0xD61A=FUN_CODE_d61a,k079b5db20e3d
0x03FB,main-ec,DAT_EXTMEM,0x03F6-0x03FB,main-ec-013,8,6,1,1,0,0,3,2,4,no,,bank1:0xC751=zero_0300_03ff_then_set_3fe_3a8_3fb [writer]; bank1:0xD37F=scan_table_03de_down_stride2 [logic]; bank1:0xD472=store_r1_to_0514_03ab_if_gap_ok [writer]; bank1:0xD5E1=FUN_CODE_d5e1,k3fdd14ddea2e
0x03FE,main-ec,DAT_EXTMEM,0x03FE-0x0401,main-ec-013,2,1,1,0,0,0,1,1,2,no,,bank1:0xC751=zero_0300_03ff_then_set_3fe_3a8_3fb [writer]; bank1:0xE781=countdown_03a8_gated_by_0490_bit1 [state],k3fdd14ddea2e
0x03FF,main-ec,DAT_EXTMEM,0x03FE-0x0401,main-ec-275,6,5,1,0,0,0,5,1,6,no,,bank1:0xC80E=dispatch_0394_low3_through_ljmp_table [dispatch]; bank1:0xCD80=count_0397_down_to_03b5_then_0514 [unresolved]; bank1:0xD524=FUN_CODE_d524; bank1:0xD946=FUN_CODE_d946; bank1:0xE100=FUN_CODE_e100; bank1:0xE237=gate_1c00_init_defaults [gate],k120fd3ff7cc3
0x0400,main-ec,symbol,0x03FE-0x0401,main-ec-001,1,0,1,0,0,0,0,1,1,yes,BAT_POWER_UNIT_0,bank1:0xB88C=FUN_CODE_b88c,k7497cf885614
0x0401,main-ec,symbol,0x03FE-0x0401,main-ec-001,1,0,1,0,0,0,0,1,1,yes,BAT_POWER_UNIT_1,bank1:0xB88C=FUN_CODE_b88c,k7497cf885614
0x0403,main-ec,symbol,0x0403-0x0403,main-ec-004,18,18,0,0,0,0,13,0,13,no,BAT_DESIGN_CAPACITY_1,bank1:0x92F7=write_057b_057c_057d_and_call_888c [logic]; bank1:0xA24E=FUN_CODE_a24e; bank1:0xAD85=forwarder_to_b33b [forwarder]; bank1:0xB33B=FUN_CODE_b33b; bank1:0xB407=forwarder_to_b40e [forwarder]; bank1:0xB40E=cmp_dptr_to_r2r1 [math]; bank1:0xB415=bump_counter_054d [state]; bank1:0xB41C=store_054d_set_bit_on_10 [state]; bank1:0xB43B=FUN_CODE_b43b; bank1:0xBABF=stage_0577_against_0834_0836 [logic]; bank1:0xBD45=mask_0491_c0_then_route_to_300x_40xx [unresolved]; bank1:0xBE10=FUN_CODE_be10; bank1:0xD0C4=update_0524_0526_4a0_and_0497_flags [state],kffd18a7555bf
0x0424,pd,DAT_EXTMEM,0x0424-0x0424,pd-018,3,0,0,0,0,3,0,0,3,no,,pd:0x4402=run_body_while_07cf_is_zero [state]; pd:0x4800=increment_dptr_byte_and_jump_back_to_4408 [unresolved]; pd:0xF79F=ljmp_4402 [forwarder],k6d4c57d38a00
0x042F,pd,DAT_EXTMEM,0x042F-0x042F,pd-003,1,0,0,0,0,1,0,0,1,yes,,pd:0x821B=fill_0849_0857_block [writer],k276a0a6818c4
0x0432,main-ec,symbol,0x0432-0x0432,main-ec-074,28,16,12,0,0,0,9,7,16,no,BAT_STATUS_1,bank1:0xAD85=forwarder_to_b33b [forwarder]; bank1:0xAD88=forwarder_to_c245 [forwarder]; bank1:0xB1B3=dispatch_0490_low3 [dispatch]; bank1:0xB202=carry_set_set_043c_4_call_b2a0 [logic]; bank1:0xB224=FUN_CODE_b224; bank1:0xB33B=FUN_CODE_b33b; bank1:0xB407=forwarder_to_b40e [forwarder]; bank1:0xB40E=cmp_dptr_to_r2r1 [math]; bank1:0xB415=bump_counter_054d [state]; bank1:0xB41C=store_054d_set_bit_on_10 [state]; bank1:0xB43B=FUN_CODE_b43b; bank1:0xB68C=gate_0571_0573_eq_1 [gate]; bank1:0xB6A8=snapshot_0432_043c_04f2_04fc [copy]; bank1:0xC245=dispatch_0490_bits_1_5_6 [dispatch]; bank1:0xC267=reset_0432_and_04f2 [writer]; bank1:0xC277=set_0432_from_0494 [writer],k2de1cfa37b50
0x0434,main-ec,symbol,0x0434-0x0439,main-ec-351,1,1,0,0,0,0,1,0,1,yes,BAT_CURRENT_MA_0,bank0:0xBC71=read_0434_keep_0435_in_r4 [reader],kdb0b398bb748
0x0435,main-ec,symbol,0x0434-0x0439,main-ec-352,1,0,0,0,1,0,0,0,1,yes,BAT_CURRENT_MA_1,bank0:0xE389=load_0434_0438_pairs_mul16_and_tailcall [math],k723debb03c9c
0x0436,main-ec,symbol,0x0434-0x0439,main-ec-001,1,0,1,0,0,0,0,1,1,yes,XDATA_0436_0,bank1:0xB88C=FUN_CODE_b88c,k7497cf885614
0x0437,main-ec,symbol,0x0434-0x0439,main-ec-001,1,0,1,0,0,0,0,1,1,yes,XDATA_0436_1,bank1:0xB88C=FUN_CODE_b88c,k7497cf885614
0x0438,main-ec,symbol,0x0434-0x0439,main-ec-001,3,0,1,0,2,0,0,1,3,no,BAT_VOLTAGE_MV_0,bank0:0xB12C=manual_ctrl_profile_gate [gate]; bank0:0xB158=charge_target_update [charge-target]; bank1:0xB88C=FUN_CODE_b88c,k7497cf885614
0x0439,main-ec,symbol,0x0434-0x0439,main-ec-001,4,0,1,0,3,0,0,1,4,no,BAT_VOLTAGE_MV_1,bank0:0xB12C=manual_ctrl_profile_gate [gate]; bank0:0xB158=charge_target_update [charge-target]; bank0:0xE389=load_0434_0438_pairs_mul16_and_tailcall [math]; bank1:0xB88C=FUN_CODE_b88c,k7497cf885614
0x043C,main-ec,symbol,0x043C-0x0440,main-ec-074,13,6,7,0,0,0,6,4,9,no,XDATA_043C,bank1:0xAD85=forwarder_to_b33b [forwarder]; bank1:0xB1B3=dispatch_0490_low3 [dispatch]; bank1:0xB202=carry_set_set_043c_4_call_b2a0 [logic]; bank1:0xB224=FUN_CODE_b224; bank1:0xB33B=FUN_CODE_b33b; bank1:0xB5AF=dispatch_043c_04fc_bits [dispatch]; bank1:0xB6A8=snapshot_0432_043c_04f2_04fc [copy]; bank1:0xC277=set_0432_from_0494 [writer]; bank1:0xC2B0=clear_04f2_04f4_04f8_set_04f6_ffff [writer],k2de1cfa37b50
0x043D,main-ec,symbol,0x043C-0x0440,main-ec-054,2,2,0,0,0,0,1,0,1,yes,XDATA_043D,bank0:0xBF12=copy_043d_to_09cd_and_return_09cd [copy],kb77916be3ffe
0x043E,main-ec,symbol,0x043C-0x0440,main-ec-006,43,37,0,1,5,0,16,1,16,no,CPU_TEMP,bank0:0x8749=mode_tick_084c_07a5_09ee [state]; bank0:0x888D=fan_table_mailbox_handler [dispatch]; bank0:0x8931=threshold_cascade_from_08eb_085f [unresolved]; bank0:0x8B14=FUN_CODE_8b14; bank0:0xB737=FUN_CODE_b737; bank0:0xBABF=read_code_byte_at_r6r7_plus_0460_10 [reader]; bank0:0xBAD3=clr_cy [unresolved]; bank0:0xBAD4=sub_input_from_cpu_temp_043e [math]; bank0:0xBB55=set_cy_before_043e_sub [unresolved]; bank0:0xBB56=cpu_temp_minus_code_table_byte [math]; bank0:0xE064=copy_043e_to_1511 [copy]; bank1:0x8DE4=dispatch_on_0490_0495_0496_0498 [dispatch]; bank1:0x8E91=dispatch_on_049d_049e_05e0 [dispatch]; bank1:0x8ECC=select_r4_from_cpu_temp_and_0620_0626 [dispatch]; bank1:0x9202=step_0628_nibble_against_92dc_table [logic]; bank1:0x9B3C=FUN_CODE_9b3c,ka07bfc4f80cd
0x043F,main-ec,symbol,0x043C-0x0440,main-ec-353,1,0,1,0,0,0,0,1,1,yes,XDATA_043F,bank1:0x9CE8=FUN_CODE_9ce8,k0e2781a793f0
0x0440,main-ec,symbol,0x043C-0x0440,main-ec-177,181,181,0,0,0,0,91,0,91,no,XDATA_0440,bank0:0x8749=mode_tick_084c_07a5_09ee [state]; bank0:0x8B14=FUN_CODE_8b14; bank0:0x8C46=ramp_1804_1809_toward_0461_0469 [state]; bank0:0x8F20=state_0817_dispatch [state]; bank0:0x9334=seed_tcc_defaults_from_ba36 [init]; bank0:0x9CA6=gate_06e6_442_then_sync_046a_from_086b [state]; bank0:0xAAC6=advance_0d14_state [state]; bank0:0xAB9E=set_0751_and_07a6_bits [state]; bank0:0xAC08=dispatch_on_0751_bits [dispatch]; bank0:0xB065=ten_count_gate_then_set_1300_and_200f [state]; bank0:0xB0DC=sync_0983_bit5_against_support_2_bit4 [logic]; bank0:0xB38E=step_1802_toward_bf12_limited_by_09cd [state]; bank1:0x8001=decrement_nonzero_xdata_counters [writer]; bank1:0x8004=read_06c6 [reader]; bank1:0x8005=skip_06c6_decrement [logic]; bank1:0x8007=dec_06c6_value [math]; bank1:0x8008=store_06c6_decrement [writer]; bank1:0x8009=select_06cd [logic]; bank1:0x800C=read_06cd [reader]; bank1:0x800D=skip_06cd_decrement [logic]; bank1:0x800F=dec_06cd_value [math]; bank1:0x8010=store_06cd_decrement [writer]; bank1:0x8011=select_06d1 [logic]; bank1:0x8014=read_06d1_and_test_zero [reader]; bank1:0x8017=dec_06d1_value [math]; bank1:0x8018=store_acc_to_xdata_dptr_8018 [writer]; bank1:0x8019=load_dptr_06d2 [reader]; bank1:0x801C=read_xdata_dptr_801c [reader]; bank1:0x801D=branch_if_acc_zero_to_8021 [gate]; bank1:0x801F=dec_acc_801f [math]; bank1:0x8020=store_acc_to_xdata_dptr_8020 [writer]; bank1:0x8021=load_dptr_06f3 [reader]; bank1:0x8024=read_xdata_dptr_8024 [reader]; bank1:0x8025=branch_if_acc_zero_to_8029 [gate]; bank1:0x8027=dec_acc_8027 [math]; bank1:0x8028=store_acc_and_load_dptr_0635 [writer]; bank1:0x802C=read_xdata_dptr_802c [reader]; bank1:0x802D=branch_if_acc_zero_to_8031 [gate]; bank1:0x802F=dec_acc_802f [math]; bank1:0x8030=store_acc_to_xdata_dptr_8030 [writer]; bank1:0x8031=load_dptr_0636_and_read [reader]; bank1:0x8035=branch_if_acc_zero_to_8039 [gate]; bank1:0x8037=dec_store_and_load_dptr_0637 [writer]; bank1:0x803C=test_and_decrement_0638_after_prior_byte [writer]; bank1:0x8048=store_acc_and_read_0639 [writer]; bank1:0x804D=dec_then_test_063a_with_sign_guard [writer]; bank1:0x8060=branch_if_acc_zero_to_8064 [gate]; bank1:0x8062=dec_store_then_test_and_dec_07f6 [writer]; bank1:0x806C=reload_06d6_with_9_or_return_early [writer]; bank1:0x807E=dec_06c3_and_dec_06d8_gated_on_0440 [writer]; bank1:0x8096=dec_06d9_only_if_both_calls_return_zero [writer]; bank1:0x80AA=dec_timers_06da_08e4_055f_09ce_070b [writer]; bank1:0x80D6=clear_0460_0468_when_0706_reaches_zero [writer]; bank1:0x80EF=dec_timers_and_set_expiry_flags [writer]; bank1:0x8300=clear_and_set_xdata_flag_bits [state]; bank1:0x88F0=push_r5_into_070f_ring_when_gates_pass [writer]; bank1:0x8915=saturating_count_09f0_then_call_88f0 [state]; bank1:0x896A=gate_06e6_0440_then_call_89b5 [gate]; bank1:0x8F6B=FUN_CODE_8f6b; bank1:0x9004=load_dptr_06ce [unresolved]; bank1:0x9007=store_a_to_xdata_at_dptr_2 [unresolved]; bank1:0x9008=update_06cf_countdown_and_06e1_bits [state]; bank1:0x966C=step_06fd_06fe_06ff_counters_via_1a32 [state]; bank1:0x976E=clear_0480_bit0_then_step_05f1_countdown [state]; bank1:0xA12D=set_0724_bit7_after_06c5_threshold [logic]; bank1:0xA2F3=dispatch_0974_low_nibble [dispatch]; bank1:0xA916=clamp_078b_level_into_0804 [state]; bank1:0xC614=gate_0755_and_0440_dispatch [gate]; bank1:0xF102=sjmp_f154 [forwarder]; bank1:0xF104=sjmp_f160 [forwarder]; bank1:0xF106=ljmp_f18a [forwarder]; bank1:0xF109=ljmp_f196 [forwarder]; bank1:0xF10D=ljmp_f219 [forwarder]; bank1:0xF110=ljmp_f246 [forwarder]; bank1:0xF113=thunk_to_f275 [forwarder]; bank1:0xF11C=thunk_to_f2ca [forwarder]; bank1:0xF11F=thunk_to_f2f3 [forwarder]; bank1:0xF123=thunk_to_f198 [forwarder]; bank1:0xF154=if_0440_nonzero_call_88f0_0a [gate]; bank1:0xF160=toggle_045b_bit0_set_0709_bit0 [writer]; bank1:0xF18A=if_0440_nonzero_call_88f0_0c [gate]; bank1:0xF196=sjmp_to_f198 [forwarder]; bank1:0xF198=gate_045a_e0_bits_into_047b_0720_097a [writer]; bank1:0xF219=set_0636_0a_toggle_047b_02_set_097a_02 [writer]; bank1:0xF246=if_045a_bit4_set_toggle_047b_10_set_0637_0a [writer]; bank1:0xF275=set_06ff_80_else_toggle_0471_80 [writer]; bank1:0xF2CA=dec_0443_low3_unless_0440_5_6_7 [writer]; bank1:0xF2F3=inc_0443_low3_unless_0440_5_6_7 [writer]; common:0x1AC2=FUN_CODE_1ac2; common:0x1BA4=FUN_CODE_1ba4; common:0x3DA8=FUN_CODE_3da8,k42603b3fa174
0x0442,main-ec,symbol,0x0442-0x0443,main-ec-120,12,9,0,3,0,0,8,3,8,no,XDATA_0442,bank0:0x9CA6=gate_06e6_442_then_sync_046a_from_086b [state]; bank0:0xACB4=reset_xdata_flags_and_07d5_to_ff [init]; bank1:0x8300=clear_and_set_xdata_flag_bits [state]; bank1:0x8418=zero_1510_and_clear_xdata_flag_bits [state]; bank1:0x9F04=dispatch_on_dpl_5b_7b_40 [dispatch]; bank1:0xA501=gate_0442_06e6_before_call_1a7a [gate]; bank1:0xA916=clamp_078b_level_into_0804 [state]; bank1:0xAB29=latch_0983_b2_from_0442_b3 [state],kb07a0f522a7d
0x0443,main-ec,symbol,0x0442-0x0443,main-ec-123,12,8,0,4,0,0,4,4,4,no,XDATA_0443,bank1:0xF11C=thunk_to_f2ca [forwarder]; bank1:0xF11F=thunk_to_f2f3 [forwarder]; bank1:0xF2CA=dec_0443_low3_unless_0440_5_6_7 [writer]; bank1:0xF2F3=inc_0443_low3_unless_0440_5_6_7 [writer],kebb1f590f488
0x0448,main-ec,symbol,0x0448-0x0449,main-ec-310,3,1,2,0,0,0,1,1,2,no,XDATA_0448,bank1:0xF416=scale_0438_into_0448 [math]; bank1:0xF436=halve_sum_into_044c [math],k2abb093ba23e
0x0449,main-ec,symbol,0x0448-0x0449,main-ec-292,4,2,2,0,0,0,2,1,3,no,XDATA_0449,bank0:0xBE15=x0449_minus_x08ea_minus_1 [math]; bank1:0xF3D7=store_scaled_quotient_0449 [math]; bank1:0xF436=halve_sum_into_044c [math],k5036b5b0a608
0x044B,main-ec,symbol,0x044B-0x044C,main-ec-229,12,7,5,0,0,0,2,5,6,no,XDATA_044B,bank0:0x9A0E=mul_div_08ea_then_sub_044b_selected [math]; bank0:0x9A86=call_ba15_then_write_02_to_044b [writer]; bank0:0x9A9C=write_04_to_044b_and_set_08e2_bit7 [writer]; bank0:0x9AAD=FUN_CODE_9aad; bank0:0x9BFD=forward_to_9a86 [forwarder]; bank0:0xBD20=store_044b_then_read_08e2 [writer],k29d09fba54da
0x044C,main-ec,symbol,0x044B-0x044C,main-ec-049,11,8,2,1,0,0,5,3,7,no,XDATA_044C,bank0:0xBC37=code_byte_sub_from_044c [math]; bank0:0xBEA3=x044c_minus_r7 [math]; bank1:0x976E=clear_0480_bit0_then_step_05f1_countdown [state]; bank1:0x9817=enter_state_0480_05f1_06d9 [state]; bank1:0xD2A3=derive_scale_from_034e_and_compute_from_044c [math]; bank1:0xD61A=FUN_CODE_d61a; bank1:0xF436=halve_sum_into_044c [math],k94ac06e5d511
0x044F,main-ec,symbol,0x044F-0x0452,main-ec-110,36,28,1,1,6,0,13,1,13,no,GPU_TEMP,bank0:0x8749=mode_tick_084c_07a5_09ee [state]; bank0:0x888D=fan_table_mailbox_handler [dispatch]; bank0:0x8931=threshold_cascade_from_08eb_085f [unresolved]; bank0:0x8B14=FUN_CODE_8b14; bank0:0x9334=seed_tcc_defaults_from_ba36 [init]; bank0:0x93FE=load_r7_into_a [reader]; bank0:0x93FF=select_table_byte_against_044f [logic]; bank0:0xB737=FUN_CODE_b737; bank0:0xBBDD=set_cy_before_044f_sub [unresolved]; bank0:0xBBDE=gpu_temp_minus_code_table_byte [math]; bank0:0xBDF2=gpu_temp_minus_xdata_byte [math]; bank1:0x9416=adjust_0627_index_against_gpu_temp [state]; bank1:0x9D53=FUN_CODE_9d53,k870f78d43bef
0x0450,main-ec,symbol,0x044F-0x0452,main-ec-056,4,1,3,0,0,0,1,3,4,no,XDATA_0450,bank1:0x87CA=set_1033_bits_if_0450_is_28 [logic]; bank1:0x8801=single_movx_store_not_a_function [unresolved]; bank1:0x8802=ajmp_8822_not_a_function [unresolved]; bank1:0x881B=copy_2000_2002_to_0450_0452 [copy],k950fed5ff65b
0x0451,main-ec,symbol,0x044F-0x0452,main-ec-166,1,0,1,0,0,0,0,1,1,yes,XDATA_0451,bank1:0x881B=copy_2000_2002_to_0450_0452 [copy],ke633bc19605f
0x0452,main-ec,symbol,0x044F-0x0452,main-ec-056,3,0,3,0,0,0,0,3,3,no,XDATA_0452,bank1:0x8801=single_movx_store_not_a_function [unresolved]; bank1:0x8802=ajmp_8822_not_a_function [unresolved]; bank1:0x881B=copy_2000_2002_to_0450_0452 [copy],k950fed5ff65b
0x0454,main-ec,symbol,0x0454-0x0456,main-ec-099,2,0,1,0,1,0,0,1,2,no,XDATA_0454,bank0:0xDCB2=read_0454_tail_3f9d [forwarder]; bank1:0x87DD=copy_code_a691_a693_to_xdata [copy],kc066837e7f39
0x0455,main-ec,symbol,0x0454-0x0456,main-ec-099,2,0,1,0,1,0,0,1,2,no,XDATA_0455,bank0:0xDCD5=read_0455_tail_3f9d [forwarder]; bank1:0x87DD=copy_code_a691_a693_to_xdata [copy],kc066837e7f39
0x0456,main-ec,symbol,0x0454-0x0456,main-ec-001,15,11,0,2,0,2,11,2,11,no,SYSTEM_ID,bank0:0x8B14=FUN_CODE_8b14; bank0:0x8C46=ramp_1804_1809_toward_0461_0469 [state]; bank0:0x9334=seed_tcc_defaults_from_ba36 [init]; bank0:0xACB4=reset_xdata_flags_and_07d5_to_ff [init]; bank0:0xB38E=step_1802_toward_bf12_limited_by_09cd [state]; bank0:0xC26E=FUN_CODE_c26e; bank0:0xD9FE=seed_07d3_gfid_and_08xx_defaults [init]; bank1:0x9373=gate_0456_80_and_06e6_01 [gate]; bank1:0x9D53=FUN_CODE_9d53; bank1:0xA916=clamp_078b_level_into_0804 [state]; bank1:0xF3C9=set_r3_22_or_44_from_0456_bit6 [logic],k7497cf885614
0x0458,main-ec,symbol,0x0458-0x0461,main-ec-018,6,5,1,0,0,0,5,1,6,no,XDATA_0458,bank0:0xDD5C=store_32_to_0458_then_tailcall_1954 [writer]; bank1:0x8DE4=dispatch_on_0490_0495_0496_0498 [dispatch]; bank1:0x8E91=dispatch_on_049d_049e_05e0 [dispatch]; bank1:0x8ECC=select_r4_from_cpu_temp_and_0620_0626 [dispatch]; bank1:0x9C0E=match_0820_against_0458_mode [logic]; bank1:0xC6B8=gate_0458b7_set_0723b2_from_045c [logic],kaed8fb28e30d
0x0459,main-ec,symbol,0x0458-0x0461,main-ec-072,8,5,2,0,1,0,5,2,8,no,XDATA_0459,bank0:0xDCED=read_0459_tail_3f9d [forwarder]; bank1:0x8AE5=probe_159a_19f0_0983_then_dispatch [dispatch]; bank1:0x8B01=load_dptr_097f [reader]; bank1:0x8B04=countdown_06c0_latch_097f_bit0 [state]; bank1:0x8B8F=clear_0480_bit4_set_0459_01_06e1_a0 [state]; bank1:0x8BB2=set_0480_50_zero_048f_0459_02_06e1_a0 [state]; bank1:0x8D62=FUN_CODE_8d62; bank1:0x8D83=count_down_0678_0679_pair [state],kc0518f374dab
0x045A,main-ec,symbol,0x0458-0x0461,main-ec-001,27,25,0,2,0,0,14,2,14,no,XDATA_045A,bank0:0xACB4=reset_xdata_flags_and_07d5_to_ff [init]; bank0:0xDD4A=or_intmem_32_low_nibble_into_045a [writer]; bank1:0xA064=gate_045a_bit0_set_0724_bit4 [logic]; bank1:0xA0CC=set_0724_bit5_when_gates_pass [logic]; bank1:0xA12D=set_0724_bit7_after_06c5_threshold [logic]; bank1:0xA1BF=dispatch_045a_bits_to_1a44_1a5c_1a50 [dispatch]; bank1:0xA476=gate_value_against_045a_bits [gate]; bank1:0xF109=ljmp_f196 [forwarder]; bank1:0xF110=ljmp_f246 [forwarder]; bank1:0xF123=thunk_to_f198 [forwarder]; bank1:0xF196=sjmp_to_f198 [forwarder]; bank1:0xF198=gate_045a_e0_bits_into_047b_0720_097a [writer]; bank1:0xF1F8=FUN_CODE_f1f8; bank1:0xF246=if_045a_bit4_set_toggle_047b_10_set_0637_0a [writer],k7497cf885614
0x045B,main-ec,symbol,0x0458-0x0461,main-ec-205,22,14,0,8,0,0,10,6,10,no,XDATA_045B,bank0:0x909B=update_flag_bits_in_0985 [logic]; bank0:0xDCDD=set_bit0_045b [writer]; bank0:0xDCE5=clear_bit0_045b [writer]; bank1:0x9D53=FUN_CODE_9d53; bank1:0x9F04=dispatch_on_dpl_5b_7b_40 [dispatch]; bank1:0xA211=call_88f0_then_clear_07f3_and_070c [logic]; bank1:0xC647=gate_0709b0_into_045b_branch [gate]; bank1:0xC659=toggle_045b_b0_and_0758_b3 [state]; bank1:0xF104=sjmp_f160 [forwarder]; bank1:0xF160=toggle_045b_bit0_set_0709_bit0 [writer],kb36fa25a6c51
0x045C,main-ec,symbol,0x0458-0x0461,main-ec-003,2,1,1,0,0,0,1,1,2,no,XDATA_045C,bank1:0x94A8=lookup_94a0_table_by_0620_low3 [logic]; bank1:0xC6B8=gate_0458b7_set_0723b2_from_045c [logic],ka39cda99615f
0x045D,main-ec,symbol,0x0458-0x0461,main-ec-017,10,2,8,0,0,0,2,5,7,no,XDATA_045D,bank0:0xDD3D=store_0d32_to_045d_0704 [writer]; bank1:0x8AE5=probe_159a_19f0_0983_then_dispatch [dispatch]; bank1:0x8B01=load_dptr_097f [reader]; bank1:0x8B04=countdown_06c0_latch_097f_bit0 [state]; bank1:0x8CEC=gate_then_copy_2200_to_075f [gate]; bank1:0x94FA=magic_55aa_and_0704_countdown [state]; bank1:0x95AE=copy_045d_to_0704 [copy],k8752aa6b045e
0x045E,main-ec,symbol,0x0458-0x0461,main-ec-011,2,0,1,0,1,0,0,1,1,yes,XDATA_045E,bank1:0x94FA=magic_55aa_and_0704_countdown [state],k2a30862cf8eb
0x045F,main-ec,symbol,0x0458-0x0461,main-ec-011,9,8,1,0,0,0,6,1,6,no,XDATA_045F,bank1:0x9081=count_down_06e4_and_toggle_06e3 [state]; bank1:0x94FA=magic_55aa_and_0704_countdown [state]; bank1:0xA1F6=pass_0707_to_88f0_when_045f_eq_db [logic]; bank1:0xC80E=dispatch_0394_low3_through_ljmp_table [dispatch]; bank1:0xE2D3=FUN_CODE_e2d3; bank1:0xE3B5=copy_03cd_03ce_03cf_to_1c02_1c04_1c05 [copy],k2a30862cf8eb
0x0460,main-ec,symbol,0x0458-0x0461,main-ec-002,115,43,42,16,10,4,7,45,48,no,XDATA_0460,bank0:0x8749=mode_tick_084c_07a5_09ee [state]; bank0:0x888D=fan_table_mailbox_handler [dispatch]; bank0:0x8931=threshold_cascade_from_08eb_085f [unresolved]; bank0:0x8B14=FUN_CODE_8b14; bank0:0x8DE0=ramp_1804_toward_0670_and_set_1809 [state]; bank0:0xBABF=read_code_byte_at_r6r7_plus_0460_10 [reader]; bank0:0xBCDA=x0f10_table_indexed_by_0460 [reader]; bank1:0x8001=decrement_nonzero_xdata_counters [writer]; bank1:0x8004=read_06c6 [reader]; bank1:0x8005=skip_06c6_decrement [logic]; bank1:0x8007=dec_06c6_value [math]; bank1:0x8008=store_06c6_decrement [writer]; bank1:0x8009=select_06cd [logic]; bank1:0x800C=read_06cd [reader]; bank1:0x800D=skip_06cd_decrement [logic]; bank1:0x800F=dec_06cd_value [math]; bank1:0x8010=store_06cd_decrement [writer]; bank1:0x8011=select_06d1 [logic]; bank1:0x8014=read_06d1_and_test_zero [reader]; bank1:0x8017=dec_06d1_value [math]; bank1:0x8018=store_acc_to_xdata_dptr_8018 [writer]; bank1:0x8019=load_dptr_06d2 [reader]; bank1:0x801C=read_xdata_dptr_801c [reader]; bank1:0x801D=branch_if_acc_zero_to_8021 [gate]; bank1:0x801F=dec_acc_801f [math]; bank1:0x8020=store_acc_to_xdata_dptr_8020 [writer]; bank1:0x8021=load_dptr_06f3 [reader]; bank1:0x8024=read_xdata_dptr_8024 [reader]; bank1:0x8025=branch_if_acc_zero_to_8029 [gate]; bank1:0x8027=dec_acc_8027 [math]; bank1:0x8028=store_acc_and_load_dptr_0635 [writer]; bank1:0x802C=read_xdata_dptr_802c [reader]; bank1:0x802D=branch_if_acc_zero_to_8031 [gate]; bank1:0x802F=dec_acc_802f [math]; bank1:0x8030=store_acc_to_xdata_dptr_8030 [writer]; bank1:0x8031=load_dptr_0636_and_read [reader]; bank1:0x8035=branch_if_acc_zero_to_8039 [gate]; bank1:0x8037=dec_store_and_load_dptr_0637 [writer]; bank1:0x803C=test_and_decrement_0638_after_prior_byte [writer]; bank1:0x8048=store_acc_and_read_0639 [writer]; bank1:0x804D=dec_then_test_063a_with_sign_guard [writer]; bank1:0x8060=branch_if_acc_zero_to_8064 [gate]; bank1:0x8062=dec_store_then_test_and_dec_07f6 [writer]; bank1:0x806C=reload_06d6_with_9_or_return_early [writer]; bank1:0x807E=dec_06c3_and_dec_06d8_gated_on_0440 [writer]; bank1:0x8096=dec_06d9_only_if_both_calls_return_zero [writer]; bank1:0x80AA=dec_timers_06da_08e4_055f_09ce_070b [writer]; bank1:0x80D6=clear_0460_0468_when_0706_reaches_zero [writer],k733222e83898
0x0461,main-ec,DAT_EXTMEM,0x0458-0x0461,main-ec-001,18,9,7,0,0,2,5,5,8,no,,bank0:0x8749=mode_tick_084c_07a5_09ee [state]; bank0:0x888D=fan_table_mailbox_handler [dispatch]; bank0:0x8931=threshold_cascade_from_08eb_085f [unresolved]; bank0:0x8B14=FUN_CODE_8b14; bank0:0x8C46=ramp_1804_1809_toward_0461_0469 [state]; bank0:0xBBE6=load_dptr_0469 [unresolved]; bank0:0xBBE9=set_cy_before_0461_sub [unresolved]; bank0:0xBBEA=sub_0469_from_0461 [math],k7497cf885614
0x0463,main-ec,DAT_EXTMEM,0x0463-0x0466,main-ec-001,8,2,5,1,0,0,1,6,6,no,,bank0:0x9334=seed_tcc_defaults_from_ba36 [init]; bank0:0x93FE=load_r7_into_a [reader]; bank0:0x93FF=select_table_byte_against_044f [logic]; bank0:0x948D=code_byte_to_0a4a_then_push_r7 [copy]; bank0:0x94AF=store_r7_to_098c_and_0463 [writer]; bank0:0x9CA6=gate_06e6_442_then_sync_046a_from_086b [state],k7497cf885614
0x0464,main-ec,DAT_EXTMEM,0x0463-0x0466,main-ec-138,4,3,1,0,0,0,2,1,3,no,,bank0:0x8749=mode_tick_084c_07a5_09ee [state]; bank0:0xBD5D=be16_0464_0465_minus_100 [math]; bank0:0xDFDF=gate_06e6_then_store_0464 [math],k2a740ad8c603
0x0465,main-ec,DAT_EXTMEM,0x0463-0x0466,main-ec-138,3,2,1,0,0,0,2,1,3,no,,bank0:0x8749=mode_tick_084c_07a5_09ee [state]; bank0:0xBD5D=be16_0464_0465_minus_100 [math]; bank0:0xDFDF=gate_06e6_then_store_0464 [math],k2a740ad8c603
0x0466,main-ec,DAT_EXTMEM,0x0463-0x0466,main-ec-003,8,7,0,1,0,0,6,1,6,no,,bank0:0x9CA6=gate_06e6_442_then_sync_046a_from_086b [state]; bank1:0x9081=count_down_06e4_and_toggle_06e3 [state]; bank1:0x90B0=forward_to_90b8 [forwarder]; bank1:0x90B8=step_counter_084e_dispatch [dispatch]; bank1:0x9B3C=FUN_CODE_9b3c; bank1:0x9D53=FUN_CODE_9d53,ka39cda99615f
0x0468,main-ec,symbol,0x0468-0x0472,main-ec-002,90,38,44,6,1,1,5,45,46,no,XDATA_0468,bank0:0x8749=mode_tick_084c_07a5_09ee [state]; bank0:0x888D=fan_table_mailbox_handler [dispatch]; bank0:0x8931=threshold_cascade_from_08eb_085f [unresolved]; bank0:0x8B14=FUN_CODE_8b14; bank0:0x8DE0=ramp_1804_toward_0670_and_set_1809 [state]; bank1:0x8001=decrement_nonzero_xdata_counters [writer]; bank1:0x8004=read_06c6 [reader]; bank1:0x8005=skip_06c6_decrement [logic]; bank1:0x8007=dec_06c6_value [math]; bank1:0x8008=store_06c6_decrement [writer]; bank1:0x8009=select_06cd [logic]; bank1:0x800C=read_06cd [reader]; bank1:0x800D=skip_06cd_decrement [logic]; bank1:0x800F=dec_06cd_value [math]; bank1:0x8010=store_06cd_decrement [writer]; bank1:0x8011=select_06d1 [logic]; bank1:0x8014=read_06d1_and_test_zero [reader]; bank1:0x8017=dec_06d1_value [math]; bank1:0x8018=store_acc_to_xdata_dptr_8018 [writer]; bank1:0x8019=load_dptr_06d2 [reader]; bank1:0x801C=read_xdata_dptr_801c [reader]; bank1:0x801D=branch_if_acc_zero_to_8021 [gate]; bank1:0x801F=dec_acc_801f [math]; bank1:0x8020=store_acc_to_xdata_dptr_8020 [writer]; bank1:0x8021=load_dptr_06f3 [reader]; bank1:0x8024=read_xdata_dptr_8024 [reader]; bank1:0x8025=branch_if_acc_zero_to_8029 [gate]; bank1:0x8027=dec_acc_8027 [math]; bank1:0x8028=store_acc_and_load_dptr_0635 [writer]; bank1:0x802C=read_xdata_dptr_802c [reader]; bank1:0x802D=branch_if_acc_zero_to_8031 [gate]; bank1:0x802F=dec_acc_802f [math]; bank1:0x8030=store_acc_to_xdata_dptr_8030 [writer]; bank1:0x8031=load_dptr_0636_and_read [reader]; bank1:0x8035=branch_if_acc_zero_to_8039 [gate]; bank1:0x8037=dec_store_and_load_dptr_0637 [writer]; bank1:0x803C=test_and_decrement_0638_after_prior_byte [writer]; bank1:0x8048=store_acc_and_read_0639 [writer]; bank1:0x804D=dec_then_test_063a_with_sign_guard [writer]; bank1:0x8060=branch_if_acc_zero_to_8064 [gate]; bank1:0x8062=dec_store_then_test_and_dec_07f6 [writer]; bank1:0x806C=reload_06d6_with_9_or_return_early [writer]; bank1:0x807E=dec_06c3_and_dec_06d8_gated_on_0440 [writer]; bank1:0x8096=dec_06d9_only_if_both_calls_return_zero [writer]; bank1:0x80AA=dec_timers_06da_08e4_055f_09ce_070b [writer]; bank1:0x80D6=clear_0460_0468_when_0706_reaches_zero [writer],k733222e83898
0x0469,main-ec,DAT_EXTMEM,0x0468-0x0472,main-ec-001,18,8,5,0,0,5,4,3,7,no,,bank0:0x8749=mode_tick_084c_07a5_09ee [state]; bank0:0x888D=fan_table_mailbox_handler [dispatch]; bank0:0x8931=threshold_cascade_from_08eb_085f [unresolved]; bank0:0x8B14=FUN_CODE_8b14; bank0:0x8C46=ramp_1804_1809_toward_0461_0469 [state]; bank0:0xBBE6=load_dptr_0469 [unresolved]; bank0:0xBE68=x0469_minus_x1809 [math],k7497cf885614
0x046A,main-ec,DAT_EXTMEM,0x0468-0x0472,main-ec-003,4,1,2,0,1,0,1,1,1,yes,,bank0:0x9CA6=gate_06e6_442_then_sync_046a_from_086b [state],ka39cda99615f
0x046B,main-ec,DAT_EXTMEM,0x0468-0x0472,main-ec-003,4,1,2,0,1,0,1,1,1,yes,,bank0:0x9CA6=gate_06e6_442_then_sync_046a_from_086b [state],ka39cda99615f
0x046C,main-ec,DAT_EXTMEM,0x0468-0x0472,main-ec-131,7,3,4,0,0,0,2,4,6,no,,bank0:0x8749=mode_tick_084c_07a5_09ee [state]; bank0:0xBD6B=be16_046c_046d_minus_100 [math]; bank0:0xE010=load_06e6 [reader]; bank0:0xE014=branch_on_06e6_eq_1 [logic]; bank0:0xE020=move_a_to_r5_and_call_dfa0 [forwarder]; bank0:0xE024=store_r6_r7_to_046c_046d [writer],kaa3630967dc4
0x046D,main-ec,DAT_EXTMEM,0x0468-0x0472,main-ec-131,6,2,4,0,0,0,2,4,6,no,,bank0:0x8749=mode_tick_084c_07a5_09ee [state]; bank0:0xBD6B=be16_046c_046d_minus_100 [math]; bank0:0xE010=load_06e6 [reader]; bank0:0xE014=branch_on_06e6_eq_1 [logic]; bank0:0xE020=move_a_to_r5_and_call_dfa0 [forwarder]; bank0:0xE024=store_r6_r7_to_046c_046d [writer],kaa3630967dc4
0x046E,main-ec,DAT_EXTMEM,0x0468-0x0472,main-ec-003,2,1,1,0,0,0,1,1,1,yes,,bank0:0x9CA6=gate_06e6_442_then_sync_046a_from_086b [state],ka39cda99615f
0x046F,main-ec,DAT_EXTMEM,0x0468-0x0472,main-ec-003,3,1,1,0,1,0,1,1,1,yes,,bank0:0x9CA6=gate_06e6_442_then_sync_046a_from_086b [state],ka39cda99615f
0x0470,main-ec,DAT_EXTMEM,0x0468-0x0472,main-ec-011,3,2,1,0,0,0,1,1,1,yes,,bank1:0x94FA=magic_55aa_and_0704_countdown [state],k2a30862cf8eb
0x0471,main-ec,DAT_EXTMEM,0x0468-0x0472,main-ec-108,17,9,0,8,0,0,9,8,9,no,,bank0:0xACB4=reset_xdata_flags_and_07d5_to_ff [init]; bank1:0x9199=gate_1984_19a8_then_count_06cc [gate]; bank1:0x9F04=dispatch_on_dpl_5b_7b_40 [dispatch]; bank1:0xF113=thunk_to_f275 [forwarder]; bank1:0xF116=thunk_to_f290 [forwarder]; bank1:0xF119=thunk_to_f2ad [forwarder]; bank1:0xF275=set_06ff_80_else_toggle_0471_80 [writer]; bank1:0xF290=if_06cd_zero_set_02_set_06ff_20 [writer]; bank1:0xF2AD=if_06cd_zero_set_02_set_06ff_40 [writer],k28e05c7cc965
0x0472,main-ec,DAT_EXTMEM,0x0468-0x0472,main-ec-215,17,17,0,0,0,0,10,0,10,no,,bank1:0x8F6B=FUN_CODE_8f6b; bank1:0x9004=load_dptr_06ce [unresolved]; bank1:0x9007=store_a_to_xdata_at_dptr_2 [unresolved]; bank1:0x9008=update_06cf_countdown_and_06e1_bits [state]; bank1:0x9081=count_down_06e4_and_toggle_06e3 [state]; bank1:0x90B0=forward_to_90b8 [forwarder]; bank1:0x90B8=step_counter_084e_dispatch [dispatch]; bank1:0xBFBB=FUN_CODE_bfbb; bank1:0xC032=FUN_CODE_c032; bank1:0xC0A8=FUN_CODE_c0a8,k7befbcc261ff
0x0476,main-ec,DAT_EXTMEM,0x0476-0x0476,main-ec-196,33,24,0,9,0,0,10,3,10,no,,bank0:0xA00E=seed_0872_087a_088a_then_select_level [state]; bank0:0xA844=update_0476_flags [state]; bank0:0xBBA4=mask_0476_with_1f [writer]; bank1:0x9081=count_down_06e4_and_toggle_06e3 [state]; bank1:0x90B0=forward_to_90b8 [forwarder]; bank1:0x90B8=step_counter_084e_dispatch [dispatch]; bank1:0x95E5=set_0476_bit1_then_branch_on_r7 [logic]; bank1:0x976E=clear_0480_bit0_then_step_05f1_countdown [state]; bank1:0x9F04=dispatch_on_dpl_5b_7b_40 [dispatch]; bank1:0xA8F0=clamp_0623_level_into_080e [state],kbf3cbb3e3d32
0x047B,main-ec,DAT_EXTMEM,0x047B-0x0480,main-ec-001,36,23,0,13,0,0,13,9,13,no,,bank1:0x9FCB=tick_0724_bit4_decrement_067e [state]; bank1:0x9FF0=FUN_CODE_9ff0; bank1:0xA029=decrement_067c_then_clear_0724_bit5 [logic]; bank1:0xA064=gate_045a_bit0_set_0724_bit4 [logic]; bank1:0xF109=ljmp_f196 [forwarder]; bank1:0xF10D=ljmp_f219 [forwarder]; bank1:0xF110=ljmp_f246 [forwarder]; bank1:0xF123=thunk_to_f198 [forwarder]; bank1:0xF196=sjmp_to_f198 [forwarder]; bank1:0xF198=gate_045a_e0_bits_into_047b_0720_097a [writer]; bank1:0xF1F8=FUN_CODE_f1f8; bank1:0xF219=set_0636_0a_toggle_047b_02_set_097a_02 [writer]; bank1:0xF246=if_045a_bit4_set_toggle_047b_10_set_0637_0a [writer],k7497cf885614
0x047C,main-ec,DAT_EXTMEM,0x047B-0x0480,main-ec-047,4,1,3,0,0,0,1,2,2,no,,bank1:0x8915=saturating_count_09f0_then_call_88f0 [state]; bank1:0x8955=init_09f1_and_zero_09f2_through_09f9 [init],k32f0f39c5fe0
0x047D,main-ec,DAT_EXTMEM,0x047B-0x0480,main-ec-099,1,0,1,0,0,0,0,1,1,yes,,bank1:0x87DD=copy_code_a691_a693_to_xdata [copy],kc066837e7f39
0x047E,main-ec,DAT_EXTMEM,0x047B-0x0480,main-ec-242,9,4,5,0,0,0,3,5,8,no,,bank0:0xB065=ten_count_gate_then_set_1300_and_200f [state]; bank1:0x8834=zero_2200_2201_set_047e_ec [state]; bank1:0x8DE4=dispatch_on_0490_0495_0496_0498 [dispatch]; bank1:0x8E3B=write_r4_to_047f_then_047e_fc [writer]; bank1:0xA3B2=tick_09e3_countdown [state]; bank1:0xA3F7=tick_0750_countdown [state]; bank1:0xA4CF=send_ea_to_9ed4_when_06e6_eq_05 [logic]; bank1:0xA9B4=step_state_0845 [state],kfeac007711cc
0x047F,main-ec,DAT_EXTMEM,0x047B-0x0480,main-ec-276,6,0,6,0,0,0,0,6,6,no,,bank0:0xB4A8=FUN_CODE_b4a8; bank0:0xB5D3=FUN_CODE_b5d3; bank1:0x8DE4=dispatch_on_0490_0495_0496_0498 [dispatch]; bank1:0x8E3B=write_r4_to_047f_then_047e_fc [writer]; bank1:0x8F37=write_047f_and_arm_06d1_fa [writer]; bank1:0x8F54=write_047f_and_arm_06d2_fa [writer],k914cd72dce00
0x0480,main-ec,DAT_EXTMEM,0x047B-0x0480,main-ec-210,19,11,0,8,0,0,11,8,11,no,,bank1:0x8418=zero_1510_and_clear_xdata_flag_bits [state]; bank1:0x8B8F=clear_0480_bit4_set_0459_01_06e1_a0 [state]; bank1:0x8BB2=set_0480_50_zero_048f_0459_02_06e1_a0 [state]; bank1:0x9081=count_down_06e4_and_toggle_06e3 [state]; bank1:0x90B0=forward_to_90b8 [forwarder]; bank1:0x90B8=step_counter_084e_dispatch [dispatch]; bank1:0x976E=clear_0480_bit0_then_step_05f1_countdown [state]; bank1:0x9817=enter_state_0480_05f1_06d9 [state]; bank1:0xB728=clear_0610_bit5_and_dispatch [dispatch]; bank1:0xB784=FUN_CODE_b784; bank1:0xB80A=arm_05f5_countdown_0490_bit5 [state],k77d0fdffee7e
0x048A,main-ec,DAT_EXTMEM,0x048A-0x04A2,main-ec-034,12,12,0,0,0,0,2,0,2,no,,bank1:0xEF26=data_run_33_34 [unresolved]; bank1:0xEF32=xdata_request_dispatch_048c [dispatch],k55cc3981903d
0x048B,main-ec,DAT_EXTMEM,0x048A-0x04A2,main-ec-034,10,10,0,0,0,0,2,0,2,no,,bank1:0xEF26=data_run_33_34 [unresolved]; bank1:0xEF32=xdata_request_dispatch_048c [dispatch],k55cc3981903d
0x048C,main-ec,DAT_EXTMEM,0x048A-0x04A2,main-ec-034,11,9,0,2,0,0,3,2,3,no,,bank1:0xEF26=data_run_33_34 [unresolved]; bank1:0xEF32=xdata_request_dispatch_048c [dispatch]; bank1:0xEFBD=tick_097d_call_88f0_at_c8 [logic],k55cc3981903d
0x048D,main-ec,DAT_EXTMEM,0x048A-0x04A2,main-ec-034,12,6,4,0,2,0,2,2,2,no,,bank1:0xEF26=data_run_33_34 [unresolved]; bank1:0xEF32=xdata_request_dispatch_048c [dispatch],k55cc3981903d
0x048E,main-ec,DAT_EXTMEM,0x048A-0x04A2,main-ec-034,4,0,4,0,0,0,0,2,2,no,,bank1:0xEF26=data_run_33_34 [unresolved]; bank1:0xEF32=xdata_request_dispatch_048c [dispatch],k55cc3981903d
0x048F,main-ec,DAT_EXTMEM,0x048A-0x04A2,main-ec-072,1,0,1,0,0,0,0,1,1,yes,,bank1:0x8BB2=set_0480_50_zero_048f_0459_02_06e1_a0 [state],kc0518f374dab
0x0490,main-ec,DAT_EXTMEM,0x048A-0x04A2,main-ec-178,130,118,0,12,0,0,75,10,75,no,,bank0:0x8749=mode_tick_084c_07a5_09ee [state]; bank0:0x888D=fan_table_mailbox_handler [dispatch]; bank0:0x8931=threshold_cascade_from_08eb_085f [unresolved]; bank0:0x9049=countdown_0806_and_branch_on_0490 [logic]; bank0:0x909B=update_flag_bits_in_0985 [logic]; bank0:0x90FE=update_flag_bits_in_0723 [logic]; bank0:0x95DD=fill_08xx_from_code_table [copy]; bank0:0x96AD=apply_oem_overrides_then_fill_08xx [copy]; bank0:0x9AAD=FUN_CODE_9aad; bank0:0x9C24=reset_08ad_08bf_and_clear_08e2_bit7 [state]; bank0:0xA00E=seed_0872_087a_088a_then_select_level [state]; bank0:0xA312=gate_0494_then_dispatch_0851_and_7 [dispatch]; bank0:0xA844=update_0476_flags [state]; bank0:0xAC4A=toggle_08e2_bit4 [state]; bank0:0xB12C=manual_ctrl_profile_gate [gate]; bank0:0xB158=charge_target_update [charge-target]; bank0:0xB1F0=charge_stress_update [charge-target]; bank0:0xB737=FUN_CODE_b737; bank0:0xCA44=read_0490_and_leave_dptr_0826 [reader]; bank0:0xCC64=init_06e6_1_clear_0743_07c5_and_07d5_ff [init]; bank1:0x8D25=combine_0490_0495_049d_flags_into_carry [logic]; bank1:0x8DE4=dispatch_on_0490_0495_0496_0498 [dispatch]; bank1:0x9081=count_down_06e4_and_toggle_06e3 [state]; bank1:0x90B0=forward_to_90b8 [forwarder]; bank1:0x90B8=step_counter_084e_dispatch [dispatch]; bank1:0x92F7=write_057b_057c_057d_and_call_888c [logic]; bank1:0x976E=clear_0480_bit0_then_step_05f1_countdown [state]; bank1:0x9817=enter_state_0480_05f1_06d9 [state]; bank1:0xA24E=FUN_CODE_a24e; bank1:0xAAB9=write_083c_083d_and_0832_bit6 [state]; bank1:0xAAF9=write_0830_0831_and_0832_bit5 [state]; bank1:0xAC11=write_0680_03_or_04_from_04fe_0490 [writer]; bank1:0xAC36=write_1c00_ff_and_0680_04 [writer]; bank1:0xAD77=forwarder_to_b56c [forwarder]; bank1:0xAD7A=forwarder_to_adfd [forwarder]; bank1:0xAD7D=forwarder_to_af06 [forwarder]; bank1:0xAD80=forwarder_to_ad8b [forwarder]; bank1:0xAD82=forwarder_to_b2d5 [forwarder]; bank1:0xAD85=forwarder_to_b33b [forwarder]; bank1:0xAD88=forwarder_to_c245 [forwarder]; bank1:0xAD8B=update_0492_from_0490_0524 [logic]; bank1:0xADFD=dispatch_on_056a_low3 [dispatch]; bank1:0xAE16=set_056a_1_on_carry_from_ae2b [state]; bank1:0xAE42=chain_probes_update_056a_0_1_2 [state]; bank1:0xAE78=chain_probes_update_056a_1_3 [state]; bank1:0xAEA2=chain_probes_update_056a_2_4 [state]; bank1:0xAEE2=set_056a_3_or_0496_low5_0f [state]; bank1:0xAEF3=set_056a_3_or_0496_low5_1f [state]; bank1:0xAF06=gate_0490_04ff_0505_then_call_b0d1 [logic]; bank1:0xB1B3=dispatch_0490_low3 [dispatch]; bank1:0xB2D5=copy_0514_0516_to_04ab_04ac_then_probe [logic]; bank1:0xB33B=FUN_CODE_b33b; bank1:0xB56C=cmp_043a_0436_store_0548 [logic]; bank1:0xB784=FUN_CODE_b784; bank1:0xB80A=arm_05f5_countdown_0490_bit5 [state]; bank1:0xB841=arm_05f2_countdown_0575_clears_0490 [state]; bank1:0xB8E1=arm_05f4_countdown_0576_clears_0490 [state]; bank1:0xB98D=threshold_dispatch_0438_by_0491 [dispatch]; bank1:0xBE10=FUN_CODE_be10; bank1:0xBFBB=FUN_CODE_bfbb; bank1:0xC11C=latch_0490_bit3_or_bit7 [state]; bank1:0xC245=dispatch_0490_bits_1_5_6 [dispatch]; bank1:0xC277=set_0432_from_0494 [writer]; bank1:0xC2E1=set_04f2_from_049c [writer]; bank1:0xC352=dispatch_on_06d4_mod_10 [dispatch]; bank1:0xC59F=countdown_0896_and_gate_on_04ab_equals_64 [state]; bank1:0xC830=step_state_from_0490_low3 [state]; bank1:0xC861=on_198a_result_advance_0394 [state]; bank1:0xD524=FUN_CODE_d524; bank1:0xD946=FUN_CODE_d946; bank1:0xDACC=FUN_CODE_dacc; bank1:0xDEE8=FUN_CODE_dee8; bank1:0xDEF1=FUN_CODE_def1; bank1:0xE090=FUN_CODE_e090; bank1:0xE781=countdown_03a8_gated_by_0490_bit1 [state],k8408006f28ed
0x0491,main-ec,DAT_EXTMEM,0x048A-0x04A2,main-ec-188,66,48,0,18,0,0,27,12,27,no,,bank0:0xBC8D=cfg_cell_count_selector [reader]; bank1:0x8BD1=select_probe_address_and_return_carry [logic]; bank1:0xAAB9=write_083c_083d_and_0832_bit6 [state]; bank1:0xAC84=ten_step_check_1aaa_889e [logic]; bank1:0xAD85=forwarder_to_b33b [forwarder]; bank1:0xB33B=FUN_CODE_b33b; bank1:0xB937=clear_0492_0496_0577_0578_0542 [writer]; bank1:0xB98D=threshold_dispatch_0438_by_0491 [dispatch]; bank1:0xBA43=gate_chain_to_0491_bit0 [gate]; bank1:0xBABF=stage_0577_against_0834_0836 [logic]; bank1:0xBBA4=FUN_CODE_bba4; bank1:0xBCB3=FUN_CODE_bcb3; bank1:0xBD10=mask_0491_with_c0 [writer]; bank1:0xBD45=mask_0491_c0_then_route_to_300x_40xx [unresolved]; bank1:0xBE10=FUN_CODE_be10; bank1:0xBFBB=FUN_CODE_bfbb; bank1:0xC59F=countdown_0896_and_gate_on_04ab_equals_64 [state]; bank1:0xCDDA=clamp_r1r2_against_const_from_0491 [math]; bank1:0xD1BC=select_ptr_0491_c080_then_0506 [logic]; bank1:0xD37F=scan_table_03de_down_stride2 [logic]; bank1:0xD8F9=FUN_CODE_d8f9; bank1:0xD946=FUN_CODE_d946; bank1:0xDB0B=FUN_CODE_db0b; bank1:0xDEE8=FUN_CODE_dee8; bank1:0xDEF1=FUN_CODE_def1; bank1:0xE5D6=FUN_CODE_e5d6; bank1:0xE656=select_dptr_by_0491_7c0_then_dispatch [unresolved],k830584b3feba
0x0492,main-ec,DAT_EXTMEM,0x048A-0x04A2,main-ec-046,21,10,11,0,0,0,8,9,15,no,,bank1:0xAD80=forwarder_to_ad8b [forwarder]; bank1:0xAD8B=update_0492_from_0490_0524 [logic]; bank1:0xB224=FUN_CODE_b224; bank1:0xB937=clear_0492_0496_0577_0578_0542 [writer]; bank1:0xB98D=threshold_dispatch_0438_by_0491 [dispatch]; bank1:0xBA43=gate_chain_to_0491_bit0 [gate]; bank1:0xBCB3=FUN_CODE_bcb3; bank1:0xC11C=latch_0490_bit3_or_bit7 [state]; bank1:0xC59F=countdown_0896_and_gate_on_04ab_equals_64 [state]; bank1:0xC778=clear_0492_04a0_0524_0526_and_0497b5 [logic]; bank1:0xD0C4=update_0524_0526_4a0_and_0497_flags [state]; bank1:0xD17E=increment_0514_toward_0x64 [logic]; bank1:0xDEE8=FUN_CODE_dee8; bank1:0xDEF1=FUN_CODE_def1; bank1:0xE090=FUN_CODE_e090,ka06cf2abccc2
0x0493,main-ec,DAT_EXTMEM,0x048A-0x04A2,main-ec-121,12,10,1,1,0,0,8,2,9,no,,bank1:0xAF32=FUN_CODE_af32; bank1:0xB0D1=step_index_056b_update_0495_0493 [state]; bank1:0xB98D=threshold_dispatch_0438_by_0491 [dispatch]; bank1:0xBA43=gate_chain_to_0491_bit0 [gate]; bank1:0xBBA4=FUN_CODE_bba4; bank1:0xBE10=FUN_CODE_be10; bank1:0xBFBB=FUN_CODE_bfbb; bank1:0xC032=FUN_CODE_c032; bank1:0xC11C=latch_0490_bit3_or_bit7 [state],k49baecf6042d
0x0494,main-ec,DAT_EXTMEM,0x048A-0x04A2,main-ec-192,54,31,1,22,0,0,23,16,24,no,,bank0:0xA312=gate_0494_then_dispatch_0851_and_7 [dispatch]; bank1:0xAD80=forwarder_to_ad8b [forwarder]; bank1:0xAD85=forwarder_to_b33b [forwarder]; bank1:0xAD8B=update_0492_from_0490_0524 [logic]; bank1:0xB224=FUN_CODE_b224; bank1:0xB33B=FUN_CODE_b33b; bank1:0xB407=forwarder_to_b40e [forwarder]; bank1:0xB40E=cmp_dptr_to_r2r1 [math]; bank1:0xB415=bump_counter_054d [state]; bank1:0xB41C=store_054d_set_bit_on_10 [state]; bank1:0xB43B=FUN_CODE_b43b; bank1:0xB937=clear_0492_0496_0577_0578_0542 [writer]; bank1:0xB98D=threshold_dispatch_0438_by_0491 [dispatch]; bank1:0xBA43=gate_chain_to_0491_bit0 [gate]; bank1:0xBABF=stage_0577_against_0834_0836 [logic]; bank1:0xBBA4=FUN_CODE_bba4; bank1:0xBCAA=set_0494_bit1 [writer]; bank1:0xBCB3=FUN_CODE_bcb3; bank1:0xBFBB=FUN_CODE_bfbb; bank1:0xC032=FUN_CODE_c032; bank1:0xC11C=latch_0490_bit3_or_bit7 [state]; bank1:0xC277=set_0432_from_0494 [writer]; bank1:0xE100=FUN_CODE_e100; bank1:0xE1D7=counter_tick_03ae_0560 [logic],kc5ef61367448
0x0495,main-ec,DAT_EXTMEM,0x048A-0x04A2,main-ec-004,36,22,1,13,0,0,15,9,16,no,,bank1:0x8AE5=probe_159a_19f0_0983_then_dispatch [dispatch]; bank1:0x8B01=load_dptr_097f [reader]; bank1:0x8B04=countdown_06c0_latch_097f_bit0 [state]; bank1:0x8D25=combine_0490_0495_049d_flags_into_carry [logic]; bank1:0x8DE4=dispatch_on_0490_0495_0496_0498 [dispatch]; bank1:0xAD85=forwarder_to_b33b [forwarder]; bank1:0xB0D1=step_index_056b_update_0495_0493 [state]; bank1:0xB33B=FUN_CODE_b33b; bank1:0xB407=forwarder_to_b40e [forwarder]; bank1:0xB40E=cmp_dptr_to_r2r1 [math]; bank1:0xB415=bump_counter_054d [state]; bank1:0xB41C=store_054d_set_bit_on_10 [state]; bank1:0xB43B=FUN_CODE_b43b; bank1:0xB937=clear_0492_0496_0577_0578_0542 [writer]; bank1:0xC1E7=latch_0498_bit1_or_bit3 [state]; bank1:0xC392=FUN_CODE_c392,kffd18a7555bf
0x0496,main-ec,DAT_EXTMEM,0x048A-0x04A2,main-ec-230,12,7,1,4,0,0,6,5,7,no,,bank1:0x8D25=combine_0490_0495_049d_flags_into_carry [logic]; bank1:0x8DE4=dispatch_on_0490_0495_0496_0498 [dispatch]; bank1:0xAE16=set_056a_1_on_carry_from_ae2b [state]; bank1:0xAE42=chain_probes_update_056a_0_1_2 [state]; bank1:0xAE6F=or_r6_into_0496_low5 [writer]; bank1:0xAE78=chain_probes_update_056a_1_3 [state]; bank1:0xB937=clear_0492_0496_0577_0578_0542 [writer],k85d32ae786b4
0x0497,main-ec,DAT_EXTMEM,0x048A-0x04A2,main-ec-180,113,96,3,14,0,0,51,16,53,no,,bank0:0x9AAD=FUN_CODE_9aad; bank0:0xA00E=seed_0872_087a_088a_then_select_level [state]; bank0:0xB112=check_0xB112 [gate]; bank1:0x8BD1=select_probe_address_and_return_carry [logic]; bank1:0x92F7=write_057b_057c_057d_and_call_888c [logic]; bank1:0x9A41=step_0686_by_14_or_set_0681_80 [state]; bank1:0xA24E=FUN_CODE_a24e; bank1:0xAC84=ten_step_check_1aaa_889e [logic]; bank1:0xAD80=forwarder_to_ad8b [forwarder]; bank1:0xAD82=forwarder_to_b2d5 [forwarder]; bank1:0xAD85=forwarder_to_b33b [forwarder]; bank1:0xAD8B=update_0492_from_0490_0524 [logic]; bank1:0xAEBC=cmp_0436_0437_against_1_or_test_0514 [math]; bank1:0xB0D1=step_index_056b_update_0495_0493 [state]; bank1:0xB224=FUN_CODE_b224; bank1:0xB2D5=copy_0514_0516_to_04ab_04ac_then_probe [logic]; bank1:0xB321=set_0575_8_or_write_0404_and_call_88f0 [logic]; bank1:0xB33B=FUN_CODE_b33b; bank1:0xB407=forwarder_to_b40e [forwarder]; bank1:0xB40E=cmp_dptr_to_r2r1 [math]; bank1:0xB415=bump_counter_054d [state]; bank1:0xB41C=store_054d_set_bit_on_10 [state]; bank1:0xB43B=FUN_CODE_b43b; bank1:0xB784=FUN_CODE_b784; bank1:0xB98D=threshold_dispatch_0438_by_0491 [dispatch]; bank1:0xBA43=gate_chain_to_0491_bit0 [gate]; bank1:0xBABF=stage_0577_against_0834_0836 [logic]; bank1:0xBBA4=FUN_CODE_bba4; bank1:0xBC05=FUN_CODE_bc05; bank1:0xBD45=mask_0491_c0_then_route_to_300x_40xx [unresolved]; bank1:0xBE10=FUN_CODE_be10; bank1:0xBF3A=guard_then_store_pair_0834 [writer]; bank1:0xC700=setup_state_and_copy_30_byte_table [init]; bank1:0xC751=zero_0300_03ff_then_set_3fe_3a8_3fb [writer]; bank1:0xC778=clear_0492_04a0_0524_0526_and_0497b5 [logic]; bank1:0xC7A7=copy_6_bytes_via_a530_and_clear_0497b7 [copy]; bank1:0xC80E=dispatch_0394_low3_through_ljmp_table [dispatch]; bank1:0xC884=on_198a_result_advance_0394_to_3 [state]; bank1:0xCA3E=count_0361_to_40_then_branch_on_0347 [logic]; bank1:0xD0C4=update_0524_0526_4a0_and_0497_flags [state]; bank1:0xD17E=increment_0514_toward_0x64 [logic]; bank1:0xD1E7=set_0497_bit6_and_0394_to_5 [logic]; bank1:0xD246=clear_0394_or_call_cd80 [logic]; bank1:0xD524=FUN_CODE_d524; bank1:0xD61A=FUN_CODE_d61a; bank1:0xD7F4=FUN_CODE_d7f4; bank1:0xD946=FUN_CODE_d946; bank1:0xDAAD=FUN_CODE_daad; bank1:0xDEE8=FUN_CODE_dee8; bank1:0xDEF1=FUN_CODE_def1; bank1:0xE090=FUN_CODE_e090; bank1:0xE2A0=setup_0975_0976_0978_0979_call_c54c [writer]; bank1:0xE8A4=compute_097e_times_10_write_0386_0387 [logic],kba1fa216698a
0x0498,main-ec,DAT_EXTMEM,0x048A-0x04A2,main-ec-248,8,5,1,2,0,0,2,2,3,no,,bank1:0x8DE4=dispatch_on_0490_0495_0496_0498 [dispatch]; bank1:0x9817=enter_state_0480_05f1_06d9 [state]; bank1:0xC1E7=latch_0498_bit1_or_bit3 [state],k4af7e1140f31
0x0499,main-ec,DAT_EXTMEM,0x048A-0x04A2,main-ec-239,10,6,0,4,0,0,5,4,5,no,,bank1:0xB962=clear_049a_049e_0579_057a_05c2 [writer]; bank1:0xB98D=threshold_dispatch_0438_by_0491 [dispatch]; bank1:0xBDEF=write_0499_with_0x21 [writer]; bank1:0xBF0E=pick_0800_or_0bb0_by_05b9 [dispatch]; bank1:0xC0A8=FUN_CODE_c0a8,k82fd9580242e
0x049A,main-ec,DAT_EXTMEM,0x048A-0x04A2,main-ec-009,2,1,1,0,0,0,1,1,2,no,,bank1:0xB962=clear_049a_049e_0579_057a_05c2 [writer]; bank1:0xC11C=latch_0490_bit3_or_bit7 [state],k0ebf038645b0
0x049B,main-ec,DAT_EXTMEM,0x048A-0x04A2,main-ec-009,2,2,0,0,0,0,2,0,2,no,,bank1:0xBF0E=pick_0800_or_0bb0_by_05b9 [dispatch]; bank1:0xC11C=latch_0490_bit3_or_bit7 [state],k0ebf038645b0
0x049C,main-ec,DAT_EXTMEM,0x048A-0x04A2,main-ec-009,5,3,1,1,0,0,3,2,4,no,,bank1:0xB962=clear_049a_049e_0579_057a_05c2 [writer]; bank1:0xC0A8=FUN_CODE_c0a8; bank1:0xC11C=latch_0490_bit3_or_bit7 [state]; bank1:0xC2E1=set_04f2_from_049c [writer],k0ebf038645b0
0x049D,main-ec,DAT_EXTMEM,0x048A-0x04A2,main-ec-009,7,6,1,0,0,0,4,1,5,no,,bank1:0x8D25=combine_0490_0495_049d_flags_into_carry [logic]; bank1:0x8E91=dispatch_on_049d_049e_05e0 [dispatch]; bank1:0xB962=clear_049a_049e_0579_057a_05c2 [writer]; bank1:0xC1E7=latch_0498_bit1_or_bit3 [state]; bank1:0xC392=FUN_CODE_c392,k0ebf038645b0
0x049E,main-ec,DAT_EXTMEM,0x048A-0x04A2,main-ec-009,4,3,1,0,0,0,2,1,3,no,,bank1:0x8D25=combine_0490_0495_049d_flags_into_carry [logic]; bank1:0x8E91=dispatch_on_049d_049e_05e0 [dispatch]; bank1:0xB962=clear_049a_049e_0579_057a_05c2 [writer],k0ebf038645b0
0x049F,main-ec,symbol,0x048A-0x04A2,main-ec-022,15,13,0,1,0,1,9,1,10,no,BIOS_INFO_3,bank0:0x8749=mode_tick_084c_07a5_09ee [state]; bank0:0x888D=fan_table_mailbox_handler [dispatch]; bank0:0x8931=threshold_cascade_from_08eb_085f [unresolved]; bank0:0x924C=set_0838_0839_0832_on_049f_bit2 [state]; bank0:0x9277=FUN_CODE_9277; bank0:0x9334=seed_tcc_defaults_from_ba36 [init]; bank0:0x95DD=fill_08xx_from_code_table [copy]; bank0:0x96AD=apply_oem_overrides_then_fill_08xx [copy]; bank0:0xAB9E=set_0751_and_07a6_bits [state]; bank0:0xAC08=dispatch_on_0751_bits [dispatch],k32a7bc297a82
0x04A0,main-ec,DAT_EXTMEM,0x048A-0x04A2,main-ec-046,10,5,4,0,1,0,5,3,9,no,,bank1:0xAD80=forwarder_to_ad8b [forwarder]; bank1:0xAD8B=update_0492_from_0490_0524 [logic]; bank1:0xB224=FUN_CODE_b224; bank1:0xB2A0=cmp_0404_vs_0518_then_store_0436 [logic]; bank1:0xB98D=threshold_dispatch_0438_by_0491 [dispatch]; bank1:0xBA43=gate_chain_to_0491_bit0 [gate]; bank1:0xC778=clear_0492_04a0_0524_0526_and_0497b5 [logic]; bank1:0xD0C4=update_0524_0526_4a0_and_0497_flags [state]; bank1:0xD17E=increment_0514_toward_0x64 [logic],ka06cf2abccc2
0x04A1,main-ec,DAT_EXTMEM,0x048A-0x04A2,main-ec-087,7,6,1,0,0,0,3,1,4,no,,bank1:0xB98D=threshold_dispatch_0438_by_0491 [dispatch]; bank1:0xBA43=gate_chain_to_0491_bit0 [gate]; bank1:0xC11C=latch_0490_bit3_or_bit7 [state]; bank1:0xD0C4=update_0524_0526_4a0_and_0497_flags [state],k132c015dab09
0x04A2,main-ec,DAT_EXTMEM,0x048A-0x04A2,main-ec-324,2,2,0,0,0,0,2,0,2,no,,bank0:0xBAE5=batt_temp_dK [reader]; bank0:0xBAE7=load_r6_r7_from_04a3_04a2 [reader],k2fa7cf33addf
0x04A3,pd,DAT_EXTMEM,0x04A3-0x04A3,pd-046,1,0,0,0,0,1,0,0,1,yes,,pd:0xF22E=read_04a3_then_call_9a90 [reader],k7f85975d7adc
0x04A6,main-ec,symbol,0x04A6-0x04A7,main-ec-001,3,0,1,0,2,0,0,1,3,no,BAT_CYCLE_COUNT_0,bank0:0xB12C=manual_ctrl_profile_gate [gate]; bank0:0xB158=charge_target_update [charge-target]; bank1:0xD34B=bump_counter_mirror_to_04a6_04a7 [writer],k7497cf885614
0x04A7,main-ec,symbol,0x04A6-0x04A7,main-ec-001,3,0,1,0,2,0,0,1,3,no,BAT_CYCLE_COUNT_1,bank0:0xB12C=manual_ctrl_profile_gate [gate]; bank0:0xB158=charge_target_update [charge-target]; bank1:0xD34B=bump_counter_mirror_to_04a6_04a7 [writer],k7497cf885614
0x04AA,main-ec,DAT_EXTMEM,0x04AA-0x04AF,main-ec-004,2,0,2,0,0,0,0,2,2,no,,bank1:0xDEE8=FUN_CODE_dee8; bank1:0xDEF1=FUN_CODE_def1,kffd18a7555bf
0x04AB,main-ec,DAT_EXTMEM,0x04AA-0x04AF,main-ec-004,30,19,5,0,6,0,11,5,14,no,,bank0:0x95DD=fill_08xx_from_code_table [copy]; bank0:0x96AD=apply_oem_overrides_then_fill_08xx [copy]; bank0:0xA139=FUN_CODE_a139; bank0:0xA1A8=set_state_bytes_then_0xa1c8 [writer]; bank0:0xA1C8=select_code_table_entry_and_store_0872_087a_088a [dispatch]; bank0:0xA844=update_0476_flags [state]; bank0:0xB737=FUN_CODE_b737; bank1:0x8BD1=select_probe_address_and_return_carry [logic]; bank1:0xAD82=forwarder_to_b2d5 [forwarder]; bank1:0xB224=FUN_CODE_b224; bank1:0xB2D5=copy_0514_0516_to_04ab_04ac_then_probe [logic]; bank1:0xC59F=countdown_0896_and_gate_on_04ab_equals_64 [state]; bank1:0xCBF3=publish_0514_and_0342_product [writer]; bank1:0xDB0B=FUN_CODE_db0b,kffd18a7555bf
0x04AC,main-ec,DAT_EXTMEM,0x04AA-0x04AF,main-ec-004,3,0,3,0,0,0,0,3,3,no,,bank1:0xAD82=forwarder_to_b2d5 [forwarder]; bank1:0xB2D5=copy_0514_0516_to_04ab_04ac_then_probe [logic]; bank1:0xDB0B=FUN_CODE_db0b,kffd18a7555bf
0x04AD,main-ec,DAT_EXTMEM,0x04AA-0x04AF,main-ec-038,5,3,1,1,0,0,1,1,1,yes,,bank1:0xBFBB=FUN_CODE_bfbb,k7a39641c831d
0x04AE,main-ec,DAT_EXTMEM,0x04AA-0x04AF,main-ec-038,4,2,0,1,1,0,1,1,1,yes,,bank1:0xBFBB=FUN_CODE_bfbb,k7a39641c831d
0x04AF,main-ec,DAT_EXTMEM,0x04AA-0x04AF,main-ec-038,3,2,1,0,0,0,1,1,1,yes,,bank1:0xBFBB=FUN_CODE_bfbb,k7a39641c831d
0x04B1,main-ec,DAT_EXTMEM,0x04B1-0x04B1,main-ec-009,1,1,0,0,0,0,1,0,1,yes,,bank1:0xC11C=latch_0490_bit3_or_bit7 [state],k0ebf038645b0
0x04BD,main-ec,DAT_EXTMEM,0x04BD-0x04BF,main-ec-009,5,3,1,1,0,0,1,1,1,yes,,bank1:0xC0A8=FUN_CODE_c0a8,k0ebf038645b0
0x04BE,main-ec,DAT_EXTMEM,0x04BD-0x04BF,main-ec-009,4,3,0,1,0,0,1,1,1,yes,,bank1:0xC0A8=FUN_CODE_c0a8,k0ebf038645b0
0x04BF,main-ec,DAT_EXTMEM,0x04BD-0x04BF,main-ec-009,3,2,1,0,0,0,1,1,1,yes,,bank1:0xC0A8=FUN_CODE_c0a8,k0ebf038645b0
0x04F2,main-ec,DAT_EXTMEM,0x04F2-0x04F2,main-ec-074,8,2,6,0,0,0,2,5,7,no,,bank1:0xAD88=forwarder_to_c245 [forwarder]; bank1:0xB68C=gate_0571_0573_eq_1 [gate]; bank1:0xB6A8=snapshot_0432_043c_04f2_04fc [copy]; bank1:0xC245=dispatch_0490_bits_1_5_6 [dispatch]; bank1:0xC267=reset_0432_and_04f2 [writer]; bank1:0xC277=set_0432_from_0494 [writer]; bank1:0xC2E1=set_04f2_from_049c [writer],k2de1cfa37b50
0x04FC,main-ec,DAT_EXTMEM,0x04FC-0x04FC,main-ec-277,6,3,3,0,0,0,2,2,4,no,,bank1:0xB5AF=dispatch_043c_04fc_bits [dispatch]; bank1:0xB6A8=snapshot_0432_043c_04f2_04fc [copy]; bank1:0xC2B0=clear_04f2_04f4_04f8_set_04f6_ffff [writer]; bank1:0xC2E1=set_04f2_from_049c [writer],kaedfa2d56983
0x04FE,main-ec,DAT_EXTMEM,0x04FE-0x04FF,main-ec-011,11,10,1,0,0,0,9,1,10,no,,bank0:0x8749=mode_tick_084c_07a5_09ee [state]; bank1:0x94FA=magic_55aa_and_0704_countdown [state]; bank1:0x976E=clear_0480_bit0_then_step_05f1_countdown [state]; bank1:0x9CC0=gate_04fe_06e6_call_19a8 [gate]; bank1:0xAC11=write_0680_03_or_04_from_04fe_0490 [writer]; bank1:0xB98D=threshold_dispatch_0438_by_0491 [dispatch]; bank1:0xD524=FUN_CODE_d524; bank1:0xD946=FUN_CODE_d946; bank1:0xE100=FUN_CODE_e100; bank1:0xF3B8=if_04fe_bit7_clear_call_f3d7_f416_f436 [dispatch],k2a30862cf8eb
0x04FF,main-ec,DAT_EXTMEM,0x04FE-0x04FF,main-ec-011,7,6,1,0,0,0,5,1,6,no,,bank1:0x9081=count_down_06e4_and_toggle_06e3 [state]; bank1:0x94A8=lookup_94a0_table_by_0620_low3 [logic]; bank1:0x94FA=magic_55aa_and_0704_countdown [state]; bank1:0xAD7D=forwarder_to_af06 [forwarder]; bank1:0xAF06=gate_0490_04ff_0505_then_call_b0d1 [logic]; bank1:0xBE10=FUN_CODE_be10,k2a30862cf8eb
0x0503,main-ec,DAT_EXTMEM,0x0503-0x0503,main-ec-143,2,2,0,0,0,0,2,0,2,no,,bank1:0xAD7D=forwarder_to_af06 [forwarder]; bank1:0xAF06=gate_0490_04ff_0505_then_call_b0d1 [logic],k90f1bcdeeb18
0x0505,main-ec,DAT_EXTMEM,0x0505-0x0505,main-ec-143,4,4,0,0,0,0,2,0,2,no,,bank1:0xAD7D=forwarder_to_af06 [forwarder]; bank1:0xAF06=gate_0490_04ff_0505_then_call_b0d1 [logic],k90f1bcdeeb18
0x0509,main-ec,DAT_EXTMEM,0x0509-0x0509,main-ec-077,8,8,0,0,0,0,2,0,2,no,,bank1:0xAD85=forwarder_to_b33b [forwarder]; bank1:0xB33B=FUN_CODE_b33b,k53bc20ceaa56
0x050B,main-ec,DAT_EXTMEM,0x050B-0x050B,main-ec-004,7,7,0,0,0,0,7,0,7,no,,bank1:0xAD85=forwarder_to_b33b [forwarder]; bank1:0xB33B=FUN_CODE_b33b; bank1:0xB407=forwarder_to_b40e [forwarder]; bank1:0xB40E=cmp_dptr_to_r2r1 [math]; bank1:0xB415=bump_counter_054d [state]; bank1:0xB41C=store_054d_set_bit_on_10 [state]; bank1:0xB43B=FUN_CODE_b43b,kffd18a7555bf
0x050D,main-ec,DAT_EXTMEM,0x050D-0x050D,main-ec-004,14,14,0,0,0,0,7,0,7,no,,bank1:0xAD85=forwarder_to_b33b [forwarder]; bank1:0xB33B=FUN_CODE_b33b; bank1:0xB407=forwarder_to_b40e [forwarder]; bank1:0xB40E=cmp_dptr_to_r2r1 [math]; bank1:0xB415=bump_counter_054d [state]; bank1:0xB41C=store_054d_set_bit_on_10 [state]; bank1:0xB43B=FUN_CODE_b43b,kffd18a7555bf
0x0512,main-ec,DAT_EXTMEM,0x0512-0x0512,main-ec-004,2,0,2,0,0,0,0,2,2,no,,bank1:0xDEE8=FUN_CODE_dee8; bank1:0xDEF1=FUN_CODE_def1,kffd18a7555bf
0x0514,main-ec,DAT_EXTMEM,0x0514-0x0514,main-ec-187,69,48,11,5,5,0,21,16,29,no,,bank1:0x8BD1=select_probe_address_and_return_carry [logic]; bank1:0xAD82=forwarder_to_b2d5 [forwarder]; bank1:0xAD85=forwarder_to_b33b [forwarder]; bank1:0xAEBC=cmp_0436_0437_against_1_or_test_0514 [math]; bank1:0xB2D5=copy_0514_0516_to_04ab_04ac_then_probe [logic]; bank1:0xB33B=FUN_CODE_b33b; bank1:0xB407=forwarder_to_b40e [forwarder]; bank1:0xB40E=cmp_dptr_to_r2r1 [math]; bank1:0xB415=bump_counter_054d [state]; bank1:0xB41C=store_054d_set_bit_on_10 [state]; bank1:0xC59F=countdown_0896_and_gate_on_04ab_equals_64 [state]; bank1:0xC931=FUN_CODE_c931; bank1:0xC979=mul_0342_0514_into_0388_when_03d0_lt_0384 [math]; bank1:0xCBAB=FUN_CODE_cbab; bank1:0xCBF3=publish_0514_and_0342_product [writer]; bank1:0xCC95=set_0397_from_0342_by_0514_band [logic]; bank1:0xCD80=count_0397_down_to_03b5_then_0514 [unresolved]; bank1:0xD018=dispatch_on_03c3_low3 [dispatch]; bank1:0xD0C4=update_0524_0526_4a0_and_0497_flags [state]; bank1:0xD17E=increment_0514_toward_0x64 [logic]; bank1:0xD32C=copy_0514_to_03c1_and_set_03a1_bit0 [writer]; bank1:0xD37F=scan_table_03de_down_stride2 [logic]; bank1:0xD472=store_r1_to_0514_03ab_if_gap_ok [writer]; bank1:0xD524=FUN_CODE_d524; bank1:0xD5B4=FUN_CODE_d5b4; bank1:0xDB0B=FUN_CODE_db0b; bank1:0xDEE8=FUN_CODE_dee8; bank1:0xDEF1=FUN_CODE_def1; bank1:0xE090=FUN_CODE_e090,ked71de61b081
0x0516,main-ec,DAT_EXTMEM,0x0516-0x0516,main-ec-004,4,2,2,0,0,0,2,2,4,no,,bank1:0xAD82=forwarder_to_b2d5 [forwarder]; bank1:0xB2D5=copy_0514_0516_to_04ab_04ac_then_probe [logic]; bank1:0xCBF3=publish_0514_and_0342_product [writer]; bank1:0xDB0B=FUN_CODE_db0b,kffd18a7555bf
0x0519,main-ec,DAT_EXTMEM,0x0519-0x0519,main-ec-167,1,0,0,0,1,0,0,0,1,yes,,bank1:0xB2A0=cmp_0404_vs_0518_then_store_0436 [logic],kcfcea9fd8f1d
0x051B,main-ec,DAT_EXTMEM,0x051B-0x051B,main-ec-167,1,1,0,0,0,0,1,0,1,yes,,bank1:0xB2A0=cmp_0404_vs_0518_then_store_0436 [logic],kcfcea9fd8f1d
0x0522,main-ec,symbol,0x0522-0x0529,main-ec-001,4,0,4,0,0,0,0,4,4,no,CHARGE_TARGET_MV_0,bank0:0xB12C=manual_ctrl_profile_gate [gate]; bank0:0xB158=charge_target_update [charge-target]; bank0:0xB1F0=charge_stress_update [charge-target]; bank0:0xB35E=charge_target_minus_r3_times_0a47 [math],k7497cf885614
0x0523,main-ec,symbol,0x0522-0x0529,main-ec-001,4,0,4,0,0,0,0,4,4,no,CHARGE_TARGET_MV_1,bank0:0xB12C=manual_ctrl_profile_gate [gate]; bank0:0xB158=charge_target_update [charge-target]; bank0:0xB1F0=charge_stress_update [charge-target]; bank0:0xB35E=charge_target_minus_r3_times_0a47 [math],k7497cf885614
0x0524,main-ec,DAT_EXTMEM,0x0522-0x0529,main-ec-046,15,10,5,0,0,0,6,5,9,no,,bank1:0xAD80=forwarder_to_ad8b [forwarder]; bank1:0xAD8B=update_0492_from_0490_0524 [logic]; bank1:0xB98D=threshold_dispatch_0438_by_0491 [dispatch]; bank1:0xBA43=gate_chain_to_0491_bit0 [gate]; bank1:0xC778=clear_0492_04a0_0524_0526_and_0497b5 [logic]; bank1:0xC7A7=copy_6_bytes_via_a530_and_clear_0497b7 [copy]; bank1:0xCBF3=publish_0514_and_0342_product [writer]; bank1:0xD0C4=update_0524_0526_4a0_and_0497_flags [state]; bank1:0xD17E=increment_0514_toward_0x64 [logic],ka06cf2abccc2
0x0525,main-ec,DAT_EXTMEM,0x0522-0x0529,main-ec-087,1,0,1,0,0,0,0,1,1,yes,,bank1:0xD0C4=update_0524_0526_4a0_and_0497_flags [state],k132c015dab09
0x0526,main-ec,DAT_EXTMEM,0x0522-0x0529,main-ec-046,4,0,4,0,0,0,0,3,3,no,,bank1:0xC778=clear_0492_04a0_0524_0526_and_0497b5 [logic]; bank1:0xD0C4=update_0524_0526_4a0_and_0497_flags [state]; bank1:0xD17E=increment_0514_toward_0x64 [logic],ka06cf2abccc2
0x0527,main-ec,DAT_EXTMEM,0x0522-0x0529,main-ec-087,1,0,1,0,0,0,0,1,1,yes,,bank1:0xD0C4=update_0524_0526_4a0_and_0497_flags [state],k132c015dab09
0x0528,main-ec,DAT_EXTMEM,0x0522-0x0529,main-ec-001,1,0,1,0,0,0,0,1,1,yes,,bank1:0xD34B=bump_counter_mirror_to_04a6_04a7 [writer],k7497cf885614
0x0529,main-ec,DAT_EXTMEM,0x0522-0x0529,main-ec-001,1,0,1,0,0,0,0,1,1,yes,,bank1:0xD34B=bump_counter_mirror_to_04a6_04a7 [writer],k7497cf885614
0x0538,main-ec,DAT_EXTMEM,0x0538-0x0539,main-ec-004,2,0,2,0,0,0,0,2,2,no,,bank1:0xDEE8=FUN_CODE_dee8; bank1:0xDEF1=FUN_CODE_def1,kffd18a7555bf
0x0539,main-ec,DAT_EXTMEM,0x0538-0x0539,main-ec-004,24,21,3,0,0,0,16,3,19,no,,bank0:0xA139=FUN_CODE_a139; bank0:0xA1A8=set_state_bytes_then_0xa1c8 [writer]; bank0:0xA1C8=select_code_table_entry_and_store_0872_087a_088a [dispatch]; bank1:0x92F7=write_057b_057c_057d_and_call_888c [logic]; bank1:0xA24E=FUN_CODE_a24e; bank1:0xAD85=forwarder_to_b33b [forwarder]; bank1:0xB33B=FUN_CODE_b33b; bank1:0xB407=forwarder_to_b40e [forwarder]; bank1:0xB40E=cmp_dptr_to_r2r1 [math]; bank1:0xB415=bump_counter_054d [state]; bank1:0xB41C=store_054d_set_bit_on_10 [state]; bank1:0xB43B=FUN_CODE_b43b; bank1:0xBABF=stage_0577_against_0834_0836 [logic]; bank1:0xBD45=mask_0491_c0_then_route_to_300x_40xx [unresolved]; bank1:0xBE10=FUN_CODE_be10; bank1:0xD0C4=update_0524_0526_4a0_and_0497_flags [state]; bank1:0xDB0B=FUN_CODE_db0b; bank1:0xDEE8=FUN_CODE_dee8; bank1:0xDEF1=FUN_CODE_def1,kffd18a7555bf
0x054C,main-ec,DAT_EXTMEM,0x054C-0x054E,main-ec-124,10,5,3,2,0,0,3,4,5,no,,bank1:0xB784=FUN_CODE_b784; bank1:0xC277=set_0432_from_0494 [writer]; bank1:0xDE3C=FUN_CODE_de3c; bank1:0xDEA5=FUN_CODE_dea5; bank1:0xDEC4=FUN_CODE_dec4,kd0628027195b
0x054D,main-ec,DAT_EXTMEM,0x054C-0x054E,main-ec-004,20,15,0,5,0,0,5,5,5,no,,bank1:0xAD85=forwarder_to_b33b [forwarder]; bank1:0xB33B=FUN_CODE_b33b; bank1:0xB407=forwarder_to_b40e [forwarder]; bank1:0xB40E=cmp_dptr_to_r2r1 [math]; bank1:0xB415=bump_counter_054d [state],kffd18a7555bf
0x054E,main-ec,DAT_EXTMEM,0x054C-0x054E,main-ec-077,8,6,0,2,0,0,2,2,2,no,,bank1:0xAD85=forwarder_to_b33b [forwarder]; bank1:0xB33B=FUN_CODE_b33b,k53bc20ceaa56
0x055F,main-ec,symbol,0x055F-0x0561,main-ec-002,124,80,4,40,0,0,40,44,44,no,XDATA_055F,bank1:0x8001=decrement_nonzero_xdata_counters [writer]; bank1:0x8004=read_06c6 [reader]; bank1:0x8005=skip_06c6_decrement [logic]; bank1:0x8007=dec_06c6_value [math]; bank1:0x8008=store_06c6_decrement [writer]; bank1:0x8009=select_06cd [logic]; bank1:0x800C=read_06cd [reader]; bank1:0x800D=skip_06cd_decrement [logic]; bank1:0x800F=dec_06cd_value [math]; bank1:0x8010=store_06cd_decrement [writer]; bank1:0x8011=select_06d1 [logic]; bank1:0x8014=read_06d1_and_test_zero [reader]; bank1:0x8017=dec_06d1_value [math]; bank1:0x8018=store_acc_to_xdata_dptr_8018 [writer]; bank1:0x8019=load_dptr_06d2 [reader]; bank1:0x801C=read_xdata_dptr_801c [reader]; bank1:0x801D=branch_if_acc_zero_to_8021 [gate]; bank1:0x801F=dec_acc_801f [math]; bank1:0x8020=store_acc_to_xdata_dptr_8020 [writer]; bank1:0x8021=load_dptr_06f3 [reader]; bank1:0x8024=read_xdata_dptr_8024 [reader]; bank1:0x8025=branch_if_acc_zero_to_8029 [gate]; bank1:0x8027=dec_acc_8027 [math]; bank1:0x8028=store_acc_and_load_dptr_0635 [writer]; bank1:0x802C=read_xdata_dptr_802c [reader]; bank1:0x802D=branch_if_acc_zero_to_8031 [gate]; bank1:0x802F=dec_acc_802f [math]; bank1:0x8030=store_acc_to_xdata_dptr_8030 [writer]; bank1:0x8031=load_dptr_0636_and_read [reader]; bank1:0x8035=branch_if_acc_zero_to_8039 [gate]; bank1:0x8037=dec_store_and_load_dptr_0637 [writer]; bank1:0x803C=test_and_decrement_0638_after_prior_byte [writer]; bank1:0x8048=store_acc_and_read_0639 [writer]; bank1:0x804D=dec_then_test_063a_with_sign_guard [writer]; bank1:0x8060=branch_if_acc_zero_to_8064 [gate]; bank1:0x8062=dec_store_then_test_and_dec_07f6 [writer]; bank1:0x806C=reload_06d6_with_9_or_return_early [writer]; bank1:0x807E=dec_06c3_and_dec_06d8_gated_on_0440 [writer]; bank1:0x8096=dec_06d9_only_if_both_calls_return_zero [writer]; bank1:0x80AA=dec_timers_06da_08e4_055f_09ce_070b [writer]; bank1:0xDB0B=FUN_CODE_db0b; bank1:0xDEE8=FUN_CODE_dee8; bank1:0xDEF1=FUN_CODE_def1; bank1:0xE090=FUN_CODE_e090,k733222e83898
0x0560,main-ec,DAT_EXTMEM,0x055F-0x0561,main-ec-076,15,9,6,0,0,0,3,3,4,no,,bank1:0x8DE4=dispatch_on_0490_0495_0496_0498 [dispatch]; bank1:0xE100=FUN_CODE_e100; bank1:0xE1D7=counter_tick_03ae_0560 [logic]; bank1:0xE237=gate_1c00_init_defaults [gate],k0fcd37ec5c82
0x0561,main-ec,DAT_EXTMEM,0x055F-0x0561,main-ec-124,6,2,3,1,0,0,1,3,3,no,,bank1:0xB784=FUN_CODE_b784; bank1:0xDE3C=FUN_CODE_de3c; bank1:0xDEA5=FUN_CODE_dea5,kd0628027195b
0x0563,main-ec,DAT_EXTMEM,0x0563-0x0564,main-ec-135,2,1,1,0,0,0,1,1,2,no,,bank1:0xB6DE=FUN_CODE_b6de; bank1:0xDE3C=FUN_CODE_de3c,k8d5e903bd300
0x0564,main-ec,DAT_EXTMEM,0x0563-0x0564,main-ec-135,7,6,1,0,0,0,1,1,2,no,,bank1:0xB6DE=FUN_CODE_b6de; bank1:0xDE3C=FUN_CODE_de3c,k8d5e903bd300
0x0566,main-ec,DAT_EXTMEM,0x0566-0x0568,main-ec-311,3,2,0,1,0,0,1,1,1,yes,,bank1:0xAD68=round_robin_dispatch_on_0566 [dispatch],k69d19cdf263d
0x0567,main-ec,DAT_EXTMEM,0x0566-0x0568,main-ec-126,6,4,2,0,0,0,1,1,1,yes,,bank1:0xBCB3=FUN_CODE_bcb3,k54aec7beb48f
0x0568,main-ec,DAT_EXTMEM,0x0566-0x0568,main-ec-126,9,5,3,1,0,0,1,1,1,yes,,bank1:0xBCB3=FUN_CODE_bcb3,k54aec7beb48f
0x056A,main-ec,DAT_EXTMEM,0x056A-0x056B,main-ec-218,16,2,14,0,0,0,2,7,9,no,,bank1:0xAD7A=forwarder_to_adfd [forwarder]; bank1:0xADFD=dispatch_on_056a_low3 [dispatch]; bank1:0xAE16=set_056a_1_on_carry_from_ae2b [state]; bank1:0xAE42=chain_probes_update_056a_0_1_2 [state]; bank1:0xAE78=chain_probes_update_056a_1_3 [state]; bank1:0xAEA2=chain_probes_update_056a_2_4 [state]; bank1:0xAED9=store_0_to_056a [writer]; bank1:0xAEE2=set_056a_3_or_0496_low5_0f [state]; bank1:0xAEF3=set_056a_3_or_0496_low5_1f [state],k15297b4dddda
0x056B,main-ec,DAT_EXTMEM,0x056A-0x056B,main-ec-121,11,7,2,2,0,0,1,2,2,no,,bank1:0xAF32=FUN_CODE_af32; bank1:0xB0D1=step_index_056b_update_0495_0493 [state],k49baecf6042d
0x0571,main-ec,DAT_EXTMEM,0x0571-0x057D,main-ec-036,2,1,1,0,0,0,1,1,2,no,,bank1:0xB68C=gate_0571_0573_eq_1 [gate]; bank1:0xB6A8=snapshot_0432_043c_04f2_04fc [copy],kc0c74e9f8573
0x0572,main-ec,DAT_EXTMEM,0x0571-0x057D,main-ec-036,11,10,1,0,0,0,3,1,4,no,,bank1:0xB5AF=dispatch_043c_04fc_bits [dispatch]; bank1:0xB666=gate_0572_bit0_clear [gate]; bank1:0xB679=gate_0572_bit0_set [gate]; bank1:0xB6A8=snapshot_0432_043c_04f2_04fc [copy],kc0c74e9f8573
0x0573,main-ec,DAT_EXTMEM,0x0571-0x057D,main-ec-036,2,1,1,0,0,0,1,1,2,no,,bank1:0xB68C=gate_0571_0573_eq_1 [gate]; bank1:0xB6A8=snapshot_0432_043c_04f2_04fc [copy],kc0c74e9f8573
0x0574,main-ec,DAT_EXTMEM,0x0571-0x057D,main-ec-036,9,8,1,0,0,0,3,1,4,no,,bank1:0xB5AF=dispatch_043c_04fc_bits [dispatch]; bank1:0xB666=gate_0572_bit0_clear [gate]; bank1:0xB679=gate_0572_bit0_set [gate]; bank1:0xB6A8=snapshot_0432_043c_04f2_04fc [copy],kc0c74e9f8573
0x0575,main-ec,DAT_EXTMEM,0x0571-0x057D,main-ec-233,11,5,5,1,0,0,3,6,8,no,,bank1:0xAD82=forwarder_to_b2d5 [forwarder]; bank1:0xB2D5=copy_0514_0516_to_04ab_04ac_then_probe [logic]; bank1:0xB321=set_0575_8_or_write_0404_and_call_88f0 [logic]; bank1:0xB728=clear_0610_bit5_and_dispatch [dispatch]; bank1:0xB841=arm_05f2_countdown_0575_clears_0490 [state]; bank1:0xB88C=FUN_CODE_b88c; bank1:0xC59F=countdown_0896_and_gate_on_04ab_equals_64 [state]; bank1:0xCB08=set_0575_08_when_03a1_low2_clear [writer],ke9f85df3ed9b
0x0576,main-ec,DAT_EXTMEM,0x0571-0x057D,main-ec-058,3,2,0,1,0,0,1,1,1,yes,,bank1:0xB8E1=arm_05f4_countdown_0576_clears_0490 [state],ka16f3adc3d27
0x0577,main-ec,DAT_EXTMEM,0x0571-0x057D,main-ec-038,6,3,1,1,1,0,2,2,3,no,,bank1:0xB937=clear_0492_0496_0577_0578_0542 [writer]; bank1:0xBABF=stage_0577_against_0834_0836 [logic]; bank1:0xBFBB=FUN_CODE_bfbb,k7a39641c831d
0x0578,main-ec,DAT_EXTMEM,0x0571-0x057D,main-ec-038,6,3,1,1,1,0,2,2,3,no,,bank1:0xB937=clear_0492_0496_0577_0578_0542 [writer]; bank1:0xBBA4=FUN_CODE_bba4; bank1:0xBFBB=FUN_CODE_bfbb,k7a39641c831d
0x0579,main-ec,DAT_EXTMEM,0x0571-0x057D,main-ec-009,4,2,1,1,0,0,1,2,2,no,,bank1:0xB962=clear_049a_049e_0579_057a_05c2 [writer]; bank1:0xC0A8=FUN_CODE_c0a8,k0ebf038645b0
0x057A,main-ec,DAT_EXTMEM,0x0571-0x057D,main-ec-009,4,2,1,1,0,0,1,2,2,no,,bank1:0xB962=clear_049a_049e_0579_057a_05c2 [writer]; bank1:0xC0A8=FUN_CODE_c0a8,k0ebf038645b0
0x057B,main-ec,DAT_EXTMEM,0x0571-0x057D,main-ec-084,4,3,1,0,0,0,3,1,4,no,,bank1:0x92F7=write_057b_057c_057d_and_call_888c [logic]; bank1:0xBFBB=FUN_CODE_bfbb; bank1:0xC032=FUN_CODE_c032; bank1:0xC0A8=FUN_CODE_c0a8,k46d385e12b18
0x057C,main-ec,DAT_EXTMEM,0x0571-0x057D,main-ec-084,4,3,1,0,0,0,3,1,4,no,,bank1:0x92F7=write_057b_057c_057d_and_call_888c [logic]; bank1:0xBFBB=FUN_CODE_bfbb; bank1:0xC032=FUN_CODE_c032; bank1:0xC0A8=FUN_CODE_c0a8,k46d385e12b18
0x057D,main-ec,DAT_EXTMEM,0x0571-0x057D,main-ec-084,6,2,2,0,2,0,2,1,3,no,,bank1:0x92F7=write_057b_057c_057d_and_call_888c [logic]; bank1:0xBFBB=FUN_CODE_bfbb; bank1:0xC032=FUN_CODE_c032,k46d385e12b18
0x05B9,main-ec,DAT_EXTMEM,0x05B9-0x05B9,main-ec-009,1,1,0,0,0,0,1,0,1,yes,,bank1:0xBF0E=pick_0800_or_0bb0_by_05b9 [dispatch],k0ebf038645b0
0x05CC,main-ec,DAT_EXTMEM,0x05CC-0x05CC,main-ec-354,1,1,0,0,0,0,1,0,1,yes,,bank1:0xC2E1=set_04f2_from_049c [writer],k833490b1b989
0x05E0,main-ec,DAT_EXTMEM,0x05E0-0x05E1,main-ec-355,1,1,0,0,0,0,1,0,1,yes,,bank1:0x8E91=dispatch_on_049d_049e_05e0 [dispatch],kc51e08ca68a6
0x05E1,main-ec,DAT_EXTMEM,0x05E0-0x05E1,main-ec-058,1,0,1,0,0,0,0,1,1,yes,,bank1:0xB80A=arm_05f5_countdown_0490_bit5 [state],ka16f3adc3d27
0x05F0,main-ec,DAT_EXTMEM,0x05F0-0x05F6,main-ec-049,4,2,1,1,0,0,1,2,2,no,,bank1:0x976E=clear_0480_bit0_then_step_05f1_countdown [state]; bank1:0x9817=enter_state_0480_05f1_06d9 [state],k94ac06e5d511
0x05F1,main-ec,DAT_EXTMEM,0x05F0-0x05F6,main-ec-049,4,2,1,1,0,0,1,2,2,no,,bank1:0x976E=clear_0480_bit0_then_step_05f1_countdown [state]; bank1:0x9817=enter_state_0480_05f1_06d9 [state],k94ac06e5d511
0x05F2,main-ec,DAT_EXTMEM,0x05F0-0x05F6,main-ec-057,4,2,1,1,0,0,1,2,2,no,,bank1:0xB784=FUN_CODE_b784; bank1:0xB841=arm_05f2_countdown_0575_clears_0490 [state],kfa7f87523dc9
0x05F3,main-ec,DAT_EXTMEM,0x05F0-0x05F6,main-ec-057,4,2,1,1,0,0,1,2,2,no,,bank1:0xB784=FUN_CODE_b784; bank1:0xB841=arm_05f2_countdown_0575_clears_0490 [state],kfa7f87523dc9
0x05F4,main-ec,DAT_EXTMEM,0x05F0-0x05F6,main-ec-058,4,2,1,1,0,0,1,2,2,no,,bank1:0xB80A=arm_05f5_countdown_0490_bit5 [state]; bank1:0xB8E1=arm_05f4_countdown_0576_clears_0490 [state],ka16f3adc3d27
0x05F5,main-ec,DAT_EXTMEM,0x05F0-0x05F6,main-ec-058,4,2,1,1,0,0,1,2,2,no,,bank1:0xB80A=arm_05f5_countdown_0490_bit5 [state]; bank1:0xB8E1=arm_05f4_countdown_0576_clears_0490 [state],ka16f3adc3d27
0x05F6,main-ec,DAT_EXTMEM,0x05F0-0x05F6,main-ec-036,7,2,4,1,0,0,1,4,4,no,,bank1:0xB5AF=dispatch_043c_04fc_bits [dispatch]; bank1:0xB652=arm_05f6_with_88f0_06 [state]; bank1:0xB666=gate_0572_bit0_clear [gate]; bank1:0xB679=gate_0572_bit0_set [gate],kc0c74e9f8573
0x0600,main-ec,DAT_EXTMEM,0x0600-0x060D,main-ec-059,5,2,3,0,0,0,2,3,3,no,,bank0:0x8048=unresolved_midstream_bytes [unresolved]; bank0:0x8054=index_case_00 [writer]; bank0:0x806C=store_byte_through_0a59_into_0600 [writer],k3884397348e1
0x0601,main-ec,DAT_EXTMEM,0x0600-0x060D,main-ec-059,3,0,3,0,0,0,0,3,3,no,,bank0:0x8048=unresolved_midstream_bytes [unresolved]; bank0:0x8054=index_case_00 [writer]; bank0:0x806C=store_byte_through_0a59_into_0600 [writer],k3884397348e1
0x0602,main-ec,DAT_EXTMEM,0x0600-0x060D,main-ec-062,4,2,1,0,1,0,2,1,2,no,,bank0:0x8094=index_case_01 [writer]; bank0:0xB5D3=FUN_CODE_b5d3,k6dedf49c2ef7
0x0603,main-ec,DAT_EXTMEM,0x0600-0x060D,main-ec-062,2,1,1,0,0,0,1,1,2,no,,bank0:0x8094=index_case_01 [writer]; bank0:0xB5D3=FUN_CODE_b5d3,k6dedf49c2ef7
0x0604,main-ec,DAT_EXTMEM,0x0600-0x060D,main-ec-065,2,1,1,0,0,0,1,1,1,yes,,bank0:0x80D7=index_case_02 [writer],k98c0bbfa3c8e
0x0605,main-ec,DAT_EXTMEM,0x0600-0x060D,main-ec-065,1,0,1,0,0,0,0,1,1,yes,,bank0:0x80D7=index_case_02 [writer],k98c0bbfa3c8e
0x0606,main-ec,DAT_EXTMEM,0x0600-0x060D,main-ec-066,2,1,1,0,0,0,1,1,1,yes,,bank0:0x811A=index_case_03 [writer],k1d224fb0b93e
0x0607,main-ec,DAT_EXTMEM,0x0600-0x060D,main-ec-066,1,0,1,0,0,0,0,1,1,yes,,bank0:0x811A=index_case_03 [writer],k1d224fb0b93e
0x0608,main-ec,DAT_EXTMEM,0x0600-0x060D,main-ec-067,2,1,1,0,0,0,1,1,1,yes,,bank0:0x815D=index_case_04 [writer],kd21545bc9fb4
0x0609,main-ec,DAT_EXTMEM,0x0600-0x060D,main-ec-067,1,0,1,0,0,0,0,1,1,yes,,bank0:0x815D=index_case_04 [writer],kd21545bc9fb4
0x060A,main-ec,DAT_EXTMEM,0x0600-0x060D,main-ec-068,2,1,1,0,0,0,1,1,1,yes,,bank0:0x819D=index_case_05 [writer],k8e4f3149e309
0x060B,main-ec,DAT_EXTMEM,0x0600-0x060D,main-ec-068,1,0,1,0,0,0,0,1,1,yes,,bank0:0x819D=index_case_05 [writer],k8e4f3149e309
0x060C,main-ec,DAT_EXTMEM,0x0600-0x060D,main-ec-069,2,1,1,0,0,0,1,1,1,yes,,bank0:0x81DF=index_case_06 [writer],k4332c1c43143
0x060D,main-ec,DAT_EXTMEM,0x0600-0x060D,main-ec-069,1,0,1,0,0,0,0,1,1,yes,,bank0:0x81DF=index_case_06 [writer],k4332c1c43143
0x0610,main-ec,DAT_EXTMEM,0x0610-0x0610,main-ec-216,17,5,0,3,9,0,3,3,12,no,,bank0:0x8048=unresolved_midstream_bytes [unresolved]; bank0:0x8054=index_case_00 [writer]; bank0:0x806C=store_byte_through_0a59_into_0600 [writer]; bank0:0x8094=index_case_01 [writer]; bank0:0x80D7=index_case_02 [writer]; bank0:0x811A=index_case_03 [writer]; bank0:0x815D=index_case_04 [writer]; bank0:0x819D=index_case_05 [writer]; bank0:0x81DF=index_case_06 [writer]; bank0:0x8294=FUN_CODE_8294; bank1:0xB728=clear_0610_bit5_and_dispatch [dispatch]; bank1:0xD4D3=FUN_CODE_d4d3,k0933c373f5ad
0x0620,main-ec,DAT_EXTMEM,0x0620-0x0623,main-ec-018,11,10,1,0,0,0,4,1,5,no,,bank1:0x8DE4=dispatch_on_0490_0495_0496_0498 [dispatch]; bank1:0x8E91=dispatch_on_049d_049e_05e0 [dispatch]; bank1:0x8ECC=select_r4_from_cpu_temp_and_0620_0626 [dispatch]; bank1:0x9202=step_0628_nibble_against_92dc_table [logic]; bank1:0x94A8=lookup_94a0_table_by_0620_low3 [logic],kaed8fb28e30d
0x0621,main-ec,symbol,0x0620-0x0623,main-ec-002,43,0,42,0,1,0,0,42,43,no,XDATA_0621,bank1:0x8001=decrement_nonzero_xdata_counters [writer]; bank1:0x8004=read_06c6 [reader]; bank1:0x8005=skip_06c6_decrement [logic]; bank1:0x8007=dec_06c6_value [math]; bank1:0x8008=store_06c6_decrement [writer]; bank1:0x8009=select_06cd [logic]; bank1:0x800C=read_06cd [reader]; bank1:0x800D=skip_06cd_decrement [logic]; bank1:0x800F=dec_06cd_value [math]; bank1:0x8010=store_06cd_decrement [writer]; bank1:0x8011=select_06d1 [logic]; bank1:0x8014=read_06d1_and_test_zero [reader]; bank1:0x8017=dec_06d1_value [math]; bank1:0x8018=store_acc_to_xdata_dptr_8018 [writer]; bank1:0x8019=load_dptr_06d2 [reader]; bank1:0x801C=read_xdata_dptr_801c [reader]; bank1:0x801D=branch_if_acc_zero_to_8021 [gate]; bank1:0x801F=dec_acc_801f [math]; bank1:0x8020=store_acc_to_xdata_dptr_8020 [writer]; bank1:0x8021=load_dptr_06f3 [reader]; bank1:0x8024=read_xdata_dptr_8024 [reader]; bank1:0x8025=branch_if_acc_zero_to_8029 [gate]; bank1:0x8027=dec_acc_8027 [math]; bank1:0x8028=store_acc_and_load_dptr_0635 [writer]; bank1:0x802C=read_xdata_dptr_802c [reader]; bank1:0x802D=branch_if_acc_zero_to_8031 [gate]; bank1:0x802F=dec_acc_802f [math]; bank1:0x8030=store_acc_to_xdata_dptr_8030 [writer]; bank1:0x8031=load_dptr_0636_and_read [reader]; bank1:0x8035=branch_if_acc_zero_to_8039 [gate]; bank1:0x8037=dec_store_and_load_dptr_0637 [writer]; bank1:0x803C=test_and_decrement_0638_after_prior_byte [writer]; bank1:0x8048=store_acc_and_read_0639 [writer]; bank1:0x804D=dec_then_test_063a_with_sign_guard [writer]; bank1:0x8060=branch_if_acc_zero_to_8064 [gate]; bank1:0x8062=dec_store_then_test_and_dec_07f6 [writer]; bank1:0x806C=reload_06d6_with_9_or_return_early [writer]; bank1:0x807E=dec_06c3_and_dec_06d8_gated_on_0440 [writer]; bank1:0x8096=dec_06d9_only_if_both_calls_return_zero [writer]; bank1:0x80AA=dec_timers_06da_08e4_055f_09ce_070b [writer]; bank1:0x80D6=clear_0460_0468_when_0706_reaches_zero [writer]; bank1:0x80EF=dec_timers_and_set_expiry_flags [writer]; bank1:0x94A8=lookup_94a0_table_by_0620_low3 [logic],k733222e83898
0x0622,main-ec,DAT_EXTMEM,0x0620-0x0623,main-ec-127,10,6,1,2,1,0,4,2,5,no,,bank0:0x909B=update_flag_bits_in_0985 [logic]; bank0:0x90FE=update_flag_bits_in_0723 [logic]; bank1:0x94A8=lookup_94a0_table_by_0620_low3 [logic]; bank1:0xC392=FUN_CODE_c392; bank1:0xC3A0=dec_0622_when_04a2_below_0cee [writer],k3482a38733e8
0x0623,main-ec,DAT_EXTMEM,0x0620-0x0623,main-ec-249,8,3,1,2,2,0,3,3,5,no,,bank1:0x94A8=lookup_94a0_table_by_0620_low3 [logic]; bank1:0xA8F0=clamp_0623_level_into_080e [state]; bank1:0xC3CD=compare_0434_04f4_against_0646 [logic]; bank1:0xC41D=zero_0623 [writer]; bank1:0xC43B=gate_on_06d4_mod10 [logic],k6b07e0c9fbe2
0x0626,main-ec,DAT_EXTMEM,0x0626-0x0628,main-ec-018,8,6,1,0,1,0,3,1,5,no,,bank1:0x8DE4=dispatch_on_0490_0495_0496_0498 [dispatch]; bank1:0x8E91=dispatch_on_049d_049e_05e0 [dispatch]; bank1:0x8ECC=select_r4_from_cpu_temp_and_0620_0626 [dispatch]; bank1:0x9416=adjust_0627_index_against_gpu_temp [state]; bank1:0xA916=clamp_078b_level_into_0804 [state],kaed8fb28e30d
0x0627,main-ec,DAT_EXTMEM,0x0626-0x0628,main-ec-018,8,6,0,2,0,0,1,1,1,yes,,bank1:0x9416=adjust_0627_index_against_gpu_temp [state],kaed8fb28e30d
0x0628,main-ec,DAT_EXTMEM,0x0626-0x0628,main-ec-018,2,1,1,0,0,0,1,1,1,yes,,bank1:0x9202=step_0628_nibble_against_92dc_table [logic],kaed8fb28e30d
0x062E,main-ec,DAT_EXTMEM,0x062E-0x062E,main-ec-293,4,2,1,1,0,0,1,2,2,no,,bank1:0x91E8=dispatch_062e_counter_via_table_91d0 [dispatch]; bank1:0x91FA=clear_062e_and_jump_94a8 [writer],kc0a9d7e5f5f7
0x0630,main-ec,DAT_EXTMEM,0x0630-0x0631,main-ec-100,1,1,0,0,0,0,1,0,1,yes,,bank1:0x8DBC=write_05_to_06c4_after_1984_check [gate],k99b189da154b
0x0631,main-ec,DAT_EXTMEM,0x0630-0x0631,main-ec-092,2,2,0,0,0,0,1,0,1,yes,,bank1:0x95E5=set_0476_bit1_then_branch_on_r7 [logic],k2a81a20b5754
0x0633,main-ec,DAT_EXTMEM,0x0633-0x0633,main-ec-092,2,2,0,0,0,0,1,0,1,yes,,bank1:0x95E5=set_0476_bit1_then_branch_on_r7 [logic],k2a81a20b5754
0x0635,main-ec,symbol,0x0635-0x063A,main-ec-002,72,48,0,24,0,0,24,24,24,no,XDATA_0635,bank1:0x8001=decrement_nonzero_xdata_counters [writer]; bank1:0x8004=read_06c6 [reader]; bank1:0x8005=skip_06c6_decrement [logic]; bank1:0x8007=dec_06c6_value [math]; bank1:0x8008=store_06c6_decrement [writer]; bank1:0x8009=select_06cd [logic]; bank1:0x800C=read_06cd [reader]; bank1:0x800D=skip_06cd_decrement [logic]; bank1:0x800F=dec_06cd_value [math]; bank1:0x8010=store_06cd_decrement [writer]; bank1:0x8011=select_06d1 [logic]; bank1:0x8014=read_06d1_and_test_zero [reader]; bank1:0x8017=dec_06d1_value [math]; bank1:0x8018=store_acc_to_xdata_dptr_8018 [writer]; bank1:0x8019=load_dptr_06d2 [reader]; bank1:0x801C=read_xdata_dptr_801c [reader]; bank1:0x801D=branch_if_acc_zero_to_8021 [gate]; bank1:0x801F=dec_acc_801f [math]; bank1:0x8020=store_acc_to_xdata_dptr_8020 [writer]; bank1:0x8021=load_dptr_06f3 [reader]; bank1:0x8024=read_xdata_dptr_8024 [reader]; bank1:0x8025=branch_if_acc_zero_to_8029 [gate]; bank1:0x8027=dec_acc_8027 [math]; bank1:0x8028=store_acc_and_load_dptr_0635 [writer],k733222e83898
0x0636,main-ec,symbol,0x0635-0x063A,main-ec-002,91,60,2,29,0,0,31,31,31,no,XDATA_0636,bank1:0x8001=decrement_nonzero_xdata_counters [writer]; bank1:0x8004=read_06c6 [reader]; bank1:0x8005=skip_06c6_decrement [logic]; bank1:0x8007=dec_06c6_value [math]; bank1:0x8008=store_06c6_decrement [writer]; bank1:0x8009=select_06cd [logic]; bank1:0x800C=read_06cd [reader]; bank1:0x800D=skip_06cd_decrement [logic]; bank1:0x800F=dec_06cd_value [math]; bank1:0x8010=store_06cd_decrement [writer]; bank1:0x8011=select_06d1 [logic]; bank1:0x8014=read_06d1_and_test_zero [reader]; bank1:0x8017=dec_06d1_value [math]; bank1:0x8018=store_acc_to_xdata_dptr_8018 [writer]; bank1:0x8019=load_dptr_06d2 [reader]; bank1:0x801C=read_xdata_dptr_801c [reader]; bank1:0x801D=branch_if_acc_zero_to_8021 [gate]; bank1:0x801F=dec_acc_801f [math]; bank1:0x8020=store_acc_to_xdata_dptr_8020 [writer]; bank1:0x8021=load_dptr_06f3 [reader]; bank1:0x8024=read_xdata_dptr_8024 [reader]; bank1:0x8025=branch_if_acc_zero_to_8029 [gate]; bank1:0x8027=dec_acc_8027 [math]; bank1:0x8028=store_acc_and_load_dptr_0635 [writer]; bank1:0x802C=read_xdata_dptr_802c [reader]; bank1:0x802D=branch_if_acc_zero_to_8031 [gate]; bank1:0x802F=dec_acc_802f [math]; bank1:0x8030=store_acc_to_xdata_dptr_8030 [writer]; bank1:0x8031=load_dptr_0636_and_read [reader]; bank1:0xF10D=ljmp_f219 [forwarder]; bank1:0xF219=set_0636_0a_toggle_047b_02_set_097a_02 [writer],k733222e83898
0x0637,main-ec,symbol,0x0635-0x063A,main-ec-002,97,64,2,31,0,0,33,33,33,no,XDATA_0637,bank1:0x8001=decrement_nonzero_xdata_counters [writer]; bank1:0x8004=read_06c6 [reader]; bank1:0x8005=skip_06c6_decrement [logic]; bank1:0x8007=dec_06c6_value [math]; bank1:0x8008=store_06c6_decrement [writer]; bank1:0x8009=select_06cd [logic]; bank1:0x800C=read_06cd [reader]; bank1:0x800D=skip_06cd_decrement [logic]; bank1:0x800F=dec_06cd_value [math]; bank1:0x8010=store_06cd_decrement [writer]; bank1:0x8011=select_06d1 [logic]; bank1:0x8014=read_06d1_and_test_zero [reader]; bank1:0x8017=dec_06d1_value [math]; bank1:0x8018=store_acc_to_xdata_dptr_8018 [writer]; bank1:0x8019=load_dptr_06d2 [reader]; bank1:0x801C=read_xdata_dptr_801c [reader]; bank1:0x801D=branch_if_acc_zero_to_8021 [gate]; bank1:0x801F=dec_acc_801f [math]; bank1:0x8020=store_acc_to_xdata_dptr_8020 [writer]; bank1:0x8021=load_dptr_06f3 [reader]; bank1:0x8024=read_xdata_dptr_8024 [reader]; bank1:0x8025=branch_if_acc_zero_to_8029 [gate]; bank1:0x8027=dec_acc_8027 [math]; bank1:0x8028=store_acc_and_load_dptr_0635 [writer]; bank1:0x802C=read_xdata_dptr_802c [reader]; bank1:0x802D=branch_if_acc_zero_to_8031 [gate]; bank1:0x802F=dec_acc_802f [math]; bank1:0x8030=store_acc_to_xdata_dptr_8030 [writer]; bank1:0x8031=load_dptr_0636_and_read [reader]; bank1:0x8035=branch_if_acc_zero_to_8039 [gate]; bank1:0x8037=dec_store_and_load_dptr_0637 [writer]; bank1:0xF110=ljmp_f246 [forwarder]; bank1:0xF246=if_045a_bit4_set_toggle_047b_10_set_0637_0a [writer],k733222e83898
0x0638,main-ec,symbol,0x0635-0x063A,main-ec-002,96,64,0,32,0,0,32,32,32,no,XDATA_0638,bank1:0x8001=decrement_nonzero_xdata_counters [writer]; bank1:0x8004=read_06c6 [reader]; bank1:0x8005=skip_06c6_decrement [logic]; bank1:0x8007=dec_06c6_value [math]; bank1:0x8008=store_06c6_decrement [writer]; bank1:0x8009=select_06cd [logic]; bank1:0x800C=read_06cd [reader]; bank1:0x800D=skip_06cd_decrement [logic]; bank1:0x800F=dec_06cd_value [math]; bank1:0x8010=store_06cd_decrement [writer]; bank1:0x8011=select_06d1 [logic]; bank1:0x8014=read_06d1_and_test_zero [reader]; bank1:0x8017=dec_06d1_value [math]; bank1:0x8018=store_acc_to_xdata_dptr_8018 [writer]; bank1:0x8019=load_dptr_06d2 [reader]; bank1:0x801C=read_xdata_dptr_801c [reader]; bank1:0x801D=branch_if_acc_zero_to_8021 [gate]; bank1:0x801F=dec_acc_801f [math]; bank1:0x8020=store_acc_to_xdata_dptr_8020 [writer]; bank1:0x8021=load_dptr_06f3 [reader]; bank1:0x8024=read_xdata_dptr_8024 [reader]; bank1:0x8025=branch_if_acc_zero_to_8029 [gate]; bank1:0x8027=dec_acc_8027 [math]; bank1:0x8028=store_acc_and_load_dptr_0635 [writer]; bank1:0x802C=read_xdata_dptr_802c [reader]; bank1:0x802D=branch_if_acc_zero_to_8031 [gate]; bank1:0x802F=dec_acc_802f [math]; bank1:0x8030=store_acc_to_xdata_dptr_8030 [writer]; bank1:0x8031=load_dptr_0636_and_read [reader]; bank1:0x8035=branch_if_acc_zero_to_8039 [gate]; bank1:0x8037=dec_store_and_load_dptr_0637 [writer]; bank1:0x803C=test_and_decrement_0638_after_prior_byte [writer],k733222e83898
0x0639,main-ec,symbol,0x0635-0x063A,main-ec-002,99,66,0,33,0,0,33,33,33,no,XDATA_0639,bank1:0x8001=decrement_nonzero_xdata_counters [writer]; bank1:0x8004=read_06c6 [reader]; bank1:0x8005=skip_06c6_decrement [logic]; bank1:0x8007=dec_06c6_value [math]; bank1:0x8008=store_06c6_decrement [writer]; bank1:0x8009=select_06cd [logic]; bank1:0x800C=read_06cd [reader]; bank1:0x800D=skip_06cd_decrement [logic]; bank1:0x800F=dec_06cd_value [math]; bank1:0x8010=store_06cd_decrement [writer]; bank1:0x8011=select_06d1 [logic]; bank1:0x8014=read_06d1_and_test_zero [reader]; bank1:0x8017=dec_06d1_value [math]; bank1:0x8018=store_acc_to_xdata_dptr_8018 [writer]; bank1:0x8019=load_dptr_06d2 [reader]; bank1:0x801C=read_xdata_dptr_801c [reader]; bank1:0x801D=branch_if_acc_zero_to_8021 [gate]; bank1:0x801F=dec_acc_801f [math]; bank1:0x8020=store_acc_to_xdata_dptr_8020 [writer]; bank1:0x8021=load_dptr_06f3 [reader]; bank1:0x8024=read_xdata_dptr_8024 [reader]; bank1:0x8025=branch_if_acc_zero_to_8029 [gate]; bank1:0x8027=dec_acc_8027 [math]; bank1:0x8028=store_acc_and_load_dptr_0635 [writer]; bank1:0x802C=read_xdata_dptr_802c [reader]; bank1:0x802D=branch_if_acc_zero_to_8031 [gate]; bank1:0x802F=dec_acc_802f [math]; bank1:0x8030=store_acc_to_xdata_dptr_8030 [writer]; bank1:0x8031=load_dptr_0636_and_read [reader]; bank1:0x8035=branch_if_acc_zero_to_8039 [gate]; bank1:0x8037=dec_store_and_load_dptr_0637 [writer]; bank1:0x803C=test_and_decrement_0638_after_prior_byte [writer]; bank1:0x8048=store_acc_and_read_0639 [writer],k733222e83898
0x063A,main-ec,symbol,0x0635-0x063A,main-ec-002,136,102,0,34,0,0,34,34,34,no,XDATA_063A,bank1:0x8001=decrement_nonzero_xdata_counters [writer]; bank1:0x8004=read_06c6 [reader]; bank1:0x8005=skip_06c6_decrement [logic]; bank1:0x8007=dec_06c6_value [math]; bank1:0x8008=store_06c6_decrement [writer]; bank1:0x8009=select_06cd [logic]; bank1:0x800C=read_06cd [reader]; bank1:0x800D=skip_06cd_decrement [logic]; bank1:0x800F=dec_06cd_value [math]; bank1:0x8010=store_06cd_decrement [writer]; bank1:0x8011=select_06d1 [logic]; bank1:0x8014=read_06d1_and_test_zero [reader]; bank1:0x8017=dec_06d1_value [math]; bank1:0x8018=store_acc_to_xdata_dptr_8018 [writer]; bank1:0x8019=load_dptr_06d2 [reader]; bank1:0x801C=read_xdata_dptr_801c [reader]; bank1:0x801D=branch_if_acc_zero_to_8021 [gate]; bank1:0x801F=dec_acc_801f [math]; bank1:0x8020=store_acc_to_xdata_dptr_8020 [writer]; bank1:0x8021=load_dptr_06f3 [reader]; bank1:0x8024=read_xdata_dptr_8024 [reader]; bank1:0x8025=branch_if_acc_zero_to_8029 [gate]; bank1:0x8027=dec_acc_8027 [math]; bank1:0x8028=store_acc_and_load_dptr_0635 [writer]; bank1:0x802C=read_xdata_dptr_802c [reader]; bank1:0x802D=branch_if_acc_zero_to_8031 [gate]; bank1:0x802F=dec_acc_802f [math]; bank1:0x8030=store_acc_to_xdata_dptr_8030 [writer]; bank1:0x8031=load_dptr_0636_and_read [reader]; bank1:0x8035=branch_if_acc_zero_to_8039 [gate]; bank1:0x8037=dec_store_and_load_dptr_0637 [writer]; bank1:0x803C=test_and_decrement_0638_after_prior_byte [writer]; bank1:0x8048=store_acc_and_read_0639 [writer]; bank1:0x804D=dec_then_test_063a_with_sign_guard [writer],k733222e83898
0x0648,main-ec,DAT_EXTMEM,0x0648-0x0648,main-ec-234,11,3,7,1,0,0,2,4,4,no,,bank1:0xD0C4=update_0524_0526_4a0_and_0497_flags [state]; bank1:0xD16F=FUN_CODE_d16f; bank1:0xD17E=increment_0514_toward_0x64 [logic]; bank1:0xD5E1=FUN_CODE_d5e1,ka84a0b0800fd
0x0666,pd,DAT_EXTMEM,0x0666-0x0666,pd-047,1,0,0,0,0,1,0,0,1,yes,,pd:0xDBD9=loop_c901_per_index_0x07d0 [logic],k7352330419d4
0x0670,main-ec,DAT_EXTMEM,0x0670-0x0670,main-ec-001,14,8,6,0,0,0,3,3,3,no,,bank0:0x8B14=FUN_CODE_8b14; bank0:0x8C46=ramp_1804_1809_toward_0461_0469 [state]; bank0:0x8DE0=ramp_1804_toward_0670_and_set_1809 [state],k7497cf885614
0x0672,main-ec,DAT_EXTMEM,0x0672-0x0673,main-ec-001,6,3,3,0,0,0,3,3,3,no,,bank0:0x8B14=FUN_CODE_8b14; bank0:0x8C46=ramp_1804_1809_toward_0461_0469 [state]; bank0:0x8DE0=ramp_1804_toward_0670_and_set_1809 [state],k7497cf885614
0x0673,main-ec,DAT_EXTMEM,0x0672-0x0673,main-ec-001,8,4,2,2,0,0,2,2,2,no,,bank0:0x8B14=FUN_CODE_8b14; bank0:0x8C46=ramp_1804_1809_toward_0461_0469 [state],k7497cf885614
0x0678,main-ec,DAT_EXTMEM,0x0678-0x0679,main-ec-122,11,4,5,2,0,0,2,3,3,no,,bank1:0x8D62=FUN_CODE_8d62; bank1:0x8D74=write_30_to_0679_and_14_to_0678 [writer]; bank1:0x8D83=count_down_0678_0679_pair [state],k1663a5312888
0x0679,main-ec,DAT_EXTMEM,0x0678-0x0679,main-ec-122,9,4,3,2,0,0,2,3,3,no,,bank1:0x8D62=FUN_CODE_8d62; bank1:0x8D74=write_30_to_0679_and_14_to_0678 [writer]; bank1:0x8D83=count_down_0678_0679_pair [state],k1663a5312888
0x067C,main-ec,DAT_EXTMEM,0x067C-0x067E,main-ec-294,4,2,1,1,0,0,1,2,2,no,,bank1:0xA029=decrement_067c_then_clear_0724_bit5 [logic]; bank1:0xA0CC=set_0724_bit5_when_gates_pass [logic],k95eee93890db
0x067D,main-ec,DAT_EXTMEM,0x067C-0x067E,main-ec-295,4,2,1,1,0,0,1,2,2,no,,bank1:0x9FF0=FUN_CODE_9ff0; bank1:0xA12D=set_0724_bit7_after_06c5_threshold [logic],k61fb6c17f6a1
0x067E,main-ec,DAT_EXTMEM,0x067C-0x067E,main-ec-296,4,2,1,1,0,0,1,2,2,no,,bank1:0x9FCB=tick_0724_bit4_decrement_067e [state]; bank1:0xA064=gate_045a_bit0_set_0724_bit4 [logic],k2b4d763448e6
0x0680,main-ec,DAT_EXTMEM,0x0680-0x0681,main-ec-197,30,1,29,0,0,0,1,21,22,no,,bank1:0x98CC=dispatch_0680_low3_via_98b4_table [dispatch]; bank1:0x98E5=forward_to_98fe_98e5 [forwarder]; bank1:0x98FE=set_0680_to_2 [writer]; bank1:0x9967=forward_to_98fe_9967 [forwarder]; bank1:0x99B0=clear_0680 [writer]; bank1:0xA835=write_5_to_0680 [writer]; bank1:0xAC11=write_0680_03_or_04_from_04fe_0490 [writer]; bank1:0xAC36=write_1c00_ff_and_0680_04 [writer]; bank1:0xDE3C=FUN_CODE_de3c; bank1:0xDEA5=FUN_CODE_dea5; bank1:0xDEE8=FUN_CODE_dee8; bank1:0xDEF1=FUN_CODE_def1; bank1:0xE090=FUN_CODE_e090; bank1:0xE100=FUN_CODE_e100; bank1:0xE237=gate_1c00_init_defaults [gate]; bank1:0xE27D=reset_1c00_group_and_toggle_03a0 [state]; bank1:0xE2D3=FUN_CODE_e2d3; bank1:0xE490=stage_1c00_block_from_code_table_indexed_03c4 [logic]; bank1:0xE4E9=gate_1c00_bit1_then_1c00_ff [gate]; bank1:0xE4F9=store_a_to_dptr_then_set_0680_4 [writer]; bank1:0xE501=reset_03c4_03af_and_clear_03a1_bit [state]; bank1:0xE54F=increment_03af_clear_03a1_on_wrap [state],kf064627b29c9
0x0681,main-ec,DAT_EXTMEM,0x0680-0x0681,main-ec-208,20,5,13,2,0,0,4,15,17,no,,bank1:0x98CC=dispatch_0680_low3_via_98b4_table [dispatch]; bank1:0x99CF=dispatch_0681_low3_via_99b7_table [dispatch]; bank1:0x99E0=set_1c01_2_and_0681_81 [writer]; bank1:0x99ED=set_0681_to_82 [writer]; bank1:0x99F4=set_1c01_0_and_0681_83 [writer]; bank1:0x9A01=set_1c10_0_and_0681_84 [writer]; bank1:0x9A0E=set_161c_80_and_0681_85 [writer]; bank1:0x9A1B=set_161b_161c_4_and_0681_86 [writer]; bank1:0x9A2E=set_1c10_1_and_0681_87 [writer]; bank1:0x9A3B=clear_0681 [writer]; bank1:0x9A41=step_0686_by_14_or_set_0681_80 [state]; bank1:0xAC6D=set_0681_bit7 [writer]; bank1:0xDEC4=FUN_CODE_dec4; bank1:0xE2D3=FUN_CODE_e2d3; bank1:0xE490=stage_1c00_block_from_code_table_indexed_03c4 [logic]; bank1:0xE4E9=gate_1c00_bit1_then_1c00_ff [gate]; bank1:0xE54F=increment_03af_clear_03a1_on_wrap [state],kbb0b25e376ad
0x0683,main-ec,DAT_EXTMEM,0x0683-0x0683,main-ec-076,5,2,2,1,0,0,1,3,3,no,,bank1:0xE100=FUN_CODE_e100; bank1:0xE237=gate_1c00_init_defaults [gate]; bank1:0xE27D=reset_1c00_group_and_toggle_03a0 [state],k0fcd37ec5c82
0x0686,main-ec,DAT_EXTMEM,0x0686-0x0686,main-ec-041,4,2,1,1,0,0,1,1,1,yes,,bank1:0x9A41=step_0686_by_14_or_set_0681_80 [state],k7d1a63001044
0x068A,main-ec,DAT_EXTMEM,0x068A-0x068D,main-ec-018,3,3,0,0,0,0,3,0,3,no,,bank1:0x8DE4=dispatch_on_0490_0495_0496_0498 [dispatch]; bank1:0x8E91=dispatch_on_049d_049e_05e0 [dispatch]; bank1:0x8ECC=select_r4_from_cpu_temp_and_0620_0626 [dispatch],kaed8fb28e30d
0x068B,main-ec,DAT_EXTMEM,0x068A-0x068D,main-ec-211,19,2,16,1,0,0,2,12,13,no,,bank1:0x9AEA=dispatch_068b_low3_via_9ad2_table [dispatch]; bank1:0x9B03=countdown_068d_then_branch_on_r7 [logic]; bank1:0x9B35=write_4_to_068b [writer]; bank1:0x9B3C=FUN_CODE_9b3c; bank1:0x9BE6=inc_694_by_2_set_68c_80 [writer]; bank1:0x9BF8=reset_1c11_1c15_1c16_set_68b_4 [state]; bank1:0x9CE8=FUN_CODE_9ce8; bank1:0x9D45=write_2_to_068b [writer]; bank1:0x9D4C=write_0_to_068b [writer]; bank1:0x9D53=FUN_CODE_9d53; bank1:0x9E92=clear_68c_inc_68b [writer]; bank1:0xA8E9=write_5_to_068b [writer]; bank1:0xC6DB=set_068b_to_1 [writer],k5b3ab804825a
0x068C,main-ec,DAT_EXTMEM,0x068A-0x068D,main-ec-221,15,3,12,0,0,0,2,12,14,no,,bank1:0x9A78=step_0691_by_14_or_set_068c_80 [state]; bank1:0x9AEA=dispatch_068b_low3_via_9ad2_table [dispatch]; bank1:0x9B3C=FUN_CODE_9b3c; bank1:0x9BE6=inc_694_by_2_set_68c_80 [writer]; bank1:0x9D53=FUN_CODE_9d53; bank1:0x9E26=dispatch_068c_low3 [dispatch]; bank1:0x9E37=set_1c12_2_and_68c_81 [writer]; bank1:0x9E44=set_68c_82 [writer]; bank1:0x9E4B=set_1c12_0_and_68c_83 [writer]; bank1:0x9E58=set_1c21_0_and_68c_84 [writer]; bank1:0x9E65=set_1622_80_and_68c_85 [writer]; bank1:0x9E72=set_1621_1622_4_and_68c_86 [writer]; bank1:0x9E85=set_1c21_1_and_68c_87 [writer]; bank1:0x9E92=clear_68c_inc_68b [writer],kb7064b2ca61a
0x068D,main-ec,DAT_EXTMEM,0x068A-0x068D,main-ec-048,12,6,3,3,0,0,3,3,3,no,,bank1:0x9B03=countdown_068d_then_branch_on_r7 [logic]; bank1:0x9CE8=FUN_CODE_9ce8; bank1:0x9D53=FUN_CODE_9d53,k9a54dc8a4a0a
0x0691,main-ec,DAT_EXTMEM,0x0691-0x0691,main-ec-041,4,2,1,1,0,0,1,1,1,yes,,bank1:0x9A78=step_0691_by_14_or_set_068c_80 [state],k7d1a63001044
0x0694,main-ec,DAT_EXTMEM,0x0694-0x0694,main-ec-044,11,6,2,3,0,0,3,3,3,no,,bank1:0x9B3C=FUN_CODE_9b3c; bank1:0x9BE6=inc_694_by_2_set_68c_80 [writer]; bank1:0x9D53=FUN_CODE_9d53,k4a4d02c14968
0x069D,main-ec,DAT_EXTMEM,0x069D-0x069D,main-ec-110,5,3,1,1,0,0,1,1,1,yes,,bank1:0x9D53=FUN_CODE_9d53,k870f78d43bef
0x06C0,main-ec,DAT_EXTMEM,0x06C0-0x06C0,main-ec-017,16,6,7,3,0,0,3,3,3,no,,bank1:0x8AE5=probe_159a_19f0_0983_then_dispatch [dispatch]; bank1:0x8B01=load_dptr_097f [reader]; bank1:0x8B04=countdown_06c0_latch_097f_bit0 [state],k8752aa6b045e
0x06C2,main-ec,symbol,0x06C2-0x06C6,main-ec-002,126,89,0,37,0,0,52,37,52,no,XDATA_06C2,bank0:0x8749=mode_tick_084c_07a5_09ee [state]; bank0:0xA72A=gate_a747_on_06c2_0766 [gate]; bank0:0xA7C8=FUN_CODE_a7c8; bank1:0x8001=decrement_nonzero_xdata_counters [writer]; bank1:0x8004=read_06c6 [reader]; bank1:0x8005=skip_06c6_decrement [logic]; bank1:0x8007=dec_06c6_value [math]; bank1:0x8008=store_06c6_decrement [writer]; bank1:0x8009=select_06cd [logic]; bank1:0x800C=read_06cd [reader]; bank1:0x800D=skip_06cd_decrement [logic]; bank1:0x800F=dec_06cd_value [math]; bank1:0x8010=store_06cd_decrement [writer]; bank1:0x8011=select_06d1 [logic]; bank1:0x8014=read_06d1_and_test_zero [reader]; bank1:0x8017=dec_06d1_value [math]; bank1:0x8018=store_acc_to_xdata_dptr_8018 [writer]; bank1:0x8019=load_dptr_06d2 [reader]; bank1:0x801C=read_xdata_dptr_801c [reader]; bank1:0x801D=branch_if_acc_zero_to_8021 [gate]; bank1:0x801F=dec_acc_801f [math]; bank1:0x8020=store_acc_to_xdata_dptr_8020 [writer]; bank1:0x8021=load_dptr_06f3 [reader]; bank1:0x8024=read_xdata_dptr_8024 [reader]; bank1:0x8025=branch_if_acc_zero_to_8029 [gate]; bank1:0x8027=dec_acc_8027 [math]; bank1:0x8028=store_acc_and_load_dptr_0635 [writer]; bank1:0x802C=read_xdata_dptr_802c [reader]; bank1:0x802D=branch_if_acc_zero_to_8031 [gate]; bank1:0x802F=dec_acc_802f [math]; bank1:0x8030=store_acc_to_xdata_dptr_8030 [writer]; bank1:0x8031=load_dptr_0636_and_read [reader]; bank1:0x8035=branch_if_acc_zero_to_8039 [gate]; bank1:0x8037=dec_store_and_load_dptr_0637 [writer]; bank1:0x803C=test_and_decrement_0638_after_prior_byte [writer]; bank1:0x8048=store_acc_and_read_0639 [writer]; bank1:0x804D=dec_then_test_063a_with_sign_guard [writer]; bank1:0x8060=branch_if_acc_zero_to_8064 [gate]; bank1:0x8062=dec_store_then_test_and_dec_07f6 [writer]; bank1:0x806C=reload_06d6_with_9_or_return_early [writer]; bank1:0x8CEC=gate_then_copy_2200_to_075f [gate]; bank1:0x8D62=FUN_CODE_8d62; bank1:0x8D83=count_down_0678_0679_pair [state]; bank1:0x8F6B=FUN_CODE_8f6b; bank1:0x95E5=set_0476_bit1_then_branch_on_r7 [logic]; bank1:0x966C=step_06fd_06fe_06ff_counters_via_1a32 [state]; bank1:0x9B03=countdown_068d_then_branch_on_r7 [logic]; bank1:0x9FF0=FUN_CODE_9ff0; bank1:0xA12D=set_0724_bit7_after_06c5_threshold [logic]; bank1:0xA9B4=step_state_0845 [state]; bank1:0xB98D=threshold_dispatch_0438_by_0491 [dispatch]; bank1:0xC352=dispatch_on_06d4_mod_10 [dispatch],k733222e83898
0x06C3,main-ec,symbol,0x06C2-0x06C6,main-ec-002,115,77,0,38,0,0,39,38,39,no,XDATA_06C3,bank1:0x8001=decrement_nonzero_xdata_counters [writer]; bank1:0x8004=read_06c6 [reader]; bank1:0x8005=skip_06c6_decrement [logic]; bank1:0x8007=dec_06c6_value [math]; bank1:0x8008=store_06c6_decrement [writer]; bank1:0x8009=select_06cd [logic]; bank1:0x800C=read_06cd [reader]; bank1:0x800D=skip_06cd_decrement [logic]; bank1:0x800F=dec_06cd_value [math]; bank1:0x8010=store_06cd_decrement [writer]; bank1:0x8011=select_06d1 [logic]; bank1:0x8014=read_06d1_and_test_zero [reader]; bank1:0x8017=dec_06d1_value [math]; bank1:0x8018=store_acc_to_xdata_dptr_8018 [writer]; bank1:0x8019=load_dptr_06d2 [reader]; bank1:0x801C=read_xdata_dptr_801c [reader]; bank1:0x801D=branch_if_acc_zero_to_8021 [gate]; bank1:0x801F=dec_acc_801f [math]; bank1:0x8020=store_acc_to_xdata_dptr_8020 [writer]; bank1:0x8021=load_dptr_06f3 [reader]; bank1:0x8024=read_xdata_dptr_8024 [reader]; bank1:0x8025=branch_if_acc_zero_to_8029 [gate]; bank1:0x8027=dec_acc_8027 [math]; bank1:0x8028=store_acc_and_load_dptr_0635 [writer]; bank1:0x802C=read_xdata_dptr_802c [reader]; bank1:0x802D=branch_if_acc_zero_to_8031 [gate]; bank1:0x802F=dec_acc_802f [math]; bank1:0x8030=store_acc_to_xdata_dptr_8030 [writer]; bank1:0x8031=load_dptr_0636_and_read [reader]; bank1:0x8035=branch_if_acc_zero_to_8039 [gate]; bank1:0x8037=dec_store_and_load_dptr_0637 [writer]; bank1:0x803C=test_and_decrement_0638_after_prior_byte [writer]; bank1:0x8048=store_acc_and_read_0639 [writer]; bank1:0x804D=dec_then_test_063a_with_sign_guard [writer]; bank1:0x8060=branch_if_acc_zero_to_8064 [gate]; bank1:0x8062=dec_store_then_test_and_dec_07f6 [writer]; bank1:0x806C=reload_06d6_with_9_or_return_early [writer]; bank1:0x807E=dec_06c3_and_dec_06d8_gated_on_0440 [writer]; bank1:0x8DE4=dispatch_on_0490_0495_0496_0498 [dispatch],k733222e83898
0x06C4,main-ec,DAT_EXTMEM,0x06C2-0x06C6,main-ec-100,1,0,1,0,0,0,0,1,1,yes,,bank1:0x8DBC=write_05_to_06c4_after_1984_check [gate],k99b189da154b
0x06C5,main-ec,symbol,0x06C2-0x06C6,main-ec-002,128,85,0,41,2,0,44,41,44,no,XDATA_06C5,bank0:0x8FDB=state_0817_fallthrough [state]; bank1:0x8001=decrement_nonzero_xdata_counters [writer]; bank1:0x8004=read_06c6 [reader]; bank1:0x8005=skip_06c6_decrement [logic]; bank1:0x8007=dec_06c6_value [math]; bank1:0x8008=store_06c6_decrement [writer]; bank1:0x8009=select_06cd [logic]; bank1:0x800C=read_06cd [reader]; bank1:0x800D=skip_06cd_decrement [logic]; bank1:0x800F=dec_06cd_value [math]; bank1:0x8010=store_06cd_decrement [writer]; bank1:0x8011=select_06d1 [logic]; bank1:0x8014=read_06d1_and_test_zero [reader]; bank1:0x8017=dec_06d1_value [math]; bank1:0x8018=store_acc_to_xdata_dptr_8018 [writer]; bank1:0x8019=load_dptr_06d2 [reader]; bank1:0x801C=read_xdata_dptr_801c [reader]; bank1:0x801D=branch_if_acc_zero_to_8021 [gate]; bank1:0x801F=dec_acc_801f [math]; bank1:0x8020=store_acc_to_xdata_dptr_8020 [writer]; bank1:0x8021=load_dptr_06f3 [reader]; bank1:0x8024=read_xdata_dptr_8024 [reader]; bank1:0x8025=branch_if_acc_zero_to_8029 [gate]; bank1:0x8027=dec_acc_8027 [math]; bank1:0x8028=store_acc_and_load_dptr_0635 [writer]; bank1:0x802C=read_xdata_dptr_802c [reader]; bank1:0x802D=branch_if_acc_zero_to_8031 [gate]; bank1:0x802F=dec_acc_802f [math]; bank1:0x8030=store_acc_to_xdata_dptr_8030 [writer]; bank1:0x8031=load_dptr_0636_and_read [reader]; bank1:0x8035=branch_if_acc_zero_to_8039 [gate]; bank1:0x8037=dec_store_and_load_dptr_0637 [writer]; bank1:0x803C=test_and_decrement_0638_after_prior_byte [writer]; bank1:0x8048=store_acc_and_read_0639 [writer]; bank1:0x804D=dec_then_test_063a_with_sign_guard [writer]; bank1:0x8060=branch_if_acc_zero_to_8064 [gate]; bank1:0x8062=dec_store_then_test_and_dec_07f6 [writer]; bank1:0x806C=reload_06d6_with_9_or_return_early [writer]; bank1:0x807E=dec_06c3_and_dec_06d8_gated_on_0440 [writer]; bank1:0x8096=dec_06d9_only_if_both_calls_return_zero [writer]; bank1:0x80AA=dec_timers_06da_08e4_055f_09ce_070b [writer]; bank1:0x80D6=clear_0460_0468_when_0706_reaches_zero [writer]; bank1:0x9FF0=FUN_CODE_9ff0; bank1:0xA12D=set_0724_bit7_after_06c5_threshold [logic],k733222e83898
0x06C6,main-ec,DAT_EXTMEM,0x06C2-0x06C6,main-ec-123,7,2,4,1,0,0,1,5,5,no,,bank1:0x8001=decrement_nonzero_xdata_counters [writer]; bank1:0xF11C=thunk_to_f2ca [forwarder]; bank1:0xF11F=thunk_to_f2f3 [forwarder]; bank1:0xF2CA=dec_0443_low3_unless_0440_5_6_7 [writer]; bank1:0xF2F3=inc_0443_low3_unless_0440_5_6_7 [writer],kebb1f590f488
0x06CC,main-ec,DAT_EXTMEM,0x06CC-0x06D2,main-ec-312,3,2,0,1,0,0,1,1,1,yes,,bank1:0x9199=gate_1984_19a8_then_count_06cc [gate],k222b343c6b95
0x06CD,main-ec,DAT_EXTMEM,0x06CC-0x06D2,main-ec-201,26,16,4,6,0,0,10,10,10,no,,bank1:0x8001=decrement_nonzero_xdata_counters [writer]; bank1:0x8004=read_06c6 [reader]; bank1:0x8005=skip_06c6_decrement [logic]; bank1:0x8007=dec_06c6_value [math]; bank1:0x8008=store_06c6_decrement [writer]; bank1:0x8009=select_06cd [logic]; bank1:0xF116=thunk_to_f290 [forwarder]; bank1:0xF119=thunk_to_f2ad [forwarder]; bank1:0xF290=if_06cd_zero_set_02_set_06ff_20 [writer]; bank1:0xF2AD=if_06cd_zero_set_02_set_06ff_40 [writer],k801a3e80698f
0x06CE,main-ec,DAT_EXTMEM,0x06CC-0x06D2,main-ec-113,10,2,7,1,0,0,1,4,4,no,,bank1:0x8F6B=FUN_CODE_8f6b; bank1:0x9004=load_dptr_06ce [unresolved]; bank1:0x9007=store_a_to_xdata_at_dptr_2 [unresolved]; bank1:0x9008=update_06cf_countdown_and_06e1_bits [state],k458e5809e048
0x06CF,main-ec,DAT_EXTMEM,0x06CC-0x06D2,main-ec-113,18,8,6,4,0,0,4,4,4,no,,bank1:0x8F6B=FUN_CODE_8f6b; bank1:0x9004=load_dptr_06ce [unresolved]; bank1:0x9007=store_a_to_xdata_at_dptr_2 [unresolved]; bank1:0x9008=update_06cf_countdown_and_06e1_bits [state],k458e5809e048
0x06D0,main-ec,DAT_EXTMEM,0x06CC-0x06D2,main-ec-011,4,2,1,1,0,0,1,1,1,yes,,bank1:0x94FA=magic_55aa_and_0704_countdown [state],k2a30862cf8eb
0x06D1,main-ec,symbol,0x06CC-0x06D2,main-ec-002,42,28,3,11,0,0,17,14,17,no,XDATA_06D1,bank0:0xB4A8=FUN_CODE_b4a8; bank0:0xB5D3=FUN_CODE_b5d3; bank1:0x8001=decrement_nonzero_xdata_counters [writer]; bank1:0x8004=read_06c6 [reader]; bank1:0x8005=skip_06c6_decrement [logic]; bank1:0x8007=dec_06c6_value [math]; bank1:0x8008=store_06c6_decrement [writer]; bank1:0x8009=select_06cd [logic]; bank1:0x800C=read_06cd [reader]; bank1:0x800D=skip_06cd_decrement [logic]; bank1:0x800F=dec_06cd_value [math]; bank1:0x8010=store_06cd_decrement [writer]; bank1:0x8011=select_06d1 [logic]; bank1:0x8DE4=dispatch_on_0490_0495_0496_0498 [dispatch]; bank1:0x8E91=dispatch_on_049d_049e_05e0 [dispatch]; bank1:0x8ECC=select_r4_from_cpu_temp_and_0620_0626 [dispatch]; bank1:0x8F37=write_047f_and_arm_06d1_fa [writer],k733222e83898
0x06D2,main-ec,symbol,0x06CC-0x06D2,main-ec-002,47,31,1,15,0,0,16,16,16,no,XDATA_06D2,bank1:0x8001=decrement_nonzero_xdata_counters [writer]; bank1:0x8004=read_06c6 [reader]; bank1:0x8005=skip_06c6_decrement [logic]; bank1:0x8007=dec_06c6_value [math]; bank1:0x8008=store_06c6_decrement [writer]; bank1:0x8009=select_06cd [logic]; bank1:0x800C=read_06cd [reader]; bank1:0x800D=skip_06cd_decrement [logic]; bank1:0x800F=dec_06cd_value [math]; bank1:0x8010=store_06cd_decrement [writer]; bank1:0x8011=select_06d1 [logic]; bank1:0x8014=read_06d1_and_test_zero [reader]; bank1:0x8017=dec_06d1_value [math]; bank1:0x8018=store_acc_to_xdata_dptr_8018 [writer]; bank1:0x8019=load_dptr_06d2 [reader]; bank1:0x8F54=write_047f_and_arm_06d2_fa [writer],k733222e83898
0x06D4,main-ec,DAT_EXTMEM,0x06D4-0x06D4,main-ec-260,7,5,1,1,0,0,3,1,3,no,,bank1:0xC352=dispatch_on_06d4_mod_10 [dispatch]; bank1:0xC3CD=compare_0434_04f4_against_0646 [logic]; bank1:0xC43B=gate_on_06d4_mod10 [logic],k58c509e97c3c
0x06D6,main-ec,symbol,0x06D6-0x06D6,main-ec-002,148,74,37,37,0,0,37,37,37,no,XDATA_06D6,bank1:0x8001=decrement_nonzero_xdata_counters [writer]; bank1:0x8004=read_06c6 [reader]; bank1:0x8005=skip_06c6_decrement [logic]; bank1:0x8007=dec_06c6_value [math]; bank1:0x8008=store_06c6_decrement [writer]; bank1:0x8009=select_06cd [logic]; bank1:0x800C=read_06cd [reader]; bank1:0x800D=skip_06cd_decrement [logic]; bank1:0x800F=dec_06cd_value [math]; bank1:0x8010=store_06cd_decrement [writer]; bank1:0x8011=select_06d1 [logic]; bank1:0x8014=read_06d1_and_test_zero [reader]; bank1:0x8017=dec_06d1_value [math]; bank1:0x8018=store_acc_to_xdata_dptr_8018 [writer]; bank1:0x8019=load_dptr_06d2 [reader]; bank1:0x801C=read_xdata_dptr_801c [reader]; bank1:0x801D=branch_if_acc_zero_to_8021 [gate]; bank1:0x801F=dec_acc_801f [math]; bank1:0x8020=store_acc_to_xdata_dptr_8020 [writer]; bank1:0x8021=load_dptr_06f3 [reader]; bank1:0x8024=read_xdata_dptr_8024 [reader]; bank1:0x8025=branch_if_acc_zero_to_8029 [gate]; bank1:0x8027=dec_acc_8027 [math]; bank1:0x8028=store_acc_and_load_dptr_0635 [writer]; bank1:0x802C=read_xdata_dptr_802c [reader]; bank1:0x802D=branch_if_acc_zero_to_8031 [gate]; bank1:0x802F=dec_acc_802f [math]; bank1:0x8030=store_acc_to_xdata_dptr_8030 [writer]; bank1:0x8031=load_dptr_0636_and_read [reader]; bank1:0x8035=branch_if_acc_zero_to_8039 [gate]; bank1:0x8037=dec_store_and_load_dptr_0637 [writer]; bank1:0x803C=test_and_decrement_0638_after_prior_byte [writer]; bank1:0x8048=store_acc_and_read_0639 [writer]; bank1:0x804D=dec_then_test_063a_with_sign_guard [writer]; bank1:0x8060=branch_if_acc_zero_to_8064 [gate]; bank1:0x8062=dec_store_then_test_and_dec_07f6 [writer]; bank1:0x806C=reload_06d6_with_9_or_return_early [writer],k733222e83898
0x06D8,main-ec,symbol,0x06D8-0x06DB,main-ec-002,115,76,1,38,0,0,38,39,39,no,XDATA_06D8,bank1:0x8001=decrement_nonzero_xdata_counters [writer]; bank1:0x8004=read_06c6 [reader]; bank1:0x8005=skip_06c6_decrement [logic]; bank1:0x8007=dec_06c6_value [math]; bank1:0x8008=store_06c6_decrement [writer]; bank1:0x8009=select_06cd [logic]; bank1:0x800C=read_06cd [reader]; bank1:0x800D=skip_06cd_decrement [logic]; bank1:0x800F=dec_06cd_value [math]; bank1:0x8010=store_06cd_decrement [writer]; bank1:0x8011=select_06d1 [logic]; bank1:0x8014=read_06d1_and_test_zero [reader]; bank1:0x8017=dec_06d1_value [math]; bank1:0x8018=store_acc_to_xdata_dptr_8018 [writer]; bank1:0x8019=load_dptr_06d2 [reader]; bank1:0x801C=read_xdata_dptr_801c [reader]; bank1:0x801D=branch_if_acc_zero_to_8021 [gate]; bank1:0x801F=dec_acc_801f [math]; bank1:0x8020=store_acc_to_xdata_dptr_8020 [writer]; bank1:0x8021=load_dptr_06f3 [reader]; bank1:0x8024=read_xdata_dptr_8024 [reader]; bank1:0x8025=branch_if_acc_zero_to_8029 [gate]; bank1:0x8027=dec_acc_8027 [math]; bank1:0x8028=store_acc_and_load_dptr_0635 [writer]; bank1:0x802C=read_xdata_dptr_802c [reader]; bank1:0x802D=branch_if_acc_zero_to_8031 [gate]; bank1:0x802F=dec_acc_802f [math]; bank1:0x8030=store_acc_to_xdata_dptr_8030 [writer]; bank1:0x8031=load_dptr_0636_and_read [reader]; bank1:0x8035=branch_if_acc_zero_to_8039 [gate]; bank1:0x8037=dec_store_and_load_dptr_0637 [writer]; bank1:0x803C=test_and_decrement_0638_after_prior_byte [writer]; bank1:0x8048=store_acc_and_read_0639 [writer]; bank1:0x804D=dec_then_test_063a_with_sign_guard [writer]; bank1:0x8060=branch_if_acc_zero_to_8064 [gate]; bank1:0x8062=dec_store_then_test_and_dec_07f6 [writer]; bank1:0x806C=reload_06d6_with_9_or_return_early [writer]; bank1:0x807E=dec_06c3_and_dec_06d8_gated_on_0440 [writer]; bank1:0x976E=clear_0480_bit0_then_step_05f1_countdown [state],k733222e83898
0x06D9,main-ec,symbol,0x06D8-0x06DB,main-ec-002,118,78,1,39,0,0,39,40,40,no,XDATA_06D9,bank1:0x8001=decrement_nonzero_xdata_counters [writer]; bank1:0x8004=read_06c6 [reader]; bank1:0x8005=skip_06c6_decrement [logic]; bank1:0x8007=dec_06c6_value [math]; bank1:0x8008=store_06c6_decrement [writer]; bank1:0x8009=select_06cd [logic]; bank1:0x800C=read_06cd [reader]; bank1:0x800D=skip_06cd_decrement [logic]; bank1:0x800F=dec_06cd_value [math]; bank1:0x8010=store_06cd_decrement [writer]; bank1:0x8011=select_06d1 [logic]; bank1:0x8014=read_06d1_and_test_zero [reader]; bank1:0x8017=dec_06d1_value [math]; bank1:0x8018=store_acc_to_xdata_dptr_8018 [writer]; bank1:0x8019=load_dptr_06d2 [reader]; bank1:0x801C=read_xdata_dptr_801c [reader]; bank1:0x801D=branch_if_acc_zero_to_8021 [gate]; bank1:0x801F=dec_acc_801f [math]; bank1:0x8020=store_acc_to_xdata_dptr_8020 [writer]; bank1:0x8021=load_dptr_06f3 [reader]; bank1:0x8024=read_xdata_dptr_8024 [reader]; bank1:0x8025=branch_if_acc_zero_to_8029 [gate]; bank1:0x8027=dec_acc_8027 [math]; bank1:0x8028=store_acc_and_load_dptr_0635 [writer]; bank1:0x802C=read_xdata_dptr_802c [reader]; bank1:0x802D=branch_if_acc_zero_to_8031 [gate]; bank1:0x802F=dec_acc_802f [math]; bank1:0x8030=store_acc_to_xdata_dptr_8030 [writer]; bank1:0x8031=load_dptr_0636_and_read [reader]; bank1:0x8035=branch_if_acc_zero_to_8039 [gate]; bank1:0x8037=dec_store_and_load_dptr_0637 [writer]; bank1:0x803C=test_and_decrement_0638_after_prior_byte [writer]; bank1:0x8048=store_acc_and_read_0639 [writer]; bank1:0x804D=dec_then_test_063a_with_sign_guard [writer]; bank1:0x8060=branch_if_acc_zero_to_8064 [gate]; bank1:0x8062=dec_store_then_test_and_dec_07f6 [writer]; bank1:0x806C=reload_06d6_with_9_or_return_early [writer]; bank1:0x807E=dec_06c3_and_dec_06d8_gated_on_0440 [writer]; bank1:0x8096=dec_06d9_only_if_both_calls_return_zero [writer]; bank1:0x9817=enter_state_0480_05f1_06d9 [state],k733222e83898
0x06DA,main-ec,symbol,0x06D8-0x06DB,main-ec-002,124,81,3,40,0,0,41,43,44,no,XDATA_06DA,bank1:0x8001=decrement_nonzero_xdata_counters [writer]; bank1:0x8004=read_06c6 [reader]; bank1:0x8005=skip_06c6_decrement [logic]; bank1:0x8007=dec_06c6_value [math]; bank1:0x8008=store_06c6_decrement [writer]; bank1:0x8009=select_06cd [logic]; bank1:0x800C=read_06cd [reader]; bank1:0x800D=skip_06cd_decrement [logic]; bank1:0x800F=dec_06cd_value [math]; bank1:0x8010=store_06cd_decrement [writer]; bank1:0x8011=select_06d1 [logic]; bank1:0x8014=read_06d1_and_test_zero [reader]; bank1:0x8017=dec_06d1_value [math]; bank1:0x8018=store_acc_to_xdata_dptr_8018 [writer]; bank1:0x8019=load_dptr_06d2 [reader]; bank1:0x801C=read_xdata_dptr_801c [reader]; bank1:0x801D=branch_if_acc_zero_to_8021 [gate]; bank1:0x801F=dec_acc_801f [math]; bank1:0x8020=store_acc_to_xdata_dptr_8020 [writer]; bank1:0x8021=load_dptr_06f3 [reader]; bank1:0x8024=read_xdata_dptr_8024 [reader]; bank1:0x8025=branch_if_acc_zero_to_8029 [gate]; bank1:0x8027=dec_acc_8027 [math]; bank1:0x8028=store_acc_and_load_dptr_0635 [writer]; bank1:0x802C=read_xdata_dptr_802c [reader]; bank1:0x802D=branch_if_acc_zero_to_8031 [gate]; bank1:0x802F=dec_acc_802f [math]; bank1:0x8030=store_acc_to_xdata_dptr_8030 [writer]; bank1:0x8031=load_dptr_0636_and_read [reader]; bank1:0x8035=branch_if_acc_zero_to_8039 [gate]; bank1:0x8037=dec_store_and_load_dptr_0637 [writer]; bank1:0x803C=test_and_decrement_0638_after_prior_byte [writer]; bank1:0x8048=store_acc_and_read_0639 [writer]; bank1:0x804D=dec_then_test_063a_with_sign_guard [writer]; bank1:0x8060=branch_if_acc_zero_to_8064 [gate]; bank1:0x8062=dec_store_then_test_and_dec_07f6 [writer]; bank1:0x806C=reload_06d6_with_9_or_return_early [writer]; bank1:0x807E=dec_06c3_and_dec_06d8_gated_on_0440 [writer]; bank1:0x8096=dec_06d9_only_if_both_calls_return_zero [writer]; bank1:0x80AA=dec_timers_06da_08e4_055f_09ce_070b [writer]; bank1:0x8DE4=dispatch_on_0490_0495_0496_0498 [dispatch]; bank1:0x976E=clear_0480_bit0_then_step_05f1_countdown [state]; bank1:0xB784=FUN_CODE_b784; bank1:0xB80A=arm_05f5_countdown_0490_bit5 [state],k733222e83898
0x06DB,main-ec,symbol,0x06D8-0x06DB,main-ec-002,131,89,0,42,0,0,44,42,44,no,XDATA_06DB,bank0:0xB065=ten_count_gate_then_set_1300_and_200f [state]; bank1:0x8001=decrement_nonzero_xdata_counters [writer]; bank1:0x8004=read_06c6 [reader]; bank1:0x8005=skip_06c6_decrement [logic]; bank1:0x8007=dec_06c6_value [math]; bank1:0x8008=store_06c6_decrement [writer]; bank1:0x8009=select_06cd [logic]; bank1:0x800C=read_06cd [reader]; bank1:0x800D=skip_06cd_decrement [logic]; bank1:0x800F=dec_06cd_value [math]; bank1:0x8010=store_06cd_decrement [writer]; bank1:0x8011=select_06d1 [logic]; bank1:0x8014=read_06d1_and_test_zero [reader]; bank1:0x8017=dec_06d1_value [math]; bank1:0x8018=store_acc_to_xdata_dptr_8018 [writer]; bank1:0x8019=load_dptr_06d2 [reader]; bank1:0x801C=read_xdata_dptr_801c [reader]; bank1:0x801D=branch_if_acc_zero_to_8021 [gate]; bank1:0x801F=dec_acc_801f [math]; bank1:0x8020=store_acc_to_xdata_dptr_8020 [writer]; bank1:0x8021=load_dptr_06f3 [reader]; bank1:0x8024=read_xdata_dptr_8024 [reader]; bank1:0x8025=branch_if_acc_zero_to_8029 [gate]; bank1:0x8027=dec_acc_8027 [math]; bank1:0x8028=store_acc_and_load_dptr_0635 [writer]; bank1:0x802C=read_xdata_dptr_802c [reader]; bank1:0x802D=branch_if_acc_zero_to_8031 [gate]; bank1:0x802F=dec_acc_802f [math]; bank1:0x8030=store_acc_to_xdata_dptr_8030 [writer]; bank1:0x8031=load_dptr_0636_and_read [reader]; bank1:0x8035=branch_if_acc_zero_to_8039 [gate]; bank1:0x8037=dec_store_and_load_dptr_0637 [writer]; bank1:0x803C=test_and_decrement_0638_after_prior_byte [writer]; bank1:0x8048=store_acc_and_read_0639 [writer]; bank1:0x804D=dec_then_test_063a_with_sign_guard [writer]; bank1:0x8060=branch_if_acc_zero_to_8064 [gate]; bank1:0x8062=dec_store_then_test_and_dec_07f6 [writer]; bank1:0x806C=reload_06d6_with_9_or_return_early [writer]; bank1:0x807E=dec_06c3_and_dec_06d8_gated_on_0440 [writer]; bank1:0x8096=dec_06d9_only_if_both_calls_return_zero [writer]; bank1:0x80AA=dec_timers_06da_08e4_055f_09ce_070b [writer]; bank1:0x80D6=clear_0460_0468_when_0706_reaches_zero [writer]; bank1:0x80EF=dec_timers_and_set_expiry_flags [writer]; bank1:0x9733=sync_085a_from_iram28_and_call_896a [state],k733222e83898
0x06E1,main-ec,DAT_EXTMEM,0x06E1-0x06E4,main-ec-072,71,41,0,30,0,0,13,12,13,no,,bank1:0x8418=zero_1510_and_clear_xdata_flag_bits [state]; bank1:0x8AE5=probe_159a_19f0_0983_then_dispatch [dispatch]; bank1:0x8B01=load_dptr_097f [reader]; bank1:0x8B04=countdown_06c0_latch_097f_bit0 [state]; bank1:0x8B8F=clear_0480_bit4_set_0459_01_06e1_a0 [state]; bank1:0x8BB2=set_0480_50_zero_048f_0459_02_06e1_a0 [state]; bank1:0x8CEC=gate_then_copy_2200_to_075f [gate]; bank1:0x8D62=FUN_CODE_8d62; bank1:0x8D83=count_down_0678_0679_pair [state]; bank1:0x8F6B=FUN_CODE_8f6b; bank1:0x9004=load_dptr_06ce [unresolved]; bank1:0x9007=store_a_to_xdata_at_dptr_2 [unresolved]; bank1:0x9008=update_06cf_countdown_and_06e1_bits [state],kc0518f374dab
0x06E2,main-ec,DAT_EXTMEM,0x06E1-0x06E4,main-ec-286,5,3,0,2,0,0,1,1,1,yes,,bank0:0xAB6E=set_06e2_bit0_from_c412 [state],k418e74003429
0x06E3,main-ec,DAT_EXTMEM,0x06E1-0x06E4,main-ec-139,3,2,0,1,0,0,2,1,2,no,,bank0:0xC086=dispatch_1608_bit5_on_06e3 [dispatch]; bank1:0x9081=count_down_06e4_and_toggle_06e3 [state],k33bfb2278437
0x06E4,main-ec,DAT_EXTMEM,0x06E1-0x06E4,main-ec-139,4,2,1,1,0,0,1,1,1,yes,,bank1:0x9081=count_down_06e4_and_toggle_06e3 [state],k33bfb2278437
0x06E6,main-ec,DAT_EXTMEM,0x06E6-0x06EC,main-ec-184,73,69,4,0,0,0,48,4,51,no,,bank0:0x8749=mode_tick_084c_07a5_09ee [state]; bank0:0x9049=countdown_0806_and_branch_on_0490 [logic]; bank0:0x90FE=update_flag_bits_in_0723 [logic]; bank0:0x9334=seed_tcc_defaults_from_ba36 [init]; bank0:0x9CA6=gate_06e6_442_then_sync_046a_from_086b [state]; bank0:0xA2E0=step_0859_then_toggle_0858_bit0 [state]; bank0:0xA663=gate_0767_06e6_0741_then_dispatch_076f [dispatch]; bank0:0xA97B=dispatch_on_06e6_and_0741 [dispatch]; bank0:0xAB6E=set_06e2_bit0_from_c412 [state]; bank0:0xAC08=dispatch_on_0751_bits [dispatch]; bank0:0xB065=ten_count_gate_then_set_1300_and_200f [state]; bank0:0xB5D3=FUN_CODE_b5d3; bank0:0xB9D8=read_06e6_xor_01 [logic]; bank0:0xCC64=init_06e6_1_clear_0743_07c5_and_07d5_ff [init]; bank0:0xCCFC=power_on_init_and_two_hang_paths [init]; bank0:0xCF48=dispatch_06e6_after_counting_down_06e8_pair [dispatch]; bank0:0xCF96=arm_index_06e7_for_dispatch_06e6 [state]; bank0:0xDFDF=gate_06e6_then_store_0464 [math]; bank0:0xE010=load_06e6 [reader]; bank0:0xF239=gate_06e6_then_dispatch_0e01 [gate]; bank1:0x88F0=push_r5_into_070f_ring_when_gates_pass [writer]; bank1:0x8915=saturating_count_09f0_then_call_88f0 [state]; bank1:0x896A=gate_06e6_0440_then_call_89b5 [gate]; bank1:0x8DE4=dispatch_on_0490_0495_0496_0498 [dispatch]; bank1:0x8F6B=FUN_CODE_8f6b; bank1:0x9004=load_dptr_06ce [unresolved]; bank1:0x9007=store_a_to_xdata_at_dptr_2 [unresolved]; bank1:0x9008=update_06cf_countdown_and_06e1_bits [state]; bank1:0x9081=count_down_06e4_and_toggle_06e3 [state]; bank1:0x90B0=forward_to_90b8 [forwarder]; bank1:0x90B8=step_counter_084e_dispatch [dispatch]; bank1:0x9202=step_0628_nibble_against_92dc_table [logic]; bank1:0x9373=gate_0456_80_and_06e6_01 [gate]; bank1:0x94FA=magic_55aa_and_0704_countdown [state]; bank1:0x95B7=load_0704_from_045d_then_branch [logic]; bank1:0x976E=clear_0480_bit0_then_step_05f1_countdown [state]; bank1:0x9817=enter_state_0480_05f1_06d9 [state]; bank1:0x9B03=countdown_068d_then_branch_on_r7 [logic]; bank1:0x9CC0=gate_04fe_06e6_call_19a8 [gate]; bank1:0xA3F7=tick_0750_countdown [state]; bank1:0xA4CF=send_ea_to_9ed4_when_06e6_eq_05 [logic]; bank1:0xA501=gate_0442_06e6_before_call_1a7a [gate]; bank1:0xA9B4=step_state_0845 [state]; bank1:0xBE10=FUN_CODE_be10; bank1:0xBE91=pick_0f80_0800_0bb0_1800_1f00 [dispatch]; bank1:0xF104=sjmp_f160 [forwarder]; bank1:0xF10D=ljmp_f219 [forwarder]; bank1:0xF110=ljmp_f246 [forwarder]; bank1:0xF160=toggle_045b_bit0_set_0709_bit0 [writer]; bank1:0xF219=set_0636_0a_toggle_047b_02_set_097a_02 [writer]; bank1:0xF246=if_045a_bit4_set_toggle_047b_10_set_0637_0a [writer],kfe9346f77fe9
0x06E7,main-ec,DAT_EXTMEM,0x06E6-0x06EC,main-ec-198,30,26,1,2,0,1,11,3,12,no,,bank0:0xCDE4=walk_index_06e7_up_to_1e_table_6bca [state]; bank0:0xCE37=walk_index_06e7_up_to_17_table_6c65 [state]; bank0:0xCE9E=load_index_06e7_head_of_cea2_loop [state]; bank0:0xCEA2=walk_index_06e7_up_to_0d_table_6cdd [state]; bank0:0xCEE9=walk_index_06e7_up_to_10_table_6d23 [state]; bank0:0xCF96=arm_index_06e7_for_dispatch_06e6 [state]; bank0:0xCFF6=load_stride5_table_word_into_06e8_pair [copy]; bank0:0xD005=movc_two_code_bytes_into_06e8_06e9 [copy]; bank0:0xD01A=indirect_code_jump_via_stride5_table_6cd9 [dispatch]; bank0:0xD038=mul_06e7_by_5 [math]; bank0:0xD041=read_06e7 [reader]; bank0:0xD053=add2_06e7 [writer],k4ba4543f454e
0x06E8,main-ec,DAT_EXTMEM,0x06E6-0x06EC,main-ec-128,9,6,3,0,0,0,3,3,6,no,,bank0:0xCF48=dispatch_06e6_after_counting_down_06e8_pair [dispatch]; bank0:0xCF96=arm_index_06e7_for_dispatch_06e6 [state]; bank0:0xCFF6=load_stride5_table_word_into_06e8_pair [copy]; bank0:0xD005=movc_two_code_bytes_into_06e8_06e9 [copy]; bank0:0xD041=read_06e7 [reader]; bank0:0xD045=inc_06e7_clear_06ea_eb_read_06e8 [writer],kd350a839ec8d
0x06E9,main-ec,DAT_EXTMEM,0x06E6-0x06EC,main-ec-128,5,2,3,0,0,0,1,3,4,no,,bank0:0xCF48=dispatch_06e6_after_counting_down_06e8_pair [dispatch]; bank0:0xCF96=arm_index_06e7_for_dispatch_06e6 [state]; bank0:0xCFF6=load_stride5_table_word_into_06e8_pair [copy]; bank0:0xD005=movc_two_code_bytes_into_06e8_06e9 [copy],kd350a839ec8d
0x06EA,main-ec,DAT_EXTMEM,0x06E6-0x06EC,main-ec-129,7,2,5,0,0,0,1,5,5,no,,bank0:0xCA53=tick_06ea_against_period_in_0a56 [math]; bank0:0xCDE4=walk_index_06e7_up_to_1e_table_6bca [state]; bank0:0xCE37=walk_index_06e7_up_to_17_table_6c65 [state]; bank0:0xD041=read_06e7 [reader]; bank0:0xD045=inc_06e7_clear_06ea_eb_read_06e8 [writer],k73464dd72789
0x06EB,main-ec,DAT_EXTMEM,0x06E6-0x06EC,main-ec-129,7,1,5,0,0,1,1,5,5,no,,bank0:0xCA53=tick_06ea_against_period_in_0a56 [math]; bank0:0xCDE4=walk_index_06e7_up_to_1e_table_6bca [state]; bank0:0xCE37=walk_index_06e7_up_to_17_table_6c65 [state]; bank0:0xD041=read_06e7 [reader]; bank0:0xD045=inc_06e7_clear_06ea_eb_read_06e8 [writer],k73464dd72789
0x06EC,main-ec,DAT_EXTMEM,0x06E6-0x06EC,main-ec-356,1,0,1,0,0,0,0,1,1,yes,,bank0:0xD05D=set_06ec_1 [writer],k472ac5f3a8a3
0x06F1,main-ec,DAT_EXTMEM,0x06F1-0x06F3,main-ec-011,1,0,1,0,0,0,0,1,1,yes,,bank1:0x94FA=magic_55aa_and_0704_countdown [state],k2a30862cf8eb
0x06F2,main-ec,DAT_EXTMEM,0x06F1-0x06F3,main-ec-011,2,0,2,0,0,0,0,2,2,no,,bank1:0x94FA=magic_55aa_and_0704_countdown [state]; bank1:0x9817=enter_state_0480_05f1_06d9 [state],k2a30862cf8eb
0x06F3,main-ec,symbol,0x06F1-0x06F3,main-ec-002,60,40,0,20,0,0,20,20,20,no,XDATA_06F3,bank1:0x8001=decrement_nonzero_xdata_counters [writer]; bank1:0x8004=read_06c6 [reader]; bank1:0x8005=skip_06c6_decrement [logic]; bank1:0x8007=dec_06c6_value [math]; bank1:0x8008=store_06c6_decrement [writer]; bank1:0x8009=select_06cd [logic]; bank1:0x800C=read_06cd [reader]; bank1:0x800D=skip_06cd_decrement [logic]; bank1:0x800F=dec_06cd_value [math]; bank1:0x8010=store_06cd_decrement [writer]; bank1:0x8011=select_06d1 [logic]; bank1:0x8014=read_06d1_and_test_zero [reader]; bank1:0x8017=dec_06d1_value [math]; bank1:0x8018=store_acc_to_xdata_dptr_8018 [writer]; bank1:0x8019=load_dptr_06d2 [reader]; bank1:0x801C=read_xdata_dptr_801c [reader]; bank1:0x801D=branch_if_acc_zero_to_8021 [gate]; bank1:0x801F=dec_acc_801f [math]; bank1:0x8020=store_acc_to_xdata_dptr_8020 [writer]; bank1:0x8021=load_dptr_06f3 [reader],k733222e83898
0x06F7,main-ec,DAT_EXTMEM,0x06F7-0x06FA,main-ec-011,1,0,1,0,0,0,0,1,1,yes,,bank1:0x94FA=magic_55aa_and_0704_countdown [state],k2a30862cf8eb
0x06F8,main-ec,DAT_EXTMEM,0x06F7-0x06FA,main-ec-325,2,1,1,0,0,0,1,1,1,yes,,bank1:0x8A6C=clear_06f8_bit3_then_call_abce [writer],k6b955213b549
0x06F9,main-ec,DAT_EXTMEM,0x06F7-0x06FA,main-ec-250,8,5,1,2,0,0,3,3,3,no,,bank1:0x8A98=tick_06f9_and_dispatch_table_8a80 [dispatch]; bank1:0x8AA7=clear_06f9_bits_0_3_then_call_abee [writer]; bank1:0x8ABB=FUN_CODE_8abb,ke5815b30c0b8
0x06FA,main-ec,DAT_EXTMEM,0x06F7-0x06FA,main-ec-287,5,3,1,1,0,0,1,1,1,yes,,bank1:0x8ABB=FUN_CODE_8abb,ke9c80322b4c8
0x06FD,main-ec,DAT_EXTMEM,0x06FD-0x06FF,main-ec-109,17,11,1,5,0,0,1,1,1,yes,,bank1:0x966C=step_06fd_06fe_06ff_counters_via_1a32 [state],k29f74cf07797
0x06FE,main-ec,DAT_EXTMEM,0x06FD-0x06FF,main-ec-109,26,17,1,8,0,0,1,1,1,yes,,bank1:0x966C=step_06fd_06fe_06ff_counters_via_1a32 [state],k29f74cf07797
0x06FF,main-ec,DAT_EXTMEM,0x06FD-0x06FF,main-ec-108,38,23,1,14,0,0,7,7,7,no,,bank1:0x966C=step_06fd_06fe_06ff_counters_via_1a32 [state]; bank1:0xF113=thunk_to_f275 [forwarder]; bank1:0xF116=thunk_to_f290 [forwarder]; bank1:0xF119=thunk_to_f2ad [forwarder]; bank1:0xF275=set_06ff_80_else_toggle_0471_80 [writer]; bank1:0xF290=if_06cd_zero_set_02_set_06ff_20 [writer]; bank1:0xF2AD=if_06cd_zero_set_02_set_06ff_40 [writer],k28e05c7cc965
0x0704,main-ec,DAT_EXTMEM,0x0704-0x0707,main-ec-017,12,2,9,1,0,0,1,7,7,no,,bank0:0xDD3D=store_0d32_to_045d_0704 [writer]; bank1:0x8AE5=probe_159a_19f0_0983_then_dispatch [dispatch]; bank1:0x8B01=load_dptr_097f [reader]; bank1:0x8B04=countdown_06c0_latch_097f_bit0 [state]; bank1:0x8CEC=gate_then_copy_2200_to_075f [gate]; bank1:0x94FA=magic_55aa_and_0704_countdown [state]; bank1:0x95AE=copy_045d_to_0704 [copy],k8752aa6b045e
0x0705,main-ec,DAT_EXTMEM,0x0704-0x0707,main-ec-297,4,4,0,0,0,0,4,0,4,no,,bank1:0xB98D=threshold_dispatch_0438_by_0491 [dispatch]; bank1:0xBA43=gate_chain_to_0491_bit0 [gate]; bank1:0xBFBB=FUN_CODE_bfbb; bank1:0xC032=FUN_CODE_c032,kea1fa8f7cef8
0x0706,main-ec,symbol,0x0704-0x0707,main-ec-002,160,120,0,40,0,0,40,40,40,no,XDATA_0706,bank1:0x8001=decrement_nonzero_xdata_counters [writer]; bank1:0x8004=read_06c6 [reader]; bank1:0x8005=skip_06c6_decrement [logic]; bank1:0x8007=dec_06c6_value [math]; bank1:0x8008=store_06c6_decrement [writer]; bank1:0x8009=select_06cd [logic]; bank1:0x800C=read_06cd [reader]; bank1:0x800D=skip_06cd_decrement [logic]; bank1:0x800F=dec_06cd_value [math]; bank1:0x8010=store_06cd_decrement [writer]; bank1:0x8011=select_06d1 [logic]; bank1:0x8014=read_06d1_and_test_zero [reader]; bank1:0x8017=dec_06d1_value [math]; bank1:0x8018=store_acc_to_xdata_dptr_8018 [writer]; bank1:0x8019=load_dptr_06d2 [reader]; bank1:0x801C=read_xdata_dptr_801c [reader]; bank1:0x801D=branch_if_acc_zero_to_8021 [gate]; bank1:0x801F=dec_acc_801f [math]; bank1:0x8020=store_acc_to_xdata_dptr_8020 [writer]; bank1:0x8021=load_dptr_06f3 [reader]; bank1:0x8024=read_xdata_dptr_8024 [reader]; bank1:0x8025=branch_if_acc_zero_to_8029 [gate]; bank1:0x8027=dec_acc_8027 [math]; bank1:0x8028=store_acc_and_load_dptr_0635 [writer]; bank1:0x802C=read_xdata_dptr_802c [reader]; bank1:0x802D=branch_if_acc_zero_to_8031 [gate]; bank1:0x802F=dec_acc_802f [math]; bank1:0x8030=store_acc_to_xdata_dptr_8030 [writer]; bank1:0x8031=load_dptr_0636_and_read [reader]; bank1:0x8035=branch_if_acc_zero_to_8039 [gate]; bank1:0x8037=dec_store_and_load_dptr_0637 [writer]; bank1:0x803C=test_and_decrement_0638_after_prior_byte [writer]; bank1:0x8048=store_acc_and_read_0639 [writer]; bank1:0x804D=dec_then_test_063a_with_sign_guard [writer]; bank1:0x8060=branch_if_acc_zero_to_8064 [gate]; bank1:0x8062=dec_store_then_test_and_dec_07f6 [writer]; bank1:0x806C=reload_06d6_with_9_or_return_early [writer]; bank1:0x807E=dec_06c3_and_dec_06d8_gated_on_0440 [writer]; bank1:0x8096=dec_06d9_only_if_both_calls_return_zero [writer]; bank1:0x80AA=dec_timers_06da_08e4_055f_09ce_070b [writer],k733222e83898
0x0707,main-ec,DAT_EXTMEM,0x0704-0x0707,main-ec-313,3,2,1,0,0,0,1,1,1,yes,,bank1:0xA1F6=pass_0707_to_88f0_when_045f_eq_db [logic],k7c4481ce0d13
0x0709,main-ec,DAT_EXTMEM,0x0709-0x070F,main-ec-261,7,4,0,3,0,0,4,3,4,no,,bank1:0xC638=clear_bit0_of_0755_and_0709 [writer]; bank1:0xC647=gate_0709b0_into_045b_branch [gate]; bank1:0xF104=sjmp_f160 [forwarder]; bank1:0xF160=toggle_045b_bit0_set_0709_bit0 [writer],k4b73e0e33a2f
0x070A,main-ec,DAT_EXTMEM,0x0709-0x070F,main-ec-001,8,5,0,3,0,0,4,3,4,no,,bank0:0x8B14=FUN_CODE_8b14; bank0:0x8C46=ramp_1804_1809_toward_0461_0469 [state]; bank0:0x8DE0=ramp_1804_toward_0670_and_set_1809 [state]; bank0:0xBEBE=mod_070a_by_r5 [math],k7497cf885614
0x070B,main-ec,symbol,0x0709-0x070F,main-ec-002,121,80,1,40,0,0,40,41,41,no,XDATA_070B,bank1:0x8001=decrement_nonzero_xdata_counters [writer]; bank1:0x8004=read_06c6 [reader]; bank1:0x8005=skip_06c6_decrement [logic]; bank1:0x8007=dec_06c6_value [math]; bank1:0x8008=store_06c6_decrement [writer]; bank1:0x8009=select_06cd [logic]; bank1:0x800C=read_06cd [reader]; bank1:0x800D=skip_06cd_decrement [logic]; bank1:0x800F=dec_06cd_value [math]; bank1:0x8010=store_06cd_decrement [writer]; bank1:0x8011=select_06d1 [logic]; bank1:0x8014=read_06d1_and_test_zero [reader]; bank1:0x8017=dec_06d1_value [math]; bank1:0x8018=store_acc_to_xdata_dptr_8018 [writer]; bank1:0x8019=load_dptr_06d2 [reader]; bank1:0x801C=read_xdata_dptr_801c [reader]; bank1:0x801D=branch_if_acc_zero_to_8021 [gate]; bank1:0x801F=dec_acc_801f [math]; bank1:0x8020=store_acc_to_xdata_dptr_8020 [writer]; bank1:0x8021=load_dptr_06f3 [reader]; bank1:0x8024=read_xdata_dptr_8024 [reader]; bank1:0x8025=branch_if_acc_zero_to_8029 [gate]; bank1:0x8027=dec_acc_8027 [math]; bank1:0x8028=store_acc_and_load_dptr_0635 [writer]; bank1:0x802C=read_xdata_dptr_802c [reader]; bank1:0x802D=branch_if_acc_zero_to_8031 [gate]; bank1:0x802F=dec_acc_802f [math]; bank1:0x8030=store_acc_to_xdata_dptr_8030 [writer]; bank1:0x8031=load_dptr_0636_and_read [reader]; bank1:0x8035=branch_if_acc_zero_to_8039 [gate]; bank1:0x8037=dec_store_and_load_dptr_0637 [writer]; bank1:0x803C=test_and_decrement_0638_after_prior_byte [writer]; bank1:0x8048=store_acc_and_read_0639 [writer]; bank1:0x804D=dec_then_test_063a_with_sign_guard [writer]; bank1:0x8060=branch_if_acc_zero_to_8064 [gate]; bank1:0x8062=dec_store_then_test_and_dec_07f6 [writer]; bank1:0x806C=reload_06d6_with_9_or_return_early [writer]; bank1:0x807E=dec_06c3_and_dec_06d8_gated_on_0440 [writer]; bank1:0x8096=dec_06d9_only_if_both_calls_return_zero [writer]; bank1:0x80AA=dec_timers_06da_08e4_055f_09ce_070b [writer]; bank1:0x976E=clear_0480_bit0_then_step_05f1_countdown [state],k733222e83898
0x070C,main-ec,DAT_EXTMEM,0x0709-0x070F,main-ec-080,8,6,2,0,0,0,3,2,4,no,,bank1:0x9F04=dispatch_on_dpl_5b_7b_40 [dispatch]; bank1:0xA211=call_88f0_then_clear_07f3_and_070c [logic]; bank1:0xC647=gate_0709b0_into_045b_branch [gate]; bank1:0xC659=toggle_045b_b0_and_0758_b3 [state],k62adf5b89aaa
0x070D,main-ec,symbol,0x0709-0x070F,main-ec-002,132,87,3,42,0,0,45,45,48,no,XDATA_070D,bank1:0x8001=decrement_nonzero_xdata_counters [writer]; bank1:0x8004=read_06c6 [reader]; bank1:0x8005=skip_06c6_decrement [logic]; bank1:0x8007=dec_06c6_value [math]; bank1:0x8008=store_06c6_decrement [writer]; bank1:0x8009=select_06cd [logic]; bank1:0x800C=read_06cd [reader]; bank1:0x800D=skip_06cd_decrement [logic]; bank1:0x800F=dec_06cd_value [math]; bank1:0x8010=store_06cd_decrement [writer]; bank1:0x8011=select_06d1 [logic]; bank1:0x8014=read_06d1_and_test_zero [reader]; bank1:0x8017=dec_06d1_value [math]; bank1:0x8018=store_acc_to_xdata_dptr_8018 [writer]; bank1:0x8019=load_dptr_06d2 [reader]; bank1:0x801C=read_xdata_dptr_801c [reader]; bank1:0x801D=branch_if_acc_zero_to_8021 [gate]; bank1:0x801F=dec_acc_801f [math]; bank1:0x8020=store_acc_to_xdata_dptr_8020 [writer]; bank1:0x8021=load_dptr_06f3 [reader]; bank1:0x8024=read_xdata_dptr_8024 [reader]; bank1:0x8025=branch_if_acc_zero_to_8029 [gate]; bank1:0x8027=dec_acc_8027 [math]; bank1:0x8028=store_acc_and_load_dptr_0635 [writer]; bank1:0x802C=read_xdata_dptr_802c [reader]; bank1:0x802D=branch_if_acc_zero_to_8031 [gate]; bank1:0x802F=dec_acc_802f [math]; bank1:0x8030=store_acc_to_xdata_dptr_8030 [writer]; bank1:0x8031=load_dptr_0636_and_read [reader]; bank1:0x8035=branch_if_acc_zero_to_8039 [gate]; bank1:0x8037=dec_store_and_load_dptr_0637 [writer]; bank1:0x803C=test_and_decrement_0638_after_prior_byte [writer]; bank1:0x8048=store_acc_and_read_0639 [writer]; bank1:0x804D=dec_then_test_063a_with_sign_guard [writer]; bank1:0x8060=branch_if_acc_zero_to_8064 [gate]; bank1:0x8062=dec_store_then_test_and_dec_07f6 [writer]; bank1:0x806C=reload_06d6_with_9_or_return_early [writer]; bank1:0x807E=dec_06c3_and_dec_06d8_gated_on_0440 [writer]; bank1:0x8096=dec_06d9_only_if_both_calls_return_zero [writer]; bank1:0x80AA=dec_timers_06da_08e4_055f_09ce_070b [writer]; bank1:0x80D6=clear_0460_0468_when_0706_reaches_zero [writer]; bank1:0x80EF=dec_timers_and_set_expiry_flags [writer]; bank1:0xC614=gate_0755_and_0440_dispatch [gate]; bank1:0xC647=gate_0709b0_into_045b_branch [gate]; bank1:0xC659=toggle_045b_b0_and_0758_b3 [state]; bank1:0xC6B0=set_070d_to_5_then_jump_to_c638 [writer]; bank1:0xF104=sjmp_f160 [forwarder]; bank1:0xF160=toggle_045b_bit0_set_0709_bit0 [writer],k733222e83898
0x070E,main-ec,DAT_EXTMEM,0x0709-0x070F,main-ec-060,4,2,1,1,0,0,1,1,1,yes,,bank1:0xA24E=FUN_CODE_a24e,k72e7ada81d34
0x070F,main-ec,DAT_EXTMEM,0x0709-0x070F,main-ec-262,7,4,2,1,0,0,3,3,3,no,,bank1:0x88F0=push_r5_into_070f_ring_when_gates_pass [writer]; bank1:0x8901=inc_accumulator_070f_index [math]; bank1:0x8902=mask_and_store_to_070f_ring [writer],kdc04cf3a80a9
0x0720,main-ec,DAT_EXTMEM,0x0720-0x0720,main-ec-001,20,10,2,8,0,0,8,10,10,no,,bank0:0xACB4=reset_xdata_flags_and_07d5_to_ff [init]; bank1:0x8300=clear_and_set_xdata_flag_bits [state]; bank1:0x9F04=dispatch_on_dpl_5b_7b_40 [dispatch]; bank1:0xA064=gate_045a_bit0_set_0724_bit4 [logic]; bank1:0xA0CC=set_0724_bit5_when_gates_pass [logic]; bank1:0xA12D=set_0724_bit7_after_06c5_threshold [logic]; bank1:0xF109=ljmp_f196 [forwarder]; bank1:0xF123=thunk_to_f198 [forwarder]; bank1:0xF196=sjmp_to_f198 [forwarder]; bank1:0xF198=gate_045a_e0_bits_into_047b_0720_097a [writer],k7497cf885614
0x0722,main-ec,DAT_EXTMEM,0x0722-0x0725,main-ec-057,4,2,1,1,0,0,1,1,1,yes,,bank1:0xB784=FUN_CODE_b784,kfa7f87523dc9
0x0723,main-ec,symbol,0x0722-0x0725,main-ec-002,120,60,1,59,0,0,53,54,54,no,XDATA_0723,bank0:0x90FE=update_flag_bits_in_0723 [logic]; bank0:0x95DD=fill_08xx_from_code_table [copy]; bank0:0x96AD=apply_oem_overrides_then_fill_08xx [copy]; bank0:0xA00E=seed_0872_087a_088a_then_select_level [state]; bank0:0xA139=FUN_CODE_a139; bank0:0xA1A8=set_state_bytes_then_0xa1c8 [writer]; bank0:0xA1C8=select_code_table_entry_and_store_0872_087a_088a [dispatch]; bank0:0xBE0D=set_bit6_in_x0723 [writer]; bank1:0x8001=decrement_nonzero_xdata_counters [writer]; bank1:0x8004=read_06c6 [reader]; bank1:0x8005=skip_06c6_decrement [logic]; bank1:0x8007=dec_06c6_value [math]; bank1:0x8008=store_06c6_decrement [writer]; bank1:0x8009=select_06cd [logic]; bank1:0x800C=read_06cd [reader]; bank1:0x800D=skip_06cd_decrement [logic]; bank1:0x800F=dec_06cd_value [math]; bank1:0x8010=store_06cd_decrement [writer]; bank1:0x8011=select_06d1 [logic]; bank1:0x8014=read_06d1_and_test_zero [reader]; bank1:0x8017=dec_06d1_value [math]; bank1:0x8018=store_acc_to_xdata_dptr_8018 [writer]; bank1:0x8019=load_dptr_06d2 [reader]; bank1:0x801C=read_xdata_dptr_801c [reader]; bank1:0x801D=branch_if_acc_zero_to_8021 [gate]; bank1:0x801F=dec_acc_801f [math]; bank1:0x8020=store_acc_to_xdata_dptr_8020 [writer]; bank1:0x8021=load_dptr_06f3 [reader]; bank1:0x8024=read_xdata_dptr_8024 [reader]; bank1:0x8025=branch_if_acc_zero_to_8029 [gate]; bank1:0x8027=dec_acc_8027 [math]; bank1:0x8028=store_acc_and_load_dptr_0635 [writer]; bank1:0x802C=read_xdata_dptr_802c [reader]; bank1:0x802D=branch_if_acc_zero_to_8031 [gate]; bank1:0x802F=dec_acc_802f [math]; bank1:0x8030=store_acc_to_xdata_dptr_8030 [writer]; bank1:0x8031=load_dptr_0636_and_read [reader]; bank1:0x8035=branch_if_acc_zero_to_8039 [gate]; bank1:0x8037=dec_store_and_load_dptr_0637 [writer]; bank1:0x803C=test_and_decrement_0638_after_prior_byte [writer]; bank1:0x8048=store_acc_and_read_0639 [writer]; bank1:0x804D=dec_then_test_063a_with_sign_guard [writer]; bank1:0x8060=branch_if_acc_zero_to_8064 [gate]; bank1:0x8062=dec_store_then_test_and_dec_07f6 [writer]; bank1:0x806C=reload_06d6_with_9_or_return_early [writer]; bank1:0x807E=dec_06c3_and_dec_06d8_gated_on_0440 [writer]; bank1:0x8096=dec_06d9_only_if_both_calls_return_zero [writer]; bank1:0x80AA=dec_timers_06da_08e4_055f_09ce_070b [writer]; bank1:0x80D6=clear_0460_0468_when_0706_reaches_zero [writer]; bank1:0x80EF=dec_timers_and_set_expiry_flags [writer]; bank1:0x92BF=clamp_a_to_7_and_set_0723_08e2 [logic]; bank1:0x9817=enter_state_0480_05f1_06d9 [state]; bank1:0xC43B=gate_on_06d4_mod10 [logic]; bank1:0xC6B8=gate_0458b7_set_0723b2_from_045c [logic],k733222e83898
0x0724,main-ec,DAT_EXTMEM,0x0722-0x0725,main-ec-222,15,9,0,6,0,0,6,6,6,no,,bank1:0x9FCB=tick_0724_bit4_decrement_067e [state]; bank1:0x9FF0=FUN_CODE_9ff0; bank1:0xA029=decrement_067c_then_clear_0724_bit5 [logic]; bank1:0xA064=gate_045a_bit0_set_0724_bit4 [logic]; bank1:0xA0CC=set_0724_bit5_when_gates_pass [logic]; bank1:0xA12D=set_0724_bit7_after_06c5_threshold [logic],k67dbc0bdb524
0x0725,main-ec,DAT_EXTMEM,0x0722-0x0725,main-ec-357,1,0,1,0,0,0,0,1,1,yes,,bank1:0xA380=clear_0725 [writer],k07d3db6752fc
0x072C,main-ec,DAT_EXTMEM,0x072C-0x072D,main-ec-080,4,3,0,1,0,0,1,1,1,yes,,bank1:0x9F04=dispatch_on_dpl_5b_7b_40 [dispatch],k62adf5b89aaa
0x072D,main-ec,DAT_EXTMEM,0x072C-0x072D,main-ec-001,5,3,0,2,0,0,2,2,2,no,,bank0:0xACB4=reset_xdata_flags_and_07d5_to_ff [init]; bank1:0xA1BF=dispatch_045a_bits_to_1a44_1a5c_1a50 [dispatch],k7497cf885614
0x0730,main-ec,symbol,0x0730-0x0732,main-ec-019,2,0,2,0,0,0,0,1,1,yes,MODE_PL_DEFAULTS_GAMING_PL1_0,bank0:0x94D0=copy_code_table_into_0730_07a7 [copy],k0627d53fae6b
0x0731,main-ec,symbol,0x0730-0x0732,main-ec-019,1,0,1,0,0,0,0,1,1,yes,MODE_PL_DEFAULTS_GAMING_PL2_1,bank0:0x94D0=copy_code_table_into_0730_07a7 [copy],k0627d53fae6b
0x0732,main-ec,symbol,0x0730-0x0732,main-ec-019,1,0,1,0,0,0,0,1,1,yes,MODE_PL_DEFAULTS_GAMING_PL4_2,bank0:0x94D0=copy_code_table_into_0730_07a7 [copy],k0627d53fae6b
0x0734,main-ec,symbol,0x0734-0x0734,main-ec-358,1,0,1,0,0,0,0,1,1,yes,MODE_PL_DEFAULTS_OFFICE_PL1_4,bank0:0xBEC8=load_code_byte_to_0734 [copy],k2e899d3f14cc
0x0736,main-ec,symbol,0x0736-0x0737,main-ec-359,1,0,1,0,0,0,0,1,1,yes,MODE_PL_DEFAULTS_OFFICE_PL4_6,bank0:0xBED2=load_code_byte_to_0736 [copy],k1ee1a23cda6a
0x0737,main-ec,symbol,0x0736-0x0737,main-ec-019,2,0,2,0,0,0,0,1,1,yes,MODE_PL_DEFAULTS_OFFICE_DSTATE_7,bank0:0x94D0=copy_code_table_into_0730_07a7 [copy],k0627d53fae6b
0x0739,main-ec,DAT_EXTMEM,0x0739-0x073A,main-ec-055,1,0,1,0,0,0,0,1,1,yes,,bank0:0x8653=seed_fan_table_base [init],k47146e6017d0
0x073A,main-ec,DAT_EXTMEM,0x0739-0x073A,main-ec-055,4,2,2,0,0,0,1,1,1,yes,,bank0:0x8653=seed_fan_table_base [init],k47146e6017d0
0x073C,main-ec,DAT_EXTMEM,0x073C-0x073C,main-ec-001,26,22,0,2,0,2,8,2,8,no,,bank0:0x8F20=state_0817_dispatch [state]; bank0:0xA747=stage_0769_076e_convert_to_1803 [state]; bank0:0xA97B=dispatch_on_06e6_and_0741 [dispatch]; bank0:0xAC4A=toggle_08e2_bit4 [state]; bank0:0xACB4=reset_xdata_flags_and_07d5_to_ff [init]; bank0:0xC55F=FUN_CODE_c55f; bank0:0xC5BD=FUN_CODE_c5bd; bank0:0xD9FE=seed_07d3_gfid_and_08xx_defaults [init],k7497cf885614
0x073F,main-ec,DAT_EXTMEM,0x073F-0x0746,main-ec-060,2,0,2,0,0,0,0,2,2,no,,bank0:0xA96B=clear_073f_and_0899 [writer]; bank1:0xA24E=FUN_CODE_a24e,k72e7ada81d34
0x0740,main-ec,symbol,0x073F-0x0746,main-ec-001,1,0,1,0,0,0,0,1,1,yes,PROJECT_ID,bank0:0xD9FE=seed_07d3_gfid_and_08xx_defaults [init],k7497cf885614
0x0741,main-ec,symbol,0x073F-0x0746,main-ec-191,57,45,0,11,0,1,30,6,30,no,AP_OEM,bank0:0x8749=mode_tick_084c_07a5_09ee [state]; bank0:0x888D=fan_table_mailbox_handler [dispatch]; bank0:0x8931=threshold_cascade_from_08eb_085f [unresolved]; bank0:0x8B14=FUN_CODE_8b14; bank0:0x8C46=ramp_1804_1809_toward_0461_0469 [state]; bank0:0x9334=seed_tcc_defaults_from_ba36 [init]; bank0:0x93FE=load_r7_into_a [reader]; bank0:0x93FF=select_table_byte_against_044f [logic]; bank0:0x948D=code_byte_to_0a4a_then_push_r7 [copy]; bank0:0x95DD=fill_08xx_from_code_table [copy]; bank0:0x96AD=apply_oem_overrides_then_fill_08xx [copy]; bank0:0xA663=gate_0767_06e6_0741_then_dispatch_076f [dispatch]; bank0:0xA7C8=FUN_CODE_a7c8; bank0:0xA97B=dispatch_on_06e6_and_0741 [dispatch]; bank0:0xAB9E=set_0751_and_07a6_bits [state]; bank0:0xAC4A=toggle_08e2_bit4 [state]; bank0:0xACB4=reset_xdata_flags_and_07d5_to_ff [init]; bank0:0xB12C=manual_ctrl_profile_gate [gate]; bank0:0xBD03=clear_0741_bit0_and_08e2_bit4 [writer]; bank0:0xC55F=FUN_CODE_c55f; bank0:0xC5BD=FUN_CODE_c5bd; bank0:0xCF48=dispatch_06e6_after_counting_down_06e8_pair [dispatch]; bank0:0xCFC6=collect_two_flags_into_0816_then_raise_ap_oem_bit7 [logic]; bank1:0x976E=clear_0480_bit0_then_step_05f1_countdown [state]; bank1:0x9817=enter_state_0480_05f1_06d9 [state]; bank1:0xA12D=set_0724_bit7_after_06c5_threshold [logic]; bank1:0xF109=ljmp_f196 [forwarder]; bank1:0xF123=thunk_to_f198 [forwarder]; bank1:0xF196=sjmp_to_f198 [forwarder]; bank1:0xF198=gate_045a_e0_bits_into_047b_0720_097a [writer],k75016da0ff1c
0x0742,main-ec,DAT_EXTMEM,0x073F-0x0746,main-ec-001,2,1,0,1,0,0,1,1,1,yes,,bank0:0xA7C8=FUN_CODE_a7c8,k7497cf885614
0x0743,main-ec,symbol,0x073F-0x0746,main-ec-001,13,11,0,2,0,0,7,2,7,no,CTGP_DB_CTRL,bank0:0x8038=index_table_base [unresolved]; bank0:0x83FF=sync_0788_and_07d4_from_09e9 [state]; bank0:0x95DD=fill_08xx_from_code_table [copy]; bank0:0x96AD=apply_oem_overrides_then_fill_08xx [copy]; bank0:0x9C00=clear_09e9_unless_0743_bit2 [state]; bank0:0xACB4=reset_xdata_flags_and_07d5_to_ff [init]; bank0:0xCC64=init_06e6_1_clear_0743_07c5_and_07d5_ff [init],k7497cf885614
0x0744,main-ec,symbol,0x073F-0x0746,main-ec-001,2,2,0,0,0,0,2,0,2,no,CTGP_OFFSET,bank0:0x95DD=fill_08xx_from_code_table [copy]; bank0:0x96AD=apply_oem_overrides_then_fill_08xx [copy],k7497cf885614
0x0745,main-ec,symbol,0x073F-0x0746,main-ec-001,2,2,0,0,0,0,2,0,2,no,CTGP_DB_TPP_TARGET,bank0:0x95DD=fill_08xx_from_code_table [copy]; bank0:0x96AD=apply_oem_overrides_then_fill_08xx [copy],k7497cf885614
0x0746,main-ec,symbol,0x073F-0x0746,main-ec-001,2,2,0,0,0,0,2,0,2,no,CTGP_DB_MAX_TGP,bank0:0x95DD=fill_08xx_from_code_table [copy]; bank0:0x96AD=apply_oem_overrides_then_fill_08xx [copy],k7497cf885614
0x074C,main-ec,DAT_EXTMEM,0x074C-0x074C,main-ec-001,11,9,0,2,0,0,6,2,6,no,,bank0:0x9167=gate_on_074c_then_dispatch [gate]; bank0:0xACB4=reset_xdata_flags_and_07d5_to_ff [init]; bank0:0xBA36=read_low_nibble_074c [reader]; bank0:0xC4F8=read_074c_low_nibble [reader]; bank1:0x92DC=select_table_920c_or_923c_by_074c [dispatch]; bank1:0x9416=adjust_0627_index_against_gpu_temp [state],k7497cf885614
0x074E,main-ec,symbol,0x074E-0x074E,main-ec-001,6,5,0,1,0,0,3,1,3,no,BIOS_OEM,bank0:0xD9FE=seed_07d3_gfid_and_08xx_defaults [init]; common:0x1AC2=FUN_CODE_1ac2; common:0x1BA4=FUN_CODE_1ba4,k7497cf885614
0x0750,main-ec,DAT_EXTMEM,0x0750-0x0751,main-ec-251,8,5,2,1,0,0,1,2,2,no,,bank1:0xA3F7=tick_0750_countdown [state]; bank1:0xA44C=clear_0750 [writer],k237a49da9684
0x0751,main-ec,symbol,0x0750-0x0751,main-ec-001,40,31,1,6,0,2,14,5,14,no,MANUAL_FAN_CTRL,bank0:0x8749=mode_tick_084c_07a5_09ee [state]; bank0:0x888D=fan_table_mailbox_handler [dispatch]; bank0:0x8931=threshold_cascade_from_08eb_085f [unresolved]; bank0:0x8DE0=ramp_1804_toward_0670_and_set_1809 [state]; bank0:0x9334=seed_tcc_defaults_from_ba36 [init]; bank0:0x9D9B=compute_level_blocks_086b_086c_086e [math]; bank0:0xA7C8=FUN_CODE_a7c8; bank0:0xAB9E=set_0751_and_07a6_bits [state]; bank0:0xAC08=dispatch_on_0751_bits [dispatch]; bank0:0xB5D3=FUN_CODE_b5d3; bank0:0xB737=FUN_CODE_b737; bank0:0xBB40=fan_mode_get [reader]; bank0:0xCA4C=read_fan_mode_bits_4_and_7 [reader]; bank1:0x9416=adjust_0627_index_against_gpu_temp [state],k7497cf885614
0x0755,main-ec,DAT_EXTMEM,0x0755-0x0758,main-ec-314,3,2,0,1,0,0,2,1,2,no,,bank1:0xC614=gate_0755_and_0440_dispatch [gate]; bank1:0xC638=clear_bit0_of_0755_and_0709 [writer],kc07917c79cfb
0x0756,main-ec,DAT_EXTMEM,0x0755-0x0758,main-ec-017,15,11,1,3,0,0,5,2,6,no,,bank1:0x8AE5=probe_159a_19f0_0983_then_dispatch [dispatch]; bank1:0x8B01=load_dptr_097f [reader]; bank1:0x8B04=countdown_06c0_latch_097f_bit0 [state]; bank1:0xA9B4=step_state_0845 [state]; bank1:0xAA39=step_counters_0756_0757 [state]; bank1:0xAAA2=clear_0756_when_1c_found_in_b00_fc [reader],k8752aa6b045e
0x0757,main-ec,DAT_EXTMEM,0x0755-0x0758,main-ec-017,4,2,1,1,0,0,1,1,1,yes,,bank1:0xAA39=step_counters_0756_0757 [state],k8752aa6b045e
0x0758,main-ec,DAT_EXTMEM,0x0755-0x0758,main-ec-080,10,5,0,5,0,0,3,3,3,no,,bank1:0x9F04=dispatch_on_dpl_5b_7b_40 [dispatch]; bank1:0xC647=gate_0709b0_into_045b_branch [gate]; bank1:0xC659=toggle_045b_b0_and_0758_b3 [state],k62adf5b89aaa
0x075B,main-ec,symbol,0x075B-0x075C,main-ec-001,13,3,7,0,3,0,3,6,6,no,MAIN_FAN_L_DUTY,bank0:0x8749=mode_tick_084c_07a5_09ee [state]; bank0:0x888D=fan_table_mailbox_handler [dispatch]; bank0:0x8931=threshold_cascade_from_08eb_085f [unresolved]; bank0:0xBB22=mov_a_c8 [unresolved]; bank0:0xBB24=store_a_to_1804 [writer]; bank0:0xBB28=copy_dptr_byte_to_075b_then_set_dptr_1809 [copy],k7497cf885614
0x075C,main-ec,symbol,0x075B-0x075C,main-ec-298,4,0,4,0,0,0,0,4,4,no,MAIN_FAN_R_DUTY,bank0:0x8DE0=ramp_1804_toward_0670_and_set_1809 [state]; bank0:0x8F03=call_bb28_on_1804 [forwarder]; bank0:0x8F09=copy_dptr_byte_to_075c [copy]; bank0:0x8F0F=store_a_to_dptr_then_075c_and_notify [writer],kfcb7f211a620
0x075E,main-ec,DAT_EXTMEM,0x075E-0x0760,main-ec-001,2,1,0,1,0,0,1,1,1,yes,,bank0:0xACB4=reset_xdata_flags_and_07d5_to_ff [init],k7497cf885614
0x075F,main-ec,DAT_EXTMEM,0x075E-0x0760,main-ec-101,1,0,1,0,0,0,0,1,1,yes,,bank1:0x8CEC=gate_then_copy_2200_to_075f [gate],k76d5a2a5d2ce
0x0760,main-ec,DAT_EXTMEM,0x075E-0x0760,main-ec-252,8,8,0,0,0,0,4,0,4,no,,bank0:0xAAC6=advance_0d14_state [state]; bank1:0x9F04=dispatch_on_dpl_5b_7b_40 [dispatch]; common:0x3459=FUN_CODE_3459; common:0x3578=thunk_FUN_CODE_3459,kd3d66eb45bcd
0x0762,main-ec,DAT_EXTMEM,0x0762-0x0764,main-ec-088,3,1,2,0,0,0,1,2,2,no,,bank1:0xA452=map_0763_through_f13f_table [logic]; bank1:0xF129=store_00_ff_0d_to_0762_0764 [writer],kc9ee42abbb65
0x0763,main-ec,DAT_EXTMEM,0x0762-0x0764,main-ec-088,5,2,1,1,1,0,1,2,2,no,,bank1:0xA452=map_0763_through_f13f_table [logic]; bank1:0xF129=store_00_ff_0d_to_0762_0764 [writer],kc9ee42abbb65
0x0764,main-ec,DAT_EXTMEM,0x0762-0x0764,main-ec-088,1,0,1,0,0,0,0,1,1,yes,,bank1:0xF129=store_00_ff_0d_to_0762_0764 [writer],kc9ee42abbb65
0x0766,main-ec,symbol,0x0766-0x0770,main-ec-114,10,8,0,2,0,0,6,2,6,no,SUPPORT_2,bank0:0xA72A=gate_a747_on_06c2_0766 [gate]; bank0:0xA747=stage_0769_076e_convert_to_1803 [state]; bank0:0xB0DC=sync_0983_bit5_against_support_2_bit4 [logic]; bank0:0xCA1D=FUN_CODE_ca1d; bank0:0xCA1E=set_support2_bit5_and_bios_oem2_bit6 [writer]; bank1:0x9F04=dispatch_on_dpl_5b_7b_40 [dispatch],k01ed753bc8ac
0x0767,main-ec,symbol,0x0766-0x0770,main-ec-263,7,5,0,2,0,0,4,2,4,no,TRIGGER,bank0:0xA3C3=on_0767_bit3_send_f160_then_896a [logic]; bank0:0xA3E0=FUN_CODE_a3e0; bank0:0xA663=gate_0767_06e6_0741_then_dispatch_076f [dispatch]; bank0:0xA747=stage_0769_076e_convert_to_1803 [state],ka6dc54cb3e6d
0x0768,main-ec,symbol,0x0766-0x0770,main-ec-001,27,15,0,9,0,3,5,5,5,no,SWITCH_STATUS,bank0:0x8749=mode_tick_084c_07a5_09ee [state]; bank0:0x888D=fan_table_mailbox_handler [dispatch]; bank0:0x8931=threshold_cascade_from_08eb_085f [unresolved]; bank0:0xA844=update_0476_flags [state]; bank0:0xBC3F=store_a_then_clear_0824_bit7_and_0768_bit2 [writer],k7497cf885614
0x0769,main-ec,DAT_EXTMEM,0x0766-0x0770,main-ec-031,2,1,1,0,0,0,1,1,1,yes,,bank0:0xA747=stage_0769_076e_convert_to_1803 [state],kd44a153c8440
0x076A,main-ec,DAT_EXTMEM,0x0766-0x0770,main-ec-031,2,0,1,0,0,1,0,1,1,yes,,bank0:0xA747=stage_0769_076e_convert_to_1803 [state],kd44a153c8440
0x076B,main-ec,DAT_EXTMEM,0x0766-0x0770,main-ec-031,2,1,1,0,0,0,1,1,1,yes,,bank0:0xA747=stage_0769_076e_convert_to_1803 [state],kd44a153c8440
0x076C,main-ec,DAT_EXTMEM,0x0766-0x0770,main-ec-031,1,1,0,0,0,0,1,0,1,yes,,bank0:0xA747=stage_0769_076e_convert_to_1803 [state],kd44a153c8440
0x076D,main-ec,DAT_EXTMEM,0x0766-0x0770,main-ec-031,1,1,0,0,0,0,1,0,1,yes,,bank0:0xA747=stage_0769_076e_convert_to_1803 [state],kd44a153c8440
0x076E,main-ec,DAT_EXTMEM,0x0766-0x0770,main-ec-031,1,1,0,0,0,0,1,0,1,yes,,bank0:0xA747=stage_0769_076e_convert_to_1803 [state],kd44a153c8440
0x076F,main-ec,DAT_EXTMEM,0x0766-0x0770,main-ec-144,3,0,1,0,1,1,0,1,2,no,,bank0:0xA663=gate_0767_06e6_0741_then_dispatch_076f [dispatch]; bank0:0xA71A=clear_0857_and_076f [writer],kecfed5e8cf2e
0x0770,main-ec,DAT_EXTMEM,0x0766-0x0770,main-ec-243,9,9,0,0,0,0,9,0,9,no,,bank0:0xB8C0=test_0770_equals_04 [reader]; bank0:0xB8CD=test_0770_equals_08 [reader]; bank0:0xB8DA=test_0770_equals_18 [reader]; bank0:0xB8E7=test_0770_equals_09 [reader]; bank0:0xB8F4=test_0770_equals_0c [reader]; bank0:0xB901=test_0770_equals_06 [reader]; bank0:0xB90E=test_0770_equals_07 [reader]; bank0:0xB91B=test_0770_equals_0e [reader]; bank0:0xB928=test_0770_equals_0a [reader],kcad5ff8d60bd
0x077E,main-ec,DAT_EXTMEM,0x077E-0x0788,main-ec-001,2,1,1,0,0,0,1,1,1,yes,,bank0:0xCCFC=power_on_init_and_two_hang_paths [init],k7497cf885614
0x077F,main-ec,DAT_EXTMEM,0x077E-0x0788,main-ec-001,2,1,1,0,0,0,1,1,1,yes,,bank0:0xCCFC=power_on_init_and_two_hang_paths [init],k7497cf885614
0x0780,main-ec,DAT_EXTMEM,0x077E-0x0788,main-ec-315,3,3,0,0,0,0,3,0,3,no,,bank0:0x909B=update_flag_bits_in_0985 [logic]; bank0:0x90FE=update_flag_bits_in_0723 [logic]; bank0:0xBE9C=read_x0780_xor_a2 [reader],k20cc7edc982c
0x0781,main-ec,DAT_EXTMEM,0x077E-0x0788,main-ec-003,2,1,0,0,0,1,1,0,1,yes,,bank0:0x9CA6=gate_06e6_442_then_sync_046a_from_086b [state],ka39cda99615f
0x0782,main-ec,symbol,0x077E-0x0788,main-ec-114,17,12,0,5,0,0,8,4,8,no,BIOS_OEM_2,bank0:0x94D0=copy_code_table_into_0730_07a7 [copy]; bank0:0x95DD=fill_08xx_from_code_table [copy]; bank0:0xA747=stage_0769_076e_convert_to_1803 [state]; bank0:0xA7C8=FUN_CODE_a7c8; bank0:0xAB9E=set_0751_and_07a6_bits [state]; bank0:0xCA1D=FUN_CODE_ca1d; bank0:0xCA1E=set_support2_bit5_and_bios_oem2_bit6 [writer]; bank0:0xD9FE=seed_07d3_gfid_and_08xx_defaults [init],k01ed753bc8ac
0x0783,main-ec,symbol,0x077E-0x0788,main-ec-001,15,14,1,0,0,0,3,1,4,no,CPU_PL1,bank0:0x95DD=fill_08xx_from_code_table [copy]; bank0:0x96AD=apply_oem_overrides_then_fill_08xx [copy]; bank0:0x9D9B=compute_level_blocks_086b_086c_086e [math]; bank0:0xA7C8=FUN_CODE_a7c8,k7497cf885614
0x0784,main-ec,symbol,0x077E-0x0788,main-ec-001,15,14,1,0,0,0,3,1,4,no,CPU_PL1_PL2,bank0:0x95DD=fill_08xx_from_code_table [copy]; bank0:0x96AD=apply_oem_overrides_then_fill_08xx [copy]; bank0:0x9D9B=compute_level_blocks_086b_086c_086e [math]; bank0:0xA7C8=FUN_CODE_a7c8,k7497cf885614
0x0785,main-ec,symbol,0x077E-0x0788,main-ec-001,15,14,1,0,0,0,3,1,4,no,CPU_PL1_PL4,bank0:0x95DD=fill_08xx_from_code_table [copy]; bank0:0x96AD=apply_oem_overrides_then_fill_08xx [copy]; bank0:0x9D9B=compute_level_blocks_086b_086c_086e [math]; bank0:0xA7C8=FUN_CODE_a7c8,k7497cf885614
0x0786,main-ec,symbol,0x077E-0x0788,main-ec-001,10,8,2,0,0,0,4,2,6,no,CPU_TCC_OFFSET,bank0:0x9334=seed_tcc_defaults_from_ba36 [init]; bank0:0x93FE=load_r7_into_a [reader]; bank0:0x93FF=select_table_byte_against_044f [logic]; bank0:0x948D=code_byte_to_0a4a_then_push_r7 [copy]; bank0:0xACB4=reset_xdata_flags_and_07d5_to_ff [init]; bank0:0xCC64=init_06e6_1_clear_0743_07c5_and_07d5_ff [init],k7497cf885614
0x0787,main-ec,DAT_EXTMEM,0x077E-0x0788,main-ec-001,9,6,3,0,0,0,2,3,5,no,,bank0:0x8749=mode_tick_084c_07a5_09ee [state]; bank0:0x8B14=FUN_CODE_8b14; bank0:0x8C46=ramp_1804_1809_toward_0461_0469 [state]; bank0:0xACB4=reset_xdata_flags_and_07d5_to_ff [init]; bank0:0xCC64=init_06e6_1_clear_0743_07c5_and_07d5_ff [init],k7497cf885614
0x0788,main-ec,DAT_EXTMEM,0x077E-0x0788,main-ec-001,6,2,4,0,0,0,2,4,4,no,,bank0:0x8038=index_table_base [unresolved]; bank0:0x83FF=sync_0788_and_07d4_from_09e9 [state]; bank0:0xACB4=reset_xdata_flags_and_07d5_to_ff [init]; bank0:0xCC64=init_06e6_1_clear_0743_07c5_and_07d5_ff [init],k7497cf885614
0x078B,main-ec,DAT_EXTMEM,0x078B-0x078C,main-ec-001,6,5,1,0,0,0,3,1,4,no,,bank0:0x95DD=fill_08xx_from_code_table [copy]; bank0:0x96AD=apply_oem_overrides_then_fill_08xx [copy]; bank0:0xA7C8=FUN_CODE_a7c8; bank1:0xA916=clamp_078b_level_into_0804 [state],k7497cf885614
0x078C,main-ec,symbol,0x078B-0x078C,main-ec-288,5,3,0,2,0,0,3,2,3,no,KBD_STATUS,bank0:0xA747=stage_0769_076e_convert_to_1803 [state]; bank0:0xC9FF=kbd_status_from_0826_low_bits [logic]; bank0:0xCA2D=clear_kbd_status_bit1_return_0826 [writer],k87314dfed52f
0x078E,main-ec,DAT_EXTMEM,0x078E-0x078E,main-ec-001,5,2,0,2,0,1,2,2,2,no,,bank0:0xA7C8=FUN_CODE_a7c8; bank0:0xB12C=manual_ctrl_profile_gate [gate],k7497cf885614
0x0790,main-ec,DAT_EXTMEM,0x0790-0x0791,main-ec-064,2,2,0,0,0,0,2,0,2,no,,bank0:0xAE87=build_0791_0793_0794_then_branch [state]; bank0:0xAF27=fill_0790_0791_0793_via_calls [state],k0f4e69560e36
0x0791,main-ec,DAT_EXTMEM,0x0790-0x0791,main-ec-064,1,0,1,0,0,0,0,1,1,yes,,bank0:0xAE87=build_0791_0793_0794_then_branch [state],k0f4e69560e36
0x0793,main-ec,DAT_EXTMEM,0x0793-0x0796,main-ec-064,2,0,2,0,0,0,0,2,2,no,,bank0:0xAE87=build_0791_0793_0794_then_branch [state]; bank0:0xAF27=fill_0790_0791_0793_via_calls [state],k0f4e69560e36
0x0794,main-ec,DAT_EXTMEM,0x0793-0x0796,main-ec-064,1,0,1,0,0,0,0,1,1,yes,,bank0:0xAE87=build_0791_0793_0794_then_branch [state],k0f4e69560e36
0x0795,main-ec,DAT_EXTMEM,0x0793-0x0796,main-ec-070,1,1,0,0,0,0,1,0,1,yes,,bank0:0xAEC0=build_0795_0799_then_set_08ec [state],k0f280d94b049
0x0796,main-ec,DAT_EXTMEM,0x0793-0x0796,main-ec-070,1,0,1,0,0,0,0,1,1,yes,,bank0:0xAEC0=build_0795_0799_then_set_08ec [state],k0f280d94b049
0x0798,main-ec,DAT_EXTMEM,0x0798-0x079D,main-ec-070,1,0,1,0,0,0,0,1,1,yes,,bank0:0xAEC0=build_0795_0799_then_set_08ec [state],k0f280d94b049
0x0799,main-ec,DAT_EXTMEM,0x0798-0x079D,main-ec-070,1,0,1,0,0,0,0,1,1,yes,,bank0:0xAEC0=build_0795_0799_then_set_08ec [state],k0f280d94b049
0x079A,main-ec,DAT_EXTMEM,0x0798-0x079D,main-ec-134,6,4,2,0,0,0,2,2,2,no,,bank0:0xADA3=write_0a47_from_r7 [writer]; bank0:0xADAE=dispatch_on_0a47 [dispatch],k103e872ceba0
0x079B,main-ec,DAT_EXTMEM,0x0798-0x079D,main-ec-168,1,0,1,0,0,0,0,1,1,yes,,bank0:0xAFCE=copy_0a4b_0a4c_to_079b_079c [copy],k75446577bb76
0x079C,main-ec,DAT_EXTMEM,0x0798-0x079D,main-ec-168,1,0,1,0,0,0,0,1,1,yes,,bank0:0xAFCE=copy_0a4b_0a4c_to_079b_079c [copy],k75446577bb76
0x079D,main-ec,DAT_EXTMEM,0x0798-0x079D,main-ec-134,4,0,4,0,0,0,0,2,2,no,,bank0:0xADA3=write_0a47_from_r7 [writer]; bank0:0xADAE=dispatch_on_0a47 [dispatch],k103e872ceba0
0x07A4,main-ec,DAT_EXTMEM,0x07A4-0x07AA,main-ec-001,7,5,0,2,0,0,4,1,4,no,,bank0:0xB889=09ee_bit1_edge_drives_0897_countdown [state]; bank0:0xD9FE=seed_07d3_gfid_and_08xx_defaults [init]; bank1:0x8F6B=FUN_CODE_8f6b; bank1:0x95E5=set_0476_bit1_then_branch_on_r7 [logic],k7497cf885614
0x07A5,main-ec,DAT_EXTMEM,0x07A4-0x07AA,main-ec-001,8,5,0,3,0,0,1,1,1,yes,,bank0:0x8749=mode_tick_084c_07a5_09ee [state],k7497cf885614
0x07A6,main-ec,symbol,0x07A4-0x07AA,main-ec-001,15,11,0,4,0,0,7,4,7,no,OEM_4_CHARGING_PROFILE,bank0:0xAAC6=advance_0d14_state [state]; bank0:0xAB9E=set_0751_and_07a6_bits [state]; bank0:0xACB4=reset_xdata_flags_and_07d5_to_ff [init]; bank0:0xB12C=manual_ctrl_profile_gate [gate]; bank0:0xB158=charge_target_update [charge-target]; bank0:0xB1F0=charge_stress_update [charge-target]; bank0:0xCCFC=power_on_init_and_two_hang_paths [init],k7497cf885614
0x07A7,main-ec,symbol,0x07A4-0x07AA,main-ec-019,2,0,2,0,0,0,0,1,1,yes,MODE_PL_DEFAULTS_TURBO_PL1_8,bank0:0x94D0=copy_code_table_into_0730_07a7 [copy],k0627d53fae6b
0x07A8,main-ec,symbol,0x07A4-0x07AA,main-ec-019,1,0,1,0,0,0,0,1,1,yes,MODE_PL_DEFAULTS_TURBO_PL2_9,bank0:0x94D0=copy_code_table_into_0730_07a7 [copy],k0627d53fae6b
0x07A9,main-ec,symbol,0x07A4-0x07AA,main-ec-019,1,0,1,0,0,0,0,1,1,yes,MODE_PL_DEFAULTS_TURBO_PL4_10,bank0:0x94D0=copy_code_table_into_0730_07a7 [copy],k0627d53fae6b
0x07AA,main-ec,symbol,0x07A4-0x07AA,main-ec-019,1,0,1,0,0,0,0,1,1,yes,MODE_PL_DEFAULTS_TURBO_DSTATE_11,bank0:0x94D0=copy_code_table_into_0730_07a7 [copy],k0627d53fae6b
0x07C4,main-ec,symbol,0x07C4-0x07C6,main-ec-001,23,15,0,8,0,0,4,4,4,no,GPU_DYNAMIC_BOOST_STATUS,bank0:0x8038=index_table_base [unresolved]; bank0:0x8044=ajmp_into_83ff_tail [forwarder]; bank0:0x83FF=sync_0788_and_07d4_from_09e9 [state]; bank0:0x94C0=set_07c4_bit4_from_r7 [writer],k7497cf885614
0x07C5,main-ec,DAT_EXTMEM,0x07C4-0x07C6,main-ec-001,23,15,0,6,0,2,12,5,12,no,,bank0:0x8038=index_table_base [unresolved]; bank0:0x83FF=sync_0788_and_07d4_from_09e9 [state]; bank0:0x8B14=FUN_CODE_8b14; bank0:0x8C46=ramp_1804_1809_toward_0461_0469 [state]; bank0:0xA747=stage_0769_076e_convert_to_1803 [state]; bank0:0xACB4=reset_xdata_flags_and_07d5_to_ff [init]; bank0:0xB5D3=FUN_CODE_b5d3; bank0:0xB737=FUN_CODE_b737; bank0:0xBB80=store_a_then_read_07c5 [writer]; bank0:0xBB81=is_07c5_bit0_clear [reader]; bank0:0xCC64=init_06e6_1_clear_0743_07c5_and_07d5_ff [init]; bank0:0xCCFC=power_on_init_and_two_hang_paths [init],k7497cf885614
0x07C6,main-ec,symbol,0x07C4-0x07C6,main-ec-001,25,21,0,2,0,2,8,2,8,no,AP_OEM_6,bank0:0x8749=mode_tick_084c_07a5_09ee [state]; bank0:0x888D=fan_table_mailbox_handler [dispatch]; bank0:0x8931=threshold_cascade_from_08eb_085f [unresolved]; bank0:0x8B14=FUN_CODE_8b14; bank0:0x8C46=ramp_1804_1809_toward_0461_0469 [state]; bank0:0x9D9B=compute_level_blocks_086b_086c_086e [math]; bank0:0xACB4=reset_xdata_flags_and_07d5_to_ff [init]; bank0:0xCCFC=power_on_init_and_two_hang_paths [init],k7497cf885614
0x07C9,pd,DAT_EXTMEM,0x07C9-0x07E2,pd-001,23,9,2,0,7,5,1,2,2,no,,pd:0x7B14=FUN_CODE_7b14; pd:0xEA67=reset_07c9_block_then_flag_00d3_1 [state],kb5652a66acb4
0x07CA,pd,DAT_EXTMEM,0x07C9-0x07E2,pd-001,9,2,3,0,1,3,1,3,3,no,,pd:0x7392=count_07cb_up_to_3_over_07ca_records [state]; pd:0xE930=FUN_CODE_e930; pd:0xEA67=reset_07c9_block_then_flag_00d3_1 [state],kb5652a66acb4
0x07CB,pd,DAT_EXTMEM,0x07C9-0x07E2,pd-001,6,2,3,0,0,1,1,2,2,no,,pd:0x7392=count_07cb_up_to_3_over_07ca_records [state]; pd:0xEA67=reset_07c9_block_then_flag_00d3_1 [state],kb5652a66acb4
0x07CC,pd,DAT_EXTMEM,0x07C9-0x07E2,pd-001,2,0,2,0,0,0,0,2,2,no,USB_C_POWER_PRIORITY,pd:0x7392=count_07cb_up_to_3_over_07ca_records [state]; pd:0xF63F=store_r7_to_07cc_r5_to_0945 [writer],kb5652a66acb4
0x07CD,pd,DAT_EXTMEM,0x07C9-0x07E2,pd-001,2,0,2,0,0,0,0,1,1,yes,,pd:0x7392=count_07cb_up_to_3_over_07ca_records [state],kb5652a66acb4
0x07CE,pd,DAT_EXTMEM,0x07C9-0x07E2,pd-001,1,0,1,0,0,0,0,1,1,yes,,pd:0x7392=count_07cb_up_to_3_over_07ca_records [state],kb5652a66acb4
0x07CF,pd,DAT_EXTMEM,0x07C9-0x07E2,pd-018,50,23,6,4,13,4,6,5,6,no,,pd:0x4402=run_body_while_07cf_is_zero [state]; pd:0x4800=increment_dptr_byte_and_jump_back_to_4408 [unresolved]; pd:0xDBD9=loop_c901_per_index_0x07d0 [logic]; pd:0xDF6A=loop_256_passes_over_07cf [logic]; pd:0xE543=count_07cf_and_conditional_call_122d [logic]; pd:0xF79F=ljmp_4402 [forwarder],k6d4c57d38a00
0x07D0,pd,DAT_EXTMEM,0x07C9-0x07E2,pd-027,41,17,4,2,16,2,10,5,11,no,DBD1,pd:0x8576=step_state_07d0_07d1 [state]; pd:0x8716=call_f22e_with_07d0 [forwarder]; pd:0x98A1=load_dptr_07d0 [reader]; pd:0xA571=dispatch_on_state_07d0 [dispatch]; pd:0xA5B3=and_16bit_fields_write_07d2_07d3 [logic]; pd:0xA678=inc_07d0_reenter_a571 [state]; pd:0xAD3C=set_dptr_07d0 [unresolved]; pd:0xC2FA=write_07d0_then_run_indexed_state_chain [state]; pd:0xC398=set_r7_r5_from_iram_then_read_07d0 [copy]; pd:0xDBD9=loop_c901_per_index_0x07d0 [logic]; pd:0xE8D4=FUN_CODE_e8d4,k55214a606738
0x07D1,pd,DAT_EXTMEM,0x07C9-0x07E2,pd-026,73,30,7,0,25,11,12,5,16,no,DBD2,pd:0x7580=set_07d2_and_return_r7_zero_or_one [logic]; pd:0x7753=call_f75c_with_07d1 [forwarder]; pd:0x775C=call_e4d0_return_r7 [forwarder]; pd:0x8576=step_state_07d0_07d1 [state]; pd:0x8A4A=FUN_CODE_8a4a; pd:0x8BC0=call_f739_then_read_07d1 [forwarder]; pd:0x96E8=dptr_07d1_then_scale_via_96ed [forwarder]; pd:0x973C=dptr_07d1_then_tail_0faf [forwarder]; pd:0xA571=dispatch_on_state_07d0 [dispatch]; pd:0xA5B3=and_16bit_fields_write_07d2_07d3 [logic]; pd:0xACE1=set_dptr_07d1 [unresolved]; pd:0xAD2A=read_xdata_07d1_into_a [reader]; pd:0xAD94=call_1041_then_return_07d1 [ec-io]; pd:0xAE9C=write_07d1_then_call_chain [logic]; pd:0xB311=write_07d2_then_dispatch_on_07d1 [state]; pd:0xD72E=FUN_CODE_d72e,k45e661e7883d
0x07D2,pd,DAT_EXTMEM,0x07C9-0x07E2,pd-016,53,20,9,1,18,5,15,9,18,no,,pd:0x35FF=read_07d2_to_r3 [reader]; pd:0x36F2=setup_3byte_store_r3r2r1_at_0807 [writer]; pd:0x373C=scaled_lookup_from_07d2 [reader]; pd:0x3974=set_dptr_07fb_then_fall_through [unresolved]; pd:0x3977=read_dptr_byte_then_07d2 [reader]; pd:0x4D6F=dispatch_case_06 [dispatch]; pd:0x6673=FUN_CODE_6673; pd:0x68CE=store_a_and_copy_07f4_masked_to_07f5 [writer]; pd:0x7580=set_07d2_and_return_r7_zero_or_one [logic]; pd:0x8A4A=FUN_CODE_8a4a; pd:0x8D41=advance_07d2_counter_and_dispatch [state]; pd:0x8EA6=call_7ce0_with_r5_0b [forwarder]; pd:0xA571=dispatch_on_state_07d0 [dispatch]; pd:0xA5B3=and_16bit_fields_write_07d2_07d3 [logic]; pd:0xAD83=read_07d1_07d2_into_r7_r5 [reader]; pd:0xB311=write_07d2_then_dispatch_on_07d1 [state]; pd:0xC755=latch_07d2_07d3_then_zero_23_bytes [writer]; pd:0xF61C=store_r7r5_0_to_07d2_if_6faf_zero [gate],k06a986f1cb25
0x07D3,both,symbol+DAT_EXTMEM,0x07D3-0x07D5,main-ec-001,26,6,9,2,6,3,5,7,8,no,GFID,bank0:0x94D0=copy_code_table_into_0730_07a7 [copy]; bank0:0xBA46=clear_low_nibble_07d3 [writer]; bank0:0xD9FE=seed_07d3_gfid_and_08xx_defaults [init]; pd:0x8A4A=FUN_CODE_8a4a; pd:0xA571=dispatch_on_state_07d0 [dispatch]; pd:0xA5B3=and_16bit_fields_write_07d2_07d3 [logic]; pd:0xC755=latch_07d2_07d3_then_zero_23_bytes [writer]; pd:0xF61C=store_r7r5_0_to_07d2_if_6faf_zero [gate],k7497cf885614
0x07D4,both,symbol+DAT_EXTMEM,0x07D3-0x07D5,main-ec-001,52,20,9,0,17,6,11,9,15,no,CPUA,bank0:0x8038=index_table_base [unresolved]; bank0:0x8044=ajmp_into_83ff_tail [forwarder]; bank0:0x83FF=sync_0788_and_07d4_from_09e9 [state]; pd:0x7063=call_1041_then_point_dptr_07d4 [ec-io]; pd:0x7091=read_07d4_into_a [reader]; pd:0x805E=update_07d4_state [state]; pd:0x8210=call_dc29_with_07d4 [forwarder]; pd:0x972B=dptr_07d4_then_fall_through [forwarder]; pd:0x975F=read_xdata_07d4_into_r3 [reader]; pd:0x9772=read_xdata_07d4_into_a [reader]; pd:0xB9A1=FUN_CODE_b9a1; pd:0xBA67=write_07d4_07d5_then_return_0_or_1 [gate]; pd:0xD013=latch_07d4_07d5_and_call_7014_with_63_or_6c [writer]; pd:0xEE68=stage_07d4_07d5_then_call_ef59 [writer]; pd:0xF61C=store_r7r5_0_to_07d2_if_6faf_zero [gate],k7497cf885614
0x07D5,both,symbol+DAT_EXTMEM,0x07D3-0x07D5,main-ec-001,19,4,9,0,5,1,4,9,12,no,DBAP,bank0:0x8038=index_table_base [unresolved]; bank0:0x8044=ajmp_into_83ff_tail [forwarder]; bank0:0x83FF=sync_0788_and_07d4_from_09e9 [state]; bank0:0xACB4=reset_xdata_flags_and_07d5_to_ff [init]; bank0:0xCC64=init_06e6_1_clear_0743_07c5_and_07d5_ff [init]; pd:0x805E=update_07d4_state [state]; pd:0xB9A1=FUN_CODE_b9a1; pd:0xBA67=write_07d4_07d5_then_return_0_or_1 [gate]; pd:0xD013=latch_07d4_07d5_and_call_7014_with_63_or_6c [writer]; pd:0xD085=decrement_00e2_and_tail_jump_to_d07b [state]; pd:0xEE68=stage_07d4_07d5_then_call_ef59 [writer]; pd:0xF79C=ljmp_d085 [forwarder],k7497cf885614
0x07D6,pd,DAT_EXTMEM,0x07C9-0x07E2,pd-028,37,4,11,0,14,8,3,11,15,no,DBSP,pd:0x34D6=index_stride_5e_from_07d6 [math]; pd:0x36CB=read_07d6_tail_0c7a [forwarder]; pd:0x805E=update_07d4_state [state]; pd:0x88BE=update_07d6_table_entries [state]; pd:0xA0E6=FUN_CODE_a0e6; pd:0xACCE=set_dptr_07d6 [unresolved]; pd:0xB73F=FUN_CODE_b73f; pd:0xBECB=write_07d6_07d7_07d8_07d9_then_store_07df [writer]; pd:0xD0F0=require_nonzero_from_b074 [gate]; pd:0xEF59=stage_07d6_call_715e_6faf_tail_e5b3 [dispatch]; pd:0xEF79=stage_07d6_call_716c_6faf_tail_e5b3 [dispatch]; pd:0xF035=stage_07d6_chain_tail_f351 [forwarder]; pd:0xF247=write_07d6_then_table_entry_then_0_3 [writer]; pd:0xF440=write_07d6_then_set_1 [writer]; pd:0xF4CD=call_70c7_with_0_then_5c_tail_f55c [forwarder],k5e7fc24c21bb
0x07D7,pd,DAT_EXTMEM,0x07C9-0x07E2,pd-029,35,16,6,0,7,6,3,5,5,no,CGCT,pd:0x805E=update_07d4_state [state]; pd:0xA0E6=FUN_CODE_a0e6; pd:0xABBF=build_masked_indexed_table_bytes [writer]; pd:0xB73F=FUN_CODE_b73f; pd:0xBECB=write_07d6_07d7_07d8_07d9_then_store_07df [writer],kaca4bc3ef475
0x07D8,both,symbol+DAT_EXTMEM,0x07D8-0x07DA,main-ec-103,28,12,5,0,3,8,3,5,5,no,MODE_TCC_OFFSET_DEFAULTS_GAMING_0,bank0:0x9334=seed_tcc_defaults_from_ba36 [init]; pd:0xA0E6=FUN_CODE_a0e6; pd:0xB8DB=FUN_CODE_b8db; pd:0xBECB=write_07d6_07d7_07d8_07d9_then_store_07df [writer]; pd:0xE458=store_07d8_and_dispatch_07da [dispatch],kdf86fa732bff
0x07D9,both,symbol+DAT_EXTMEM,0x07D8-0x07DA,main-ec-103,4,0,3,0,0,1,0,3,3,no,MODE_TCC_OFFSET_DEFAULTS_OFFICE_1,bank0:0x9334=seed_tcc_defaults_from_ba36 [init]; pd:0xBECB=write_07d6_07d7_07d8_07d9_then_store_07df [writer]; pd:0xF775=FUN_CODE_f775,kdf86fa732bff
0x07DA,both,symbol+DAT_EXTMEM,0x07D8-0x07DA,main-ec-103,5,2,3,0,0,0,1,3,4,no,MODE_TCC_OFFSET_DEFAULTS_TURBO_2,bank0:0x9334=seed_tcc_defaults_from_ba36 [init]; pd:0x985D=call_0d8f_write_00_04_to_07da_07db [writer]; pd:0xBECB=write_07d6_07d7_07d8_07d9_then_store_07df [writer]; pd:0xCFA0=store_4_at_07d6_then_branch_on_991a [logic],kdf86fa732bff
0x07DB,pd,DAT_EXTMEM,0x07C9-0x07E2,pd-021,3,1,1,0,1,0,1,1,2,no,,pd:0x985D=call_0d8f_write_00_04_to_07da_07db [writer]; pd:0xCFA0=store_4_at_07d6_then_branch_on_991a [logic],k6fdec82a2848
0x07DC,pd,DAT_EXTMEM,0x07C9-0x07E2,pd-005,3,3,0,0,0,0,1,0,1,yes,,pd:0xA000=FUN_CODE_a000,k718a505fa566
0x07DD,pd,DAT_EXTMEM,0x07C9-0x07E2,pd-005,2,2,0,0,0,0,1,0,1,yes,,pd:0xA000=FUN_CODE_a000,k718a505fa566
0x07DE,pd,DAT_EXTMEM,0x07C9-0x07E2,pd-042,3,1,2,0,0,0,1,2,3,no,,pd:0xA000=FUN_CODE_a000; pd:0xBBE7=branch_on_ram_r5_then_set_indirect_bits [writer]; pd:0xE458=store_07d8_and_dispatch_07da [dispatch],k296809b4a9c8
0x07DF,pd,DAT_EXTMEM,0x07C9-0x07E2,pd-005,1,1,0,0,0,0,1,0,1,yes,,pd:0xA000=FUN_CODE_a000,k718a505fa566
0x07E0,pd,DAT_EXTMEM,0x07C9-0x07E2,pd-005,1,1,0,0,0,0,1,0,1,yes,,pd:0xA000=FUN_CODE_a000,k718a505fa566
0x07E1,pd,DAT_EXTMEM,0x07C9-0x07E2,pd-005,2,1,1,0,0,0,1,1,1,yes,,pd:0xA000=FUN_CODE_a000,k718a505fa566
0x07E2,pd,DAT_EXTMEM,0x07C9-0x07E2,pd-005,1,1,0,0,0,0,1,0,1,yes,LIGHTBAR_BAT_CTRL,pd:0xA000=FUN_CODE_a000,k718a505fa566
0x07F2,main-ec,DAT_EXTMEM,0x07F2-0x07F3,main-ec-326,2,0,2,0,0,0,0,2,2,no,,bank1:0x8BD1=select_probe_address_and_return_carry [logic]; bank1:0x8CDD=write_0a_to_07f2_fall_into_8ce3 [writer],k3991baa22186
0x07F3,both,symbol+DAT_EXTMEM,0x07F2-0x07F3,main-ec-002,133,88,2,42,0,1,44,44,45,no,XDATA_07F3,bank1:0x8001=decrement_nonzero_xdata_counters [writer]; bank1:0x8004=read_06c6 [reader]; bank1:0x8005=skip_06c6_decrement [logic]; bank1:0x8007=dec_06c6_value [math]; bank1:0x8008=store_06c6_decrement [writer]; bank1:0x8009=select_06cd [logic]; bank1:0x800C=read_06cd [reader]; bank1:0x800D=skip_06cd_decrement [logic]; bank1:0x800F=dec_06cd_value [math]; bank1:0x8010=store_06cd_decrement [writer]; bank1:0x8011=select_06d1 [logic]; bank1:0x8014=read_06d1_and_test_zero [reader]; bank1:0x8017=dec_06d1_value [math]; bank1:0x8018=store_acc_to_xdata_dptr_8018 [writer]; bank1:0x8019=load_dptr_06d2 [reader]; bank1:0x801C=read_xdata_dptr_801c [reader]; bank1:0x801D=branch_if_acc_zero_to_8021 [gate]; bank1:0x801F=dec_acc_801f [math]; bank1:0x8020=store_acc_to_xdata_dptr_8020 [writer]; bank1:0x8021=load_dptr_06f3 [reader]; bank1:0x8024=read_xdata_dptr_8024 [reader]; bank1:0x8025=branch_if_acc_zero_to_8029 [gate]; bank1:0x8027=dec_acc_8027 [math]; bank1:0x8028=store_acc_and_load_dptr_0635 [writer]; bank1:0x802C=read_xdata_dptr_802c [reader]; bank1:0x802D=branch_if_acc_zero_to_8031 [gate]; bank1:0x802F=dec_acc_802f [math]; bank1:0x8030=store_acc_to_xdata_dptr_8030 [writer]; bank1:0x8031=load_dptr_0636_and_read [reader]; bank1:0x8035=branch_if_acc_zero_to_8039 [gate]; bank1:0x8037=dec_store_and_load_dptr_0637 [writer]; bank1:0x803C=test_and_decrement_0638_after_prior_byte [writer]; bank1:0x8048=store_acc_and_read_0639 [writer]; bank1:0x804D=dec_then_test_063a_with_sign_guard [writer]; bank1:0x8060=branch_if_acc_zero_to_8064 [gate]; bank1:0x8062=dec_store_then_test_and_dec_07f6 [writer]; bank1:0x806C=reload_06d6_with_9_or_return_early [writer]; bank1:0x807E=dec_06c3_and_dec_06d8_gated_on_0440 [writer]; bank1:0x8096=dec_06d9_only_if_both_calls_return_zero [writer]; bank1:0x80AA=dec_timers_06da_08e4_055f_09ce_070b [writer]; bank1:0x80D6=clear_0460_0468_when_0706_reaches_zero [writer]; bank1:0x80EF=dec_timers_and_set_expiry_flags [writer]; bank1:0x9F04=dispatch_on_dpl_5b_7b_40 [dispatch]; bank1:0xA211=call_88f0_then_clear_07f3_and_070c [logic]; pd:0x6673=FUN_CODE_6673,k733222e83898
0x07F4,pd,DAT_EXTMEM,0x07F3-0x07FF,pd-002,2,2,0,0,0,0,2,0,2,no,,pd:0x6673=FUN_CODE_6673; pd:0x68CE=store_a_and_copy_07f4_masked_to_07f5 [writer],kedee1182bba5
0x07F5,pd,DAT_EXTMEM,0x07F3-0x07FF,pd-002,7,2,1,0,4,0,1,1,2,no,,pd:0x6673=FUN_CODE_6673; pd:0x68CE=store_a_and_copy_07f4_masked_to_07f5 [writer],kedee1182bba5
0x07F6,both,symbol+DAT_EXTMEM,0x07F6-0x07F6,main-ec-002,119,79,3,36,1,0,42,38,42,no,XDATA_07F6,bank1:0x8001=decrement_nonzero_xdata_counters [writer]; bank1:0x8004=read_06c6 [reader]; bank1:0x8005=skip_06c6_decrement [logic]; bank1:0x8007=dec_06c6_value [math]; bank1:0x8008=store_06c6_decrement [writer]; bank1:0x8009=select_06cd [logic]; bank1:0x800C=read_06cd [reader]; bank1:0x800D=skip_06cd_decrement [logic]; bank1:0x800F=dec_06cd_value [math]; bank1:0x8010=store_06cd_decrement [writer]; bank1:0x8011=select_06d1 [logic]; bank1:0x8014=read_06d1_and_test_zero [reader]; bank1:0x8017=dec_06d1_value [math]; bank1:0x8018=store_acc_to_xdata_dptr_8018 [writer]; bank1:0x8019=load_dptr_06d2 [reader]; bank1:0x801C=read_xdata_dptr_801c [reader]; bank1:0x801D=branch_if_acc_zero_to_8021 [gate]; bank1:0x801F=dec_acc_801f [math]; bank1:0x8020=store_acc_to_xdata_dptr_8020 [writer]; bank1:0x8021=load_dptr_06f3 [reader]; bank1:0x8024=read_xdata_dptr_8024 [reader]; bank1:0x8025=branch_if_acc_zero_to_8029 [gate]; bank1:0x8027=dec_acc_8027 [math]; bank1:0x8028=store_acc_and_load_dptr_0635 [writer]; bank1:0x802C=read_xdata_dptr_802c [reader]; bank1:0x802D=branch_if_acc_zero_to_8031 [gate]; bank1:0x802F=dec_acc_802f [math]; bank1:0x8030=store_acc_to_xdata_dptr_8030 [writer]; bank1:0x8031=load_dptr_0636_and_read [reader]; bank1:0x8035=branch_if_acc_zero_to_8039 [gate]; bank1:0x8037=dec_store_and_load_dptr_0637 [writer]; bank1:0x803C=test_and_decrement_0638_after_prior_byte [writer]; bank1:0x8048=store_acc_and_read_0639 [writer]; bank1:0x804D=dec_then_test_063a_with_sign_guard [writer]; bank1:0x8060=branch_if_acc_zero_to_8064 [gate]; bank1:0x8062=dec_store_then_test_and_dec_07f6 [writer]; bank1:0xA12D=set_0724_bit7_after_06c5_threshold [logic]; bank1:0xF109=ljmp_f196 [forwarder]; bank1:0xF123=thunk_to_f198 [forwarder]; bank1:0xF196=sjmp_to_f198 [forwarder]; bank1:0xF198=gate_045a_e0_bits_into_047b_0720_097a [writer]; pd:0x6673=FUN_CODE_6673,k733222e83898
0x07F7,pd,DAT_EXTMEM,0x07F3-0x07FF,pd-002,3,2,1,0,0,0,1,1,1,yes,,pd:0x6673=FUN_CODE_6673,kedee1182bba5
0x07F8,pd,DAT_EXTMEM,0x07F3-0x07FF,pd-002,3,2,1,0,0,0,1,1,1,yes,,pd:0x6673=FUN_CODE_6673,kedee1182bba5
0x07F9,pd,DAT_EXTMEM,0x07F3-0x07FF,pd-002,2,1,1,0,0,0,1,1,1,yes,,pd:0x6673=FUN_CODE_6673,kedee1182bba5
0x07FA,pd,DAT_EXTMEM,0x07F3-0x07FF,pd-002,2,1,0,0,1,0,1,0,1,yes,,pd:0x6673=FUN_CODE_6673,kedee1182bba5
0x07FB,pd,DAT_EXTMEM,0x07F3-0x07FF,pd-002,3,1,0,0,2,0,1,0,1,yes,,pd:0x6673=FUN_CODE_6673,kedee1182bba5
0x07FC,pd,DAT_EXTMEM,0x07F3-0x07FF,pd-002,1,0,1,0,0,0,0,1,1,yes,,pd:0x6673=FUN_CODE_6673,kedee1182bba5
0x07FD,both,DAT_EXTMEM,0x07FD-0x0801,main-ec-081,8,1,4,0,0,3,1,4,7,no,,bank0:0xD5D4=write_33_to_1501_join_loop_d5db [writer]; bank0:0xD5DB=FUN_CODE_d5db; bank0:0xD673=FUN_CODE_d673; bank0:0xD74F=write_33_to_1511_then_loop [writer]; bank0:0xD757=unresolved_multiarm_dispatch_d757 [unresolved]; bank1:0x94FA=magic_55aa_and_0704_countdown [state]; pd:0x6673=FUN_CODE_6673,ka4f882015765
0x07FE,both,DAT_EXTMEM,0x07FD-0x0801,main-ec-081,10,2,7,0,1,0,2,7,7,no,,bank0:0xD5D4=write_33_to_1501_join_loop_d5db [writer]; bank0:0xD5DB=FUN_CODE_d5db; bank0:0xD673=FUN_CODE_d673; bank0:0xD74F=write_33_to_1511_then_loop [writer]; bank0:0xD757=unresolved_multiarm_dispatch_d757 [unresolved]; bank1:0x94FA=magic_55aa_and_0704_countdown [state]; pd:0x6673=FUN_CODE_6673,ka4f882015765
0x07FF,both,DAT_EXTMEM,0x07FD-0x0801,main-ec-081,10,3,7,0,0,0,2,7,7,no,,bank0:0xD5D4=write_33_to_1501_join_loop_d5db [writer]; bank0:0xD5DB=FUN_CODE_d5db; bank0:0xD673=FUN_CODE_d673; bank0:0xD74F=write_33_to_1511_then_loop [writer]; bank0:0xD757=unresolved_multiarm_dispatch_d757 [unresolved]; bank1:0x94FA=magic_55aa_and_0704_countdown [state]; pd:0x6673=FUN_CODE_6673,ka4f882015765
0x0800,main-ec,DAT_EXTMEM,0x07FD-0x0801,main-ec-100,2,2,0,0,0,0,2,0,2,no,,bank1:0x8DBC=write_05_to_06c4_after_1984_check [gate]; bank1:0x8DE4=dispatch_on_0490_0495_0496_0498 [dispatch],k99b189da154b
0x0801,both,DAT_EXTMEM,0x07FD-0x0801,main-ec-120,12,9,0,3,0,0,9,3,9,no,,bank1:0x8202=clear_0801_bit5_then_call_19a2_84 [writer]; bank1:0x8300=clear_and_set_xdata_flag_bits [state]; bank1:0x8418=zero_1510_and_clear_xdata_flag_bits [state]; bank1:0x8DBC=write_05_to_06c4_after_1984_check [gate]; bank1:0x8DE4=dispatch_on_0490_0495_0496_0498 [dispatch]; bank1:0x8F6B=FUN_CODE_8f6b; bank1:0x9199=gate_1984_19a8_then_count_06cc [gate]; bank1:0x94FA=magic_55aa_and_0704_countdown [state]; pd:0x6673=FUN_CODE_6673,kb07a0f522a7d
0x0802,pd,DAT_EXTMEM,0x0801-0x0810,pd-002,2,1,1,0,0,0,1,1,1,yes,,pd:0x6673=FUN_CODE_6673,kedee1182bba5
0x0803,both,DAT_EXTMEM,0x0803-0x0806,main-ec-360,9,3,3,0,2,1,3,3,6,no,,bank1:0x8300=clear_and_set_xdata_flag_bits [state]; pd:0x1E4B=read_0803_and_invert [reader]; pd:0x1E9D=flag_from_f4ee [gate]; pd:0x1EFE=FUN_CODE_1efe; pd:0xB80E=write_r7_and_r3r2r1_to_0803 [writer]; pd:0xCB2A=store_0803_0805_then_jump_c808 [forwarder],k8d2e238d90a2
0x0804,both,DAT_EXTMEM,0x0803-0x0806,main-ec-093,5,2,2,0,1,0,2,2,4,no,,bank1:0xA916=clamp_078b_level_into_0804 [state]; pd:0x1E4B=read_0803_and_invert [reader]; pd:0x36C2=read_0803_0804_to_r7_r5 [reader]; pd:0xCB2A=store_0803_0805_then_jump_c808 [forwarder],k7c24ac0dbd47
0x0805,both,DAT_EXTMEM,0x0803-0x0806,main-ec-127,9,1,4,0,4,0,1,4,8,no,,bank1:0xA916=clamp_078b_level_into_0804 [state]; bank1:0xC352=dispatch_on_06d4_mod_10 [dispatch]; bank1:0xC392=FUN_CODE_c392; bank1:0xC3A0=dec_0622_when_04a2_below_0cee [writer]; pd:0x133F=clear_0807_0808_dispatch_0805 [dispatch]; pd:0x1EFE=FUN_CODE_1efe; pd:0xADAB=copy_0809_to_080a_then_dispatch_0805 [dispatch]; pd:0xCB2A=store_0803_0805_then_jump_c808 [forwarder],k3482a38733e8
0x0806,both,DAT_EXTMEM,0x0803-0x0806,main-ec-235,12,5,6,1,0,0,3,5,7,no,,bank0:0x9049=countdown_0806_and_branch_on_0490 [logic]; bank0:0x909B=update_flag_bits_in_0985 [logic]; bank0:0x90FE=update_flag_bits_in_0723 [logic]; bank1:0x976E=clear_0480_bit0_then_step_05f1_countdown [state]; bank1:0x9F04=dispatch_on_dpl_5b_7b_40 [dispatch]; bank1:0xAB29=latch_0983_b2_from_0442_b3 [state]; pd:0x6673=FUN_CODE_6673,ke9ebcb34c8a6
0x0807,pd,DAT_EXTMEM,0x0801-0x0810,pd-024,1,0,1,0,0,0,0,1,1,yes,,pd:0x133F=clear_0807_0808_dispatch_0805 [dispatch],kbd6a261bee53
0x0808,both,DAT_EXTMEM,0x0808-0x0809,main-ec-093,2,0,1,0,1,0,0,1,2,no,,bank1:0xA916=clamp_078b_level_into_0804 [state]; pd:0x133F=clear_0807_0808_dispatch_0805 [dispatch],k7c24ac0dbd47
0x0809,both,symbol+DAT_EXTMEM,0x0808-0x0809,main-ec-002,132,87,3,42,0,0,44,45,46,no,XDATA_0809,bank1:0x8001=decrement_nonzero_xdata_counters [writer]; bank1:0x8004=read_06c6 [reader]; bank1:0x8005=skip_06c6_decrement [logic]; bank1:0x8007=dec_06c6_value [math]; bank1:0x8008=store_06c6_decrement [writer]; bank1:0x8009=select_06cd [logic]; bank1:0x800C=read_06cd [reader]; bank1:0x800D=skip_06cd_decrement [logic]; bank1:0x800F=dec_06cd_value [math]; bank1:0x8010=store_06cd_decrement [writer]; bank1:0x8011=select_06d1 [logic]; bank1:0x8014=read_06d1_and_test_zero [reader]; bank1:0x8017=dec_06d1_value [math]; bank1:0x8018=store_acc_to_xdata_dptr_8018 [writer]; bank1:0x8019=load_dptr_06d2 [reader]; bank1:0x801C=read_xdata_dptr_801c [reader]; bank1:0x801D=branch_if_acc_zero_to_8021 [gate]; bank1:0x801F=dec_acc_801f [math]; bank1:0x8020=store_acc_to_xdata_dptr_8020 [writer]; bank1:0x8021=load_dptr_06f3 [reader]; bank1:0x8024=read_xdata_dptr_8024 [reader]; bank1:0x8025=branch_if_acc_zero_to_8029 [gate]; bank1:0x8027=dec_acc_8027 [math]; bank1:0x8028=store_acc_and_load_dptr_0635 [writer]; bank1:0x802C=read_xdata_dptr_802c [reader]; bank1:0x802D=branch_if_acc_zero_to_8031 [gate]; bank1:0x802F=dec_acc_802f [math]; bank1:0x8030=store_acc_to_xdata_dptr_8030 [writer]; bank1:0x8031=load_dptr_0636_and_read [reader]; bank1:0x8035=branch_if_acc_zero_to_8039 [gate]; bank1:0x8037=dec_store_and_load_dptr_0637 [writer]; bank1:0x803C=test_and_decrement_0638_after_prior_byte [writer]; bank1:0x8048=store_acc_and_read_0639 [writer]; bank1:0x804D=dec_then_test_063a_with_sign_guard [writer]; bank1:0x8060=branch_if_acc_zero_to_8064 [gate]; bank1:0x8062=dec_store_then_test_and_dec_07f6 [writer]; bank1:0x806C=reload_06d6_with_9_or_return_early [writer]; bank1:0x807E=dec_06c3_and_dec_06d8_gated_on_0440 [writer]; bank1:0x8096=dec_06d9_only_if_both_calls_return_zero [writer]; bank1:0x80AA=dec_timers_06da_08e4_055f_09ce_070b [writer]; bank1:0x80D6=clear_0460_0468_when_0706_reaches_zero [writer]; bank1:0x80EF=dec_timers_and_set_expiry_flags [writer]; bank1:0x9F04=dispatch_on_dpl_5b_7b_40 [dispatch]; pd:0x6673=FUN_CODE_6673; pd:0xADAB=copy_0809_to_080a_then_dispatch_0805 [dispatch]; pd:0xD83D=store_4_zero_bytes_at_0904_plus_0809_times_5e [writer],k733222e83898
0x080A,pd,DAT_EXTMEM,0x0801-0x0810,pd-002,3,0,3,0,0,0,0,3,3,no,,pd:0x6673=FUN_CODE_6673; pd:0xADAB=copy_0809_to_080a_then_dispatch_0805 [dispatch]; pd:0xD83D=store_4_zero_bytes_at_0904_plus_0809_times_5e [writer],kedee1182bba5
0x080B,both,DAT_EXTMEM,0x080B-0x080F,main-ec-057,4,0,4,0,0,0,0,3,3,no,,bank1:0xB784=FUN_CODE_b784; pd:0xADAB=copy_0809_to_080a_then_dispatch_0805 [dispatch]; pd:0xD83D=store_4_zero_bytes_at_0904_plus_0809_times_5e [writer],kfa7f87523dc9
0x080C,both,symbol+DAT_EXTMEM,0x080B-0x080F,main-ec-002,60,6,53,0,1,0,3,48,49,no,XDATA_080C,bank0:0xA00E=seed_0872_087a_088a_then_select_level [state]; bank0:0xA139=FUN_CODE_a139; bank0:0xA1A8=set_state_bytes_then_0xa1c8 [writer]; bank0:0xA1C8=select_code_table_entry_and_store_0872_087a_088a [dispatch]; bank1:0x8001=decrement_nonzero_xdata_counters [writer]; bank1:0x8004=read_06c6 [reader]; bank1:0x8005=skip_06c6_decrement [logic]; bank1:0x8007=dec_06c6_value [math]; bank1:0x8008=store_06c6_decrement [writer]; bank1:0x8009=select_06cd [logic]; bank1:0x800C=read_06cd [reader]; bank1:0x800D=skip_06cd_decrement [logic]; bank1:0x800F=dec_06cd_value [math]; bank1:0x8010=store_06cd_decrement [writer]; bank1:0x8011=select_06d1 [logic]; bank1:0x8014=read_06d1_and_test_zero [reader]; bank1:0x8017=dec_06d1_value [math]; bank1:0x8018=store_acc_to_xdata_dptr_8018 [writer]; bank1:0x8019=load_dptr_06d2 [reader]; bank1:0x801C=read_xdata_dptr_801c [reader]; bank1:0x801D=branch_if_acc_zero_to_8021 [gate]; bank1:0x801F=dec_acc_801f [math]; bank1:0x8020=store_acc_to_xdata_dptr_8020 [writer]; bank1:0x8021=load_dptr_06f3 [reader]; bank1:0x8024=read_xdata_dptr_8024 [reader]; bank1:0x8025=branch_if_acc_zero_to_8029 [gate]; bank1:0x8027=dec_acc_8027 [math]; bank1:0x8028=store_acc_and_load_dptr_0635 [writer]; bank1:0x802C=read_xdata_dptr_802c [reader]; bank1:0x802D=branch_if_acc_zero_to_8031 [gate]; bank1:0x802F=dec_acc_802f [math]; bank1:0x8030=store_acc_to_xdata_dptr_8030 [writer]; bank1:0x8031=load_dptr_0636_and_read [reader]; bank1:0x8035=branch_if_acc_zero_to_8039 [gate]; bank1:0x8037=dec_store_and_load_dptr_0637 [writer]; bank1:0x803C=test_and_decrement_0638_after_prior_byte [writer]; bank1:0x8048=store_acc_and_read_0639 [writer]; bank1:0x804D=dec_then_test_063a_with_sign_guard [writer]; bank1:0x8060=branch_if_acc_zero_to_8064 [gate]; bank1:0x8062=dec_store_then_test_and_dec_07f6 [writer]; bank1:0x806C=reload_06d6_with_9_or_return_early [writer]; bank1:0x807E=dec_06c3_and_dec_06d8_gated_on_0440 [writer]; bank1:0x8096=dec_06d9_only_if_both_calls_return_zero [writer]; bank1:0x80AA=dec_timers_06da_08e4_055f_09ce_070b [writer]; bank1:0x80D6=clear_0460_0468_when_0706_reaches_zero [writer]; bank1:0x80EF=dec_timers_and_set_expiry_flags [writer]; bank1:0x9817=enter_state_0480_05f1_06d9 [state]; bank1:0xA916=clamp_078b_level_into_0804 [state]; pd:0xADAB=copy_0809_to_080a_then_dispatch_0805 [dispatch],k733222e83898
0x080D,both,symbol+DAT_EXTMEM,0x080B-0x080F,main-ec-002,137,86,4,42,5,0,44,46,48,no,XDATA_080D,bank1:0x8001=decrement_nonzero_xdata_counters [writer]; bank1:0x8004=read_06c6 [reader]; bank1:0x8005=skip_06c6_decrement [logic]; bank1:0x8007=dec_06c6_value [math]; bank1:0x8008=store_06c6_decrement [writer]; bank1:0x8009=select_06cd [logic]; bank1:0x800C=read_06cd [reader]; bank1:0x800D=skip_06cd_decrement [logic]; bank1:0x800F=dec_06cd_value [math]; bank1:0x8010=store_06cd_decrement [writer]; bank1:0x8011=select_06d1 [logic]; bank1:0x8014=read_06d1_and_test_zero [reader]; bank1:0x8017=dec_06d1_value [math]; bank1:0x8018=store_acc_to_xdata_dptr_8018 [writer]; bank1:0x8019=load_dptr_06d2 [reader]; bank1:0x801C=read_xdata_dptr_801c [reader]; bank1:0x801D=branch_if_acc_zero_to_8021 [gate]; bank1:0x801F=dec_acc_801f [math]; bank1:0x8020=store_acc_to_xdata_dptr_8020 [writer]; bank1:0x8021=load_dptr_06f3 [reader]; bank1:0x8024=read_xdata_dptr_8024 [reader]; bank1:0x8025=branch_if_acc_zero_to_8029 [gate]; bank1:0x8027=dec_acc_8027 [math]; bank1:0x8028=store_acc_and_load_dptr_0635 [writer]; bank1:0x802C=read_xdata_dptr_802c [reader]; bank1:0x802D=branch_if_acc_zero_to_8031 [gate]; bank1:0x802F=dec_acc_802f [math]; bank1:0x8030=store_acc_to_xdata_dptr_8030 [writer]; bank1:0x8031=load_dptr_0636_and_read [reader]; bank1:0x8035=branch_if_acc_zero_to_8039 [gate]; bank1:0x8037=dec_store_and_load_dptr_0637 [writer]; bank1:0x803C=test_and_decrement_0638_after_prior_byte [writer]; bank1:0x8048=store_acc_and_read_0639 [writer]; bank1:0x804D=dec_then_test_063a_with_sign_guard [writer]; bank1:0x8060=branch_if_acc_zero_to_8064 [gate]; bank1:0x8062=dec_store_then_test_and_dec_07f6 [writer]; bank1:0x806C=reload_06d6_with_9_or_return_early [writer]; bank1:0x807E=dec_06c3_and_dec_06d8_gated_on_0440 [writer]; bank1:0x8096=dec_06d9_only_if_both_calls_return_zero [writer]; bank1:0x80AA=dec_timers_06da_08e4_055f_09ce_070b [writer]; bank1:0x80D6=clear_0460_0468_when_0706_reaches_zero [writer]; bank1:0x80EF=dec_timers_and_set_expiry_flags [writer]; bank1:0x9F04=dispatch_on_dpl_5b_7b_40 [dispatch]; bank1:0xA916=clamp_078b_level_into_0804 [state]; bank1:0xAB29=latch_0983_b2_from_0442_b3 [state]; pd:0x700D=read_xdata_080d_and_set_r3_ff [reader]; pd:0xC24E=write_080d_then_branch_on_70e7 [state]; pd:0xF610=store_r7r5r3_to_080d [writer],k733222e83898
0x080E,both,DAT_EXTMEM,0x080B-0x080F,main-ec-093,7,2,3,0,2,0,2,3,4,no,,bank1:0xA8F0=clamp_0623_level_into_080e [state]; bank1:0xA916=clamp_078b_level_into_0804 [state]; pd:0xE5B3=store_080e_and_accumulate_r6 [logic]; pd:0xF610=store_r7r5r3_to_080d [writer],k7c24ac0dbd47
0x080F,both,DAT_EXTMEM,0x080B-0x080F,main-ec-264,11,3,5,1,1,1,2,5,6,no,,bank0:0x83FF=sync_0788_and_07d4_from_09e9 [state]; bank0:0x9CA6=gate_06e6_442_then_sync_046a_from_086b [state]; bank1:0x9F04=dispatch_on_dpl_5b_7b_40 [dispatch]; bank1:0xAB29=latch_0983_b2_from_0442_b3 [state]; pd:0xE877=store_080f_0810_and_pick_f50e_arg_on_carry [logic]; pd:0xF610=store_r7r5r3_to_080d [writer],k27e37357dcba
0x0810,pd,DAT_EXTMEM,0x0801-0x0810,pd-022,1,0,1,0,0,0,0,1,1,yes,,pd:0xE877=store_080f_0810_and_pick_f50e_arg_on_carry [logic],k8f4779cd0c61
0x0811,main-ec,symbol,0x0811-0x0811,main-ec-002,127,84,1,42,0,0,42,43,43,no,XDATA_0811,bank1:0x8001=decrement_nonzero_xdata_counters [writer]; bank1:0x8004=read_06c6 [reader]; bank1:0x8005=skip_06c6_decrement [logic]; bank1:0x8007=dec_06c6_value [math]; bank1:0x8008=store_06c6_decrement [writer]; bank1:0x8009=select_06cd [logic]; bank1:0x800C=read_06cd [reader]; bank1:0x800D=skip_06cd_decrement [logic]; bank1:0x800F=dec_06cd_value [math]; bank1:0x8010=store_06cd_decrement [writer]; bank1:0x8011=select_06d1 [logic]; bank1:0x8014=read_06d1_and_test_zero [reader]; bank1:0x8017=dec_06d1_value [math]; bank1:0x8018=store_acc_to_xdata_dptr_8018 [writer]; bank1:0x8019=load_dptr_06d2 [reader]; bank1:0x801C=read_xdata_dptr_801c [reader]; bank1:0x801D=branch_if_acc_zero_to_8021 [gate]; bank1:0x801F=dec_acc_801f [math]; bank1:0x8020=store_acc_to_xdata_dptr_8020 [writer]; bank1:0x8021=load_dptr_06f3 [reader]; bank1:0x8024=read_xdata_dptr_8024 [reader]; bank1:0x8025=branch_if_acc_zero_to_8029 [gate]; bank1:0x8027=dec_acc_8027 [math]; bank1:0x8028=store_acc_and_load_dptr_0635 [writer]; bank1:0x802C=read_xdata_dptr_802c [reader]; bank1:0x802D=branch_if_acc_zero_to_8031 [gate]; bank1:0x802F=dec_acc_802f [math]; bank1:0x8030=store_acc_to_xdata_dptr_8030 [writer]; bank1:0x8031=load_dptr_0636_and_read [reader]; bank1:0x8035=branch_if_acc_zero_to_8039 [gate]; bank1:0x8037=dec_store_and_load_dptr_0637 [writer]; bank1:0x803C=test_and_decrement_0638_after_prior_byte [writer]; bank1:0x8048=store_acc_and_read_0639 [writer]; bank1:0x804D=dec_then_test_063a_with_sign_guard [writer]; bank1:0x8060=branch_if_acc_zero_to_8064 [gate]; bank1:0x8062=dec_store_then_test_and_dec_07f6 [writer]; bank1:0x806C=reload_06d6_with_9_or_return_early [writer]; bank1:0x807E=dec_06c3_and_dec_06d8_gated_on_0440 [writer]; bank1:0x8096=dec_06d9_only_if_both_calls_return_zero [writer]; bank1:0x80AA=dec_timers_06da_08e4_055f_09ce_070b [writer]; bank1:0x80D6=clear_0460_0468_when_0706_reaches_zero [writer]; bank1:0x80EF=dec_timers_and_set_expiry_flags [writer]; bank1:0x9F04=dispatch_on_dpl_5b_7b_40 [dispatch],k733222e83898
0x0814,pd,DAT_EXTMEM,0x0814-0x0817,pd-013,2,0,1,0,1,0,0,1,1,yes,,pd:0xC901=dispatch_on_r3_then_add_product_to_0699 [dispatch],kacceb5434a16
0x0815,both,DAT_EXTMEM,0x0815-0x0827,main-ec-327,5,3,1,0,0,1,3,1,4,no,,bank0:0x8F20=state_0817_dispatch [state]; bank0:0xBC14=init_0817_081e_081f_read_0815 [writer]; pd:0xC24E=write_080d_then_branch_on_70e7 [state]; pd:0xC901=dispatch_on_r3_then_add_product_to_0699 [dispatch],k59097756cff1
0x0816,both,DAT_EXTMEM,0x0815-0x0827,main-ec-278,7,3,2,2,0,0,1,3,3,no,,bank0:0xCF48=dispatch_06e6_after_counting_down_06e8_pair [dispatch]; bank0:0xCFC6=collect_two_flags_into_0816_then_raise_ap_oem_bit7 [logic]; pd:0xC901=dispatch_on_r3_then_add_product_to_0699 [dispatch],k2b65363d4396
0x0817,both,DAT_EXTMEM,0x0815-0x0827,main-ec-073,25,10,14,0,0,1,3,11,12,no,,bank0:0x8F20=state_0817_dispatch [state]; bank0:0x8FDB=state_0817_fallthrough [state]; bank0:0x9006=read_dptr_byte [reader]; bank0:0x9007=word_nonzero_check_tail [logic]; bank0:0x900D=clear_081e_after_c2a2 [writer]; bank0:0x9015=advance_dptr_to_081f [forwarder]; bank0:0x9016=load_constant_14 [forwarder]; bank0:0x9018=store_14_then_select_0817 [writer]; bank0:0x902A=write_2_to_0817 [writer]; bank0:0xBC14=init_0817_081e_081f_read_0815 [writer]; bank1:0x95E5=set_0476_bit1_then_branch_on_r7 [logic]; pd:0xDCC7=store_then_clear_0817_and_add_r6_times_0x67 [writer],k0498704b659b
0x0818,main-ec,DAT_EXTMEM,0x0815-0x0827,main-ec-043,1,0,1,0,0,0,0,1,1,yes,,bank1:0x85C1=init_0818_081f_byte_set [state],kc2707aaab8c1
0x0819,both,DAT_EXTMEM,0x0815-0x0827,main-ec-043,4,1,2,0,0,1,1,2,3,no,,bank1:0x85C1=init_0818_081f_byte_set [state]; pd:0x96FB=dptr_0819_then_scale_via_96ff [forwarder]; pd:0xC873=compare_55_then_mark_0819 [state],kc2707aaab8c1
0x081A,main-ec,DAT_EXTMEM,0x0815-0x0827,main-ec-043,1,0,1,0,0,0,0,1,1,yes,,bank1:0x85C1=init_0818_081f_byte_set [state],kc2707aaab8c1
0x081B,main-ec,DAT_EXTMEM,0x0815-0x0827,main-ec-043,1,0,1,0,0,0,0,1,1,yes,,bank1:0x85C1=init_0818_081f_byte_set [state],kc2707aaab8c1
0x081C,main-ec,DAT_EXTMEM,0x0815-0x0827,main-ec-043,1,0,1,0,0,0,0,1,1,yes,,bank1:0x85C1=init_0818_081f_byte_set [state],kc2707aaab8c1
0x081D,main-ec,DAT_EXTMEM,0x0815-0x0827,main-ec-003,3,0,2,0,1,0,0,2,3,no,,bank0:0xA00E=seed_0872_087a_088a_then_select_level [state]; bank1:0x94A8=lookup_94a0_table_by_0620_low3 [logic]; bank1:0x9817=enter_state_0480_05f1_06d9 [state],ka39cda99615f
0x081E,main-ec,DAT_EXTMEM,0x0815-0x0827,main-ec-073,18,10,8,0,0,0,2,7,7,no,,bank0:0x8F20=state_0817_dispatch [state]; bank0:0x8FDB=state_0817_fallthrough [state]; bank0:0x9006=read_dptr_byte [reader]; bank0:0x9007=word_nonzero_check_tail [logic]; bank0:0x900D=clear_081e_after_c2a2 [writer]; bank0:0xBC14=init_0817_081e_081f_read_0815 [writer]; bank1:0x85C1=init_0818_081f_byte_set [state],k0498704b659b
0x081F,main-ec,DAT_EXTMEM,0x0815-0x0827,main-ec-073,13,5,8,0,0,0,2,7,7,no,,bank0:0x8F20=state_0817_dispatch [state]; bank0:0x8FDB=state_0817_fallthrough [state]; bank0:0x9006=read_dptr_byte [reader]; bank0:0x9007=word_nonzero_check_tail [logic]; bank0:0x900D=clear_081e_after_c2a2 [writer]; bank0:0xBC14=init_0817_081e_081f_read_0815 [writer]; bank1:0x85C1=init_0818_081f_byte_set [state],k0498704b659b
0x0820,main-ec,DAT_EXTMEM,0x0815-0x0827,main-ec-006,7,6,1,0,0,0,2,1,3,no,,bank1:0x9B3C=FUN_CODE_9b3c; bank1:0x9C0E=match_0820_against_0458_mode [logic]; bank1:0x9C53=FUN_CODE_9c53,ka07bfc4f80cd
0x0821,main-ec,DAT_EXTMEM,0x0815-0x0827,main-ec-006,1,0,1,0,0,0,0,1,1,yes,,bank1:0x9B3C=FUN_CODE_9b3c,ka07bfc4f80cd
0x0822,main-ec,DAT_EXTMEM,0x0815-0x0827,main-ec-006,1,0,1,0,0,0,0,1,1,yes,,bank1:0x9B3C=FUN_CODE_9b3c,ka07bfc4f80cd
0x0823,main-ec,DAT_EXTMEM,0x0815-0x0827,main-ec-361,1,0,1,0,0,0,0,1,1,yes,,bank1:0x9EF6=call_1a38_then_set_0823_80 [writer],kee8abea974fa
0x0824,main-ec,DAT_EXTMEM,0x0815-0x0827,main-ec-001,8,4,0,4,0,0,4,4,4,no,,bank0:0x8749=mode_tick_084c_07a5_09ee [state]; bank0:0x888D=fan_table_mailbox_handler [dispatch]; bank0:0x8931=threshold_cascade_from_08eb_085f [unresolved]; bank0:0xBC3F=store_a_then_clear_0824_bit7_and_0768_bit2 [writer],k7497cf885614
0x0825,both,DAT_EXTMEM,0x0815-0x0827,main-ec-045,10,4,4,0,1,1,2,4,5,no,,bank0:0xC55F=FUN_CODE_c55f; bank0:0xC5BD=FUN_CODE_c5bd; bank0:0xD9DC=select_0825_or_0827_into_0826 [logic]; bank1:0x9817=enter_state_0480_05f1_06d9 [state]; pd:0xD435=FUN_CODE_d435,kf0dd4856861a
0x0826,main-ec,DAT_EXTMEM,0x0815-0x0827,main-ec-045,19,12,4,2,1,0,7,6,12,no,,bank0:0xAC4A=toggle_08e2_bit4 [state]; bank0:0xBA23=load_09cc_into_a_and_dptr_6391 [reader]; bank0:0xBA2A=mul_code_byte_by_xdata_0826 [math]; bank0:0xBC9F=mul_0826_by_dptr_byte [math]; bank0:0xC55F=FUN_CODE_c55f; bank0:0xC5BD=FUN_CODE_c5bd; bank0:0xC9FF=kbd_status_from_0826_low_bits [logic]; bank0:0xCA2D=clear_kbd_status_bit1_return_0826 [writer]; bank0:0xD9DC=select_0825_or_0827_into_0826 [logic]; bank1:0x976E=clear_0480_bit0_then_step_05f1_countdown [state]; bank1:0x9817=enter_state_0480_05f1_06d9 [state]; bank1:0xA8A7=flag_086f_bit2_send_5a_02_88_table [state],kf0dd4856861a
0x0827,main-ec,DAT_EXTMEM,0x0815-0x0827,main-ec-045,5,1,3,0,0,1,1,3,4,no,,bank0:0xC55F=FUN_CODE_c55f; bank0:0xC5BD=FUN_CODE_c5bd; bank0:0xD9DC=select_0825_or_0827_into_0826 [logic]; bank1:0x976E=clear_0480_bit0_then_step_05f1_countdown [state],kf0dd4856861a
0x082F,main-ec,DAT_EXTMEM,0x082F-0x0832,main-ec-004,10,6,4,0,0,0,2,3,3,no,,bank1:0xC700=setup_state_and_copy_30_byte_table [init]; bank1:0xDEE8=FUN_CODE_dee8; bank1:0xDEF1=FUN_CODE_def1,kffd18a7555bf
0x0830,main-ec,DAT_EXTMEM,0x082F-0x0832,main-ec-148,2,0,1,0,1,0,0,1,2,no,,bank1:0xA7F7=flag_0832_bit5_send_12_3b_8c [state]; bank1:0xAAF9=write_0830_0831_and_0832_bit5 [state],kb7626382b675
0x0831,main-ec,DAT_EXTMEM,0x082F-0x0832,main-ec-148,3,0,2,0,1,0,0,1,2,no,,bank1:0xA7F7=flag_0832_bit5_send_12_3b_8c [state]; bank1:0xAAF9=write_0830_0831_and_0832_bit5 [state],kb7626382b675
0x0832,both,DAT_EXTMEM,0x082F-0x0832,main-ec-190,78,37,5,26,6,4,22,22,27,no,,bank0:0x91C5=config_init_from_ba36_ba46 [init]; bank0:0x924C=set_0838_0839_0832_on_049f_bit2 [state]; bank0:0x9277=FUN_CODE_9277; bank0:0xD9FE=seed_07d3_gfid_and_08xx_defaults [init]; bank1:0xA750=dispatch_0832_event_bits [dispatch]; bank1:0xA7D8=flag_0832_bit3_send_12_3f_8c [state]; bank1:0xA7F7=flag_0832_bit5_send_12_3b_8c [state]; bank1:0xA816=flag_0832_bit6_send_12_12_8c [state]; bank1:0xAAB9=write_083c_083d_and_0832_bit6 [state]; bank1:0xAAF9=write_0830_0831_and_0832_bit5 [state]; bank1:0xBABF=stage_0577_against_0834_0836 [logic]; bank1:0xBB3D=forward_to_bd20_bb3d [forwarder]; bank1:0xBBA4=FUN_CODE_bba4; bank1:0xBC05=FUN_CODE_bc05; bank1:0xBD20=clear_0834_word_when_nonzero [writer]; bank1:0xBF3A=guard_then_store_pair_0834 [writer]; bank1:0xBF93=forward_to_bd20_bf93 [forwarder]; bank1:0xC4AF=reload_083e_when_0834_is_zero [state]; pd:0x4C27=dispatch_entry [dispatch]; pd:0x4D6F=dispatch_case_06 [dispatch]; pd:0x4E84=dispatch_case_09 [dispatch]; pd:0xA890=ascii_string_not_code [unresolved]; pd:0xB28A=mul38_of_xdata_0832 [math]; pd:0xB2FE=read_0832_and_multiply_by_38 [math]; pd:0xE15A=set_0832_through_5874_58ab_ed46_56cb [writer]; pd:0xE458=store_07d8_and_dispatch_07da [dispatch]; pd:0xE757=FUN_CODE_e757,k9ec2cc88ea6b
0x0834,both,DAT_EXTMEM,0x0834-0x083E,main-ec-022,19,16,1,1,1,0,4,2,6,no,,bank1:0xA750=dispatch_0832_event_bits [dispatch]; pd:0x4C27=dispatch_entry [dispatch]; pd:0x4D6F=dispatch_case_06 [dispatch]; pd:0xA890=ascii_string_not_code [unresolved]; pd:0xC808=store_a_at_dptr_and_r7_at_0800_plus_a [writer]; pd:0xC873=compare_55_then_mark_0819 [state],k32a7bc297a82
0x0835,both,DAT_EXTMEM,0x0834-0x083E,main-ec-022,5,2,2,0,1,0,2,2,4,no,,bank1:0xA750=dispatch_0832_event_bits [dispatch]; pd:0x4C27=dispatch_entry [dispatch]; pd:0x4D6F=dispatch_case_06 [dispatch]; pd:0xA890=ascii_string_not_code [unresolved],k32a7bc297a82
0x0836,both,DAT_EXTMEM,0x0834-0x083E,main-ec-022,5,4,0,0,1,0,2,0,3,no,,bank1:0xA750=dispatch_0832_event_bits [dispatch]; pd:0xC808=store_a_at_dptr_and_r7_at_0800_plus_a [writer]; pd:0xC873=compare_55_then_mark_0819 [state],k32a7bc297a82
0x0837,main-ec,DAT_EXTMEM,0x0834-0x083E,main-ec-022,1,0,0,0,1,0,0,0,1,yes,,bank1:0xA750=dispatch_0832_event_bits [dispatch],k32a7bc297a82
0x0838,main-ec,DAT_EXTMEM,0x0834-0x083E,main-ec-022,3,0,2,0,1,0,0,1,2,no,,bank0:0x924C=set_0838_0839_0832_on_049f_bit2 [state]; bank1:0xA750=dispatch_0832_event_bits [dispatch],k32a7bc297a82
0x0839,main-ec,DAT_EXTMEM,0x0834-0x083E,main-ec-022,2,0,1,0,1,0,0,1,2,no,,bank0:0x924C=set_0838_0839_0832_on_049f_bit2 [state]; bank1:0xA750=dispatch_0832_event_bits [dispatch],k32a7bc297a82
0x083A,both,DAT_EXTMEM,0x0834-0x083E,main-ec-085,5,0,4,0,1,0,0,4,5,no,,bank0:0x91C5=config_init_from_ba36_ba46 [init]; bank0:0x9277=FUN_CODE_9277; bank0:0xD9FE=seed_07d3_gfid_and_08xx_defaults [init]; bank1:0xA7D8=flag_0832_bit3_send_12_3f_8c [state]; pd:0x4E84=dispatch_case_09 [dispatch],k614bab4e3d9d
0x083B,both,DAT_EXTMEM,0x0834-0x083E,main-ec-085,5,0,4,0,1,0,0,4,5,no,,bank0:0x91C5=config_init_from_ba36_ba46 [init]; bank0:0x9277=FUN_CODE_9277; bank0:0xD9FE=seed_07d3_gfid_and_08xx_defaults [init]; bank1:0xA7D8=flag_0832_bit3_send_12_3f_8c [state]; pd:0x0180=dispatch_r5_write_083b_0300 [dispatch],k614bab4e3d9d
0x083C,both,DAT_EXTMEM,0x0834-0x083E,main-ec-149,5,1,2,0,2,0,1,2,3,no,,bank1:0xA816=flag_0832_bit6_send_12_12_8c [state]; bank1:0xAAB9=write_083c_083d_and_0832_bit6 [state]; pd:0xD8EE=copy_0841_to_0984_when_083c_matches_097f [state],k51e7e4f7928f
0x083D,both,DAT_EXTMEM,0x0834-0x083E,main-ec-149,7,1,4,0,1,1,1,3,6,no,,bank1:0xA816=flag_0832_bit6_send_12_12_8c [state]; bank1:0xAAB9=write_083c_083d_and_0832_bit6 [state]; pd:0x0180=dispatch_r5_write_083b_0300 [dispatch]; pd:0x4D6F=dispatch_case_06 [dispatch]; pd:0xB154=load_a_with_03 [unresolved]; pd:0xB156=set_dptr_083d [unresolved],k51e7e4f7928f
0x083E,main-ec,DAT_EXTMEM,0x0834-0x083E,main-ec-299,4,2,1,1,0,0,1,1,1,yes,,bank1:0xC4AF=reload_083e_when_0834_is_zero [state],k0c4f4cab1782
0x0841,main-ec,DAT_EXTMEM,0x0841-0x0841,main-ec-049,1,0,1,0,0,0,0,1,1,yes,,bank1:0x976E=clear_0480_bit0_then_step_05f1_countdown [state],k94ac06e5d511
0x0843,main-ec,symbol,0x0843-0x0846,main-ec-002,168,126,0,42,0,0,42,42,42,no,XDATA_0843,bank1:0x8001=decrement_nonzero_xdata_counters [writer]; bank1:0x8004=read_06c6 [reader]; bank1:0x8005=skip_06c6_decrement [logic]; bank1:0x8007=dec_06c6_value [math]; bank1:0x8008=store_06c6_decrement [writer]; bank1:0x8009=select_06cd [logic]; bank1:0x800C=read_06cd [reader]; bank1:0x800D=skip_06cd_decrement [logic]; bank1:0x800F=dec_06cd_value [math]; bank1:0x8010=store_06cd_decrement [writer]; bank1:0x8011=select_06d1 [logic]; bank1:0x8014=read_06d1_and_test_zero [reader]; bank1:0x8017=dec_06d1_value [math]; bank1:0x8018=store_acc_to_xdata_dptr_8018 [writer]; bank1:0x8019=load_dptr_06d2 [reader]; bank1:0x801C=read_xdata_dptr_801c [reader]; bank1:0x801D=branch_if_acc_zero_to_8021 [gate]; bank1:0x801F=dec_acc_801f [math]; bank1:0x8020=store_acc_to_xdata_dptr_8020 [writer]; bank1:0x8021=load_dptr_06f3 [reader]; bank1:0x8024=read_xdata_dptr_8024 [reader]; bank1:0x8025=branch_if_acc_zero_to_8029 [gate]; bank1:0x8027=dec_acc_8027 [math]; bank1:0x8028=store_acc_and_load_dptr_0635 [writer]; bank1:0x802C=read_xdata_dptr_802c [reader]; bank1:0x802D=branch_if_acc_zero_to_8031 [gate]; bank1:0x802F=dec_acc_802f [math]; bank1:0x8030=store_acc_to_xdata_dptr_8030 [writer]; bank1:0x8031=load_dptr_0636_and_read [reader]; bank1:0x8035=branch_if_acc_zero_to_8039 [gate]; bank1:0x8037=dec_store_and_load_dptr_0637 [writer]; bank1:0x803C=test_and_decrement_0638_after_prior_byte [writer]; bank1:0x8048=store_acc_and_read_0639 [writer]; bank1:0x804D=dec_then_test_063a_with_sign_guard [writer]; bank1:0x8060=branch_if_acc_zero_to_8064 [gate]; bank1:0x8062=dec_store_then_test_and_dec_07f6 [writer]; bank1:0x806C=reload_06d6_with_9_or_return_early [writer]; bank1:0x807E=dec_06c3_and_dec_06d8_gated_on_0440 [writer]; bank1:0x8096=dec_06d9_only_if_both_calls_return_zero [writer]; bank1:0x80AA=dec_timers_06da_08e4_055f_09ce_070b [writer]; bank1:0x80D6=clear_0460_0468_when_0706_reaches_zero [writer]; bank1:0x80EF=dec_timers_and_set_expiry_flags [writer],k733222e83898
0x0844,main-ec,symbol,0x0843-0x0846,main-ec-002,168,126,0,42,0,0,42,42,42,no,XDATA_0844,bank1:0x8001=decrement_nonzero_xdata_counters [writer]; bank1:0x8004=read_06c6 [reader]; bank1:0x8005=skip_06c6_decrement [logic]; bank1:0x8007=dec_06c6_value [math]; bank1:0x8008=store_06c6_decrement [writer]; bank1:0x8009=select_06cd [logic]; bank1:0x800C=read_06cd [reader]; bank1:0x800D=skip_06cd_decrement [logic]; bank1:0x800F=dec_06cd_value [math]; bank1:0x8010=store_06cd_decrement [writer]; bank1:0x8011=select_06d1 [logic]; bank1:0x8014=read_06d1_and_test_zero [reader]; bank1:0x8017=dec_06d1_value [math]; bank1:0x8018=store_acc_to_xdata_dptr_8018 [writer]; bank1:0x8019=load_dptr_06d2 [reader]; bank1:0x801C=read_xdata_dptr_801c [reader]; bank1:0x801D=branch_if_acc_zero_to_8021 [gate]; bank1:0x801F=dec_acc_801f [math]; bank1:0x8020=store_acc_to_xdata_dptr_8020 [writer]; bank1:0x8021=load_dptr_06f3 [reader]; bank1:0x8024=read_xdata_dptr_8024 [reader]; bank1:0x8025=branch_if_acc_zero_to_8029 [gate]; bank1:0x8027=dec_acc_8027 [math]; bank1:0x8028=store_acc_and_load_dptr_0635 [writer]; bank1:0x802C=read_xdata_dptr_802c [reader]; bank1:0x802D=branch_if_acc_zero_to_8031 [gate]; bank1:0x802F=dec_acc_802f [math]; bank1:0x8030=store_acc_to_xdata_dptr_8030 [writer]; bank1:0x8031=load_dptr_0636_and_read [reader]; bank1:0x8035=branch_if_acc_zero_to_8039 [gate]; bank1:0x8037=dec_store_and_load_dptr_0637 [writer]; bank1:0x803C=test_and_decrement_0638_after_prior_byte [writer]; bank1:0x8048=store_acc_and_read_0639 [writer]; bank1:0x804D=dec_then_test_063a_with_sign_guard [writer]; bank1:0x8060=branch_if_acc_zero_to_8064 [gate]; bank1:0x8062=dec_store_then_test_and_dec_07f6 [writer]; bank1:0x806C=reload_06d6_with_9_or_return_early [writer]; bank1:0x807E=dec_06c3_and_dec_06d8_gated_on_0440 [writer]; bank1:0x8096=dec_06d9_only_if_both_calls_return_zero [writer]; bank1:0x80AA=dec_timers_06da_08e4_055f_09ce_070b [writer]; bank1:0x80D6=clear_0460_0468_when_0706_reaches_zero [writer]; bank1:0x80EF=dec_timers_and_set_expiry_flags [writer],k733222e83898
0x0845,both,DAT_EXTMEM,0x0843-0x0846,main-ec-017,14,9,4,1,0,0,5,2,5,no,,bank1:0x8AE5=probe_159a_19f0_0983_then_dispatch [dispatch]; bank1:0x8B01=load_dptr_097f [reader]; bank1:0x8B04=countdown_06c0_latch_097f_bit0 [state]; bank1:0xA9B4=step_state_0845 [state]; pd:0xC0EF=store_0845_0847_then_return_ff_or_00 [gate],k8752aa6b045e
0x0846,both,DAT_EXTMEM,0x0843-0x0846,main-ec-328,7,4,1,0,2,0,3,1,3,no,,common:0x1BF3=FUN_CODE_1bf3; common:0x1C00=FUN_CODE_1c00; pd:0xC0EF=store_0845_0847_then_return_ff_or_00 [gate],kfe35f500dbd2
0x0847,pd,DAT_EXTMEM,0x0845-0x084A,pd-008,5,2,1,0,2,0,1,1,1,yes,,pd:0xC0EF=store_0845_0847_then_return_ff_or_00 [gate],k99a2c27c4ade
0x0848,both,DAT_EXTMEM,0x0848-0x0848,main-ec-077,12,7,1,4,0,0,5,5,6,no,,bank1:0xAD85=forwarder_to_b33b [forwarder]; bank1:0xB33B=FUN_CODE_b33b; bank1:0xB841=arm_05f2_countdown_0575_clears_0490 [state]; bank1:0xB98D=threshold_dispatch_0438_by_0491 [dispatch]; bank1:0xD946=FUN_CODE_d946; pd:0xC0EF=store_0845_0847_then_return_ff_or_00 [gate],k53bc20ceaa56
0x0849,pd,DAT_EXTMEM,0x0845-0x084A,pd-003,1,0,1,0,0,0,0,1,1,yes,,pd:0x821B=fill_0849_0857_block [writer],k276a0a6818c4
0x084A,pd,DAT_EXTMEM,0x0845-0x084A,pd-003,1,0,1,0,0,0,0,1,1,yes,,pd:0x821B=fill_0849_0857_block [writer],k276a0a6818c4
0x084C,both,DAT_EXTMEM,0x084C-0x084C,main-ec-001,7,5,1,1,0,0,2,2,3,no,,bank0:0x8749=mode_tick_084c_07a5_09ee [state]; pd:0x821B=fill_0849_0857_block [writer]; pd:0xF407=zero_084c_call_8814_821b [writer],k7497cf885614
0x084E,main-ec,DAT_EXTMEM,0x084E-0x085B,main-ec-003,18,12,3,3,0,0,3,3,3,no,,bank1:0x9081=count_down_06e4_and_toggle_06e3 [state]; bank1:0x90B0=forward_to_90b8 [forwarder]; bank1:0x90B8=step_counter_084e_dispatch [dispatch],ka39cda99615f
0x084F,main-ec,DAT_EXTMEM,0x084E-0x085B,main-ec-231,12,7,0,5,0,0,4,4,4,no,,bank0:0xA312=gate_0494_then_dispatch_0851_and_7 [dispatch]; bank0:0xA844=update_0476_flags [state]; bank0:0xBBA4=mask_0476_with_1f [writer]; bank0:0xBBAB=clear_084f_bit0 [writer],k5dcc67487b36
0x0850,main-ec,DAT_EXTMEM,0x084E-0x085B,main-ec-362,1,0,1,0,0,0,0,1,1,yes,,bank0:0x9041=store_r7_to_0850_then_jump_1648 [forwarder],k9e9c2fe22cc7
0x0851,both,DAT_EXTMEM,0x084E-0x085B,main-ec-300,5,2,1,1,0,1,1,2,2,no,,bank0:0xA312=gate_0494_then_dispatch_0851_and_7 [dispatch]; pd:0x821B=fill_0849_0857_block [writer],k3c65371e4baa
0x0852,both,DAT_EXTMEM,0x084E-0x085B,main-ec-026,17,7,4,3,3,0,4,4,5,no,,bank0:0xA426=FUN_CODE_a426; bank0:0xA663=gate_0767_06e6_0741_then_dispatch_076f [dispatch]; bank0:0xA678=forward_to_a426 [forwarder]; bank0:0xBB6A=fill_0852_0854_with_ff [writer]; pd:0x56ED=read_xdata_0852 [reader],k776555ac7100
0x0853,main-ec,DAT_EXTMEM,0x084E-0x085B,main-ec-026,16,6,4,3,3,0,3,4,4,no,,bank0:0xA426=FUN_CODE_a426; bank0:0xA663=gate_0767_06e6_0741_then_dispatch_076f [dispatch]; bank0:0xA678=forward_to_a426 [forwarder]; bank0:0xBB6A=fill_0852_0854_with_ff [writer],k776555ac7100
0x0854,main-ec,DAT_EXTMEM,0x084E-0x085B,main-ec-026,19,9,7,0,3,0,3,4,4,no,,bank0:0xA426=FUN_CODE_a426; bank0:0xA663=gate_0767_06e6_0741_then_dispatch_076f [dispatch]; bank0:0xA678=forward_to_a426 [forwarder]; bank0:0xBB6A=fill_0852_0854_with_ff [writer],k776555ac7100
0x0855,both,DAT_EXTMEM,0x084E-0x085B,main-ec-145,4,0,3,0,1,0,0,3,4,no,,bank0:0xBB11=mod_100_of_be16_0855 [math]; bank0:0xBB6A=fill_0852_0854_with_ff [writer]; bank0:0xBB78=zero_0855_0856 [writer]; pd:0x821B=fill_0849_0857_block [writer],k1a595ae5e31b
0x0856,both,DAT_EXTMEM,0x084E-0x085B,main-ec-145,5,0,4,0,1,0,0,4,5,no,,bank0:0xBB11=mod_100_of_be16_0855 [math]; bank0:0xBB6A=fill_0852_0854_with_ff [writer]; bank0:0xBB78=zero_0855_0856 [writer]; pd:0x821B=fill_0849_0857_block [writer]; pd:0xE458=store_07d8_and_dispatch_07da [dispatch],k1a595ae5e31b
0x0857,main-ec,DAT_EXTMEM,0x084E-0x085B,main-ec-144,3,1,2,0,0,0,1,2,3,no,,bank0:0xA71A=clear_0857_and_076f [writer]; bank0:0xA725=write_0857_from_acc [writer]; bank0:0xBB88=sub_19_from_0857 [math],kecfed5e8cf2e
0x0858,main-ec,DAT_EXTMEM,0x084E-0x085B,main-ec-136,4,3,0,1,0,0,1,1,1,yes,,bank0:0xA2E0=step_0859_then_toggle_0858_bit0 [state],k0121504b8669
0x0859,main-ec,DAT_EXTMEM,0x084E-0x085B,main-ec-136,4,2,1,1,0,0,1,1,1,yes,,bank0:0xA2E0=step_0859_then_toggle_0858_bit0 [state],k0121504b8669
0x085A,main-ec,DAT_EXTMEM,0x084E-0x085B,main-ec-316,3,2,1,0,0,0,1,1,1,yes,,bank1:0x9733=sync_085a_from_iram28_and_call_896a [state],k06671aaead86
0x085B,main-ec,symbol,0x084E-0x085B,main-ec-002,127,85,0,42,0,0,43,42,43,no,XDATA_085B,bank1:0x8001=decrement_nonzero_xdata_counters [writer]; bank1:0x8004=read_06c6 [reader]; bank1:0x8005=skip_06c6_decrement [logic]; bank1:0x8007=dec_06c6_value [math]; bank1:0x8008=store_06c6_decrement [writer]; bank1:0x8009=select_06cd [logic]; bank1:0x800C=read_06cd [reader]; bank1:0x800D=skip_06cd_decrement [logic]; bank1:0x800F=dec_06cd_value [math]; bank1:0x8010=store_06cd_decrement [writer]; bank1:0x8011=select_06d1 [logic]; bank1:0x8014=read_06d1_and_test_zero [reader]; bank1:0x8017=dec_06d1_value [math]; bank1:0x8018=store_acc_to_xdata_dptr_8018 [writer]; bank1:0x8019=load_dptr_06d2 [reader]; bank1:0x801C=read_xdata_dptr_801c [reader]; bank1:0x801D=branch_if_acc_zero_to_8021 [gate]; bank1:0x801F=dec_acc_801f [math]; bank1:0x8020=store_acc_to_xdata_dptr_8020 [writer]; bank1:0x8021=load_dptr_06f3 [reader]; bank1:0x8024=read_xdata_dptr_8024 [reader]; bank1:0x8025=branch_if_acc_zero_to_8029 [gate]; bank1:0x8027=dec_acc_8027 [math]; bank1:0x8028=store_acc_and_load_dptr_0635 [writer]; bank1:0x802C=read_xdata_dptr_802c [reader]; bank1:0x802D=branch_if_acc_zero_to_8031 [gate]; bank1:0x802F=dec_acc_802f [math]; bank1:0x8030=store_acc_to_xdata_dptr_8030 [writer]; bank1:0x8031=load_dptr_0636_and_read [reader]; bank1:0x8035=branch_if_acc_zero_to_8039 [gate]; bank1:0x8037=dec_store_and_load_dptr_0637 [writer]; bank1:0x803C=test_and_decrement_0638_after_prior_byte [writer]; bank1:0x8048=store_acc_and_read_0639 [writer]; bank1:0x804D=dec_then_test_063a_with_sign_guard [writer]; bank1:0x8060=branch_if_acc_zero_to_8064 [gate]; bank1:0x8062=dec_store_then_test_and_dec_07f6 [writer]; bank1:0x806C=reload_06d6_with_9_or_return_early [writer]; bank1:0x807E=dec_06c3_and_dec_06d8_gated_on_0440 [writer]; bank1:0x8096=dec_06d9_only_if_both_calls_return_zero [writer]; bank1:0x80AA=dec_timers_06da_08e4_055f_09ce_070b [writer]; bank1:0x80D6=clear_0460_0468_when_0706_reaches_zero [writer]; bank1:0x80EF=dec_timers_and_set_expiry_flags [writer]; bank1:0x94A8=lookup_94a0_table_by_0620_low3 [logic],k733222e83898
0x085C,pd,DAT_EXTMEM,0x085C-0x085C,pd-007,2,1,0,0,0,1,1,0,1,yes,,pd:0xA339=stash_args_dispatch_code_table [dispatch],kb127f75e6ffa
0x085F,main-ec,DAT_EXTMEM,0x085F-0x086F,main-ec-001,13,6,7,0,0,0,3,3,3,no,,bank0:0x8749=mode_tick_084c_07a5_09ee [state]; bank0:0x888D=fan_table_mailbox_handler [dispatch]; bank0:0x8931=threshold_cascade_from_08eb_085f [unresolved],k7497cf885614
0x0860,main-ec,symbol,0x085F-0x086F,main-ec-003,17,14,2,0,1,0,1,2,3,no,XDATA_0860,bank0:0xD091=dispatch_on_0860 [dispatch]; bank0:0xD281=set_0860_ff_then_d284 [writer]; bank0:0xD289=clear_0860 [writer],ka39cda99615f
0x0861,main-ec,DAT_EXTMEM,0x085F-0x086F,main-ec-329,2,2,0,0,0,0,2,0,2,no,,bank0:0xD2CB=store_a_to_1c05_then_d2d2 [writer]; bank0:0xD2D2=write_ff_to_dptr_return_0861 [writer],k704badaa7c06
0x0862,main-ec,symbol,0x085F-0x086F,main-ec-003,3,3,0,0,0,0,3,0,3,no,XDATA_0862,bank0:0xD2DA=stage_1c03_1c02_1c01 [writer]; bank0:0xD2EF=stage_0862_0865_into_1c12_1c14 [copy]; bank0:0xD304=stage_0862_0865_into_1c36_1c38 [copy],ka39cda99615f
0x0863,main-ec,DAT_EXTMEM,0x085F-0x086F,main-ec-102,1,1,0,0,0,0,1,0,1,yes,,bank0:0xD091=dispatch_on_0860 [dispatch],k140ceae82ddd
0x0864,main-ec,DAT_EXTMEM,0x085F-0x086F,main-ec-102,2,0,1,0,1,0,0,1,2,no,,bank0:0xD091=dispatch_on_0860 [dispatch]; bank0:0xD27A=store_dp_to_0864_then_d289 [writer],k140ceae82ddd
0x0865,main-ec,symbol,0x085F-0x086F,main-ec-003,10,4,6,0,0,0,4,2,6,no,XDATA_0865,bank0:0x9D9B=compute_level_blocks_086b_086c_086e [math]; bank0:0xBBF2=sub_0866_from_0865 [math]; bank0:0xD091=dispatch_on_0860 [dispatch]; bank0:0xD2DA=stage_1c03_1c02_1c01 [writer]; bank0:0xD2EF=stage_0862_0865_into_1c12_1c14 [copy]; bank0:0xD304=stage_0862_0865_into_1c36_1c38 [copy],ka39cda99615f
0x0866,main-ec,symbol,0x085F-0x086F,main-ec-003,13,3,7,0,0,3,3,2,5,no,XDATA_0866,bank0:0x9D9B=compute_level_blocks_086b_086c_086e [math]; bank0:0xBBF2=sub_0866_from_0865 [math]; bank0:0xD091=dispatch_on_0860 [dispatch]; bank0:0xD289=clear_0860 [writer]; bank0:0xD28E=copy_0866_86b_to_1c04_1c3a [copy],ka39cda99615f
0x0867,main-ec,symbol,0x085F-0x086F,main-ec-003,10,3,7,0,0,0,3,2,5,no,XDATA_0867,bank0:0x9D9B=compute_level_blocks_086b_086c_086e [math]; bank0:0xBD34=sub_dptr_byte_from_0867 [math]; bank0:0xD091=dispatch_on_0860 [dispatch]; bank0:0xD289=clear_0860 [writer]; bank0:0xD28E=copy_0866_86b_to_1c04_1c3a [copy],ka39cda99615f
0x0868,main-ec,symbol,0x085F-0x086F,main-ec-003,10,3,7,0,0,0,3,2,5,no,XDATA_0868,bank0:0x9D9B=compute_level_blocks_086b_086c_086e [math]; bank0:0xBD3D=sub_dptr_byte_from_0868 [math]; bank0:0xD091=dispatch_on_0860 [dispatch]; bank0:0xD289=clear_0860 [writer]; bank0:0xD28E=copy_0866_86b_to_1c04_1c3a [copy],ka39cda99615f
0x0869,main-ec,symbol,0x085F-0x086F,main-ec-003,13,8,5,0,0,0,3,2,4,no,XDATA_0869,bank0:0x9D9B=compute_level_blocks_086b_086c_086e [math]; bank0:0xD091=dispatch_on_0860 [dispatch]; bank0:0xD289=clear_0860 [writer]; bank0:0xD28E=copy_0866_86b_to_1c04_1c3a [copy],ka39cda99615f
0x086A,main-ec,symbol,0x085F-0x086F,main-ec-003,3,2,1,0,0,0,2,1,3,no,XDATA_086A,bank0:0xD091=dispatch_on_0860 [dispatch]; bank0:0xD289=clear_0860 [writer]; bank0:0xD28E=copy_0866_86b_to_1c04_1c3a [copy],ka39cda99615f
0x086B,main-ec,symbol,0x085F-0x086F,main-ec-003,22,12,8,0,0,2,4,2,5,no,XDATA_086B,bank0:0x9CA6=gate_06e6_442_then_sync_046a_from_086b [state]; bank0:0x9D9B=compute_level_blocks_086b_086c_086e [math]; bank0:0xD091=dispatch_on_0860 [dispatch]; bank0:0xD289=clear_0860 [writer]; bank0:0xD28E=copy_0866_86b_to_1c04_1c3a [copy],ka39cda99615f
0x086C,main-ec,DAT_EXTMEM,0x085F-0x086F,main-ec-001,26,12,12,0,0,2,7,6,9,no,,bank0:0x8749=mode_tick_084c_07a5_09ee [state]; bank0:0x888D=fan_table_mailbox_handler [dispatch]; bank0:0x8931=threshold_cascade_from_08eb_085f [unresolved]; bank0:0x9CA6=gate_06e6_442_then_sync_046a_from_086b [state]; bank0:0x9D9B=compute_level_blocks_086b_086c_086e [math]; bank0:0xBC7B=load_dptr_0a47_then_nothing [unresolved]; bank0:0xBC7E=store_a_then_read_086c_set_cy [writer]; bank0:0xD2BF=set_dptr_1c00_then_d2c2 [reader]; bank0:0xD2C2=copy_dp_to_086c_return_masked_7e [reader],k7497cf885614
0x086D,main-ec,symbol,0x085F-0x086F,main-ec-003,2,2,0,0,0,0,1,0,1,yes,XDATA_086D,bank0:0x9CA6=gate_06e6_442_then_sync_046a_from_086b [state],ka39cda99615f
0x086E,main-ec,symbol,0x085F-0x086F,main-ec-003,7,1,3,0,0,3,1,1,2,no,XDATA_086E,bank0:0x9CA6=gate_06e6_442_then_sync_046a_from_086b [state]; bank0:0x9D9B=compute_level_blocks_086b_086c_086e [math],ka39cda99615f
0x086F,main-ec,DAT_EXTMEM,0x085F-0x086F,main-ec-045,24,15,3,6,0,0,8,8,8,no,,bank0:0xA97B=dispatch_on_06e6_and_0741 [dispatch]; bank0:0xAC4A=toggle_08e2_bit4 [state]; bank0:0xC55F=FUN_CODE_c55f; bank0:0xC5BD=FUN_CODE_c5bd; bank1:0x8300=clear_and_set_xdata_flag_bits [state]; bank1:0x976E=clear_0480_bit0_then_step_05f1_countdown [state]; bank1:0x9817=enter_state_0480_05f1_06d9 [state]; bank1:0xA841=dispatch_086f_event_bits [dispatch],kf0dd4856861a
0x0872,main-ec,DAT_EXTMEM,0x0872-0x0875,main-ec-003,3,2,1,0,0,0,1,1,2,no,,bank0:0x9D9B=compute_level_blocks_086b_086c_086e [math]; bank0:0xA00E=seed_0872_087a_088a_then_select_level [state],ka39cda99615f
0x0873,main-ec,DAT_EXTMEM,0x0872-0x0875,main-ec-001,26,13,12,0,1,0,8,7,10,no,,bank0:0x95DD=fill_08xx_from_code_table [copy]; bank0:0x96AD=apply_oem_overrides_then_fill_08xx [copy]; bank0:0x98FB=set_0985_bit4 [writer]; bank0:0x9902=clamp_08ac_up_to_08bb [math]; bank0:0x9917=dispatch_on_0a50 [dispatch]; bank0:0x99A7=clamp_0a53_0a54_down_to_08c4_08c5 [math]; bank0:0x99ED=copy_08c7_08c8_08c9_into_087x [copy]; bank0:0x9AAD=FUN_CODE_9aad; bank0:0x9D9B=compute_level_blocks_086b_086c_086e [math]; bank0:0xBC26=copy_0a53_to_0873_and_0a54_to_087b [copy],k7497cf885614
0x0874,main-ec,DAT_EXTMEM,0x0872-0x0875,main-ec-003,4,3,1,0,0,0,2,1,2,no,,bank0:0x9D9B=compute_level_blocks_086b_086c_086e [math]; bank1:0x94A8=lookup_94a0_table_by_0620_low3 [logic],ka39cda99615f
0x0875,main-ec,DAT_EXTMEM,0x0872-0x0875,main-ec-012,3,2,1,0,0,0,2,1,3,no,,bank0:0xB5D3=FUN_CODE_b5d3; bank0:0xBDA5=set_cy_fallthrough_to_bda6 [unresolved]; bank0:0xBDA6=sub_code_byte_from_x0875 [math],k66512c56e77b
0x087A,main-ec,DAT_EXTMEM,0x087A-0x087C,main-ec-125,6,2,4,0,0,0,1,4,5,no,,bank0:0x9D9B=compute_level_blocks_086b_086c_086e [math]; bank0:0xA00E=seed_0872_087a_088a_then_select_level [state]; bank0:0xA139=FUN_CODE_a139; bank0:0xA1A8=set_state_bytes_then_0xa1c8 [writer]; bank0:0xA1C8=select_code_table_entry_and_store_0872_087a_088a [dispatch],k25b651b0e92d
0x087B,main-ec,DAT_EXTMEM,0x087A-0x087C,main-ec-001,24,12,12,0,0,0,8,7,10,no,,bank0:0x95DD=fill_08xx_from_code_table [copy]; bank0:0x96AD=apply_oem_overrides_then_fill_08xx [copy]; bank0:0x98FB=set_0985_bit4 [writer]; bank0:0x9902=clamp_08ac_up_to_08bb [math]; bank0:0x9917=dispatch_on_0a50 [dispatch]; bank0:0x99A7=clamp_0a53_0a54_down_to_08c4_08c5 [math]; bank0:0x99ED=copy_08c7_08c8_08c9_into_087x [copy]; bank0:0x9AAD=FUN_CODE_9aad; bank0:0x9D9B=compute_level_blocks_086b_086c_086e [math]; bank0:0xBC26=copy_0a53_to_0873_and_0a54_to_087b [copy],k7497cf885614
0x087C,main-ec,DAT_EXTMEM,0x087A-0x087C,main-ec-003,3,2,1,0,0,0,1,1,2,no,,bank0:0x9D9B=compute_level_blocks_086b_086c_086e [math]; bank1:0x94A8=lookup_94a0_table_by_0620_low3 [logic],ka39cda99615f
0x088A,main-ec,DAT_EXTMEM,0x088A-0x088B,main-ec-003,3,2,1,0,0,0,1,1,2,no,,bank0:0x9D9B=compute_level_blocks_086b_086c_086e [math]; bank0:0xA00E=seed_0872_087a_088a_then_select_level [state],ka39cda99615f
0x088B,main-ec,DAT_EXTMEM,0x088A-0x088B,main-ec-140,4,2,2,0,0,0,1,2,3,no,,bank0:0x99ED=copy_08c7_08c8_08c9_into_087x [copy]; bank0:0x9A00=copy_dptr_to_088b_and_08bb_to_08ba [copy]; bank0:0x9D9B=compute_level_blocks_086b_086c_086e [math],kc7f3cfc3b1fa
0x0890,main-ec,symbol,0x0890-0x0890,main-ec-002,106,70,2,34,0,0,36,36,36,no,XDATA_0890,bank0:0xA312=gate_0494_then_dispatch_0851_and_7 [dispatch]; bank0:0xA374=send_f381_then_set_0890_to_0a [writer]; bank1:0x8001=decrement_nonzero_xdata_counters [writer]; bank1:0x8004=read_06c6 [reader]; bank1:0x8005=skip_06c6_decrement [logic]; bank1:0x8007=dec_06c6_value [math]; bank1:0x8008=store_06c6_decrement [writer]; bank1:0x8009=select_06cd [logic]; bank1:0x800C=read_06cd [reader]; bank1:0x800D=skip_06cd_decrement [logic]; bank1:0x800F=dec_06cd_value [math]; bank1:0x8010=store_06cd_decrement [writer]; bank1:0x8011=select_06d1 [logic]; bank1:0x8014=read_06d1_and_test_zero [reader]; bank1:0x8017=dec_06d1_value [math]; bank1:0x8018=store_acc_to_xdata_dptr_8018 [writer]; bank1:0x8019=load_dptr_06d2 [reader]; bank1:0x801C=read_xdata_dptr_801c [reader]; bank1:0x801D=branch_if_acc_zero_to_8021 [gate]; bank1:0x801F=dec_acc_801f [math]; bank1:0x8020=store_acc_to_xdata_dptr_8020 [writer]; bank1:0x8021=load_dptr_06f3 [reader]; bank1:0x8024=read_xdata_dptr_8024 [reader]; bank1:0x8025=branch_if_acc_zero_to_8029 [gate]; bank1:0x8027=dec_acc_8027 [math]; bank1:0x8028=store_acc_and_load_dptr_0635 [writer]; bank1:0x802C=read_xdata_dptr_802c [reader]; bank1:0x802D=branch_if_acc_zero_to_8031 [gate]; bank1:0x802F=dec_acc_802f [math]; bank1:0x8030=store_acc_to_xdata_dptr_8030 [writer]; bank1:0x8031=load_dptr_0636_and_read [reader]; bank1:0x8035=branch_if_acc_zero_to_8039 [gate]; bank1:0x8037=dec_store_and_load_dptr_0637 [writer]; bank1:0x803C=test_and_decrement_0638_after_prior_byte [writer]; bank1:0x8048=store_acc_and_read_0639 [writer]; bank1:0x804D=dec_then_test_063a_with_sign_guard [writer],k733222e83898
0x0893,main-ec,DAT_EXTMEM,0x0893-0x089A,main-ec-003,4,2,1,1,0,0,1,1,1,yes,,bank0:0x9CA6=gate_06e6_442_then_sync_046a_from_086b [state],ka39cda99615f
0x0894,main-ec,DAT_EXTMEM,0x0893-0x089A,main-ec-018,4,2,1,1,0,0,1,1,1,yes,,bank1:0x9202=step_0628_nibble_against_92dc_table [logic],kaed8fb28e30d
0x0895,main-ec,DAT_EXTMEM,0x0893-0x089A,main-ec-018,4,2,1,1,0,0,1,1,1,yes,,bank1:0x9416=adjust_0627_index_against_gpu_temp [state],kaed8fb28e30d
0x0896,main-ec,DAT_EXTMEM,0x0893-0x089A,main-ec-289,5,3,1,1,0,0,1,1,1,yes,,bank1:0xC59F=countdown_0896_and_gate_on_04ab_equals_64 [state],kc9491a713fd8
0x0897,main-ec,DAT_EXTMEM,0x0893-0x089A,main-ec-001,5,3,1,1,0,0,1,1,1,yes,,bank0:0xB889=09ee_bit1_edge_drives_0897_countdown [state],k7497cf885614
0x0898,main-ec,DAT_EXTMEM,0x0893-0x089A,main-ec-244,9,5,2,2,0,0,3,4,4,no,,bank1:0xBD45=mask_0491_c0_then_route_to_300x_40xx [unresolved]; bank1:0xBE10=FUN_CODE_be10; bank1:0xD5E1=FUN_CODE_d5e1; bank1:0xD602=FUN_CODE_d602,kfa716bde374d
0x0899,main-ec,DAT_EXTMEM,0x0893-0x089A,main-ec-060,1,0,1,0,0,0,0,1,1,yes,,bank0:0xA96B=clear_073f_and_0899 [writer],k72e7ada81d34
0x089A,main-ec,DAT_EXTMEM,0x0893-0x089A,main-ec-363,1,0,1,0,0,0,0,1,1,yes,,bank0:0xBEF7=set_089a_to_3c [writer],k015d3d7ff1d8
0x089C,main-ec,DAT_EXTMEM,0x089C-0x08A2,main-ec-012,5,1,3,0,1,0,1,3,3,no,,bank0:0xB4A8=FUN_CODE_b4a8; bank0:0xB5B2=clear_08eb_bit5_09e6_09e7_08a1_089c_089d [writer]; bank0:0xB5CC=store_a_to_089c_and_089d [writer],k66512c56e77b
0x089D,main-ec,DAT_EXTMEM,0x089C-0x08A2,main-ec-012,4,1,3,0,0,0,1,3,3,no,,bank0:0xB4A8=FUN_CODE_b4a8; bank0:0xB5B2=clear_08eb_bit5_09e6_09e7_08a1_089c_089d [writer]; bank0:0xB5CC=store_a_to_089c_and_089d [writer],k66512c56e77b
0x089E,main-ec,symbol,0x089C-0x08A2,main-ec-012,5,1,3,0,1,0,1,3,3,no,XDATA_089E,bank0:0xB5D3=FUN_CODE_b5d3; bank0:0xB716=clear_08eb_bit3_09e6_09e7_08a2_089e_089f [writer]; bank0:0xB730=store_a_to_089e_and_089f [writer],k66512c56e77b
0x089F,main-ec,symbol,0x089C-0x08A2,main-ec-012,4,1,3,0,0,0,1,3,3,no,XDATA_089F,bank0:0xB5D3=FUN_CODE_b5d3; bank0:0xB716=clear_08eb_bit3_09e6_09e7_08a2_089e_089f [writer]; bank0:0xB730=store_a_to_089e_and_089f [writer],k66512c56e77b
0x08A0,main-ec,symbol,0x089C-0x08A2,main-ec-279,6,3,2,1,0,0,1,2,2,no,XDATA_08A0,bank0:0xB737=FUN_CODE_b737; bank0:0xB82E=clear_08eb_bit6_and_zero_08a0 [writer],kb787f7579eab
0x08A1,main-ec,DAT_EXTMEM,0x089C-0x08A2,main-ec-012,4,0,3,0,1,0,0,2,3,no,,bank0:0xB4A8=FUN_CODE_b4a8; bank0:0xB5B2=clear_08eb_bit5_09e6_09e7_08a1_089c_089d [writer]; bank1:0xA916=clamp_078b_level_into_0804 [state],k66512c56e77b
0x08A2,main-ec,symbol,0x089C-0x08A2,main-ec-012,4,0,3,0,1,0,0,2,3,no,XDATA_08A2,bank0:0xB5D3=FUN_CODE_b5d3; bank0:0xB716=clear_08eb_bit3_09e6_09e7_08a2_089e_089f [writer]; bank1:0xA916=clamp_078b_level_into_0804 [state],k66512c56e77b
0x08A5,main-ec,DAT_EXTMEM,0x08A5-0x08AA,main-ec-146,3,1,2,0,0,0,1,2,3,no,,bank0:0xA97B=dispatch_on_06e6_and_0741 [dispatch]; bank0:0xBCA9=clear_08a5_and_08a6 [writer]; bank0:0xCC64=init_06e6_1_clear_0743_07c5_and_07d5_ff [init],k3654bf2c23c2
0x08A6,main-ec,DAT_EXTMEM,0x08A5-0x08AA,main-ec-146,3,1,2,0,0,0,1,2,3,no,,bank0:0xA97B=dispatch_on_06e6_and_0741 [dispatch]; bank0:0xBCA9=clear_08a5_and_08a6 [writer]; bank0:0xCC64=init_06e6_1_clear_0743_07c5_and_07d5_ff [init],k3654bf2c23c2
0x08A7,main-ec,symbol,0x08A5-0x08AA,main-ec-002,132,88,2,42,0,0,45,44,46,no,XDATA_08A7,bank0:0xA00E=seed_0872_087a_088a_then_select_level [state]; bank0:0xA139=FUN_CODE_a139; bank0:0xA1A8=set_state_bytes_then_0xa1c8 [writer]; bank0:0xA663=gate_0767_06e6_0741_then_dispatch_076f [dispatch]; bank1:0x8001=decrement_nonzero_xdata_counters [writer]; bank1:0x8004=read_06c6 [reader]; bank1:0x8005=skip_06c6_decrement [logic]; bank1:0x8007=dec_06c6_value [math]; bank1:0x8008=store_06c6_decrement [writer]; bank1:0x8009=select_06cd [logic]; bank1:0x800C=read_06cd [reader]; bank1:0x800D=skip_06cd_decrement [logic]; bank1:0x800F=dec_06cd_value [math]; bank1:0x8010=store_06cd_decrement [writer]; bank1:0x8011=select_06d1 [logic]; bank1:0x8014=read_06d1_and_test_zero [reader]; bank1:0x8017=dec_06d1_value [math]; bank1:0x8018=store_acc_to_xdata_dptr_8018 [writer]; bank1:0x8019=load_dptr_06d2 [reader]; bank1:0x801C=read_xdata_dptr_801c [reader]; bank1:0x801D=branch_if_acc_zero_to_8021 [gate]; bank1:0x801F=dec_acc_801f [math]; bank1:0x8020=store_acc_to_xdata_dptr_8020 [writer]; bank1:0x8021=load_dptr_06f3 [reader]; bank1:0x8024=read_xdata_dptr_8024 [reader]; bank1:0x8025=branch_if_acc_zero_to_8029 [gate]; bank1:0x8027=dec_acc_8027 [math]; bank1:0x8028=store_acc_and_load_dptr_0635 [writer]; bank1:0x802C=read_xdata_dptr_802c [reader]; bank1:0x802D=branch_if_acc_zero_to_8031 [gate]; bank1:0x802F=dec_acc_802f [math]; bank1:0x8030=store_acc_to_xdata_dptr_8030 [writer]; bank1:0x8031=load_dptr_0636_and_read [reader]; bank1:0x8035=branch_if_acc_zero_to_8039 [gate]; bank1:0x8037=dec_store_and_load_dptr_0637 [writer]; bank1:0x803C=test_and_decrement_0638_after_prior_byte [writer]; bank1:0x8048=store_acc_and_read_0639 [writer]; bank1:0x804D=dec_then_test_063a_with_sign_guard [writer]; bank1:0x8060=branch_if_acc_zero_to_8064 [gate]; bank1:0x8062=dec_store_then_test_and_dec_07f6 [writer]; bank1:0x806C=reload_06d6_with_9_or_return_early [writer]; bank1:0x807E=dec_06c3_and_dec_06d8_gated_on_0440 [writer]; bank1:0x8096=dec_06d9_only_if_both_calls_return_zero [writer]; bank1:0x80AA=dec_timers_06da_08e4_055f_09ce_070b [writer]; bank1:0x80D6=clear_0460_0468_when_0706_reaches_zero [writer]; bank1:0x80EF=dec_timers_and_set_expiry_flags [writer],k733222e83898
0x08A8,main-ec,symbol,0x08A5-0x08AA,main-ec-002,170,126,2,42,0,0,42,44,44,no,XDATA_08A8,bank0:0xA139=FUN_CODE_a139; bank0:0xA1A8=set_state_bytes_then_0xa1c8 [writer]; bank1:0x8001=decrement_nonzero_xdata_counters [writer]; bank1:0x8004=read_06c6 [reader]; bank1:0x8005=skip_06c6_decrement [logic]; bank1:0x8007=dec_06c6_value [math]; bank1:0x8008=store_06c6_decrement [writer]; bank1:0x8009=select_06cd [logic]; bank1:0x800C=read_06cd [reader]; bank1:0x800D=skip_06cd_decrement [logic]; bank1:0x800F=dec_06cd_value [math]; bank1:0x8010=store_06cd_decrement [writer]; bank1:0x8011=select_06d1 [logic]; bank1:0x8014=read_06d1_and_test_zero [reader]; bank1:0x8017=dec_06d1_value [math]; bank1:0x8018=store_acc_to_xdata_dptr_8018 [writer]; bank1:0x8019=load_dptr_06d2 [reader]; bank1:0x801C=read_xdata_dptr_801c [reader]; bank1:0x801D=branch_if_acc_zero_to_8021 [gate]; bank1:0x801F=dec_acc_801f [math]; bank1:0x8020=store_acc_to_xdata_dptr_8020 [writer]; bank1:0x8021=load_dptr_06f3 [reader]; bank1:0x8024=read_xdata_dptr_8024 [reader]; bank1:0x8025=branch_if_acc_zero_to_8029 [gate]; bank1:0x8027=dec_acc_8027 [math]; bank1:0x8028=store_acc_and_load_dptr_0635 [writer]; bank1:0x802C=read_xdata_dptr_802c [reader]; bank1:0x802D=branch_if_acc_zero_to_8031 [gate]; bank1:0x802F=dec_acc_802f [math]; bank1:0x8030=store_acc_to_xdata_dptr_8030 [writer]; bank1:0x8031=load_dptr_0636_and_read [reader]; bank1:0x8035=branch_if_acc_zero_to_8039 [gate]; bank1:0x8037=dec_store_and_load_dptr_0637 [writer]; bank1:0x803C=test_and_decrement_0638_after_prior_byte [writer]; bank1:0x8048=store_acc_and_read_0639 [writer]; bank1:0x804D=dec_then_test_063a_with_sign_guard [writer]; bank1:0x8060=branch_if_acc_zero_to_8064 [gate]; bank1:0x8062=dec_store_then_test_and_dec_07f6 [writer]; bank1:0x806C=reload_06d6_with_9_or_return_early [writer]; bank1:0x807E=dec_06c3_and_dec_06d8_gated_on_0440 [writer]; bank1:0x8096=dec_06d9_only_if_both_calls_return_zero [writer]; bank1:0x80AA=dec_timers_06da_08e4_055f_09ce_070b [writer]; bank1:0x80D6=clear_0460_0468_when_0706_reaches_zero [writer]; bank1:0x80EF=dec_timers_and_set_expiry_flags [writer],k733222e83898
0x08A9,main-ec,DAT_EXTMEM,0x08A5-0x08AA,main-ec-153,2,1,1,0,0,0,1,1,2,no,,bank0:0xBC85=clear_08a9_and_08aa [writer]; bank0:0xBD46=be16_08a9_08aa_minus_0321 [math],k04dddd85ead2
0x08AA,main-ec,DAT_EXTMEM,0x08A5-0x08AA,main-ec-153,2,1,1,0,0,0,1,1,2,no,,bank0:0xBC85=clear_08a9_and_08aa [writer]; bank0:0xBD46=be16_08a9_08aa_minus_0321 [math],k04dddd85ead2
0x08AC,main-ec,DAT_EXTMEM,0x08AC-0x08AD,main-ec-001,12,4,7,0,1,0,4,5,6,no,,bank0:0x95DD=fill_08xx_from_code_table [copy]; bank0:0x96AD=apply_oem_overrides_then_fill_08xx [copy]; bank0:0x98FB=set_0985_bit4 [writer]; bank0:0x9902=clamp_08ac_up_to_08bb [math]; bank0:0xBC67=store_code_byte_to_08ac_then_reload_dptr [copy]; bank1:0xA916=clamp_078b_level_into_0804 [state],k7497cf885614
0x08AD,main-ec,DAT_EXTMEM,0x08AC-0x08AD,main-ec-130,10,6,1,2,0,1,2,2,3,no,,bank0:0x9AAD=FUN_CODE_9aad; bank0:0x9C00=clear_09e9_unless_0743_bit2 [state]; bank0:0x9C24=reset_08ad_08bf_and_clear_08e2_bit7 [state],k51a961df76aa
0x08AF,main-ec,DAT_EXTMEM,0x08AF-0x08AF,main-ec-125,10,6,1,3,0,0,3,4,4,no,,bank0:0xA00E=seed_0872_087a_088a_then_select_level [state]; bank0:0xA139=FUN_CODE_a139; bank0:0xA1A8=set_state_bytes_then_0xa1c8 [writer]; bank0:0xA1C8=select_code_table_entry_and_store_0872_087a_088a [dispatch],k25b651b0e92d
0x08B8,main-ec,DAT_EXTMEM,0x08B8-0x08BB,main-ec-085,3,0,3,0,0,0,0,3,3,no,,bank0:0x91C5=config_init_from_ba36_ba46 [init]; bank0:0xBB47=load_dptr_08b8 [unresolved]; bank0:0xD9FE=seed_07d3_gfid_and_08xx_defaults [init],k614bab4e3d9d
0x08B9,main-ec,DAT_EXTMEM,0x08B8-0x08BB,main-ec-290,5,0,5,0,0,0,0,5,5,no,,bank0:0x9277=FUN_CODE_9277; bank0:0xBB47=load_dptr_08b8 [unresolved]; bank0:0xBB4A=store_a_to_dptr_then_load_0a [writer]; bank0:0xBB4D=store_a_to_08b9 [writer]; bank0:0xD9FE=seed_07d3_gfid_and_08xx_defaults [init],k638ed1171fd7
0x08BA,main-ec,DAT_EXTMEM,0x08B8-0x08BB,main-ec-140,3,0,2,0,1,0,0,2,3,no,,bank0:0x99ED=copy_08c7_08c8_08c9_into_087x [copy]; bank0:0x9A00=copy_dptr_to_088b_and_08bb_to_08ba [copy]; bank1:0xA916=clamp_078b_level_into_0804 [state],kc7f3cfc3b1fa
0x08BB,main-ec,DAT_EXTMEM,0x08B8-0x08BB,main-ec-001,17,12,5,0,0,0,6,2,6,no,,bank0:0x95DD=fill_08xx_from_code_table [copy]; bank0:0x96AD=apply_oem_overrides_then_fill_08xx [copy]; bank0:0x98FB=set_0985_bit4 [writer]; bank0:0x9902=clamp_08ac_up_to_08bb [math]; bank0:0x99ED=copy_08c7_08c8_08c9_into_087x [copy]; bank0:0x9A00=copy_dptr_to_088b_and_08bb_to_08ba [copy],k7497cf885614
0x08BD,main-ec,DAT_EXTMEM,0x08BD-0x08DD,main-ec-001,4,2,2,0,0,0,1,2,3,no,,bank0:0x95DD=fill_08xx_from_code_table [copy]; bank0:0x96AD=apply_oem_overrides_then_fill_08xx [copy]; bank0:0xBBC7=sub_10x_08bd_from_08ce_pair [math],k7497cf885614
0x08BE,main-ec,DAT_EXTMEM,0x08BD-0x08DD,main-ec-330,2,2,0,0,0,0,1,0,1,yes,,bank0:0xB9F5=add_be16_08cc_and_compute_08be_x10_diff [math],kf5ffb0f0250f
0x08BF,main-ec,DAT_EXTMEM,0x08BD-0x08DD,main-ec-130,4,2,2,0,0,0,1,2,2,no,,bank0:0x9AAD=FUN_CODE_9aad; bank0:0x9C24=reset_08ad_08bf_and_clear_08e2_bit7 [state],k51a961df76aa
0x08C0,main-ec,DAT_EXTMEM,0x08BD-0x08DD,main-ec-001,17,11,5,0,0,1,7,3,9,no,,bank0:0x95DD=fill_08xx_from_code_table [copy]; bank0:0x96AD=apply_oem_overrides_then_fill_08xx [copy]; bank0:0x98FB=set_0985_bit4 [writer]; bank0:0x9902=clamp_08ac_up_to_08bb [math]; bank0:0x9917=dispatch_on_0a50 [dispatch]; bank0:0x9CA6=gate_06e6_442_then_sync_046a_from_086b [state]; bank0:0x9D9B=compute_level_blocks_086b_086c_086e [math]; bank0:0xA00E=seed_0872_087a_088a_then_select_level [state]; bank0:0xBBB3=store_code_byte_to_08c0 [writer],k7497cf885614
0x08C1,main-ec,DAT_EXTMEM,0x08BD-0x08DD,main-ec-001,18,12,6,0,0,0,8,3,9,no,,bank0:0x95DD=fill_08xx_from_code_table [copy]; bank0:0x96AD=apply_oem_overrides_then_fill_08xx [copy]; bank0:0x98FB=set_0985_bit4 [writer]; bank0:0x9902=clamp_08ac_up_to_08bb [math]; bank0:0x9917=dispatch_on_0a50 [dispatch]; bank0:0x9CA6=gate_06e6_442_then_sync_046a_from_086b [state]; bank0:0x9D9B=compute_level_blocks_086b_086c_086e [math]; bank0:0xA00E=seed_0872_087a_088a_then_select_level [state]; bank0:0xB935=movc_lookup_set_dptr_08c1 [reader],k7497cf885614
0x08C2,main-ec,DAT_EXTMEM,0x08BD-0x08DD,main-ec-364,1,0,0,0,0,1,0,0,1,yes,,bank0:0x9A0E=mul_div_08ea_then_sub_044b_selected [math],k5aac1f720eca
0x08C3,main-ec,DAT_EXTMEM,0x08BD-0x08DD,main-ec-001,9,5,3,0,0,1,2,3,6,no,,bank0:0x95DD=fill_08xx_from_code_table [copy]; bank0:0x96AD=apply_oem_overrides_then_fill_08xx [copy]; bank0:0x9CA6=gate_06e6_442_then_sync_046a_from_086b [state]; bank0:0x9D9B=compute_level_blocks_086b_086c_086e [math]; bank0:0xA00E=seed_0872_087a_088a_then_select_level [state]; bank0:0xBBBD=store_code_byte_to_08c3 [writer],k7497cf885614
0x08C4,main-ec,DAT_EXTMEM,0x08BD-0x08DD,main-ec-001,19,10,9,0,0,0,7,3,8,no,,bank0:0x95DD=fill_08xx_from_code_table [copy]; bank0:0x96AD=apply_oem_overrides_then_fill_08xx [copy]; bank0:0x98FB=set_0985_bit4 [writer]; bank0:0x9902=clamp_08ac_up_to_08bb [math]; bank0:0x9917=dispatch_on_0a50 [dispatch]; bank0:0x99A7=clamp_0a53_0a54_down_to_08c4_08c5 [math]; bank0:0x9AAD=FUN_CODE_9aad; bank0:0xBEDC=load_code_byte_to_08c4 [copy],k7497cf885614
0x08C5,main-ec,DAT_EXTMEM,0x08BD-0x08DD,main-ec-001,17,10,7,0,0,0,7,3,8,no,,bank0:0x95DD=fill_08xx_from_code_table [copy]; bank0:0x96AD=apply_oem_overrides_then_fill_08xx [copy]; bank0:0x98FB=set_0985_bit4 [writer]; bank0:0x9902=clamp_08ac_up_to_08bb [math]; bank0:0x9917=dispatch_on_0a50 [dispatch]; bank0:0x99A7=clamp_0a53_0a54_down_to_08c4_08c5 [math]; bank0:0x9AAD=FUN_CODE_9aad; bank0:0xBA6F=store_code_byte_to_08c5 [copy],k7497cf885614
0x08C6,main-ec,DAT_EXTMEM,0x08BD-0x08DD,main-ec-001,9,0,9,0,0,0,0,3,3,no,,bank0:0x95DD=fill_08xx_from_code_table [copy]; bank0:0x96AD=apply_oem_overrides_then_fill_08xx [copy]; bank0:0xBEE6=load_code_byte_to_08c6 [copy],k7497cf885614
0x08C7,main-ec,DAT_EXTMEM,0x08BD-0x08DD,main-ec-001,14,12,2,0,0,0,7,2,7,no,,bank0:0x95DD=fill_08xx_from_code_table [copy]; bank0:0x96AD=apply_oem_overrides_then_fill_08xx [copy]; bank0:0x98FB=set_0985_bit4 [writer]; bank0:0x9902=clamp_08ac_up_to_08bb [math]; bank0:0x9917=dispatch_on_0a50 [dispatch]; bank0:0x99ED=copy_08c7_08c8_08c9_into_087x [copy]; bank0:0x9AAD=FUN_CODE_9aad,k7497cf885614
0x08C8,main-ec,DAT_EXTMEM,0x08BD-0x08DD,main-ec-001,22,22,0,0,0,0,7,0,7,no,,bank0:0x95DD=fill_08xx_from_code_table [copy]; bank0:0x96AD=apply_oem_overrides_then_fill_08xx [copy]; bank0:0x98FB=set_0985_bit4 [writer]; bank0:0x9902=clamp_08ac_up_to_08bb [math]; bank0:0x9917=dispatch_on_0a50 [dispatch]; bank0:0x99ED=copy_08c7_08c8_08c9_into_087x [copy]; bank0:0x9AAD=FUN_CODE_9aad,k7497cf885614
0x08C9,main-ec,DAT_EXTMEM,0x08BD-0x08DD,main-ec-001,3,1,2,0,0,0,1,2,3,no,,bank0:0x95DD=fill_08xx_from_code_table [copy]; bank0:0x96AD=apply_oem_overrides_then_fill_08xx [copy]; bank0:0x99ED=copy_08c7_08c8_08c9_into_087x [copy],k7497cf885614
0x08CA,main-ec,DAT_EXTMEM,0x08BD-0x08DD,main-ec-001,3,0,2,0,0,1,0,2,3,no,,bank0:0x95DD=fill_08xx_from_code_table [copy]; bank0:0x96AD=apply_oem_overrides_then_fill_08xx [copy]; bank0:0x9A0E=mul_div_08ea_then_sub_044b_selected [math],k7497cf885614
0x08CB,main-ec,DAT_EXTMEM,0x08BD-0x08DD,main-ec-001,3,0,2,0,0,1,0,2,3,no,,bank0:0x95DD=fill_08xx_from_code_table [copy]; bank0:0x96AD=apply_oem_overrides_then_fill_08xx [copy]; bank0:0x9A0E=mul_div_08ea_then_sub_044b_selected [math],k7497cf885614
0x08CC,main-ec,DAT_EXTMEM,0x08BD-0x08DD,main-ec-051,5,1,4,0,0,0,1,3,4,no,,bank0:0x9AAD=FUN_CODE_9aad; bank0:0xB9F5=add_be16_08cc_and_compute_08be_x10_diff [math]; bank0:0xBA15=clr_a [init]; bank0:0xBA16=store_a_to_08cc_08cd [writer],k83a87dab51f6
0x08CD,main-ec,DAT_EXTMEM,0x08BD-0x08DD,main-ec-051,5,1,4,0,0,0,1,3,4,no,,bank0:0x9AAD=FUN_CODE_9aad; bank0:0xB9F5=add_be16_08cc_and_compute_08be_x10_diff [math]; bank0:0xBA15=clr_a [init]; bank0:0xBA16=store_a_to_08cc_08cd [writer],k83a87dab51f6
0x08CE,main-ec,DAT_EXTMEM,0x08BD-0x08DD,main-ec-051,4,1,3,0,0,0,1,3,4,no,,bank0:0xBA15=clr_a [init]; bank0:0xBA16=store_a_to_08cc_08cd [writer]; bank0:0xBA1C=store_a_to_08ce_08cf [writer]; bank0:0xBBC7=sub_10x_08bd_from_08ce_pair [math],k83a87dab51f6
0x08CF,main-ec,DAT_EXTMEM,0x08BD-0x08DD,main-ec-051,4,1,3,0,0,0,1,3,4,no,,bank0:0xBA15=clr_a [init]; bank0:0xBA16=store_a_to_08cc_08cd [writer]; bank0:0xBA1C=store_a_to_08ce_08cf [writer]; bank0:0xBBC7=sub_10x_08bd_from_08ce_pair [math],k83a87dab51f6
0x08D0,main-ec,DAT_EXTMEM,0x08BD-0x08DD,main-ec-059,2,0,2,0,0,0,0,2,2,no,,bank0:0x8048=unresolved_midstream_bytes [unresolved]; bank0:0x8054=index_case_00 [writer],k3884397348e1
0x08D1,main-ec,DAT_EXTMEM,0x08BD-0x08DD,main-ec-059,2,0,2,0,0,0,0,2,2,no,,bank0:0x8048=unresolved_midstream_bytes [unresolved]; bank0:0x8054=index_case_00 [writer],k3884397348e1
0x08D2,main-ec,DAT_EXTMEM,0x08BD-0x08DD,main-ec-062,1,0,1,0,0,0,0,1,1,yes,,bank0:0x8094=index_case_01 [writer],k6dedf49c2ef7
0x08D3,main-ec,DAT_EXTMEM,0x08BD-0x08DD,main-ec-062,1,0,1,0,0,0,0,1,1,yes,,bank0:0x8094=index_case_01 [writer],k6dedf49c2ef7
0x08D4,main-ec,DAT_EXTMEM,0x08BD-0x08DD,main-ec-065,1,0,1,0,0,0,0,1,1,yes,,bank0:0x80D7=index_case_02 [writer],k98c0bbfa3c8e
0x08D5,main-ec,DAT_EXTMEM,0x08BD-0x08DD,main-ec-065,1,0,1,0,0,0,0,1,1,yes,,bank0:0x80D7=index_case_02 [writer],k98c0bbfa3c8e
0x08D6,main-ec,DAT_EXTMEM,0x08BD-0x08DD,main-ec-066,1,0,1,0,0,0,0,1,1,yes,,bank0:0x811A=index_case_03 [writer],k1d224fb0b93e
0x08D7,main-ec,DAT_EXTMEM,0x08BD-0x08DD,main-ec-066,1,0,1,0,0,0,0,1,1,yes,,bank0:0x811A=index_case_03 [writer],k1d224fb0b93e
0x08D8,main-ec,DAT_EXTMEM,0x08BD-0x08DD,main-ec-067,1,0,1,0,0,0,0,1,1,yes,,bank0:0x815D=index_case_04 [writer],kd21545bc9fb4
0x08D9,main-ec,DAT_EXTMEM,0x08BD-0x08DD,main-ec-067,1,0,1,0,0,0,0,1,1,yes,,bank0:0x815D=index_case_04 [writer],kd21545bc9fb4
0x08DA,main-ec,DAT_EXTMEM,0x08BD-0x08DD,main-ec-068,1,0,1,0,0,0,0,1,1,yes,,bank0:0x819D=index_case_05 [writer],k8e4f3149e309
0x08DB,main-ec,DAT_EXTMEM,0x08BD-0x08DD,main-ec-068,1,0,1,0,0,0,0,1,1,yes,,bank0:0x819D=index_case_05 [writer],k8e4f3149e309
0x08DC,main-ec,DAT_EXTMEM,0x08BD-0x08DD,main-ec-069,1,0,1,0,0,0,0,1,1,yes,,bank0:0x81DF=index_case_06 [writer],k4332c1c43143
0x08DD,main-ec,DAT_EXTMEM,0x08BD-0x08DD,main-ec-069,1,0,1,0,0,0,0,1,1,yes,,bank0:0x81DF=index_case_06 [writer],k4332c1c43143
0x08E0,main-ec,DAT_EXTMEM,0x08E0-0x08E4,main-ec-280,6,2,2,2,0,0,2,4,4,no,,bank0:0x81DF=index_case_06 [writer]; bank0:0x821F=index_case_epilogue [state]; bank0:0xBCB1=load_dptr_08e1_and_a_06_then_nothing [unresolved]; bank0:0xBCB6=store_a_then_clear_08e0 [writer],k84d18fde7b50
0x08E1,main-ec,DAT_EXTMEM,0x08E0-0x08E4,main-ec-027,18,8,5,4,0,1,4,8,8,no,,bank0:0x8048=unresolved_midstream_bytes [unresolved]; bank0:0x8054=index_case_00 [writer]; bank0:0x805B=index_table_default; bank0:0x81DF=index_case_06 [writer]; bank0:0x821F=index_case_epilogue [state]; bank0:0x8274=index_table_default [dispatch]; bank0:0x8294=FUN_CODE_8294; bank0:0xBCB1=load_dptr_08e1_and_a_06_then_nothing [unresolved],k809809200125
0x08E2,main-ec,DAT_EXTMEM,0x08E0-0x08E4,main-ec-200,28,18,0,10,0,0,13,8,13,no,,bank0:0x924C=set_0838_0839_0832_on_049f_bit2 [state]; bank0:0x9277=FUN_CODE_9277; bank0:0x9A9C=write_04_to_044b_and_set_08e2_bit7 [writer]; bank0:0xAC4A=toggle_08e2_bit4 [state]; bank0:0xB83B=FUN_CODE_b83b; bank0:0xBD03=clear_0741_bit0_and_08e2_bit4 [writer]; bank0:0xBD20=store_044b_then_read_08e2 [writer]; bank0:0xCCFC=power_on_init_and_two_hang_paths [init]; bank1:0x92BF=clamp_a_to_7_and_set_0723_08e2 [logic]; bank1:0x94A8=lookup_94a0_table_by_0620_low3 [logic]; bank1:0xBF3A=guard_then_store_pair_0834 [writer]; bank1:0xC352=dispatch_on_06d4_mod_10 [dispatch]; bank1:0xC3CD=compare_0434_04f4_against_0646 [logic],k8d99a6e778cf
0x08E3,main-ec,DAT_EXTMEM,0x08E0-0x08E4,main-ec-092,2,0,2,0,0,0,0,1,1,yes,,bank1:0x95E5=set_0476_bit1_then_branch_on_r7 [logic],k2a81a20b5754
0x08E4,main-ec,symbol,0x08E0-0x08E4,main-ec-002,126,82,4,40,0,0,41,44,45,no,XDATA_08E4,bank1:0x8001=decrement_nonzero_xdata_counters [writer]; bank1:0x8004=read_06c6 [reader]; bank1:0x8005=skip_06c6_decrement [logic]; bank1:0x8007=dec_06c6_value [math]; bank1:0x8008=store_06c6_decrement [writer]; bank1:0x8009=select_06cd [logic]; bank1:0x800C=read_06cd [reader]; bank1:0x800D=skip_06cd_decrement [logic]; bank1:0x800F=dec_06cd_value [math]; bank1:0x8010=store_06cd_decrement [writer]; bank1:0x8011=select_06d1 [logic]; bank1:0x8014=read_06d1_and_test_zero [reader]; bank1:0x8017=dec_06d1_value [math]; bank1:0x8018=store_acc_to_xdata_dptr_8018 [writer]; bank1:0x8019=load_dptr_06d2 [reader]; bank1:0x801C=read_xdata_dptr_801c [reader]; bank1:0x801D=branch_if_acc_zero_to_8021 [gate]; bank1:0x801F=dec_acc_801f [math]; bank1:0x8020=store_acc_to_xdata_dptr_8020 [writer]; bank1:0x8021=load_dptr_06f3 [reader]; bank1:0x8024=read_xdata_dptr_8024 [reader]; bank1:0x8025=branch_if_acc_zero_to_8029 [gate]; bank1:0x8027=dec_acc_8027 [math]; bank1:0x8028=store_acc_and_load_dptr_0635 [writer]; bank1:0x802C=read_xdata_dptr_802c [reader]; bank1:0x802D=branch_if_acc_zero_to_8031 [gate]; bank1:0x802F=dec_acc_802f [math]; bank1:0x8030=store_acc_to_xdata_dptr_8030 [writer]; bank1:0x8031=load_dptr_0636_and_read [reader]; bank1:0x8035=branch_if_acc_zero_to_8039 [gate]; bank1:0x8037=dec_store_and_load_dptr_0637 [writer]; bank1:0x803C=test_and_decrement_0638_after_prior_byte [writer]; bank1:0x8048=store_acc_and_read_0639 [writer]; bank1:0x804D=dec_then_test_063a_with_sign_guard [writer]; bank1:0x8060=branch_if_acc_zero_to_8064 [gate]; bank1:0x8062=dec_store_then_test_and_dec_07f6 [writer]; bank1:0x806C=reload_06d6_with_9_or_return_early [writer]; bank1:0x807E=dec_06c3_and_dec_06d8_gated_on_0440 [writer]; bank1:0x8096=dec_06d9_only_if_both_calls_return_zero [writer]; bank1:0x80AA=dec_timers_06da_08e4_055f_09ce_070b [writer]; bank1:0xBB3D=forward_to_bd20_bb3d [forwarder]; bank1:0xBD20=clear_0834_word_when_nonzero [writer]; bank1:0xBF3A=guard_then_store_pair_0834 [writer]; bank1:0xBF93=forward_to_bd20_bf93 [forwarder]; bank1:0xD61A=FUN_CODE_d61a,k733222e83898
0x08E6,main-ec,DAT_EXTMEM,0x08E6-0x08E7,main-ec-055,5,3,2,0,0,0,3,1,3,no,,bank0:0x8653=seed_fan_table_base [init]; bank0:0xBC4F=fan_table_base_offset_helper [math]; bank0:0xBCCB=store_be16_of_08e6_and_arg_to_0a47 [writer],k47146e6017d0
0x08E7,main-ec,DAT_EXTMEM,0x08E6-0x08E7,main-ec-055,4,2,2,0,0,0,2,1,2,no,,bank0:0x8653=seed_fan_table_base [init]; bank0:0xBC4F=fan_table_base_offset_helper [math],k47146e6017d0
0x08E9,main-ec,DAT_EXTMEM,0x08E9-0x08EC,main-ec-001,2,0,2,0,0,0,0,2,2,no,,bank0:0x95DD=fill_08xx_from_code_table [copy]; bank0:0x96AD=apply_oem_overrides_then_fill_08xx [copy],k7497cf885614
0x08EA,main-ec,DAT_EXTMEM,0x08E9-0x08EC,main-ec-001,4,2,2,0,0,0,2,1,3,no,,bank0:0x95DD=fill_08xx_from_code_table [copy]; bank0:0x9A0E=mul_div_08ea_then_sub_044b_selected [math]; bank0:0xBE15=x0449_minus_x08ea_minus_1 [math],k7497cf885614
0x08EB,main-ec,symbol,0x08E9-0x08EC,main-ec-193,43,26,0,14,0,3,14,9,14,no,XDATA_08EB,bank0:0x8749=mode_tick_084c_07a5_09ee [state]; bank0:0x888D=fan_table_mailbox_handler [dispatch]; bank0:0x8931=threshold_cascade_from_08eb_085f [unresolved]; bank0:0xB46C=FUN_CODE_b46c; bank0:0xB4A8=FUN_CODE_b4a8; bank0:0xB5B2=clear_08eb_bit5_09e6_09e7_08a1_089c_089d [writer]; bank0:0xB5D3=FUN_CODE_b5d3; bank0:0xB716=clear_08eb_bit3_09e6_09e7_08a2_089e_089f [writer]; bank0:0xB737=FUN_CODE_b737; bank0:0xB82E=clear_08eb_bit6_and_zero_08a0 [writer]; bank0:0xC478=set_160a_bit0_unless_b8f4_and_08eb [gate]; bank0:0xCC64=init_06e6_1_clear_0743_07c5_and_07d5_ff [init]; bank0:0xCCFC=power_on_init_and_two_hang_paths [init]; bank1:0xA916=clamp_078b_level_into_0804 [state],k737816451751
0x08EC,main-ec,DAT_EXTMEM,0x08E9-0x08EC,main-ec-202,24,12,0,12,0,0,8,8,8,no,,bank0:0xADA3=write_0a47_from_r7 [writer]; bank0:0xADAE=dispatch_on_0a47 [dispatch]; bank0:0xAE6D=set_08ec_bit0_clear_bit4 [writer]; bank0:0xAE79=set_08ec_bit4_clear_bit0 [writer]; bank0:0xAEC0=build_0795_0799_then_set_08ec [state]; bank0:0xAF27=fill_0790_0791_0793_via_calls [state]; bank0:0xAF66=set_08ec_bit1_clear_bit5 [writer]; bank0:0xAF72=set_08ec_bit5_clear_bit1 [writer],k295dbbe9bac4
0x08F8,pd,DAT_EXTMEM,0x08F8-0x08F8,pd-050,1,0,1,0,0,0,0,1,1,yes,,pd:0xDF6A=loop_256_passes_over_07cf [logic],kfbb2b4669bc6
0x08FE,main-ec,DAT_EXTMEM,0x08FE-0x08FF,main-ec-094,2,0,2,0,0,0,0,2,2,no,,bank0:0xED47=gate_a4b_eq_9 [gate]; bank0:0xED52=write_1c41_12_copy_0a49_0a4a_clear_1601_bit4 [writer],k9e24439bf134
0x08FF,main-ec,DAT_EXTMEM,0x08FE-0x08FF,main-ec-094,2,0,2,0,0,0,0,2,2,no,,bank0:0xED47=gate_a4b_eq_9 [gate]; bank0:0xED52=write_1c41_12_copy_0a49_0a4a_clear_1601_bit4 [writer],k9e24439bf134
0x0945,pd,DAT_EXTMEM,0x0945-0x0945,pd-001,2,1,1,0,0,0,1,1,2,no,,pd:0xEA67=reset_07c9_block_then_flag_00d3_1 [state]; pd:0xF63F=store_r7_to_07cc_r5_to_0945 [writer],kb5652a66acb4
0x0974,main-ec,DAT_EXTMEM,0x0974-0x0976,main-ec-236,11,2,8,0,0,1,1,7,7,no,,bank1:0xA2F3=dispatch_0974_low_nibble [dispatch]; bank1:0xA31B=caseD_6; bank1:0xA32C=send_1a68_83_80_00_set_0974_02 [writer]; bank1:0xA33D=send_1a68_78_08_00_set_0974_03 [writer]; bank1:0xA34E=send_1a68_71_40_e0_set_0974_04 [writer]; bank1:0xA35F=send_1a68_14_01_00_set_0974_05 [writer]; bank1:0xA370=send_1a68_6c_02_e0_set_0974_00 [writer],k60bb18330e37
0x0975,main-ec,DAT_EXTMEM,0x0974-0x0976,main-ec-117,11,3,8,0,0,0,3,3,6,no,,bank1:0xC4D2=setup_1c00_block_with_arg_4c [state]; bank1:0xC4F0=poll_1c00_status_up_to_100_cycles [state]; bank1:0xC54C=setup_and_poll_1c00_block_with_arg_48 [state]; bank1:0xDB0B=FUN_CODE_db0b; bank1:0xDC52=FUN_CODE_dc52; bank1:0xE2A0=setup_0975_0976_0978_0979_call_c54c [writer],kb8fa43f65870
0x0976,main-ec,DAT_EXTMEM,0x0974-0x0976,main-ec-117,15,3,12,0,0,0,3,3,6,no,,bank1:0xC4D2=setup_1c00_block_with_arg_4c [state]; bank1:0xC4F0=poll_1c00_status_up_to_100_cycles [state]; bank1:0xC54C=setup_and_poll_1c00_block_with_arg_48 [state]; bank1:0xDB0B=FUN_CODE_db0b; bank1:0xDC52=FUN_CODE_dc52; bank1:0xE2A0=setup_0975_0976_0978_0979_call_c54c [writer],kb8fa43f65870
0x0978,main-ec,DAT_EXTMEM,0x0978-0x0986,main-ec-154,2,1,1,0,0,0,1,1,2,no,,bank1:0xC54C=setup_and_poll_1c00_block_with_arg_48 [state]; bank1:0xE2A0=setup_0975_0976_0978_0979_call_c54c [writer],k2f73588dd32e
0x0979,main-ec,DAT_EXTMEM,0x0978-0x0986,main-ec-154,2,1,1,0,0,0,1,1,2,no,,bank1:0xC54C=setup_and_poll_1c00_block_with_arg_48 [state]; bank1:0xE2A0=setup_0975_0976_0978_0979_call_c54c [writer],k2f73588dd32e
0x097A,main-ec,DAT_EXTMEM,0x0978-0x0986,main-ec-001,29,15,2,12,0,0,12,14,14,no,,bank0:0xACB4=reset_xdata_flags_and_07d5_to_ff [init]; bank1:0x8300=clear_and_set_xdata_flag_bits [state]; bank1:0x9F04=dispatch_on_dpl_5b_7b_40 [dispatch]; bank1:0xA064=gate_045a_bit0_set_0724_bit4 [logic]; bank1:0xA0CC=set_0724_bit5_when_gates_pass [logic]; bank1:0xA12D=set_0724_bit7_after_06c5_threshold [logic]; bank1:0xF109=ljmp_f196 [forwarder]; bank1:0xF10D=ljmp_f219 [forwarder]; bank1:0xF110=ljmp_f246 [forwarder]; bank1:0xF123=thunk_to_f198 [forwarder]; bank1:0xF196=sjmp_to_f198 [forwarder]; bank1:0xF198=gate_045a_e0_bits_into_047b_0720_097a [writer]; bank1:0xF219=set_0636_0a_toggle_047b_02_set_097a_02 [writer]; bank1:0xF246=if_045a_bit4_set_toggle_047b_10_set_0637_0a [writer],k7497cf885614
0x097B,main-ec,DAT_EXTMEM,0x0978-0x0986,main-ec-053,7,4,0,3,0,0,2,2,2,no,,bank1:0x8BD1=select_probe_address_and_return_carry [logic]; bank1:0xDC52=FUN_CODE_dc52,k894b7ea3b2d6
0x097C,main-ec,DAT_EXTMEM,0x0978-0x0986,main-ec-060,4,3,0,1,0,0,2,1,2,no,,bank1:0xA24E=FUN_CODE_a24e; bank1:0xA9B4=step_state_0845 [state],k72e7ada81d34
0x097D,main-ec,DAT_EXTMEM,0x0978-0x0986,main-ec-301,4,2,1,1,0,0,1,1,1,yes,,bank1:0xEFBD=tick_097d_call_88f0_at_c8 [logic],k8bda6d90be5b
0x097E,both,DAT_EXTMEM,0x0978-0x0986,main-ec-086,5,2,3,0,0,0,1,2,2,no,,bank1:0xE8A4=compute_097e_times_10_write_0386_0387 [logic]; pd:0xD8EE=copy_0841_to_0984_when_083c_matches_097f [state],k1adfccdf9044
0x097F,both,DAT_EXTMEM,0x0978-0x0986,main-ec-017,19,13,0,6,0,0,7,5,7,no,,bank0:0xA3E0=FUN_CODE_a3e0; bank1:0x8AE5=probe_159a_19f0_0983_then_dispatch [dispatch]; bank1:0x8B01=load_dptr_097f [reader]; bank1:0x8B04=countdown_06c0_latch_097f_bit0 [state]; bank1:0x8B8F=clear_0480_bit4_set_0459_01_06e1_a0 [state]; bank1:0xA389=decrement_0980_then_run_19b4_198a [state]; pd:0xD8EE=copy_0841_to_0984_when_083c_matches_097f [state],k8752aa6b045e
0x0980,main-ec,DAT_EXTMEM,0x0978-0x0986,main-ec-017,11,3,7,1,0,0,1,4,4,no,,bank1:0x8AE5=probe_159a_19f0_0983_then_dispatch [dispatch]; bank1:0x8B01=load_dptr_097f [reader]; bank1:0x8B04=countdown_06c0_latch_097f_bit0 [state]; bank1:0xA389=decrement_0980_then_run_19b4_198a [state],k8752aa6b045e
0x0981,main-ec,symbol,0x0978-0x0986,main-ec-002,127,85,0,42,0,0,43,42,43,no,XDATA_0981,bank1:0x8001=decrement_nonzero_xdata_counters [writer]; bank1:0x8004=read_06c6 [reader]; bank1:0x8005=skip_06c6_decrement [logic]; bank1:0x8007=dec_06c6_value [math]; bank1:0x8008=store_06c6_decrement [writer]; bank1:0x8009=select_06cd [logic]; bank1:0x800C=read_06cd [reader]; bank1:0x800D=skip_06cd_decrement [logic]; bank1:0x800F=dec_06cd_value [math]; bank1:0x8010=store_06cd_decrement [writer]; bank1:0x8011=select_06d1 [logic]; bank1:0x8014=read_06d1_and_test_zero [reader]; bank1:0x8017=dec_06d1_value [math]; bank1:0x8018=store_acc_to_xdata_dptr_8018 [writer]; bank1:0x8019=load_dptr_06d2 [reader]; bank1:0x801C=read_xdata_dptr_801c [reader]; bank1:0x801D=branch_if_acc_zero_to_8021 [gate]; bank1:0x801F=dec_acc_801f [math]; bank1:0x8020=store_acc_to_xdata_dptr_8020 [writer]; bank1:0x8021=load_dptr_06f3 [reader]; bank1:0x8024=read_xdata_dptr_8024 [reader]; bank1:0x8025=branch_if_acc_zero_to_8029 [gate]; bank1:0x8027=dec_acc_8027 [math]; bank1:0x8028=store_acc_and_load_dptr_0635 [writer]; bank1:0x802C=read_xdata_dptr_802c [reader]; bank1:0x802D=branch_if_acc_zero_to_8031 [gate]; bank1:0x802F=dec_acc_802f [math]; bank1:0x8030=store_acc_to_xdata_dptr_8030 [writer]; bank1:0x8031=load_dptr_0636_and_read [reader]; bank1:0x8035=branch_if_acc_zero_to_8039 [gate]; bank1:0x8037=dec_store_and_load_dptr_0637 [writer]; bank1:0x803C=test_and_decrement_0638_after_prior_byte [writer]; bank1:0x8048=store_acc_and_read_0639 [writer]; bank1:0x804D=dec_then_test_063a_with_sign_guard [writer]; bank1:0x8060=branch_if_acc_zero_to_8064 [gate]; bank1:0x8062=dec_store_then_test_and_dec_07f6 [writer]; bank1:0x806C=reload_06d6_with_9_or_return_early [writer]; bank1:0x807E=dec_06c3_and_dec_06d8_gated_on_0440 [writer]; bank1:0x8096=dec_06d9_only_if_both_calls_return_zero [writer]; bank1:0x80AA=dec_timers_06da_08e4_055f_09ce_070b [writer]; bank1:0x80D6=clear_0460_0468_when_0706_reaches_zero [writer]; bank1:0x80EF=dec_timers_and_set_expiry_flags [writer]; bank1:0xA0CC=set_0724_bit5_when_gates_pass [logic],k733222e83898
0x0982,main-ec,symbol,0x0978-0x0986,main-ec-002,127,85,0,42,0,0,43,42,43,no,XDATA_0982,bank1:0x8001=decrement_nonzero_xdata_counters [writer]; bank1:0x8004=read_06c6 [reader]; bank1:0x8005=skip_06c6_decrement [logic]; bank1:0x8007=dec_06c6_value [math]; bank1:0x8008=store_06c6_decrement [writer]; bank1:0x8009=select_06cd [logic]; bank1:0x800C=read_06cd [reader]; bank1:0x800D=skip_06cd_decrement [logic]; bank1:0x800F=dec_06cd_value [math]; bank1:0x8010=store_06cd_decrement [writer]; bank1:0x8011=select_06d1 [logic]; bank1:0x8014=read_06d1_and_test_zero [reader]; bank1:0x8017=dec_06d1_value [math]; bank1:0x8018=store_acc_to_xdata_dptr_8018 [writer]; bank1:0x8019=load_dptr_06d2 [reader]; bank1:0x801C=read_xdata_dptr_801c [reader]; bank1:0x801D=branch_if_acc_zero_to_8021 [gate]; bank1:0x801F=dec_acc_801f [math]; bank1:0x8020=store_acc_to_xdata_dptr_8020 [writer]; bank1:0x8021=load_dptr_06f3 [reader]; bank1:0x8024=read_xdata_dptr_8024 [reader]; bank1:0x8025=branch_if_acc_zero_to_8029 [gate]; bank1:0x8027=dec_acc_8027 [math]; bank1:0x8028=store_acc_and_load_dptr_0635 [writer]; bank1:0x802C=read_xdata_dptr_802c [reader]; bank1:0x802D=branch_if_acc_zero_to_8031 [gate]; bank1:0x802F=dec_acc_802f [math]; bank1:0x8030=store_acc_to_xdata_dptr_8030 [writer]; bank1:0x8031=load_dptr_0636_and_read [reader]; bank1:0x8035=branch_if_acc_zero_to_8039 [gate]; bank1:0x8037=dec_store_and_load_dptr_0637 [writer]; bank1:0x803C=test_and_decrement_0638_after_prior_byte [writer]; bank1:0x8048=store_acc_and_read_0639 [writer]; bank1:0x804D=dec_then_test_063a_with_sign_guard [writer]; bank1:0x8060=branch_if_acc_zero_to_8064 [gate]; bank1:0x8062=dec_store_then_test_and_dec_07f6 [writer]; bank1:0x806C=reload_06d6_with_9_or_return_early [writer]; bank1:0x807E=dec_06c3_and_dec_06d8_gated_on_0440 [writer]; bank1:0x8096=dec_06d9_only_if_both_calls_return_zero [writer]; bank1:0x80AA=dec_timers_06da_08e4_055f_09ce_070b [writer]; bank1:0x80D6=clear_0460_0468_when_0706_reaches_zero [writer]; bank1:0x80EF=dec_timers_and_set_expiry_flags [writer]; bank1:0xA064=gate_045a_bit0_set_0724_bit4 [logic],k733222e83898
0x0983,main-ec,DAT_EXTMEM,0x0978-0x0986,main-ec-195,37,24,1,12,0,0,14,11,14,no,,bank0:0x9277=FUN_CODE_9277; bank0:0xA00E=seed_0872_087a_088a_then_select_level [state]; bank0:0xA139=FUN_CODE_a139; bank0:0xA169=clear_0983_bit1_then_0xa1c8 [writer]; bank0:0xA1A8=set_state_bytes_then_0xa1c8 [writer]; bank0:0xA1C8=select_code_table_entry_and_store_0872_087a_088a [dispatch]; bank0:0xB0DC=sync_0983_bit5_against_support_2_bit4 [logic]; bank1:0x8AE5=probe_159a_19f0_0983_then_dispatch [dispatch]; bank1:0x8BD1=select_probe_address_and_return_carry [logic]; bank1:0x8CDD=write_0a_to_07f2_fall_into_8ce3 [writer]; bank1:0x8CE3=clear_0983_bit0_return_carry_set [writer]; bank1:0x9F04=dispatch_on_dpl_5b_7b_40 [dispatch]; bank1:0xA389=decrement_0980_then_run_19b4_198a [state]; bank1:0xAB29=latch_0983_b2_from_0442_b3 [state],k4e6fa4290a26
0x0984,main-ec,DAT_EXTMEM,0x0978-0x0986,main-ec-054,5,3,0,2,0,0,2,2,2,no,,bank0:0xB38E=step_1802_toward_bf12_limited_by_09cd [state]; bank0:0xB3E4=call_c470_then_clear_0984_bit0 [writer],kb77916be3ffe
0x0985,main-ec,symbol,0x0978-0x0986,main-ec-002,115,58,0,57,0,0,50,50,50,no,XDATA_0985,bank0:0x909B=update_flag_bits_in_0985 [logic]; bank0:0x95DD=fill_08xx_from_code_table [copy]; bank0:0x96AD=apply_oem_overrides_then_fill_08xx [copy]; bank0:0x98FB=set_0985_bit4 [writer]; bank0:0xA00E=seed_0872_087a_088a_then_select_level [state]; bank0:0xA139=FUN_CODE_a139; bank0:0xA1A8=set_state_bytes_then_0xa1c8 [writer]; bank0:0xA1C8=select_code_table_entry_and_store_0872_087a_088a [dispatch]; bank1:0x8001=decrement_nonzero_xdata_counters [writer]; bank1:0x8004=read_06c6 [reader]; bank1:0x8005=skip_06c6_decrement [logic]; bank1:0x8007=dec_06c6_value [math]; bank1:0x8008=store_06c6_decrement [writer]; bank1:0x8009=select_06cd [logic]; bank1:0x800C=read_06cd [reader]; bank1:0x800D=skip_06cd_decrement [logic]; bank1:0x800F=dec_06cd_value [math]; bank1:0x8010=store_06cd_decrement [writer]; bank1:0x8011=select_06d1 [logic]; bank1:0x8014=read_06d1_and_test_zero [reader]; bank1:0x8017=dec_06d1_value [math]; bank1:0x8018=store_acc_to_xdata_dptr_8018 [writer]; bank1:0x8019=load_dptr_06d2 [reader]; bank1:0x801C=read_xdata_dptr_801c [reader]; bank1:0x801D=branch_if_acc_zero_to_8021 [gate]; bank1:0x801F=dec_acc_801f [math]; bank1:0x8020=store_acc_to_xdata_dptr_8020 [writer]; bank1:0x8021=load_dptr_06f3 [reader]; bank1:0x8024=read_xdata_dptr_8024 [reader]; bank1:0x8025=branch_if_acc_zero_to_8029 [gate]; bank1:0x8027=dec_acc_8027 [math]; bank1:0x8028=store_acc_and_load_dptr_0635 [writer]; bank1:0x802C=read_xdata_dptr_802c [reader]; bank1:0x802D=branch_if_acc_zero_to_8031 [gate]; bank1:0x802F=dec_acc_802f [math]; bank1:0x8030=store_acc_to_xdata_dptr_8030 [writer]; bank1:0x8031=load_dptr_0636_and_read [reader]; bank1:0x8035=branch_if_acc_zero_to_8039 [gate]; bank1:0x8037=dec_store_and_load_dptr_0637 [writer]; bank1:0x803C=test_and_decrement_0638_after_prior_byte [writer]; bank1:0x8048=store_acc_and_read_0639 [writer]; bank1:0x804D=dec_then_test_063a_with_sign_guard [writer]; bank1:0x8060=branch_if_acc_zero_to_8064 [gate]; bank1:0x8062=dec_store_then_test_and_dec_07f6 [writer]; bank1:0x806C=reload_06d6_with_9_or_return_early [writer]; bank1:0x807E=dec_06c3_and_dec_06d8_gated_on_0440 [writer]; bank1:0x8096=dec_06d9_only_if_both_calls_return_zero [writer]; bank1:0x80AA=dec_timers_06da_08e4_055f_09ce_070b [writer]; bank1:0x80D6=clear_0460_0468_when_0706_reaches_zero [writer]; bank1:0x80EF=dec_timers_and_set_expiry_flags [writer],k733222e83898
0x0986,main-ec,symbol,0x0978-0x0986,main-ec-002,135,90,3,42,0,0,45,45,45,no,XDATA_0986,bank0:0x8B14=FUN_CODE_8b14; bank0:0x8C46=ramp_1804_1809_toward_0461_0469 [state]; bank0:0x8DE0=ramp_1804_toward_0670_and_set_1809 [state]; bank1:0x8001=decrement_nonzero_xdata_counters [writer]; bank1:0x8004=read_06c6 [reader]; bank1:0x8005=skip_06c6_decrement [logic]; bank1:0x8007=dec_06c6_value [math]; bank1:0x8008=store_06c6_decrement [writer]; bank1:0x8009=select_06cd [logic]; bank1:0x800C=read_06cd [reader]; bank1:0x800D=skip_06cd_decrement [logic]; bank1:0x800F=dec_06cd_value [math]; bank1:0x8010=store_06cd_decrement [writer]; bank1:0x8011=select_06d1 [logic]; bank1:0x8014=read_06d1_and_test_zero [reader]; bank1:0x8017=dec_06d1_value [math]; bank1:0x8018=store_acc_to_xdata_dptr_8018 [writer]; bank1:0x8019=load_dptr_06d2 [reader]; bank1:0x801C=read_xdata_dptr_801c [reader]; bank1:0x801D=branch_if_acc_zero_to_8021 [gate]; bank1:0x801F=dec_acc_801f [math]; bank1:0x8020=store_acc_to_xdata_dptr_8020 [writer]; bank1:0x8021=load_dptr_06f3 [reader]; bank1:0x8024=read_xdata_dptr_8024 [reader]; bank1:0x8025=branch_if_acc_zero_to_8029 [gate]; bank1:0x8027=dec_acc_8027 [math]; bank1:0x8028=store_acc_and_load_dptr_0635 [writer]; bank1:0x802C=read_xdata_dptr_802c [reader]; bank1:0x802D=branch_if_acc_zero_to_8031 [gate]; bank1:0x802F=dec_acc_802f [math]; bank1:0x8030=store_acc_to_xdata_dptr_8030 [writer]; bank1:0x8031=load_dptr_0636_and_read [reader]; bank1:0x8035=branch_if_acc_zero_to_8039 [gate]; bank1:0x8037=dec_store_and_load_dptr_0637 [writer]; bank1:0x803C=test_and_decrement_0638_after_prior_byte [writer]; bank1:0x8048=store_acc_and_read_0639 [writer]; bank1:0x804D=dec_then_test_063a_with_sign_guard [writer]; bank1:0x8060=branch_if_acc_zero_to_8064 [gate]; bank1:0x8062=dec_store_then_test_and_dec_07f6 [writer]; bank1:0x806C=reload_06d6_with_9_or_return_early [writer]; bank1:0x807E=dec_06c3_and_dec_06d8_gated_on_0440 [writer]; bank1:0x8096=dec_06d9_only_if_both_calls_return_zero [writer]; bank1:0x80AA=dec_timers_06da_08e4_055f_09ce_070b [writer]; bank1:0x80D6=clear_0460_0468_when_0706_reaches_zero [writer]; bank1:0x80EF=dec_timers_and_set_expiry_flags [writer],k733222e83898
0x0988,main-ec,DAT_EXTMEM,0x0988-0x0989,main-ec-001,5,1,4,0,0,0,1,4,4,no,,bank0:0xACB4=reset_xdata_flags_and_07d5_to_ff [init]; bank0:0xB3F0=rewrite_dptr_byte_ff_at_f0_else_count_0988 [logic]; bank0:0xCC64=init_06e6_1_clear_0743_07c5_and_07d5_ff [init]; bank0:0xD084=set_0988_1 [writer],k7497cf885614
0x0989,main-ec,DAT_EXTMEM,0x0988-0x0989,main-ec-001,6,4,2,0,0,0,2,2,2,no,,bank0:0x8B14=FUN_CODE_8b14; bank0:0x8C46=ramp_1804_1809_toward_0461_0469 [state],k7497cf885614
0x098C,main-ec,DAT_EXTMEM,0x098C-0x098F,main-ec-001,15,9,6,0,0,0,5,5,5,no,,bank0:0x9334=seed_tcc_defaults_from_ba36 [init]; bank0:0x93FE=load_r7_into_a [reader]; bank0:0x93FF=select_table_byte_against_044f [logic]; bank0:0x948D=code_byte_to_0a4a_then_push_r7 [copy]; bank0:0x94AF=store_r7_to_098c_and_0463 [writer],k7497cf885614
0x098D,main-ec,DAT_EXTMEM,0x098C-0x098F,main-ec-014,1,0,1,0,0,0,0,1,1,yes,,common:0x1059=FUN_CODE_1059,kd674bc23b475
0x098E,main-ec,DAT_EXTMEM,0x098C-0x098F,main-ec-014,1,0,1,0,0,0,0,1,1,yes,,common:0x1059=FUN_CODE_1059,kd674bc23b475
0x098F,main-ec,DAT_EXTMEM,0x098C-0x098F,main-ec-014,2,0,1,0,0,1,0,1,1,yes,,common:0x1059=FUN_CODE_1059,kd674bc23b475
0x09BF,main-ec,DAT_EXTMEM,0x09BF-0x09C3,main-ec-226,13,8,4,1,0,0,2,2,2,no,,bank0:0x83D6=ring_push_0990 [writer]; bank1:0x9ED4=ring_write_0990_len_2f [writer],k6011138d7299
0x09C0,main-ec,DAT_EXTMEM,0x09BF-0x09C3,main-ec-331,2,0,2,0,0,0,0,2,2,no,,bank0:0xE02D=mul_r7_by_8 [math]; bank0:0xE033=FUN_CODE_e033,kf0d6faa2acb7
0x09C1,main-ec,DAT_EXTMEM,0x09BF-0x09C3,main-ec-089,2,0,2,0,0,0,0,2,2,no,,bank0:0xDF78=scale_r7_by_8_then_set_09c1_09c3 [math]; bank0:0xE03F=set_09c1_09c3_from_dptr [writer],kea0f8e69eb37
0x09C2,main-ec,DAT_EXTMEM,0x09BF-0x09C3,main-ec-089,2,0,2,0,0,0,0,2,2,no,,bank0:0xDF78=scale_r7_by_8_then_set_09c1_09c3 [math]; bank0:0xE03F=set_09c1_09c3_from_dptr [writer],kea0f8e69eb37
0x09C3,main-ec,DAT_EXTMEM,0x09BF-0x09C3,main-ec-089,3,1,2,0,0,0,1,2,3,no,,bank0:0xDE83=stage_0a49_pair_then_30xx_block [unresolved]; bank0:0xDF78=scale_r7_by_8_then_set_09c1_09c3 [math]; bank0:0xE03F=set_09c1_09c3_from_dptr [writer],kea0f8e69eb37
0x09C7,main-ec,DAT_EXTMEM,0x09C7-0x09CA,main-ec-001,13,6,4,3,0,0,3,3,3,no,,bank0:0xB12C=manual_ctrl_profile_gate [gate]; bank0:0xB158=charge_target_update [charge-target]; bank0:0xB1F0=charge_stress_update [charge-target],k7497cf885614
0x09C8,main-ec,DAT_EXTMEM,0x09C7-0x09CA,main-ec-001,13,6,4,3,0,0,3,3,3,no,,bank0:0xB12C=manual_ctrl_profile_gate [gate]; bank0:0xB158=charge_target_update [charge-target]; bank0:0xB1F0=charge_stress_update [charge-target],k7497cf885614
0x09C9,main-ec,DAT_EXTMEM,0x09C7-0x09CA,main-ec-001,18,17,1,0,0,0,5,1,5,no,,bank0:0xB12C=manual_ctrl_profile_gate [gate]; bank0:0xB158=charge_target_update [charge-target]; bank0:0xB1F0=charge_stress_update [charge-target]; bank0:0xBD8B=tier_250_eligible [math]; bank0:0xBD98=tier_200_eligible [math],k7497cf885614
0x09CA,main-ec,DAT_EXTMEM,0x09C7-0x09CA,main-ec-001,12,11,1,0,0,0,5,1,5,no,,bank0:0xB12C=manual_ctrl_profile_gate [gate]; bank0:0xB158=charge_target_update [charge-target]; bank0:0xB1F0=charge_stress_update [charge-target]; bank0:0xBD8B=tier_250_eligible [math]; bank0:0xBD98=tier_200_eligible [math],k7497cf885614
0x09CC,main-ec,DAT_EXTMEM,0x09CC-0x09CF,main-ec-365,1,1,0,0,0,0,1,0,1,yes,,bank0:0xBA23=load_09cc_into_a_and_dptr_6391 [reader],k03a836418f43
0x09CD,main-ec,DAT_EXTMEM,0x09CC-0x09CF,main-ec-054,2,1,1,0,0,0,1,1,2,no,,bank0:0xB38E=step_1802_toward_bf12_limited_by_09cd [state]; bank0:0xBF12=copy_043d_to_09cd_and_return_09cd [copy],kb77916be3ffe
0x09CE,main-ec,symbol,0x09CC-0x09CF,main-ec-002,130,89,1,40,0,0,43,41,44,no,XDATA_09CE,bank0:0xA426=FUN_CODE_a426; bank0:0xA663=gate_0767_06e6_0741_then_dispatch_076f [dispatch]; bank0:0xA678=forward_to_a426 [forwarder]; bank0:0xCC64=init_06e6_1_clear_0743_07c5_and_07d5_ff [init]; bank1:0x8001=decrement_nonzero_xdata_counters [writer]; bank1:0x8004=read_06c6 [reader]; bank1:0x8005=skip_06c6_decrement [logic]; bank1:0x8007=dec_06c6_value [math]; bank1:0x8008=store_06c6_decrement [writer]; bank1:0x8009=select_06cd [logic]; bank1:0x800C=read_06cd [reader]; bank1:0x800D=skip_06cd_decrement [logic]; bank1:0x800F=dec_06cd_value [math]; bank1:0x8010=store_06cd_decrement [writer]; bank1:0x8011=select_06d1 [logic]; bank1:0x8014=read_06d1_and_test_zero [reader]; bank1:0x8017=dec_06d1_value [math]; bank1:0x8018=store_acc_to_xdata_dptr_8018 [writer]; bank1:0x8019=load_dptr_06d2 [reader]; bank1:0x801C=read_xdata_dptr_801c [reader]; bank1:0x801D=branch_if_acc_zero_to_8021 [gate]; bank1:0x801F=dec_acc_801f [math]; bank1:0x8020=store_acc_to_xdata_dptr_8020 [writer]; bank1:0x8021=load_dptr_06f3 [reader]; bank1:0x8024=read_xdata_dptr_8024 [reader]; bank1:0x8025=branch_if_acc_zero_to_8029 [gate]; bank1:0x8027=dec_acc_8027 [math]; bank1:0x8028=store_acc_and_load_dptr_0635 [writer]; bank1:0x802C=read_xdata_dptr_802c [reader]; bank1:0x802D=branch_if_acc_zero_to_8031 [gate]; bank1:0x802F=dec_acc_802f [math]; bank1:0x8030=store_acc_to_xdata_dptr_8030 [writer]; bank1:0x8031=load_dptr_0636_and_read [reader]; bank1:0x8035=branch_if_acc_zero_to_8039 [gate]; bank1:0x8037=dec_store_and_load_dptr_0637 [writer]; bank1:0x803C=test_and_decrement_0638_after_prior_byte [writer]; bank1:0x8048=store_acc_and_read_0639 [writer]; bank1:0x804D=dec_then_test_063a_with_sign_guard [writer]; bank1:0x8060=branch_if_acc_zero_to_8064 [gate]; bank1:0x8062=dec_store_then_test_and_dec_07f6 [writer]; bank1:0x806C=reload_06d6_with_9_or_return_early [writer]; bank1:0x807E=dec_06c3_and_dec_06d8_gated_on_0440 [writer]; bank1:0x8096=dec_06d9_only_if_both_calls_return_zero [writer]; bank1:0x80AA=dec_timers_06da_08e4_055f_09ce_070b [writer],k733222e83898
0x09CF,main-ec,DAT_EXTMEM,0x09CC-0x09CF,main-ec-291,5,3,1,1,0,0,1,1,1,yes,,bank0:0xB46C=FUN_CODE_b46c,k5188bc1e27ff
0x09E3,main-ec,DAT_EXTMEM,0x09E3-0x09E4,main-ec-245,9,6,2,1,0,0,1,1,1,yes,,bank1:0xA3B2=tick_09e3_countdown [state],k01aa4072d374
0x09E4,main-ec,DAT_EXTMEM,0x09E3-0x09E4,main-ec-001,28,7,8,5,0,8,6,5,6,no,,bank0:0x8749=mode_tick_084c_07a5_09ee [state]; bank0:0x888D=fan_table_mailbox_handler [dispatch]; bank0:0x8931=threshold_cascade_from_08eb_085f [unresolved]; bank0:0x8B14=FUN_CODE_8b14; bank0:0xBC5F=inc_09e4_and_return_new [math]; bank0:0xBEAA=sub_33_from_09e4_low7 [math],k7497cf885614
0x09E6,main-ec,symbol,0x09E6-0x09E7,main-ec-012,14,7,1,6,0,0,5,5,6,no,XDATA_09E6,bank0:0x90FE=update_flag_bits_in_0723 [logic]; bank0:0xB4A8=FUN_CODE_b4a8; bank0:0xB5B2=clear_08eb_bit5_09e6_09e7_08a1_089c_089d [writer]; bank0:0xB5D3=FUN_CODE_b5d3; bank0:0xB716=clear_08eb_bit3_09e6_09e7_08a2_089e_089f [writer]; bank1:0x9817=enter_state_0480_05f1_06d9 [state],k66512c56e77b
0x09E7,main-ec,symbol,0x09E6-0x09E7,main-ec-012,9,5,0,4,0,0,5,4,5,no,XDATA_09E7,bank0:0x909B=update_flag_bits_in_0985 [logic]; bank0:0xB4A8=FUN_CODE_b4a8; bank0:0xB5B2=clear_08eb_bit5_09e6_09e7_08a1_089c_089d [writer]; bank0:0xB5D3=FUN_CODE_b5d3; bank0:0xB716=clear_08eb_bit3_09e6_09e7_08a2_089e_089f [writer],k66512c56e77b
0x09E9,main-ec,DAT_EXTMEM,0x09E9-0x09EB,main-ec-001,7,4,3,0,0,0,2,3,5,no,,bank0:0x8038=index_table_base [unresolved]; bank0:0x83FF=sync_0788_and_07d4_from_09e9 [state]; bank0:0x95DD=fill_08xx_from_code_table [copy]; bank0:0x96AD=apply_oem_overrides_then_fill_08xx [copy]; bank0:0x9C00=clear_09e9_unless_0743_bit2 [state],k7497cf885614
0x09EA,main-ec,DAT_EXTMEM,0x09E9-0x09EB,main-ec-001,7,5,2,0,0,0,3,2,5,no,,bank0:0x8038=index_table_base [unresolved]; bank0:0x8044=ajmp_into_83ff_tail [forwarder]; bank0:0x83FF=sync_0788_and_07d4_from_09e9 [state]; bank0:0x95DD=fill_08xx_from_code_table [copy]; bank0:0x96AD=apply_oem_overrides_then_fill_08xx [copy],k7497cf885614
0x09EB,main-ec,DAT_EXTMEM,0x09E9-0x09EB,main-ec-001,8,6,2,0,0,0,3,2,5,no,,bank0:0x8038=index_table_base [unresolved]; bank0:0x8044=ajmp_into_83ff_tail [forwarder]; bank0:0x83FF=sync_0788_and_07d4_from_09e9 [state]; bank0:0x95DD=fill_08xx_from_code_table [copy]; bank0:0x96AD=apply_oem_overrides_then_fill_08xx [copy],k7497cf885614
0x09EE,main-ec,DAT_EXTMEM,0x09EE-0x09F2,main-ec-001,13,8,0,5,0,0,2,2,2,no,,bank0:0x8749=mode_tick_084c_07a5_09ee [state]; bank0:0xB889=09ee_bit1_edge_drives_0897_countdown [state],k7497cf885614
0x09EF,main-ec,DAT_EXTMEM,0x09EE-0x09F2,main-ec-003,2,1,1,0,0,0,1,1,1,yes,,bank0:0x9D9B=compute_level_blocks_086b_086c_086e [math],ka39cda99615f
0x09F0,main-ec,DAT_EXTMEM,0x09EE-0x09F2,main-ec-047,4,2,1,1,0,0,1,1,1,yes,,bank1:0x8915=saturating_count_09f0_then_call_88f0 [state],k32f0f39c5fe0
0x09F1,main-ec,DAT_EXTMEM,0x09EE-0x09F2,main-ec-047,15,8,1,4,2,0,3,3,4,no,,bank1:0x8915=saturating_count_09f0_then_call_88f0 [state]; bank1:0x8955=init_09f1_and_zero_09f2_through_09f9 [init]; bank1:0x897B=index_09f2_by_09f1_bits_7_5_and_bump_09f1 [state]; bank1:0x89B5=store_r7_to_09f2_by_09f1_bits_0_2_and_bump [state],k32f0f39c5fe0
0x09F2,main-ec,DAT_EXTMEM,0x09EE-0x09F2,main-ec-047,1,0,0,0,0,1,0,0,1,yes,,bank1:0x8955=init_09f1_and_zero_09f2_through_09f9 [init],k32f0f39c5fe0
0x0A00,main-ec,DAT_EXTMEM,0x0A00-0x0A02,main-ec-246,9,5,2,2,0,0,3,4,4,no,,bank0:0x8294=FUN_CODE_8294; bank0:0xDE83=stage_0a49_pair_then_30xx_block [unresolved]; common:0x000B=timer0_vector_forwarder_to_0530 [forwarder]; common:0x0530=timer0_target_decrements_xdata_0a00 [state],k5264d3806d1d
0x0A01,main-ec,DAT_EXTMEM,0x0A00-0x0A02,main-ec-159,2,0,1,0,1,0,0,1,1,yes,,common:0x2DF4=FUN_CODE_2df4,k2b2c326bfeb4
0x0A02,main-ec,DAT_EXTMEM,0x0A00-0x0A02,main-ec-159,1,0,1,0,0,0,0,1,1,yes,,common:0x2DF4=FUN_CODE_2df4,k2b2c326bfeb4
0x0A04,main-ec,DAT_EXTMEM,0x0A04-0x0A11,main-ec-366,1,0,1,0,0,0,0,1,1,yes,,common:0x3BEF=FUN_CODE_3bef,kb1acc17cb126
0x0A05,main-ec,DAT_EXTMEM,0x0A04-0x0A11,main-ec-367,1,0,1,0,0,0,0,1,1,yes,,common:0x365D=FUN_CODE_365d,kbf18e6f38803
0x0A06,main-ec,DAT_EXTMEM,0x0A04-0x0A11,main-ec-095,2,1,1,0,0,0,1,1,1,yes,,common:0x3679=FUN_CODE_3679,k74c63f6ce8bc
0x0A07,main-ec,DAT_EXTMEM,0x0A04-0x0A11,main-ec-095,2,0,1,0,1,0,0,1,1,yes,,common:0x3679=FUN_CODE_3679,k74c63f6ce8bc
0x0A08,main-ec,DAT_EXTMEM,0x0A04-0x0A11,main-ec-095,2,0,2,0,0,0,0,1,1,yes,,common:0x3679=FUN_CODE_3679,k74c63f6ce8bc
0x0A09,main-ec,DAT_EXTMEM,0x0A04-0x0A11,main-ec-096,2,1,1,0,0,0,1,1,1,yes,,common:0x36AF=FUN_CODE_36af,kb762f5fb217d
0x0A0A,main-ec,DAT_EXTMEM,0x0A04-0x0A11,main-ec-096,2,0,1,0,1,0,0,1,1,yes,,common:0x36AF=FUN_CODE_36af,kb762f5fb217d
0x0A0B,main-ec,DAT_EXTMEM,0x0A04-0x0A11,main-ec-096,2,0,2,0,0,0,0,1,1,yes,,common:0x36AF=FUN_CODE_36af,kb762f5fb217d
0x0A0C,main-ec,DAT_EXTMEM,0x0A04-0x0A11,main-ec-052,1,0,1,0,0,0,0,1,1,yes,,common:0x36E5=FUN_CODE_36e5,k3b910d1eadc4
0x0A0D,main-ec,DAT_EXTMEM,0x0A04-0x0A11,main-ec-052,3,2,1,0,0,0,1,1,1,yes,,common:0x36E5=FUN_CODE_36e5,k3b910d1eadc4
0x0A0E,main-ec,DAT_EXTMEM,0x0A04-0x0A11,main-ec-052,10,4,2,2,2,0,1,1,1,yes,,common:0x36E5=FUN_CODE_36e5,k3b910d1eadc4
0x0A0F,main-ec,DAT_EXTMEM,0x0A04-0x0A11,main-ec-052,4,1,3,0,0,0,1,1,1,yes,,common:0x36E5=FUN_CODE_36e5,k3b910d1eadc4
0x0A10,main-ec,DAT_EXTMEM,0x0A04-0x0A11,main-ec-150,2,1,1,0,0,0,1,1,1,yes,,common:0x3770=FUN_CODE_3770,kcc2e180c7bd5
0x0A11,main-ec,DAT_EXTMEM,0x0A04-0x0A11,main-ec-150,3,1,2,0,0,0,1,1,1,yes,,common:0x3770=FUN_CODE_3770,kcc2e180c7bd5
0x0A17,main-ec,DAT_EXTMEM,0x0A17-0x0A17,main-ec-033,24,5,0,0,10,9,4,0,4,no,,common:0x4643=FUN_CODE_4643; common:0x4666=FUN_CODE_4666; common:0x46F9=FUN_CODE_46f9; common:0x4A5A=FUN_CODE_4a5a,k9d67fb0dbc75
0x0A1B,main-ec,DAT_EXTMEM,0x0A1B-0x0A1E,main-ec-033,2,2,0,0,0,0,2,0,2,no,,common:0x4643=FUN_CODE_4643; common:0x4666=FUN_CODE_4666,k9d67fb0dbc75
0x0A1C,main-ec,DAT_EXTMEM,0x0A1B-0x0A1E,main-ec-033,2,2,0,0,0,0,2,0,2,no,,common:0x4643=FUN_CODE_4643; common:0x4666=FUN_CODE_4666,k9d67fb0dbc75
0x0A1D,main-ec,DAT_EXTMEM,0x0A1B-0x0A1E,main-ec-033,10,3,7,0,0,0,3,3,3,no,,common:0x4643=FUN_CODE_4643; common:0x4666=FUN_CODE_4666; common:0x46F9=FUN_CODE_46f9,k9d67fb0dbc75
0x0A1E,main-ec,DAT_EXTMEM,0x0A1B-0x0A1E,main-ec-033,12,8,0,2,0,2,2,2,2,no,,common:0x4643=FUN_CODE_4643; common:0x4666=FUN_CODE_4666,k9d67fb0dbc75
0x0A35,main-ec,DAT_EXTMEM,0x0A35-0x0A36,main-ec-169,1,1,0,0,0,0,1,0,1,yes,,bank0:0xDE56=read_code_byte_at_ptr_0a35_0a36 [reader],kebbc217cfaac
0x0A36,main-ec,DAT_EXTMEM,0x0A35-0x0A36,main-ec-169,1,1,0,0,0,0,1,0,1,yes,,bank0:0xDE56=read_code_byte_at_ptr_0a35_0a36 [reader],kebbc217cfaac
0x0A3E,main-ec,DAT_EXTMEM,0x0A3E-0x0A3F,main-ec-151,3,1,2,0,0,0,1,2,3,no,,bank0:0xF161=store_a_to_1603_then_clear_0a3e_0a3f [writer]; bank0:0xF165=clear_0a3e_0a3f [writer]; bank0:0xF16D=bit7_split_0a3e [math],k706892ba2bea
0x0A3F,main-ec,DAT_EXTMEM,0x0A3E-0x0A3F,main-ec-151,2,0,2,0,0,0,0,2,2,no,,bank0:0xF161=store_a_to_1603_then_clear_0a3e_0a3f [writer]; bank0:0xF165=clear_0a3e_0a3f [writer],k706892ba2bea
0x0A43,main-ec,DAT_EXTMEM,0x0A43-0x0A5C,main-ec-008,5,1,4,0,0,0,1,4,5,no,,bank0:0xEFDC=call_ef17_then_copy_0f80_to_0fb1 [copy]; bank0:0xEFF0=store_dptr_byte_to_0fb2_copy_0f82 [copy]; bank0:0xF002=FUN_CODE_f002; bank0:0xF012=store_16bit_sum_to_0a43_0a44 [math]; bank0:0xF022=rotate_16bit_pair_and_range_check_0fc3 [logic],ke96d2e265d5d
0x0A44,main-ec,DAT_EXTMEM,0x0A43-0x0A5C,main-ec-008,5,1,4,0,0,0,1,4,5,no,,bank0:0xEFDC=call_ef17_then_copy_0f80_to_0fb1 [copy]; bank0:0xEFF0=store_dptr_byte_to_0fb2_copy_0f82 [copy]; bank0:0xF002=FUN_CODE_f002; bank0:0xF012=store_16bit_sum_to_0a43_0a44 [math]; bank0:0xF022=rotate_16bit_pair_and_range_check_0fc3 [logic],ke96d2e265d5d
0x0A45,main-ec,DAT_EXTMEM,0x0A43-0x0A5C,main-ec-008,15,10,5,0,0,0,5,5,5,no,,bank0:0xEFDC=call_ef17_then_copy_0f80_to_0fb1 [copy]; bank0:0xEFF0=store_dptr_byte_to_0fb2_copy_0f82 [copy]; bank0:0xF002=FUN_CODE_f002; bank0:0xF012=store_16bit_sum_to_0a43_0a44 [math]; bank0:0xF022=rotate_16bit_pair_and_range_check_0fc3 [logic],ke96d2e265d5d
0x0A46,main-ec,DAT_EXTMEM,0x0A43-0x0A5C,main-ec-008,20,10,5,5,0,0,5,5,5,no,,bank0:0xEFDC=call_ef17_then_copy_0f80_to_0fb1 [copy]; bank0:0xEFF0=store_dptr_byte_to_0fb2_copy_0f82 [copy]; bank0:0xF002=FUN_CODE_f002; bank0:0xF012=store_16bit_sum_to_0a43_0a44 [math]; bank0:0xF022=rotate_16bit_pair_and_range_check_0fc3 [logic],ke96d2e265d5d
0x0A47,main-ec,DAT_EXTMEM,0x0A43-0x0A5C,main-ec-179,129,56,45,4,19,5,29,31,45,no,,bank0:0x9277=FUN_CODE_9277; bank0:0x9334=seed_tcc_defaults_from_ba36 [init]; bank0:0x9D9B=compute_level_blocks_086b_086c_086e [math]; bank0:0xA139=FUN_CODE_a139; bank0:0xA1A8=set_state_bytes_then_0xa1c8 [writer]; bank0:0xA1C8=select_code_table_entry_and_store_0872_087a_088a [dispatch]; bank0:0xADA3=write_0a47_from_r7 [writer]; bank0:0xADAE=dispatch_on_0a47 [dispatch]; bank0:0xB12C=manual_ctrl_profile_gate [gate]; bank0:0xB158=charge_target_update [charge-target]; bank0:0xB1F0=charge_stress_update [charge-target]; bank0:0xB35E=charge_target_minus_r3_times_0a47 [math]; bank0:0xB5D3=FUN_CODE_b5d3; bank0:0xB737=FUN_CODE_b737; bank0:0xB83B=FUN_CODE_b83b; bank0:0xBC4F=fan_table_base_offset_helper [math]; bank0:0xBC7B=load_dptr_0a47_then_nothing [unresolved]; bank0:0xBCCB=store_be16_of_08e6_and_arg_to_0a47 [writer]; bank0:0xBE73=write_a_then_zero_at_0a47_0a48 [writer]; bank0:0xDF78=scale_r7_by_8_then_set_09c1_09c3 [math]; bank0:0xEADA=FUN_CODE_eada; common:0x0A7F=FUN_CODE_0a7f; common:0x223F=FUN_CODE_223f; common:0x2275=FUN_CODE_2275; common:0x2290=FUN_CODE_2290; common:0x22EF=FUN_CODE_22ef; common:0x27E3=FUN_CODE_27e3; common:0x2802=FUN_CODE_2802; common:0x2D8F=FUN_CODE_2d8f; common:0x2E02=FUN_CODE_2e02; common:0x2F85=FUN_CODE_2f85; common:0x3042=FUN_CODE_3042; common:0x3459=FUN_CODE_3459; common:0x34C6=FUN_CODE_34c6; common:0x3555=FUN_CODE_3555; common:0x3578=thunk_FUN_CODE_3459; common:0x3C00=FUN_CODE_3c00; common:0x3C2F=FUN_CODE_3c2f; common:0x3FA7=FUN_CODE_3fa7; common:0x4002=FUN_CODE_4002; common:0x4016=FUN_CODE_4016; common:0x4060=FUN_CODE_4060; common:0x4064=FUN_CODE_4064; common:0x412E=FUN_CODE_412e; common:0x4376=FUN_CODE_4376,kc3907bfd63c9
0x0A48,main-ec,DAT_EXTMEM,0x0A43-0x0A5C,main-ec-186,72,22,39,2,7,2,17,20,35,no,,bank0:0x9277=FUN_CODE_9277; bank0:0x9334=seed_tcc_defaults_from_ba36 [init]; bank0:0xA139=FUN_CODE_a139; bank0:0xA1A8=set_state_bytes_then_0xa1c8 [writer]; bank0:0xA1C8=select_code_table_entry_and_store_0872_087a_088a [dispatch]; bank0:0xAEC0=build_0795_0799_then_set_08ec [state]; bank0:0xAF8A=init_0a48_and_0a59_blocks [init]; bank0:0xAFCE=copy_0a4b_0a4c_to_079b_079c [copy]; bank0:0xAFF2=call_445e_40_88_then_load_0a49 [forwarder]; bank0:0xB12C=manual_ctrl_profile_gate [gate]; bank0:0xB158=charge_target_update [charge-target]; bank0:0xB1F0=charge_stress_update [charge-target]; bank0:0xB5D3=FUN_CODE_b5d3; bank0:0xB737=FUN_CODE_b737; bank0:0xB83B=FUN_CODE_b83b; bank0:0xB990=read_dptr_byte_then_set_dptr_0792 [unresolved]; bank0:0xB994=store_a_to_dptr_b994 [writer]; bank0:0xB995=load_r3_r7_from_0a48_0a49 [reader]; bank0:0xBBFE=init_0a48_to_40 [writer]; bank0:0xBC4F=fan_table_base_offset_helper [math]; bank0:0xBCCB=store_be16_of_08e6_and_arg_to_0a47 [writer]; bank0:0xBE73=write_a_then_zero_at_0a47_0a48 [writer]; bank0:0xBEFE=read_be16_0a48 [reader]; bank0:0xEADA=FUN_CODE_eada; bank0:0xED74=write_0a59_block_then_445e [writer]; common:0x0ADC=FUN_CODE_0adc; common:0x2444=FUN_CODE_2444; common:0x271A=FUN_CODE_271a; common:0x3FA7=FUN_CODE_3fa7; common:0x4002=FUN_CODE_4002; common:0x4016=FUN_CODE_4016; common:0x4060=FUN_CODE_4060; common:0x4064=FUN_CODE_4064; common:0x412E=FUN_CODE_412e; common:0x4361=FUN_CODE_4361,kd86d271af69a
0x0A49,main-ec,DAT_EXTMEM,0x0A43-0x0A5C,main-ec-182,95,37,25,3,30,0,22,17,33,no,,bank0:0x2BD5=event_id_latch_and_bit_merge [dispatch]; bank0:0x8399=FUN_CODE_8399; bank0:0x9334=seed_tcc_defaults_from_ba36 [init]; bank0:0x93FE=load_r7_into_a [reader]; bank0:0x93FF=select_table_byte_against_044f [logic]; bank0:0x9A0E=mul_div_08ea_then_sub_044b_selected [math]; bank0:0xA139=FUN_CODE_a139; bank0:0xA1A8=set_state_bytes_then_0xa1c8 [writer]; bank0:0xA1C8=select_code_table_entry_and_store_0872_087a_088a [dispatch]; bank0:0xAF8A=init_0a48_and_0a59_blocks [init]; bank0:0xB12C=manual_ctrl_profile_gate [gate]; bank0:0xB158=charge_target_update [charge-target]; bank0:0xB1F0=charge_stress_update [charge-target]; bank0:0xBB31=sub_dptr_byte_from_0a4a [math]; bank0:0xBB39=sub_low_byte_0a49 [math]; bank0:0xBBFE=init_0a48_to_40 [writer]; bank0:0xBDDA=store_code_byte_to_0a49_0a4a [copy]; bank0:0xDE83=stage_0a49_pair_then_30xx_block [unresolved]; bank0:0xEC59=store_r7_to_0a4c_and_branch_on_1_or_2 [state]; bank0:0xED47=gate_a4b_eq_9 [gate]; bank0:0xED52=write_1c41_12_copy_0a49_0a4a_clear_1601_bit4 [writer]; bank1:0x2BD5=FUN_CODE_2bd5; bank1:0x2C70=match_0a49_loop_tail [dispatch]; common:0x0937=FUN_CODE_0937; common:0x0ADC=FUN_CODE_0adc; common:0x1059=FUN_CODE_1059; common:0x221F=FUN_CODE_221f; common:0x2444=FUN_CODE_2444; common:0x2CB4=FUN_CODE_2cb4; common:0x2D85=FUN_CODE_2d85; common:0x3C0A=read_0a49_then_index_iram_by_plus_97 [reader]; common:0x3FA7=FUN_CODE_3fa7; common:0x412E=FUN_CODE_412e,k5ae38ed49d31
0x0A4A,main-ec,DAT_EXTMEM,0x0A43-0x0A5C,main-ec-183,82,44,26,5,5,2,25,21,32,no,,bank0:0x8399=FUN_CODE_8399; bank0:0x9334=seed_tcc_defaults_from_ba36 [init]; bank0:0x93FE=load_r7_into_a [reader]; bank0:0x93FF=select_table_byte_against_044f [logic]; bank0:0x948D=code_byte_to_0a4a_then_push_r7 [copy]; bank0:0x9A0E=mul_div_08ea_then_sub_044b_selected [math]; bank0:0xA00E=seed_0872_087a_088a_then_select_level [state]; bank0:0xA139=FUN_CODE_a139; bank0:0xA663=gate_0767_06e6_0741_then_dispatch_076f [dispatch]; bank0:0xADA3=write_0a47_from_r7 [writer]; bank0:0xAF27=fill_0790_0791_0793_via_calls [state]; bank0:0xAF72=set_08ec_bit5_clear_bit1 [writer]; bank0:0xAF7D=decrement_0a4a_then_redispatch [state]; bank0:0xB12C=manual_ctrl_profile_gate [gate]; bank0:0xB158=charge_target_update [charge-target]; bank0:0xB1F0=charge_stress_update [charge-target]; bank0:0xBB31=sub_dptr_byte_from_0a4a [math]; bank0:0xBDDA=store_code_byte_to_0a49_0a4a [copy]; bank0:0xBEF0=read_0a4a_minus_carry [reader]; bank0:0xDE83=stage_0a49_pair_then_30xx_block [unresolved]; bank0:0xEC59=store_r7_to_0a4c_and_branch_on_1_or_2 [state]; bank0:0xED47=gate_a4b_eq_9 [gate]; bank0:0xED52=write_1c41_12_copy_0a49_0a4a_clear_1601_bit4 [writer]; bank0:0xF12F=load_r6_r7_from_0a49 [reader]; common:0x1059=FUN_CODE_1059; common:0x2444=FUN_CODE_2444; common:0x26CB=FUN_CODE_26cb; common:0x271A=FUN_CODE_271a; common:0x2CB4=FUN_CODE_2cb4; common:0x2D7A=FUN_CODE_2d7a; common:0x3FA7=FUN_CODE_3fa7; common:0x412E=FUN_CODE_412e,k3f714ea790f8
0x0A4B,main-ec,DAT_EXTMEM,0x0A43-0x0A5C,main-ec-181,96,58,25,1,12,0,26,17,35,no,,bank0:0x541D=stage_009b_block_dispatch_51c8 [dispatch]; bank0:0x8749=mode_tick_084c_07a5_09ee [state]; bank0:0x888D=fan_table_mailbox_handler [dispatch]; bank0:0xA00E=seed_0872_087a_088a_then_select_level [state]; bank0:0xA139=FUN_CODE_a139; bank0:0xA663=gate_0767_06e6_0741_then_dispatch_076f [dispatch]; bank0:0xADA3=write_0a47_from_r7 [writer]; bank0:0xADAE=dispatch_on_0a47 [dispatch]; bank0:0xAF27=fill_0790_0791_0793_via_calls [state]; bank0:0xAF8A=init_0a48_and_0a59_blocks [init]; bank0:0xAFCE=copy_0a4b_0a4c_to_079b_079c [copy]; bank0:0xB008=read_0a4b_after_call_445e_0c [reader]; bank0:0xB012=read_0a4b_after_call_445e_08 [reader]; bank0:0xB01C=read_0a4b_after_call_445e_0c_b01c [reader]; bank0:0xB038=read_0a4b_after_call_445e_0c_b038 [reader]; bank0:0xB12C=manual_ctrl_profile_gate [gate]; bank0:0xB158=charge_target_update [charge-target]; bank0:0xB1F0=charge_stress_update [charge-target]; bank0:0xBA4F=index_code_by_r7_at_0a49_and_0a4b [reader]; bank0:0xBBFE=init_0a48_to_40 [writer]; bank0:0xBC06=set_0a49_to_1_and_clear_0a4b [writer]; bank0:0xEADA=FUN_CODE_eada; bank0:0xEBD5=dispatch_on_0a4b_via_7151 [dispatch]; bank0:0xEC59=store_r7_to_0a4c_and_branch_on_1_or_2 [state]; bank0:0xED47=gate_a4b_eq_9 [gate]; common:0x1BF3=FUN_CODE_1bf3; common:0x1C00=FUN_CODE_1c00; common:0x1C14=FUN_CODE_1c14; common:0x1C3E=FUN_CODE_1c3e; common:0x2444=FUN_CODE_2444; common:0x3FA7=FUN_CODE_3fa7; common:0x4002=FUN_CODE_4002; common:0x4016=FUN_CODE_4016; common:0x4060=FUN_CODE_4060; common:0x4064=FUN_CODE_4064,k806f274293ad
0x0A4C,main-ec,DAT_EXTMEM,0x0A43-0x0A5C,main-ec-185,73,38,18,0,17,0,14,11,25,no,,bank0:0x8749=mode_tick_084c_07a5_09ee [state]; bank0:0x888D=fan_table_mailbox_handler [dispatch]; bank0:0xA139=FUN_CODE_a139; bank0:0xADA3=write_0a47_from_r7 [writer]; bank0:0xADAE=dispatch_on_0a47 [dispatch]; bank0:0xAE87=build_0791_0793_0794_then_branch [state]; bank0:0xAEC0=build_0795_0799_then_set_08ec [state]; bank0:0xAFCE=copy_0a4b_0a4c_to_079b_079c [copy]; bank0:0xB12C=manual_ctrl_profile_gate [gate]; bank0:0xB158=charge_target_update [charge-target]; bank0:0xB1F0=charge_stress_update [charge-target]; bank0:0xBA4F=index_code_by_r7_at_0a49_and_0a4b [reader]; bank0:0xEC59=store_r7_to_0a4c_and_branch_on_1_or_2 [state]; common:0x0A39=FUN_CODE_0a39; common:0x1BF3=FUN_CODE_1bf3; common:0x1C00=FUN_CODE_1c00; common:0x1C14=FUN_CODE_1c14; common:0x1C3E=FUN_CODE_1c3e; common:0x24D1=FUN_CODE_24d1; common:0x24FE=FUN_CODE_24fe; common:0x258B=FUN_CODE_258b; common:0x28D1=FUN_CODE_28d1; common:0x2E9C=FUN_CODE_2e9c; common:0x30FB=FUN_CODE_30fb; common:0x311D=FUN_CODE_311d,kcf661a5f8d86
0x0A4D,main-ec,DAT_EXTMEM,0x0A43-0x0A5C,main-ec-071,120,74,27,8,7,4,25,20,31,no,,bank0:0x703A=thunk_FUN_CODE_e722; bank0:0xA139=FUN_CODE_a139; bank0:0xB12C=manual_ctrl_profile_gate [gate]; bank0:0xB158=charge_target_update [charge-target]; bank0:0xB1F0=charge_stress_update [charge-target]; bank0:0xE4B9=init_0a4d_block_and_count [state]; bank0:0xE570=probe_c0_c1_expect_88_51_or_53 [gate]; bank0:0xE5BE=write_ff_f8_a5_5a_and_retry [writer]; bank0:0xE5F3=write_ff_f8_00_and_retry [writer]; bank0:0xE670=gate_poll_0f80_bit4 [gate]; bank0:0xE6B1=init_args_then_e51e_e4fe_16 [state]; bank0:0xE6F4=FUN_CODE_e6f4; bank0:0xE722=FUN_CODE_e722; bank0:0xE7CA=init_0a50_2_then_start_0x13_block [state]; bank0:0xE822=FUN_CODE_e822; bank0:0xEF12=ajmp_0xe822 [forwarder]; common:0x1BF3=FUN_CODE_1bf3; common:0x1C00=FUN_CODE_1c00; common:0x1C14=FUN_CODE_1c14; common:0x1C3E=FUN_CODE_1c3e; common:0x24D1=FUN_CODE_24d1; common:0x24FE=FUN_CODE_24fe; common:0x258B=FUN_CODE_258b; common:0x28D1=FUN_CODE_28d1; common:0x2E9C=FUN_CODE_2e9c; common:0x30FB=FUN_CODE_30fb; common:0x311D=FUN_CODE_311d; common:0x322C=FUN_CODE_322c; common:0x3239=FUN_CODE_3239; common:0x3255=FUN_CODE_3255; common:0x3C18=FUN_CODE_3c18,k1c0d89d36106
0x0A4E,main-ec,DAT_EXTMEM,0x0A43-0x0A5C,main-ec-071,54,31,12,1,8,2,17,11,20,no,,bank0:0x703A=thunk_FUN_CODE_e722; bank0:0xB12C=manual_ctrl_profile_gate [gate]; bank0:0xB158=charge_target_update [charge-target]; bank0:0xB1F0=charge_stress_update [charge-target]; bank0:0xBF08=sub_0a4e_against_4d_with_borrow [math]; bank0:0xE4B9=init_0a4d_block_and_count [state]; bank0:0xE6B1=init_args_then_e51e_e4fe_16 [state]; bank0:0xE6F4=FUN_CODE_e6f4; bank0:0xE722=FUN_CODE_e722; bank0:0xE7CA=init_0a50_2_then_start_0x13_block [state]; bank0:0xE822=FUN_CODE_e822; bank0:0xEF12=ajmp_0xe822 [forwarder]; common:0x1BF3=FUN_CODE_1bf3; common:0x1C00=FUN_CODE_1c00; common:0x1C14=FUN_CODE_1c14; common:0x258B=FUN_CODE_258b; common:0x2E9C=FUN_CODE_2e9c; common:0x30FB=FUN_CODE_30fb; common:0x311D=FUN_CODE_311d; common:0x3BE4=FUN_CODE_3be4,k1c0d89d36106
0x0A4F,main-ec,DAT_EXTMEM,0x0A43-0x0A5C,main-ec-071,40,23,10,0,2,5,16,8,18,no,,bank0:0x703A=thunk_FUN_CODE_e722; bank0:0xB12C=manual_ctrl_profile_gate [gate]; bank0:0xB158=charge_target_update [charge-target]; bank0:0xB1F0=charge_stress_update [charge-target]; bank0:0xE4B9=init_0a4d_block_and_count [state]; bank0:0xE570=probe_c0_c1_expect_88_51_or_53 [gate]; bank0:0xE6B1=init_args_then_e51e_e4fe_16 [state]; bank0:0xE6F4=FUN_CODE_e6f4; bank0:0xE722=FUN_CODE_e722; bank0:0xE7CA=init_0a50_2_then_start_0x13_block [state]; bank0:0xE822=FUN_CODE_e822; bank0:0xEF12=ajmp_0xe822 [forwarder]; common:0x1BF3=FUN_CODE_1bf3; common:0x1C00=FUN_CODE_1c00; common:0x1C14=FUN_CODE_1c14; common:0x2E9C=FUN_CODE_2e9c; common:0x2F1D=FUN_CODE_2f1d; common:0x3B1D=FUN_CODE_3b1d,k1c0d89d36106
0x0A50,main-ec,DAT_EXTMEM,0x0A43-0x0A5C,main-ec-105,72,42,16,0,13,1,19,14,26,no,,bank0:0x703A=thunk_FUN_CODE_e722; bank0:0x8653=seed_fan_table_base [init]; bank0:0x94D0=copy_code_table_into_0730_07a7 [copy]; bank0:0x95DD=fill_08xx_from_code_table [copy]; bank0:0x96AD=apply_oem_overrides_then_fill_08xx [copy]; bank0:0x98FB=set_0985_bit4 [writer]; bank0:0x9902=clamp_08ac_up_to_08bb [math]; bank0:0x9917=dispatch_on_0a50 [dispatch]; bank0:0xB12C=manual_ctrl_profile_gate [gate]; bank0:0xB158=charge_target_update [charge-target]; bank0:0xB1F0=charge_stress_update [charge-target]; bank0:0xB35E=charge_target_minus_r3_times_0a47 [math]; bank0:0xE389=load_0434_0438_pairs_mul16_and_tailcall [math]; bank0:0xE6B1=init_args_then_e51e_e4fe_16 [state]; bank0:0xE6F4=FUN_CODE_e6f4; bank0:0xE722=FUN_CODE_e722; bank0:0xE7BB=FUN_CODE_e7bb; bank0:0xE7CA=init_0a50_2_then_start_0x13_block [state]; bank0:0xE822=FUN_CODE_e822; bank0:0xEF12=ajmp_0xe822 [forwarder]; common:0x1BF3=FUN_CODE_1bf3; common:0x1C00=FUN_CODE_1c00; common:0x1C14=FUN_CODE_1c14; common:0x1C3E=FUN_CODE_1c3e; common:0x2F1D=FUN_CODE_2f1d; common:0x3A0D=FUN_CODE_3a0d,ke85c8266e9ee
0x0A51,main-ec,DAT_EXTMEM,0x0A43-0x0A5C,main-ec-105,93,60,15,11,7,0,16,13,18,no,,bank0:0x703A=thunk_FUN_CODE_e722; bank0:0x8653=seed_fan_table_base [init]; bank0:0x94D0=copy_code_table_into_0730_07a7 [copy]; bank0:0xB12C=manual_ctrl_profile_gate [gate]; bank0:0xB158=charge_target_update [charge-target]; bank0:0xB1F0=charge_stress_update [charge-target]; bank0:0xB35E=charge_target_minus_r3_times_0a47 [math]; bank0:0xE389=load_0434_0438_pairs_mul16_and_tailcall [math]; bank0:0xE6B1=init_args_then_e51e_e4fe_16 [state]; bank0:0xE6F4=FUN_CODE_e6f4; bank0:0xE722=FUN_CODE_e722; bank0:0xE7CA=init_0a50_2_then_start_0x13_block [state]; bank0:0xE822=FUN_CODE_e822; bank0:0xEF12=ajmp_0xe822 [forwarder]; bank0:0xF17E=read_0a51_with_r7_from_0a4e [reader]; common:0x1CD2=FUN_CODE_1cd2; common:0x1D20=FUN_CODE_1d20; common:0x2F1D=FUN_CODE_2f1d,ke85c8266e9ee
0x0A52,main-ec,DAT_EXTMEM,0x0A43-0x0A5C,main-ec-199,29,11,15,1,1,1,10,6,13,no,,bank0:0x94D0=copy_code_table_into_0730_07a7 [copy]; bank0:0xB935=movc_lookup_set_dptr_08c1 [reader]; bank0:0xB939=store_a_to_dptr_b939 [writer]; bank0:0xB93A=set_dptr_0a51_b93a [unresolved]; bank0:0xB983=store_a_to_dptr_b983 [writer]; bank0:0xB984=set_dptr_0a51_b984 [unresolved]; bank0:0xBA6F=store_code_byte_to_08c5 [copy]; bank0:0xBA74=load_dptr_0a51 [unresolved]; bank0:0xE389=load_0434_0438_pairs_mul16_and_tailcall [math]; bank0:0xE453=copy_bytes_between_two_16bit_bases [copy]; common:0x1CD2=FUN_CODE_1cd2; common:0x1D20=FUN_CODE_1d20; common:0x2F1D=FUN_CODE_2f1d,k2c99d5350c0a
0x0A53,main-ec,DAT_EXTMEM,0x0A43-0x0A5C,main-ec-107,32,13,18,1,0,0,10,13,15,no,,bank0:0x95DD=fill_08xx_from_code_table [copy]; bank0:0x96AD=apply_oem_overrides_then_fill_08xx [copy]; bank0:0x98FB=set_0985_bit4 [writer]; bank0:0x9902=clamp_08ac_up_to_08bb [math]; bank0:0x9917=dispatch_on_0a50 [dispatch]; bank0:0x99A7=clamp_0a53_0a54_down_to_08c4_08c5 [math]; bank0:0xBC26=copy_0a53_to_0873_and_0a54_to_087b [copy]; bank0:0xE389=load_0434_0438_pairs_mul16_and_tailcall [math]; bank0:0xE3D0=write_103f_through_0a56_pointer [writer]; bank0:0xE453=copy_bytes_between_two_16bit_bases [copy]; bank0:0xE4B9=init_0a4d_block_and_count [state]; bank0:0xEADA=FUN_CODE_eada; common:0x1CD2=FUN_CODE_1cd2; common:0x1D20=FUN_CODE_1d20; common:0x220A=FUN_CODE_220a,ke67778048503
0x0A54,main-ec,DAT_EXTMEM,0x0A43-0x0A5C,main-ec-107,45,24,17,0,3,1,11,11,16,no,,bank0:0x4777=stage_0a54_0a55_then_dispatch [state]; bank0:0x95DD=fill_08xx_from_code_table [copy]; bank0:0x96AD=apply_oem_overrides_then_fill_08xx [copy]; bank0:0x98FB=set_0985_bit4 [writer]; bank0:0x9902=clamp_08ac_up_to_08bb [math]; bank0:0x9917=dispatch_on_0a50 [dispatch]; bank0:0x99A7=clamp_0a53_0a54_down_to_08c4_08c5 [math]; bank0:0xBC26=copy_0a53_to_0873_and_0a54_to_087b [copy]; bank0:0xE3D0=write_103f_through_0a56_pointer [writer]; bank0:0xE453=copy_bytes_between_two_16bit_bases [copy]; bank0:0xE4B9=init_0a4d_block_and_count [state]; bank0:0xEADA=FUN_CODE_eada; bank1:0x4874=inc_0a54_then_0a58_sequence [writer]; common:0x1AC2=FUN_CODE_1ac2; common:0x1BA4=FUN_CODE_1ba4; common:0x2002=FUN_CODE_2002,ke67778048503
0x0A55,main-ec,DAT_EXTMEM,0x0A43-0x0A5C,main-ec-240,10,4,5,0,0,1,3,5,7,no,,bank0:0x4777=stage_0a54_0a55_then_dispatch [state]; bank0:0xE3D0=write_103f_through_0a56_pointer [writer]; bank0:0xE453=copy_bytes_between_two_16bit_bases [copy]; bank0:0xE4B9=init_0a4d_block_and_count [state]; bank0:0xEADA=FUN_CODE_eada; common:0x1AC2=FUN_CODE_1ac2; common:0x2002=FUN_CODE_2002,k0e0a60f31769
0x0A56,main-ec,DAT_EXTMEM,0x0A43-0x0A5C,main-ec-032,108,30,40,3,21,14,11,37,43,no,,bank0:0x0EA2=timer1_counted_delay_using_0a56 [delay]; bank0:0x445E=stage_and_commit_0a56_block [state]; bank0:0x8294=FUN_CODE_8294; bank0:0xB40C=zero_xdata_block_ptr_r6r7_count_r4r5 [writer]; bank0:0xB9DF=copy_x1918_to_x0a57 [copy]; bank0:0xB9EA=read_1919_byte_set_dptr_0a56 [unresolved]; bank0:0xBA81=copy_code_pair_63f0_to_xdata_at_2r7_offset [copy]; bank0:0xCA53=tick_06ea_against_period_in_0a56 [math]; bank0:0xE3D0=write_103f_through_0a56_pointer [writer]; bank0:0xE453=copy_bytes_between_two_16bit_bases [copy]; bank0:0xE4B9=init_0a4d_block_and_count [state]; bank0:0xE4F0=jump_to_f0a3 [forwarder]; bank0:0xEADA=FUN_CODE_eada; bank0:0xF078=store_a_0_1_zeros_at_dptr_plus1 [writer]; bank0:0xF079=store_a_0_1_zeros_at_dptr [writer]; bank0:0xF07E=store_a_plus1_then_five_zeros [unresolved]; bank0:0xF07F=store_a_then_five_zeros [writer]; bank0:0xF080=store_five_zeros_at_dptr_plus1 [unresolved]; bank0:0xF081=store_a_five_times [writer]; bank0:0xF083=store_a_four_times [writer]; bank0:0xF089=store_a_once_at_dptr_plus1 [unresolved]; bank0:0xF08B=set_0a56_to_0f_60_00_00_00 [writer]; bank0:0xF09F=set_0f60_84_and_0a56_block [writer]; bank0:0xF0A1=FUN_CODE_f0a1; bank0:0xF0A3=gate_on_a_then_set_0a56_block [gate]; bank0:0xF0C4=clear_0f60_61_and_set_0a56_block [writer]; bank0:0xF0C8=store_a_twice_at_dptr [writer]; bank0:0xF0CA=store_a_read_0fa0_then_set_0a56_block [writer]; bank0:0xF0ED=set_0f60_88_and_0a56_0f_60 [writer]; bank0:0xF0EF=store_a_to_0f60_and_set_0a56 [unresolved]; bank0:0xF0F3=set_0a56_to_0f_60 [writer]; bank0:0xF493=store_bd_to_0f60_then_0a56_0a57 [writer]; bank0:0xF495=set_dptr_0f60_then_store_a [writer]; bank0:0xF498=store_a_at_dptr [writer]; bank0:0xF499=write_0f_60_to_0a56_0a57 [writer]; common:0x1AC2=FUN_CODE_1ac2; common:0x1BA4=FUN_CODE_1ba4; common:0x1E1A=FUN_CODE_1e1a; common:0x1E6E=FUN_CODE_1e6e; common:0x1E7F=FUN_CODE_1e7f; common:0x451A=FUN_CODE_451a; common:0x4602=FUN_CODE_4602; common:0x4B0F=FUN_CODE_4b0f,k07947f325d97
0x0A57,main-ec,DAT_EXTMEM,0x0A43-0x0A5C,main-ec-032,56,18,35,1,0,2,10,35,41,no,,bank0:0x445E=stage_and_commit_0a56_block [state]; bank0:0xB40C=zero_xdata_block_ptr_r6r7_count_r4r5 [writer]; bank0:0xB9DF=copy_x1918_to_x0a57 [copy]; bank0:0xB9EA=read_1919_byte_set_dptr_0a56 [unresolved]; bank0:0xBA81=copy_code_pair_63f0_to_xdata_at_2r7_offset [copy]; bank0:0xBDAE=copy_x1907_to_x0a57 [copy]; bank0:0xBDBA=copy_x190a_to_x0a57 [copy]; bank0:0xBDC6=copy_x190d_to_x0a57 [copy]; bank0:0xCA53=tick_06ea_against_period_in_0a56 [math]; bank0:0xE3D0=write_103f_through_0a56_pointer [writer]; bank0:0xE453=copy_bytes_between_two_16bit_bases [copy]; bank0:0xE4B9=init_0a4d_block_and_count [state]; bank0:0xE4F0=jump_to_f0a3 [forwarder]; bank0:0xEADA=FUN_CODE_eada; bank0:0xF078=store_a_0_1_zeros_at_dptr_plus1 [writer]; bank0:0xF079=store_a_0_1_zeros_at_dptr [writer]; bank0:0xF07E=store_a_plus1_then_five_zeros [unresolved]; bank0:0xF07F=store_a_then_five_zeros [writer]; bank0:0xF080=store_five_zeros_at_dptr_plus1 [unresolved]; bank0:0xF081=store_a_five_times [writer]; bank0:0xF083=store_a_four_times [writer]; bank0:0xF089=store_a_once_at_dptr_plus1 [unresolved]; bank0:0xF08B=set_0a56_to_0f_60_00_00_00 [writer]; bank0:0xF09F=set_0f60_84_and_0a56_block [writer]; bank0:0xF0A1=FUN_CODE_f0a1; bank0:0xF0A3=gate_on_a_then_set_0a56_block [gate]; bank0:0xF0C4=clear_0f60_61_and_set_0a56_block [writer]; bank0:0xF0C8=store_a_twice_at_dptr [writer]; bank0:0xF0CA=store_a_read_0fa0_then_set_0a56_block [writer]; bank0:0xF0ED=set_0f60_88_and_0a56_0f_60 [writer]; bank0:0xF0EF=store_a_to_0f60_and_set_0a56 [unresolved]; bank0:0xF0F3=set_0a56_to_0f_60 [writer]; bank0:0xF493=store_bd_to_0f60_then_0a56_0a57 [writer]; bank0:0xF495=set_dptr_0f60_then_store_a [writer]; bank0:0xF498=store_a_at_dptr [writer]; bank0:0xF499=write_0f_60_to_0a56_0a57 [writer]; common:0x1AC2=FUN_CODE_1ac2; common:0x1E6E=FUN_CODE_1e6e; common:0x1E7F=FUN_CODE_1e7f; common:0x2211=FUN_CODE_2211; common:0x451A=FUN_CODE_451a,k07947f325d97
0x0A58,main-ec,DAT_EXTMEM,0x0A43-0x0A5C,main-ec-032,46,17,26,0,1,2,9,25,29,no,,bank0:0x445E=stage_and_commit_0a56_block [state]; bank0:0x8294=FUN_CODE_8294; bank0:0xB40C=zero_xdata_block_ptr_r6r7_count_r4r5 [writer]; bank0:0xB965=add_r6_r7_to_0a58_pair_then_halve [math]; bank0:0xE3D0=write_103f_through_0a56_pointer [writer]; bank0:0xE453=copy_bytes_between_two_16bit_bases [copy]; bank0:0xE4F0=jump_to_f0a3 [forwarder]; bank0:0xF078=store_a_0_1_zeros_at_dptr_plus1 [writer]; bank0:0xF079=store_a_0_1_zeros_at_dptr [writer]; bank0:0xF07E=store_a_plus1_then_five_zeros [unresolved]; bank0:0xF07F=store_a_then_five_zeros [writer]; bank0:0xF080=store_five_zeros_at_dptr_plus1 [unresolved]; bank0:0xF081=store_a_five_times [writer]; bank0:0xF083=store_a_four_times [writer]; bank0:0xF089=store_a_once_at_dptr_plus1 [unresolved]; bank0:0xF08B=set_0a56_to_0f_60_00_00_00 [writer]; bank0:0xF09F=set_0f60_84_and_0a56_block [writer]; bank0:0xF0A1=FUN_CODE_f0a1; bank0:0xF0A3=gate_on_a_then_set_0a56_block [gate]; bank0:0xF0C4=clear_0f60_61_and_set_0a56_block [writer]; bank0:0xF0C8=store_a_twice_at_dptr [writer]; bank0:0xF0CA=store_a_read_0fa0_then_set_0a56_block [writer]; bank0:0xF138=copy_0f81_to_0a58 [copy]; bank1:0x4874=inc_0a54_then_0a58_sequence [writer]; common:0x1AC2=FUN_CODE_1ac2; common:0x1E6E=FUN_CODE_1e6e; common:0x1E7F=FUN_CODE_1e7f; common:0x451A=FUN_CODE_451a; common:0x4825=FUN_CODE_4825,k07947f325d97
0x0A59,main-ec,DAT_EXTMEM,0x0A43-0x0A5C,main-ec-032,68,21,43,1,2,1,16,40,43,no,,bank0:0x445E=stage_and_commit_0a56_block [state]; bank0:0x537F=stage_0094_block_dispatch_4d96 [dispatch]; bank0:0x8048=unresolved_midstream_bytes [unresolved]; bank0:0x8054=index_case_00 [writer]; bank0:0x806C=store_byte_through_0a59_into_0600 [writer]; bank0:0x8094=index_case_01 [writer]; bank0:0x80D7=index_case_02 [writer]; bank0:0x811A=index_case_03 [writer]; bank0:0x815D=index_case_04 [writer]; bank0:0x819D=index_case_05 [writer]; bank0:0x81DF=index_case_06 [writer]; bank0:0x8294=FUN_CODE_8294; bank0:0x8F20=state_0817_dispatch [state]; bank0:0xAF8A=init_0a48_and_0a59_blocks [init]; bank0:0xB40C=zero_xdata_block_ptr_r6r7_count_r4r5 [writer]; bank0:0xB947=load_r3_r7_from_0a48_store_a [state]; bank0:0xB955=set_dptr_0a59_b955 [unresolved]; bank0:0xB965=add_r6_r7_to_0a58_pair_then_halve [math]; bank0:0xB9A4=copy_direct_65_66_to_x00c0 [copy]; bank0:0xB9AE=init_0a59_block_from_direct_68 [state]; bank0:0xD6F4=zero_0a59_0a5a_then_call_series [init]; bank0:0xE3D0=write_103f_through_0a56_pointer [writer]; bank0:0xE453=copy_bytes_between_two_16bit_bases [copy]; bank0:0xE4F0=jump_to_f0a3 [forwarder]; bank0:0xEADA=FUN_CODE_eada; bank0:0xED74=write_0a59_block_then_445e [writer]; bank0:0xF078=store_a_0_1_zeros_at_dptr_plus1 [writer]; bank0:0xF079=store_a_0_1_zeros_at_dptr [writer]; bank0:0xF07E=store_a_plus1_then_five_zeros [unresolved]; bank0:0xF07F=store_a_then_five_zeros [writer]; bank0:0xF080=store_five_zeros_at_dptr_plus1 [unresolved]; bank0:0xF081=store_a_five_times [writer]; bank0:0xF083=store_a_four_times [writer]; bank0:0xF089=store_a_once_at_dptr_plus1 [unresolved]; bank0:0xF08B=set_0a56_to_0f_60_00_00_00 [writer]; bank0:0xF09F=set_0f60_84_and_0a56_block [writer]; bank0:0xF0A1=FUN_CODE_f0a1; bank0:0xF0A3=gate_on_a_then_set_0a56_block [gate]; bank0:0xF0C4=clear_0f60_61_and_set_0a56_block [writer]; bank0:0xF0C8=store_a_twice_at_dptr [writer]; bank0:0xF0CA=store_a_read_0fa0_then_set_0a56_block [writer]; common:0x2990=advance_bfe_counter_publish_at_bfd [state]; common:0x451A=FUN_CODE_451a,k07947f325d97
0x0A5A,main-ec,DAT_EXTMEM,0x0A43-0x0A5C,main-ec-032,33,4,28,0,1,0,3,26,28,no,,bank0:0x53AF=stage_009b_block_branch_dispatch [dispatch]; bank0:0x8294=FUN_CODE_8294; bank0:0x8F20=state_0817_dispatch [state]; bank0:0xAF8A=init_0a48_and_0a59_blocks [init]; bank0:0xB40C=zero_xdata_block_ptr_r6r7_count_r4r5 [writer]; bank0:0xB947=load_r3_r7_from_0a48_store_a [state]; bank0:0xB955=set_dptr_0a59_b955 [unresolved]; bank0:0xB9A4=copy_direct_65_66_to_x00c0 [copy]; bank0:0xB9AE=init_0a59_block_from_direct_68 [state]; bank0:0xBDD2=read_x0a59_and_x0a5a [reader]; bank0:0xE4F0=jump_to_f0a3 [forwarder]; bank0:0xEADA=FUN_CODE_eada; bank0:0xED74=write_0a59_block_then_445e [writer]; bank0:0xF078=store_a_0_1_zeros_at_dptr_plus1 [writer]; bank0:0xF079=store_a_0_1_zeros_at_dptr [writer]; bank0:0xF07E=store_a_plus1_then_five_zeros [unresolved]; bank0:0xF07F=store_a_then_five_zeros [writer]; bank0:0xF080=store_five_zeros_at_dptr_plus1 [unresolved]; bank0:0xF081=store_a_five_times [writer]; bank0:0xF083=store_a_four_times [writer]; bank0:0xF089=store_a_once_at_dptr_plus1 [unresolved]; bank0:0xF08B=set_0a56_to_0f_60_00_00_00 [writer]; bank0:0xF09F=set_0f60_84_and_0a56_block [writer]; bank0:0xF0A1=FUN_CODE_f0a1; bank0:0xF0A3=gate_on_a_then_set_0a56_block [gate]; bank0:0xF0C4=clear_0f60_61_and_set_0a56_block [writer]; bank0:0xF0C8=store_a_twice_at_dptr [writer]; bank0:0xF0CA=store_a_read_0fa0_then_set_0a56_block [writer],k07947f325d97
0x0A5B,main-ec,DAT_EXTMEM,0x0A43-0x0A5C,main-ec-112,15,3,12,0,0,0,3,11,12,no,,bank0:0x8F20=state_0817_dispatch [state]; bank0:0xAF8A=init_0a48_and_0a59_blocks [init]; bank0:0xB40C=zero_xdata_block_ptr_r6r7_count_r4r5 [writer]; bank0:0xB947=load_r3_r7_from_0a48_store_a [state]; bank0:0xB955=set_dptr_0a59_b955 [unresolved]; bank0:0xB9A4=copy_direct_65_66_to_x00c0 [copy]; bank0:0xB9AE=init_0a59_block_from_direct_68 [state]; bank0:0xD991=store_r4_r5_into_record_6e65 [writer]; bank0:0xEADA=FUN_CODE_eada; bank0:0xED74=write_0a59_block_then_445e [writer]; common:0x4B44=FUN_CODE_4b44; common:0x4B62=FUN_CODE_4b62,k4241e10efdca
0x0A5C,main-ec,DAT_EXTMEM,0x0A43-0x0A5C,main-ec-112,18,6,10,0,1,1,2,9,11,no,,bank0:0x445E=stage_and_commit_0a56_block [state]; bank0:0x8F20=state_0817_dispatch [state]; bank0:0xAF8A=init_0a48_and_0a59_blocks [init]; bank0:0xB947=load_r3_r7_from_0a48_store_a [state]; bank0:0xB955=set_dptr_0a59_b955 [unresolved]; bank0:0xB9A4=copy_direct_65_66_to_x00c0 [copy]; bank0:0xB9AE=init_0a59_block_from_direct_68 [state]; bank0:0xD991=store_r4_r5_into_record_6e65 [writer]; bank0:0xEADA=FUN_CODE_eada; bank0:0xED74=write_0a59_block_then_445e [writer]; common:0x451A=FUN_CODE_451a,k4241e10efdca
0x0A5E,main-ec,DAT_EXTMEM,0x0A5E-0x0A61,main-ec-078,7,2,5,0,0,0,2,2,2,no,,bank0:0x445E=stage_and_commit_0a56_block [state]; common:0x451A=FUN_CODE_451a,k54f4906213eb
0x0A5F,main-ec,DAT_EXTMEM,0x0A5E-0x0A61,main-ec-078,8,6,2,0,0,0,2,2,2,no,,bank0:0x445E=stage_and_commit_0a56_block [state]; common:0x451A=FUN_CODE_451a,k54f4906213eb
0x0A60,main-ec,DAT_EXTMEM,0x0A5E-0x0A61,main-ec-078,9,3,6,0,0,0,3,3,3,no,,bank0:0x445E=stage_and_commit_0a56_block [state]; common:0x451A=FUN_CODE_451a; common:0x4602=FUN_CODE_4602,k54f4906213eb
0x0A61,main-ec,DAT_EXTMEM,0x0A5E-0x0A61,main-ec-332,2,1,0,1,0,0,1,1,1,yes,,common:0x4397=FUN_CODE_4397,k93a1fc064a22
0x0A69,pd,DAT_EXTMEM,0x0A69-0x0A6C,pd-007,2,0,1,0,1,0,0,1,1,yes,,pd:0xA339=stash_args_dispatch_code_table [dispatch],kb127f75e6ffa
0x0A6A,pd,DAT_EXTMEM,0x0A69-0x0A6C,pd-007,2,0,1,0,1,0,0,1,1,yes,,pd:0xA339=stash_args_dispatch_code_table [dispatch],kb127f75e6ffa
0x0A6B,pd,DAT_EXTMEM,0x0A69-0x0A6C,pd-007,2,0,1,0,1,0,0,1,1,yes,,pd:0xA339=stash_args_dispatch_code_table [dispatch],kb127f75e6ffa
0x0A6C,pd,DAT_EXTMEM,0x0A69-0x0A6C,pd-007,2,0,1,0,1,0,0,1,1,yes,,pd:0xA339=stash_args_dispatch_code_table [dispatch],kb127f75e6ffa
0x0A82,pd,DAT_EXTMEM,0x0A82-0x0A85,pd-010,1,0,1,0,0,0,0,1,1,yes,,pd:0xF4AB=store_4bytes_to_0a82 [writer],kb73d57c9ec56
0x0A83,pd,DAT_EXTMEM,0x0A82-0x0A85,pd-010,1,0,1,0,0,0,0,1,1,yes,,pd:0xF4AB=store_4bytes_to_0a82 [writer],kb73d57c9ec56
0x0A84,pd,DAT_EXTMEM,0x0A82-0x0A85,pd-010,1,0,1,0,0,0,0,1,1,yes,,pd:0xF4AB=store_4bytes_to_0a82 [writer],kb73d57c9ec56
0x0A85,pd,DAT_EXTMEM,0x0A82-0x0A85,pd-010,1,0,1,0,0,0,0,1,1,yes,,pd:0xF4AB=store_4bytes_to_0a82 [writer],kb73d57c9ec56
0x0A8B,pd,DAT_EXTMEM,0x0A8B-0x0A8E,pd-006,10,5,1,0,4,0,3,1,4,no,,pd:0x3506=set_dptr_0a8b [unresolved]; pd:0x3689=read_0a8b_then_tail_10bc [forwarder]; pd:0x7CE0=FUN_CODE_7ce0; pd:0x7E91=reload_0a8b_call_f75c [forwarder],kd83cab4eea40
0x0A8C,pd,DAT_EXTMEM,0x0A8B-0x0A8E,pd-006,6,3,1,0,1,1,1,1,1,yes,,pd:0x7CE0=FUN_CODE_7ce0,kd83cab4eea40
0x0A8D,pd,DAT_EXTMEM,0x0A8B-0x0A8E,pd-006,3,2,1,0,0,0,1,1,1,yes,,pd:0x7CE0=FUN_CODE_7ce0,kd83cab4eea40
0x0A8E,pd,DAT_EXTMEM,0x0A8B-0x0A8E,pd-006,2,1,1,0,0,0,1,1,1,yes,,pd:0x7CE0=FUN_CODE_7ce0,kd83cab4eea40
0x0A93,pd,DAT_EXTMEM,0x0A93-0x0A97,pd-006,4,1,3,0,0,0,1,1,1,yes,,pd:0x7CE0=FUN_CODE_7ce0,kd83cab4eea40
0x0A94,pd,DAT_EXTMEM,0x0A93-0x0A97,pd-011,1,0,1,0,0,0,0,1,1,yes,,pd:0xCCB7=store_0a94_0a97_then_add_0a94_times_60 [math],ka06c092eb42a
0x0A95,pd,DAT_EXTMEM,0x0A93-0x0A97,pd-011,1,0,1,0,0,0,0,1,1,yes,,pd:0xCCB7=store_0a94_0a97_then_add_0a94_times_60 [math],ka06c092eb42a
0x0A96,pd,DAT_EXTMEM,0x0A93-0x0A97,pd-011,1,0,1,0,0,0,0,1,1,yes,,pd:0xCCB7=store_0a94_0a97_then_add_0a94_times_60 [math],ka06c092eb42a
0x0A97,pd,DAT_EXTMEM,0x0A93-0x0A97,pd-011,1,0,1,0,0,0,0,1,1,yes,,pd:0xCCB7=store_0a94_0a97_then_add_0a94_times_60 [math],ka06c092eb42a
0x0ABF,pd,DAT_EXTMEM,0x0ABF-0x0AC0,pd-025,1,0,0,0,1,0,0,0,1,yes,,pd:0xA742=load_dptr_be16_from_0abf [reader],k67100d314e88
0x0AC0,pd,DAT_EXTMEM,0x0ABF-0x0AC0,pd-025,1,0,0,0,1,0,0,0,1,yes,,pd:0xA742=load_dptr_be16_from_0abf [reader],k67100d314e88
0x0AE3,pd,DAT_EXTMEM,0x0AE3-0x0AE4,pd-004,2,0,2,0,0,0,0,2,2,no,,pd:0xD085=decrement_00e2_and_tail_jump_to_d07b [state]; pd:0xF79C=ljmp_d085 [forwarder],k6283efa19b12
0x0AE4,pd,DAT_EXTMEM,0x0AE3-0x0AE4,pd-004,2,0,2,0,0,0,0,2,2,no,,pd:0xD085=decrement_00e2_and_tail_jump_to_d07b [state]; pd:0xF79C=ljmp_d085 [forwarder],k6283efa19b12
0x0AE8,pd,DAT_EXTMEM,0x0AE8-0x0AE8,pd-001,3,1,2,0,0,0,1,2,3,no,,pd:0xA8AE=event_dispatch_ff80_ffe0 [dispatch]; pd:0xAE9C=write_07d1_then_call_chain [logic]; pd:0xDA44=poll_0208_0209_then_spin [logic],kb5652a66acb4
0x0B00,main-ec,DAT_EXTMEM,0x0B00-0x0B00,main-ec-317,3,0,0,0,0,3,0,0,3,no,,bank1:0xA43B=scan_0b00_for_byte_1c [reader]; bank1:0xAAA2=clear_0756_when_1c_found_in_b00_fc [reader]; common:0x2896=clear_iram_6d_7f_then_xdata_b00_bfe [init],kfac877634606
0x0BFD,main-ec,DAT_EXTMEM,0x0BFD-0x0BFF,main-ec-115,12,9,2,1,0,0,6,2,7,no,,common:0x0A04=FUN_CODE_0a04; common:0x0A12=FUN_CODE_0a12; common:0x0D4A=FUN_CODE_0d4a; common:0x27E3=FUN_CODE_27e3; common:0x2896=clear_iram_6d_7f_then_xdata_b00_bfe [init]; common:0x295F=FUN_CODE_295f; common:0x2990=advance_bfe_counter_publish_at_bfd [state],kb54f63965194
0x0BFE,main-ec,DAT_EXTMEM,0x0BFD-0x0BFF,main-ec-115,15,9,3,1,0,2,7,2,8,no,,common:0x0A04=FUN_CODE_0a04; common:0x0A12=FUN_CODE_0a12; common:0x0D4A=FUN_CODE_0d4a; common:0x27E3=FUN_CODE_27e3; common:0x2896=clear_iram_6d_7f_then_xdata_b00_bfe [init]; common:0x295F=FUN_CODE_295f; common:0x2987=FUN_CODE_2987; common:0x2990=advance_bfe_counter_publish_at_bfd [state],kb54f63965194
0x0BFF,main-ec,DAT_EXTMEM,0x0BFD-0x0BFF,main-ec-333,2,1,1,0,0,0,1,1,2,no,,common:0x2987=FUN_CODE_2987; common:0x2990=advance_bfe_counter_publish_at_bfd [state],k049677e4d77b
0x0D04,main-ec,DAT_EXTMEM,0x0D04-0x0D05,main-ec-160,1,1,0,0,0,0,1,0,1,yes,,bank0:0xE149=load_dptr_from_0d04_0d05 [reader],keb3eb181810e
0x0D05,main-ec,DAT_EXTMEM,0x0D04-0x0D05,main-ec-160,2,2,0,0,0,0,1,0,1,yes,,bank0:0xE149=load_dptr_from_0d04_0d05 [reader],keb3eb181810e
0x0D14,main-ec,DAT_EXTMEM,0x0D14-0x0D15,main-ec-207,21,13,5,1,2,0,1,1,1,yes,,bank0:0xAAC6=advance_0d14_state [state],ka0b940731831
0x0D15,main-ec,DAT_EXTMEM,0x0D14-0x0D15,main-ec-001,3,2,1,0,0,0,2,1,3,no,,bank0:0xD9FE=seed_07d3_gfid_and_08xx_defaults [init]; common:0x3459=FUN_CODE_3459; common:0x3578=thunk_FUN_CODE_3459,k7497cf885614
0x0DB0,main-ec,DAT_EXTMEM,0x0DB0-0x0DB2,main-ec-021,9,4,5,0,0,0,1,4,4,no,,common:0x223F=FUN_CODE_223f; common:0x2275=FUN_CODE_2275; common:0x2290=FUN_CODE_2290; common:0x22EF=FUN_CODE_22ef,k2937e8e4fdb0
0x0DB1,main-ec,DAT_EXTMEM,0x0DB0-0x0DB2,main-ec-021,24,8,4,0,5,7,5,3,5,no,,common:0x223F=FUN_CODE_223f; common:0x2275=FUN_CODE_2275; common:0x2290=FUN_CODE_2290; common:0x22EF=FUN_CODE_22ef; common:0x23C9=FUN_CODE_23c9,k2937e8e4fdb0
0x0DB2,main-ec,DAT_EXTMEM,0x0DB0-0x0DB2,main-ec-021,15,8,0,4,0,3,4,4,4,no,,common:0x223F=FUN_CODE_223f; common:0x2275=FUN_CODE_2275; common:0x2290=FUN_CODE_2290; common:0x22EF=FUN_CODE_22ef,k2937e8e4fdb0
0x0E00,main-ec,DAT_EXTMEM,0x0E00-0x0E04,main-ec-368,1,0,0,0,0,1,0,0,1,yes,,common:0x3D76=FUN_CODE_3d76,k9eff4b3a387f
0x0E01,main-ec,DAT_EXTMEM,0x0E00-0x0E04,main-ec-318,3,0,2,0,1,0,0,2,3,no,,bank0:0xF239=gate_06e6_then_dispatch_0e01 [gate]; bank0:0xF424=write_06_to_0e01 [writer]; bank0:0xF42B=clear_0e01 [writer],k1d0551ec03a6
0x0E02,main-ec,DAT_EXTMEM,0x0E00-0x0E04,main-ec-302,4,0,4,0,0,0,0,4,4,no,,bank0:0xF1E9=FUN_CODE_f1e9; bank0:0xF431=write_10_0e_b0_after_dptr_call_4777 [writer]; bank0:0xF467=write_04_0e_a4_after_dptr_call_4777 [writer]; bank0:0xF485=call_4777_store_r7_to_0e02 [writer],k2c2a3ccd861a
0x0E03,main-ec,DAT_EXTMEM,0x0E00-0x0E04,main-ec-303,4,2,1,1,0,0,2,2,2,no,,bank0:0xF1E9=FUN_CODE_f1e9; bank0:0xF4A4=inc_0e03 [writer],k356e97bbd646
0x0E04,main-ec,DAT_EXTMEM,0x0E00-0x0E04,main-ec-319,3,1,2,0,0,0,1,2,2,no,,bank0:0xF1E9=FUN_CODE_f1e9; bank0:0xF239=gate_06e6_then_dispatch_0e01 [gate],k34768f8189fd
0x0E07,main-ec,DAT_EXTMEM,0x0E07-0x0E08,main-ec-170,1,1,0,0,0,0,1,0,1,yes,,bank0:0xF4B3=FUN_CODE_f4b3,k5324df82ad98
0x0E08,main-ec,DAT_EXTMEM,0x0E07-0x0E08,main-ec-170,1,1,0,0,0,0,1,0,1,yes,,bank0:0xF4B3=FUN_CODE_f4b3,k5324df82ad98
0x0EA8,main-ec,DAT_EXTMEM,0x0EA8-0x0EA8,main-ec-152,2,2,0,0,0,0,1,0,1,yes,,bank0:0xF221=gate_on_0x12_update_0xeb8 [gate],ka01f369d385f
0x0EB8,main-ec,DAT_EXTMEM,0x0EB8-0x0EB8,main-ec-152,3,2,0,1,0,0,1,1,1,yes,,bank0:0xF221=gate_on_0x12_update_0xeb8 [gate],ka01f369d385f
0x0F5D,main-ec,DAT_EXTMEM,0x0F5D-0x0F61,main-ec-001,2,2,0,0,0,0,2,0,2,no,,bank0:0x8749=mode_tick_084c_07a5_09ee [state]; bank0:0x888D=fan_table_mailbox_handler [dispatch],k7497cf885614
0x0F5E,main-ec,DAT_EXTMEM,0x0F5D-0x0F61,main-ec-001,2,2,0,0,0,0,2,0,2,no,,bank0:0x8749=mode_tick_084c_07a5_09ee [state]; bank0:0x888D=fan_table_mailbox_handler [dispatch],k7497cf885614
0x0F5F,main-ec,DAT_EXTMEM,0x0F5D-0x0F61,main-ec-001,12,10,0,0,2,0,2,0,2,no,,bank0:0x8749=mode_tick_084c_07a5_09ee [state]; bank0:0x888D=fan_table_mailbox_handler [dispatch],k7497cf885614
0x0F60,main-ec,DAT_EXTMEM,0x0F5D-0x0F61,main-ec-217,17,0,17,0,0,0,0,17,17,no,,bank0:0xE567=call_e4fe_2_clear_0f60_retry [state]; bank0:0xE7CA=init_0a50_2_then_start_0x13_block [state]; bank0:0xE822=FUN_CODE_e822; bank0:0xE896=write_0f60_0f61_then_0x7049 [writer]; bank0:0xE8C4=write_r6_r7_r5_to_0f60_62 [writer]; bank0:0xEF12=ajmp_0xe822 [forwarder]; bank0:0xF09F=set_0f60_84_and_0a56_block [writer]; bank0:0xF0A1=FUN_CODE_f0a1; bank0:0xF0C4=clear_0f60_61_and_set_0a56_block [writer]; bank0:0xF0ED=set_0f60_88_and_0a56_0f_60 [writer]; bank0:0xF0EF=store_a_to_0f60_and_set_0a56 [unresolved]; bank0:0xF121=write_98_to_0f60 [writer]; bank0:0xF151=write_ff_to_0f60 [writer]; bank0:0xF189=write_00_to_0f60 [writer]; bank0:0xF493=store_bd_to_0f60_then_0a56_0a57 [writer]; bank0:0xF495=set_dptr_0f60_then_store_a [writer]; bank0:0xF4C1=store_bc02_0f60_61_set_r6 [writer],k1c67c5e0d93b
0x0F61,main-ec,DAT_EXTMEM,0x0F5D-0x0F61,main-ec-320,3,0,3,0,0,0,0,3,3,no,,bank0:0xE8C4=write_r6_r7_r5_to_0f60_62 [writer]; bank0:0xF0C4=clear_0f60_61_and_set_0a56_block [writer]; bank0:0xF4C1=store_bc02_0f60_61_set_r6 [writer],k15ef7f0cc537
0x0F80,main-ec,DAT_EXTMEM,0x0F80-0x0F83,main-ec-281,6,5,0,0,1,0,5,0,5,no,,bank0:0xE624=gate_04_09_then_0f80_bit1_set [gate]; bank0:0xE64A=gate_05_09_then_0f80_bit1_clear [gate]; bank0:0xE670=gate_poll_0f80_bit4 [gate]; bank0:0xE896=write_0f60_0f61_then_0x7049 [writer]; bank0:0xEFDC=call_ef17_then_copy_0f80_to_0fb1 [copy],kc88e93d644c7
0x0F81,main-ec,DAT_EXTMEM,0x0F80-0x0F83,main-ec-265,7,7,0,0,0,0,6,0,6,no,,bank0:0xEE0F=send_0x12_via_f078_then_chain [logic]; bank0:0xEE4F=write_3_bytes_after_f121_then_chain [writer]; bank0:0xEE96=send_0x07_via_f078_then_chain [logic]; bank0:0xEED6=send_0x10_via_f079_then_chain [logic]; bank0:0xEFDC=call_ef17_then_copy_0f80_to_0fb1 [copy]; bank0:0xF138=copy_0f81_to_0a58 [copy],kd3597ddce07f
0x0F82,main-ec,DAT_EXTMEM,0x0F80-0x0F83,main-ec-008,8,8,0,0,0,0,2,0,2,no,,bank0:0xEFDC=call_ef17_then_copy_0f80_to_0fb1 [copy]; bank0:0xEFF0=store_dptr_byte_to_0fb2_copy_0f82 [copy],ke96d2e265d5d
0x0F83,main-ec,DAT_EXTMEM,0x0F80-0x0F83,main-ec-008,6,6,0,0,0,0,2,0,2,no,,bank0:0xEFDC=call_ef17_then_copy_0f80_to_0fb1 [copy]; bank0:0xEFF0=store_dptr_byte_to_0fb2_copy_0f82 [copy],ke96d2e265d5d
0x0FA0,main-ec,DAT_EXTMEM,0x0FA0-0x0FA0,main-ec-010,10,3,1,0,6,0,3,1,8,no,,bank0:0x703A=thunk_FUN_CODE_e722; bank0:0xE6B1=init_args_then_e51e_e4fe_16 [state]; bank0:0xE6F4=FUN_CODE_e6f4; bank0:0xE722=FUN_CODE_e722; bank0:0xEADA=FUN_CODE_eada; bank0:0xF0FE=write_fe_5a_a5_then_read_0fa0 [writer]; bank0:0xF107=store_a_at_dptr_plus1 [writer]; bank0:0xF108=store_a_at_dptr_then_read_0fa0 [writer],k733571bb7f66
0x0FB1,main-ec,DAT_EXTMEM,0x0FB1-0x0FB4,main-ec-008,1,0,1,0,0,0,0,1,1,yes,,bank0:0xEFDC=call_ef17_then_copy_0f80_to_0fb1 [copy],ke96d2e265d5d
0x0FB2,main-ec,DAT_EXTMEM,0x0FB1-0x0FB4,main-ec-008,4,2,2,0,0,0,2,2,4,no,,bank0:0xEFDC=call_ef17_then_copy_0f80_to_0fb1 [copy]; bank0:0xEFF0=store_dptr_byte_to_0fb2_copy_0f82 [copy]; bank0:0xF002=FUN_CODE_f002; bank0:0xF012=store_16bit_sum_to_0a43_0a44 [math],ke96d2e265d5d
0x0FB3,main-ec,DAT_EXTMEM,0x0FB1-0x0FB4,main-ec-008,5,3,2,0,0,0,3,2,5,no,,bank0:0xEFDC=call_ef17_then_copy_0f80_to_0fb1 [copy]; bank0:0xEFF0=store_dptr_byte_to_0fb2_copy_0f82 [copy]; bank0:0xF002=FUN_CODE_f002; bank0:0xF012=store_16bit_sum_to_0a43_0a44 [math]; bank0:0xF022=rotate_16bit_pair_and_range_check_0fc3 [logic],ke96d2e265d5d
0x0FB4,main-ec,DAT_EXTMEM,0x0FB1-0x0FB4,main-ec-008,4,2,2,0,0,0,1,2,3,no,,bank0:0xEFDC=call_ef17_then_copy_0f80_to_0fb1 [copy]; bank0:0xEFF0=store_dptr_byte_to_0fb2_copy_0f82 [copy]; bank0:0xF002=FUN_CODE_f002,ke96d2e265d5d
0x0FC0,main-ec,DAT_EXTMEM,0x0FC0-0x0FC3,main-ec-008,12,3,6,3,0,0,3,8,8,no,,bank0:0xEF60=toggle_0fc0_bit1_unless_r6r7_zero [logic]; bank0:0xEF70=call_ee96_then_xor_0fc0_04 [logic]; bank0:0xEFDC=call_ef17_then_copy_0f80_to_0fb1 [copy]; bank0:0xEFF0=store_dptr_byte_to_0fb2_copy_0f82 [copy]; bank0:0xF002=FUN_CODE_f002; bank0:0xF012=store_16bit_sum_to_0a43_0a44 [math]; bank0:0xF022=rotate_16bit_pair_and_range_check_0fc3 [logic]; bank0:0xF06B=clear_0fc3_bit0_and_zero_0fc0 [writer],ke96d2e265d5d
0x0FC1,main-ec,DAT_EXTMEM,0x0FC0-0x0FC3,main-ec-010,1,0,1,0,0,0,0,1,1,yes,,bank0:0xEADA=FUN_CODE_eada,k733571bb7f66
0x0FC2,main-ec,DAT_EXTMEM,0x0FC0-0x0FC3,main-ec-010,1,0,1,0,0,0,0,1,1,yes,,bank0:0xEADA=FUN_CODE_eada,k733571bb7f66
0x0FC3,main-ec,DAT_EXTMEM,0x0FC0-0x0FC3,main-ec-008,22,11,0,11,0,0,6,6,6,no,,bank0:0xEFDC=call_ef17_then_copy_0f80_to_0fb1 [copy]; bank0:0xEFF0=store_dptr_byte_to_0fb2_copy_0f82 [copy]; bank0:0xF002=FUN_CODE_f002; bank0:0xF012=store_16bit_sum_to_0a43_0a44 [math]; bank0:0xF022=rotate_16bit_pair_and_range_check_0fc3 [logic]; bank0:0xF06B=clear_0fc3_bit0_and_zero_0fc0 [writer],ke96d2e265d5d
0x1000,main-ec,DAT_EXTMEM,0x1000-0x1001,main-ec-040,8,4,0,4,0,0,4,4,4,no,,bank0:0xD5D4=write_33_to_1501_join_loop_d5db [writer]; bank0:0xD5DB=FUN_CODE_d5db; common:0x0200=post_05e8_init_1042_16e7 [unresolved]; common:0x0213=FUN_CODE_0213,k34c812291690
0x1001,main-ec,DAT_EXTMEM,0x1000-0x1001,main-ec-075,11,0,11,0,0,0,0,11,11,no,,bank0:0xFF17=ff_filler_not_a_function_ff17 [unresolved]; bank0:0xFF90=ff_filler_not_a_function_ff90 [unresolved]; bank1:0xF512=unimplemented_ff_fill_f512 [unresolved]; bank1:0xF70D=unimplemented_ff_fill_f70d [unresolved]; bank1:0xF727=unimplemented_ff_fill_f727 [unresolved]; bank1:0xF73E=unimplemented_ff_fill_f73e [unresolved]; bank1:0xF902=unimplemented_ff_fill_f902 [unresolved]; bank1:0xFF17=unimplemented_ff_fill_ff17 [unresolved]; bank1:0xFF63=unimplemented_ff_fill_ff63 [unresolved]; common:0x0000=reset_vector_forwarder_to_0070 [entry]; common:0x0070=reset_entry_stack_bank0_then_code_init [init],kec5781593e3f
0x1020,main-ec,DAT_EXTMEM,0x1020-0x1020,main-ec-040,4,2,0,2,0,0,2,2,2,no,,bank0:0xD5D4=write_33_to_1501_join_loop_d5db [writer]; bank0:0xD5DB=FUN_CODE_d5db,k34c812291690
0x1032,main-ec,DAT_EXTMEM,0x1032-0x1033,main-ec-304,4,2,0,2,0,0,2,2,2,no,,common:0x0FA6=FUN_CODE_0fa6; common:0x1017=FUN_CODE_1017,kf31485e08149
0x1033,main-ec,DAT_EXTMEM,0x1032-0x1033,main-ec-334,2,1,0,1,0,0,1,1,1,yes,,bank1:0x87CA=set_1033_bits_if_0450_is_28 [logic],kbbecc5a9fa9f
0x103B,main-ec,DAT_EXTMEM,0x103B-0x103F,main-ec-007,12,0,12,0,0,0,0,12,12,no,,bank0:0xD5D4=write_33_to_1501_join_loop_d5db [writer]; bank0:0xD5DB=FUN_CODE_d5db; bank0:0xD74F=write_33_to_1511_then_loop [writer]; bank0:0xD757=unresolved_multiarm_dispatch_d757 [unresolved]; bank0:0xF141=store_r1_r5_r3_to_103d_103c_103b [writer]; bank0:0xF566=ff_filler_not_a_function_f566 [unresolved]; bank0:0xF583=ff_filler_not_a_function_f583 [unresolved]; bank0:0xFAE8=ff_filler_not_a_function_fae8 [unresolved]; bank0:0xFE0F=poll_1304_1500_dispatch_0083 [state]; common:0x0200=post_05e8_init_1042_16e7 [unresolved]; common:0x0213=FUN_CODE_0213; common:0x4B77=FUN_CODE_4b77,kea0c67af9b51
0x103C,main-ec,DAT_EXTMEM,0x103B-0x103F,main-ec-007,20,0,20,0,0,0,0,12,12,no,,bank0:0xD5D4=write_33_to_1501_join_loop_d5db [writer]; bank0:0xD5DB=FUN_CODE_d5db; bank0:0xD74F=write_33_to_1511_then_loop [writer]; bank0:0xD757=unresolved_multiarm_dispatch_d757 [unresolved]; bank0:0xF141=store_r1_r5_r3_to_103d_103c_103b [writer]; bank0:0xF566=ff_filler_not_a_function_f566 [unresolved]; bank0:0xF583=ff_filler_not_a_function_f583 [unresolved]; bank0:0xFAE8=ff_filler_not_a_function_fae8 [unresolved]; bank0:0xFE0F=poll_1304_1500_dispatch_0083 [state]; common:0x0200=post_05e8_init_1042_16e7 [unresolved]; common:0x0213=FUN_CODE_0213; common:0x4B77=FUN_CODE_4b77,kea0c67af9b51
0x103D,main-ec,DAT_EXTMEM,0x103B-0x103F,main-ec-007,20,0,20,0,0,0,0,12,12,no,,bank0:0xD5D4=write_33_to_1501_join_loop_d5db [writer]; bank0:0xD5DB=FUN_CODE_d5db; bank0:0xD74F=write_33_to_1511_then_loop [writer]; bank0:0xD757=unresolved_multiarm_dispatch_d757 [unresolved]; bank0:0xF141=store_r1_r5_r3_to_103d_103c_103b [writer]; bank0:0xF566=ff_filler_not_a_function_f566 [unresolved]; bank0:0xF583=ff_filler_not_a_function_f583 [unresolved]; bank0:0xFAE8=ff_filler_not_a_function_fae8 [unresolved]; bank0:0xFE0F=poll_1304_1500_dispatch_0083 [state]; common:0x0200=post_05e8_init_1042_16e7 [unresolved]; common:0x0213=FUN_CODE_0213; common:0x4B77=FUN_CODE_4b77,kea0c67af9b51
0x103E,main-ec,DAT_EXTMEM,0x103B-0x103F,main-ec-007,24,2,22,0,0,0,1,12,12,no,,bank0:0xD5D4=write_33_to_1501_join_loop_d5db [writer]; bank0:0xD5DB=FUN_CODE_d5db; bank0:0xD74F=write_33_to_1511_then_loop [writer]; bank0:0xD757=unresolved_multiarm_dispatch_d757 [unresolved]; bank0:0xE3D0=write_103f_through_0a56_pointer [writer]; bank0:0xF566=ff_filler_not_a_function_f566 [unresolved]; bank0:0xF583=ff_filler_not_a_function_f583 [unresolved]; bank0:0xFAE8=ff_filler_not_a_function_fae8 [unresolved]; bank0:0xFE0F=poll_1304_1500_dispatch_0083 [state]; common:0x0200=post_05e8_init_1042_16e7 [unresolved]; common:0x0213=FUN_CODE_0213; common:0x4B77=FUN_CODE_4b77,kea0c67af9b51
0x103F,main-ec,DAT_EXTMEM,0x103B-0x103F,main-ec-007,31,13,17,0,0,1,13,10,14,no,,bank0:0xD5D4=write_33_to_1501_join_loop_d5db [writer]; bank0:0xD5DB=FUN_CODE_d5db; bank0:0xD74F=write_33_to_1511_then_loop [writer]; bank0:0xD757=unresolved_multiarm_dispatch_d757 [unresolved]; bank0:0xE3D0=write_103f_through_0a56_pointer [writer]; bank0:0xF566=ff_filler_not_a_function_f566 [unresolved]; bank0:0xF583=ff_filler_not_a_function_f583 [unresolved]; bank0:0xFAE8=ff_filler_not_a_function_fae8 [unresolved]; bank0:0xFE0F=poll_1304_1500_dispatch_0083 [state]; common:0x0200=post_05e8_init_1042_16e7 [unresolved]; common:0x0213=FUN_CODE_0213; common:0x4B77=FUN_CODE_4b77; common:0x5202=FUN_CODE_5202; common:0x57C2=FUN_CODE_57c2,kea0c67af9b51
0x1042,main-ec,DAT_EXTMEM,0x1042-0x1042,main-ec-040,1,0,1,0,0,0,0,1,1,yes,,common:0x0200=post_05e8_init_1042_16e7 [unresolved],k34c812291690
0x105A,main-ec,DAT_EXTMEM,0x105A-0x105E,main-ec-015,1,0,1,0,0,0,0,1,1,yes,,bank0:0xDBE2=write_consts_105a_105e_1076_1079 [init],ka97c99c1cddd
0x105B,main-ec,DAT_EXTMEM,0x105A-0x105E,main-ec-015,1,0,1,0,0,0,0,1,1,yes,,bank0:0xDBE2=write_consts_105a_105e_1076_1079 [init],ka97c99c1cddd
0x105C,main-ec,DAT_EXTMEM,0x105A-0x105E,main-ec-015,1,0,1,0,0,0,0,1,1,yes,,bank0:0xDBE2=write_consts_105a_105e_1076_1079 [init],ka97c99c1cddd
0x105D,main-ec,DAT_EXTMEM,0x105A-0x105E,main-ec-015,1,0,1,0,0,0,0,1,1,yes,,bank0:0xDBE2=write_consts_105a_105e_1076_1079 [init],ka97c99c1cddd
0x105E,main-ec,DAT_EXTMEM,0x105A-0x105E,main-ec-015,1,0,1,0,0,0,0,1,1,yes,,bank0:0xDBE2=write_consts_105a_105e_1076_1079 [init],ka97c99c1cddd
0x1063,main-ec,DAT_EXTMEM,0x1063-0x1063,main-ec-001,6,3,2,1,0,0,1,2,2,no,,bank0:0xCCFC=power_on_init_and_two_hang_paths [init]; bank0:0xE3D0=write_103f_through_0a56_pointer [writer],k7497cf885614
0x1076,main-ec,DAT_EXTMEM,0x1076-0x1079,main-ec-015,1,0,1,0,0,0,0,1,1,yes,,bank0:0xDBE2=write_consts_105a_105e_1076_1079 [init],ka97c99c1cddd
0x1077,main-ec,DAT_EXTMEM,0x1076-0x1079,main-ec-015,1,0,1,0,0,0,0,1,1,yes,,bank0:0xDBE2=write_consts_105a_105e_1076_1079 [init],ka97c99c1cddd
0x1078,main-ec,DAT_EXTMEM,0x1076-0x1079,main-ec-015,1,0,1,0,0,0,0,1,1,yes,,bank0:0xDBE2=write_consts_105a_105e_1076_1079 [init],ka97c99c1cddd
0x1079,main-ec,DAT_EXTMEM,0x1076-0x1079,main-ec-015,1,0,1,0,0,0,0,1,1,yes,,bank0:0xDBE2=write_consts_105a_105e_1076_1079 [init],ka97c99c1cddd
0x1100,main-ec,DAT_EXTMEM,0x1100-0x1103,main-ec-016,1,0,1,0,0,0,0,1,1,yes,,common:0x0609=FUN_CODE_0609,k341c895609cf
0x1101,main-ec,DAT_EXTMEM,0x1100-0x1103,main-ec-016,1,0,1,0,0,0,0,1,1,yes,,common:0x0609=FUN_CODE_0609,k341c895609cf
0x1102,main-ec,DAT_EXTMEM,0x1100-0x1103,main-ec-111,15,6,9,0,0,0,2,9,11,no,,bank0:0x3A60=cascade_gate_170a_1709_1708 [dispatch]; bank1:0x3A60=FUN_CODE_3a60; common:0x012F=chan_init_170a_then_jmp_11b6 [init]; common:0x018C=chan_init_1709_then_jmp_11bc [init]; common:0x029B=chan_init_1708_then_jmp_11c2 [init]; common:0x0609=FUN_CODE_0609; common:0x07D0=FUN_CODE_07d0; common:0x07D6=FUN_CODE_07d6; common:0x3BB7=FUN_CODE_3bb7; common:0x3BBF=FUN_CODE_3bbf; common:0x3BC1=FUN_CODE_3bc1,ke44ab56d1a3f
0x1103,main-ec,DAT_EXTMEM,0x1100-0x1103,main-ec-016,1,0,1,0,0,0,0,1,1,yes,,common:0x0609=FUN_CODE_0609,k341c895609cf
0x1105,main-ec,DAT_EXTMEM,0x1105-0x1107,main-ec-063,4,2,0,2,0,0,1,1,1,yes,,common:0x27AB=FUN_CODE_27ab,k5b2be1a4ea6e
0x1106,main-ec,DAT_EXTMEM,0x1105-0x1107,main-ec-111,25,15,0,9,1,0,8,6,9,no,,bank0:0x3A60=cascade_gate_170a_1709_1708 [dispatch]; bank0:0xCCFC=power_on_init_and_two_hang_paths [init]; bank1:0x3A60=FUN_CODE_3a60; common:0x012F=chan_init_170a_then_jmp_11b6 [init]; common:0x018C=chan_init_1709_then_jmp_11bc [init]; common:0x029B=chan_init_1708_then_jmp_11c2 [init]; common:0x07D0=FUN_CODE_07d0; common:0x07D6=FUN_CODE_07d6; common:0x2DE3=mask_1106_then_clear_18_34 [writer],ke44ab56d1a3f
0x1107,main-ec,DAT_EXTMEM,0x1105-0x1107,main-ec-147,4,2,0,2,0,0,2,2,2,no,,common:0x05F2=FUN_CODE_05f2; common:0x05FA=FUN_CODE_05fa,k0f5c689b2cfc
0x1110,main-ec,DAT_EXTMEM,0x1110-0x1110,main-ec-253,8,6,0,0,2,0,2,0,2,no,,common:0x0013=int1_vector_forwarder_to_0556 [forwarder]; common:0x0556=int1_target_six_calls_14c8_012f_018c_029b_7110_7177 [dispatch],k21d5100e2ee1
0x1114,main-ec,DAT_EXTMEM,0x1114-0x1114,main-ec-016,1,0,1,0,0,0,0,1,1,yes,,common:0x0609=FUN_CODE_0609,k341c895609cf
0x1118,main-ec,DAT_EXTMEM,0x1118-0x1118,main-ec-016,1,0,1,0,0,0,0,1,1,yes,,common:0x0609=FUN_CODE_0609,k341c895609cf
0x111C,main-ec,DAT_EXTMEM,0x111C-0x111C,main-ec-016,1,0,1,0,0,0,0,1,1,yes,,common:0x0609=FUN_CODE_0609,k341c895609cf
0x1120,main-ec,DAT_EXTMEM,0x1120-0x1120,main-ec-016,1,0,1,0,0,0,0,1,1,yes,,common:0x0609=FUN_CODE_0609,k341c895609cf
0x1124,main-ec,DAT_EXTMEM,0x1124-0x1124,main-ec-016,1,0,1,0,0,0,0,1,1,yes,,common:0x0609=FUN_CODE_0609,k341c895609cf
0x1128,main-ec,DAT_EXTMEM,0x1128-0x1128,main-ec-016,1,0,1,0,0,0,0,1,1,yes,,common:0x0609=FUN_CODE_0609,k341c895609cf
0x114D,main-ec,DAT_EXTMEM,0x114D-0x114D,main-ec-147,2,1,0,1,0,0,1,1,1,yes,,common:0x05FA=FUN_CODE_05fa,k0f5c689b2cfc
0x1150,main-ec,DAT_EXTMEM,0x1150-0x1151,main-ec-321,3,0,3,0,0,0,0,3,3,no,,common:0x0609=FUN_CODE_0609; common:0x0FE6=FUN_CODE_0fe6; common:0x1002=FUN_CODE_1002,ka4609254aa85
0x1151,main-ec,DAT_EXTMEM,0x1150-0x1151,main-ec-155,2,1,0,1,0,0,1,1,1,yes,,common:0x063C=FUN_CODE_063c,k0b7f9545b4f2
0x1200,main-ec,DAT_EXTMEM,0x1200-0x1202,main-ec-037,4,0,4,0,0,0,0,3,3,no,,bank0:0xDB96=stream_code_bytes_to_1201 [writer]; bank0:0xDC17=write_1201_seq_07_05_30 [writer]; bank0:0xDC8D=write_1_to_1200 [writer],kf5967173467e
0x1201,main-ec,DAT_EXTMEM,0x1200-0x1202,main-ec-037,5,0,5,0,0,0,0,2,2,no,,bank0:0xDB96=stream_code_bytes_to_1201 [writer]; bank0:0xDC17=write_1201_seq_07_05_30 [writer],kf5967173467e
0x1202,main-ec,DAT_EXTMEM,0x1200-0x1202,main-ec-037,4,2,0,2,0,0,2,2,2,no,,bank0:0xDC60=set_bit0_1202_1204_1205 [writer]; bank0:0xDC77=clear_bit0_1202_1204_1205 [writer],kf5967173467e
0x1204,main-ec,DAT_EXTMEM,0x1204-0x1205,main-ec-037,4,2,0,2,0,0,2,2,2,no,,bank0:0xDC60=set_bit0_1202_1204_1205 [writer]; bank0:0xDC77=clear_bit0_1202_1204_1205 [writer],kf5967173467e
0x1205,main-ec,DAT_EXTMEM,0x1204-0x1205,main-ec-037,10,8,0,2,0,0,4,2,4,no,,bank0:0xDB96=stream_code_bytes_to_1201 [writer]; bank0:0xDC17=write_1201_seq_07_05_30 [writer]; bank0:0xDC60=set_bit0_1202_1204_1205 [writer]; bank0:0xDC77=clear_bit0_1202_1204_1205 [writer],kf5967173467e
0x1300,main-ec,DAT_EXTMEM,0x1300-0x1300,main-ec-212,19,9,1,9,0,0,5,6,6,no,,bank0:0x3AD6=write_10_2007_clear_1302_set_1300 [writer]; bank0:0xB065=ten_count_gate_then_set_1300_and_200f [state]; common:0x09A2=FUN_CODE_09a2; common:0x0A5A=FUN_CODE_0a5a; common:0x2B6C=FUN_CODE_2b6c; common:0x3E9A=FUN_CODE_3e9a,k34820fc32a4e
0x1302,main-ec,DAT_EXTMEM,0x1302-0x1302,main-ec-171,1,0,1,0,0,0,0,1,1,yes,,bank0:0x3AD6=write_10_2007_clear_1302_set_1300 [writer],k2bd3b61c232b
0x1304,main-ec,DAT_EXTMEM,0x1304-0x1304,main-ec-189,65,47,6,12,0,0,24,10,27,no,,bank0:0x2BD5=event_id_latch_and_bit_merge [dispatch]; bank0:0xB065=ten_count_gate_then_set_1300_and_200f [state]; bank0:0xCC3D=init_clear_00f5_and_1304_bit2 [init]; bank0:0xCC51=init_set_1304_bit4_and_clear_bit2 [init]; bank0:0xD5D4=write_33_to_1501_join_loop_d5db [writer]; bank0:0xD5DB=FUN_CODE_d5db; bank0:0xE256=dispatch_on_0046_copy_status_to_0083 [dispatch]; bank0:0xF566=ff_filler_not_a_function_f566 [unresolved]; bank0:0xF583=ff_filler_not_a_function_f583 [unresolved]; bank0:0xFAE8=ff_filler_not_a_function_fae8 [unresolved]; bank0:0xFE0F=poll_1304_1500_dispatch_0083 [state]; bank1:0x2BD5=FUN_CODE_2bd5; common:0x0A39=FUN_CODE_0a39; common:0x0A7F=FUN_CODE_0a7f; common:0x0C7A=clear_low_nibble_of_1304 [logic]; common:0x0D4A=FUN_CODE_0d4a; common:0x2ACD=FUN_CODE_2acd; common:0x2B6C=FUN_CODE_2b6c; common:0x383D=FUN_CODE_383d; common:0x3C6D=FUN_CODE_3c6d; common:0x3DCE=FUN_CODE_3dce; common:0x3DFC=FUN_CODE_3dfc; common:0x3E38=FUN_CODE_3e38; common:0x3E61=FUN_CODE_3e61; common:0x3E9A=FUN_CODE_3e9a; common:0x3EFF=FUN_CODE_3eff; common:0x4390=FUN_CODE_4390,k0ffdd45ff0b9
0x1306,main-ec,DAT_EXTMEM,0x1306-0x1306,main-ec-335,2,0,1,0,0,1,0,1,2,no,,bank0:0xE256=dispatch_on_0046_copy_status_to_0083 [dispatch]; common:0x09A2=FUN_CODE_09a2,k98029cb0aa4b
0x1308,main-ec,DAT_EXTMEM,0x1308-0x1308,main-ec-322,3,0,3,0,0,0,0,3,3,no,,common:0x0A5A=FUN_CODE_0a5a; common:0x2B6C=FUN_CODE_2b6c; common:0x436F=FUN_CODE_436f,k8cda9fd2b903
0x130A,main-ec,DAT_EXTMEM,0x130A-0x130A,main-ec-266,7,4,0,0,1,2,4,0,5,no,,bank0:0xD5D4=write_33_to_1501_join_loop_d5db [writer]; bank0:0xD5DB=FUN_CODE_d5db; bank0:0xE256=dispatch_on_0046_copy_status_to_0083 [dispatch]; common:0x3C6D=FUN_CODE_3c6d; common:0x4389=FUN_CODE_4389,kb0d5836dce0a
0x1500,main-ec,DAT_EXTMEM,0x1500-0x1501,main-ec-007,44,37,0,7,0,0,19,7,19,no,,bank0:0xD358=advance_d9_and_set_1500_20 [state]; bank0:0xD3C8=zero_d0_d7_and_state [writer]; bank0:0xD5D4=write_33_to_1501_join_loop_d5db [writer]; bank0:0xD5DB=FUN_CODE_d5db; bank0:0xD74F=write_33_to_1511_then_loop [writer]; bank0:0xD757=unresolved_multiarm_dispatch_d757 [unresolved]; bank0:0xE256=dispatch_on_0046_copy_status_to_0083 [dispatch]; bank0:0xF566=ff_filler_not_a_function_f566 [unresolved]; bank0:0xF583=ff_filler_not_a_function_f583 [unresolved]; bank0:0xFAE8=ff_filler_not_a_function_fae8 [unresolved]; bank0:0xFE0F=poll_1304_1500_dispatch_0083 [state]; bank1:0x86C4=FUN_CODE_86c4; common:0x07F8=FUN_CODE_07f8; common:0x0806=FUN_CODE_0806; common:0x086B=FUN_CODE_086b; common:0x0877=FUN_CODE_0877; common:0x0902=FUN_CODE_0902; common:0x0D4A=FUN_CODE_0d4a; common:0x0D7B=FUN_CODE_0d7b,kea0c67af9b51
0x1501,main-ec,DAT_EXTMEM,0x1500-0x1501,main-ec-007,17,0,15,0,0,2,0,10,11,no,,bank0:0xD5D4=write_33_to_1501_join_loop_d5db [writer]; bank0:0xD5DB=FUN_CODE_d5db; bank0:0xD74F=write_33_to_1511_then_loop [writer]; bank0:0xD757=unresolved_multiarm_dispatch_d757 [unresolved]; bank0:0xE256=dispatch_on_0046_copy_status_to_0083 [dispatch]; bank0:0xF566=ff_filler_not_a_function_f566 [unresolved]; bank0:0xF583=ff_filler_not_a_function_f583 [unresolved]; bank0:0xFAE8=ff_filler_not_a_function_fae8 [unresolved]; bank0:0xFE0F=poll_1304_1500_dispatch_0083 [state]; common:0x0896=FUN_CODE_0896; common:0x08E0=FUN_CODE_08e0,kea0c67af9b51
0x1504,main-ec,DAT_EXTMEM,0x1504-0x1504,main-ec-007,69,65,0,0,1,3,10,0,11,no,,bank0:0xD5D4=write_33_to_1501_join_loop_d5db [writer]; bank0:0xD5DB=FUN_CODE_d5db; bank0:0xD74F=write_33_to_1511_then_loop [writer]; bank0:0xD757=unresolved_multiarm_dispatch_d757 [unresolved]; bank0:0xE256=dispatch_on_0046_copy_status_to_0083 [dispatch]; bank0:0xF566=ff_filler_not_a_function_f566 [unresolved]; bank0:0xF583=ff_filler_not_a_function_f583 [unresolved]; bank0:0xFAE8=ff_filler_not_a_function_fae8 [unresolved]; bank0:0xFE0F=poll_1304_1500_dispatch_0083 [state]; common:0x0806=FUN_CODE_0806; common:0x0D7B=FUN_CODE_0d7b,kea0c67af9b51
0x1510,main-ec,DAT_EXTMEM,0x1510-0x1511,main-ec-116,8,7,1,0,0,0,4,1,5,no,,bank0:0xD74F=write_33_to_1511_then_loop [writer]; bank0:0xD757=unresolved_multiarm_dispatch_d757 [unresolved]; bank0:0xE0FE=FUN_CODE_e0fe; bank0:0xE256=dispatch_on_0046_copy_status_to_0083 [dispatch]; bank1:0x8418=zero_1510_and_clear_xdata_flag_bits [state],k1aeee4fb86d3
0x1511,main-ec,DAT_EXTMEM,0x1510-0x1511,main-ec-267,7,0,6,0,0,1,0,5,6,no,,bank0:0xD74F=write_33_to_1511_then_loop [writer]; bank0:0xD757=unresolved_multiarm_dispatch_d757 [unresolved]; bank0:0xE064=copy_043e_to_1511 [copy]; bank0:0xE06F=copy_dptr_to_1511_discard_arith [copy]; bank0:0xE090=copy_dptr_plus_1_to_1511 [copy]; bank0:0xE256=dispatch_on_0046_copy_status_to_0083 [dispatch],keb346f6d388c
0x1514,main-ec,DAT_EXTMEM,0x1514-0x1514,main-ec-116,19,17,0,0,0,2,3,0,4,no,,bank0:0xD74F=write_33_to_1511_then_loop [writer]; bank0:0xD757=unresolved_multiarm_dispatch_d757 [unresolved]; bank0:0xE0FE=FUN_CODE_e0fe; bank0:0xE256=dispatch_on_0046_copy_status_to_0083 [dispatch],k1aeee4fb86d3
0x1541,main-ec,DAT_EXTMEM,0x1541-0x1542,main-ec-042,1,0,1,0,0,0,0,1,1,yes,,common:0x0C86=FUN_CODE_0c86,kc7f099340bd3
0x1542,main-ec,DAT_EXTMEM,0x1541-0x1542,main-ec-042,1,1,0,0,0,0,1,0,1,yes,,common:0x0C86=FUN_CODE_0c86,kc7f099340bd3
0x1601,main-ec,DAT_EXTMEM,0x1601-0x160A,main-ec-219,16,9,0,7,0,0,9,7,9,no,,bank0:0xBDFA=write_40_then_read_x1601 [writer]; bank0:0xC076=set_1601_bit4 [writer]; bank0:0xC07E=clear_1601_bit4 [writer]; bank0:0xC0A2=init_1615_1807_then_set_1601_bit5 [writer]; bank0:0xC0AD=init_1615_1807_then_clear_1601_bit5 [writer]; bank0:0xC4F0=write_40_to_dptr_then_read_1601 [writer]; bank0:0xEADA=FUN_CODE_eada; bank0:0xED47=gate_a4b_eq_9 [gate]; bank0:0xED52=write_1c41_12_copy_0a49_0a4a_clear_1601_bit4 [writer],k047da7d61103
0x1602,main-ec,DAT_EXTMEM,0x1601-0x160A,main-ec-254,8,4,0,4,0,0,4,4,4,no,,bank0:0xC124=set_1602_bit2 [writer]; bank0:0xC12C=clear_1602_bit2 [writer]; bank0:0xC154=set_1602_bit7 [writer]; bank0:0xC15C=clear_1602_bit7 [writer],ked502f238c0a
0x1603,main-ec,DAT_EXTMEM,0x1601-0x160A,main-ec-213,19,12,2,5,0,0,6,6,7,no,,bank0:0xC174=set_1603_bit3 [writer]; bank0:0xC191=set_1603_bit4 [writer]; bank0:0xC199=clear_1603_bit4 [writer]; bank0:0xC1CB=test_1603_bit5 [reader]; bank0:0xE8EC=mask_1603_and_wait_tf1 [delay]; bank0:0xE9DE=rmw_1603_and_wait_tf1_2500_times [delay]; bank0:0xF161=store_a_to_1603_then_clear_0a3e_0a3f [writer],k9a0e9e578c06
0x1604,main-ec,DAT_EXTMEM,0x1601-0x160A,main-ec-227,13,7,0,6,0,0,7,6,7,no,,bank0:0xC201=set_1604_bit1 [writer]; bank0:0xC209=clear_1604_bit1 [writer]; bank0:0xC224=test_1604_bit3 [reader]; bank0:0xC241=clear_1604_bit5 [writer]; bank0:0xC249=set_1604_bit5 [writer]; bank0:0xD74F=write_33_to_1511_then_loop [writer]; bank0:0xD757=unresolved_multiarm_dispatch_d757 [unresolved],ke71a71031384
0x1605,main-ec,DAT_EXTMEM,0x1601-0x160A,main-ec-232,12,6,0,6,0,0,6,6,6,no,,bank0:0xC25E=clear_1605_bit1 [writer]; bank0:0xC266=set_1605_bit1 [writer]; bank0:0xC2A2=set_1605_bit5 [writer]; bank0:0xC2AA=clear_1605_bit5 [writer]; bank0:0xC2BA=set_1605_bit6 [writer]; bank0:0xC2CF=clear_1605_bit7 [writer],kfb6e58e3b8b5
0x1606,main-ec,DAT_EXTMEM,0x1601-0x160A,main-ec-237,11,6,0,5,0,0,6,5,6,no,,bank0:0xC2F7=set_1606_bit2 [writer]; bank0:0xC2FF=set_1606_bit0 [writer]; bank0:0xC307=clear_1606_bit0 [writer]; bank0:0xC30F=set_1606_bit3 [writer]; bank0:0xC317=clear_1606_bit3 [writer]; bank0:0xC31F=test_1606_bit4_inverted [logic],ke62cad9968d7
0x1607,main-ec,DAT_EXTMEM,0x1601-0x160A,main-ec-255,8,4,0,4,0,0,4,4,4,no,,bank0:0xC371=clear_1607_bit1 [writer]; bank0:0xC389=clear_1607_bit2 [writer]; bank0:0xC39E=set_1607_bit6 [writer]; bank0:0xC3A6=FUN_CODE_c3a6,kd57ae80475d3
0x1608,main-ec,DAT_EXTMEM,0x1601-0x160A,main-ec-256,8,4,0,4,0,0,3,3,3,no,,bank0:0xC066=set_1608_bit5 [writer]; bank0:0xC06E=clear_1608_bit5 [writer]; bank0:0xC3AE=route_074c_nibble_to_160a_and_1608 [gate],kc2c5b2912306
0x1609,main-ec,DAT_EXTMEM,0x1601-0x160A,main-ec-257,8,4,0,4,0,0,4,4,4,no,,bank0:0xC43F=set_1609_bit0_and_write_44_to_2006 [writer]; bank0:0xC44D=clear_1609_bit0_and_write_04_to_2006 [writer]; bank0:0xC468=set_1609_bit2 [writer]; bank0:0xC470=clear_1609_bit2 [writer],k5f6d9ecd164d
0x160A,main-ec,DAT_EXTMEM,0x1601-0x160A,main-ec-214,19,10,0,9,0,0,10,9,10,no,,bank0:0xC3AE=route_074c_nibble_to_160a_and_1608 [gate]; bank0:0xC478=set_160a_bit0_unless_b8f4_and_08eb [gate]; bank0:0xC48F=clear_160a_bit0 [writer]; bank0:0xC497=set_160a_bit1 [writer]; bank0:0xC49F=FUN_CODE_c49f; bank0:0xC4A7=set_160a_bit2 [writer]; bank0:0xC4AF=FUN_CODE_c4af; bank0:0xC4C9=FUN_CODE_c4c9; bank0:0xC4D1=FUN_CODE_c4d1; bank1:0xA9B4=step_state_0845 [state],k5182fbd443a7
0x1610,main-ec,DAT_EXTMEM,0x1610-0x1611,main-ec-336,2,0,1,0,0,1,0,1,2,no,,bank0:0xC016=clear_1610 [writer]; bank0:0xC01C=set_1610_40_and_clear_1601_bit0 [writer],k65b2eff63a96
0x1611,main-ec,DAT_EXTMEM,0x1610-0x1611,main-ec-024,4,0,2,0,0,2,0,2,4,no,,bank0:0x91C5=config_init_from_ba36_ba46 [init]; bank0:0xC03C=set_16xx_40_and_clear_1601_bits_1_3_6 [writer]; bank0:0xC058=clear_1611_1613_and_1616 [writer]; bank0:0xCDC3=FUN_CODE_cdc3,kb069a96ca8db
0x1613,main-ec,DAT_EXTMEM,0x1613-0x1613,main-ec-024,4,0,2,0,0,2,0,2,4,no,,bank0:0x91C5=config_init_from_ba36_ba46 [init]; bank0:0xC03C=set_16xx_40_and_clear_1601_bits_1_3_6 [writer]; bank0:0xC058=clear_1611_1613_and_1616 [writer]; bank0:0xCDC3=FUN_CODE_cdc3,kb069a96ca8db
0x1615,main-ec,DAT_EXTMEM,0x1615-0x1616,main-ec-172,1,0,1,0,0,0,0,1,1,yes,,bank0:0xC030=set_1615_40_and_clear_1807 [writer],ka5d26f892b69
0x1616,main-ec,DAT_EXTMEM,0x1615-0x1616,main-ec-024,4,0,2,0,0,2,0,2,4,no,,bank0:0x91C5=config_init_from_ba36_ba46 [init]; bank0:0xC03C=set_16xx_40_and_clear_1601_bits_1_3_6 [writer]; bank0:0xC058=clear_1611_1613_and_1616 [writer]; bank0:0xCDC3=FUN_CODE_cdc3,kb069a96ca8db
0x161B,main-ec,DAT_EXTMEM,0x161B-0x161C,main-ec-161,1,0,1,0,0,0,0,1,1,yes,,bank1:0x9A1B=set_161b_161c_4_and_0681_86 [writer],k453e592232a2
0x161C,main-ec,DAT_EXTMEM,0x161B-0x161C,main-ec-161,2,0,2,0,0,0,0,2,2,no,,bank1:0x9A0E=set_161c_80_and_0681_85 [writer]; bank1:0x9A1B=set_161b_161c_4_and_0681_86 [writer],k453e592232a2
0x1621,main-ec,DAT_EXTMEM,0x1621-0x1623,main-ec-141,3,0,3,0,0,0,0,3,3,no,,bank0:0xF116=store_40_to_1621_1622 [writer]; bank0:0xF118=store_a_to_1621_1622 [writer]; bank1:0x9E72=set_1621_1622_4_and_68c_86 [writer],kb1eeb99f3c44
0x1622,main-ec,DAT_EXTMEM,0x1621-0x1623,main-ec-141,4,0,4,0,0,0,0,4,4,no,,bank0:0xF116=store_40_to_1621_1622 [writer]; bank0:0xF118=store_a_to_1621_1622 [writer]; bank1:0x9E65=set_1622_80_and_68c_85 [writer]; bank1:0x9E72=set_1621_1622_4_and_68c_86 [writer],kb1eeb99f3c44
0x1623,main-ec,DAT_EXTMEM,0x1621-0x1623,main-ec-090,1,1,0,0,0,0,1,0,1,yes,,common:0x2820=FUN_CODE_2820,k7ebaff0ef659
0x1625,main-ec,DAT_EXTMEM,0x1625-0x1625,main-ec-090,1,1,0,0,0,0,1,0,1,yes,,common:0x2820=FUN_CODE_2820,k7ebaff0ef659
0x162A,main-ec,DAT_EXTMEM,0x162A-0x162A,main-ec-024,1,0,1,0,0,0,0,1,1,yes,,bank0:0xCDC3=FUN_CODE_cdc3,kb069a96ca8db
0x162C,main-ec,DAT_EXTMEM,0x162C-0x162C,main-ec-024,1,0,1,0,0,0,0,1,1,yes,,bank0:0xCDC3=FUN_CODE_cdc3,kb069a96ca8db
0x1638,main-ec,DAT_EXTMEM,0x1638-0x163E,main-ec-030,3,1,2,0,0,0,1,2,3,no,,common:0x38F0=FUN_CODE_38f0; common:0x3A02=thunk_FUN_CODE_38f0; common:0x3C38=FUN_CODE_3c38,kdefe4e339260
0x1639,main-ec,DAT_EXTMEM,0x1638-0x163E,main-ec-030,3,1,2,0,0,0,1,2,3,no,,common:0x38F0=FUN_CODE_38f0; common:0x3A02=thunk_FUN_CODE_38f0; common:0x3C3F=FUN_CODE_3c3f,kdefe4e339260
0x163A,main-ec,DAT_EXTMEM,0x1638-0x163E,main-ec-030,3,1,2,0,0,0,1,2,3,no,,common:0x38F0=FUN_CODE_38f0; common:0x3A02=thunk_FUN_CODE_38f0; common:0x3C46=FUN_CODE_3c46,kdefe4e339260
0x163B,main-ec,DAT_EXTMEM,0x1638-0x163E,main-ec-030,3,1,2,0,0,0,1,2,3,no,,common:0x38F0=FUN_CODE_38f0; common:0x3A02=thunk_FUN_CODE_38f0; common:0x3C4D=FUN_CODE_3c4d,kdefe4e339260
0x163C,main-ec,DAT_EXTMEM,0x1638-0x163E,main-ec-030,3,1,2,0,0,0,1,2,3,no,,common:0x38F0=FUN_CODE_38f0; common:0x3A02=thunk_FUN_CODE_38f0; common:0x3C54=FUN_CODE_3c54,kdefe4e339260
0x163D,main-ec,DAT_EXTMEM,0x1638-0x163E,main-ec-030,3,1,2,0,0,0,1,2,3,no,,common:0x38F0=FUN_CODE_38f0; common:0x3A02=thunk_FUN_CODE_38f0; common:0x3C5B=FUN_CODE_3c5b,kdefe4e339260
0x163E,main-ec,DAT_EXTMEM,0x1638-0x163E,main-ec-006,2,0,2,0,0,0,0,2,2,no,,bank0:0xDE65=init_163e_16f1_300e_3008 [init]; bank1:0x9B3C=FUN_CODE_9b3c,ka07bfc4f80cd
0x1641,main-ec,DAT_EXTMEM,0x1641-0x1641,main-ec-337,2,0,2,0,0,0,0,2,2,no,,bank0:0xC363=write_40_to_1641 [writer]; bank0:0xC36A=write_80_to_1641 [writer],ked7e872a6338
0x1646,main-ec,DAT_EXTMEM,0x1646-0x1646,main-ec-001,1,0,1,0,0,0,0,1,1,yes,,bank0:0xD9FE=seed_07d3_gfid_and_08xx_defaults [init],k7497cf885614
0x1649,main-ec,DAT_EXTMEM,0x1649-0x164A,main-ec-173,1,0,1,0,0,0,0,1,1,yes,,bank0:0xB053=clear_16f1_bit5_then_store_0x80_pair [writer],kc6e20981caa4
0x164A,main-ec,DAT_EXTMEM,0x1649-0x164A,main-ec-173,1,0,1,0,0,0,0,1,1,yes,,bank0:0xB053=clear_16f1_bit5_then_store_0x80_pair [writer],kc6e20981caa4
0x164C,main-ec,DAT_EXTMEM,0x164C-0x164E,main-ec-097,2,0,2,0,0,0,0,2,2,no,,bank0:0xE376=load_164b_and_80 [writer]; bank0:0xE37B=store_a_to_dptr_then_164c_164e [writer],k343c5b06d675
0x164D,main-ec,DAT_EXTMEM,0x164C-0x164E,main-ec-097,2,0,2,0,0,0,0,2,2,no,,bank0:0xE376=load_164b_and_80 [writer]; bank0:0xE37B=store_a_to_dptr_then_164c_164e [writer],k343c5b06d675
0x164E,main-ec,DAT_EXTMEM,0x164C-0x164E,main-ec-097,2,0,2,0,0,0,0,2,2,no,,bank0:0xE376=load_164b_and_80 [writer]; bank0:0xE37B=store_a_to_dptr_then_164c_164e [writer],k343c5b06d675
0x1654,main-ec,DAT_EXTMEM,0x1654-0x1657,main-ec-020,18,0,18,0,0,0,0,18,18,no,,bank0:0x8000=clear_1654_block_load_1900 [writer]; common:0x7401=FUN_CODE_7401; common:0x7404=FUN_CODE_7404; common:0x7405=FUN_CODE_7405; common:0x7408=FUN_CODE_7408; common:0x7410=FUN_CODE_7410; common:0x741C=FUN_CODE_741c; common:0x7602=FUN_CODE_7602; common:0x7848=FUN_CODE_7848; common:0x7883=FUN_CODE_7883; common:0x7BFF=FUN_CODE_7bff; common:0x7C02=FUN_CODE_7c02; common:0x7DF2=FUN_CODE_7df2; common:0x7E01=FUN_CODE_7e01; common:0x7F01=FUN_CODE_7f01; common:0x7F02=FUN_CODE_7f02; common:0x7FF1=FUN_CODE_7ff1; common:0x7FFF=FUN_CODE_7fff,k46c3483adfd3
0x1655,main-ec,DAT_EXTMEM,0x1654-0x1657,main-ec-020,18,0,18,0,0,0,0,18,18,no,,bank0:0x8000=clear_1654_block_load_1900 [writer]; common:0x7401=FUN_CODE_7401; common:0x7404=FUN_CODE_7404; common:0x7405=FUN_CODE_7405; common:0x7408=FUN_CODE_7408; common:0x7410=FUN_CODE_7410; common:0x741C=FUN_CODE_741c; common:0x7602=FUN_CODE_7602; common:0x7848=FUN_CODE_7848; common:0x7883=FUN_CODE_7883; common:0x7BFF=FUN_CODE_7bff; common:0x7C02=FUN_CODE_7c02; common:0x7DF2=FUN_CODE_7df2; common:0x7E01=FUN_CODE_7e01; common:0x7F01=FUN_CODE_7f01; common:0x7F02=FUN_CODE_7f02; common:0x7FF1=FUN_CODE_7ff1; common:0x7FFF=FUN_CODE_7fff,k46c3483adfd3
0x1656,main-ec,DAT_EXTMEM,0x1654-0x1657,main-ec-020,18,0,18,0,0,0,0,18,18,no,,bank0:0x8000=clear_1654_block_load_1900 [writer]; common:0x7401=FUN_CODE_7401; common:0x7404=FUN_CODE_7404; common:0x7405=FUN_CODE_7405; common:0x7408=FUN_CODE_7408; common:0x7410=FUN_CODE_7410; common:0x741C=FUN_CODE_741c; common:0x7602=FUN_CODE_7602; common:0x7848=FUN_CODE_7848; common:0x7883=FUN_CODE_7883; common:0x7BFF=FUN_CODE_7bff; common:0x7C02=FUN_CODE_7c02; common:0x7DF2=FUN_CODE_7df2; common:0x7E01=FUN_CODE_7e01; common:0x7F01=FUN_CODE_7f01; common:0x7F02=FUN_CODE_7f02; common:0x7FF1=FUN_CODE_7ff1; common:0x7FFF=FUN_CODE_7fff,k46c3483adfd3
0x1657,main-ec,DAT_EXTMEM,0x1654-0x1657,main-ec-020,18,0,18,0,0,0,0,18,18,no,,bank0:0x8000=clear_1654_block_load_1900 [writer]; common:0x7401=FUN_CODE_7401; common:0x7404=FUN_CODE_7404; common:0x7405=FUN_CODE_7405; common:0x7408=FUN_CODE_7408; common:0x7410=FUN_CODE_7410; common:0x741C=FUN_CODE_741c; common:0x7602=FUN_CODE_7602; common:0x7848=FUN_CODE_7848; common:0x7883=FUN_CODE_7883; common:0x7BFF=FUN_CODE_7bff; common:0x7C02=FUN_CODE_7c02; common:0x7DF2=FUN_CODE_7df2; common:0x7E01=FUN_CODE_7e01; common:0x7F01=FUN_CODE_7f01; common:0x7F02=FUN_CODE_7f02; common:0x7FF1=FUN_CODE_7ff1; common:0x7FFF=FUN_CODE_7fff,k46c3483adfd3
0x1659,main-ec,DAT_EXTMEM,0x1659-0x1659,main-ec-024,4,3,1,0,0,0,1,1,1,yes,,bank0:0xCDC3=FUN_CODE_cdc3,kb069a96ca8db
0x165C,main-ec,DAT_EXTMEM,0x165C-0x165C,main-ec-024,1,0,1,0,0,0,0,1,1,yes,,bank0:0xCDC3=FUN_CODE_cdc3,kb069a96ca8db
0x1663,main-ec,DAT_EXTMEM,0x1663-0x1668,main-ec-338,2,2,0,0,0,0,2,0,2,no,,bank0:0xC1B1=test_1663_bit6 [reader]; bank0:0xC1BE=test_1663_bit6_inverted [reader],k752b15f2993a
0x1664,main-ec,symbol,0x1663-0x1668,main-ec-369,1,1,0,0,0,0,1,0,1,yes,XDATA_1664,bank0:0xC1E7=test_1664_bit0 [reader],k3bf86239c060
0x1665,main-ec,DAT_EXTMEM,0x1663-0x1668,main-ec-305,4,4,0,0,0,0,4,0,4,no,,bank0:0xC251=test_1665_bit0_inverted [reader]; bank0:0xC26E=FUN_CODE_c26e; bank0:0xC295=test_1665_bit4_inverted [reader]; bank0:0xD9FE=seed_07d3_gfid_and_08xx_defaults [init],k438e62889264
0x1666,main-ec,DAT_EXTMEM,0x1663-0x1668,main-ec-001,1,1,0,0,0,0,1,0,1,yes,,bank0:0xD9FE=seed_07d3_gfid_and_08xx_defaults [init],k7497cf885614
0x1667,main-ec,DAT_EXTMEM,0x1663-0x1668,main-ec-339,2,2,0,0,0,0,2,0,2,no,,bank0:0xC349=test_1667_bit0 [logic]; bank0:0xC356=test_1667_bit0_inverted [logic],k2f6325b88c6a
0x1668,main-ec,DAT_EXTMEM,0x1663-0x1668,main-ec-370,1,1,0,0,0,0,1,0,1,yes,,bank0:0xC412=test_1668_bit4 [logic],kf2f4bdf845a5
0x166A,main-ec,DAT_EXTMEM,0x166A-0x166A,main-ec-001,3,3,0,0,0,0,2,0,2,no,,bank0:0xC4D9=test_166a_bit7_inverted [logic]; bank0:0xD9FE=seed_07d3_gfid_and_08xx_defaults [init],k7497cf885614
0x1674,main-ec,DAT_EXTMEM,0x1674-0x1674,main-ec-371,1,0,1,0,0,0,0,1,1,yes,,bank0:0xBFDE=init_xdata_from_code_table_64fd [copy],kf982a2e90e26
0x16E7,main-ec,DAT_EXTMEM,0x16E7-0x16E7,main-ec-040,2,1,0,1,0,0,1,1,1,yes,,common:0x0200=post_05e8_init_1042_16e7 [unresolved],k34c812291690
0x16F1,main-ec,DAT_EXTMEM,0x16F1-0x16F1,main-ec-006,7,3,1,3,0,0,3,4,4,no,,bank0:0xB053=clear_16f1_bit5_then_store_0x80_pair [writer]; bank0:0xD946=FUN_CODE_d946; bank0:0xDE65=init_163e_16f1_300e_3008 [init]; bank1:0x9B3C=FUN_CODE_9b3c,ka07bfc4f80cd
0x1700,main-ec,DAT_EXTMEM,0x1700-0x1702,main-ec-083,6,2,4,0,0,0,2,4,6,no,,bank0:0x3A60=cascade_gate_170a_1709_1708 [dispatch]; bank1:0x3A60=FUN_CODE_3a60; common:0x012F=chan_init_170a_then_jmp_11b6 [init]; common:0x07B6=FUN_CODE_07b6; common:0x07C1=FUN_CODE_07c1; common:0x30A6=FUN_CODE_30a6,kc918d51e130c
0x1701,main-ec,DAT_EXTMEM,0x1700-0x1702,main-ec-083,5,2,3,0,0,0,2,3,5,no,,bank0:0x3A60=cascade_gate_170a_1709_1708 [dispatch]; bank1:0x3A60=FUN_CODE_3a60; common:0x07B6=FUN_CODE_07b6; common:0x07C1=FUN_CODE_07c1; common:0x30A6=FUN_CODE_30a6,kc918d51e130c
0x1702,main-ec,DAT_EXTMEM,0x1700-0x1702,main-ec-083,6,2,4,0,0,0,2,4,6,no,,bank0:0x3A60=cascade_gate_170a_1709_1708 [dispatch]; bank1:0x3A60=FUN_CODE_3a60; common:0x07B6=FUN_CODE_07b6; common:0x07C1=FUN_CODE_07c1; common:0x07D0=FUN_CODE_07d0; common:0x30A6=FUN_CODE_30a6,kc918d51e130c
0x1708,main-ec,DAT_EXTMEM,0x1708-0x170A,main-ec-082,6,6,0,0,0,0,5,0,5,no,,bank0:0x3A60=cascade_gate_170a_1709_1708 [dispatch]; bank1:0x3A60=FUN_CODE_3a60; common:0x029B=chan_init_1708_then_jmp_11c2 [init]; common:0x3459=FUN_CODE_3459; common:0x3578=thunk_FUN_CODE_3459,k98186646c95f
0x1709,main-ec,DAT_EXTMEM,0x1708-0x170A,main-ec-082,6,6,0,0,0,0,5,0,5,no,,bank0:0x3A60=cascade_gate_170a_1709_1708 [dispatch]; bank1:0x3A60=FUN_CODE_3a60; common:0x018C=chan_init_1709_then_jmp_11bc [init]; common:0x3459=FUN_CODE_3459; common:0x3578=thunk_FUN_CODE_3459,k98186646c95f
0x170A,main-ec,DAT_EXTMEM,0x1708-0x170A,main-ec-082,6,6,0,0,0,0,5,0,5,no,,bank0:0x3A60=cascade_gate_170a_1709_1708 [dispatch]; bank1:0x3A60=FUN_CODE_3a60; common:0x012F=chan_init_170a_then_jmp_11b6 [init]; common:0x3459=FUN_CODE_3459; common:0x3578=thunk_FUN_CODE_3459,k98186646c95f
0x170C,main-ec,DAT_EXTMEM,0x170C-0x170E,main-ec-372,1,1,0,0,0,0,1,0,1,yes,,common:0x029B=chan_init_1708_then_jmp_11c2 [init],k278e8a133184
0x170D,main-ec,DAT_EXTMEM,0x170C-0x170E,main-ec-373,1,1,0,0,0,0,1,0,1,yes,,common:0x018C=chan_init_1709_then_jmp_11bc [init],kc3d9f5899abf
0x170E,main-ec,DAT_EXTMEM,0x170C-0x170E,main-ec-374,1,1,0,0,0,0,1,0,1,yes,,common:0x012F=chan_init_170a_then_jmp_11b6 [init],k79042d7e6937
0x1802,main-ec,DAT_EXTMEM,0x1802-0x1805,main-ec-054,7,4,1,2,0,0,1,1,1,yes,,bank0:0xB38E=step_1802_toward_bf12_limited_by_09cd [state],kb77916be3ffe
0x1803,main-ec,DAT_EXTMEM,0x1802-0x1805,main-ec-026,8,0,8,0,0,0,0,5,5,no,,bank0:0xA426=FUN_CODE_a426; bank0:0xA4D6=zero_1803_1805_1808_then_set_0852_0854_to_ff [writer]; bank0:0xA663=gate_0767_06e6_0741_then_dispatch_076f [dispatch]; bank0:0xA678=forward_to_a426 [forwarder]; bank0:0xA747=stage_0769_076e_convert_to_1803 [state],k776555ac7100
0x1804,main-ec,DAT_EXTMEM,0x1802-0x1805,main-ec-001,46,24,14,6,0,2,5,10,12,no,,bank0:0x8749=mode_tick_084c_07a5_09ee [state]; bank0:0x888D=fan_table_mailbox_handler [dispatch]; bank0:0x8931=threshold_cascade_from_08eb_085f [unresolved]; bank0:0x8B14=FUN_CODE_8b14; bank0:0x8C46=ramp_1804_1809_toward_0461_0469 [state]; bank0:0x8DE0=ramp_1804_toward_0670_and_set_1809 [state]; bank0:0x8F03=call_bb28_on_1804 [forwarder]; bank0:0xB4A8=FUN_CODE_b4a8; bank0:0xBB22=mov_a_c8 [unresolved]; bank0:0xBB24=store_a_to_1804 [writer]; bank0:0xBEB4=dec_dptr_byte_and_set_1804 [writer]; bank0:0xD5A6=FUN_CODE_d5a6,k7497cf885614
0x1805,main-ec,DAT_EXTMEM,0x1802-0x1805,main-ec-026,8,0,8,0,0,0,0,5,5,no,,bank0:0xA426=FUN_CODE_a426; bank0:0xA663=gate_0767_06e6_0741_then_dispatch_076f [dispatch]; bank0:0xA678=forward_to_a426 [forwarder]; bank0:0xA747=stage_0769_076e_convert_to_1803 [state]; bank0:0xBE21=write_a_to_x1805_and_x1808 [writer],k776555ac7100
0x1807,main-ec,DAT_EXTMEM,0x1807-0x1809,main-ec-172,1,0,1,0,0,0,0,1,1,yes,,bank0:0xC030=set_1615_40_and_clear_1807 [writer],ka5d26f892b69
0x1808,main-ec,DAT_EXTMEM,0x1807-0x1809,main-ec-026,9,0,9,0,0,0,0,6,6,no,,bank0:0xA426=FUN_CODE_a426; bank0:0xA663=gate_0767_06e6_0741_then_dispatch_076f [dispatch]; bank0:0xA678=forward_to_a426 [forwarder]; bank0:0xA6C6=table_63be_lookup_into_1808_then_inc_0857 [math]; bank0:0xA747=stage_0769_076e_convert_to_1803 [state]; bank0:0xBE21=write_a_to_x1805_and_x1808 [writer],k776555ac7100
0x1809,main-ec,DAT_EXTMEM,0x1807-0x1809,main-ec-001,31,15,11,4,0,1,4,4,7,no,,bank0:0x8749=mode_tick_084c_07a5_09ee [state]; bank0:0x8B14=FUN_CODE_8b14; bank0:0x8C46=ramp_1804_1809_toward_0461_0469 [state]; bank0:0x8DE0=ramp_1804_toward_0670_and_set_1809 [state]; bank0:0xB4A8=FUN_CODE_b4a8; bank0:0xBE68=x0469_minus_x1809 [math]; bank0:0xD5A6=FUN_CODE_d5a6,k7497cf885614
0x181E,main-ec,DAT_EXTMEM,0x181E-0x1821,main-ec-174,1,0,0,0,1,0,0,0,1,yes,,bank0:0xDFDF=gate_06e6_then_store_0464 [math],kac1608fff17e
0x181F,main-ec,DAT_EXTMEM,0x181E-0x1821,main-ec-174,1,1,0,0,0,0,1,0,1,yes,,bank0:0xDFDF=gate_06e6_then_store_0464 [math],kac1608fff17e
0x1820,main-ec,DAT_EXTMEM,0x181E-0x1821,main-ec-156,2,0,0,0,2,0,0,0,2,no,,bank0:0xE010=load_06e6 [reader]; bank0:0xE014=branch_on_06e6_eq_1 [logic],kdf91aad728ee
0x1821,main-ec,DAT_EXTMEM,0x181E-0x1821,main-ec-156,2,2,0,0,0,0,2,0,2,no,,bank0:0xE010=load_06e6 [reader]; bank0:0xE014=branch_on_06e6_eq_1 [logic],kdf91aad728ee
0x1900,main-ec,DAT_EXTMEM,0x1900-0x1902,main-ec-020,23,3,18,2,0,0,2,20,20,no,,bank0:0x8000=clear_1654_block_load_1900 [writer]; bank0:0x8294=FUN_CODE_8294; bank0:0xBAFD=store_a_then_set_bits_1_and_0_of_1900 [writer]; common:0x7401=FUN_CODE_7401; common:0x7404=FUN_CODE_7404; common:0x7405=FUN_CODE_7405; common:0x7408=FUN_CODE_7408; common:0x7410=FUN_CODE_7410; common:0x741C=FUN_CODE_741c; common:0x7602=FUN_CODE_7602; common:0x7848=FUN_CODE_7848; common:0x7883=FUN_CODE_7883; common:0x7BFF=FUN_CODE_7bff; common:0x7C02=FUN_CODE_7c02; common:0x7DF2=FUN_CODE_7df2; common:0x7E01=FUN_CODE_7e01; common:0x7F01=FUN_CODE_7f01; common:0x7F02=FUN_CODE_7f02; common:0x7FF1=FUN_CODE_7ff1; common:0x7FFF=FUN_CODE_7fff,k46c3483adfd3
0x1901,main-ec,DAT_EXTMEM,0x1900-0x1902,main-ec-020,27,4,19,4,0,0,4,23,23,no,,bank0:0x8000=clear_1654_block_load_1900 [writer]; bank0:0x8016=write_1900_twice_set_1901 [writer]; bank0:0xBA3D=store_a_to_dptr_ba3d [writer]; bank0:0xBA3E=clear_bit0_1901 [writer]; bank0:0xBAFD=store_a_then_set_bits_1_and_0_of_1900 [writer]; bank0:0xBB08=store_a_then_set_bit0_1901 [writer]; common:0x7401=FUN_CODE_7401; common:0x7404=FUN_CODE_7404; common:0x7405=FUN_CODE_7405; common:0x7408=FUN_CODE_7408; common:0x7410=FUN_CODE_7410; common:0x741C=FUN_CODE_741c; common:0x7602=FUN_CODE_7602; common:0x7848=FUN_CODE_7848; common:0x7883=FUN_CODE_7883; common:0x7BFF=FUN_CODE_7bff; common:0x7C02=FUN_CODE_7c02; common:0x7DF2=FUN_CODE_7df2; common:0x7E01=FUN_CODE_7e01; common:0x7F01=FUN_CODE_7f01; common:0x7F02=FUN_CODE_7f02; common:0x7FF1=FUN_CODE_7ff1; common:0x7FFF=FUN_CODE_7fff,k46c3483adfd3
0x1902,main-ec,DAT_EXTMEM,0x1900-0x1902,main-ec-020,22,0,22,0,0,0,0,22,22,no,,bank0:0x8000=clear_1654_block_load_1900 [writer]; bank0:0x8016=write_1900_twice_set_1901 [writer]; bank0:0x801D=load_a0_fall_into_801f [writer]; bank0:0x801F=store_1901 [writer]; bank0:0x8020=write_15_to_1902 [writer]; common:0x7401=FUN_CODE_7401; common:0x7404=FUN_CODE_7404; common:0x7405=FUN_CODE_7405; common:0x7408=FUN_CODE_7408; common:0x7410=FUN_CODE_7410; common:0x741C=FUN_CODE_741c; common:0x7602=FUN_CODE_7602; common:0x7848=FUN_CODE_7848; common:0x7883=FUN_CODE_7883; common:0x7BFF=FUN_CODE_7bff; common:0x7C02=FUN_CODE_7c02; common:0x7DF2=FUN_CODE_7df2; common:0x7E01=FUN_CODE_7e01; common:0x7F01=FUN_CODE_7f01; common:0x7F02=FUN_CODE_7f02; common:0x7FF1=FUN_CODE_7ff1; common:0x7FFF=FUN_CODE_7fff,k46c3483adfd3
0x1904,main-ec,DAT_EXTMEM,0x1904-0x1904,main-ec-027,12,5,1,1,0,5,4,2,7,no,,bank0:0x8048=unresolved_midstream_bytes [unresolved]; bank0:0x8054=index_case_00 [writer]; bank0:0x805B=index_table_default; bank0:0x815D=index_case_04 [writer]; bank0:0x8274=index_table_default [dispatch]; bank0:0x8294=FUN_CODE_8294; bank0:0xBE7E=write_9f_to_x1904 [writer],k809809200125
0x1906,main-ec,DAT_EXTMEM,0x1906-0x1907,main-ec-306,4,2,2,0,0,0,2,2,4,no,,bank0:0x8094=index_case_01 [writer]; bank0:0x819D=index_case_05 [writer]; bank0:0xBB99=store_a_then_1906_init [writer]; bank0:0xBB9A=init_1906_to_9f [writer],kca578a342fde
0x1907,main-ec,DAT_EXTMEM,0x1906-0x1907,main-ec-375,1,1,0,0,0,0,1,0,1,yes,,bank0:0xBDAE=copy_x1907_to_x0a57 [copy],ka1c9acb5650a
0x1909,main-ec,DAT_EXTMEM,0x1909-0x190A,main-ec-323,3,2,1,0,0,0,2,1,3,no,,bank0:0x80D7=index_case_02 [writer]; bank0:0x81DF=index_case_06 [writer]; bank0:0xBE88=write_9f_to_x1909 [writer],kc2dfbc0c0e7b
0x190A,main-ec,DAT_EXTMEM,0x1909-0x190A,main-ec-376,1,1,0,0,0,0,1,0,1,yes,,bank0:0xBDBA=copy_x190a_to_x0a57 [copy],kc086793b75ab
0x190C,main-ec,DAT_EXTMEM,0x190C-0x190D,main-ec-027,4,2,2,0,0,0,2,2,3,no,,bank0:0x811A=index_case_03 [writer]; bank0:0x8294=FUN_CODE_8294; bank0:0xBE92=write_9f_to_x190c [writer],k809809200125
0x190D,main-ec,DAT_EXTMEM,0x190C-0x190D,main-ec-377,1,1,0,0,0,0,1,0,1,yes,,bank0:0xBDC6=copy_x190d_to_x0a57 [copy],kb269e58985e3
0x1918,main-ec,DAT_EXTMEM,0x1918-0x1919,main-ec-027,3,3,0,0,0,0,2,0,2,no,,bank0:0x8294=FUN_CODE_8294; bank0:0xB9DF=copy_x1918_to_x0a57 [copy],k809809200125
0x1919,main-ec,DAT_EXTMEM,0x1918-0x1919,main-ec-027,2,1,0,0,1,0,1,0,2,no,,bank0:0x8294=FUN_CODE_8294; bank0:0xB9DF=copy_x1918_to_x0a57 [copy],k809809200125
0x1944,main-ec,DAT_EXTMEM,0x1944-0x1944,main-ec-027,2,0,2,0,0,0,0,1,1,yes,,bank0:0x8294=FUN_CODE_8294,k809809200125
0x1A04,main-ec,DAT_EXTMEM,0x1A04-0x1A04,main-ec-378,1,0,1,0,0,0,0,1,1,yes,,bank0:0xD5A6=FUN_CODE_d5a6,kf1149890784e
0x1B02,main-ec,DAT_EXTMEM,0x1B02-0x1B02,main-ec-063,1,0,1,0,0,0,0,1,1,yes,,common:0x27AB=FUN_CODE_27ab,k5b2be1a4ea6e
0x1B06,main-ec,DAT_EXTMEM,0x1B06-0x1B06,main-ec-063,1,0,1,0,0,0,0,1,1,yes,,common:0x27AB=FUN_CODE_27ab,k5b2be1a4ea6e
0x1B0A,main-ec,DAT_EXTMEM,0x1B0A-0x1B0A,main-ec-063,1,0,1,0,0,0,0,1,1,yes,,common:0x27AB=FUN_CODE_27ab,k5b2be1a4ea6e
0x1C00,main-ec,DAT_EXTMEM,0x1C00-0x1C05,main-ec-025,58,36,22,0,0,0,14,14,20,no,,bank0:0xD091=dispatch_on_0860 [dispatch]; bank0:0xD2BF=set_dptr_1c00_then_d2c2 [reader]; bank0:0xD2CB=store_a_to_1c05_then_d2d2 [writer]; bank1:0x859B=clear_1c04_1c05_set_1c00_ff [state]; bank1:0x9A41=step_0686_by_14_or_set_0681_80 [state]; bank1:0xAC36=write_1c00_ff_and_0680_04 [writer]; bank1:0xAC6D=set_0681_bit7 [writer]; bank1:0xC4D2=setup_1c00_block_with_arg_4c [state]; bank1:0xC4F0=poll_1c00_status_up_to_100_cycles [state]; bank1:0xC54C=setup_and_poll_1c00_block_with_arg_48 [state]; bank1:0xDE3C=FUN_CODE_de3c; bank1:0xDE9E=FUN_CODE_de9e; bank1:0xE100=FUN_CODE_e100; bank1:0xE237=gate_1c00_init_defaults [gate]; bank1:0xE27D=reset_1c00_group_and_toggle_03a0 [state]; bank1:0xE2C3=set_1c00_ff_clear_1c04_1c05 [writer]; bank1:0xE2D3=FUN_CODE_e2d3; bank1:0xE3B5=copy_03cd_03ce_03cf_to_1c02_1c04_1c05 [copy]; bank1:0xE490=stage_1c00_block_from_code_table_indexed_03c4 [logic]; bank1:0xE4E9=gate_1c00_bit1_then_1c00_ff [gate],k133a4ac2e88c
0x1C01,main-ec,DAT_EXTMEM,0x1C00-0x1C05,main-ec-025,14,0,14,0,0,0,0,12,12,no,,bank0:0xD2DA=stage_1c03_1c02_1c01 [writer]; bank1:0x99E0=set_1c01_2_and_0681_81 [writer]; bank1:0x99F4=set_1c01_0_and_0681_83 [writer]; bank1:0xC4D2=setup_1c00_block_with_arg_4c [state]; bank1:0xC4F0=poll_1c00_status_up_to_100_cycles [state]; bank1:0xC54C=setup_and_poll_1c00_block_with_arg_48 [state]; bank1:0xDE3C=FUN_CODE_de3c; bank1:0xE100=FUN_CODE_e100; bank1:0xE237=gate_1c00_init_defaults [gate]; bank1:0xE2D3=FUN_CODE_e2d3; bank1:0xE3B5=copy_03cd_03ce_03cf_to_1c02_1c04_1c05 [copy]; bank1:0xE490=stage_1c00_block_from_code_table_indexed_03c4 [logic],k133a4ac2e88c
0x1C02,main-ec,DAT_EXTMEM,0x1C00-0x1C05,main-ec-025,11,0,11,0,0,0,0,10,10,no,,bank0:0xD2DA=stage_1c03_1c02_1c01 [writer]; bank1:0xC4D2=setup_1c00_block_with_arg_4c [state]; bank1:0xC4F0=poll_1c00_status_up_to_100_cycles [state]; bank1:0xC54C=setup_and_poll_1c00_block_with_arg_48 [state]; bank1:0xDE3C=FUN_CODE_de3c; bank1:0xE100=FUN_CODE_e100; bank1:0xE237=gate_1c00_init_defaults [gate]; bank1:0xE2D3=FUN_CODE_e2d3; bank1:0xE3B5=copy_03cd_03ce_03cf_to_1c02_1c04_1c05 [copy]; bank1:0xE490=stage_1c00_block_from_code_table_indexed_03c4 [logic],k133a4ac2e88c
0x1C03,main-ec,DAT_EXTMEM,0x1C00-0x1C05,main-ec-025,12,0,12,0,0,0,0,10,10,no,,bank0:0xD2DA=stage_1c03_1c02_1c01 [writer]; bank1:0xC4D2=setup_1c00_block_with_arg_4c [state]; bank1:0xC4F0=poll_1c00_status_up_to_100_cycles [state]; bank1:0xC54C=setup_and_poll_1c00_block_with_arg_48 [state]; bank1:0xDE3C=FUN_CODE_de3c; bank1:0xE100=FUN_CODE_e100; bank1:0xE237=gate_1c00_init_defaults [gate]; bank1:0xE2D3=FUN_CODE_e2d3; bank1:0xE3B5=copy_03cd_03ce_03cf_to_1c02_1c04_1c05 [copy]; bank1:0xE490=stage_1c00_block_from_code_table_indexed_03c4 [logic],k133a4ac2e88c
0x1C04,main-ec,DAT_EXTMEM,0x1C00-0x1C05,main-ec-025,23,6,13,0,4,0,5,11,15,no,,bank0:0xD091=dispatch_on_0860 [dispatch]; bank0:0xD289=clear_0860 [writer]; bank0:0xD28E=copy_0866_86b_to_1c04_1c3a [copy]; bank1:0x859B=clear_1c04_1c05_set_1c00_ff [state]; bank1:0xC4D2=setup_1c00_block_with_arg_4c [state]; bank1:0xC4F0=poll_1c00_status_up_to_100_cycles [state]; bank1:0xC54C=setup_and_poll_1c00_block_with_arg_48 [state]; bank1:0xDE3C=FUN_CODE_de3c; bank1:0xE100=FUN_CODE_e100; bank1:0xE237=gate_1c00_init_defaults [gate]; bank1:0xE27D=reset_1c00_group_and_toggle_03a0 [state]; bank1:0xE2C3=set_1c00_ff_clear_1c04_1c05 [writer]; bank1:0xE2D3=FUN_CODE_e2d3; bank1:0xE3B5=copy_03cd_03ce_03cf_to_1c02_1c04_1c05 [copy]; bank1:0xE490=stage_1c00_block_from_code_table_indexed_03c4 [logic],k133a4ac2e88c
0x1C05,main-ec,DAT_EXTMEM,0x1C00-0x1C05,main-ec-025,17,2,13,0,2,0,2,11,14,no,,bank0:0xD091=dispatch_on_0860 [dispatch]; bank0:0xD289=clear_0860 [writer]; bank0:0xD28E=copy_0866_86b_to_1c04_1c3a [copy]; bank0:0xD2CB=store_a_to_1c05_then_d2d2 [writer]; bank1:0x859B=clear_1c04_1c05_set_1c00_ff [state]; bank1:0xC4D2=setup_1c00_block_with_arg_4c [state]; bank1:0xC4F0=poll_1c00_status_up_to_100_cycles [state]; bank1:0xC54C=setup_and_poll_1c00_block_with_arg_48 [state]; bank1:0xE237=gate_1c00_init_defaults [gate]; bank1:0xE27D=reset_1c00_group_and_toggle_03a0 [state]; bank1:0xE2C3=set_1c00_ff_clear_1c04_1c05 [writer]; bank1:0xE2D3=FUN_CODE_e2d3; bank1:0xE3B5=copy_03cd_03ce_03cf_to_1c02_1c04_1c05 [copy]; bank1:0xE490=stage_1c00_block_from_code_table_indexed_03c4 [logic],k133a4ac2e88c
0x1C0A,main-ec,DAT_EXTMEM,0x1C0A-0x1C0A,main-ec-041,2,2,0,0,0,0,2,0,2,no,,bank1:0x9A41=step_0686_by_14_or_set_0681_80 [state]; bank1:0xAC6D=set_0681_bit7 [writer],k7d1a63001044
0x1C10,main-ec,DAT_EXTMEM,0x1C10-0x1C16,main-ec-340,2,0,2,0,0,0,0,2,2,no,,bank1:0x9A01=set_1c10_0_and_0681_84 [writer]; bank1:0x9A2E=set_1c10_1_and_0681_87 [writer],kaad7c33ee874
0x1C11,main-ec,DAT_EXTMEM,0x1C10-0x1C16,main-ec-044,16,8,8,0,0,0,4,6,8,no,,bank0:0xD091=dispatch_on_0860 [dispatch]; bank1:0x85AE=clear_1c15_1c16_set_1c11_ff [state]; bank1:0x9A78=step_0691_by_14_or_set_068c_80 [state]; bank1:0x9B3C=FUN_CODE_9b3c; bank1:0x9BE6=inc_694_by_2_set_68c_80 [writer]; bank1:0x9BF8=reset_1c11_1c15_1c16_set_68b_4 [state]; bank1:0x9CE8=FUN_CODE_9ce8; bank1:0x9D53=FUN_CODE_9d53,k4a4d02c14968
0x1C12,main-ec,DAT_EXTMEM,0x1C10-0x1C16,main-ec-048,5,0,5,0,0,0,0,5,5,no,,bank0:0xD2EF=stage_0862_0865_into_1c12_1c14 [copy]; bank1:0x9CE8=FUN_CODE_9ce8; bank1:0x9D53=FUN_CODE_9d53; bank1:0x9E37=set_1c12_2_and_68c_81 [writer]; bank1:0x9E4B=set_1c12_0_and_68c_83 [writer],k9a54dc8a4a0a
0x1C13,main-ec,DAT_EXTMEM,0x1C10-0x1C16,main-ec-048,3,0,3,0,0,0,0,3,3,no,,bank0:0xD2EF=stage_0862_0865_into_1c12_1c14 [copy]; bank1:0x9CE8=FUN_CODE_9ce8; bank1:0x9D53=FUN_CODE_9d53,k9a54dc8a4a0a
0x1C14,main-ec,DAT_EXTMEM,0x1C10-0x1C16,main-ec-048,3,0,3,0,0,0,0,3,3,no,,bank0:0xD2EF=stage_0862_0865_into_1c12_1c14 [copy]; bank1:0x9CE8=FUN_CODE_9ce8; bank1:0x9D53=FUN_CODE_9d53,k9a54dc8a4a0a
0x1C15,main-ec,DAT_EXTMEM,0x1C10-0x1C16,main-ec-044,16,5,10,0,1,0,2,8,9,no,,bank0:0xD091=dispatch_on_0860 [dispatch]; bank0:0xD289=clear_0860 [writer]; bank0:0xD28E=copy_0866_86b_to_1c04_1c3a [copy]; bank1:0x85AE=clear_1c15_1c16_set_1c11_ff [state]; bank1:0x9B3C=FUN_CODE_9b3c; bank1:0x9BE6=inc_694_by_2_set_68c_80 [writer]; bank1:0x9BF8=reset_1c11_1c15_1c16_set_68b_4 [state]; bank1:0x9CE8=FUN_CODE_9ce8; bank1:0x9D53=FUN_CODE_9d53,k4a4d02c14968
0x1C16,main-ec,DAT_EXTMEM,0x1C10-0x1C16,main-ec-044,11,1,10,0,0,0,1,8,9,no,,bank0:0xD091=dispatch_on_0860 [dispatch]; bank0:0xD289=clear_0860 [writer]; bank0:0xD28E=copy_0866_86b_to_1c04_1c3a [copy]; bank1:0x85AE=clear_1c15_1c16_set_1c11_ff [state]; bank1:0x9B3C=FUN_CODE_9b3c; bank1:0x9BE6=inc_694_by_2_set_68c_80 [writer]; bank1:0x9BF8=reset_1c11_1c15_1c16_set_68b_4 [state]; bank1:0x9CE8=FUN_CODE_9ce8; bank1:0x9D53=FUN_CODE_9d53,k4a4d02c14968
0x1C1B,main-ec,DAT_EXTMEM,0x1C1B-0x1C1B,main-ec-041,1,1,0,0,0,0,1,0,1,yes,,bank1:0x9A78=step_0691_by_14_or_set_068c_80 [state],k7d1a63001044
0x1C21,main-ec,DAT_EXTMEM,0x1C21-0x1C21,main-ec-341,2,0,2,0,0,0,0,2,2,no,,bank1:0x9E58=set_1c21_0_and_68c_84 [writer]; bank1:0x9E85=set_1c21_1_and_68c_87 [writer],kd0d81314c347
0x1C29,main-ec,DAT_EXTMEM,0x1C29-0x1C29,main-ec-102,1,1,0,0,0,0,1,0,1,yes,,bank0:0xD091=dispatch_on_0860 [dispatch],k140ceae82ddd
0x1C34,main-ec,DAT_EXTMEM,0x1C34-0x1C3A,main-ec-307,4,2,0,2,0,0,1,1,1,yes,,bank0:0xE9DE=rmw_1603_and_wait_tf1_2500_times [delay],k6d8d9e987cc8
0x1C35,main-ec,DAT_EXTMEM,0x1C34-0x1C3A,main-ec-342,2,0,0,0,0,2,0,0,2,no,,bank0:0x031C=poll_d6c2_then_branch; bank0:0xD236=poll_d6c2_then_branch [state],k0213c96f1a32
0x1C36,main-ec,DAT_EXTMEM,0x1C34-0x1C3A,main-ec-104,1,0,1,0,0,0,0,1,1,yes,,bank0:0xD304=stage_0862_0865_into_1c36_1c38 [copy],k2d4d38c8927b
0x1C37,main-ec,DAT_EXTMEM,0x1C34-0x1C3A,main-ec-104,1,0,1,0,0,0,0,1,1,yes,,bank0:0xD304=stage_0862_0865_into_1c36_1c38 [copy],k2d4d38c8927b
0x1C38,main-ec,DAT_EXTMEM,0x1C34-0x1C3A,main-ec-104,1,0,1,0,0,0,0,1,1,yes,,bank0:0xD304=stage_0862_0865_into_1c36_1c38 [copy],k2d4d38c8927b
0x1C39,main-ec,symbol,0x1C34-0x1C3A,main-ec-003,3,1,2,0,0,0,1,2,3,no,XDATA_1C39,bank0:0xD091=dispatch_on_0860 [dispatch]; bank0:0xD289=clear_0860 [writer]; bank0:0xD28E=copy_0866_86b_to_1c04_1c3a [copy],ka39cda99615f
0x1C3A,main-ec,symbol,0x1C34-0x1C3A,main-ec-003,3,1,2,0,0,0,1,2,3,no,XDATA_1C3A,bank0:0xD091=dispatch_on_0860 [dispatch]; bank0:0xD289=clear_0860 [writer]; bank0:0xD28E=copy_0866_86b_to_1c04_1c3a [copy],ka39cda99615f
0x1C41,main-ec,DAT_EXTMEM,0x1C41-0x1C41,main-ec-094,2,0,2,0,0,0,0,2,2,no,,bank0:0xED47=gate_a4b_eq_9 [gate]; bank0:0xED52=write_1c41_12_copy_0a49_0a4a_clear_1601_bit4 [writer],k9e24439bf134
0x1D00,main-ec,DAT_EXTMEM,0x1D00-0x1D01,main-ec-021,21,6,14,1,0,0,6,9,9,no,,common:0x223F=FUN_CODE_223f; common:0x2275=FUN_CODE_2275; common:0x2290=FUN_CODE_2290; common:0x22EF=FUN_CODE_22ef; common:0x23F4=FUN_CODE_23f4; common:0x2797=FUN_CODE_2797; common:0x27AB=FUN_CODE_27ab; common:0x2A99=FUN_CODE_2a99; common:0x2A9A=FUN_CODE_2a9a,k2937e8e4fdb0
0x1D01,main-ec,DAT_EXTMEM,0x1D00-0x1D01,main-ec-021,11,1,9,1,0,0,1,7,7,no,,common:0x223F=FUN_CODE_223f; common:0x2275=FUN_CODE_2275; common:0x2290=FUN_CODE_2290; common:0x22EF=FUN_CODE_22ef; common:0x23F4=FUN_CODE_23f4; common:0x2797=FUN_CODE_2797; common:0x27AB=FUN_CODE_27ab,k2937e8e4fdb0
0x1D04,main-ec,DAT_EXTMEM,0x1D04-0x1D04,main-ec-021,9,5,0,0,2,2,4,0,5,no,,common:0x223F=FUN_CODE_223f; common:0x2275=FUN_CODE_2275; common:0x2290=FUN_CODE_2290; common:0x22EF=FUN_CODE_22ef; common:0x2632=FUN_CODE_2632,k2937e8e4fdb0
0x1E03,main-ec,DAT_EXTMEM,0x1E03-0x1E03,main-ec-162,1,0,1,0,0,0,0,1,1,yes,,common:0x0FE6=FUN_CODE_0fe6,k309888b6136f
0x1E06,main-ec,DAT_EXTMEM,0x1E06-0x1E06,main-ec-162,2,1,1,0,0,0,1,1,1,yes,,common:0x0FE6=FUN_CODE_0fe6,k309888b6136f
0x1F01,main-ec,symbol,0x1F01-0x1F01,main-ec-011,1,0,1,0,0,0,0,1,1,yes,XDATA_1F01,bank0:0xD065=init_1f01_1f06_1f07 [writer],k2a30862cf8eb
0x1F06,main-ec,DAT_EXTMEM,0x1F06-0x1F07,main-ec-308,4,0,4,0,0,0,0,4,4,no,,bank0:0xD065=init_1f01_1f06_1f07 [writer]; bank0:0xD6EA=write_a_to_dptr_set_1f06 [writer]; bank0:0xD74F=write_33_to_1511_then_loop [writer]; bank0:0xD757=unresolved_multiarm_dispatch_d757 [unresolved],k20bd67848123
0x1F07,main-ec,symbol,0x1F06-0x1F07,main-ec-011,2,0,2,0,0,0,0,2,2,no,XDATA_1F07,bank0:0xD065=init_1f01_1f06_1f07 [writer]; bank1:0x94FA=magic_55aa_and_0704_countdown [state],k2a30862cf8eb
0x2000,main-ec,DAT_EXTMEM,0x2000-0x2002,main-ec-166,1,1,0,0,0,0,1,0,1,yes,,bank1:0x881B=copy_2000_2002_to_0450_0452 [copy],ke633bc19605f
0x2001,main-ec,DAT_EXTMEM,0x2000-0x2002,main-ec-056,3,3,0,0,0,0,3,0,3,no,,bank1:0x8801=single_movx_store_not_a_function [unresolved]; bank1:0x8802=ajmp_8822_not_a_function [unresolved]; bank1:0x881B=copy_2000_2002_to_0450_0452 [copy],k950fed5ff65b
0x2002,main-ec,DAT_EXTMEM,0x2000-0x2002,main-ec-056,3,3,0,0,0,0,3,0,3,no,,bank1:0x8801=single_movx_store_not_a_function [unresolved]; bank1:0x8802=ajmp_8822_not_a_function [unresolved]; bank1:0x881B=copy_2000_2002_to_0450_0452 [copy],k950fed5ff65b
0x2006,main-ec,DAT_EXTMEM,0x2006-0x2007,main-ec-075,17,14,2,1,0,0,14,3,16,no,,bank0:0xC43F=set_1609_bit0_and_write_44_to_2006 [writer]; bank0:0xC44D=clear_1609_bit0_and_write_04_to_2006 [writer]; bank0:0xFF17=ff_filler_not_a_function_ff17 [unresolved]; bank0:0xFF90=ff_filler_not_a_function_ff90 [unresolved]; bank1:0xF512=unimplemented_ff_fill_f512 [unresolved]; bank1:0xF70D=unimplemented_ff_fill_f70d [unresolved]; bank1:0xF727=unimplemented_ff_fill_f727 [unresolved]; bank1:0xF73E=unimplemented_ff_fill_f73e [unresolved]; bank1:0xF902=unimplemented_ff_fill_f902 [unresolved]; bank1:0xFF17=unimplemented_ff_fill_ff17 [unresolved]; bank1:0xFF63=unimplemented_ff_fill_ff63 [unresolved]; common:0x0000=reset_vector_forwarder_to_0070 [entry]; common:0x0046=FUN_CODE_0046; common:0x0070=reset_entry_stack_bank0_then_code_init [init]; common:0x0504=FUN_CODE_0504; common:0x0FE6=FUN_CODE_0fe6,kec5781593e3f
0x2007,main-ec,DAT_EXTMEM,0x2006-0x2007,main-ec-171,1,0,1,0,0,0,0,1,1,yes,,bank0:0x3AD6=write_10_2007_clear_1302_set_1300 [writer],k2bd3b61c232b
0x2009,main-ec,DAT_EXTMEM,0x2009-0x2009,main-ec-041,2,0,2,0,0,0,0,2,2,no,,bank1:0x9A41=step_0686_by_14_or_set_0681_80 [state]; bank1:0x9A78=step_0691_by_14_or_set_068c_80 [state],k7d1a63001044
0x200B,main-ec,DAT_EXTMEM,0x200B-0x200B,main-ec-220,16,0,16,0,0,0,0,15,15,no,,bank0:0x8648=clear_200b [writer]; bank0:0xD74F=write_33_to_1511_then_loop [writer]; bank0:0xD757=unresolved_multiarm_dispatch_d757 [unresolved]; bank1:0xA55C=write_0_to_200b_7_times [delay]; bank1:0xA567=write_0_to_200b_335_times [delay]; bank1:0xA57E=write_0_to_200b_r5_times_330 [delay]; bank1:0xC541=write_zero_to_200b_six_times [writer]; common:0x012F=chan_init_170a_then_jmp_11b6 [init]; common:0x018C=chan_init_1709_then_jmp_11bc [init]; common:0x029B=chan_init_1708_then_jmp_11c2 [init]; common:0x07B6=FUN_CODE_07b6; common:0x10F1=zero_xdata_200b [writer]; common:0x2AC1=FUN_CODE_2ac1; common:0x3609=FUN_CODE_3609; common:0x3E38=FUN_CODE_3e38,k53076d0d2682
0x200F,main-ec,DAT_EXTMEM,0x200F-0x200F,main-ec-379,1,0,1,0,0,0,0,1,1,yes,,bank0:0xB065=ten_count_gate_then_set_1300_and_200f [state],kbb4f0bd7e07d
0x2200,main-ec,DAT_EXTMEM,0x2200-0x2201,main-ec-101,2,1,1,0,0,0,1,1,2,no,,bank1:0x8834=zero_2200_2201_set_047e_ec [state]; bank1:0x8CEC=gate_then_copy_2200_to_075f [gate],k76d5a2a5d2ce
0x2201,main-ec,DAT_EXTMEM,0x2200-0x2201,main-ec-101,1,0,1,0,0,0,0,1,1,yes,,bank1:0x8834=zero_2200_2201_set_047e_ec [state],k76d5a2a5d2ce
0x2270,main-ec,DAT_EXTMEM,0x2270-0x2275,main-ec-175,1,0,1,0,0,0,0,1,1,yes,,bank0:0xE570=probe_c0_c1_expect_88_51_or_53 [gate],kf7300fa9b8aa
0x2271,main-ec,DAT_EXTMEM,0x2270-0x2275,main-ec-175,1,0,1,0,0,0,0,1,1,yes,,bank0:0xE570=probe_c0_c1_expect_88_51_or_53 [gate],kf7300fa9b8aa
0x2272,main-ec,DAT_EXTMEM,0x2270-0x2275,main-ec-010,3,2,1,0,0,0,1,1,1,yes,,bank0:0xEADA=FUN_CODE_eada,k733571bb7f66
0x2273,main-ec,DAT_EXTMEM,0x2270-0x2275,main-ec-010,3,2,1,0,0,0,1,1,1,yes,,bank0:0xEADA=FUN_CODE_eada,k733571bb7f66
0x2274,main-ec,DAT_EXTMEM,0x2270-0x2275,main-ec-010,1,0,1,0,0,0,0,1,1,yes,,bank0:0xEADA=FUN_CODE_eada,k733571bb7f66
0x2275,main-ec,DAT_EXTMEM,0x2270-0x2275,main-ec-010,1,0,1,0,0,0,0,1,1,yes,,bank0:0xEADA=FUN_CODE_eada,k733571bb7f66
0x29F8,main-ec,DAT_EXTMEM,0x29F8-0x29F8,main-ec-343,2,0,2,0,0,0,0,2,2,no,,bank1:0xED02=data_run_1a_1e [unresolved]; bank1:0xED3A=data_run_2e_3e [unresolved],k6d2d470c81f4
0x3000,main-ec,DAT_EXTMEM,0x3000-0x3008,main-ec-006,7,2,5,0,0,0,2,3,3,no,,bank0:0xDE83=stage_0a49_pair_then_30xx_block [unresolved]; bank1:0x9B3C=FUN_CODE_9b3c; bank1:0x9C53=FUN_CODE_9c53,ka07bfc4f80cd
0x3001,main-ec,DAT_EXTMEM,0x3000-0x3008,main-ec-006,3,0,3,0,0,0,0,3,3,no,,bank0:0xDE83=stage_0a49_pair_then_30xx_block [unresolved]; bank1:0x9B3C=FUN_CODE_9b3c; bank1:0x9C53=FUN_CODE_9c53,ka07bfc4f80cd
0x3002,main-ec,DAT_EXTMEM,0x3000-0x3008,main-ec-006,3,0,3,0,0,0,0,3,3,no,,bank0:0xDE83=stage_0a49_pair_then_30xx_block [unresolved]; bank1:0x9B3C=FUN_CODE_9b3c; bank1:0x9C53=FUN_CODE_9c53,ka07bfc4f80cd
0x3003,main-ec,DAT_EXTMEM,0x3000-0x3008,main-ec-006,3,0,3,0,0,0,0,3,3,no,,bank0:0xDE83=stage_0a49_pair_then_30xx_block [unresolved]; bank1:0x9B3C=FUN_CODE_9b3c; bank1:0x9C53=FUN_CODE_9c53,ka07bfc4f80cd
0x3004,main-ec,DAT_EXTMEM,0x3000-0x3008,main-ec-006,3,0,3,0,0,0,0,3,3,no,,bank0:0xDE83=stage_0a49_pair_then_30xx_block [unresolved]; bank1:0x9B3C=FUN_CODE_9b3c; bank1:0x9C53=FUN_CODE_9c53,ka07bfc4f80cd
0x3005,main-ec,DAT_EXTMEM,0x3000-0x3008,main-ec-006,3,0,3,0,0,0,0,3,3,no,,bank0:0xDE83=stage_0a49_pair_then_30xx_block [unresolved]; bank1:0x9B3C=FUN_CODE_9b3c; bank1:0x9C53=FUN_CODE_9c53,ka07bfc4f80cd
0x3006,main-ec,DAT_EXTMEM,0x3000-0x3008,main-ec-006,2,0,2,0,0,0,0,2,2,no,,bank0:0xDE83=stage_0a49_pair_then_30xx_block [unresolved]; bank1:0x9C53=FUN_CODE_9c53,ka07bfc4f80cd
0x3007,main-ec,DAT_EXTMEM,0x3000-0x3008,main-ec-006,6,6,0,0,0,0,2,0,2,no,,bank1:0x9B3C=FUN_CODE_9b3c; bank1:0x9C53=FUN_CODE_9c53,ka07bfc4f80cd
0x3008,main-ec,DAT_EXTMEM,0x3000-0x3008,main-ec-006,2,1,0,1,0,0,1,1,1,yes,,bank0:0xDE65=init_163e_16f1_300e_3008 [init],ka07bfc4f80cd
0x300E,main-ec,DAT_EXTMEM,0x300E-0x300E,main-ec-006,1,0,1,0,0,0,0,1,1,yes,,bank0:0xDE65=init_163e_16f1_300e_3008 [init],ka07bfc4f80cd
0x3105,main-ec,DAT_EXTMEM,0x3105-0x3105,main-ec-040,2,0,2,0,0,0,0,2,2,no,,common:0x0200=post_05e8_init_1042_16e7 [unresolved]; common:0x0213=FUN_CODE_0213,k34c812291690
0x310F,main-ec,DAT_EXTMEM,0x310F-0x310F,main-ec-042,2,2,0,0,0,0,1,0,1,yes,,common:0x0BDB=FUN_CODE_0bdb,kc7f099340bd3
0x31A1,main-ec,DAT_EXTMEM,0x31A1-0x31A2,main-ec-176,1,0,1,0,0,0,0,1,1,yes,,common:0x0F58=FUN_CODE_0f58,k99d3b3a29956
0x31A2,main-ec,DAT_EXTMEM,0x31A1-0x31A2,main-ec-176,1,0,1,0,0,0,0,1,1,yes,,common:0x0F58=FUN_CODE_0f58,k99d3b3a29956
0x3202,main-ec,DAT_EXTMEM,0x3202-0x3207,main-ec-282,6,6,0,0,0,0,4,0,4,no,,bank0:0xC0B8=return_1_unless_3202_bits_1_and_2 [logic]; bank0:0xC0C9=return_1_if_3202_bits_1_and_2 [logic]; bank0:0xC0DA=return_1_unless_3202_bit0 [logic]; bank0:0xC0E7=test_3202_bit0 [reader],kec5c5b776eda
0x3203,main-ec,DAT_EXTMEM,0x3202-0x3207,main-ec-098,2,2,0,0,0,0,1,0,1,yes,,common:0x0B5F=FUN_CODE_0b5f,k99211f3bb360
0x3204,main-ec,DAT_EXTMEM,0x3202-0x3207,main-ec-098,2,1,1,0,0,0,1,1,1,yes,,common:0x0B5F=FUN_CODE_0b5f,k99211f3bb360
0x3205,main-ec,DAT_EXTMEM,0x3202-0x3207,main-ec-042,2,1,1,0,0,0,1,1,2,no,,common:0x0BDB=FUN_CODE_0bdb; common:0x0C86=FUN_CODE_0c86,kc7f099340bd3
0x3206,main-ec,DAT_EXTMEM,0x3202-0x3207,main-ec-268,7,3,1,3,0,0,3,4,4,no,,bank0:0xD567=set_bits_0_and_4_of_3206 [writer]; common:0x0937=FUN_CODE_0937; common:0x0B5F=FUN_CODE_0b5f; common:0x3E38=FUN_CODE_3e38,kb4246489a89e
0x3207,main-ec,DAT_EXTMEM,0x3202-0x3207,main-ec-098,2,2,0,0,0,0,1,0,1,yes,,common:0x0B5F=FUN_CODE_0b5f,k99211f3bb360
0x3240,main-ec,DAT_EXTMEM,0x3240-0x3241,main-ec-157,2,1,0,1,0,0,1,1,1,yes,,common:0x0BC8=FUN_CODE_0bc8,kd0fe1c2102e7
0x3241,main-ec,DAT_EXTMEM,0x3240-0x3241,main-ec-157,2,2,0,0,0,0,1,0,1,yes,,common:0x0BC8=FUN_CODE_0bc8,kd0fe1c2102e7
0x3290,main-ec,DAT_EXTMEM,0x3290-0x3290,main-ec-155,2,1,0,1,0,0,1,1,1,yes,,common:0x063C=FUN_CODE_063c,k0b7f9545b4f2
0x9000,main-ec,DAT_EXTMEM,0x9000-0x9000,main-ec-380,1,0,0,0,0,1,0,0,1,yes,,common:0x0F75=FUN_CODE_0f75,k443864ceea70
0xFF40,pd,DAT_EXTMEM,0xFF40-0xFF40,pd-009,2,1,0,1,0,0,1,1,1,yes,,pd:0xF2FB=write_ffda_ffdb_10_ffd8_48_ff40_bit1 [writer],k2cfa2e41f886
0xFF42,pd,DAT_EXTMEM,0xFF42-0xFF42,pd-035,5,2,1,2,0,0,2,3,3,no,,pd:0xEBBB=init_sequence_with_ea_cleared [init]; pd:0xF598=set_00bd_bit1_clear_ff42_bit7 [writer]; pd:0xF5D1=set_ff42_bit7_if_00bd_zero [gate],k7b10e72fe771
0xFF4A,pd,DAT_EXTMEM,0xFF4A-0xFF4A,pd-023,2,1,0,1,0,0,1,1,1,yes,,pd:0xEBBB=init_sequence_with_ea_cleared [init],k662f8a41ac97
0xFF62,pd,DAT_EXTMEM,0xFF62-0xFF62,pd-045,2,1,0,1,0,0,1,1,1,yes,,pd:0xB17D=write_dptr_byte_set_00bd_bit0_clear_ff62_bit3 [writer],k456ed190c64c
0xFF80,pd,DAT_EXTMEM,0xFF80-0xFF80,pd-001,9,9,0,0,0,0,2,0,2,no,,pd:0xA8AE=event_dispatch_ff80_ffe0 [dispatch]; pd:0xAE9C=write_07d1_then_call_chain [logic],kb5652a66acb4
0xFF84,pd,DAT_EXTMEM,0xFF84-0xFF84,pd-001,2,0,0,0,2,0,0,0,2,no,,pd:0xA8AE=event_dispatch_ff80_ffe0 [dispatch]; pd:0xAE9C=write_07d1_then_call_chain [logic],kb5652a66acb4
0xFF88,pd,DAT_EXTMEM,0xFF88-0xFF88,pd-020,4,2,0,2,0,0,2,2,2,no,,pd:0xDFFA=init_sequence_then_ljmp_128d [init]; pd:0xEFB9=clear_0ffd3_ff88_ffe1_bits_then_ffd0_2e [writer],k9b54c8344527
0xFFC0,pd,DAT_EXTMEM,0xFFC0-0xFFC2,pd-001,1,1,0,0,0,0,1,0,1,yes,,pd:0xC62B=write_00b8_pattern_then_copy_ffc0_to_00d5 [copy],kb5652a66acb4
0xFFC1,pd,DAT_EXTMEM,0xFFC0-0xFFC2,pd-001,1,1,0,0,0,0,1,0,1,yes,,pd:0xC62B=write_00b8_pattern_then_copy_ffc0_to_00d5 [copy],kb5652a66acb4
0xFFC2,pd,DAT_EXTMEM,0xFFC0-0xFFC2,pd-001,2,2,0,0,0,0,2,0,2,no,,pd:0xC62B=write_00b8_pattern_then_copy_ffc0_to_00d5 [copy]; pd:0xCBB0=FUN_CODE_cbb0,kb5652a66acb4
0xFFC6,pd,DAT_EXTMEM,0xFFC6-0xFFC6,pd-039,4,2,0,2,0,0,2,2,2,no,,pd:0xF6F3=clear_ffc6_bit5 [writer]; pd:0xF6FB=set_ffc6_bit2 [writer],kcb6b3e471658
0xFFD0,pd,DAT_EXTMEM,0xFFD0-0xFFD1,pd-001,3,0,3,0,0,0,0,3,3,no,,pd:0xA8AE=event_dispatch_ff80_ffe0 [dispatch]; pd:0xAE9C=write_07d1_then_call_chain [logic]; pd:0xEFB9=clear_0ffd3_ff88_ffe1_bits_then_ffd0_2e [writer],kb5652a66acb4
0xFFD1,pd,DAT_EXTMEM,0xFFD0-0xFFD1,pd-001,3,0,3,0,0,0,0,3,3,no,,pd:0xA8AE=event_dispatch_ff80_ffe0 [dispatch]; pd:0xAE9C=write_07d1_then_call_chain [logic]; pd:0xEFB9=clear_0ffd3_ff88_ffe1_bits_then_ffd0_2e [writer],kb5652a66acb4
0xFFD3,pd,DAT_EXTMEM,0xFFD3-0xFFD5,pd-020,6,3,0,3,0,0,3,3,3,no,,pd:0xDA44=poll_0208_0209_then_spin [logic]; pd:0xDFFA=init_sequence_then_ljmp_128d [init]; pd:0xEFB9=clear_0ffd3_ff88_ffe1_bits_then_ffd0_2e [writer],k9b54c8344527
0xFFD4,pd,DAT_EXTMEM,0xFFD3-0xFFD5,pd-032,10,5,1,4,0,0,3,3,3,no,,pd:0xD435=FUN_CODE_d435; pd:0xD72E=FUN_CODE_d72e; pd:0xF1B0=FUN_CODE_f1b0,k640e943591cd
0xFFD5,pd,DAT_EXTMEM,0xFFD3-0xFFD5,pd-040,4,2,1,1,0,0,2,2,2,no,,pd:0xDFFA=init_sequence_then_ljmp_128d [init]; pd:0xE458=store_07d8_and_dispatch_07da [dispatch],kf41c9cb5c306
0xFFD8,pd,DAT_EXTMEM,0xFFD8-0xFFD8,pd-009,1,0,1,0,0,0,0,1,1,yes,,pd:0xF2FB=write_ffda_ffdb_10_ffd8_48_ff40_bit1 [writer],k2cfa2e41f886
0xFFDA,pd,DAT_EXTMEM,0xFFDA-0xFFDB,pd-009,1,0,1,0,0,0,0,1,1,yes,,pd:0xF2FB=write_ffda_ffdb_10_ffd8_48_ff40_bit1 [writer],k2cfa2e41f886
0xFFDB,pd,DAT_EXTMEM,0xFFDA-0xFFDB,pd-009,1,0,1,0,0,0,0,1,1,yes,,pd:0xF2FB=write_ffda_ffdb_10_ffd8_48_ff40_bit1 [writer],k2cfa2e41f886
0xFFDF,pd,DAT_EXTMEM,0xFFDF-0xFFE2,pd-023,1,0,1,0,0,0,0,1,1,yes,,pd:0xEBBB=init_sequence_with_ea_cleared [init],k662f8a41ac97
0xFFE0,pd,DAT_EXTMEM,0xFFDF-0xFFE2,pd-001,10,3,7,0,0,0,2,2,2,no,,pd:0xA8AE=event_dispatch_ff80_ffe0 [dispatch]; pd:0xAE9C=write_07d1_then_call_chain [logic],kb5652a66acb4
0xFFE1,pd,DAT_EXTMEM,0xFFDF-0xFFE2,pd-001,8,5,0,3,0,0,3,3,3,no,,pd:0xA8AE=event_dispatch_ff80_ffe0 [dispatch]; pd:0xAE9C=write_07d1_then_call_chain [logic]; pd:0xEFB9=clear_0ffd3_ff88_ffe1_bits_then_ffd0_2e [writer],kb5652a66acb4
0xFFE2,pd,DAT_EXTMEM,0xFFDF-0xFFE2,pd-001,14,14,0,0,0,0,2,0,2,no,,pd:0xA8AE=event_dispatch_ff80_ffe0 [dispatch]; pd:0xAE9C=write_07d1_then_call_chain [logic],kb5652a66acb4
